record_id,participant_id,role,period,system_blind_code,task_id,task_set,bloom_task_level,start_timestamp,end_timestamp,completion_seconds,participant_response,system_output_id_or_log_path,task_completed,protocol_deviation,missing_reason,include_in_primary_analysis,notes,completion_seconds_derived
1,P001,General_user,1,SYS-R4,A-L1-01,A,L1,2026-04-07 09:10:16,2026-04-07 09:11:19,,水；《内经》,logs/userstudy/P001/SYS-R4/A-L1-01.json,Y,N,,Y,,63.0
2,P001,General_user,1,SYS-R4,A-L1-02,A,L1,2026-04-07 09:11:40,2026-04-07 09:12:44,,甘；平,logs/userstudy/P001/SYS-R4/A-L1-02.json,Y,N,,Y,,64.0
3,P001,General_user,1,SYS-R4,A-L2-01,A,L2,2026-04-07 09:12:56,2026-04-07 09:14:33,,心（脏腑）；温（食性）；心（脏腑）,logs/userstudy/P001/SYS-R4/A-L2-01.json,Y,N,,Y,,97.0
4,P001,General_user,1,SYS-R4,A-L2-02,A,L2,2026-04-07 09:14:49,2026-04-07 09:16:25,,水（食材）；水（食材）；选用食料的方（食疗方）,logs/userstudy/P001/SYS-R4/A-L2-02.json,Y,N,,Y,,96.0
5,P001,General_user,1,SYS-R4,A-L3-02,A,L3,2026-04-07 09:16:39,2026-04-07 09:19:00,,然多食生痰桑饮 —usesCookingMethod→ 腌,logs/userstudy/P001/SYS-R4/A-L3-02.json,Y,N,,Y,,141.0
6,P001,General_user,1,SYS-R4,A-L3-01,A,L3,2026-04-07 09:19:13,2026-04-07 09:20:35,,瓜 —hasNature→ 平,logs/userstudy/P001/SYS-R4/A-L3-01.json,Y,N,,Y,,82.0
7,P001,General_user,1,SYS-R4,A-L4-01,A,L4,2026-04-07 09:20:59,2026-04-07 09:23:19,,证据更充分的关系为：睡乡散 —recordedInText→ 《饮食谱》；理由：论元与谓词位于同句或同一处方段落。,logs/userstudy/P001/SYS-R4/A-L4-01.json,Y,N,,Y,,140.0
8,P001,General_user,1,SYS-R4,A-L4-02,A,L4,2026-04-07 09:23:31,2026-04-07 09:26:04,,证据更充分的关系为：盐 —hasFlavor→ 甘；理由：论元与谓词位于同句或同一处方段落。,logs/userstudy/P001/SYS-R4/A-L4-02.json,Y,N,,Y,,153.0
9,P001,General_user,1,SYS-R4,A-L5-02,A,L5,2026-04-07 09:26:19,2026-04-07 09:29:14,,候选关系应按原文作用范围判断；本片段可保留：油 —hasNature→ 凉，跨段推断不应采纳。,logs/userstudy/P001/SYS-R4/A-L5-02.json,Y,N,,Y,,175.0
10,P001,General_user,1,SYS-R4,A-L5-01,A,L5,2026-04-07 09:29:22,2026-04-07 09:33:09,,候选关系应按原文作用范围判断；本片段可保留：水 —hasNature→ 寒，跨段推断不应采纳。,logs/userstudy/P001/SYS-R4/A-L5-01.json,Y,N,,Y,,227.0
11,P001,General_user,1,SYS-R4,A-L6-01,A,L6,2026-04-07 09:33:27,2026-04-07 09:36:28,,证据链：冻结原文 → 实体识别 → 油 —hasNature→ 大寒 → 上下文范围核验。,logs/userstudy/P001/SYS-R4/A-L6-01.json,Y,N,,Y,,181.0
12,P001,General_user,1,SYS-R4,A-L6-02,A,L6,2026-04-07 09:36:52,2026-04-07 09:40:18,,证据链：冻结原文 → 实体识别 → 水 —hasNature→ 凉 → 上下文范围核验。,logs/userstudy/P001/SYS-R4/A-L6-02.json,Y,N,,Y,,206.0
13,P001,General_user,2,SYS-T9,B-L1-01,B,L1,2026-04-07 10:00:36,2026-04-07 10:01:31,,温；消渴,logs/userstudy/P001/SYS-T9/B-L1-01.json,Y,N,,Y,,55.0
14,P001,General_user,2,SYS-T9,B-L1-02,B,L1,2026-04-07 10:01:39,2026-04-07 10:03:38,,盐；拌,logs/userstudy/P001/SYS-T9/B-L1-02.json,Y,N,,Y,,119.0
15,P001,General_user,2,SYS-T9,B-L2-01,B,L2,2026-04-07 10:03:52,2026-04-07 10:05:39,,《人世:间》（古籍来源）；《马蹄》（古籍来源）；或解作击散（食疗方）,logs/userstudy/P001/SYS-T9/B-L2-01.json,Y,N,,Y,,107.0
16,P001,General_user,2,SYS-T9,B-L2-02,B,L2,2026-04-07 10:05:59,2026-04-07 10:07:43,,油（食材）；水（食材）；水（食材）,logs/userstudy/P001/SYS-T9/B-L2-02.json,Y,N,,Y,,104.0
17,P001,General_user,2,SYS-T9,B-L3-02,B,L3,2026-04-07 10:07:57,2026-04-07 10:09:43,,内宫散 —containsIngredient→ 醋,logs/userstudy/P001/SYS-T9/B-L3-02.json,Y,N,,Y,,106.0
18,P001,General_user,2,SYS-T9,B-L3-01,B,L3,2026-04-07 10:10:06,2026-04-07 10:12:37,,倾向于认为候选关系成立，但未能给出完整证据链。,logs/userstudy/P001/SYS-T9/B-L3-01.json,Y,N,,Y,,151.0
19,P001,General_user,2,SYS-T9,B-L4-02,B,L4,2026-04-07 10:12:45,2026-04-07 10:15:25,,证据更充分的关系为：米 —hasFlavor→ 甘；理由：论元与谓词位于同句或同一处方段落。,logs/userstudy/P001/SYS-T9/B-L4-02.json,Y,N,,Y,,160.0
20,P001,General_user,2,SYS-T9,B-L4-01,B,L4,2026-04-07 10:15:39,2026-04-07 10:18:02,,证据更充分的关系为：水 —hasNature→ 平；理由：论元与谓词位于同句或同一处方段落。,logs/userstudy/P001/SYS-T9/B-L4-01.json,Y,N,,Y,,143.0
21,P001,General_user,2,SYS-T9,B-L5-02,B,L5,2026-04-07 10:18:18,2026-04-07 10:21:32,,候选关系应按原文作用范围判断；本片段可保留：水 —hasFlavor→ 涩，跨段推断不应采纳。,logs/userstudy/P001/SYS-T9/B-L5-02.json,Y,N,,Y,,194.0
22,P001,General_user,2,SYS-T9,B-L5-01,B,L5,2026-04-07 10:21:48,2026-04-07 10:25:45,,候选关系应按原文作用范围判断；本片段可保留：黄豆 —recordedInText→ 《摘录》，跨段推断不应采纳。,logs/userstudy/P001/SYS-T9/B-L5-01.json,Y,N,,Y,,237.0
23,P001,General_user,2,SYS-T9,B-L6-01,B,L6,2026-04-07 10:25:57,2026-04-07 10:30:21,,原文能确认相关实体，但关系方向和作用范围仍不够明确。,logs/userstudy/P001/SYS-T9/B-L6-01.json,Y,N,,Y,,264.0
24,P001,General_user,2,SYS-T9,B-L6-02,B,L6,2026-04-07 10:30:34,2026-04-07 10:34:51,,原文信息可能支持该结论，不过需要结合前后文进一步判断。,logs/userstudy/P001/SYS-T9/B-L6-02.json,Y,N,,Y,,257.0
25,P002,General_user,1,SYS-T9,B-L1-01,B,L1,2026-04-07 14:10:28,2026-04-07 14:12:24,,温；消渴,logs/userstudy/P002/SYS-T9/B-L1-01.json,Y,N,,Y,,116.0
26,P002,General_user,1,SYS-T9,B-L1-02,B,L1,2026-04-07 14:12:35,2026-04-07 14:13:59,,盐；拌,logs/userstudy/P002/SYS-T9/B-L1-02.json,Y,N,,Y,,84.0
27,P002,General_user,1,SYS-T9,B-L2-02,B,L2,2026-04-07 14:14:16,2026-04-07 14:16:47,,原文信息可能支持该结论，不过需要结合前后文进一步判断。,logs/userstudy/P002/SYS-T9/B-L2-02.json,Y,N,,Y,,151.0
28,P002,General_user,1,SYS-T9,B-L2-01,B,L2,2026-04-07 14:17:02,2026-04-07 14:19:14,,《人世:间》（古籍来源）；《马蹄》（古籍来源）；或解作击散（食疗方）,logs/userstudy/P002/SYS-T9/B-L2-01.json,Y,N,,Y,,132.0
29,P002,General_user,1,SYS-T9,B-L3-02,B,L3,2026-04-07 14:19:34,2026-04-07 14:22:30,,内宫散 —containsIngredient→ 醋,logs/userstudy/P002/SYS-T9/B-L3-02.json,Y,N,,Y,,176.0
30,P002,General_user,1,SYS-T9,B-L3-01,B,L3,2026-04-07 14:22:51,2026-04-07 14:25:23,,水 —hasEffect→ 清热,logs/userstudy/P002/SYS-T9/B-L3-01.json,Y,N,,Y,,152.0
31,P002,General_user,1,SYS-T9,B-L4-01,B,L4,2026-04-07 14:25:41,2026-04-07 14:28:59,,倾向于认为候选关系成立，但未能给出完整证据链。,logs/userstudy/P002/SYS-T9/B-L4-01.json,Y,N,,Y,,198.0
32,P002,General_user,1,SYS-T9,B-L4-02,B,L4,2026-04-07 14:29:22,2026-04-07 14:33:50,,证据更充分的关系为：米 —hasFlavor→ 甘；理由：论元与谓词位于同句或同一处方段落。,logs/userstudy/P002/SYS-T9/B-L4-02.json,Y,N,,Y,,268.0
33,P002,General_user,1,SYS-T9,B-L5-02,B,L5,2026-04-07 14:34:00,2026-04-07 14:37:08,,原文信息可能支持该结论，不过需要结合前后文进一步判断。,logs/userstudy/P002/SYS-T9/B-L5-02.json,Y,N,,Y,,188.0
34,P002,General_user,1,SYS-T9,B-L5-01,B,L5,2026-04-07 14:37:28,2026-04-07 14:41:21,,候选关系应按原文作用范围判断；本片段可保留：黄豆 —recordedInText→ 《摘录》，跨段推断不应采纳。,logs/userstudy/P002/SYS-T9/B-L5-01.json,Y,N,,Y,,233.0
35,P002,General_user,1,SYS-T9,B-L6-01,B,L6,2026-04-07 14:41:29,2026-04-07 14:44:57,,证据链：冻结原文 → 实体识别 → 酒 —hasNature→ 寒 → 上下文范围核验。,logs/userstudy/P002/SYS-T9/B-L6-01.json,Y,N,,Y,,208.0
36,P002,General_user,1,SYS-T9,B-L6-02,B,L6,2026-04-07 14:45:12,2026-04-07 14:49:04,,原文能确认相关实体，但关系方向和作用范围仍不够明确。,logs/userstudy/P002/SYS-T9/B-L6-02.json,Y,N,,Y,,232.0
37,P002,General_user,2,SYS-R4,A-L1-02,A,L1,2026-04-07 15:09:26,2026-04-07 15:10:17,,甘；平,logs/userstudy/P002/SYS-R4/A-L1-02.json,Y,N,,Y,,51.0
38,P002,General_user,2,SYS-R4,A-L1-01,A,L1,2026-04-07 15:10:33,2026-04-07 15:11:09,,水；《内经》,logs/userstudy/P002/SYS-R4/A-L1-01.json,Y,N,,Y,,36.0
39,P002,General_user,2,SYS-R4,A-L2-02,A,L2,2026-04-07 15:11:30,2026-04-07 15:12:49,,水（食材）；水（食材）；选用食料的方（食疗方）,logs/userstudy/P002/SYS-R4/A-L2-02.json,Y,N,,Y,,79.0
40,P002,General_user,2,SYS-R4,A-L2-01,A,L2,2026-04-07 15:12:57,2026-04-07 15:14:01,,心（脏腑）；温（食性）；心（脏腑）,logs/userstudy/P002/SYS-R4/A-L2-01.json,Y,N,,Y,,64.0
41,P002,General_user,2,SYS-R4,A-L3-02,A,L3,2026-04-07 15:14:20,2026-04-07 15:15:57,,然多食生痰桑饮 —usesCookingMethod→ 腌,logs/userstudy/P002/SYS-R4/A-L3-02.json,Y,N,,Y,,97.0
42,P002,General_user,2,SYS-R4,A-L3-01,A,L3,2026-04-07 15:16:10,2026-04-07 15:17:57,,瓜 —hasNature→ 平,logs/userstudy/P002/SYS-R4/A-L3-01.json,Y,N,,Y,,107.0
43,P002,General_user,2,SYS-R4,A-L4-01,A,L4,2026-04-07 15:18:19,2026-04-07 15:21:14,,证据更充分的关系为：睡乡散 —recordedInText→ 《饮食谱》；理由：论元与谓词位于同句或同一处方段落。,logs/userstudy/P002/SYS-R4/A-L4-01.json,Y,N,,Y,,175.0
44,P002,General_user,2,SYS-R4,A-L4-02,A,L4,2026-04-07 15:21:34,2026-04-07 15:23:32,,证据更充分的关系为：盐 —hasFlavor→ 甘；理由：论元与谓词位于同句或同一处方段落。,logs/userstudy/P002/SYS-R4/A-L4-02.json,Y,N,,Y,,118.0
45,P002,General_user,2,SYS-R4,A-L5-01,A,L5,2026-04-07 15:23:55,2026-04-07 15:27:14,,候选关系应按原文作用范围判断；本片段可保留：水 —hasNature→ 寒，跨段推断不应采纳。,logs/userstudy/P002/SYS-R4/A-L5-01.json,Y,N,,Y,,199.0
46,P002,General_user,2,SYS-R4,A-L5-02,A,L5,2026-04-07 15:27:23,2026-04-07 15:31:07,,候选关系应按原文作用范围判断；本片段可保留：油 —hasNature→ 凉，跨段推断不应采纳。,logs/userstudy/P002/SYS-R4/A-L5-02.json,Y,N,,Y,,224.0
47,P002,General_user,2,SYS-R4,A-L6-01,A,L6,2026-04-07 15:31:25,2026-04-07 15:33:51,,证据链：冻结原文 → 实体识别 → 油 —hasNature→ 大寒 → 上下文范围核验。,logs/userstudy/P002/SYS-R4/A-L6-01.json,Y,N,,Y,,146.0
48,P002,General_user,2,SYS-R4,A-L6-02,A,L6,2026-04-07 15:34:09,2026-04-07 15:38:36,,证据链：冻结原文 → 实体识别 → 水 —hasNature→ 凉 → 上下文范围核验。,logs/userstudy/P002/SYS-R4/A-L6-02.json,Y,N,,Y,,267.0
49,P003,General_user,1,SYS-R4,B-L1-02,B,L1,2026-04-08 09:20:11,2026-04-08 09:21:15,,盐；拌,logs/userstudy/P003/SYS-R4/B-L1-02.json,Y,N,,Y,,64.0
50,P003,General_user,1,SYS-R4,B-L1-01,B,L1,2026-04-08 09:21:31,2026-04-08 09:22:06,,温；消渴,logs/userstudy/P003/SYS-R4/B-L1-01.json,Y,N,,Y,,35.0
51,P003,General_user,1,SYS-R4,B-L2-02,B,L2,2026-04-08 09:22:17,2026-04-08 09:23:09,,油（食材）；水（食材）；水（食材）,logs/userstudy/P003/SYS-R4/B-L2-02.json,Y,N,,Y,,52.0
52,P003,General_user,1,SYS-R4,B-L2-01,B,L2,2026-04-08 09:23:17,2026-04-08 09:25:18,,《人世:间》（古籍来源）；《马蹄》（古籍来源）；或解作击散（食疗方）,logs/userstudy/P003/SYS-R4/B-L2-01.json,Y,N,,Y,,121.0
53,P003,General_user,1,SYS-R4,B-L3-01,B,L3,2026-04-08 09:25:43,2026-04-08 09:27:30,,水 —hasEffect→ 清热,logs/userstudy/P003/SYS-R4/B-L3-01.json,Y,N,,Y,,107.0
54,P003,General_user,1,SYS-R4,B-L3-02,B,L3,2026-04-08 09:27:44,2026-04-08 09:29:40,,内宫散 —containsIngredient→ 醋,logs/userstudy/P003/SYS-R4/B-L3-02.json,Y,N,,Y,,116.0
55,P003,General_user,1,SYS-R4,B-L4-01,B,L4,2026-04-08 09:29:54,2026-04-08 09:32:43,,证据更充分的关系为：水 —hasNature→ 平；理由：论元与谓词位于同句或同一处方段落。,logs/userstudy/P003/SYS-R4/B-L4-01.json,Y,N,,Y,,169.0
56,P003,General_user,1,SYS-R4,B-L4-02,B,L4,2026-04-08 09:32:58,2026-04-08 09:35:59,,倾向于认为候选关系成立，但未能给出完整证据链。,logs/userstudy/P003/SYS-R4/B-L4-02.json,Y,N,,Y,,181.0
57,P003,General_user,1,SYS-R4,B-L5-02,B,L5,2026-04-08 09:36:19,2026-04-08 09:39:39,,候选关系应按原文作用范围判断；本片段可保留：水 —hasFlavor→ 涩，跨段推断不应采纳。,logs/userstudy/P003/SYS-R4/B-L5-02.json,Y,N,,Y,,200.0
58,P003,General_user,1,SYS-R4,B-L5-01,B,L5,2026-04-08 09:39:55,2026-04-08 09:42:40,,候选关系应按原文作用范围判断；本片段可保留：黄豆 —recordedInText→ 《摘录》，跨段推断不应采纳。,logs/userstudy/P003/SYS-R4/B-L5-01.json,Y,N,,Y,,165.0
59,P003,General_user,1,SYS-R4,B-L6-02,B,L6,2026-04-08 09:42:58,2026-04-08 09:47:29,,未发现足够直接的谓词证据，暂不作确定判断。,logs/userstudy/P003/SYS-R4/B-L6-02.json,Y,N,,Y,,271.0
60,P003,General_user,1,SYS-R4,B-L6-01,B,L6,2026-04-08 09:47:40,2026-04-08 09:51:42,,证据链：冻结原文 → 实体识别 → 酒 —hasNature→ 寒 → 上下文范围核验。,logs/userstudy/P003/SYS-R4/B-L6-01.json,Y,N,,Y,,242.0
61,P003,General_user,2,SYS-T9,A-L1-01,A,L1,2026-04-08 10:12:02,2026-04-08 10:13:00,,未发现足够直接的谓词证据，暂不作确定判断。,logs/userstudy/P003/SYS-T9/A-L1-01.json,Y,N,,Y,,58.0
62,P003,General_user,2,SYS-T9,A-L1-02,A,L1,2026-04-08 10:13:22,2026-04-08 10:14:35,,甘；平,logs/userstudy/P003/SYS-T9/A-L1-02.json,Y,N,,Y,,73.0
63,P003,General_user,2,SYS-T9,A-L2-02,A,L2,2026-04-08 10:14:46,2026-04-08 10:15:48,,原文信息可能支持该结论，不过需要结合前后文进一步判断。,logs/userstudy/P003/SYS-T9/A-L2-02.json,Y,N,,Y,,62.0
64,P003,General_user,2,SYS-T9,A-L2-01,A,L2,2026-04-08 10:15:57,2026-04-08 10:18:35,,未发现足够直接的谓词证据，暂不作确定判断。,logs/userstudy/P003/SYS-T9/A-L2-01.json,Y,N,,Y,,158.0
65,P003,General_user,2,SYS-T9,A-L3-02,A,L3,2026-04-08 10:18:59,2026-04-08 10:21:19,,然多食生痰桑饮 —usesCookingMethod→ 腌,logs/userstudy/P003/SYS-T9/A-L3-02.json,Y,N,,Y,,140.0
66,P003,General_user,2,SYS-T9,A-L3-01,A,L3,2026-04-08 10:21:35,2026-04-08 10:24:19,,原文信息可能支持该结论，不过需要结合前后文进一步判断。,logs/userstudy/P003/SYS-T9/A-L3-01.json,Y,N,,Y,,164.0
67,P003,General_user,2,SYS-T9,A-L4-02,A,L4,2026-04-08 10:24:44,2026-04-08 10:28:19,,原文信息可能支持该结论，不过需要结合前后文进一步判断。,logs/userstudy/P003/SYS-T9/A-L4-02.json,Y,N,,Y,,215.0
68,P003,General_user,2,SYS-T9,A-L4-01,A,L4,2026-04-08 10:28:40,2026-04-08 10:32:30,,倾向于认为候选关系成立，但未能给出完整证据链。,logs/userstudy/P003/SYS-T9/A-L4-01.json,Y,N,,Y,,230.0
69,P003,General_user,2,SYS-T9,A-L5-01,A,L5,2026-04-08 10:32:45,2026-04-08 10:36:44,,候选关系应按原文作用范围判断；本片段可保留：水 —hasNature→ 寒，跨段推断不应采纳。,logs/userstudy/P003/SYS-T9/A-L5-01.json,Y,N,,Y,,239.0
70,P003,General_user,2,SYS-T9,A-L5-02,A,L5,2026-04-08 10:37:04,2026-04-08 10:41:20,,候选关系应按原文作用范围判断；本片段可保留：油 —hasNature→ 凉，跨段推断不应采纳。,logs/userstudy/P003/SYS-T9/A-L5-02.json,Y,N,,Y,,256.0
71,P003,General_user,2,SYS-T9,A-L6-02,A,L6,2026-04-08 10:41:45,2026-04-08 10:46:03,,证据链：冻结原文 → 实体识别 → 水 —hasNature→ 凉 → 上下文范围核验。,logs/userstudy/P003/SYS-T9/A-L6-02.json,Y,N,,Y,,258.0
72,P003,General_user,2,SYS-T9,A-L6-01,A,L6,2026-04-08 10:46:16,2026-04-08 10:51:24,,证据链：冻结原文 → 实体识别 → 油 —hasNature→ 大寒 → 上下文范围核验。,logs/userstudy/P003/SYS-T9/A-L6-01.json,Y,N,,Y,,308.0
73,P004,General_user,1,SYS-T9,A-L1-02,A,L1,2026-04-08 14:30:07,2026-04-08 14:31:25,,甘；平,logs/userstudy/P004/SYS-T9/A-L1-02.json,Y,N,,Y,,78.0
74,P004,General_user,1,SYS-T9,A-L1-01,A,L1,2026-04-08 14:31:41,2026-04-08 14:32:40,,水；《内经》,logs/userstudy/P004/SYS-T9/A-L1-01.json,Y,N,,Y,,59.0
75,P004,General_user,1,SYS-T9,A-L2-02,A,L2,2026-04-08 14:33:01,2026-04-08 14:35:17,,水（食材）；水（食材）；选用食料的方（食疗方）,logs/userstudy/P004/SYS-T9/A-L2-02.json,Y,N,,Y,,136.0
76,P004,General_user,1,SYS-T9,A-L2-01,A,L2,2026-04-08 14:35:30,2026-04-08 14:37:29,,心（脏腑）；温（食性）；心（脏腑）,logs/userstudy/P004/SYS-T9/A-L2-01.json,Y,N,,Y,,119.0
77,P004,General_user,1,SYS-T9,A-L3-02,A,L3,2026-04-08 14:37:54,2026-04-08 14:40:23,,然多食生痰桑饮 —usesCookingMethod→ 腌,logs/userstudy/P004/SYS-T9/A-L3-02.json,Y,N,,Y,,149.0
78,P004,General_user,1,SYS-T9,A-L3-01,A,L3,2026-04-08 14:40:36,2026-04-08 14:42:36,,瓜 —hasNature→ 平,logs/userstudy/P004/SYS-T9/A-L3-01.json,Y,N,,Y,,120.0
79,P004,General_user,1,SYS-T9,A-L4-01,A,L4,2026-04-08 14:42:57,2026-04-08 14:46:32,,证据更充分的关系为：睡乡散 —recordedInText→ 《饮食谱》；理由：论元与谓词位于同句或同一处方段落。,logs/userstudy/P004/SYS-T9/A-L4-01.json,Y,N,,Y,,215.0
80,P004,General_user,1,SYS-T9,A-L4-02,A,L4,2026-04-08 14:46:44,2026-04-08 14:49:56,,原文信息可能支持该结论，不过需要结合前后文进一步判断。,logs/userstudy/P004/SYS-T9/A-L4-02.json,Y,N,,Y,,192.0
81,P004,General_user,1,SYS-T9,A-L5-02,A,L5,2026-04-08 14:50:17,2026-04-08 14:54:15,,倾向于认为候选关系成立，但未能给出完整证据链。,logs/userstudy/P004/SYS-T9/A-L5-02.json,Y,N,,Y,,238.0
82,P004,General_user,1,SYS-T9,A-L5-01,A,L5,2026-04-08 14:54:38,2026-04-08 14:58:01,,未发现足够直接的谓词证据，暂不作确定判断。,logs/userstudy/P004/SYS-T9/A-L5-01.json,Y,N,,Y,,203.0
83,P004,General_user,1,SYS-T9,A-L6-02,A,L6,2026-04-08 14:58:25,2026-04-08 15:02:31,,原文能确认相关实体，但关系方向和作用范围仍不够明确。,logs/userstudy/P004/SYS-T9/A-L6-02.json,Y,N,,Y,,246.0
84,P004,General_user,1,SYS-T9,A-L6-01,A,L6,2026-04-08 15:02:44,2026-04-08 15:08:29,,原文能确认相关实体，但关系方向和作用范围仍不够明确。,logs/userstudy/P004/SYS-T9/A-L6-01.json,Y,N,,Y,,345.0
85,P004,General_user,2,SYS-R4,B-L1-01,B,L1,2026-04-08 15:28:43,2026-04-08 15:29:39,,温；消渴,logs/userstudy/P004/SYS-R4/B-L1-01.json,Y,N,,Y,,56.0
86,P004,General_user,2,SYS-R4,B-L1-02,B,L1,2026-04-08 15:29:52,2026-04-08 15:30:50,,盐；拌,logs/userstudy/P004/SYS-R4/B-L1-02.json,Y,N,,Y,,58.0
87,P004,General_user,2,SYS-R4,B-L2-02,B,L2,2026-04-08 15:31:02,2026-04-08 15:32:55,,油（食材）；水（食材）；水（食材）,logs/userstudy/P004/SYS-R4/B-L2-02.json,Y,N,,Y,,113.0
88,P004,General_user,2,SYS-R4,B-L2-01,B,L2,2026-04-08 15:33:04,2026-04-08 15:34:50,,《人世:间》（古籍来源）；《马蹄》（古籍来源）；或解作击散（食疗方）,logs/userstudy/P004/SYS-R4/B-L2-01.json,Y,N,,Y,,106.0
89,P004,General_user,2,SYS-R4,B-L3-01,B,L3,2026-04-08 15:35:15,2026-04-08 15:37:07,,水 —hasEffect→ 清热,logs/userstudy/P004/SYS-R4/B-L3-01.json,Y,N,,Y,,112.0
90,P004,General_user,2,SYS-R4,B-L3-02,B,L3,2026-04-08 15:37:15,2026-04-08 15:38:32,,内宫散 —containsIngredient→ 醋,logs/userstudy/P004/SYS-R4/B-L3-02.json,Y,N,,Y,,77.0
91,P004,General_user,2,SYS-R4,B-L4-02,B,L4,2026-04-08 15:38:49,2026-04-08 15:42:17,,证据更充分的关系为：米 —hasFlavor→ 甘；理由：论元与谓词位于同句或同一处方段落。,logs/userstudy/P004/SYS-R4/B-L4-02.json,Y,N,,Y,,208.0
92,P004,General_user,2,SYS-R4,B-L4-01,B,L4,2026-04-08 15:42:26,2026-04-08 15:44:48,,证据更充分的关系为：水 —hasNature→ 平；理由：论元与谓词位于同句或同一处方段落。,logs/userstudy/P004/SYS-R4/B-L4-01.json,Y,N,,Y,,142.0
93,P004,General_user,2,SYS-R4,B-L5-01,B,L5,2026-04-08 15:45:03,2026-04-08 15:48:40,,候选关系应按原文作用范围判断；本片段可保留：黄豆 —recordedInText→ 《摘录》，跨段推断不应采纳。,logs/userstudy/P004/SYS-R4/B-L5-01.json,Y,N,,Y,,217.0
94,P004,General_user,2,SYS-R4,B-L5-02,B,L5,2026-04-08 15:49:01,2026-04-08 15:52:27,,候选关系应按原文作用范围判断；本片段可保留：水 —hasFlavor→ 涩，跨段推断不应采纳。,logs/userstudy/P004/SYS-R4/B-L5-02.json,Y,N,,Y,,206.0
95,P004,General_user,2,SYS-R4,B-L6-02,B,L6,2026-04-08 15:52:49,2026-04-08 15:55:28,,未发现足够直接的谓词证据，暂不作确定判断。,logs/userstudy/P004/SYS-R4/B-L6-02.json,Y,N,,Y,,159.0
96,P004,General_user,2,SYS-R4,B-L6-01,B,L6,2026-04-08 15:55:47,2026-04-08 15:58:34,,证据链：冻结原文 → 实体识别 → 酒 —hasNature→ 寒 → 上下文范围核验。,logs/userstudy/P004/SYS-R4/B-L6-01.json,Y,N,,Y,,167.0
97,P005,General_user,1,SYS-R4,A-L1-02,A,L1,2026-04-09 09:20:33,2026-04-09 09:22:05,,甘；平,logs/userstudy/P005/SYS-R4/A-L1-02.json,Y,N,,Y,,92.0
98,P005,General_user,1,SYS-R4,A-L1-01,A,L1,2026-04-09 09:22:22,2026-04-09 09:23:03,,水；《内经》,logs/userstudy/P005/SYS-R4/A-L1-01.json,Y,N,,Y,,41.0
99,P005,General_user,1,SYS-R4,A-L2-01,A,L2,2026-04-09 09:23:27,2026-04-09 09:24:43,,心（脏腑）；温（食性）；心（脏腑）,logs/userstudy/P005/SYS-R4/A-L2-01.json,Y,N,,Y,,76.0
100,P005,General_user,1,SYS-R4,A-L2-02,A,L2,2026-04-09 09:25:07,2026-04-09 09:26:13,,水（食材）；水（食材）；选用食料的方（食疗方）,logs/userstudy/P005/SYS-R4/A-L2-02.json,Y,N,,Y,,66.0
101,P005,General_user,1,SYS-R4,A-L3-02,A,L3,2026-04-09 09:26:26,2026-04-09 09:28:43,,未发现足够直接的谓词证据，暂不作确定判断。,logs/userstudy/P005/SYS-R4/A-L3-02.json,Y,N,,Y,,137.0
102,P005,General_user,1,SYS-R4,A-L3-01,A,L3,2026-04-09 09:29:05,2026-04-09 09:30:59,,瓜 —hasNature→ 平,logs/userstudy/P005/SYS-R4/A-L3-01.json,Y,N,,Y,,114.0
103,P005,General_user,1,SYS-R4,A-L4-02,A,L4,2026-04-09 09:31:11,2026-04-09 09:33:47,,原文信息可能支持该结论，不过需要结合前后文进一步判断。,logs/userstudy/P005/SYS-R4/A-L4-02.json,Y,N,,Y,,156.0
104,P005,General_user,1,SYS-R4,A-L4-01,A,L4,2026-04-09 09:34:09,2026-04-09 09:36:43,,证据更充分的关系为：睡乡散 —recordedInText→ 《饮食谱》；理由：论元与谓词位于同句或同一处方段落。,logs/userstudy/P005/SYS-R4/A-L4-01.json,Y,N,,Y,,154.0
105,P005,General_user,1,SYS-R4,A-L5-02,A,L5,2026-04-09 09:36:59,2026-04-09 09:41:21,,候选关系应按原文作用范围判断；本片段可保留：油 —hasNature→ 凉，跨段推断不应采纳。,logs/userstudy/P005/SYS-R4/A-L5-02.json,Y,N,,Y,,262.0
106,P005,General_user,1,SYS-R4,A-L5-01,A,L5,2026-04-09 09:41:31,2026-04-09 09:44:51,,候选关系应按原文作用范围判断；本片段可保留：水 —hasNature→ 寒，跨段推断不应采纳。,logs/userstudy/P005/SYS-R4/A-L5-01.json,Y,N,,Y,,200.0
107,P005,General_user,1,SYS-R4,A-L6-01,A,L6,2026-04-09 09:45:07,2026-04-09 09:49:52,,证据链：冻结原文 → 实体识别 → 油 —hasNature→ 大寒 → 上下文范围核验。,logs/userstudy/P005/SYS-R4/A-L6-01.json,Y,N,,Y,,285.0
108,P005,General_user,1,SYS-R4,A-L6-02,A,L6,2026-04-09 09:50:14,2026-04-09 09:54:14,,倾向于认为候选关系成立，但未能给出完整证据链。,logs/userstudy/P005/SYS-R4/A-L6-02.json,Y,N,,Y,,240.0
109,P005,General_user,2,SYS-T9,B-L1-01,B,L1,2026-04-09 10:14:31,2026-04-09 10:16:16,,温；消渴,logs/userstudy/P005/SYS-T9/B-L1-01.json,Y,N,,Y,,105.0
110,P005,General_user,2,SYS-T9,B-L1-02,B,L1,2026-04-09 10:16:40,2026-04-09 10:18:05,,盐；拌,logs/userstudy/P005/SYS-T9/B-L1-02.json,Y,N,,Y,,85.0
111,P005,General_user,2,SYS-T9,B-L2-01,B,L2,2026-04-09 10:18:26,2026-04-09 10:20:28,,《人世:间》（古籍来源）；《马蹄》（古籍来源）；或解作击散（食疗方）,logs/userstudy/P005/SYS-T9/B-L2-01.json,Y,N,,Y,,122.0
112,P005,General_user,2,SYS-T9,B-L2-02,B,L2,2026-04-09 10:20:47,2026-04-09 10:22:30,,油（食材）；水（食材）；水（食材）,logs/userstudy/P005/SYS-T9/B-L2-02.json,Y,N,,Y,,103.0
113,P005,General_user,2,SYS-T9,B-L3-01,B,L3,2026-04-09 10:22:41,2026-04-09 10:25:45,,水 —hasEffect→ 清热,logs/userstudy/P005/SYS-T9/B-L3-01.json,Y,N,,Y,,184.0
114,P005,General_user,2,SYS-T9,B-L3-02,B,L3,2026-04-09 10:25:56,2026-04-09 10:29:00,,内宫散 —containsIngredient→ 醋,logs/userstudy/P005/SYS-T9/B-L3-02.json,Y,N,,Y,,184.0
115,P005,General_user,2,SYS-T9,B-L4-01,B,L4,2026-04-09 10:29:14,2026-04-09 10:31:28,,证据更充分的关系为：水 —hasNature→ 平；理由：论元与谓词位于同句或同一处方段落。,logs/userstudy/P005/SYS-T9/B-L4-01.json,Y,N,,Y,,134.0
116,P005,General_user,2,SYS-T9,B-L4-02,B,L4,2026-04-09 10:31:41,2026-04-09 10:34:27,,证据更充分的关系为：米 —hasFlavor→ 甘；理由：论元与谓词位于同句或同一处方段落。,logs/userstudy/P005/SYS-T9/B-L4-02.json,Y,N,,Y,,166.0
117,P005,General_user,2,SYS-T9,B-L5-01,B,L5,2026-04-09 10:34:51,2026-04-09 10:38:51,,未发现足够直接的谓词证据，暂不作确定判断。,logs/userstudy/P005/SYS-T9/B-L5-01.json,Y,N,,Y,,240.0
118,P005,General_user,2,SYS-T9,B-L5-02,B,L5,2026-04-09 10:39:03,2026-04-09 10:42:10,,原文能确认相关实体，但关系方向和作用范围仍不够明确。,logs/userstudy/P005/SYS-T9/B-L5-02.json,Y,N,,Y,,187.0
119,P005,General_user,2,SYS-T9,B-L6-02,B,L6,2026-04-09 10:42:18,2026-04-09 10:46:26,,证据链：冻结原文 → 实体识别 → 瓜 —hasNature→ 平 → 上下文范围核验。,logs/userstudy/P005/SYS-T9/B-L6-02.json,Y,N,,Y,,248.0
120,P005,General_user,2,SYS-T9,B-L6-01,B,L6,2026-04-09 10:46:40,2026-04-09 10:50:31,,未发现足够直接的谓词证据，暂不作确定判断。,logs/userstudy/P005/SYS-T9/B-L6-01.json,Y,N,,Y,,231.0
121,P007,General_user,1,SYS-T9,B-L1-02,B,L1,2026-04-09 14:00:16,2026-04-09 14:01:50,,倾向于认为候选关系成立，但未能给出完整证据链。,logs/userstudy/P007/SYS-T9/B-L1-02.json,Y,N,,Y,,94.0
122,P007,General_user,1,SYS-T9,B-L1-01,B,L1,2026-04-09 14:02:11,2026-04-09 14:03:29,,温；消渴,logs/userstudy/P007/SYS-T9/B-L1-01.json,Y,N,,Y,,78.0
123,P007,General_user,1,SYS-T9,B-L2-01,B,L2,2026-04-09 14:03:40,2026-04-09 14:05:48,,《人世:间》（古籍来源）；《马蹄》（古籍来源）；或解作击散（食疗方）,logs/userstudy/P007/SYS-T9/B-L2-01.json,Y,N,,Y,,128.0
124,P007,General_user,1,SYS-T9,B-L2-02,B,L2,2026-04-09 14:05:59,2026-04-09 14:07:28,,油（食材）；水（食材）；水（食材）,logs/userstudy/P007/SYS-T9/B-L2-02.json,Y,N,,Y,,89.0
125,P007,General_user,1,SYS-T9,B-L3-02,B,L3,2026-04-09 14:07:39,2026-04-09 14:09:39,,倾向于认为候选关系成立，但未能给出完整证据链。,logs/userstudy/P007/SYS-T9/B-L3-02.json,Y,N,,Y,,120.0
126,P007,General_user,1,SYS-T9,B-L3-01,B,L3,2026-04-09 14:09:50,2026-04-09 14:11:35,,水 —hasEffect→ 清热,logs/userstudy/P007/SYS-T9/B-L3-01.json,Y,N,,Y,,105.0
127,P007,General_user,1,SYS-T9,B-L4-02,B,L4,2026-04-09 14:11:52,2026-04-09 14:15:33,,倾向于认为候选关系成立，但未能给出完整证据链。,logs/userstudy/P007/SYS-T9/B-L4-02.json,Y,N,,Y,,221.0
128,P007,General_user,1,SYS-T9,B-L4-01,B,L4,2026-04-09 14:15:53,2026-04-09 14:19:12,,原文信息可能支持该结论，不过需要结合前后文进一步判断。,logs/userstudy/P007/SYS-T9/B-L4-01.json,Y,N,,Y,,199.0
129,P007,General_user,1,SYS-T9,B-L5-02,B,L5,2026-04-09 14:19:33,2026-04-09 14:24:18,,候选关系应按原文作用范围判断；本片段可保留：水 —hasFlavor→ 涩，跨段推断不应采纳。,logs/userstudy/P007/SYS-T9/B-L5-02.json,Y,N,,Y,,285.0
130,P007,General_user,1,SYS-T9,B-L5-01,B,L5,2026-04-09 14:24:40,2026-04-09 14:28:55,,原文能确认相关实体，但关系方向和作用范围仍不够明确。,logs/userstudy/P007/SYS-T9/B-L5-01.json,Y,N,,Y,,255.0
131,P007,General_user,1,SYS-T9,B-L6-02,B,L6,2026-04-09 14:29:05,2026-04-09 14:34:50,,证据链：冻结原文 → 实体识别 → 瓜 —hasNature→ 平 → 上下文范围核验。,logs/userstudy/P007/SYS-T9/B-L6-02.json,Y,N,,Y,,345.0
132,P007,General_user,1,SYS-T9,B-L6-01,B,L6,2026-04-09 14:35:13,2026-04-09 14:39:50,,证据链：冻结原文 → 实体识别 → 酒 —hasNature→ 寒 → 上下文范围核验。,logs/userstudy/P007/SYS-T9/B-L6-01.json,Y,N,,Y,,277.0
133,P007,General_user,2,SYS-R4,A-L1-02,A,L1,2026-04-09 15:00:10,2026-04-09 15:01:07,,甘；平,logs/userstudy/P007/SYS-R4/A-L1-02.json,Y,N,,Y,,57.0
134,P007,General_user,2,SYS-R4,A-L1-01,A,L1,2026-04-09 15:01:30,2026-04-09 15:03:32,,水；《内经》,logs/userstudy/P007/SYS-R4/A-L1-01.json,Y,N,,Y,,122.0
135,P007,General_user,2,SYS-R4,A-L2-01,A,L2,2026-04-09 15:03:57,2026-04-09 15:05:10,,心（脏腑）；温（食性）；心（脏腑）,logs/userstudy/P007/SYS-R4/A-L2-01.json,Y,N,,Y,,73.0
136,P007,General_user,2,SYS-R4,A-L2-02,A,L2,2026-04-09 15:05:21,2026-04-09 15:07:29,,水（食材）；水（食材）；选用食料的方（食疗方）,logs/userstudy/P007/SYS-R4/A-L2-02.json,Y,N,,Y,,128.0
137,P007,General_user,2,SYS-R4,A-L3-01,A,L3,2026-04-09 15:07:45,2026-04-09 15:09:46,,瓜 —hasNature→ 平,logs/userstudy/P007/SYS-R4/A-L3-01.json,Y,N,,Y,,121.0
138,P007,General_user,2,SYS-R4,A-L3-02,A,L3,2026-04-09 15:10:03,2026-04-09 15:12:06,,然多食生痰桑饮 —usesCookingMethod→ 腌,logs/userstudy/P007/SYS-R4/A-L3-02.json,Y,N,,Y,,123.0
139,P007,General_user,2,SYS-R4,A-L4-01,A,L4,2026-04-09 15:12:19,2026-04-09 15:14:26,,证据更充分的关系为：睡乡散 —recordedInText→ 《饮食谱》；理由：论元与谓词位于同句或同一处方段落。,logs/userstudy/P007/SYS-R4/A-L4-01.json,Y,N,,Y,,127.0
140,P007,General_user,2,SYS-R4,A-L4-02,A,L4,2026-04-09 15:14:34,2026-04-09 15:17:56,,证据更充分的关系为：盐 —hasFlavor→ 甘；理由：论元与谓词位于同句或同一处方段落。,logs/userstudy/P007/SYS-R4/A-L4-02.json,Y,N,,Y,,202.0
141,P007,General_user,2,SYS-R4,A-L5-01,A,L5,2026-04-09 15:18:04,2026-04-09 15:21:58,,未发现足够直接的谓词证据，暂不作确定判断。,logs/userstudy/P007/SYS-R4/A-L5-01.json,Y,N,,Y,,234.0
142,P007,General_user,2,SYS-R4,A-L5-02,A,L5,2026-04-09 15:22:15,2026-04-09 15:25:24,,候选关系应按原文作用范围判断；本片段可保留：油 —hasNature→ 凉，跨段推断不应采纳。,logs/userstudy/P007/SYS-R4/A-L5-02.json,Y,N,,Y,,189.0
143,P007,General_user,2,SYS-R4,A-L6-02,A,L6,2026-04-09 15:25:40,2026-04-09 15:29:24,,原文能确认相关实体，但关系方向和作用范围仍不够明确。,logs/userstudy/P007/SYS-R4/A-L6-02.json,Y,N,,Y,,224.0
144,P007,General_user,2,SYS-R4,A-L6-01,A,L6,2026-04-09 15:29:35,2026-04-09 15:34:00,,证据链：冻结原文 → 实体识别 → 油 —hasNature→ 大寒 → 上下文范围核验。,logs/userstudy/P007/SYS-R4/A-L6-01.json,Y,N,,Y,,265.0
145,P008,General_user,1,SYS-R4,B-L1-02,B,L1,2026-04-10 09:00:07,2026-04-10 09:00:42,,盐；拌,logs/userstudy/P008/SYS-R4/B-L1-02.json,Y,N,,Y,,35.0
146,P008,General_user,1,SYS-R4,B-L1-01,B,L1,2026-04-10 09:00:55,2026-04-10 09:01:30,,温；消渴,logs/userstudy/P008/SYS-R4/B-L1-01.json,Y,N,,Y,,35.0
147,P008,General_user,1,SYS-R4,B-L2-01,B,L2,2026-04-10 09:01:46,2026-04-10 09:03:13,,《人世:间》（古籍来源）；《马蹄》（古籍来源）；或解作击散（食疗方）,logs/userstudy/P008/SYS-R4/B-L2-01.json,Y,N,,Y,,87.0
148,P008,General_user,1,SYS-R4,B-L2-02,B,L2,2026-04-10 09:03:33,2026-04-10 09:04:13,,油（食材）；水（食材）；水（食材）,logs/userstudy/P008/SYS-R4/B-L2-02.json,Y,N,,Y,,40.0
149,P008,General_user,1,SYS-R4,B-L3-02,B,L3,2026-04-10 09:04:29,2026-04-10 09:05:38,,,logs/userstudy/P008/SYS-R4/B-L3-02.json,N,N,connection_interruption,N,页面在提交前短暂断开，未形成有效回答。,69.0
150,P008,General_user,1,SYS-R4,B-L3-01,B,L3,2026-04-10 09:05:56,2026-04-10 09:08:15,,水 —hasEffect→ 清热,logs/userstudy/P008/SYS-R4/B-L3-01.json,Y,N,,Y,,139.0
151,P008,General_user,1,SYS-R4,B-L4-01,B,L4,2026-04-10 09:08:30,2026-04-10 09:11:27,,倾向于认为候选关系成立，但未能给出完整证据链。,logs/userstudy/P008/SYS-R4/B-L4-01.json,Y,N,,Y,,177.0
152,P008,General_user,1,SYS-R4,B-L4-02,B,L4,2026-04-10 09:11:52,2026-04-10 09:14:59,,证据更充分的关系为：米 —hasFlavor→ 甘；理由：论元与谓词位于同句或同一处方段落。,logs/userstudy/P008/SYS-R4/B-L4-02.json,Y,N,,Y,,187.0
153,P008,General_user,1,SYS-R4,B-L5-01,B,L5,2026-04-10 09:15:17,2026-04-10 09:17:55,,候选关系应按原文作用范围判断；本片段可保留：黄豆 —recordedInText→ 《摘录》，跨段推断不应采纳。,logs/userstudy/P008/SYS-R4/B-L5-01.json,Y,N,,Y,,158.0
154,P008,General_user,1,SYS-R4,B-L5-02,B,L5,2026-04-10 09:18:03,2026-04-10 09:21:32,,倾向于认为候选关系成立，但未能给出完整证据链。,logs/userstudy/P008/SYS-R4/B-L5-02.json,Y,N,,Y,,209.0
155,P008,General_user,1,SYS-R4,B-L6-01,B,L6,2026-04-10 09:21:56,2026-04-10 09:25:33,,倾向于认为候选关系成立，但未能给出完整证据链。,logs/userstudy/P008/SYS-R4/B-L6-01.json,Y,N,,Y,,217.0
156,P008,General_user,1,SYS-R4,B-L6-02,B,L6,2026-04-10 09:25:49,2026-04-10 09:29:12,,证据链：冻结原文 → 实体识别 → 瓜 —hasNature→ 平 → 上下文范围核验。,logs/userstudy/P008/SYS-R4/B-L6-02.json,Y,N,,Y,,203.0
157,P008,General_user,2,SYS-T9,A-L1-02,A,L1,2026-04-10 09:49:30,2026-04-10 09:50:57,,甘；平,logs/userstudy/P008/SYS-T9/A-L1-02.json,Y,N,,Y,,87.0
158,P008,General_user,2,SYS-T9,A-L1-01,A,L1,2026-04-10 09:51:19,2026-04-10 09:52:59,,水；《内经》,logs/userstudy/P008/SYS-T9/A-L1-01.json,Y,N,,Y,,100.0
159,P008,General_user,2,SYS-T9,A-L2-02,A,L2,2026-04-10 09:53:19,2026-04-10 09:55:23,,原文信息可能支持该结论，不过需要结合前后文进一步判断。,logs/userstudy/P008/SYS-T9/A-L2-02.json,Y,N,,Y,,124.0
160,P008,General_user,2,SYS-T9,A-L2-01,A,L2,2026-04-10 09:55:35,2026-04-10 09:57:54,,心（脏腑）；温（食性）；心（脏腑）,logs/userstudy/P008/SYS-T9/A-L2-01.json,Y,N,,Y,,139.0
161,P008,General_user,2,SYS-T9,A-L3-01,A,L3,2026-04-10 09:58:12,2026-04-10 10:00:12,,原文能确认相关实体，但关系方向和作用范围仍不够明确。,logs/userstudy/P008/SYS-T9/A-L3-01.json,Y,N,,Y,,120.0
162,P008,General_user,2,SYS-T9,A-L3-02,A,L3,2026-04-10 10:00:35,2026-04-10 10:03:16,,然多食生痰桑饮 —usesCookingMethod→ 腌,logs/userstudy/P008/SYS-T9/A-L3-02.json,Y,N,,Y,,161.0
163,P008,General_user,2,SYS-T9,A-L4-02,A,L4,2026-04-10 10:03:37,2026-04-10 10:06:57,,证据更充分的关系为：盐 —hasFlavor→ 甘；理由：论元与谓词位于同句或同一处方段落。,logs/userstudy/P008/SYS-T9/A-L4-02.json,Y,N,,Y,,200.0
164,P008,General_user,2,SYS-T9,A-L4-01,A,L4,2026-04-10 10:07:09,2026-04-10 10:10:23,,证据更充分的关系为：睡乡散 —recordedInText→ 《饮食谱》；理由：论元与谓词位于同句或同一处方段落。,logs/userstudy/P008/SYS-T9/A-L4-01.json,Y,N,,Y,,194.0
165,P008,General_user,2,SYS-T9,A-L5-01,A,L5,2026-04-10 10:10:47,2026-04-10 10:15:47,,候选关系应按原文作用范围判断；本片段可保留：水 —hasNature→ 寒，跨段推断不应采纳。,logs/userstudy/P008/SYS-T9/A-L5-01.json,Y,N,,Y,,300.0
166,P008,General_user,2,SYS-T9,A-L5-02,A,L5,2026-04-10 10:16:02,2026-04-10 10:19:27,,候选关系应按原文作用范围判断；本片段可保留：油 —hasNature→ 凉，跨段推断不应采纳。,logs/userstudy/P008/SYS-T9/A-L5-02.json,Y,N,,Y,,205.0
167,P008,General_user,2,SYS-T9,A-L6-01,A,L6,2026-04-10 10:19:36,2026-04-10 10:22:48,,证据链：冻结原文 → 实体识别 → 油 —hasNature→ 大寒 → 上下文范围核验。,logs/userstudy/P008/SYS-T9/A-L6-01.json,Y,N,,Y,,192.0
168,P008,General_user,2,SYS-T9,A-L6-02,A,L6,2026-04-10 10:23:11,2026-04-10 10:27:13,,未发现足够直接的谓词证据，暂不作确定判断。,logs/userstudy/P008/SYS-T9/A-L6-02.json,Y,N,,Y,,242.0
169,P009,General_user,1,SYS-T9,A-L1-01,A,L1,2026-04-10 14:10:17,2026-04-10 14:11:18,,水；《内经》,logs/userstudy/P009/SYS-T9/A-L1-01.json,Y,N,,Y,,61.0
170,P009,General_user,1,SYS-T9,A-L1-02,A,L1,2026-04-10 14:11:37,2026-04-10 14:12:57,,甘；平,logs/userstudy/P009/SYS-T9/A-L1-02.json,Y,N,,Y,,80.0
171,P009,General_user,1,SYS-T9,A-L2-02,A,L2,2026-04-10 14:13:05,2026-04-10 14:15:22,,水（食材）；水（食材）；选用食料的方（食疗方）,logs/userstudy/P009/SYS-T9/A-L2-02.json,Y,N,,Y,,137.0
172,P009,General_user,1,SYS-T9,A-L2-01,A,L2,2026-04-10 14:15:31,2026-04-10 14:17:21,,心（脏腑）；温（食性）；心（脏腑）,logs/userstudy/P009/SYS-T9/A-L2-01.json,Y,N,,Y,,110.0
173,P009,General_user,1,SYS-T9,A-L3-01,A,L3,2026-04-10 14:17:39,2026-04-10 14:19:28,,瓜 —hasNature→ 平,logs/userstudy/P009/SYS-T9/A-L3-01.json,Y,N,,Y,,109.0
174,P009,General_user,1,SYS-T9,A-L3-02,A,L3,2026-04-10 14:19:49,2026-04-10 14:22:22,,然多食生痰桑饮 —usesCookingMethod→ 腌,logs/userstudy/P009/SYS-T9/A-L3-02.json,Y,N,,Y,,153.0
175,P009,General_user,1,SYS-T9,A-L4-01,A,L4,2026-04-10 14:22:40,2026-04-10 14:25:44,,未发现足够直接的谓词证据，暂不作确定判断。,logs/userstudy/P009/SYS-T9/A-L4-01.json,Y,N,,Y,,184.0
176,P009,General_user,1,SYS-T9,A-L4-02,A,L4,2026-04-10 14:26:08,2026-04-10 14:28:38,,证据更充分的关系为：盐 —hasFlavor→ 甘；理由：论元与谓词位于同句或同一处方段落。,logs/userstudy/P009/SYS-T9/A-L4-02.json,Y,N,,Y,,150.0
177,P009,General_user,1,SYS-T9,A-L5-02,A,L5,2026-04-10 14:28:48,2026-04-10 14:32:54,,候选关系应按原文作用范围判断；本片段可保留：油 —hasNature→ 凉，跨段推断不应采纳。,logs/userstudy/P009/SYS-T9/A-L5-02.json,Y,N,,Y,,246.0
178,P009,General_user,1,SYS-T9,A-L5-01,A,L5,2026-04-10 14:33:05,2026-04-10 14:36:42,,候选关系应按原文作用范围判断；本片段可保留：水 —hasNature→ 寒，跨段推断不应采纳。,logs/userstudy/P009/SYS-T9/A-L5-01.json,Y,N,,Y,,217.0
179,P009,General_user,1,SYS-T9,A-L6-01,A,L6,2026-04-10 14:36:58,2026-04-10 14:40:46,,未发现足够直接的谓词证据，暂不作确定判断。,logs/userstudy/P009/SYS-T9/A-L6-01.json,Y,N,,Y,,228.0
180,P009,General_user,1,SYS-T9,A-L6-02,A,L6,2026-04-10 14:41:07,2026-04-10 14:44:37,,证据链：冻结原文 → 实体识别 → 水 —hasNature→ 凉 → 上下文范围核验。,logs/userstudy/P009/SYS-T9/A-L6-02.json,Y,N,,Y,,210.0
181,P009,General_user,2,SYS-R4,B-L1-01,B,L1,2026-04-10 15:04:51,2026-04-10 15:06:38,,温；消渴,logs/userstudy/P009/SYS-R4/B-L1-01.json,Y,N,,Y,,107.0
182,P009,General_user,2,SYS-R4,B-L1-02,B,L1,2026-04-10 15:06:49,2026-04-10 15:07:48,,盐；拌,logs/userstudy/P009/SYS-R4/B-L1-02.json,Y,N,,Y,,59.0
183,P009,General_user,2,SYS-R4,B-L2-02,B,L2,2026-04-10 15:08:09,2026-04-10 15:09:52,,油（食材）；水（食材）；水（食材）,logs/userstudy/P009/SYS-R4/B-L2-02.json,Y,N,,Y,,103.0
184,P009,General_user,2,SYS-R4,B-L2-01,B,L2,2026-04-10 15:10:10,2026-04-10 15:10:45,,《人世:间》（古籍来源）；《马蹄》（古籍来源）；或解作击散（食疗方）,logs/userstudy/P009/SYS-R4/B-L2-01.json,Y,N,,Y,,35.0
185,P009,General_user,2,SYS-R4,B-L3-02,B,L3,2026-04-10 15:11:10,2026-04-10 15:12:27,,内宫散 —containsIngredient→ 醋,logs/userstudy/P009/SYS-R4/B-L3-02.json,Y,N,,Y,,77.0
186,P009,General_user,2,SYS-R4,B-L3-01,B,L3,2026-04-10 15:12:35,2026-04-10 15:14:40,,水 —hasEffect→ 清热,logs/userstudy/P009/SYS-R4/B-L3-01.json,Y,N,,Y,,125.0
187,P009,General_user,2,SYS-R4,B-L4-01,B,L4,2026-04-10 15:15:03,2026-04-10 15:17:52,,证据更充分的关系为：水 —hasNature→ 平；理由：论元与谓词位于同句或同一处方段落。,logs/userstudy/P009/SYS-R4/B-L4-01.json,Y,N,,Y,,169.0
188,P009,General_user,2,SYS-R4,B-L4-02,B,L4,2026-04-10 15:18:08,2026-04-10 15:21:07,,倾向于认为候选关系成立，但未能给出完整证据链。,logs/userstudy/P009/SYS-R4/B-L4-02.json,Y,N,,Y,,179.0
189,P009,General_user,2,SYS-R4,B-L5-02,B,L5,2026-04-10 15:21:16,2026-04-10 15:24:15,,倾向于认为候选关系成立，但未能给出完整证据链。,logs/userstudy/P009/SYS-R4/B-L5-02.json,Y,N,,Y,,179.0
190,P009,General_user,2,SYS-R4,B-L5-01,B,L5,2026-04-10 15:24:40,2026-04-10 15:27:40,,候选关系应按原文作用范围判断；本片段可保留：黄豆 —recordedInText→ 《摘录》，跨段推断不应采纳。,logs/userstudy/P009/SYS-R4/B-L5-01.json,Y,N,,Y,,180.0
191,P009,General_user,2,SYS-R4,B-L6-02,B,L6,2026-04-10 15:27:52,2026-04-10 15:31:30,,证据链：冻结原文 → 实体识别 → 瓜 —hasNature→ 平 → 上下文范围核验。,logs/userstudy/P009/SYS-R4/B-L6-02.json,Y,N,,Y,,218.0
192,P009,General_user,2,SYS-R4,B-L6-01,B,L6,2026-04-10 15:31:41,2026-04-10 15:34:27,,证据链：冻结原文 → 实体识别 → 酒 —hasNature→ 寒 → 上下文范围核验。,logs/userstudy/P009/SYS-R4/B-L6-01.json,Y,N,,Y,,166.0
193,P010,General_user,1,SYS-R4,A-L1-01,A,L1,2026-04-13 09:10:24,2026-04-13 09:11:24,,水；《内经》,logs/userstudy/P010/SYS-R4/A-L1-01.json,Y,N,,Y,,60.0
194,P010,General_user,1,SYS-R4,A-L1-02,A,L1,2026-04-13 09:11:43,2026-04-13 09:12:49,,甘；平,logs/userstudy/P010/SYS-R4/A-L1-02.json,Y,N,,Y,,66.0
195,P010,General_user,1,SYS-R4,A-L2-02,A,L2,2026-04-13 09:13:07,2026-04-13 09:14:42,,水（食材）；水（食材）；选用食料的方（食疗方）,logs/userstudy/P010/SYS-R4/A-L2-02.json,Y,N,,Y,,95.0
196,P010,General_user,1,SYS-R4,A-L2-01,A,L2,2026-04-13 09:14:58,2026-04-13 09:16:35,,心（脏腑）；温（食性）；心（脏腑）,logs/userstudy/P010/SYS-R4/A-L2-01.json,Y,N,,Y,,97.0
197,P010,General_user,1,SYS-R4,A-L3-02,A,L3,2026-04-13 09:17:00,2026-04-13 09:18:28,,倾向于认为候选关系成立，但未能给出完整证据链。,logs/userstudy/P010/SYS-R4/A-L3-02.json,Y,N,,Y,,88.0
198,P010,General_user,1,SYS-R4,A-L3-01,A,L3,2026-04-13 09:18:40,2026-04-13 09:20:37,,瓜 —hasNature→ 平,logs/userstudy/P010/SYS-R4/A-L3-01.json,Y,N,,Y,,117.0
199,P010,General_user,1,SYS-R4,A-L4-01,A,L4,2026-04-13 09:20:50,2026-04-13 09:23:43,,证据更充分的关系为：睡乡散 —recordedInText→ 《饮食谱》；理由：论元与谓词位于同句或同一处方段落。,logs/userstudy/P010/SYS-R4/A-L4-01.json,Y,N,,Y,,173.0
200,P010,General_user,1,SYS-R4,A-L4-02,A,L4,2026-04-13 09:24:01,2026-04-13 09:27:02,,证据更充分的关系为：盐 —hasFlavor→ 甘；理由：论元与谓词位于同句或同一处方段落。,logs/userstudy/P010/SYS-R4/A-L4-02.json,Y,N,,Y,,181.0
201,P010,General_user,1,SYS-R4,A-L5-02,A,L5,2026-04-13 09:27:25,2026-04-13 09:31:01,,候选关系应按原文作用范围判断；本片段可保留：油 —hasNature→ 凉，跨段推断不应采纳。,logs/userstudy/P010/SYS-R4/A-L5-02.json,Y,N,,Y,,216.0
202,P010,General_user,1,SYS-R4,A-L5-01,A,L5,2026-04-13 09:31:11,2026-04-13 09:34:57,,原文信息可能支持该结论，不过需要结合前后文进一步判断。,logs/userstudy/P010/SYS-R4/A-L5-01.json,Y,N,,Y,,226.0
203,P010,General_user,1,SYS-R4,A-L6-01,A,L6,2026-04-13 09:35:14,2026-04-13 09:38:22,,证据链：冻结原文 → 实体识别 → 油 —hasNature→ 大寒 → 上下文范围核验。,logs/userstudy/P010/SYS-R4/A-L6-01.json,Y,N,,Y,,188.0
204,P010,General_user,1,SYS-R4,A-L6-02,A,L6,2026-04-13 09:38:46,2026-04-13 09:42:07,,倾向于认为候选关系成立，但未能给出完整证据链。,logs/userstudy/P010/SYS-R4/A-L6-02.json,Y,N,,Y,,201.0
205,P010,General_user,2,SYS-T9,B-L1-01,B,L1,2026-04-13 10:02:20,2026-04-13 10:04:01,,温；消渴,logs/userstudy/P010/SYS-T9/B-L1-01.json,Y,N,,Y,,101.0
206,P010,General_user,2,SYS-T9,B-L1-02,B,L1,2026-04-13 10:04:14,2026-04-13 10:05:18,,盐；拌,logs/userstudy/P010/SYS-T9/B-L1-02.json,Y,N,,Y,,64.0
207,P010,General_user,2,SYS-T9,B-L2-01,B,L2,2026-04-13 10:05:40,2026-04-13 10:07:36,,《人世:间》（古籍来源）；《马蹄》（古籍来源）；或解作击散（食疗方）,logs/userstudy/P010/SYS-T9/B-L2-01.json,Y,N,,Y,,116.0
208,P010,General_user,2,SYS-T9,B-L2-02,B,L2,2026-04-13 10:07:55,2026-04-13 10:09:21,,油（食材）；水（食材）；水（食材）,logs/userstudy/P010/SYS-T9/B-L2-02.json,Y,N,,Y,,86.0
209,P010,General_user,2,SYS-T9,B-L3-02,B,L3,2026-04-13 10:09:37,2026-04-13 10:12:07,,内宫散 —containsIngredient→ 醋,logs/userstudy/P010/SYS-T9/B-L3-02.json,Y,N,,Y,,150.0
210,P010,General_user,2,SYS-T9,B-L3-01,B,L3,2026-04-13 10:12:21,2026-04-13 10:14:40,,水 —hasEffect→ 清热,logs/userstudy/P010/SYS-T9/B-L3-01.json,Y,N,,Y,,139.0
211,P010,General_user,2,SYS-T9,B-L4-02,B,L4,2026-04-13 10:14:59,2026-04-13 10:18:28,,证据更充分的关系为：米 —hasFlavor→ 甘；理由：论元与谓词位于同句或同一处方段落。,logs/userstudy/P010/SYS-T9/B-L4-02.json,Y,N,,Y,,209.0
212,P010,General_user,2,SYS-T9,B-L4-01,B,L4,2026-04-13 10:18:39,2026-04-13 10:22:22,,原文信息可能支持该结论，不过需要结合前后文进一步判断。,logs/userstudy/P010/SYS-T9/B-L4-01.json,Y,N,,Y,,223.0
213,P010,General_user,2,SYS-T9,B-L5-02,B,L5,2026-04-13 10:22:37,2026-04-13 10:26:51,,候选关系应按原文作用范围判断；本片段可保留：水 —hasFlavor→ 涩，跨段推断不应采纳。,logs/userstudy/P010/SYS-T9/B-L5-02.json,Y,N,,Y,,254.0
214,P010,General_user,2,SYS-T9,B-L5-01,B,L5,2026-04-13 10:27:05,2026-04-13 10:30:08,,倾向于认为候选关系成立，但未能给出完整证据链。,logs/userstudy/P010/SYS-T9/B-L5-01.json,Y,N,,Y,,183.0
215,P010,General_user,2,SYS-T9,B-L6-02,B,L6,2026-04-13 10:30:20,2026-04-13 10:36:39,,未发现足够直接的谓词证据，暂不作确定判断。,logs/userstudy/P010/SYS-T9/B-L6-02.json,Y,N,,Y,,379.0
216,P010,General_user,2,SYS-T9,B-L6-01,B,L6,2026-04-13 10:36:51,2026-04-13 10:41:37,,倾向于认为候选关系成立，但未能给出完整证据链。,logs/userstudy/P010/SYS-T9/B-L6-01.json,Y,N,,Y,,286.0
217,P011,General_user,1,SYS-T9,B-L1-01,B,L1,2026-04-13 14:00:19,2026-04-13 14:02:19,,温；消渴,logs/userstudy/P011/SYS-T9/B-L1-01.json,Y,N,,Y,,120.0
218,P011,General_user,1,SYS-T9,B-L1-02,B,L1,2026-04-13 14:02:35,2026-04-13 14:04:13,,盐；拌,logs/userstudy/P011/SYS-T9/B-L1-02.json,Y,N,,Y,,98.0
219,P011,General_user,1,SYS-T9,B-L2-02,B,L2,2026-04-13 14:04:22,2026-04-13 14:06:57,,油（食材）；水（食材）；水（食材）,logs/userstudy/P011/SYS-T9/B-L2-02.json,Y,N,,Y,,155.0
220,P011,General_user,1,SYS-T9,B-L2-01,B,L2,2026-04-13 14:07:17,2026-04-13 14:09:13,,《人世:间》（古籍来源）；《马蹄》（古籍来源）；或解作击散（食疗方）,logs/userstudy/P011/SYS-T9/B-L2-01.json,Y,N,,Y,,116.0
221,P011,General_user,1,SYS-T9,B-L3-01,B,L3,2026-04-13 14:09:27,2026-04-13 14:11:49,,水 —hasEffect→ 清热,logs/userstudy/P011/SYS-T9/B-L3-01.json,Y,N,,Y,,142.0
222,P011,General_user,1,SYS-T9,B-L3-02,B,L3,2026-04-13 14:12:09,2026-04-13 14:14:35,,未发现足够直接的谓词证据，暂不作确定判断。,logs/userstudy/P011/SYS-T9/B-L3-02.json,Y,N,,Y,,146.0
223,P011,General_user,1,SYS-T9,B-L4-01,B,L4,2026-04-13 14:14:52,2026-04-13 14:17:47,,未发现足够直接的谓词证据，暂不作确定判断。,logs/userstudy/P011/SYS-T9/B-L4-01.json,Y,N,,Y,,175.0
224,P011,General_user,1,SYS-T9,B-L4-02,B,L4,2026-04-13 14:17:58,2026-04-13 14:20:52,,原文能确认相关实体，但关系方向和作用范围仍不够明确。,logs/userstudy/P011/SYS-T9/B-L4-02.json,Y,N,,Y,,174.0
225,P011,General_user,1,SYS-T9,B-L5-01,B,L5,2026-04-13 14:21:14,2026-04-13 14:25:39,,候选关系应按原文作用范围判断；本片段可保留：黄豆 —recordedInText→ 《摘录》，跨段推断不应采纳。,logs/userstudy/P011/SYS-T9/B-L5-01.json,Y,N,,Y,,265.0
226,P011,General_user,1,SYS-T9,B-L5-02,B,L5,2026-04-13 14:25:58,2026-04-13 14:30:13,,未发现足够直接的谓词证据，暂不作确定判断。,logs/userstudy/P011/SYS-T9/B-L5-02.json,Y,N,,Y,,255.0
227,P011,General_user,1,SYS-T9,B-L6-02,B,L6,2026-04-13 14:30:32,2026-04-13 14:35:07,,原文信息可能支持该结论，不过需要结合前后文进一步判断。,logs/userstudy/P011/SYS-T9/B-L6-02.json,Y,N,,Y,,275.0
228,P011,General_user,1,SYS-T9,B-L6-01,B,L6,2026-04-13 14:35:18,2026-04-13 14:39:43,,证据链：冻结原文 → 实体识别 → 酒 —hasNature→ 寒 → 上下文范围核验。,logs/userstudy/P011/SYS-T9/B-L6-01.json,Y,N,,Y,,265.0
229,P011,General_user,2,SYS-R4,A-L1-02,A,L1,2026-04-13 14:59:57,2026-04-13 15:01:03,,甘；平,logs/userstudy/P011/SYS-R4/A-L1-02.json,Y,N,,Y,,66.0
230,P011,General_user,2,SYS-R4,A-L1-01,A,L1,2026-04-13 15:01:26,2026-04-13 15:02:13,,水；《内经》,logs/userstudy/P011/SYS-R4/A-L1-01.json,Y,N,,Y,,47.0
231,P011,General_user,2,SYS-R4,A-L2-01,A,L2,2026-04-13 15:02:30,2026-04-13 15:03:34,,心（脏腑）；温（食性）；心（脏腑）,logs/userstudy/P011/SYS-R4/A-L2-01.json,Y,N,,Y,,64.0
232,P011,General_user,2,SYS-R4,A-L2-02,A,L2,2026-04-13 15:03:59,2026-04-13 15:05:17,,水（食材）；水（食材）；选用食料的方（食疗方）,logs/userstudy/P011/SYS-R4/A-L2-02.json,Y,N,,Y,,78.0
233,P011,General_user,2,SYS-R4,A-L3-01,A,L3,2026-04-13 15:05:36,2026-04-13 15:08:19,,瓜 —hasNature→ 平,logs/userstudy/P011/SYS-R4/A-L3-01.json,Y,N,,Y,,163.0
234,P011,General_user,2,SYS-R4,A-L3-02,A,L3,2026-04-13 15:08:33,2026-04-13 15:11:16,,然多食生痰桑饮 —usesCookingMethod→ 腌,logs/userstudy/P011/SYS-R4/A-L3-02.json,Y,N,,Y,,163.0
235,P011,General_user,2,SYS-R4,A-L4-01,A,L4,2026-04-13 15:11:35,2026-04-13 15:14:20,,原文能确认相关实体，但关系方向和作用范围仍不够明确。,logs/userstudy/P011/SYS-R4/A-L4-01.json,Y,N,,Y,,165.0
236,P011,General_user,2,SYS-R4,A-L4-02,A,L4,2026-04-13 15:14:30,2026-04-13 15:17:30,,证据更充分的关系为：盐 —hasFlavor→ 甘；理由：论元与谓词位于同句或同一处方段落。,logs/userstudy/P011/SYS-R4/A-L4-02.json,Y,N,,Y,,180.0
237,P011,General_user,2,SYS-R4,A-L5-02,A,L5,2026-04-13 15:17:40,2026-04-13 15:20:46,,原文能确认相关实体，但关系方向和作用范围仍不够明确。,logs/userstudy/P011/SYS-R4/A-L5-02.json,Y,N,,Y,,186.0
238,P011,General_user,2,SYS-R4,A-L5-01,A,L5,2026-04-13 15:21:11,2026-04-13 15:25:17,,原文信息可能支持该结论，不过需要结合前后文进一步判断。,logs/userstudy/P011/SYS-R4/A-L5-01.json,Y,N,,Y,,246.0
239,P011,General_user,2,SYS-R4,A-L6-01,A,L6,2026-04-13 15:25:39,2026-04-13 15:29:50,,证据链：冻结原文 → 实体识别 → 油 —hasNature→ 大寒 → 上下文范围核验。,logs/userstudy/P011/SYS-R4/A-L6-01.json,Y,N,,Y,,251.0
240,P011,General_user,2,SYS-R4,A-L6-02,A,L6,2026-04-13 15:30:13,2026-04-13 15:34:46,,证据链：冻结原文 → 实体识别 → 水 —hasNature→ 凉 → 上下文范围核验。,logs/userstudy/P011/SYS-R4/A-L6-02.json,Y,N,,Y,,273.0
241,P012,General_user,1,SYS-R4,B-L1-01,B,L1,2026-04-13 09:30:21,2026-04-13 09:31:23,,原文能确认相关实体，但关系方向和作用范围仍不够明确。,logs/userstudy/P012/SYS-R4/B-L1-01.json,Y,N,,Y,,62.0
242,P012,General_user,1,SYS-R4,B-L1-02,B,L1,2026-04-13 09:31:45,2026-04-13 09:32:47,,盐；拌,logs/userstudy/P012/SYS-R4/B-L1-02.json,Y,N,,Y,,62.0
243,P012,General_user,1,SYS-R4,B-L2-02,B,L2,2026-04-13 09:32:59,2026-04-13 09:34:22,,油（食材）；水（食材）；水（食材）,logs/userstudy/P012/SYS-R4/B-L2-02.json,Y,N,,Y,,83.0
244,P012,General_user,1,SYS-R4,B-L2-01,B,L2,2026-04-13 09:34:40,2026-04-13 09:35:57,,《人世:间》（古籍来源）；《马蹄》（古籍来源）；或解作击散（食疗方）,logs/userstudy/P012/SYS-R4/B-L2-01.json,Y,N,,Y,,77.0
245,P012,General_user,1,SYS-R4,B-L3-02,B,L3,2026-04-13 09:36:08,2026-04-13 09:37:56,,原文能确认相关实体，但关系方向和作用范围仍不够明确。,logs/userstudy/P012/SYS-R4/B-L3-02.json,Y,N,,Y,,108.0
246,P012,General_user,1,SYS-R4,B-L3-01,B,L3,2026-04-13 09:38:14,2026-04-13 09:40:07,,水 —hasEffect→ 清热,logs/userstudy/P012/SYS-R4/B-L3-01.json,Y,N,,Y,,113.0
247,P012,General_user,1,SYS-R4,B-L4-01,B,L4,2026-04-13 09:40:17,2026-04-13 09:42:37,,证据更充分的关系为：水 —hasNature→ 平；理由：论元与谓词位于同句或同一处方段落。,logs/userstudy/P012/SYS-R4/B-L4-01.json,Y,N,,Y,,140.0
248,P012,General_user,1,SYS-R4,B-L4-02,B,L4,2026-04-13 09:42:51,2026-04-13 09:46:10,,证据更充分的关系为：米 —hasFlavor→ 甘；理由：论元与谓词位于同句或同一处方段落。,logs/userstudy/P012/SYS-R4/B-L4-02.json,Y,N,,Y,,199.0
249,P012,General_user,1,SYS-R4,B-L5-02,B,L5,2026-04-13 09:46:32,2026-04-13 09:49:40,,候选关系应按原文作用范围判断；本片段可保留：水 —hasFlavor→ 涩，跨段推断不应采纳。,logs/userstudy/P012/SYS-R4/B-L5-02.json,Y,N,,Y,,188.0
250,P012,General_user,1,SYS-R4,B-L5-01,B,L5,2026-04-13 09:50:03,2026-04-13 09:52:48,,未发现足够直接的谓词证据，暂不作确定判断。,logs/userstudy/P012/SYS-R4/B-L5-01.json,Y,N,,Y,,165.0
251,P012,General_user,1,SYS-R4,B-L6-02,B,L6,2026-04-13 09:52:59,2026-04-13 09:56:23,,证据链：冻结原文 → 实体识别 → 瓜 —hasNature→ 平 → 上下文范围核验。,logs/userstudy/P012/SYS-R4/B-L6-02.json,Y,N,,Y,,204.0
252,P012,General_user,1,SYS-R4,B-L6-01,B,L6,2026-04-13 09:56:38,2026-04-13 10:00:52,,证据链：冻结原文 → 实体识别 → 酒 —hasNature→ 寒 → 上下文范围核验。,logs/userstudy/P012/SYS-R4/B-L6-01.json,Y,N,,Y,,254.0
253,P012,General_user,2,SYS-T9,A-L1-02,A,L1,2026-04-13 10:21:04,2026-04-13 10:22:48,,原文信息可能支持该结论，不过需要结合前后文进一步判断。,logs/userstudy/P012/SYS-T9/A-L1-02.json,Y,N,,Y,,104.0
254,P012,General_user,2,SYS-T9,A-L1-01,A,L1,2026-04-13 10:23:01,2026-04-13 10:24:29,,水；《内经》,logs/userstudy/P012/SYS-T9/A-L1-01.json,Y,N,,Y,,88.0
255,P012,General_user,2,SYS-T9,A-L2-02,A,L2,2026-04-13 10:24:49,2026-04-13 10:26:28,,水（食材）；水（食材）；选用食料的方（食疗方）,logs/userstudy/P012/SYS-T9/A-L2-02.json,Y,N,,Y,,99.0
256,P012,General_user,2,SYS-T9,A-L2-01,A,L2,2026-04-13 10:26:41,2026-04-13 10:28:05,,心（脏腑）；温（食性）；心（脏腑）,logs/userstudy/P012/SYS-T9/A-L2-01.json,Y,N,,Y,,84.0
257,P012,General_user,2,SYS-T9,A-L3-02,A,L3,2026-04-13 10:28:25,2026-04-13 10:31:11,,然多食生痰桑饮 —usesCookingMethod→ 腌,logs/userstudy/P012/SYS-T9/A-L3-02.json,Y,N,,Y,,166.0
258,P012,General_user,2,SYS-T9,A-L3-01,A,L3,2026-04-13 10:31:31,2026-04-13 10:35:12,,瓜 —hasNature→ 平,logs/userstudy/P012/SYS-T9/A-L3-01.json,Y,N,,Y,,221.0
259,P012,General_user,2,SYS-T9,A-L4-01,A,L4,2026-04-13 10:35:27,2026-04-13 10:39:00,,证据更充分的关系为：睡乡散 —recordedInText→ 《饮食谱》；理由：论元与谓词位于同句或同一处方段落。,logs/userstudy/P012/SYS-T9/A-L4-01.json,Y,N,,Y,,213.0
260,P012,General_user,2,SYS-T9,A-L4-02,A,L4,2026-04-13 10:39:14,2026-04-13 10:42:35,,证据更充分的关系为：盐 —hasFlavor→ 甘；理由：论元与谓词位于同句或同一处方段落。,logs/userstudy/P012/SYS-T9/A-L4-02.json,Y,N,,Y,,201.0
261,P012,General_user,2,SYS-T9,A-L5-01,A,L5,2026-04-13 10:42:54,2026-04-13 10:46:55,,候选关系应按原文作用范围判断；本片段可保留：水 —hasNature→ 寒，跨段推断不应采纳。,logs/userstudy/P012/SYS-T9/A-L5-01.json,Y,N,,Y,,241.0
262,P012,General_user,2,SYS-T9,A-L5-02,A,L5,2026-04-13 10:47:18,2026-04-13 10:51:00,,候选关系应按原文作用范围判断；本片段可保留：油 —hasNature→ 凉，跨段推断不应采纳。,logs/userstudy/P012/SYS-T9/A-L5-02.json,Y,N,,Y,,222.0
263,P012,General_user,2,SYS-T9,A-L6-02,A,L6,2026-04-13 10:51:09,2026-04-13 10:54:37,,证据链：冻结原文 → 实体识别 → 水 —hasNature→ 凉 → 上下文范围核验。,logs/userstudy/P012/SYS-T9/A-L6-02.json,Y,N,,Y,,208.0
264,P012,General_user,2,SYS-T9,A-L6-01,A,L6,2026-04-13 10:54:59,2026-04-13 10:58:57,,原文信息可能支持该结论，不过需要结合前后文进一步判断。,logs/userstudy/P012/SYS-T9/A-L6-01.json,Y,N,,Y,,238.0
265,P013,General_user,1,SYS-T9,A-L1-02,A,L1,2026-04-13 14:10:32,2026-04-13 14:11:11,,甘；平,logs/userstudy/P013/SYS-T9/A-L1-02.json,Y,N,,Y,,39.0
266,P013,General_user,1,SYS-T9,A-L1-01,A,L1,2026-04-13 14:11:24,2026-04-13 14:13:20,,水；《内经》,logs/userstudy/P013/SYS-T9/A-L1-01.json,Y,N,,Y,,116.0
267,P013,General_user,1,SYS-T9,A-L2-02,A,L2,2026-04-13 14:13:43,2026-04-13 14:16:21,,水（食材）；水（食材）；选用食料的方（食疗方）,logs/userstudy/P013/SYS-T9/A-L2-02.json,Y,N,,Y,,158.0
268,P013,General_user,1,SYS-T9,A-L2-01,A,L2,2026-04-13 14:16:42,2026-04-13 14:19:02,,心（脏腑）；温（食性）；心（脏腑）,logs/userstudy/P013/SYS-T9/A-L2-01.json,Y,N,,Y,,140.0
269,P013,General_user,1,SYS-T9,A-L3-01,A,L3,2026-04-13 14:19:27,2026-04-13 14:21:23,,瓜 —hasNature→ 平,logs/userstudy/P013/SYS-T9/A-L3-01.json,Y,N,,Y,,116.0
270,P013,General_user,1,SYS-T9,A-L3-02,A,L3,2026-04-13 14:21:40,2026-04-13 14:24:18,,然多食生痰桑饮 —usesCookingMethod→ 腌,logs/userstudy/P013/SYS-T9/A-L3-02.json,Y,N,,Y,,158.0
271,P013,General_user,1,SYS-T9,A-L4-01,A,L4,2026-04-13 14:24:34,2026-04-13 14:27:36,,证据更充分的关系为：睡乡散 —recordedInText→ 《饮食谱》；理由：论元与谓词位于同句或同一处方段落。,logs/userstudy/P013/SYS-T9/A-L4-01.json,Y,N,,Y,,182.0
272,P013,General_user,1,SYS-T9,A-L4-02,A,L4,2026-04-13 14:27:45,2026-04-13 14:31:41,,证据更充分的关系为：盐 —hasFlavor→ 甘；理由：论元与谓词位于同句或同一处方段落。,logs/userstudy/P013/SYS-T9/A-L4-02.json,Y,N,,Y,,236.0
273,P013,General_user,1,SYS-T9,A-L5-02,A,L5,2026-04-13 14:32:03,2026-04-13 14:35:31,,候选关系应按原文作用范围判断；本片段可保留：油 —hasNature→ 凉，跨段推断不应采纳。,logs/userstudy/P013/SYS-T9/A-L5-02.json,Y,N,,Y,,208.0
274,P013,General_user,1,SYS-T9,A-L5-01,A,L5,2026-04-13 14:35:40,2026-04-13 14:39:56,,倾向于认为候选关系成立，但未能给出完整证据链。,logs/userstudy/P013/SYS-T9/A-L5-01.json,Y,N,,Y,,256.0
275,P013,General_user,1,SYS-T9,A-L6-02,A,L6,2026-04-13 14:40:08,2026-04-13 14:43:35,,未发现足够直接的谓词证据，暂不作确定判断。,logs/userstudy/P013/SYS-T9/A-L6-02.json,Y,N,,Y,,207.0
276,P013,General_user,1,SYS-T9,A-L6-01,A,L6,2026-04-13 14:43:58,2026-04-13 14:48:29,,证据链：冻结原文 → 实体识别 → 油 —hasNature→ 大寒 → 上下文范围核验。,logs/userstudy/P013/SYS-T9/A-L6-01.json,Y,N,,Y,,271.0
277,P013,General_user,2,SYS-R4,B-L1-01,B,L1,2026-04-13 15:08:41,2026-04-13 15:09:34,,温；消渴,logs/userstudy/P013/SYS-R4/B-L1-01.json,Y,N,,Y,,53.0
278,P013,General_user,2,SYS-R4,B-L1-02,B,L1,2026-04-13 15:09:46,2026-04-13 15:10:33,,盐；拌,logs/userstudy/P013/SYS-R4/B-L1-02.json,Y,N,,Y,,47.0
279,P013,General_user,2,SYS-R4,B-L2-02,B,L2,2026-04-13 15:10:56,2026-04-13 15:12:10,,油（食材）；水（食材）；水（食材）,logs/userstudy/P013/SYS-R4/B-L2-02.json,Y,N,,Y,,74.0
280,P013,General_user,2,SYS-R4,B-L2-01,B,L2,2026-04-13 15:12:30,2026-04-13 15:13:52,,《人世:间》（古籍来源）；《马蹄》（古籍来源）；或解作击散（食疗方）,logs/userstudy/P013/SYS-R4/B-L2-01.json,Y,N,,Y,,82.0
281,P013,General_user,2,SYS-R4,B-L3-01,B,L3,2026-04-13 15:14:08,2026-04-13 15:16:20,,水 —hasEffect→ 清热,logs/userstudy/P013/SYS-R4/B-L3-01.json,Y,N,,Y,,132.0
282,P013,General_user,2,SYS-R4,B-L3-02,B,L3,2026-04-13 15:16:44,2026-04-13 15:18:49,,内宫散 —containsIngredient→ 醋,logs/userstudy/P013/SYS-R4/B-L3-02.json,Y,N,,Y,,125.0
283,P013,General_user,2,SYS-R4,B-L4-02,B,L4,2026-04-13 15:19:05,2026-04-13 15:21:48,,原文能确认相关实体，但关系方向和作用范围仍不够明确。,logs/userstudy/P013/SYS-R4/B-L4-02.json,Y,N,,Y,,163.0
284,P013,General_user,2,SYS-R4,B-L4-01,B,L4,2026-04-13 15:22:12,2026-04-13 15:25:26,,未发现足够直接的谓词证据，暂不作确定判断。,logs/userstudy/P013/SYS-R4/B-L4-01.json,Y,N,,Y,,194.0
285,P013,General_user,2,SYS-R4,B-L5-02,B,L5,2026-04-13 15:25:34,2026-04-13 15:28:05,,候选关系应按原文作用范围判断；本片段可保留：水 —hasFlavor→ 涩，跨段推断不应采纳。,logs/userstudy/P013/SYS-R4/B-L5-02.json,Y,N,,Y,,151.0
286,P013,General_user,2,SYS-R4,B-L5-01,B,L5,2026-04-13 15:28:25,2026-04-13 15:32:19,,候选关系应按原文作用范围判断；本片段可保留：黄豆 —recordedInText→ 《摘录》，跨段推断不应采纳。,logs/userstudy/P013/SYS-R4/B-L5-01.json,Y,N,,Y,,234.0
287,P013,General_user,2,SYS-R4,B-L6-02,B,L6,2026-04-13 15:32:34,2026-04-13 15:36:50,,证据链：冻结原文 → 实体识别 → 瓜 —hasNature→ 平 → 上下文范围核验。,logs/userstudy/P013/SYS-R4/B-L6-02.json,Y,N,,Y,,256.0
288,P013,General_user,2,SYS-R4,B-L6-01,B,L6,2026-04-13 15:37:07,2026-04-13 15:41:35,,证据链：冻结原文 → 实体识别 → 酒 —hasNature→ 寒 → 上下文范围核验。,logs/userstudy/P013/SYS-R4/B-L6-01.json,Y,N,,Y,,268.0
289,P014,General_user,1,SYS-R4,A-L1-02,A,L1,2026-04-13 09:10:17,2026-04-13 09:10:52,,甘；平,logs/userstudy/P014/SYS-R4/A-L1-02.json,Y,N,,Y,,35.0
290,P014,General_user,1,SYS-R4,A-L1-01,A,L1,2026-04-13 09:11:08,2026-04-13 09:12:01,,水；《内经》,logs/userstudy/P014/SYS-R4/A-L1-01.json,Y,N,,Y,,53.0
291,P014,General_user,1,SYS-R4,A-L2-01,A,L2,2026-04-13 09:12:21,2026-04-13 09:14:09,,心（脏腑）；温（食性）；心（脏腑）,logs/userstudy/P014/SYS-R4/A-L2-01.json,Y,N,,Y,,108.0
292,P014,General_user,1,SYS-R4,A-L2-02,A,L2,2026-04-13 09:14:18,2026-04-13 09:16:03,,原文能确认相关实体，但关系方向和作用范围仍不够明确。,logs/userstudy/P014/SYS-R4/A-L2-02.json,Y,N,,Y,,105.0
293,P014,General_user,1,SYS-R4,A-L3-01,A,L3,2026-04-13 09:16:15,2026-04-13 09:18:30,,瓜 —hasNature→ 平,logs/userstudy/P014/SYS-R4/A-L3-01.json,Y,N,,Y,,135.0
294,P014,General_user,1,SYS-R4,A-L3-02,A,L3,2026-04-13 09:18:52,2026-04-13 09:20:42,,然多食生痰桑饮 —usesCookingMethod→ 腌,logs/userstudy/P014/SYS-R4/A-L3-02.json,Y,N,,Y,,110.0
295,P014,General_user,1,SYS-R4,A-L4-02,A,L4,2026-04-13 09:20:56,2026-04-13 09:24:34,,原文信息可能支持该结论，不过需要结合前后文进一步判断。,logs/userstudy/P014/SYS-R4/A-L4-02.json,Y,N,,Y,,218.0
296,P014,General_user,1,SYS-R4,A-L4-01,A,L4,2026-04-13 09:24:44,2026-04-13 09:27:50,,原文能确认相关实体，但关系方向和作用范围仍不够明确。,logs/userstudy/P014/SYS-R4/A-L4-01.json,Y,N,,Y,,186.0
297,P014,General_user,1,SYS-R4,A-L5-02,A,L5,2026-04-13 09:28:11,2026-04-13 09:31:48,,原文信息可能支持该结论，不过需要结合前后文进一步判断。,logs/userstudy/P014/SYS-R4/A-L5-02.json,Y,N,,Y,,217.0
298,P014,General_user,1,SYS-R4,A-L5-01,A,L5,2026-04-13 09:32:11,2026-04-13 09:36:00,,候选关系应按原文作用范围判断；本片段可保留：水 —hasNature→ 寒，跨段推断不应采纳。,logs/userstudy/P014/SYS-R4/A-L5-01.json,Y,N,,Y,,229.0
299,P014,General_user,1,SYS-R4,A-L6-02,A,L6,2026-04-13 09:36:17,2026-04-13 09:40:43,,原文信息可能支持该结论，不过需要结合前后文进一步判断。,logs/userstudy/P014/SYS-R4/A-L6-02.json,Y,N,,Y,,266.0
300,P014,General_user,1,SYS-R4,A-L6-01,A,L6,2026-04-13 09:40:59,2026-04-13 09:43:54,,证据链：冻结原文 → 实体识别 → 油 —hasNature→ 大寒 → 上下文范围核验。,logs/userstudy/P014/SYS-R4/A-L6-01.json,Y,N,,Y,,175.0
301,P014,General_user,2,SYS-T9,B-L1-02,B,L1,2026-04-13 10:04:02,2026-04-13 10:05:41,,盐；拌,logs/userstudy/P014/SYS-T9/B-L1-02.json,Y,N,,Y,,99.0
302,P014,General_user,2,SYS-T9,B-L1-01,B,L1,2026-04-13 10:05:57,2026-04-13 10:07:37,,温；消渴,logs/userstudy/P014/SYS-T9/B-L1-01.json,Y,N,,Y,,100.0
303,P014,General_user,2,SYS-T9,B-L2-02,B,L2,2026-04-13 10:07:50,2026-04-13 10:09:30,,油（食材）；水（食材）；水（食材）,logs/userstudy/P014/SYS-T9/B-L2-02.json,Y,N,,Y,,100.0
304,P014,General_user,2,SYS-T9,B-L2-01,B,L2,2026-04-13 10:09:49,2026-04-13 10:12:21,,原文信息可能支持该结论，不过需要结合前后文进一步判断。,logs/userstudy/P014/SYS-T9/B-L2-01.json,Y,N,,Y,,152.0
305,P014,General_user,2,SYS-T9,B-L3-02,B,L3,2026-04-13 10:12:44,2026-04-13 10:15:16,,倾向于认为候选关系成立，但未能给出完整证据链。,logs/userstudy/P014/SYS-T9/B-L3-02.json,Y,N,,Y,,152.0
306,P014,General_user,2,SYS-T9,B-L3-01,B,L3,2026-04-13 10:15:33,2026-04-13 10:17:53,,水 —hasEffect→ 清热,logs/userstudy/P014/SYS-T9/B-L3-01.json,Y,N,,Y,,140.0
307,P014,General_user,2,SYS-T9,B-L4-02,B,L4,2026-04-13 10:18:10,2026-04-13 10:22:01,,原文能确认相关实体，但关系方向和作用范围仍不够明确。,logs/userstudy/P014/SYS-T9/B-L4-02.json,Y,N,,Y,,231.0
308,P014,General_user,2,SYS-T9,B-L4-01,B,L4,2026-04-13 10:22:15,2026-04-13 10:25:26,,未发现足够直接的谓词证据，暂不作确定判断。,logs/userstudy/P014/SYS-T9/B-L4-01.json,Y,N,,Y,,191.0
309,P014,General_user,2,SYS-T9,B-L5-01,B,L5,2026-04-13 10:25:43,2026-04-13 10:29:21,,原文能确认相关实体，但关系方向和作用范围仍不够明确。,logs/userstudy/P014/SYS-T9/B-L5-01.json,Y,N,,Y,,218.0
310,P014,General_user,2,SYS-T9,B-L5-02,B,L5,2026-04-13 10:29:36,2026-04-13 10:33:54,,候选关系应按原文作用范围判断；本片段可保留：水 —hasFlavor→ 涩，跨段推断不应采纳。,logs/userstudy/P014/SYS-T9/B-L5-02.json,Y,N,,Y,,258.0
311,P014,General_user,2,SYS-T9,B-L6-01,B,L6,2026-04-13 10:34:09,2026-04-13 10:38:50,,原文能确认相关实体，但关系方向和作用范围仍不够明确。,logs/userstudy/P014/SYS-T9/B-L6-01.json,Y,N,,Y,,281.0
312,P014,General_user,2,SYS-T9,B-L6-02,B,L6,2026-04-13 10:39:13,2026-04-13 10:42:59,,证据链：冻结原文 → 实体识别 → 瓜 —hasNature→ 平 → 上下文范围核验。,logs/userstudy/P014/SYS-T9/B-L6-02.json,Y,N,,Y,,226.0
313,P015,General_user,1,SYS-T9,B-L1-02,B,L1,2026-04-13 14:00:13,2026-04-13 14:01:04,,盐；拌,logs/userstudy/P015/SYS-T9/B-L1-02.json,Y,N,,Y,,51.0
314,P015,General_user,1,SYS-T9,B-L1-01,B,L1,2026-04-13 14:01:23,2026-04-13 14:03:05,,原文能确认相关实体，但关系方向和作用范围仍不够明确。,logs/userstudy/P015/SYS-T9/B-L1-01.json,Y,N,,Y,,102.0
315,P015,General_user,1,SYS-T9,B-L2-01,B,L2,2026-04-13 14:03:26,2026-04-13 14:04:35,,《人世:间》（古籍来源）；《马蹄》（古籍来源）；或解作击散（食疗方）,logs/userstudy/P015/SYS-T9/B-L2-01.json,Y,N,,Y,,69.0
316,P015,General_user,1,SYS-T9,B-L2-02,B,L2,2026-04-13 14:04:56,2026-04-13 14:07:29,,油（食材）；水（食材）；水（食材）,logs/userstudy/P015/SYS-T9/B-L2-02.json,Y,N,,Y,,153.0
317,P015,General_user,1,SYS-T9,B-L3-01,B,L3,2026-04-13 14:07:47,2026-04-13 14:09:51,,水 —hasEffect→ 清热,logs/userstudy/P015/SYS-T9/B-L3-01.json,Y,N,,Y,,124.0
318,P015,General_user,1,SYS-T9,B-L3-02,B,L3,2026-04-13 14:10:02,2026-04-13 14:13:15,,内宫散 —containsIngredient→ 醋,logs/userstudy/P015/SYS-T9/B-L3-02.json,Y,N,,Y,,193.0
319,P015,General_user,1,SYS-T9,B-L4-02,B,L4,2026-04-13 14:13:33,2026-04-13 14:16:49,,原文能确认相关实体，但关系方向和作用范围仍不够明确。,logs/userstudy/P015/SYS-T9/B-L4-02.json,Y,N,,Y,,196.0
320,P015,General_user,1,SYS-T9,B-L4-01,B,L4,2026-04-13 14:17:05,2026-04-13 14:20:31,,证据更充分的关系为：水 —hasNature→ 平；理由：论元与谓词位于同句或同一处方段落。,logs/userstudy/P015/SYS-T9/B-L4-01.json,Y,N,,Y,,206.0
321,P015,General_user,1,SYS-T9,B-L5-02,B,L5,2026-04-13 14:20:48,2026-04-13 14:24:13,,原文信息可能支持该结论，不过需要结合前后文进一步判断。,logs/userstudy/P015/SYS-T9/B-L5-02.json,Y,N,,Y,,205.0
322,P015,General_user,1,SYS-T9,B-L5-01,B,L5,2026-04-13 14:24:33,2026-04-13 14:27:46,,未发现足够直接的谓词证据，暂不作确定判断。,logs/userstudy/P015/SYS-T9/B-L5-01.json,Y,N,,Y,,193.0
323,P015,General_user,1,SYS-T9,B-L6-01,B,L6,2026-04-13 14:28:04,2026-04-13 14:32:53,,证据链：冻结原文 → 实体识别 → 酒 —hasNature→ 寒 → 上下文范围核验。,logs/userstudy/P015/SYS-T9/B-L6-01.json,Y,N,,Y,,289.0
324,P015,General_user,1,SYS-T9,B-L6-02,B,L6,2026-04-13 14:33:18,2026-04-13 14:37:04,,未发现足够直接的谓词证据，暂不作确定判断。,logs/userstudy/P015/SYS-T9/B-L6-02.json,Y,N,,Y,,226.0
325,P015,General_user,2,SYS-R4,A-L1-02,A,L1,2026-04-13 14:57:29,2026-04-13 14:58:30,,甘；平,logs/userstudy/P015/SYS-R4/A-L1-02.json,Y,N,,Y,,61.0
326,P015,General_user,2,SYS-R4,A-L1-01,A,L1,2026-04-13 14:58:48,2026-04-13 15:00:22,,水；《内经》,logs/userstudy/P015/SYS-R4/A-L1-01.json,Y,N,,Y,,94.0
327,P015,General_user,2,SYS-R4,A-L2-02,A,L2,2026-04-13 15:00:38,2026-04-13 15:01:35,,原文信息可能支持该结论，不过需要结合前后文进一步判断。,logs/userstudy/P015/SYS-R4/A-L2-02.json,Y,N,,Y,,57.0
328,P015,General_user,2,SYS-R4,A-L2-01,A,L2,2026-04-13 15:01:46,2026-04-13 15:02:52,,心（脏腑）；温（食性）；心（脏腑）,logs/userstudy/P015/SYS-R4/A-L2-01.json,Y,N,,Y,,66.0
329,P015,General_user,2,SYS-R4,A-L3-01,A,L3,2026-04-13 15:03:09,2026-04-13 15:05:32,,瓜 —hasNature→ 平,logs/userstudy/P015/SYS-R4/A-L3-01.json,Y,N,,Y,,143.0
330,P015,General_user,2,SYS-R4,A-L3-02,A,L3,2026-04-13 15:05:47,2026-04-13 15:07:03,,然多食生痰桑饮 —usesCookingMethod→ 腌,logs/userstudy/P015/SYS-R4/A-L3-02.json,Y,N,,Y,,76.0
331,P015,General_user,2,SYS-R4,A-L4-01,A,L4,2026-04-13 15:07:21,2026-04-13 15:09:55,,证据更充分的关系为：睡乡散 —recordedInText→ 《饮食谱》；理由：论元与谓词位于同句或同一处方段落。,logs/userstudy/P015/SYS-R4/A-L4-01.json,Y,N,,Y,,154.0
332,P015,General_user,2,SYS-R4,A-L4-02,A,L4,2026-04-13 15:10:19,2026-04-13 15:14:04,,倾向于认为候选关系成立，但未能给出完整证据链。,logs/userstudy/P015/SYS-R4/A-L4-02.json,Y,N,,Y,,225.0
333,P015,General_user,2,SYS-R4,A-L5-01,A,L5,2026-04-13 15:14:28,2026-04-13 15:18:15,,候选关系应按原文作用范围判断；本片段可保留：水 —hasNature→ 寒，跨段推断不应采纳。,logs/userstudy/P015/SYS-R4/A-L5-01.json,Y,N,,Y,,227.0
334,P015,General_user,2,SYS-R4,A-L5-02,A,L5,2026-04-13 15:18:40,2026-04-13 15:21:12,,候选关系应按原文作用范围判断；本片段可保留：油 —hasNature→ 凉，跨段推断不应采纳。,logs/userstudy/P015/SYS-R4/A-L5-02.json,Y,N,,Y,,152.0
335,P015,General_user,2,SYS-R4,A-L6-01,A,L6,2026-04-13 15:21:35,2026-04-13 15:25:09,,证据链：冻结原文 → 实体识别 → 油 —hasNature→ 大寒 → 上下文范围核验。,logs/userstudy/P015/SYS-R4/A-L6-01.json,Y,N,,Y,,214.0
336,P015,General_user,2,SYS-R4,A-L6-02,A,L6,2026-04-13 15:25:25,2026-04-13 15:29:04,,原文能确认相关实体，但关系方向和作用范围仍不够明确。,logs/userstudy/P015/SYS-R4/A-L6-02.json,Y,N,,Y,,219.0
337,P016,General_user,1,SYS-R4,B-L1-01,B,L1,2026-04-14 09:30:37,2026-04-14 09:31:12,,温；消渴,logs/userstudy/P016/SYS-R4/B-L1-01.json,Y,N,,Y,,35.0
338,P016,General_user,1,SYS-R4,B-L1-02,B,L1,2026-04-14 09:31:21,2026-04-14 09:31:56,,盐；拌,logs/userstudy/P016/SYS-R4/B-L1-02.json,Y,N,,Y,,35.0
339,P016,General_user,1,SYS-R4,B-L2-01,B,L2,2026-04-14 09:32:17,2026-04-14 09:34:00,,《人世:间》（古籍来源）；《马蹄》（古籍来源）；或解作击散（食疗方）,logs/userstudy/P016/SYS-R4/B-L2-01.json,Y,N,,Y,,103.0
340,P016,General_user,1,SYS-R4,B-L2-02,B,L2,2026-04-14 09:34:15,2026-04-14 09:34:50,,油（食材）；水（食材）；水（食材）,logs/userstudy/P016/SYS-R4/B-L2-02.json,Y,N,,Y,,35.0
341,P016,General_user,1,SYS-R4,B-L3-01,B,L3,2026-04-14 09:35:11,2026-04-14 09:36:55,,水 —hasEffect→ 清热,logs/userstudy/P016/SYS-R4/B-L3-01.json,Y,N,,Y,,104.0
342,P016,General_user,1,SYS-R4,B-L3-02,B,L3,2026-04-14 09:37:03,2026-04-14 09:39:00,,内宫散 —containsIngredient→ 醋,logs/userstudy/P016/SYS-R4/B-L3-02.json,Y,N,,Y,,117.0
343,P016,General_user,1,SYS-R4,B-L4-02,B,L4,2026-04-14 09:39:12,2026-04-14 09:42:10,,倾向于认为候选关系成立，但未能给出完整证据链。,logs/userstudy/P016/SYS-R4/B-L4-02.json,Y,N,,Y,,178.0
344,P016,General_user,1,SYS-R4,B-L4-01,B,L4,2026-04-14 09:42:28,2026-04-14 09:45:48,,证据更充分的关系为：水 —hasNature→ 平；理由：论元与谓词位于同句或同一处方段落。,logs/userstudy/P016/SYS-R4/B-L4-01.json,Y,N,,Y,,200.0
345,P016,General_user,1,SYS-R4,B-L5-01,B,L5,2026-04-14 09:46:03,2026-04-14 09:49:54,,候选关系应按原文作用范围判断；本片段可保留：黄豆 —recordedInText→ 《摘录》，跨段推断不应采纳。,logs/userstudy/P016/SYS-R4/B-L5-01.json,Y,N,,Y,,231.0
346,P016,General_user,1,SYS-R4,B-L5-02,B,L5,2026-04-14 09:50:11,2026-04-14 09:54:00,,候选关系应按原文作用范围判断；本片段可保留：水 —hasFlavor→ 涩，跨段推断不应采纳。,logs/userstudy/P016/SYS-R4/B-L5-02.json,Y,N,,Y,,229.0
347,P016,General_user,1,SYS-R4,B-L6-01,B,L6,2026-04-14 09:54:11,2026-04-14 09:57:42,,原文信息可能支持该结论，不过需要结合前后文进一步判断。,logs/userstudy/P016/SYS-R4/B-L6-01.json,Y,N,,Y,,211.0
348,P016,General_user,1,SYS-R4,B-L6-02,B,L6,2026-04-14 09:57:55,2026-04-14 10:00:59,,证据链：冻结原文 → 实体识别 → 瓜 —hasNature→ 平 → 上下文范围核验。,logs/userstudy/P016/SYS-R4/B-L6-02.json,Y,N,,Y,,184.0
349,P016,General_user,2,SYS-T9,A-L1-02,A,L1,2026-04-14 10:21:20,2026-04-14 10:22:05,,,logs/userstudy/P016/SYS-T9/A-L1-02.json,N,N,connection_interruption,N,页面在提交前短暂断开，未形成有效回答。,45.0
350,P016,General_user,2,SYS-T9,A-L1-01,A,L1,2026-04-14 10:22:25,2026-04-14 10:23:47,,水；《内经》,logs/userstudy/P016/SYS-T9/A-L1-01.json,Y,N,,Y,,82.0
351,P016,General_user,2,SYS-T9,A-L2-02,A,L2,2026-04-14 10:24:00,2026-04-14 10:25:39,,水（食材）；水（食材）；选用食料的方（食疗方）,logs/userstudy/P016/SYS-T9/A-L2-02.json,Y,N,,Y,,99.0
352,P016,General_user,2,SYS-T9,A-L2-01,A,L2,2026-04-14 10:25:48,2026-04-14 10:28:28,,心（脏腑）；温（食性）；心（脏腑）,logs/userstudy/P016/SYS-T9/A-L2-01.json,Y,N,,Y,,160.0
353,P016,General_user,2,SYS-T9,A-L3-01,A,L3,2026-04-14 10:28:39,2026-04-14 10:31:09,,瓜 —hasNature→ 平,logs/userstudy/P016/SYS-T9/A-L3-01.json,Y,N,,Y,,150.0
354,P016,General_user,2,SYS-T9,A-L3-02,A,L3,2026-04-14 10:31:26,2026-04-14 10:33:26,,然多食生痰桑饮 —usesCookingMethod→ 腌,logs/userstudy/P016/SYS-T9/A-L3-02.json,Y,N,,Y,,120.0
355,P016,General_user,2,SYS-T9,A-L4-01,A,L4,2026-04-14 10:33:36,2026-04-14 10:36:34,,证据更充分的关系为：睡乡散 —recordedInText→ 《饮食谱》；理由：论元与谓词位于同句或同一处方段落。,logs/userstudy/P016/SYS-T9/A-L4-01.json,Y,N,,Y,,178.0
356,P016,General_user,2,SYS-T9,A-L4-02,A,L4,2026-04-14 10:36:47,2026-04-14 10:39:25,,证据更充分的关系为：盐 —hasFlavor→ 甘；理由：论元与谓词位于同句或同一处方段落。,logs/userstudy/P016/SYS-T9/A-L4-02.json,Y,N,,Y,,158.0
357,P016,General_user,2,SYS-T9,A-L5-02,A,L5,2026-04-14 10:39:47,2026-04-14 10:43:17,,候选关系应按原文作用范围判断；本片段可保留：油 —hasNature→ 凉，跨段推断不应采纳。,logs/userstudy/P016/SYS-T9/A-L5-02.json,Y,N,,Y,,210.0
358,P016,General_user,2,SYS-T9,A-L5-01,A,L5,2026-04-14 10:43:42,2026-04-14 10:48:21,,倾向于认为候选关系成立，但未能给出完整证据链。,logs/userstudy/P016/SYS-T9/A-L5-01.json,Y,N,,Y,,279.0
359,P016,General_user,2,SYS-T9,A-L6-01,A,L6,2026-04-14 10:48:34,2026-04-14 10:52:27,,证据链：冻结原文 → 实体识别 → 油 —hasNature→ 大寒 → 上下文范围核验。,logs/userstudy/P016/SYS-T9/A-L6-01.json,Y,N,,Y,,233.0
360,P016,General_user,2,SYS-T9,A-L6-02,A,L6,2026-04-14 10:52:35,2026-04-14 10:56:14,,倾向于认为候选关系成立，但未能给出完整证据链。,logs/userstudy/P016/SYS-T9/A-L6-02.json,Y,N,,Y,,219.0
361,P017,General_user,1,SYS-T9,A-L1-01,A,L1,2026-04-14 14:20:32,2026-04-14 14:21:41,,水；《内经》,logs/userstudy/P017/SYS-T9/A-L1-01.json,Y,N,,Y,,69.0
362,P017,General_user,1,SYS-T9,A-L1-02,A,L1,2026-04-14 14:21:58,2026-04-14 14:23:38,,甘；平,logs/userstudy/P017/SYS-T9/A-L1-02.json,Y,N,,Y,,100.0
363,P017,General_user,1,SYS-T9,A-L2-01,A,L2,2026-04-14 14:23:50,2026-04-14 14:26:10,,原文能确认相关实体，但关系方向和作用范围仍不够明确。,logs/userstudy/P017/SYS-T9/A-L2-01.json,Y,N,,Y,,140.0
364,P017,General_user,1,SYS-T9,A-L2-02,A,L2,2026-04-14 14:26:26,2026-04-14 14:28:12,,水（食材）；水（食材）；选用食料的方（食疗方）,logs/userstudy/P017/SYS-T9/A-L2-02.json,Y,N,,Y,,106.0
365,P017,General_user,1,SYS-T9,A-L3-01,A,L3,2026-04-14 14:28:35,2026-04-14 14:31:06,,瓜 —hasNature→ 平,logs/userstudy/P017/SYS-T9/A-L3-01.json,Y,N,,Y,,151.0
366,P017,General_user,1,SYS-T9,A-L3-02,A,L3,2026-04-14 14:31:27,2026-04-14 14:34:16,,然多食生痰桑饮 —usesCookingMethod→ 腌,logs/userstudy/P017/SYS-T9/A-L3-02.json,Y,N,,Y,,169.0
367,P017,General_user,1,SYS-T9,A-L4-01,A,L4,2026-04-14 14:34:34,2026-04-14 14:37:31,,证据更充分的关系为：睡乡散 —recordedInText→ 《饮食谱》；理由：论元与谓词位于同句或同一处方段落。,logs/userstudy/P017/SYS-T9/A-L4-01.json,Y,N,,Y,,177.0
368,P017,General_user,1,SYS-T9,A-L4-02,A,L4,2026-04-14 14:37:46,2026-04-14 14:41:08,,证据更充分的关系为：盐 —hasFlavor→ 甘；理由：论元与谓词位于同句或同一处方段落。,logs/userstudy/P017/SYS-T9/A-L4-02.json,Y,N,,Y,,202.0
369,P017,General_user,1,SYS-T9,A-L5-02,A,L5,2026-04-14 14:41:22,2026-04-14 14:44:42,,候选关系应按原文作用范围判断；本片段可保留：油 —hasNature→ 凉，跨段推断不应采纳。,logs/userstudy/P017/SYS-T9/A-L5-02.json,Y,N,,Y,,200.0
370,P017,General_user,1,SYS-T9,A-L5-01,A,L5,2026-04-14 14:45:05,2026-04-14 14:50:07,,候选关系应按原文作用范围判断；本片段可保留：水 —hasNature→ 寒，跨段推断不应采纳。,logs/userstudy/P017/SYS-T9/A-L5-01.json,Y,N,,Y,,302.0
371,P017,General_user,1,SYS-T9,A-L6-02,A,L6,2026-04-14 14:50:30,2026-04-14 14:55:31,,证据链：冻结原文 → 实体识别 → 水 —hasNature→ 凉 → 上下文范围核验。,logs/userstudy/P017/SYS-T9/A-L6-02.json,Y,N,,Y,,301.0
372,P017,General_user,1,SYS-T9,A-L6-01,A,L6,2026-04-14 14:55:55,2026-04-14 15:00:33,,倾向于认为候选关系成立，但未能给出完整证据链。,logs/userstudy/P017/SYS-T9/A-L6-01.json,Y,N,,Y,,278.0
373,P017,General_user,2,SYS-R4,B-L1-01,B,L1,2026-04-14 15:20:55,2026-04-14 15:22:28,,温；消渴,logs/userstudy/P017/SYS-R4/B-L1-01.json,Y,N,,Y,,93.0
374,P017,General_user,2,SYS-R4,B-L1-02,B,L1,2026-04-14 15:22:41,2026-04-14 15:23:59,,盐；拌,logs/userstudy/P017/SYS-R4/B-L1-02.json,Y,N,,Y,,78.0
375,P017,General_user,2,SYS-R4,B-L2-01,B,L2,2026-04-14 15:24:15,2026-04-14 15:25:06,,未发现足够直接的谓词证据，暂不作确定判断。,logs/userstudy/P017/SYS-R4/B-L2-01.json,Y,N,,Y,,51.0
376,P017,General_user,2,SYS-R4,B-L2-02,B,L2,2026-04-14 15:25:17,2026-04-14 15:26:44,,油（食材）；水（食材）；水（食材）,logs/userstudy/P017/SYS-R4/B-L2-02.json,Y,N,,Y,,87.0
377,P017,General_user,2,SYS-R4,B-L3-02,B,L3,2026-04-14 15:26:56,2026-04-14 15:29:11,,内宫散 —containsIngredient→ 醋,logs/userstudy/P017/SYS-R4/B-L3-02.json,Y,N,,Y,,135.0
378,P017,General_user,2,SYS-R4,B-L3-01,B,L3,2026-04-14 15:29:34,2026-04-14 15:32:22,,水 —hasEffect→ 清热,logs/userstudy/P017/SYS-R4/B-L3-01.json,Y,N,,Y,,168.0
379,P017,General_user,2,SYS-R4,B-L4-01,B,L4,2026-04-14 15:32:37,2026-04-14 15:34:34,,证据更充分的关系为：水 —hasNature→ 平；理由：论元与谓词位于同句或同一处方段落。,logs/userstudy/P017/SYS-R4/B-L4-01.json,Y,N,,Y,,117.0
380,P017,General_user,2,SYS-R4,B-L4-02,B,L4,2026-04-14 15:34:50,2026-04-14 15:37:50,,证据更充分的关系为：米 —hasFlavor→ 甘；理由：论元与谓词位于同句或同一处方段落。,logs/userstudy/P017/SYS-R4/B-L4-02.json,Y,N,,Y,,180.0
381,P017,General_user,2,SYS-R4,B-L5-02,B,L5,2026-04-14 15:38:13,2026-04-14 15:41:42,,候选关系应按原文作用范围判断；本片段可保留：水 —hasFlavor→ 涩，跨段推断不应采纳。,logs/userstudy/P017/SYS-R4/B-L5-02.json,Y,N,,Y,,209.0
382,P017,General_user,2,SYS-R4,B-L5-01,B,L5,2026-04-14 15:41:59,2026-04-14 15:45:35,,候选关系应按原文作用范围判断；本片段可保留：黄豆 —recordedInText→ 《摘录》，跨段推断不应采纳。,logs/userstudy/P017/SYS-R4/B-L5-01.json,Y,N,,Y,,216.0
383,P017,General_user,2,SYS-R4,B-L6-02,B,L6,2026-04-14 15:45:59,2026-04-14 15:49:49,,证据链：冻结原文 → 实体识别 → 瓜 —hasNature→ 平 → 上下文范围核验。,logs/userstudy/P017/SYS-R4/B-L6-02.json,Y,N,,Y,,230.0
384,P017,General_user,2,SYS-R4,B-L6-01,B,L6,2026-04-14 15:49:59,2026-04-14 15:53:08,,证据链：冻结原文 → 实体识别 → 酒 —hasNature→ 寒 → 上下文范围核验。,logs/userstudy/P017/SYS-R4/B-L6-01.json,Y,N,,Y,,189.0
385,P018,General_user,1,SYS-R4,A-L1-02,A,L1,2026-04-15 09:00:06,2026-04-15 09:01:13,,甘；平,logs/userstudy/P018/SYS-R4/A-L1-02.json,Y,N,,Y,,67.0
386,P018,General_user,1,SYS-R4,A-L1-01,A,L1,2026-04-15 09:01:30,2026-04-15 09:02:30,,水；《内经》,logs/userstudy/P018/SYS-R4/A-L1-01.json,Y,N,,Y,,60.0
387,P018,General_user,1,SYS-R4,A-L2-02,A,L2,2026-04-15 09:02:42,2026-04-15 09:04:09,,水（食材）；水（食材）；选用食料的方（食疗方）,logs/userstudy/P018/SYS-R4/A-L2-02.json,Y,N,,Y,,87.0
388,P018,General_user,1,SYS-R4,A-L2-01,A,L2,2026-04-15 09:04:28,2026-04-15 09:06:37,,心（脏腑）；温（食性）；心（脏腑）,logs/userstudy/P018/SYS-R4/A-L2-01.json,Y,N,,Y,,129.0
389,P018,General_user,1,SYS-R4,A-L3-01,A,L3,2026-04-15 09:06:54,2026-04-15 09:09:38,,瓜 —hasNature→ 平,logs/userstudy/P018/SYS-R4/A-L3-01.json,Y,N,,Y,,164.0
390,P018,General_user,1,SYS-R4,A-L3-02,A,L3,2026-04-15 09:09:56,2026-04-15 09:11:35,,然多食生痰桑饮 —usesCookingMethod→ 腌,logs/userstudy/P018/SYS-R4/A-L3-02.json,Y,N,,Y,,99.0
391,P018,General_user,1,SYS-R4,A-L4-01,A,L4,2026-04-15 09:11:56,2026-04-15 09:15:25,,原文信息可能支持该结论，不过需要结合前后文进一步判断。,logs/userstudy/P018/SYS-R4/A-L4-01.json,Y,N,,Y,,209.0
392,P018,General_user,1,SYS-R4,A-L4-02,A,L4,2026-04-15 09:15:47,2026-04-15 09:18:38,,证据更充分的关系为：盐 —hasFlavor→ 甘；理由：论元与谓词位于同句或同一处方段落。,logs/userstudy/P018/SYS-R4/A-L4-02.json,Y,N,,Y,,171.0
393,P018,General_user,1,SYS-R4,A-L5-02,A,L5,2026-04-15 09:19:03,2026-04-15 09:22:15,,候选关系应按原文作用范围判断；本片段可保留：油 —hasNature→ 凉，跨段推断不应采纳。,logs/userstudy/P018/SYS-R4/A-L5-02.json,Y,N,,Y,,192.0
394,P018,General_user,1,SYS-R4,A-L5-01,A,L5,2026-04-15 09:22:32,2026-04-15 09:25:36,,未发现足够直接的谓词证据，暂不作确定判断。,logs/userstudy/P018/SYS-R4/A-L5-01.json,Y,N,,Y,,184.0
395,P018,General_user,1,SYS-R4,A-L6-02,A,L6,2026-04-15 09:25:56,2026-04-15 09:29:40,,原文能确认相关实体，但关系方向和作用范围仍不够明确。,logs/userstudy/P018/SYS-R4/A-L6-02.json,Y,N,,Y,,224.0
396,P018,General_user,1,SYS-R4,A-L6-01,A,L6,2026-04-15 09:29:57,2026-04-15 09:33:51,,证据链：冻结原文 → 实体识别 → 油 —hasNature→ 大寒 → 上下文范围核验。,logs/userstudy/P018/SYS-R4/A-L6-01.json,Y,N,,Y,,234.0
397,P018,General_user,2,SYS-T9,B-L1-02,B,L1,2026-04-15 09:54:09,2026-04-15 09:55:03,,盐；拌,logs/userstudy/P018/SYS-T9/B-L1-02.json,Y,N,,Y,,54.0
398,P018,General_user,2,SYS-T9,B-L1-01,B,L1,2026-04-15 09:55:27,2026-04-15 09:56:59,,温；消渴,logs/userstudy/P018/SYS-T9/B-L1-01.json,Y,N,,Y,,92.0
399,P018,General_user,2,SYS-T9,B-L2-01,B,L2,2026-04-15 09:57:08,2026-04-15 09:58:58,,《人世:间》（古籍来源）；《马蹄》（古籍来源）；或解作击散（食疗方）,logs/userstudy/P018/SYS-T9/B-L2-01.json,Y,N,,Y,,110.0
400,P018,General_user,2,SYS-T9,B-L2-02,B,L2,2026-04-15 09:59:15,2026-04-15 10:00:52,,油（食材）；水（食材）；水（食材）,logs/userstudy/P018/SYS-T9/B-L2-02.json,Y,N,,Y,,97.0
401,P018,General_user,2,SYS-T9,B-L3-01,B,L3,2026-04-15 10:01:04,2026-04-15 10:03:03,,未发现足够直接的谓词证据，暂不作确定判断。,logs/userstudy/P018/SYS-T9/B-L3-01.json,Y,N,,Y,,119.0
402,P018,General_user,2,SYS-T9,B-L3-02,B,L3,2026-04-15 10:03:12,2026-04-15 10:05:58,,内宫散 —containsIngredient→ 醋,logs/userstudy/P018/SYS-T9/B-L3-02.json,Y,N,,Y,,166.0
403,P018,General_user,2,SYS-T9,B-L4-01,B,L4,2026-04-15 10:06:23,2026-04-15 10:10:23,,倾向于认为候选关系成立，但未能给出完整证据链。,logs/userstudy/P018/SYS-T9/B-L4-01.json,Y,N,,Y,,240.0
404,P018,General_user,2,SYS-T9,B-L4-02,B,L4,2026-04-15 10:10:36,2026-04-15 10:13:35,,原文能确认相关实体，但关系方向和作用范围仍不够明确。,logs/userstudy/P018/SYS-T9/B-L4-02.json,Y,N,,Y,,179.0
405,P018,General_user,2,SYS-T9,B-L5-02,B,L5,2026-04-15 10:13:57,2026-04-15 10:18:40,,倾向于认为候选关系成立，但未能给出完整证据链。,logs/userstudy/P018/SYS-T9/B-L5-02.json,Y,N,,Y,,283.0
406,P018,General_user,2,SYS-T9,B-L5-01,B,L5,2026-04-15 10:18:54,2026-04-15 10:22:57,,候选关系应按原文作用范围判断；本片段可保留：黄豆 —recordedInText→ 《摘录》，跨段推断不应采纳。,logs/userstudy/P018/SYS-T9/B-L5-01.json,Y,N,,Y,,243.0
407,P018,General_user,2,SYS-T9,B-L6-01,B,L6,2026-04-15 10:23:14,2026-04-15 10:26:59,,证据链：冻结原文 → 实体识别 → 酒 —hasNature→ 寒 → 上下文范围核验。,logs/userstudy/P018/SYS-T9/B-L6-01.json,Y,N,,Y,,225.0
408,P018,General_user,2,SYS-T9,B-L6-02,B,L6,2026-04-15 10:27:08,2026-04-15 10:30:53,,证据链：冻结原文 → 实体识别 → 瓜 —hasNature→ 平 → 上下文范围核验。,logs/userstudy/P018/SYS-T9/B-L6-02.json,Y,N,,Y,,225.0
409,P020,General_user,1,SYS-T9,B-L1-01,B,L1,2026-04-15 14:00:11,2026-04-15 14:01:39,,温；消渴,logs/userstudy/P020/SYS-T9/B-L1-01.json,Y,N,,Y,,88.0
410,P020,General_user,1,SYS-T9,B-L1-02,B,L1,2026-04-15 14:01:56,2026-04-15 14:03:43,,盐；拌,logs/userstudy/P020/SYS-T9/B-L1-02.json,Y,N,,Y,,107.0
411,P020,General_user,1,SYS-T9,B-L2-02,B,L2,2026-04-15 14:04:08,2026-04-15 14:05:44,,油（食材）；水（食材）；水（食材）,logs/userstudy/P020/SYS-T9/B-L2-02.json,Y,N,,Y,,96.0
412,P020,General_user,1,SYS-T9,B-L2-01,B,L2,2026-04-15 14:05:52,2026-04-15 14:08:15,,原文信息可能支持该结论，不过需要结合前后文进一步判断。,logs/userstudy/P020/SYS-T9/B-L2-01.json,Y,N,,Y,,143.0
413,P020,General_user,1,SYS-T9,B-L3-02,B,L3,2026-04-15 14:08:35,2026-04-15 14:10:58,,内宫散 —containsIngredient→ 醋,logs/userstudy/P020/SYS-T9/B-L3-02.json,Y,N,,Y,,143.0
414,P020,General_user,1,SYS-T9,B-L3-01,B,L3,2026-04-15 14:11:22,2026-04-15 14:14:08,,水 —hasEffect→ 清热,logs/userstudy/P020/SYS-T9/B-L3-01.json,Y,N,,Y,,166.0
415,P020,General_user,1,SYS-T9,B-L4-01,B,L4,2026-04-15 14:14:28,2026-04-15 14:17:49,,证据更充分的关系为：水 —hasNature→ 平；理由：论元与谓词位于同句或同一处方段落。,logs/userstudy/P020/SYS-T9/B-L4-01.json,Y,N,,Y,,201.0
416,P020,General_user,1,SYS-T9,B-L4-02,B,L4,2026-04-15 14:18:04,2026-04-15 14:21:18,,证据更充分的关系为：米 —hasFlavor→ 甘；理由：论元与谓词位于同句或同一处方段落。,logs/userstudy/P020/SYS-T9/B-L4-02.json,Y,N,,Y,,194.0
417,P020,General_user,1,SYS-T9,B-L5-02,B,L5,2026-04-15 14:21:37,2026-04-15 14:25:19,,候选关系应按原文作用范围判断；本片段可保留：水 —hasFlavor→ 涩，跨段推断不应采纳。,logs/userstudy/P020/SYS-T9/B-L5-02.json,Y,N,,Y,,222.0
418,P020,General_user,1,SYS-T9,B-L5-01,B,L5,2026-04-15 14:25:37,2026-04-15 14:29:00,,候选关系应按原文作用范围判断；本片段可保留：黄豆 —recordedInText→ 《摘录》，跨段推断不应采纳。,logs/userstudy/P020/SYS-T9/B-L5-01.json,Y,N,,Y,,203.0
419,P020,General_user,1,SYS-T9,B-L6-01,B,L6,2026-04-15 14:29:22,2026-04-15 14:34:50,,倾向于认为候选关系成立，但未能给出完整证据链。,logs/userstudy/P020/SYS-T9/B-L6-01.json,Y,N,,Y,,328.0
420,P020,General_user,1,SYS-T9,B-L6-02,B,L6,2026-04-15 14:35:01,2026-04-15 14:39:32,,原文信息可能支持该结论，不过需要结合前后文进一步判断。,logs/userstudy/P020/SYS-T9/B-L6-02.json,Y,N,,Y,,271.0
421,P020,General_user,2,SYS-R4,A-L1-02,A,L1,2026-04-15 14:59:53,2026-04-15 15:00:56,,原文能确认相关实体，但关系方向和作用范围仍不够明确。,logs/userstudy/P020/SYS-R4/A-L1-02.json,Y,N,,Y,,63.0
422,P020,General_user,2,SYS-R4,A-L1-01,A,L1,2026-04-15 15:01:06,2026-04-15 15:01:46,,水；《内经》,logs/userstudy/P020/SYS-R4/A-L1-01.json,Y,N,,Y,,40.0
423,P020,General_user,2,SYS-R4,A-L2-02,A,L2,2026-04-15 15:01:56,2026-04-15 15:03:07,,水（食材）；水（食材）；选用食料的方（食疗方）,logs/userstudy/P020/SYS-R4/A-L2-02.json,Y,N,,Y,,71.0
424,P020,General_user,2,SYS-R4,A-L2-01,A,L2,2026-04-15 15:03:30,2026-04-15 15:04:28,,心（脏腑）；温（食性）；心（脏腑）,logs/userstudy/P020/SYS-R4/A-L2-01.json,Y,N,,Y,,58.0
425,P020,General_user,2,SYS-R4,A-L3-01,A,L3,2026-04-15 15:04:48,2026-04-15 15:06:45,,瓜 —hasNature→ 平,logs/userstudy/P020/SYS-R4/A-L3-01.json,Y,N,,Y,,117.0
426,P020,General_user,2,SYS-R4,A-L3-02,A,L3,2026-04-15 15:06:59,2026-04-15 15:08:47,,原文信息可能支持该结论，不过需要结合前后文进一步判断。,logs/userstudy/P020/SYS-R4/A-L3-02.json,Y,N,,Y,,108.0
427,P020,General_user,2,SYS-R4,A-L4-02,A,L4,2026-04-15 15:09:03,2026-04-15 15:12:42,,倾向于认为候选关系成立，但未能给出完整证据链。,logs/userstudy/P020/SYS-R4/A-L4-02.json,Y,N,,Y,,219.0
428,P020,General_user,2,SYS-R4,A-L4-01,A,L4,2026-04-15 15:13:00,2026-04-15 15:16:13,,证据更充分的关系为：睡乡散 —recordedInText→ 《饮食谱》；理由：论元与谓词位于同句或同一处方段落。,logs/userstudy/P020/SYS-R4/A-L4-01.json,Y,N,,Y,,193.0
429,P020,General_user,2,SYS-R4,A-L5-01,A,L5,2026-04-15 15:16:37,2026-04-15 15:19:56,,候选关系应按原文作用范围判断；本片段可保留：水 —hasNature→ 寒，跨段推断不应采纳。,logs/userstudy/P020/SYS-R4/A-L5-01.json,Y,N,,Y,,199.0
430,P020,General_user,2,SYS-R4,A-L5-02,A,L5,2026-04-15 15:20:14,2026-04-15 15:23:20,,候选关系应按原文作用范围判断；本片段可保留：油 —hasNature→ 凉，跨段推断不应采纳。,logs/userstudy/P020/SYS-R4/A-L5-02.json,Y,N,,Y,,186.0
431,P020,General_user,2,SYS-R4,A-L6-02,A,L6,2026-04-15 15:23:35,2026-04-15 15:27:22,,证据链：冻结原文 → 实体识别 → 水 —hasNature→ 凉 → 上下文范围核验。,logs/userstudy/P020/SYS-R4/A-L6-02.json,Y,N,,Y,,227.0
432,P020,General_user,2,SYS-R4,A-L6-01,A,L6,2026-04-15 15:27:39,2026-04-15 15:31:41,,证据链：冻结原文 → 实体识别 → 油 —hasNature→ 大寒 → 上下文范围核验。,logs/userstudy/P020/SYS-R4/A-L6-01.json,Y,N,,Y,,242.0
433,P021,General_user,1,SYS-R4,B-L1-02,B,L1,2026-04-16 09:00:12,2026-04-16 09:01:32,,盐；拌,logs/userstudy/P021/SYS-R4/B-L1-02.json,Y,N,,Y,,80.0
434,P021,General_user,1,SYS-R4,B-L1-01,B,L1,2026-04-16 09:01:51,2026-04-16 09:03:03,,温；消渴,logs/userstudy/P021/SYS-R4/B-L1-01.json,Y,N,,Y,,72.0
435,P021,General_user,1,SYS-R4,B-L2-02,B,L2,2026-04-16 09:03:19,2026-04-16 09:05:14,,油（食材）；水（食材）；水（食材）,logs/userstudy/P021/SYS-R4/B-L2-02.json,Y,N,,Y,,115.0
436,P021,General_user,1,SYS-R4,B-L2-01,B,L2,2026-04-16 09:05:26,2026-04-16 09:06:28,,《人世:间》（古籍来源）；《马蹄》（古籍来源）；或解作击散（食疗方）,logs/userstudy/P021/SYS-R4/B-L2-01.json,Y,N,,Y,,62.0
437,P021,General_user,1,SYS-R4,B-L3-01,B,L3,2026-04-16 09:06:51,2026-04-16 09:08:38,,水 —hasEffect→ 清热,logs/userstudy/P021/SYS-R4/B-L3-01.json,Y,N,,Y,,107.0
438,P021,General_user,1,SYS-R4,B-L3-02,B,L3,2026-04-16 09:08:53,2026-04-16 09:11:15,,内宫散 —containsIngredient→ 醋,logs/userstudy/P021/SYS-R4/B-L3-02.json,Y,N,,Y,,142.0
439,P021,General_user,1,SYS-R4,B-L4-01,B,L4,2026-04-16 09:11:24,2026-04-16 09:13:20,,证据更充分的关系为：水 —hasNature→ 平；理由：论元与谓词位于同句或同一处方段落。,logs/userstudy/P021/SYS-R4/B-L4-01.json,Y,N,,Y,,116.0
440,P021,General_user,1,SYS-R4,B-L4-02,B,L4,2026-04-16 09:13:43,2026-04-16 09:15:27,,未发现足够直接的谓词证据，暂不作确定判断。,logs/userstudy/P021/SYS-R4/B-L4-02.json,Y,N,,Y,,104.0
441,P021,General_user,1,SYS-R4,B-L5-01,B,L5,2026-04-16 09:15:39,2026-04-16 09:18:58,,倾向于认为候选关系成立，但未能给出完整证据链。,logs/userstudy/P021/SYS-R4/B-L5-01.json,Y,N,,Y,,199.0
442,P021,General_user,1,SYS-R4,B-L5-02,B,L5,2026-04-16 09:19:13,2026-04-16 09:22:09,,未发现足够直接的谓词证据，暂不作确定判断。,logs/userstudy/P021/SYS-R4/B-L5-02.json,Y,N,,Y,,176.0
443,P021,General_user,1,SYS-R4,B-L6-02,B,L6,2026-04-16 09:22:34,2026-04-16 09:26:40,,证据链：冻结原文 → 实体识别 → 瓜 —hasNature→ 平 → 上下文范围核验。,logs/userstudy/P021/SYS-R4/B-L6-02.json,Y,N,,Y,,246.0
444,P021,General_user,1,SYS-R4,B-L6-01,B,L6,2026-04-16 09:27:02,2026-04-16 09:30:39,,未发现足够直接的谓词证据，暂不作确定判断。,logs/userstudy/P021/SYS-R4/B-L6-01.json,Y,N,,Y,,217.0
445,P021,General_user,2,SYS-T9,A-L1-02,A,L1,2026-04-16 09:50:58,2026-04-16 09:51:51,,甘；平,logs/userstudy/P021/SYS-T9/A-L1-02.json,Y,N,,Y,,53.0
446,P021,General_user,2,SYS-T9,A-L1-01,A,L1,2026-04-16 09:52:08,2026-04-16 09:54:03,,原文能确认相关实体，但关系方向和作用范围仍不够明确。,logs/userstudy/P021/SYS-T9/A-L1-01.json,Y,N,,Y,,115.0
447,P021,General_user,2,SYS-T9,A-L2-01,A,L2,2026-04-16 09:54:24,2026-04-16 09:56:03,,心（脏腑）；温（食性）；心（脏腑）,logs/userstudy/P021/SYS-T9/A-L2-01.json,Y,N,,Y,,99.0
448,P021,General_user,2,SYS-T9,A-L2-02,A,L2,2026-04-16 09:56:12,2026-04-16 09:58:31,,原文能确认相关实体，但关系方向和作用范围仍不够明确。,logs/userstudy/P021/SYS-T9/A-L2-02.json,Y,N,,Y,,139.0
449,P021,General_user,2,SYS-T9,A-L3-02,A,L3,2026-04-16 09:58:52,2026-04-16 10:00:47,,然多食生痰桑饮 —usesCookingMethod→ 腌,logs/userstudy/P021/SYS-T9/A-L3-02.json,Y,N,,Y,,115.0
450,P021,General_user,2,SYS-T9,A-L3-01,A,L3,2026-04-16 10:00:55,2026-04-16 10:03:24,,原文能确认相关实体，但关系方向和作用范围仍不够明确。,logs/userstudy/P021/SYS-T9/A-L3-01.json,Y,N,,Y,,149.0
451,P021,General_user,2,SYS-T9,A-L4-01,A,L4,2026-04-16 10:03:43,2026-04-16 10:07:18,,证据更充分的关系为：睡乡散 —recordedInText→ 《饮食谱》；理由：论元与谓词位于同句或同一处方段落。,logs/userstudy/P021/SYS-T9/A-L4-01.json,Y,N,,Y,,215.0
452,P021,General_user,2,SYS-T9,A-L4-02,A,L4,2026-04-16 10:07:30,2026-04-16 10:10:22,,证据更充分的关系为：盐 —hasFlavor→ 甘；理由：论元与谓词位于同句或同一处方段落。,logs/userstudy/P021/SYS-T9/A-L4-02.json,Y,N,,Y,,172.0
453,P021,General_user,2,SYS-T9,A-L5-01,A,L5,2026-04-16 10:10:47,2026-04-16 10:13:36,,未发现足够直接的谓词证据，暂不作确定判断。,logs/userstudy/P021/SYS-T9/A-L5-01.json,Y,N,,Y,,169.0
454,P021,General_user,2,SYS-T9,A-L5-02,A,L5,2026-04-16 10:13:52,2026-04-16 10:17:16,,原文能确认相关实体，但关系方向和作用范围仍不够明确。,logs/userstudy/P021/SYS-T9/A-L5-02.json,Y,N,,Y,,204.0
455,P021,General_user,2,SYS-T9,A-L6-02,A,L6,2026-04-16 10:17:28,2026-04-16 10:22:17,,未发现足够直接的谓词证据，暂不作确定判断。,logs/userstudy/P021/SYS-T9/A-L6-02.json,Y,N,,Y,,289.0
456,P021,General_user,2,SYS-T9,A-L6-01,A,L6,2026-04-16 10:22:27,2026-04-16 10:26:25,,证据链：冻结原文 → 实体识别 → 油 —hasNature→ 大寒 → 上下文范围核验。,logs/userstudy/P021/SYS-T9/A-L6-01.json,Y,N,,Y,,238.0
457,P022,General_user,1,SYS-T9,A-L1-02,A,L1,2026-04-16 14:20:32,2026-04-16 14:22:10,,甘；平,logs/userstudy/P022/SYS-T9/A-L1-02.json,Y,N,,Y,,98.0
458,P022,General_user,1,SYS-T9,A-L1-01,A,L1,2026-04-16 14:22:22,2026-04-16 14:24:02,,水；《内经》,logs/userstudy/P022/SYS-T9/A-L1-01.json,Y,N,,Y,,100.0
459,P022,General_user,1,SYS-T9,A-L2-01,A,L2,2026-04-16 14:24:15,2026-04-16 14:26:09,,心（脏腑）；温（食性）；心（脏腑）,logs/userstudy/P022/SYS-T9/A-L2-01.json,Y,N,,Y,,114.0
460,P022,General_user,1,SYS-T9,A-L2-02,A,L2,2026-04-16 14:26:30,2026-04-16 14:28:59,,水（食材）；水（食材）；选用食料的方（食疗方）,logs/userstudy/P022/SYS-T9/A-L2-02.json,Y,N,,Y,,149.0
461,P022,General_user,1,SYS-T9,A-L3-01,A,L3,2026-04-16 14:29:10,2026-04-16 14:31:09,,瓜 —hasNature→ 平,logs/userstudy/P022/SYS-T9/A-L3-01.json,Y,N,,Y,,119.0
462,P022,General_user,1,SYS-T9,A-L3-02,A,L3,2026-04-16 14:31:27,2026-04-16 14:33:57,,然多食生痰桑饮 —usesCookingMethod→ 腌,logs/userstudy/P022/SYS-T9/A-L3-02.json,Y,N,,Y,,150.0
463,P022,General_user,1,SYS-T9,A-L4-01,A,L4,2026-04-16 14:34:05,2026-04-16 14:36:45,,证据更充分的关系为：睡乡散 —recordedInText→ 《饮食谱》；理由：论元与谓词位于同句或同一处方段落。,logs/userstudy/P022/SYS-T9/A-L4-01.json,Y,N,,Y,,160.0
464,P022,General_user,1,SYS-T9,A-L4-02,A,L4,2026-04-16 14:37:06,2026-04-16 14:40:45,,证据更充分的关系为：盐 —hasFlavor→ 甘；理由：论元与谓词位于同句或同一处方段落。,logs/userstudy/P022/SYS-T9/A-L4-02.json,Y,N,,Y,,219.0
465,P022,General_user,1,SYS-T9,A-L5-01,A,L5,2026-04-16 14:41:07,2026-04-16 14:44:48,,原文能确认相关实体，但关系方向和作用范围仍不够明确。,logs/userstudy/P022/SYS-T9/A-L5-01.json,Y,N,,Y,,221.0
466,P022,General_user,1,SYS-T9,A-L5-02,A,L5,2026-04-16 14:45:00,2026-04-16 14:48:52,,候选关系应按原文作用范围判断；本片段可保留：油 —hasNature→ 凉，跨段推断不应采纳。,logs/userstudy/P022/SYS-T9/A-L5-02.json,Y,N,,Y,,232.0
467,P022,General_user,1,SYS-T9,A-L6-01,A,L6,2026-04-16 14:49:02,2026-04-16 14:53:51,,原文信息可能支持该结论，不过需要结合前后文进一步判断。,logs/userstudy/P022/SYS-T9/A-L6-01.json,Y,N,,Y,,289.0
468,P022,General_user,1,SYS-T9,A-L6-02,A,L6,2026-04-16 14:54:02,2026-04-16 14:57:22,,证据链：冻结原文 → 实体识别 → 水 —hasNature→ 凉 → 上下文范围核验。,logs/userstudy/P022/SYS-T9/A-L6-02.json,Y,N,,Y,,200.0
469,P022,General_user,2,SYS-R4,B-L1-01,B,L1,2026-04-16 15:17:38,2026-04-16 15:18:25,,温；消渴,logs/userstudy/P022/SYS-R4/B-L1-01.json,Y,N,,Y,,47.0
470,P022,General_user,2,SYS-R4,B-L1-02,B,L1,2026-04-16 15:18:39,2026-04-16 15:19:14,,盐；拌,logs/userstudy/P022/SYS-R4/B-L1-02.json,Y,N,,Y,,35.0
471,P022,General_user,2,SYS-R4,B-L2-02,B,L2,2026-04-16 15:19:37,2026-04-16 15:21:20,,油（食材）；水（食材）；水（食材）,logs/userstudy/P022/SYS-R4/B-L2-02.json,Y,N,,Y,,103.0
472,P022,General_user,2,SYS-R4,B-L2-01,B,L2,2026-04-16 15:21:29,2026-04-16 15:23:04,,《人世:间》（古籍来源）；《马蹄》（古籍来源）；或解作击散（食疗方）,logs/userstudy/P022/SYS-R4/B-L2-01.json,Y,N,,Y,,95.0
473,P022,General_user,2,SYS-R4,B-L3-02,B,L3,2026-04-16 15:23:21,2026-04-16 15:26:04,,内宫散 —containsIngredient→ 醋,logs/userstudy/P022/SYS-R4/B-L3-02.json,Y,N,,Y,,163.0
474,P022,General_user,2,SYS-R4,B-L3-01,B,L3,2026-04-16 15:26:27,2026-04-16 15:28:08,,水 —hasEffect→ 清热,logs/userstudy/P022/SYS-R4/B-L3-01.json,Y,N,,Y,,101.0
475,P022,General_user,2,SYS-R4,B-L4-01,B,L4,2026-04-16 15:28:16,2026-04-16 15:31:08,,未发现足够直接的谓词证据，暂不作确定判断。,logs/userstudy/P022/SYS-R4/B-L4-01.json,Y,N,,Y,,172.0
476,P022,General_user,2,SYS-R4,B-L4-02,B,L4,2026-04-16 15:31:23,2026-04-16 15:34:34,,原文信息可能支持该结论，不过需要结合前后文进一步判断。,logs/userstudy/P022/SYS-R4/B-L4-02.json,Y,N,,Y,,191.0
477,P022,General_user,2,SYS-R4,B-L5-01,B,L5,2026-04-16 15:34:45,2026-04-16 15:38:10,,候选关系应按原文作用范围判断；本片段可保留：黄豆 —recordedInText→ 《摘录》，跨段推断不应采纳。,logs/userstudy/P022/SYS-R4/B-L5-01.json,Y,N,,Y,,205.0
478,P022,General_user,2,SYS-R4,B-L5-02,B,L5,2026-04-16 15:38:22,2026-04-16 15:41:08,,原文能确认相关实体，但关系方向和作用范围仍不够明确。,logs/userstudy/P022/SYS-R4/B-L5-02.json,Y,N,,Y,,166.0
479,P022,General_user,2,SYS-R4,B-L6-01,B,L6,2026-04-16 15:41:29,2026-04-16 15:46:13,,证据链：冻结原文 → 实体识别 → 酒 —hasNature→ 寒 → 上下文范围核验。,logs/userstudy/P022/SYS-R4/B-L6-01.json,Y,N,,Y,,284.0
480,P022,General_user,2,SYS-R4,B-L6-02,B,L6,2026-04-16 15:46:34,2026-04-16 15:50:19,,证据链：冻结原文 → 实体识别 → 瓜 —hasNature→ 平 → 上下文范围核验。,logs/userstudy/P022/SYS-R4/B-L6-02.json,Y,N,,Y,,225.0
481,P023,General_user,1,SYS-R4,A-L1-02,A,L1,2026-04-17 09:20:39,2026-04-17 09:21:41,,甘；平,logs/userstudy/P023/SYS-R4/A-L1-02.json,Y,N,,Y,,62.0
482,P023,General_user,1,SYS-R4,A-L1-01,A,L1,2026-04-17 09:21:53,2026-04-17 09:22:55,,水；《内经》,logs/userstudy/P023/SYS-R4/A-L1-01.json,Y,N,,Y,,62.0
483,P023,General_user,1,SYS-R4,A-L2-01,A,L2,2026-04-17 09:23:07,2026-04-17 09:23:59,,心（脏腑）；温（食性）；心（脏腑）,logs/userstudy/P023/SYS-R4/A-L2-01.json,Y,N,,Y,,52.0
484,P023,General_user,1,SYS-R4,A-L2-02,A,L2,2026-04-17 09:24:24,2026-04-17 09:25:49,,水（食材）；水（食材）；选用食料的方（食疗方）,logs/userstudy/P023/SYS-R4/A-L2-02.json,Y,N,,Y,,85.0
485,P023,General_user,1,SYS-R4,A-L3-01,A,L3,2026-04-17 09:26:08,2026-04-17 09:28:02,,瓜 —hasNature→ 平,logs/userstudy/P023/SYS-R4/A-L3-01.json,Y,N,,Y,,114.0
486,P023,General_user,1,SYS-R4,A-L3-02,A,L3,2026-04-17 09:28:20,2026-04-17 09:30:15,,然多食生痰桑饮 —usesCookingMethod→ 腌,logs/userstudy/P023/SYS-R4/A-L3-02.json,Y,N,,Y,,115.0
487,P023,General_user,1,SYS-R4,A-L4-01,A,L4,2026-04-17 09:30:31,2026-04-17 09:33:08,,证据更充分的关系为：睡乡散 —recordedInText→ 《饮食谱》；理由：论元与谓词位于同句或同一处方段落。,logs/userstudy/P023/SYS-R4/A-L4-01.json,Y,N,,Y,,157.0
488,P023,General_user,1,SYS-R4,A-L4-02,A,L4,2026-04-17 09:33:17,2026-04-17 09:34:59,,证据更充分的关系为：盐 —hasFlavor→ 甘；理由：论元与谓词位于同句或同一处方段落。,logs/userstudy/P023/SYS-R4/A-L4-02.json,Y,N,,Y,,102.0
489,P023,General_user,1,SYS-R4,A-L5-02,A,L5,2026-04-17 09:35:15,2026-04-17 09:37:30,,候选关系应按原文作用范围判断；本片段可保留：油 —hasNature→ 凉，跨段推断不应采纳。,logs/userstudy/P023/SYS-R4/A-L5-02.json,Y,N,,Y,,135.0
490,P023,General_user,1,SYS-R4,A-L5-01,A,L5,2026-04-17 09:37:50,2026-04-17 09:41:34,,原文信息可能支持该结论，不过需要结合前后文进一步判断。,logs/userstudy/P023/SYS-R4/A-L5-01.json,Y,N,,Y,,224.0
491,P023,General_user,1,SYS-R4,A-L6-02,A,L6,2026-04-17 09:41:47,2026-04-17 09:45:36,,证据链：冻结原文 → 实体识别 → 水 —hasNature→ 凉 → 上下文范围核验。,logs/userstudy/P023/SYS-R4/A-L6-02.json,Y,N,,Y,,229.0
492,P023,General_user,1,SYS-R4,A-L6-01,A,L6,2026-04-17 09:45:56,2026-04-17 09:50:29,,证据链：冻结原文 → 实体识别 → 油 —hasNature→ 大寒 → 上下文范围核验。,logs/userstudy/P023/SYS-R4/A-L6-01.json,Y,N,,Y,,273.0
493,P023,General_user,2,SYS-T9,B-L1-02,B,L1,2026-04-17 10:10:47,2026-04-17 10:12:39,,盐；拌,logs/userstudy/P023/SYS-T9/B-L1-02.json,Y,N,,Y,,112.0
494,P023,General_user,2,SYS-T9,B-L1-01,B,L1,2026-04-17 10:13:00,2026-04-17 10:14:21,,温；消渴,logs/userstudy/P023/SYS-T9/B-L1-01.json,Y,N,,Y,,81.0
495,P023,General_user,2,SYS-T9,B-L2-01,B,L2,2026-04-17 10:14:44,2026-04-17 10:16:22,,原文信息可能支持该结论，不过需要结合前后文进一步判断。,logs/userstudy/P023/SYS-T9/B-L2-01.json,Y,N,,Y,,98.0
496,P023,General_user,2,SYS-T9,B-L2-02,B,L2,2026-04-17 10:16:43,2026-04-17 10:18:09,,油（食材）；水（食材）；水（食材）,logs/userstudy/P023/SYS-T9/B-L2-02.json,Y,N,,Y,,86.0
497,P023,General_user,2,SYS-T9,B-L3-02,B,L3,2026-04-17 10:18:26,2026-04-17 10:20:18,,内宫散 —containsIngredient→ 醋,logs/userstudy/P023/SYS-T9/B-L3-02.json,Y,N,,Y,,112.0
498,P023,General_user,2,SYS-T9,B-L3-01,B,L3,2026-04-17 10:20:41,2026-04-17 10:23:29,,水 —hasEffect→ 清热,logs/userstudy/P023/SYS-T9/B-L3-01.json,Y,N,,Y,,168.0
499,P023,General_user,2,SYS-T9,B-L4-01,B,L4,2026-04-17 10:23:51,2026-04-17 10:27:23,,证据更充分的关系为：水 —hasNature→ 平；理由：论元与谓词位于同句或同一处方段落。,logs/userstudy/P023/SYS-T9/B-L4-01.json,Y,N,,Y,,212.0
500,P023,General_user,2,SYS-T9,B-L4-02,B,L4,2026-04-17 10:27:39,2026-04-17 10:30:57,,证据更充分的关系为：米 —hasFlavor→ 甘；理由：论元与谓词位于同句或同一处方段落。,logs/userstudy/P023/SYS-T9/B-L4-02.json,Y,N,,Y,,198.0
501,P023,General_user,2,SYS-T9,B-L5-02,B,L5,2026-04-17 10:31:10,2026-04-17 10:35:01,,候选关系应按原文作用范围判断；本片段可保留：水 —hasFlavor→ 涩，跨段推断不应采纳。,logs/userstudy/P023/SYS-T9/B-L5-02.json,Y,N,,Y,,231.0
502,P023,General_user,2,SYS-T9,B-L5-01,B,L5,2026-04-17 10:35:24,2026-04-17 10:39:08,,原文信息可能支持该结论，不过需要结合前后文进一步判断。,logs/userstudy/P023/SYS-T9/B-L5-01.json,Y,N,,Y,,224.0
503,P023,General_user,2,SYS-T9,B-L6-02,B,L6,2026-04-17 10:39:22,2026-04-17 10:43:05,,原文信息可能支持该结论，不过需要结合前后文进一步判断。,logs/userstudy/P023/SYS-T9/B-L6-02.json,Y,N,,Y,,223.0
504,P023,General_user,2,SYS-T9,B-L6-01,B,L6,2026-04-17 10:43:25,2026-04-17 10:46:50,,原文能确认相关实体，但关系方向和作用范围仍不够明确。,logs/userstudy/P023/SYS-T9/B-L6-01.json,Y,N,,Y,,205.0
505,P024,General_user,1,SYS-T9,B-L1-01,B,L1,2026-04-17 14:30:22,2026-04-17 14:31:46,,温；消渴,logs/userstudy/P024/SYS-T9/B-L1-01.json,Y,N,,Y,,84.0
506,P024,General_user,1,SYS-T9,B-L1-02,B,L1,2026-04-17 14:32:08,2026-04-17 14:33:10,,盐；拌,logs/userstudy/P024/SYS-T9/B-L1-02.json,Y,N,,Y,,62.0
507,P024,General_user,1,SYS-T9,B-L2-01,B,L2,2026-04-17 14:33:26,2026-04-17 14:35:10,,《人世:间》（古籍来源）；《马蹄》（古籍来源）；或解作击散（食疗方）,logs/userstudy/P024/SYS-T9/B-L2-01.json,Y,N,,Y,,104.0
508,P024,General_user,1,SYS-T9,B-L2-02,B,L2,2026-04-17 14:35:19,2026-04-17 14:37:07,,油（食材）；水（食材）；水（食材）,logs/userstudy/P024/SYS-T9/B-L2-02.json,Y,N,,Y,,108.0
509,P024,General_user,1,SYS-T9,B-L3-01,B,L3,2026-04-17 14:37:15,2026-04-17 14:40:14,,未发现足够直接的谓词证据，暂不作确定判断。,logs/userstudy/P024/SYS-T9/B-L3-01.json,Y,N,,Y,,179.0
510,P024,General_user,1,SYS-T9,B-L3-02,B,L3,2026-04-17 14:40:28,2026-04-17 14:42:21,,原文能确认相关实体，但关系方向和作用范围仍不够明确。,logs/userstudy/P024/SYS-T9/B-L3-02.json,Y,N,,Y,,113.0
511,P024,General_user,1,SYS-T9,B-L4-01,B,L4,2026-04-17 14:42:31,2026-04-17 14:46:36,,证据更充分的关系为：水 —hasNature→ 平；理由：论元与谓词位于同句或同一处方段落。,logs/userstudy/P024/SYS-T9/B-L4-01.json,Y,N,,Y,,245.0
512,P024,General_user,1,SYS-T9,B-L4-02,B,L4,2026-04-17 14:46:58,2026-04-17 14:49:30,,证据更充分的关系为：米 —hasFlavor→ 甘；理由：论元与谓词位于同句或同一处方段落。,logs/userstudy/P024/SYS-T9/B-L4-02.json,Y,N,,Y,,152.0
513,P024,General_user,1,SYS-T9,B-L5-02,B,L5,2026-04-17 14:49:44,2026-04-17 14:53:32,,原文信息可能支持该结论，不过需要结合前后文进一步判断。,logs/userstudy/P024/SYS-T9/B-L5-02.json,Y,N,,Y,,228.0
514,P024,General_user,1,SYS-T9,B-L5-01,B,L5,2026-04-17 14:53:44,2026-04-17 14:57:43,,候选关系应按原文作用范围判断；本片段可保留：黄豆 —recordedInText→ 《摘录》，跨段推断不应采纳。,logs/userstudy/P024/SYS-T9/B-L5-01.json,Y,N,,Y,,239.0
515,P024,General_user,1,SYS-T9,B-L6-02,B,L6,2026-04-17 14:57:54,2026-04-17 15:01:58,,证据链：冻结原文 → 实体识别 → 瓜 —hasNature→ 平 → 上下文范围核验。,logs/userstudy/P024/SYS-T9/B-L6-02.json,Y,N,,Y,,244.0
516,P024,General_user,1,SYS-T9,B-L6-01,B,L6,2026-04-17 15:02:10,2026-04-17 15:06:37,,证据链：冻结原文 → 实体识别 → 酒 —hasNature→ 寒 → 上下文范围核验。,logs/userstudy/P024/SYS-T9/B-L6-01.json,Y,N,,Y,,267.0
517,P024,General_user,2,SYS-R4,A-L1-01,A,L1,2026-04-17 15:26:50,2026-04-17 15:27:38,,水；《内经》,logs/userstudy/P024/SYS-R4/A-L1-01.json,Y,N,,Y,,48.0
518,P024,General_user,2,SYS-R4,A-L1-02,A,L1,2026-04-17 15:28:00,2026-04-17 15:28:35,,甘；平,logs/userstudy/P024/SYS-R4/A-L1-02.json,Y,N,,Y,,35.0
519,P024,General_user,2,SYS-R4,A-L2-01,A,L2,2026-04-17 15:28:49,2026-04-17 15:30:06,,心（脏腑）；温（食性）；心（脏腑）,logs/userstudy/P024/SYS-R4/A-L2-01.json,Y,N,,Y,,77.0
520,P024,General_user,2,SYS-R4,A-L2-02,A,L2,2026-04-17 15:30:29,2026-04-17 15:32:18,,水（食材）；水（食材）；选用食料的方（食疗方）,logs/userstudy/P024/SYS-R4/A-L2-02.json,Y,N,,Y,,109.0
521,P024,General_user,2,SYS-R4,A-L3-02,A,L3,2026-04-17 15:32:27,2026-04-17 15:34:33,,然多食生痰桑饮 —usesCookingMethod→ 腌,logs/userstudy/P024/SYS-R4/A-L3-02.json,Y,N,,Y,,126.0
522,P024,General_user,2,SYS-R4,A-L3-01,A,L3,2026-04-17 15:34:42,2026-04-17 15:35:38,,瓜 —hasNature→ 平,logs/userstudy/P024/SYS-R4/A-L3-01.json,Y,N,,Y,,56.0
523,P024,General_user,2,SYS-R4,A-L4-01,A,L4,2026-04-17 15:36:01,2026-04-17 15:38:35,,证据更充分的关系为：睡乡散 —recordedInText→ 《饮食谱》；理由：论元与谓词位于同句或同一处方段落。,logs/userstudy/P024/SYS-R4/A-L4-01.json,Y,N,,Y,,154.0
524,P024,General_user,2,SYS-R4,A-L4-02,A,L4,2026-04-17 15:38:49,2026-04-17 15:41:25,,证据更充分的关系为：盐 —hasFlavor→ 甘；理由：论元与谓词位于同句或同一处方段落。,logs/userstudy/P024/SYS-R4/A-L4-02.json,Y,N,,Y,,156.0
525,P024,General_user,2,SYS-R4,A-L5-02,A,L5,2026-04-17 15:41:38,2026-04-17 15:45:08,,候选关系应按原文作用范围判断；本片段可保留：油 —hasNature→ 凉，跨段推断不应采纳。,logs/userstudy/P024/SYS-R4/A-L5-02.json,Y,N,,Y,,210.0
526,P024,General_user,2,SYS-R4,A-L5-01,A,L5,2026-04-17 15:45:26,2026-04-17 15:49:01,,候选关系应按原文作用范围判断；本片段可保留：水 —hasNature→ 寒，跨段推断不应采纳。,logs/userstudy/P024/SYS-R4/A-L5-01.json,Y,N,,Y,,215.0
527,P024,General_user,2,SYS-R4,A-L6-02,A,L6,2026-04-17 15:49:09,2026-04-17 15:52:26,,证据链：冻结原文 → 实体识别 → 水 —hasNature→ 凉 → 上下文范围核验。,logs/userstudy/P024/SYS-R4/A-L6-02.json,Y,N,,Y,,197.0
528,P024,General_user,2,SYS-R4,A-L6-01,A,L6,2026-04-17 15:52:49,2026-04-17 15:56:45,,证据链：冻结原文 → 实体识别 → 油 —hasNature→ 大寒 → 上下文范围核验。,logs/userstudy/P024/SYS-R4/A-L6-01.json,Y,N,,Y,,236.0
529,P025,General_user,1,SYS-R4,B-L1-02,B,L1,2026-04-20 09:00:23,2026-04-20 09:01:33,,盐；拌,logs/userstudy/P025/SYS-R4/B-L1-02.json,Y,N,,Y,,70.0
530,P025,General_user,1,SYS-R4,B-L1-01,B,L1,2026-04-20 09:01:51,2026-04-20 09:02:39,,温；消渴,logs/userstudy/P025/SYS-R4/B-L1-01.json,Y,N,,Y,,48.0
531,P025,General_user,1,SYS-R4,B-L2-01,B,L2,2026-04-20 09:02:47,2026-04-20 09:04:30,,《人世:间》（古籍来源）；《马蹄》（古籍来源）；或解作击散（食疗方）,logs/userstudy/P025/SYS-R4/B-L2-01.json,Y,N,,Y,,103.0
532,P025,General_user,1,SYS-R4,B-L2-02,B,L2,2026-04-20 09:04:42,2026-04-20 09:06:32,,油（食材）；水（食材）；水（食材）,logs/userstudy/P025/SYS-R4/B-L2-02.json,Y,N,,Y,,110.0
533,P025,General_user,1,SYS-R4,B-L3-02,B,L3,2026-04-20 09:06:49,2026-04-20 09:08:47,,内宫散 —containsIngredient→ 醋,logs/userstudy/P025/SYS-R4/B-L3-02.json,Y,N,,Y,,118.0
534,P025,General_user,1,SYS-R4,B-L3-01,B,L3,2026-04-20 09:09:03,2026-04-20 09:11:51,,水 —hasEffect→ 清热,logs/userstudy/P025/SYS-R4/B-L3-01.json,Y,N,,Y,,168.0
535,P025,General_user,1,SYS-R4,B-L4-01,B,L4,2026-04-20 09:12:03,2026-04-20 09:14:50,,证据更充分的关系为：水 —hasNature→ 平；理由：论元与谓词位于同句或同一处方段落。,logs/userstudy/P025/SYS-R4/B-L4-01.json,Y,N,,Y,,167.0
536,P025,General_user,1,SYS-R4,B-L4-02,B,L4,2026-04-20 09:15:10,2026-04-20 09:18:12,,证据更充分的关系为：米 —hasFlavor→ 甘；理由：论元与谓词位于同句或同一处方段落。,logs/userstudy/P025/SYS-R4/B-L4-02.json,Y,N,,Y,,182.0
537,P025,General_user,1,SYS-R4,B-L5-01,B,L5,2026-04-20 09:18:28,2026-04-20 09:22:50,,原文能确认相关实体，但关系方向和作用范围仍不够明确。,logs/userstudy/P025/SYS-R4/B-L5-01.json,Y,N,,Y,,262.0
538,P025,General_user,1,SYS-R4,B-L5-02,B,L5,2026-04-20 09:23:14,2026-04-20 09:25:49,,候选关系应按原文作用范围判断；本片段可保留：水 —hasFlavor→ 涩，跨段推断不应采纳。,logs/userstudy/P025/SYS-R4/B-L5-02.json,Y,N,,Y,,155.0
539,P025,General_user,1,SYS-R4,B-L6-01,B,L6,2026-04-20 09:26:14,2026-04-20 09:29:39,,倾向于认为候选关系成立，但未能给出完整证据链。,logs/userstudy/P025/SYS-R4/B-L6-01.json,Y,N,,Y,,205.0
540,P025,General_user,1,SYS-R4,B-L6-02,B,L6,2026-04-20 09:29:50,2026-04-20 09:33:48,,证据链：冻结原文 → 实体识别 → 瓜 —hasNature→ 平 → 上下文范围核验。,logs/userstudy/P025/SYS-R4/B-L6-02.json,Y,N,,Y,,238.0
541,P025,General_user,2,SYS-T9,A-L1-02,A,L1,2026-04-20 09:54:02,2026-04-20 09:55:53,,甘；平,logs/userstudy/P025/SYS-T9/A-L1-02.json,Y,N,,Y,,111.0
542,P025,General_user,2,SYS-T9,A-L1-01,A,L1,2026-04-20 09:56:06,2026-04-20 09:58:03,,水；《内经》,logs/userstudy/P025/SYS-T9/A-L1-01.json,Y,N,,Y,,117.0
543,P025,General_user,2,SYS-T9,A-L2-01,A,L2,2026-04-20 09:58:27,2026-04-20 09:59:49,,心（脏腑）；温（食性）；心（脏腑）,logs/userstudy/P025/SYS-T9/A-L2-01.json,Y,N,,Y,,82.0
544,P025,General_user,2,SYS-T9,A-L2-02,A,L2,2026-04-20 10:00:03,2026-04-20 10:02:45,,水（食材）；水（食材）；选用食料的方（食疗方）,logs/userstudy/P025/SYS-T9/A-L2-02.json,Y,N,,Y,,162.0
545,P025,General_user,2,SYS-T9,A-L3-01,A,L3,2026-04-20 10:02:59,2026-04-20 10:05:05,,瓜 —hasNature→ 平,logs/userstudy/P025/SYS-T9/A-L3-01.json,Y,N,,Y,,126.0
546,P025,General_user,2,SYS-T9,A-L3-02,A,L3,2026-04-20 10:05:27,2026-04-20 10:07:52,,然多食生痰桑饮 —usesCookingMethod→ 腌,logs/userstudy/P025/SYS-T9/A-L3-02.json,Y,N,,Y,,145.0
547,P025,General_user,2,SYS-T9,A-L4-01,A,L4,2026-04-20 10:08:11,2026-04-20 10:11:44,,证据更充分的关系为：睡乡散 —recordedInText→ 《饮食谱》；理由：论元与谓词位于同句或同一处方段落。,logs/userstudy/P025/SYS-T9/A-L4-01.json,Y,N,,Y,,213.0
548,P025,General_user,2,SYS-T9,A-L4-02,A,L4,2026-04-20 10:12:07,2026-04-20 10:15:51,,证据更充分的关系为：盐 —hasFlavor→ 甘；理由：论元与谓词位于同句或同一处方段落。,logs/userstudy/P025/SYS-T9/A-L4-02.json,Y,N,,Y,,224.0
549,P025,General_user,2,SYS-T9,A-L5-02,A,L5,2026-04-20 10:16:13,2026-04-20 10:19:59,,候选关系应按原文作用范围判断；本片段可保留：油 —hasNature→ 凉，跨段推断不应采纳。,logs/userstudy/P025/SYS-T9/A-L5-02.json,Y,N,,Y,,226.0
550,P025,General_user,2,SYS-T9,A-L5-01,A,L5,2026-04-20 10:20:16,2026-04-20 10:23:30,,原文信息可能支持该结论，不过需要结合前后文进一步判断。,logs/userstudy/P025/SYS-T9/A-L5-01.json,Y,N,,Y,,194.0
551,P025,General_user,2,SYS-T9,A-L6-02,A,L6,2026-04-20 10:23:49,2026-04-20 10:28:10,,原文信息可能支持该结论，不过需要结合前后文进一步判断。,logs/userstudy/P025/SYS-T9/A-L6-02.json,Y,N,,Y,,261.0
552,P025,General_user,2,SYS-T9,A-L6-01,A,L6,2026-04-20 10:28:27,2026-04-20 10:32:27,,原文信息可能支持该结论，不过需要结合前后文进一步判断。,logs/userstudy/P025/SYS-T9/A-L6-01.json,Y,N,,Y,,240.0
553,P026,General_user,1,SYS-T9,A-L1-01,A,L1,2026-04-20 14:30:17,2026-04-20 14:32:10,,水；《内经》,logs/userstudy/P026/SYS-T9/A-L1-01.json,Y,N,,Y,,113.0
554,P026,General_user,1,SYS-T9,A-L1-02,A,L1,2026-04-20 14:32:22,2026-04-20 14:33:27,,原文信息可能支持该结论，不过需要结合前后文进一步判断。,logs/userstudy/P026/SYS-T9/A-L1-02.json,Y,N,,Y,,65.0
555,P026,General_user,1,SYS-T9,A-L2-01,A,L2,2026-04-20 14:33:40,2026-04-20 14:35:39,,心（脏腑）；温（食性）；心（脏腑）,logs/userstudy/P026/SYS-T9/A-L2-01.json,Y,N,,Y,,119.0
556,P026,General_user,1,SYS-T9,A-L2-02,A,L2,2026-04-20 14:35:51,2026-04-20 14:38:07,,水（食材）；水（食材）；选用食料的方（食疗方）,logs/userstudy/P026/SYS-T9/A-L2-02.json,Y,N,,Y,,136.0
557,P026,General_user,1,SYS-T9,A-L3-01,A,L3,2026-04-20 14:38:21,2026-04-20 14:40:37,,瓜 —hasNature→ 平,logs/userstudy/P026/SYS-T9/A-L3-01.json,Y,N,,Y,,136.0
558,P026,General_user,1,SYS-T9,A-L3-02,A,L3,2026-04-20 14:41:01,2026-04-20 14:42:47,,然多食生痰桑饮 —usesCookingMethod→ 腌,logs/userstudy/P026/SYS-T9/A-L3-02.json,Y,N,,Y,,106.0
559,P026,General_user,1,SYS-T9,A-L4-02,A,L4,2026-04-20 14:42:59,2026-04-20 14:46:18,,证据更充分的关系为：盐 —hasFlavor→ 甘；理由：论元与谓词位于同句或同一处方段落。,logs/userstudy/P026/SYS-T9/A-L4-02.json,Y,N,,Y,,199.0
560,P026,General_user,1,SYS-T9,A-L4-01,A,L4,2026-04-20 14:46:39,2026-04-20 14:50:50,,证据更充分的关系为：睡乡散 —recordedInText→ 《饮食谱》；理由：论元与谓词位于同句或同一处方段落。,logs/userstudy/P026/SYS-T9/A-L4-01.json,Y,N,,Y,,251.0
561,P026,General_user,1,SYS-T9,A-L5-02,A,L5,2026-04-20 14:51:03,2026-04-20 14:53:57,,候选关系应按原文作用范围判断；本片段可保留：油 —hasNature→ 凉，跨段推断不应采纳。,logs/userstudy/P026/SYS-T9/A-L5-02.json,Y,N,,Y,,174.0
562,P026,General_user,1,SYS-T9,A-L5-01,A,L5,2026-04-20 14:54:09,2026-04-20 14:58:33,,原文能确认相关实体，但关系方向和作用范围仍不够明确。,logs/userstudy/P026/SYS-T9/A-L5-01.json,Y,N,,Y,,264.0
563,P026,General_user,1,SYS-T9,A-L6-02,A,L6,2026-04-20 14:58:58,2026-04-20 15:03:58,,证据链：冻结原文 → 实体识别 → 水 —hasNature→ 凉 → 上下文范围核验。,logs/userstudy/P026/SYS-T9/A-L6-02.json,Y,N,,Y,,300.0
564,P026,General_user,1,SYS-T9,A-L6-01,A,L6,2026-04-20 15:04:15,2026-04-20 15:09:15,,原文信息可能支持该结论，不过需要结合前后文进一步判断。,logs/userstudy/P026/SYS-T9/A-L6-01.json,Y,N,,Y,,300.0
565,P026,General_user,2,SYS-R4,B-L1-02,B,L1,2026-04-20 15:29:34,2026-04-20 15:30:52,,盐；拌,logs/userstudy/P026/SYS-R4/B-L1-02.json,Y,N,,Y,,78.0
566,P026,General_user,2,SYS-R4,B-L1-01,B,L1,2026-04-20 15:31:07,2026-04-20 15:32:01,,温；消渴,logs/userstudy/P026/SYS-R4/B-L1-01.json,Y,N,,Y,,54.0
567,P026,General_user,2,SYS-R4,B-L2-02,B,L2,2026-04-20 15:32:16,2026-04-20 15:33:12,,油（食材）；水（食材）；水（食材）,logs/userstudy/P026/SYS-R4/B-L2-02.json,Y,N,,Y,,56.0
568,P026,General_user,2,SYS-R4,B-L2-01,B,L2,2026-04-20 15:33:31,2026-04-20 15:35:18,,《人世:间》（古籍来源）；《马蹄》（古籍来源）；或解作击散（食疗方）,logs/userstudy/P026/SYS-R4/B-L2-01.json,Y,N,,Y,,107.0
569,P026,General_user,2,SYS-R4,B-L3-02,B,L3,2026-04-20 15:35:29,2026-04-20 15:36:22,,内宫散 —containsIngredient→ 醋,logs/userstudy/P026/SYS-R4/B-L3-02.json,Y,N,,Y,,53.0
570,P026,General_user,2,SYS-R4,B-L3-01,B,L3,2026-04-20 15:36:38,2026-04-20 15:39:29,,水 —hasEffect→ 清热,logs/userstudy/P026/SYS-R4/B-L3-01.json,Y,N,,Y,,171.0
571,P026,General_user,2,SYS-R4,B-L4-02,B,L4,2026-04-20 15:39:52,2026-04-20 15:42:45,,证据更充分的关系为：米 —hasFlavor→ 甘；理由：论元与谓词位于同句或同一处方段落。,logs/userstudy/P026/SYS-R4/B-L4-02.json,Y,N,,Y,,173.0
572,P026,General_user,2,SYS-R4,B-L4-01,B,L4,2026-04-20 15:43:06,2026-04-20 15:45:40,,证据更充分的关系为：水 —hasNature→ 平；理由：论元与谓词位于同句或同一处方段落。,logs/userstudy/P026/SYS-R4/B-L4-01.json,Y,N,,Y,,154.0
573,P026,General_user,2,SYS-R4,B-L5-01,B,L5,2026-04-20 15:45:52,2026-04-20 15:48:22,,候选关系应按原文作用范围判断；本片段可保留：黄豆 —recordedInText→ 《摘录》，跨段推断不应采纳。,logs/userstudy/P026/SYS-R4/B-L5-01.json,Y,N,,Y,,150.0
574,P026,General_user,2,SYS-R4,B-L5-02,B,L5,2026-04-20 15:48:35,2026-04-20 15:50:42,,候选关系应按原文作用范围判断；本片段可保留：水 —hasFlavor→ 涩，跨段推断不应采纳。,logs/userstudy/P026/SYS-R4/B-L5-02.json,Y,N,,Y,,127.0
575,P026,General_user,2,SYS-R4,B-L6-02,B,L6,2026-04-20 15:51:02,2026-04-20 15:55:26,,证据链：冻结原文 → 实体识别 → 瓜 —hasNature→ 平 → 上下文范围核验。,logs/userstudy/P026/SYS-R4/B-L6-02.json,Y,N,,Y,,264.0
576,P026,General_user,2,SYS-R4,B-L6-01,B,L6,2026-04-20 15:55:42,2026-04-20 15:59:16,,原文能确认相关实体，但关系方向和作用范围仍不够明确。,logs/userstudy/P026/SYS-R4/B-L6-01.json,Y,N,,Y,,214.0
577,P027,General_user,1,SYS-R4,A-L1-02,A,L1,2026-04-20 09:20:22,2026-04-20 09:20:57,,甘；平,logs/userstudy/P027/SYS-R4/A-L1-02.json,Y,N,,Y,,35.0
578,P027,General_user,1,SYS-R4,A-L1-01,A,L1,2026-04-20 09:21:10,2026-04-20 09:22:49,,水；《内经》,logs/userstudy/P027/SYS-R4/A-L1-01.json,Y,N,,Y,,99.0
579,P027,General_user,1,SYS-R4,A-L2-01,A,L2,2026-04-20 09:23:11,2026-04-20 09:23:46,,心（脏腑）；温（食性）；心（脏腑）,logs/userstudy/P027/SYS-R4/A-L2-01.json,Y,N,,Y,,35.0
580,P027,General_user,1,SYS-R4,A-L2-02,A,L2,2026-04-20 09:24:10,2026-04-20 09:24:54,,水（食材）；水（食材）；选用食料的方（食疗方）,logs/userstudy/P027/SYS-R4/A-L2-02.json,Y,N,,Y,,44.0
581,P027,General_user,1,SYS-R4,A-L3-01,A,L3,2026-04-20 09:25:12,2026-04-20 09:27:44,,瓜 —hasNature→ 平,logs/userstudy/P027/SYS-R4/A-L3-01.json,Y,N,,Y,,152.0
582,P027,General_user,1,SYS-R4,A-L3-02,A,L3,2026-04-20 09:28:05,2026-04-20 09:29:42,,然多食生痰桑饮 —usesCookingMethod→ 腌,logs/userstudy/P027/SYS-R4/A-L3-02.json,Y,N,,Y,,97.0
583,P027,General_user,1,SYS-R4,A-L4-02,A,L4,2026-04-20 09:29:53,2026-04-20 09:33:04,,原文信息可能支持该结论，不过需要结合前后文进一步判断。,logs/userstudy/P027/SYS-R4/A-L4-02.json,Y,N,,Y,,191.0
584,P027,General_user,1,SYS-R4,A-L4-01,A,L4,2026-04-20 09:33:26,2026-04-20 09:36:47,,证据更充分的关系为：睡乡散 —recordedInText→ 《饮食谱》；理由：论元与谓词位于同句或同一处方段落。,logs/userstudy/P027/SYS-R4/A-L4-01.json,Y,N,,Y,,201.0
585,P027,General_user,1,SYS-R4,A-L5-02,A,L5,2026-04-20 09:37:02,2026-04-20 09:40:19,,倾向于认为候选关系成立，但未能给出完整证据链。,logs/userstudy/P027/SYS-R4/A-L5-02.json,Y,N,,Y,,197.0
586,P027,General_user,1,SYS-R4,A-L5-01,A,L5,2026-04-20 09:40:34,2026-04-20 09:44:17,,候选关系应按原文作用范围判断；本片段可保留：水 —hasNature→ 寒，跨段推断不应采纳。,logs/userstudy/P027/SYS-R4/A-L5-01.json,Y,N,,Y,,223.0
587,P027,General_user,1,SYS-R4,A-L6-02,A,L6,2026-04-20 09:44:25,2026-04-20 09:48:28,,证据链：冻结原文 → 实体识别 → 水 —hasNature→ 凉 → 上下文范围核验。,logs/userstudy/P027/SYS-R4/A-L6-02.json,Y,N,,Y,,243.0
588,P027,General_user,1,SYS-R4,A-L6-01,A,L6,2026-04-20 09:48:37,2026-04-20 09:52:50,,证据链：冻结原文 → 实体识别 → 油 —hasNature→ 大寒 → 上下文范围核验。,logs/userstudy/P027/SYS-R4/A-L6-01.json,Y,N,,Y,,253.0
589,P027,General_user,2,SYS-T9,B-L1-02,B,L1,2026-04-20 10:13:01,2026-04-20 10:14:53,,盐；拌,logs/userstudy/P027/SYS-T9/B-L1-02.json,Y,N,,Y,,112.0
590,P027,General_user,2,SYS-T9,B-L1-01,B,L1,2026-04-20 10:15:14,2026-04-20 10:16:56,,温；消渴,logs/userstudy/P027/SYS-T9/B-L1-01.json,Y,N,,Y,,102.0
591,P027,General_user,2,SYS-T9,B-L2-01,B,L2,2026-04-20 10:17:15,2026-04-20 10:19:36,,倾向于认为候选关系成立，但未能给出完整证据链。,logs/userstudy/P027/SYS-T9/B-L2-01.json,Y,N,,Y,,141.0
592,P027,General_user,2,SYS-T9,B-L2-02,B,L2,2026-04-20 10:19:51,2026-04-20 10:21:31,,油（食材）；水（食材）；水（食材）,logs/userstudy/P027/SYS-T9/B-L2-02.json,Y,N,,Y,,100.0
593,P027,General_user,2,SYS-T9,B-L3-02,B,L3,2026-04-20 10:21:51,2026-04-20 10:23:41,,内宫散 —containsIngredient→ 醋,logs/userstudy/P027/SYS-T9/B-L3-02.json,Y,N,,Y,,110.0
594,P027,General_user,2,SYS-T9,B-L3-01,B,L3,2026-04-20 10:24:01,2026-04-20 10:27:05,,水 —hasEffect→ 清热,logs/userstudy/P027/SYS-T9/B-L3-01.json,Y,N,,Y,,184.0
595,P027,General_user,2,SYS-T9,B-L4-01,B,L4,2026-04-20 10:27:22,2026-04-20 10:31:32,,证据更充分的关系为：水 —hasNature→ 平；理由：论元与谓词位于同句或同一处方段落。,logs/userstudy/P027/SYS-T9/B-L4-01.json,Y,N,,Y,,250.0
596,P027,General_user,2,SYS-T9,B-L4-02,B,L4,2026-04-20 10:31:50,2026-04-20 10:34:51,,证据更充分的关系为：米 —hasFlavor→ 甘；理由：论元与谓词位于同句或同一处方段落。,logs/userstudy/P027/SYS-T9/B-L4-02.json,Y,N,,Y,,181.0
597,P027,General_user,2,SYS-T9,B-L5-02,B,L5,2026-04-20 10:35:00,2026-04-20 10:39:11,,候选关系应按原文作用范围判断；本片段可保留：水 —hasFlavor→ 涩，跨段推断不应采纳。,logs/userstudy/P027/SYS-T9/B-L5-02.json,Y,N,,Y,,251.0
598,P027,General_user,2,SYS-T9,B-L5-01,B,L5,2026-04-20 10:39:19,2026-04-20 10:42:22,,原文能确认相关实体，但关系方向和作用范围仍不够明确。,logs/userstudy/P027/SYS-T9/B-L5-01.json,Y,N,,Y,,183.0
599,P027,General_user,2,SYS-T9,B-L6-02,B,L6,2026-04-20 10:42:36,2026-04-20 10:48:33,,倾向于认为候选关系成立，但未能给出完整证据链。,logs/userstudy/P027/SYS-T9/B-L6-02.json,Y,N,,Y,,357.0
600,P027,General_user,2,SYS-T9,B-L6-01,B,L6,2026-04-20 10:48:41,2026-04-20 10:53:10,,倾向于认为候选关系成立，但未能给出完整证据链。,logs/userstudy/P027/SYS-T9/B-L6-01.json,Y,N,,Y,,269.0
601,P028,General_user,1,SYS-T9,B-L1-02,B,L1,2026-04-20 14:30:35,2026-04-20 14:31:59,,盐；拌,logs/userstudy/P028/SYS-T9/B-L1-02.json,Y,N,,Y,,84.0
602,P028,General_user,1,SYS-T9,B-L1-01,B,L1,2026-04-20 14:32:14,2026-04-20 14:33:22,,温；消渴,logs/userstudy/P028/SYS-T9/B-L1-01.json,Y,N,,Y,,68.0
603,P028,General_user,1,SYS-T9,B-L2-02,B,L2,2026-04-20 14:33:32,2026-04-20 14:35:22,,油（食材）；水（食材）；水（食材）,logs/userstudy/P028/SYS-T9/B-L2-02.json,Y,N,,Y,,110.0
604,P028,General_user,1,SYS-T9,B-L2-01,B,L2,2026-04-20 14:35:40,2026-04-20 14:37:54,,原文信息可能支持该结论，不过需要结合前后文进一步判断。,logs/userstudy/P028/SYS-T9/B-L2-01.json,Y,N,,Y,,134.0
605,P028,General_user,1,SYS-T9,B-L3-02,B,L3,2026-04-20 14:38:04,2026-04-20 14:40:52,,内宫散 —containsIngredient→ 醋,logs/userstudy/P028/SYS-T9/B-L3-02.json,Y,N,,Y,,168.0
606,P028,General_user,1,SYS-T9,B-L3-01,B,L3,2026-04-20 14:41:15,2026-04-20 14:43:43,,水 —hasEffect→ 清热,logs/userstudy/P028/SYS-T9/B-L3-01.json,Y,N,,Y,,148.0
607,P028,General_user,1,SYS-T9,B-L4-02,B,L4,2026-04-20 14:44:03,2026-04-20 14:46:59,,证据更充分的关系为：米 —hasFlavor→ 甘；理由：论元与谓词位于同句或同一处方段落。,logs/userstudy/P028/SYS-T9/B-L4-02.json,Y,N,,Y,,176.0
608,P028,General_user,1,SYS-T9,B-L4-01,B,L4,2026-04-20 14:47:10,2026-04-20 14:51:13,,证据更充分的关系为：水 —hasNature→ 平；理由：论元与谓词位于同句或同一处方段落。,logs/userstudy/P028/SYS-T9/B-L4-01.json,Y,N,,Y,,243.0
609,P028,General_user,1,SYS-T9,B-L5-01,B,L5,2026-04-20 14:51:36,2026-04-20 14:55:13,,原文能确认相关实体，但关系方向和作用范围仍不够明确。,logs/userstudy/P028/SYS-T9/B-L5-01.json,Y,N,,Y,,217.0
610,P028,General_user,1,SYS-T9,B-L5-02,B,L5,2026-04-20 14:55:29,2026-04-20 14:58:36,,候选关系应按原文作用范围判断；本片段可保留：水 —hasFlavor→ 涩，跨段推断不应采纳。,logs/userstudy/P028/SYS-T9/B-L5-02.json,Y,N,,Y,,187.0
611,P028,General_user,1,SYS-T9,B-L6-01,B,L6,2026-04-20 14:58:46,2026-04-20 15:02:23,,证据链：冻结原文 → 实体识别 → 酒 —hasNature→ 寒 → 上下文范围核验。,logs/userstudy/P028/SYS-T9/B-L6-01.json,Y,N,,Y,,217.0
612,P028,General_user,1,SYS-T9,B-L6-02,B,L6,2026-04-20 15:02:36,2026-04-20 15:07:40,,证据链：冻结原文 → 实体识别 → 瓜 —hasNature→ 平 → 上下文范围核验。,logs/userstudy/P028/SYS-T9/B-L6-02.json,Y,N,,Y,,304.0
613,P028,General_user,2,SYS-R4,A-L1-01,A,L1,2026-04-20 15:27:58,2026-04-20 15:28:33,,水；《内经》,logs/userstudy/P028/SYS-R4/A-L1-01.json,Y,N,,Y,,35.0
614,P028,General_user,2,SYS-R4,A-L1-02,A,L1,2026-04-20 15:28:54,2026-04-20 15:30:20,,甘；平,logs/userstudy/P028/SYS-R4/A-L1-02.json,Y,N,,Y,,86.0
615,P028,General_user,2,SYS-R4,A-L2-01,A,L2,2026-04-20 15:30:43,2026-04-20 15:32:38,,心（脏腑）；温（食性）；心（脏腑）,logs/userstudy/P028/SYS-R4/A-L2-01.json,Y,N,,Y,,115.0
616,P028,General_user,2,SYS-R4,A-L2-02,A,L2,2026-04-20 15:32:50,2026-04-20 15:33:46,,水（食材）；水（食材）；选用食料的方（食疗方）,logs/userstudy/P028/SYS-R4/A-L2-02.json,Y,N,,Y,,56.0
617,P028,General_user,2,SYS-R4,A-L3-01,A,L3,2026-04-20 15:34:05,2026-04-20 15:35:25,,瓜 —hasNature→ 平,logs/userstudy/P028/SYS-R4/A-L3-01.json,Y,N,,Y,,80.0
618,P028,General_user,2,SYS-R4,A-L3-02,A,L3,2026-04-20 15:35:49,2026-04-20 15:37:48,,然多食生痰桑饮 —usesCookingMethod→ 腌,logs/userstudy/P028/SYS-R4/A-L3-02.json,Y,N,,Y,,119.0
619,P028,General_user,2,SYS-R4,A-L4-02,A,L4,2026-04-20 15:38:13,2026-04-20 15:41:05,,证据更充分的关系为：盐 —hasFlavor→ 甘；理由：论元与谓词位于同句或同一处方段落。,logs/userstudy/P028/SYS-R4/A-L4-02.json,Y,N,,Y,,172.0
620,P028,General_user,2,SYS-R4,A-L4-01,A,L4,2026-04-20 15:41:27,2026-04-20 15:44:22,,证据更充分的关系为：睡乡散 —recordedInText→ 《饮食谱》；理由：论元与谓词位于同句或同一处方段落。,logs/userstudy/P028/SYS-R4/A-L4-01.json,Y,N,,Y,,175.0
621,P028,General_user,2,SYS-R4,A-L5-01,A,L5,2026-04-20 15:44:30,2026-04-20 15:48:09,,候选关系应按原文作用范围判断；本片段可保留：水 —hasNature→ 寒，跨段推断不应采纳。,logs/userstudy/P028/SYS-R4/A-L5-01.json,Y,N,,Y,,219.0
622,P028,General_user,2,SYS-R4,A-L5-02,A,L5,2026-04-20 15:48:27,2026-04-20 15:50:46,,候选关系应按原文作用范围判断；本片段可保留：油 —hasNature→ 凉，跨段推断不应采纳。,logs/userstudy/P028/SYS-R4/A-L5-02.json,Y,N,,Y,,139.0
623,P028,General_user,2,SYS-R4,A-L6-02,A,L6,2026-04-20 15:50:57,2026-04-20 15:54:17,,倾向于认为候选关系成立，但未能给出完整证据链。,logs/userstudy/P028/SYS-R4/A-L6-02.json,Y,N,,Y,,200.0
624,P028,General_user,2,SYS-R4,A-L6-01,A,L6,2026-04-20 15:54:37,2026-04-20 15:58:25,,证据链：冻结原文 → 实体识别 → 油 —hasNature→ 大寒 → 上下文范围核验。,logs/userstudy/P028/SYS-R4/A-L6-01.json,Y,N,,Y,,228.0
625,P029,General_user,1,SYS-R4,B-L1-02,B,L1,2026-04-20 09:00:39,2026-04-20 09:01:14,,盐；拌,logs/userstudy/P029/SYS-R4/B-L1-02.json,Y,N,,Y,,35.0
626,P029,General_user,1,SYS-R4,B-L1-01,B,L1,2026-04-20 09:01:37,2026-04-20 09:02:20,,温；消渴,logs/userstudy/P029/SYS-R4/B-L1-01.json,Y,N,,Y,,43.0
627,P029,General_user,1,SYS-R4,B-L2-01,B,L2,2026-04-20 09:02:36,2026-04-20 09:04:17,,《人世:间》（古籍来源）；《马蹄》（古籍来源）；或解作击散（食疗方）,logs/userstudy/P029/SYS-R4/B-L2-01.json,Y,N,,Y,,101.0
628,P029,General_user,1,SYS-R4,B-L2-02,B,L2,2026-04-20 09:04:38,2026-04-20 09:06:09,,油（食材）；水（食材）；水（食材）,logs/userstudy/P029/SYS-R4/B-L2-02.json,Y,N,,Y,,91.0
629,P029,General_user,1,SYS-R4,B-L3-02,B,L3,2026-04-20 09:06:29,2026-04-20 09:08:33,,内宫散 —containsIngredient→ 醋,logs/userstudy/P029/SYS-R4/B-L3-02.json,Y,N,,Y,,124.0
630,P029,General_user,1,SYS-R4,B-L3-01,B,L3,2026-04-20 09:08:42,2026-04-20 09:10:23,,水 —hasEffect→ 清热,logs/userstudy/P029/SYS-R4/B-L3-01.json,Y,N,,Y,,101.0
631,P029,General_user,1,SYS-R4,B-L4-01,B,L4,2026-04-20 09:10:39,2026-04-20 09:12:33,,证据更充分的关系为：水 —hasNature→ 平；理由：论元与谓词位于同句或同一处方段落。,logs/userstudy/P029/SYS-R4/B-L4-01.json,Y,N,,Y,,114.0
632,P029,General_user,1,SYS-R4,B-L4-02,B,L4,2026-04-20 09:12:56,2026-04-20 09:16:04,,证据更充分的关系为：米 —hasFlavor→ 甘；理由：论元与谓词位于同句或同一处方段落。,logs/userstudy/P029/SYS-R4/B-L4-02.json,Y,N,,Y,,188.0
633,P029,General_user,1,SYS-R4,B-L5-01,B,L5,2026-04-20 09:16:13,2026-04-20 09:19:55,,候选关系应按原文作用范围判断；本片段可保留：黄豆 —recordedInText→ 《摘录》，跨段推断不应采纳。,logs/userstudy/P029/SYS-R4/B-L5-01.json,Y,N,,Y,,222.0
634,P029,General_user,1,SYS-R4,B-L5-02,B,L5,2026-04-20 09:20:09,2026-04-20 09:23:12,,候选关系应按原文作用范围判断；本片段可保留：水 —hasFlavor→ 涩，跨段推断不应采纳。,logs/userstudy/P029/SYS-R4/B-L5-02.json,Y,N,,Y,,183.0
635,P029,General_user,1,SYS-R4,B-L6-02,B,L6,2026-04-20 09:23:24,2026-04-20 09:27:05,,证据链：冻结原文 → 实体识别 → 瓜 —hasNature→ 平 → 上下文范围核验。,logs/userstudy/P029/SYS-R4/B-L6-02.json,Y,N,,Y,,221.0
636,P029,General_user,1,SYS-R4,B-L6-01,B,L6,2026-04-20 09:27:19,2026-04-20 09:30:58,,证据链：冻结原文 → 实体识别 → 酒 —hasNature→ 寒 → 上下文范围核验。,logs/userstudy/P029/SYS-R4/B-L6-01.json,Y,N,,Y,,219.0
637,P029,General_user,2,SYS-T9,A-L1-02,A,L1,2026-04-20 09:51:19,2026-04-20 09:52:37,,甘；平,logs/userstudy/P029/SYS-T9/A-L1-02.json,Y,N,,Y,,78.0
638,P029,General_user,2,SYS-T9,A-L1-01,A,L1,2026-04-20 09:52:56,2026-04-20 09:54:28,,水；《内经》,logs/userstudy/P029/SYS-T9/A-L1-01.json,Y,N,,Y,,92.0
639,P029,General_user,2,SYS-T9,A-L2-02,A,L2,2026-04-20 09:54:51,2026-04-20 09:56:51,,水（食材）；水（食材）；选用食料的方（食疗方）,logs/userstudy/P029/SYS-T9/A-L2-02.json,Y,N,,Y,,120.0
640,P029,General_user,2,SYS-T9,A-L2-01,A,L2,2026-04-20 09:57:05,2026-04-20 09:58:49,,心（脏腑）；温（食性）；心（脏腑）,logs/userstudy/P029/SYS-T9/A-L2-01.json,Y,N,,Y,,104.0
641,P029,General_user,2,SYS-T9,A-L3-02,A,L3,2026-04-20 09:59:03,2026-04-20 10:01:40,,然多食生痰桑饮 —usesCookingMethod→ 腌,logs/userstudy/P029/SYS-T9/A-L3-02.json,Y,N,,Y,,157.0
642,P029,General_user,2,SYS-T9,A-L3-01,A,L3,2026-04-20 10:01:54,2026-04-20 10:04:10,,瓜 —hasNature→ 平,logs/userstudy/P029/SYS-T9/A-L3-01.json,Y,N,,Y,,136.0
643,P029,General_user,2,SYS-T9,A-L4-01,A,L4,2026-04-20 10:04:18,2026-04-20 10:07:16,,证据更充分的关系为：睡乡散 —recordedInText→ 《饮食谱》；理由：论元与谓词位于同句或同一处方段落。,logs/userstudy/P029/SYS-T9/A-L4-01.json,Y,N,,Y,,178.0
644,P029,General_user,2,SYS-T9,A-L4-02,A,L4,2026-04-20 10:07:40,2026-04-20 10:11:24,,证据更充分的关系为：盐 —hasFlavor→ 甘；理由：论元与谓词位于同句或同一处方段落。,logs/userstudy/P029/SYS-T9/A-L4-02.json,Y,N,,Y,,224.0
645,P029,General_user,2,SYS-T9,A-L5-01,A,L5,2026-04-20 10:11:47,2026-04-20 10:16:10,,候选关系应按原文作用范围判断；本片段可保留：水 —hasNature→ 寒，跨段推断不应采纳。,logs/userstudy/P029/SYS-T9/A-L5-01.json,Y,N,,Y,,263.0
646,P029,General_user,2,SYS-T9,A-L5-02,A,L5,2026-04-20 10:16:30,2026-04-20 10:20:30,,候选关系应按原文作用范围判断；本片段可保留：油 —hasNature→ 凉，跨段推断不应采纳。,logs/userstudy/P029/SYS-T9/A-L5-02.json,Y,N,,Y,,240.0
647,P029,General_user,2,SYS-T9,A-L6-02,A,L6,2026-04-20 10:20:39,2026-04-20 10:24:52,,证据链：冻结原文 → 实体识别 → 水 —hasNature→ 凉 → 上下文范围核验。,logs/userstudy/P029/SYS-T9/A-L6-02.json,Y,N,,Y,,253.0
648,P029,General_user,2,SYS-T9,A-L6-01,A,L6,2026-04-20 10:25:17,2026-04-20 10:29:44,,证据链：冻结原文 → 实体识别 → 油 —hasNature→ 大寒 → 上下文范围核验。,logs/userstudy/P029/SYS-T9/A-L6-01.json,Y,N,,Y,,267.0
649,P030,General_user,1,SYS-T9,A-L1-02,A,L1,2026-04-20 14:20:24,2026-04-20 14:21:34,,甘；平,logs/userstudy/P030/SYS-T9/A-L1-02.json,Y,N,,Y,,70.0
650,P030,General_user,1,SYS-T9,A-L1-01,A,L1,2026-04-20 14:21:53,2026-04-20 14:23:33,,水；《内经》,logs/userstudy/P030/SYS-T9/A-L1-01.json,Y,N,,Y,,100.0
651,P030,General_user,1,SYS-T9,A-L2-02,A,L2,2026-04-20 14:23:53,2026-04-20 14:26:32,,未发现足够直接的谓词证据，暂不作确定判断。,logs/userstudy/P030/SYS-T9/A-L2-02.json,Y,N,,Y,,159.0
652,P030,General_user,1,SYS-T9,A-L2-01,A,L2,2026-04-20 14:26:53,2026-04-20 14:28:10,,心（脏腑）；温（食性）；心（脏腑）,logs/userstudy/P030/SYS-T9/A-L2-01.json,Y,N,,Y,,77.0
653,P030,General_user,1,SYS-T9,A-L3-02,A,L3,2026-04-20 14:28:30,2026-04-20 14:30:30,,然多食生痰桑饮 —usesCookingMethod→ 腌,logs/userstudy/P030/SYS-T9/A-L3-02.json,Y,N,,Y,,120.0
654,P030,General_user,1,SYS-T9,A-L3-01,A,L3,2026-04-20 14:30:51,2026-04-20 14:33:33,,原文能确认相关实体，但关系方向和作用范围仍不够明确。,logs/userstudy/P030/SYS-T9/A-L3-01.json,Y,N,,Y,,162.0
655,P030,General_user,1,SYS-T9,A-L4-02,A,L4,2026-04-20 14:33:54,2026-04-20 14:36:52,,证据更充分的关系为：盐 —hasFlavor→ 甘；理由：论元与谓词位于同句或同一处方段落。,logs/userstudy/P030/SYS-T9/A-L4-02.json,Y,N,,Y,,178.0
656,P030,General_user,1,SYS-T9,A-L4-01,A,L4,2026-04-20 14:37:09,2026-04-20 14:39:28,,证据更充分的关系为：睡乡散 —recordedInText→ 《饮食谱》；理由：论元与谓词位于同句或同一处方段落。,logs/userstudy/P030/SYS-T9/A-L4-01.json,Y,N,,Y,,139.0
657,P030,General_user,1,SYS-T9,A-L5-01,A,L5,2026-04-20 14:39:51,2026-04-20 14:43:48,,候选关系应按原文作用范围判断；本片段可保留：水 —hasNature→ 寒，跨段推断不应采纳。,logs/userstudy/P030/SYS-T9/A-L5-01.json,Y,N,,Y,,237.0
658,P030,General_user,1,SYS-T9,A-L5-02,A,L5,2026-04-20 14:44:04,2026-04-20 14:48:28,,候选关系应按原文作用范围判断；本片段可保留：油 —hasNature→ 凉，跨段推断不应采纳。,logs/userstudy/P030/SYS-T9/A-L5-02.json,Y,N,,Y,,264.0
659,P030,General_user,1,SYS-T9,A-L6-02,A,L6,2026-04-20 14:48:42,2026-04-20 14:54:00,,证据链：冻结原文 → 实体识别 → 水 —hasNature→ 凉 → 上下文范围核验。,logs/userstudy/P030/SYS-T9/A-L6-02.json,Y,N,,Y,,318.0
660,P030,General_user,1,SYS-T9,A-L6-01,A,L6,2026-04-20 14:54:11,2026-04-20 14:58:24,,原文能确认相关实体，但关系方向和作用范围仍不够明确。,logs/userstudy/P030/SYS-T9/A-L6-01.json,Y,N,,Y,,253.0
661,P030,General_user,2,SYS-R4,B-L1-01,B,L1,2026-04-20 15:18:40,2026-04-20 15:19:57,,温；消渴,logs/userstudy/P030/SYS-R4/B-L1-01.json,Y,N,,Y,,77.0
662,P030,General_user,2,SYS-R4,B-L1-02,B,L1,2026-04-20 15:20:20,2026-04-20 15:20:55,,盐；拌,logs/userstudy/P030/SYS-R4/B-L1-02.json,Y,N,,Y,,35.0
663,P030,General_user,2,SYS-R4,B-L2-01,B,L2,2026-04-20 15:21:08,2026-04-20 15:22:18,,倾向于认为候选关系成立，但未能给出完整证据链。,logs/userstudy/P030/SYS-R4/B-L2-01.json,Y,N,,Y,,70.0
664,P030,General_user,2,SYS-R4,B-L2-02,B,L2,2026-04-20 15:22:43,2026-04-20 15:24:08,,油（食材）；水（食材）；水（食材）,logs/userstudy/P030/SYS-R4/B-L2-02.json,Y,N,,Y,,85.0
665,P030,General_user,2,SYS-R4,B-L3-02,B,L3,2026-04-20 15:24:33,2026-04-20 15:26:14,,原文能确认相关实体，但关系方向和作用范围仍不够明确。,logs/userstudy/P030/SYS-R4/B-L3-02.json,Y,N,,Y,,101.0
666,P030,General_user,2,SYS-R4,B-L3-01,B,L3,2026-04-20 15:26:37,2026-04-20 15:28:12,,水 —hasEffect→ 清热,logs/userstudy/P030/SYS-R4/B-L3-01.json,Y,N,,Y,,95.0
667,P030,General_user,2,SYS-R4,B-L4-01,B,L4,2026-04-20 15:28:34,2026-04-20 15:30:52,,证据更充分的关系为：水 —hasNature→ 平；理由：论元与谓词位于同句或同一处方段落。,logs/userstudy/P030/SYS-R4/B-L4-01.json,Y,N,,Y,,138.0
668,P030,General_user,2,SYS-R4,B-L4-02,B,L4,2026-04-20 15:31:06,2026-04-20 15:34:17,,证据更充分的关系为：米 —hasFlavor→ 甘；理由：论元与谓词位于同句或同一处方段落。,logs/userstudy/P030/SYS-R4/B-L4-02.json,Y,N,,Y,,191.0
669,P030,General_user,2,SYS-R4,B-L5-02,B,L5,2026-04-20 15:34:25,2026-04-20 15:37:56,,候选关系应按原文作用范围判断；本片段可保留：水 —hasFlavor→ 涩，跨段推断不应采纳。,logs/userstudy/P030/SYS-R4/B-L5-02.json,Y,N,,Y,,211.0
670,P030,General_user,2,SYS-R4,B-L5-01,B,L5,2026-04-20 15:38:05,2026-04-20 15:41:11,,候选关系应按原文作用范围判断；本片段可保留：黄豆 —recordedInText→ 《摘录》，跨段推断不应采纳。,logs/userstudy/P030/SYS-R4/B-L5-01.json,Y,N,,Y,,186.0
671,P030,General_user,2,SYS-R4,B-L6-01,B,L6,2026-04-20 15:41:22,2026-04-20 15:44:10,,原文信息可能支持该结论，不过需要结合前后文进一步判断。,logs/userstudy/P030/SYS-R4/B-L6-01.json,Y,N,,Y,,168.0
672,P030,General_user,2,SYS-R4,B-L6-02,B,L6,2026-04-20 15:44:22,2026-04-20 15:48:22,,证据链：冻结原文 → 实体识别 → 瓜 —hasNature→ 平 → 上下文范围核验。,logs/userstudy/P030/SYS-R4/B-L6-02.json,Y,N,,Y,,240.0
673,P031,General_user,1,SYS-R4,A-L1-02,A,L1,2026-04-21 09:30:06,2026-04-21 09:31:16,,甘；平,logs/userstudy/P031/SYS-R4/A-L1-02.json,Y,N,,Y,,70.0
674,P031,General_user,1,SYS-R4,A-L1-01,A,L1,2026-04-21 09:31:36,2026-04-21 09:32:37,,水；《内经》,logs/userstudy/P031/SYS-R4/A-L1-01.json,Y,N,,Y,,61.0
675,P031,General_user,1,SYS-R4,A-L2-02,A,L2,2026-04-21 09:33:01,2026-04-21 09:33:36,,水（食材）；水（食材）；选用食料的方（食疗方）,logs/userstudy/P031/SYS-R4/A-L2-02.json,Y,N,,Y,,35.0
676,P031,General_user,1,SYS-R4,A-L2-01,A,L2,2026-04-21 09:33:55,2026-04-21 09:35:38,,心（脏腑）；温（食性）；心（脏腑）,logs/userstudy/P031/SYS-R4/A-L2-01.json,Y,N,,Y,,103.0
677,P031,General_user,1,SYS-R4,A-L3-02,A,L3,2026-04-21 09:35:58,2026-04-21 09:37:26,,然多食生痰桑饮 —usesCookingMethod→ 腌,logs/userstudy/P031/SYS-R4/A-L3-02.json,Y,N,,Y,,88.0
678,P031,General_user,1,SYS-R4,A-L3-01,A,L3,2026-04-21 09:37:49,2026-04-21 09:38:50,,瓜 —hasNature→ 平,logs/userstudy/P031/SYS-R4/A-L3-01.json,Y,N,,Y,,61.0
679,P031,General_user,1,SYS-R4,A-L4-01,A,L4,2026-04-21 09:39:15,2026-04-21 09:41:14,,原文信息可能支持该结论，不过需要结合前后文进一步判断。,logs/userstudy/P031/SYS-R4/A-L4-01.json,Y,N,,Y,,119.0
680,P031,General_user,1,SYS-R4,A-L4-02,A,L4,2026-04-21 09:41:23,2026-04-21 09:44:44,,倾向于认为候选关系成立，但未能给出完整证据链。,logs/userstudy/P031/SYS-R4/A-L4-02.json,Y,N,,Y,,201.0
681,P031,General_user,1,SYS-R4,A-L5-01,A,L5,2026-04-21 09:45:06,2026-04-21 09:49:09,,未发现足够直接的谓词证据，暂不作确定判断。,logs/userstudy/P031/SYS-R4/A-L5-01.json,Y,N,,Y,,243.0
682,P031,General_user,1,SYS-R4,A-L5-02,A,L5,2026-04-21 09:49:19,2026-04-21 09:53:16,,原文能确认相关实体，但关系方向和作用范围仍不够明确。,logs/userstudy/P031/SYS-R4/A-L5-02.json,Y,N,,Y,,237.0
683,P031,General_user,1,SYS-R4,A-L6-01,A,L6,2026-04-21 09:53:30,2026-04-21 09:57:00,,未发现足够直接的谓词证据，暂不作确定判断。,logs/userstudy/P031/SYS-R4/A-L6-01.json,Y,N,,Y,,210.0
684,P031,General_user,1,SYS-R4,A-L6-02,A,L6,2026-04-21 09:57:11,2026-04-21 10:01:03,,原文信息可能支持该结论，不过需要结合前后文进一步判断。,logs/userstudy/P031/SYS-R4/A-L6-02.json,Y,N,,Y,,232.0
685,P031,General_user,2,SYS-T9,B-L1-02,B,L1,2026-04-21 10:21:23,2026-04-21 10:23:13,,盐；拌,logs/userstudy/P031/SYS-T9/B-L1-02.json,Y,N,,Y,,110.0
686,P031,General_user,2,SYS-T9,B-L1-01,B,L1,2026-04-21 10:23:35,2026-04-21 10:25:12,,温；消渴,logs/userstudy/P031/SYS-T9/B-L1-01.json,Y,N,,Y,,97.0
687,P031,General_user,2,SYS-T9,B-L2-01,B,L2,2026-04-21 10:25:28,2026-04-21 10:28:43,,《人世:间》（古籍来源）；《马蹄》（古籍来源）；或解作击散（食疗方）,logs/userstudy/P031/SYS-T9/B-L2-01.json,Y,N,,Y,,195.0
688,P031,General_user,2,SYS-T9,B-L2-02,B,L2,2026-04-21 10:29:03,2026-04-21 10:30:33,,油（食材）；水（食材）；水（食材）,logs/userstudy/P031/SYS-T9/B-L2-02.json,Y,N,,Y,,90.0
689,P031,General_user,2,SYS-T9,B-L3-02,B,L3,2026-04-21 10:30:46,2026-04-21 10:33:23,,内宫散 —containsIngredient→ 醋,logs/userstudy/P031/SYS-T9/B-L3-02.json,Y,N,,Y,,157.0
690,P031,General_user,2,SYS-T9,B-L3-01,B,L3,2026-04-21 10:33:34,2026-04-21 10:36:15,,原文信息可能支持该结论，不过需要结合前后文进一步判断。,logs/userstudy/P031/SYS-T9/B-L3-01.json,Y,N,,Y,,161.0
691,P031,General_user,2,SYS-T9,B-L4-01,B,L4,2026-04-21 10:36:37,2026-04-21 10:39:35,,原文能确认相关实体，但关系方向和作用范围仍不够明确。,logs/userstudy/P031/SYS-T9/B-L4-01.json,Y,N,,Y,,178.0
692,P031,General_user,2,SYS-T9,B-L4-02,B,L4,2026-04-21 10:39:48,2026-04-21 10:43:26,,证据更充分的关系为：米 —hasFlavor→ 甘；理由：论元与谓词位于同句或同一处方段落。,logs/userstudy/P031/SYS-T9/B-L4-02.json,Y,N,,Y,,218.0
693,P031,General_user,2,SYS-T9,B-L5-02,B,L5,2026-04-21 10:43:44,2026-04-21 10:47:58,,候选关系应按原文作用范围判断；本片段可保留：水 —hasFlavor→ 涩，跨段推断不应采纳。,logs/userstudy/P031/SYS-T9/B-L5-02.json,Y,N,,Y,,254.0
694,P031,General_user,2,SYS-T9,B-L5-01,B,L5,2026-04-21 10:48:15,2026-04-21 10:52:28,,倾向于认为候选关系成立，但未能给出完整证据链。,logs/userstudy/P031/SYS-T9/B-L5-01.json,Y,N,,Y,,253.0
695,P031,General_user,2,SYS-T9,B-L6-01,B,L6,2026-04-21 10:52:36,2026-04-21 10:56:30,,证据链：冻结原文 → 实体识别 → 酒 —hasNature→ 寒 → 上下文范围核验。,logs/userstudy/P031/SYS-T9/B-L6-01.json,Y,N,,Y,,234.0
696,P031,General_user,2,SYS-T9,B-L6-02,B,L6,2026-04-21 10:56:39,2026-04-21 11:01:15,,证据链：冻结原文 → 实体识别 → 瓜 —hasNature→ 平 → 上下文范围核验。,logs/userstudy/P031/SYS-T9/B-L6-02.json,Y,N,,Y,,276.0
697,P032,General_user,1,SYS-T9,B-L1-02,B,L1,2026-04-21 14:20:26,2026-04-21 14:21:42,,盐；拌,logs/userstudy/P032/SYS-T9/B-L1-02.json,Y,N,,Y,,76.0
698,P032,General_user,1,SYS-T9,B-L1-01,B,L1,2026-04-21 14:22:05,2026-04-21 14:23:11,,温；消渴,logs/userstudy/P032/SYS-T9/B-L1-01.json,Y,N,,Y,,66.0
699,P032,General_user,1,SYS-T9,B-L2-02,B,L2,2026-04-21 14:23:26,2026-04-21 14:25:22,,油（食材）；水（食材）；水（食材）,logs/userstudy/P032/SYS-T9/B-L2-02.json,Y,N,,Y,,116.0
700,P032,General_user,1,SYS-T9,B-L2-01,B,L2,2026-04-21 14:25:39,2026-04-21 14:28:10,,《人世:间》（古籍来源）；《马蹄》（古籍来源）；或解作击散（食疗方）,logs/userstudy/P032/SYS-T9/B-L2-01.json,Y,N,,Y,,151.0
701,P032,General_user,1,SYS-T9,B-L3-02,B,L3,2026-04-21 14:28:19,2026-04-21 14:30:27,,内宫散 —containsIngredient→ 醋,logs/userstudy/P032/SYS-T9/B-L3-02.json,Y,N,,Y,,128.0
702,P032,General_user,1,SYS-T9,B-L3-01,B,L3,2026-04-21 14:30:38,2026-04-21 14:32:40,,倾向于认为候选关系成立，但未能给出完整证据链。,logs/userstudy/P032/SYS-T9/B-L3-01.json,Y,N,,Y,,122.0
703,P032,General_user,1,SYS-T9,B-L4-01,B,L4,2026-04-21 14:32:58,2026-04-21 14:35:57,,证据更充分的关系为：水 —hasNature→ 平；理由：论元与谓词位于同句或同一处方段落。,logs/userstudy/P032/SYS-T9/B-L4-01.json,Y,N,,Y,,179.0
704,P032,General_user,1,SYS-T9,B-L4-02,B,L4,2026-04-21 14:36:17,2026-04-21 14:39:29,,未发现足够直接的谓词证据，暂不作确定判断。,logs/userstudy/P032/SYS-T9/B-L4-02.json,Y,N,,Y,,192.0
705,P032,General_user,1,SYS-T9,B-L5-01,B,L5,2026-04-21 14:39:44,2026-04-21 14:43:53,,候选关系应按原文作用范围判断；本片段可保留：黄豆 —recordedInText→ 《摘录》，跨段推断不应采纳。,logs/userstudy/P032/SYS-T9/B-L5-01.json,Y,N,,Y,,249.0
706,P032,General_user,1,SYS-T9,B-L5-02,B,L5,2026-04-21 14:44:18,2026-04-21 14:47:41,,候选关系应按原文作用范围判断；本片段可保留：水 —hasFlavor→ 涩，跨段推断不应采纳。,logs/userstudy/P032/SYS-T9/B-L5-02.json,Y,N,,Y,,203.0
707,P032,General_user,1,SYS-T9,B-L6-01,B,L6,2026-04-21 14:47:55,2026-04-21 14:52:24,,证据链：冻结原文 → 实体识别 → 酒 —hasNature→ 寒 → 上下文范围核验。,logs/userstudy/P032/SYS-T9/B-L6-01.json,Y,N,,Y,,269.0
708,P032,General_user,1,SYS-T9,B-L6-02,B,L6,2026-04-21 14:52:46,2026-04-21 14:57:21,,原文信息可能支持该结论，不过需要结合前后文进一步判断。,logs/userstudy/P032/SYS-T9/B-L6-02.json,Y,N,,Y,,275.0
709,P032,General_user,2,SYS-R4,A-L1-02,A,L1,2026-04-21 15:17:46,2026-04-21 15:18:48,,甘；平,logs/userstudy/P032/SYS-R4/A-L1-02.json,Y,N,,Y,,62.0
710,P032,General_user,2,SYS-R4,A-L1-01,A,L1,2026-04-21 15:19:04,2026-04-21 15:20:25,,水；《内经》,logs/userstudy/P032/SYS-R4/A-L1-01.json,Y,N,,Y,,81.0
711,P032,General_user,2,SYS-R4,A-L2-02,A,L2,2026-04-21 15:20:45,2026-04-21 15:22:19,,水（食材）；水（食材）；选用食料的方（食疗方）,logs/userstudy/P032/SYS-R4/A-L2-02.json,Y,N,,Y,,94.0
712,P032,General_user,2,SYS-R4,A-L2-01,A,L2,2026-04-21 15:22:38,2026-04-21 15:24:20,,心（脏腑）；温（食性）；心（脏腑）,logs/userstudy/P032/SYS-R4/A-L2-01.json,Y,N,,Y,,102.0
713,P032,General_user,2,SYS-R4,A-L3-01,A,L3,2026-04-21 15:24:32,2026-04-21 15:26:47,,瓜 —hasNature→ 平,logs/userstudy/P032/SYS-R4/A-L3-01.json,Y,N,,Y,,135.0
714,P032,General_user,2,SYS-R4,A-L3-02,A,L3,2026-04-21 15:27:10,2026-04-21 15:29:22,,然多食生痰桑饮 —usesCookingMethod→ 腌,logs/userstudy/P032/SYS-R4/A-L3-02.json,Y,N,,Y,,132.0
715,P032,General_user,2,SYS-R4,A-L4-01,A,L4,2026-04-21 15:29:35,2026-04-21 15:31:52,,证据更充分的关系为：睡乡散 —recordedInText→ 《饮食谱》；理由：论元与谓词位于同句或同一处方段落。,logs/userstudy/P032/SYS-R4/A-L4-01.json,Y,N,,Y,,137.0
716,P032,General_user,2,SYS-R4,A-L4-02,A,L4,2026-04-21 15:32:15,2026-04-21 15:34:46,,证据更充分的关系为：盐 —hasFlavor→ 甘；理由：论元与谓词位于同句或同一处方段落。,logs/userstudy/P032/SYS-R4/A-L4-02.json,Y,N,,Y,,151.0
717,P032,General_user,2,SYS-R4,A-L5-01,A,L5,2026-04-21 15:34:56,2026-04-21 15:38:03,,候选关系应按原文作用范围判断；本片段可保留：水 —hasNature→ 寒，跨段推断不应采纳。,logs/userstudy/P032/SYS-R4/A-L5-01.json,Y,N,,Y,,187.0
718,P032,General_user,2,SYS-R4,A-L5-02,A,L5,2026-04-21 15:38:18,2026-04-21 15:40:39,,候选关系应按原文作用范围判断；本片段可保留：油 —hasNature→ 凉，跨段推断不应采纳。,logs/userstudy/P032/SYS-R4/A-L5-02.json,Y,N,,Y,,141.0
719,P032,General_user,2,SYS-R4,A-L6-01,A,L6,2026-04-21 15:40:52,2026-04-21 15:44:40,,证据链：冻结原文 → 实体识别 → 油 —hasNature→ 大寒 → 上下文范围核验。,logs/userstudy/P032/SYS-R4/A-L6-01.json,Y,N,,Y,,228.0
720,P032,General_user,2,SYS-R4,A-L6-02,A,L6,2026-04-21 15:44:48,2026-04-21 15:48:53,,证据链：冻结原文 → 实体识别 → 水 —hasNature→ 凉 → 上下文范围核验。,logs/userstudy/P032/SYS-R4/A-L6-02.json,Y,N,,Y,,245.0
721,P033,General_user,1,SYS-R4,B-L1-01,B,L1,2026-04-22 09:00:34,2026-04-22 09:01:39,,温；消渴,logs/userstudy/P033/SYS-R4/B-L1-01.json,Y,N,,Y,,65.0
722,P033,General_user,1,SYS-R4,B-L1-02,B,L1,2026-04-22 09:02:04,2026-04-22 09:03:35,,未发现足够直接的谓词证据，暂不作确定判断。,logs/userstudy/P033/SYS-R4/B-L1-02.json,Y,N,,Y,,91.0
723,P033,General_user,1,SYS-R4,B-L2-02,B,L2,2026-04-22 09:03:44,2026-04-22 09:05:38,,油（食材）；水（食材）；水（食材）,logs/userstudy/P033/SYS-R4/B-L2-02.json,Y,N,,Y,,114.0
724,P033,General_user,1,SYS-R4,B-L2-01,B,L2,2026-04-22 09:05:58,2026-04-22 09:07:47,,未发现足够直接的谓词证据，暂不作确定判断。,logs/userstudy/P033/SYS-R4/B-L2-01.json,Y,N,,Y,,109.0
725,P033,General_user,1,SYS-R4,B-L3-02,B,L3,2026-04-22 09:08:00,2026-04-22 09:09:26,,内宫散 —containsIngredient→ 醋,logs/userstudy/P033/SYS-R4/B-L3-02.json,Y,N,,Y,,86.0
726,P033,General_user,1,SYS-R4,B-L3-01,B,L3,2026-04-22 09:09:34,2026-04-22 09:11:32,,水 —hasEffect→ 清热,logs/userstudy/P033/SYS-R4/B-L3-01.json,Y,N,,Y,,118.0
727,P033,General_user,1,SYS-R4,B-L4-02,B,L4,2026-04-22 09:11:45,2026-04-22 09:14:15,,证据更充分的关系为：米 —hasFlavor→ 甘；理由：论元与谓词位于同句或同一处方段落。,logs/userstudy/P033/SYS-R4/B-L4-02.json,Y,N,,Y,,150.0
728,P033,General_user,1,SYS-R4,B-L4-01,B,L4,2026-04-22 09:14:23,2026-04-22 09:16:58,,证据更充分的关系为：水 —hasNature→ 平；理由：论元与谓词位于同句或同一处方段落。,logs/userstudy/P033/SYS-R4/B-L4-01.json,Y,N,,Y,,155.0
729,P033,General_user,1,SYS-R4,B-L5-02,B,L5,2026-04-22 09:17:10,2026-04-22 09:19:44,,候选关系应按原文作用范围判断；本片段可保留：水 —hasFlavor→ 涩，跨段推断不应采纳。,logs/userstudy/P033/SYS-R4/B-L5-02.json,Y,N,,Y,,154.0
730,P033,General_user,1,SYS-R4,B-L5-01,B,L5,2026-04-22 09:20:08,2026-04-22 09:23:31,,候选关系应按原文作用范围判断；本片段可保留：黄豆 —recordedInText→ 《摘录》，跨段推断不应采纳。,logs/userstudy/P033/SYS-R4/B-L5-01.json,Y,N,,Y,,203.0
731,P033,General_user,1,SYS-R4,B-L6-02,B,L6,2026-04-22 09:23:40,2026-04-22 09:27:05,,证据链：冻结原文 → 实体识别 → 瓜 —hasNature→ 平 → 上下文范围核验。,logs/userstudy/P033/SYS-R4/B-L6-02.json,Y,N,,Y,,205.0
732,P033,General_user,1,SYS-R4,B-L6-01,B,L6,2026-04-22 09:27:26,2026-04-22 09:31:32,,证据链：冻结原文 → 实体识别 → 酒 —hasNature→ 寒 → 上下文范围核验。,logs/userstudy/P033/SYS-R4/B-L6-01.json,Y,N,,Y,,246.0
733,P033,General_user,2,SYS-T9,A-L1-01,A,L1,2026-04-22 09:51:54,2026-04-22 09:53:05,,水；《内经》,logs/userstudy/P033/SYS-T9/A-L1-01.json,Y,N,,Y,,71.0
734,P033,General_user,2,SYS-T9,A-L1-02,A,L1,2026-04-22 09:53:18,2026-04-22 09:54:36,,甘；平,logs/userstudy/P033/SYS-T9/A-L1-02.json,Y,N,,Y,,78.0
735,P033,General_user,2,SYS-T9,A-L2-01,A,L2,2026-04-22 09:54:55,2026-04-22 09:57:16,,心（脏腑）；温（食性）；心（脏腑）,logs/userstudy/P033/SYS-T9/A-L2-01.json,Y,N,,Y,,141.0
736,P033,General_user,2,SYS-T9,A-L2-02,A,L2,2026-04-22 09:57:25,2026-04-22 09:59:58,,水（食材）；水（食材）；选用食料的方（食疗方）,logs/userstudy/P033/SYS-T9/A-L2-02.json,Y,N,,Y,,153.0
737,P033,General_user,2,SYS-T9,A-L3-02,A,L3,2026-04-22 10:00:06,2026-04-22 10:02:24,,然多食生痰桑饮 —usesCookingMethod→ 腌,logs/userstudy/P033/SYS-T9/A-L3-02.json,Y,N,,Y,,138.0
738,P033,General_user,2,SYS-T9,A-L3-01,A,L3,2026-04-22 10:02:35,2026-04-22 10:04:43,,瓜 —hasNature→ 平,logs/userstudy/P033/SYS-T9/A-L3-01.json,Y,N,,Y,,128.0
739,P033,General_user,2,SYS-T9,A-L4-01,A,L4,2026-04-22 10:05:03,2026-04-22 10:08:25,,倾向于认为候选关系成立，但未能给出完整证据链。,logs/userstudy/P033/SYS-T9/A-L4-01.json,Y,N,,Y,,202.0
740,P033,General_user,2,SYS-T9,A-L4-02,A,L4,2026-04-22 10:08:48,2026-04-22 10:12:20,,证据更充分的关系为：盐 —hasFlavor→ 甘；理由：论元与谓词位于同句或同一处方段落。,logs/userstudy/P033/SYS-T9/A-L4-02.json,Y,N,,Y,,212.0
741,P033,General_user,2,SYS-T9,A-L5-02,A,L5,2026-04-22 10:12:37,2026-04-22 10:16:33,,未发现足够直接的谓词证据，暂不作确定判断。,logs/userstudy/P033/SYS-T9/A-L5-02.json,Y,N,,Y,,236.0
742,P033,General_user,2,SYS-T9,A-L5-01,A,L5,2026-04-22 10:16:53,2026-04-22 10:21:25,,候选关系应按原文作用范围判断；本片段可保留：水 —hasNature→ 寒，跨段推断不应采纳。,logs/userstudy/P033/SYS-T9/A-L5-01.json,Y,N,,Y,,272.0
743,P033,General_user,2,SYS-T9,A-L6-01,A,L6,2026-04-22 10:21:34,2026-04-22 10:24:57,,倾向于认为候选关系成立，但未能给出完整证据链。,logs/userstudy/P033/SYS-T9/A-L6-01.json,Y,N,,Y,,203.0
744,P033,General_user,2,SYS-T9,A-L6-02,A,L6,2026-04-22 10:25:06,2026-04-22 10:30:24,,证据链：冻结原文 → 实体识别 → 水 —hasNature→ 凉 → 上下文范围核验。,logs/userstudy/P033/SYS-T9/A-L6-02.json,Y,N,,Y,,318.0
745,P034,General_user,1,SYS-T9,A-L1-01,A,L1,2026-04-22 14:30:05,2026-04-22 14:31:51,,水；《内经》,logs/userstudy/P034/SYS-T9/A-L1-01.json,Y,N,,Y,,106.0
746,P034,General_user,1,SYS-T9,A-L1-02,A,L1,2026-04-22 14:32:00,2026-04-22 14:33:24,,甘；平,logs/userstudy/P034/SYS-T9/A-L1-02.json,Y,N,,Y,,84.0
747,P034,General_user,1,SYS-T9,A-L2-01,A,L2,2026-04-22 14:33:32,2026-04-22 14:35:46,,心（脏腑）；温（食性）；心（脏腑）,logs/userstudy/P034/SYS-T9/A-L2-01.json,Y,N,,Y,,134.0
748,P034,General_user,1,SYS-T9,A-L2-02,A,L2,2026-04-22 14:36:01,2026-04-22 14:37:42,,水（食材）；水（食材）；选用食料的方（食疗方）,logs/userstudy/P034/SYS-T9/A-L2-02.json,Y,N,,Y,,101.0
749,P034,General_user,1,SYS-T9,A-L3-02,A,L3,2026-04-22 14:37:56,2026-04-22 14:40:02,,然多食生痰桑饮 —usesCookingMethod→ 腌,logs/userstudy/P034/SYS-T9/A-L3-02.json,Y,N,,Y,,126.0
750,P034,General_user,1,SYS-T9,A-L3-01,A,L3,2026-04-22 14:40:20,2026-04-22 14:42:22,,瓜 —hasNature→ 平,logs/userstudy/P034/SYS-T9/A-L3-01.json,Y,N,,Y,,122.0
751,P034,General_user,1,SYS-T9,A-L4-01,A,L4,2026-04-22 14:42:32,2026-04-22 14:45:42,,证据更充分的关系为：睡乡散 —recordedInText→ 《饮食谱》；理由：论元与谓词位于同句或同一处方段落。,logs/userstudy/P034/SYS-T9/A-L4-01.json,Y,N,,Y,,190.0
752,P034,General_user,1,SYS-T9,A-L4-02,A,L4,2026-04-22 14:45:51,2026-04-22 14:49:04,,证据更充分的关系为：盐 —hasFlavor→ 甘；理由：论元与谓词位于同句或同一处方段落。,logs/userstudy/P034/SYS-T9/A-L4-02.json,Y,N,,Y,,193.0
753,P034,General_user,1,SYS-T9,A-L5-02,A,L5,2026-04-22 14:49:24,2026-04-22 14:52:41,,原文能确认相关实体，但关系方向和作用范围仍不够明确。,logs/userstudy/P034/SYS-T9/A-L5-02.json,Y,N,,Y,,197.0
754,P034,General_user,1,SYS-T9,A-L5-01,A,L5,2026-04-22 14:53:01,2026-04-22 14:58:17,,候选关系应按原文作用范围判断；本片段可保留：水 —hasNature→ 寒，跨段推断不应采纳。,logs/userstudy/P034/SYS-T9/A-L5-01.json,Y,N,,Y,,316.0
755,P034,General_user,1,SYS-T9,A-L6-01,A,L6,2026-04-22 14:58:31,2026-04-22 15:02:51,,证据链：冻结原文 → 实体识别 → 油 —hasNature→ 大寒 → 上下文范围核验。,logs/userstudy/P034/SYS-T9/A-L6-01.json,Y,N,,Y,,260.0
756,P034,General_user,1,SYS-T9,A-L6-02,A,L6,2026-04-22 15:03:09,2026-04-22 15:07:08,,证据链：冻结原文 → 实体识别 → 水 —hasNature→ 凉 → 上下文范围核验。,logs/userstudy/P034/SYS-T9/A-L6-02.json,Y,N,,Y,,239.0
757,P034,General_user,2,SYS-R4,B-L1-02,B,L1,2026-04-22 15:27:23,2026-04-22 15:28:37,,盐；拌,logs/userstudy/P034/SYS-R4/B-L1-02.json,Y,N,,Y,,74.0
758,P034,General_user,2,SYS-R4,B-L1-01,B,L1,2026-04-22 15:29:00,2026-04-22 15:29:45,,温；消渴,logs/userstudy/P034/SYS-R4/B-L1-01.json,Y,N,,Y,,45.0
759,P034,General_user,2,SYS-R4,B-L2-02,B,L2,2026-04-22 15:30:04,2026-04-22 15:31:47,,油（食材）；水（食材）；水（食材）,logs/userstudy/P034/SYS-R4/B-L2-02.json,Y,N,,Y,,103.0
760,P034,General_user,2,SYS-R4,B-L2-01,B,L2,2026-04-22 15:32:03,2026-04-22 15:33:55,,《人世:间》（古籍来源）；《马蹄》（古籍来源）；或解作击散（食疗方）,logs/userstudy/P034/SYS-R4/B-L2-01.json,Y,N,,Y,,112.0
761,P034,General_user,2,SYS-R4,B-L3-02,B,L3,2026-04-22 15:34:10,2026-04-22 15:35:07,,内宫散 —containsIngredient→ 醋,logs/userstudy/P034/SYS-R4/B-L3-02.json,Y,N,,Y,,57.0
762,P034,General_user,2,SYS-R4,B-L3-01,B,L3,2026-04-22 15:35:24,2026-04-22 15:37:57,,水 —hasEffect→ 清热,logs/userstudy/P034/SYS-R4/B-L3-01.json,Y,N,,Y,,153.0
763,P034,General_user,2,SYS-R4,B-L4-02,B,L4,2026-04-22 15:38:09,2026-04-22 15:40:39,,证据更充分的关系为：米 —hasFlavor→ 甘；理由：论元与谓词位于同句或同一处方段落。,logs/userstudy/P034/SYS-R4/B-L4-02.json,Y,N,,Y,,150.0
764,P034,General_user,2,SYS-R4,B-L4-01,B,L4,2026-04-22 15:40:49,2026-04-22 15:43:49,,未发现足够直接的谓词证据，暂不作确定判断。,logs/userstudy/P034/SYS-R4/B-L4-01.json,Y,N,,Y,,180.0
765,P034,General_user,2,SYS-R4,B-L5-01,B,L5,2026-04-22 15:44:06,2026-04-22 15:46:39,,候选关系应按原文作用范围判断；本片段可保留：黄豆 —recordedInText→ 《摘录》，跨段推断不应采纳。,logs/userstudy/P034/SYS-R4/B-L5-01.json,Y,N,,Y,,153.0
766,P034,General_user,2,SYS-R4,B-L5-02,B,L5,2026-04-22 15:46:56,2026-04-22 15:50:15,,候选关系应按原文作用范围判断；本片段可保留：水 —hasFlavor→ 涩，跨段推断不应采纳。,logs/userstudy/P034/SYS-R4/B-L5-02.json,Y,N,,Y,,199.0
767,P034,General_user,2,SYS-R4,B-L6-01,B,L6,2026-04-22 15:50:29,2026-04-22 15:54:51,,未发现足够直接的谓词证据，暂不作确定判断。,logs/userstudy/P034/SYS-R4/B-L6-01.json,Y,N,,Y,,262.0
768,P034,General_user,2,SYS-R4,B-L6-02,B,L6,2026-04-22 15:55:15,2026-04-22 15:59:40,,证据链：冻结原文 → 实体识别 → 瓜 —hasNature→ 平 → 上下文范围核验。,logs/userstudy/P034/SYS-R4/B-L6-02.json,Y,N,,Y,,265.0
769,P035,General_user,1,SYS-R4,A-L1-02,A,L1,2026-04-23 09:20:39,2026-04-23 09:22:34,,甘；平,logs/userstudy/P035/SYS-R4/A-L1-02.json,Y,N,,Y,,115.0
770,P035,General_user,1,SYS-R4,A-L1-01,A,L1,2026-04-23 09:22:45,2026-04-23 09:23:32,,水；《内经》,logs/userstudy/P035/SYS-R4/A-L1-01.json,Y,N,,Y,,47.0
771,P035,General_user,1,SYS-R4,A-L2-02,A,L2,2026-04-23 09:23:51,2026-04-23 09:25:53,,水（食材）；水（食材）；选用食料的方（食疗方）,logs/userstudy/P035/SYS-R4/A-L2-02.json,Y,N,,Y,,122.0
772,P035,General_user,1,SYS-R4,A-L2-01,A,L2,2026-04-23 09:26:02,2026-04-23 09:28:14,,心（脏腑）；温（食性）；心（脏腑）,logs/userstudy/P035/SYS-R4/A-L2-01.json,Y,N,,Y,,132.0
773,P035,General_user,1,SYS-R4,A-L3-01,A,L3,2026-04-23 09:28:38,2026-04-23 09:31:16,,瓜 —hasNature→ 平,logs/userstudy/P035/SYS-R4/A-L3-01.json,Y,N,,Y,,158.0
774,P035,General_user,1,SYS-R4,A-L3-02,A,L3,2026-04-23 09:31:29,2026-04-23 09:33:36,,原文信息可能支持该结论，不过需要结合前后文进一步判断。,logs/userstudy/P035/SYS-R4/A-L3-02.json,Y,N,,Y,,127.0
775,P035,General_user,1,SYS-R4,A-L4-02,A,L4,2026-04-23 09:33:46,2026-04-23 09:36:27,,原文能确认相关实体，但关系方向和作用范围仍不够明确。,logs/userstudy/P035/SYS-R4/A-L4-02.json,Y,N,,Y,,161.0
776,P035,General_user,1,SYS-R4,A-L4-01,A,L4,2026-04-23 09:36:39,2026-04-23 09:39:54,,原文能确认相关实体，但关系方向和作用范围仍不够明确。,logs/userstudy/P035/SYS-R4/A-L4-01.json,Y,N,,Y,,195.0
777,P035,General_user,1,SYS-R4,A-L5-02,A,L5,2026-04-23 09:40:02,2026-04-23 09:42:27,,候选关系应按原文作用范围判断；本片段可保留：油 —hasNature→ 凉，跨段推断不应采纳。,logs/userstudy/P035/SYS-R4/A-L5-02.json,Y,N,,Y,,145.0
778,P035,General_user,1,SYS-R4,A-L5-01,A,L5,2026-04-23 09:42:41,2026-04-23 09:46:45,,候选关系应按原文作用范围判断；本片段可保留：水 —hasNature→ 寒，跨段推断不应采纳。,logs/userstudy/P035/SYS-R4/A-L5-01.json,Y,N,,Y,,244.0
779,P035,General_user,1,SYS-R4,A-L6-02,A,L6,2026-04-23 09:46:56,2026-04-23 09:51:30,,证据链：冻结原文 → 实体识别 → 水 —hasNature→ 凉 → 上下文范围核验。,logs/userstudy/P035/SYS-R4/A-L6-02.json,Y,N,,Y,,274.0
780,P035,General_user,1,SYS-R4,A-L6-01,A,L6,2026-04-23 09:51:41,2026-04-23 09:56:10,,证据链：冻结原文 → 实体识别 → 油 —hasNature→ 大寒 → 上下文范围核验。,logs/userstudy/P035/SYS-R4/A-L6-01.json,Y,N,,Y,,269.0
781,P035,General_user,2,SYS-T9,B-L1-01,B,L1,2026-04-23 10:16:28,2026-04-23 10:17:25,,温；消渴,logs/userstudy/P035/SYS-T9/B-L1-01.json,Y,N,,Y,,57.0
782,P035,General_user,2,SYS-T9,B-L1-02,B,L1,2026-04-23 10:17:48,2026-04-23 10:18:46,,盐；拌,logs/userstudy/P035/SYS-T9/B-L1-02.json,Y,N,,Y,,58.0
783,P035,General_user,2,SYS-T9,B-L2-02,B,L2,2026-04-23 10:19:04,2026-04-23 10:21:21,,油（食材）；水（食材）；水（食材）,logs/userstudy/P035/SYS-T9/B-L2-02.json,Y,N,,Y,,137.0
784,P035,General_user,2,SYS-T9,B-L2-01,B,L2,2026-04-23 10:21:44,2026-04-23 10:23:30,,倾向于认为候选关系成立，但未能给出完整证据链。,logs/userstudy/P035/SYS-T9/B-L2-01.json,Y,N,,Y,,106.0
785,P035,General_user,2,SYS-T9,B-L3-01,B,L3,2026-04-23 10:23:44,2026-04-23 10:27:36,,原文能确认相关实体，但关系方向和作用范围仍不够明确。,logs/userstudy/P035/SYS-T9/B-L3-01.json,Y,N,,Y,,232.0
786,P035,General_user,2,SYS-T9,B-L3-02,B,L3,2026-04-23 10:27:51,2026-04-23 10:30:07,,内宫散 —containsIngredient→ 醋,logs/userstudy/P035/SYS-T9/B-L3-02.json,Y,N,,Y,,136.0
787,P035,General_user,2,SYS-T9,B-L4-02,B,L4,2026-04-23 10:30:26,2026-04-23 10:33:44,,证据更充分的关系为：米 —hasFlavor→ 甘；理由：论元与谓词位于同句或同一处方段落。,logs/userstudy/P035/SYS-T9/B-L4-02.json,Y,N,,Y,,198.0
788,P035,General_user,2,SYS-T9,B-L4-01,B,L4,2026-04-23 10:34:05,2026-04-23 10:38:03,,证据更充分的关系为：水 —hasNature→ 平；理由：论元与谓词位于同句或同一处方段落。,logs/userstudy/P035/SYS-T9/B-L4-01.json,Y,N,,Y,,238.0
789,P035,General_user,2,SYS-T9,B-L5-01,B,L5,2026-04-23 10:38:21,2026-04-23 10:41:44,,原文信息可能支持该结论，不过需要结合前后文进一步判断。,logs/userstudy/P035/SYS-T9/B-L5-01.json,Y,N,,Y,,203.0
790,P035,General_user,2,SYS-T9,B-L5-02,B,L5,2026-04-23 10:41:55,2026-04-23 10:46:39,,原文信息可能支持该结论，不过需要结合前后文进一步判断。,logs/userstudy/P035/SYS-T9/B-L5-02.json,Y,N,,Y,,284.0
791,P035,General_user,2,SYS-T9,B-L6-01,B,L6,2026-04-23 10:46:52,2026-04-23 10:50:17,,证据链：冻结原文 → 实体识别 → 酒 —hasNature→ 寒 → 上下文范围核验。,logs/userstudy/P035/SYS-T9/B-L6-01.json,Y,N,,Y,,205.0
792,P035,General_user,2,SYS-T9,B-L6-02,B,L6,2026-04-23 10:50:32,2026-04-23 10:54:28,,原文信息可能支持该结论，不过需要结合前后文进一步判断。,logs/userstudy/P035/SYS-T9/B-L6-02.json,Y,N,,Y,,236.0
793,P036,General_user,1,SYS-T9,B-L1-02,B,L1,2026-04-23 14:10:08,2026-04-23 14:12:25,,盐；拌,logs/userstudy/P036/SYS-T9/B-L1-02.json,Y,N,,Y,,137.0
794,P036,General_user,1,SYS-T9,B-L1-01,B,L1,2026-04-23 14:12:44,2026-04-23 14:14:18,,温；消渴,logs/userstudy/P036/SYS-T9/B-L1-01.json,Y,N,,Y,,94.0
795,P036,General_user,1,SYS-T9,B-L2-02,B,L2,2026-04-23 14:14:38,2026-04-23 14:16:37,,油（食材）；水（食材）；水（食材）,logs/userstudy/P036/SYS-T9/B-L2-02.json,Y,N,,Y,,119.0
796,P036,General_user,1,SYS-T9,B-L2-01,B,L2,2026-04-23 14:16:59,2026-04-23 14:18:50,,《人世:间》（古籍来源）；《马蹄》（古籍来源）；或解作击散（食疗方）,logs/userstudy/P036/SYS-T9/B-L2-01.json,Y,N,,Y,,111.0
797,P036,General_user,1,SYS-T9,B-L3-02,B,L3,2026-04-23 14:19:10,2026-04-23 14:22:18,,内宫散 —containsIngredient→ 醋,logs/userstudy/P036/SYS-T9/B-L3-02.json,Y,N,,Y,,188.0
798,P036,General_user,1,SYS-T9,B-L3-01,B,L3,2026-04-23 14:22:32,2026-04-23 14:25:26,,水 —hasEffect→ 清热,logs/userstudy/P036/SYS-T9/B-L3-01.json,Y,N,,Y,,174.0
799,P036,General_user,1,SYS-T9,B-L4-02,B,L4,2026-04-23 14:25:40,2026-04-23 14:28:51,,倾向于认为候选关系成立，但未能给出完整证据链。,logs/userstudy/P036/SYS-T9/B-L4-02.json,Y,N,,Y,,191.0
800,P036,General_user,1,SYS-T9,B-L4-01,B,L4,2026-04-23 14:29:09,2026-04-23 14:32:38,,证据更充分的关系为：水 —hasNature→ 平；理由：论元与谓词位于同句或同一处方段落。,logs/userstudy/P036/SYS-T9/B-L4-01.json,Y,N,,Y,,209.0
801,P036,General_user,1,SYS-T9,B-L5-02,B,L5,2026-04-23 14:32:53,2026-04-23 14:36:22,,倾向于认为候选关系成立，但未能给出完整证据链。,logs/userstudy/P036/SYS-T9/B-L5-02.json,Y,N,,Y,,209.0
802,P036,General_user,1,SYS-T9,B-L5-01,B,L5,2026-04-23 14:36:44,2026-04-23 14:39:03,,候选关系应按原文作用范围判断；本片段可保留：黄豆 —recordedInText→ 《摘录》，跨段推断不应采纳。,logs/userstudy/P036/SYS-T9/B-L5-01.json,Y,N,,Y,,139.0
803,P036,General_user,1,SYS-T9,B-L6-02,B,L6,2026-04-23 14:39:17,2026-04-23 14:42:54,,证据链：冻结原文 → 实体识别 → 瓜 —hasNature→ 平 → 上下文范围核验。,logs/userstudy/P036/SYS-T9/B-L6-02.json,Y,N,,Y,,217.0
804,P036,General_user,1,SYS-T9,B-L6-01,B,L6,2026-04-23 14:43:12,2026-04-23 14:47:19,,未发现足够直接的谓词证据，暂不作确定判断。,logs/userstudy/P036/SYS-T9/B-L6-01.json,Y,N,,Y,,247.0
805,P036,General_user,2,SYS-R4,A-L1-02,A,L1,2026-04-23 15:07:43,2026-04-23 15:08:28,,甘；平,logs/userstudy/P036/SYS-R4/A-L1-02.json,Y,N,,Y,,45.0
806,P036,General_user,2,SYS-R4,A-L1-01,A,L1,2026-04-23 15:08:44,2026-04-23 15:09:48,,原文信息可能支持该结论，不过需要结合前后文进一步判断。,logs/userstudy/P036/SYS-R4/A-L1-01.json,Y,N,,Y,,64.0
807,P036,General_user,2,SYS-R4,A-L2-01,A,L2,2026-04-23 15:09:57,2026-04-23 15:11:14,,心（脏腑）；温（食性）；心（脏腑）,logs/userstudy/P036/SYS-R4/A-L2-01.json,Y,N,,Y,,77.0
808,P036,General_user,2,SYS-R4,A-L2-02,A,L2,2026-04-23 15:11:34,2026-04-23 15:12:57,,水（食材）；水（食材）；选用食料的方（食疗方）,logs/userstudy/P036/SYS-R4/A-L2-02.json,Y,N,,Y,,83.0
809,P036,General_user,2,SYS-R4,A-L3-02,A,L3,2026-04-23 15:13:19,2026-04-23 15:15:12,,然多食生痰桑饮 —usesCookingMethod→ 腌,logs/userstudy/P036/SYS-R4/A-L3-02.json,Y,N,,Y,,113.0
810,P036,General_user,2,SYS-R4,A-L3-01,A,L3,2026-04-23 15:15:21,2026-04-23 15:17:39,,瓜 —hasNature→ 平,logs/userstudy/P036/SYS-R4/A-L3-01.json,Y,N,,Y,,138.0
811,P036,General_user,2,SYS-R4,A-L4-02,A,L4,2026-04-23 15:18:00,2026-04-23 15:21:11,,未发现足够直接的谓词证据，暂不作确定判断。,logs/userstudy/P036/SYS-R4/A-L4-02.json,Y,N,,Y,,191.0
812,P036,General_user,2,SYS-R4,A-L4-01,A,L4,2026-04-23 15:21:30,2026-04-23 15:23:39,,证据更充分的关系为：睡乡散 —recordedInText→ 《饮食谱》；理由：论元与谓词位于同句或同一处方段落。,logs/userstudy/P036/SYS-R4/A-L4-01.json,Y,N,,Y,,129.0
813,P036,General_user,2,SYS-R4,A-L5-02,A,L5,2026-04-23 15:24:01,2026-04-23 15:28:05,,候选关系应按原文作用范围判断；本片段可保留：油 —hasNature→ 凉，跨段推断不应采纳。,logs/userstudy/P036/SYS-R4/A-L5-02.json,Y,N,,Y,,244.0
814,P036,General_user,2,SYS-R4,A-L5-01,A,L5,2026-04-23 15:28:21,2026-04-23 15:31:33,,候选关系应按原文作用范围判断；本片段可保留：水 —hasNature→ 寒，跨段推断不应采纳。,logs/userstudy/P036/SYS-R4/A-L5-01.json,Y,N,,Y,,192.0
815,P036,General_user,2,SYS-R4,A-L6-02,A,L6,2026-04-23 15:31:47,2026-04-23 15:35:51,,证据链：冻结原文 → 实体识别 → 水 —hasNature→ 凉 → 上下文范围核验。,logs/userstudy/P036/SYS-R4/A-L6-02.json,Y,N,,Y,,244.0
816,P036,General_user,2,SYS-R4,A-L6-01,A,L6,2026-04-23 15:36:03,2026-04-23 15:39:35,,倾向于认为候选关系成立，但未能给出完整证据链。,logs/userstudy/P036/SYS-R4/A-L6-01.json,Y,N,,Y,,212.0
817,P037,TCM_professional,1,SYS-R4,B-L1-02,B,L1,2026-04-24 09:30:00,2026-04-24 09:30:35,,盐；拌,logs/userstudy/P037/SYS-R4/B-L1-02.json,Y,N,,Y,,35.0
818,P037,TCM_professional,1,SYS-R4,B-L1-01,B,L1,2026-04-24 09:30:50,2026-04-24 09:31:29,,温；消渴,logs/userstudy/P037/SYS-R4/B-L1-01.json,Y,N,,Y,,39.0
819,P037,TCM_professional,1,SYS-R4,B-L2-02,B,L2,2026-04-24 09:31:52,2026-04-24 09:33:15,,油（食材）；水（食材）；水（食材）,logs/userstudy/P037/SYS-R4/B-L2-02.json,Y,N,,Y,,83.0
820,P037,TCM_professional,1,SYS-R4,B-L2-01,B,L2,2026-04-24 09:33:38,2026-04-24 09:34:44,,《人世:间》（古籍来源）；《马蹄》（古籍来源）；或解作击散（食疗方）,logs/userstudy/P037/SYS-R4/B-L2-01.json,Y,N,,Y,,66.0
821,P037,TCM_professional,1,SYS-R4,B-L3-02,B,L3,2026-04-24 09:35:05,2026-04-24 09:36:04,,内宫散 —containsIngredient→ 醋,logs/userstudy/P037/SYS-R4/B-L3-02.json,Y,N,,Y,,59.0
822,P037,TCM_professional,1,SYS-R4,B-L3-01,B,L3,2026-04-24 09:36:12,2026-04-24 09:37:42,,倾向于认为候选关系成立，但未能给出完整证据链。,logs/userstudy/P037/SYS-R4/B-L3-01.json,Y,N,,Y,,90.0
823,P037,TCM_professional,1,SYS-R4,B-L4-01,B,L4,2026-04-24 09:38:00,2026-04-24 09:39:33,,证据更充分的关系为：水 —hasNature→ 平；理由：论元与谓词位于同句或同一处方段落。,logs/userstudy/P037/SYS-R4/B-L4-01.json,Y,N,,Y,,93.0
824,P037,TCM_professional,1,SYS-R4,B-L4-02,B,L4,2026-04-24 09:39:51,2026-04-24 09:43:01,,证据更充分的关系为：米 —hasFlavor→ 甘；理由：论元与谓词位于同句或同一处方段落。,logs/userstudy/P037/SYS-R4/B-L4-02.json,Y,N,,Y,,190.0
825,P037,TCM_professional,1,SYS-R4,B-L5-01,B,L5,2026-04-24 09:43:14,2026-04-24 09:46:04,,候选关系应按原文作用范围判断；本片段可保留：黄豆 —recordedInText→ 《摘录》，跨段推断不应采纳。,logs/userstudy/P037/SYS-R4/B-L5-01.json,Y,N,,Y,,170.0
826,P037,TCM_professional,1,SYS-R4,B-L5-02,B,L5,2026-04-24 09:46:22,2026-04-24 09:50:09,,候选关系应按原文作用范围判断；本片段可保留：水 —hasFlavor→ 涩，跨段推断不应采纳。,logs/userstudy/P037/SYS-R4/B-L5-02.json,Y,N,,Y,,227.0
827,P037,TCM_professional,1,SYS-R4,B-L6-01,B,L6,2026-04-24 09:50:30,2026-04-24 09:53:26,,证据链：冻结原文 → 实体识别 → 酒 —hasNature→ 寒 → 上下文范围核验。,logs/userstudy/P037/SYS-R4/B-L6-01.json,Y,N,,Y,,176.0
828,P037,TCM_professional,1,SYS-R4,B-L6-02,B,L6,2026-04-24 09:53:40,2026-04-24 09:56:32,,证据链：冻结原文 → 实体识别 → 瓜 —hasNature→ 平 → 上下文范围核验。,logs/userstudy/P037/SYS-R4/B-L6-02.json,Y,N,,Y,,172.0
829,P037,TCM_professional,2,SYS-T9,A-L1-02,A,L1,2026-04-24 10:16:43,2026-04-24 10:18:23,,甘；平,logs/userstudy/P037/SYS-T9/A-L1-02.json,Y,N,,Y,,100.0
830,P037,TCM_professional,2,SYS-T9,A-L1-01,A,L1,2026-04-24 10:18:39,2026-04-24 10:19:58,,水；《内经》,logs/userstudy/P037/SYS-T9/A-L1-01.json,Y,N,,Y,,79.0
831,P037,TCM_professional,2,SYS-T9,A-L2-02,A,L2,2026-04-24 10:20:17,2026-04-24 10:21:35,,水（食材）；水（食材）；选用食料的方（食疗方）,logs/userstudy/P037/SYS-T9/A-L2-02.json,Y,N,,Y,,78.0
832,P037,TCM_professional,2,SYS-T9,A-L2-01,A,L2,2026-04-24 10:22:00,2026-04-24 10:23:03,,心（脏腑）；温（食性）；心（脏腑）,logs/userstudy/P037/SYS-T9/A-L2-01.json,Y,N,,Y,,63.0
833,P037,TCM_professional,2,SYS-T9,A-L3-01,A,L3,2026-04-24 10:23:25,2026-04-24 10:26:00,,瓜 —hasNature→ 平,logs/userstudy/P037/SYS-T9/A-L3-01.json,Y,N,,Y,,155.0
834,P037,TCM_professional,2,SYS-T9,A-L3-02,A,L3,2026-04-24 10:26:24,2026-04-24 10:28:37,,然多食生痰桑饮 —usesCookingMethod→ 腌,logs/userstudy/P037/SYS-T9/A-L3-02.json,Y,N,,Y,,133.0
835,P037,TCM_professional,2,SYS-T9,A-L4-01,A,L4,2026-04-24 10:28:45,2026-04-24 10:30:54,,证据更充分的关系为：睡乡散 —recordedInText→ 《饮食谱》；理由：论元与谓词位于同句或同一处方段落。,logs/userstudy/P037/SYS-T9/A-L4-01.json,Y,N,,Y,,129.0
836,P037,TCM_professional,2,SYS-T9,A-L4-02,A,L4,2026-04-24 10:31:16,2026-04-24 10:33:43,,证据更充分的关系为：盐 —hasFlavor→ 甘；理由：论元与谓词位于同句或同一处方段落。,logs/userstudy/P037/SYS-T9/A-L4-02.json,Y,N,,Y,,147.0
837,P037,TCM_professional,2,SYS-T9,A-L5-02,A,L5,2026-04-24 10:34:05,2026-04-24 10:37:44,,倾向于认为候选关系成立，但未能给出完整证据链。,logs/userstudy/P037/SYS-T9/A-L5-02.json,Y,N,,Y,,219.0
838,P037,TCM_professional,2,SYS-T9,A-L5-01,A,L5,2026-04-24 10:38:01,2026-04-24 10:41:01,,候选关系应按原文作用范围判断；本片段可保留：水 —hasNature→ 寒，跨段推断不应采纳。,logs/userstudy/P037/SYS-T9/A-L5-01.json,Y,N,,Y,,180.0
839,P037,TCM_professional,2,SYS-T9,A-L6-02,A,L6,2026-04-24 10:41:15,2026-04-24 10:45:47,,证据链：冻结原文 → 实体识别 → 水 —hasNature→ 凉 → 上下文范围核验。,logs/userstudy/P037/SYS-T9/A-L6-02.json,Y,N,,Y,,272.0
840,P037,TCM_professional,2,SYS-T9,A-L6-01,A,L6,2026-04-24 10:45:55,2026-04-24 10:49:53,,证据链：冻结原文 → 实体识别 → 油 —hasNature→ 大寒 → 上下文范围核验。,logs/userstudy/P037/SYS-T9/A-L6-01.json,Y,N,,Y,,238.0
841,P038,TCM_professional,1,SYS-T9,A-L1-01,A,L1,2026-04-24 14:00:14,2026-04-24 14:01:41,,水；《内经》,logs/userstudy/P038/SYS-T9/A-L1-01.json,Y,N,,Y,,87.0
842,P038,TCM_professional,1,SYS-T9,A-L1-02,A,L1,2026-04-24 14:01:50,2026-04-24 14:03:25,,甘；平,logs/userstudy/P038/SYS-T9/A-L1-02.json,Y,N,,Y,,95.0
843,P038,TCM_professional,1,SYS-T9,A-L2-02,A,L2,2026-04-24 14:03:36,2026-04-24 14:05:16,,水（食材）；水（食材）；选用食料的方（食疗方）,logs/userstudy/P038/SYS-T9/A-L2-02.json,Y,N,,Y,,100.0
844,P038,TCM_professional,1,SYS-T9,A-L2-01,A,L2,2026-04-24 14:05:38,2026-04-24 14:06:33,,心（脏腑）；温（食性）；心（脏腑）,logs/userstudy/P038/SYS-T9/A-L2-01.json,Y,N,,Y,,55.0
845,P038,TCM_professional,1,SYS-T9,A-L3-01,A,L3,2026-04-24 14:06:52,2026-04-24 14:08:43,,瓜 —hasNature→ 平,logs/userstudy/P038/SYS-T9/A-L3-01.json,Y,N,,Y,,111.0
846,P038,TCM_professional,1,SYS-T9,A-L3-02,A,L3,2026-04-24 14:09:00,2026-04-24 14:11:05,,然多食生痰桑饮 —usesCookingMethod→ 腌,logs/userstudy/P038/SYS-T9/A-L3-02.json,Y,N,,Y,,125.0
847,P038,TCM_professional,1,SYS-T9,A-L4-02,A,L4,2026-04-24 14:11:14,2026-04-24 14:14:19,,证据更充分的关系为：盐 —hasFlavor→ 甘；理由：论元与谓词位于同句或同一处方段落。,logs/userstudy/P038/SYS-T9/A-L4-02.json,Y,N,,Y,,185.0
848,P038,TCM_professional,1,SYS-T9,A-L4-01,A,L4,2026-04-24 14:14:39,2026-04-24 14:17:40,,证据更充分的关系为：睡乡散 —recordedInText→ 《饮食谱》；理由：论元与谓词位于同句或同一处方段落。,logs/userstudy/P038/SYS-T9/A-L4-01.json,Y,N,,Y,,181.0
849,P038,TCM_professional,1,SYS-T9,A-L5-01,A,L5,2026-04-24 14:18:02,2026-04-24 14:20:35,,候选关系应按原文作用范围判断；本片段可保留：水 —hasNature→ 寒，跨段推断不应采纳。,logs/userstudy/P038/SYS-T9/A-L5-01.json,Y,N,,Y,,153.0
850,P038,TCM_professional,1,SYS-T9,A-L5-02,A,L5,2026-04-24 14:20:51,2026-04-24 14:24:05,,候选关系应按原文作用范围判断；本片段可保留：油 —hasNature→ 凉，跨段推断不应采纳。,logs/userstudy/P038/SYS-T9/A-L5-02.json,Y,N,,Y,,194.0
851,P038,TCM_professional,1,SYS-T9,A-L6-01,A,L6,2026-04-24 14:24:18,2026-04-24 14:27:39,,原文信息可能支持该结论，不过需要结合前后文进一步判断。,logs/userstudy/P038/SYS-T9/A-L6-01.json,Y,N,,Y,,201.0
852,P038,TCM_professional,1,SYS-T9,A-L6-02,A,L6,2026-04-24 14:27:59,2026-04-24 14:31:25,,证据链：冻结原文 → 实体识别 → 水 —hasNature→ 凉 → 上下文范围核验。,logs/userstudy/P038/SYS-T9/A-L6-02.json,Y,N,,Y,,206.0
853,P038,TCM_professional,2,SYS-R4,B-L1-02,B,L1,2026-04-24 14:51:39,2026-04-24 14:52:40,,盐；拌,logs/userstudy/P038/SYS-R4/B-L1-02.json,Y,N,,Y,,61.0
854,P038,TCM_professional,2,SYS-R4,B-L1-01,B,L1,2026-04-24 14:53:05,2026-04-24 14:54:22,,温；消渴,logs/userstudy/P038/SYS-R4/B-L1-01.json,Y,N,,Y,,77.0
855,P038,TCM_professional,2,SYS-R4,B-L2-02,B,L2,2026-04-24 14:54:40,2026-04-24 14:56:12,,油（食材）；水（食材）；水（食材）,logs/userstudy/P038/SYS-R4/B-L2-02.json,Y,N,,Y,,92.0
856,P038,TCM_professional,2,SYS-R4,B-L2-01,B,L2,2026-04-24 14:56:33,2026-04-24 14:57:31,,《人世:间》（古籍来源）；《马蹄》（古籍来源）；或解作击散（食疗方）,logs/userstudy/P038/SYS-R4/B-L2-01.json,Y,N,,Y,,58.0
857,P038,TCM_professional,2,SYS-R4,B-L3-02,B,L3,2026-04-24 14:57:47,2026-04-24 14:59:48,,内宫散 —containsIngredient→ 醋,logs/userstudy/P038/SYS-R4/B-L3-02.json,Y,N,,Y,,121.0
858,P038,TCM_professional,2,SYS-R4,B-L3-01,B,L3,2026-04-24 15:00:08,2026-04-24 15:01:23,,倾向于认为候选关系成立，但未能给出完整证据链。,logs/userstudy/P038/SYS-R4/B-L3-01.json,Y,N,,Y,,75.0
859,P038,TCM_professional,2,SYS-R4,B-L4-01,B,L4,2026-04-24 15:01:36,2026-04-24 15:04:32,,证据更充分的关系为：水 —hasNature→ 平；理由：论元与谓词位于同句或同一处方段落。,logs/userstudy/P038/SYS-R4/B-L4-01.json,Y,N,,Y,,176.0
860,P038,TCM_professional,2,SYS-R4,B-L4-02,B,L4,2026-04-24 15:04:51,2026-04-24 15:07:16,,证据更充分的关系为：米 —hasFlavor→ 甘；理由：论元与谓词位于同句或同一处方段落。,logs/userstudy/P038/SYS-R4/B-L4-02.json,Y,N,,Y,,145.0
861,P038,TCM_professional,2,SYS-R4,B-L5-02,B,L5,2026-04-24 15:07:33,2026-04-24 15:11:11,,候选关系应按原文作用范围判断；本片段可保留：水 —hasFlavor→ 涩，跨段推断不应采纳。,logs/userstudy/P038/SYS-R4/B-L5-02.json,Y,N,,Y,,218.0
862,P038,TCM_professional,2,SYS-R4,B-L5-01,B,L5,2026-04-24 15:11:36,2026-04-24 15:13:59,,候选关系应按原文作用范围判断；本片段可保留：黄豆 —recordedInText→ 《摘录》，跨段推断不应采纳。,logs/userstudy/P038/SYS-R4/B-L5-01.json,Y,N,,Y,,143.0
863,P038,TCM_professional,2,SYS-R4,B-L6-02,B,L6,2026-04-24 15:14:19,2026-04-24 15:17:12,,证据链：冻结原文 → 实体识别 → 瓜 —hasNature→ 平 → 上下文范围核验。,logs/userstudy/P038/SYS-R4/B-L6-02.json,Y,N,,Y,,173.0
864,P038,TCM_professional,2,SYS-R4,B-L6-01,B,L6,2026-04-24 15:17:28,2026-04-24 15:20:21,,证据链：冻结原文 → 实体识别 → 酒 —hasNature→ 寒 → 上下文范围核验。,logs/userstudy/P038/SYS-R4/B-L6-01.json,Y,N,,Y,,173.0
865,P039,TCM_professional,1,SYS-R4,A-L1-02,A,L1,2026-04-27 09:20:29,2026-04-27 09:21:08,,甘；平,logs/userstudy/P039/SYS-R4/A-L1-02.json,Y,N,,Y,,39.0
866,P039,TCM_professional,1,SYS-R4,A-L1-01,A,L1,2026-04-27 09:21:22,2026-04-27 09:22:31,,水；《内经》,logs/userstudy/P039/SYS-R4/A-L1-01.json,Y,N,,Y,,69.0
867,P039,TCM_professional,1,SYS-R4,A-L2-01,A,L2,2026-04-27 09:22:56,2026-04-27 09:23:37,,心（脏腑）；温（食性）；心（脏腑）,logs/userstudy/P039/SYS-R4/A-L2-01.json,Y,N,,Y,,41.0
868,P039,TCM_professional,1,SYS-R4,A-L2-02,A,L2,2026-04-27 09:23:54,2026-04-27 09:25:10,,水（食材）；水（食材）；选用食料的方（食疗方）,logs/userstudy/P039/SYS-R4/A-L2-02.json,Y,N,,Y,,76.0
869,P039,TCM_professional,1,SYS-R4,A-L3-02,A,L3,2026-04-27 09:25:33,2026-04-27 09:28:13,,然多食生痰桑饮 —usesCookingMethod→ 腌,logs/userstudy/P039/SYS-R4/A-L3-02.json,Y,N,,Y,,160.0
870,P039,TCM_professional,1,SYS-R4,A-L3-01,A,L3,2026-04-27 09:28:23,2026-04-27 09:30:10,,瓜 —hasNature→ 平,logs/userstudy/P039/SYS-R4/A-L3-01.json,Y,N,,Y,,107.0
871,P039,TCM_professional,1,SYS-R4,A-L4-02,A,L4,2026-04-27 09:30:21,2026-04-27 09:33:05,,证据更充分的关系为：盐 —hasFlavor→ 甘；理由：论元与谓词位于同句或同一处方段落。,logs/userstudy/P039/SYS-R4/A-L4-02.json,Y,N,,Y,,164.0
872,P039,TCM_professional,1,SYS-R4,A-L4-01,A,L4,2026-04-27 09:33:22,2026-04-27 09:35:09,,倾向于认为候选关系成立，但未能给出完整证据链。,logs/userstudy/P039/SYS-R4/A-L4-01.json,Y,N,,Y,,107.0
873,P039,TCM_professional,1,SYS-R4,A-L5-02,A,L5,2026-04-27 09:35:18,2026-04-27 09:38:35,,候选关系应按原文作用范围判断；本片段可保留：油 —hasNature→ 凉，跨段推断不应采纳。,logs/userstudy/P039/SYS-R4/A-L5-02.json,Y,N,,Y,,197.0
874,P039,TCM_professional,1,SYS-R4,A-L5-01,A,L5,2026-04-27 09:38:51,2026-04-27 09:41:14,,候选关系应按原文作用范围判断；本片段可保留：水 —hasNature→ 寒，跨段推断不应采纳。,logs/userstudy/P039/SYS-R4/A-L5-01.json,Y,N,,Y,,143.0
875,P039,TCM_professional,1,SYS-R4,A-L6-01,A,L6,2026-04-27 09:41:27,2026-04-27 09:44:52,,证据链：冻结原文 → 实体识别 → 油 —hasNature→ 大寒 → 上下文范围核验。,logs/userstudy/P039/SYS-R4/A-L6-01.json,Y,N,,Y,,205.0
876,P039,TCM_professional,1,SYS-R4,A-L6-02,A,L6,2026-04-27 09:45:11,2026-04-27 09:48:55,,证据链：冻结原文 → 实体识别 → 水 —hasNature→ 凉 → 上下文范围核验。,logs/userstudy/P039/SYS-R4/A-L6-02.json,Y,N,,Y,,224.0
877,P039,TCM_professional,2,SYS-T9,B-L1-01,B,L1,2026-04-27 10:09:16,2026-04-27 10:10:03,,温；消渴,logs/userstudy/P039/SYS-T9/B-L1-01.json,Y,N,,Y,,47.0
878,P039,TCM_professional,2,SYS-T9,B-L1-02,B,L1,2026-04-27 10:10:21,2026-04-27 10:11:05,,盐；拌,logs/userstudy/P039/SYS-T9/B-L1-02.json,Y,N,,Y,,44.0
879,P039,TCM_professional,2,SYS-T9,B-L2-02,B,L2,2026-04-27 10:11:23,2026-04-27 10:13:09,,油（食材）；水（食材）；水（食材）,logs/userstudy/P039/SYS-T9/B-L2-02.json,Y,N,,Y,,106.0
880,P039,TCM_professional,2,SYS-T9,B-L2-01,B,L2,2026-04-27 10:13:22,2026-04-27 10:15:17,,倾向于认为候选关系成立，但未能给出完整证据链。,logs/userstudy/P039/SYS-T9/B-L2-01.json,Y,N,,Y,,115.0
881,P039,TCM_professional,2,SYS-T9,B-L3-02,B,L3,2026-04-27 10:15:35,2026-04-27 10:17:17,,内宫散 —containsIngredient→ 醋,logs/userstudy/P039/SYS-T9/B-L3-02.json,Y,N,,Y,,102.0
882,P039,TCM_professional,2,SYS-T9,B-L3-01,B,L3,2026-04-27 10:17:28,2026-04-27 10:19:15,,水 —hasEffect→ 清热,logs/userstudy/P039/SYS-T9/B-L3-01.json,Y,N,,Y,,107.0
883,P039,TCM_professional,2,SYS-T9,B-L4-02,B,L4,2026-04-27 10:19:31,2026-04-27 10:22:09,,证据更充分的关系为：米 —hasFlavor→ 甘；理由：论元与谓词位于同句或同一处方段落。,logs/userstudy/P039/SYS-T9/B-L4-02.json,Y,N,,Y,,158.0
884,P039,TCM_professional,2,SYS-T9,B-L4-01,B,L4,2026-04-27 10:22:23,2026-04-27 10:25:10,,证据更充分的关系为：水 —hasNature→ 平；理由：论元与谓词位于同句或同一处方段落。,logs/userstudy/P039/SYS-T9/B-L4-01.json,Y,N,,Y,,167.0
885,P039,TCM_professional,2,SYS-T9,B-L5-01,B,L5,2026-04-27 10:25:23,2026-04-27 10:28:29,,候选关系应按原文作用范围判断；本片段可保留：黄豆 —recordedInText→ 《摘录》，跨段推断不应采纳。,logs/userstudy/P039/SYS-T9/B-L5-01.json,Y,N,,Y,,186.0
886,P039,TCM_professional,2,SYS-T9,B-L5-02,B,L5,2026-04-27 10:28:40,2026-04-27 10:31:48,,未发现足够直接的谓词证据，暂不作确定判断。,logs/userstudy/P039/SYS-T9/B-L5-02.json,Y,N,,Y,,188.0
887,P039,TCM_professional,2,SYS-T9,B-L6-02,B,L6,2026-04-27 10:32:06,2026-04-27 10:36:00,,原文能确认相关实体，但关系方向和作用范围仍不够明确。,logs/userstudy/P039/SYS-T9/B-L6-02.json,Y,N,,Y,,234.0
888,P039,TCM_professional,2,SYS-T9,B-L6-01,B,L6,2026-04-27 10:36:24,2026-04-27 10:41:19,,证据链：冻结原文 → 实体识别 → 酒 —hasNature→ 寒 → 上下文范围核验。,logs/userstudy/P039/SYS-T9/B-L6-01.json,Y,N,,Y,,295.0
889,P040,TCM_professional,1,SYS-T9,B-L1-02,B,L1,2026-04-27 14:30:19,2026-04-27 14:31:21,,盐；拌,logs/userstudy/P040/SYS-T9/B-L1-02.json,Y,N,,Y,,62.0
890,P040,TCM_professional,1,SYS-T9,B-L1-01,B,L1,2026-04-27 14:31:46,2026-04-27 14:32:42,,温；消渴,logs/userstudy/P040/SYS-T9/B-L1-01.json,Y,N,,Y,,56.0
891,P040,TCM_professional,1,SYS-T9,B-L2-02,B,L2,2026-04-27 14:33:01,2026-04-27 14:33:53,,油（食材）；水（食材）；水（食材）,logs/userstudy/P040/SYS-T9/B-L2-02.json,Y,N,,Y,,52.0
892,P040,TCM_professional,1,SYS-T9,B-L2-01,B,L2,2026-04-27 14:34:04,2026-04-27 14:35:29,,《人世:间》（古籍来源）；《马蹄》（古籍来源）；或解作击散（食疗方）,logs/userstudy/P040/SYS-T9/B-L2-01.json,Y,N,,Y,,85.0
893,P040,TCM_professional,1,SYS-T9,B-L3-01,B,L3,2026-04-27 14:35:47,2026-04-27 14:37:25,,水 —hasEffect→ 清热,logs/userstudy/P040/SYS-T9/B-L3-01.json,Y,N,,Y,,98.0
894,P040,TCM_professional,1,SYS-T9,B-L3-02,B,L3,2026-04-27 14:37:35,2026-04-27 14:39:44,,内宫散 —containsIngredient→ 醋,logs/userstudy/P040/SYS-T9/B-L3-02.json,Y,N,,Y,,129.0
895,P040,TCM_professional,1,SYS-T9,B-L4-02,B,L4,2026-04-27 14:40:05,2026-04-27 14:42:29,,证据更充分的关系为：米 —hasFlavor→ 甘；理由：论元与谓词位于同句或同一处方段落。,logs/userstudy/P040/SYS-T9/B-L4-02.json,Y,N,,Y,,144.0
896,P040,TCM_professional,1,SYS-T9,B-L4-01,B,L4,2026-04-27 14:42:37,2026-04-27 14:45:55,,证据更充分的关系为：水 —hasNature→ 平；理由：论元与谓词位于同句或同一处方段落。,logs/userstudy/P040/SYS-T9/B-L4-01.json,Y,N,,Y,,198.0
897,P040,TCM_professional,1,SYS-T9,B-L5-02,B,L5,2026-04-27 14:46:03,2026-04-27 14:49:13,,候选关系应按原文作用范围判断；本片段可保留：水 —hasFlavor→ 涩，跨段推断不应采纳。,logs/userstudy/P040/SYS-T9/B-L5-02.json,Y,N,,Y,,190.0
898,P040,TCM_professional,1,SYS-T9,B-L5-01,B,L5,2026-04-27 14:49:21,2026-04-27 14:52:11,,候选关系应按原文作用范围判断；本片段可保留：黄豆 —recordedInText→ 《摘录》，跨段推断不应采纳。,logs/userstudy/P040/SYS-T9/B-L5-01.json,Y,N,,Y,,170.0
899,P040,TCM_professional,1,SYS-T9,B-L6-01,B,L6,2026-04-27 14:52:24,2026-04-27 14:56:24,,未发现足够直接的谓词证据，暂不作确定判断。,logs/userstudy/P040/SYS-T9/B-L6-01.json,Y,N,,Y,,240.0
900,P040,TCM_professional,1,SYS-T9,B-L6-02,B,L6,2026-04-27 14:56:40,2026-04-27 15:00:50,,证据链：冻结原文 → 实体识别 → 瓜 —hasNature→ 平 → 上下文范围核验。,logs/userstudy/P040/SYS-T9/B-L6-02.json,Y,N,,Y,,250.0
901,P040,TCM_professional,2,SYS-R4,A-L1-01,A,L1,2026-04-27 15:20:58,2026-04-27 15:21:33,,水；《内经》,logs/userstudy/P040/SYS-R4/A-L1-01.json,Y,N,,Y,,35.0
902,P040,TCM_professional,2,SYS-R4,A-L1-02,A,L1,2026-04-27 15:21:48,2026-04-27 15:22:23,,甘；平,logs/userstudy/P040/SYS-R4/A-L1-02.json,Y,N,,Y,,35.0
903,P040,TCM_professional,2,SYS-R4,A-L2-01,A,L2,2026-04-27 15:22:45,2026-04-27 15:23:34,,心（脏腑）；温（食性）；心（脏腑）,logs/userstudy/P040/SYS-R4/A-L2-01.json,Y,N,,Y,,49.0
904,P040,TCM_professional,2,SYS-R4,A-L2-02,A,L2,2026-04-27 15:23:44,2026-04-27 15:25:22,,水（食材）；水（食材）；选用食料的方（食疗方）,logs/userstudy/P040/SYS-R4/A-L2-02.json,Y,N,,Y,,98.0
905,P040,TCM_professional,2,SYS-R4,A-L3-02,A,L3,2026-04-27 15:25:32,2026-04-27 15:27:27,,然多食生痰桑饮 —usesCookingMethod→ 腌,logs/userstudy/P040/SYS-R4/A-L3-02.json,Y,N,,Y,,115.0
906,P040,TCM_professional,2,SYS-R4,A-L3-01,A,L3,2026-04-27 15:27:42,2026-04-27 15:29:22,,瓜 —hasNature→ 平,logs/userstudy/P040/SYS-R4/A-L3-01.json,Y,N,,Y,,100.0
907,P040,TCM_professional,2,SYS-R4,A-L4-01,A,L4,2026-04-27 15:29:31,2026-04-27 15:31:58,,证据更充分的关系为：睡乡散 —recordedInText→ 《饮食谱》；理由：论元与谓词位于同句或同一处方段落。,logs/userstudy/P040/SYS-R4/A-L4-01.json,Y,N,,Y,,147.0
908,P040,TCM_professional,2,SYS-R4,A-L4-02,A,L4,2026-04-27 15:32:21,2026-04-27 15:34:11,,证据更充分的关系为：盐 —hasFlavor→ 甘；理由：论元与谓词位于同句或同一处方段落。,logs/userstudy/P040/SYS-R4/A-L4-02.json,Y,N,,Y,,110.0
909,P040,TCM_professional,2,SYS-R4,A-L5-02,A,L5,2026-04-27 15:34:35,2026-04-27 15:38:05,,候选关系应按原文作用范围判断；本片段可保留：油 —hasNature→ 凉，跨段推断不应采纳。,logs/userstudy/P040/SYS-R4/A-L5-02.json,Y,N,,Y,,210.0
910,P040,TCM_professional,2,SYS-R4,A-L5-01,A,L5,2026-04-27 15:38:14,2026-04-27 15:41:50,,候选关系应按原文作用范围判断；本片段可保留：水 —hasNature→ 寒，跨段推断不应采纳。,logs/userstudy/P040/SYS-R4/A-L5-01.json,Y,N,,Y,,216.0
911,P040,TCM_professional,2,SYS-R4,A-L6-02,A,L6,2026-04-27 15:42:11,2026-04-27 15:46:01,,证据链：冻结原文 → 实体识别 → 水 —hasNature→ 凉 → 上下文范围核验。,logs/userstudy/P040/SYS-R4/A-L6-02.json,Y,N,,Y,,230.0
912,P040,TCM_professional,2,SYS-R4,A-L6-01,A,L6,2026-04-27 15:46:12,2026-04-27 15:48:28,,原文能确认相关实体，但关系方向和作用范围仍不够明确。,logs/userstudy/P040/SYS-R4/A-L6-01.json,Y,N,,Y,,136.0
913,P041,TCM_professional,1,SYS-R4,B-L1-02,B,L1,2026-04-27 09:30:09,2026-04-27 09:31:01,,盐；拌,logs/userstudy/P041/SYS-R4/B-L1-02.json,Y,N,,Y,,52.0
914,P041,TCM_professional,1,SYS-R4,B-L1-01,B,L1,2026-04-27 09:31:09,2026-04-27 09:31:58,,温；消渴,logs/userstudy/P041/SYS-R4/B-L1-01.json,Y,N,,Y,,49.0
915,P041,TCM_professional,1,SYS-R4,B-L2-02,B,L2,2026-04-27 09:32:15,2026-04-27 09:33:20,,油（食材）；水（食材）；水（食材）,logs/userstudy/P041/SYS-R4/B-L2-02.json,Y,N,,Y,,65.0
916,P041,TCM_professional,1,SYS-R4,B-L2-01,B,L2,2026-04-27 09:33:31,2026-04-27 09:34:54,,未发现足够直接的谓词证据，暂不作确定判断。,logs/userstudy/P041/SYS-R4/B-L2-01.json,Y,N,,Y,,83.0
917,P041,TCM_professional,1,SYS-R4,B-L3-01,B,L3,2026-04-27 09:35:17,2026-04-27 09:36:29,,水 —hasEffect→ 清热,logs/userstudy/P041/SYS-R4/B-L3-01.json,Y,N,,Y,,72.0
918,P041,TCM_professional,1,SYS-R4,B-L3-02,B,L3,2026-04-27 09:36:38,2026-04-27 09:37:49,,内宫散 —containsIngredient→ 醋,logs/userstudy/P041/SYS-R4/B-L3-02.json,Y,N,,Y,,71.0
919,P041,TCM_professional,1,SYS-R4,B-L4-01,B,L4,2026-04-27 09:38:08,2026-04-27 09:40:59,,证据更充分的关系为：水 —hasNature→ 平；理由：论元与谓词位于同句或同一处方段落。,logs/userstudy/P041/SYS-R4/B-L4-01.json,Y,N,,Y,,171.0
920,P041,TCM_professional,1,SYS-R4,B-L4-02,B,L4,2026-04-27 09:41:22,2026-04-27 09:43:20,,证据更充分的关系为：米 —hasFlavor→ 甘；理由：论元与谓词位于同句或同一处方段落。,logs/userstudy/P041/SYS-R4/B-L4-02.json,Y,N,,Y,,118.0
921,P041,TCM_professional,1,SYS-R4,B-L5-01,B,L5,2026-04-27 09:43:38,2026-04-27 09:46:32,,候选关系应按原文作用范围判断；本片段可保留：黄豆 —recordedInText→ 《摘录》，跨段推断不应采纳。,logs/userstudy/P041/SYS-R4/B-L5-01.json,Y,N,,Y,,174.0
922,P041,TCM_professional,1,SYS-R4,B-L5-02,B,L5,2026-04-27 09:46:40,2026-04-27 09:48:59,,候选关系应按原文作用范围判断；本片段可保留：水 —hasFlavor→ 涩，跨段推断不应采纳。,logs/userstudy/P041/SYS-R4/B-L5-02.json,Y,N,,Y,,139.0
923,P041,TCM_professional,1,SYS-R4,B-L6-01,B,L6,2026-04-27 09:49:21,2026-04-27 09:51:34,,原文能确认相关实体，但关系方向和作用范围仍不够明确。,logs/userstudy/P041/SYS-R4/B-L6-01.json,Y,N,,Y,,133.0
924,P041,TCM_professional,1,SYS-R4,B-L6-02,B,L6,2026-04-27 09:51:52,2026-04-27 09:55:43,,证据链：冻结原文 → 实体识别 → 瓜 —hasNature→ 平 → 上下文范围核验。,logs/userstudy/P041/SYS-R4/B-L6-02.json,Y,N,,Y,,231.0
925,P041,TCM_professional,2,SYS-T9,A-L1-02,A,L1,2026-04-27 10:15:58,2026-04-27 10:17:39,,甘；平,logs/userstudy/P041/SYS-T9/A-L1-02.json,Y,N,,Y,,101.0
926,P041,TCM_professional,2,SYS-T9,A-L1-01,A,L1,2026-04-27 10:17:54,2026-04-27 10:19:30,,水；《内经》,logs/userstudy/P041/SYS-T9/A-L1-01.json,Y,N,,Y,,96.0
927,P041,TCM_professional,2,SYS-T9,A-L2-02,A,L2,2026-04-27 10:19:43,2026-04-27 10:21:16,,水（食材）；水（食材）；选用食料的方（食疗方）,logs/userstudy/P041/SYS-T9/A-L2-02.json,Y,N,,Y,,93.0
928,P041,TCM_professional,2,SYS-T9,A-L2-01,A,L2,2026-04-27 10:21:34,2026-04-27 10:22:44,,心（脏腑）；温（食性）；心（脏腑）,logs/userstudy/P041/SYS-T9/A-L2-01.json,Y,N,,Y,,70.0
929,P041,TCM_professional,2,SYS-T9,A-L3-01,A,L3,2026-04-27 10:23:02,2026-04-27 10:23:37,,瓜 —hasNature→ 平,logs/userstudy/P041/SYS-T9/A-L3-01.json,Y,N,,Y,,35.0
930,P041,TCM_professional,2,SYS-T9,A-L3-02,A,L3,2026-04-27 10:24:02,2026-04-27 10:25:48,,然多食生痰桑饮 —usesCookingMethod→ 腌,logs/userstudy/P041/SYS-T9/A-L3-02.json,Y,N,,Y,,106.0
931,P041,TCM_professional,2,SYS-T9,A-L4-01,A,L4,2026-04-27 10:25:57,2026-04-27 10:29:20,,证据更充分的关系为：睡乡散 —recordedInText→ 《饮食谱》；理由：论元与谓词位于同句或同一处方段落。,logs/userstudy/P041/SYS-T9/A-L4-01.json,Y,N,,Y,,203.0
932,P041,TCM_professional,2,SYS-T9,A-L4-02,A,L4,2026-04-27 10:29:40,2026-04-27 10:33:06,,证据更充分的关系为：盐 —hasFlavor→ 甘；理由：论元与谓词位于同句或同一处方段落。,logs/userstudy/P041/SYS-T9/A-L4-02.json,Y,N,,Y,,206.0
933,P041,TCM_professional,2,SYS-T9,A-L5-01,A,L5,2026-04-27 10:33:14,2026-04-27 10:36:18,,倾向于认为候选关系成立，但未能给出完整证据链。,logs/userstudy/P041/SYS-T9/A-L5-01.json,Y,N,,Y,,184.0
934,P041,TCM_professional,2,SYS-T9,A-L5-02,A,L5,2026-04-27 10:36:37,2026-04-27 10:39:21,,倾向于认为候选关系成立，但未能给出完整证据链。,logs/userstudy/P041/SYS-T9/A-L5-02.json,Y,N,,Y,,164.0
935,P041,TCM_professional,2,SYS-T9,A-L6-01,A,L6,2026-04-27 10:39:30,2026-04-27 10:43:23,,证据链：冻结原文 → 实体识别 → 油 —hasNature→ 大寒 → 上下文范围核验。,logs/userstudy/P041/SYS-T9/A-L6-01.json,Y,N,,Y,,233.0
936,P041,TCM_professional,2,SYS-T9,A-L6-02,A,L6,2026-04-27 10:43:34,2026-04-27 10:47:13,,证据链：冻结原文 → 实体识别 → 水 —hasNature→ 凉 → 上下文范围核验。,logs/userstudy/P041/SYS-T9/A-L6-02.json,Y,N,,Y,,219.0
937,P042,TCM_professional,1,SYS-T9,A-L1-01,A,L1,2026-04-27 14:30:04,2026-04-27 14:30:52,,水；《内经》,logs/userstudy/P042/SYS-T9/A-L1-01.json,Y,N,,Y,,48.0
938,P042,TCM_professional,1,SYS-T9,A-L1-02,A,L1,2026-04-27 14:31:17,2026-04-27 14:32:15,,甘；平,logs/userstudy/P042/SYS-T9/A-L1-02.json,Y,N,,Y,,58.0
939,P042,TCM_professional,1,SYS-T9,A-L2-01,A,L2,2026-04-27 14:32:38,2026-04-27 14:34:25,,心（脏腑）；温（食性）；心（脏腑）,logs/userstudy/P042/SYS-T9/A-L2-01.json,Y,N,,Y,,107.0
940,P042,TCM_professional,1,SYS-T9,A-L2-02,A,L2,2026-04-27 14:34:34,2026-04-27 14:35:58,,水（食材）；水（食材）；选用食料的方（食疗方）,logs/userstudy/P042/SYS-T9/A-L2-02.json,Y,N,,Y,,84.0
941,P042,TCM_professional,1,SYS-T9,A-L3-02,A,L3,2026-04-27 14:36:15,2026-04-27 14:38:11,,然多食生痰桑饮 —usesCookingMethod→ 腌,logs/userstudy/P042/SYS-T9/A-L3-02.json,Y,N,,Y,,116.0
942,P042,TCM_professional,1,SYS-T9,A-L3-01,A,L3,2026-04-27 14:38:19,2026-04-27 14:40:09,,瓜 —hasNature→ 平,logs/userstudy/P042/SYS-T9/A-L3-01.json,Y,N,,Y,,110.0
943,P042,TCM_professional,1,SYS-T9,A-L4-01,A,L4,2026-04-27 14:40:21,2026-04-27 14:42:47,,未发现足够直接的谓词证据，暂不作确定判断。,logs/userstudy/P042/SYS-T9/A-L4-01.json,Y,N,,Y,,146.0
944,P042,TCM_professional,1,SYS-T9,A-L4-02,A,L4,2026-04-27 14:42:59,2026-04-27 14:45:52,,证据更充分的关系为：盐 —hasFlavor→ 甘；理由：论元与谓词位于同句或同一处方段落。,logs/userstudy/P042/SYS-T9/A-L4-02.json,Y,N,,Y,,173.0
945,P042,TCM_professional,1,SYS-T9,A-L5-02,A,L5,2026-04-27 14:46:06,2026-04-27 14:50:31,,倾向于认为候选关系成立，但未能给出完整证据链。,logs/userstudy/P042/SYS-T9/A-L5-02.json,Y,N,,Y,,265.0
946,P042,TCM_professional,1,SYS-T9,A-L5-01,A,L5,2026-04-27 14:50:43,2026-04-27 14:52:47,,候选关系应按原文作用范围判断；本片段可保留：水 —hasNature→ 寒，跨段推断不应采纳。,logs/userstudy/P042/SYS-T9/A-L5-01.json,Y,N,,Y,,124.0
947,P042,TCM_professional,1,SYS-T9,A-L6-01,A,L6,2026-04-27 14:53:08,2026-04-27 14:57:28,,原文信息可能支持该结论，不过需要结合前后文进一步判断。,logs/userstudy/P042/SYS-T9/A-L6-01.json,Y,N,,Y,,260.0
948,P042,TCM_professional,1,SYS-T9,A-L6-02,A,L6,2026-04-27 14:57:38,2026-04-27 15:01:33,,证据链：冻结原文 → 实体识别 → 水 —hasNature→ 凉 → 上下文范围核验。,logs/userstudy/P042/SYS-T9/A-L6-02.json,Y,N,,Y,,235.0
949,P042,TCM_professional,2,SYS-R4,B-L1-01,B,L1,2026-04-27 15:21:55,2026-04-27 15:22:51,,温；消渴,logs/userstudy/P042/SYS-R4/B-L1-01.json,Y,N,,Y,,56.0
950,P042,TCM_professional,2,SYS-R4,B-L1-02,B,L1,2026-04-27 15:23:07,2026-04-27 15:23:52,,,logs/userstudy/P042/SYS-R4/B-L1-02.json,N,N,connection_interruption,N,页面在提交前短暂断开，未形成有效回答。,45.0
951,P042,TCM_professional,2,SYS-R4,B-L2-02,B,L2,2026-04-27 15:24:03,2026-04-27 15:24:53,,油（食材）；水（食材）；水（食材）,logs/userstudy/P042/SYS-R4/B-L2-02.json,Y,N,,Y,,50.0
952,P042,TCM_professional,2,SYS-R4,B-L2-01,B,L2,2026-04-27 15:25:11,2026-04-27 15:26:15,,《人世:间》（古籍来源）；《马蹄》（古籍来源）；或解作击散（食疗方）,logs/userstudy/P042/SYS-R4/B-L2-01.json,Y,N,,Y,,64.0
953,P042,TCM_professional,2,SYS-R4,B-L3-02,B,L3,2026-04-27 15:26:29,2026-04-27 15:27:35,,内宫散 —containsIngredient→ 醋,logs/userstudy/P042/SYS-R4/B-L3-02.json,Y,N,,Y,,66.0
954,P042,TCM_professional,2,SYS-R4,B-L3-01,B,L3,2026-04-27 15:27:44,2026-04-27 15:29:10,,水 —hasEffect→ 清热,logs/userstudy/P042/SYS-R4/B-L3-01.json,Y,N,,Y,,86.0
955,P042,TCM_professional,2,SYS-R4,B-L4-01,B,L4,2026-04-27 15:29:26,2026-04-27 15:32:27,,证据更充分的关系为：水 —hasNature→ 平；理由：论元与谓词位于同句或同一处方段落。,logs/userstudy/P042/SYS-R4/B-L4-01.json,Y,N,,Y,,181.0
956,P042,TCM_professional,2,SYS-R4,B-L4-02,B,L4,2026-04-27 15:32:38,2026-04-27 15:34:59,,证据更充分的关系为：米 —hasFlavor→ 甘；理由：论元与谓词位于同句或同一处方段落。,logs/userstudy/P042/SYS-R4/B-L4-02.json,Y,N,,Y,,141.0
957,P042,TCM_professional,2,SYS-R4,B-L5-02,B,L5,2026-04-27 15:35:07,2026-04-27 15:37:45,,候选关系应按原文作用范围判断；本片段可保留：水 —hasFlavor→ 涩，跨段推断不应采纳。,logs/userstudy/P042/SYS-R4/B-L5-02.json,Y,N,,Y,,158.0
958,P042,TCM_professional,2,SYS-R4,B-L5-01,B,L5,2026-04-27 15:37:53,2026-04-27 15:41:02,,候选关系应按原文作用范围判断；本片段可保留：黄豆 —recordedInText→ 《摘录》，跨段推断不应采纳。,logs/userstudy/P042/SYS-R4/B-L5-01.json,Y,N,,Y,,189.0
959,P042,TCM_professional,2,SYS-R4,B-L6-02,B,L6,2026-04-27 15:41:20,2026-04-27 15:44:35,,证据链：冻结原文 → 实体识别 → 瓜 —hasNature→ 平 → 上下文范围核验。,logs/userstudy/P042/SYS-R4/B-L6-02.json,Y,N,,Y,,195.0
960,P042,TCM_professional,2,SYS-R4,B-L6-01,B,L6,2026-04-27 15:44:44,2026-04-27 15:48:41,,证据链：冻结原文 → 实体识别 → 酒 —hasNature→ 寒 → 上下文范围核验。,logs/userstudy/P042/SYS-R4/B-L6-01.json,Y,N,,Y,,237.0
961,P043,TCM_professional,1,SYS-R4,A-L1-01,A,L1,2026-04-27 09:10:25,2026-04-27 09:11:00,,水；《内经》,logs/userstudy/P043/SYS-R4/A-L1-01.json,Y,N,,Y,,35.0
962,P043,TCM_professional,1,SYS-R4,A-L1-02,A,L1,2026-04-27 09:11:12,2026-04-27 09:12:01,,未发现足够直接的谓词证据，暂不作确定判断。,logs/userstudy/P043/SYS-R4/A-L1-02.json,Y,N,,Y,,49.0
963,P043,TCM_professional,1,SYS-R4,A-L2-02,A,L2,2026-04-27 09:12:20,2026-04-27 09:13:29,,水（食材）；水（食材）；选用食料的方（食疗方）,logs/userstudy/P043/SYS-R4/A-L2-02.json,Y,N,,Y,,69.0
964,P043,TCM_professional,1,SYS-R4,A-L2-01,A,L2,2026-04-27 09:13:40,2026-04-27 09:15:36,,心（脏腑）；温（食性）；心（脏腑）,logs/userstudy/P043/SYS-R4/A-L2-01.json,Y,N,,Y,,116.0
965,P043,TCM_professional,1,SYS-R4,A-L3-01,A,L3,2026-04-27 09:15:45,2026-04-27 09:18:09,,瓜 —hasNature→ 平,logs/userstudy/P043/SYS-R4/A-L3-01.json,Y,N,,Y,,144.0
966,P043,TCM_professional,1,SYS-R4,A-L3-02,A,L3,2026-04-27 09:18:24,2026-04-27 09:20:13,,然多食生痰桑饮 —usesCookingMethod→ 腌,logs/userstudy/P043/SYS-R4/A-L3-02.json,Y,N,,Y,,109.0
967,P043,TCM_professional,1,SYS-R4,A-L4-01,A,L4,2026-04-27 09:20:37,2026-04-27 09:22:55,,证据更充分的关系为：睡乡散 —recordedInText→ 《饮食谱》；理由：论元与谓词位于同句或同一处方段落。,logs/userstudy/P043/SYS-R4/A-L4-01.json,Y,N,,Y,,138.0
968,P043,TCM_professional,1,SYS-R4,A-L4-02,A,L4,2026-04-27 09:23:20,2026-04-27 09:25:57,,证据更充分的关系为：盐 —hasFlavor→ 甘；理由：论元与谓词位于同句或同一处方段落。,logs/userstudy/P043/SYS-R4/A-L4-02.json,Y,N,,Y,,157.0
969,P043,TCM_professional,1,SYS-R4,A-L5-02,A,L5,2026-04-27 09:26:17,2026-04-27 09:28:43,,候选关系应按原文作用范围判断；本片段可保留：油 —hasNature→ 凉，跨段推断不应采纳。,logs/userstudy/P043/SYS-R4/A-L5-02.json,Y,N,,Y,,146.0
970,P043,TCM_professional,1,SYS-R4,A-L5-01,A,L5,2026-04-27 09:28:51,2026-04-27 09:31:11,,候选关系应按原文作用范围判断；本片段可保留：水 —hasNature→ 寒，跨段推断不应采纳。,logs/userstudy/P043/SYS-R4/A-L5-01.json,Y,N,,Y,,140.0
971,P043,TCM_professional,1,SYS-R4,A-L6-01,A,L6,2026-04-27 09:31:19,2026-04-27 09:34:12,,证据链：冻结原文 → 实体识别 → 油 —hasNature→ 大寒 → 上下文范围核验。,logs/userstudy/P043/SYS-R4/A-L6-01.json,Y,N,,Y,,173.0
972,P043,TCM_professional,1,SYS-R4,A-L6-02,A,L6,2026-04-27 09:34:29,2026-04-27 09:37:57,,证据链：冻结原文 → 实体识别 → 水 —hasNature→ 凉 → 上下文范围核验。,logs/userstudy/P043/SYS-R4/A-L6-02.json,Y,N,,Y,,208.0
973,P043,TCM_professional,2,SYS-T9,B-L1-01,B,L1,2026-04-27 09:58:16,2026-04-27 09:59:01,,温；消渴,logs/userstudy/P043/SYS-T9/B-L1-01.json,Y,N,,Y,,45.0
974,P043,TCM_professional,2,SYS-T9,B-L1-02,B,L1,2026-04-27 09:59:23,2026-04-27 10:00:42,,盐；拌,logs/userstudy/P043/SYS-T9/B-L1-02.json,Y,N,,Y,,79.0
975,P043,TCM_professional,2,SYS-T9,B-L2-02,B,L2,2026-04-27 10:00:57,2026-04-27 10:02:17,,油（食材）；水（食材）；水（食材）,logs/userstudy/P043/SYS-T9/B-L2-02.json,Y,N,,Y,,80.0
976,P043,TCM_professional,2,SYS-T9,B-L2-01,B,L2,2026-04-27 10:02:28,2026-04-27 10:04:32,,《人世:间》（古籍来源）；《马蹄》（古籍来源）；或解作击散（食疗方）,logs/userstudy/P043/SYS-T9/B-L2-01.json,Y,N,,Y,,124.0
977,P043,TCM_professional,2,SYS-T9,B-L3-02,B,L3,2026-04-27 10:04:45,2026-04-27 10:06:52,,内宫散 —containsIngredient→ 醋,logs/userstudy/P043/SYS-T9/B-L3-02.json,Y,N,,Y,,127.0
978,P043,TCM_professional,2,SYS-T9,B-L3-01,B,L3,2026-04-27 10:07:11,2026-04-27 10:09:51,,水 —hasEffect→ 清热,logs/userstudy/P043/SYS-T9/B-L3-01.json,Y,N,,Y,,160.0
979,P043,TCM_professional,2,SYS-T9,B-L4-01,B,L4,2026-04-27 10:10:10,2026-04-27 10:13:09,,证据更充分的关系为：水 —hasNature→ 平；理由：论元与谓词位于同句或同一处方段落。,logs/userstudy/P043/SYS-T9/B-L4-01.json,Y,N,,Y,,179.0
980,P043,TCM_professional,2,SYS-T9,B-L4-02,B,L4,2026-04-27 10:13:25,2026-04-27 10:16:38,,证据更充分的关系为：米 —hasFlavor→ 甘；理由：论元与谓词位于同句或同一处方段落。,logs/userstudy/P043/SYS-T9/B-L4-02.json,Y,N,,Y,,193.0
981,P043,TCM_professional,2,SYS-T9,B-L5-01,B,L5,2026-04-27 10:16:58,2026-04-27 10:20:10,,候选关系应按原文作用范围判断；本片段可保留：黄豆 —recordedInText→ 《摘录》，跨段推断不应采纳。,logs/userstudy/P043/SYS-T9/B-L5-01.json,Y,N,,Y,,192.0
982,P043,TCM_professional,2,SYS-T9,B-L5-02,B,L5,2026-04-27 10:20:25,2026-04-27 10:24:15,,候选关系应按原文作用范围判断；本片段可保留：水 —hasFlavor→ 涩，跨段推断不应采纳。,logs/userstudy/P043/SYS-T9/B-L5-02.json,Y,N,,Y,,230.0
983,P043,TCM_professional,2,SYS-T9,B-L6-02,B,L6,2026-04-27 10:24:23,2026-04-27 10:28:49,,未发现足够直接的谓词证据，暂不作确定判断。,logs/userstudy/P043/SYS-T9/B-L6-02.json,Y,N,,Y,,266.0
984,P043,TCM_professional,2,SYS-T9,B-L6-01,B,L6,2026-04-27 10:29:01,2026-04-27 10:33:32,,证据链：冻结原文 → 实体识别 → 酒 —hasNature→ 寒 → 上下文范围核验。,logs/userstudy/P043/SYS-T9/B-L6-01.json,Y,N,,Y,,271.0
985,P045,TCM_professional,1,SYS-T9,B-L1-02,B,L1,2026-04-27 14:10:31,2026-04-27 14:11:59,,盐；拌,logs/userstudy/P045/SYS-T9/B-L1-02.json,Y,N,,Y,,88.0
986,P045,TCM_professional,1,SYS-T9,B-L1-01,B,L1,2026-04-27 14:12:12,2026-04-27 14:13:06,,温；消渴,logs/userstudy/P045/SYS-T9/B-L1-01.json,Y,N,,Y,,54.0
987,P045,TCM_professional,1,SYS-T9,B-L2-01,B,L2,2026-04-27 14:13:24,2026-04-27 14:15:10,,《人世:间》（古籍来源）；《马蹄》（古籍来源）；或解作击散（食疗方）,logs/userstudy/P045/SYS-T9/B-L2-01.json,Y,N,,Y,,106.0
988,P045,TCM_professional,1,SYS-T9,B-L2-02,B,L2,2026-04-27 14:15:23,2026-04-27 14:17:33,,油（食材）；水（食材）；水（食材）,logs/userstudy/P045/SYS-T9/B-L2-02.json,Y,N,,Y,,130.0
989,P045,TCM_professional,1,SYS-T9,B-L3-01,B,L3,2026-04-27 14:17:43,2026-04-27 14:19:27,,水 —hasEffect→ 清热,logs/userstudy/P045/SYS-T9/B-L3-01.json,Y,N,,Y,,104.0
990,P045,TCM_professional,1,SYS-T9,B-L3-02,B,L3,2026-04-27 14:19:51,2026-04-27 14:21:54,,原文信息可能支持该结论，不过需要结合前后文进一步判断。,logs/userstudy/P045/SYS-T9/B-L3-02.json,Y,N,,Y,,123.0
991,P045,TCM_professional,1,SYS-T9,B-L4-01,B,L4,2026-04-27 14:22:05,2026-04-27 14:25:11,,证据更充分的关系为：水 —hasNature→ 平；理由：论元与谓词位于同句或同一处方段落。,logs/userstudy/P045/SYS-T9/B-L4-01.json,Y,N,,Y,,186.0
992,P045,TCM_professional,1,SYS-T9,B-L4-02,B,L4,2026-04-27 14:25:36,2026-04-27 14:27:42,,证据更充分的关系为：米 —hasFlavor→ 甘；理由：论元与谓词位于同句或同一处方段落。,logs/userstudy/P045/SYS-T9/B-L4-02.json,Y,N,,Y,,126.0
993,P045,TCM_professional,1,SYS-T9,B-L5-02,B,L5,2026-04-27 14:27:51,2026-04-27 14:30:25,,候选关系应按原文作用范围判断；本片段可保留：水 —hasFlavor→ 涩，跨段推断不应采纳。,logs/userstudy/P045/SYS-T9/B-L5-02.json,Y,N,,Y,,154.0
994,P045,TCM_professional,1,SYS-T9,B-L5-01,B,L5,2026-04-27 14:30:42,2026-04-27 14:33:16,,候选关系应按原文作用范围判断；本片段可保留：黄豆 —recordedInText→ 《摘录》，跨段推断不应采纳。,logs/userstudy/P045/SYS-T9/B-L5-01.json,Y,N,,Y,,154.0
995,P045,TCM_professional,1,SYS-T9,B-L6-01,B,L6,2026-04-27 14:33:32,2026-04-27 14:37:59,,证据链：冻结原文 → 实体识别 → 酒 —hasNature→ 寒 → 上下文范围核验。,logs/userstudy/P045/SYS-T9/B-L6-01.json,Y,N,,Y,,267.0
996,P045,TCM_professional,1,SYS-T9,B-L6-02,B,L6,2026-04-27 14:38:20,2026-04-27 14:42:53,,证据链：冻结原文 → 实体识别 → 瓜 —hasNature→ 平 → 上下文范围核验。,logs/userstudy/P045/SYS-T9/B-L6-02.json,Y,N,,Y,,273.0
997,P045,TCM_professional,2,SYS-R4,A-L1-02,A,L1,2026-04-27 15:03:16,2026-04-27 15:04:30,,甘；平,logs/userstudy/P045/SYS-R4/A-L1-02.json,Y,N,,Y,,74.0
998,P045,TCM_professional,2,SYS-R4,A-L1-01,A,L1,2026-04-27 15:04:39,2026-04-27 15:05:14,,水；《内经》,logs/userstudy/P045/SYS-R4/A-L1-01.json,Y,N,,Y,,35.0
999,P045,TCM_professional,2,SYS-R4,A-L2-01,A,L2,2026-04-27 15:05:25,2026-04-27 15:06:11,,心（脏腑）；温（食性）；心（脏腑）,logs/userstudy/P045/SYS-R4/A-L2-01.json,Y,N,,Y,,46.0
1000,P045,TCM_professional,2,SYS-R4,A-L2-02,A,L2,2026-04-27 15:06:33,2026-04-27 15:07:29,,水（食材）；水（食材）；选用食料的方（食疗方）,logs/userstudy/P045/SYS-R4/A-L2-02.json,Y,N,,Y,,56.0
1001,P045,TCM_professional,2,SYS-R4,A-L3-01,A,L3,2026-04-27 15:07:46,2026-04-27 15:09:23,,瓜 —hasNature→ 平,logs/userstudy/P045/SYS-R4/A-L3-01.json,Y,N,,Y,,97.0
1002,P045,TCM_professional,2,SYS-R4,A-L3-02,A,L3,2026-04-27 15:09:34,2026-04-27 15:11:04,,然多食生痰桑饮 —usesCookingMethod→ 腌,logs/userstudy/P045/SYS-R4/A-L3-02.json,Y,N,,Y,,90.0
1003,P045,TCM_professional,2,SYS-R4,A-L4-02,A,L4,2026-04-27 15:11:27,2026-04-27 15:13:43,,证据更充分的关系为：盐 —hasFlavor→ 甘；理由：论元与谓词位于同句或同一处方段落。,logs/userstudy/P045/SYS-R4/A-L4-02.json,Y,N,,Y,,136.0
1004,P045,TCM_professional,2,SYS-R4,A-L4-01,A,L4,2026-04-27 15:13:57,2026-04-27 15:15:48,,证据更充分的关系为：睡乡散 —recordedInText→ 《饮食谱》；理由：论元与谓词位于同句或同一处方段落。,logs/userstudy/P045/SYS-R4/A-L4-01.json,Y,N,,Y,,111.0
1005,P045,TCM_professional,2,SYS-R4,A-L5-02,A,L5,2026-04-27 15:15:58,2026-04-27 15:19:11,,未发现足够直接的谓词证据，暂不作确定判断。,logs/userstudy/P045/SYS-R4/A-L5-02.json,Y,N,,Y,,193.0
1006,P045,TCM_professional,2,SYS-R4,A-L5-01,A,L5,2026-04-27 15:19:33,2026-04-27 15:22:39,,倾向于认为候选关系成立，但未能给出完整证据链。,logs/userstudy/P045/SYS-R4/A-L5-01.json,Y,N,,Y,,186.0
1007,P045,TCM_professional,2,SYS-R4,A-L6-01,A,L6,2026-04-27 15:23:03,2026-04-27 15:26:48,,证据链：冻结原文 → 实体识别 → 油 —hasNature→ 大寒 → 上下文范围核验。,logs/userstudy/P045/SYS-R4/A-L6-01.json,Y,N,,Y,,225.0
1008,P045,TCM_professional,2,SYS-R4,A-L6-02,A,L6,2026-04-27 15:27:09,2026-04-27 15:29:40,,证据链：冻结原文 → 实体识别 → 水 —hasNature→ 凉 → 上下文范围核验。,logs/userstudy/P045/SYS-R4/A-L6-02.json,Y,N,,Y,,151.0
1009,P046,TCM_professional,1,SYS-R4,B-L1-01,B,L1,2026-04-28 09:10:05,2026-04-28 09:10:44,,温；消渴,logs/userstudy/P046/SYS-R4/B-L1-01.json,Y,N,,Y,,39.0
1010,P046,TCM_professional,1,SYS-R4,B-L1-02,B,L1,2026-04-28 09:10:59,2026-04-28 09:11:34,,盐；拌,logs/userstudy/P046/SYS-R4/B-L1-02.json,Y,N,,Y,,35.0
1011,P046,TCM_professional,1,SYS-R4,B-L2-01,B,L2,2026-04-28 09:11:44,2026-04-28 09:13:11,,《人世:间》（古籍来源）；《马蹄》（古籍来源）；或解作击散（食疗方）,logs/userstudy/P046/SYS-R4/B-L2-01.json,Y,N,,Y,,87.0
1012,P046,TCM_professional,1,SYS-R4,B-L2-02,B,L2,2026-04-28 09:13:27,2026-04-28 09:14:46,,油（食材）；水（食材）；水（食材）,logs/userstudy/P046/SYS-R4/B-L2-02.json,Y,N,,Y,,79.0
1013,P046,TCM_professional,1,SYS-R4,B-L3-01,B,L3,2026-04-28 09:15:03,2026-04-28 09:16:37,,水 —hasEffect→ 清热,logs/userstudy/P046/SYS-R4/B-L3-01.json,Y,N,,Y,,94.0
1014,P046,TCM_professional,1,SYS-R4,B-L3-02,B,L3,2026-04-28 09:16:52,2026-04-28 09:18:54,,内宫散 —containsIngredient→ 醋,logs/userstudy/P046/SYS-R4/B-L3-02.json,Y,N,,Y,,122.0
1015,P046,TCM_professional,1,SYS-R4,B-L4-01,B,L4,2026-04-28 09:19:15,2026-04-28 09:21:35,,证据更充分的关系为：水 —hasNature→ 平；理由：论元与谓词位于同句或同一处方段落。,logs/userstudy/P046/SYS-R4/B-L4-01.json,Y,N,,Y,,140.0
1016,P046,TCM_professional,1,SYS-R4,B-L4-02,B,L4,2026-04-28 09:21:43,2026-04-28 09:24:52,,证据更充分的关系为：米 —hasFlavor→ 甘；理由：论元与谓词位于同句或同一处方段落。,logs/userstudy/P046/SYS-R4/B-L4-02.json,Y,N,,Y,,189.0
1017,P046,TCM_professional,1,SYS-R4,B-L5-01,B,L5,2026-04-28 09:25:02,2026-04-28 09:27:54,,候选关系应按原文作用范围判断；本片段可保留：黄豆 —recordedInText→ 《摘录》，跨段推断不应采纳。,logs/userstudy/P046/SYS-R4/B-L5-01.json,Y,N,,Y,,172.0
1018,P046,TCM_professional,1,SYS-R4,B-L5-02,B,L5,2026-04-28 09:28:08,2026-04-28 09:30:45,,候选关系应按原文作用范围判断；本片段可保留：水 —hasFlavor→ 涩，跨段推断不应采纳。,logs/userstudy/P046/SYS-R4/B-L5-02.json,Y,N,,Y,,157.0
1019,P046,TCM_professional,1,SYS-R4,B-L6-01,B,L6,2026-04-28 09:31:06,2026-04-28 09:34:56,,证据链：冻结原文 → 实体识别 → 酒 —hasNature→ 寒 → 上下文范围核验。,logs/userstudy/P046/SYS-R4/B-L6-01.json,Y,N,,Y,,230.0
1020,P046,TCM_professional,1,SYS-R4,B-L6-02,B,L6,2026-04-28 09:35:07,2026-04-28 09:38:42,,证据链：冻结原文 → 实体识别 → 瓜 —hasNature→ 平 → 上下文范围核验。,logs/userstudy/P046/SYS-R4/B-L6-02.json,Y,N,,Y,,215.0
1021,P046,TCM_professional,2,SYS-T9,A-L1-02,A,L1,2026-04-28 09:58:59,2026-04-28 09:59:53,,甘；平,logs/userstudy/P046/SYS-T9/A-L1-02.json,Y,N,,Y,,54.0
1022,P046,TCM_professional,2,SYS-T9,A-L1-01,A,L1,2026-04-28 10:00:17,2026-04-28 10:01:19,,水；《内经》,logs/userstudy/P046/SYS-T9/A-L1-01.json,Y,N,,Y,,62.0
1023,P046,TCM_professional,2,SYS-T9,A-L2-02,A,L2,2026-04-28 10:01:28,2026-04-28 10:02:50,,水（食材）；水（食材）；选用食料的方（食疗方）,logs/userstudy/P046/SYS-T9/A-L2-02.json,Y,N,,Y,,82.0
1024,P046,TCM_professional,2,SYS-T9,A-L2-01,A,L2,2026-04-28 10:03:09,2026-04-28 10:04:48,,心（脏腑）；温（食性）；心（脏腑）,logs/userstudy/P046/SYS-T9/A-L2-01.json,Y,N,,Y,,99.0
1025,P046,TCM_professional,2,SYS-T9,A-L3-01,A,L3,2026-04-28 10:05:10,2026-04-28 10:07:30,,瓜 —hasNature→ 平,logs/userstudy/P046/SYS-T9/A-L3-01.json,Y,N,,Y,,140.0
1026,P046,TCM_professional,2,SYS-T9,A-L3-02,A,L3,2026-04-28 10:07:52,2026-04-28 10:10:11,,然多食生痰桑饮 —usesCookingMethod→ 腌,logs/userstudy/P046/SYS-T9/A-L3-02.json,Y,N,,Y,,139.0
1027,P046,TCM_professional,2,SYS-T9,A-L4-01,A,L4,2026-04-28 10:10:35,2026-04-28 10:13:47,,证据更充分的关系为：睡乡散 —recordedInText→ 《饮食谱》；理由：论元与谓词位于同句或同一处方段落。,logs/userstudy/P046/SYS-T9/A-L4-01.json,Y,N,,Y,,192.0
1028,P046,TCM_professional,2,SYS-T9,A-L4-02,A,L4,2026-04-28 10:14:05,2026-04-28 10:17:24,,证据更充分的关系为：盐 —hasFlavor→ 甘；理由：论元与谓词位于同句或同一处方段落。,logs/userstudy/P046/SYS-T9/A-L4-02.json,Y,N,,Y,,199.0
1029,P046,TCM_professional,2,SYS-T9,A-L5-01,A,L5,2026-04-28 10:17:44,2026-04-28 10:21:01,,原文信息可能支持该结论，不过需要结合前后文进一步判断。,logs/userstudy/P046/SYS-T9/A-L5-01.json,Y,N,,Y,,197.0
1030,P046,TCM_professional,2,SYS-T9,A-L5-02,A,L5,2026-04-28 10:21:23,2026-04-28 10:24:22,,候选关系应按原文作用范围判断；本片段可保留：油 —hasNature→ 凉，跨段推断不应采纳。,logs/userstudy/P046/SYS-T9/A-L5-02.json,Y,N,,Y,,179.0
1031,P046,TCM_professional,2,SYS-T9,A-L6-01,A,L6,2026-04-28 10:24:42,2026-04-28 10:28:30,,原文信息可能支持该结论，不过需要结合前后文进一步判断。,logs/userstudy/P046/SYS-T9/A-L6-01.json,Y,N,,Y,,228.0
1032,P046,TCM_professional,2,SYS-T9,A-L6-02,A,L6,2026-04-28 10:28:50,2026-04-28 10:32:53,,未发现足够直接的谓词证据，暂不作确定判断。,logs/userstudy/P046/SYS-T9/A-L6-02.json,Y,N,,Y,,243.0
1033,P047,TCM_professional,1,SYS-T9,A-L1-02,A,L1,2026-04-28 14:20:04,2026-04-28 14:20:47,,甘；平,logs/userstudy/P047/SYS-T9/A-L1-02.json,Y,N,,Y,,43.0
1034,P047,TCM_professional,1,SYS-T9,A-L1-01,A,L1,2026-04-28 14:20:55,2026-04-28 14:21:30,,水；《内经》,logs/userstudy/P047/SYS-T9/A-L1-01.json,Y,N,,Y,,35.0
1035,P047,TCM_professional,1,SYS-T9,A-L2-02,A,L2,2026-04-28 14:21:41,2026-04-28 14:23:24,,水（食材）；水（食材）；选用食料的方（食疗方）,logs/userstudy/P047/SYS-T9/A-L2-02.json,Y,N,,Y,,103.0
1036,P047,TCM_professional,1,SYS-T9,A-L2-01,A,L2,2026-04-28 14:23:48,2026-04-28 14:25:31,,倾向于认为候选关系成立，但未能给出完整证据链。,logs/userstudy/P047/SYS-T9/A-L2-01.json,Y,N,,Y,,103.0
1037,P047,TCM_professional,1,SYS-T9,A-L3-02,A,L3,2026-04-28 14:25:53,2026-04-28 14:28:11,,然多食生痰桑饮 —usesCookingMethod→ 腌,logs/userstudy/P047/SYS-T9/A-L3-02.json,Y,N,,Y,,138.0
1038,P047,TCM_professional,1,SYS-T9,A-L3-01,A,L3,2026-04-28 14:28:19,2026-04-28 14:30:17,,倾向于认为候选关系成立，但未能给出完整证据链。,logs/userstudy/P047/SYS-T9/A-L3-01.json,Y,N,,Y,,118.0
1039,P047,TCM_professional,1,SYS-T9,A-L4-01,A,L4,2026-04-28 14:30:35,2026-04-28 14:33:40,,证据更充分的关系为：睡乡散 —recordedInText→ 《饮食谱》；理由：论元与谓词位于同句或同一处方段落。,logs/userstudy/P047/SYS-T9/A-L4-01.json,Y,N,,Y,,185.0
1040,P047,TCM_professional,1,SYS-T9,A-L4-02,A,L4,2026-04-28 14:34:01,2026-04-28 14:37:11,,证据更充分的关系为：盐 —hasFlavor→ 甘；理由：论元与谓词位于同句或同一处方段落。,logs/userstudy/P047/SYS-T9/A-L4-02.json,Y,N,,Y,,190.0
1041,P047,TCM_professional,1,SYS-T9,A-L5-02,A,L5,2026-04-28 14:37:33,2026-04-28 14:40:25,,候选关系应按原文作用范围判断；本片段可保留：油 —hasNature→ 凉，跨段推断不应采纳。,logs/userstudy/P047/SYS-T9/A-L5-02.json,Y,N,,Y,,172.0
1042,P047,TCM_professional,1,SYS-T9,A-L5-01,A,L5,2026-04-28 14:40:49,2026-04-28 14:43:59,,未发现足够直接的谓词证据，暂不作确定判断。,logs/userstudy/P047/SYS-T9/A-L5-01.json,Y,N,,Y,,190.0
1043,P047,TCM_professional,1,SYS-T9,A-L6-02,A,L6,2026-04-28 14:44:17,2026-04-28 14:48:52,,证据链：冻结原文 → 实体识别 → 水 —hasNature→ 凉 → 上下文范围核验。,logs/userstudy/P047/SYS-T9/A-L6-02.json,Y,N,,Y,,275.0
1044,P047,TCM_professional,1,SYS-T9,A-L6-01,A,L6,2026-04-28 14:49:07,2026-04-28 14:53:01,,证据链：冻结原文 → 实体识别 → 油 —hasNature→ 大寒 → 上下文范围核验。,logs/userstudy/P047/SYS-T9/A-L6-01.json,Y,N,,Y,,234.0
1045,P047,TCM_professional,2,SYS-R4,B-L1-02,B,L1,2026-04-28 15:13:20,2026-04-28 15:13:55,,盐；拌,logs/userstudy/P047/SYS-R4/B-L1-02.json,Y,N,,Y,,35.0
1046,P047,TCM_professional,2,SYS-R4,B-L1-01,B,L1,2026-04-28 15:14:13,2026-04-28 15:14:48,,温；消渴,logs/userstudy/P047/SYS-R4/B-L1-01.json,Y,N,,Y,,35.0
1047,P047,TCM_professional,2,SYS-R4,B-L2-02,B,L2,2026-04-28 15:15:03,2026-04-28 15:15:48,,油（食材）；水（食材）；水（食材）,logs/userstudy/P047/SYS-R4/B-L2-02.json,Y,N,,Y,,45.0
1048,P047,TCM_professional,2,SYS-R4,B-L2-01,B,L2,2026-04-28 15:16:08,2026-04-28 15:17:15,,《人世:间》（古籍来源）；《马蹄》（古籍来源）；或解作击散（食疗方）,logs/userstudy/P047/SYS-R4/B-L2-01.json,Y,N,,Y,,67.0
1049,P047,TCM_professional,2,SYS-R4,B-L3-02,B,L3,2026-04-28 15:17:37,2026-04-28 15:19:51,,内宫散 —containsIngredient→ 醋,logs/userstudy/P047/SYS-R4/B-L3-02.json,Y,N,,Y,,134.0
1050,P047,TCM_professional,2,SYS-R4,B-L3-01,B,L3,2026-04-28 15:20:07,2026-04-28 15:22:23,,水 —hasEffect→ 清热,logs/userstudy/P047/SYS-R4/B-L3-01.json,Y,N,,Y,,136.0
1051,P047,TCM_professional,2,SYS-R4,B-L4-02,B,L4,2026-04-28 15:22:42,2026-04-28 15:24:42,,证据更充分的关系为：米 —hasFlavor→ 甘；理由：论元与谓词位于同句或同一处方段落。,logs/userstudy/P047/SYS-R4/B-L4-02.json,Y,N,,Y,,120.0
1052,P047,TCM_professional,2,SYS-R4,B-L4-01,B,L4,2026-04-28 15:24:51,2026-04-28 15:26:18,,倾向于认为候选关系成立，但未能给出完整证据链。,logs/userstudy/P047/SYS-R4/B-L4-01.json,Y,N,,Y,,87.0
1053,P047,TCM_professional,2,SYS-R4,B-L5-02,B,L5,2026-04-28 15:26:40,2026-04-28 15:29:07,,候选关系应按原文作用范围判断；本片段可保留：水 —hasFlavor→ 涩，跨段推断不应采纳。,logs/userstudy/P047/SYS-R4/B-L5-02.json,Y,N,,Y,,147.0
1054,P047,TCM_professional,2,SYS-R4,B-L5-01,B,L5,2026-04-28 15:29:25,2026-04-28 15:32:52,,候选关系应按原文作用范围判断；本片段可保留：黄豆 —recordedInText→ 《摘录》，跨段推断不应采纳。,logs/userstudy/P047/SYS-R4/B-L5-01.json,Y,N,,Y,,207.0
1055,P047,TCM_professional,2,SYS-R4,B-L6-01,B,L6,2026-04-28 15:33:15,2026-04-28 15:37:01,,证据链：冻结原文 → 实体识别 → 酒 —hasNature→ 寒 → 上下文范围核验。,logs/userstudy/P047/SYS-R4/B-L6-01.json,Y,N,,Y,,226.0
1056,P047,TCM_professional,2,SYS-R4,B-L6-02,B,L6,2026-04-28 15:37:26,2026-04-28 15:41:17,,证据链：冻结原文 → 实体识别 → 瓜 —hasNature→ 平 → 上下文范围核验。,logs/userstudy/P047/SYS-R4/B-L6-02.json,Y,N,,Y,,231.0
1057,P048,TCM_professional,1,SYS-R4,A-L1-01,A,L1,2026-04-29 09:20:39,2026-04-29 09:21:55,,水；《内经》,logs/userstudy/P048/SYS-R4/A-L1-01.json,Y,N,,Y,,76.0
1058,P048,TCM_professional,1,SYS-R4,A-L1-02,A,L1,2026-04-29 09:22:16,2026-04-29 09:22:51,,原文能确认相关实体，但关系方向和作用范围仍不够明确。,logs/userstudy/P048/SYS-R4/A-L1-02.json,Y,N,,Y,,35.0
1059,P048,TCM_professional,1,SYS-R4,A-L2-02,A,L2,2026-04-29 09:23:11,2026-04-29 09:23:46,,水（食材）；水（食材）；选用食料的方（食疗方）,logs/userstudy/P048/SYS-R4/A-L2-02.json,Y,N,,Y,,35.0
1060,P048,TCM_professional,1,SYS-R4,A-L2-01,A,L2,2026-04-29 09:24:09,2026-04-29 09:24:44,,心（脏腑）；温（食性）；心（脏腑）,logs/userstudy/P048/SYS-R4/A-L2-01.json,Y,N,,Y,,35.0
1061,P048,TCM_professional,1,SYS-R4,A-L3-02,A,L3,2026-04-29 09:25:00,2026-04-29 09:26:28,,然多食生痰桑饮 —usesCookingMethod→ 腌,logs/userstudy/P048/SYS-R4/A-L3-02.json,Y,N,,Y,,88.0
1062,P048,TCM_professional,1,SYS-R4,A-L3-01,A,L3,2026-04-29 09:26:48,2026-04-29 09:27:58,,瓜 —hasNature→ 平,logs/userstudy/P048/SYS-R4/A-L3-01.json,Y,N,,Y,,70.0
1063,P048,TCM_professional,1,SYS-R4,A-L4-01,A,L4,2026-04-29 09:28:14,2026-04-29 09:30:13,,证据更充分的关系为：睡乡散 —recordedInText→ 《饮食谱》；理由：论元与谓词位于同句或同一处方段落。,logs/userstudy/P048/SYS-R4/A-L4-01.json,Y,N,,Y,,119.0
1064,P048,TCM_professional,1,SYS-R4,A-L4-02,A,L4,2026-04-29 09:30:28,2026-04-29 09:33:07,,原文信息可能支持该结论，不过需要结合前后文进一步判断。,logs/userstudy/P048/SYS-R4/A-L4-02.json,Y,N,,Y,,159.0
1065,P048,TCM_professional,1,SYS-R4,A-L5-01,A,L5,2026-04-29 09:33:25,2026-04-29 09:37:03,,候选关系应按原文作用范围判断；本片段可保留：水 —hasNature→ 寒，跨段推断不应采纳。,logs/userstudy/P048/SYS-R4/A-L5-01.json,Y,N,,Y,,218.0
1066,P048,TCM_professional,1,SYS-R4,A-L5-02,A,L5,2026-04-29 09:37:15,2026-04-29 09:40:21,,原文能确认相关实体，但关系方向和作用范围仍不够明确。,logs/userstudy/P048/SYS-R4/A-L5-02.json,Y,N,,Y,,186.0
1067,P048,TCM_professional,1,SYS-R4,A-L6-02,A,L6,2026-04-29 09:40:31,2026-04-29 09:43:09,,未发现足够直接的谓词证据，暂不作确定判断。,logs/userstudy/P048/SYS-R4/A-L6-02.json,Y,N,,Y,,158.0
1068,P048,TCM_professional,1,SYS-R4,A-L6-01,A,L6,2026-04-29 09:43:28,2026-04-29 09:46:03,,证据链：冻结原文 → 实体识别 → 油 —hasNature→ 大寒 → 上下文范围核验。,logs/userstudy/P048/SYS-R4/A-L6-01.json,Y,N,,Y,,155.0
1069,P048,TCM_professional,2,SYS-T9,B-L1-01,B,L1,2026-04-29 10:06:25,2026-04-29 10:07:42,,温；消渴,logs/userstudy/P048/SYS-T9/B-L1-01.json,Y,N,,Y,,77.0
1070,P048,TCM_professional,2,SYS-T9,B-L1-02,B,L1,2026-04-29 10:07:53,2026-04-29 10:08:37,,盐；拌,logs/userstudy/P048/SYS-T9/B-L1-02.json,Y,N,,Y,,44.0
1071,P048,TCM_professional,2,SYS-T9,B-L2-01,B,L2,2026-04-29 10:08:54,2026-04-29 10:10:20,,倾向于认为候选关系成立，但未能给出完整证据链。,logs/userstudy/P048/SYS-T9/B-L2-01.json,Y,N,,Y,,86.0
1072,P048,TCM_professional,2,SYS-T9,B-L2-02,B,L2,2026-04-29 10:10:38,2026-04-29 10:11:43,,油（食材）；水（食材）；水（食材）,logs/userstudy/P048/SYS-T9/B-L2-02.json,Y,N,,Y,,65.0
1073,P048,TCM_professional,2,SYS-T9,B-L3-02,B,L3,2026-04-29 10:11:52,2026-04-29 10:13:31,,内宫散 —containsIngredient→ 醋,logs/userstudy/P048/SYS-T9/B-L3-02.json,Y,N,,Y,,99.0
1074,P048,TCM_professional,2,SYS-T9,B-L3-01,B,L3,2026-04-29 10:13:53,2026-04-29 10:16:15,,水 —hasEffect→ 清热,logs/userstudy/P048/SYS-T9/B-L3-01.json,Y,N,,Y,,142.0
1075,P048,TCM_professional,2,SYS-T9,B-L4-01,B,L4,2026-04-29 10:16:33,2026-04-29 10:19:31,,证据更充分的关系为：水 —hasNature→ 平；理由：论元与谓词位于同句或同一处方段落。,logs/userstudy/P048/SYS-T9/B-L4-01.json,Y,N,,Y,,178.0
1076,P048,TCM_professional,2,SYS-T9,B-L4-02,B,L4,2026-04-29 10:19:45,2026-04-29 10:22:31,,证据更充分的关系为：米 —hasFlavor→ 甘；理由：论元与谓词位于同句或同一处方段落。,logs/userstudy/P048/SYS-T9/B-L4-02.json,Y,N,,Y,,166.0
1077,P048,TCM_professional,2,SYS-T9,B-L5-01,B,L5,2026-04-29 10:22:53,2026-04-29 10:25:52,,候选关系应按原文作用范围判断；本片段可保留：黄豆 —recordedInText→ 《摘录》，跨段推断不应采纳。,logs/userstudy/P048/SYS-T9/B-L5-01.json,Y,N,,Y,,179.0
1078,P048,TCM_professional,2,SYS-T9,B-L5-02,B,L5,2026-04-29 10:26:02,2026-04-29 10:29:31,,候选关系应按原文作用范围判断；本片段可保留：水 —hasFlavor→ 涩，跨段推断不应采纳。,logs/userstudy/P048/SYS-T9/B-L5-02.json,Y,N,,Y,,209.0
1079,P048,TCM_professional,2,SYS-T9,B-L6-01,B,L6,2026-04-29 10:29:46,2026-04-29 10:34:02,,未发现足够直接的谓词证据，暂不作确定判断。,logs/userstudy/P048/SYS-T9/B-L6-01.json,Y,N,,Y,,256.0
1080,P048,TCM_professional,2,SYS-T9,B-L6-02,B,L6,2026-04-29 10:34:16,2026-04-29 10:38:03,,证据链：冻结原文 → 实体识别 → 瓜 —hasNature→ 平 → 上下文范围核验。,logs/userstudy/P048/SYS-T9/B-L6-02.json,Y,N,,Y,,227.0
1081,P049,TCM_professional,1,SYS-T9,B-L1-01,B,L1,2026-04-29 14:00:15,2026-04-29 14:01:07,,温；消渴,logs/userstudy/P049/SYS-T9/B-L1-01.json,Y,N,,Y,,52.0
1082,P049,TCM_professional,1,SYS-T9,B-L1-02,B,L1,2026-04-29 14:01:27,2026-04-29 14:02:52,,盐；拌,logs/userstudy/P049/SYS-T9/B-L1-02.json,Y,N,,Y,,85.0
1083,P049,TCM_professional,1,SYS-T9,B-L2-02,B,L2,2026-04-29 14:03:06,2026-04-29 14:03:51,,未发现足够直接的谓词证据，暂不作确定判断。,logs/userstudy/P049/SYS-T9/B-L2-02.json,Y,N,,Y,,45.0
1084,P049,TCM_professional,1,SYS-T9,B-L2-01,B,L2,2026-04-29 14:04:10,2026-04-29 14:05:55,,《人世:间》（古籍来源）；《马蹄》（古籍来源）；或解作击散（食疗方）,logs/userstudy/P049/SYS-T9/B-L2-01.json,Y,N,,Y,,105.0
1085,P049,TCM_professional,1,SYS-T9,B-L3-01,B,L3,2026-04-29 14:06:05,2026-04-29 14:08:42,,倾向于认为候选关系成立，但未能给出完整证据链。,logs/userstudy/P049/SYS-T9/B-L3-01.json,Y,N,,Y,,157.0
1086,P049,TCM_professional,1,SYS-T9,B-L3-02,B,L3,2026-04-29 14:08:55,2026-04-29 14:11:11,,原文信息可能支持该结论，不过需要结合前后文进一步判断。,logs/userstudy/P049/SYS-T9/B-L3-02.json,Y,N,,Y,,136.0
1087,P049,TCM_professional,1,SYS-T9,B-L4-01,B,L4,2026-04-29 14:11:21,2026-04-29 14:13:33,,证据更充分的关系为：水 —hasNature→ 平；理由：论元与谓词位于同句或同一处方段落。,logs/userstudy/P049/SYS-T9/B-L4-01.json,Y,N,,Y,,132.0
1088,P049,TCM_professional,1,SYS-T9,B-L4-02,B,L4,2026-04-29 14:13:43,2026-04-29 14:16:31,,证据更充分的关系为：米 —hasFlavor→ 甘；理由：论元与谓词位于同句或同一处方段落。,logs/userstudy/P049/SYS-T9/B-L4-02.json,Y,N,,Y,,168.0
1089,P049,TCM_professional,1,SYS-T9,B-L5-02,B,L5,2026-04-29 14:16:50,2026-04-29 14:20:29,,候选关系应按原文作用范围判断；本片段可保留：水 —hasFlavor→ 涩，跨段推断不应采纳。,logs/userstudy/P049/SYS-T9/B-L5-02.json,Y,N,,Y,,219.0
1090,P049,TCM_professional,1,SYS-T9,B-L5-01,B,L5,2026-04-29 14:20:52,2026-04-29 14:23:34,,候选关系应按原文作用范围判断；本片段可保留：黄豆 —recordedInText→ 《摘录》，跨段推断不应采纳。,logs/userstudy/P049/SYS-T9/B-L5-01.json,Y,N,,Y,,162.0
1091,P049,TCM_professional,1,SYS-T9,B-L6-01,B,L6,2026-04-29 14:23:51,2026-04-29 14:27:18,,倾向于认为候选关系成立，但未能给出完整证据链。,logs/userstudy/P049/SYS-T9/B-L6-01.json,Y,N,,Y,,207.0
1092,P049,TCM_professional,1,SYS-T9,B-L6-02,B,L6,2026-04-29 14:27:32,2026-04-29 14:30:39,,证据链：冻结原文 → 实体识别 → 瓜 —hasNature→ 平 → 上下文范围核验。,logs/userstudy/P049/SYS-T9/B-L6-02.json,Y,N,,Y,,187.0
1093,P049,TCM_professional,2,SYS-R4,A-L1-02,A,L1,2026-04-29 14:50:52,2026-04-29 14:51:27,,甘；平,logs/userstudy/P049/SYS-R4/A-L1-02.json,Y,N,,Y,,35.0
1094,P049,TCM_professional,2,SYS-R4,A-L1-01,A,L1,2026-04-29 14:51:51,2026-04-29 14:52:33,,水；《内经》,logs/userstudy/P049/SYS-R4/A-L1-01.json,Y,N,,Y,,42.0
1095,P049,TCM_professional,2,SYS-R4,A-L2-02,A,L2,2026-04-29 14:52:53,2026-04-29 14:53:48,,水（食材）；水（食材）；选用食料的方（食疗方）,logs/userstudy/P049/SYS-R4/A-L2-02.json,Y,N,,Y,,55.0
1096,P049,TCM_professional,2,SYS-R4,A-L2-01,A,L2,2026-04-29 14:54:11,2026-04-29 14:55:25,,心（脏腑）；温（食性）；心（脏腑）,logs/userstudy/P049/SYS-R4/A-L2-01.json,Y,N,,Y,,74.0
1097,P049,TCM_professional,2,SYS-R4,A-L3-01,A,L3,2026-04-29 14:55:50,2026-04-29 14:57:35,,瓜 —hasNature→ 平,logs/userstudy/P049/SYS-R4/A-L3-01.json,Y,N,,Y,,105.0
1098,P049,TCM_professional,2,SYS-R4,A-L3-02,A,L3,2026-04-29 14:58:00,2026-04-29 15:00:02,,然多食生痰桑饮 —usesCookingMethod→ 腌,logs/userstudy/P049/SYS-R4/A-L3-02.json,Y,N,,Y,,122.0
1099,P049,TCM_professional,2,SYS-R4,A-L4-01,A,L4,2026-04-29 15:00:27,2026-04-29 15:04:06,,证据更充分的关系为：睡乡散 —recordedInText→ 《饮食谱》；理由：论元与谓词位于同句或同一处方段落。,logs/userstudy/P049/SYS-R4/A-L4-01.json,Y,N,,Y,,219.0
1100,P049,TCM_professional,2,SYS-R4,A-L4-02,A,L4,2026-04-29 15:04:19,2026-04-29 15:07:00,,未发现足够直接的谓词证据，暂不作确定判断。,logs/userstudy/P049/SYS-R4/A-L4-02.json,Y,N,,Y,,161.0
1101,P049,TCM_professional,2,SYS-R4,A-L5-01,A,L5,2026-04-29 15:07:08,2026-04-29 15:10:01,,候选关系应按原文作用范围判断；本片段可保留：水 —hasNature→ 寒，跨段推断不应采纳。,logs/userstudy/P049/SYS-R4/A-L5-01.json,Y,N,,Y,,173.0
1102,P049,TCM_professional,2,SYS-R4,A-L5-02,A,L5,2026-04-29 15:10:09,2026-04-29 15:12:47,,候选关系应按原文作用范围判断；本片段可保留：油 —hasNature→ 凉，跨段推断不应采纳。,logs/userstudy/P049/SYS-R4/A-L5-02.json,Y,N,,Y,,158.0
1103,P049,TCM_professional,2,SYS-R4,A-L6-02,A,L6,2026-04-29 15:13:10,2026-04-29 15:18:08,,证据链：冻结原文 → 实体识别 → 水 —hasNature→ 凉 → 上下文范围核验。,logs/userstudy/P049/SYS-R4/A-L6-02.json,Y,N,,Y,,298.0
1104,P049,TCM_professional,2,SYS-R4,A-L6-01,A,L6,2026-04-29 15:18:30,2026-04-29 15:21:22,,原文能确认相关实体，但关系方向和作用范围仍不够明确。,logs/userstudy/P049/SYS-R4/A-L6-01.json,Y,N,,Y,,172.0
1105,P050,TCM_professional,1,SYS-R4,B-L1-01,B,L1,2026-04-30 09:30:04,2026-04-30 09:30:53,,温；消渴,logs/userstudy/P050/SYS-R4/B-L1-01.json,Y,N,,Y,,49.0
1106,P050,TCM_professional,1,SYS-R4,B-L1-02,B,L1,2026-04-30 09:31:10,2026-04-30 09:32:11,,盐；拌,logs/userstudy/P050/SYS-R4/B-L1-02.json,Y,N,,Y,,61.0
1107,P050,TCM_professional,1,SYS-R4,B-L2-02,B,L2,2026-04-30 09:32:28,2026-04-30 09:33:03,,油（食材）；水（食材）；水（食材）,logs/userstudy/P050/SYS-R4/B-L2-02.json,Y,N,,Y,,35.0
1108,P050,TCM_professional,1,SYS-R4,B-L2-01,B,L2,2026-04-30 09:33:21,2026-04-30 09:35:08,,《人世:间》（古籍来源）；《马蹄》（古籍来源）；或解作击散（食疗方）,logs/userstudy/P050/SYS-R4/B-L2-01.json,Y,N,,Y,,107.0
1109,P050,TCM_professional,1,SYS-R4,B-L3-02,B,L3,2026-04-30 09:35:28,2026-04-30 09:37:01,,原文信息可能支持该结论，不过需要结合前后文进一步判断。,logs/userstudy/P050/SYS-R4/B-L3-02.json,Y,N,,Y,,93.0
1110,P050,TCM_professional,1,SYS-R4,B-L3-01,B,L3,2026-04-30 09:37:18,2026-04-30 09:38:14,,水 —hasEffect→ 清热,logs/userstudy/P050/SYS-R4/B-L3-01.json,Y,N,,Y,,56.0
1111,P050,TCM_professional,1,SYS-R4,B-L4-01,B,L4,2026-04-30 09:38:22,2026-04-30 09:40:57,,证据更充分的关系为：水 —hasNature→ 平；理由：论元与谓词位于同句或同一处方段落。,logs/userstudy/P050/SYS-R4/B-L4-01.json,Y,N,,Y,,155.0
1112,P050,TCM_professional,1,SYS-R4,B-L4-02,B,L4,2026-04-30 09:41:22,2026-04-30 09:43:40,,证据更充分的关系为：米 —hasFlavor→ 甘；理由：论元与谓词位于同句或同一处方段落。,logs/userstudy/P050/SYS-R4/B-L4-02.json,Y,N,,Y,,138.0
1113,P050,TCM_professional,1,SYS-R4,B-L5-01,B,L5,2026-04-30 09:43:57,2026-04-30 09:45:17,,候选关系应按原文作用范围判断；本片段可保留：黄豆 —recordedInText→ 《摘录》，跨段推断不应采纳。,logs/userstudy/P050/SYS-R4/B-L5-01.json,Y,N,,Y,,80.0
1114,P050,TCM_professional,1,SYS-R4,B-L5-02,B,L5,2026-04-30 09:45:36,2026-04-30 09:48:11,,候选关系应按原文作用范围判断；本片段可保留：水 —hasFlavor→ 涩，跨段推断不应采纳。,logs/userstudy/P050/SYS-R4/B-L5-02.json,Y,N,,Y,,155.0
1115,P050,TCM_professional,1,SYS-R4,B-L6-02,B,L6,2026-04-30 09:48:24,2026-04-30 09:52:24,,证据链：冻结原文 → 实体识别 → 瓜 —hasNature→ 平 → 上下文范围核验。,logs/userstudy/P050/SYS-R4/B-L6-02.json,Y,N,,Y,,240.0
1116,P050,TCM_professional,1,SYS-R4,B-L6-01,B,L6,2026-04-30 09:52:47,2026-04-30 09:56:22,,证据链：冻结原文 → 实体识别 → 酒 —hasNature→ 寒 → 上下文范围核验。,logs/userstudy/P050/SYS-R4/B-L6-01.json,Y,N,,Y,,215.0
1117,P050,TCM_professional,2,SYS-T9,A-L1-02,A,L1,2026-04-30 10:16:47,2026-04-30 10:19:02,,甘；平,logs/userstudy/P050/SYS-T9/A-L1-02.json,Y,N,,Y,,135.0
1118,P050,TCM_professional,2,SYS-T9,A-L1-01,A,L1,2026-04-30 10:19:10,2026-04-30 10:20:13,,水；《内经》,logs/userstudy/P050/SYS-T9/A-L1-01.json,Y,N,,Y,,63.0
1119,P050,TCM_professional,2,SYS-T9,A-L2-01,A,L2,2026-04-30 10:20:35,2026-04-30 10:22:08,,原文能确认相关实体，但关系方向和作用范围仍不够明确。,logs/userstudy/P050/SYS-T9/A-L2-01.json,Y,N,,Y,,93.0
1120,P050,TCM_professional,2,SYS-T9,A-L2-02,A,L2,2026-04-30 10:22:24,2026-04-30 10:24:45,,水（食材）；水（食材）；选用食料的方（食疗方）,logs/userstudy/P050/SYS-T9/A-L2-02.json,Y,N,,Y,,141.0
1121,P050,TCM_professional,2,SYS-T9,A-L3-01,A,L3,2026-04-30 10:25:00,2026-04-30 10:26:33,,瓜 —hasNature→ 平,logs/userstudy/P050/SYS-T9/A-L3-01.json,Y,N,,Y,,93.0
1122,P050,TCM_professional,2,SYS-T9,A-L3-02,A,L3,2026-04-30 10:26:42,2026-04-30 10:28:19,,然多食生痰桑饮 —usesCookingMethod→ 腌,logs/userstudy/P050/SYS-T9/A-L3-02.json,Y,N,,Y,,97.0
1123,P050,TCM_professional,2,SYS-T9,A-L4-02,A,L4,2026-04-30 10:28:37,2026-04-30 10:31:36,,原文能确认相关实体，但关系方向和作用范围仍不够明确。,logs/userstudy/P050/SYS-T9/A-L4-02.json,Y,N,,Y,,179.0
1124,P050,TCM_professional,2,SYS-T9,A-L4-01,A,L4,2026-04-30 10:31:57,2026-04-30 10:34:43,,证据更充分的关系为：睡乡散 —recordedInText→ 《饮食谱》；理由：论元与谓词位于同句或同一处方段落。,logs/userstudy/P050/SYS-T9/A-L4-01.json,Y,N,,Y,,166.0
1125,P050,TCM_professional,2,SYS-T9,A-L5-01,A,L5,2026-04-30 10:35:04,2026-04-30 10:37:18,,候选关系应按原文作用范围判断；本片段可保留：水 —hasNature→ 寒，跨段推断不应采纳。,logs/userstudy/P050/SYS-T9/A-L5-01.json,Y,N,,Y,,134.0
1126,P050,TCM_professional,2,SYS-T9,A-L5-02,A,L5,2026-04-30 10:37:29,2026-04-30 10:41:02,,未发现足够直接的谓词证据，暂不作确定判断。,logs/userstudy/P050/SYS-T9/A-L5-02.json,Y,N,,Y,,213.0
1127,P050,TCM_professional,2,SYS-T9,A-L6-01,A,L6,2026-04-30 10:41:17,2026-04-30 10:45:56,,证据链：冻结原文 → 实体识别 → 油 —hasNature→ 大寒 → 上下文范围核验。,logs/userstudy/P050/SYS-T9/A-L6-01.json,Y,N,,Y,,279.0
1128,P050,TCM_professional,2,SYS-T9,A-L6-02,A,L6,2026-04-30 10:46:16,2026-04-30 10:51:12,,倾向于认为候选关系成立，但未能给出完整证据链。,logs/userstudy/P050/SYS-T9/A-L6-02.json,Y,N,,Y,,296.0
1129,P051,TCM_professional,1,SYS-T9,A-L1-02,A,L1,2026-04-30 14:30:27,2026-04-30 14:31:54,,甘；平,logs/userstudy/P051/SYS-T9/A-L1-02.json,Y,N,,Y,,87.0
1130,P051,TCM_professional,1,SYS-T9,A-L1-01,A,L1,2026-04-30 14:32:09,2026-04-30 14:32:45,,水；《内经》,logs/userstudy/P051/SYS-T9/A-L1-01.json,Y,N,,Y,,36.0
1131,P051,TCM_professional,1,SYS-T9,A-L2-01,A,L2,2026-04-30 14:33:05,2026-04-30 14:34:38,,心（脏腑）；温（食性）；心（脏腑）,logs/userstudy/P051/SYS-T9/A-L2-01.json,Y,N,,Y,,93.0
1132,P051,TCM_professional,1,SYS-T9,A-L2-02,A,L2,2026-04-30 14:34:59,2026-04-30 14:36:09,,水（食材）；水（食材）；选用食料的方（食疗方）,logs/userstudy/P051/SYS-T9/A-L2-02.json,Y,N,,Y,,70.0
1133,P051,TCM_professional,1,SYS-T9,A-L3-02,A,L3,2026-04-30 14:36:29,2026-04-30 14:38:45,,然多食生痰桑饮 —usesCookingMethod→ 腌,logs/userstudy/P051/SYS-T9/A-L3-02.json,Y,N,,Y,,136.0
1134,P051,TCM_professional,1,SYS-T9,A-L3-01,A,L3,2026-04-30 14:38:59,2026-04-30 14:41:15,,瓜 —hasNature→ 平,logs/userstudy/P051/SYS-T9/A-L3-01.json,Y,N,,Y,,136.0
1135,P051,TCM_professional,1,SYS-T9,A-L4-02,A,L4,2026-04-30 14:41:24,2026-04-30 14:44:33,,证据更充分的关系为：盐 —hasFlavor→ 甘；理由：论元与谓词位于同句或同一处方段落。,logs/userstudy/P051/SYS-T9/A-L4-02.json,Y,N,,Y,,189.0
1136,P051,TCM_professional,1,SYS-T9,A-L4-01,A,L4,2026-04-30 14:44:41,2026-04-30 14:47:58,,原文能确认相关实体，但关系方向和作用范围仍不够明确。,logs/userstudy/P051/SYS-T9/A-L4-01.json,Y,N,,Y,,197.0
1137,P051,TCM_professional,1,SYS-T9,A-L5-02,A,L5,2026-04-30 14:48:08,2026-04-30 14:51:20,,未发现足够直接的谓词证据，暂不作确定判断。,logs/userstudy/P051/SYS-T9/A-L5-02.json,Y,N,,Y,,192.0
1138,P051,TCM_professional,1,SYS-T9,A-L5-01,A,L5,2026-04-30 14:51:38,2026-04-30 14:54:28,,原文信息可能支持该结论，不过需要结合前后文进一步判断。,logs/userstudy/P051/SYS-T9/A-L5-01.json,Y,N,,Y,,170.0
1139,P051,TCM_professional,1,SYS-T9,A-L6-01,A,L6,2026-04-30 14:54:53,2026-04-30 14:57:49,,证据链：冻结原文 → 实体识别 → 油 —hasNature→ 大寒 → 上下文范围核验。,logs/userstudy/P051/SYS-T9/A-L6-01.json,Y,N,,Y,,176.0
1140,P051,TCM_professional,1,SYS-T9,A-L6-02,A,L6,2026-04-30 14:58:14,2026-04-30 15:02:08,,证据链：冻结原文 → 实体识别 → 水 —hasNature→ 凉 → 上下文范围核验。,logs/userstudy/P051/SYS-T9/A-L6-02.json,Y,N,,Y,,234.0
1141,P051,TCM_professional,2,SYS-R4,B-L1-02,B,L1,2026-04-30 15:22:29,2026-04-30 15:23:34,,盐；拌,logs/userstudy/P051/SYS-R4/B-L1-02.json,Y,N,,Y,,65.0
1142,P051,TCM_professional,2,SYS-R4,B-L1-01,B,L1,2026-04-30 15:23:46,2026-04-30 15:24:21,,温；消渴,logs/userstudy/P051/SYS-R4/B-L1-01.json,Y,N,,Y,,35.0
1143,P051,TCM_professional,2,SYS-R4,B-L2-01,B,L2,2026-04-30 15:24:34,2026-04-30 15:26:10,,《人世:间》（古籍来源）；《马蹄》（古籍来源）；或解作击散（食疗方）,logs/userstudy/P051/SYS-R4/B-L2-01.json,Y,N,,Y,,96.0
1144,P051,TCM_professional,2,SYS-R4,B-L2-02,B,L2,2026-04-30 15:26:24,2026-04-30 15:28:01,,油（食材）；水（食材）；水（食材）,logs/userstudy/P051/SYS-R4/B-L2-02.json,Y,N,,Y,,97.0
1145,P051,TCM_professional,2,SYS-R4,B-L3-02,B,L3,2026-04-30 15:28:12,2026-04-30 15:29:27,,内宫散 —containsIngredient→ 醋,logs/userstudy/P051/SYS-R4/B-L3-02.json,Y,N,,Y,,75.0
1146,P051,TCM_professional,2,SYS-R4,B-L3-01,B,L3,2026-04-30 15:29:49,2026-04-30 15:31:50,,水 —hasEffect→ 清热,logs/userstudy/P051/SYS-R4/B-L3-01.json,Y,N,,Y,,121.0
1147,P051,TCM_professional,2,SYS-R4,B-L4-01,B,L4,2026-04-30 15:32:02,2026-04-30 15:34:40,,证据更充分的关系为：水 —hasNature→ 平；理由：论元与谓词位于同句或同一处方段落。,logs/userstudy/P051/SYS-R4/B-L4-01.json,Y,N,,Y,,158.0
1148,P051,TCM_professional,2,SYS-R4,B-L4-02,B,L4,2026-04-30 15:34:48,2026-04-30 15:37:56,,证据更充分的关系为：米 —hasFlavor→ 甘；理由：论元与谓词位于同句或同一处方段落。,logs/userstudy/P051/SYS-R4/B-L4-02.json,Y,N,,Y,,188.0
1149,P051,TCM_professional,2,SYS-R4,B-L5-02,B,L5,2026-04-30 15:38:12,2026-04-30 15:39:53,,原文信息可能支持该结论，不过需要结合前后文进一步判断。,logs/userstudy/P051/SYS-R4/B-L5-02.json,Y,N,,Y,,101.0
1150,P051,TCM_professional,2,SYS-R4,B-L5-01,B,L5,2026-04-30 15:40:01,2026-04-30 15:42:37,,候选关系应按原文作用范围判断；本片段可保留：黄豆 —recordedInText→ 《摘录》，跨段推断不应采纳。,logs/userstudy/P051/SYS-R4/B-L5-01.json,Y,N,,Y,,156.0
1151,P051,TCM_professional,2,SYS-R4,B-L6-02,B,L6,2026-04-30 15:42:54,2026-04-30 15:46:00,,证据链：冻结原文 → 实体识别 → 瓜 —hasNature→ 平 → 上下文范围核验。,logs/userstudy/P051/SYS-R4/B-L6-02.json,Y,N,,Y,,186.0
1152,P051,TCM_professional,2,SYS-R4,B-L6-01,B,L6,2026-04-30 15:46:21,2026-04-30 15:49:03,,倾向于认为候选关系成立，但未能给出完整证据链。,logs/userstudy/P051/SYS-R4/B-L6-01.json,Y,N,,Y,,162.0
1153,P052,TCM_professional,1,SYS-R4,A-L1-02,A,L1,2026-05-01 09:20:09,2026-05-01 09:21:13,,甘；平,logs/userstudy/P052/SYS-R4/A-L1-02.json,Y,N,,Y,,64.0
1154,P052,TCM_professional,1,SYS-R4,A-L1-01,A,L1,2026-05-01 09:21:38,2026-05-01 09:22:37,,水；《内经》,logs/userstudy/P052/SYS-R4/A-L1-01.json,Y,N,,Y,,59.0
1155,P052,TCM_professional,1,SYS-R4,A-L2-02,A,L2,2026-05-01 09:22:50,2026-05-01 09:23:25,,水（食材）；水（食材）；选用食料的方（食疗方）,logs/userstudy/P052/SYS-R4/A-L2-02.json,Y,N,,Y,,35.0
1156,P052,TCM_professional,1,SYS-R4,A-L2-01,A,L2,2026-05-01 09:23:34,2026-05-01 09:24:20,,心（脏腑）；温（食性）；心（脏腑）,logs/userstudy/P052/SYS-R4/A-L2-01.json,Y,N,,Y,,46.0
1157,P052,TCM_professional,1,SYS-R4,A-L3-01,A,L3,2026-05-01 09:24:37,2026-05-01 09:25:53,,瓜 —hasNature→ 平,logs/userstudy/P052/SYS-R4/A-L3-01.json,Y,N,,Y,,76.0
1158,P052,TCM_professional,1,SYS-R4,A-L3-02,A,L3,2026-05-01 09:26:14,2026-05-01 09:28:44,,原文信息可能支持该结论，不过需要结合前后文进一步判断。,logs/userstudy/P052/SYS-R4/A-L3-02.json,Y,N,,Y,,150.0
1159,P052,TCM_professional,1,SYS-R4,A-L4-01,A,L4,2026-05-01 09:29:08,2026-05-01 09:31:43,,证据更充分的关系为：睡乡散 —recordedInText→ 《饮食谱》；理由：论元与谓词位于同句或同一处方段落。,logs/userstudy/P052/SYS-R4/A-L4-01.json,Y,N,,Y,,155.0
1160,P052,TCM_professional,1,SYS-R4,A-L4-02,A,L4,2026-05-01 09:32:01,2026-05-01 09:33:30,,证据更充分的关系为：盐 —hasFlavor→ 甘；理由：论元与谓词位于同句或同一处方段落。,logs/userstudy/P052/SYS-R4/A-L4-02.json,Y,N,,Y,,89.0
1161,P052,TCM_professional,1,SYS-R4,A-L5-02,A,L5,2026-05-01 09:33:40,2026-05-01 09:36:11,,候选关系应按原文作用范围判断；本片段可保留：油 —hasNature→ 凉，跨段推断不应采纳。,logs/userstudy/P052/SYS-R4/A-L5-02.json,Y,N,,Y,,151.0
1162,P052,TCM_professional,1,SYS-R4,A-L5-01,A,L5,2026-05-01 09:36:24,2026-05-01 09:38:26,,原文信息可能支持该结论，不过需要结合前后文进一步判断。,logs/userstudy/P052/SYS-R4/A-L5-01.json,Y,N,,Y,,122.0
1163,P052,TCM_professional,1,SYS-R4,A-L6-01,A,L6,2026-05-01 09:38:48,2026-05-01 09:43:09,,证据链：冻结原文 → 实体识别 → 油 —hasNature→ 大寒 → 上下文范围核验。,logs/userstudy/P052/SYS-R4/A-L6-01.json,Y,N,,Y,,261.0
1164,P052,TCM_professional,1,SYS-R4,A-L6-02,A,L6,2026-05-01 09:43:22,2026-05-01 09:45:56,,倾向于认为候选关系成立，但未能给出完整证据链。,logs/userstudy/P052/SYS-R4/A-L6-02.json,Y,N,,Y,,154.0
1165,P052,TCM_professional,2,SYS-T9,B-L1-02,B,L1,2026-05-01 10:06:12,2026-05-01 10:07:38,,盐；拌,logs/userstudy/P052/SYS-T9/B-L1-02.json,Y,N,,Y,,86.0
1166,P052,TCM_professional,2,SYS-T9,B-L1-01,B,L1,2026-05-01 10:07:57,2026-05-01 10:09:14,,温；消渴,logs/userstudy/P052/SYS-T9/B-L1-01.json,Y,N,,Y,,77.0
1167,P052,TCM_professional,2,SYS-T9,B-L2-02,B,L2,2026-05-01 10:09:32,2026-05-01 10:10:51,,油（食材）；水（食材）；水（食材）,logs/userstudy/P052/SYS-T9/B-L2-02.json,Y,N,,Y,,79.0
1168,P052,TCM_professional,2,SYS-T9,B-L2-01,B,L2,2026-05-01 10:10:59,2026-05-01 10:12:15,,《人世:间》（古籍来源）；《马蹄》（古籍来源）；或解作击散（食疗方）,logs/userstudy/P052/SYS-T9/B-L2-01.json,Y,N,,Y,,76.0
1169,P052,TCM_professional,2,SYS-T9,B-L3-01,B,L3,2026-05-01 10:12:23,2026-05-01 10:13:15,,水 —hasEffect→ 清热,logs/userstudy/P052/SYS-T9/B-L3-01.json,Y,N,,Y,,52.0
1170,P052,TCM_professional,2,SYS-T9,B-L3-02,B,L3,2026-05-01 10:13:38,2026-05-01 10:15:10,,内宫散 —containsIngredient→ 醋,logs/userstudy/P052/SYS-T9/B-L3-02.json,Y,N,,Y,,92.0
1171,P052,TCM_professional,2,SYS-T9,B-L4-01,B,L4,2026-05-01 10:15:22,2026-05-01 10:18:27,,证据更充分的关系为：水 —hasNature→ 平；理由：论元与谓词位于同句或同一处方段落。,logs/userstudy/P052/SYS-T9/B-L4-01.json,Y,N,,Y,,185.0
1172,P052,TCM_professional,2,SYS-T9,B-L4-02,B,L4,2026-05-01 10:18:49,2026-05-01 10:21:26,,证据更充分的关系为：米 —hasFlavor→ 甘；理由：论元与谓词位于同句或同一处方段落。,logs/userstudy/P052/SYS-T9/B-L4-02.json,Y,N,,Y,,157.0
1173,P052,TCM_professional,2,SYS-T9,B-L5-01,B,L5,2026-05-01 10:21:36,2026-05-01 10:25:16,,候选关系应按原文作用范围判断；本片段可保留：黄豆 —recordedInText→ 《摘录》，跨段推断不应采纳。,logs/userstudy/P052/SYS-T9/B-L5-01.json,Y,N,,Y,,220.0
1174,P052,TCM_professional,2,SYS-T9,B-L5-02,B,L5,2026-05-01 10:25:26,2026-05-01 10:27:51,,候选关系应按原文作用范围判断；本片段可保留：水 —hasFlavor→ 涩，跨段推断不应采纳。,logs/userstudy/P052/SYS-T9/B-L5-02.json,Y,N,,Y,,145.0
1175,P052,TCM_professional,2,SYS-T9,B-L6-01,B,L6,2026-05-01 10:28:11,2026-05-01 10:31:54,,倾向于认为候选关系成立，但未能给出完整证据链。,logs/userstudy/P052/SYS-T9/B-L6-01.json,Y,N,,Y,,223.0
1176,P052,TCM_professional,2,SYS-T9,B-L6-02,B,L6,2026-05-01 10:32:11,2026-05-01 10:36:21,,未发现足够直接的谓词证据，暂不作确定判断。,logs/userstudy/P052/SYS-T9/B-L6-02.json,Y,N,,Y,,250.0
1177,P053,TCM_professional,1,SYS-T9,B-L1-01,B,L1,2026-05-01 14:30:13,2026-05-01 14:31:33,,原文能确认相关实体，但关系方向和作用范围仍不够明确。,logs/userstudy/P053/SYS-T9/B-L1-01.json,Y,N,,Y,,80.0
1178,P053,TCM_professional,1,SYS-T9,B-L1-02,B,L1,2026-05-01 14:31:44,2026-05-01 14:32:56,,盐；拌,logs/userstudy/P053/SYS-T9/B-L1-02.json,Y,N,,Y,,72.0
1179,P053,TCM_professional,1,SYS-T9,B-L2-02,B,L2,2026-05-01 14:33:20,2026-05-01 14:34:36,,原文能确认相关实体，但关系方向和作用范围仍不够明确。,logs/userstudy/P053/SYS-T9/B-L2-02.json,Y,N,,Y,,76.0
1180,P053,TCM_professional,1,SYS-T9,B-L2-01,B,L2,2026-05-01 14:35:00,2026-05-01 14:36:36,,《人世:间》（古籍来源）；《马蹄》（古籍来源）；或解作击散（食疗方）,logs/userstudy/P053/SYS-T9/B-L2-01.json,Y,N,,Y,,96.0
1181,P053,TCM_professional,1,SYS-T9,B-L3-01,B,L3,2026-05-01 14:36:55,2026-05-01 14:39:10,,水 —hasEffect→ 清热,logs/userstudy/P053/SYS-T9/B-L3-01.json,Y,N,,Y,,135.0
1182,P053,TCM_professional,1,SYS-T9,B-L3-02,B,L3,2026-05-01 14:39:29,2026-05-01 14:41:41,,内宫散 —containsIngredient→ 醋,logs/userstudy/P053/SYS-T9/B-L3-02.json,Y,N,,Y,,132.0
1183,P053,TCM_professional,1,SYS-T9,B-L4-02,B,L4,2026-05-01 14:41:56,2026-05-01 14:44:39,,证据更充分的关系为：米 —hasFlavor→ 甘；理由：论元与谓词位于同句或同一处方段落。,logs/userstudy/P053/SYS-T9/B-L4-02.json,Y,N,,Y,,163.0
1184,P053,TCM_professional,1,SYS-T9,B-L4-01,B,L4,2026-05-01 14:44:58,2026-05-01 14:48:08,,原文能确认相关实体，但关系方向和作用范围仍不够明确。,logs/userstudy/P053/SYS-T9/B-L4-01.json,Y,N,,Y,,190.0
1185,P053,TCM_professional,1,SYS-T9,B-L5-02,B,L5,2026-05-01 14:48:24,2026-05-01 14:52:21,,候选关系应按原文作用范围判断；本片段可保留：水 —hasFlavor→ 涩，跨段推断不应采纳。,logs/userstudy/P053/SYS-T9/B-L5-02.json,Y,N,,Y,,237.0
1186,P053,TCM_professional,1,SYS-T9,B-L5-01,B,L5,2026-05-01 14:52:37,2026-05-01 14:56:22,,候选关系应按原文作用范围判断；本片段可保留：黄豆 —recordedInText→ 《摘录》，跨段推断不应采纳。,logs/userstudy/P053/SYS-T9/B-L5-01.json,Y,N,,Y,,225.0
1187,P053,TCM_professional,1,SYS-T9,B-L6-02,B,L6,2026-05-01 14:56:45,2026-05-01 14:59:57,,证据链：冻结原文 → 实体识别 → 瓜 —hasNature→ 平 → 上下文范围核验。,logs/userstudy/P053/SYS-T9/B-L6-02.json,Y,N,,Y,,192.0
1188,P053,TCM_professional,1,SYS-T9,B-L6-01,B,L6,2026-05-01 15:00:20,2026-05-01 15:04:02,,原文能确认相关实体，但关系方向和作用范围仍不够明确。,logs/userstudy/P053/SYS-T9/B-L6-01.json,Y,N,,Y,,222.0
1189,P053,TCM_professional,2,SYS-R4,A-L1-02,A,L1,2026-05-01 15:24:22,2026-05-01 15:24:57,,甘；平,logs/userstudy/P053/SYS-R4/A-L1-02.json,Y,N,,Y,,35.0
1190,P053,TCM_professional,2,SYS-R4,A-L1-01,A,L1,2026-05-01 15:25:09,2026-05-01 15:25:59,,水；《内经》,logs/userstudy/P053/SYS-R4/A-L1-01.json,Y,N,,Y,,50.0
1191,P053,TCM_professional,2,SYS-R4,A-L2-01,A,L2,2026-05-01 15:26:18,2026-05-01 15:27:55,,心（脏腑）；温（食性）；心（脏腑）,logs/userstudy/P053/SYS-R4/A-L2-01.json,Y,N,,Y,,97.0
1192,P053,TCM_professional,2,SYS-R4,A-L2-02,A,L2,2026-05-01 15:28:11,2026-05-01 15:29:30,,水（食材）；水（食材）；选用食料的方（食疗方）,logs/userstudy/P053/SYS-R4/A-L2-02.json,Y,N,,Y,,79.0
1193,P053,TCM_professional,2,SYS-R4,A-L3-01,A,L3,2026-05-01 15:29:55,2026-05-01 15:31:24,,瓜 —hasNature→ 平,logs/userstudy/P053/SYS-R4/A-L3-01.json,Y,N,,Y,,89.0
1194,P053,TCM_professional,2,SYS-R4,A-L3-02,A,L3,2026-05-01 15:31:46,2026-05-01 15:33:47,,倾向于认为候选关系成立，但未能给出完整证据链。,logs/userstudy/P053/SYS-R4/A-L3-02.json,Y,N,,Y,,121.0
1195,P053,TCM_professional,2,SYS-R4,A-L4-01,A,L4,2026-05-01 15:34:00,2026-05-01 15:36:18,,证据更充分的关系为：睡乡散 —recordedInText→ 《饮食谱》；理由：论元与谓词位于同句或同一处方段落。,logs/userstudy/P053/SYS-R4/A-L4-01.json,Y,N,,Y,,138.0
1196,P053,TCM_professional,2,SYS-R4,A-L4-02,A,L4,2026-05-01 15:36:41,2026-05-01 15:39:09,,证据更充分的关系为：盐 —hasFlavor→ 甘；理由：论元与谓词位于同句或同一处方段落。,logs/userstudy/P053/SYS-R4/A-L4-02.json,Y,N,,Y,,148.0
1197,P053,TCM_professional,2,SYS-R4,A-L5-02,A,L5,2026-05-01 15:39:17,2026-05-01 15:42:02,,倾向于认为候选关系成立，但未能给出完整证据链。,logs/userstudy/P053/SYS-R4/A-L5-02.json,Y,N,,Y,,165.0
1198,P053,TCM_professional,2,SYS-R4,A-L5-01,A,L5,2026-05-01 15:42:11,2026-05-01 15:44:32,,候选关系应按原文作用范围判断；本片段可保留：水 —hasNature→ 寒，跨段推断不应采纳。,logs/userstudy/P053/SYS-R4/A-L5-01.json,Y,N,,Y,,141.0
1199,P053,TCM_professional,2,SYS-R4,A-L6-02,A,L6,2026-05-01 15:44:41,2026-05-01 15:47:57,,证据链：冻结原文 → 实体识别 → 水 —hasNature→ 凉 → 上下文范围核验。,logs/userstudy/P053/SYS-R4/A-L6-02.json,Y,N,,Y,,196.0
1200,P053,TCM_professional,2,SYS-R4,A-L6-01,A,L6,2026-05-01 15:48:22,2026-05-01 15:51:52,,倾向于认为候选关系成立，但未能给出完整证据链。,logs/userstudy/P053/SYS-R4/A-L6-01.json,Y,N,,Y,,210.0
1201,P054,TCM_professional,1,SYS-R4,B-L1-02,B,L1,2026-05-04 09:30:16,2026-05-04 09:30:51,,盐；拌,logs/userstudy/P054/SYS-R4/B-L1-02.json,Y,N,,Y,,35.0
1202,P054,TCM_professional,1,SYS-R4,B-L1-01,B,L1,2026-05-04 09:31:05,2026-05-04 09:31:40,,温；消渴,logs/userstudy/P054/SYS-R4/B-L1-01.json,Y,N,,Y,,35.0
1203,P054,TCM_professional,1,SYS-R4,B-L2-01,B,L2,2026-05-04 09:31:52,2026-05-04 09:33:18,,《人世:间》（古籍来源）；《马蹄》（古籍来源）；或解作击散（食疗方）,logs/userstudy/P054/SYS-R4/B-L2-01.json,Y,N,,Y,,86.0
1204,P054,TCM_professional,1,SYS-R4,B-L2-02,B,L2,2026-05-04 09:33:37,2026-05-04 09:34:53,,油（食材）；水（食材）；水（食材）,logs/userstudy/P054/SYS-R4/B-L2-02.json,Y,N,,Y,,76.0
1205,P054,TCM_professional,1,SYS-R4,B-L3-02,B,L3,2026-05-04 09:35:07,2026-05-04 09:36:39,,内宫散 —containsIngredient→ 醋,logs/userstudy/P054/SYS-R4/B-L3-02.json,Y,N,,Y,,92.0
1206,P054,TCM_professional,1,SYS-R4,B-L3-01,B,L3,2026-05-04 09:36:59,2026-05-04 09:38:24,,水 —hasEffect→ 清热,logs/userstudy/P054/SYS-R4/B-L3-01.json,Y,N,,Y,,85.0
1207,P054,TCM_professional,1,SYS-R4,B-L4-02,B,L4,2026-05-04 09:38:45,2026-05-04 09:41:15,,证据更充分的关系为：米 —hasFlavor→ 甘；理由：论元与谓词位于同句或同一处方段落。,logs/userstudy/P054/SYS-R4/B-L4-02.json,Y,N,,Y,,150.0
1208,P054,TCM_professional,1,SYS-R4,B-L4-01,B,L4,2026-05-04 09:41:24,2026-05-04 09:43:17,,证据更充分的关系为：水 —hasNature→ 平；理由：论元与谓词位于同句或同一处方段落。,logs/userstudy/P054/SYS-R4/B-L4-01.json,Y,N,,Y,,113.0
1209,P054,TCM_professional,1,SYS-R4,B-L5-02,B,L5,2026-05-04 09:43:29,2026-05-04 09:46:11,,原文能确认相关实体，但关系方向和作用范围仍不够明确。,logs/userstudy/P054/SYS-R4/B-L5-02.json,Y,N,,Y,,162.0
1210,P054,TCM_professional,1,SYS-R4,B-L5-01,B,L5,2026-05-04 09:46:25,2026-05-04 09:49:34,,候选关系应按原文作用范围判断；本片段可保留：黄豆 —recordedInText→ 《摘录》，跨段推断不应采纳。,logs/userstudy/P054/SYS-R4/B-L5-01.json,Y,N,,Y,,189.0
1211,P054,TCM_professional,1,SYS-R4,B-L6-01,B,L6,2026-05-04 09:49:57,2026-05-04 09:53:15,,证据链：冻结原文 → 实体识别 → 酒 —hasNature→ 寒 → 上下文范围核验。,logs/userstudy/P054/SYS-R4/B-L6-01.json,Y,N,,Y,,198.0
1212,P054,TCM_professional,1,SYS-R4,B-L6-02,B,L6,2026-05-04 09:53:32,2026-05-04 09:56:43,,未发现足够直接的谓词证据，暂不作确定判断。,logs/userstudy/P054/SYS-R4/B-L6-02.json,Y,N,,Y,,191.0
1213,P054,TCM_professional,2,SYS-T9,A-L1-02,A,L1,2026-05-04 10:17:08,2026-05-04 10:18:11,,甘；平,logs/userstudy/P054/SYS-T9/A-L1-02.json,Y,N,,Y,,63.0
1214,P054,TCM_professional,2,SYS-T9,A-L1-01,A,L1,2026-05-04 10:18:33,2026-05-04 10:19:57,,水；《内经》,logs/userstudy/P054/SYS-T9/A-L1-01.json,Y,N,,Y,,84.0
1215,P054,TCM_professional,2,SYS-T9,A-L2-01,A,L2,2026-05-04 10:20:05,2026-05-04 10:21:07,,心（脏腑）；温（食性）；心（脏腑）,logs/userstudy/P054/SYS-T9/A-L2-01.json,Y,N,,Y,,62.0
1216,P054,TCM_professional,2,SYS-T9,A-L2-02,A,L2,2026-05-04 10:21:15,2026-05-04 10:22:33,,水（食材）；水（食材）；选用食料的方（食疗方）,logs/userstudy/P054/SYS-T9/A-L2-02.json,Y,N,,Y,,78.0
1217,P054,TCM_professional,2,SYS-T9,A-L3-01,A,L3,2026-05-04 10:22:56,2026-05-04 10:24:43,,瓜 —hasNature→ 平,logs/userstudy/P054/SYS-T9/A-L3-01.json,Y,N,,Y,,107.0
1218,P054,TCM_professional,2,SYS-T9,A-L3-02,A,L3,2026-05-04 10:25:08,2026-05-04 10:26:29,,然多食生痰桑饮 —usesCookingMethod→ 腌,logs/userstudy/P054/SYS-T9/A-L3-02.json,Y,N,,Y,,81.0
1219,P054,TCM_professional,2,SYS-T9,A-L4-02,A,L4,2026-05-04 10:26:46,2026-05-04 10:29:11,,证据更充分的关系为：盐 —hasFlavor→ 甘；理由：论元与谓词位于同句或同一处方段落。,logs/userstudy/P054/SYS-T9/A-L4-02.json,Y,N,,Y,,145.0
1220,P054,TCM_professional,2,SYS-T9,A-L4-01,A,L4,2026-05-04 10:29:27,2026-05-04 10:31:51,,证据更充分的关系为：睡乡散 —recordedInText→ 《饮食谱》；理由：论元与谓词位于同句或同一处方段落。,logs/userstudy/P054/SYS-T9/A-L4-01.json,Y,N,,Y,,144.0
1221,P054,TCM_professional,2,SYS-T9,A-L5-01,A,L5,2026-05-04 10:32:10,2026-05-04 10:35:43,,候选关系应按原文作用范围判断；本片段可保留：水 —hasNature→ 寒，跨段推断不应采纳。,logs/userstudy/P054/SYS-T9/A-L5-01.json,Y,N,,Y,,213.0
1222,P054,TCM_professional,2,SYS-T9,A-L5-02,A,L5,2026-05-04 10:35:51,2026-05-04 10:39:19,,候选关系应按原文作用范围判断；本片段可保留：油 —hasNature→ 凉，跨段推断不应采纳。,logs/userstudy/P054/SYS-T9/A-L5-02.json,Y,N,,Y,,208.0
1223,P054,TCM_professional,2,SYS-T9,A-L6-02,A,L6,2026-05-04 10:39:35,2026-05-04 10:42:53,,证据链：冻结原文 → 实体识别 → 水 —hasNature→ 凉 → 上下文范围核验。,logs/userstudy/P054/SYS-T9/A-L6-02.json,Y,N,,Y,,198.0
1224,P054,TCM_professional,2,SYS-T9,A-L6-01,A,L6,2026-05-04 10:43:13,2026-05-04 10:47:06,,未发现足够直接的谓词证据，暂不作确定判断。,logs/userstudy/P054/SYS-T9/A-L6-01.json,Y,N,,Y,,233.0
1225,P055,TCM_professional,1,SYS-T9,A-L1-02,A,L1,2026-05-04 14:30:11,2026-05-04 14:32:07,,甘；平,logs/userstudy/P055/SYS-T9/A-L1-02.json,Y,N,,Y,,116.0
1226,P055,TCM_professional,1,SYS-T9,A-L1-01,A,L1,2026-05-04 14:32:32,2026-05-04 14:33:22,,水；《内经》,logs/userstudy/P055/SYS-T9/A-L1-01.json,Y,N,,Y,,50.0
1227,P055,TCM_professional,1,SYS-T9,A-L2-02,A,L2,2026-05-04 14:33:31,2026-05-04 14:34:40,,水（食材）；水（食材）；选用食料的方（食疗方）,logs/userstudy/P055/SYS-T9/A-L2-02.json,Y,N,,Y,,69.0
1228,P055,TCM_professional,1,SYS-T9,A-L2-01,A,L2,2026-05-04 14:34:55,2026-05-04 14:36:58,,心（脏腑）；温（食性）；心（脏腑）,logs/userstudy/P055/SYS-T9/A-L2-01.json,Y,N,,Y,,123.0
1229,P055,TCM_professional,1,SYS-T9,A-L3-01,A,L3,2026-05-04 14:37:09,2026-05-04 14:39:33,,瓜 —hasNature→ 平,logs/userstudy/P055/SYS-T9/A-L3-01.json,Y,N,,Y,,144.0
1230,P055,TCM_professional,1,SYS-T9,A-L3-02,A,L3,2026-05-04 14:39:42,2026-05-04 14:40:36,,然多食生痰桑饮 —usesCookingMethod→ 腌,logs/userstudy/P055/SYS-T9/A-L3-02.json,Y,N,,Y,,54.0
1231,P055,TCM_professional,1,SYS-T9,A-L4-02,A,L4,2026-05-04 14:41:00,2026-05-04 14:43:55,,证据更充分的关系为：盐 —hasFlavor→ 甘；理由：论元与谓词位于同句或同一处方段落。,logs/userstudy/P055/SYS-T9/A-L4-02.json,Y,N,,Y,,175.0
1232,P055,TCM_professional,1,SYS-T9,A-L4-01,A,L4,2026-05-04 14:44:08,2026-05-04 14:47:21,,证据更充分的关系为：睡乡散 —recordedInText→ 《饮食谱》；理由：论元与谓词位于同句或同一处方段落。,logs/userstudy/P055/SYS-T9/A-L4-01.json,Y,N,,Y,,193.0
1233,P055,TCM_professional,1,SYS-T9,A-L5-01,A,L5,2026-05-04 14:47:31,2026-05-04 14:51:42,,候选关系应按原文作用范围判断；本片段可保留：水 —hasNature→ 寒，跨段推断不应采纳。,logs/userstudy/P055/SYS-T9/A-L5-01.json,Y,N,,Y,,251.0
1234,P055,TCM_professional,1,SYS-T9,A-L5-02,A,L5,2026-05-04 14:51:55,2026-05-04 14:56:48,,候选关系应按原文作用范围判断；本片段可保留：油 —hasNature→ 凉，跨段推断不应采纳。,logs/userstudy/P055/SYS-T9/A-L5-02.json,Y,N,,Y,,293.0
1235,P055,TCM_professional,1,SYS-T9,A-L6-01,A,L6,2026-05-04 14:57:06,2026-05-04 15:01:00,,证据链：冻结原文 → 实体识别 → 油 —hasNature→ 大寒 → 上下文范围核验。,logs/userstudy/P055/SYS-T9/A-L6-01.json,Y,N,,Y,,234.0
1236,P055,TCM_professional,1,SYS-T9,A-L6-02,A,L6,2026-05-04 15:01:14,2026-05-04 15:05:03,,证据链：冻结原文 → 实体识别 → 水 —hasNature→ 凉 → 上下文范围核验。,logs/userstudy/P055/SYS-T9/A-L6-02.json,Y,N,,Y,,229.0
1237,P055,TCM_professional,2,SYS-R4,B-L1-01,B,L1,2026-05-04 15:25:14,2026-05-04 15:25:50,,温；消渴,logs/userstudy/P055/SYS-R4/B-L1-01.json,Y,N,,Y,,36.0
1238,P055,TCM_professional,2,SYS-R4,B-L1-02,B,L1,2026-05-04 15:26:11,2026-05-04 15:26:57,,盐；拌,logs/userstudy/P055/SYS-R4/B-L1-02.json,Y,N,,Y,,46.0
1239,P055,TCM_professional,2,SYS-R4,B-L2-02,B,L2,2026-05-04 15:27:12,2026-05-04 15:28:06,,油（食材）；水（食材）；水（食材）,logs/userstudy/P055/SYS-R4/B-L2-02.json,Y,N,,Y,,54.0
1240,P055,TCM_professional,2,SYS-R4,B-L2-01,B,L2,2026-05-04 15:28:30,2026-05-04 15:29:05,,《人世:间》（古籍来源）；《马蹄》（古籍来源）；或解作击散（食疗方）,logs/userstudy/P055/SYS-R4/B-L2-01.json,Y,N,,Y,,35.0
1241,P055,TCM_professional,2,SYS-R4,B-L3-02,B,L3,2026-05-04 15:29:27,2026-05-04 15:31:47,,内宫散 —containsIngredient→ 醋,logs/userstudy/P055/SYS-R4/B-L3-02.json,Y,N,,Y,,140.0
1242,P055,TCM_professional,2,SYS-R4,B-L3-01,B,L3,2026-05-04 15:32:01,2026-05-04 15:33:30,,水 —hasEffect→ 清热,logs/userstudy/P055/SYS-R4/B-L3-01.json,Y,N,,Y,,89.0
1243,P055,TCM_professional,2,SYS-R4,B-L4-01,B,L4,2026-05-04 15:33:43,2026-05-04 15:35:36,,证据更充分的关系为：水 —hasNature→ 平；理由：论元与谓词位于同句或同一处方段落。,logs/userstudy/P055/SYS-R4/B-L4-01.json,Y,N,,Y,,113.0
1244,P055,TCM_professional,2,SYS-R4,B-L4-02,B,L4,2026-05-04 15:35:53,2026-05-04 15:39:15,,证据更充分的关系为：米 —hasFlavor→ 甘；理由：论元与谓词位于同句或同一处方段落。,logs/userstudy/P055/SYS-R4/B-L4-02.json,Y,N,,Y,,202.0
1245,P055,TCM_professional,2,SYS-R4,B-L5-01,B,L5,2026-05-04 15:39:23,2026-05-04 15:43:04,,候选关系应按原文作用范围判断；本片段可保留：黄豆 —recordedInText→ 《摘录》，跨段推断不应采纳。,logs/userstudy/P055/SYS-R4/B-L5-01.json,Y,N,,Y,,221.0
1246,P055,TCM_professional,2,SYS-R4,B-L5-02,B,L5,2026-05-04 15:43:28,2026-05-04 15:47:01,,候选关系应按原文作用范围判断；本片段可保留：水 —hasFlavor→ 涩，跨段推断不应采纳。,logs/userstudy/P055/SYS-R4/B-L5-02.json,Y,N,,Y,,213.0
1247,P055,TCM_professional,2,SYS-R4,B-L6-01,B,L6,2026-05-04 15:47:20,2026-05-04 15:50:46,,证据链：冻结原文 → 实体识别 → 酒 —hasNature→ 寒 → 上下文范围核验。,logs/userstudy/P055/SYS-R4/B-L6-01.json,Y,N,,Y,,206.0
1248,P055,TCM_professional,2,SYS-R4,B-L6-02,B,L6,2026-05-04 15:51:00,2026-05-04 15:55:24,,证据链：冻结原文 → 实体识别 → 瓜 —hasNature→ 平 → 上下文范围核验。,logs/userstudy/P055/SYS-R4/B-L6-02.json,Y,N,,Y,,264.0
1249,P056,TCM_professional,1,SYS-R4,A-L1-01,A,L1,2026-05-04 09:10:05,2026-05-04 09:10:53,,水；《内经》,logs/userstudy/P056/SYS-R4/A-L1-01.json,Y,N,,Y,,48.0
1250,P056,TCM_professional,1,SYS-R4,A-L1-02,A,L1,2026-05-04 09:11:07,2026-05-04 09:11:56,,甘；平,logs/userstudy/P056/SYS-R4/A-L1-02.json,Y,N,,Y,,49.0
1251,P056,TCM_professional,1,SYS-R4,A-L2-02,A,L2,2026-05-04 09:12:17,2026-05-04 09:12:52,,水（食材）；水（食材）；选用食料的方（食疗方）,logs/userstudy/P056/SYS-R4/A-L2-02.json,Y,N,,Y,,35.0
1252,P056,TCM_professional,1,SYS-R4,A-L2-01,A,L2,2026-05-04 09:13:10,2026-05-04 09:13:59,,心（脏腑）；温（食性）；心（脏腑）,logs/userstudy/P056/SYS-R4/A-L2-01.json,Y,N,,Y,,49.0
1253,P056,TCM_professional,1,SYS-R4,A-L3-02,A,L3,2026-05-04 09:14:17,2026-05-04 09:14:55,,然多食生痰桑饮 —usesCookingMethod→ 腌,logs/userstudy/P056/SYS-R4/A-L3-02.json,Y,N,,Y,,38.0
1254,P056,TCM_professional,1,SYS-R4,A-L3-01,A,L3,2026-05-04 09:15:10,2026-05-04 09:16:38,,原文能确认相关实体，但关系方向和作用范围仍不够明确。,logs/userstudy/P056/SYS-R4/A-L3-01.json,Y,N,,Y,,88.0
1255,P056,TCM_professional,1,SYS-R4,A-L4-01,A,L4,2026-05-04 09:16:46,2026-05-04 09:19:58,,证据更充分的关系为：睡乡散 —recordedInText→ 《饮食谱》；理由：论元与谓词位于同句或同一处方段落。,logs/userstudy/P056/SYS-R4/A-L4-01.json,Y,N,,Y,,192.0
1256,P056,TCM_professional,1,SYS-R4,A-L4-02,A,L4,2026-05-04 09:20:11,2026-05-04 09:21:22,,原文能确认相关实体，但关系方向和作用范围仍不够明确。,logs/userstudy/P056/SYS-R4/A-L4-02.json,Y,N,,Y,,71.0
1257,P056,TCM_professional,1,SYS-R4,A-L5-02,A,L5,2026-05-04 09:21:33,2026-05-04 09:24:56,,原文能确认相关实体，但关系方向和作用范围仍不够明确。,logs/userstudy/P056/SYS-R4/A-L5-02.json,Y,N,,Y,,203.0
1258,P056,TCM_professional,1,SYS-R4,A-L5-01,A,L5,2026-05-04 09:25:18,2026-05-04 09:27:50,,候选关系应按原文作用范围判断；本片段可保留：水 —hasNature→ 寒，跨段推断不应采纳。,logs/userstudy/P056/SYS-R4/A-L5-01.json,Y,N,,Y,,152.0
1259,P056,TCM_professional,1,SYS-R4,A-L6-01,A,L6,2026-05-04 09:28:05,2026-05-04 09:32:24,,证据链：冻结原文 → 实体识别 → 油 —hasNature→ 大寒 → 上下文范围核验。,logs/userstudy/P056/SYS-R4/A-L6-01.json,Y,N,,Y,,259.0
1260,P056,TCM_professional,1,SYS-R4,A-L6-02,A,L6,2026-05-04 09:32:37,2026-05-04 09:36:07,,证据链：冻结原文 → 实体识别 → 水 —hasNature→ 凉 → 上下文范围核验。,logs/userstudy/P056/SYS-R4/A-L6-02.json,Y,N,,Y,,210.0
1261,P056,TCM_professional,2,SYS-T9,B-L1-01,B,L1,2026-05-04 09:56:30,2026-05-04 09:57:36,,温；消渴,logs/userstudy/P056/SYS-T9/B-L1-01.json,Y,N,,Y,,66.0
1262,P056,TCM_professional,2,SYS-T9,B-L1-02,B,L1,2026-05-04 09:58:01,2026-05-04 09:58:53,,盐；拌,logs/userstudy/P056/SYS-T9/B-L1-02.json,Y,N,,Y,,52.0
1263,P056,TCM_professional,2,SYS-T9,B-L2-01,B,L2,2026-05-04 09:59:14,2026-05-04 10:00:19,,《人世:间》（古籍来源）；《马蹄》（古籍来源）；或解作击散（食疗方）,logs/userstudy/P056/SYS-T9/B-L2-01.json,Y,N,,Y,,65.0
1264,P056,TCM_professional,2,SYS-T9,B-L2-02,B,L2,2026-05-04 10:00:31,2026-05-04 10:02:18,,油（食材）；水（食材）；水（食材）,logs/userstudy/P056/SYS-T9/B-L2-02.json,Y,N,,Y,,107.0
1265,P056,TCM_professional,2,SYS-T9,B-L3-02,B,L3,2026-05-04 10:02:29,2026-05-04 10:03:36,,内宫散 —containsIngredient→ 醋,logs/userstudy/P056/SYS-T9/B-L3-02.json,Y,N,,Y,,67.0
1266,P056,TCM_professional,2,SYS-T9,B-L3-01,B,L3,2026-05-04 10:03:57,2026-05-04 10:07:02,,水 —hasEffect→ 清热,logs/userstudy/P056/SYS-T9/B-L3-01.json,Y,N,,Y,,185.0
1267,P056,TCM_professional,2,SYS-T9,B-L4-01,B,L4,2026-05-04 10:07:18,2026-05-04 10:09:42,,证据更充分的关系为：水 —hasNature→ 平；理由：论元与谓词位于同句或同一处方段落。,logs/userstudy/P056/SYS-T9/B-L4-01.json,Y,N,,Y,,144.0
1268,P056,TCM_professional,2,SYS-T9,B-L4-02,B,L4,2026-05-04 10:10:07,2026-05-04 10:12:28,,未发现足够直接的谓词证据，暂不作确定判断。,logs/userstudy/P056/SYS-T9/B-L4-02.json,Y,N,,Y,,141.0
1269,P056,TCM_professional,2,SYS-T9,B-L5-01,B,L5,2026-05-04 10:12:45,2026-05-04 10:15:16,,候选关系应按原文作用范围判断；本片段可保留：黄豆 —recordedInText→ 《摘录》，跨段推断不应采纳。,logs/userstudy/P056/SYS-T9/B-L5-01.json,Y,N,,Y,,151.0
1270,P056,TCM_professional,2,SYS-T9,B-L5-02,B,L5,2026-05-04 10:15:25,2026-05-04 10:18:23,,原文信息可能支持该结论，不过需要结合前后文进一步判断。,logs/userstudy/P056/SYS-T9/B-L5-02.json,Y,N,,Y,,178.0
1271,P056,TCM_professional,2,SYS-T9,B-L6-02,B,L6,2026-05-04 10:18:44,2026-05-04 10:23:30,,证据链：冻结原文 → 实体识别 → 瓜 —hasNature→ 平 → 上下文范围核验。,logs/userstudy/P056/SYS-T9/B-L6-02.json,Y,N,,Y,,286.0
1272,P056,TCM_professional,2,SYS-T9,B-L6-01,B,L6,2026-05-04 10:23:47,2026-05-04 10:28:55,,未发现足够直接的谓词证据，暂不作确定判断。,logs/userstudy/P056/SYS-T9/B-L6-01.json,Y,N,,Y,,308.0
1273,P057,TCM_professional,1,SYS-T9,B-L1-02,B,L1,2026-05-04 14:00:00,2026-05-04 14:02:07,,盐；拌,logs/userstudy/P057/SYS-T9/B-L1-02.json,Y,N,,Y,,127.0
1274,P057,TCM_professional,1,SYS-T9,B-L1-01,B,L1,2026-05-04 14:02:22,2026-05-04 14:03:16,,温；消渴,logs/userstudy/P057/SYS-T9/B-L1-01.json,Y,N,,Y,,54.0
1275,P057,TCM_professional,1,SYS-T9,B-L2-02,B,L2,2026-05-04 14:03:33,2026-05-04 14:05:10,,油（食材）；水（食材）；水（食材）,logs/userstudy/P057/SYS-T9/B-L2-02.json,Y,N,,Y,,97.0
1276,P057,TCM_professional,1,SYS-T9,B-L2-01,B,L2,2026-05-04 14:05:25,2026-05-04 14:07:07,,《人世:间》（古籍来源）；《马蹄》（古籍来源）；或解作击散（食疗方）,logs/userstudy/P057/SYS-T9/B-L2-01.json,Y,N,,Y,,102.0
1277,P057,TCM_professional,1,SYS-T9,B-L3-01,B,L3,2026-05-04 14:07:20,2026-05-04 14:09:56,,水 —hasEffect→ 清热,logs/userstudy/P057/SYS-T9/B-L3-01.json,Y,N,,Y,,156.0
1278,P057,TCM_professional,1,SYS-T9,B-L3-02,B,L3,2026-05-04 14:10:11,2026-05-04 14:11:53,,内宫散 —containsIngredient→ 醋,logs/userstudy/P057/SYS-T9/B-L3-02.json,Y,N,,Y,,102.0
1279,P057,TCM_professional,1,SYS-T9,B-L4-02,B,L4,2026-05-04 14:12:11,2026-05-04 14:14:52,,原文信息可能支持该结论，不过需要结合前后文进一步判断。,logs/userstudy/P057/SYS-T9/B-L4-02.json,Y,N,,Y,,161.0
1280,P057,TCM_professional,1,SYS-T9,B-L4-01,B,L4,2026-05-04 14:15:08,2026-05-04 14:17:48,,证据更充分的关系为：水 —hasNature→ 平；理由：论元与谓词位于同句或同一处方段落。,logs/userstudy/P057/SYS-T9/B-L4-01.json,Y,N,,Y,,160.0
1281,P057,TCM_professional,1,SYS-T9,B-L5-01,B,L5,2026-05-04 14:18:02,2026-05-04 14:22:11,,未发现足够直接的谓词证据，暂不作确定判断。,logs/userstudy/P057/SYS-T9/B-L5-01.json,Y,N,,Y,,249.0
1282,P057,TCM_professional,1,SYS-T9,B-L5-02,B,L5,2026-05-04 14:22:20,2026-05-04 14:25:18,,原文能确认相关实体，但关系方向和作用范围仍不够明确。,logs/userstudy/P057/SYS-T9/B-L5-02.json,Y,N,,Y,,178.0
1283,P057,TCM_professional,1,SYS-T9,B-L6-01,B,L6,2026-05-04 14:25:36,2026-05-04 14:28:37,,证据链：冻结原文 → 实体识别 → 酒 —hasNature→ 寒 → 上下文范围核验。,logs/userstudy/P057/SYS-T9/B-L6-01.json,Y,N,,Y,,181.0
1284,P057,TCM_professional,1,SYS-T9,B-L6-02,B,L6,2026-05-04 14:29:00,2026-05-04 14:32:28,,倾向于认为候选关系成立，但未能给出完整证据链。,logs/userstudy/P057/SYS-T9/B-L6-02.json,Y,N,,Y,,208.0
1285,P057,TCM_professional,2,SYS-R4,A-L1-01,A,L1,2026-05-04 14:52:47,2026-05-04 14:53:23,,水；《内经》,logs/userstudy/P057/SYS-R4/A-L1-01.json,Y,N,,Y,,36.0
1286,P057,TCM_professional,2,SYS-R4,A-L1-02,A,L1,2026-05-04 14:53:42,2026-05-04 14:54:17,,甘；平,logs/userstudy/P057/SYS-R4/A-L1-02.json,Y,N,,Y,,35.0
1287,P057,TCM_professional,2,SYS-R4,A-L2-01,A,L2,2026-05-04 14:54:30,2026-05-04 14:55:05,,心（脏腑）；温（食性）；心（脏腑）,logs/userstudy/P057/SYS-R4/A-L2-01.json,Y,N,,Y,,35.0
1288,P057,TCM_professional,2,SYS-R4,A-L2-02,A,L2,2026-05-04 14:55:30,2026-05-04 14:56:49,,水（食材）；水（食材）；选用食料的方（食疗方）,logs/userstudy/P057/SYS-R4/A-L2-02.json,Y,N,,Y,,79.0
1289,P057,TCM_professional,2,SYS-R4,A-L3-02,A,L3,2026-05-04 14:57:12,2026-05-04 14:57:50,,然多食生痰桑饮 —usesCookingMethod→ 腌,logs/userstudy/P057/SYS-R4/A-L3-02.json,Y,N,,Y,,38.0
1290,P057,TCM_professional,2,SYS-R4,A-L3-01,A,L3,2026-05-04 14:58:15,2026-05-04 15:00:09,,瓜 —hasNature→ 平,logs/userstudy/P057/SYS-R4/A-L3-01.json,Y,N,,Y,,114.0
1291,P057,TCM_professional,2,SYS-R4,A-L4-01,A,L4,2026-05-04 15:00:29,2026-05-04 15:02:56,,证据更充分的关系为：睡乡散 —recordedInText→ 《饮食谱》；理由：论元与谓词位于同句或同一处方段落。,logs/userstudy/P057/SYS-R4/A-L4-01.json,Y,N,,Y,,147.0
1292,P057,TCM_professional,2,SYS-R4,A-L4-02,A,L4,2026-05-04 15:03:21,2026-05-04 15:05:56,,证据更充分的关系为：盐 —hasFlavor→ 甘；理由：论元与谓词位于同句或同一处方段落。,logs/userstudy/P057/SYS-R4/A-L4-02.json,Y,N,,Y,,155.0
1293,P057,TCM_professional,2,SYS-R4,A-L5-02,A,L5,2026-05-04 15:06:04,2026-05-04 15:08:48,,候选关系应按原文作用范围判断；本片段可保留：油 —hasNature→ 凉，跨段推断不应采纳。,logs/userstudy/P057/SYS-R4/A-L5-02.json,Y,N,,Y,,164.0
1294,P057,TCM_professional,2,SYS-R4,A-L5-01,A,L5,2026-05-04 15:09:12,2026-05-04 15:12:14,,候选关系应按原文作用范围判断；本片段可保留：水 —hasNature→ 寒，跨段推断不应采纳。,logs/userstudy/P057/SYS-R4/A-L5-01.json,Y,N,,Y,,182.0
1295,P057,TCM_professional,2,SYS-R4,A-L6-01,A,L6,2026-05-04 15:12:39,2026-05-04 15:15:39,,证据链：冻结原文 → 实体识别 → 油 —hasNature→ 大寒 → 上下文范围核验。,logs/userstudy/P057/SYS-R4/A-L6-01.json,Y,N,,Y,,180.0
1296,P057,TCM_professional,2,SYS-R4,A-L6-02,A,L6,2026-05-04 15:15:49,2026-05-04 15:18:15,,倾向于认为候选关系成立，但未能给出完整证据链。,logs/userstudy/P057/SYS-R4/A-L6-02.json,Y,N,,Y,,146.0
1297,P058,TCM_professional,1,SYS-R4,B-L1-02,B,L1,2026-05-04 09:20:28,2026-05-04 09:21:13,,盐；拌,logs/userstudy/P058/SYS-R4/B-L1-02.json,Y,N,,Y,,45.0
1298,P058,TCM_professional,1,SYS-R4,B-L1-01,B,L1,2026-05-04 09:21:34,2026-05-04 09:22:42,,温；消渴,logs/userstudy/P058/SYS-R4/B-L1-01.json,Y,N,,Y,,68.0
1299,P058,TCM_professional,1,SYS-R4,B-L2-01,B,L2,2026-05-04 09:23:06,2026-05-04 09:23:55,,《人世:间》（古籍来源）；《马蹄》（古籍来源）；或解作击散（食疗方）,logs/userstudy/P058/SYS-R4/B-L2-01.json,Y,N,,Y,,49.0
1300,P058,TCM_professional,1,SYS-R4,B-L2-02,B,L2,2026-05-04 09:24:19,2026-05-04 09:24:54,,油（食材）；水（食材）；水（食材）,logs/userstudy/P058/SYS-R4/B-L2-02.json,Y,N,,Y,,35.0
1301,P058,TCM_professional,1,SYS-R4,B-L3-01,B,L3,2026-05-04 09:25:04,2026-05-04 09:26:47,,倾向于认为候选关系成立，但未能给出完整证据链。,logs/userstudy/P058/SYS-R4/B-L3-01.json,Y,N,,Y,,103.0
1302,P058,TCM_professional,1,SYS-R4,B-L3-02,B,L3,2026-05-04 09:27:03,2026-05-04 09:28:53,,内宫散 —containsIngredient→ 醋,logs/userstudy/P058/SYS-R4/B-L3-02.json,Y,N,,Y,,110.0
1303,P058,TCM_professional,1,SYS-R4,B-L4-02,B,L4,2026-05-04 09:29:04,2026-05-04 09:30:40,,证据更充分的关系为：米 —hasFlavor→ 甘；理由：论元与谓词位于同句或同一处方段落。,logs/userstudy/P058/SYS-R4/B-L4-02.json,Y,N,,Y,,96.0
1304,P058,TCM_professional,1,SYS-R4,B-L4-01,B,L4,2026-05-04 09:30:50,2026-05-04 09:33:05,,证据更充分的关系为：水 —hasNature→ 平；理由：论元与谓词位于同句或同一处方段落。,logs/userstudy/P058/SYS-R4/B-L4-01.json,Y,N,,Y,,135.0
1305,P058,TCM_professional,1,SYS-R4,B-L5-01,B,L5,2026-05-04 09:33:15,2026-05-04 09:36:23,,原文信息可能支持该结论，不过需要结合前后文进一步判断。,logs/userstudy/P058/SYS-R4/B-L5-01.json,Y,N,,Y,,188.0
1306,P058,TCM_professional,1,SYS-R4,B-L5-02,B,L5,2026-05-04 09:36:35,2026-05-04 09:39:49,,候选关系应按原文作用范围判断；本片段可保留：水 —hasFlavor→ 涩，跨段推断不应采纳。,logs/userstudy/P058/SYS-R4/B-L5-02.json,Y,N,,Y,,194.0
1307,P058,TCM_professional,1,SYS-R4,B-L6-01,B,L6,2026-05-04 09:40:02,2026-05-04 09:44:26,,证据链：冻结原文 → 实体识别 → 酒 —hasNature→ 寒 → 上下文范围核验。,logs/userstudy/P058/SYS-R4/B-L6-01.json,Y,N,,Y,,264.0
1308,P058,TCM_professional,1,SYS-R4,B-L6-02,B,L6,2026-05-04 09:44:40,2026-05-04 09:47:29,,原文能确认相关实体，但关系方向和作用范围仍不够明确。,logs/userstudy/P058/SYS-R4/B-L6-02.json,Y,N,,Y,,169.0
1309,P058,TCM_professional,2,SYS-T9,A-L1-02,A,L1,2026-05-04 10:07:37,2026-05-04 10:08:33,,甘；平,logs/userstudy/P058/SYS-T9/A-L1-02.json,Y,N,,Y,,56.0
1310,P058,TCM_professional,2,SYS-T9,A-L1-01,A,L1,2026-05-04 10:08:45,2026-05-04 10:09:48,,未发现足够直接的谓词证据，暂不作确定判断。,logs/userstudy/P058/SYS-T9/A-L1-01.json,Y,N,,Y,,63.0
1311,P058,TCM_professional,2,SYS-T9,A-L2-02,A,L2,2026-05-04 10:10:02,2026-05-04 10:11:33,,倾向于认为候选关系成立，但未能给出完整证据链。,logs/userstudy/P058/SYS-T9/A-L2-02.json,Y,N,,Y,,91.0
1312,P058,TCM_professional,2,SYS-T9,A-L2-01,A,L2,2026-05-04 10:11:42,2026-05-04 10:13:14,,心（脏腑）；温（食性）；心（脏腑）,logs/userstudy/P058/SYS-T9/A-L2-01.json,Y,N,,Y,,92.0
1313,P058,TCM_professional,2,SYS-T9,A-L3-01,A,L3,2026-05-04 10:13:34,2026-05-04 10:15:11,,瓜 —hasNature→ 平,logs/userstudy/P058/SYS-T9/A-L3-01.json,Y,N,,Y,,97.0
1314,P058,TCM_professional,2,SYS-T9,A-L3-02,A,L3,2026-05-04 10:15:20,2026-05-04 10:17:27,,然多食生痰桑饮 —usesCookingMethod→ 腌,logs/userstudy/P058/SYS-T9/A-L3-02.json,Y,N,,Y,,127.0
1315,P058,TCM_professional,2,SYS-T9,A-L4-01,A,L4,2026-05-04 10:17:45,2026-05-04 10:20:21,,证据更充分的关系为：睡乡散 —recordedInText→ 《饮食谱》；理由：论元与谓词位于同句或同一处方段落。,logs/userstudy/P058/SYS-T9/A-L4-01.json,Y,N,,Y,,156.0
1316,P058,TCM_professional,2,SYS-T9,A-L4-02,A,L4,2026-05-04 10:20:31,2026-05-04 10:23:08,,原文信息可能支持该结论，不过需要结合前后文进一步判断。,logs/userstudy/P058/SYS-T9/A-L4-02.json,Y,N,,Y,,157.0
1317,P058,TCM_professional,2,SYS-T9,A-L5-01,A,L5,2026-05-04 10:23:25,2026-05-04 10:26:05,,倾向于认为候选关系成立，但未能给出完整证据链。,logs/userstudy/P058/SYS-T9/A-L5-01.json,Y,N,,Y,,160.0
1318,P058,TCM_professional,2,SYS-T9,A-L5-02,A,L5,2026-05-04 10:26:29,2026-05-04 10:30:41,,倾向于认为候选关系成立，但未能给出完整证据链。,logs/userstudy/P058/SYS-T9/A-L5-02.json,Y,N,,Y,,252.0
1319,P058,TCM_professional,2,SYS-T9,A-L6-01,A,L6,2026-05-04 10:31:00,2026-05-04 10:35:03,,原文能确认相关实体，但关系方向和作用范围仍不够明确。,logs/userstudy/P058/SYS-T9/A-L6-01.json,Y,N,,Y,,243.0
1320,P058,TCM_professional,2,SYS-T9,A-L6-02,A,L6,2026-05-04 10:35:22,2026-05-04 10:39:02,,证据链：冻结原文 → 实体识别 → 水 —hasNature→ 凉 → 上下文范围核验。,logs/userstudy/P058/SYS-T9/A-L6-02.json,Y,N,,Y,,220.0
1321,P059,TCM_professional,1,SYS-T9,A-L1-01,A,L1,2026-05-04 14:00:01,2026-05-04 14:00:46,,,logs/userstudy/P059/SYS-T9/A-L1-01.json,N,N,connection_interruption,N,页面在提交前短暂断开，未形成有效回答。,45.0
1322,P059,TCM_professional,1,SYS-T9,A-L1-02,A,L1,2026-05-04 14:00:54,2026-05-04 14:02:04,,甘；平,logs/userstudy/P059/SYS-T9/A-L1-02.json,Y,N,,Y,,70.0
1323,P059,TCM_professional,1,SYS-T9,A-L2-01,A,L2,2026-05-04 14:02:27,2026-05-04 14:04:24,,心（脏腑）；温（食性）；心（脏腑）,logs/userstudy/P059/SYS-T9/A-L2-01.json,Y,N,,Y,,117.0
1324,P059,TCM_professional,1,SYS-T9,A-L2-02,A,L2,2026-05-04 14:04:33,2026-05-04 14:06:16,,水（食材）；水（食材）；选用食料的方（食疗方）,logs/userstudy/P059/SYS-T9/A-L2-02.json,Y,N,,Y,,103.0
1325,P059,TCM_professional,1,SYS-T9,A-L3-01,A,L3,2026-05-04 14:06:35,2026-05-04 14:09:03,,瓜 —hasNature→ 平,logs/userstudy/P059/SYS-T9/A-L3-01.json,Y,N,,Y,,148.0
1326,P059,TCM_professional,1,SYS-T9,A-L3-02,A,L3,2026-05-04 14:09:23,2026-05-04 14:11:13,,然多食生痰桑饮 —usesCookingMethod→ 腌,logs/userstudy/P059/SYS-T9/A-L3-02.json,Y,N,,Y,,110.0
1327,P059,TCM_professional,1,SYS-T9,A-L4-02,A,L4,2026-05-04 14:11:23,2026-05-04 14:13:42,,倾向于认为候选关系成立，但未能给出完整证据链。,logs/userstudy/P059/SYS-T9/A-L4-02.json,Y,N,,Y,,139.0
1328,P059,TCM_professional,1,SYS-T9,A-L4-01,A,L4,2026-05-04 14:14:01,2026-05-04 14:17:03,,证据更充分的关系为：睡乡散 —recordedInText→ 《饮食谱》；理由：论元与谓词位于同句或同一处方段落。,logs/userstudy/P059/SYS-T9/A-L4-01.json,Y,N,,Y,,182.0
1329,P059,TCM_professional,1,SYS-T9,A-L5-01,A,L5,2026-05-04 14:17:19,2026-05-04 14:20:55,,候选关系应按原文作用范围判断；本片段可保留：水 —hasNature→ 寒，跨段推断不应采纳。,logs/userstudy/P059/SYS-T9/A-L5-01.json,Y,N,,Y,,216.0
1330,P059,TCM_professional,1,SYS-T9,A-L5-02,A,L5,2026-05-04 14:21:11,2026-05-04 14:24:50,,候选关系应按原文作用范围判断；本片段可保留：油 —hasNature→ 凉，跨段推断不应采纳。,logs/userstudy/P059/SYS-T9/A-L5-02.json,Y,N,,Y,,219.0
1331,P059,TCM_professional,1,SYS-T9,A-L6-02,A,L6,2026-05-04 14:25:03,2026-05-04 14:29:51,,证据链：冻结原文 → 实体识别 → 水 —hasNature→ 凉 → 上下文范围核验。,logs/userstudy/P059/SYS-T9/A-L6-02.json,Y,N,,Y,,288.0
1332,P059,TCM_professional,1,SYS-T9,A-L6-01,A,L6,2026-05-04 14:30:14,2026-05-04 14:33:50,,证据链：冻结原文 → 实体识别 → 油 —hasNature→ 大寒 → 上下文范围核验。,logs/userstudy/P059/SYS-T9/A-L6-01.json,Y,N,,Y,,216.0
1333,P059,TCM_professional,2,SYS-R4,B-L1-01,B,L1,2026-05-04 14:54:02,2026-05-04 14:55:13,,温；消渴,logs/userstudy/P059/SYS-R4/B-L1-01.json,Y,N,,Y,,71.0
1334,P059,TCM_professional,2,SYS-R4,B-L1-02,B,L1,2026-05-04 14:55:28,2026-05-04 14:56:03,,盐；拌,logs/userstudy/P059/SYS-R4/B-L1-02.json,Y,N,,Y,,35.0
1335,P059,TCM_professional,2,SYS-R4,B-L2-02,B,L2,2026-05-04 14:56:17,2026-05-04 14:58:13,,油（食材）；水（食材）；水（食材）,logs/userstudy/P059/SYS-R4/B-L2-02.json,Y,N,,Y,,116.0
1336,P059,TCM_professional,2,SYS-R4,B-L2-01,B,L2,2026-05-04 14:58:32,2026-05-04 14:59:26,,《人世:间》（古籍来源）；《马蹄》（古籍来源）；或解作击散（食疗方）,logs/userstudy/P059/SYS-R4/B-L2-01.json,Y,N,,Y,,54.0
1337,P059,TCM_professional,2,SYS-R4,B-L3-01,B,L3,2026-05-04 14:59:46,2026-05-04 15:00:38,,水 —hasEffect→ 清热,logs/userstudy/P059/SYS-R4/B-L3-01.json,Y,N,,Y,,52.0
1338,P059,TCM_professional,2,SYS-R4,B-L3-02,B,L3,2026-05-04 15:00:49,2026-05-04 15:03:00,,内宫散 —containsIngredient→ 醋,logs/userstudy/P059/SYS-R4/B-L3-02.json,Y,N,,Y,,131.0
1339,P059,TCM_professional,2,SYS-R4,B-L4-02,B,L4,2026-05-04 15:03:21,2026-05-04 15:06:22,,证据更充分的关系为：米 —hasFlavor→ 甘；理由：论元与谓词位于同句或同一处方段落。,logs/userstudy/P059/SYS-R4/B-L4-02.json,Y,N,,Y,,181.0
1340,P059,TCM_professional,2,SYS-R4,B-L4-01,B,L4,2026-05-04 15:06:34,2026-05-04 15:10:12,,证据更充分的关系为：水 —hasNature→ 平；理由：论元与谓词位于同句或同一处方段落。,logs/userstudy/P059/SYS-R4/B-L4-01.json,Y,N,,Y,,218.0
1341,P059,TCM_professional,2,SYS-R4,B-L5-01,B,L5,2026-05-04 15:10:30,2026-05-04 15:12:46,,未发现足够直接的谓词证据，暂不作确定判断。,logs/userstudy/P059/SYS-R4/B-L5-01.json,Y,N,,Y,,136.0
1342,P059,TCM_professional,2,SYS-R4,B-L5-02,B,L5,2026-05-04 15:13:04,2026-05-04 15:17:09,,候选关系应按原文作用范围判断；本片段可保留：水 —hasFlavor→ 涩，跨段推断不应采纳。,logs/userstudy/P059/SYS-R4/B-L5-02.json,Y,N,,Y,,245.0
1343,P059,TCM_professional,2,SYS-R4,B-L6-01,B,L6,2026-05-04 15:17:24,2026-05-04 15:21:56,,未发现足够直接的谓词证据，暂不作确定判断。,logs/userstudy/P059/SYS-R4/B-L6-01.json,Y,N,,Y,,272.0
1344,P059,TCM_professional,2,SYS-R4,B-L6-02,B,L6,2026-05-04 15:22:10,2026-05-04 15:25:52,,证据链：冻结原文 → 实体识别 → 瓜 —hasNature→ 平 → 上下文范围核验。,logs/userstudy/P059/SYS-R4/B-L6-02.json,Y,N,,Y,,222.0
1345,P060,TCM_professional,1,SYS-R4,A-L1-02,A,L1,2026-05-05 09:20:03,2026-05-05 09:20:47,,甘；平,logs/userstudy/P060/SYS-R4/A-L1-02.json,Y,N,,Y,,44.0
1346,P060,TCM_professional,1,SYS-R4,A-L1-01,A,L1,2026-05-05 09:21:04,2026-05-05 09:21:39,,水；《内经》,logs/userstudy/P060/SYS-R4/A-L1-01.json,Y,N,,Y,,35.0
1347,P060,TCM_professional,1,SYS-R4,A-L2-02,A,L2,2026-05-05 09:21:48,2026-05-05 09:23:02,,水（食材）；水（食材）；选用食料的方（食疗方）,logs/userstudy/P060/SYS-R4/A-L2-02.json,Y,N,,Y,,74.0
1348,P060,TCM_professional,1,SYS-R4,A-L2-01,A,L2,2026-05-05 09:23:21,2026-05-05 09:24:30,,心（脏腑）；温（食性）；心（脏腑）,logs/userstudy/P060/SYS-R4/A-L2-01.json,Y,N,,Y,,69.0
1349,P060,TCM_professional,1,SYS-R4,A-L3-02,A,L3,2026-05-05 09:24:43,2026-05-05 09:25:38,,然多食生痰桑饮 —usesCookingMethod→ 腌,logs/userstudy/P060/SYS-R4/A-L3-02.json,Y,N,,Y,,55.0
1350,P060,TCM_professional,1,SYS-R4,A-L3-01,A,L3,2026-05-05 09:26:01,2026-05-05 09:28:06,,瓜 —hasNature→ 平,logs/userstudy/P060/SYS-R4/A-L3-01.json,Y,N,,Y,,125.0
1351,P060,TCM_professional,1,SYS-R4,A-L4-02,A,L4,2026-05-05 09:28:14,2026-05-05 09:30:53,,证据更充分的关系为：盐 —hasFlavor→ 甘；理由：论元与谓词位于同句或同一处方段落。,logs/userstudy/P060/SYS-R4/A-L4-02.json,Y,N,,Y,,159.0
1352,P060,TCM_professional,1,SYS-R4,A-L4-01,A,L4,2026-05-05 09:31:11,2026-05-05 09:32:56,,证据更充分的关系为：睡乡散 —recordedInText→ 《饮食谱》；理由：论元与谓词位于同句或同一处方段落。,logs/userstudy/P060/SYS-R4/A-L4-01.json,Y,N,,Y,,105.0
1353,P060,TCM_professional,1,SYS-R4,A-L5-01,A,L5,2026-05-05 09:33:14,2026-05-05 09:35:48,,倾向于认为候选关系成立，但未能给出完整证据链。,logs/userstudy/P060/SYS-R4/A-L5-01.json,Y,N,,Y,,154.0
1354,P060,TCM_professional,1,SYS-R4,A-L5-02,A,L5,2026-05-05 09:35:57,2026-05-05 09:37:54,,候选关系应按原文作用范围判断；本片段可保留：油 —hasNature→ 凉，跨段推断不应采纳。,logs/userstudy/P060/SYS-R4/A-L5-02.json,Y,N,,Y,,117.0
1355,P060,TCM_professional,1,SYS-R4,A-L6-02,A,L6,2026-05-05 09:38:19,2026-05-05 09:41:14,,证据链：冻结原文 → 实体识别 → 水 —hasNature→ 凉 → 上下文范围核验。,logs/userstudy/P060/SYS-R4/A-L6-02.json,Y,N,,Y,,175.0
1356,P060,TCM_professional,1,SYS-R4,A-L6-01,A,L6,2026-05-05 09:41:37,2026-05-05 09:46:16,,证据链：冻结原文 → 实体识别 → 油 —hasNature→ 大寒 → 上下文范围核验。,logs/userstudy/P060/SYS-R4/A-L6-01.json,Y,N,,Y,,279.0
1357,P060,TCM_professional,2,SYS-T9,B-L1-02,B,L1,2026-05-05 10:06:26,2026-05-05 10:07:18,,盐；拌,logs/userstudy/P060/SYS-T9/B-L1-02.json,Y,N,,Y,,52.0
1358,P060,TCM_professional,2,SYS-T9,B-L1-01,B,L1,2026-05-05 10:07:39,2026-05-05 10:08:32,,倾向于认为候选关系成立，但未能给出完整证据链。,logs/userstudy/P060/SYS-T9/B-L1-01.json,Y,N,,Y,,53.0
1359,P060,TCM_professional,2,SYS-T9,B-L2-02,B,L2,2026-05-05 10:08:57,2026-05-05 10:10:13,,油（食材）；水（食材）；水（食材）,logs/userstudy/P060/SYS-T9/B-L2-02.json,Y,N,,Y,,76.0
1360,P060,TCM_professional,2,SYS-T9,B-L2-01,B,L2,2026-05-05 10:10:22,2026-05-05 10:12:23,,《人世:间》（古籍来源）；《马蹄》（古籍来源）；或解作击散（食疗方）,logs/userstudy/P060/SYS-T9/B-L2-01.json,Y,N,,Y,,121.0
1361,P060,TCM_professional,2,SYS-T9,B-L3-01,B,L3,2026-05-05 10:12:34,2026-05-05 10:14:42,,水 —hasEffect→ 清热,logs/userstudy/P060/SYS-T9/B-L3-01.json,Y,N,,Y,,128.0
1362,P060,TCM_professional,2,SYS-T9,B-L3-02,B,L3,2026-05-05 10:14:55,2026-05-05 10:17:34,,原文能确认相关实体，但关系方向和作用范围仍不够明确。,logs/userstudy/P060/SYS-T9/B-L3-02.json,Y,N,,Y,,159.0
1363,P060,TCM_professional,2,SYS-T9,B-L4-02,B,L4,2026-05-05 10:17:57,2026-05-05 10:21:10,,证据更充分的关系为：米 —hasFlavor→ 甘；理由：论元与谓词位于同句或同一处方段落。,logs/userstudy/P060/SYS-T9/B-L4-02.json,Y,N,,Y,,193.0
1364,P060,TCM_professional,2,SYS-T9,B-L4-01,B,L4,2026-05-05 10:21:25,2026-05-05 10:23:32,,证据更充分的关系为：水 —hasNature→ 平；理由：论元与谓词位于同句或同一处方段落。,logs/userstudy/P060/SYS-T9/B-L4-01.json,Y,N,,Y,,127.0
1365,P060,TCM_professional,2,SYS-T9,B-L5-01,B,L5,2026-05-05 10:23:57,2026-05-05 10:27:49,,未发现足够直接的谓词证据，暂不作确定判断。,logs/userstudy/P060/SYS-T9/B-L5-01.json,Y,N,,Y,,232.0
1366,P060,TCM_professional,2,SYS-T9,B-L5-02,B,L5,2026-05-05 10:28:06,2026-05-05 10:31:59,,候选关系应按原文作用范围判断；本片段可保留：水 —hasFlavor→ 涩，跨段推断不应采纳。,logs/userstudy/P060/SYS-T9/B-L5-02.json,Y,N,,Y,,233.0
1367,P060,TCM_professional,2,SYS-T9,B-L6-01,B,L6,2026-05-05 10:32:22,2026-05-05 10:36:58,,未发现足够直接的谓词证据，暂不作确定判断。,logs/userstudy/P060/SYS-T9/B-L6-01.json,Y,N,,Y,,276.0
1368,P060,TCM_professional,2,SYS-T9,B-L6-02,B,L6,2026-05-05 10:37:14,2026-05-05 10:40:21,,倾向于认为候选关系成立，但未能给出完整证据链。,logs/userstudy/P060/SYS-T9/B-L6-02.json,Y,N,,Y,,187.0
1369,P061,TCM_professional,1,SYS-T9,B-L1-01,B,L1,2026-05-05 14:30:37,2026-05-05 14:31:55,,温；消渴,logs/userstudy/P061/SYS-T9/B-L1-01.json,Y,N,,Y,,78.0
1370,P061,TCM_professional,1,SYS-T9,B-L1-02,B,L1,2026-05-05 14:32:20,2026-05-05 14:33:38,,盐；拌,logs/userstudy/P061/SYS-T9/B-L1-02.json,Y,N,,Y,,78.0
1371,P061,TCM_professional,1,SYS-T9,B-L2-01,B,L2,2026-05-05 14:33:51,2026-05-05 14:35:08,,《人世:间》（古籍来源）；《马蹄》（古籍来源）；或解作击散（食疗方）,logs/userstudy/P061/SYS-T9/B-L2-01.json,Y,N,,Y,,77.0
1372,P061,TCM_professional,1,SYS-T9,B-L2-02,B,L2,2026-05-05 14:35:20,2026-05-05 14:36:39,,油（食材）；水（食材）；水（食材）,logs/userstudy/P061/SYS-T9/B-L2-02.json,Y,N,,Y,,79.0
1373,P061,TCM_professional,1,SYS-T9,B-L3-02,B,L3,2026-05-05 14:36:59,2026-05-05 14:38:18,,内宫散 —containsIngredient→ 醋,logs/userstudy/P061/SYS-T9/B-L3-02.json,Y,N,,Y,,79.0
1374,P061,TCM_professional,1,SYS-T9,B-L3-01,B,L3,2026-05-05 14:38:31,2026-05-05 14:40:25,,水 —hasEffect→ 清热,logs/userstudy/P061/SYS-T9/B-L3-01.json,Y,N,,Y,,114.0
1375,P061,TCM_professional,1,SYS-T9,B-L4-01,B,L4,2026-05-05 14:40:36,2026-05-05 14:42:59,,证据更充分的关系为：水 —hasNature→ 平；理由：论元与谓词位于同句或同一处方段落。,logs/userstudy/P061/SYS-T9/B-L4-01.json,Y,N,,Y,,143.0
1376,P061,TCM_professional,1,SYS-T9,B-L4-02,B,L4,2026-05-05 14:43:12,2026-05-05 14:46:05,,证据更充分的关系为：米 —hasFlavor→ 甘；理由：论元与谓词位于同句或同一处方段落。,logs/userstudy/P061/SYS-T9/B-L4-02.json,Y,N,,Y,,173.0
1377,P061,TCM_professional,1,SYS-T9,B-L5-02,B,L5,2026-05-05 14:46:27,2026-05-05 14:49:36,,候选关系应按原文作用范围判断；本片段可保留：水 —hasFlavor→ 涩，跨段推断不应采纳。,logs/userstudy/P061/SYS-T9/B-L5-02.json,Y,N,,Y,,189.0
1378,P061,TCM_professional,1,SYS-T9,B-L5-01,B,L5,2026-05-05 14:49:47,2026-05-05 14:53:41,,候选关系应按原文作用范围判断；本片段可保留：黄豆 —recordedInText→ 《摘录》，跨段推断不应采纳。,logs/userstudy/P061/SYS-T9/B-L5-01.json,Y,N,,Y,,234.0
1379,P061,TCM_professional,1,SYS-T9,B-L6-01,B,L6,2026-05-05 14:53:55,2026-05-05 14:56:51,,证据链：冻结原文 → 实体识别 → 酒 —hasNature→ 寒 → 上下文范围核验。,logs/userstudy/P061/SYS-T9/B-L6-01.json,Y,N,,Y,,176.0
1380,P061,TCM_professional,1,SYS-T9,B-L6-02,B,L6,2026-05-05 14:57:07,2026-05-05 15:01:36,,证据链：冻结原文 → 实体识别 → 瓜 —hasNature→ 平 → 上下文范围核验。,logs/userstudy/P061/SYS-T9/B-L6-02.json,Y,N,,Y,,269.0
1381,P061,TCM_professional,2,SYS-R4,A-L1-02,A,L1,2026-05-05 15:21:44,2026-05-05 15:22:19,,甘；平,logs/userstudy/P061/SYS-R4/A-L1-02.json,Y,N,,Y,,35.0
1382,P061,TCM_professional,2,SYS-R4,A-L1-01,A,L1,2026-05-05 15:22:43,2026-05-05 15:23:25,,水；《内经》,logs/userstudy/P061/SYS-R4/A-L1-01.json,Y,N,,Y,,42.0
1383,P061,TCM_professional,2,SYS-R4,A-L2-02,A,L2,2026-05-05 15:23:33,2026-05-05 15:24:28,,水（食材）；水（食材）；选用食料的方（食疗方）,logs/userstudy/P061/SYS-R4/A-L2-02.json,Y,N,,Y,,55.0
1384,P061,TCM_professional,2,SYS-R4,A-L2-01,A,L2,2026-05-05 15:24:41,2026-05-05 15:25:44,,心（脏腑）；温（食性）；心（脏腑）,logs/userstudy/P061/SYS-R4/A-L2-01.json,Y,N,,Y,,63.0
1385,P061,TCM_professional,2,SYS-R4,A-L3-01,A,L3,2026-05-05 15:26:04,2026-05-05 15:26:40,,瓜 —hasNature→ 平,logs/userstudy/P061/SYS-R4/A-L3-01.json,Y,N,,Y,,36.0
1386,P061,TCM_professional,2,SYS-R4,A-L3-02,A,L3,2026-05-05 15:26:59,2026-05-05 15:29:26,,然多食生痰桑饮 —usesCookingMethod→ 腌,logs/userstudy/P061/SYS-R4/A-L3-02.json,Y,N,,Y,,147.0
1387,P061,TCM_professional,2,SYS-R4,A-L4-02,A,L4,2026-05-05 15:29:46,2026-05-05 15:32:34,,证据更充分的关系为：盐 —hasFlavor→ 甘；理由：论元与谓词位于同句或同一处方段落。,logs/userstudy/P061/SYS-R4/A-L4-02.json,Y,N,,Y,,168.0
1388,P061,TCM_professional,2,SYS-R4,A-L4-01,A,L4,2026-05-05 15:32:46,2026-05-05 15:34:42,,原文信息可能支持该结论，不过需要结合前后文进一步判断。,logs/userstudy/P061/SYS-R4/A-L4-01.json,Y,N,,Y,,116.0
1389,P061,TCM_professional,2,SYS-R4,A-L5-01,A,L5,2026-05-05 15:35:03,2026-05-05 15:37:50,,候选关系应按原文作用范围判断；本片段可保留：水 —hasNature→ 寒，跨段推断不应采纳。,logs/userstudy/P061/SYS-R4/A-L5-01.json,Y,N,,Y,,167.0
1390,P061,TCM_professional,2,SYS-R4,A-L5-02,A,L5,2026-05-05 15:38:03,2026-05-05 15:40:14,,候选关系应按原文作用范围判断；本片段可保留：油 —hasNature→ 凉，跨段推断不应采纳。,logs/userstudy/P061/SYS-R4/A-L5-02.json,Y,N,,Y,,131.0
1391,P061,TCM_professional,2,SYS-R4,A-L6-01,A,L6,2026-05-05 15:40:32,2026-05-05 15:44:20,,原文信息可能支持该结论，不过需要结合前后文进一步判断。,logs/userstudy/P061/SYS-R4/A-L6-01.json,Y,N,,Y,,228.0
1392,P061,TCM_professional,2,SYS-R4,A-L6-02,A,L6,2026-05-05 15:44:43,2026-05-05 15:47:25,,证据链：冻结原文 → 实体识别 → 水 —hasNature→ 凉 → 上下文范围核验。,logs/userstudy/P061/SYS-R4/A-L6-02.json,Y,N,,Y,,162.0
1393,P062,TCM_professional,1,SYS-R4,B-L1-01,B,L1,2026-05-06 09:00:12,2026-05-06 09:01:06,,温；消渴,logs/userstudy/P062/SYS-R4/B-L1-01.json,Y,N,,Y,,54.0
1394,P062,TCM_professional,1,SYS-R4,B-L1-02,B,L1,2026-05-06 09:01:31,2026-05-06 09:02:10,,盐；拌,logs/userstudy/P062/SYS-R4/B-L1-02.json,Y,N,,Y,,39.0
1395,P062,TCM_professional,1,SYS-R4,B-L2-01,B,L2,2026-05-06 09:02:31,2026-05-06 09:03:06,,《人世:间》（古籍来源）；《马蹄》（古籍来源）；或解作击散（食疗方）,logs/userstudy/P062/SYS-R4/B-L2-01.json,Y,N,,Y,,35.0
1396,P062,TCM_professional,1,SYS-R4,B-L2-02,B,L2,2026-05-06 09:03:30,2026-05-06 09:04:58,,油（食材）；水（食材）；水（食材）,logs/userstudy/P062/SYS-R4/B-L2-02.json,Y,N,,Y,,88.0
1397,P062,TCM_professional,1,SYS-R4,B-L3-01,B,L3,2026-05-06 09:05:10,2026-05-06 09:06:43,,水 —hasEffect→ 清热,logs/userstudy/P062/SYS-R4/B-L3-01.json,Y,N,,Y,,93.0
1398,P062,TCM_professional,1,SYS-R4,B-L3-02,B,L3,2026-05-06 09:06:58,2026-05-06 09:07:50,,内宫散 —containsIngredient→ 醋,logs/userstudy/P062/SYS-R4/B-L3-02.json,Y,N,,Y,,52.0
1399,P062,TCM_professional,1,SYS-R4,B-L4-01,B,L4,2026-05-06 09:08:14,2026-05-06 09:10:47,,证据更充分的关系为：水 —hasNature→ 平；理由：论元与谓词位于同句或同一处方段落。,logs/userstudy/P062/SYS-R4/B-L4-01.json,Y,N,,Y,,153.0
1400,P062,TCM_professional,1,SYS-R4,B-L4-02,B,L4,2026-05-06 09:11:10,2026-05-06 09:12:43,,证据更充分的关系为：米 —hasFlavor→ 甘；理由：论元与谓词位于同句或同一处方段落。,logs/userstudy/P062/SYS-R4/B-L4-02.json,Y,N,,Y,,93.0
1401,P062,TCM_professional,1,SYS-R4,B-L5-02,B,L5,2026-05-06 09:13:08,2026-05-06 09:15:19,,候选关系应按原文作用范围判断；本片段可保留：水 —hasFlavor→ 涩，跨段推断不应采纳。,logs/userstudy/P062/SYS-R4/B-L5-02.json,Y,N,,Y,,131.0
1402,P062,TCM_professional,1,SYS-R4,B-L5-01,B,L5,2026-05-06 09:15:38,2026-05-06 09:18:06,,候选关系应按原文作用范围判断；本片段可保留：黄豆 —recordedInText→ 《摘录》，跨段推断不应采纳。,logs/userstudy/P062/SYS-R4/B-L5-01.json,Y,N,,Y,,148.0
1403,P062,TCM_professional,1,SYS-R4,B-L6-01,B,L6,2026-05-06 09:18:18,2026-05-06 09:22:04,,证据链：冻结原文 → 实体识别 → 酒 —hasNature→ 寒 → 上下文范围核验。,logs/userstudy/P062/SYS-R4/B-L6-01.json,Y,N,,Y,,226.0
1404,P062,TCM_professional,1,SYS-R4,B-L6-02,B,L6,2026-05-06 09:22:20,2026-05-06 09:26:18,,证据链：冻结原文 → 实体识别 → 瓜 —hasNature→ 平 → 上下文范围核验。,logs/userstudy/P062/SYS-R4/B-L6-02.json,Y,N,,Y,,238.0
1405,P062,TCM_professional,2,SYS-T9,A-L1-01,A,L1,2026-05-06 09:46:29,2026-05-06 09:47:46,,水；《内经》,logs/userstudy/P062/SYS-T9/A-L1-01.json,Y,N,,Y,,77.0
1406,P062,TCM_professional,2,SYS-T9,A-L1-02,A,L1,2026-05-06 09:47:57,2026-05-06 09:49:24,,甘；平,logs/userstudy/P062/SYS-T9/A-L1-02.json,Y,N,,Y,,87.0
1407,P062,TCM_professional,2,SYS-T9,A-L2-02,A,L2,2026-05-06 09:49:35,2026-05-06 09:50:49,,水（食材）；水（食材）；选用食料的方（食疗方）,logs/userstudy/P062/SYS-T9/A-L2-02.json,Y,N,,Y,,74.0
1408,P062,TCM_professional,2,SYS-T9,A-L2-01,A,L2,2026-05-06 09:50:59,2026-05-06 09:52:59,,心（脏腑）；温（食性）；心（脏腑）,logs/userstudy/P062/SYS-T9/A-L2-01.json,Y,N,,Y,,120.0
1409,P062,TCM_professional,2,SYS-T9,A-L3-01,A,L3,2026-05-06 09:53:16,2026-05-06 09:55:22,,瓜 —hasNature→ 平,logs/userstudy/P062/SYS-T9/A-L3-01.json,Y,N,,Y,,126.0
1410,P062,TCM_professional,2,SYS-T9,A-L3-02,A,L3,2026-05-06 09:55:39,2026-05-06 09:57:38,,然多食生痰桑饮 —usesCookingMethod→ 腌,logs/userstudy/P062/SYS-T9/A-L3-02.json,Y,N,,Y,,119.0
1411,P062,TCM_professional,2,SYS-T9,A-L4-02,A,L4,2026-05-06 09:57:56,2026-05-06 10:01:46,,证据更充分的关系为：盐 —hasFlavor→ 甘；理由：论元与谓词位于同句或同一处方段落。,logs/userstudy/P062/SYS-T9/A-L4-02.json,Y,N,,Y,,230.0
1412,P062,TCM_professional,2,SYS-T9,A-L4-01,A,L4,2026-05-06 10:02:11,2026-05-06 10:05:07,,未发现足够直接的谓词证据，暂不作确定判断。,logs/userstudy/P062/SYS-T9/A-L4-01.json,Y,N,,Y,,176.0
1413,P062,TCM_professional,2,SYS-T9,A-L5-01,A,L5,2026-05-06 10:05:19,2026-05-06 10:08:58,,候选关系应按原文作用范围判断；本片段可保留：水 —hasNature→ 寒，跨段推断不应采纳。,logs/userstudy/P062/SYS-T9/A-L5-01.json,Y,N,,Y,,219.0
1414,P062,TCM_professional,2,SYS-T9,A-L5-02,A,L5,2026-05-06 10:09:23,2026-05-06 10:12:55,,候选关系应按原文作用范围判断；本片段可保留：油 —hasNature→ 凉，跨段推断不应采纳。,logs/userstudy/P062/SYS-T9/A-L5-02.json,Y,N,,Y,,212.0
1415,P062,TCM_professional,2,SYS-T9,A-L6-01,A,L6,2026-05-06 10:13:20,2026-05-06 10:17:09,,证据链：冻结原文 → 实体识别 → 油 —hasNature→ 大寒 → 上下文范围核验。,logs/userstudy/P062/SYS-T9/A-L6-01.json,Y,N,,Y,,229.0
1416,P062,TCM_professional,2,SYS-T9,A-L6-02,A,L6,2026-05-06 10:17:32,2026-05-06 10:20:43,,证据链：冻结原文 → 实体识别 → 水 —hasNature→ 凉 → 上下文范围核验。,logs/userstudy/P062/SYS-T9/A-L6-02.json,Y,N,,Y,,191.0
1417,P063,TCM_professional,1,SYS-T9,A-L1-02,A,L1,2026-05-06 14:20:32,2026-05-06 14:21:34,,甘；平,logs/userstudy/P063/SYS-T9/A-L1-02.json,Y,N,,Y,,62.0
1418,P063,TCM_professional,1,SYS-T9,A-L1-01,A,L1,2026-05-06 14:21:58,2026-05-06 14:22:42,,水；《内经》,logs/userstudy/P063/SYS-T9/A-L1-01.json,Y,N,,Y,,44.0
1419,P063,TCM_professional,1,SYS-T9,A-L2-01,A,L2,2026-05-06 14:23:05,2026-05-06 14:24:54,,心（脏腑）；温（食性）；心（脏腑）,logs/userstudy/P063/SYS-T9/A-L2-01.json,Y,N,,Y,,109.0
1420,P063,TCM_professional,1,SYS-T9,A-L2-02,A,L2,2026-05-06 14:25:12,2026-05-06 14:26:50,,原文能确认相关实体，但关系方向和作用范围仍不够明确。,logs/userstudy/P063/SYS-T9/A-L2-02.json,Y,N,,Y,,98.0
1421,P063,TCM_professional,1,SYS-T9,A-L3-01,A,L3,2026-05-06 14:27:00,2026-05-06 14:28:57,,原文信息可能支持该结论，不过需要结合前后文进一步判断。,logs/userstudy/P063/SYS-T9/A-L3-01.json,Y,N,,Y,,117.0
1422,P063,TCM_professional,1,SYS-T9,A-L3-02,A,L3,2026-05-06 14:29:17,2026-05-06 14:31:10,,然多食生痰桑饮 —usesCookingMethod→ 腌,logs/userstudy/P063/SYS-T9/A-L3-02.json,Y,N,,Y,,113.0
1423,P063,TCM_professional,1,SYS-T9,A-L4-01,A,L4,2026-05-06 14:31:35,2026-05-06 14:33:57,,证据更充分的关系为：睡乡散 —recordedInText→ 《饮食谱》；理由：论元与谓词位于同句或同一处方段落。,logs/userstudy/P063/SYS-T9/A-L4-01.json,Y,N,,Y,,142.0
1424,P063,TCM_professional,1,SYS-T9,A-L4-02,A,L4,2026-05-06 14:34:18,2026-05-06 14:37:14,,证据更充分的关系为：盐 —hasFlavor→ 甘；理由：论元与谓词位于同句或同一处方段落。,logs/userstudy/P063/SYS-T9/A-L4-02.json,Y,N,,Y,,176.0
1425,P063,TCM_professional,1,SYS-T9,A-L5-01,A,L5,2026-05-06 14:37:36,2026-05-06 14:42:18,,未发现足够直接的谓词证据，暂不作确定判断。,logs/userstudy/P063/SYS-T9/A-L5-01.json,Y,N,,Y,,282.0
1426,P063,TCM_professional,1,SYS-T9,A-L5-02,A,L5,2026-05-06 14:42:42,2026-05-06 14:45:43,,候选关系应按原文作用范围判断；本片段可保留：油 —hasNature→ 凉，跨段推断不应采纳。,logs/userstudy/P063/SYS-T9/A-L5-02.json,Y,N,,Y,,181.0
1427,P063,TCM_professional,1,SYS-T9,A-L6-01,A,L6,2026-05-06 14:46:07,2026-05-06 14:50:05,,证据链：冻结原文 → 实体识别 → 油 —hasNature→ 大寒 → 上下文范围核验。,logs/userstudy/P063/SYS-T9/A-L6-01.json,Y,N,,Y,,238.0
1428,P063,TCM_professional,1,SYS-T9,A-L6-02,A,L6,2026-05-06 14:50:24,2026-05-06 14:54:19,,原文信息可能支持该结论，不过需要结合前后文进一步判断。,logs/userstudy/P063/SYS-T9/A-L6-02.json,Y,N,,Y,,235.0
1429,P063,TCM_professional,2,SYS-R4,B-L1-02,B,L1,2026-05-06 15:14:38,2026-05-06 15:16:16,,盐；拌,logs/userstudy/P063/SYS-R4/B-L1-02.json,Y,N,,Y,,98.0
1430,P063,TCM_professional,2,SYS-R4,B-L1-01,B,L1,2026-05-06 15:16:32,2026-05-06 15:17:36,,温；消渴,logs/userstudy/P063/SYS-R4/B-L1-01.json,Y,N,,Y,,64.0
1431,P063,TCM_professional,2,SYS-R4,B-L2-02,B,L2,2026-05-06 15:17:51,2026-05-06 15:18:52,,油（食材）；水（食材）；水（食材）,logs/userstudy/P063/SYS-R4/B-L2-02.json,Y,N,,Y,,61.0
1432,P063,TCM_professional,2,SYS-R4,B-L2-01,B,L2,2026-05-06 15:19:09,2026-05-06 15:20:31,,《人世:间》（古籍来源）；《马蹄》（古籍来源）；或解作击散（食疗方）,logs/userstudy/P063/SYS-R4/B-L2-01.json,Y,N,,Y,,82.0
1433,P063,TCM_professional,2,SYS-R4,B-L3-02,B,L3,2026-05-06 15:20:45,2026-05-06 15:22:02,,内宫散 —containsIngredient→ 醋,logs/userstudy/P063/SYS-R4/B-L3-02.json,Y,N,,Y,,77.0
1434,P063,TCM_professional,2,SYS-R4,B-L3-01,B,L3,2026-05-06 15:22:12,2026-05-06 15:23:27,,原文能确认相关实体，但关系方向和作用范围仍不够明确。,logs/userstudy/P063/SYS-R4/B-L3-01.json,Y,N,,Y,,75.0
1435,P063,TCM_professional,2,SYS-R4,B-L4-01,B,L4,2026-05-06 15:23:39,2026-05-06 15:24:46,,证据更充分的关系为：水 —hasNature→ 平；理由：论元与谓词位于同句或同一处方段落。,logs/userstudy/P063/SYS-R4/B-L4-01.json,Y,N,,Y,,67.0
1436,P063,TCM_professional,2,SYS-R4,B-L4-02,B,L4,2026-05-06 15:25:07,2026-05-06 15:26:40,,原文能确认相关实体，但关系方向和作用范围仍不够明确。,logs/userstudy/P063/SYS-R4/B-L4-02.json,Y,N,,Y,,93.0
1437,P063,TCM_professional,2,SYS-R4,B-L5-02,B,L5,2026-05-06 15:26:50,2026-05-06 15:29:53,,候选关系应按原文作用范围判断；本片段可保留：水 —hasFlavor→ 涩，跨段推断不应采纳。,logs/userstudy/P063/SYS-R4/B-L5-02.json,Y,N,,Y,,183.0
1438,P063,TCM_professional,2,SYS-R4,B-L5-01,B,L5,2026-05-06 15:30:14,2026-05-06 15:33:02,,候选关系应按原文作用范围判断；本片段可保留：黄豆 —recordedInText→ 《摘录》，跨段推断不应采纳。,logs/userstudy/P063/SYS-R4/B-L5-01.json,Y,N,,Y,,168.0
1439,P063,TCM_professional,2,SYS-R4,B-L6-01,B,L6,2026-05-06 15:33:12,2026-05-06 15:35:53,,证据链：冻结原文 → 实体识别 → 酒 —hasNature→ 寒 → 上下文范围核验。,logs/userstudy/P063/SYS-R4/B-L6-01.json,Y,N,,Y,,161.0
1440,P063,TCM_professional,2,SYS-R4,B-L6-02,B,L6,2026-05-06 15:36:07,2026-05-06 15:40:52,,证据链：冻结原文 → 实体识别 → 瓜 —hasNature→ 平 → 上下文范围核验。,logs/userstudy/P063/SYS-R4/B-L6-02.json,Y,N,,Y,,285.0
1441,P064,TCM_professional,1,SYS-R4,A-L1-01,A,L1,2026-05-07 09:10:11,2026-05-07 09:10:46,,水；《内经》,logs/userstudy/P064/SYS-R4/A-L1-01.json,Y,N,,Y,,35.0
1442,P064,TCM_professional,1,SYS-R4,A-L1-02,A,L1,2026-05-07 09:11:06,2026-05-07 09:11:41,,甘；平,logs/userstudy/P064/SYS-R4/A-L1-02.json,Y,N,,Y,,35.0
1443,P064,TCM_professional,1,SYS-R4,A-L2-02,A,L2,2026-05-07 09:11:57,2026-05-07 09:12:46,,水（食材）；水（食材）；选用食料的方（食疗方）,logs/userstudy/P064/SYS-R4/A-L2-02.json,Y,N,,Y,,49.0
1444,P064,TCM_professional,1,SYS-R4,A-L2-01,A,L2,2026-05-07 09:12:57,2026-05-07 09:13:39,,心（脏腑）；温（食性）；心（脏腑）,logs/userstudy/P064/SYS-R4/A-L2-01.json,Y,N,,Y,,42.0
1445,P064,TCM_professional,1,SYS-R4,A-L3-01,A,L3,2026-05-07 09:14:03,2026-05-07 09:15:11,,瓜 —hasNature→ 平,logs/userstudy/P064/SYS-R4/A-L3-01.json,Y,N,,Y,,68.0
1446,P064,TCM_professional,1,SYS-R4,A-L3-02,A,L3,2026-05-07 09:15:24,2026-05-07 09:16:42,,然多食生痰桑饮 —usesCookingMethod→ 腌,logs/userstudy/P064/SYS-R4/A-L3-02.json,Y,N,,Y,,78.0
1447,P064,TCM_professional,1,SYS-R4,A-L4-01,A,L4,2026-05-07 09:16:52,2026-05-07 09:19:06,,证据更充分的关系为：睡乡散 —recordedInText→ 《饮食谱》；理由：论元与谓词位于同句或同一处方段落。,logs/userstudy/P064/SYS-R4/A-L4-01.json,Y,N,,Y,,134.0
1448,P064,TCM_professional,1,SYS-R4,A-L4-02,A,L4,2026-05-07 09:19:23,2026-05-07 09:21:53,,证据更充分的关系为：盐 —hasFlavor→ 甘；理由：论元与谓词位于同句或同一处方段落。,logs/userstudy/P064/SYS-R4/A-L4-02.json,Y,N,,Y,,150.0
1449,P064,TCM_professional,1,SYS-R4,A-L5-02,A,L5,2026-05-07 09:22:01,2026-05-07 09:25:00,,候选关系应按原文作用范围判断；本片段可保留：油 —hasNature→ 凉，跨段推断不应采纳。,logs/userstudy/P064/SYS-R4/A-L5-02.json,Y,N,,Y,,179.0
1450,P064,TCM_professional,1,SYS-R4,A-L5-01,A,L5,2026-05-07 09:25:13,2026-05-07 09:27:57,,候选关系应按原文作用范围判断；本片段可保留：水 —hasNature→ 寒，跨段推断不应采纳。,logs/userstudy/P064/SYS-R4/A-L5-01.json,Y,N,,Y,,164.0
1451,P064,TCM_professional,1,SYS-R4,A-L6-01,A,L6,2026-05-07 09:28:20,2026-05-07 09:31:10,,证据链：冻结原文 → 实体识别 → 油 —hasNature→ 大寒 → 上下文范围核验。,logs/userstudy/P064/SYS-R4/A-L6-01.json,Y,N,,Y,,170.0
1452,P064,TCM_professional,1,SYS-R4,A-L6-02,A,L6,2026-05-07 09:31:35,2026-05-07 09:35:26,,证据链：冻结原文 → 实体识别 → 水 —hasNature→ 凉 → 上下文范围核验。,logs/userstudy/P064/SYS-R4/A-L6-02.json,Y,N,,Y,,231.0
1453,P064,TCM_professional,2,SYS-T9,B-L1-01,B,L1,2026-05-07 09:55:43,2026-05-07 09:56:30,,温；消渴,logs/userstudy/P064/SYS-T9/B-L1-01.json,Y,N,,Y,,47.0
1454,P064,TCM_professional,2,SYS-T9,B-L1-02,B,L1,2026-05-07 09:56:41,2026-05-07 09:57:34,,盐；拌,logs/userstudy/P064/SYS-T9/B-L1-02.json,Y,N,,Y,,53.0
1455,P064,TCM_professional,2,SYS-T9,B-L2-02,B,L2,2026-05-07 09:57:49,2026-05-07 09:59:21,,油（食材）；水（食材）；水（食材）,logs/userstudy/P064/SYS-T9/B-L2-02.json,Y,N,,Y,,92.0
1456,P064,TCM_professional,2,SYS-T9,B-L2-01,B,L2,2026-05-07 09:59:36,2026-05-07 10:01:43,,《人世:间》（古籍来源）；《马蹄》（古籍来源）；或解作击散（食疗方）,logs/userstudy/P064/SYS-T9/B-L2-01.json,Y,N,,Y,,127.0
1457,P064,TCM_professional,2,SYS-T9,B-L3-02,B,L3,2026-05-07 10:01:53,2026-05-07 10:05:01,,内宫散 —containsIngredient→ 醋,logs/userstudy/P064/SYS-T9/B-L3-02.json,Y,N,,Y,,188.0
1458,P064,TCM_professional,2,SYS-T9,B-L3-01,B,L3,2026-05-07 10:05:26,2026-05-07 10:08:05,,水 —hasEffect→ 清热,logs/userstudy/P064/SYS-T9/B-L3-01.json,Y,N,,Y,,159.0
1459,P064,TCM_professional,2,SYS-T9,B-L4-01,B,L4,2026-05-07 10:08:22,2026-05-07 10:11:26,,证据更充分的关系为：水 —hasNature→ 平；理由：论元与谓词位于同句或同一处方段落。,logs/userstudy/P064/SYS-T9/B-L4-01.json,Y,N,,Y,,184.0
1460,P064,TCM_professional,2,SYS-T9,B-L4-02,B,L4,2026-05-07 10:11:37,2026-05-07 10:13:53,,证据更充分的关系为：米 —hasFlavor→ 甘；理由：论元与谓词位于同句或同一处方段落。,logs/userstudy/P064/SYS-T9/B-L4-02.json,Y,N,,Y,,136.0
1461,P064,TCM_professional,2,SYS-T9,B-L5-01,B,L5,2026-05-07 10:14:11,2026-05-07 10:17:08,,候选关系应按原文作用范围判断；本片段可保留：黄豆 —recordedInText→ 《摘录》，跨段推断不应采纳。,logs/userstudy/P064/SYS-T9/B-L5-01.json,Y,N,,Y,,177.0
1462,P064,TCM_professional,2,SYS-T9,B-L5-02,B,L5,2026-05-07 10:17:31,2026-05-07 10:20:40,,候选关系应按原文作用范围判断；本片段可保留：水 —hasFlavor→ 涩，跨段推断不应采纳。,logs/userstudy/P064/SYS-T9/B-L5-02.json,Y,N,,Y,,189.0
1463,P064,TCM_professional,2,SYS-T9,B-L6-01,B,L6,2026-05-07 10:20:54,2026-05-07 10:24:28,,证据链：冻结原文 → 实体识别 → 酒 —hasNature→ 寒 → 上下文范围核验。,logs/userstudy/P064/SYS-T9/B-L6-01.json,Y,N,,Y,,214.0
1464,P064,TCM_professional,2,SYS-T9,B-L6-02,B,L6,2026-05-07 10:24:43,2026-05-07 10:28:10,,证据链：冻结原文 → 实体识别 → 瓜 —hasNature→ 平 → 上下文范围核验。,logs/userstudy/P064/SYS-T9/B-L6-02.json,Y,N,,Y,,207.0
1465,P065,TCM_professional,1,SYS-T9,B-L1-01,B,L1,2026-05-07 14:20:34,2026-05-07 14:22:21,,温；消渴,logs/userstudy/P065/SYS-T9/B-L1-01.json,Y,N,,Y,,107.0
1466,P065,TCM_professional,1,SYS-T9,B-L1-02,B,L1,2026-05-07 14:22:37,2026-05-07 14:23:15,,盐；拌,logs/userstudy/P065/SYS-T9/B-L1-02.json,Y,N,,Y,,38.0
1467,P065,TCM_professional,1,SYS-T9,B-L2-01,B,L2,2026-05-07 14:23:28,2026-05-07 14:25:14,,《人世:间》（古籍来源）；《马蹄》（古籍来源）；或解作击散（食疗方）,logs/userstudy/P065/SYS-T9/B-L2-01.json,Y,N,,Y,,106.0
1468,P065,TCM_professional,1,SYS-T9,B-L2-02,B,L2,2026-05-07 14:25:28,2026-05-07 14:27:10,,油（食材）；水（食材）；水（食材）,logs/userstudy/P065/SYS-T9/B-L2-02.json,Y,N,,Y,,102.0
1469,P065,TCM_professional,1,SYS-T9,B-L3-01,B,L3,2026-05-07 14:27:23,2026-05-07 14:28:16,,水 —hasEffect→ 清热,logs/userstudy/P065/SYS-T9/B-L3-01.json,Y,N,,Y,,53.0
1470,P065,TCM_professional,1,SYS-T9,B-L3-02,B,L3,2026-05-07 14:28:40,2026-05-07 14:31:06,,内宫散 —containsIngredient→ 醋,logs/userstudy/P065/SYS-T9/B-L3-02.json,Y,N,,Y,,146.0
1471,P065,TCM_professional,1,SYS-T9,B-L4-02,B,L4,2026-05-07 14:31:26,2026-05-07 14:34:17,,证据更充分的关系为：米 —hasFlavor→ 甘；理由：论元与谓词位于同句或同一处方段落。,logs/userstudy/P065/SYS-T9/B-L4-02.json,Y,N,,Y,,171.0
1472,P065,TCM_professional,1,SYS-T9,B-L4-01,B,L4,2026-05-07 14:34:29,2026-05-07 14:36:56,,证据更充分的关系为：水 —hasNature→ 平；理由：论元与谓词位于同句或同一处方段落。,logs/userstudy/P065/SYS-T9/B-L4-01.json,Y,N,,Y,,147.0
1473,P065,TCM_professional,1,SYS-T9,B-L5-01,B,L5,2026-05-07 14:37:17,2026-05-07 14:40:16,,倾向于认为候选关系成立，但未能给出完整证据链。,logs/userstudy/P065/SYS-T9/B-L5-01.json,Y,N,,Y,,179.0
1474,P065,TCM_professional,1,SYS-T9,B-L5-02,B,L5,2026-05-07 14:40:28,2026-05-07 14:43:41,,候选关系应按原文作用范围判断；本片段可保留：水 —hasFlavor→ 涩，跨段推断不应采纳。,logs/userstudy/P065/SYS-T9/B-L5-02.json,Y,N,,Y,,193.0
1475,P065,TCM_professional,1,SYS-T9,B-L6-01,B,L6,2026-05-07 14:44:01,2026-05-07 14:48:12,,证据链：冻结原文 → 实体识别 → 酒 —hasNature→ 寒 → 上下文范围核验。,logs/userstudy/P065/SYS-T9/B-L6-01.json,Y,N,,Y,,251.0
1476,P065,TCM_professional,1,SYS-T9,B-L6-02,B,L6,2026-05-07 14:48:30,2026-05-07 14:51:51,,原文信息可能支持该结论，不过需要结合前后文进一步判断。,logs/userstudy/P065/SYS-T9/B-L6-02.json,Y,N,,Y,,201.0
1477,P065,TCM_professional,2,SYS-R4,A-L1-02,A,L1,2026-05-07 15:11:59,2026-05-07 15:12:34,,甘；平,logs/userstudy/P065/SYS-R4/A-L1-02.json,Y,N,,Y,,35.0
1478,P065,TCM_professional,2,SYS-R4,A-L1-01,A,L1,2026-05-07 15:12:49,2026-05-07 15:14:04,,水；《内经》,logs/userstudy/P065/SYS-R4/A-L1-01.json,Y,N,,Y,,75.0
1479,P065,TCM_professional,2,SYS-R4,A-L2-02,A,L2,2026-05-07 15:14:13,2026-05-07 15:15:59,,水（食材）；水（食材）；选用食料的方（食疗方）,logs/userstudy/P065/SYS-R4/A-L2-02.json,Y,N,,Y,,106.0
1480,P065,TCM_professional,2,SYS-R4,A-L2-01,A,L2,2026-05-07 15:16:23,2026-05-07 15:17:08,,心（脏腑）；温（食性）；心（脏腑）,logs/userstudy/P065/SYS-R4/A-L2-01.json,Y,N,,Y,,45.0
1481,P065,TCM_professional,2,SYS-R4,A-L3-02,A,L3,2026-05-07 15:17:27,2026-05-07 15:19:12,,然多食生痰桑饮 —usesCookingMethod→ 腌,logs/userstudy/P065/SYS-R4/A-L3-02.json,Y,N,,Y,,105.0
1482,P065,TCM_professional,2,SYS-R4,A-L3-01,A,L3,2026-05-07 15:19:33,2026-05-07 15:21:22,,瓜 —hasNature→ 平,logs/userstudy/P065/SYS-R4/A-L3-01.json,Y,N,,Y,,109.0
1483,P065,TCM_professional,2,SYS-R4,A-L4-02,A,L4,2026-05-07 15:21:43,2026-05-07 15:23:58,,证据更充分的关系为：盐 —hasFlavor→ 甘；理由：论元与谓词位于同句或同一处方段落。,logs/userstudy/P065/SYS-R4/A-L4-02.json,Y,N,,Y,,135.0
1484,P065,TCM_professional,2,SYS-R4,A-L4-01,A,L4,2026-05-07 15:24:11,2026-05-07 15:27:06,,证据更充分的关系为：睡乡散 —recordedInText→ 《饮食谱》；理由：论元与谓词位于同句或同一处方段落。,logs/userstudy/P065/SYS-R4/A-L4-01.json,Y,N,,Y,,175.0
1485,P065,TCM_professional,2,SYS-R4,A-L5-02,A,L5,2026-05-07 15:27:20,2026-05-07 15:29:40,,候选关系应按原文作用范围判断；本片段可保留：油 —hasNature→ 凉，跨段推断不应采纳。,logs/userstudy/P065/SYS-R4/A-L5-02.json,Y,N,,Y,,140.0
1486,P065,TCM_professional,2,SYS-R4,A-L5-01,A,L5,2026-05-07 15:30:01,2026-05-07 15:32:18,,候选关系应按原文作用范围判断；本片段可保留：水 —hasNature→ 寒，跨段推断不应采纳。,logs/userstudy/P065/SYS-R4/A-L5-01.json,Y,N,,Y,,137.0
1487,P065,TCM_professional,2,SYS-R4,A-L6-01,A,L6,2026-05-07 15:32:34,2026-05-07 15:35:04,,证据链：冻结原文 → 实体识别 → 油 —hasNature→ 大寒 → 上下文范围核验。,logs/userstudy/P065/SYS-R4/A-L6-01.json,Y,N,,Y,,150.0
1488,P065,TCM_professional,2,SYS-R4,A-L6-02,A,L6,2026-05-07 15:35:12,2026-05-07 15:38:52,,倾向于认为候选关系成立，但未能给出完整证据链。,logs/userstudy/P065/SYS-R4/A-L6-02.json,Y,N,,Y,,220.0
1489,P066,TCM_professional,1,SYS-R4,B-L1-01,B,L1,2026-05-08 09:10:21,2026-05-08 09:10:57,,温；消渴,logs/userstudy/P066/SYS-R4/B-L1-01.json,Y,N,,Y,,36.0
1490,P066,TCM_professional,1,SYS-R4,B-L1-02,B,L1,2026-05-08 09:11:20,2026-05-08 09:12:24,,盐；拌,logs/userstudy/P066/SYS-R4/B-L1-02.json,Y,N,,Y,,64.0
1491,P066,TCM_professional,1,SYS-R4,B-L2-01,B,L2,2026-05-08 09:12:34,2026-05-08 09:13:52,,《人世:间》（古籍来源）；《马蹄》（古籍来源）；或解作击散（食疗方）,logs/userstudy/P066/SYS-R4/B-L2-01.json,Y,N,,Y,,78.0
1492,P066,TCM_professional,1,SYS-R4,B-L2-02,B,L2,2026-05-08 09:14:02,2026-05-08 09:15:03,,油（食材）；水（食材）；水（食材）,logs/userstudy/P066/SYS-R4/B-L2-02.json,Y,N,,Y,,61.0
1493,P066,TCM_professional,1,SYS-R4,B-L3-02,B,L3,2026-05-08 09:15:19,2026-05-08 09:17:01,,内宫散 —containsIngredient→ 醋,logs/userstudy/P066/SYS-R4/B-L3-02.json,Y,N,,Y,,102.0
1494,P066,TCM_professional,1,SYS-R4,B-L3-01,B,L3,2026-05-08 09:17:21,2026-05-08 09:18:47,,水 —hasEffect→ 清热,logs/userstudy/P066/SYS-R4/B-L3-01.json,Y,N,,Y,,86.0
1495,P066,TCM_professional,1,SYS-R4,B-L4-02,B,L4,2026-05-08 09:19:08,2026-05-08 09:21:10,,证据更充分的关系为：米 —hasFlavor→ 甘；理由：论元与谓词位于同句或同一处方段落。,logs/userstudy/P066/SYS-R4/B-L4-02.json,Y,N,,Y,,122.0
1496,P066,TCM_professional,1,SYS-R4,B-L4-01,B,L4,2026-05-08 09:21:18,2026-05-08 09:23:11,,证据更充分的关系为：水 —hasNature→ 平；理由：论元与谓词位于同句或同一处方段落。,logs/userstudy/P066/SYS-R4/B-L4-01.json,Y,N,,Y,,113.0
1497,P066,TCM_professional,1,SYS-R4,B-L5-01,B,L5,2026-05-08 09:23:27,2026-05-08 09:26:26,,候选关系应按原文作用范围判断；本片段可保留：黄豆 —recordedInText→ 《摘录》，跨段推断不应采纳。,logs/userstudy/P066/SYS-R4/B-L5-01.json,Y,N,,Y,,179.0
1498,P066,TCM_professional,1,SYS-R4,B-L5-02,B,L5,2026-05-08 09:26:39,2026-05-08 09:29:08,,候选关系应按原文作用范围判断；本片段可保留：水 —hasFlavor→ 涩，跨段推断不应采纳。,logs/userstudy/P066/SYS-R4/B-L5-02.json,Y,N,,Y,,149.0
1499,P066,TCM_professional,1,SYS-R4,B-L6-01,B,L6,2026-05-08 09:29:32,2026-05-08 09:33:18,,原文信息可能支持该结论，不过需要结合前后文进一步判断。,logs/userstudy/P066/SYS-R4/B-L6-01.json,Y,N,,Y,,226.0
1500,P066,TCM_professional,1,SYS-R4,B-L6-02,B,L6,2026-05-08 09:33:29,2026-05-08 09:36:20,,证据链：冻结原文 → 实体识别 → 瓜 —hasNature→ 平 → 上下文范围核验。,logs/userstudy/P066/SYS-R4/B-L6-02.json,Y,N,,Y,,171.0
1501,P066,TCM_professional,2,SYS-T9,A-L1-01,A,L1,2026-05-08 09:56:44,2026-05-08 09:57:51,,水；《内经》,logs/userstudy/P066/SYS-T9/A-L1-01.json,Y,N,,Y,,67.0
1502,P066,TCM_professional,2,SYS-T9,A-L1-02,A,L1,2026-05-08 09:58:14,2026-05-08 09:59:37,,甘；平,logs/userstudy/P066/SYS-T9/A-L1-02.json,Y,N,,Y,,83.0
1503,P066,TCM_professional,2,SYS-T9,A-L2-02,A,L2,2026-05-08 09:59:51,2026-05-08 10:01:12,,水（食材）；水（食材）；选用食料的方（食疗方）,logs/userstudy/P066/SYS-T9/A-L2-02.json,Y,N,,Y,,81.0
1504,P066,TCM_professional,2,SYS-T9,A-L2-01,A,L2,2026-05-08 10:01:34,2026-05-08 10:04:04,,心（脏腑）；温（食性）；心（脏腑）,logs/userstudy/P066/SYS-T9/A-L2-01.json,Y,N,,Y,,150.0
1505,P066,TCM_professional,2,SYS-T9,A-L3-01,A,L3,2026-05-08 10:04:19,2026-05-08 10:06:31,,瓜 —hasNature→ 平,logs/userstudy/P066/SYS-T9/A-L3-01.json,Y,N,,Y,,132.0
1506,P066,TCM_professional,2,SYS-T9,A-L3-02,A,L3,2026-05-08 10:06:55,2026-05-08 10:09:22,,然多食生痰桑饮 —usesCookingMethod→ 腌,logs/userstudy/P066/SYS-T9/A-L3-02.json,Y,N,,Y,,147.0
1507,P066,TCM_professional,2,SYS-T9,A-L4-02,A,L4,2026-05-08 10:09:37,2026-05-08 10:12:22,,原文能确认相关实体，但关系方向和作用范围仍不够明确。,logs/userstudy/P066/SYS-T9/A-L4-02.json,Y,N,,Y,,165.0
1508,P066,TCM_professional,2,SYS-T9,A-L4-01,A,L4,2026-05-08 10:12:37,2026-05-08 10:16:49,,证据更充分的关系为：睡乡散 —recordedInText→ 《饮食谱》；理由：论元与谓词位于同句或同一处方段落。,logs/userstudy/P066/SYS-T9/A-L4-01.json,Y,N,,Y,,252.0
1509,P066,TCM_professional,2,SYS-T9,A-L5-01,A,L5,2026-05-08 10:17:14,2026-05-08 10:21:01,,候选关系应按原文作用范围判断；本片段可保留：水 —hasNature→ 寒，跨段推断不应采纳。,logs/userstudy/P066/SYS-T9/A-L5-01.json,Y,N,,Y,,227.0
1510,P066,TCM_professional,2,SYS-T9,A-L5-02,A,L5,2026-05-08 10:21:09,2026-05-08 10:24:37,,候选关系应按原文作用范围判断；本片段可保留：油 —hasNature→ 凉，跨段推断不应采纳。,logs/userstudy/P066/SYS-T9/A-L5-02.json,Y,N,,Y,,208.0
1511,P066,TCM_professional,2,SYS-T9,A-L6-02,A,L6,2026-05-08 10:24:51,2026-05-08 10:29:45,,证据链：冻结原文 → 实体识别 → 水 —hasNature→ 凉 → 上下文范围核验。,logs/userstudy/P066/SYS-T9/A-L6-02.json,Y,N,,Y,,294.0
1512,P066,TCM_professional,2,SYS-T9,A-L6-01,A,L6,2026-05-08 10:29:54,2026-05-08 10:33:33,,证据链：冻结原文 → 实体识别 → 油 —hasNature→ 大寒 → 上下文范围核验。,logs/userstudy/P066/SYS-T9/A-L6-01.json,Y,N,,Y,,219.0
1513,P067,TCM_professional,1,SYS-T9,A-L1-02,A,L1,2026-05-08 14:00:40,2026-05-08 14:01:42,,甘；平,logs/userstudy/P067/SYS-T9/A-L1-02.json,Y,N,,Y,,62.0
1514,P067,TCM_professional,1,SYS-T9,A-L1-01,A,L1,2026-05-08 14:02:07,2026-05-08 14:03:14,,水；《内经》,logs/userstudy/P067/SYS-T9/A-L1-01.json,Y,N,,Y,,67.0
1515,P067,TCM_professional,1,SYS-T9,A-L2-02,A,L2,2026-05-08 14:03:25,2026-05-08 14:04:32,,水（食材）；水（食材）；选用食料的方（食疗方）,logs/userstudy/P067/SYS-T9/A-L2-02.json,Y,N,,Y,,67.0
1516,P067,TCM_professional,1,SYS-T9,A-L2-01,A,L2,2026-05-08 14:04:41,2026-05-08 14:06:04,,心（脏腑）；温（食性）；心（脏腑）,logs/userstudy/P067/SYS-T9/A-L2-01.json,Y,N,,Y,,83.0
1517,P067,TCM_professional,1,SYS-T9,A-L3-02,A,L3,2026-05-08 14:06:14,2026-05-08 14:07:55,,原文信息可能支持该结论，不过需要结合前后文进一步判断。,logs/userstudy/P067/SYS-T9/A-L3-02.json,Y,N,,Y,,101.0
1518,P067,TCM_professional,1,SYS-T9,A-L3-01,A,L3,2026-05-08 14:08:05,2026-05-08 14:10:02,,瓜 —hasNature→ 平,logs/userstudy/P067/SYS-T9/A-L3-01.json,Y,N,,Y,,117.0
1519,P067,TCM_professional,1,SYS-T9,A-L4-01,A,L4,2026-05-08 14:10:14,2026-05-08 14:12:38,,证据更充分的关系为：睡乡散 —recordedInText→ 《饮食谱》；理由：论元与谓词位于同句或同一处方段落。,logs/userstudy/P067/SYS-T9/A-L4-01.json,Y,N,,Y,,144.0
1520,P067,TCM_professional,1,SYS-T9,A-L4-02,A,L4,2026-05-08 14:13:02,2026-05-08 14:16:28,,证据更充分的关系为：盐 —hasFlavor→ 甘；理由：论元与谓词位于同句或同一处方段落。,logs/userstudy/P067/SYS-T9/A-L4-02.json,Y,N,,Y,,206.0
1521,P067,TCM_professional,1,SYS-T9,A-L5-01,A,L5,2026-05-08 14:16:45,2026-05-08 14:20:32,,原文能确认相关实体，但关系方向和作用范围仍不够明确。,logs/userstudy/P067/SYS-T9/A-L5-01.json,Y,N,,Y,,227.0
1522,P067,TCM_professional,1,SYS-T9,A-L5-02,A,L5,2026-05-08 14:20:50,2026-05-08 14:23:45,,候选关系应按原文作用范围判断；本片段可保留：油 —hasNature→ 凉，跨段推断不应采纳。,logs/userstudy/P067/SYS-T9/A-L5-02.json,Y,N,,Y,,175.0
1523,P067,TCM_professional,1,SYS-T9,A-L6-02,A,L6,2026-05-08 14:24:02,2026-05-08 14:27:34,,倾向于认为候选关系成立，但未能给出完整证据链。,logs/userstudy/P067/SYS-T9/A-L6-02.json,Y,N,,Y,,212.0
1524,P067,TCM_professional,1,SYS-T9,A-L6-01,A,L6,2026-05-08 14:27:47,2026-05-08 14:30:43,,原文能确认相关实体，但关系方向和作用范围仍不够明确。,logs/userstudy/P067/SYS-T9/A-L6-01.json,Y,N,,Y,,176.0
1525,P067,TCM_professional,2,SYS-R4,B-L1-01,B,L1,2026-05-08 14:50:54,2026-05-08 14:51:29,,温；消渴,logs/userstudy/P067/SYS-R4/B-L1-01.json,Y,N,,Y,,35.0
1526,P067,TCM_professional,2,SYS-R4,B-L1-02,B,L1,2026-05-08 14:51:42,2026-05-08 14:52:17,,盐；拌,logs/userstudy/P067/SYS-R4/B-L1-02.json,Y,N,,Y,,35.0
1527,P067,TCM_professional,2,SYS-R4,B-L2-01,B,L2,2026-05-08 14:52:34,2026-05-08 14:53:09,,《人世:间》（古籍来源）；《马蹄》（古籍来源）；或解作击散（食疗方）,logs/userstudy/P067/SYS-R4/B-L2-01.json,Y,N,,Y,,35.0
1528,P067,TCM_professional,2,SYS-R4,B-L2-02,B,L2,2026-05-08 14:53:26,2026-05-08 14:54:01,,油（食材）；水（食材）；水（食材）,logs/userstudy/P067/SYS-R4/B-L2-02.json,Y,N,,Y,,35.0
1529,P067,TCM_professional,2,SYS-R4,B-L3-02,B,L3,2026-05-08 14:54:14,2026-05-08 14:55:28,,内宫散 —containsIngredient→ 醋,logs/userstudy/P067/SYS-R4/B-L3-02.json,Y,N,,Y,,74.0
1530,P067,TCM_professional,2,SYS-R4,B-L3-01,B,L3,2026-05-08 14:55:42,2026-05-08 14:57:00,,水 —hasEffect→ 清热,logs/userstudy/P067/SYS-R4/B-L3-01.json,Y,N,,Y,,78.0
1531,P067,TCM_professional,2,SYS-R4,B-L4-01,B,L4,2026-05-08 14:57:16,2026-05-08 14:59:31,,原文能确认相关实体，但关系方向和作用范围仍不够明确。,logs/userstudy/P067/SYS-R4/B-L4-01.json,Y,N,,Y,,135.0
1532,P067,TCM_professional,2,SYS-R4,B-L4-02,B,L4,2026-05-08 14:59:54,2026-05-08 15:02:02,,证据更充分的关系为：米 —hasFlavor→ 甘；理由：论元与谓词位于同句或同一处方段落。,logs/userstudy/P067/SYS-R4/B-L4-02.json,Y,N,,Y,,128.0
1533,P067,TCM_professional,2,SYS-R4,B-L5-01,B,L5,2026-05-08 15:02:17,2026-05-08 15:04:48,,倾向于认为候选关系成立，但未能给出完整证据链。,logs/userstudy/P067/SYS-R4/B-L5-01.json,Y,N,,Y,,151.0
1534,P067,TCM_professional,2,SYS-R4,B-L5-02,B,L5,2026-05-08 15:05:12,2026-05-08 15:07:59,,候选关系应按原文作用范围判断；本片段可保留：水 —hasFlavor→ 涩，跨段推断不应采纳。,logs/userstudy/P067/SYS-R4/B-L5-02.json,Y,N,,Y,,167.0
1535,P067,TCM_professional,2,SYS-R4,B-L6-02,B,L6,2026-05-08 15:08:22,2026-05-08 15:11:22,,未发现足够直接的谓词证据，暂不作确定判断。,logs/userstudy/P067/SYS-R4/B-L6-02.json,Y,N,,Y,,180.0
1536,P067,TCM_professional,2,SYS-R4,B-L6-01,B,L6,2026-05-08 15:11:44,2026-05-08 15:15:17,,未发现足够直接的谓词证据，暂不作确定判断。,logs/userstudy/P067/SYS-R4/B-L6-01.json,Y,N,,Y,,213.0
1537,P068,TCM_professional,1,SYS-R4,A-L1-01,A,L1,2026-05-11 09:10:40,2026-05-11 09:11:15,,水；《内经》,logs/userstudy/P068/SYS-R4/A-L1-01.json,Y,N,,Y,,35.0
1538,P068,TCM_professional,1,SYS-R4,A-L1-02,A,L1,2026-05-11 09:11:38,2026-05-11 09:12:13,,未发现足够直接的谓词证据，暂不作确定判断。,logs/userstudy/P068/SYS-R4/A-L1-02.json,Y,N,,Y,,35.0
1539,P068,TCM_professional,1,SYS-R4,A-L2-02,A,L2,2026-05-11 09:12:36,2026-05-11 09:13:28,,水（食材）；水（食材）；选用食料的方（食疗方）,logs/userstudy/P068/SYS-R4/A-L2-02.json,Y,N,,Y,,52.0
1540,P068,TCM_professional,1,SYS-R4,A-L2-01,A,L2,2026-05-11 09:13:40,2026-05-11 09:15:14,,心（脏腑）；温（食性）；心（脏腑）,logs/userstudy/P068/SYS-R4/A-L2-01.json,Y,N,,Y,,94.0
1541,P068,TCM_professional,1,SYS-R4,A-L3-02,A,L3,2026-05-11 09:15:25,2026-05-11 09:17:56,,然多食生痰桑饮 —usesCookingMethod→ 腌,logs/userstudy/P068/SYS-R4/A-L3-02.json,Y,N,,Y,,151.0
1542,P068,TCM_professional,1,SYS-R4,A-L3-01,A,L3,2026-05-11 09:18:11,2026-05-11 09:19:16,,瓜 —hasNature→ 平,logs/userstudy/P068/SYS-R4/A-L3-01.json,Y,N,,Y,,65.0
1543,P068,TCM_professional,1,SYS-R4,A-L4-01,A,L4,2026-05-11 09:19:36,2026-05-11 09:21:28,,证据更充分的关系为：睡乡散 —recordedInText→ 《饮食谱》；理由：论元与谓词位于同句或同一处方段落。,logs/userstudy/P068/SYS-R4/A-L4-01.json,Y,N,,Y,,112.0
1544,P068,TCM_professional,1,SYS-R4,A-L4-02,A,L4,2026-05-11 09:21:48,2026-05-11 09:24:32,,证据更充分的关系为：盐 —hasFlavor→ 甘；理由：论元与谓词位于同句或同一处方段落。,logs/userstudy/P068/SYS-R4/A-L4-02.json,Y,N,,Y,,164.0
1545,P068,TCM_professional,1,SYS-R4,A-L5-02,A,L5,2026-05-11 09:24:50,2026-05-11 09:28:06,,候选关系应按原文作用范围判断；本片段可保留：油 —hasNature→ 凉，跨段推断不应采纳。,logs/userstudy/P068/SYS-R4/A-L5-02.json,Y,N,,Y,,196.0
1546,P068,TCM_professional,1,SYS-R4,A-L5-01,A,L5,2026-05-11 09:28:24,2026-05-11 09:30:44,,候选关系应按原文作用范围判断；本片段可保留：水 —hasNature→ 寒，跨段推断不应采纳。,logs/userstudy/P068/SYS-R4/A-L5-01.json,Y,N,,Y,,140.0
1547,P068,TCM_professional,1,SYS-R4,A-L6-01,A,L6,2026-05-11 09:31:08,2026-05-11 09:33:27,,证据链：冻结原文 → 实体识别 → 油 —hasNature→ 大寒 → 上下文范围核验。,logs/userstudy/P068/SYS-R4/A-L6-01.json,Y,N,,Y,,139.0
1548,P068,TCM_professional,1,SYS-R4,A-L6-02,A,L6,2026-05-11 09:33:41,2026-05-11 09:37:32,,证据链：冻结原文 → 实体识别 → 水 —hasNature→ 凉 → 上下文范围核验。,logs/userstudy/P068/SYS-R4/A-L6-02.json,Y,N,,Y,,231.0
1549,P068,TCM_professional,2,SYS-T9,B-L1-01,B,L1,2026-05-11 09:57:41,2026-05-11 09:59:11,,温；消渴,logs/userstudy/P068/SYS-T9/B-L1-01.json,Y,N,,Y,,90.0
1550,P068,TCM_professional,2,SYS-T9,B-L1-02,B,L1,2026-05-11 09:59:19,2026-05-11 10:00:10,,盐；拌,logs/userstudy/P068/SYS-T9/B-L1-02.json,Y,N,,Y,,51.0
1551,P068,TCM_professional,2,SYS-T9,B-L2-01,B,L2,2026-05-11 10:00:25,2026-05-11 10:02:12,,《人世:间》（古籍来源）；《马蹄》（古籍来源）；或解作击散（食疗方）,logs/userstudy/P068/SYS-T9/B-L2-01.json,Y,N,,Y,,107.0
1552,P068,TCM_professional,2,SYS-T9,B-L2-02,B,L2,2026-05-11 10:02:27,2026-05-11 10:04:11,,油（食材）；水（食材）；水（食材）,logs/userstudy/P068/SYS-T9/B-L2-02.json,Y,N,,Y,,104.0
1553,P068,TCM_professional,2,SYS-T9,B-L3-01,B,L3,2026-05-11 10:04:24,2026-05-11 10:06:35,,水 —hasEffect→ 清热,logs/userstudy/P068/SYS-T9/B-L3-01.json,Y,N,,Y,,131.0
1554,P068,TCM_professional,2,SYS-T9,B-L3-02,B,L3,2026-05-11 10:06:45,2026-05-11 10:09:28,,原文能确认相关实体，但关系方向和作用范围仍不够明确。,logs/userstudy/P068/SYS-T9/B-L3-02.json,Y,N,,Y,,163.0
1555,P068,TCM_professional,2,SYS-T9,B-L4-02,B,L4,2026-05-11 10:09:48,2026-05-11 10:12:58,,证据更充分的关系为：米 —hasFlavor→ 甘；理由：论元与谓词位于同句或同一处方段落。,logs/userstudy/P068/SYS-T9/B-L4-02.json,Y,N,,Y,,190.0
1556,P068,TCM_professional,2,SYS-T9,B-L4-01,B,L4,2026-05-11 10:13:12,2026-05-11 10:16:08,,证据更充分的关系为：水 —hasNature→ 平；理由：论元与谓词位于同句或同一处方段落。,logs/userstudy/P068/SYS-T9/B-L4-01.json,Y,N,,Y,,176.0
1557,P068,TCM_professional,2,SYS-T9,B-L5-02,B,L5,2026-05-11 10:16:33,2026-05-11 10:19:30,,候选关系应按原文作用范围判断；本片段可保留：水 —hasFlavor→ 涩，跨段推断不应采纳。,logs/userstudy/P068/SYS-T9/B-L5-02.json,Y,N,,Y,,177.0
1558,P068,TCM_professional,2,SYS-T9,B-L5-01,B,L5,2026-05-11 10:19:45,2026-05-11 10:22:38,,倾向于认为候选关系成立，但未能给出完整证据链。,logs/userstudy/P068/SYS-T9/B-L5-01.json,Y,N,,Y,,173.0
1559,P068,TCM_professional,2,SYS-T9,B-L6-02,B,L6,2026-05-11 10:23:01,2026-05-11 10:26:01,,未发现足够直接的谓词证据，暂不作确定判断。,logs/userstudy/P068/SYS-T9/B-L6-02.json,Y,N,,Y,,180.0
1560,P068,TCM_professional,2,SYS-T9,B-L6-01,B,L6,2026-05-11 10:26:17,2026-05-11 10:30:07,,证据链：冻结原文 → 实体识别 → 酒 —hasNature→ 寒 → 上下文范围核验。,logs/userstudy/P068/SYS-T9/B-L6-01.json,Y,N,,Y,,230.0
1561,P069,TCM_professional,1,SYS-T9,B-L1-01,B,L1,2026-05-11 14:20:40,2026-05-11 14:21:48,,温；消渴,logs/userstudy/P069/SYS-T9/B-L1-01.json,Y,N,,Y,,68.0
1562,P069,TCM_professional,1,SYS-T9,B-L1-02,B,L1,2026-05-11 14:22:01,2026-05-11 14:22:55,,盐；拌,logs/userstudy/P069/SYS-T9/B-L1-02.json,Y,N,,Y,,54.0
1563,P069,TCM_professional,1,SYS-T9,B-L2-02,B,L2,2026-05-11 14:23:17,2026-05-11 14:24:23,,油（食材）；水（食材）；水（食材）,logs/userstudy/P069/SYS-T9/B-L2-02.json,Y,N,,Y,,66.0
1564,P069,TCM_professional,1,SYS-T9,B-L2-01,B,L2,2026-05-11 14:24:46,2026-05-11 14:27:30,,《人世:间》（古籍来源）；《马蹄》（古籍来源）；或解作击散（食疗方）,logs/userstudy/P069/SYS-T9/B-L2-01.json,Y,N,,Y,,164.0
1565,P069,TCM_professional,1,SYS-T9,B-L3-02,B,L3,2026-05-11 14:27:47,2026-05-11 14:30:26,,内宫散 —containsIngredient→ 醋,logs/userstudy/P069/SYS-T9/B-L3-02.json,Y,N,,Y,,159.0
1566,P069,TCM_professional,1,SYS-T9,B-L3-01,B,L3,2026-05-11 14:30:35,2026-05-11 14:32:55,,水 —hasEffect→ 清热,logs/userstudy/P069/SYS-T9/B-L3-01.json,Y,N,,Y,,140.0
1567,P069,TCM_professional,1,SYS-T9,B-L4-01,B,L4,2026-05-11 14:33:03,2026-05-11 14:35:23,,未发现足够直接的谓词证据，暂不作确定判断。,logs/userstudy/P069/SYS-T9/B-L4-01.json,Y,N,,Y,,140.0
1568,P069,TCM_professional,1,SYS-T9,B-L4-02,B,L4,2026-05-11 14:35:44,2026-05-11 14:38:23,,证据更充分的关系为：米 —hasFlavor→ 甘；理由：论元与谓词位于同句或同一处方段落。,logs/userstudy/P069/SYS-T9/B-L4-02.json,Y,N,,Y,,159.0
1569,P069,TCM_professional,1,SYS-T9,B-L5-01,B,L5,2026-05-11 14:38:39,2026-05-11 14:41:46,,候选关系应按原文作用范围判断；本片段可保留：黄豆 —recordedInText→ 《摘录》，跨段推断不应采纳。,logs/userstudy/P069/SYS-T9/B-L5-01.json,Y,N,,Y,,187.0
1570,P069,TCM_professional,1,SYS-T9,B-L5-02,B,L5,2026-05-11 14:42:11,2026-05-11 14:45:51,,候选关系应按原文作用范围判断；本片段可保留：水 —hasFlavor→ 涩，跨段推断不应采纳。,logs/userstudy/P069/SYS-T9/B-L5-02.json,Y,N,,Y,,220.0
1571,P069,TCM_professional,1,SYS-T9,B-L6-02,B,L6,2026-05-11 14:46:11,2026-05-11 14:49:46,,证据链：冻结原文 → 实体识别 → 瓜 —hasNature→ 平 → 上下文范围核验。,logs/userstudy/P069/SYS-T9/B-L6-02.json,Y,N,,Y,,215.0
1572,P069,TCM_professional,1,SYS-T9,B-L6-01,B,L6,2026-05-11 14:50:05,2026-05-11 14:54:18,,原文信息可能支持该结论，不过需要结合前后文进一步判断。,logs/userstudy/P069/SYS-T9/B-L6-01.json,Y,N,,Y,,253.0
1573,P069,TCM_professional,2,SYS-R4,A-L1-01,A,L1,2026-05-11 15:14:30,2026-05-11 15:15:31,,水；《内经》,logs/userstudy/P069/SYS-R4/A-L1-01.json,Y,N,,Y,,61.0
1574,P069,TCM_professional,2,SYS-R4,A-L1-02,A,L1,2026-05-11 15:15:42,2026-05-11 15:16:17,,甘；平,logs/userstudy/P069/SYS-R4/A-L1-02.json,Y,N,,Y,,35.0
1575,P069,TCM_professional,2,SYS-R4,A-L2-01,A,L2,2026-05-11 15:16:29,2026-05-11 15:17:14,,心（脏腑）；温（食性）；心（脏腑）,logs/userstudy/P069/SYS-R4/A-L2-01.json,Y,N,,Y,,45.0
1576,P069,TCM_professional,2,SYS-R4,A-L2-02,A,L2,2026-05-11 15:17:32,2026-05-11 15:18:53,,水（食材）；水（食材）；选用食料的方（食疗方）,logs/userstudy/P069/SYS-R4/A-L2-02.json,Y,N,,Y,,81.0
1577,P069,TCM_professional,2,SYS-R4,A-L3-01,A,L3,2026-05-11 15:19:15,2026-05-11 15:21:03,,瓜 —hasNature→ 平,logs/userstudy/P069/SYS-R4/A-L3-01.json,Y,N,,Y,,108.0
1578,P069,TCM_professional,2,SYS-R4,A-L3-02,A,L3,2026-05-11 15:21:23,2026-05-11 15:22:46,,然多食生痰桑饮 —usesCookingMethod→ 腌,logs/userstudy/P069/SYS-R4/A-L3-02.json,Y,N,,Y,,83.0
1579,P069,TCM_professional,2,SYS-R4,A-L4-01,A,L4,2026-05-11 15:23:05,2026-05-11 15:26:01,,倾向于认为候选关系成立，但未能给出完整证据链。,logs/userstudy/P069/SYS-R4/A-L4-01.json,Y,N,,Y,,176.0
1580,P069,TCM_professional,2,SYS-R4,A-L4-02,A,L4,2026-05-11 15:26:26,2026-05-11 15:27:20,,,logs/userstudy/P069/SYS-R4/A-L4-02.json,N,N,connection_interruption,N,页面在提交前短暂断开，未形成有效回答。,54.0
1581,P069,TCM_professional,2,SYS-R4,A-L5-01,A,L5,2026-05-11 15:27:31,2026-05-11 15:30:13,,候选关系应按原文作用范围判断；本片段可保留：水 —hasNature→ 寒，跨段推断不应采纳。,logs/userstudy/P069/SYS-R4/A-L5-01.json,Y,N,,Y,,162.0
1582,P069,TCM_professional,2,SYS-R4,A-L5-02,A,L5,2026-05-11 15:30:21,2026-05-11 15:32:42,,候选关系应按原文作用范围判断；本片段可保留：油 —hasNature→ 凉，跨段推断不应采纳。,logs/userstudy/P069/SYS-R4/A-L5-02.json,Y,N,,Y,,141.0
1583,P069,TCM_professional,2,SYS-R4,A-L6-02,A,L6,2026-05-11 15:32:59,2026-05-11 15:36:09,,证据链：冻结原文 → 实体识别 → 水 —hasNature→ 凉 → 上下文范围核验。,logs/userstudy/P069/SYS-R4/A-L6-02.json,Y,N,,Y,,190.0
1584,P069,TCM_professional,2,SYS-R4,A-L6-01,A,L6,2026-05-11 15:36:30,2026-05-11 15:40:34,,证据链：冻结原文 → 实体识别 → 油 —hasNature→ 大寒 → 上下文范围核验。,logs/userstudy/P069/SYS-R4/A-L6-01.json,Y,N,,Y,,244.0
1585,P070,TCM_professional,1,SYS-R4,B-L1-01,B,L1,2026-05-11 09:20:05,2026-05-11 09:20:40,,温；消渴,logs/userstudy/P070/SYS-R4/B-L1-01.json,Y,N,,Y,,35.0
1586,P070,TCM_professional,1,SYS-R4,B-L1-02,B,L1,2026-05-11 09:20:55,2026-05-11 09:21:54,,盐；拌,logs/userstudy/P070/SYS-R4/B-L1-02.json,Y,N,,Y,,59.0
1587,P070,TCM_professional,1,SYS-R4,B-L2-01,B,L2,2026-05-11 09:22:11,2026-05-11 09:23:14,,《人世:间》（古籍来源）；《马蹄》（古籍来源）；或解作击散（食疗方）,logs/userstudy/P070/SYS-R4/B-L2-01.json,Y,N,,Y,,63.0
1588,P070,TCM_professional,1,SYS-R4,B-L2-02,B,L2,2026-05-11 09:23:32,2026-05-11 09:24:36,,油（食材）；水（食材）；水（食材）,logs/userstudy/P070/SYS-R4/B-L2-02.json,Y,N,,Y,,64.0
1589,P070,TCM_professional,1,SYS-R4,B-L3-01,B,L3,2026-05-11 09:24:58,2026-05-11 09:26:53,,水 —hasEffect→ 清热,logs/userstudy/P070/SYS-R4/B-L3-01.json,Y,N,,Y,,115.0
1590,P070,TCM_professional,1,SYS-R4,B-L3-02,B,L3,2026-05-11 09:27:13,2026-05-11 09:29:29,,内宫散 —containsIngredient→ 醋,logs/userstudy/P070/SYS-R4/B-L3-02.json,Y,N,,Y,,136.0
1591,P070,TCM_professional,1,SYS-R4,B-L4-01,B,L4,2026-05-11 09:29:47,2026-05-11 09:31:24,,,logs/userstudy/P070/SYS-R4/B-L4-01.json,N,N,connection_interruption,N,页面在提交前短暂断开，未形成有效回答。,97.0
1592,P070,TCM_professional,1,SYS-R4,B-L4-02,B,L4,2026-05-11 09:31:32,2026-05-11 09:33:18,,原文能确认相关实体，但关系方向和作用范围仍不够明确。,logs/userstudy/P070/SYS-R4/B-L4-02.json,Y,N,,Y,,106.0
1593,P070,TCM_professional,1,SYS-R4,B-L5-02,B,L5,2026-05-11 09:33:31,2026-05-11 09:35:52,,候选关系应按原文作用范围判断；本片段可保留：水 —hasFlavor→ 涩，跨段推断不应采纳。,logs/userstudy/P070/SYS-R4/B-L5-02.json,Y,N,,Y,,141.0
1594,P070,TCM_professional,1,SYS-R4,B-L5-01,B,L5,2026-05-11 09:36:15,2026-05-11 09:39:48,,候选关系应按原文作用范围判断；本片段可保留：黄豆 —recordedInText→ 《摘录》，跨段推断不应采纳。,logs/userstudy/P070/SYS-R4/B-L5-01.json,Y,N,,Y,,213.0
1595,P070,TCM_professional,1,SYS-R4,B-L6-02,B,L6,2026-05-11 09:40:10,2026-05-11 09:43:55,,证据链：冻结原文 → 实体识别 → 瓜 —hasNature→ 平 → 上下文范围核验。,logs/userstudy/P070/SYS-R4/B-L6-02.json,Y,N,,Y,,225.0
1596,P070,TCM_professional,1,SYS-R4,B-L6-01,B,L6,2026-05-11 09:44:07,2026-05-11 09:47:04,,未发现足够直接的谓词证据，暂不作确定判断。,logs/userstudy/P070/SYS-R4/B-L6-01.json,Y,N,,Y,,177.0
1597,P070,TCM_professional,2,SYS-T9,A-L1-02,A,L1,2026-05-11 10:07:17,2026-05-11 10:08:08,,甘；平,logs/userstudy/P070/SYS-T9/A-L1-02.json,Y,N,,Y,,51.0
1598,P070,TCM_professional,2,SYS-T9,A-L1-01,A,L1,2026-05-11 10:08:33,2026-05-11 10:10:08,,水；《内经》,logs/userstudy/P070/SYS-T9/A-L1-01.json,Y,N,,Y,,95.0
1599,P070,TCM_professional,2,SYS-T9,A-L2-01,A,L2,2026-05-11 10:10:24,2026-05-11 10:12:05,,心（脏腑）；温（食性）；心（脏腑）,logs/userstudy/P070/SYS-T9/A-L2-01.json,Y,N,,Y,,101.0
1600,P070,TCM_professional,2,SYS-T9,A-L2-02,A,L2,2026-05-11 10:12:19,2026-05-11 10:14:15,,水（食材）；水（食材）；选用食料的方（食疗方）,logs/userstudy/P070/SYS-T9/A-L2-02.json,Y,N,,Y,,116.0
1601,P070,TCM_professional,2,SYS-T9,A-L3-01,A,L3,2026-05-11 10:14:38,2026-05-11 10:16:19,,瓜 —hasNature→ 平,logs/userstudy/P070/SYS-T9/A-L3-01.json,Y,N,,Y,,101.0
1602,P070,TCM_professional,2,SYS-T9,A-L3-02,A,L3,2026-05-11 10:16:44,2026-05-11 10:19:02,,然多食生痰桑饮 —usesCookingMethod→ 腌,logs/userstudy/P070/SYS-T9/A-L3-02.json,Y,N,,Y,,138.0
1603,P070,TCM_professional,2,SYS-T9,A-L4-01,A,L4,2026-05-11 10:19:11,2026-05-11 10:22:41,,证据更充分的关系为：睡乡散 —recordedInText→ 《饮食谱》；理由：论元与谓词位于同句或同一处方段落。,logs/userstudy/P070/SYS-T9/A-L4-01.json,Y,N,,Y,,210.0
1604,P070,TCM_professional,2,SYS-T9,A-L4-02,A,L4,2026-05-11 10:23:05,2026-05-11 10:26:04,,倾向于认为候选关系成立，但未能给出完整证据链。,logs/userstudy/P070/SYS-T9/A-L4-02.json,Y,N,,Y,,179.0
1605,P070,TCM_professional,2,SYS-T9,A-L5-01,A,L5,2026-05-11 10:26:18,2026-05-11 10:28:58,,未发现足够直接的谓词证据，暂不作确定判断。,logs/userstudy/P070/SYS-T9/A-L5-01.json,Y,N,,Y,,160.0
1606,P070,TCM_professional,2,SYS-T9,A-L5-02,A,L5,2026-05-11 10:29:16,2026-05-11 10:32:43,,候选关系应按原文作用范围判断；本片段可保留：油 —hasNature→ 凉，跨段推断不应采纳。,logs/userstudy/P070/SYS-T9/A-L5-02.json,Y,N,,Y,,207.0
1607,P070,TCM_professional,2,SYS-T9,A-L6-02,A,L6,2026-05-11 10:33:02,2026-05-11 10:36:45,,证据链：冻结原文 → 实体识别 → 水 —hasNature→ 凉 → 上下文范围核验。,logs/userstudy/P070/SYS-T9/A-L6-02.json,Y,N,,Y,,223.0
1608,P070,TCM_professional,2,SYS-T9,A-L6-01,A,L6,2026-05-11 10:36:54,2026-05-11 10:40:43,,未发现足够直接的谓词证据，暂不作确定判断。,logs/userstudy/P070/SYS-T9/A-L6-01.json,Y,N,,Y,,229.0
1609,P072,Medical_researcher,1,SYS-T9,A-L1-02,A,L1,2026-05-11 14:00:18,2026-05-11 14:02:04,,原文能确认相关实体，但关系方向和作用范围仍不够明确。,logs/userstudy/P072/SYS-T9/A-L1-02.json,Y,N,,Y,,106.0
1610,P072,Medical_researcher,1,SYS-T9,A-L1-01,A,L1,2026-05-11 14:02:19,2026-05-11 14:03:03,,水；《内经》,logs/userstudy/P072/SYS-T9/A-L1-01.json,Y,N,,Y,,44.0
1611,P072,Medical_researcher,1,SYS-T9,A-L2-01,A,L2,2026-05-11 14:03:12,2026-05-11 14:04:49,,原文信息可能支持该结论，不过需要结合前后文进一步判断。,logs/userstudy/P072/SYS-T9/A-L2-01.json,Y,N,,Y,,97.0
1612,P072,Medical_researcher,1,SYS-T9,A-L2-02,A,L2,2026-05-11 14:05:00,2026-05-11 14:07:24,,水（食材）；水（食材）；选用食料的方（食疗方）,logs/userstudy/P072/SYS-T9/A-L2-02.json,Y,N,,Y,,144.0
1613,P072,Medical_researcher,1,SYS-T9,A-L3-01,A,L3,2026-05-11 14:07:44,2026-05-11 14:10:17,,瓜 —hasNature→ 平,logs/userstudy/P072/SYS-T9/A-L3-01.json,Y,N,,Y,,153.0
1614,P072,Medical_researcher,1,SYS-T9,A-L3-02,A,L3,2026-05-11 14:10:32,2026-05-11 14:12:41,,然多食生痰桑饮 —usesCookingMethod→ 腌,logs/userstudy/P072/SYS-T9/A-L3-02.json,Y,N,,Y,,129.0
1615,P072,Medical_researcher,1,SYS-T9,A-L4-01,A,L4,2026-05-11 14:13:03,2026-05-11 14:16:02,,证据更充分的关系为：睡乡散 —recordedInText→ 《饮食谱》；理由：论元与谓词位于同句或同一处方段落。,logs/userstudy/P072/SYS-T9/A-L4-01.json,Y,N,,Y,,179.0
1616,P072,Medical_researcher,1,SYS-T9,A-L4-02,A,L4,2026-05-11 14:16:14,2026-05-11 14:19:31,,未发现足够直接的谓词证据，暂不作确定判断。,logs/userstudy/P072/SYS-T9/A-L4-02.json,Y,N,,Y,,197.0
1617,P072,Medical_researcher,1,SYS-T9,A-L5-01,A,L5,2026-05-11 14:19:45,2026-05-11 14:23:02,,候选关系应按原文作用范围判断；本片段可保留：水 —hasNature→ 寒，跨段推断不应采纳。,logs/userstudy/P072/SYS-T9/A-L5-01.json,Y,N,,Y,,197.0
1618,P072,Medical_researcher,1,SYS-T9,A-L5-02,A,L5,2026-05-11 14:23:22,2026-05-11 14:26:23,,倾向于认为候选关系成立，但未能给出完整证据链。,logs/userstudy/P072/SYS-T9/A-L5-02.json,Y,N,,Y,,181.0
1619,P072,Medical_researcher,1,SYS-T9,A-L6-02,A,L6,2026-05-11 14:26:31,2026-05-11 14:31:28,,未发现足够直接的谓词证据，暂不作确定判断。,logs/userstudy/P072/SYS-T9/A-L6-02.json,Y,N,,Y,,297.0
1620,P072,Medical_researcher,1,SYS-T9,A-L6-01,A,L6,2026-05-11 14:31:53,2026-05-11 14:36:02,,证据链：冻结原文 → 实体识别 → 油 —hasNature→ 大寒 → 上下文范围核验。,logs/userstudy/P072/SYS-T9/A-L6-01.json,Y,N,,Y,,249.0
1621,P072,Medical_researcher,2,SYS-R4,B-L1-02,B,L1,2026-05-11 14:56:25,2026-05-11 14:57:54,,盐；拌,logs/userstudy/P072/SYS-R4/B-L1-02.json,Y,N,,Y,,89.0
1622,P072,Medical_researcher,2,SYS-R4,B-L1-01,B,L1,2026-05-11 14:58:13,2026-05-11 14:58:48,,温；消渴,logs/userstudy/P072/SYS-R4/B-L1-01.json,Y,N,,Y,,35.0
1623,P072,Medical_researcher,2,SYS-R4,B-L2-01,B,L2,2026-05-11 14:59:02,2026-05-11 14:59:49,,《人世:间》（古籍来源）；《马蹄》（古籍来源）；或解作击散（食疗方）,logs/userstudy/P072/SYS-R4/B-L2-01.json,Y,N,,Y,,47.0
1624,P072,Medical_researcher,2,SYS-R4,B-L2-02,B,L2,2026-05-11 15:00:13,2026-05-11 15:01:00,,油（食材）；水（食材）；水（食材）,logs/userstudy/P072/SYS-R4/B-L2-02.json,Y,N,,Y,,47.0
1625,P072,Medical_researcher,2,SYS-R4,B-L3-02,B,L3,2026-05-11 15:01:09,2026-05-11 15:02:12,,内宫散 —containsIngredient→ 醋,logs/userstudy/P072/SYS-R4/B-L3-02.json,Y,N,,Y,,63.0
1626,P072,Medical_researcher,2,SYS-R4,B-L3-01,B,L3,2026-05-11 15:02:28,2026-05-11 15:03:53,,水 —hasEffect→ 清热,logs/userstudy/P072/SYS-R4/B-L3-01.json,Y,N,,Y,,85.0
1627,P072,Medical_researcher,2,SYS-R4,B-L4-01,B,L4,2026-05-11 15:04:05,2026-05-11 15:07:05,,证据更充分的关系为：水 —hasNature→ 平；理由：论元与谓词位于同句或同一处方段落。,logs/userstudy/P072/SYS-R4/B-L4-01.json,Y,N,,Y,,180.0
1628,P072,Medical_researcher,2,SYS-R4,B-L4-02,B,L4,2026-05-11 15:07:23,2026-05-11 15:10:00,,证据更充分的关系为：米 —hasFlavor→ 甘；理由：论元与谓词位于同句或同一处方段落。,logs/userstudy/P072/SYS-R4/B-L4-02.json,Y,N,,Y,,157.0
1629,P072,Medical_researcher,2,SYS-R4,B-L5-02,B,L5,2026-05-11 15:10:14,2026-05-11 15:13:18,,原文能确认相关实体，但关系方向和作用范围仍不够明确。,logs/userstudy/P072/SYS-R4/B-L5-02.json,Y,N,,Y,,184.0
1630,P072,Medical_researcher,2,SYS-R4,B-L5-01,B,L5,2026-05-11 15:13:42,2026-05-11 15:16:17,,候选关系应按原文作用范围判断；本片段可保留：黄豆 —recordedInText→ 《摘录》，跨段推断不应采纳。,logs/userstudy/P072/SYS-R4/B-L5-01.json,Y,N,,Y,,155.0
1631,P072,Medical_researcher,2,SYS-R4,B-L6-02,B,L6,2026-05-11 15:16:34,2026-05-11 15:20:05,,证据链：冻结原文 → 实体识别 → 瓜 —hasNature→ 平 → 上下文范围核验。,logs/userstudy/P072/SYS-R4/B-L6-02.json,Y,N,,Y,,211.0
1632,P072,Medical_researcher,2,SYS-R4,B-L6-01,B,L6,2026-05-11 15:20:19,2026-05-11 15:23:09,,证据链：冻结原文 → 实体识别 → 酒 —hasNature→ 寒 → 上下文范围核验。,logs/userstudy/P072/SYS-R4/B-L6-01.json,Y,N,,Y,,170.0
1633,P073,Medical_researcher,1,SYS-R4,A-L1-01,A,L1,2026-05-11 09:00:26,2026-05-11 09:01:14,,水；《内经》,logs/userstudy/P073/SYS-R4/A-L1-01.json,Y,N,,Y,,48.0
1634,P073,Medical_researcher,1,SYS-R4,A-L1-02,A,L1,2026-05-11 09:01:25,2026-05-11 09:02:00,,甘；平,logs/userstudy/P073/SYS-R4/A-L1-02.json,Y,N,,Y,,35.0
1635,P073,Medical_researcher,1,SYS-R4,A-L2-02,A,L2,2026-05-11 09:02:17,2026-05-11 09:02:52,,水（食材）；水（食材）；选用食料的方（食疗方）,logs/userstudy/P073/SYS-R4/A-L2-02.json,Y,N,,Y,,35.0
1636,P073,Medical_researcher,1,SYS-R4,A-L2-01,A,L2,2026-05-11 09:03:11,2026-05-11 09:04:28,,心（脏腑）；温（食性）；心（脏腑）,logs/userstudy/P073/SYS-R4/A-L2-01.json,Y,N,,Y,,77.0
1637,P073,Medical_researcher,1,SYS-R4,A-L3-01,A,L3,2026-05-11 09:04:46,2026-05-11 09:06:05,,瓜 —hasNature→ 平,logs/userstudy/P073/SYS-R4/A-L3-01.json,Y,N,,Y,,79.0
1638,P073,Medical_researcher,1,SYS-R4,A-L3-02,A,L3,2026-05-11 09:06:18,2026-05-11 09:07:49,,然多食生痰桑饮 —usesCookingMethod→ 腌,logs/userstudy/P073/SYS-R4/A-L3-02.json,Y,N,,Y,,91.0
1639,P073,Medical_researcher,1,SYS-R4,A-L4-02,A,L4,2026-05-11 09:08:07,2026-05-11 09:10:28,,证据更充分的关系为：盐 —hasFlavor→ 甘；理由：论元与谓词位于同句或同一处方段落。,logs/userstudy/P073/SYS-R4/A-L4-02.json,Y,N,,Y,,141.0
1640,P073,Medical_researcher,1,SYS-R4,A-L4-01,A,L4,2026-05-11 09:10:43,2026-05-11 09:12:47,,证据更充分的关系为：睡乡散 —recordedInText→ 《饮食谱》；理由：论元与谓词位于同句或同一处方段落。,logs/userstudy/P073/SYS-R4/A-L4-01.json,Y,N,,Y,,124.0
1641,P073,Medical_researcher,1,SYS-R4,A-L5-01,A,L5,2026-05-11 09:12:56,2026-05-11 09:16:38,,原文能确认相关实体，但关系方向和作用范围仍不够明确。,logs/userstudy/P073/SYS-R4/A-L5-01.json,Y,N,,Y,,222.0
1642,P073,Medical_researcher,1,SYS-R4,A-L5-02,A,L5,2026-05-11 09:17:00,2026-05-11 09:19:49,,倾向于认为候选关系成立，但未能给出完整证据链。,logs/userstudy/P073/SYS-R4/A-L5-02.json,Y,N,,Y,,169.0
1643,P073,Medical_researcher,1,SYS-R4,A-L6-01,A,L6,2026-05-11 09:20:10,2026-05-11 09:23:43,,证据链：冻结原文 → 实体识别 → 油 —hasNature→ 大寒 → 上下文范围核验。,logs/userstudy/P073/SYS-R4/A-L6-01.json,Y,N,,Y,,213.0
1644,P073,Medical_researcher,1,SYS-R4,A-L6-02,A,L6,2026-05-11 09:23:59,2026-05-11 09:27:41,,原文能确认相关实体，但关系方向和作用范围仍不够明确。,logs/userstudy/P073/SYS-R4/A-L6-02.json,Y,N,,Y,,222.0
1645,P073,Medical_researcher,2,SYS-T9,B-L1-02,B,L1,2026-05-11 09:47:58,2026-05-11 09:48:52,,盐；拌,logs/userstudy/P073/SYS-T9/B-L1-02.json,Y,N,,Y,,54.0
1646,P073,Medical_researcher,2,SYS-T9,B-L1-01,B,L1,2026-05-11 09:49:03,2026-05-11 09:50:07,,温；消渴,logs/userstudy/P073/SYS-T9/B-L1-01.json,Y,N,,Y,,64.0
1647,P073,Medical_researcher,2,SYS-T9,B-L2-01,B,L2,2026-05-11 09:50:20,2026-05-11 09:52:50,,未发现足够直接的谓词证据，暂不作确定判断。,logs/userstudy/P073/SYS-T9/B-L2-01.json,Y,N,,Y,,150.0
1648,P073,Medical_researcher,2,SYS-T9,B-L2-02,B,L2,2026-05-11 09:53:00,2026-05-11 09:54:26,,未发现足够直接的谓词证据，暂不作确定判断。,logs/userstudy/P073/SYS-T9/B-L2-02.json,Y,N,,Y,,86.0
1649,P073,Medical_researcher,2,SYS-T9,B-L3-02,B,L3,2026-05-11 09:54:51,2026-05-11 09:57:17,,内宫散 —containsIngredient→ 醋,logs/userstudy/P073/SYS-T9/B-L3-02.json,Y,N,,Y,,146.0
1650,P073,Medical_researcher,2,SYS-T9,B-L3-01,B,L3,2026-05-11 09:57:36,2026-05-11 09:59:03,,水 —hasEffect→ 清热,logs/userstudy/P073/SYS-T9/B-L3-01.json,Y,N,,Y,,87.0
1651,P073,Medical_researcher,2,SYS-T9,B-L4-01,B,L4,2026-05-11 09:59:18,2026-05-11 10:02:29,,原文信息可能支持该结论，不过需要结合前后文进一步判断。,logs/userstudy/P073/SYS-T9/B-L4-01.json,Y,N,,Y,,191.0
1652,P073,Medical_researcher,2,SYS-T9,B-L4-02,B,L4,2026-05-11 10:02:51,2026-05-11 10:05:37,,证据更充分的关系为：米 —hasFlavor→ 甘；理由：论元与谓词位于同句或同一处方段落。,logs/userstudy/P073/SYS-T9/B-L4-02.json,Y,N,,Y,,166.0
1653,P073,Medical_researcher,2,SYS-T9,B-L5-02,B,L5,2026-05-11 10:05:47,2026-05-11 10:08:53,,候选关系应按原文作用范围判断；本片段可保留：水 —hasFlavor→ 涩，跨段推断不应采纳。,logs/userstudy/P073/SYS-T9/B-L5-02.json,Y,N,,Y,,186.0
1654,P073,Medical_researcher,2,SYS-T9,B-L5-01,B,L5,2026-05-11 10:09:11,2026-05-11 10:12:12,,候选关系应按原文作用范围判断；本片段可保留：黄豆 —recordedInText→ 《摘录》，跨段推断不应采纳。,logs/userstudy/P073/SYS-T9/B-L5-01.json,Y,N,,Y,,181.0
1655,P073,Medical_researcher,2,SYS-T9,B-L6-02,B,L6,2026-05-11 10:12:21,2026-05-11 10:16:23,,证据链：冻结原文 → 实体识别 → 瓜 —hasNature→ 平 → 上下文范围核验。,logs/userstudy/P073/SYS-T9/B-L6-02.json,Y,N,,Y,,242.0
1656,P073,Medical_researcher,2,SYS-T9,B-L6-01,B,L6,2026-05-11 10:16:41,2026-05-11 10:19:19,,倾向于认为候选关系成立，但未能给出完整证据链。,logs/userstudy/P073/SYS-T9/B-L6-01.json,Y,N,,Y,,158.0
1657,P074,Medical_researcher,1,SYS-T9,B-L1-01,B,L1,2026-05-11 14:10:02,2026-05-11 14:11:05,,温；消渴,logs/userstudy/P074/SYS-T9/B-L1-01.json,Y,N,,Y,,63.0
1658,P074,Medical_researcher,1,SYS-T9,B-L1-02,B,L1,2026-05-11 14:11:14,2026-05-11 14:12:51,,盐；拌,logs/userstudy/P074/SYS-T9/B-L1-02.json,Y,N,,Y,,97.0
1659,P074,Medical_researcher,1,SYS-T9,B-L2-02,B,L2,2026-05-11 14:13:16,2026-05-11 14:14:54,,油（食材）；水（食材）；水（食材）,logs/userstudy/P074/SYS-T9/B-L2-02.json,Y,N,,Y,,98.0
1660,P074,Medical_researcher,1,SYS-T9,B-L2-01,B,L2,2026-05-11 14:15:18,2026-05-11 14:17:05,,《人世:间》（古籍来源）；《马蹄》（古籍来源）；或解作击散（食疗方）,logs/userstudy/P074/SYS-T9/B-L2-01.json,Y,N,,Y,,107.0
1661,P074,Medical_researcher,1,SYS-T9,B-L3-02,B,L3,2026-05-11 14:17:26,2026-05-11 14:19:06,,原文信息可能支持该结论，不过需要结合前后文进一步判断。,logs/userstudy/P074/SYS-T9/B-L3-02.json,Y,N,,Y,,100.0
1662,P074,Medical_researcher,1,SYS-T9,B-L3-01,B,L3,2026-05-11 14:19:27,2026-05-11 14:22:10,,水 —hasEffect→ 清热,logs/userstudy/P074/SYS-T9/B-L3-01.json,Y,N,,Y,,163.0
1663,P074,Medical_researcher,1,SYS-T9,B-L4-02,B,L4,2026-05-11 14:22:19,2026-05-11 14:24:51,,证据更充分的关系为：米 —hasFlavor→ 甘；理由：论元与谓词位于同句或同一处方段落。,logs/userstudy/P074/SYS-T9/B-L4-02.json,Y,N,,Y,,152.0
1664,P074,Medical_researcher,1,SYS-T9,B-L4-01,B,L4,2026-05-11 14:25:03,2026-05-11 14:28:37,,原文能确认相关实体，但关系方向和作用范围仍不够明确。,logs/userstudy/P074/SYS-T9/B-L4-01.json,Y,N,,Y,,214.0
1665,P074,Medical_researcher,1,SYS-T9,B-L5-01,B,L5,2026-05-11 14:29:01,2026-05-11 14:31:34,,原文信息可能支持该结论，不过需要结合前后文进一步判断。,logs/userstudy/P074/SYS-T9/B-L5-01.json,Y,N,,Y,,153.0
1666,P074,Medical_researcher,1,SYS-T9,B-L5-02,B,L5,2026-05-11 14:31:44,2026-05-11 14:35:43,,候选关系应按原文作用范围判断；本片段可保留：水 —hasFlavor→ 涩，跨段推断不应采纳。,logs/userstudy/P074/SYS-T9/B-L5-02.json,Y,N,,Y,,239.0
1667,P074,Medical_researcher,1,SYS-T9,B-L6-02,B,L6,2026-05-11 14:35:51,2026-05-11 14:40:11,,证据链：冻结原文 → 实体识别 → 瓜 —hasNature→ 平 → 上下文范围核验。,logs/userstudy/P074/SYS-T9/B-L6-02.json,Y,N,,Y,,260.0
1668,P074,Medical_researcher,1,SYS-T9,B-L6-01,B,L6,2026-05-11 14:40:19,2026-05-11 14:43:48,,证据链：冻结原文 → 实体识别 → 酒 —hasNature→ 寒 → 上下文范围核验。,logs/userstudy/P074/SYS-T9/B-L6-01.json,Y,N,,Y,,209.0
1669,P074,Medical_researcher,2,SYS-R4,A-L1-01,A,L1,2026-05-11 15:04:01,2026-05-11 15:04:43,,水；《内经》,logs/userstudy/P074/SYS-R4/A-L1-01.json,Y,N,,Y,,42.0
1670,P074,Medical_researcher,2,SYS-R4,A-L1-02,A,L1,2026-05-11 15:04:57,2026-05-11 15:05:53,,甘；平,logs/userstudy/P074/SYS-R4/A-L1-02.json,Y,N,,Y,,56.0
1671,P074,Medical_researcher,2,SYS-R4,A-L2-02,A,L2,2026-05-11 15:06:02,2026-05-11 15:07:12,,水（食材）；水（食材）；选用食料的方（食疗方）,logs/userstudy/P074/SYS-R4/A-L2-02.json,Y,N,,Y,,70.0
1672,P074,Medical_researcher,2,SYS-R4,A-L2-01,A,L2,2026-05-11 15:07:37,2026-05-11 15:08:27,,心（脏腑）；温（食性）；心（脏腑）,logs/userstudy/P074/SYS-R4/A-L2-01.json,Y,N,,Y,,50.0
1673,P074,Medical_researcher,2,SYS-R4,A-L3-01,A,L3,2026-05-11 15:08:52,2026-05-11 15:11:01,,瓜 —hasNature→ 平,logs/userstudy/P074/SYS-R4/A-L3-01.json,Y,N,,Y,,129.0
1674,P074,Medical_researcher,2,SYS-R4,A-L3-02,A,L3,2026-05-11 15:11:26,2026-05-11 15:13:19,,然多食生痰桑饮 —usesCookingMethod→ 腌,logs/userstudy/P074/SYS-R4/A-L3-02.json,Y,N,,Y,,113.0
1675,P074,Medical_researcher,2,SYS-R4,A-L4-02,A,L4,2026-05-11 15:13:30,2026-05-11 15:16:06,,证据更充分的关系为：盐 —hasFlavor→ 甘；理由：论元与谓词位于同句或同一处方段落。,logs/userstudy/P074/SYS-R4/A-L4-02.json,Y,N,,Y,,156.0
1676,P074,Medical_researcher,2,SYS-R4,A-L4-01,A,L4,2026-05-11 15:16:24,2026-05-11 15:18:52,,证据更充分的关系为：睡乡散 —recordedInText→ 《饮食谱》；理由：论元与谓词位于同句或同一处方段落。,logs/userstudy/P074/SYS-R4/A-L4-01.json,Y,N,,Y,,148.0
1677,P074,Medical_researcher,2,SYS-R4,A-L5-02,A,L5,2026-05-11 15:19:16,2026-05-11 15:21:59,,原文能确认相关实体，但关系方向和作用范围仍不够明确。,logs/userstudy/P074/SYS-R4/A-L5-02.json,Y,N,,Y,,163.0
1678,P074,Medical_researcher,2,SYS-R4,A-L5-01,A,L5,2026-05-11 15:22:15,2026-05-11 15:25:04,,原文能确认相关实体，但关系方向和作用范围仍不够明确。,logs/userstudy/P074/SYS-R4/A-L5-01.json,Y,N,,Y,,169.0
1679,P074,Medical_researcher,2,SYS-R4,A-L6-01,A,L6,2026-05-11 15:25:23,2026-05-11 15:28:39,,证据链：冻结原文 → 实体识别 → 油 —hasNature→ 大寒 → 上下文范围核验。,logs/userstudy/P074/SYS-R4/A-L6-01.json,Y,N,,Y,,196.0
1680,P074,Medical_researcher,2,SYS-R4,A-L6-02,A,L6,2026-05-11 15:28:58,2026-05-11 15:33:35,,证据链：冻结原文 → 实体识别 → 水 —hasNature→ 凉 → 上下文范围核验。,logs/userstudy/P074/SYS-R4/A-L6-02.json,Y,N,,Y,,277.0
1681,P075,Medical_researcher,1,SYS-R4,B-L1-02,B,L1,2026-05-12 09:30:06,2026-05-12 09:30:46,,盐；拌,logs/userstudy/P075/SYS-R4/B-L1-02.json,Y,N,,Y,,40.0
1682,P075,Medical_researcher,1,SYS-R4,B-L1-01,B,L1,2026-05-12 09:31:07,2026-05-12 09:32:11,,温；消渴,logs/userstudy/P075/SYS-R4/B-L1-01.json,Y,N,,Y,,64.0
1683,P075,Medical_researcher,1,SYS-R4,B-L2-01,B,L2,2026-05-12 09:32:20,2026-05-12 09:33:12,,《人世:间》（古籍来源）；《马蹄》（古籍来源）；或解作击散（食疗方）,logs/userstudy/P075/SYS-R4/B-L2-01.json,Y,N,,Y,,52.0
1684,P075,Medical_researcher,1,SYS-R4,B-L2-02,B,L2,2026-05-12 09:33:31,2026-05-12 09:34:55,,油（食材）；水（食材）；水（食材）,logs/userstudy/P075/SYS-R4/B-L2-02.json,Y,N,,Y,,84.0
1685,P075,Medical_researcher,1,SYS-R4,B-L3-02,B,L3,2026-05-12 09:35:05,2026-05-12 09:36:36,,内宫散 —containsIngredient→ 醋,logs/userstudy/P075/SYS-R4/B-L3-02.json,Y,N,,Y,,91.0
1686,P075,Medical_researcher,1,SYS-R4,B-L3-01,B,L3,2026-05-12 09:36:46,2026-05-12 09:38:49,,水 —hasEffect→ 清热,logs/userstudy/P075/SYS-R4/B-L3-01.json,Y,N,,Y,,123.0
1687,P075,Medical_researcher,1,SYS-R4,B-L4-01,B,L4,2026-05-12 09:39:01,2026-05-12 09:42:19,,原文能确认相关实体，但关系方向和作用范围仍不够明确。,logs/userstudy/P075/SYS-R4/B-L4-01.json,Y,N,,Y,,198.0
1688,P075,Medical_researcher,1,SYS-R4,B-L4-02,B,L4,2026-05-12 09:42:39,2026-05-12 09:44:40,,证据更充分的关系为：米 —hasFlavor→ 甘；理由：论元与谓词位于同句或同一处方段落。,logs/userstudy/P075/SYS-R4/B-L4-02.json,Y,N,,Y,,121.0
1689,P075,Medical_researcher,1,SYS-R4,B-L5-01,B,L5,2026-05-12 09:45:00,2026-05-12 09:47:42,,候选关系应按原文作用范围判断；本片段可保留：黄豆 —recordedInText→ 《摘录》，跨段推断不应采纳。,logs/userstudy/P075/SYS-R4/B-L5-01.json,Y,N,,Y,,162.0
1690,P075,Medical_researcher,1,SYS-R4,B-L5-02,B,L5,2026-05-12 09:47:50,2026-05-12 09:49:54,,未发现足够直接的谓词证据，暂不作确定判断。,logs/userstudy/P075/SYS-R4/B-L5-02.json,Y,N,,Y,,124.0
1691,P075,Medical_researcher,1,SYS-R4,B-L6-02,B,L6,2026-05-12 09:50:11,2026-05-12 09:53:50,,证据链：冻结原文 → 实体识别 → 瓜 —hasNature→ 平 → 上下文范围核验。,logs/userstudy/P075/SYS-R4/B-L6-02.json,Y,N,,Y,,219.0
1692,P075,Medical_researcher,1,SYS-R4,B-L6-01,B,L6,2026-05-12 09:54:03,2026-05-12 09:57:21,,证据链：冻结原文 → 实体识别 → 酒 —hasNature→ 寒 → 上下文范围核验。,logs/userstudy/P075/SYS-R4/B-L6-01.json,Y,N,,Y,,198.0
1693,P075,Medical_researcher,2,SYS-T9,A-L1-01,A,L1,2026-05-12 10:17:40,2026-05-12 10:18:40,,水；《内经》,logs/userstudy/P075/SYS-T9/A-L1-01.json,Y,N,,Y,,60.0
1694,P075,Medical_researcher,2,SYS-T9,A-L1-02,A,L1,2026-05-12 10:18:48,2026-05-12 10:20:26,,甘；平,logs/userstudy/P075/SYS-T9/A-L1-02.json,Y,N,,Y,,98.0
1695,P075,Medical_researcher,2,SYS-T9,A-L2-01,A,L2,2026-05-12 10:20:38,2026-05-12 10:21:59,,心（脏腑）；温（食性）；心（脏腑）,logs/userstudy/P075/SYS-T9/A-L2-01.json,Y,N,,Y,,81.0
1696,P075,Medical_researcher,2,SYS-T9,A-L2-02,A,L2,2026-05-12 10:22:24,2026-05-12 10:24:13,,水（食材）；水（食材）；选用食料的方（食疗方）,logs/userstudy/P075/SYS-T9/A-L2-02.json,Y,N,,Y,,109.0
1697,P075,Medical_researcher,2,SYS-T9,A-L3-02,A,L3,2026-05-12 10:24:25,2026-05-12 10:26:23,,然多食生痰桑饮 —usesCookingMethod→ 腌,logs/userstudy/P075/SYS-T9/A-L3-02.json,Y,N,,Y,,118.0
1698,P075,Medical_researcher,2,SYS-T9,A-L3-01,A,L3,2026-05-12 10:26:39,2026-05-12 10:28:54,,瓜 —hasNature→ 平,logs/userstudy/P075/SYS-T9/A-L3-01.json,Y,N,,Y,,135.0
1699,P075,Medical_researcher,2,SYS-T9,A-L4-01,A,L4,2026-05-12 10:29:10,2026-05-12 10:31:56,,原文能确认相关实体，但关系方向和作用范围仍不够明确。,logs/userstudy/P075/SYS-T9/A-L4-01.json,Y,N,,Y,,166.0
1700,P075,Medical_researcher,2,SYS-T9,A-L4-02,A,L4,2026-05-12 10:32:20,2026-05-12 10:35:23,,原文信息可能支持该结论，不过需要结合前后文进一步判断。,logs/userstudy/P075/SYS-T9/A-L4-02.json,Y,N,,Y,,183.0
1701,P075,Medical_researcher,2,SYS-T9,A-L5-01,A,L5,2026-05-12 10:35:48,2026-05-12 10:38:54,,候选关系应按原文作用范围判断；本片段可保留：水 —hasNature→ 寒，跨段推断不应采纳。,logs/userstudy/P075/SYS-T9/A-L5-01.json,Y,N,,Y,,186.0
1702,P075,Medical_researcher,2,SYS-T9,A-L5-02,A,L5,2026-05-12 10:39:10,2026-05-12 10:41:11,,候选关系应按原文作用范围判断；本片段可保留：油 —hasNature→ 凉，跨段推断不应采纳。,logs/userstudy/P075/SYS-T9/A-L5-02.json,Y,N,,Y,,121.0
1703,P075,Medical_researcher,2,SYS-T9,A-L6-01,A,L6,2026-05-12 10:41:36,2026-05-12 10:45:19,,未发现足够直接的谓词证据，暂不作确定判断。,logs/userstudy/P075/SYS-T9/A-L6-01.json,Y,N,,Y,,223.0
1704,P075,Medical_researcher,2,SYS-T9,A-L6-02,A,L6,2026-05-12 10:45:41,2026-05-12 10:49:00,,证据链：冻结原文 → 实体识别 → 水 —hasNature→ 凉 → 上下文范围核验。,logs/userstudy/P075/SYS-T9/A-L6-02.json,Y,N,,Y,,199.0
1705,P076,Medical_researcher,1,SYS-T9,A-L1-01,A,L1,2026-05-12 14:20:10,2026-05-12 14:21:26,,水；《内经》,logs/userstudy/P076/SYS-T9/A-L1-01.json,Y,N,,Y,,76.0
1706,P076,Medical_researcher,1,SYS-T9,A-L1-02,A,L1,2026-05-12 14:21:49,2026-05-12 14:22:39,,甘；平,logs/userstudy/P076/SYS-T9/A-L1-02.json,Y,N,,Y,,50.0
1707,P076,Medical_researcher,1,SYS-T9,A-L2-02,A,L2,2026-05-12 14:22:56,2026-05-12 14:24:36,,原文能确认相关实体，但关系方向和作用范围仍不够明确。,logs/userstudy/P076/SYS-T9/A-L2-02.json,Y,N,,Y,,100.0
1708,P076,Medical_researcher,1,SYS-T9,A-L2-01,A,L2,2026-05-12 14:24:47,2026-05-12 14:26:28,,心（脏腑）；温（食性）；心（脏腑）,logs/userstudy/P076/SYS-T9/A-L2-01.json,Y,N,,Y,,101.0
1709,P076,Medical_researcher,1,SYS-T9,A-L3-02,A,L3,2026-05-12 14:26:40,2026-05-12 14:29:03,,然多食生痰桑饮 —usesCookingMethod→ 腌,logs/userstudy/P076/SYS-T9/A-L3-02.json,Y,N,,Y,,143.0
1710,P076,Medical_researcher,1,SYS-T9,A-L3-01,A,L3,2026-05-12 14:29:15,2026-05-12 14:30:52,,瓜 —hasNature→ 平,logs/userstudy/P076/SYS-T9/A-L3-01.json,Y,N,,Y,,97.0
1711,P076,Medical_researcher,1,SYS-T9,A-L4-01,A,L4,2026-05-12 14:31:08,2026-05-12 14:33:33,,证据更充分的关系为：睡乡散 —recordedInText→ 《饮食谱》；理由：论元与谓词位于同句或同一处方段落。,logs/userstudy/P076/SYS-T9/A-L4-01.json,Y,N,,Y,,145.0
1712,P076,Medical_researcher,1,SYS-T9,A-L4-02,A,L4,2026-05-12 14:33:57,2026-05-12 14:36:31,,倾向于认为候选关系成立，但未能给出完整证据链。,logs/userstudy/P076/SYS-T9/A-L4-02.json,Y,N,,Y,,154.0
1713,P076,Medical_researcher,1,SYS-T9,A-L5-01,A,L5,2026-05-12 14:36:55,2026-05-12 14:39:58,,候选关系应按原文作用范围判断；本片段可保留：水 —hasNature→ 寒，跨段推断不应采纳。,logs/userstudy/P076/SYS-T9/A-L5-01.json,Y,N,,Y,,183.0
1714,P076,Medical_researcher,1,SYS-T9,A-L5-02,A,L5,2026-05-12 14:40:19,2026-05-12 14:43:34,,倾向于认为候选关系成立，但未能给出完整证据链。,logs/userstudy/P076/SYS-T9/A-L5-02.json,Y,N,,Y,,195.0
1715,P076,Medical_researcher,1,SYS-T9,A-L6-01,A,L6,2026-05-12 14:43:56,2026-05-12 14:47:52,,证据链：冻结原文 → 实体识别 → 油 —hasNature→ 大寒 → 上下文范围核验。,logs/userstudy/P076/SYS-T9/A-L6-01.json,Y,N,,Y,,236.0
1716,P076,Medical_researcher,1,SYS-T9,A-L6-02,A,L6,2026-05-12 14:48:06,2026-05-12 14:51:55,,未发现足够直接的谓词证据，暂不作确定判断。,logs/userstudy/P076/SYS-T9/A-L6-02.json,Y,N,,Y,,229.0
1717,P076,Medical_researcher,2,SYS-R4,B-L1-02,B,L1,2026-05-12 15:12:08,2026-05-12 15:12:43,,原文信息可能支持该结论，不过需要结合前后文进一步判断。,logs/userstudy/P076/SYS-R4/B-L1-02.json,Y,N,,Y,,35.0
1718,P076,Medical_researcher,2,SYS-R4,B-L1-01,B,L1,2026-05-12 15:13:02,2026-05-12 15:13:40,,温；消渴,logs/userstudy/P076/SYS-R4/B-L1-01.json,Y,N,,Y,,38.0
1719,P076,Medical_researcher,2,SYS-R4,B-L2-02,B,L2,2026-05-12 15:13:51,2026-05-12 15:14:36,,油（食材）；水（食材）；水（食材）,logs/userstudy/P076/SYS-R4/B-L2-02.json,Y,N,,Y,,45.0
1720,P076,Medical_researcher,2,SYS-R4,B-L2-01,B,L2,2026-05-12 15:15:00,2026-05-12 15:15:35,,《人世:间》（古籍来源）；《马蹄》（古籍来源）；或解作击散（食疗方）,logs/userstudy/P076/SYS-R4/B-L2-01.json,Y,N,,Y,,35.0
1721,P076,Medical_researcher,2,SYS-R4,B-L3-01,B,L3,2026-05-12 15:15:50,2026-05-12 15:17:13,,水 —hasEffect→ 清热,logs/userstudy/P076/SYS-R4/B-L3-01.json,Y,N,,Y,,83.0
1722,P076,Medical_researcher,2,SYS-R4,B-L3-02,B,L3,2026-05-12 15:17:27,2026-05-12 15:19:36,,内宫散 —containsIngredient→ 醋,logs/userstudy/P076/SYS-R4/B-L3-02.json,Y,N,,Y,,129.0
1723,P076,Medical_researcher,2,SYS-R4,B-L4-01,B,L4,2026-05-12 15:19:58,2026-05-12 15:22:17,,未发现足够直接的谓词证据，暂不作确定判断。,logs/userstudy/P076/SYS-R4/B-L4-01.json,Y,N,,Y,,139.0
1724,P076,Medical_researcher,2,SYS-R4,B-L4-02,B,L4,2026-05-12 15:22:37,2026-05-12 15:25:09,,原文信息可能支持该结论，不过需要结合前后文进一步判断。,logs/userstudy/P076/SYS-R4/B-L4-02.json,Y,N,,Y,,152.0
1725,P076,Medical_researcher,2,SYS-R4,B-L5-01,B,L5,2026-05-12 15:25:18,2026-05-12 15:27:02,,原文信息可能支持该结论，不过需要结合前后文进一步判断。,logs/userstudy/P076/SYS-R4/B-L5-01.json,Y,N,,Y,,104.0
1726,P076,Medical_researcher,2,SYS-R4,B-L5-02,B,L5,2026-05-12 15:27:20,2026-05-12 15:30:07,,候选关系应按原文作用范围判断；本片段可保留：水 —hasFlavor→ 涩，跨段推断不应采纳。,logs/userstudy/P076/SYS-R4/B-L5-02.json,Y,N,,Y,,167.0
1727,P076,Medical_researcher,2,SYS-R4,B-L6-01,B,L6,2026-05-12 15:30:21,2026-05-12 15:34:03,,证据链：冻结原文 → 实体识别 → 酒 —hasNature→ 寒 → 上下文范围核验。,logs/userstudy/P076/SYS-R4/B-L6-01.json,Y,N,,Y,,222.0
1728,P076,Medical_researcher,2,SYS-R4,B-L6-02,B,L6,2026-05-12 15:34:21,2026-05-12 15:35:57,,证据链：冻结原文 → 实体识别 → 瓜 —hasNature→ 平 → 上下文范围核验。,logs/userstudy/P076/SYS-R4/B-L6-02.json,Y,N,,Y,,96.0
1729,P077,Medical_researcher,1,SYS-R4,A-L1-02,A,L1,2026-05-13 09:20:07,2026-05-13 09:21:02,,甘；平,logs/userstudy/P077/SYS-R4/A-L1-02.json,Y,N,,Y,,55.0
1730,P077,Medical_researcher,1,SYS-R4,A-L1-01,A,L1,2026-05-13 09:21:15,2026-05-13 09:22:31,,水；《内经》,logs/userstudy/P077/SYS-R4/A-L1-01.json,Y,N,,Y,,76.0
1731,P077,Medical_researcher,1,SYS-R4,A-L2-02,A,L2,2026-05-13 09:22:40,2026-05-13 09:23:38,,水（食材）；水（食材）；选用食料的方（食疗方）,logs/userstudy/P077/SYS-R4/A-L2-02.json,Y,N,,Y,,58.0
1732,P077,Medical_researcher,1,SYS-R4,A-L2-01,A,L2,2026-05-13 09:24:00,2026-05-13 09:24:35,,心（脏腑）；温（食性）；心（脏腑）,logs/userstudy/P077/SYS-R4/A-L2-01.json,Y,N,,Y,,35.0
1733,P077,Medical_researcher,1,SYS-R4,A-L3-01,A,L3,2026-05-13 09:24:58,2026-05-13 09:27:15,,瓜 —hasNature→ 平,logs/userstudy/P077/SYS-R4/A-L3-01.json,Y,N,,Y,,137.0
1734,P077,Medical_researcher,1,SYS-R4,A-L3-02,A,L3,2026-05-13 09:27:34,2026-05-13 09:29:37,,然多食生痰桑饮 —usesCookingMethod→ 腌,logs/userstudy/P077/SYS-R4/A-L3-02.json,Y,N,,Y,,123.0
1735,P077,Medical_researcher,1,SYS-R4,A-L4-01,A,L4,2026-05-13 09:29:57,2026-05-13 09:33:17,,倾向于认为候选关系成立，但未能给出完整证据链。,logs/userstudy/P077/SYS-R4/A-L4-01.json,Y,N,,Y,,200.0
1736,P077,Medical_researcher,1,SYS-R4,A-L4-02,A,L4,2026-05-13 09:33:25,2026-05-13 09:35:35,,证据更充分的关系为：盐 —hasFlavor→ 甘；理由：论元与谓词位于同句或同一处方段落。,logs/userstudy/P077/SYS-R4/A-L4-02.json,Y,N,,Y,,130.0
1737,P077,Medical_researcher,1,SYS-R4,A-L5-02,A,L5,2026-05-13 09:35:49,2026-05-13 09:38:59,,候选关系应按原文作用范围判断；本片段可保留：油 —hasNature→ 凉，跨段推断不应采纳。,logs/userstudy/P077/SYS-R4/A-L5-02.json,Y,N,,Y,,190.0
1738,P077,Medical_researcher,1,SYS-R4,A-L5-01,A,L5,2026-05-13 09:39:18,2026-05-13 09:42:07,,候选关系应按原文作用范围判断；本片段可保留：水 —hasNature→ 寒，跨段推断不应采纳。,logs/userstudy/P077/SYS-R4/A-L5-01.json,Y,N,,Y,,169.0
1739,P077,Medical_researcher,1,SYS-R4,A-L6-02,A,L6,2026-05-13 09:42:26,2026-05-13 09:45:53,,证据链：冻结原文 → 实体识别 → 水 —hasNature→ 凉 → 上下文范围核验。,logs/userstudy/P077/SYS-R4/A-L6-02.json,Y,N,,Y,,207.0
1740,P077,Medical_researcher,1,SYS-R4,A-L6-01,A,L6,2026-05-13 09:46:02,2026-05-13 09:50:04,,证据链：冻结原文 → 实体识别 → 油 —hasNature→ 大寒 → 上下文范围核验。,logs/userstudy/P077/SYS-R4/A-L6-01.json,Y,N,,Y,,242.0
1741,P077,Medical_researcher,2,SYS-T9,B-L1-01,B,L1,2026-05-13 10:10:13,2026-05-13 10:11:41,,温；消渴,logs/userstudy/P077/SYS-T9/B-L1-01.json,Y,N,,Y,,88.0
1742,P077,Medical_researcher,2,SYS-T9,B-L1-02,B,L1,2026-05-13 10:11:49,2026-05-13 10:12:28,,盐；拌,logs/userstudy/P077/SYS-T9/B-L1-02.json,Y,N,,Y,,39.0
1743,P077,Medical_researcher,2,SYS-T9,B-L2-01,B,L2,2026-05-13 10:12:46,2026-05-13 10:14:33,,《人世:间》（古籍来源）；《马蹄》（古籍来源）；或解作击散（食疗方）,logs/userstudy/P077/SYS-T9/B-L2-01.json,Y,N,,Y,,107.0
1744,P077,Medical_researcher,2,SYS-T9,B-L2-02,B,L2,2026-05-13 10:14:45,2026-05-13 10:16:44,,油（食材）；水（食材）；水（食材）,logs/userstudy/P077/SYS-T9/B-L2-02.json,Y,N,,Y,,119.0
1745,P077,Medical_researcher,2,SYS-T9,B-L3-02,B,L3,2026-05-13 10:16:53,2026-05-13 10:19:45,,未发现足够直接的谓词证据，暂不作确定判断。,logs/userstudy/P077/SYS-T9/B-L3-02.json,Y,N,,Y,,172.0
1746,P077,Medical_researcher,2,SYS-T9,B-L3-01,B,L3,2026-05-13 10:19:57,2026-05-13 10:21:56,,水 —hasEffect→ 清热,logs/userstudy/P077/SYS-T9/B-L3-01.json,Y,N,,Y,,119.0
1747,P077,Medical_researcher,2,SYS-T9,B-L4-01,B,L4,2026-05-13 10:22:09,2026-05-13 10:25:44,,证据更充分的关系为：水 —hasNature→ 平；理由：论元与谓词位于同句或同一处方段落。,logs/userstudy/P077/SYS-T9/B-L4-01.json,Y,N,,Y,,215.0
1748,P077,Medical_researcher,2,SYS-T9,B-L4-02,B,L4,2026-05-13 10:25:52,2026-05-13 10:29:31,,证据更充分的关系为：米 —hasFlavor→ 甘；理由：论元与谓词位于同句或同一处方段落。,logs/userstudy/P077/SYS-T9/B-L4-02.json,Y,N,,Y,,219.0
1749,P077,Medical_researcher,2,SYS-T9,B-L5-01,B,L5,2026-05-13 10:29:47,2026-05-13 10:33:02,,候选关系应按原文作用范围判断；本片段可保留：黄豆 —recordedInText→ 《摘录》，跨段推断不应采纳。,logs/userstudy/P077/SYS-T9/B-L5-01.json,Y,N,,Y,,195.0
1750,P077,Medical_researcher,2,SYS-T9,B-L5-02,B,L5,2026-05-13 10:33:24,2026-05-13 10:37:08,,候选关系应按原文作用范围判断；本片段可保留：水 —hasFlavor→ 涩，跨段推断不应采纳。,logs/userstudy/P077/SYS-T9/B-L5-02.json,Y,N,,Y,,224.0
1751,P077,Medical_researcher,2,SYS-T9,B-L6-01,B,L6,2026-05-13 10:37:18,2026-05-13 10:40:00,,证据链：冻结原文 → 实体识别 → 酒 —hasNature→ 寒 → 上下文范围核验。,logs/userstudy/P077/SYS-T9/B-L6-01.json,Y,N,,Y,,162.0
1752,P077,Medical_researcher,2,SYS-T9,B-L6-02,B,L6,2026-05-13 10:40:19,2026-05-13 10:44:34,,证据链：冻结原文 → 实体识别 → 瓜 —hasNature→ 平 → 上下文范围核验。,logs/userstudy/P077/SYS-T9/B-L6-02.json,Y,N,,Y,,255.0
1753,P078,Medical_researcher,1,SYS-T9,B-L1-02,B,L1,2026-05-13 14:30:20,2026-05-13 14:31:52,,盐；拌,logs/userstudy/P078/SYS-T9/B-L1-02.json,Y,N,,Y,,92.0
1754,P078,Medical_researcher,1,SYS-T9,B-L1-01,B,L1,2026-05-13 14:32:06,2026-05-13 14:33:20,,温；消渴,logs/userstudy/P078/SYS-T9/B-L1-01.json,Y,N,,Y,,74.0
1755,P078,Medical_researcher,1,SYS-T9,B-L2-01,B,L2,2026-05-13 14:33:45,2026-05-13 14:35:23,,《人世:间》（古籍来源）；《马蹄》（古籍来源）；或解作击散（食疗方）,logs/userstudy/P078/SYS-T9/B-L2-01.json,Y,N,,Y,,98.0
1756,P078,Medical_researcher,1,SYS-T9,B-L2-02,B,L2,2026-05-13 14:35:37,2026-05-13 14:37:02,,油（食材）；水（食材）；水（食材）,logs/userstudy/P078/SYS-T9/B-L2-02.json,Y,N,,Y,,85.0
1757,P078,Medical_researcher,1,SYS-T9,B-L3-01,B,L3,2026-05-13 14:37:22,2026-05-13 14:39:50,,水 —hasEffect→ 清热,logs/userstudy/P078/SYS-T9/B-L3-01.json,Y,N,,Y,,148.0
1758,P078,Medical_researcher,1,SYS-T9,B-L3-02,B,L3,2026-05-13 14:40:03,2026-05-13 14:41:54,,内宫散 —containsIngredient→ 醋,logs/userstudy/P078/SYS-T9/B-L3-02.json,Y,N,,Y,,111.0
1759,P078,Medical_researcher,1,SYS-T9,B-L4-02,B,L4,2026-05-13 14:42:06,2026-05-13 14:45:32,,证据更充分的关系为：米 —hasFlavor→ 甘；理由：论元与谓词位于同句或同一处方段落。,logs/userstudy/P078/SYS-T9/B-L4-02.json,Y,N,,Y,,206.0
1760,P078,Medical_researcher,1,SYS-T9,B-L4-01,B,L4,2026-05-13 14:45:54,2026-05-13 14:48:58,,证据更充分的关系为：水 —hasNature→ 平；理由：论元与谓词位于同句或同一处方段落。,logs/userstudy/P078/SYS-T9/B-L4-01.json,Y,N,,Y,,184.0
1761,P078,Medical_researcher,1,SYS-T9,B-L5-02,B,L5,2026-05-13 14:49:21,2026-05-13 14:52:56,,候选关系应按原文作用范围判断；本片段可保留：水 —hasFlavor→ 涩，跨段推断不应采纳。,logs/userstudy/P078/SYS-T9/B-L5-02.json,Y,N,,Y,,215.0
1762,P078,Medical_researcher,1,SYS-T9,B-L5-01,B,L5,2026-05-13 14:53:08,2026-05-13 14:57:00,,原文能确认相关实体，但关系方向和作用范围仍不够明确。,logs/userstudy/P078/SYS-T9/B-L5-01.json,Y,N,,Y,,232.0
1763,P078,Medical_researcher,1,SYS-T9,B-L6-02,B,L6,2026-05-13 14:57:21,2026-05-13 15:01:28,,证据链：冻结原文 → 实体识别 → 瓜 —hasNature→ 平 → 上下文范围核验。,logs/userstudy/P078/SYS-T9/B-L6-02.json,Y,N,,Y,,247.0
1764,P078,Medical_researcher,1,SYS-T9,B-L6-01,B,L6,2026-05-13 15:01:41,2026-05-13 15:05:07,,原文能确认相关实体，但关系方向和作用范围仍不够明确。,logs/userstudy/P078/SYS-T9/B-L6-01.json,Y,N,,Y,,206.0
1765,P078,Medical_researcher,2,SYS-R4,A-L1-01,A,L1,2026-05-13 15:25:25,2026-05-13 15:26:47,,水；《内经》,logs/userstudy/P078/SYS-R4/A-L1-01.json,Y,N,,Y,,82.0
1766,P078,Medical_researcher,2,SYS-R4,A-L1-02,A,L1,2026-05-13 15:26:57,2026-05-13 15:27:46,,甘；平,logs/userstudy/P078/SYS-R4/A-L1-02.json,Y,N,,Y,,49.0
1767,P078,Medical_researcher,2,SYS-R4,A-L2-02,A,L2,2026-05-13 15:28:08,2026-05-13 15:29:36,,水（食材）；水（食材）；选用食料的方（食疗方）,logs/userstudy/P078/SYS-R4/A-L2-02.json,Y,N,,Y,,88.0
1768,P078,Medical_researcher,2,SYS-R4,A-L2-01,A,L2,2026-05-13 15:29:50,2026-05-13 15:30:29,,心（脏腑）；温（食性）；心（脏腑）,logs/userstudy/P078/SYS-R4/A-L2-01.json,Y,N,,Y,,39.0
1769,P078,Medical_researcher,2,SYS-R4,A-L3-02,A,L3,2026-05-13 15:30:44,2026-05-13 15:32:15,,然多食生痰桑饮 —usesCookingMethod→ 腌,logs/userstudy/P078/SYS-R4/A-L3-02.json,Y,N,,Y,,91.0
1770,P078,Medical_researcher,2,SYS-R4,A-L3-01,A,L3,2026-05-13 15:32:29,2026-05-13 15:33:44,,瓜 —hasNature→ 平,logs/userstudy/P078/SYS-R4/A-L3-01.json,Y,N,,Y,,75.0
1771,P078,Medical_researcher,2,SYS-R4,A-L4-01,A,L4,2026-05-13 15:33:53,2026-05-13 15:36:31,,证据更充分的关系为：睡乡散 —recordedInText→ 《饮食谱》；理由：论元与谓词位于同句或同一处方段落。,logs/userstudy/P078/SYS-R4/A-L4-01.json,Y,N,,Y,,158.0
1772,P078,Medical_researcher,2,SYS-R4,A-L4-02,A,L4,2026-05-13 15:36:48,2026-05-13 15:39:05,,原文信息可能支持该结论，不过需要结合前后文进一步判断。,logs/userstudy/P078/SYS-R4/A-L4-02.json,Y,N,,Y,,137.0
1773,P078,Medical_researcher,2,SYS-R4,A-L5-01,A,L5,2026-05-13 15:39:21,2026-05-13 15:42:12,,原文信息可能支持该结论，不过需要结合前后文进一步判断。,logs/userstudy/P078/SYS-R4/A-L5-01.json,Y,N,,Y,,171.0
1774,P078,Medical_researcher,2,SYS-R4,A-L5-02,A,L5,2026-05-13 15:42:36,2026-05-13 15:45:28,,原文信息可能支持该结论，不过需要结合前后文进一步判断。,logs/userstudy/P078/SYS-R4/A-L5-02.json,Y,N,,Y,,172.0
1775,P078,Medical_researcher,2,SYS-R4,A-L6-02,A,L6,2026-05-13 15:45:36,2026-05-13 15:49:11,,证据链：冻结原文 → 实体识别 → 水 —hasNature→ 凉 → 上下文范围核验。,logs/userstudy/P078/SYS-R4/A-L6-02.json,Y,N,,Y,,215.0
1776,P078,Medical_researcher,2,SYS-R4,A-L6-01,A,L6,2026-05-13 15:49:26,2026-05-13 15:51:53,,原文能确认相关实体，但关系方向和作用范围仍不够明确。,logs/userstudy/P078/SYS-R4/A-L6-01.json,Y,N,,Y,,147.0
1777,P079,Medical_researcher,1,SYS-R4,B-L1-01,B,L1,2026-05-14 09:00:10,2026-05-14 09:00:45,,温；消渴,logs/userstudy/P079/SYS-R4/B-L1-01.json,Y,N,,Y,,35.0
1778,P079,Medical_researcher,1,SYS-R4,B-L1-02,B,L1,2026-05-14 09:00:57,2026-05-14 09:01:41,,盐；拌,logs/userstudy/P079/SYS-R4/B-L1-02.json,Y,N,,Y,,44.0
1779,P079,Medical_researcher,1,SYS-R4,B-L2-01,B,L2,2026-05-14 09:01:57,2026-05-14 09:03:10,,《人世:间》（古籍来源）；《马蹄》（古籍来源）；或解作击散（食疗方）,logs/userstudy/P079/SYS-R4/B-L2-01.json,Y,N,,Y,,73.0
1780,P079,Medical_researcher,1,SYS-R4,B-L2-02,B,L2,2026-05-14 09:03:27,2026-05-14 09:04:46,,油（食材）；水（食材）；水（食材）,logs/userstudy/P079/SYS-R4/B-L2-02.json,Y,N,,Y,,79.0
1781,P079,Medical_researcher,1,SYS-R4,B-L3-01,B,L3,2026-05-14 09:05:10,2026-05-14 09:07:35,,水 —hasEffect→ 清热,logs/userstudy/P079/SYS-R4/B-L3-01.json,Y,N,,Y,,145.0
1782,P079,Medical_researcher,1,SYS-R4,B-L3-02,B,L3,2026-05-14 09:07:59,2026-05-14 09:10:29,,内宫散 —containsIngredient→ 醋,logs/userstudy/P079/SYS-R4/B-L3-02.json,Y,N,,Y,,150.0
1783,P079,Medical_researcher,1,SYS-R4,B-L4-01,B,L4,2026-05-14 09:10:52,2026-05-14 09:13:21,,原文信息可能支持该结论，不过需要结合前后文进一步判断。,logs/userstudy/P079/SYS-R4/B-L4-01.json,Y,N,,Y,,149.0
1784,P079,Medical_researcher,1,SYS-R4,B-L4-02,B,L4,2026-05-14 09:13:36,2026-05-14 09:16:40,,证据更充分的关系为：米 —hasFlavor→ 甘；理由：论元与谓词位于同句或同一处方段落。,logs/userstudy/P079/SYS-R4/B-L4-02.json,Y,N,,Y,,184.0
1785,P079,Medical_researcher,1,SYS-R4,B-L5-02,B,L5,2026-05-14 09:17:04,2026-05-14 09:20:38,,候选关系应按原文作用范围判断；本片段可保留：水 —hasFlavor→ 涩，跨段推断不应采纳。,logs/userstudy/P079/SYS-R4/B-L5-02.json,Y,N,,Y,,214.0
1786,P079,Medical_researcher,1,SYS-R4,B-L5-01,B,L5,2026-05-14 09:21:03,2026-05-14 09:24:44,,候选关系应按原文作用范围判断；本片段可保留：黄豆 —recordedInText→ 《摘录》，跨段推断不应采纳。,logs/userstudy/P079/SYS-R4/B-L5-01.json,Y,N,,Y,,221.0
1787,P079,Medical_researcher,1,SYS-R4,B-L6-01,B,L6,2026-05-14 09:25:04,2026-05-14 09:28:33,,证据链：冻结原文 → 实体识别 → 酒 —hasNature→ 寒 → 上下文范围核验。,logs/userstudy/P079/SYS-R4/B-L6-01.json,Y,N,,Y,,209.0
1788,P079,Medical_researcher,1,SYS-R4,B-L6-02,B,L6,2026-05-14 09:28:56,2026-05-14 09:31:00,,证据链：冻结原文 → 实体识别 → 瓜 —hasNature→ 平 → 上下文范围核验。,logs/userstudy/P079/SYS-R4/B-L6-02.json,Y,N,,Y,,124.0
1789,P079,Medical_researcher,2,SYS-T9,A-L1-02,A,L1,2026-05-14 09:51:24,2026-05-14 09:52:43,,甘；平,logs/userstudy/P079/SYS-T9/A-L1-02.json,Y,N,,Y,,79.0
1790,P079,Medical_researcher,2,SYS-T9,A-L1-01,A,L1,2026-05-14 09:52:54,2026-05-14 09:54:40,,水；《内经》,logs/userstudy/P079/SYS-T9/A-L1-01.json,Y,N,,Y,,106.0
1791,P079,Medical_researcher,2,SYS-T9,A-L2-01,A,L2,2026-05-14 09:55:01,2026-05-14 09:57:10,,心（脏腑）；温（食性）；心（脏腑）,logs/userstudy/P079/SYS-T9/A-L2-01.json,Y,N,,Y,,129.0
1792,P079,Medical_researcher,2,SYS-T9,A-L2-02,A,L2,2026-05-14 09:57:30,2026-05-14 09:59:01,,水（食材）；水（食材）；选用食料的方（食疗方）,logs/userstudy/P079/SYS-T9/A-L2-02.json,Y,N,,Y,,91.0
1793,P079,Medical_researcher,2,SYS-T9,A-L3-01,A,L3,2026-05-14 09:59:24,2026-05-14 10:02:03,,瓜 —hasNature→ 平,logs/userstudy/P079/SYS-T9/A-L3-01.json,Y,N,,Y,,159.0
1794,P079,Medical_researcher,2,SYS-T9,A-L3-02,A,L3,2026-05-14 10:02:21,2026-05-14 10:04:22,,然多食生痰桑饮 —usesCookingMethod→ 腌,logs/userstudy/P079/SYS-T9/A-L3-02.json,Y,N,,Y,,121.0
1795,P079,Medical_researcher,2,SYS-T9,A-L4-02,A,L4,2026-05-14 10:04:46,2026-05-14 10:07:42,,倾向于认为候选关系成立，但未能给出完整证据链。,logs/userstudy/P079/SYS-T9/A-L4-02.json,Y,N,,Y,,176.0
1796,P079,Medical_researcher,2,SYS-T9,A-L4-01,A,L4,2026-05-14 10:08:01,2026-05-14 10:11:06,,证据更充分的关系为：睡乡散 —recordedInText→ 《饮食谱》；理由：论元与谓词位于同句或同一处方段落。,logs/userstudy/P079/SYS-T9/A-L4-01.json,Y,N,,Y,,185.0
1797,P079,Medical_researcher,2,SYS-T9,A-L5-02,A,L5,2026-05-14 10:11:29,2026-05-14 10:14:36,,候选关系应按原文作用范围判断；本片段可保留：油 —hasNature→ 凉，跨段推断不应采纳。,logs/userstudy/P079/SYS-T9/A-L5-02.json,Y,N,,Y,,187.0
1798,P079,Medical_researcher,2,SYS-T9,A-L5-01,A,L5,2026-05-14 10:14:59,2026-05-14 10:17:03,,原文信息可能支持该结论，不过需要结合前后文进一步判断。,logs/userstudy/P079/SYS-T9/A-L5-01.json,Y,N,,Y,,124.0
1799,P079,Medical_researcher,2,SYS-T9,A-L6-01,A,L6,2026-05-14 10:17:27,2026-05-14 10:22:19,,证据链：冻结原文 → 实体识别 → 油 —hasNature→ 大寒 → 上下文范围核验。,logs/userstudy/P079/SYS-T9/A-L6-01.json,Y,N,,Y,,292.0
1800,P079,Medical_researcher,2,SYS-T9,A-L6-02,A,L6,2026-05-14 10:22:28,2026-05-14 10:26:20,,原文信息可能支持该结论，不过需要结合前后文进一步判断。,logs/userstudy/P079/SYS-T9/A-L6-02.json,Y,N,,Y,,232.0
1801,P080,Medical_researcher,1,SYS-T9,A-L1-02,A,L1,2026-05-14 14:10:04,2026-05-14 14:11:46,,甘；平,logs/userstudy/P080/SYS-T9/A-L1-02.json,Y,N,,Y,,102.0
1802,P080,Medical_researcher,1,SYS-T9,A-L1-01,A,L1,2026-05-14 14:12:02,2026-05-14 14:13:00,,水；《内经》,logs/userstudy/P080/SYS-T9/A-L1-01.json,Y,N,,Y,,58.0
1803,P080,Medical_researcher,1,SYS-T9,A-L2-01,A,L2,2026-05-14 14:13:19,2026-05-14 14:15:05,,心（脏腑）；温（食性）；心（脏腑）,logs/userstudy/P080/SYS-T9/A-L2-01.json,Y,N,,Y,,106.0
1804,P080,Medical_researcher,1,SYS-T9,A-L2-02,A,L2,2026-05-14 14:15:26,2026-05-14 14:17:00,,水（食材）；水（食材）；选用食料的方（食疗方）,logs/userstudy/P080/SYS-T9/A-L2-02.json,Y,N,,Y,,94.0
1805,P080,Medical_researcher,1,SYS-T9,A-L3-02,A,L3,2026-05-14 14:17:15,2026-05-14 14:19:26,,然多食生痰桑饮 —usesCookingMethod→ 腌,logs/userstudy/P080/SYS-T9/A-L3-02.json,Y,N,,Y,,131.0
1806,P080,Medical_researcher,1,SYS-T9,A-L3-01,A,L3,2026-05-14 14:19:38,2026-05-14 14:21:29,,瓜 —hasNature→ 平,logs/userstudy/P080/SYS-T9/A-L3-01.json,Y,N,,Y,,111.0
1807,P080,Medical_researcher,1,SYS-T9,A-L4-02,A,L4,2026-05-14 14:21:50,2026-05-14 14:24:12,,证据更充分的关系为：盐 —hasFlavor→ 甘；理由：论元与谓词位于同句或同一处方段落。,logs/userstudy/P080/SYS-T9/A-L4-02.json,Y,N,,Y,,142.0
1808,P080,Medical_researcher,1,SYS-T9,A-L4-01,A,L4,2026-05-14 14:24:35,2026-05-14 14:27:22,,倾向于认为候选关系成立，但未能给出完整证据链。,logs/userstudy/P080/SYS-T9/A-L4-01.json,Y,N,,Y,,167.0
1809,P080,Medical_researcher,1,SYS-T9,A-L5-01,A,L5,2026-05-14 14:27:44,2026-05-14 14:31:06,,候选关系应按原文作用范围判断；本片段可保留：水 —hasNature→ 寒，跨段推断不应采纳。,logs/userstudy/P080/SYS-T9/A-L5-01.json,Y,N,,Y,,202.0
1810,P080,Medical_researcher,1,SYS-T9,A-L5-02,A,L5,2026-05-14 14:31:25,2026-05-14 14:34:12,,候选关系应按原文作用范围判断；本片段可保留：油 —hasNature→ 凉，跨段推断不应采纳。,logs/userstudy/P080/SYS-T9/A-L5-02.json,Y,N,,Y,,167.0
1811,P080,Medical_researcher,1,SYS-T9,A-L6-01,A,L6,2026-05-14 14:34:24,2026-05-14 14:37:36,,原文能确认相关实体，但关系方向和作用范围仍不够明确。,logs/userstudy/P080/SYS-T9/A-L6-01.json,Y,N,,Y,,192.0
1812,P080,Medical_researcher,1,SYS-T9,A-L6-02,A,L6,2026-05-14 14:37:53,2026-05-14 14:41:11,,证据链：冻结原文 → 实体识别 → 水 —hasNature→ 凉 → 上下文范围核验。,logs/userstudy/P080/SYS-T9/A-L6-02.json,Y,N,,Y,,198.0
1813,P080,Medical_researcher,2,SYS-R4,B-L1-01,B,L1,2026-05-14 15:01:33,2026-05-14 15:02:14,,温；消渴,logs/userstudy/P080/SYS-R4/B-L1-01.json,Y,N,,Y,,41.0
1814,P080,Medical_researcher,2,SYS-R4,B-L1-02,B,L1,2026-05-14 15:02:36,2026-05-14 15:03:48,,盐；拌,logs/userstudy/P080/SYS-R4/B-L1-02.json,Y,N,,Y,,72.0
1815,P080,Medical_researcher,2,SYS-R4,B-L2-02,B,L2,2026-05-14 15:04:05,2026-05-14 15:05:14,,油（食材）；水（食材）；水（食材）,logs/userstudy/P080/SYS-R4/B-L2-02.json,Y,N,,Y,,69.0
1816,P080,Medical_researcher,2,SYS-R4,B-L2-01,B,L2,2026-05-14 15:05:25,2026-05-14 15:06:00,,原文能确认相关实体，但关系方向和作用范围仍不够明确。,logs/userstudy/P080/SYS-R4/B-L2-01.json,Y,N,,Y,,35.0
1817,P080,Medical_researcher,2,SYS-R4,B-L3-02,B,L3,2026-05-14 15:06:21,2026-05-14 15:07:56,,内宫散 —containsIngredient→ 醋,logs/userstudy/P080/SYS-R4/B-L3-02.json,Y,N,,Y,,95.0
1818,P080,Medical_researcher,2,SYS-R4,B-L3-01,B,L3,2026-05-14 15:08:20,2026-05-14 15:10:38,,水 —hasEffect→ 清热,logs/userstudy/P080/SYS-R4/B-L3-01.json,Y,N,,Y,,138.0
1819,P080,Medical_researcher,2,SYS-R4,B-L4-02,B,L4,2026-05-14 15:11:03,2026-05-14 15:13:43,,未发现足够直接的谓词证据，暂不作确定判断。,logs/userstudy/P080/SYS-R4/B-L4-02.json,Y,N,,Y,,160.0
1820,P080,Medical_researcher,2,SYS-R4,B-L4-01,B,L4,2026-05-14 15:13:52,2026-05-14 15:16:29,,证据更充分的关系为：水 —hasNature→ 平；理由：论元与谓词位于同句或同一处方段落。,logs/userstudy/P080/SYS-R4/B-L4-01.json,Y,N,,Y,,157.0
1821,P080,Medical_researcher,2,SYS-R4,B-L5-01,B,L5,2026-05-14 15:16:53,2026-05-14 15:20:41,,候选关系应按原文作用范围判断；本片段可保留：黄豆 —recordedInText→ 《摘录》，跨段推断不应采纳。,logs/userstudy/P080/SYS-R4/B-L5-01.json,Y,N,,Y,,228.0
1822,P080,Medical_researcher,2,SYS-R4,B-L5-02,B,L5,2026-05-14 15:20:50,2026-05-14 15:23:58,,候选关系应按原文作用范围判断；本片段可保留：水 —hasFlavor→ 涩，跨段推断不应采纳。,logs/userstudy/P080/SYS-R4/B-L5-02.json,Y,N,,Y,,188.0
1823,P080,Medical_researcher,2,SYS-R4,B-L6-01,B,L6,2026-05-14 15:24:21,2026-05-14 15:28:22,,原文信息可能支持该结论，不过需要结合前后文进一步判断。,logs/userstudy/P080/SYS-R4/B-L6-01.json,Y,N,,Y,,241.0
1824,P080,Medical_researcher,2,SYS-R4,B-L6-02,B,L6,2026-05-14 15:28:34,2026-05-14 15:32:28,,证据链：冻结原文 → 实体识别 → 瓜 —hasNature→ 平 → 上下文范围核验。,logs/userstudy/P080/SYS-R4/B-L6-02.json,Y,N,,Y,,234.0
1825,P081,Medical_researcher,1,SYS-R4,A-L1-01,A,L1,2026-05-15 09:00:01,2026-05-15 09:00:42,,水；《内经》,logs/userstudy/P081/SYS-R4/A-L1-01.json,Y,N,,Y,,41.0
1826,P081,Medical_researcher,1,SYS-R4,A-L1-02,A,L1,2026-05-15 09:00:56,2026-05-15 09:02:07,,甘；平,logs/userstudy/P081/SYS-R4/A-L1-02.json,Y,N,,Y,,71.0
1827,P081,Medical_researcher,1,SYS-R4,A-L2-02,A,L2,2026-05-15 09:02:22,2026-05-15 09:03:28,,水（食材）；水（食材）；选用食料的方（食疗方）,logs/userstudy/P081/SYS-R4/A-L2-02.json,Y,N,,Y,,66.0
1828,P081,Medical_researcher,1,SYS-R4,A-L2-01,A,L2,2026-05-15 09:03:38,2026-05-15 09:04:44,,心（脏腑）；温（食性）；心（脏腑）,logs/userstudy/P081/SYS-R4/A-L2-01.json,Y,N,,Y,,66.0
1829,P081,Medical_researcher,1,SYS-R4,A-L3-02,A,L3,2026-05-15 09:05:04,2026-05-15 09:06:59,,然多食生痰桑饮 —usesCookingMethod→ 腌,logs/userstudy/P081/SYS-R4/A-L3-02.json,Y,N,,Y,,115.0
1830,P081,Medical_researcher,1,SYS-R4,A-L3-01,A,L3,2026-05-15 09:07:09,2026-05-15 09:08:16,,原文信息可能支持该结论，不过需要结合前后文进一步判断。,logs/userstudy/P081/SYS-R4/A-L3-01.json,Y,N,,Y,,67.0
1831,P081,Medical_researcher,1,SYS-R4,A-L4-01,A,L4,2026-05-15 09:08:37,2026-05-15 09:11:06,,原文信息可能支持该结论，不过需要结合前后文进一步判断。,logs/userstudy/P081/SYS-R4/A-L4-01.json,Y,N,,Y,,149.0
1832,P081,Medical_researcher,1,SYS-R4,A-L4-02,A,L4,2026-05-15 09:11:18,2026-05-15 09:14:35,,证据更充分的关系为：盐 —hasFlavor→ 甘；理由：论元与谓词位于同句或同一处方段落。,logs/userstudy/P081/SYS-R4/A-L4-02.json,Y,N,,Y,,197.0
1833,P081,Medical_researcher,1,SYS-R4,A-L5-02,A,L5,2026-05-15 09:14:58,2026-05-15 09:17:41,,候选关系应按原文作用范围判断；本片段可保留：油 —hasNature→ 凉，跨段推断不应采纳。,logs/userstudy/P081/SYS-R4/A-L5-02.json,Y,N,,Y,,163.0
1834,P081,Medical_researcher,1,SYS-R4,A-L5-01,A,L5,2026-05-15 09:17:59,2026-05-15 09:21:03,,原文信息可能支持该结论，不过需要结合前后文进一步判断。,logs/userstudy/P081/SYS-R4/A-L5-01.json,Y,N,,Y,,184.0
1835,P081,Medical_researcher,1,SYS-R4,A-L6-01,A,L6,2026-05-15 09:21:16,2026-05-15 09:23:13,,倾向于认为候选关系成立，但未能给出完整证据链。,logs/userstudy/P081/SYS-R4/A-L6-01.json,Y,N,,Y,,117.0
1836,P081,Medical_researcher,1,SYS-R4,A-L6-02,A,L6,2026-05-15 09:23:37,2026-05-15 09:27:19,,证据链：冻结原文 → 实体识别 → 水 —hasNature→ 凉 → 上下文范围核验。,logs/userstudy/P081/SYS-R4/A-L6-02.json,Y,N,,Y,,222.0
1837,P081,Medical_researcher,2,SYS-T9,B-L1-02,B,L1,2026-05-15 09:47:28,2026-05-15 09:48:31,,盐；拌,logs/userstudy/P081/SYS-T9/B-L1-02.json,Y,N,,Y,,63.0
1838,P081,Medical_researcher,2,SYS-T9,B-L1-01,B,L1,2026-05-15 09:48:46,2026-05-15 09:49:49,,温；消渴,logs/userstudy/P081/SYS-T9/B-L1-01.json,Y,N,,Y,,63.0
1839,P081,Medical_researcher,2,SYS-T9,B-L2-02,B,L2,2026-05-15 09:49:57,2026-05-15 09:51:46,,油（食材）；水（食材）；水（食材）,logs/userstudy/P081/SYS-T9/B-L2-02.json,Y,N,,Y,,109.0
1840,P081,Medical_researcher,2,SYS-T9,B-L2-01,B,L2,2026-05-15 09:52:09,2026-05-15 09:53:12,,《人世:间》（古籍来源）；《马蹄》（古籍来源）；或解作击散（食疗方）,logs/userstudy/P081/SYS-T9/B-L2-01.json,Y,N,,Y,,63.0
1841,P081,Medical_researcher,2,SYS-T9,B-L3-02,B,L3,2026-05-15 09:53:23,2026-05-15 09:56:12,,内宫散 —containsIngredient→ 醋,logs/userstudy/P081/SYS-T9/B-L3-02.json,Y,N,,Y,,169.0
1842,P081,Medical_researcher,2,SYS-T9,B-L3-01,B,L3,2026-05-15 09:56:23,2026-05-15 09:57:40,,水 —hasEffect→ 清热,logs/userstudy/P081/SYS-T9/B-L3-01.json,Y,N,,Y,,77.0
1843,P081,Medical_researcher,2,SYS-T9,B-L4-02,B,L4,2026-05-15 09:57:59,2026-05-15 10:00:49,,证据更充分的关系为：米 —hasFlavor→ 甘；理由：论元与谓词位于同句或同一处方段落。,logs/userstudy/P081/SYS-T9/B-L4-02.json,Y,N,,Y,,170.0
1844,P081,Medical_researcher,2,SYS-T9,B-L4-01,B,L4,2026-05-15 10:01:01,2026-05-15 10:03:37,,原文信息可能支持该结论，不过需要结合前后文进一步判断。,logs/userstudy/P081/SYS-T9/B-L4-01.json,Y,N,,Y,,156.0
1845,P081,Medical_researcher,2,SYS-T9,B-L5-02,B,L5,2026-05-15 10:03:55,2026-05-15 10:07:32,,候选关系应按原文作用范围判断；本片段可保留：水 —hasFlavor→ 涩，跨段推断不应采纳。,logs/userstudy/P081/SYS-T9/B-L5-02.json,Y,N,,Y,,217.0
1846,P081,Medical_researcher,2,SYS-T9,B-L5-01,B,L5,2026-05-15 10:07:48,2026-05-15 10:11:29,,候选关系应按原文作用范围判断；本片段可保留：黄豆 —recordedInText→ 《摘录》，跨段推断不应采纳。,logs/userstudy/P081/SYS-T9/B-L5-01.json,Y,N,,Y,,221.0
1847,P081,Medical_researcher,2,SYS-T9,B-L6-01,B,L6,2026-05-15 10:11:44,2026-05-15 10:16:33,,证据链：冻结原文 → 实体识别 → 酒 —hasNature→ 寒 → 上下文范围核验。,logs/userstudy/P081/SYS-T9/B-L6-01.json,Y,N,,Y,,289.0
1848,P081,Medical_researcher,2,SYS-T9,B-L6-02,B,L6,2026-05-15 10:16:42,2026-05-15 10:20:14,,证据链：冻结原文 → 实体识别 → 瓜 —hasNature→ 平 → 上下文范围核验。,logs/userstudy/P081/SYS-T9/B-L6-02.json,Y,N,,Y,,212.0
1849,P082,Medical_researcher,1,SYS-T9,B-L1-01,B,L1,2026-05-15 14:20:14,2026-05-15 14:21:17,,温；消渴,logs/userstudy/P082/SYS-T9/B-L1-01.json,Y,N,,Y,,63.0
1850,P082,Medical_researcher,1,SYS-T9,B-L1-02,B,L1,2026-05-15 14:21:41,2026-05-15 14:23:00,,盐；拌,logs/userstudy/P082/SYS-T9/B-L1-02.json,Y,N,,Y,,79.0
1851,P082,Medical_researcher,1,SYS-T9,B-L2-02,B,L2,2026-05-15 14:23:15,2026-05-15 14:24:18,,油（食材）；水（食材）；水（食材）,logs/userstudy/P082/SYS-T9/B-L2-02.json,Y,N,,Y,,63.0
1852,P082,Medical_researcher,1,SYS-T9,B-L2-01,B,L2,2026-05-15 14:24:41,2026-05-15 14:26:33,,《人世:间》（古籍来源）；《马蹄》（古籍来源）；或解作击散（食疗方）,logs/userstudy/P082/SYS-T9/B-L2-01.json,Y,N,,Y,,112.0
1853,P082,Medical_researcher,1,SYS-T9,B-L3-01,B,L3,2026-05-15 14:26:42,2026-05-15 14:29:15,,水 —hasEffect→ 清热,logs/userstudy/P082/SYS-T9/B-L3-01.json,Y,N,,Y,,153.0
1854,P082,Medical_researcher,1,SYS-T9,B-L3-02,B,L3,2026-05-15 14:29:37,2026-05-15 14:32:03,,原文信息可能支持该结论，不过需要结合前后文进一步判断。,logs/userstudy/P082/SYS-T9/B-L3-02.json,Y,N,,Y,,146.0
1855,P082,Medical_researcher,1,SYS-T9,B-L4-01,B,L4,2026-05-15 14:32:23,2026-05-15 14:34:50,,原文能确认相关实体，但关系方向和作用范围仍不够明确。,logs/userstudy/P082/SYS-T9/B-L4-01.json,Y,N,,Y,,147.0
1856,P082,Medical_researcher,1,SYS-T9,B-L4-02,B,L4,2026-05-15 14:34:58,2026-05-15 14:37:36,,未发现足够直接的谓词证据，暂不作确定判断。,logs/userstudy/P082/SYS-T9/B-L4-02.json,Y,N,,Y,,158.0
1857,P082,Medical_researcher,1,SYS-T9,B-L5-02,B,L5,2026-05-15 14:37:59,2026-05-15 14:40:33,,原文信息可能支持该结论，不过需要结合前后文进一步判断。,logs/userstudy/P082/SYS-T9/B-L5-02.json,Y,N,,Y,,154.0
1858,P082,Medical_researcher,1,SYS-T9,B-L5-01,B,L5,2026-05-15 14:40:58,2026-05-15 14:44:56,,候选关系应按原文作用范围判断；本片段可保留：黄豆 —recordedInText→ 《摘录》，跨段推断不应采纳。,logs/userstudy/P082/SYS-T9/B-L5-01.json,Y,N,,Y,,238.0
1859,P082,Medical_researcher,1,SYS-T9,B-L6-02,B,L6,2026-05-15 14:45:04,2026-05-15 14:49:51,,证据链：冻结原文 → 实体识别 → 瓜 —hasNature→ 平 → 上下文范围核验。,logs/userstudy/P082/SYS-T9/B-L6-02.json,Y,N,,Y,,287.0
1860,P082,Medical_researcher,1,SYS-T9,B-L6-01,B,L6,2026-05-15 14:50:07,2026-05-15 14:54:36,,原文信息可能支持该结论，不过需要结合前后文进一步判断。,logs/userstudy/P082/SYS-T9/B-L6-01.json,Y,N,,Y,,269.0
1861,P082,Medical_researcher,2,SYS-R4,A-L1-02,A,L1,2026-05-15 15:14:56,2026-05-15 15:15:31,,甘；平,logs/userstudy/P082/SYS-R4/A-L1-02.json,Y,N,,Y,,35.0
1862,P082,Medical_researcher,2,SYS-R4,A-L1-01,A,L1,2026-05-15 15:15:50,2026-05-15 15:17:04,,水；《内经》,logs/userstudy/P082/SYS-R4/A-L1-01.json,Y,N,,Y,,74.0
1863,P082,Medical_researcher,2,SYS-R4,A-L2-02,A,L2,2026-05-15 15:17:27,2026-05-15 15:18:16,,水（食材）；水（食材）；选用食料的方（食疗方）,logs/userstudy/P082/SYS-R4/A-L2-02.json,Y,N,,Y,,49.0
1864,P082,Medical_researcher,2,SYS-R4,A-L2-01,A,L2,2026-05-15 15:18:35,2026-05-15 15:19:57,,心（脏腑）；温（食性）；心（脏腑）,logs/userstudy/P082/SYS-R4/A-L2-01.json,Y,N,,Y,,82.0
1865,P082,Medical_researcher,2,SYS-R4,A-L3-01,A,L3,2026-05-15 15:20:06,2026-05-15 15:21:58,,瓜 —hasNature→ 平,logs/userstudy/P082/SYS-R4/A-L3-01.json,Y,N,,Y,,112.0
1866,P082,Medical_researcher,2,SYS-R4,A-L3-02,A,L3,2026-05-15 15:22:18,2026-05-15 15:23:27,,然多食生痰桑饮 —usesCookingMethod→ 腌,logs/userstudy/P082/SYS-R4/A-L3-02.json,Y,N,,Y,,69.0
1867,P082,Medical_researcher,2,SYS-R4,A-L4-01,A,L4,2026-05-15 15:23:35,2026-05-15 15:25:46,,证据更充分的关系为：睡乡散 —recordedInText→ 《饮食谱》；理由：论元与谓词位于同句或同一处方段落。,logs/userstudy/P082/SYS-R4/A-L4-01.json,Y,N,,Y,,131.0
1868,P082,Medical_researcher,2,SYS-R4,A-L4-02,A,L4,2026-05-15 15:26:11,2026-05-15 15:28:13,,证据更充分的关系为：盐 —hasFlavor→ 甘；理由：论元与谓词位于同句或同一处方段落。,logs/userstudy/P082/SYS-R4/A-L4-02.json,Y,N,,Y,,122.0
1869,P082,Medical_researcher,2,SYS-R4,A-L5-02,A,L5,2026-05-15 15:28:21,2026-05-15 15:32:14,,候选关系应按原文作用范围判断；本片段可保留：油 —hasNature→ 凉，跨段推断不应采纳。,logs/userstudy/P082/SYS-R4/A-L5-02.json,Y,N,,Y,,233.0
1870,P082,Medical_researcher,2,SYS-R4,A-L5-01,A,L5,2026-05-15 15:32:29,2026-05-15 15:36:27,,候选关系应按原文作用范围判断；本片段可保留：水 —hasNature→ 寒，跨段推断不应采纳。,logs/userstudy/P082/SYS-R4/A-L5-01.json,Y,N,,Y,,238.0
1871,P082,Medical_researcher,2,SYS-R4,A-L6-02,A,L6,2026-05-15 15:36:42,2026-05-15 15:40:19,,证据链：冻结原文 → 实体识别 → 水 —hasNature→ 凉 → 上下文范围核验。,logs/userstudy/P082/SYS-R4/A-L6-02.json,Y,N,,Y,,217.0
1872,P082,Medical_researcher,2,SYS-R4,A-L6-01,A,L6,2026-05-15 15:40:32,2026-05-15 15:43:52,,证据链：冻结原文 → 实体识别 → 油 —hasNature→ 大寒 → 上下文范围核验。,logs/userstudy/P082/SYS-R4/A-L6-01.json,Y,N,,Y,,200.0
1873,P083,Medical_researcher,1,SYS-R4,B-L1-01,B,L1,2026-05-18 09:10:26,2026-05-18 09:11:01,,温；消渴,logs/userstudy/P083/SYS-R4/B-L1-01.json,Y,N,,Y,,35.0
1874,P083,Medical_researcher,1,SYS-R4,B-L1-02,B,L1,2026-05-18 09:11:13,2026-05-18 09:11:54,,盐；拌,logs/userstudy/P083/SYS-R4/B-L1-02.json,Y,N,,Y,,41.0
1875,P083,Medical_researcher,1,SYS-R4,B-L2-02,B,L2,2026-05-18 09:12:13,2026-05-18 09:13:19,,油（食材）；水（食材）；水（食材）,logs/userstudy/P083/SYS-R4/B-L2-02.json,Y,N,,Y,,66.0
1876,P083,Medical_researcher,1,SYS-R4,B-L2-01,B,L2,2026-05-18 09:13:41,2026-05-18 09:15:09,,《人世:间》（古籍来源）；《马蹄》（古籍来源）；或解作击散（食疗方）,logs/userstudy/P083/SYS-R4/B-L2-01.json,Y,N,,Y,,88.0
1877,P083,Medical_researcher,1,SYS-R4,B-L3-02,B,L3,2026-05-18 09:15:33,2026-05-18 09:16:55,,内宫散 —containsIngredient→ 醋,logs/userstudy/P083/SYS-R4/B-L3-02.json,Y,N,,Y,,82.0
1878,P083,Medical_researcher,1,SYS-R4,B-L3-01,B,L3,2026-05-18 09:17:05,2026-05-18 09:19:25,,水 —hasEffect→ 清热,logs/userstudy/P083/SYS-R4/B-L3-01.json,Y,N,,Y,,140.0
1879,P083,Medical_researcher,1,SYS-R4,B-L4-01,B,L4,2026-05-18 09:19:43,2026-05-18 09:22:18,,证据更充分的关系为：水 —hasNature→ 平；理由：论元与谓词位于同句或同一处方段落。,logs/userstudy/P083/SYS-R4/B-L4-01.json,Y,N,,Y,,155.0
1880,P083,Medical_researcher,1,SYS-R4,B-L4-02,B,L4,2026-05-18 09:22:42,2026-05-18 09:25:15,,证据更充分的关系为：米 —hasFlavor→ 甘；理由：论元与谓词位于同句或同一处方段落。,logs/userstudy/P083/SYS-R4/B-L4-02.json,Y,N,,Y,,153.0
1881,P083,Medical_researcher,1,SYS-R4,B-L5-01,B,L5,2026-05-18 09:25:28,2026-05-18 09:27:19,,候选关系应按原文作用范围判断；本片段可保留：黄豆 —recordedInText→ 《摘录》，跨段推断不应采纳。,logs/userstudy/P083/SYS-R4/B-L5-01.json,Y,N,,Y,,111.0
1882,P083,Medical_researcher,1,SYS-R4,B-L5-02,B,L5,2026-05-18 09:27:43,2026-05-18 09:30:30,,候选关系应按原文作用范围判断；本片段可保留：水 —hasFlavor→ 涩，跨段推断不应采纳。,logs/userstudy/P083/SYS-R4/B-L5-02.json,Y,N,,Y,,167.0
1883,P083,Medical_researcher,1,SYS-R4,B-L6-01,B,L6,2026-05-18 09:30:40,2026-05-18 09:33:31,,倾向于认为候选关系成立，但未能给出完整证据链。,logs/userstudy/P083/SYS-R4/B-L6-01.json,Y,N,,Y,,171.0
1884,P083,Medical_researcher,1,SYS-R4,B-L6-02,B,L6,2026-05-18 09:33:40,2026-05-18 09:36:16,,倾向于认为候选关系成立，但未能给出完整证据链。,logs/userstudy/P083/SYS-R4/B-L6-02.json,Y,N,,Y,,156.0
1885,P083,Medical_researcher,2,SYS-T9,A-L1-02,A,L1,2026-05-18 09:56:24,2026-05-18 09:57:26,,甘；平,logs/userstudy/P083/SYS-T9/A-L1-02.json,Y,N,,Y,,62.0
1886,P083,Medical_researcher,2,SYS-T9,A-L1-01,A,L1,2026-05-18 09:57:49,2026-05-18 09:58:42,,水；《内经》,logs/userstudy/P083/SYS-T9/A-L1-01.json,Y,N,,Y,,53.0
1887,P083,Medical_researcher,2,SYS-T9,A-L2-02,A,L2,2026-05-18 09:59:05,2026-05-18 10:00:28,,水（食材）；水（食材）；选用食料的方（食疗方）,logs/userstudy/P083/SYS-T9/A-L2-02.json,Y,N,,Y,,83.0
1888,P083,Medical_researcher,2,SYS-T9,A-L2-01,A,L2,2026-05-18 10:00:44,2026-05-18 10:02:00,,心（脏腑）；温（食性）；心（脏腑）,logs/userstudy/P083/SYS-T9/A-L2-01.json,Y,N,,Y,,76.0
1889,P083,Medical_researcher,2,SYS-T9,A-L3-02,A,L3,2026-05-18 10:02:24,2026-05-18 10:04:50,,然多食生痰桑饮 —usesCookingMethod→ 腌,logs/userstudy/P083/SYS-T9/A-L3-02.json,Y,N,,Y,,146.0
1890,P083,Medical_researcher,2,SYS-T9,A-L3-01,A,L3,2026-05-18 10:05:00,2026-05-18 10:06:51,,瓜 —hasNature→ 平,logs/userstudy/P083/SYS-T9/A-L3-01.json,Y,N,,Y,,111.0
1891,P083,Medical_researcher,2,SYS-T9,A-L4-01,A,L4,2026-05-18 10:06:59,2026-05-18 10:10:34,,证据更充分的关系为：睡乡散 —recordedInText→ 《饮食谱》；理由：论元与谓词位于同句或同一处方段落。,logs/userstudy/P083/SYS-T9/A-L4-01.json,Y,N,,Y,,215.0
1892,P083,Medical_researcher,2,SYS-T9,A-L4-02,A,L4,2026-05-18 10:10:53,2026-05-18 10:13:35,,证据更充分的关系为：盐 —hasFlavor→ 甘；理由：论元与谓词位于同句或同一处方段落。,logs/userstudy/P083/SYS-T9/A-L4-02.json,Y,N,,Y,,162.0
1893,P083,Medical_researcher,2,SYS-T9,A-L5-02,A,L5,2026-05-18 10:13:43,2026-05-18 10:16:21,,原文能确认相关实体，但关系方向和作用范围仍不够明确。,logs/userstudy/P083/SYS-T9/A-L5-02.json,Y,N,,Y,,158.0
1894,P083,Medical_researcher,2,SYS-T9,A-L5-01,A,L5,2026-05-18 10:16:39,2026-05-18 10:19:05,,候选关系应按原文作用范围判断；本片段可保留：水 —hasNature→ 寒，跨段推断不应采纳。,logs/userstudy/P083/SYS-T9/A-L5-01.json,Y,N,,Y,,146.0
1895,P083,Medical_researcher,2,SYS-T9,A-L6-02,A,L6,2026-05-18 10:19:17,2026-05-18 10:22:55,,倾向于认为候选关系成立，但未能给出完整证据链。,logs/userstudy/P083/SYS-T9/A-L6-02.json,Y,N,,Y,,218.0
1896,P083,Medical_researcher,2,SYS-T9,A-L6-01,A,L6,2026-05-18 10:23:17,2026-05-18 10:27:18,,证据链：冻结原文 → 实体识别 → 油 —hasNature→ 大寒 → 上下文范围核验。,logs/userstudy/P083/SYS-T9/A-L6-01.json,Y,N,,Y,,241.0
1897,P084,Medical_researcher,1,SYS-T9,A-L1-01,A,L1,2026-05-18 14:10:10,2026-05-18 14:11:33,,水；《内经》,logs/userstudy/P084/SYS-T9/A-L1-01.json,Y,N,,Y,,83.0
1898,P084,Medical_researcher,1,SYS-T9,A-L1-02,A,L1,2026-05-18 14:11:53,2026-05-18 14:13:07,,甘；平,logs/userstudy/P084/SYS-T9/A-L1-02.json,Y,N,,Y,,74.0
1899,P084,Medical_researcher,1,SYS-T9,A-L2-01,A,L2,2026-05-18 14:13:30,2026-05-18 14:14:49,,心（脏腑）；温（食性）；心（脏腑）,logs/userstudy/P084/SYS-T9/A-L2-01.json,Y,N,,Y,,79.0
1900,P084,Medical_researcher,1,SYS-T9,A-L2-02,A,L2,2026-05-18 14:14:57,2026-05-18 14:16:34,,水（食材）；水（食材）；选用食料的方（食疗方）,logs/userstudy/P084/SYS-T9/A-L2-02.json,Y,N,,Y,,97.0
1901,P084,Medical_researcher,1,SYS-T9,A-L3-01,A,L3,2026-05-18 14:16:43,2026-05-18 14:18:48,,瓜 —hasNature→ 平,logs/userstudy/P084/SYS-T9/A-L3-01.json,Y,N,,Y,,125.0
1902,P084,Medical_researcher,1,SYS-T9,A-L3-02,A,L3,2026-05-18 14:19:00,2026-05-18 14:21:51,,然多食生痰桑饮 —usesCookingMethod→ 腌,logs/userstudy/P084/SYS-T9/A-L3-02.json,Y,N,,Y,,171.0
1903,P084,Medical_researcher,1,SYS-T9,A-L4-01,A,L4,2026-05-18 14:22:08,2026-05-18 14:26:05,,证据更充分的关系为：睡乡散 —recordedInText→ 《饮食谱》；理由：论元与谓词位于同句或同一处方段落。,logs/userstudy/P084/SYS-T9/A-L4-01.json,Y,N,,Y,,237.0
1904,P084,Medical_researcher,1,SYS-T9,A-L4-02,A,L4,2026-05-18 14:26:17,2026-05-18 14:29:44,,倾向于认为候选关系成立，但未能给出完整证据链。,logs/userstudy/P084/SYS-T9/A-L4-02.json,Y,N,,Y,,207.0
1905,P084,Medical_researcher,1,SYS-T9,A-L5-02,A,L5,2026-05-18 14:30:02,2026-05-18 14:32:37,,未发现足够直接的谓词证据，暂不作确定判断。,logs/userstudy/P084/SYS-T9/A-L5-02.json,Y,N,,Y,,155.0
1906,P084,Medical_researcher,1,SYS-T9,A-L5-01,A,L5,2026-05-18 14:32:49,2026-05-18 14:36:37,,原文能确认相关实体，但关系方向和作用范围仍不够明确。,logs/userstudy/P084/SYS-T9/A-L5-01.json,Y,N,,Y,,228.0
1907,P084,Medical_researcher,1,SYS-T9,A-L6-02,A,L6,2026-05-18 14:36:58,2026-05-18 14:39:51,,原文信息可能支持该结论，不过需要结合前后文进一步判断。,logs/userstudy/P084/SYS-T9/A-L6-02.json,Y,N,,Y,,173.0
1908,P084,Medical_researcher,1,SYS-T9,A-L6-01,A,L6,2026-05-18 14:40:02,2026-05-18 14:43:26,,证据链：冻结原文 → 实体识别 → 油 —hasNature→ 大寒 → 上下文范围核验。,logs/userstudy/P084/SYS-T9/A-L6-01.json,Y,N,,Y,,204.0
1909,P084,Medical_researcher,2,SYS-R4,B-L1-02,B,L1,2026-05-18 15:03:39,2026-05-18 15:04:37,,盐；拌,logs/userstudy/P084/SYS-R4/B-L1-02.json,Y,N,,Y,,58.0
1910,P084,Medical_researcher,2,SYS-R4,B-L1-01,B,L1,2026-05-18 15:05:00,2026-05-18 15:05:43,,温；消渴,logs/userstudy/P084/SYS-R4/B-L1-01.json,Y,N,,Y,,43.0
1911,P084,Medical_researcher,2,SYS-R4,B-L2-02,B,L2,2026-05-18 15:05:59,2026-05-18 15:07:15,,油（食材）；水（食材）；水（食材）,logs/userstudy/P084/SYS-R4/B-L2-02.json,Y,N,,Y,,76.0
1912,P084,Medical_researcher,2,SYS-R4,B-L2-01,B,L2,2026-05-18 15:07:29,2026-05-18 15:08:46,,《人世:间》（古籍来源）；《马蹄》（古籍来源）；或解作击散（食疗方）,logs/userstudy/P084/SYS-R4/B-L2-01.json,Y,N,,Y,,77.0
1913,P084,Medical_researcher,2,SYS-R4,B-L3-01,B,L3,2026-05-18 15:09:03,2026-05-18 15:10:49,,水 —hasEffect→ 清热,logs/userstudy/P084/SYS-R4/B-L3-01.json,Y,N,,Y,,106.0
1914,P084,Medical_researcher,2,SYS-R4,B-L3-02,B,L3,2026-05-18 15:11:13,2026-05-18 15:12:47,,内宫散 —containsIngredient→ 醋,logs/userstudy/P084/SYS-R4/B-L3-02.json,Y,N,,Y,,94.0
1915,P084,Medical_researcher,2,SYS-R4,B-L4-01,B,L4,2026-05-18 15:12:55,2026-05-18 15:15:34,,原文能确认相关实体，但关系方向和作用范围仍不够明确。,logs/userstudy/P084/SYS-R4/B-L4-01.json,Y,N,,Y,,159.0
1916,P084,Medical_researcher,2,SYS-R4,B-L4-02,B,L4,2026-05-18 15:15:52,2026-05-18 15:19:00,,证据更充分的关系为：米 —hasFlavor→ 甘；理由：论元与谓词位于同句或同一处方段落。,logs/userstudy/P084/SYS-R4/B-L4-02.json,Y,N,,Y,,188.0
1917,P084,Medical_researcher,2,SYS-R4,B-L5-01,B,L5,2026-05-18 15:19:13,2026-05-18 15:21:41,,候选关系应按原文作用范围判断；本片段可保留：黄豆 —recordedInText→ 《摘录》，跨段推断不应采纳。,logs/userstudy/P084/SYS-R4/B-L5-01.json,Y,N,,Y,,148.0
1918,P084,Medical_researcher,2,SYS-R4,B-L5-02,B,L5,2026-05-18 15:21:59,2026-05-18 15:24:07,,倾向于认为候选关系成立，但未能给出完整证据链。,logs/userstudy/P084/SYS-R4/B-L5-02.json,Y,N,,Y,,128.0
1919,P084,Medical_researcher,2,SYS-R4,B-L6-01,B,L6,2026-05-18 15:24:24,2026-05-18 15:27:28,,证据链：冻结原文 → 实体识别 → 酒 —hasNature→ 寒 → 上下文范围核验。,logs/userstudy/P084/SYS-R4/B-L6-01.json,Y,N,,Y,,184.0
1920,P084,Medical_researcher,2,SYS-R4,B-L6-02,B,L6,2026-05-18 15:27:44,2026-05-18 15:31:28,,证据链：冻结原文 → 实体识别 → 瓜 —hasNature→ 平 → 上下文范围核验。,logs/userstudy/P084/SYS-R4/B-L6-02.json,Y,N,,Y,,224.0
1921,P085,Medical_researcher,1,SYS-R4,A-L1-01,A,L1,2026-05-18 09:10:04,2026-05-18 09:10:39,,水；《内经》,logs/userstudy/P085/SYS-R4/A-L1-01.json,Y,N,,Y,,35.0
1922,P085,Medical_researcher,1,SYS-R4,A-L1-02,A,L1,2026-05-18 09:10:56,2026-05-18 09:11:53,,甘；平,logs/userstudy/P085/SYS-R4/A-L1-02.json,Y,N,,Y,,57.0
1923,P085,Medical_researcher,1,SYS-R4,A-L2-01,A,L2,2026-05-18 09:12:01,2026-05-18 09:13:07,,心（脏腑）；温（食性）；心（脏腑）,logs/userstudy/P085/SYS-R4/A-L2-01.json,Y,N,,Y,,66.0
1924,P085,Medical_researcher,1,SYS-R4,A-L2-02,A,L2,2026-05-18 09:13:25,2026-05-18 09:14:30,,倾向于认为候选关系成立，但未能给出完整证据链。,logs/userstudy/P085/SYS-R4/A-L2-02.json,Y,N,,Y,,65.0
1925,P085,Medical_researcher,1,SYS-R4,A-L3-02,A,L3,2026-05-18 09:14:43,2026-05-18 09:16:16,,然多食生痰桑饮 —usesCookingMethod→ 腌,logs/userstudy/P085/SYS-R4/A-L3-02.json,Y,N,,Y,,93.0
1926,P085,Medical_researcher,1,SYS-R4,A-L3-01,A,L3,2026-05-18 09:16:40,2026-05-18 09:18:19,,瓜 —hasNature→ 平,logs/userstudy/P085/SYS-R4/A-L3-01.json,Y,N,,Y,,99.0
1927,P085,Medical_researcher,1,SYS-R4,A-L4-01,A,L4,2026-05-18 09:18:37,2026-05-18 09:21:34,,证据更充分的关系为：睡乡散 —recordedInText→ 《饮食谱》；理由：论元与谓词位于同句或同一处方段落。,logs/userstudy/P085/SYS-R4/A-L4-01.json,Y,N,,Y,,177.0
1928,P085,Medical_researcher,1,SYS-R4,A-L4-02,A,L4,2026-05-18 09:21:51,2026-05-18 09:23:56,,证据更充分的关系为：盐 —hasFlavor→ 甘；理由：论元与谓词位于同句或同一处方段落。,logs/userstudy/P085/SYS-R4/A-L4-02.json,Y,N,,Y,,125.0
1929,P085,Medical_researcher,1,SYS-R4,A-L5-01,A,L5,2026-05-18 09:24:10,2026-05-18 09:26:42,,候选关系应按原文作用范围判断；本片段可保留：水 —hasNature→ 寒，跨段推断不应采纳。,logs/userstudy/P085/SYS-R4/A-L5-01.json,Y,N,,Y,,152.0
1930,P085,Medical_researcher,1,SYS-R4,A-L5-02,A,L5,2026-05-18 09:27:02,2026-05-18 09:30:22,,候选关系应按原文作用范围判断；本片段可保留：油 —hasNature→ 凉，跨段推断不应采纳。,logs/userstudy/P085/SYS-R4/A-L5-02.json,Y,N,,Y,,200.0
1931,P085,Medical_researcher,1,SYS-R4,A-L6-02,A,L6,2026-05-18 09:30:39,2026-05-18 09:33:20,,证据链：冻结原文 → 实体识别 → 水 —hasNature→ 凉 → 上下文范围核验。,logs/userstudy/P085/SYS-R4/A-L6-02.json,Y,N,,Y,,161.0
1932,P085,Medical_researcher,1,SYS-R4,A-L6-01,A,L6,2026-05-18 09:33:31,2026-05-18 09:37:12,,证据链：冻结原文 → 实体识别 → 油 —hasNature→ 大寒 → 上下文范围核验。,logs/userstudy/P085/SYS-R4/A-L6-01.json,Y,N,,Y,,221.0
1933,P085,Medical_researcher,2,SYS-T9,B-L1-02,B,L1,2026-05-18 09:57:36,2026-05-18 09:58:59,,盐；拌,logs/userstudy/P085/SYS-T9/B-L1-02.json,Y,N,,Y,,83.0
1934,P085,Medical_researcher,2,SYS-T9,B-L1-01,B,L1,2026-05-18 09:59:07,2026-05-18 10:00:08,,温；消渴,logs/userstudy/P085/SYS-T9/B-L1-01.json,Y,N,,Y,,61.0
1935,P085,Medical_researcher,2,SYS-T9,B-L2-01,B,L2,2026-05-18 10:00:22,2026-05-18 10:02:22,,《人世:间》（古籍来源）；《马蹄》（古籍来源）；或解作击散（食疗方）,logs/userstudy/P085/SYS-T9/B-L2-01.json,Y,N,,Y,,120.0
1936,P085,Medical_researcher,2,SYS-T9,B-L2-02,B,L2,2026-05-18 10:02:37,2026-05-18 10:04:35,,油（食材）；水（食材）；水（食材）,logs/userstudy/P085/SYS-T9/B-L2-02.json,Y,N,,Y,,118.0
1937,P085,Medical_researcher,2,SYS-T9,B-L3-02,B,L3,2026-05-18 10:04:56,2026-05-18 10:07:23,,内宫散 —containsIngredient→ 醋,logs/userstudy/P085/SYS-T9/B-L3-02.json,Y,N,,Y,,147.0
1938,P085,Medical_researcher,2,SYS-T9,B-L3-01,B,L3,2026-05-18 10:07:47,2026-05-18 10:09:44,,水 —hasEffect→ 清热,logs/userstudy/P085/SYS-T9/B-L3-01.json,Y,N,,Y,,117.0
1939,P085,Medical_researcher,2,SYS-T9,B-L4-01,B,L4,2026-05-18 10:10:01,2026-05-18 10:12:36,,原文信息可能支持该结论，不过需要结合前后文进一步判断。,logs/userstudy/P085/SYS-T9/B-L4-01.json,Y,N,,Y,,155.0
1940,P085,Medical_researcher,2,SYS-T9,B-L4-02,B,L4,2026-05-18 10:12:44,2026-05-18 10:16:04,,证据更充分的关系为：米 —hasFlavor→ 甘；理由：论元与谓词位于同句或同一处方段落。,logs/userstudy/P085/SYS-T9/B-L4-02.json,Y,N,,Y,,200.0
1941,P085,Medical_researcher,2,SYS-T9,B-L5-01,B,L5,2026-05-18 10:16:20,2026-05-18 10:19:51,,候选关系应按原文作用范围判断；本片段可保留：黄豆 —recordedInText→ 《摘录》，跨段推断不应采纳。,logs/userstudy/P085/SYS-T9/B-L5-01.json,Y,N,,Y,,211.0
1942,P085,Medical_researcher,2,SYS-T9,B-L5-02,B,L5,2026-05-18 10:20:09,2026-05-18 10:23:43,,候选关系应按原文作用范围判断；本片段可保留：水 —hasFlavor→ 涩，跨段推断不应采纳。,logs/userstudy/P085/SYS-T9/B-L5-02.json,Y,N,,Y,,214.0
1943,P085,Medical_researcher,2,SYS-T9,B-L6-01,B,L6,2026-05-18 10:24:07,2026-05-18 10:28:21,,证据链：冻结原文 → 实体识别 → 酒 —hasNature→ 寒 → 上下文范围核验。,logs/userstudy/P085/SYS-T9/B-L6-01.json,Y,N,,Y,,254.0
1944,P085,Medical_researcher,2,SYS-T9,B-L6-02,B,L6,2026-05-18 10:28:32,2026-05-18 10:32:11,,证据链：冻结原文 → 实体识别 → 瓜 —hasNature→ 平 → 上下文范围核验。,logs/userstudy/P085/SYS-T9/B-L6-02.json,Y,N,,Y,,219.0
1945,P086,Medical_researcher,1,SYS-T9,B-L1-01,B,L1,2026-05-18 14:00:30,2026-05-18 14:01:37,,温；消渴,logs/userstudy/P086/SYS-T9/B-L1-01.json,Y,N,,Y,,67.0
1946,P086,Medical_researcher,1,SYS-T9,B-L1-02,B,L1,2026-05-18 14:01:55,2026-05-18 14:03:28,,盐；拌,logs/userstudy/P086/SYS-T9/B-L1-02.json,Y,N,,Y,,93.0
1947,P086,Medical_researcher,1,SYS-T9,B-L2-01,B,L2,2026-05-18 14:03:36,2026-05-18 14:04:11,,《人世:间》（古籍来源）；《马蹄》（古籍来源）；或解作击散（食疗方）,logs/userstudy/P086/SYS-T9/B-L2-01.json,Y,N,,Y,,35.0
1948,P086,Medical_researcher,1,SYS-T9,B-L2-02,B,L2,2026-05-18 14:04:35,2026-05-18 14:07:10,,油（食材）；水（食材）；水（食材）,logs/userstudy/P086/SYS-T9/B-L2-02.json,Y,N,,Y,,155.0
1949,P086,Medical_researcher,1,SYS-T9,B-L3-01,B,L3,2026-05-18 14:07:34,2026-05-18 14:09:04,,水 —hasEffect→ 清热,logs/userstudy/P086/SYS-T9/B-L3-01.json,Y,N,,Y,,90.0
1950,P086,Medical_researcher,1,SYS-T9,B-L3-02,B,L3,2026-05-18 14:09:13,2026-05-18 14:12:36,,未发现足够直接的谓词证据，暂不作确定判断。,logs/userstudy/P086/SYS-T9/B-L3-02.json,Y,N,,Y,,203.0
1951,P086,Medical_researcher,1,SYS-T9,B-L4-02,B,L4,2026-05-18 14:12:55,2026-05-18 14:14:44,,,logs/userstudy/P086/SYS-T9/B-L4-02.json,N,N,connection_interruption,N,页面在提交前短暂断开，未形成有效回答。,109.0
1952,P086,Medical_researcher,1,SYS-T9,B-L4-01,B,L4,2026-05-18 14:15:09,2026-05-18 14:17:23,,原文信息可能支持该结论，不过需要结合前后文进一步判断。,logs/userstudy/P086/SYS-T9/B-L4-01.json,Y,N,,Y,,134.0
1953,P086,Medical_researcher,1,SYS-T9,B-L5-01,B,L5,2026-05-18 14:17:34,2026-05-18 14:21:32,,候选关系应按原文作用范围判断；本片段可保留：黄豆 —recordedInText→ 《摘录》，跨段推断不应采纳。,logs/userstudy/P086/SYS-T9/B-L5-01.json,Y,N,,Y,,238.0
1954,P086,Medical_researcher,1,SYS-T9,B-L5-02,B,L5,2026-05-18 14:21:49,2026-05-18 14:25:23,,候选关系应按原文作用范围判断；本片段可保留：水 —hasFlavor→ 涩，跨段推断不应采纳。,logs/userstudy/P086/SYS-T9/B-L5-02.json,Y,N,,Y,,214.0
1955,P086,Medical_researcher,1,SYS-T9,B-L6-01,B,L6,2026-05-18 14:25:42,2026-05-18 14:29:14,,证据链：冻结原文 → 实体识别 → 酒 —hasNature→ 寒 → 上下文范围核验。,logs/userstudy/P086/SYS-T9/B-L6-01.json,Y,N,,Y,,212.0
1956,P086,Medical_researcher,1,SYS-T9,B-L6-02,B,L6,2026-05-18 14:29:25,2026-05-18 14:33:04,,未发现足够直接的谓词证据，暂不作确定判断。,logs/userstudy/P086/SYS-T9/B-L6-02.json,Y,N,,Y,,219.0
1957,P086,Medical_researcher,2,SYS-R4,A-L1-01,A,L1,2026-05-18 14:53:18,2026-05-18 14:53:57,,水；《内经》,logs/userstudy/P086/SYS-R4/A-L1-01.json,Y,N,,Y,,39.0
1958,P086,Medical_researcher,2,SYS-R4,A-L1-02,A,L1,2026-05-18 14:54:19,2026-05-18 14:55:21,,甘；平,logs/userstudy/P086/SYS-R4/A-L1-02.json,Y,N,,Y,,62.0
1959,P086,Medical_researcher,2,SYS-R4,A-L2-02,A,L2,2026-05-18 14:55:29,2026-05-18 14:56:04,,水（食材）；水（食材）；选用食料的方（食疗方）,logs/userstudy/P086/SYS-R4/A-L2-02.json,Y,N,,Y,,35.0
1960,P086,Medical_researcher,2,SYS-R4,A-L2-01,A,L2,2026-05-18 14:56:24,2026-05-18 14:57:16,,心（脏腑）；温（食性）；心（脏腑）,logs/userstudy/P086/SYS-R4/A-L2-01.json,Y,N,,Y,,52.0
1961,P086,Medical_researcher,2,SYS-R4,A-L3-02,A,L3,2026-05-18 14:57:26,2026-05-18 14:58:51,,然多食生痰桑饮 —usesCookingMethod→ 腌,logs/userstudy/P086/SYS-R4/A-L3-02.json,Y,N,,Y,,85.0
1962,P086,Medical_researcher,2,SYS-R4,A-L3-01,A,L3,2026-05-18 14:59:14,2026-05-18 15:00:40,,瓜 —hasNature→ 平,logs/userstudy/P086/SYS-R4/A-L3-01.json,Y,N,,Y,,86.0
1963,P086,Medical_researcher,2,SYS-R4,A-L4-01,A,L4,2026-05-18 15:01:00,2026-05-18 15:03:37,,证据更充分的关系为：睡乡散 —recordedInText→ 《饮食谱》；理由：论元与谓词位于同句或同一处方段落。,logs/userstudy/P086/SYS-R4/A-L4-01.json,Y,N,,Y,,157.0
1964,P086,Medical_researcher,2,SYS-R4,A-L4-02,A,L4,2026-05-18 15:03:58,2026-05-18 15:05:34,,证据更充分的关系为：盐 —hasFlavor→ 甘；理由：论元与谓词位于同句或同一处方段落。,logs/userstudy/P086/SYS-R4/A-L4-02.json,Y,N,,Y,,96.0
1965,P086,Medical_researcher,2,SYS-R4,A-L5-01,A,L5,2026-05-18 15:05:51,2026-05-18 15:09:14,,候选关系应按原文作用范围判断；本片段可保留：水 —hasNature→ 寒，跨段推断不应采纳。,logs/userstudy/P086/SYS-R4/A-L5-01.json,Y,N,,Y,,203.0
1966,P086,Medical_researcher,2,SYS-R4,A-L5-02,A,L5,2026-05-18 15:09:37,2026-05-18 15:12:02,,原文信息可能支持该结论，不过需要结合前后文进一步判断。,logs/userstudy/P086/SYS-R4/A-L5-02.json,Y,N,,Y,,145.0
1967,P086,Medical_researcher,2,SYS-R4,A-L6-02,A,L6,2026-05-18 15:12:14,2026-05-18 15:14:42,,未发现足够直接的谓词证据，暂不作确定判断。,logs/userstudy/P086/SYS-R4/A-L6-02.json,Y,N,,Y,,148.0
1968,P086,Medical_researcher,2,SYS-R4,A-L6-01,A,L6,2026-05-18 15:15:05,2026-05-18 15:17:48,,原文能确认相关实体，但关系方向和作用范围仍不够明确。,logs/userstudy/P086/SYS-R4/A-L6-01.json,Y,N,,Y,,163.0
1969,P087,Medical_researcher,1,SYS-R4,B-L1-01,B,L1,2026-05-18 09:10:09,2026-05-18 09:11:29,,温；消渴,logs/userstudy/P087/SYS-R4/B-L1-01.json,Y,N,,Y,,80.0
1970,P087,Medical_researcher,1,SYS-R4,B-L1-02,B,L1,2026-05-18 09:11:44,2026-05-18 09:12:28,,盐；拌,logs/userstudy/P087/SYS-R4/B-L1-02.json,Y,N,,Y,,44.0
1971,P087,Medical_researcher,1,SYS-R4,B-L2-02,B,L2,2026-05-18 09:12:39,2026-05-18 09:13:25,,油（食材）；水（食材）；水（食材）,logs/userstudy/P087/SYS-R4/B-L2-02.json,Y,N,,Y,,46.0
1972,P087,Medical_researcher,1,SYS-R4,B-L2-01,B,L2,2026-05-18 09:13:43,2026-05-18 09:14:28,,《人世:间》（古籍来源）；《马蹄》（古籍来源）；或解作击散（食疗方）,logs/userstudy/P087/SYS-R4/B-L2-01.json,Y,N,,Y,,45.0
1973,P087,Medical_researcher,1,SYS-R4,B-L3-01,B,L3,2026-05-18 09:14:48,2026-05-18 09:15:59,,水 —hasEffect→ 清热,logs/userstudy/P087/SYS-R4/B-L3-01.json,Y,N,,Y,,71.0
1974,P087,Medical_researcher,1,SYS-R4,B-L3-02,B,L3,2026-05-18 09:16:17,2026-05-18 09:17:10,,内宫散 —containsIngredient→ 醋,logs/userstudy/P087/SYS-R4/B-L3-02.json,Y,N,,Y,,53.0
1975,P087,Medical_researcher,1,SYS-R4,B-L4-01,B,L4,2026-05-18 09:17:27,2026-05-18 09:19:36,,倾向于认为候选关系成立，但未能给出完整证据链。,logs/userstudy/P087/SYS-R4/B-L4-01.json,Y,N,,Y,,129.0
1976,P087,Medical_researcher,1,SYS-R4,B-L4-02,B,L4,2026-05-18 09:19:49,2026-05-18 09:22:05,,证据更充分的关系为：米 —hasFlavor→ 甘；理由：论元与谓词位于同句或同一处方段落。,logs/userstudy/P087/SYS-R4/B-L4-02.json,Y,N,,Y,,136.0
1977,P087,Medical_researcher,1,SYS-R4,B-L5-01,B,L5,2026-05-18 09:22:20,2026-05-18 09:24:35,,候选关系应按原文作用范围判断；本片段可保留：黄豆 —recordedInText→ 《摘录》，跨段推断不应采纳。,logs/userstudy/P087/SYS-R4/B-L5-01.json,Y,N,,Y,,135.0
1978,P087,Medical_researcher,1,SYS-R4,B-L5-02,B,L5,2026-05-18 09:24:48,2026-05-18 09:28:06,,候选关系应按原文作用范围判断；本片段可保留：水 —hasFlavor→ 涩，跨段推断不应采纳。,logs/userstudy/P087/SYS-R4/B-L5-02.json,Y,N,,Y,,198.0
1979,P087,Medical_researcher,1,SYS-R4,B-L6-02,B,L6,2026-05-18 09:28:26,2026-05-18 09:32:24,,证据链：冻结原文 → 实体识别 → 瓜 —hasNature→ 平 → 上下文范围核验。,logs/userstudy/P087/SYS-R4/B-L6-02.json,Y,N,,Y,,238.0
1980,P087,Medical_researcher,1,SYS-R4,B-L6-01,B,L6,2026-05-18 09:32:49,2026-05-18 09:35:46,,证据链：冻结原文 → 实体识别 → 酒 —hasNature→ 寒 → 上下文范围核验。,logs/userstudy/P087/SYS-R4/B-L6-01.json,Y,N,,Y,,177.0
1981,P087,Medical_researcher,2,SYS-T9,A-L1-02,A,L1,2026-05-18 09:56:00,2026-05-18 09:56:56,,甘；平,logs/userstudy/P087/SYS-T9/A-L1-02.json,Y,N,,Y,,56.0
1982,P087,Medical_researcher,2,SYS-T9,A-L1-01,A,L1,2026-05-18 09:57:16,2026-05-18 09:58:07,,水；《内经》,logs/userstudy/P087/SYS-T9/A-L1-01.json,Y,N,,Y,,51.0
1983,P087,Medical_researcher,2,SYS-T9,A-L2-02,A,L2,2026-05-18 09:58:23,2026-05-18 10:00:32,,水（食材）；水（食材）；选用食料的方（食疗方）,logs/userstudy/P087/SYS-T9/A-L2-02.json,Y,N,,Y,,129.0
1984,P087,Medical_researcher,2,SYS-T9,A-L2-01,A,L2,2026-05-18 10:00:55,2026-05-18 10:02:31,,未发现足够直接的谓词证据，暂不作确定判断。,logs/userstudy/P087/SYS-T9/A-L2-01.json,Y,N,,Y,,96.0
1985,P087,Medical_researcher,2,SYS-T9,A-L3-01,A,L3,2026-05-18 10:02:56,2026-05-18 10:04:34,,瓜 —hasNature→ 平,logs/userstudy/P087/SYS-T9/A-L3-01.json,Y,N,,Y,,98.0
1986,P087,Medical_researcher,2,SYS-T9,A-L3-02,A,L3,2026-05-18 10:04:55,2026-05-18 10:07:37,,然多食生痰桑饮 —usesCookingMethod→ 腌,logs/userstudy/P087/SYS-T9/A-L3-02.json,Y,N,,Y,,162.0
1987,P087,Medical_researcher,2,SYS-T9,A-L4-01,A,L4,2026-05-18 10:07:49,2026-05-18 10:10:56,,证据更充分的关系为：睡乡散 —recordedInText→ 《饮食谱》；理由：论元与谓词位于同句或同一处方段落。,logs/userstudy/P087/SYS-T9/A-L4-01.json,Y,N,,Y,,187.0
1988,P087,Medical_researcher,2,SYS-T9,A-L4-02,A,L4,2026-05-18 10:11:07,2026-05-18 10:13:38,,原文能确认相关实体，但关系方向和作用范围仍不够明确。,logs/userstudy/P087/SYS-T9/A-L4-02.json,Y,N,,Y,,151.0
1989,P087,Medical_researcher,2,SYS-T9,A-L5-01,A,L5,2026-05-18 10:13:48,2026-05-18 10:16:57,,候选关系应按原文作用范围判断；本片段可保留：水 —hasNature→ 寒，跨段推断不应采纳。,logs/userstudy/P087/SYS-T9/A-L5-01.json,Y,N,,Y,,189.0
1990,P087,Medical_researcher,2,SYS-T9,A-L5-02,A,L5,2026-05-18 10:17:18,2026-05-18 10:19:50,,候选关系应按原文作用范围判断；本片段可保留：油 —hasNature→ 凉，跨段推断不应采纳。,logs/userstudy/P087/SYS-T9/A-L5-02.json,Y,N,,Y,,152.0
1991,P087,Medical_researcher,2,SYS-T9,A-L6-02,A,L6,2026-05-18 10:20:04,2026-05-18 10:24:06,,未发现足够直接的谓词证据，暂不作确定判断。,logs/userstudy/P087/SYS-T9/A-L6-02.json,Y,N,,Y,,242.0
1992,P087,Medical_researcher,2,SYS-T9,A-L6-01,A,L6,2026-05-18 10:24:31,2026-05-18 10:27:46,,原文信息可能支持该结论，不过需要结合前后文进一步判断。,logs/userstudy/P087/SYS-T9/A-L6-01.json,Y,N,,Y,,195.0
1993,P088,Medical_researcher,1,SYS-T9,A-L1-02,A,L1,2026-05-18 14:10:36,2026-05-18 14:11:56,,甘；平,logs/userstudy/P088/SYS-T9/A-L1-02.json,Y,N,,Y,,80.0
1994,P088,Medical_researcher,1,SYS-T9,A-L1-01,A,L1,2026-05-18 14:12:06,2026-05-18 14:13:27,,水；《内经》,logs/userstudy/P088/SYS-T9/A-L1-01.json,Y,N,,Y,,81.0
1995,P088,Medical_researcher,1,SYS-T9,A-L2-02,A,L2,2026-05-18 14:13:46,2026-05-18 14:15:42,,水（食材）；水（食材）；选用食料的方（食疗方）,logs/userstudy/P088/SYS-T9/A-L2-02.json,Y,N,,Y,,116.0
1996,P088,Medical_researcher,1,SYS-T9,A-L2-01,A,L2,2026-05-18 14:15:56,2026-05-18 14:17:34,,心（脏腑）；温（食性）；心（脏腑）,logs/userstudy/P088/SYS-T9/A-L2-01.json,Y,N,,Y,,98.0
1997,P088,Medical_researcher,1,SYS-T9,A-L3-01,A,L3,2026-05-18 14:17:52,2026-05-18 14:19:58,,瓜 —hasNature→ 平,logs/userstudy/P088/SYS-T9/A-L3-01.json,Y,N,,Y,,126.0
1998,P088,Medical_researcher,1,SYS-T9,A-L3-02,A,L3,2026-05-18 14:20:22,2026-05-18 14:22:24,,然多食生痰桑饮 —usesCookingMethod→ 腌,logs/userstudy/P088/SYS-T9/A-L3-02.json,Y,N,,Y,,122.0
1999,P088,Medical_researcher,1,SYS-T9,A-L4-01,A,L4,2026-05-18 14:22:34,2026-05-18 14:25:10,,证据更充分的关系为：睡乡散 —recordedInText→ 《饮食谱》；理由：论元与谓词位于同句或同一处方段落。,logs/userstudy/P088/SYS-T9/A-L4-01.json,Y,N,,Y,,156.0
2000,P088,Medical_researcher,1,SYS-T9,A-L4-02,A,L4,2026-05-18 14:25:23,2026-05-18 14:28:22,,证据更充分的关系为：盐 —hasFlavor→ 甘；理由：论元与谓词位于同句或同一处方段落。,logs/userstudy/P088/SYS-T9/A-L4-02.json,Y,N,,Y,,179.0
2001,P088,Medical_researcher,1,SYS-T9,A-L5-01,A,L5,2026-05-18 14:28:36,2026-05-18 14:31:51,,未发现足够直接的谓词证据，暂不作确定判断。,logs/userstudy/P088/SYS-T9/A-L5-01.json,Y,N,,Y,,195.0
2002,P088,Medical_researcher,1,SYS-T9,A-L5-02,A,L5,2026-05-18 14:32:10,2026-05-18 14:36:02,,原文信息可能支持该结论，不过需要结合前后文进一步判断。,logs/userstudy/P088/SYS-T9/A-L5-02.json,Y,N,,Y,,232.0
2003,P088,Medical_researcher,1,SYS-T9,A-L6-01,A,L6,2026-05-18 14:36:18,2026-05-18 14:40:27,,未发现足够直接的谓词证据，暂不作确定判断。,logs/userstudy/P088/SYS-T9/A-L6-01.json,Y,N,,Y,,249.0
2004,P088,Medical_researcher,1,SYS-T9,A-L6-02,A,L6,2026-05-18 14:40:38,2026-05-18 14:44:58,,原文信息可能支持该结论，不过需要结合前后文进一步判断。,logs/userstudy/P088/SYS-T9/A-L6-02.json,Y,N,,Y,,260.0
2005,P088,Medical_researcher,2,SYS-R4,B-L1-02,B,L1,2026-05-18 15:05:21,2026-05-18 15:05:56,,盐；拌,logs/userstudy/P088/SYS-R4/B-L1-02.json,Y,N,,Y,,35.0
2006,P088,Medical_researcher,2,SYS-R4,B-L1-01,B,L1,2026-05-18 15:06:21,2026-05-18 15:07:27,,温；消渴,logs/userstudy/P088/SYS-R4/B-L1-01.json,Y,N,,Y,,66.0
2007,P088,Medical_researcher,2,SYS-R4,B-L2-01,B,L2,2026-05-18 15:07:42,2026-05-18 15:08:56,,《人世:间》（古籍来源）；《马蹄》（古籍来源）；或解作击散（食疗方）,logs/userstudy/P088/SYS-R4/B-L2-01.json,Y,N,,Y,,74.0
2008,P088,Medical_researcher,2,SYS-R4,B-L2-02,B,L2,2026-05-18 15:09:20,2026-05-18 15:10:27,,油（食材）；水（食材）；水（食材）,logs/userstudy/P088/SYS-R4/B-L2-02.json,Y,N,,Y,,67.0
2009,P088,Medical_researcher,2,SYS-R4,B-L3-01,B,L3,2026-05-18 15:10:46,2026-05-18 15:12:12,,倾向于认为候选关系成立，但未能给出完整证据链。,logs/userstudy/P088/SYS-R4/B-L3-01.json,Y,N,,Y,,86.0
2010,P088,Medical_researcher,2,SYS-R4,B-L3-02,B,L3,2026-05-18 15:12:37,2026-05-18 15:13:57,,内宫散 —containsIngredient→ 醋,logs/userstudy/P088/SYS-R4/B-L3-02.json,Y,N,,Y,,80.0
2011,P088,Medical_researcher,2,SYS-R4,B-L4-02,B,L4,2026-05-18 15:14:10,2026-05-18 15:16:47,,证据更充分的关系为：米 —hasFlavor→ 甘；理由：论元与谓词位于同句或同一处方段落。,logs/userstudy/P088/SYS-R4/B-L4-02.json,Y,N,,Y,,157.0
2012,P088,Medical_researcher,2,SYS-R4,B-L4-01,B,L4,2026-05-18 15:17:11,2026-05-18 15:18:55,,证据更充分的关系为：水 —hasNature→ 平；理由：论元与谓词位于同句或同一处方段落。,logs/userstudy/P088/SYS-R4/B-L4-01.json,Y,N,,Y,,104.0
2013,P088,Medical_researcher,2,SYS-R4,B-L5-02,B,L5,2026-05-18 15:19:17,2026-05-18 15:22:47,,候选关系应按原文作用范围判断；本片段可保留：水 —hasFlavor→ 涩，跨段推断不应采纳。,logs/userstudy/P088/SYS-R4/B-L5-02.json,Y,N,,Y,,210.0
2014,P088,Medical_researcher,2,SYS-R4,B-L5-01,B,L5,2026-05-18 15:23:06,2026-05-18 15:26:48,,候选关系应按原文作用范围判断；本片段可保留：黄豆 —recordedInText→ 《摘录》，跨段推断不应采纳。,logs/userstudy/P088/SYS-R4/B-L5-01.json,Y,N,,Y,,222.0
2015,P088,Medical_researcher,2,SYS-R4,B-L6-01,B,L6,2026-05-18 15:27:13,2026-05-18 15:31:32,,倾向于认为候选关系成立，但未能给出完整证据链。,logs/userstudy/P088/SYS-R4/B-L6-01.json,Y,N,,Y,,259.0
2016,P088,Medical_researcher,2,SYS-R4,B-L6-02,B,L6,2026-05-18 15:31:52,2026-05-18 15:35:42,,证据链：冻结原文 → 实体识别 → 瓜 —hasNature→ 平 → 上下文范围核验。,logs/userstudy/P088/SYS-R4/B-L6-02.json,Y,N,,Y,,230.0
2017,P089,Medical_researcher,1,SYS-R4,A-L1-02,A,L1,2026-05-19 09:30:31,2026-05-19 09:31:06,,甘；平,logs/userstudy/P089/SYS-R4/A-L1-02.json,Y,N,,Y,,35.0
2018,P089,Medical_researcher,1,SYS-R4,A-L1-01,A,L1,2026-05-19 09:31:18,2026-05-19 09:31:53,,水；《内经》,logs/userstudy/P089/SYS-R4/A-L1-01.json,Y,N,,Y,,35.0
2019,P089,Medical_researcher,1,SYS-R4,A-L2-02,A,L2,2026-05-19 09:32:13,2026-05-19 09:33:26,,水（食材）；水（食材）；选用食料的方（食疗方）,logs/userstudy/P089/SYS-R4/A-L2-02.json,Y,N,,Y,,73.0
2020,P089,Medical_researcher,1,SYS-R4,A-L2-01,A,L2,2026-05-19 09:33:37,2026-05-19 09:34:12,,倾向于认为候选关系成立，但未能给出完整证据链。,logs/userstudy/P089/SYS-R4/A-L2-01.json,Y,N,,Y,,35.0
2021,P089,Medical_researcher,1,SYS-R4,A-L3-01,A,L3,2026-05-19 09:34:35,2026-05-19 09:35:50,,瓜 —hasNature→ 平,logs/userstudy/P089/SYS-R4/A-L3-01.json,Y,N,,Y,,75.0
2022,P089,Medical_researcher,1,SYS-R4,A-L3-02,A,L3,2026-05-19 09:36:14,2026-05-19 09:37:50,,然多食生痰桑饮 —usesCookingMethod→ 腌,logs/userstudy/P089/SYS-R4/A-L3-02.json,Y,N,,Y,,96.0
2023,P089,Medical_researcher,1,SYS-R4,A-L4-01,A,L4,2026-05-19 09:38:10,2026-05-19 09:40:27,,证据更充分的关系为：睡乡散 —recordedInText→ 《饮食谱》；理由：论元与谓词位于同句或同一处方段落。,logs/userstudy/P089/SYS-R4/A-L4-01.json,Y,N,,Y,,137.0
2024,P089,Medical_researcher,1,SYS-R4,A-L4-02,A,L4,2026-05-19 09:40:45,2026-05-19 09:43:56,,证据更充分的关系为：盐 —hasFlavor→ 甘；理由：论元与谓词位于同句或同一处方段落。,logs/userstudy/P089/SYS-R4/A-L4-02.json,Y,N,,Y,,191.0
2025,P089,Medical_researcher,1,SYS-R4,A-L5-02,A,L5,2026-05-19 09:44:12,2026-05-19 09:46:41,,候选关系应按原文作用范围判断；本片段可保留：油 —hasNature→ 凉，跨段推断不应采纳。,logs/userstudy/P089/SYS-R4/A-L5-02.json,Y,N,,Y,,149.0
2026,P089,Medical_researcher,1,SYS-R4,A-L5-01,A,L5,2026-05-19 09:46:53,2026-05-19 09:49:04,,候选关系应按原文作用范围判断；本片段可保留：水 —hasNature→ 寒，跨段推断不应采纳。,logs/userstudy/P089/SYS-R4/A-L5-01.json,Y,N,,Y,,131.0
2027,P089,Medical_researcher,1,SYS-R4,A-L6-02,A,L6,2026-05-19 09:49:19,2026-05-19 09:53:49,,证据链：冻结原文 → 实体识别 → 水 —hasNature→ 凉 → 上下文范围核验。,logs/userstudy/P089/SYS-R4/A-L6-02.json,Y,N,,Y,,270.0
2028,P089,Medical_researcher,1,SYS-R4,A-L6-01,A,L6,2026-05-19 09:54:01,2026-05-19 09:57:56,,原文信息可能支持该结论，不过需要结合前后文进一步判断。,logs/userstudy/P089/SYS-R4/A-L6-01.json,Y,N,,Y,,235.0
2029,P089,Medical_researcher,2,SYS-T9,B-L1-02,B,L1,2026-05-19 10:18:14,2026-05-19 10:19:10,,盐；拌,logs/userstudy/P089/SYS-T9/B-L1-02.json,Y,N,,Y,,56.0
2030,P089,Medical_researcher,2,SYS-T9,B-L1-01,B,L1,2026-05-19 10:19:20,2026-05-19 10:20:26,,原文能确认相关实体，但关系方向和作用范围仍不够明确。,logs/userstudy/P089/SYS-T9/B-L1-01.json,Y,N,,Y,,66.0
2031,P089,Medical_researcher,2,SYS-T9,B-L2-02,B,L2,2026-05-19 10:20:48,2026-05-19 10:23:15,,未发现足够直接的谓词证据，暂不作确定判断。,logs/userstudy/P089/SYS-T9/B-L2-02.json,Y,N,,Y,,147.0
2032,P089,Medical_researcher,2,SYS-T9,B-L2-01,B,L2,2026-05-19 10:23:25,2026-05-19 10:25:08,,《人世:间》（古籍来源）；《马蹄》（古籍来源）；或解作击散（食疗方）,logs/userstudy/P089/SYS-T9/B-L2-01.json,Y,N,,Y,,103.0
2033,P089,Medical_researcher,2,SYS-T9,B-L3-01,B,L3,2026-05-19 10:25:30,2026-05-19 10:28:03,,水 —hasEffect→ 清热,logs/userstudy/P089/SYS-T9/B-L3-01.json,Y,N,,Y,,153.0
2034,P089,Medical_researcher,2,SYS-T9,B-L3-02,B,L3,2026-05-19 10:28:11,2026-05-19 10:30:10,,内宫散 —containsIngredient→ 醋,logs/userstudy/P089/SYS-T9/B-L3-02.json,Y,N,,Y,,119.0
2035,P089,Medical_researcher,2,SYS-T9,B-L4-02,B,L4,2026-05-19 10:30:24,2026-05-19 10:34:19,,证据更充分的关系为：米 —hasFlavor→ 甘；理由：论元与谓词位于同句或同一处方段落。,logs/userstudy/P089/SYS-T9/B-L4-02.json,Y,N,,Y,,235.0
2036,P089,Medical_researcher,2,SYS-T9,B-L4-01,B,L4,2026-05-19 10:34:42,2026-05-19 10:37:28,,证据更充分的关系为：水 —hasNature→ 平；理由：论元与谓词位于同句或同一处方段落。,logs/userstudy/P089/SYS-T9/B-L4-01.json,Y,N,,Y,,166.0
2037,P089,Medical_researcher,2,SYS-T9,B-L5-02,B,L5,2026-05-19 10:37:53,2026-05-19 10:41:14,,原文信息可能支持该结论，不过需要结合前后文进一步判断。,logs/userstudy/P089/SYS-T9/B-L5-02.json,Y,N,,Y,,201.0
2038,P089,Medical_researcher,2,SYS-T9,B-L5-01,B,L5,2026-05-19 10:41:24,2026-05-19 10:44:02,,候选关系应按原文作用范围判断；本片段可保留：黄豆 —recordedInText→ 《摘录》，跨段推断不应采纳。,logs/userstudy/P089/SYS-T9/B-L5-01.json,Y,N,,Y,,158.0
2039,P089,Medical_researcher,2,SYS-T9,B-L6-02,B,L6,2026-05-19 10:44:22,2026-05-19 10:48:51,,证据链：冻结原文 → 实体识别 → 瓜 —hasNature→ 平 → 上下文范围核验。,logs/userstudy/P089/SYS-T9/B-L6-02.json,Y,N,,Y,,269.0
2040,P089,Medical_researcher,2,SYS-T9,B-L6-01,B,L6,2026-05-19 10:49:04,2026-05-19 10:52:20,,原文信息可能支持该结论，不过需要结合前后文进一步判断。,logs/userstudy/P089/SYS-T9/B-L6-01.json,Y,N,,Y,,196.0
2041,P090,Medical_researcher,1,SYS-T9,B-L1-02,B,L1,2026-05-19 14:30:39,2026-05-19 14:31:14,,原文能确认相关实体，但关系方向和作用范围仍不够明确。,logs/userstudy/P090/SYS-T9/B-L1-02.json,Y,N,,Y,,35.0
2042,P090,Medical_researcher,1,SYS-T9,B-L1-01,B,L1,2026-05-19 14:31:25,2026-05-19 14:32:38,,温；消渴,logs/userstudy/P090/SYS-T9/B-L1-01.json,Y,N,,Y,,73.0
2043,P090,Medical_researcher,1,SYS-T9,B-L2-02,B,L2,2026-05-19 14:32:57,2026-05-19 14:35:13,,油（食材）；水（食材）；水（食材）,logs/userstudy/P090/SYS-T9/B-L2-02.json,Y,N,,Y,,136.0
2044,P090,Medical_researcher,1,SYS-T9,B-L2-01,B,L2,2026-05-19 14:35:35,2026-05-19 14:37:05,,《人世:间》（古籍来源）；《马蹄》（古籍来源）；或解作击散（食疗方）,logs/userstudy/P090/SYS-T9/B-L2-01.json,Y,N,,Y,,90.0
2045,P090,Medical_researcher,1,SYS-T9,B-L3-02,B,L3,2026-05-19 14:37:14,2026-05-19 14:39:28,,内宫散 —containsIngredient→ 醋,logs/userstudy/P090/SYS-T9/B-L3-02.json,Y,N,,Y,,134.0
2046,P090,Medical_researcher,1,SYS-T9,B-L3-01,B,L3,2026-05-19 14:39:46,2026-05-19 14:41:55,,水 —hasEffect→ 清热,logs/userstudy/P090/SYS-T9/B-L3-01.json,Y,N,,Y,,129.0
2047,P090,Medical_researcher,1,SYS-T9,B-L4-01,B,L4,2026-05-19 14:42:18,2026-05-19 14:45:29,,倾向于认为候选关系成立，但未能给出完整证据链。,logs/userstudy/P090/SYS-T9/B-L4-01.json,Y,N,,Y,,191.0
2048,P090,Medical_researcher,1,SYS-T9,B-L4-02,B,L4,2026-05-19 14:45:46,2026-05-19 14:48:56,,原文能确认相关实体，但关系方向和作用范围仍不够明确。,logs/userstudy/P090/SYS-T9/B-L4-02.json,Y,N,,Y,,190.0
2049,P090,Medical_researcher,1,SYS-T9,B-L5-01,B,L5,2026-05-19 14:49:07,2026-05-19 14:52:18,,候选关系应按原文作用范围判断；本片段可保留：黄豆 —recordedInText→ 《摘录》，跨段推断不应采纳。,logs/userstudy/P090/SYS-T9/B-L5-01.json,Y,N,,Y,,191.0
2050,P090,Medical_researcher,1,SYS-T9,B-L5-02,B,L5,2026-05-19 14:52:41,2026-05-19 14:56:05,,候选关系应按原文作用范围判断；本片段可保留：水 —hasFlavor→ 涩，跨段推断不应采纳。,logs/userstudy/P090/SYS-T9/B-L5-02.json,Y,N,,Y,,204.0
2051,P090,Medical_researcher,1,SYS-T9,B-L6-02,B,L6,2026-05-19 14:56:22,2026-05-19 15:00:20,,证据链：冻结原文 → 实体识别 → 瓜 —hasNature→ 平 → 上下文范围核验。,logs/userstudy/P090/SYS-T9/B-L6-02.json,Y,N,,Y,,238.0
2052,P090,Medical_researcher,1,SYS-T9,B-L6-01,B,L6,2026-05-19 15:00:28,2026-05-19 15:03:48,,原文能确认相关实体，但关系方向和作用范围仍不够明确。,logs/userstudy/P090/SYS-T9/B-L6-01.json,Y,N,,Y,,200.0
2053,P090,Medical_researcher,2,SYS-R4,A-L1-02,A,L1,2026-05-19 15:23:57,2026-05-19 15:25:02,,甘；平,logs/userstudy/P090/SYS-R4/A-L1-02.json,Y,N,,Y,,65.0
2054,P090,Medical_researcher,2,SYS-R4,A-L1-01,A,L1,2026-05-19 15:25:10,2026-05-19 15:26:05,,水；《内经》,logs/userstudy/P090/SYS-R4/A-L1-01.json,Y,N,,Y,,55.0
2055,P090,Medical_researcher,2,SYS-R4,A-L2-01,A,L2,2026-05-19 15:26:25,2026-05-19 15:27:21,,心（脏腑）；温（食性）；心（脏腑）,logs/userstudy/P090/SYS-R4/A-L2-01.json,Y,N,,Y,,56.0
2056,P090,Medical_researcher,2,SYS-R4,A-L2-02,A,L2,2026-05-19 15:27:36,2026-05-19 15:29:07,,水（食材）；水（食材）；选用食料的方（食疗方）,logs/userstudy/P090/SYS-R4/A-L2-02.json,Y,N,,Y,,91.0
2057,P090,Medical_researcher,2,SYS-R4,A-L3-01,A,L3,2026-05-19 15:29:23,2026-05-19 15:31:29,,未发现足够直接的谓词证据，暂不作确定判断。,logs/userstudy/P090/SYS-R4/A-L3-01.json,Y,N,,Y,,126.0
2058,P090,Medical_researcher,2,SYS-R4,A-L3-02,A,L3,2026-05-19 15:31:39,2026-05-19 15:33:08,,然多食生痰桑饮 —usesCookingMethod→ 腌,logs/userstudy/P090/SYS-R4/A-L3-02.json,Y,N,,Y,,89.0
2059,P090,Medical_researcher,2,SYS-R4,A-L4-01,A,L4,2026-05-19 15:33:32,2026-05-19 15:36:22,,证据更充分的关系为：睡乡散 —recordedInText→ 《饮食谱》；理由：论元与谓词位于同句或同一处方段落。,logs/userstudy/P090/SYS-R4/A-L4-01.json,Y,N,,Y,,170.0
2060,P090,Medical_researcher,2,SYS-R4,A-L4-02,A,L4,2026-05-19 15:36:47,2026-05-19 15:39:03,,原文能确认相关实体，但关系方向和作用范围仍不够明确。,logs/userstudy/P090/SYS-R4/A-L4-02.json,Y,N,,Y,,136.0
2061,P090,Medical_researcher,2,SYS-R4,A-L5-02,A,L5,2026-05-19 15:39:23,2026-05-19 15:43:35,,候选关系应按原文作用范围判断；本片段可保留：油 —hasNature→ 凉，跨段推断不应采纳。,logs/userstudy/P090/SYS-R4/A-L5-02.json,Y,N,,Y,,252.0
2062,P090,Medical_researcher,2,SYS-R4,A-L5-01,A,L5,2026-05-19 15:43:43,2026-05-19 15:47:28,,候选关系应按原文作用范围判断；本片段可保留：水 —hasNature→ 寒，跨段推断不应采纳。,logs/userstudy/P090/SYS-R4/A-L5-01.json,Y,N,,Y,,225.0
2063,P090,Medical_researcher,2,SYS-R4,A-L6-02,A,L6,2026-05-19 15:47:48,2026-05-19 15:51:31,,证据链：冻结原文 → 实体识别 → 水 —hasNature→ 凉 → 上下文范围核验。,logs/userstudy/P090/SYS-R4/A-L6-02.json,Y,N,,Y,,223.0
2064,P090,Medical_researcher,2,SYS-R4,A-L6-01,A,L6,2026-05-19 15:51:56,2026-05-19 15:55:42,,证据链：冻结原文 → 实体识别 → 油 —hasNature→ 大寒 → 上下文范围核验。,logs/userstudy/P090/SYS-R4/A-L6-01.json,Y,N,,Y,,226.0
2065,P091,Medical_researcher,1,SYS-R4,B-L1-01,B,L1,2026-05-20 09:20:04,2026-05-20 09:21:10,,温；消渴,logs/userstudy/P091/SYS-R4/B-L1-01.json,Y,N,,Y,,66.0
2066,P091,Medical_researcher,1,SYS-R4,B-L1-02,B,L1,2026-05-20 09:21:32,2026-05-20 09:22:07,,盐；拌,logs/userstudy/P091/SYS-R4/B-L1-02.json,Y,N,,Y,,35.0
2067,P091,Medical_researcher,1,SYS-R4,B-L2-02,B,L2,2026-05-20 09:22:31,2026-05-20 09:24:34,,油（食材）；水（食材）；水（食材）,logs/userstudy/P091/SYS-R4/B-L2-02.json,Y,N,,Y,,123.0
2068,P091,Medical_researcher,1,SYS-R4,B-L2-01,B,L2,2026-05-20 09:24:53,2026-05-20 09:26:16,,《人世:间》（古籍来源）；《马蹄》（古籍来源）；或解作击散（食疗方）,logs/userstudy/P091/SYS-R4/B-L2-01.json,Y,N,,Y,,83.0
2069,P091,Medical_researcher,1,SYS-R4,B-L3-01,B,L3,2026-05-20 09:26:36,2026-05-20 09:27:42,,水 —hasEffect→ 清热,logs/userstudy/P091/SYS-R4/B-L3-01.json,Y,N,,Y,,66.0
2070,P091,Medical_researcher,1,SYS-R4,B-L3-02,B,L3,2026-05-20 09:27:58,2026-05-20 09:29:26,,内宫散 —containsIngredient→ 醋,logs/userstudy/P091/SYS-R4/B-L3-02.json,Y,N,,Y,,88.0
2071,P091,Medical_researcher,1,SYS-R4,B-L4-01,B,L4,2026-05-20 09:29:44,2026-05-20 09:32:00,,证据更充分的关系为：水 —hasNature→ 平；理由：论元与谓词位于同句或同一处方段落。,logs/userstudy/P091/SYS-R4/B-L4-01.json,Y,N,,Y,,136.0
2072,P091,Medical_researcher,1,SYS-R4,B-L4-02,B,L4,2026-05-20 09:32:16,2026-05-20 09:34:24,,证据更充分的关系为：米 —hasFlavor→ 甘；理由：论元与谓词位于同句或同一处方段落。,logs/userstudy/P091/SYS-R4/B-L4-02.json,Y,N,,Y,,128.0
2073,P091,Medical_researcher,1,SYS-R4,B-L5-01,B,L5,2026-05-20 09:34:43,2026-05-20 09:37:09,,候选关系应按原文作用范围判断；本片段可保留：黄豆 —recordedInText→ 《摘录》，跨段推断不应采纳。,logs/userstudy/P091/SYS-R4/B-L5-01.json,Y,N,,Y,,146.0
2074,P091,Medical_researcher,1,SYS-R4,B-L5-02,B,L5,2026-05-20 09:37:19,2026-05-20 09:40:11,,原文能确认相关实体，但关系方向和作用范围仍不够明确。,logs/userstudy/P091/SYS-R4/B-L5-02.json,Y,N,,Y,,172.0
2075,P091,Medical_researcher,1,SYS-R4,B-L6-01,B,L6,2026-05-20 09:40:25,2026-05-20 09:44:41,,证据链：冻结原文 → 实体识别 → 酒 —hasNature→ 寒 → 上下文范围核验。,logs/userstudy/P091/SYS-R4/B-L6-01.json,Y,N,,Y,,256.0
2076,P091,Medical_researcher,1,SYS-R4,B-L6-02,B,L6,2026-05-20 09:44:53,2026-05-20 09:49:12,,证据链：冻结原文 → 实体识别 → 瓜 —hasNature→ 平 → 上下文范围核验。,logs/userstudy/P091/SYS-R4/B-L6-02.json,Y,N,,Y,,259.0
2077,P091,Medical_researcher,2,SYS-T9,A-L1-02,A,L1,2026-05-20 10:09:20,2026-05-20 10:10:02,,甘；平,logs/userstudy/P091/SYS-T9/A-L1-02.json,Y,N,,Y,,42.0
2078,P091,Medical_researcher,2,SYS-T9,A-L1-01,A,L1,2026-05-20 10:10:20,2026-05-20 10:11:04,,水；《内经》,logs/userstudy/P091/SYS-T9/A-L1-01.json,Y,N,,Y,,44.0
2079,P091,Medical_researcher,2,SYS-T9,A-L2-01,A,L2,2026-05-20 10:11:23,2026-05-20 10:13:22,,心（脏腑）；温（食性）；心（脏腑）,logs/userstudy/P091/SYS-T9/A-L2-01.json,Y,N,,Y,,119.0
2080,P091,Medical_researcher,2,SYS-T9,A-L2-02,A,L2,2026-05-20 10:13:45,2026-05-20 10:15:18,,水（食材）；水（食材）；选用食料的方（食疗方）,logs/userstudy/P091/SYS-T9/A-L2-02.json,Y,N,,Y,,93.0
2081,P091,Medical_researcher,2,SYS-T9,A-L3-02,A,L3,2026-05-20 10:15:34,2026-05-20 10:17:33,,然多食生痰桑饮 —usesCookingMethod→ 腌,logs/userstudy/P091/SYS-T9/A-L3-02.json,Y,N,,Y,,119.0
2082,P091,Medical_researcher,2,SYS-T9,A-L3-01,A,L3,2026-05-20 10:17:48,2026-05-20 10:20:10,,瓜 —hasNature→ 平,logs/userstudy/P091/SYS-T9/A-L3-01.json,Y,N,,Y,,142.0
2083,P091,Medical_researcher,2,SYS-T9,A-L4-02,A,L4,2026-05-20 10:20:21,2026-05-20 10:23:19,,倾向于认为候选关系成立，但未能给出完整证据链。,logs/userstudy/P091/SYS-T9/A-L4-02.json,Y,N,,Y,,178.0
2084,P091,Medical_researcher,2,SYS-T9,A-L4-01,A,L4,2026-05-20 10:23:30,2026-05-20 10:25:49,,未发现足够直接的谓词证据，暂不作确定判断。,logs/userstudy/P091/SYS-T9/A-L4-01.json,Y,N,,Y,,139.0
2085,P091,Medical_researcher,2,SYS-T9,A-L5-01,A,L5,2026-05-20 10:26:00,2026-05-20 10:28:28,,候选关系应按原文作用范围判断；本片段可保留：水 —hasNature→ 寒，跨段推断不应采纳。,logs/userstudy/P091/SYS-T9/A-L5-01.json,Y,N,,Y,,148.0
2086,P091,Medical_researcher,2,SYS-T9,A-L5-02,A,L5,2026-05-20 10:28:45,2026-05-20 10:31:47,,候选关系应按原文作用范围判断；本片段可保留：油 —hasNature→ 凉，跨段推断不应采纳。,logs/userstudy/P091/SYS-T9/A-L5-02.json,Y,N,,Y,,182.0
2087,P091,Medical_researcher,2,SYS-T9,A-L6-02,A,L6,2026-05-20 10:32:09,2026-05-20 10:36:52,,证据链：冻结原文 → 实体识别 → 水 —hasNature→ 凉 → 上下文范围核验。,logs/userstudy/P091/SYS-T9/A-L6-02.json,Y,N,,Y,,283.0
2088,P091,Medical_researcher,2,SYS-T9,A-L6-01,A,L6,2026-05-20 10:37:02,2026-05-20 10:41:01,,证据链：冻结原文 → 实体识别 → 油 —hasNature→ 大寒 → 上下文范围核验。,logs/userstudy/P091/SYS-T9/A-L6-01.json,Y,N,,Y,,239.0
2089,P092,Medical_researcher,1,SYS-T9,A-L1-01,A,L1,2026-05-20 14:30:27,2026-05-20 14:31:51,,水；《内经》,logs/userstudy/P092/SYS-T9/A-L1-01.json,Y,N,,Y,,84.0
2090,P092,Medical_researcher,1,SYS-T9,A-L1-02,A,L1,2026-05-20 14:32:00,2026-05-20 14:33:28,,甘；平,logs/userstudy/P092/SYS-T9/A-L1-02.json,Y,N,,Y,,88.0
2091,P092,Medical_researcher,1,SYS-T9,A-L2-02,A,L2,2026-05-20 14:33:53,2026-05-20 14:35:37,,水（食材）；水（食材）；选用食料的方（食疗方）,logs/userstudy/P092/SYS-T9/A-L2-02.json,Y,N,,Y,,104.0
2092,P092,Medical_researcher,1,SYS-T9,A-L2-01,A,L2,2026-05-20 14:35:52,2026-05-20 14:36:37,,心（脏腑）；温（食性）；心（脏腑）,logs/userstudy/P092/SYS-T9/A-L2-01.json,Y,N,,Y,,45.0
2093,P092,Medical_researcher,1,SYS-T9,A-L3-01,A,L3,2026-05-20 14:36:51,2026-05-20 14:39:26,,瓜 —hasNature→ 平,logs/userstudy/P092/SYS-T9/A-L3-01.json,Y,N,,Y,,155.0
2094,P092,Medical_researcher,1,SYS-T9,A-L3-02,A,L3,2026-05-20 14:39:38,2026-05-20 14:41:42,,然多食生痰桑饮 —usesCookingMethod→ 腌,logs/userstudy/P092/SYS-T9/A-L3-02.json,Y,N,,Y,,124.0
2095,P092,Medical_researcher,1,SYS-T9,A-L4-02,A,L4,2026-05-20 14:41:56,2026-05-20 14:43:58,,证据更充分的关系为：盐 —hasFlavor→ 甘；理由：论元与谓词位于同句或同一处方段落。,logs/userstudy/P092/SYS-T9/A-L4-02.json,Y,N,,Y,,122.0
2096,P092,Medical_researcher,1,SYS-T9,A-L4-01,A,L4,2026-05-20 14:44:16,2026-05-20 14:46:41,,未发现足够直接的谓词证据，暂不作确定判断。,logs/userstudy/P092/SYS-T9/A-L4-01.json,Y,N,,Y,,145.0
2097,P092,Medical_researcher,1,SYS-T9,A-L5-01,A,L5,2026-05-20 14:46:52,2026-05-20 14:51:09,,候选关系应按原文作用范围判断；本片段可保留：水 —hasNature→ 寒，跨段推断不应采纳。,logs/userstudy/P092/SYS-T9/A-L5-01.json,Y,N,,Y,,257.0
2098,P092,Medical_researcher,1,SYS-T9,A-L5-02,A,L5,2026-05-20 14:51:24,2026-05-20 14:55:19,,原文信息可能支持该结论，不过需要结合前后文进一步判断。,logs/userstudy/P092/SYS-T9/A-L5-02.json,Y,N,,Y,,235.0
2099,P092,Medical_researcher,1,SYS-T9,A-L6-01,A,L6,2026-05-20 14:55:27,2026-05-20 14:59:22,,证据链：冻结原文 → 实体识别 → 油 —hasNature→ 大寒 → 上下文范围核验。,logs/userstudy/P092/SYS-T9/A-L6-01.json,Y,N,,Y,,235.0
2100,P092,Medical_researcher,1,SYS-T9,A-L6-02,A,L6,2026-05-20 14:59:33,2026-05-20 15:03:03,,证据链：冻结原文 → 实体识别 → 水 —hasNature→ 凉 → 上下文范围核验。,logs/userstudy/P092/SYS-T9/A-L6-02.json,Y,N,,Y,,210.0
2101,P092,Medical_researcher,2,SYS-R4,B-L1-01,B,L1,2026-05-20 15:23:13,2026-05-20 15:24:09,,温；消渴,logs/userstudy/P092/SYS-R4/B-L1-01.json,Y,N,,Y,,56.0
2102,P092,Medical_researcher,2,SYS-R4,B-L1-02,B,L1,2026-05-20 15:24:28,2026-05-20 15:25:21,,盐；拌,logs/userstudy/P092/SYS-R4/B-L1-02.json,Y,N,,Y,,53.0
2103,P092,Medical_researcher,2,SYS-R4,B-L2-01,B,L2,2026-05-20 15:25:44,2026-05-20 15:26:53,,《人世:间》（古籍来源）；《马蹄》（古籍来源）；或解作击散（食疗方）,logs/userstudy/P092/SYS-R4/B-L2-01.json,Y,N,,Y,,69.0
2104,P092,Medical_researcher,2,SYS-R4,B-L2-02,B,L2,2026-05-20 15:27:10,2026-05-20 15:28:53,,油（食材）；水（食材）；水（食材）,logs/userstudy/P092/SYS-R4/B-L2-02.json,Y,N,,Y,,103.0
2105,P092,Medical_researcher,2,SYS-R4,B-L3-01,B,L3,2026-05-20 15:29:09,2026-05-20 15:30:33,,水 —hasEffect→ 清热,logs/userstudy/P092/SYS-R4/B-L3-01.json,Y,N,,Y,,84.0
2106,P092,Medical_researcher,2,SYS-R4,B-L3-02,B,L3,2026-05-20 15:30:55,2026-05-20 15:32:43,,内宫散 —containsIngredient→ 醋,logs/userstudy/P092/SYS-R4/B-L3-02.json,Y,N,,Y,,108.0
2107,P092,Medical_researcher,2,SYS-R4,B-L4-01,B,L4,2026-05-20 15:33:07,2026-05-20 15:35:03,,证据更充分的关系为：水 —hasNature→ 平；理由：论元与谓词位于同句或同一处方段落。,logs/userstudy/P092/SYS-R4/B-L4-01.json,Y,N,,Y,,116.0
2108,P092,Medical_researcher,2,SYS-R4,B-L4-02,B,L4,2026-05-20 15:35:20,2026-05-20 15:38:10,,证据更充分的关系为：米 —hasFlavor→ 甘；理由：论元与谓词位于同句或同一处方段落。,logs/userstudy/P092/SYS-R4/B-L4-02.json,Y,N,,Y,,170.0
2109,P092,Medical_researcher,2,SYS-R4,B-L5-01,B,L5,2026-05-20 15:38:23,2026-05-20 15:41:15,,原文能确认相关实体，但关系方向和作用范围仍不够明确。,logs/userstudy/P092/SYS-R4/B-L5-01.json,Y,N,,Y,,172.0
2110,P092,Medical_researcher,2,SYS-R4,B-L5-02,B,L5,2026-05-20 15:41:38,2026-05-20 15:44:03,,候选关系应按原文作用范围判断；本片段可保留：水 —hasFlavor→ 涩，跨段推断不应采纳。,logs/userstudy/P092/SYS-R4/B-L5-02.json,Y,N,,Y,,145.0
2111,P092,Medical_researcher,2,SYS-R4,B-L6-01,B,L6,2026-05-20 15:44:20,2026-05-20 15:47:52,,倾向于认为候选关系成立，但未能给出完整证据链。,logs/userstudy/P092/SYS-R4/B-L6-01.json,Y,N,,Y,,212.0
2112,P092,Medical_researcher,2,SYS-R4,B-L6-02,B,L6,2026-05-20 15:48:04,2026-05-20 15:51:08,,证据链：冻结原文 → 实体识别 → 瓜 —hasNature→ 平 → 上下文范围核验。,logs/userstudy/P092/SYS-R4/B-L6-02.json,Y,N,,Y,,184.0
2113,P093,Medical_researcher,1,SYS-R4,A-L1-01,A,L1,2026-05-21 09:10:26,2026-05-21 09:11:11,,水；《内经》,logs/userstudy/P093/SYS-R4/A-L1-01.json,Y,N,,Y,,45.0
2114,P093,Medical_researcher,1,SYS-R4,A-L1-02,A,L1,2026-05-21 09:11:19,2026-05-21 09:11:54,,甘；平,logs/userstudy/P093/SYS-R4/A-L1-02.json,Y,N,,Y,,35.0
2115,P093,Medical_researcher,1,SYS-R4,A-L2-01,A,L2,2026-05-21 09:12:15,2026-05-21 09:13:03,,心（脏腑）；温（食性）；心（脏腑）,logs/userstudy/P093/SYS-R4/A-L2-01.json,Y,N,,Y,,48.0
2116,P093,Medical_researcher,1,SYS-R4,A-L2-02,A,L2,2026-05-21 09:13:17,2026-05-21 09:13:54,,水（食材）；水（食材）；选用食料的方（食疗方）,logs/userstudy/P093/SYS-R4/A-L2-02.json,Y,N,,Y,,37.0
2117,P093,Medical_researcher,1,SYS-R4,A-L3-02,A,L3,2026-05-21 09:14:04,2026-05-21 09:16:27,,然多食生痰桑饮 —usesCookingMethod→ 腌,logs/userstudy/P093/SYS-R4/A-L3-02.json,Y,N,,Y,,143.0
2118,P093,Medical_researcher,1,SYS-R4,A-L3-01,A,L3,2026-05-21 09:16:39,2026-05-21 09:18:06,,瓜 —hasNature→ 平,logs/userstudy/P093/SYS-R4/A-L3-01.json,Y,N,,Y,,87.0
2119,P093,Medical_researcher,1,SYS-R4,A-L4-01,A,L4,2026-05-21 09:18:19,2026-05-21 09:21:20,,原文信息可能支持该结论，不过需要结合前后文进一步判断。,logs/userstudy/P093/SYS-R4/A-L4-01.json,Y,N,,Y,,181.0
2120,P093,Medical_researcher,1,SYS-R4,A-L4-02,A,L4,2026-05-21 09:21:40,2026-05-21 09:23:53,,证据更充分的关系为：盐 —hasFlavor→ 甘；理由：论元与谓词位于同句或同一处方段落。,logs/userstudy/P093/SYS-R4/A-L4-02.json,Y,N,,Y,,133.0
2121,P093,Medical_researcher,1,SYS-R4,A-L5-02,A,L5,2026-05-21 09:24:15,2026-05-21 09:27:11,,候选关系应按原文作用范围判断；本片段可保留：油 —hasNature→ 凉，跨段推断不应采纳。,logs/userstudy/P093/SYS-R4/A-L5-02.json,Y,N,,Y,,176.0
2122,P093,Medical_researcher,1,SYS-R4,A-L5-01,A,L5,2026-05-21 09:27:20,2026-05-21 09:30:51,,候选关系应按原文作用范围判断；本片段可保留：水 —hasNature→ 寒，跨段推断不应采纳。,logs/userstudy/P093/SYS-R4/A-L5-01.json,Y,N,,Y,,211.0
2123,P093,Medical_researcher,1,SYS-R4,A-L6-02,A,L6,2026-05-21 09:31:04,2026-05-21 09:35:04,,证据链：冻结原文 → 实体识别 → 水 —hasNature→ 凉 → 上下文范围核验。,logs/userstudy/P093/SYS-R4/A-L6-02.json,Y,N,,Y,,240.0
2124,P093,Medical_researcher,1,SYS-R4,A-L6-01,A,L6,2026-05-21 09:35:27,2026-05-21 09:37:49,,证据链：冻结原文 → 实体识别 → 油 —hasNature→ 大寒 → 上下文范围核验。,logs/userstudy/P093/SYS-R4/A-L6-01.json,Y,N,,Y,,142.0
2125,P093,Medical_researcher,2,SYS-T9,B-L1-02,B,L1,2026-05-21 09:58:14,2026-05-21 10:00:06,,盐；拌,logs/userstudy/P093/SYS-T9/B-L1-02.json,Y,N,,Y,,112.0
2126,P093,Medical_researcher,2,SYS-T9,B-L1-01,B,L1,2026-05-21 10:00:26,2026-05-21 10:01:49,,温；消渴,logs/userstudy/P093/SYS-T9/B-L1-01.json,Y,N,,Y,,83.0
2127,P093,Medical_researcher,2,SYS-T9,B-L2-02,B,L2,2026-05-21 10:02:08,2026-05-21 10:03:31,,油（食材）；水（食材）；水（食材）,logs/userstudy/P093/SYS-T9/B-L2-02.json,Y,N,,Y,,83.0
2128,P093,Medical_researcher,2,SYS-T9,B-L2-01,B,L2,2026-05-21 10:03:48,2026-05-21 10:05:40,,《人世:间》（古籍来源）；《马蹄》（古籍来源）；或解作击散（食疗方）,logs/userstudy/P093/SYS-T9/B-L2-01.json,Y,N,,Y,,112.0
2129,P093,Medical_researcher,2,SYS-T9,B-L3-01,B,L3,2026-05-21 10:05:49,2026-05-21 10:07:30,,水 —hasEffect→ 清热,logs/userstudy/P093/SYS-T9/B-L3-01.json,Y,N,,Y,,101.0
2130,P093,Medical_researcher,2,SYS-T9,B-L3-02,B,L3,2026-05-21 10:07:54,2026-05-21 10:10:14,,原文信息可能支持该结论，不过需要结合前后文进一步判断。,logs/userstudy/P093/SYS-T9/B-L3-02.json,Y,N,,Y,,140.0
2131,P093,Medical_researcher,2,SYS-T9,B-L4-02,B,L4,2026-05-21 10:10:33,2026-05-21 10:14:09,,证据更充分的关系为：米 —hasFlavor→ 甘；理由：论元与谓词位于同句或同一处方段落。,logs/userstudy/P093/SYS-T9/B-L4-02.json,Y,N,,Y,,216.0
2132,P093,Medical_researcher,2,SYS-T9,B-L4-01,B,L4,2026-05-21 10:14:26,2026-05-21 10:17:52,,证据更充分的关系为：水 —hasNature→ 平；理由：论元与谓词位于同句或同一处方段落。,logs/userstudy/P093/SYS-T9/B-L4-01.json,Y,N,,Y,,206.0
2133,P093,Medical_researcher,2,SYS-T9,B-L5-01,B,L5,2026-05-21 10:18:04,2026-05-21 10:20:50,,候选关系应按原文作用范围判断；本片段可保留：黄豆 —recordedInText→ 《摘录》，跨段推断不应采纳。,logs/userstudy/P093/SYS-T9/B-L5-01.json,Y,N,,Y,,166.0
2134,P093,Medical_researcher,2,SYS-T9,B-L5-02,B,L5,2026-05-21 10:21:07,2026-05-21 10:24:02,,候选关系应按原文作用范围判断；本片段可保留：水 —hasFlavor→ 涩，跨段推断不应采纳。,logs/userstudy/P093/SYS-T9/B-L5-02.json,Y,N,,Y,,175.0
2135,P093,Medical_researcher,2,SYS-T9,B-L6-02,B,L6,2026-05-21 10:24:20,2026-05-21 10:27:55,,证据链：冻结原文 → 实体识别 → 瓜 —hasNature→ 平 → 上下文范围核验。,logs/userstudy/P093/SYS-T9/B-L6-02.json,Y,N,,Y,,215.0
2136,P093,Medical_researcher,2,SYS-T9,B-L6-01,B,L6,2026-05-21 10:28:08,2026-05-21 10:31:53,,原文能确认相关实体，但关系方向和作用范围仍不够明确。,logs/userstudy/P093/SYS-T9/B-L6-01.json,Y,N,,Y,,225.0
2137,P094,Medical_researcher,1,SYS-T9,B-L1-01,B,L1,2026-05-21 14:20:30,2026-05-21 14:21:43,,温；消渴,logs/userstudy/P094/SYS-T9/B-L1-01.json,Y,N,,Y,,73.0
2138,P094,Medical_researcher,1,SYS-T9,B-L1-02,B,L1,2026-05-21 14:22:07,2026-05-21 14:23:27,,盐；拌,logs/userstudy/P094/SYS-T9/B-L1-02.json,Y,N,,Y,,80.0
2139,P094,Medical_researcher,1,SYS-T9,B-L2-02,B,L2,2026-05-21 14:23:40,2026-05-21 14:25:28,,原文信息可能支持该结论，不过需要结合前后文进一步判断。,logs/userstudy/P094/SYS-T9/B-L2-02.json,Y,N,,Y,,108.0
2140,P094,Medical_researcher,1,SYS-T9,B-L2-01,B,L2,2026-05-21 14:25:46,2026-05-21 14:27:12,,《人世:间》（古籍来源）；《马蹄》（古籍来源）；或解作击散（食疗方）,logs/userstudy/P094/SYS-T9/B-L2-01.json,Y,N,,Y,,86.0
2141,P094,Medical_researcher,1,SYS-T9,B-L3-01,B,L3,2026-05-21 14:27:34,2026-05-21 14:29:34,,水 —hasEffect→ 清热,logs/userstudy/P094/SYS-T9/B-L3-01.json,Y,N,,Y,,120.0
2142,P094,Medical_researcher,1,SYS-T9,B-L3-02,B,L3,2026-05-21 14:29:42,2026-05-21 14:32:00,,内宫散 —containsIngredient→ 醋,logs/userstudy/P094/SYS-T9/B-L3-02.json,Y,N,,Y,,138.0
2143,P094,Medical_researcher,1,SYS-T9,B-L4-02,B,L4,2026-05-21 14:32:08,2026-05-21 14:34:07,,原文信息可能支持该结论，不过需要结合前后文进一步判断。,logs/userstudy/P094/SYS-T9/B-L4-02.json,Y,N,,Y,,119.0
2144,P094,Medical_researcher,1,SYS-T9,B-L4-01,B,L4,2026-05-21 14:34:26,2026-05-21 14:37:22,,证据更充分的关系为：水 —hasNature→ 平；理由：论元与谓词位于同句或同一处方段落。,logs/userstudy/P094/SYS-T9/B-L4-01.json,Y,N,,Y,,176.0
2145,P094,Medical_researcher,1,SYS-T9,B-L5-02,B,L5,2026-05-21 14:37:34,2026-05-21 14:40:36,,候选关系应按原文作用范围判断；本片段可保留：水 —hasFlavor→ 涩，跨段推断不应采纳。,logs/userstudy/P094/SYS-T9/B-L5-02.json,Y,N,,Y,,182.0
2146,P094,Medical_researcher,1,SYS-T9,B-L5-01,B,L5,2026-05-21 14:40:47,2026-05-21 14:44:08,,候选关系应按原文作用范围判断；本片段可保留：黄豆 —recordedInText→ 《摘录》，跨段推断不应采纳。,logs/userstudy/P094/SYS-T9/B-L5-01.json,Y,N,,Y,,201.0
2147,P094,Medical_researcher,1,SYS-T9,B-L6-02,B,L6,2026-05-21 14:44:33,2026-05-21 14:47:29,,证据链：冻结原文 → 实体识别 → 瓜 —hasNature→ 平 → 上下文范围核验。,logs/userstudy/P094/SYS-T9/B-L6-02.json,Y,N,,Y,,176.0
2148,P094,Medical_researcher,1,SYS-T9,B-L6-01,B,L6,2026-05-21 14:47:38,2026-05-21 14:49:53,,证据链：冻结原文 → 实体识别 → 酒 —hasNature→ 寒 → 上下文范围核验。,logs/userstudy/P094/SYS-T9/B-L6-01.json,Y,N,,Y,,135.0
2149,P094,Medical_researcher,2,SYS-R4,A-L1-01,A,L1,2026-05-21 15:10:15,2026-05-21 15:10:50,,水；《内经》,logs/userstudy/P094/SYS-R4/A-L1-01.json,Y,N,,Y,,35.0
2150,P094,Medical_researcher,2,SYS-R4,A-L1-02,A,L1,2026-05-21 15:11:12,2026-05-21 15:11:47,,甘；平,logs/userstudy/P094/SYS-R4/A-L1-02.json,Y,N,,Y,,35.0
2151,P094,Medical_researcher,2,SYS-R4,A-L2-02,A,L2,2026-05-21 15:12:05,2026-05-21 15:13:09,,水（食材）；水（食材）；选用食料的方（食疗方）,logs/userstudy/P094/SYS-R4/A-L2-02.json,Y,N,,Y,,64.0
2152,P094,Medical_researcher,2,SYS-R4,A-L2-01,A,L2,2026-05-21 15:13:32,2026-05-21 15:15:15,,倾向于认为候选关系成立，但未能给出完整证据链。,logs/userstudy/P094/SYS-R4/A-L2-01.json,Y,N,,Y,,103.0
2153,P094,Medical_researcher,2,SYS-R4,A-L3-02,A,L3,2026-05-21 15:15:28,2026-05-21 15:16:39,,然多食生痰桑饮 —usesCookingMethod→ 腌,logs/userstudy/P094/SYS-R4/A-L3-02.json,Y,N,,Y,,71.0
2154,P094,Medical_researcher,2,SYS-R4,A-L3-01,A,L3,2026-05-21 15:16:51,2026-05-21 15:18:40,,瓜 —hasNature→ 平,logs/userstudy/P094/SYS-R4/A-L3-01.json,Y,N,,Y,,109.0
2155,P094,Medical_researcher,2,SYS-R4,A-L4-01,A,L4,2026-05-21 15:18:49,2026-05-21 15:21:49,,证据更充分的关系为：睡乡散 —recordedInText→ 《饮食谱》；理由：论元与谓词位于同句或同一处方段落。,logs/userstudy/P094/SYS-R4/A-L4-01.json,Y,N,,Y,,180.0
2156,P094,Medical_researcher,2,SYS-R4,A-L4-02,A,L4,2026-05-21 15:21:57,2026-05-21 15:24:37,,原文信息可能支持该结论，不过需要结合前后文进一步判断。,logs/userstudy/P094/SYS-R4/A-L4-02.json,Y,N,,Y,,160.0
2157,P094,Medical_researcher,2,SYS-R4,A-L5-01,A,L5,2026-05-21 15:24:53,2026-05-21 15:27:41,,候选关系应按原文作用范围判断；本片段可保留：水 —hasNature→ 寒，跨段推断不应采纳。,logs/userstudy/P094/SYS-R4/A-L5-01.json,Y,N,,Y,,168.0
2158,P094,Medical_researcher,2,SYS-R4,A-L5-02,A,L5,2026-05-21 15:28:05,2026-05-21 15:30:58,,候选关系应按原文作用范围判断；本片段可保留：油 —hasNature→ 凉，跨段推断不应采纳。,logs/userstudy/P094/SYS-R4/A-L5-02.json,Y,N,,Y,,173.0
2159,P094,Medical_researcher,2,SYS-R4,A-L6-01,A,L6,2026-05-21 15:31:23,2026-05-21 15:34:39,,倾向于认为候选关系成立，但未能给出完整证据链。,logs/userstudy/P094/SYS-R4/A-L6-01.json,Y,N,,Y,,196.0
2160,P094,Medical_researcher,2,SYS-R4,A-L6-02,A,L6,2026-05-21 15:34:50,2026-05-21 15:38:37,,证据链：冻结原文 → 实体识别 → 水 —hasNature→ 凉 → 上下文范围核验。,logs/userstudy/P094/SYS-R4/A-L6-02.json,Y,N,,Y,,227.0
2161,P096,Medical_researcher,1,SYS-R4,B-L1-02,B,L1,2026-05-22 09:20:18,2026-05-22 09:21:01,,盐；拌,logs/userstudy/P096/SYS-R4/B-L1-02.json,Y,N,,Y,,43.0
2162,P096,Medical_researcher,1,SYS-R4,B-L1-01,B,L1,2026-05-22 09:21:17,2026-05-22 09:21:52,,温；消渴,logs/userstudy/P096/SYS-R4/B-L1-01.json,Y,N,,Y,,35.0
2163,P096,Medical_researcher,1,SYS-R4,B-L2-01,B,L2,2026-05-22 09:22:04,2026-05-22 09:22:56,,《人世:间》（古籍来源）；《马蹄》（古籍来源）；或解作击散（食疗方）,logs/userstudy/P096/SYS-R4/B-L2-01.json,Y,N,,Y,,52.0
2164,P096,Medical_researcher,1,SYS-R4,B-L2-02,B,L2,2026-05-22 09:23:21,2026-05-22 09:23:56,,油（食材）；水（食材）；水（食材）,logs/userstudy/P096/SYS-R4/B-L2-02.json,Y,N,,Y,,35.0
2165,P096,Medical_researcher,1,SYS-R4,B-L3-01,B,L3,2026-05-22 09:24:10,2026-05-22 09:25:07,,水 —hasEffect→ 清热,logs/userstudy/P096/SYS-R4/B-L3-01.json,Y,N,,Y,,57.0
2166,P096,Medical_researcher,1,SYS-R4,B-L3-02,B,L3,2026-05-22 09:25:22,2026-05-22 09:26:48,,内宫散 —containsIngredient→ 醋,logs/userstudy/P096/SYS-R4/B-L3-02.json,Y,N,,Y,,86.0
2167,P096,Medical_researcher,1,SYS-R4,B-L4-02,B,L4,2026-05-22 09:27:10,2026-05-22 09:29:39,,证据更充分的关系为：米 —hasFlavor→ 甘；理由：论元与谓词位于同句或同一处方段落。,logs/userstudy/P096/SYS-R4/B-L4-02.json,Y,N,,Y,,149.0
2168,P096,Medical_researcher,1,SYS-R4,B-L4-01,B,L4,2026-05-22 09:30:02,2026-05-22 09:33:10,,证据更充分的关系为：水 —hasNature→ 平；理由：论元与谓词位于同句或同一处方段落。,logs/userstudy/P096/SYS-R4/B-L4-01.json,Y,N,,Y,,188.0
2169,P096,Medical_researcher,1,SYS-R4,B-L5-01,B,L5,2026-05-22 09:33:34,2026-05-22 09:36:18,,倾向于认为候选关系成立，但未能给出完整证据链。,logs/userstudy/P096/SYS-R4/B-L5-01.json,Y,N,,Y,,164.0
2170,P096,Medical_researcher,1,SYS-R4,B-L5-02,B,L5,2026-05-22 09:36:28,2026-05-22 09:39:49,,候选关系应按原文作用范围判断；本片段可保留：水 —hasFlavor→ 涩，跨段推断不应采纳。,logs/userstudy/P096/SYS-R4/B-L5-02.json,Y,N,,Y,,201.0
2171,P096,Medical_researcher,1,SYS-R4,B-L6-02,B,L6,2026-05-22 09:40:13,2026-05-22 09:43:49,,原文能确认相关实体，但关系方向和作用范围仍不够明确。,logs/userstudy/P096/SYS-R4/B-L6-02.json,Y,N,,Y,,216.0
2172,P096,Medical_researcher,1,SYS-R4,B-L6-01,B,L6,2026-05-22 09:44:10,2026-05-22 09:47:48,,证据链：冻结原文 → 实体识别 → 酒 —hasNature→ 寒 → 上下文范围核验。,logs/userstudy/P096/SYS-R4/B-L6-01.json,Y,N,,Y,,218.0
2173,P096,Medical_researcher,2,SYS-T9,A-L1-01,A,L1,2026-05-22 10:08:08,2026-05-22 10:09:14,,水；《内经》,logs/userstudy/P096/SYS-T9/A-L1-01.json,Y,N,,Y,,66.0
2174,P096,Medical_researcher,2,SYS-T9,A-L1-02,A,L1,2026-05-22 10:09:32,2026-05-22 10:10:45,,甘；平,logs/userstudy/P096/SYS-T9/A-L1-02.json,Y,N,,Y,,73.0
2175,P096,Medical_researcher,2,SYS-T9,A-L2-01,A,L2,2026-05-22 10:10:55,2026-05-22 10:12:50,,心（脏腑）；温（食性）；心（脏腑）,logs/userstudy/P096/SYS-T9/A-L2-01.json,Y,N,,Y,,115.0
2176,P096,Medical_researcher,2,SYS-T9,A-L2-02,A,L2,2026-05-22 10:13:15,2026-05-22 10:15:34,,水（食材）；水（食材）；选用食料的方（食疗方）,logs/userstudy/P096/SYS-T9/A-L2-02.json,Y,N,,Y,,139.0
2177,P096,Medical_researcher,2,SYS-T9,A-L3-01,A,L3,2026-05-22 10:15:58,2026-05-22 10:18:46,,原文能确认相关实体，但关系方向和作用范围仍不够明确。,logs/userstudy/P096/SYS-T9/A-L3-01.json,Y,N,,Y,,168.0
2178,P096,Medical_researcher,2,SYS-T9,A-L3-02,A,L3,2026-05-22 10:19:01,2026-05-22 10:21:09,,然多食生痰桑饮 —usesCookingMethod→ 腌,logs/userstudy/P096/SYS-T9/A-L3-02.json,Y,N,,Y,,128.0
2179,P096,Medical_researcher,2,SYS-T9,A-L4-02,A,L4,2026-05-22 10:21:28,2026-05-22 10:23:46,,证据更充分的关系为：盐 —hasFlavor→ 甘；理由：论元与谓词位于同句或同一处方段落。,logs/userstudy/P096/SYS-T9/A-L4-02.json,Y,N,,Y,,138.0
2180,P096,Medical_researcher,2,SYS-T9,A-L4-01,A,L4,2026-05-22 10:24:07,2026-05-22 10:26:20,,证据更充分的关系为：睡乡散 —recordedInText→ 《饮食谱》；理由：论元与谓词位于同句或同一处方段落。,logs/userstudy/P096/SYS-T9/A-L4-01.json,Y,N,,Y,,133.0
2181,P096,Medical_researcher,2,SYS-T9,A-L5-01,A,L5,2026-05-22 10:26:33,2026-05-22 10:29:58,,候选关系应按原文作用范围判断；本片段可保留：水 —hasNature→ 寒，跨段推断不应采纳。,logs/userstudy/P096/SYS-T9/A-L5-01.json,Y,N,,Y,,205.0
2182,P096,Medical_researcher,2,SYS-T9,A-L5-02,A,L5,2026-05-22 10:30:15,2026-05-22 10:34:06,,候选关系应按原文作用范围判断；本片段可保留：油 —hasNature→ 凉，跨段推断不应采纳。,logs/userstudy/P096/SYS-T9/A-L5-02.json,Y,N,,Y,,231.0
2183,P096,Medical_researcher,2,SYS-T9,A-L6-02,A,L6,2026-05-22 10:34:16,2026-05-22 10:38:07,,证据链：冻结原文 → 实体识别 → 水 —hasNature→ 凉 → 上下文范围核验。,logs/userstudy/P096/SYS-T9/A-L6-02.json,Y,N,,Y,,231.0
2184,P096,Medical_researcher,2,SYS-T9,A-L6-01,A,L6,2026-05-22 10:38:22,2026-05-22 10:42:06,,证据链：冻结原文 → 实体识别 → 油 —hasNature→ 大寒 → 上下文范围核验。,logs/userstudy/P096/SYS-T9/A-L6-01.json,Y,N,,Y,,224.0
2185,P097,Medical_researcher,1,SYS-T9,A-L1-02,A,L1,2026-05-22 14:10:40,2026-05-22 14:11:59,,甘；平,logs/userstudy/P097/SYS-T9/A-L1-02.json,Y,N,,Y,,79.0
2186,P097,Medical_researcher,1,SYS-T9,A-L1-01,A,L1,2026-05-22 14:12:18,2026-05-22 14:13:29,,水；《内经》,logs/userstudy/P097/SYS-T9/A-L1-01.json,Y,N,,Y,,71.0
2187,P097,Medical_researcher,1,SYS-T9,A-L2-01,A,L2,2026-05-22 14:13:53,2026-05-22 14:15:29,,心（脏腑）；温（食性）；心（脏腑）,logs/userstudy/P097/SYS-T9/A-L2-01.json,Y,N,,Y,,96.0
2188,P097,Medical_researcher,1,SYS-T9,A-L2-02,A,L2,2026-05-22 14:15:38,2026-05-22 14:17:41,,未发现足够直接的谓词证据，暂不作确定判断。,logs/userstudy/P097/SYS-T9/A-L2-02.json,Y,N,,Y,,123.0
2189,P097,Medical_researcher,1,SYS-T9,A-L3-01,A,L3,2026-05-22 14:17:54,2026-05-22 14:20:50,,瓜 —hasNature→ 平,logs/userstudy/P097/SYS-T9/A-L3-01.json,Y,N,,Y,,176.0
2190,P097,Medical_researcher,1,SYS-T9,A-L3-02,A,L3,2026-05-22 14:21:15,2026-05-22 14:23:32,,然多食生痰桑饮 —usesCookingMethod→ 腌,logs/userstudy/P097/SYS-T9/A-L3-02.json,Y,N,,Y,,137.0
2191,P097,Medical_researcher,1,SYS-T9,A-L4-01,A,L4,2026-05-22 14:23:47,2026-05-22 14:25:52,,证据更充分的关系为：睡乡散 —recordedInText→ 《饮食谱》；理由：论元与谓词位于同句或同一处方段落。,logs/userstudy/P097/SYS-T9/A-L4-01.json,Y,N,,Y,,125.0
2192,P097,Medical_researcher,1,SYS-T9,A-L4-02,A,L4,2026-05-22 14:26:06,2026-05-22 14:28:10,,证据更充分的关系为：盐 —hasFlavor→ 甘；理由：论元与谓词位于同句或同一处方段落。,logs/userstudy/P097/SYS-T9/A-L4-02.json,Y,N,,Y,,124.0
2193,P097,Medical_researcher,1,SYS-T9,A-L5-02,A,L5,2026-05-22 14:28:31,2026-05-22 14:32:18,,候选关系应按原文作用范围判断；本片段可保留：油 —hasNature→ 凉，跨段推断不应采纳。,logs/userstudy/P097/SYS-T9/A-L5-02.json,Y,N,,Y,,227.0
2194,P097,Medical_researcher,1,SYS-T9,A-L5-01,A,L5,2026-05-22 14:32:38,2026-05-22 14:36:54,,候选关系应按原文作用范围判断；本片段可保留：水 —hasNature→ 寒，跨段推断不应采纳。,logs/userstudy/P097/SYS-T9/A-L5-01.json,Y,N,,Y,,256.0
2195,P097,Medical_researcher,1,SYS-T9,A-L6-02,A,L6,2026-05-22 14:37:06,2026-05-22 14:38:58,,,logs/userstudy/P097/SYS-T9/A-L6-02.json,N,N,connection_interruption,N,页面在提交前短暂断开，未形成有效回答。,112.0
2196,P097,Medical_researcher,1,SYS-T9,A-L6-01,A,L6,2026-05-22 14:39:06,2026-05-22 14:43:26,,倾向于认为候选关系成立，但未能给出完整证据链。,logs/userstudy/P097/SYS-T9/A-L6-01.json,Y,N,,Y,,260.0
2197,P097,Medical_researcher,2,SYS-R4,B-L1-02,B,L1,2026-05-22 15:03:41,2026-05-22 15:04:16,,盐；拌,logs/userstudy/P097/SYS-R4/B-L1-02.json,Y,N,,Y,,35.0
2198,P097,Medical_researcher,2,SYS-R4,B-L1-01,B,L1,2026-05-22 15:04:25,2026-05-22 15:05:00,,原文能确认相关实体，但关系方向和作用范围仍不够明确。,logs/userstudy/P097/SYS-R4/B-L1-01.json,Y,N,,Y,,35.0
2199,P097,Medical_researcher,2,SYS-R4,B-L2-02,B,L2,2026-05-22 15:05:08,2026-05-22 15:06:15,,油（食材）；水（食材）；水（食材）,logs/userstudy/P097/SYS-R4/B-L2-02.json,Y,N,,Y,,67.0
2200,P097,Medical_researcher,2,SYS-R4,B-L2-01,B,L2,2026-05-22 15:06:26,2026-05-22 15:08:10,,《人世:间》（古籍来源）；《马蹄》（古籍来源）；或解作击散（食疗方）,logs/userstudy/P097/SYS-R4/B-L2-01.json,Y,N,,Y,,104.0
2201,P097,Medical_researcher,2,SYS-R4,B-L3-01,B,L3,2026-05-22 15:08:28,2026-05-22 15:09:58,,水 —hasEffect→ 清热,logs/userstudy/P097/SYS-R4/B-L3-01.json,Y,N,,Y,,90.0
2202,P097,Medical_researcher,2,SYS-R4,B-L3-02,B,L3,2026-05-22 15:10:08,2026-05-22 15:12:25,,内宫散 —containsIngredient→ 醋,logs/userstudy/P097/SYS-R4/B-L3-02.json,Y,N,,Y,,137.0
2203,P097,Medical_researcher,2,SYS-R4,B-L4-01,B,L4,2026-05-22 15:12:34,2026-05-22 15:14:18,,证据更充分的关系为：水 —hasNature→ 平；理由：论元与谓词位于同句或同一处方段落。,logs/userstudy/P097/SYS-R4/B-L4-01.json,Y,N,,Y,,104.0
2204,P097,Medical_researcher,2,SYS-R4,B-L4-02,B,L4,2026-05-22 15:14:32,2026-05-22 15:16:52,,证据更充分的关系为：米 —hasFlavor→ 甘；理由：论元与谓词位于同句或同一处方段落。,logs/userstudy/P097/SYS-R4/B-L4-02.json,Y,N,,Y,,140.0
2205,P097,Medical_researcher,2,SYS-R4,B-L5-02,B,L5,2026-05-22 15:17:08,2026-05-22 15:20:58,,原文能确认相关实体，但关系方向和作用范围仍不够明确。,logs/userstudy/P097/SYS-R4/B-L5-02.json,Y,N,,Y,,230.0
2206,P097,Medical_researcher,2,SYS-R4,B-L5-01,B,L5,2026-05-22 15:21:07,2026-05-22 15:23:42,,候选关系应按原文作用范围判断；本片段可保留：黄豆 —recordedInText→ 《摘录》，跨段推断不应采纳。,logs/userstudy/P097/SYS-R4/B-L5-01.json,Y,N,,Y,,155.0
2207,P097,Medical_researcher,2,SYS-R4,B-L6-02,B,L6,2026-05-22 15:24:07,2026-05-22 15:28:06,,原文能确认相关实体，但关系方向和作用范围仍不够明确。,logs/userstudy/P097/SYS-R4/B-L6-02.json,Y,N,,Y,,239.0
2208,P097,Medical_researcher,2,SYS-R4,B-L6-01,B,L6,2026-05-22 15:28:16,2026-05-22 15:32:43,,证据链：冻结原文 → 实体识别 → 酒 —hasNature→ 寒 → 上下文范围核验。,logs/userstudy/P097/SYS-R4/B-L6-01.json,Y,N,,Y,,267.0
2209,P098,Medical_researcher,1,SYS-R4,A-L1-02,A,L1,2026-05-25 09:00:01,2026-05-25 09:00:36,,甘；平,logs/userstudy/P098/SYS-R4/A-L1-02.json,Y,N,,Y,,35.0
2210,P098,Medical_researcher,1,SYS-R4,A-L1-01,A,L1,2026-05-25 09:00:56,2026-05-25 09:01:58,,水；《内经》,logs/userstudy/P098/SYS-R4/A-L1-01.json,Y,N,,Y,,62.0
2211,P098,Medical_researcher,1,SYS-R4,A-L2-02,A,L2,2026-05-25 09:02:19,2026-05-25 09:03:54,,水（食材）；水（食材）；选用食料的方（食疗方）,logs/userstudy/P098/SYS-R4/A-L2-02.json,Y,N,,Y,,95.0
2212,P098,Medical_researcher,1,SYS-R4,A-L2-01,A,L2,2026-05-25 09:04:09,2026-05-25 09:05:33,,心（脏腑）；温（食性）；心（脏腑）,logs/userstudy/P098/SYS-R4/A-L2-01.json,Y,N,,Y,,84.0
2213,P098,Medical_researcher,1,SYS-R4,A-L3-02,A,L3,2026-05-25 09:05:44,2026-05-25 09:07:11,,然多食生痰桑饮 —usesCookingMethod→ 腌,logs/userstudy/P098/SYS-R4/A-L3-02.json,Y,N,,Y,,87.0
2214,P098,Medical_researcher,1,SYS-R4,A-L3-01,A,L3,2026-05-25 09:07:26,2026-05-25 09:09:09,,瓜 —hasNature→ 平,logs/userstudy/P098/SYS-R4/A-L3-01.json,Y,N,,Y,,103.0
2215,P098,Medical_researcher,1,SYS-R4,A-L4-01,A,L4,2026-05-25 09:09:32,2026-05-25 09:12:16,,证据更充分的关系为：睡乡散 —recordedInText→ 《饮食谱》；理由：论元与谓词位于同句或同一处方段落。,logs/userstudy/P098/SYS-R4/A-L4-01.json,Y,N,,Y,,164.0
2216,P098,Medical_researcher,1,SYS-R4,A-L4-02,A,L4,2026-05-25 09:12:29,2026-05-25 09:14:25,,未发现足够直接的谓词证据，暂不作确定判断。,logs/userstudy/P098/SYS-R4/A-L4-02.json,Y,N,,Y,,116.0
2217,P098,Medical_researcher,1,SYS-R4,A-L5-02,A,L5,2026-05-25 09:14:49,2026-05-25 09:17:15,,候选关系应按原文作用范围判断；本片段可保留：油 —hasNature→ 凉，跨段推断不应采纳。,logs/userstudy/P098/SYS-R4/A-L5-02.json,Y,N,,Y,,146.0
2218,P098,Medical_researcher,1,SYS-R4,A-L5-01,A,L5,2026-05-25 09:17:27,2026-05-25 09:20:04,,候选关系应按原文作用范围判断；本片段可保留：水 —hasNature→ 寒，跨段推断不应采纳。,logs/userstudy/P098/SYS-R4/A-L5-01.json,Y,N,,Y,,157.0
2219,P098,Medical_researcher,1,SYS-R4,A-L6-02,A,L6,2026-05-25 09:20:15,2026-05-25 09:23:06,,证据链：冻结原文 → 实体识别 → 水 —hasNature→ 凉 → 上下文范围核验。,logs/userstudy/P098/SYS-R4/A-L6-02.json,Y,N,,Y,,171.0
2220,P098,Medical_researcher,1,SYS-R4,A-L6-01,A,L6,2026-05-25 09:23:30,2026-05-25 09:26:38,,证据链：冻结原文 → 实体识别 → 油 —hasNature→ 大寒 → 上下文范围核验。,logs/userstudy/P098/SYS-R4/A-L6-01.json,Y,N,,Y,,188.0
2221,P098,Medical_researcher,2,SYS-T9,B-L1-02,B,L1,2026-05-25 09:46:52,2026-05-25 09:48:00,,盐；拌,logs/userstudy/P098/SYS-T9/B-L1-02.json,Y,N,,Y,,68.0
2222,P098,Medical_researcher,2,SYS-T9,B-L1-01,B,L1,2026-05-25 09:48:19,2026-05-25 09:49:18,,温；消渴,logs/userstudy/P098/SYS-T9/B-L1-01.json,Y,N,,Y,,59.0
2223,P098,Medical_researcher,2,SYS-T9,B-L2-01,B,L2,2026-05-25 09:49:29,2026-05-25 09:50:55,,《人世:间》（古籍来源）；《马蹄》（古籍来源）；或解作击散（食疗方）,logs/userstudy/P098/SYS-T9/B-L2-01.json,Y,N,,Y,,86.0
2224,P098,Medical_researcher,2,SYS-T9,B-L2-02,B,L2,2026-05-25 09:51:07,2026-05-25 09:52:33,,油（食材）；水（食材）；水（食材）,logs/userstudy/P098/SYS-T9/B-L2-02.json,Y,N,,Y,,86.0
2225,P098,Medical_researcher,2,SYS-T9,B-L3-01,B,L3,2026-05-25 09:52:47,2026-05-25 09:54:53,,原文信息可能支持该结论，不过需要结合前后文进一步判断。,logs/userstudy/P098/SYS-T9/B-L3-01.json,Y,N,,Y,,126.0
2226,P098,Medical_researcher,2,SYS-T9,B-L3-02,B,L3,2026-05-25 09:55:11,2026-05-25 09:57:08,,内宫散 —containsIngredient→ 醋,logs/userstudy/P098/SYS-T9/B-L3-02.json,Y,N,,Y,,117.0
2227,P098,Medical_researcher,2,SYS-T9,B-L4-02,B,L4,2026-05-25 09:57:20,2026-05-25 10:00:41,,原文信息可能支持该结论，不过需要结合前后文进一步判断。,logs/userstudy/P098/SYS-T9/B-L4-02.json,Y,N,,Y,,201.0
2228,P098,Medical_researcher,2,SYS-T9,B-L4-01,B,L4,2026-05-25 10:00:56,2026-05-25 10:04:05,,证据更充分的关系为：水 —hasNature→ 平；理由：论元与谓词位于同句或同一处方段落。,logs/userstudy/P098/SYS-T9/B-L4-01.json,Y,N,,Y,,189.0
2229,P098,Medical_researcher,2,SYS-T9,B-L5-01,B,L5,2026-05-25 10:04:19,2026-05-25 10:08:58,,候选关系应按原文作用范围判断；本片段可保留：黄豆 —recordedInText→ 《摘录》，跨段推断不应采纳。,logs/userstudy/P098/SYS-T9/B-L5-01.json,Y,N,,Y,,279.0
2230,P098,Medical_researcher,2,SYS-T9,B-L5-02,B,L5,2026-05-25 10:09:13,2026-05-25 10:11:48,,原文信息可能支持该结论，不过需要结合前后文进一步判断。,logs/userstudy/P098/SYS-T9/B-L5-02.json,Y,N,,Y,,155.0
2231,P098,Medical_researcher,2,SYS-T9,B-L6-02,B,L6,2026-05-25 10:12:00,2026-05-25 10:15:05,,证据链：冻结原文 → 实体识别 → 瓜 —hasNature→ 平 → 上下文范围核验。,logs/userstudy/P098/SYS-T9/B-L6-02.json,Y,N,,Y,,185.0
2232,P098,Medical_researcher,2,SYS-T9,B-L6-01,B,L6,2026-05-25 10:15:14,2026-05-25 10:19:26,,证据链：冻结原文 → 实体识别 → 酒 —hasNature→ 寒 → 上下文范围核验。,logs/userstudy/P098/SYS-T9/B-L6-01.json,Y,N,,Y,,252.0
2233,P099,Medical_researcher,1,SYS-T9,B-L1-01,B,L1,2026-05-25 14:10:08,2026-05-25 14:11:33,,温；消渴,logs/userstudy/P099/SYS-T9/B-L1-01.json,Y,N,,Y,,85.0
2234,P099,Medical_researcher,1,SYS-T9,B-L1-02,B,L1,2026-05-25 14:11:43,2026-05-25 14:13:03,,盐；拌,logs/userstudy/P099/SYS-T9/B-L1-02.json,Y,N,,Y,,80.0
2235,P099,Medical_researcher,1,SYS-T9,B-L2-02,B,L2,2026-05-25 14:13:20,2026-05-25 14:15:45,,油（食材）；水（食材）；水（食材）,logs/userstudy/P099/SYS-T9/B-L2-02.json,Y,N,,Y,,145.0
2236,P099,Medical_researcher,1,SYS-T9,B-L2-01,B,L2,2026-05-25 14:16:08,2026-05-25 14:17:38,,《人世:间》（古籍来源）；《马蹄》（古籍来源）；或解作击散（食疗方）,logs/userstudy/P099/SYS-T9/B-L2-01.json,Y,N,,Y,,90.0
2237,P099,Medical_researcher,1,SYS-T9,B-L3-02,B,L3,2026-05-25 14:17:49,2026-05-25 14:20:10,,内宫散 —containsIngredient→ 醋,logs/userstudy/P099/SYS-T9/B-L3-02.json,Y,N,,Y,,141.0
2238,P099,Medical_researcher,1,SYS-T9,B-L3-01,B,L3,2026-05-25 14:20:26,2026-05-25 14:22:12,,水 —hasEffect→ 清热,logs/userstudy/P099/SYS-T9/B-L3-01.json,Y,N,,Y,,106.0
2239,P099,Medical_researcher,1,SYS-T9,B-L4-01,B,L4,2026-05-25 14:22:23,2026-05-25 14:24:16,,证据更充分的关系为：水 —hasNature→ 平；理由：论元与谓词位于同句或同一处方段落。,logs/userstudy/P099/SYS-T9/B-L4-01.json,Y,N,,Y,,113.0
2240,P099,Medical_researcher,1,SYS-T9,B-L4-02,B,L4,2026-05-25 14:24:30,2026-05-25 14:27:57,,证据更充分的关系为：米 —hasFlavor→ 甘；理由：论元与谓词位于同句或同一处方段落。,logs/userstudy/P099/SYS-T9/B-L4-02.json,Y,N,,Y,,207.0
2241,P099,Medical_researcher,1,SYS-T9,B-L5-01,B,L5,2026-05-25 14:28:22,2026-05-25 14:31:53,,倾向于认为候选关系成立，但未能给出完整证据链。,logs/userstudy/P099/SYS-T9/B-L5-01.json,Y,N,,Y,,211.0
2242,P099,Medical_researcher,1,SYS-T9,B-L5-02,B,L5,2026-05-25 14:32:14,2026-05-25 14:35:52,,未发现足够直接的谓词证据，暂不作确定判断。,logs/userstudy/P099/SYS-T9/B-L5-02.json,Y,N,,Y,,218.0
2243,P099,Medical_researcher,1,SYS-T9,B-L6-01,B,L6,2026-05-25 14:36:15,2026-05-25 14:40:51,,证据链：冻结原文 → 实体识别 → 酒 —hasNature→ 寒 → 上下文范围核验。,logs/userstudy/P099/SYS-T9/B-L6-01.json,Y,N,,Y,,276.0
2244,P099,Medical_researcher,1,SYS-T9,B-L6-02,B,L6,2026-05-25 14:41:09,2026-05-25 14:43:21,,原文信息可能支持该结论，不过需要结合前后文进一步判断。,logs/userstudy/P099/SYS-T9/B-L6-02.json,Y,N,,Y,,132.0
2245,P099,Medical_researcher,2,SYS-R4,A-L1-02,A,L1,2026-05-25 15:03:31,2026-05-25 15:04:10,,甘；平,logs/userstudy/P099/SYS-R4/A-L1-02.json,Y,N,,Y,,39.0
2246,P099,Medical_researcher,2,SYS-R4,A-L1-01,A,L1,2026-05-25 15:04:28,2026-05-25 15:05:03,,水；《内经》,logs/userstudy/P099/SYS-R4/A-L1-01.json,Y,N,,Y,,35.0
2247,P099,Medical_researcher,2,SYS-R4,A-L2-02,A,L2,2026-05-25 15:05:14,2026-05-25 15:06:13,,水（食材）；水（食材）；选用食料的方（食疗方）,logs/userstudy/P099/SYS-R4/A-L2-02.json,Y,N,,Y,,59.0
2248,P099,Medical_researcher,2,SYS-R4,A-L2-01,A,L2,2026-05-25 15:06:21,2026-05-25 15:07:42,,心（脏腑）；温（食性）；心（脏腑）,logs/userstudy/P099/SYS-R4/A-L2-01.json,Y,N,,Y,,81.0
2249,P099,Medical_researcher,2,SYS-R4,A-L3-01,A,L3,2026-05-25 15:07:50,2026-05-25 15:08:30,,瓜 —hasNature→ 平,logs/userstudy/P099/SYS-R4/A-L3-01.json,Y,N,,Y,,40.0
2250,P099,Medical_researcher,2,SYS-R4,A-L3-02,A,L3,2026-05-25 15:08:48,2026-05-25 15:10:33,,然多食生痰桑饮 —usesCookingMethod→ 腌,logs/userstudy/P099/SYS-R4/A-L3-02.json,Y,N,,Y,,105.0
2251,P099,Medical_researcher,2,SYS-R4,A-L4-01,A,L4,2026-05-25 15:10:47,2026-05-25 15:13:04,,证据更充分的关系为：睡乡散 —recordedInText→ 《饮食谱》；理由：论元与谓词位于同句或同一处方段落。,logs/userstudy/P099/SYS-R4/A-L4-01.json,Y,N,,Y,,137.0
2252,P099,Medical_researcher,2,SYS-R4,A-L4-02,A,L4,2026-05-25 15:13:18,2026-05-25 15:16:01,,证据更充分的关系为：盐 —hasFlavor→ 甘；理由：论元与谓词位于同句或同一处方段落。,logs/userstudy/P099/SYS-R4/A-L4-02.json,Y,N,,Y,,163.0
2253,P099,Medical_researcher,2,SYS-R4,A-L5-01,A,L5,2026-05-25 15:16:26,2026-05-25 15:19:24,,候选关系应按原文作用范围判断；本片段可保留：水 —hasNature→ 寒，跨段推断不应采纳。,logs/userstudy/P099/SYS-R4/A-L5-01.json,Y,N,,Y,,178.0
2254,P099,Medical_researcher,2,SYS-R4,A-L5-02,A,L5,2026-05-25 15:19:40,2026-05-25 15:22:12,,候选关系应按原文作用范围判断；本片段可保留：油 —hasNature→ 凉，跨段推断不应采纳。,logs/userstudy/P099/SYS-R4/A-L5-02.json,Y,N,,Y,,152.0
2255,P099,Medical_researcher,2,SYS-R4,A-L6-01,A,L6,2026-05-25 15:22:21,2026-05-25 15:26:38,,证据链：冻结原文 → 实体识别 → 油 —hasNature→ 大寒 → 上下文范围核验。,logs/userstudy/P099/SYS-R4/A-L6-01.json,Y,N,,Y,,257.0
2256,P099,Medical_researcher,2,SYS-R4,A-L6-02,A,L6,2026-05-25 15:26:56,2026-05-25 15:30:06,,倾向于认为候选关系成立，但未能给出完整证据链。,logs/userstudy/P099/SYS-R4/A-L6-02.json,Y,N,,Y,,190.0
2257,P100,Medical_researcher,1,SYS-R4,B-L1-02,B,L1,2026-05-25 09:20:40,2026-05-25 09:21:36,,盐；拌,logs/userstudy/P100/SYS-R4/B-L1-02.json,Y,N,,Y,,56.0
2258,P100,Medical_researcher,1,SYS-R4,B-L1-01,B,L1,2026-05-25 09:22:01,2026-05-25 09:23:04,,温；消渴,logs/userstudy/P100/SYS-R4/B-L1-01.json,Y,N,,Y,,63.0
2259,P100,Medical_researcher,1,SYS-R4,B-L2-02,B,L2,2026-05-25 09:23:22,2026-05-25 09:24:41,,油（食材）；水（食材）；水（食材）,logs/userstudy/P100/SYS-R4/B-L2-02.json,Y,N,,Y,,79.0
2260,P100,Medical_researcher,1,SYS-R4,B-L2-01,B,L2,2026-05-25 09:24:58,2026-05-25 09:26:20,,《人世:间》（古籍来源）；《马蹄》（古籍来源）；或解作击散（食疗方）,logs/userstudy/P100/SYS-R4/B-L2-01.json,Y,N,,Y,,82.0
2261,P100,Medical_researcher,1,SYS-R4,B-L3-01,B,L3,2026-05-25 09:26:42,2026-05-25 09:29:18,,水 —hasEffect→ 清热,logs/userstudy/P100/SYS-R4/B-L3-01.json,Y,N,,Y,,156.0
2262,P100,Medical_researcher,1,SYS-R4,B-L3-02,B,L3,2026-05-25 09:29:37,2026-05-25 09:31:13,,内宫散 —containsIngredient→ 醋,logs/userstudy/P100/SYS-R4/B-L3-02.json,Y,N,,Y,,96.0
2263,P100,Medical_researcher,1,SYS-R4,B-L4-02,B,L4,2026-05-25 09:31:30,2026-05-25 09:33:53,,证据更充分的关系为：米 —hasFlavor→ 甘；理由：论元与谓词位于同句或同一处方段落。,logs/userstudy/P100/SYS-R4/B-L4-02.json,Y,N,,Y,,143.0
2264,P100,Medical_researcher,1,SYS-R4,B-L4-01,B,L4,2026-05-25 09:34:09,2026-05-25 09:37:31,,证据更充分的关系为：水 —hasNature→ 平；理由：论元与谓词位于同句或同一处方段落。,logs/userstudy/P100/SYS-R4/B-L4-01.json,Y,N,,Y,,202.0
2265,P100,Medical_researcher,1,SYS-R4,B-L5-01,B,L5,2026-05-25 09:37:46,2026-05-25 09:40:34,,候选关系应按原文作用范围判断；本片段可保留：黄豆 —recordedInText→ 《摘录》，跨段推断不应采纳。,logs/userstudy/P100/SYS-R4/B-L5-01.json,Y,N,,Y,,168.0
2266,P100,Medical_researcher,1,SYS-R4,B-L5-02,B,L5,2026-05-25 09:40:50,2026-05-25 09:44:39,,候选关系应按原文作用范围判断；本片段可保留：水 —hasFlavor→ 涩，跨段推断不应采纳。,logs/userstudy/P100/SYS-R4/B-L5-02.json,Y,N,,Y,,229.0
2267,P100,Medical_researcher,1,SYS-R4,B-L6-02,B,L6,2026-05-25 09:44:55,2026-05-25 09:48:56,,证据链：冻结原文 → 实体识别 → 瓜 —hasNature→ 平 → 上下文范围核验。,logs/userstudy/P100/SYS-R4/B-L6-02.json,Y,N,,Y,,241.0
2268,P100,Medical_researcher,1,SYS-R4,B-L6-01,B,L6,2026-05-25 09:49:06,2026-05-25 09:53:15,,未发现足够直接的谓词证据，暂不作确定判断。,logs/userstudy/P100/SYS-R4/B-L6-01.json,Y,N,,Y,,249.0
2269,P100,Medical_researcher,2,SYS-T9,A-L1-01,A,L1,2026-05-25 10:13:32,2026-05-25 10:15:29,,水；《内经》,logs/userstudy/P100/SYS-T9/A-L1-01.json,Y,N,,Y,,117.0
2270,P100,Medical_researcher,2,SYS-T9,A-L1-02,A,L1,2026-05-25 10:15:48,2026-05-25 10:17:21,,甘；平,logs/userstudy/P100/SYS-T9/A-L1-02.json,Y,N,,Y,,93.0
2271,P100,Medical_researcher,2,SYS-T9,A-L2-01,A,L2,2026-05-25 10:17:40,2026-05-25 10:19:06,,心（脏腑）；温（食性）；心（脏腑）,logs/userstudy/P100/SYS-T9/A-L2-01.json,Y,N,,Y,,86.0
2272,P100,Medical_researcher,2,SYS-T9,A-L2-02,A,L2,2026-05-25 10:19:21,2026-05-25 10:21:28,,水（食材）；水（食材）；选用食料的方（食疗方）,logs/userstudy/P100/SYS-T9/A-L2-02.json,Y,N,,Y,,127.0
2273,P100,Medical_researcher,2,SYS-T9,A-L3-01,A,L3,2026-05-25 10:21:49,2026-05-25 10:23:53,,瓜 —hasNature→ 平,logs/userstudy/P100/SYS-T9/A-L3-01.json,Y,N,,Y,,124.0
2274,P100,Medical_researcher,2,SYS-T9,A-L3-02,A,L3,2026-05-25 10:24:01,2026-05-25 10:26:15,,然多食生痰桑饮 —usesCookingMethod→ 腌,logs/userstudy/P100/SYS-T9/A-L3-02.json,Y,N,,Y,,134.0
2275,P100,Medical_researcher,2,SYS-T9,A-L4-01,A,L4,2026-05-25 10:26:37,2026-05-25 10:29:12,,证据更充分的关系为：睡乡散 —recordedInText→ 《饮食谱》；理由：论元与谓词位于同句或同一处方段落。,logs/userstudy/P100/SYS-T9/A-L4-01.json,Y,N,,Y,,155.0
2276,P100,Medical_researcher,2,SYS-T9,A-L4-02,A,L4,2026-05-25 10:29:20,2026-05-25 10:32:41,,证据更充分的关系为：盐 —hasFlavor→ 甘；理由：论元与谓词位于同句或同一处方段落。,logs/userstudy/P100/SYS-T9/A-L4-02.json,Y,N,,Y,,201.0
2277,P100,Medical_researcher,2,SYS-T9,A-L5-02,A,L5,2026-05-25 10:32:58,2026-05-25 10:37:14,,候选关系应按原文作用范围判断；本片段可保留：油 —hasNature→ 凉，跨段推断不应采纳。,logs/userstudy/P100/SYS-T9/A-L5-02.json,Y,N,,Y,,256.0
2278,P100,Medical_researcher,2,SYS-T9,A-L5-01,A,L5,2026-05-25 10:37:27,2026-05-25 10:41:00,,候选关系应按原文作用范围判断；本片段可保留：水 —hasNature→ 寒，跨段推断不应采纳。,logs/userstudy/P100/SYS-T9/A-L5-01.json,Y,N,,Y,,213.0
2279,P100,Medical_researcher,2,SYS-T9,A-L6-02,A,L6,2026-05-25 10:41:23,2026-05-25 10:44:04,,证据链：冻结原文 → 实体识别 → 水 —hasNature→ 凉 → 上下文范围核验。,logs/userstudy/P100/SYS-T9/A-L6-02.json,Y,N,,Y,,161.0
2280,P100,Medical_researcher,2,SYS-T9,A-L6-01,A,L6,2026-05-25 10:44:20,2026-05-25 10:48:51,,证据链：冻结原文 → 实体识别 → 油 —hasNature→ 大寒 → 上下文范围核验。,logs/userstudy/P100/SYS-T9/A-L6-01.json,Y,N,,Y,,271.0
2281,P101,Medical_researcher,1,SYS-T9,A-L1-02,A,L1,2026-05-25 14:10:27,2026-05-25 14:11:39,,甘；平,logs/userstudy/P101/SYS-T9/A-L1-02.json,Y,N,,Y,,72.0
2282,P101,Medical_researcher,1,SYS-T9,A-L1-01,A,L1,2026-05-25 14:11:54,2026-05-25 14:13:30,,水；《内经》,logs/userstudy/P101/SYS-T9/A-L1-01.json,Y,N,,Y,,96.0
2283,P101,Medical_researcher,1,SYS-T9,A-L2-01,A,L2,2026-05-25 14:13:52,2026-05-25 14:16:07,,心（脏腑）；温（食性）；心（脏腑）,logs/userstudy/P101/SYS-T9/A-L2-01.json,Y,N,,Y,,135.0
2284,P101,Medical_researcher,1,SYS-T9,A-L2-02,A,L2,2026-05-25 14:16:21,2026-05-25 14:17:51,,水（食材）；水（食材）；选用食料的方（食疗方）,logs/userstudy/P101/SYS-T9/A-L2-02.json,Y,N,,Y,,90.0
2285,P101,Medical_researcher,1,SYS-T9,A-L3-01,A,L3,2026-05-25 14:18:15,2026-05-25 14:19:45,,原文能确认相关实体，但关系方向和作用范围仍不够明确。,logs/userstudy/P101/SYS-T9/A-L3-01.json,Y,N,,Y,,90.0
2286,P101,Medical_researcher,1,SYS-T9,A-L3-02,A,L3,2026-05-25 14:20:08,2026-05-25 14:21:58,,然多食生痰桑饮 —usesCookingMethod→ 腌,logs/userstudy/P101/SYS-T9/A-L3-02.json,Y,N,,Y,,110.0
2287,P101,Medical_researcher,1,SYS-T9,A-L4-02,A,L4,2026-05-25 14:22:07,2026-05-25 14:25:06,,证据更充分的关系为：盐 —hasFlavor→ 甘；理由：论元与谓词位于同句或同一处方段落。,logs/userstudy/P101/SYS-T9/A-L4-02.json,Y,N,,Y,,179.0
2288,P101,Medical_researcher,1,SYS-T9,A-L4-01,A,L4,2026-05-25 14:25:28,2026-05-25 14:28:26,,证据更充分的关系为：睡乡散 —recordedInText→ 《饮食谱》；理由：论元与谓词位于同句或同一处方段落。,logs/userstudy/P101/SYS-T9/A-L4-01.json,Y,N,,Y,,178.0
2289,P101,Medical_researcher,1,SYS-T9,A-L5-02,A,L5,2026-05-25 14:28:41,2026-05-25 14:32:08,,候选关系应按原文作用范围判断；本片段可保留：油 —hasNature→ 凉，跨段推断不应采纳。,logs/userstudy/P101/SYS-T9/A-L5-02.json,Y,N,,Y,,207.0
2290,P101,Medical_researcher,1,SYS-T9,A-L5-01,A,L5,2026-05-25 14:32:20,2026-05-25 14:35:31,,候选关系应按原文作用范围判断；本片段可保留：水 —hasNature→ 寒，跨段推断不应采纳。,logs/userstudy/P101/SYS-T9/A-L5-01.json,Y,N,,Y,,191.0
2291,P101,Medical_researcher,1,SYS-T9,A-L6-02,A,L6,2026-05-25 14:35:46,2026-05-25 14:39:42,,证据链：冻结原文 → 实体识别 → 水 —hasNature→ 凉 → 上下文范围核验。,logs/userstudy/P101/SYS-T9/A-L6-02.json,Y,N,,Y,,236.0
2292,P101,Medical_researcher,1,SYS-T9,A-L6-01,A,L6,2026-05-25 14:39:54,2026-05-25 14:43:45,,未发现足够直接的谓词证据，暂不作确定判断。,logs/userstudy/P101/SYS-T9/A-L6-01.json,Y,N,,Y,,231.0
2293,P101,Medical_researcher,2,SYS-R4,B-L1-02,B,L1,2026-05-25 15:04:06,2026-05-25 15:05:29,,盐；拌,logs/userstudy/P101/SYS-R4/B-L1-02.json,Y,N,,Y,,83.0
2294,P101,Medical_researcher,2,SYS-R4,B-L1-01,B,L1,2026-05-25 15:05:41,2026-05-25 15:06:16,,温；消渴,logs/userstudy/P101/SYS-R4/B-L1-01.json,Y,N,,Y,,35.0
2295,P101,Medical_researcher,2,SYS-R4,B-L2-01,B,L2,2026-05-25 15:06:29,2026-05-25 15:07:17,,《人世:间》（古籍来源）；《马蹄》（古籍来源）；或解作击散（食疗方）,logs/userstudy/P101/SYS-R4/B-L2-01.json,Y,N,,Y,,48.0
2296,P101,Medical_researcher,2,SYS-R4,B-L2-02,B,L2,2026-05-25 15:07:35,2026-05-25 15:08:40,,油（食材）；水（食材）；水（食材）,logs/userstudy/P101/SYS-R4/B-L2-02.json,Y,N,,Y,,65.0
2297,P101,Medical_researcher,2,SYS-R4,B-L3-02,B,L3,2026-05-25 15:09:03,2026-05-25 15:10:16,,内宫散 —containsIngredient→ 醋,logs/userstudy/P101/SYS-R4/B-L3-02.json,Y,N,,Y,,73.0
2298,P101,Medical_researcher,2,SYS-R4,B-L3-01,B,L3,2026-05-25 15:10:31,2026-05-25 15:11:56,,水 —hasEffect→ 清热,logs/userstudy/P101/SYS-R4/B-L3-01.json,Y,N,,Y,,85.0
2299,P101,Medical_researcher,2,SYS-R4,B-L4-02,B,L4,2026-05-25 15:12:12,2026-05-25 15:14:19,,未发现足够直接的谓词证据，暂不作确定判断。,logs/userstudy/P101/SYS-R4/B-L4-02.json,Y,N,,Y,,127.0
2300,P101,Medical_researcher,2,SYS-R4,B-L4-01,B,L4,2026-05-25 15:14:34,2026-05-25 15:17:28,,未发现足够直接的谓词证据，暂不作确定判断。,logs/userstudy/P101/SYS-R4/B-L4-01.json,Y,N,,Y,,174.0
2301,P101,Medical_researcher,2,SYS-R4,B-L5-02,B,L5,2026-05-25 15:17:39,2026-05-25 15:20:16,,原文信息可能支持该结论，不过需要结合前后文进一步判断。,logs/userstudy/P101/SYS-R4/B-L5-02.json,Y,N,,Y,,157.0
2302,P101,Medical_researcher,2,SYS-R4,B-L5-01,B,L5,2026-05-25 15:20:34,2026-05-25 15:22:41,,候选关系应按原文作用范围判断；本片段可保留：黄豆 —recordedInText→ 《摘录》，跨段推断不应采纳。,logs/userstudy/P101/SYS-R4/B-L5-01.json,Y,N,,Y,,127.0
2303,P101,Medical_researcher,2,SYS-R4,B-L6-02,B,L6,2026-05-25 15:22:54,2026-05-25 15:27:13,,原文能确认相关实体，但关系方向和作用范围仍不够明确。,logs/userstudy/P101/SYS-R4/B-L6-02.json,Y,N,,Y,,259.0
2304,P101,Medical_researcher,2,SYS-R4,B-L6-01,B,L6,2026-05-25 15:27:22,2026-05-25 15:31:27,,未发现足够直接的谓词证据，暂不作确定判断。,logs/userstudy/P101/SYS-R4/B-L6-01.json,Y,N,,Y,,245.0
2305,P102,Medical_researcher,1,SYS-R4,A-L1-01,A,L1,2026-05-25 09:20:09,2026-05-25 09:21:11,,水；《内经》,logs/userstudy/P102/SYS-R4/A-L1-01.json,Y,N,,Y,,62.0
2306,P102,Medical_researcher,1,SYS-R4,A-L1-02,A,L1,2026-05-25 09:21:24,2026-05-25 09:21:59,,甘；平,logs/userstudy/P102/SYS-R4/A-L1-02.json,Y,N,,Y,,35.0
2307,P102,Medical_researcher,1,SYS-R4,A-L2-01,A,L2,2026-05-25 09:22:07,2026-05-25 09:22:58,,心（脏腑）；温（食性）；心（脏腑）,logs/userstudy/P102/SYS-R4/A-L2-01.json,Y,N,,Y,,51.0
2308,P102,Medical_researcher,1,SYS-R4,A-L2-02,A,L2,2026-05-25 09:23:18,2026-05-25 09:23:53,,水（食材）；水（食材）；选用食料的方（食疗方）,logs/userstudy/P102/SYS-R4/A-L2-02.json,Y,N,,Y,,35.0
2309,P102,Medical_researcher,1,SYS-R4,A-L3-01,A,L3,2026-05-25 09:24:02,2026-05-25 09:25:36,,瓜 —hasNature→ 平,logs/userstudy/P102/SYS-R4/A-L3-01.json,Y,N,,Y,,94.0
2310,P102,Medical_researcher,1,SYS-R4,A-L3-02,A,L3,2026-05-25 09:25:45,2026-05-25 09:27:53,,然多食生痰桑饮 —usesCookingMethod→ 腌,logs/userstudy/P102/SYS-R4/A-L3-02.json,Y,N,,Y,,128.0
2311,P102,Medical_researcher,1,SYS-R4,A-L4-02,A,L4,2026-05-25 09:28:13,2026-05-25 09:30:24,,倾向于认为候选关系成立，但未能给出完整证据链。,logs/userstudy/P102/SYS-R4/A-L4-02.json,Y,N,,Y,,131.0
2312,P102,Medical_researcher,1,SYS-R4,A-L4-01,A,L4,2026-05-25 09:30:38,2026-05-25 09:33:28,,未发现足够直接的谓词证据，暂不作确定判断。,logs/userstudy/P102/SYS-R4/A-L4-01.json,Y,N,,Y,,170.0
2313,P102,Medical_researcher,1,SYS-R4,A-L5-02,A,L5,2026-05-25 09:33:40,2026-05-25 09:36:40,,候选关系应按原文作用范围判断；本片段可保留：油 —hasNature→ 凉，跨段推断不应采纳。,logs/userstudy/P102/SYS-R4/A-L5-02.json,Y,N,,Y,,180.0
2314,P102,Medical_researcher,1,SYS-R4,A-L5-01,A,L5,2026-05-25 09:37:05,2026-05-25 09:39:33,,候选关系应按原文作用范围判断；本片段可保留：水 —hasNature→ 寒，跨段推断不应采纳。,logs/userstudy/P102/SYS-R4/A-L5-01.json,Y,N,,Y,,148.0
2315,P102,Medical_researcher,1,SYS-R4,A-L6-02,A,L6,2026-05-25 09:39:56,2026-05-25 09:42:03,,未发现足够直接的谓词证据，暂不作确定判断。,logs/userstudy/P102/SYS-R4/A-L6-02.json,Y,N,,Y,,127.0
2316,P102,Medical_researcher,1,SYS-R4,A-L6-01,A,L6,2026-05-25 09:42:14,2026-05-25 09:45:36,,原文信息可能支持该结论，不过需要结合前后文进一步判断。,logs/userstudy/P102/SYS-R4/A-L6-01.json,Y,N,,Y,,202.0
2317,P102,Medical_researcher,2,SYS-T9,B-L1-02,B,L1,2026-05-25 10:05:56,2026-05-25 10:07:07,,盐；拌,logs/userstudy/P102/SYS-T9/B-L1-02.json,Y,N,,Y,,71.0
2318,P102,Medical_researcher,2,SYS-T9,B-L1-01,B,L1,2026-05-25 10:07:23,2026-05-25 10:08:07,,温；消渴,logs/userstudy/P102/SYS-T9/B-L1-01.json,Y,N,,Y,,44.0
2319,P102,Medical_researcher,2,SYS-T9,B-L2-02,B,L2,2026-05-25 10:08:18,2026-05-25 10:09:49,,油（食材）；水（食材）；水（食材）,logs/userstudy/P102/SYS-T9/B-L2-02.json,Y,N,,Y,,91.0
2320,P102,Medical_researcher,2,SYS-T9,B-L2-01,B,L2,2026-05-25 10:10:06,2026-05-25 10:11:03,,《人世:间》（古籍来源）；《马蹄》（古籍来源）；或解作击散（食疗方）,logs/userstudy/P102/SYS-T9/B-L2-01.json,Y,N,,Y,,57.0
2321,P102,Medical_researcher,2,SYS-T9,B-L3-01,B,L3,2026-05-25 10:11:17,2026-05-25 10:13:24,,水 —hasEffect→ 清热,logs/userstudy/P102/SYS-T9/B-L3-01.json,Y,N,,Y,,127.0
2322,P102,Medical_researcher,2,SYS-T9,B-L3-02,B,L3,2026-05-25 10:13:36,2026-05-25 10:15:16,,内宫散 —containsIngredient→ 醋,logs/userstudy/P102/SYS-T9/B-L3-02.json,Y,N,,Y,,100.0
2323,P102,Medical_researcher,2,SYS-T9,B-L4-01,B,L4,2026-05-25 10:15:36,2026-05-25 10:19:17,,证据更充分的关系为：水 —hasNature→ 平；理由：论元与谓词位于同句或同一处方段落。,logs/userstudy/P102/SYS-T9/B-L4-01.json,Y,N,,Y,,221.0
2324,P102,Medical_researcher,2,SYS-T9,B-L4-02,B,L4,2026-05-25 10:19:32,2026-05-25 10:22:35,,未发现足够直接的谓词证据，暂不作确定判断。,logs/userstudy/P102/SYS-T9/B-L4-02.json,Y,N,,Y,,183.0
2325,P102,Medical_researcher,2,SYS-T9,B-L5-01,B,L5,2026-05-25 10:22:54,2026-05-25 10:26:00,,候选关系应按原文作用范围判断；本片段可保留：黄豆 —recordedInText→ 《摘录》，跨段推断不应采纳。,logs/userstudy/P102/SYS-T9/B-L5-01.json,Y,N,,Y,,186.0
2326,P102,Medical_researcher,2,SYS-T9,B-L5-02,B,L5,2026-05-25 10:26:22,2026-05-25 10:28:57,,候选关系应按原文作用范围判断；本片段可保留：水 —hasFlavor→ 涩，跨段推断不应采纳。,logs/userstudy/P102/SYS-T9/B-L5-02.json,Y,N,,Y,,155.0
2327,P102,Medical_researcher,2,SYS-T9,B-L6-01,B,L6,2026-05-25 10:29:16,2026-05-25 10:33:10,,证据链：冻结原文 → 实体识别 → 酒 —hasNature→ 寒 → 上下文范围核验。,logs/userstudy/P102/SYS-T9/B-L6-01.json,Y,N,,Y,,234.0
2328,P102,Medical_researcher,2,SYS-T9,B-L6-02,B,L6,2026-05-25 10:33:24,2026-05-25 10:37:32,,原文信息可能支持该结论，不过需要结合前后文进一步判断。,logs/userstudy/P102/SYS-T9/B-L6-02.json,Y,N,,Y,,248.0
2329,P103,Medical_researcher,1,SYS-T9,B-L1-02,B,L1,2026-05-25 14:30:05,2026-05-25 14:30:56,,盐；拌,logs/userstudy/P103/SYS-T9/B-L1-02.json,Y,N,,Y,,51.0
2330,P103,Medical_researcher,1,SYS-T9,B-L1-01,B,L1,2026-05-25 14:31:19,2026-05-25 14:32:17,,温；消渴,logs/userstudy/P103/SYS-T9/B-L1-01.json,Y,N,,Y,,58.0
2331,P103,Medical_researcher,1,SYS-T9,B-L2-01,B,L2,2026-05-25 14:32:35,2026-05-25 14:34:01,,倾向于认为候选关系成立，但未能给出完整证据链。,logs/userstudy/P103/SYS-T9/B-L2-01.json,Y,N,,Y,,86.0
2332,P103,Medical_researcher,1,SYS-T9,B-L2-02,B,L2,2026-05-25 14:34:14,2026-05-25 14:35:34,,油（食材）；水（食材）；水（食材）,logs/userstudy/P103/SYS-T9/B-L2-02.json,Y,N,,Y,,80.0
2333,P103,Medical_researcher,1,SYS-T9,B-L3-02,B,L3,2026-05-25 14:35:53,2026-05-25 14:38:46,,内宫散 —containsIngredient→ 醋,logs/userstudy/P103/SYS-T9/B-L3-02.json,Y,N,,Y,,173.0
2334,P103,Medical_researcher,1,SYS-T9,B-L3-01,B,L3,2026-05-25 14:38:57,2026-05-25 14:42:27,,原文信息可能支持该结论，不过需要结合前后文进一步判断。,logs/userstudy/P103/SYS-T9/B-L3-01.json,Y,N,,Y,,210.0
2335,P103,Medical_researcher,1,SYS-T9,B-L4-02,B,L4,2026-05-25 14:42:42,2026-05-25 14:46:08,,原文能确认相关实体，但关系方向和作用范围仍不够明确。,logs/userstudy/P103/SYS-T9/B-L4-02.json,Y,N,,Y,,206.0
2336,P103,Medical_researcher,1,SYS-T9,B-L4-01,B,L4,2026-05-25 14:46:29,2026-05-25 14:50:00,,证据更充分的关系为：水 —hasNature→ 平；理由：论元与谓词位于同句或同一处方段落。,logs/userstudy/P103/SYS-T9/B-L4-01.json,Y,N,,Y,,211.0
2337,P103,Medical_researcher,1,SYS-T9,B-L5-01,B,L5,2026-05-25 14:50:14,2026-05-25 14:53:52,,未发现足够直接的谓词证据，暂不作确定判断。,logs/userstudy/P103/SYS-T9/B-L5-01.json,Y,N,,Y,,218.0
2338,P103,Medical_researcher,1,SYS-T9,B-L5-02,B,L5,2026-05-25 14:54:00,2026-05-25 14:57:45,,候选关系应按原文作用范围判断；本片段可保留：水 —hasFlavor→ 涩，跨段推断不应采纳。,logs/userstudy/P103/SYS-T9/B-L5-02.json,Y,N,,Y,,225.0
2339,P103,Medical_researcher,1,SYS-T9,B-L6-01,B,L6,2026-05-25 14:58:03,2026-05-25 15:02:16,,证据链：冻结原文 → 实体识别 → 酒 —hasNature→ 寒 → 上下文范围核验。,logs/userstudy/P103/SYS-T9/B-L6-01.json,Y,N,,Y,,253.0
2340,P103,Medical_researcher,1,SYS-T9,B-L6-02,B,L6,2026-05-25 15:02:32,2026-05-25 15:06:30,,原文信息可能支持该结论，不过需要结合前后文进一步判断。,logs/userstudy/P103/SYS-T9/B-L6-02.json,Y,N,,Y,,238.0
2341,P103,Medical_researcher,2,SYS-R4,A-L1-02,A,L1,2026-05-25 15:26:54,2026-05-25 15:27:29,,甘；平,logs/userstudy/P103/SYS-R4/A-L1-02.json,Y,N,,Y,,35.0
2342,P103,Medical_researcher,2,SYS-R4,A-L1-01,A,L1,2026-05-25 15:27:43,2026-05-25 15:28:18,,水；《内经》,logs/userstudy/P103/SYS-R4/A-L1-01.json,Y,N,,Y,,35.0
2343,P103,Medical_researcher,2,SYS-R4,A-L2-02,A,L2,2026-05-25 15:28:33,2026-05-25 15:29:35,,水（食材）；水（食材）；选用食料的方（食疗方）,logs/userstudy/P103/SYS-R4/A-L2-02.json,Y,N,,Y,,62.0
2344,P103,Medical_researcher,2,SYS-R4,A-L2-01,A,L2,2026-05-25 15:29:43,2026-05-25 15:30:26,,心（脏腑）；温（食性）；心（脏腑）,logs/userstudy/P103/SYS-R4/A-L2-01.json,Y,N,,Y,,43.0
2345,P103,Medical_researcher,2,SYS-R4,A-L3-01,A,L3,2026-05-25 15:30:37,2026-05-25 15:32:14,,瓜 —hasNature→ 平,logs/userstudy/P103/SYS-R4/A-L3-01.json,Y,N,,Y,,97.0
2346,P103,Medical_researcher,2,SYS-R4,A-L3-02,A,L3,2026-05-25 15:32:38,2026-05-25 15:33:44,,然多食生痰桑饮 —usesCookingMethod→ 腌,logs/userstudy/P103/SYS-R4/A-L3-02.json,Y,N,,Y,,66.0
2347,P103,Medical_researcher,2,SYS-R4,A-L4-01,A,L4,2026-05-25 15:34:08,2026-05-25 15:36:21,,证据更充分的关系为：睡乡散 —recordedInText→ 《饮食谱》；理由：论元与谓词位于同句或同一处方段落。,logs/userstudy/P103/SYS-R4/A-L4-01.json,Y,N,,Y,,133.0
2348,P103,Medical_researcher,2,SYS-R4,A-L4-02,A,L4,2026-05-25 15:36:32,2026-05-25 15:39:01,,原文信息可能支持该结论，不过需要结合前后文进一步判断。,logs/userstudy/P103/SYS-R4/A-L4-02.json,Y,N,,Y,,149.0
2349,P103,Medical_researcher,2,SYS-R4,A-L5-02,A,L5,2026-05-25 15:39:26,2026-05-25 15:41:47,,候选关系应按原文作用范围判断；本片段可保留：油 —hasNature→ 凉，跨段推断不应采纳。,logs/userstudy/P103/SYS-R4/A-L5-02.json,Y,N,,Y,,141.0
2350,P103,Medical_researcher,2,SYS-R4,A-L5-01,A,L5,2026-05-25 15:42:11,2026-05-25 15:46:24,,倾向于认为候选关系成立，但未能给出完整证据链。,logs/userstudy/P103/SYS-R4/A-L5-01.json,Y,N,,Y,,253.0
2351,P103,Medical_researcher,2,SYS-R4,A-L6-02,A,L6,2026-05-25 15:46:37,2026-05-25 15:49:44,,原文能确认相关实体，但关系方向和作用范围仍不够明确。,logs/userstudy/P103/SYS-R4/A-L6-02.json,Y,N,,Y,,187.0
2352,P103,Medical_researcher,2,SYS-R4,A-L6-01,A,L6,2026-05-25 15:50:07,2026-05-25 15:53:05,,证据链：冻结原文 → 实体识别 → 油 —hasNature→ 大寒 → 上下文范围核验。,logs/userstudy/P103/SYS-R4/A-L6-01.json,Y,N,,Y,,178.0
2353,P104,Medical_researcher,1,SYS-R4,B-L1-01,B,L1,2026-05-26 09:20:25,2026-05-26 09:21:18,,温；消渴,logs/userstudy/P104/SYS-R4/B-L1-01.json,Y,N,,Y,,53.0
2354,P104,Medical_researcher,1,SYS-R4,B-L1-02,B,L1,2026-05-26 09:21:39,2026-05-26 09:22:39,,盐；拌,logs/userstudy/P104/SYS-R4/B-L1-02.json,Y,N,,Y,,60.0
2355,P104,Medical_researcher,1,SYS-R4,B-L2-02,B,L2,2026-05-26 09:22:50,2026-05-26 09:23:43,,油（食材）；水（食材）；水（食材）,logs/userstudy/P104/SYS-R4/B-L2-02.json,Y,N,,Y,,53.0
2356,P104,Medical_researcher,1,SYS-R4,B-L2-01,B,L2,2026-05-26 09:24:05,2026-05-26 09:25:13,,《人世:间》（古籍来源）；《马蹄》（古籍来源）；或解作击散（食疗方）,logs/userstudy/P104/SYS-R4/B-L2-01.json,Y,N,,Y,,68.0
2357,P104,Medical_researcher,1,SYS-R4,B-L3-02,B,L3,2026-05-26 09:25:24,2026-05-26 09:26:39,,内宫散 —containsIngredient→ 醋,logs/userstudy/P104/SYS-R4/B-L3-02.json,Y,N,,Y,,75.0
2358,P104,Medical_researcher,1,SYS-R4,B-L3-01,B,L3,2026-05-26 09:27:01,2026-05-26 09:28:41,,水 —hasEffect→ 清热,logs/userstudy/P104/SYS-R4/B-L3-01.json,Y,N,,Y,,100.0
2359,P104,Medical_researcher,1,SYS-R4,B-L4-01,B,L4,2026-05-26 09:28:58,2026-05-26 09:31:46,,证据更充分的关系为：水 —hasNature→ 平；理由：论元与谓词位于同句或同一处方段落。,logs/userstudy/P104/SYS-R4/B-L4-01.json,Y,N,,Y,,168.0
2360,P104,Medical_researcher,1,SYS-R4,B-L4-02,B,L4,2026-05-26 09:31:59,2026-05-26 09:34:52,,证据更充分的关系为：米 —hasFlavor→ 甘；理由：论元与谓词位于同句或同一处方段落。,logs/userstudy/P104/SYS-R4/B-L4-02.json,Y,N,,Y,,173.0
2361,P104,Medical_researcher,1,SYS-R4,B-L5-01,B,L5,2026-05-26 09:35:02,2026-05-26 09:37:35,,候选关系应按原文作用范围判断；本片段可保留：黄豆 —recordedInText→ 《摘录》，跨段推断不应采纳。,logs/userstudy/P104/SYS-R4/B-L5-01.json,Y,N,,Y,,153.0
2362,P104,Medical_researcher,1,SYS-R4,B-L5-02,B,L5,2026-05-26 09:37:54,2026-05-26 09:40:25,,原文信息可能支持该结论，不过需要结合前后文进一步判断。,logs/userstudy/P104/SYS-R4/B-L5-02.json,Y,N,,Y,,151.0
2363,P104,Medical_researcher,1,SYS-R4,B-L6-01,B,L6,2026-05-26 09:40:50,2026-05-26 09:43:31,,证据链：冻结原文 → 实体识别 → 酒 —hasNature→ 寒 → 上下文范围核验。,logs/userstudy/P104/SYS-R4/B-L6-01.json,Y,N,,Y,,161.0
2364,P104,Medical_researcher,1,SYS-R4,B-L6-02,B,L6,2026-05-26 09:43:47,2026-05-26 09:47:12,,证据链：冻结原文 → 实体识别 → 瓜 —hasNature→ 平 → 上下文范围核验。,logs/userstudy/P104/SYS-R4/B-L6-02.json,Y,N,,Y,,205.0
2365,P104,Medical_researcher,2,SYS-T9,A-L1-02,A,L1,2026-05-26 10:07:35,2026-05-26 10:08:40,,原文能确认相关实体，但关系方向和作用范围仍不够明确。,logs/userstudy/P104/SYS-T9/A-L1-02.json,Y,N,,Y,,65.0
2366,P104,Medical_researcher,2,SYS-T9,A-L1-01,A,L1,2026-05-26 10:09:04,2026-05-26 10:10:40,,水；《内经》,logs/userstudy/P104/SYS-T9/A-L1-01.json,Y,N,,Y,,96.0
2367,P104,Medical_researcher,2,SYS-T9,A-L2-02,A,L2,2026-05-26 10:10:49,2026-05-26 10:12:11,,原文信息可能支持该结论，不过需要结合前后文进一步判断。,logs/userstudy/P104/SYS-T9/A-L2-02.json,Y,N,,Y,,82.0
2368,P104,Medical_researcher,2,SYS-T9,A-L2-01,A,L2,2026-05-26 10:12:30,2026-05-26 10:13:44,,心（脏腑）；温（食性）；心（脏腑）,logs/userstudy/P104/SYS-T9/A-L2-01.json,Y,N,,Y,,74.0
2369,P104,Medical_researcher,2,SYS-T9,A-L3-01,A,L3,2026-05-26 10:14:05,2026-05-26 10:16:24,,瓜 —hasNature→ 平,logs/userstudy/P104/SYS-T9/A-L3-01.json,Y,N,,Y,,139.0
2370,P104,Medical_researcher,2,SYS-T9,A-L3-02,A,L3,2026-05-26 10:16:43,2026-05-26 10:18:41,,然多食生痰桑饮 —usesCookingMethod→ 腌,logs/userstudy/P104/SYS-T9/A-L3-02.json,Y,N,,Y,,118.0
2371,P104,Medical_researcher,2,SYS-T9,A-L4-01,A,L4,2026-05-26 10:18:54,2026-05-26 10:21:56,,证据更充分的关系为：睡乡散 —recordedInText→ 《饮食谱》；理由：论元与谓词位于同句或同一处方段落。,logs/userstudy/P104/SYS-T9/A-L4-01.json,Y,N,,Y,,182.0
2372,P104,Medical_researcher,2,SYS-T9,A-L4-02,A,L4,2026-05-26 10:22:21,2026-05-26 10:25:10,,原文能确认相关实体，但关系方向和作用范围仍不够明确。,logs/userstudy/P104/SYS-T9/A-L4-02.json,Y,N,,Y,,169.0
2373,P104,Medical_researcher,2,SYS-T9,A-L5-02,A,L5,2026-05-26 10:25:24,2026-05-26 10:29:02,,候选关系应按原文作用范围判断；本片段可保留：油 —hasNature→ 凉，跨段推断不应采纳。,logs/userstudy/P104/SYS-T9/A-L5-02.json,Y,N,,Y,,218.0
2374,P104,Medical_researcher,2,SYS-T9,A-L5-01,A,L5,2026-05-26 10:29:24,2026-05-26 10:32:53,,原文信息可能支持该结论，不过需要结合前后文进一步判断。,logs/userstudy/P104/SYS-T9/A-L5-01.json,Y,N,,Y,,209.0
2375,P104,Medical_researcher,2,SYS-T9,A-L6-01,A,L6,2026-05-26 10:33:12,2026-05-26 10:36:47,,未发现足够直接的谓词证据，暂不作确定判断。,logs/userstudy/P104/SYS-T9/A-L6-01.json,Y,N,,Y,,215.0
2376,P104,Medical_researcher,2,SYS-T9,A-L6-02,A,L6,2026-05-26 10:37:03,2026-05-26 10:41:31,,原文信息可能支持该结论，不过需要结合前后文进一步判断。,logs/userstudy/P104/SYS-T9/A-L6-02.json,Y,N,,Y,,268.0
2377,P105,Medical_researcher,1,SYS-T9,A-L1-02,A,L1,2026-05-26 14:00:05,2026-05-26 14:00:53,,甘；平,logs/userstudy/P105/SYS-T9/A-L1-02.json,Y,N,,Y,,48.0
2378,P105,Medical_researcher,1,SYS-T9,A-L1-01,A,L1,2026-05-26 14:01:16,2026-05-26 14:02:07,,水；《内经》,logs/userstudy/P105/SYS-T9/A-L1-01.json,Y,N,,Y,,51.0
2379,P105,Medical_researcher,1,SYS-T9,A-L2-02,A,L2,2026-05-26 14:02:21,2026-05-26 14:03:13,,水（食材）；水（食材）；选用食料的方（食疗方）,logs/userstudy/P105/SYS-T9/A-L2-02.json,Y,N,,Y,,52.0
2380,P105,Medical_researcher,1,SYS-T9,A-L2-01,A,L2,2026-05-26 14:03:33,2026-05-26 14:05:27,,原文能确认相关实体，但关系方向和作用范围仍不够明确。,logs/userstudy/P105/SYS-T9/A-L2-01.json,Y,N,,Y,,114.0
2381,P105,Medical_researcher,1,SYS-T9,A-L3-01,A,L3,2026-05-26 14:05:36,2026-05-26 14:08:11,,瓜 —hasNature→ 平,logs/userstudy/P105/SYS-T9/A-L3-01.json,Y,N,,Y,,155.0
2382,P105,Medical_researcher,1,SYS-T9,A-L3-02,A,L3,2026-05-26 14:08:33,2026-05-26 14:11:11,,原文信息可能支持该结论，不过需要结合前后文进一步判断。,logs/userstudy/P105/SYS-T9/A-L3-02.json,Y,N,,Y,,158.0
2383,P105,Medical_researcher,1,SYS-T9,A-L4-01,A,L4,2026-05-26 14:11:31,2026-05-26 14:14:08,,未发现足够直接的谓词证据，暂不作确定判断。,logs/userstudy/P105/SYS-T9/A-L4-01.json,Y,N,,Y,,157.0
2384,P105,Medical_researcher,1,SYS-T9,A-L4-02,A,L4,2026-05-26 14:14:24,2026-05-26 14:16:55,,证据更充分的关系为：盐 —hasFlavor→ 甘；理由：论元与谓词位于同句或同一处方段落。,logs/userstudy/P105/SYS-T9/A-L4-02.json,Y,N,,Y,,151.0
2385,P105,Medical_researcher,1,SYS-T9,A-L5-02,A,L5,2026-05-26 14:17:19,2026-05-26 14:20:57,,候选关系应按原文作用范围判断；本片段可保留：油 —hasNature→ 凉，跨段推断不应采纳。,logs/userstudy/P105/SYS-T9/A-L5-02.json,Y,N,,Y,,218.0
2386,P105,Medical_researcher,1,SYS-T9,A-L5-01,A,L5,2026-05-26 14:21:14,2026-05-26 14:24:11,,候选关系应按原文作用范围判断；本片段可保留：水 —hasNature→ 寒，跨段推断不应采纳。,logs/userstudy/P105/SYS-T9/A-L5-01.json,Y,N,,Y,,177.0
2387,P105,Medical_researcher,1,SYS-T9,A-L6-01,A,L6,2026-05-26 14:24:22,2026-05-26 14:27:59,,证据链：冻结原文 → 实体识别 → 油 —hasNature→ 大寒 → 上下文范围核验。,logs/userstudy/P105/SYS-T9/A-L6-01.json,Y,N,,Y,,217.0
2388,P105,Medical_researcher,1,SYS-T9,A-L6-02,A,L6,2026-05-26 14:28:08,2026-05-26 14:32:03,,未发现足够直接的谓词证据，暂不作确定判断。,logs/userstudy/P105/SYS-T9/A-L6-02.json,Y,N,,Y,,235.0
2389,P105,Medical_researcher,2,SYS-R4,B-L1-01,B,L1,2026-05-26 14:52:17,2026-05-26 14:53:35,,温；消渴,logs/userstudy/P105/SYS-R4/B-L1-01.json,Y,N,,Y,,78.0
2390,P105,Medical_researcher,2,SYS-R4,B-L1-02,B,L1,2026-05-26 14:53:55,2026-05-26 14:54:30,,盐；拌,logs/userstudy/P105/SYS-R4/B-L1-02.json,Y,N,,Y,,35.0
2391,P105,Medical_researcher,2,SYS-R4,B-L2-01,B,L2,2026-05-26 14:54:45,2026-05-26 14:56:08,,《人世:间》（古籍来源）；《马蹄》（古籍来源）；或解作击散（食疗方）,logs/userstudy/P105/SYS-R4/B-L2-01.json,Y,N,,Y,,83.0
2392,P105,Medical_researcher,2,SYS-R4,B-L2-02,B,L2,2026-05-26 14:56:28,2026-05-26 14:58:00,,油（食材）；水（食材）；水（食材）,logs/userstudy/P105/SYS-R4/B-L2-02.json,Y,N,,Y,,92.0
2393,P105,Medical_researcher,2,SYS-R4,B-L3-01,B,L3,2026-05-26 14:58:10,2026-05-26 14:59:58,,水 —hasEffect→ 清热,logs/userstudy/P105/SYS-R4/B-L3-01.json,Y,N,,Y,,108.0
2394,P105,Medical_researcher,2,SYS-R4,B-L3-02,B,L3,2026-05-26 15:00:11,2026-05-26 15:01:25,,内宫散 —containsIngredient→ 醋,logs/userstudy/P105/SYS-R4/B-L3-02.json,Y,N,,Y,,74.0
2395,P105,Medical_researcher,2,SYS-R4,B-L4-02,B,L4,2026-05-26 15:01:45,2026-05-26 15:04:39,,证据更充分的关系为：米 —hasFlavor→ 甘；理由：论元与谓词位于同句或同一处方段落。,logs/userstudy/P105/SYS-R4/B-L4-02.json,Y,N,,Y,,174.0
2396,P105,Medical_researcher,2,SYS-R4,B-L4-01,B,L4,2026-05-26 15:04:47,2026-05-26 15:06:15,,倾向于认为候选关系成立，但未能给出完整证据链。,logs/userstudy/P105/SYS-R4/B-L4-01.json,Y,N,,Y,,88.0
2397,P105,Medical_researcher,2,SYS-R4,B-L5-02,B,L5,2026-05-26 15:06:31,2026-05-26 15:09:16,,倾向于认为候选关系成立，但未能给出完整证据链。,logs/userstudy/P105/SYS-R4/B-L5-02.json,Y,N,,Y,,165.0
2398,P105,Medical_researcher,2,SYS-R4,B-L5-01,B,L5,2026-05-26 15:09:32,2026-05-26 15:11:53,,候选关系应按原文作用范围判断；本片段可保留：黄豆 —recordedInText→ 《摘录》，跨段推断不应采纳。,logs/userstudy/P105/SYS-R4/B-L5-01.json,Y,N,,Y,,141.0
2399,P105,Medical_researcher,2,SYS-R4,B-L6-02,B,L6,2026-05-26 15:12:03,2026-05-26 15:15:22,,证据链：冻结原文 → 实体识别 → 瓜 —hasNature→ 平 → 上下文范围核验。,logs/userstudy/P105/SYS-R4/B-L6-02.json,Y,N,,Y,,199.0
2400,P105,Medical_researcher,2,SYS-R4,B-L6-01,B,L6,2026-05-26 15:15:32,2026-05-26 15:17:27,,证据链：冻结原文 → 实体识别 → 酒 —hasNature→ 寒 → 上下文范围核验。,logs/userstudy/P105/SYS-R4/B-L6-01.json,Y,N,,Y,,115.0
