record_id,entity_index,label,declared_start,declared_end,entity_text
2,1,食材,22,24,薄荷
2,2,食材,55,57,白糖
2,3,食材,72,75,荚豆粉
2,4,食材,81,84,白檀末
2,5,食材,103,104,面
2,6,食材,107,109,香油
2,7,食材,132,135,玫瑰糖
2,8,食材,137,141,胡桃白仁
2,9,食材,149,151,杏仁
2,10,食材,165,169,小茴香末
2,11,食材,364,367,松子仁
2,12,食材,287,289,干葛
2,13,食材,290,292,桔梗
2,14,食材,337,340,玫瑰花
2,15,食材,360,363,榛子仁
2,16,食材,354,357,瓜子仁
2,17,烹饪方法,35,36,煮
2,18,烹饪方法,403,404,烙
2,19,烹饪方法,413,414,煎
2,20,烹饪方法,214,215,炒
2,21,烹饪方法,440,441,熬
2,22,烹饪方法,203,204,煞
2,23,古籍来源,306,309,玉躇痛
3,1,食材,196,200,上白糖霜
3,2,食材,239,241,湖水
3,3,食材,250,252,新水
3,4,食材,286,288,山泉
3,5,食材,343,345,雨水
3,6,食材,359,364,黄梅天暴雨
3,7,食材,413,418,三年陈梅水
3,8,食材,452,457,长流好湖水
3,9,食材,460,462,梅水
3,10,食材,472,474,井水
3,11,烹饪方法,171,172,煮
3,12,烹饪方法,222,223,煎
3,13,烹饪方法,355,356,熬
3,14,烹饪方法,430,432,澄漂
3,15,功效,231,235,愈街愈好
3,16,功效,407,411,久宿味甜
3,17,禁忌,371,375,饮之损人
3,18,禁忌,376,383,着衣服上即霉烂
3,19,养生原则,15,21,多备大缸贮下
3,20,养生原则,34,41,急旋成窝耶住手
3,21,养生原则,50,53,勿触动
3,22,养生原则,86,92,舀至七分耶止
3,23,养生原则,93,106,其周围白滓及底下泥连水淘冼
3,24,养生原则,113,124,然后将别缸水如前法舀过
3,25,养生原则,125,130,逐缸搬运毕
3,26,养生原则,143,149,三日后舀过缸
3,27,养生原则,150,154,剩去泥滓
3,28,养生原则,155,159,如此三遍
3,29,养生原则,179,184,人水煮滚透
3,30,养生原则,186,190,舀取入坛
3,31,养生原则,205,209,然后人水
3,32,养生原则,46,48,盖好
3,33,养生原则,253,263,亦须以绵绸滤去水中细
3,34,养生原则,265,269,秋冬水清
3,35,养生原则,298,309,山泉亦以源远流长者为佳
3,36,养生原则,310,317,若深潭停蓄之水
3,37,养生原则,319,323,无有来源
3,38,养生原则,325,329,且不流出
3,39,养生原则,330,341,但从凹山聚入者亦防有毒
3,40,养生原则,400,406,故必久宿乃妙
3,41,养生原则,442,445,凡作画
3,42,食材,43,44,箬
3,43,食材,489,501,箬竹的篾或叶子制成的斗蓬
4,1,食材,8,10,熟肉
4,2,食材,17,19,麻菇
4,3,食材,20,22,鲜笋
4,4,食材,23,25,海蜇
4,5,食材,36,38,芥辣
4,6,食材,42,44,水粉
4,7,食材,52,54,蹄爪
4,8,食材,65,68,石花莱
4,9,食材,104,106,大蹄
4,10,食材,120,122,核桃
4,11,食材,124,126,松仁
4,12,食材,129,131,屋皮
4,13,食材,132,133,筋
4,14,食材,49,50,肉
4,15,食材,212,215,三白酒
4,16,食材,218,220,白酒
4,17,烹饪方法,28,29,煮
4,18,烹饪方法,11,12,切
4,19,烹饪方法,46,47,冻
4,20,烹饪方法,78,79,挂
4,21,烹饪方法,87,88,糟
4,22,烹饪方法,192,193,煨
4,23,烹饪方法,111,113,勒开
4,24,烹饪方法,114,116,挖去
4,25,烹饪方法,119,120,填
4,26,烹饪方法,137,138,扎
4,27,烹饪方法,144,146,捞起
4,28,烹饪方法,158,160,切片
4,29,烹饪方法,89,90,蘸
4,30,食材,187,188,盐
4,31,食材,179,180,水
4,32,食材,182,183,酒
5,1,食材,120,122,豆腐
5,2,食材,22,24,水酱
5,3,食材,34,36,赤酱
5,4,食材,100,102,香蕈
5,5,食材,103,105,丁香
5,6,食材,106,108,白芷
5,7,食材,109,112,大茴香
5,8,食材,113,115,桧皮
5,9,食材,259,261,虾米
5,10,烹饪方法,46,47,煎
5,11,烹饪方法,126,127,煮
5,12,烹饪方法,172,174,油煎
5,13,烹饪方法,318,319,炸
5,14,烹饪方法,230,231,烧
5,15,烹饪方法,130,131,浸
5,16,烹饪方法,51,54,布沥汁
5,17,烹饪方法,87,89,去渣
5,18,烹饪方法,197,201,滚油内沸
5,19,烹饪方法,224,228,调味得所
5,20,烹饪方法,271,277,浸开饭锅顿过
6,1,食材,3,6,太湖沙
6,2,食材,7,9,海沙
6,3,食材,23,24,豆
6,4,食材,27,29,香油
6,5,食材,57,58,盐
6,6,食材,60,63,砂仁酱
6,7,食材,64,66,糖卤
6,8,食材,255,257,豆腐
6,9,食材,77,79,千豆
6,10,食材,138,140,盐卤
6,11,食材,153,155,石膏
6,12,食材,181,183,酸泔
6,13,食材,335,337,黑豆
6,14,食材,338,340,黄豆
6,15,食材,341,343,白豆
6,16,食材,344,346,泥豆
6,17,食材,347,349,豌豆
6,18,食材,350,352,绿豆
6,19,食材,383,386,山矾叶
6,20,食材,387,389,醋浆
6,21,食材,390,392,醋淀
6,22,烹饪方法,11,12,炒
6,23,烹饪方法,30,31,熬
6,24,烹饪方法,81,82,磨
6,25,烹饪方法,100,101,沥
6,26,烹饪方法,108,109,绞
6,27,烹饪方法,140,141,点
6,28,烹饪方法,144,146,压干
6,29,烹饪方法,285,286,煮
6,30,功效,159,161,去火
6,31,古籍来源,326,330,本草纲目
6,32,医家,272,274,刘安
6,33,医家,281,284,苏东坡
6,34,食材,250,252,桂圆
6,35,食材,48,51,龙眼核
7,1,食材,3,4,梅
7,2,食材,14,15,盐
7,3,食材,29,31,紫苏
7,4,食材,77,79,白糖
7,5,食材,103,105,青梅
7,6,食材,155,158,大黑豆
7,7,食材,159,162,大黄豆
7,8,食材,167,170,大青豆
7,9,食材,182,183,面
7,10,食材,211,214,苦瓜皮
7,11,食材,236,238,飞盐
7,12,食材,246,248,杏仁
7,13,烹饪方法,19,20,晒
7,14,烹饪方法,178,179,煮
7,15,烹饪方法,102,103,腌
7,16,烹饪方法,79,80,拌
7,17,烹饪方法,85,86,顿
7,18,功效,49,51,消暑
7,19,功效,141,147,代醋拌蔬更佳
7,20,食味,0,1,咸
7,21,食味,53,54,甜
8,1,食材,5,7,枸杞
8,2,食材,11,13,白糖
8,3,食材,26,28,松仁
8,4,食材,39,42,黄甘菊
8,5,食材,60,62,梅卤
8,6,食材,85,87,山查
8,7,食材,113,116,红花膏
8,8,食材,141,143,蜂蜜
8,9,食材,154,155,梨
8,10,食材,194,195,蜜
8,11,食材,221,224,白菊花
8,12,食材,212,214,黄菊
8,13,食材,229,231,白菊
8,14,食味,244,245,苦
8,15,功效,246,248,清热
8,16,烹饪方法,13,15,拌捣
8,17,烹饪方法,46,47,捣
8,18,烹饪方法,88,89,蒸
8,19,烹饪方法,181,182,熬
8,20,烹饪方法,199,201,再熬
8,21,养生原则,20,23,可点茶
8,22,养生原则,149,151,堪久
9,1,食材,21,23,生面
9,2,食材,26,28,蒸面
9,3,食材,31,33,脂油
9,4,食材,39,41,豆粉
9,5,食材,65,66,蜜
9,6,食材,67,68,油
9,7,食材,107,110,天花粉
9,8,食材,114,116,干葛
9,9,食材,120,122,桔梗
9,10,食材,144,146,薄荷
9,11,食材,223,225,瓜蒌
9,12,食材,302,304,葛根
9,13,食味,91,92,甜
9,14,功效,243,245,清热
9,15,功效,246,248,解渴
9,16,功效,249,251,解莓
9,17,功效,252,254,消肿
9,18,功效,306,308,发汗
9,19,功效,309,311,解热
9,20,功效,315,317,止泻
9,21,功效,400,402,祛痰
9,22,功效,403,405,排脓
9,23,病症,261,263,发热
9,24,病症,264,266,口渴
9,25,病症,274,275,疮
9,26,病症,276,277,疡
9,27,病症,278,279,痈
9,28,病症,280,281,肿
9,29,病症,337,339,头痛
9,30,病症,340,342,热痢
9,31,病症,343,345,泄泻
9,32,病症,356,361,麻疹发高热
9,33,病症,362,368,疹子透发不畅
9,34,病症,412,416,咳嗽痰多
9,35,病症,417,421,咳痰不爽
9,36,病症,423,427,咽喉肿痛
9,37,病症,429,433,痢疾腹痛
9,38,病症,434,438,里怠后重
9,39,病症,448,454,疮疡化脓肿痛
9,40,烹饪方法,49,51,包馅
9,41,烹饪方法,52,54,入炉
9,42,烹饪方法,476,480,研成细粉
9,43,养生原则,93,96,故取平
10,1,食材,4,6,猪肚
10,2,食材,7,9,小肠
10,3,食材,47,49,莲肉
10,4,食材,50,52,百合
10,5,食材,60,62,薏米
10,6,食材,77,81,猪腿精肉
10,7,食材,113,115,飞盐
10,8,食材,118,120,砂仁
10,9,食材,121,123,椒末
10,10,食材,131,134,熟香油
10,11,食材,163,165,羊肉
10,12,食材,177,179,核桃
10,13,食材,219,221,瓦片
10,14,食材,223,225,桑叶
10,15,烹饪方法,38,39,煮
10,16,烹饪方法,103,104,焯
10,17,烹饪方法,21,22,拌
10,18,烹饪方法,138,139,镡
10,19,烹饪方法,89,90,槌
10,20,烹饪方法,81,82,切
10,21,烹饪方法,25,26,装
10,22,烹饪方法,31,32,缝
10,23,烹饪方法,18,20,磨粉
10,24,烹饪方法,107,109,纽干
10,25,食疗方,295,298,煮羊肉
11,1,食材,13,14,鸡
11,2,食材,5,7,茴香
11,3,食材,8,10,花椒
11,4,食材,41,43,面饼
11,5,食材,90,92,香糟
11,6,食材,93,95,豆粉
11,7,食材,100,102,酱油
11,8,食材,110,111,鹅
11,9,食材,112,113,鸭
11,10,食材,114,115,鱼
11,11,食材,123,124,豆
11,12,食材,160,162,桂皮
11,13,食材,193,195,黄酒
11,14,食材,201,202,葱
11,15,食材,158,159,椒
11,16,食材,143,144,盐
11,17,食材,179,180,肉
11,18,食材,237,238,牛
11,19,烹饪方法,82,83,煮
11,20,烹饪方法,60,61,蒸
11,21,烹饪方法,137,138,炒
11,22,烹饪方法,105,106,烹
11,23,烹饪方法,217,219,焙干
11,24,烹饪方法,220,221,擂
11,25,烹饪方法,224,226,油拌
11,26,烹饪方法,162,164,同煮
11,27,烹饪方法,207,210,水煮熟
11,28,烹饪方法,227,231,焙干收贮
11,29,食疗方,292,294,鸡醢
11,30,食材,249,251,卤汁
12,1,食材,31,32,水
12,2,食材,44,45,米
12,3,食材,50,51,谷
12,4,食材,63,65,鱼肉
12,5,食材,69,71,常物
12,6,烹饪方法,103,104,炙
12,7,烹饪方法,432,433,爆
12,8,养生原则,134,138,调节颐养
12,9,养生原则,140,144,以和于身
12,10,脏腑,210,212,五脏
12,11,禁忌,157,162,食不须多味
12,12,功效,109,112,益精神
12,13,功效,192,194,受益
13,1,食材,0,1,蟹
13,2,食材,2,4,酱蟹
13,3,食材,6,8,糟蟹
13,4,食材,10,12,醉蟹
13,5,食材,209,211,雌蟹
13,6,食材,211,213,雄蟹
13,7,食材,135,137,活蟹
13,8,烹饪方法,17,18,制
13,9,烹饪方法,273,274,腌
13,10,烹饪方法,48,49,酱
13,11,禁忌,93,96,忌火照
13,12,禁忌,27,31,雌不犯雄
13,13,禁忌,32,36,雄不犯雌
13,14,禁忌,51,55,酱不犯酒
13,15,食材,45,46,酒
13,16,食材,62,63,酱
13,17,食材,141,143,麻丝
13,18,食材,169,171,脐壳
13,19,食材,229,231,蟹黄
13,20,食材,232,234,蟹膏
13,21,病症,39,40,沙
13,22,病症,244,246,松散
13,23,病症,247,250,易流失
14,1,古籍来源,1,9,中国烹饪古籍丛刊
14,2,古籍来源,177,179,食谱
14,3,古籍来源,180,182,食经
14,4,古籍来源,183,187,食疗经方
14,5,古籍来源,188,192,饮食史录
14,6,古籍来源,193,197,饮食掌故
15,1,食材,3,4,蟹
15,2,食材,14,16,椒粒
15,3,食材,64,65,姜
15,4,食材,66,68,紧苏
15,5,食材,69,71,桔皮
15,6,食材,72,73,盐
15,7,食材,108,109,橙
15,8,食材,111,112,醋
15,9,食材,161,163,紫苏
15,10,食材,164,166,冬瓜
15,11,食材,192,194,盐蓣
15,12,食材,203,205,苦酒
15,13,食材,222,224,柿子
15,14,食材,256,258,水莨
15,15,食材,551,553,水茛
15,16,烹饪方法,49,50,煮
15,17,烹饪方法,107,108,捣
15,18,烹饪方法,406,407,腌
15,19,功效,131,133,消食
15,20,功效,134,137,治胃气
15,21,功效,138,141,理经络
15,22,功效,207,211,通利支节
15,23,病症,228,230,霍泻
15,24,病症,437,439,霍乱
15,25,病症,153,155,致死
15,26,禁忌,176,184,蟹目相向者不可食
15,27,禁忌,38,46,用酒者断不宜用酱
15,28,医家,116,118,孟诜
15,29,医家,233,236,陶隐居
15,30,医家,54,57,倪云林
15,31,古籍来源,119,125,《食疗本草》
16,1,古籍来源,11,15,《尔雅》
16,2,古籍来源,15,19,《说文》
16,3,古籍来源,517,523,《食宪鸠秘》
16,4,古籍来源,537,543,《齐民要术》
16,5,医家,344,346,许慎
16,6,医家,199,202,年希尧
16,7,食材,90,92,盐梅
16,8,食材,47,51,野蔌山肴
16,9,烹饪方法,97,98,和
16,10,养生原则,214,227,饮食是关系到社会风化的大事
16,11,病症,165,167,膏肓
16,12,功效,155,159,悦心悦日
16,13,功效,177,182,为功于仁寿
17,1,古籍来源,25,29,《周礼》
17,2,养生原则,32,36,饮以养阴
17,3,养生原则,37,41,食以养阴
17,4,养生原则,42,49,水属阴。故滋阳
17,5,养生原则,61,67,以后天滋先夭
17,6,食材,80,82,汗水
17,7,食材,84,86,浊水
17,8,食材,103,106,冰雪水
17,9,食材,108,110,雪水
17,10,禁忌,123,131,"俱能伤人,不可饮"
17,11,食材,158,160,山泉
17,12,食材,169,172,江湖水
17,13,养生原则,194,205,"水要无士粹 ,又无土性"
17,14,养生原则,208,220,"水大而流话,其得太阴亦多"
17,15,养生原则,221,227,故为养生第一
17,16,食材,237,241,扬子江心
17,17,食材,267,270,暴取水
17,18,禁忌,271,274,赤不佳
17,19,烹饪方法,287,290,藏水法
18,1,食材,0,1,鲞
18,2,食材,6,11,宁波淡白鲞
18,3,食材,12,15,真黄鱼
18,4,食材,51,53,虾粉
18,5,食材,72,73,鲫
18,6,食材,74,76,鲜鲫
18,7,食材,84,86,甜酱
18,8,食材,102,103,茴
18,9,食材,104,106,椒末
18,10,食材,116,119,紫蔗皮
18,11,食材,120,122,荔壳
18,12,食材,123,127,松壳碎末
18,13,食材,135,137,鲜鱼
18,14,食材,179,181,肉汤
18,15,食材,196,197,糟
18,16,食材,221,222,盐
18,17,食材,251,252,酒
18,18,食味,57,58,咸
18,19,烹饪方法,28,29,蒸
18,20,烹饪方法,32,34,剃肉
18,21,烹饪方法,35,37,细剿
18,22,烹饪方法,38,40,珉骨
18,23,烹饪方法,41,43,酥炙
18,24,烹饪方法,44,46,焙燥
18,25,烹饪方法,47,49,研粉
18,26,烹饪方法,86,88,酱过
18,27,烹饪方法,94,97,挣油烹
18,28,烹饪方法,112,113,薰
18,29,烹饪方法,165,167,薰之
18,30,烹饪方法,162,164,蒸熟
18,31,烹饪方法,222,224,腌过
18,32,烹饪方法,16,18,日晒
18,33,烹饪方法,255,257,和匀
18,34,食材,379,381,柏枝
18,35,食材,313,316,柏树枝
19,1,食材,79,80,鲜
19,2,食材,133,134,炙
19,3,病症,129,131,伤脾
19,4,病症,135,137,伤血
19,5,脏腑,525,526,脾
19,6,脏腑,547,548,血
19,7,古籍来源,197,199,孟子
19,8,古籍来源,201,203,离娄
19,9,医家,209,211,孟子
19,10,医家,212,215,乐正子
19,11,医家,222,224,子敖
20,1,食材,52,53,猪
20,2,食材,57,58,鱼
20,3,食材,61,62,鸡
20,4,食材,66,67,蟹
20,5,食材,198,200,山药
20,6,食材,201,203,百合
20,7,食材,204,207,羊眼豆
20,8,食性,31,33,无毒
20,9,食性,270,272,寒性
20,10,病症,142,144,腹痛
20,11,禁忌,79,83,不可多食
20,12,烹饪方法,155,156,蒸
20,13,烹饪方法,164,165,煮
20,14,古籍来源,35,42,《混俗颐生论》
21,1,古籍来源,12,16,食宪鸿秘
21,2,医家,19,22,朱彝尊
21,3,古籍来源,109,113,曝书亭集
21,4,古籍来源,225,230,汪拂云抄本
21,5,食材,300,304,金华火腿
21,6,食材,372,373,笋
21,7,食材,375,378,水产品
21,8,食材,396,399,乳制品
21,9,食材,259,261,面点
21,10,食疗方,318,321,煮火飓
21,11,食疗方,471,474,东坡腿
21,12,食疗方,332,335,熟火腿
21,13,食疗方,339,342,糟火腿
21,14,食疗方,346,349,辣拌法
21,15,食疗方,433,436,响面筋
21,16,食疗方,440,442,笄豆
21,17,食疗方,445,447,鱼饼
21,18,食疗方,450,453,鲫鱼羹
21,19,食疗方,457,459,鸭羹
21,20,食疗方,462,464,鸡松
21,21,食疗方,467,469,熊掌
21,22,食疗方,477,480,蔡肉丸
21,23,食疗方,534,539,松子海嘤嘶
21,24,食疗方,545,549,制黄雀祛
21,25,食疗方,551,557,百日内糟鹅蛋
21,26,食材,188,189,蟹
22,1,古籍来源,173,178,周礼.夭官
22,2,古籍来源,367,372,周礼`天官
22,3,古籍来源,437,444,周礼 `天官下
22,4,古籍来源,554,559,礼记.内则
22,5,食材,42,44,六谷
22,6,食材,44,46,六牲
22,7,食材,227,228,狳
22,8,食材,229,230,黍
22,9,食材,231,232,稷
22,10,食材,233,234,粱
22,11,食材,235,236,麦
22,12,食材,237,238,旋
22,13,食材,243,244,稻
22,14,食材,248,250,菰米
22,15,食材,260,261,稻
22,16,食材,262,263,粱
22,17,食材,264,265,菽
22,18,食材,266,267,麦
22,19,食材,268,269,黍
22,20,食材,270,271,稷
22,21,食材,289,290,马
22,22,食材,291,292,牛
22,23,食材,293,294,羊
22,24,食材,295,296,豕
22,25,食材,198,199,犬
22,26,食材,75,76,鸡
22,27,食材,56,58,百羞
22,28,食材,58,60,百酱
22,29,食材,73,75,雁翠
22,30,食材,521,523,鸡肝
22,31,食材,540,541,鹅
22,32,食材,520,521,翠
22,33,食材,578,580,鸡肝
22,34,医家,213,215,郑玄
22,35,医家,217,219,郑众
22,36,养生原则,355,364,饮食和季书结合起来
22,37,禁忌,562,570,雏尾不盈握。弗食
23,1,食材,3,5,含桃
23,2,食材,6,7,黍
23,3,食材,15,17,菽水
23,4,食材,367,368,韭
23,5,食材,370,372,瀹韭
23,6,食材,373,375,生韭
23,7,食材,376,378,杂菜
23,8,食材,223,225,樱桃
23,9,食材,260,261,豆
23,10,食材,256,257,水
23,11,食材,606,609,五侯鲭
23,12,食材,128,129,鲭
23,13,食材,146,148,人乳
23,14,食材,652,653,猪
23,15,食味,21,22,甘
23,16,食性,64,65,寒
23,17,食性,266,267,平
23,18,功效,164,166,养和
23,19,功效,167,169,掇生
23,20,病症,65,66,俭
23,21,病症,80,81,狂
23,22,食疗方,613,616,五侯鲭
23,23,烹饪方法,654,655,蒸
23,24,烹饪方法,632,633,烩
23,25,养生原则,154,161,大德者小物必勤
23,26,医家,283,285,陆游
23,27,医家,686,689,朱彝尊
23,28,医家,174,176,竹坨
23,29,古籍来源,185,187,礼记
23,30,古籍来源,315,317,论语
23,31,古籍来源,340,343,南齐书
23,32,古籍来源,415,417,晋书
23,33,古籍来源,286,290,湖堤暮归
24,1,病症,102,104,中暑
24,2,病症,361,363,昏迷
24,3,病症,262,264,虚脱
24,4,病症,364,366,昏厥
24,5,病症,367,369,狂躁
24,6,病症,374,378,急性扭伤
24,7,病症,56,59,体温高
24,8,病症,65,69,四肢疲乏
24,9,病症,80,82,胸闷
24,10,病症,83,85,恶心
24,11,功效,240,244,开窍醒神
24,12,功效,247,251,镇静宁神
24,13,功效,228,237,双向调节大脑的作用
24,14,脏腑,293,295,督脉
24,15,养生原则,130,143,由轻至重反复进行3~5分钟
24,16,养生原则,193,202,掐或按压3~5分钟
26,1,病症,30,32,恶寒
26,2,病症,33,35,无汗
26,3,病症,49,51,紧脉
26,4,病症,63,67,筋脉拘急
26,5,病症,69,75,关节屈伸不利
26,6,病症,167,169,伤寒
26,7,病症,199,201,发热
26,8,病症,206,210,头项强痛
26,9,病症,211,213,身痛
26,10,病症,218,221,脉浮紧
26,11,病症,231,233,寒痹
26,12,病症,244,248,关节疼痛
26,13,病症,258,262,四肢拘急
26,14,病症,264,268,屈伸不利
26,15,病症,290,292,中寒
26,16,病症,303,307,腹痛腹泻
26,17,病症,308,310,肠鸣
26,18,病症,311,315,呕吐清水
26,19,病症,321,323,内寒
26,20,病症,348,352,畏寒肢冷
26,21,病症,353,355,气短
26,22,病症,356,358,唇青
26,23,病症,359,361,纳差
26,24,病症,368,372,小便频数
26,25,病症,373,377,腹胀便溏
26,26,病症,380,382,阳痿
26,27,病症,385,389,带下清稀
26,28,病症,524,528,脘腹冷痛
26,29,病症,530,532,呕吐
26,30,病症,555,558,脉微细
26,31,养生原则,426,430,阴盛则寒
26,32,养生原则,472,477,阴盛则阳病
26,33,脏腑,497,498,脾
26,34,脏腑,502,503,心
26,35,脏腑,503,504,肾
26,36,脏腑,498,499,胃
26,37,脏腑,130,132,阳明
26,38,脏腑,179,181,肌表
26,39,脏腑,13,15,腠理
26,40,脏腑,39,41,血脉
26,41,脏腑,55,57,筋骨
26,42,脏腑,58,60,经络
26,43,脏腑,183,185,营卫
26,44,脏腑,24,26,卫阳
26,45,脏腑,105,107,阳气
26,46,脏腑,99,100,阳
26,47,脏腑,398,399,阴
26,48,脏腑,442,444,阴寒
26,49,脏腑,505,507,脾阳
26,50,食性,3,4,寒
26,51,食性,89,90,热
26,52,食性,226,227,温
26,53,食性,225,226,辛
26,54,食性,284,286,温经
26,55,病症,80,82,寒邪
26,56,病症,150,152,外寒
26,57,病症,342,346,阳虚里证
26,58,病症,485,489,卫阳被遏
27,1,病症,0,4,喜则气缓
27,2,病症,5,13,过喜而致心气涣散
27,3,病症,14,18,神不守舍
27,4,病症,25,31,精神无法集中
27,5,病症,32,36,心神恍惚
27,6,病症,46,50,怒则气上
27,7,病症,51,57,暴怒激发肝气
27,8,病症,70,76,气血奔迫于上
27,9,病症,80,84,眩晕头痛
27,10,病症,85,87,面赤
27,11,病症,88,90,耳鸣
27,12,病症,91,93,昏厥
27,13,病症,98,102,悲则气消
27,14,病症,103,111,过度悲忧会伤肺气
27,15,病症,115,119,形体憔悴
27,16,病症,121,125,毛发枯萎
27,17,病症,126,130,精神不振
27,18,病症,131,135,生气索然
27,19,病症,143,147,恐则气下
27,20,病症,148,158,过度恐惧而使肾气失固
27,21,病症,160,164,气泄于下
27,22,病症,188,192,精滑遗泄
27,23,病症,197,201,惊则气乱
27,24,病症,202,214,猝然惊吓而引起的气机逆乱
27,25,病症,241,243,惊厥
27,26,病症,244,246,失精
27,27,病症,250,254,思则气结
27,28,病症,257,266,思虑过度而伤及心脾
27,29,病症,270,274,气机郁结
27,30,病症,278,282,心悸少寐
27,31,病症,283,287,不欲饮食
27,32,病症,294,298,心脾两伤
27,33,脏腑,383,384,心
27,34,脏腑,231,232,肝
27,35,脏腑,234,235,肾
27,36,古籍来源,505,509,《内经》
27,37,古籍来源,315,318,《神》
27,38,古籍来源,662,668,《神》与气血
27,39,古籍来源,744,750,《内经》里说
28,1,食材,0,2,天鼎
28,2,食材,9,11,扶突
28,3,食材,17,19,禾髀
28,4,食材,30,32,迎香
28,5,食材,46,48,巨骨
28,6,食材,49,51,肩髑
28,7,食材,52,54,臂膘
28,8,食材,55,58,手五里
28,9,食材,59,61,肘醪
28,10,食材,62,64,曲池
28,11,食材,65,68,手三里
28,12,食材,69,71,上廉
28,13,食材,72,74,偏历
28,14,食材,75,77,下廉
28,15,食材,78,80,阳溪
28,16,食材,81,83,温溜
28,17,食材,84,86,合谷
28,18,食材,87,89,商阳
28,19,食材,293,295,承泣
28,20,食材,549,551,大迎
28,21,食材,501,503,颊车
28,22,食材,512,514,上关
28,23,食材,527,529,头维
28,24,食材,537,539,神庭
28,25,食材,564,566,大椎
28,26,食材,569,571,缺盆
28,27,食材,616,618,气冲
28,28,食材,652,654,髀关
28,29,食材,658,660,伏兔
28,30,食材,665,667,膝膑
28,31,食材,692,694,厉兑
28,32,食材,709,712,足三里
28,33,功效,137,141,醒脑开窍
28,34,功效,142,146,疏风清热
28,35,功效,147,151,镇痈通络
28,36,病症,155,161,头面五官疾患
28,37,病症,163,165,热疖
28,38,病症,166,168,无汗
28,39,病症,169,171,自汗
28,40,病症,173,175,盗汗
28,41,病症,176,178,经闭
28,42,病症,179,181,滞产
28,43,病症,182,184,昏迷
28,44,病症,185,187,癫痫
28,45,病症,188,190,痹症
28,46,功效,197,201,清热利湿
28,47,功效,202,206,祛风解表
28,48,功效,207,211,调和蒈卫
28,49,病症,213,217,上肢不遂
28,50,病症,218,221,高血压
28,51,病症,227,231,咽喉肿痛
28,52,功效,275,279,清热散风
28,53,功效,280,283,通鼻窍
28,54,古籍来源,301,306,足阳明胃经
28,55,脏腑,307,308,胃
28,56,脏腑,584,585,脾
28,57,食材,466,468,承浆
28,58,食材,470,472,任脉
28,59,食材,533,535,督脉
29,1,病症,1,3,气盛
29,2,病症,13,16,阴气盛
29,3,病症,17,20,阳气盛
29,4,病症,21,25,阴阳俱盛
29,5,病症,26,28,上盛
29,6,病症,29,31,下盛
29,7,病症,32,34,甚饥
29,8,病症,35,37,甚饱
29,9,病症,38,41,肝气盛
29,10,病症,315,318,肺气盛
29,11,病症,46,49,心气盛
29,12,病症,50,53,脾气盛
29,13,病症,54,57,肾气盛
29,14,病症,58,61,短虫多
29,15,病症,62,65,长虫多
29,16,古籍来源,77,81,《内经》
29,17,古籍来源,134,144,《灵枢.淫邪发梦篇》
29,18,病症,162,166,梦涉大水
29,19,病症,174,179,梦大火燔灼
29,20,病症,181,184,梦相杀
29,21,病症,215,217,梦飞
29,22,病症,218,220,梦堕
29,23,病症,225,227,梦予
29,24,病症,295,297,眩晕
29,25,病症,298,300,耳鸣
29,26,病症,301,303,头痛
29,27,病症,307,311,梦见哭泣
29,28,病症,312,314,恐惧
29,29,病症,320,326,梦见喜笑畏怯
29,30,病症,332,343,梦见腰脊分离而又相连接
29,31,病症,349,355,梦见众人聚集
29,32,病症,363,367,梦见打架
29,33,病症,368,370,损伤
29,34,病症,501,503,梦怒
29,35,病症,516,518,飞扬
29,36,病症,536,539,梦歌乐
29,37,病症,540,545,身体重不举
29,38,病症,550,557,梦腰脊两解不属
29,39,脏腑,488,490,五脏
29,40,病症,633,637,心血不足
29,41,病症,643,647,心肾不交
29,42,病症,654,658,心虚胆怯
29,43,病症,669,673,心火旺盛
29,44,功效,628,632,益气安神
29,45,功效,638,642,养血安神
29,46,功效,648,652,交通心肾
29,47,功效,659,663,壮胆镇惊
29,48,功效,664,668,安神定志
29,49,功效,675,679,清心泻火
30,1,病症,0,3,急痛症
30,2,病症,12,14,心痛
30,3,病症,50,52,胆痛
30,4,病症,92,94,蛔厥
30,5,病症,127,129,胃疼
30,6,病症,167,169,腹痛
30,7,病症,202,204,肾痛
30,8,病症,253,255,出血
30,9,病症,289,291,咳血
30,10,病症,292,296,肝火犯肺
30,11,病症,321,325,阴虚火旺
30,12,病症,368,370,肺热
30,13,病症,404,406,胃热
30,14,病症,442,444,肝火
30,15,病症,481,485,胃中积热
30,16,病症,510,512,吐血
30,17,病症,513,517,肝火犯胃
30,18,病症,545,549,脾气虚弱
30,19,病症,584,586,便血
30,20,病症,629,633,大肠湿热
30,21,病症,711,713,尿血
30,22,病症,727,731,心火亢盛
30,23,脏腑,276,279,心包经
30,24,脏腑,281,283,肝经
30,25,脏腑,285,288,手太阴
30,26,脏腑,309,311,肺经
30,27,脏腑,326,331,手太阴肺经
30,28,脏腑,332,337,足少阴肾经
30,29,脏腑,372,374,督脉
30,30,脏腑,375,380,手太阴经脉
30,31,脏腑,412,418,手足阳明经脉
30,32,脏腑,271,274,足厥阴
30,33,脏腑,453,456,少阴经
30,34,脏腑,175,179,足阳明经
30,35,脏腑,490,493,足阳明
30,36,脏腑,24,27,厥阴经
30,37,脏腑,551,554,足太阴
30,38,脏腑,519,522,足阳明
30,39,脏腑,16,18,任脉
30,40,脏腑,596,599,足太阴
30,41,脏腑,600,604,足阳明经
30,42,脏腑,635,638,足太阳
30,43,脏腑,639,642,足阳明
30,44,脏腑,643,647,足太阴经
30,45,脏腑,408,410,督脉
30,46,脏腑,171,173,任脉
30,47,脏腑,449,452,足厥阴
30,48,脏腑,684,688,足少阴经
30,49,脏腑,206,208,任脉
30,50,脏腑,736,739,手厥阴
30,51,脏腑,740,744,足少阴经
31,1,病症,301,303,感冒
31,2,病症,304,306,肺炎
31,3,病症,307,311,支气管炎
31,4,病症,312,315,肺结核
31,5,病症,329,333,心动过速
31,6,病症,334,338,心动过缓
31,7,病症,339,342,心绞痛
31,8,病症,356,358,肠炎
31,9,病症,359,361,痢疾
31,10,病症,362,364,胃炎
31,11,病症,365,369,消化不良
31,12,病症,370,373,溃疡病
31,13,病症,375,378,胃下垂
31,14,病症,379,382,胆绞痛
31,15,病症,383,386,胆囊炎
31,16,病症,387,389,肝炎
31,17,病症,404,406,遗精
31,18,病症,407,409,遗尿
31,19,病症,410,412,阳痿
31,20,病症,413,415,闭经
31,21,病症,416,418,痛经
31,22,病症,419,423,月经不调
31,23,病症,424,426,肾炎
31,24,病症,428,431,肾绞痛
31,25,病症,432,435,盆腔炎
31,26,病症,436,440,胎位不正
31,27,病症,441,443,难产
31,28,病症,455,457,癔病
31,29,病症,458,462,神经衰弱
31,30,病症,463,465,脱肛
31,31,病症,466,468,痔疮
31,32,病症,485,487,头痛
31,33,病症,488,490,眼痛
31,34,病症,491,494,颈背痛
31,35,病症,495,497,腰痛
31,36,病症,498,503,坐骨神经痛
31,37,病症,504,506,瘫痪
31,38,病症,507,513,风湿性关节炎
31,39,脏腑,171,173,膀胱
31,40,脏腑,165,166,肾
31,41,古籍来源,516,524,足太阳膀胱经图解
32,1,古籍来源,0,6,《黄帝内经》
32,2,古籍来源,60,64,《周易》
32,3,脏腑,101,103,五脏
32,4,脏腑,65,67,阴阳
32,5,脏腑,118,120,藏象
32,6,病症,126,128,病机
32,7,病症,128,130,病因
32,8,病症,132,134,病证
32,9,脏腑,12,16,十二经脉
32,10,脏腑,218,220,大肠
32,11,脏腑,228,229,肺
32,12,脏腑,232,234,胃经
32,13,病症,243,249,上呼吸道感染
32,14,病症,250,256,头面五官疾病
32,15,病症,257,263,过敏性皮肤病
33,1,食材,1,3,火罐
33,2,脏腑,6,9,脾俞穴
33,3,脏腑,10,13,胃俞穴
33,4,脏腑,14,17,中极穴
33,5,脏腑,18,21,关元穴
33,6,脏腑,22,26,阴陵泉穴
33,7,脏腑,52,55,气海穴
33,8,脏腑,97,100,命门穴
33,9,脏腑,101,104,腰俞穴
33,10,脏腑,112,115,肾俞穴
33,11,脏腑,116,119,次髀穴
33,12,脏腑,596,599,太溪穴
33,13,脏腑,571,575,三阴交穴
33,14,病症,387,389,痛经
33,15,病症,380,384,寒凝血瘀
33,16,病症,621,625,经行腹痛
33,17,养生原则,263,269,注意经期卫生
33,18,养生原则,271,277,保持阴部清洁
33,19,养生原则,282,292,在经期应注意下身保暖
33,20,养生原则,294,298,避免受寒
33,21,养生原则,303,309,保持心情舒畅
33,22,养生原则,310,316,避免精神刺激
33,23,养生原则,323,327,注意休息
33,24,养生原则,329,333,保证睡眠
33,25,养生原则,335,341,减轻体力劳动
33,26,养生原则,343,349,避免剧烈运动
33,27,养生原则,353,362,经期要注意饮食调理
33,28,养生原则,364,377,经前和经期忌食生冷寒凉之物
33,29,功效,437,441,温经通络
33,30,烹饪方法,401,403,摩法
33,31,烹饪方法,516,518,按揉
33,32,烹饪方法,229,231,按摩
33,33,食疗方,404,408,摩擦小腹
33,34,食疗方,161,164,揉小腹
34,1,脏腑,12,13,心
34,2,脏腑,40,41,脑
34,3,脏腑,438,439,肺
34,4,医家,28,30,古人
34,5,古籍来源,116,121,中医藏象学
34,6,脏腑,236,238,心脏
34,7,脏腑,193,195,大脑
34,8,脏腑,546,550,五脏六腑
34,9,脏腑,497,498,喉
34,10,脏腑,471,473,胸中
34,11,脏腑,613,615,肺气
34,12,脏腑,618,620,大气
34,13,养生原则,671,675,吐故纳新
34,14,功效,666,670,呼浊吸清
35,1,病症,8,11,肾气虚
35,2,病症,21,24,肝气虚
35,3,病症,40,43,心气虚
35,4,病症,53,56,脾气虚
35,5,养生原则,59,63,补其偏衰
35,6,病症,66,68,气虚
35,7,病症,69,73,阴阳偏衰
35,8,病症,87,89,阴虚
35,9,病症,90,92,阳虚
35,10,病症,93,97,阴阳两虚
35,11,养生原则,103,107,补其不足
35,12,古籍来源,117,121,《内经》
35,13,病症,125,129,少气之厥
35,14,病症,133,135,妄梦
35,15,医家,147,150,张景岳
35,16,古籍来源,150,157,《类经.梦寐》
35,17,病症,221,225,阴虚阳亢
35,18,病症,226,230,虚热梦证
35,19,养生原则,233,238,补阴以制阳
35,20,病症,250,254,阴寒偏盛
35,21,病症,202,204,梦证
35,22,养生原则,278,282,阴阳双补
35,23,病症,190,192,气虚
35,24,病症,315,318,肺气虚
35,25,病症,363,366,肾气虚
35,26,病症,421,424,肝气虚
35,27,病症,473,476,心气虚
35,28,病症,517,520,脾气虚
36,1,养生原则,0,20,"生机潸伏,万物蛰藏,须少动阳气,深藏于内"
36,2,古籍来源,189,193,《内经》
36,3,医家,341,344,孙思邈
36,4,养生原则,411,415,秋冬养阴
36,5,养生原则,418,422,无扰乎阳
36,6,养生原则,424,433,"虚者补之,寒者温之"
36,7,病症,449,451,寒邪
36,8,禁忌,454,458,少食生冷
36,9,脏腑,464,466,脾胃
36,10,养生原则,472,476,滋阴潜阳
36,11,食材,508,512,新鲜蔬莱
36,12,病症,560,562,寒性
36,13,禁忌,575,577,热补
36,14,养生原则,739,741,养藏
36,15,养生原则,769,776,冬季养生三原则
37,1,养生原则,0,6,道家追求健康
37,2,养生原则,7,11,延年益寿
37,3,养生原则,50,52,服食
37,4,养生原则,75,79,修练内丹
37,5,养生原则,159,161,静功
37,6,养生原则,166,168,动功
37,7,养生原则,169,172,五禽戏
37,8,养生原则,173,176,太极拳
37,9,古籍来源,189,194,《内经图》
37,10,养生原则,197,202,道家静养功
37,11,养生原则,248,250,性功
37,12,养生原则,251,253,命功
37,13,养生原则,254,258,修持方法
37,14,脏腑,272,275,上丹田
37,15,脏腑,282,285,泥丸宫
37,16,脏腑,286,289,升阳府
37,17,脏腑,290,293,昆仑顶
37,18,脏腑,294,296,灵台
37,19,脏腑,303,306,百会穴
37,20,脏腑,357,360,下丹田
37,21,脏腑,432,434,气海
38,1,脏腑,5,7,小肠
38,2,脏腑,127,128,肾
38,3,古籍来源,266,268,内经
38,4,古籍来源,313,320,素问.水热穴论
38,5,古籍来源,356,365,素问 .金匮真言论
38,6,脏腑,281,283,膀胱
38,7,脏腑,284,286,三焦
40,1,病症,115,117,中暑
40,2,病症,120,123,虚脱型
40,3,病症,128,131,高热型
40,4,病症,155,159,大量出汗
40,5,病症,166,168,脱水
40,6,病症,169,173,血压下降
40,7,病症,174,177,脑缺血
40,8,病症,178,180,晕厥
40,9,病症,211,213,高热
40,10,病症,245,247,昏迷
40,11,病症,597,599,休克
40,12,病症,600,602,晕车
40,13,食材,511,514,淡盐水
40,14,食材,531,536,藿香正气水
40,15,食材,537,539,仁丹
40,16,食材,540,545,千金消暑丸
40,17,养生原则,615,621,预防胜于治疗
40,18,烹饪方法,110,111,刮
40,19,烹饪方法,370,372,拔罐
40,20,烹饪方法,445,447,点刺
40,21,烹饪方法,568,570,掐按
40,22,烹饪方法,46,47,掐
40,23,禁忌,262,274,对体弱者采用平补平泻手法
40,24,禁忌,275,283,对体壮者采用泻法
41,1,古籍来源,2,8,《黄帝内经》
41,2,古籍来源,16,21,《内经图》
41,3,脏腑,106,110,五脏六腑
41,4,脏腑,111,115,任督二脉
41,5,脏腑,116,120,十二经脉
41,6,养生原则,399,403,炼神返性
42,1,古籍来源,0,12,五行与主要人体器官关系表
42,2,脏腑,26,27,肝
42,3,脏腑,28,29,胆
42,4,脏腑,51,52,心
42,5,脏腑,53,55,小肠
42,6,脏腑,69,70,脾
42,7,脏腑,71,72,胃
42,8,脏腑,96,97,肺
42,9,脏腑,98,100,大肠
42,10,脏腑,121,122,肾
42,11,脏腑,123,125,膀胱
42,12,养生原则,30,49,"肝的特性是怕郁结 ,要像树木般得到舒展"
42,13,养生原则,56,67,"心推动气血,温暖整个人"
42,14,养生原则,73,92,"脾主消化吸收。滋润身体,如大地孕育万物"
42,15,养生原则,101,117,"肺主声 ,肺气宜清,如金属般铿锵"
42,16,养生原则,126,143,"生命的本源来自水,而肾属先天的本源"
42,17,养生原则,160,172,相克: 互相制约和克服
42,18,养生原则,180,194,金坚硬妨碍树木生长一一金克木
42,19,养生原则,198,211,植树以防泥土松脱一一木克土
42,20,养生原则,215,228,泛滥时用沙包挡水一一土克水
42,21,养生原则,232,242,用水来灭火一一水克火
42,22,养生原则,243,254,用火可熔化金一一火克金
42,23,养生原则,255,260,相克与脏器
43,1,食材,21,23,茶叶
43,2,归经,23,26,归肝经
43,3,功效,28,32,明目清肝
43,4,食材,39,42,无花果
43,5,归经,43,52,入肺。胃 。大肠经
43,6,食材,60,63,马齿苋
43,7,归经,64,70,入心及大肠经
43,8,食材,78,80,杞子
43,9,归经,81,86,入肝。肾经
43,10,食材,94,97,桑寄生
43,11,归经,98,103,入肝。肾经
43,12,食材,112,114,莲子
43,13,归经,115,118,入脾经
43,14,养生原则,120,129,不同体质的饮食要求
43,15,病症,130,135,阴虚之体质
43,16,食材,149,151,芝麻
43,17,食材,152,154,糯米
43,18,食材,155,157,蜂蜜
43,19,食材,158,160,乳品
43,20,食材,161,163,甘蔗
43,21,食材,164,166,蔬莱
43,22,食材,167,169,水果
43,23,食材,170,172,豆腐
43,24,食材,173,175,鱼类
43,25,食材,184,185,葱
43,26,食材,185,186,姜
43,27,食材,187,188,蒜
43,28,食味,191,192,辛
43,29,病症,201,206,阳虚之体质
43,30,食材,221,223,羊肉
43,31,食材,224,226,狗肉
43,32,食材,227,229,鹿肉
43,33,食疗方,244,247,附子粥
43,34,食疗方,248,253,羊肉附子汤
43,35,病症,274,279,气虚之体质
43,36,功效,289,291,补气
43,37,食疗方,296,301,入参莲肉汤
43,38,食材,307,309,粳米
43,39,食材,310,312,糯米
43,40,食材,313,315,小米
43,41,食材,316,318,黄米
43,42,食材,319,321,大麦
43,43,食材,322,324,山药
43,44,食材,325,327,大枣
43,45,功效,333,335,补气
43,46,病症,344,349,血虚之体质
43,47,食材,355,357,桑葚
43,48,食材,357,359,荔枝
43,49,食材,360,362,松子
43,50,食材,363,366,黑木耳
43,51,食材,367,369,甲鱼
43,52,食材,370,372,羊肝
43,53,食材,373,375,海参
43,54,功效,387,391,补血养血
43,55,病症,396,401,阳盛之体质
43,56,禁忌,407,414,忌辛辣燥烈食物
43,57,食材,416,418,辣椒
43,58,食材,419,420,姜
43,59,食材,421,422,葱
43,60,食材,423,424,蒜
43,61,食材,428,430,牛肉
43,62,食材,431,433,狗肉
43,63,食材,434,436,鸡肉
43,64,食材,437,439,鹿肉
43,65,食材,453,455,水果
43,66,食材,456,458,蔬菜
43,67,食材,459,461,苦瓜
43,68,食材,463,464,酒
43,69,食性,465,467,辛热
43,70,禁忌,474,476,戒酒
44,1,病症,124,126,岔气
44,2,病症,127,129,便秘
44,3,病症,153,155,牙痛
44,4,病症,178,180,失眠
44,5,病症,197,199,中暑
44,6,病症,222,224,晕车
45,1,古籍来源,163,166,内经图
45,2,脏腑,43,44,肾
45,3,食材,18,19,水
45,4,食材,286,288,甘泉
45,5,养生原则,262,266,蓄精炼气
45,6,养生原则,511,515,炼神返性
45,7,医家,308,312,碧眼胡僧
45,8,医家,386,388,胡僧
45,9,医家,421,423,胡僧
45,10,医家,488,492,碧眼胡僧
45,11,病症,254,258,水浊不清
45,12,脏腑,137,139,丹田
45,13,脏腑,219,221,髓路
45,14,脏腑,222,224,脊椎
45,15,脏腑,234,237,尾阊关
45,16,脏腑,238,241,夹脊关
45,17,脏腑,242,245,玉枕关
45,18,脏腑,301,303,灵性
45,19,脏腑,451,453,性天
45,20,养生原则,173,177,北水南调
45,21,养生原则,184,188,坎水逆流
45,22,养生原则,49,54,阴阳玄踏车
45,23,养生原则,106,111,阴阳玄踏车
46,1,古籍来源,0,4,《内经》
46,2,养生原则,39,41,顺势
46,3,养生原则,50,56,顺应自然之势
46,4,养生原则,402,410,针道必须合于天道
46,5,养生原则,416,420,自然之道
46,6,病症,96,100,形体粗壮
46,7,病症,154,158,形体瘦削
46,8,医家,74,78,《内经》
47,1,食材,30,33,淡竹沥
47,2,食性,34,36,大寒
47,3,病症,38,40,中风
47,4,病症,41,43,大热
47,5,病症,44,46,烦闷
47,6,病症,48,50,劳复
47,7,食材,52,55,谈竹筇
47,8,病症,59,61,噎膈
47,9,病症,62,64,鼻衄
47,10,食材,69,71,竹实
47,11,功效,74,77,通神明
47,12,功效,78,80,轻身
47,13,功效,81,83,益气
47,14,食材,85,86,筻
47,15,食味,91,92,淡
47,16,食味,19,20,苦
47,17,食味,95,96,甘
47,18,食材,112,114,苦笋
47,19,食味,128,129,甘
47,20,食味,93,94,苦
47,21,食性,133,134,寒
47,22,古籍来源,136,140,本草图经
47,23,食材,117,119,苦竹
47,24,功效,204,208,清热利湿
47,25,功效,209,212,除热气
47,26,功效,213,216,止消渴
47,27,功效,217,219,明目
47,28,功效,220,223,解酒毒
47,29,食材,238,241,锬竹沥
47,30,食材,246,248,竹汁
47,31,食材,249,251,竹油
47,32,食材,290,293,苦竹沥
47,33,食材,299,302,筻竹沥
47,34,病症,305,307,风痊
47,35,食味,309,310,甘
47,36,食味,130,131,苦
47,37,食性,314,315,蹇
47,38,归经,316,318,入心
47,39,归经,319,321,胃经
47,40,功效,324,328,清热滑痰
47,41,功效,329,333,镇惊利窍
47,42,功效,334,337,清心火
47,43,功效,338,342,化痰止渴
47,44,病症,356,364,脑血管意外后遗症
47,45,食材,367,370,淡竹茹
47,46,食材,375,377,竹皮
47,47,食材,378,380,麻巴
47,48,食材,381,384,竹二青
47,49,食味,406,407,甘
47,50,食性,409,410,凉
47,51,病症,413,417,胃热噎膈
47,52,病症,418,422,胃虚干呕
47,53,病症,429,433,痰热恶心
47,54,病症,434,438,酒伤呕吐
47,55,病症,439,443,痰涎酸水
47,56,病症,444,448,惊悸怔忡
47,57,病症,455,459,睡卧不宁
47,58,食材,460,462,竹实
47,59,食材,467,469,竹米
47,60,医家,482,485,陶弘景
47,61,古籍来源,500,502,本经
47,62,功效,506,508,益气
47,63,食材,514,517,筮竹叶
47,64,食味,145,146,苦
47,65,食性,522,523,平
47,66,古籍来源,525,527,本经
47,67,病症,532,537,咳逆上气溢
47,68,病症,538,542,筋急恶疡
47,69,病症,545,547,小虫
47,70,古籍来源,550,552,别录
47,71,病症,557,561,烦热风痉
47,72,病症,562,564,喉痹
47,73,病症,565,567,呕吐
47,74,食材,568,571,筻竹根
47,75,功效,584,588,益气止渴
47,76,功效,590,594,补虚下气
48,1,医家,9,11,孟诜
48,2,古籍来源,3,7,《敦煌》
48,3,古籍来源,86,90,《卷子》
48,4,古籍来源,106,111,《医心方》
48,5,古籍来源,156,160,《食经》
48,6,食材,161,163,胡桃
48,7,食材,174,176,胡粉
48,8,病症,101,105,一切痔病
48,9,病症,146,150,白发令黑
48,10,烹饪方法,164,165,烧
48,11,烹饪方法,169,170,研
48,12,烹饪方法,182,183,傅
49,1,食材,172,174,鲈鱼
49,2,食性,5,6,平
49,3,功效,9,11,安胎
49,4,功效,12,14,补中
49,5,功效,21,24,补五脏
49,6,功效,29,32,益筋骨
49,7,功效,33,36,和肠胃
49,8,病症,39,41,水气
49,9,病症,82,84,瘃癖
49,10,病症,85,87,疮肿
49,11,禁忌,89,96,不可与乳酪同食
49,12,食材,178,180,花寨
49,13,食味,190,191,甘
49,14,食性,193,194,平
49,15,食味,199,200,咸
49,16,功效,208,212,补益脾胃
49,17,功效,214,218,滋润肝肾
49,18,古籍来源,109,113,嘉裕本草
49,19,古籍来源,141,145,嘉祜本草
49,20,医家,122,124,孟诜
50,1,古籍来源,10,14,四部丛刊
50,2,古籍来源,48,50,食疗
50,3,古籍来源,134,142,经史证类大观本草
50,4,古籍来源,164,168,嘉祜本草
50,5,古籍来源,34,42,经史证类备用本草
50,6,古籍来源,187,190,医心方
50,7,古籍来源,210,214,延寿类要
50,8,古籍来源,221,228,敦煌石室古本草
50,9,古籍来源,233,237,本草纲目
50,10,古籍来源,253,259,敦煌石室碎金
50,11,古籍来源,306,310,医方类聚
50,12,古籍来源,335,339,食疗本草
50,13,医家,20,23,张存惠
50,14,医家,153,156,柯逢时
50,15,医家,262,265,罗福葆
50,16,医家,297,301,中尾万三
51,1,食材,51,54,薏苡仁
51,2,食性,10,11,平
51,3,病症,13,17,千湿脚气
51,4,食材,58,60,起突
51,5,食材,61,63,感米
51,6,食材,64,67,薏珠子
51,7,食材,68,71,回回米
51,8,食材,72,75,草珠儿
51,9,食材,77,80,菩提子
51,10,食材,82,84,苡米
51,11,食材,85,88,尿珠子
51,12,食材,89,92,催生子
51,13,食味,96,97,甘
51,14,食性,101,102,凉
51,15,归经,103,105,入脾
51,16,归经,106,107,肺
51,17,功效,113,117,健脾利湿
51,18,功效,118,122,补肺清热
51,19,功效,123,127,去风胜湿
51,20,功效,128,131,利筋脉
51,21,食材,139,141,粳米
51,22,烹饪方法,141,143,煮粥
51,23,烹饪方法,146,147,酿
51,24,病症,156,162,风湿性关节炎
51,25,病症,169,173,胸中邪气
51,26,功效,174,177,通筋络
51,27,功效,178,181,活血脉
51,28,功效,182,185,健脾胃
51,29,古籍来源,42,46,嘉祜本草
52,1,食材,183,185,罗勒
52,2,食味,7,8,辛
52,3,食性,9,10,温
52,4,功效,15,19,调中消食
52,5,功效,21,24,去恶气
52,6,功效,25,28,消水气
52,7,病症,37,41,齿根烂疮
52,8,禁忌,56,59,壅关节
52,9,禁忌,60,63,涩荣卫
52,10,禁忌,64,69,令血脉不行
52,11,病症,78,80,脚气
52,12,病症,81,83,患畹
52,13,烹饪方法,97,98,煮
52,14,食材,101,102,子
52,15,病症,107,113,目臀及物入目
52,16,病症,138,142,风赤眵泪
52,17,食材,144,145,根
52,18,病症,149,154,小儿黄烂疮
52,19,烹饪方法,156,158,烧灰
52,20,古籍来源,462,465,邺中记
52,21,医家,289,292,罗天益
52,22,食材,295,297,兰香
52,23,食味,252,253,辛
52,24,食性,255,256,温
52,25,功效,303,307,和血润燥
52,26,禁忌,314,319,多食涩营卫
52,27,禁忌,283,287,血脉不行
52,28,医家,332,336,东垣李氏
52,29,病症,337,341,牙疼口臭
52,30,食疗方,343,346,神功丸
52,31,食材,348,350,兰香
52,32,功效,355,358,去恶气
52,33,古籍来源,363,367,饮膳正要
52,34,食材,393,396,罗勒子
52,35,食材,398,401,兰香子
52,36,食材,402,405,光明子
52,37,食味,416,418,甘辛
52,38,食性,248,249,凉
52,39,病症,425,429,目昏浮赂
52,40,病症,430,434,拳毛倒睫
52,41,病症,435,437,多眵
52,42,病症,439,442,口腔臭
52,43,病症,443,445,齿黑
52,44,医家,173,175,石勒
52,45,食材,189,191,香莱
52,46,食材,219,221,罗勒
52,47,食材,480,482,香莱
52,48,食材,192,195,翳子草
52,49,食材,196,199,九层塔
52,50,食材,201,204,苏薄荷
52,51,食材,206,209,省头草
52,52,功效,259,263,疏风行气
52,53,功效,264,268,消食除哕
52,54,功效,269,272,活血化
52,55,功效,275,277,解毒
53,1,食材,131,133,蜩脂
53,2,食味,137,138,甘
53,3,食性,140,141,平
53,4,功效,106,111,主肠风痔瘘
53,5,功效,154,157,主耳聋
53,6,功效,177,182,治肠风鸨血
53,7,古籍来源,146,150,本草拾遗
53,8,古籍来源,167,172,日华子本草
53,9,食材,30,32,桔梗
53,10,食味,244,246,苦辛
53,11,食性,248,249,平
53,12,归经,250,252,入肺
53,13,归经,253,255,胃经
53,14,功效,257,261,宣通肺气
53,15,食材,36,39,麦门冬
53,16,食味,319,320,甘
53,17,食味,321,323,微苦
53,18,食性,325,326,寒
53,19,功效,334,338,除烦清心
53,20,功效,339,343,益胃生津
53,21,食材,19,23,五金八石
53,22,食材,211,213,卢如
53,23,食材,214,216,白药
53,24,食材,217,219,利如
53,25,食材,221,223,房图
53,26,食材,224,226,荞苊
53,27,食材,228,231,四叶莱
53,28,食材,232,235,沙油莱
53,29,食材,236,240,山铃铛花
53,30,食材,298,300,羊韭
53,31,食材,305,307,随脂
53,32,食材,308,311,阶前草
53,33,食材,312,315,家边草
53,34,禁忌,42,43,恶
54,1,食材,9,11,猪膏
54,2,食材,31,33,大豆
54,3,食材,36,40,青竹筹子
54,4,功效,19,22,肥健人
54,5,烹饪方法,58,60,煮熟
54,6,功效,66,67,瘥
54,7,功效,93,97,令人长生
54,8,功效,130,132,益阳
54,9,食性,144,145,平
54,10,病症,154,158,霍乱吐逆
54,11,功效,169,173,疗一切毒
54,12,食材,461,463,猪肪
54,13,功效,420,423,长肌肤
54,14,功效,425,428,益颜色
54,15,功效,429,432,填骨髓
54,16,功效,433,436,加气力
54,17,功效,437,441,补虚能食
54,18,古籍来源,192,196,政类本草
54,19,古籍来源,243,247,嘉佑本草
54,20,古籍来源,255,258,医心方
54,21,古籍来源,267,271,本草经疏
54,22,古籍来源,403,408,延年秘录方
54,23,医家,278,280,岐伯
54,24,医家,290,292,藏器
54,25,医家,314,316,孟诜
55,1,食材,63,66,青小豆
55,2,食性,12,13,寒
55,3,功效,14,17,疗热中
55,4,病症,18,20,消渴
55,5,功效,23,25,止痢
55,6,功效,27,30,下胀满
55,7,食材,71,73,豌豆
55,8,食材,79,81,睥亘
55,9,食材,82,84,寒豆
55,10,食材,85,87,毕豆
55,11,食材,88,90,麻累
55,12,食味,92,93,甘
55,13,食性,95,96,平
55,14,古籍来源,97,105,《千金方.食治》
55,15,食味,109,110,甘
55,16,食味,111,112,咸
55,17,食性,114,115,温
55,18,食性,116,117,平
55,19,病症,127,129,寒热
55,20,病症,130,132,热中
55,21,病症,133,135,消渴
55,22,功效,136,139,止泄利
55,23,功效,140,143,利小便
55,24,功效,144,147,除吐逆
55,25,病症,148,150,卒溉
55,26,功效,152,156,下腹胀满
55,27,食材,159,161,麻累
55,28,食材,165,167,胡豆
55,29,医家,168,170,黄帝
55,30,病症,186,194,肝至五年成干瘠病
55,31,食材,199,201,绿豆
55,32,古籍来源,205,212,《太平圣惠方》
56,1,食材,30,31,蚌
56,2,食材,35,38,河蛤蜊
56,3,食材,40,42,蛤蜊
56,4,食材,43,45,蚌蛤
56,5,食性,1,2,寒
56,6,食性,57,58,冷
56,7,食味,47,48,甘
56,8,食味,49,50,咸
56,9,归经,63,66,肾二经
56,10,功效,68,72,清热滋阴
56,11,功效,73,77,明目解毒
56,12,功效,79,83,养肝熄风
56,13,功效,84,88,凉血定惊
56,14,病症,5,7,大热
56,15,病症,9,11,酒毒
56,16,病症,13,14,渴
56,17,病症,17,19,眼赤
56,18,病症,136,138,红眼
56,19,病症,139,141,砂眼
56,20,病症,144,147,冷热气
56,21,病症,159,161,发风
56,22,病症,181,183,寒中
56,23,病症,184,188,外感未清
56,24,病症,189,193,脾虚便滑
56,25,脏腑,61,62,肝
56,26,禁忌,162,165,动冷气
56,27,古籍来源,148,154,《本草衍义》
57,1,食味,0,1,甘
57,2,食性,2,3,平
57,3,食材,68,70,甘菊
57,4,食材,75,77,菊花
57,5,食材,105,107,白菊
57,6,食材,108,110,滁菊
57,7,食材,111,113,贡菊
57,8,食材,114,117,杭白菊
57,9,食材,118,121,杭黄菊
57,10,古籍来源,124,126,别录
57,11,食材,5,6,叶
57,12,食材,169,171,容成
57,13,食味,173,174,甘
57,14,食味,175,176,辛
57,15,食性,178,179,平
57,16,病症,40,42,头风
57,17,病症,43,45,目眩
57,18,病症,197,199,痈疽
57,19,食材,17,18,茎
57,20,食材,209,211,玉英
57,21,食味,213,214,甘
57,22,食味,215,217,微苦
57,23,食性,219,220,凉
57,24,功效,222,226,清肝利胆
57,25,功效,229,233,明目宁心
57,26,病症,241,245,头风眩晕
57,27,病症,246,248,目翳
57,28,病症,250,254,胸中痰饮
57,29,烹饪方法,257,259,煎汤
57,30,烹饪方法,260,262,煮粥
57,31,食材,28,29,花
57,32,食材,275,277,节华
57,33,食材,278,280,金精
57,34,食材,281,283,金蕊
57,35,食材,284,286,药菊
57,36,食味,289,290,甘
57,37,食味,60,61,苦
57,38,食性,295,296,凉
57,39,功效,304,308,明目宁心
57,40,功效,309,313,解毒消肿
57,41,食材,318,322,野生苦菊
57,42,古籍来源,327,331,本草纲目
57,43,食味,339,340,甘
57,44,食味,291,292,苦
57,45,食材,350,352,甘菊
57,46,食材,356,358,诸菊
57,47,食材,364,367,田野菊
57,48,食材,370,372,苦薏
57,49,古籍来源,380,384,牧竖闲谈
57,50,养生原则,389,393,真菊延龄
57,51,养生原则,394,398,野菊泄人
58,1,食材,35,38,天门冬
58,2,食材,43,45,满冬
58,3,食材,46,48,颠棘
58,4,食材,49,51,菅松
58,5,食材,52,54,浣草
58,6,食材,55,58,万岁藤
58,7,食材,59,62,白罗衫
58,8,食材,69,73,大当门根
58,9,食味,286,287,甘
58,10,食味,288,289,苦
58,11,食性,291,292,寒
58,12,归经,293,295,入肺
58,13,归经,296,298,肾经
58,14,功效,11,14,补虚劳
58,15,功效,16,19,治肺劳
58,16,功效,21,23,止渴
58,17,功效,27,30,去热风
58,18,功效,300,302,滋阴
58,19,功效,155,156,润
58,20,功效,307,309,清肺
58,21,功效,310,312,降火
58,22,功效,491,493,镇心
58,23,功效,494,497,润五脏
58,24,功效,498,501,益皮肤
58,25,功效,504,507,悦颜色
58,26,功效,509,514,补五劳七伤
58,27,功效,515,520,治肺气并嗽
58,28,功效,521,523,消焱
58,29,功效,524,528,风痹热毒
58,30,功效,529,531,游风
58,31,病症,330,334,虚劳绝伤
58,32,病症,335,341,老年衰损羸瘦
58,33,病症,342,346,偏枯不随
58,34,病症,348,352,风湿不仁
58,35,病症,353,355,冷痹
58,36,病症,356,360,心腹积聚
58,37,病症,361,363,恶疮
58,38,病症,364,368,痈疽肿癞
58,39,病症,371,373,阴痿
58,40,病症,378,380,目暗
58,41,病症,395,399,肺气咳逆
58,42,病症,400,404,喘息促急
58,43,病症,414,420,肺痿生痈吐脓
58,44,病症,423,425,湿疥
58,45,病症,427,429,消渴
58,46,病症,431,434,热中风
58,47,病症,451,455,心病嗌干
58,48,病症,456,458,心痛
58,49,病症,459,463,渴而欲饮
58,50,病症,464,468,痿邀嗜卧
58,51,病症,470,474,足下热痛
58,52,脏腑,245,246,肺
58,53,脏腑,409,410,肾
58,54,古籍来源,322,325,千金方
58,55,古籍来源,387,390,药性论
58,56,古籍来源,481,486,日华子本草
58,57,医家,444,447,王好古
59,1,食材,0,1,酒
59,2,食疗方,2,4,紫酒
59,3,病症,8,11,角弓风
59,4,食材,13,14,姜
59,5,病症,20,24,偏风中恶
59,6,食材,26,28,桑椹
59,7,功效,34,37,补五脏
59,8,功效,39,42,明耳目
59,9,食材,44,46,葱豉
59,10,功效,50,53,解烦热
59,11,功效,56,59,补虚劳
59,12,食材,64,65,蜜
59,13,病症,70,72,风疹
59,14,食材,74,76,地黄
59,15,食材,78,80,牛膝
59,16,食材,83,85,虎骨
59,17,食材,87,90,仙灵脾
59,18,食材,92,94,通草
59,19,食材,98,100,紫酒
59,20,食材,108,109,姜
59,21,食材,118,120,桑椹
59,22,食材,130,132,葱豉
59,23,食材,142,144,牛膝
59,24,烹饪方法,150,151,煎
59,25,食材,154,156,掬米
59,26,烹饪方法,156,158,酿酒
59,27,烹饪方法,164,166,切碎
59,28,烹饪方法,171,172,浸
59,29,烹饪方法,176,177,煮
59,30,食疗方,180,183,牛膝酒
59,31,功效,184,187,壮筋骨
59,32,病症,189,191,痿痹
59,33,功效,192,195,补虚损
59,34,功效,196,199,除久疟
59,35,食材,212,215,怀牛膝
59,36,食材,219,222,川牛膝
59,37,食材,224,227,怀牛膝
59,38,食材,148,150,牛膝
59,39,食味,262,263,苦
59,40,食味,263,264,酸
59,41,食性,266,267,平
59,42,归经,268,270,入肝
59,43,古籍来源,276,278,本经
59,44,病症,283,287,寒湿痿痹
59,45,病症,294,299,膝痛不可屈
59,46,功效,300,303,逐血气
59,47,病症,304,308,伤热火烂
59,48,功效,310,312,堕胎
59,49,古籍来源,314,316,别录
59,50,病症,322,326,伤中少气
59,51,病症,327,331,男肾阴消
59,52,病症,332,336,老人失溺
59,53,功效,337,341,补中续绝
59,54,功效,342,345,填骨髓
59,55,病症,353,356,腰脊痛
59,56,病症,357,363,妇人月水不通
59,57,病症,364,366,血结
59,58,功效,367,369,益精
59,59,功效,370,373,利阴气
59,60,功效,374,377,止发白
59,61,食材,379,382,川牛膝
59,62,食材,393,396,川牛膝
59,63,食味,439,440,甘
59,64,食味,441,443,微苦
59,65,食性,445,446,平
59,66,食材,451,454,麻牛膝
59,67,食材,458,462,头花蒽草
60,1,食材,62,64,荆芥
60,2,食材,13,15,析莫
60,3,古籍来源,31,35,本草拾遗
60,4,医家,27,30,陈藏器
60,5,古籍来源,40,42,食疗
60,6,医家,37,39,张鼎
60,7,古籍来源,71,73,本经
60,8,食材,98,100,大荠
60,9,食材,105,108,葶苈子
60,10,医家,109,110,陶
60,11,医家,111,112,苏
60,12,食材,116,118,假苏
60,13,古籍来源,147,149,尔雅
60,14,古籍来源,158,160,本经
60,15,食材,168,170,蔑菥
60,16,食材,171,173,大蕺
60,17,食材,174,176,马辛
60,18,古籍来源,177,181,吴普本草
60,19,食材,183,185,析目
60,20,古籍来源,193,199,植物名实图考
60,21,食材,201,204,花叶荠
60,22,食材,205,207,水荠
60,23,食材,214,217,老鼓草
60,24,食材,219,222,瓜子草
60,25,食材,223,226,洋辣罐
60,26,食材,228,231,遏蓝莱
60,27,食材,241,243,菥莫
60,28,食材,288,291,菥莫子
60,29,食材,295,298,葶历子
60,30,食味,311,312,甘
60,31,食性,314,315,平
60,32,功效,317,321,利肝明目
60,33,功效,322,326,和中益气
60,34,病症,348,355,产后子官内膜炎
60,35,食味,364,365,辛
60,36,食性,367,369,微温
60,37,古籍来源,397,399,本经
60,38,功效,404,406,明目
60,39,病症,407,411,目痛泪出
60,40,病症,413,414,痹
60,41,功效,415,418,补五脏
60,42,古籍来源,425,427,别录
60,43,病症,432,436,心腹腰痛
61,1,食材,6,8,淡竹
61,2,食材,11,13,甘竹
61,3,食材,50,53,苦竹叶
61,4,食材,73,76,苦竹笳
61,5,食材,85,88,苦竹根
61,6,食材,109,111,焱竹
61,7,食材,120,123,焱竹叶
61,8,食材,149,152,迷身草
61,9,食材,153,156,山鸡米
61,10,食材,157,160,焱竹米
61,11,食材,161,164,土麦冬
61,12,食材,165,170,竹叶门冬青
61,13,食材,224,226,水竹
61,14,食材,227,230,金竹花
61,15,食材,231,234,光苦竹
61,16,食材,235,238,白夹竹
61,17,食材,239,242,罗汊竹
61,18,食材,242,245,斑真竹
61,19,食材,453,456,伞柄竹
61,20,食味,193,194,甘
61,21,食味,401,402,苦
61,22,食性,197,198,寒
61,23,食性,369,370,凉
61,24,归经,371,373,入胃
61,25,归经,374,376,胆经
61,26,功效,389,393,温气寒热
61,27,功效,394,396,吐血
61,28,功效,397,399,崩中
61,29,功效,201,204,清心火
61,30,功效,44,47,除烦热
61,31,功效,209,212,利小便
61,32,功效,500,505,清心热除烦
61,33,功效,506,510,明目开窍
61,34,功效,511,515,杀虫解毒
61,35,功效,545,548,止尿血
61,36,病症,17,19,欤逆
61,37,病症,23,25,消渴
61,38,病症,26,28,痰饮
61,39,病症,30,32,喉痹
61,40,病症,34,36,鬼痊
61,41,病症,37,39,恶气
61,42,病症,57,59,口疮
61,43,病症,61,63,目热
61,44,病症,64,66,喑哑
61,45,病症,80,83,下热壅
61,46,古籍来源,378,380,别录
61,47,古籍来源,539,541,纲目
62,1,食材,218,221,决明子
62,2,食性,9,10,平
62,3,功效,11,17,主肝家热毒气
62,4,病症,21,25,风眼赤泪
62,5,烹饪方法,42,44,水吞
62,6,功效,50,54,夜见物光
62,7,食材,109,111,羊明
62,8,食材,112,114,羊角
62,9,食材,115,119,马蹄决明
62,10,食材,120,123,还瞳子
62,11,食材,129,132,马蹄子
62,12,食材,133,136,千里光
62,13,食材,137,140,假绿豆
62,14,食味,158,160,微苦
62,15,归经,221,223,走肝
62,16,归经,224,227,肾两经
62,17,功效,235,239,通便利水
62,18,病症,243,246,高血压
62,19,病症,247,249,肝炎
62,20,病症,250,255,肝硬化腹水
62,21,古籍来源,69,73,大观本草
62,22,古籍来源,82,84,敦煌
63,1,食材,92,95,山樱桃
63,2,食性,10,11,温
63,3,禁忌,12,17,多食有所损
63,4,功效,19,24,令人好颜色
63,5,功效,25,27,美志
63,6,食材,107,109,樱桃
63,7,食材,38,40,李桃
63,8,食材,46,48,奈桃
63,9,功效,55,60,补中益气
63,10,病症,62,65,水谷痢
63,11,功效,66,69,止泄精
63,12,食材,70,73,东引根
63,13,病症,80,82,鱿虫
63,14,医家,121,123,孟诜
63,15,医家,153,155,苏颂
63,16,古籍来源,305,307,别录
63,17,功效,312,317,主止泄肠滁
63,18,功效,318,320,除热
63,19,功效,321,323,调中
63,20,功效,324,328,益脾气
63,21,食味,297,298,甘
63,22,食味,299,300,辛
63,23,食性,302,303,平
64,1,食材,8,10,大麦
64,2,食材,20,22,针沙
64,3,食材,24,27,役石子
64,4,食材,214,216,粳米
64,5,食材,253,255,朱砂
64,6,食材,272,274,辰砂
64,7,食材,391,394,设石子
64,8,食材,409,412,设食子
64,9,食材,414,417,无石子
64,10,食材,418,421,墨石子
64,11,食味,155,156,甘
64,12,食味,158,159,咸
64,13,食味,544,545,苦
64,14,食味,546,547,涩
64,15,食性,162,163,凉
64,16,食性,344,346,微寒
64,17,食性,549,550,温
64,18,功效,56,58,下气
64,19,功效,165,170,消渴除热
64,20,功效,171,175,宽胸下气
64,21,功效,176,179,和脾胃
64,22,功效,181,184,止泄泻
64,23,功效,185,188,利小便
64,24,功效,193,198,益气补中
64,25,功效,199,202,实五脏
64,26,功效,204,207,厚肠胃
64,27,功效,359,364,安神定惊
64,28,功效,365,367,解毒
64,29,功效,368,370,明目
64,30,功效,555,559,温中固气
64,31,功效,560,564,益血生精
64,32,功效,566,570,和气安神
64,33,病症,13,17,头发不自
64,34,病症,46,48,脚弱
64,35,病症,379,383,疮痂息肉
64,36,病症,385,389,沙蜂叮螫
64,37,古籍来源,100,104,《广雅》
64,38,禁忌,87,91,带生即冷
64,39,禁忌,92,94,损人
65,1,食材,75,77,蓼实
65,2,食材,6,8,蓼子
65,3,病症,13,15,吐水
65,4,脏腑,18,20,五脏
65,5,病症,20,22,拥气
65,6,病症,23,26,损阳气
65,7,食材,0,1,蓼
65,8,食性,36,38,性令
65,9,食性,40,42,无毒
65,10,病症,43,45,蛇咬
65,11,烹饪方法,46,47,捣
65,12,食材,48,49,根
65,13,食材,50,51,茎
65,14,食材,210,212,蓼实
65,15,食材,84,86,水蓼
65,16,食材,109,111,蓼子
65,17,食材,112,115,水蓼子
65,18,食味,117,118,辛
65,19,食性,119,121,性温
65,20,古籍来源,122,126,《本经》
65,21,功效,129,132,主明目
65,22,功效,133,135,温中
65,23,功效,136,140,耐风寒
65,24,功效,141,144,下水气
65,25,病症,147,151,面目浮肿
65,26,病症,152,154,痈疡
65,27,功效,158,162,温中利水
65,28,功效,163,167,破瘀散结
65,29,病症,171,173,浮肿
65,30,病症,174,176,腹痛
65,31,病症,177,179,腹胀
65,32,病症,180,182,吐泻
65,33,病症,183,187,皮肤疮疡
65,34,病症,188,190,痈肿
65,35,病症,191,193,瘰疬
65,36,古籍来源,202,207,《药性论》
65,37,病症,215,217,吐水
65,38,病症,218,222,拥气损阳
65,39,食材,30,31,蓼
65,40,食材,230,232,水蓼
65,41,食材,237,238,蔷
65,42,食材,239,241,虞蓼
65,43,食材,242,244,泽蓼
65,44,食材,245,247,辣蓼
65,45,食材,248,251,水红花
65,46,食材,252,257,药蓼子草
65,47,食材,258,261,痛骨消
65,48,食材,262,265,斑蕉草
65,49,烹饪方法,271,273,烹饪
65,50,食味,285,286,辛
65,51,食性,287,289,性平
65,52,功效,291,295,祛风消肿
65,53,功效,296,300,化遢行滞
66,1,食材,148,151,芜菁子
66,2,食材,155,158,蔓菁子
66,3,食味,160,161,辛
66,4,食性,163,164,平
66,5,功效,166,170,清热解毒
66,6,功效,172,176,益肝行气
66,7,功效,178,181,消黄疽
66,8,功效,182,184,明目
66,9,功效,98,101,利小便
66,10,功效,189,192,杀虫积
66,11,烹饪方法,13,17,九蒸九曝
66,12,烹饪方法,19,20,捣
66,13,烹饪方法,29,31,压油
66,14,烹饪方法,47,48,研
66,15,烹饪方法,64,67,水和服
66,16,病症,69,71,热黄
66,17,病症,72,76,结实不通
66,18,病症,85,87,恶物
66,19,病症,88,90,沙石
66,20,病症,91,92,草
66,21,病症,39,40,发
66,22,医家,121,123,孟诜
66,23,古籍来源,113,119,《嘉祜本草》
66,24,古籍来源,132,136,《敦煌》
67,1,食材,0,1,乳
67,2,食性,2,4,微寒
67,3,功效,6,9,润五脏
67,4,功效,195,199,利大小便
67,5,功效,18,23,益十二经脉
67,6,食材,72,74,乳腐
67,7,食材,78,80,乳饼
67,8,食材,85,88,奶豆腐
67,9,食材,92,94,牛乳
67,10,烹饪方法,122,123,煎
67,11,烹饪方法,132,133,点
67,12,烹饪方法,141,142,漉
67,13,烹饪方法,148,149,裹
67,14,烹饪方法,152,153,压
67,15,食味,175,176,甘
67,16,食性,178,180,微寒
67,17,功效,182,186,滋润五脏
67,18,功效,187,192,益十二经脉
67,19,古籍来源,39,45,《幕祜本草》
67,20,医家,52,54,孟冼
67,21,医家,55,57,萧炳
68,1,食材,47,49,乌梅
68,2,食材,21,23,白梅
68,3,禁忌,8,12,多食损齿
68,4,病症,15,19,刺在肉中
68,5,病症,34,38,大便不通
68,6,病症,40,44,气奔欲死
68,7,烹饪方法,63,64,杵
68,8,烹饪方法,71,72,内
68,9,烹饪方法,92,94,擘破
68,10,烹饪方法,95,97,水渍
68,11,食材,101,102,蜜
68,12,功效,105,107,止渴
68,13,病症,108,110,霍乱
68,14,病症,111,115,心腹不安
68,15,病症,116,118,痢赤
68,16,病症,120,121,疟
68,17,功效,129,131,除闷
68,18,功效,132,134,安神
68,19,食材,144,146,梅实
68,20,食材,149,151,春梅
68,21,食材,152,154,熏梅
68,22,食材,155,157,青梅
68,23,食味,220,221,酸
68,24,食性,358,359,平
68,25,食性,359,360,温
68,26,归经,362,364,入肝
68,27,归经,365,366,脾
68,28,归经,367,368,肺
68,29,归经,370,372,大肠
68,30,古籍来源,375,382,《日华子本草》
68,31,功效,385,387,除劳
68,32,病症,389,391,骨蒸
68,33,功效,392,395,去烦闷
68,34,功效,396,399,消滔毒
68,35,功效,407,409,止血
69,1,食材,0,1,鸡
69,2,食材,17,18,肉
69,3,食材,19,22,鱼肉汁
69,4,食材,89,91,鸡肉
69,5,食材,107,109,鸡子
69,6,食材,130,133,黄雌鸡
69,7,食材,134,137,黄雄鸡
69,8,食材,138,141,鸟雌鸡
69,9,食味,215,216,甘
69,10,食性,219,220,温
69,11,归经,221,227,入脾胃两经
69,12,功效,229,233,补中益气
69,13,功效,234,239,增精添髓
69,14,病症,27,29,心瘢
69,15,病症,69,71,泄痢
69,16,禁忌,11,15,食之致狂
69,17,禁忌,52,56,食并害人
69,18,古籍来源,150,156,《本草纲目》
69,19,医家,160,161,诜
70,1,食材,144,146,鸡肝
70,2,食味,150,151,甘
70,3,食性,153,154,温
70,4,功效,233,236,补肝肾
70,5,食材,246,249,鸡冠血
70,6,食材,14,16,天雄
70,7,食味,295,296,辛
70,8,食性,298,299,热
70,9,食材,27,30,太阳粉
70,10,食味,375,376,甘
70,11,古籍来源,317,321,《本经》
70,12,病症,325,327,大风
70,13,病症,328,332,蹇湿痹
70,14,病症,333,336,历节痛
70,15,病症,337,341,拘挛缓急
70,16,病症,342,347,破积聚邪气
70,17,病症,348,350,金疮
70,18,功效,351,354,强筋骨
70,19,功效,355,360,轻身健行
70,20,古籍来源,383,387,《本经》
70,21,功效,400,403,养精神
70,22,功效,404,407,安魂魄
70,23,功效,408,410,益气
70,24,功效,411,413,明目
70,25,功效,415,422,久服通神明不老
70,26,食材,306,308,千姜
70,27,食材,280,282,附子
70,28,食材,283,286,草乌头
70,29,食材,370,373,殊砂粉
70,30,医家,61,63,孟诜
70,31,古籍来源,53,59,《嘉祜本草》
70,32,古籍来源,88,95,《日华子本草》
70,33,古籍来源,107,111,《敦煌》
70,34,病症,116,119,白虎风
70,35,病症,129,131,风痛
71,1,食材,4,6,青蒿
71,2,食性,8,9,寒
71,3,功效,10,12,益气
71,4,功效,13,15,长发
71,5,功效,16,19,能轻身
71,6,功效,20,22,补中
71,7,功效,444,446,不老
71,8,功效,27,29,明目
71,9,功效,30,33,煞风毒
71,10,功效,34,38,捣傅疮上
71,11,功效,39,43,止血生肉
71,12,食材,49,51,草蒿
71,13,食材,55,57,青蒿
71,14,食材,60,61,菡
71,15,食材,62,64,方溃
71,16,食材,65,68,三庚草
71,17,食材,69,72,白染艮
71,18,食材,136,139,菌陈蒿
71,19,食材,157,159,滨蒿
71,20,食材,189,191,牡蒿
71,21,食味,228,229,苦
71,22,食味,252,254,微辛
71,23,食性,256,257,寒
71,24,归经,258,260,入肝
71,25,归经,261,264,胆经
71,26,功效,266,270,清热解暑
71,27,功效,271,274,止痢疾
71,28,功效,275,278,除黄疸
71,29,病症,281,285,皮肤疥疮
71,30,病症,286,298,肝胆系统病引起的低热症
71,31,病症,308,312,妇科疾病
71,32,病症,314,321,行经腹痛胀满
71,33,病症,322,326,四肢发热
71,34,病症,328,332,心烦体怠
71,35,食材,341,344,青蒿根
71,36,病症,351,356,关节风湿症
71,37,病症,357,361,虚痨发热
71,38,病症,362,366,大便下血
71,39,食材,367,370,青蒿茎
71,40,食材,371,372,叶
71,41,烹饪方法,376,378,蒸馏
71,42,食材,381,384,青蒿露
71,43,功效,386,390,明目退翳
71,44,功效,391,395,清暑解热
71,45,功效,396,399,辟恶秽
71,46,病症,410,414,低烧虚热
71,47,病症,415,417,盗汗
71,48,病症,418,420,疟疾
71,49,功效,424,426,长发
71,50,古籍来源,427,434,《日华子本草》
71,51,功效,437,440,长毛发
71,52,功效,448,451,去蒜发
71,53,病症,453,455,心痛
71,54,病症,456,458,热黄
71,55,功效,460,464,捣傅疮止
71,56,功效,467,471,止血生肉
71,57,古籍来源,472,477,《唐本草》
71,58,功效,480,485,生接敷金疮
71,59,功效,487,490,大止血
71,60,功效,491,494,失肉
71,61,功效,496,499,止疼痛
72,1,食材,189,191,苜蓿
72,2,食材,12,13,根
72,3,食材,14,17,土黄耆
72,4,功效,22,24,安中
72,5,功效,25,28,利五脏
72,6,烹饪方法,29,30,煮
72,7,烹饪方法,30,33,和酱食
72,8,烹饪方法,36,38,作羹
72,9,病症,43,45,疸黄
72,10,烹饪方法,52,54,生捣
72,11,烹饪方法,56,58,绞汁
72,12,功效,66,69,利五脏
72,13,功效,70,72,轻身
72,14,功效,73,80,冼去脾胃间邪气
72,15,病症,84,88,诸恶热毒
72,16,禁忌,89,93,少食好
72,17,禁忌,94,102,多食当冷气入筋中
72,18,禁忌,103,106,即瘦人
72,19,功效,109,113,轻身健人
72,20,食材,195,197,木粟
72,21,食材,198,200,怀风
72,22,食材,202,207,光风金花莱
72,23,食材,208,211,黄花菜
72,24,食材,212,215,连枝草
72,25,食味,265,266,苦
72,26,食性,268,269,平
72,27,食材,300,303,苜蓿根
72,28,食味,307,308,苦
72,29,食性,310,311,寒
72,30,食材,315,318,土黄耆
72,31,古籍来源,127,133,《本草纲目》
72,32,医家,161,163,孟诜
72,33,古籍来源,153,159,《嘉祜本草》
73,1,病症,8,12,藏腑虚衿
73,2,病症,14,18,猾泄不定
73,3,食疗方,19,22,摄脾丸
73,4,食材,23,25,木香
73,5,食材,26,28,诃子
73,6,烹饪方法,28,29,炮
73,7,食材,32,34,厚朴
73,8,烹饪方法,37,38,炙
73,9,食材,40,43,五倍子
73,10,食材,45,47,白术
73,11,食材,60,64,烧粟米饭
73,12,烹饪方法,66,67,丸
73,13,烹饪方法,75,76,服
73,14,烹饪方法,82,84,送下
73,15,病症,213,217,脾虚滑泄
73,16,病症,335,339,秋肺壅滞
73,17,病症,347,351,胃脘痰滞
73,18,食疗方,360,364,葳灵仙丸
73,19,食材,366,369,葳灵仙
73,20,烹饪方法,377,379,焙干
73,21,烹饪方法,57,58,末
73,22,食材,398,400,皂角
73,23,烹饪方法,413,415,浸洗
73,24,烹饪方法,416,419,去黑皮
73,25,烹饪方法,431,432,揉
73,26,烹饪方法,434,436,去滓
73,27,烹饪方法,438,439,滤
73,28,烹饪方法,442,445,熬成膏
73,29,烹饪方法,453,454,溲
73,30,烹饪方法,77,78,丸
73,31,烹饪方法,464,465,服
73,32,食材,34,36,生姜
73,33,烹饪方法,475,476,汤
73,34,病症,287,291,胀满久嗽
73,35,病症,315,319,脏腑虚冷
73,36,食材,323,325,炮姜
73,37,食材,327,329,肉桂
73,38,古籍来源,96,102,《遵生八笺》
73,39,古籍来源,192,198,《文津阁本》
74,1,食材,210,212,薄荷
74,2,食材,239,241,茶叶
74,3,食材,265,267,清酒
74,4,食材,346,348,辰砂
74,5,食材,352,353,桂
74,6,食材,356,358,远志
74,7,食材,364,366,人蘧
74,8,食材,369,372,茯苓
74,9,食材,386,389,石菖蒲
74,10,食材,393,396,干地黄
74,11,食材,419,420,蜜
74,12,食材,434,437,薄荷酒
74,13,食材,450,452,殊砂
74,14,功效,50,54,疏风解表
74,15,功效,55,59,理血下气
74,16,功效,60,64,辟恶进食
74,17,功效,84,88,逐风胜湿
74,18,功效,89,93,祛寒止痛
74,19,功效,115,119,滋阴降火
74,20,功效,120,124,凉血清热
74,21,功效,128,131,熄内风
74,22,功效,132,135,除狂烦
74,23,功效,150,154,辟秽通经
74,24,功效,155,159,豁痰开窍
74,25,功效,163,166,疗惊痫
74,26,功效,167,171,治昏迷
74,27,功效,218,222,开痰清音
74,28,功效,246,250,清脑提神
74,29,功效,272,276,行血通络
74,30,功效,332,336,令不健忘
74,31,功效,339,343,聪耳明目
74,32,功效,456,459,益心气
74,33,功效,459,461,养神
74,34,病症,200,206,中风失音吐痰
74,35,病症,225,229,中风昏溃
74,36,病症,230,235,多睡不醒
74,37,病症,252,256,风寒湿痹
74,38,病症,257,261,半身不遂
74,39,病症,471,473,健忘
74,40,病症,617,619,少寐
74,41,病症,621,625,心肾不交
74,42,脏腑,323,324,心
74,43,脏腑,492,493,肾
74,44,食疗方,22,25,鸟犀丸
74,45,食疗方,631,634,镇心丸
74,46,烹饪方法,409,411,为末
74,47,烹饪方法,290,291,丸
74,48,养生原则,462,464,常服
74,49,古籍来源,552,558,《文津阁本》
75,1,食材,159,162,白蒺藜
75,2,食材,72,75,鲜茅根
75,3,食材,78,80,粳米
75,4,烹饪方法,69,71,包煎
75,5,烹饪方法,93,94,煎
75,6,烹饪方法,122,123,煮
75,7,病症,11,13,热淋
75,8,病症,14,16,石淋
75,9,病症,17,19,尿急
75,10,病症,20,22,尿频
75,11,病症,23,27,少腹疼痛
75,12,病症,28,36,小便黏稠有结块
75,13,病症,38,42,时下砂粒
75,14,病症,43,47,舌苔自滑
75,15,病症,48,51,脉沉弦
75,16,病症,163,166,膀胱炎
75,17,病症,168,171,尿道炎
75,18,病症,172,176,尿路结石
75,19,病症,251,253,五淋
75,20,病症,304,309,热淋不下血
75,21,病症,365,368,小便痛
75,22,病症,369,371,不利
75,23,病症,395,399,热淋烦热
75,24,病症,400,406,小便茎中痛
75,25,病症,407,412,涩少不快利
75,26,病症,437,441,小便涩痛
75,27,病症,442,446,常频不利
75,28,病症,468,472,热淋秘涩
75,29,病症,473,477,烦热燥痛
75,30,病症,478,482,四肢寒栗
75,31,病症,502,509,热淋小便不通利
75,32,病症,510,514,秘涩而痛
75,33,病症,519,523,热淋下血
75,34,病症,569,575,热淋小便下血
75,35,病症,576,580,身体热甚
75,36,病症,600,604,淋病尿血
75,37,病症,605,611,小便涩而不利
75,38,病症,612,615,痛闷极
75,39,病症,640,644,五淋秘涩
75,40,病症,645,649,小便禁痛
75,41,病症,650,652,下血
75,42,功效,243,247,清热通淋
75,43,功效,346,350,清热利尿
75,44,功效,351,355,扶正祛邪
75,45,功效,378,384,清热解毒除烦
75,46,功效,385,388,调气血
75,47,功效,389,392,通淋闭
75,48,功效,419,423,滑利下行
75,49,功效,424,428,通淋活血
75,50,功效,453,457,清热解毒
75,51,功效,458,462,利窍通淋
75,52,功效,490,499,利窍渗湿清热通淋
75,53,功效,551,555,补肾益精
75,54,功效,562,566,止血排石
75,55,功效,587,592,滋阴凉血
75,56,功效,593,597,润燥通淋
75,57,功效,623,627,生津解毒
75,58,功效,628,632,凉血散瘀
75,59,功效,633,637,调中通淋
75,60,食疗方,314,317,浆水饮
75,61,食疗方,318,321,青豆方
75,62,食疗方,322,326,麻子粥方
75,63,食疗方,447,451,葵菜羹方
75,64,食疗方,332,337,榆皮索饼方
75,65,食疗方,545,549,车前子饮
75,66,食疗方,533,537,酥蜜煎方
75,67,食疗方,538,542,蒲桃浆方
75,68,古籍来源,147,150,经验方
76,1,病症,57,61,健忘少寐
76,2,病症,62,66,心悸怔忡
76,3,病症,67,72,脑转耳鸣
76,4,病症,73,77,目无所见
76,5,病症,101,107,气血阴阳俱虚
76,6,功效,110,112,补益
76,7,食疗方,115,118,镇心丸
76,8,医家,119,121,仲景
76,9,食疗方,121,125,炙甘草汤
76,10,食材,128,130,人参
76,11,食材,133,135,地黄
76,12,食材,136,138,麦冬
76,13,食材,139,140,桂
76,14,功效,142,145,补心气
76,15,功效,146,149,养心阴
76,16,功效,150,153,助心阳
76,17,功效,154,157,通心脉
76,18,功效,166,168,滋肾
76,19,食材,173,175,茯苓
76,20,功效,175,178,补心脾
76,21,功效,178,182,宁神益智
76,22,食材,183,185,远志
76,23,食材,186,188,菖蒲
76,24,功效,188,192,散郁化痰
76,25,功效,193,198,辟秽通窍
76,26,食材,202,204,辰砂
76,27,功效,204,208,安神定惊
76,28,功效,209,213,镇心除烦
76,29,脏腑,14,15,心
76,30,脏腑,37,38,肾
76,31,食材,262,264,薄荷
76,32,食材,265,267,清酒
76,33,功效,275,279,舒郁通经
76,34,禁忌,303,309,不宜常服久服
76,35,禁忌,312,316,损人肝肾
76,36,禁忌,317,321,令人呆闷
76,37,食材,339,342,琥珀粉
76,38,病症,350,354,脾肺客热
76,39,功效,362,364,凉心
76,40,功效,365,367,润肺
76,41,功效,368,370,消壅
76,42,食疗方,373,377,枇杷叶散
76,43,食材,391,394,枇杷叶
76,44,食材,407,409,茯苓
76,45,食材,412,414,白术
76,46,食材,418,420,羌活
76,47,食材,423,425,黄芪
76,48,食材,428,430,甘草
76,49,食材,435,437,半夏
76,50,食材,466,468,生姜
76,51,食材,469,471,薄荷
76,52,烹饪方法,472,473,煎
76,53,病症,530,538,老人气虚外感咳嗽
76,54,食疗方,544,548,枇杷叶散
76,55,食疗方,561,565,四君子汤
76,56,食材,572,573,参
76,57,食材,574,575,术
76,58,食材,576,577,苓
76,59,食材,578,579,草
76,60,食材,581,583,黄芪
76,61,食材,595,597,芜活
76,62,食材,598,600,生姜
76,63,食材,601,603,薄荷
76,64,食材,556,559,枇杷叶
76,65,功效,618,624,清心肺之客热
76,66,功效,625,631,消上焦之滞痰
76,67,食材,633,636,制半夏
76,68,功效,636,643,除脾胃气逆痰壅
76,69,功效,644,651,开中焦之痞结
76,70,烹饪方法,658,660,煎服
76,71,病症,674,680,老人气虚外感
77,1,病症,18,22,脾胃虚寒
77,2,病症,22,24,呕逆
77,3,病症,24,26,泻痢
77,4,食材,50,52,半夏
77,5,食材,66,68,生姜
77,6,功效,74,78,化饮降逆
77,7,功效,79,83,暖胃散寒
77,8,食材,87,89,白术
77,9,功效,89,93,健脾和中
77,10,功效,94,98,除湿止泻
77,11,食材,100,102,丁香
77,12,功效,102,106,温脾消胀
77,13,功效,110,114,止呕定痛
77,14,病症,134,138,少食腹胀
77,15,病症,139,142,呕吐
77,16,病症,143,145,泻痢
77,17,病症,203,207,妇人血气
77,18,病症,210,213,筋骨风
77,19,病症,214,218,四肢软弱
77,20,病症,221,225,卒中急风
77,21,病症,561,564,寸白虫
77,22,病症,250,252,伤寒
77,23,医家,262,265,孟相公
77,24,食材,198,200,藁本
77,25,食材,275,277,牛膝
77,26,烹饪方法,280,282,酒浸
77,27,烹饪方法,285,287,焙乾
77,28,食材,288,290,当归
77,29,食材,294,296,麻黄
77,30,食材,302,304,羌活
77,31,食材,307,309,独活
77,32,食材,312,314,防风
77,33,食材,317,319,肉桂
77,34,食材,328,330,芍药
77,35,食材,333,335,菊花
77,36,食材,338,340,续断
77,37,食材,343,345,芎劳
77,38,食材,350,352,甘草
77,39,食材,355,357,赤箭
77,40,食材,361,363,枳壳
77,41,烹饪方法,366,368,麸炮
77,42,食材,369,372,五加皮
77,43,烹饪方法,376,377,炮
77,44,食材,378,381,黑附子
77,45,烹饪方法,387,389,炮制
77,46,食材,394,396,细辛
77,47,烹饪方法,423,425,水洗
77,48,烹饪方法,427,429,细锉
77,49,烹饪方法,431,433,焙乾
77,50,烹饪方法,434,438,捣罗为末
77,51,烹饪方法,442,445,温酒下
77,52,烹饪方法,453,458,薄荷汤下
77,53,烹饪方法,467,471,葱白酒下
77,54,烹饪方法,8,9,服
78,1,食疗方,3,8,龟鹿二仙胶
78,2,医家,12,15,王肯堂
78,3,古籍来源,15,21,《证治准绳》
78,4,功效,27,31,大补精髓
78,5,功效,32,36,益气养神
78,6,病症,38,42,视物不清
78,7,食材,50,52,龟板
78,8,食材,58,60,鹿角
78,9,食材,65,68,枸杞子
78,10,食材,177,179,人参
78,11,食材,89,92,桂圆肉
78,12,烹饪方法,112,113,浸
78,13,烹饪方法,120,121,刮
78,14,烹饪方法,137,138,煮
78,15,烹饪方法,159,161,晒干
78,16,烹饪方法,162,163,碾
78,17,烹饪方法,194,195,熬
78,18,烹饪方法,200,202,收贮
78,19,食疗方,230,233,温中丸
78,20,医家,237,240,许叔微
78,21,古籍来源,240,249,《类证普济本事方》
78,22,功效,256,263,治妇人冲任虚损
78,23,病症,265,269,血气亏伤
78,24,病症,270,274,月水断续
78,25,病症,275,279,腹中疗痛
78,26,病症,280,285,寒热烦壅
78,27,病症,286,290,口燥舌干
78,28,病症,291,295,心神忪悸
78,29,病症,296,300,头目眩晕
78,30,病症,301,305,肢体倦怠
78,31,病症,306,310,腰背引痛
78,32,病症,311,316,筋脉拘急
78,33,病症,317,321,带下赤白
78,34,食材,328,331,生地黄
78,35,食材,332,334,生姜
78,36,食材,368,371,白芍药
78,37,食材,374,376,人参
78,38,食材,381,383,蒲黄
78,39,食材,387,389,当归
78,40,食材,395,397,琥珀
78,41,食材,402,405,自茯苓
78,42,食材,410,412,黄芪
78,43,食材,418,421,延胡索
78,44,食材,426,429,麦门冬
78,45,食材,434,437,鸟梅肉
78,46,烹饪方法,344,345,研
78,47,烹饪方法,351,352,炒
78,48,烹饪方法,472,473,煎
78,49,烹饪方法,478,479,熬
78,50,烹饪方法,485,487,为丸
78,51,食材,461,464,白艾叶
78,52,食疗方,516,519,扶桑丸
78,53,医家,523,526,汪诃庵
78,54,古籍来源,526,532,《医方集解》
78,55,功效,538,541,除风湿
78,56,功效,542,545,起羸廷
78,57,功效,547,550,驻容颜
78,58,功效,552,555,乌髭发
78,59,功效,556,560,却病延年
78,60,食材,567,570,嫩桑叶
78,61,食材,584,587,巨胜子
78,62,食材,588,591,黑芝麻
78,63,食材,598,600,白蜜
78,64,烹饪方法,615,617,擂碎
78,65,烹饪方法,617,618,熬
78,66,烹饪方法,623,624,炼
78,67,烹饪方法,635,637,为丸
78,68,食疗方,650,654,延寿丹方
78,69,古籍来源,664,671,《世补斋医书》
78,70,功效,678,682,滋阴补肾
78,71,功效,683,687,壮水清火
78,72,医家,661,664,陆九芝
78,73,医家,718,720,陆氏
78,74,病症,703,710,须发白而复黑
78,75,病症,711,717,精力耗而复强
79,1,病症,0,1,满
79,2,病症,2,6,噫呕腹逆
79,3,病症,7,11,喘嗽消渴
79,4,病症,12,16,大便不实
79,5,病症,17,19,久泻
79,6,病症,21,28,痈疽溃后不思食
79,7,食材,36,38,人参
79,8,食材,46,49,自茯苓
79,9,食材,57,59,于术
79,10,食材,66,69,干山药
79,11,食材,76,79,石莲肉
79,12,食材,84,87,白扁豆
79,13,食材,103,105,桔梗
79,14,食材,108,110,砂仁
79,15,食材,111,114,薏苡仁
79,16,食材,116,118,甘草
79,17,食材,129,131,陈皮
79,18,食材,132,134,神籼
79,19,烹饪方法,64,65,炒
79,20,烹饪方法,118,119,炙
79,21,烹饪方法,156,157,研
79,22,烹饪方法,196,197,煎
79,23,烹饪方法,202,203,和
79,24,烹饪方法,206,207,丸
79,25,烹饪方法,214,216,泛丸
79,26,烹饪方法,246,248,炼蜜
79,27,烹饪方法,258,259,化
79,28,食材,167,169,米汤
79,29,食材,170,172,枣汤
79,30,食材,173,175,熟汤
79,31,食材,188,190,生姜
79,32,食材,191,193,大枣
79,33,食材,200,202,枣肉
79,34,食材,203,205,药末
79,35,食材,487,488,蜜
79,36,食疗方,267,270,右归丸
79,37,医家,274,277,张介宾
79,38,古籍来源,277,283,《景岳全书》
79,39,功效,289,293,益火之源
79,40,功效,295,299,以消阴翳
79,41,病症,303,307,命门火衰
79,42,病症,308,312,脾胃虚寒
79,43,病症,314,319,呕恶膨胀
79,44,病症,320,324,翻胃噎膈
79,45,病症,325,329,脐腹多痛
79,46,病症,330,334,虚淋寒疝
79,47,病症,335,339,便溏泄泻
79,48,病症,340,344,肢节瘘痛
79,49,病症,345,350,水邪浮肿
79,50,病症,351,355,眼见邪祟
79,51,病症,356,360,阳衰无子
79,52,食材,369,372,大熟地
79,53,食材,375,377,肉桂
79,54,食材,378,381,川附子
79,55,食材,387,391,山茱萸肉
79,56,食材,392,396,淮山药
79,57,食材,398,401,川杜仲
79,58,食材,409,412,枸杞子
79,59,食材,416,419,菟丝子
79,60,食材,426,429,鹿角胶
79,61,食材,433,436,全当归
79,62,食材,454,456,枣皮
79,63,食材,463,465,茯苓
79,64,食材,466,469,补骨脂
79,65,烹饪方法,69,70,炒
79,66,烹饪方法,148,149,制
79,67,烹饪方法,482,483,研
79,68,烹饪方法,488,490,和丸
79,69,烹饪方法,508,509,嚼
79,70,烹饪方法,241,242,送
79,71,食疗方,523,526,四神丸
79,72,医家,530,533,王肯堂
79,73,古籍来源,533,539,《证治准绳》
79,74,功效,545,549,温补脾肾
79,75,功效,550,554,收涩止泻
79,76,病症,557,561,脾肾虚寒
79,77,病症,562,566,五更泄泻
79,78,病症,567,572,不思饮食
79,79,病症,574,578,久痢虚痛
79,80,病症,579,583,腰酸肢衿
79,81,食材,590,593,肉豆蔻
79,82,食材,597,600,五味子
79,83,食材,606,609,补骨脂
79,84,食材,619,622,吴茱萸
79,85,食材,645,647,生姜
79,86,食材,667,669,红枣
79,87,烹饪方法,595,596,煨
79,88,烹饪方法,79,80,炒
79,89,烹饪方法,92,93,浸
79,90,烹饪方法,624,625,泡
79,91,烹饪方法,640,641,研
79,92,烹饪方法,694,695,煮
79,93,烹饪方法,706,707,捣
79,94,烹饪方法,707,709,和丸
79,95,食材,729,731,米饮
79,96,食材,256,258,熟汤
79,97,食材,622,624,盐汤
79,98,食疗方,748,751,七成汤
79,99,医家,755,758,吴又可
79,100,古籍来源,758,763,《瘟疫论》
79,101,功效,769,773,益气安神
79,102,功效,774,778,温肾止泻
79,103,病症,782,789,黎明或夜半作泻
79,104,病症,790,794,脉迟细弱
80,1,病症,4,8,五劳七伤
80,2,病症,99,101,志劳
80,3,脏腑,105,106,肾
80,4,病症,107,111,腰脚痛重
80,5,病症,112,116,行立不任
80,6,病症,119,121,思劳
80,7,脏腑,125,126,脾
80,8,病症,127,131,吐逆少食
80,9,病症,132,136,不成肌肤
80,10,病症,140,142,心劳
80,11,脏腑,146,147,心
80,12,病症,148,156,发燥而面无精光
80,13,病症,159,161,忧劳
80,14,脏腑,165,166,肺
80,15,病症,167,171,咳嗽气逆
80,16,病症,174,176,疲劳
80,17,脏腑,180,181,肝
80,18,病症,182,184,目暗
80,19,病症,185,189,筋骨挛痛
80,20,病症,207,209,阴寒
80,21,病症,213,215,阴痿
80,22,病症,218,220,里急
80,23,病症,223,229,精连连而不绝
80,24,病症,234,239,精少囊下湿
80,25,病症,242,244,精清
80,26,病症,247,251,小便苦数
80,27,古籍来源,257,263,《千金翼方》
80,28,病症,265,270,七伤为病
80,29,病症,273,276,邪气多
80,30,病症,277,280,正气少
80,31,病症,281,285,忽忽善忘
80,32,病症,286,290,悲伤不乐
80,33,病症,291,296,夺色黧黑
80,34,病症,297,304,饮食不生肌肤
80,35,病症,305,309,色无润泽
80,36,病症,311,315,发白枯槁
80,37,病症,316,320,牙齿不坚
80,38,病症,321,325,目黄泪出
80,39,病症,326,330,远视肮肮
80,40,病症,332,336,见风泪下
80,41,病症,338,340,咽焦
80,42,病症,341,343,消渴
80,43,病症,344,346,鼻衄
80,44,病症,347,349,唾血
80,45,病症,350,356,喉中介介不利
80,46,病症,357,361,胸中噎塞
80,47,病症,362,367,食饮不下
80,48,病症,368,372,身寒汗出
80,49,病症,373,377,肌肉酸瘠
80,50,病症,378,382,四肢沉重
80,51,病症,383,387,不欲动作
80,52,病症,388,392,膝胫苦寒
80,53,病症,393,398,不能远行
80,54,病症,399,403,上重下轻
80,55,病症,404,410,久立腰背苦痛
80,56,病症,411,415,难以倪仰
80,57,病症,416,420,绕脐急痛
80,58,病症,421,428,饥则心下虚悬
80,59,病症,429,433,唇干口燥
80,60,病症,434,438,腹里雷鸣
80,61,病症,439,444,胸背相引痛
80,62,病症,447,451,呕逆不食
80,63,病症,454,456,娈吐
80,64,病症,457,462,小便赤热
80,65,病症,463,467,乍数乍难
80,66,病症,468,472,或时伤多
80,67,病症,473,477,或如针刺
80,68,病症,478,482,大便坚涩
80,69,病症,483,487,时泄下血
80,70,病症,488,493,身体瘙痒
80,71,病症,494,498,阴下常湿
80,72,病症,499,503,黄汗自出
80,73,病症,504,508,阴痿消小
80,74,病症,509,513,临事不起
80,75,病症,514,518,精清而少
80,76,病症,519,524,连连独泄
80,77,病症,525,529,阴端寒衿
80,78,病症,530,534,茎中疼痛
80,79,病症,535,539,小便余沥
80,80,病症,540,544,卵肿而大
80,81,病症,545,549,缩入腹中
80,82,病症,550,555,四肢浮肿
80,83,病症,556,560,虚热烦痛
80,84,病症,561,565,乍热乍寒
80,85,病症,566,570,卧不安席
80,86,病症,571,575,心如杵春
80,87,病症,576,580,惊悸失脉
80,88,病症,581,586,呼吸乏短
80,89,病症,587,591,时时噩梦
80,90,病症,600,602,房劳
80,91,脏腑,604,605,肝
80,92,脏腑,606,607,肾
80,93,病症,628,632,湿热挟风
80,94,病症,633,634,瘀
80,95,病症,635,639,伤及阴筋
80,96,养生原则,651,657,补肝肾益下元
80,97,养生原则,665,672,清湿热散风化瘀
80,98,病症,20,24,五劳七伤
80,99,病症,700,705,肾阳虚衰
80,100,病症,706,710,精血大亏
80,101,病症,681,685,五劳七伤
80,102,病症,754,758,下焦虚冷
80,103,病症,760,764,小便遗精
81,1,食材,182,185,粳米
81,2,食材,80,82,桂心
81,3,食材,280,282,白蜜
81,4,食材,285,287,熟汤
81,5,食材,587,590,姜橘汤
81,6,食味,194,195,辛
81,7,食味,195,196,甘
81,8,食性,196,198,大热
81,9,功效,188,191,健脾气
81,10,功效,203,211,补命门相火之不足
81,11,功效,212,221,破阴寒痼衿之凝结
81,12,功效,517,521,生津润燥
81,13,功效,522,526,补中益气
81,14,功效,527,534,散结解毒止痛
81,15,病症,73,75,噎塞
81,16,病症,260,262,噎病
81,17,病症,263,267,食饮不下
81,18,病症,268,272,气塞不通
81,19,病症,155,157,心痛
81,20,病症,157,159,满闷
81,21,病症,170,173,舌淡白
81,22,病症,174,177,脉沉紧
81,23,病症,452,456,口干咽燥
81,24,病症,467,472,大便艰涩
81,25,病症,479,481,气短
81,26,病症,482,484,心悸
81,27,病症,485,487,乏力
81,28,病症,488,490,自汗
81,29,脏腑,94,95,脾
81,30,脏腑,95,96,肾
81,31,脏腑,106,108,食管
81,32,脏腑,109,111,心下
81,33,脏腑,147,148,胃
81,34,脏腑,459,461,大肠
81,35,食疗方,275,278,蜜浆方
81,36,烹饪方法,53,54,煮
81,37,烹饪方法,192,193,调
81,38,古籍来源,3,10,《经钮堂抄本》
81,39,古籍来源,21,27,《文津阁本》
82,1,烹饪方法,10,11,煎
82,2,烹饪方法,11,12,服
82,3,食疗方,20,25,麻杏石甘汤
82,4,医家,29,32,张仲景
82,5,古籍来源,32,37,《伤寒论》
82,6,功效,45,49,宣肺清热
82,7,病症,51,56,发汗或下后
82,8,病症,57,61,汗出而喘
82,9,病症,62,67,肌表无大热
82,10,食材,74,76,麻黄
82,11,食材,84,86,杏仁
82,12,食材,97,99,甘草
82,13,食材,107,109,石膏
82,14,烹饪方法,136,137,煮
82,15,烹饪方法,159,161,温服
82,16,食疗方,170,173,六安煎
82,17,古籍来源,177,183,《景岳全书》
82,18,功效,189,193,宣肺降气
82,19,功效,194,198,燥湿化痰
82,20,病症,200,204,风寒咳嗽
82,21,病症,206,210,非风初感
82,22,病症,212,217,痰滞气逆
82,23,食材,226,228,杏仁
82,24,食材,235,238,白芥子
82,25,食材,433,435,半夏
82,26,食材,259,261,陈皮
82,27,食材,265,267,茯苓
82,28,食材,270,272,甘草
82,29,食材,290,292,生姜
82,30,烹饪方法,296,297,煎
82,31,烹饪方法,301,304,食远服
82,32,病症,306,313,外感风邪咳嗽
82,33,病症,315,318,寒气盛
82,34,食材,329,332,北细辛
82,35,食疗方,345,349,六君子汤
82,36,古籍来源,353,359,《妇人良方》
82,37,功效,365,369,益气健脾
82,38,功效,370,374,化痰除湿
82,39,病症,376,384,脾胃气虚而兼痰湿
82,40,病症,387,392,气短咳嗽
82,41,病症,393,397,痰白清稀
82,42,病症,398,402,饮食不思
82,43,病症,403,407,大便不实
82,44,病症,411,416,慢性气管炎
82,45,食材,428,430,陈皮
82,46,食材,252,255,半夏
82,47,食材,438,440,茯苓
82,48,食材,443,445,甘草
82,49,食材,448,450,人参
82,50,食材,453,455,自术
82,51,烹饪方法,467,470,水煎服
82,52,食疗方,478,483,三子养亲汤
82,53,医家,487,489,韩悉
82,54,古籍来源,489,495,《韩氏医通》
82,55,功效,501,505,顺气降逆
82,56,功效,506,510,化痰消滞
82,57,病症,512,518,老人气实痰盛
82,58,病症,519,523,喘满懒食
82,59,病症,524,528,舌苔腻
82,60,病症,530,532,脉滑
82,61,食材,540,543,紫苏子
82,62,食材,547,550,白芥子
82,63,食材,551,554,莱菔子
82,64,烹饪方法,565,567,微炒
82,65,烹饪方法,567,568,研
82,66,烹饪方法,569,571,煎服
82,67,病症,584,586,咳喘
82,68,病症,600,602,痰多
82,69,病症,612,614,食滞
82,70,食疗方,631,634,黑锡丹
82,71,古籍来源,638,648,《太平惠民和剂局方》
82,72,功效,654,658,温壮下元
82,73,功效,659,663,镇纳浮阳
82,74,病症,666,670,真元不足
82,75,病症,671,675,上盛下虚
82,76,病症,676,681,痰壅气喘
82,77,病症,682,686,汗出肢厥
82,78,病症,687,690,脉沉微
82,79,病症,691,696,尺脉无或小
82,80,病症,698,702,寒疝腹痛
82,81,病症,705,709,阳痿遗精
83,1,食材,20,22,生姜
83,2,食材,162,163,杏
83,3,食材,164,166,桃仁
83,4,食材,176,177,盐
83,5,食材,178,180,甘草
83,6,食材,248,251,川鸟头
83,7,食材,260,262,厚朴
83,8,食材,272,274,干姜
83,9,食材,279,281,甘草
83,10,食材,133,135,生姜
83,11,病症,13,15,痰嗽
83,12,病症,45,49,脾胃虚弱
83,13,病症,54,56,痰饮
83,14,病症,108,112,咳嗽痰多
83,15,病症,113,117,咳痰清稀
83,16,病症,118,122,恶寒发热
83,17,病症,123,128,脉浮而弦
83,18,病症,231,233,泄泻
83,19,病症,239,241,久泻
83,20,病症,338,342,中寒泄泻
83,21,病症,392,396,下利清谷
83,22,病症,398,402,腹部作胀
83,23,病症,403,407,绵绵而痛
83,24,病症,408,412,口吐涎沫
83,25,病症,420,425,舌淡苔白滑
83,26,病症,427,432,脉沉细而迟
83,27,脏腑,9,10,肺
83,28,脏腑,148,150,脾胃
83,29,脏腑,58,60,中焦
83,30,脏腑,61,62,肺
83,31,脏腑,244,245,脾
83,32,脏腑,382,384,中焦
83,33,食疗方,347,350,健脾散
83,34,烹饪方法,254,255,炮
83,35,烹饪方法,284,285,炙
83,36,烹饪方法,305,306,煎
83,37,古籍来源,209,215,《遵生八笺》
84,1,食材,358,360,酸味
84,2,食材,386,387,甘
84,3,食材,395,397,甜味
84,4,食味,354,355,酸
84,5,食味,419,420,甘
84,6,食味,389,390,甜
84,7,脏腑,27,28,肝
84,8,脏腑,370,371,脾
84,9,脏腑,63,64,胆
84,10,脏腑,116,117,心
84,11,脏腑,480,481,肺
84,12,脏腑,376,377,胃
84,13,病症,589,591,腹痛
84,14,病症,592,594,呕吐
84,15,病症,595,597,泄泻
84,16,病症,598,600,肢冷
84,17,病症,601,603,脉伏
84,18,病症,639,641,宿疾
84,19,病症,649,653,精神昏倦
84,20,病症,693,697,体热头昏
84,21,病症,698,702,膈壅涎嗽
84,22,病症,705,709,四肢劳倦
84,23,病症,712,715,腰脚不
84,24,养生原则,425,429,肝脾协调
84,25,医家,91,94,张景岳
84,26,古籍来源,94,98,《类经》
85,1,食材,5,7,人参
85,2,食材,11,13,茯苓
85,3,食材,16,19,熟附子
85,4,食材,22,25,破故纸
85,5,食材,31,34,辽五味
85,6,食材,37,39,甘草
85,7,食材,148,150,白术
85,8,食材,155,157,白芍
85,9,食材,162,164,陈皮
85,10,食材,170,172,防风
85,11,食材,202,204,升麻
85,12,食材,296,298,猪苓
85,13,食材,301,303,茯苓
85,14,食材,306,308,泽泻
85,15,食材,311,313,党参
85,16,食材,335,337,小米
85,17,食材,410,412,大黄
85,18,食材,420,422,厚朴
85,19,食材,425,427,枳壳
85,20,食材,430,433,白芍药
85,21,食材,437,440,麻子仁
85,22,食材,464,465,蜜
85,23,食材,550,553,川当归
85,24,食材,554,557,生地黄
85,25,食材,558,560,枳壳
85,26,食材,561,563,桃仁
85,27,食材,564,566,麻仁
85,28,食材,574,576,大黄
85,29,食材,577,579,黄芩
85,30,食材,679,681,半夏
85,31,食材,692,694,硫黄
85,32,食材,705,707,柳木
85,33,食疗方,64,67,八味丸
85,34,食疗方,81,85,痛泻要方
85,35,食疗方,213,216,春泽汤
85,36,食疗方,347,350,脾约丸
85,37,食疗方,503,506,润肠丸
85,38,食疗方,622,625,半硫丸
85,39,功效,103,107,泻肝补脾
85,40,功效,246,250,补气健脾
85,41,功效,251,255,利湿清热
85,42,功效,372,376,润肠通便
85,43,功效,377,381,行气清热
85,44,功效,526,530,养血清热
85,45,功效,531,535,滋燥通便
85,46,功效,645,649,温肾逐寒
85,47,功效,650,654,通阳泄浊
85,48,病症,110,114,肠鸣腹痛
85,49,病症,115,119,大便泄泻
85,50,病症,120,124,泻必腹痛
85,51,病症,131,136,脉两关不调
85,52,病症,137,140,弦而缓
85,53,病症,197,199,水泻
85,54,病症,257,261,无病而渴
85,55,病症,263,267,病瘥后渴
85,56,病症,272,277,小便不通利
85,57,病症,278,280,脉弱
85,58,病症,281,285,下肢浮肿
85,59,病症,383,388,老人津液少
85,60,病症,389,392,大便燥
85,61,病症,394,397,小便涩
85,62,病症,399,403,其脾为约
85,63,病症,537,543,血燥挟热便秘
85,64,病症,658,664,老年虚衿便秘
85,65,病症,668,672,寒湿久泻
85,66,烹饪方法,25,26,炒
85,67,烹饪方法,54,55,煎
85,68,烹饪方法,188,189,丸
85,69,烹饪方法,191,192,散
85,70,烹饪方法,418,419,焙
85,71,烹饪方法,590,591,研
85,72,烹饪方法,594,598,炼蜜为丸
85,73,烹饪方法,681,683,汤浸
85,74,烹饪方法,698,702,研令极细
85,75,古籍来源,86,92,《景岳全书》
85,76,古籍来源,223,229,《医方集解》
85,77,古籍来源,356,364,《寿亲养老新书》
85,78,古籍来源,513,520,《沈氏尊生书》
85,79,古籍来源,629,639,《太平惠民和剂局方》
85,80,医家,93,96,刘草窗
85,81,医家,220,223,汪切庵
85,82,医家,233,236,岳美中
85,83,医家,354,356,邹铉
85,84,医家,510,513,沈金鳌
86,1,食材,2,5,干山药
86,2,食材,15,17,麦芽
86,3,食材,26,28,芡实
86,4,食材,44,46,泽泻
86,5,食材,48,50,砂仁
86,6,烹饪方法,6,7,炒
86,7,烹饪方法,65,66,研
86,8,烹饪方法,69,73,炼蜜为丸
86,9,烹饪方法,96,100,水泛为丸
86,10,烹饪方法,132,134,水煎
86,11,烹饪方法,442,443,煮
86,12,烹饪方法,486,490,面糊为丸
86,13,食材,90,92,姜汤
86,14,食材,231,234,别直参
86,15,食材,237,240,炙黄芪
86,16,食材,243,246,毛鹿茸
86,17,食材,249,251,党参
86,18,食材,254,258,炙甘草
86,19,食材,261,263,续断
86,20,食材,266,269,炒冬术
86,21,食材,272,274,茯苓
86,22,食材,276,278,肉桂
86,23,食材,281,283,陈皮
86,24,食材,286,289,炒白芍
86,25,食材,292,294,当归
86,26,食材,297,299,熟地
86,27,食材,303,306,炒远志
86,28,食材,309,312,枸杞子
86,29,食材,315,319,肉苁蓉
86,30,食材,363,365,河车
86,31,食材,449,452,云茯苓
86,32,食材,455,457,人参
86,33,食材,460,463,干山药
86,34,食材,498,500,麝香
86,35,食材,516,518,米饮
86,36,食材,519,521,温酒
86,37,食材,354,356,盐汤
86,38,食材,532,536,五味子汤
86,39,食疗方,184,189,参桂鹿茸丸
86,40,功效,202,207,治虚损乏力
86,41,功效,208,212,畏寒肢冷
86,42,功效,213,217,腰膝酸软
86,43,功效,218,222,食减便溏
86,44,功效,386,389,治劳嗽
86,45,功效,396,398,虚损
86,46,功效,399,401,骨蒸
86,47,病症,393,395,劳瘵
86,48,医家,112,115,岳美中
86,49,医家,370,373,王肯堂
86,50,古籍来源,373,379,《证治准绳》
86,51,古籍来源,612,616,《内经》
86,52,古籍来源,617,622,《千金方》
86,53,养生原则,660,664,饮食有节
86,54,养生原则,665,670,起居有常
86,55,养生原则,671,675,不妄作劳
86,56,养生原则,678,682,形与神俱
86,57,养生原则,684,689,尽终其天年
86,58,养生原则,690,695,度百岁乃去
87,1,食材,123,125,羌活
87,2,食材,237,242,黑白二附子
87,3,食材,269,271,黄芪
87,4,食材,300,302,巴戟
87,5,食材,303,305,青盐
87,6,食材,306,308,沙苑
87,7,食材,309,312,自蒺藜
87,8,食材,313,315,牛膝
87,9,食材,317,319,茴香
87,10,食材,320,322,川楝
87,11,食材,370,372,白附
87,12,食材,524,526,木香
87,13,食材,529,531,人寝
87,14,食材,538,540,茯苓
87,15,食材,548,550,自术
87,16,食材,556,559,肉豆蔻
87,17,食材,565,568,枇杷叶
87,18,食材,575,577,厚朴
87,19,食材,586,588,丁香
87,20,食材,592,595,藿香蕖
87,21,食材,598,601,甘草
87,22,食材,606,608,乾姜
87,23,食材,613,615,陈皮
87,24,食材,657,659,生姜
87,25,食材,665,666,枣
87,26,食性,244,246,大热
87,27,食性,271,273,甘温
87,28,食味,242,244,辛甘
87,29,功效,210,214,发汗解表
87,30,功效,215,219,搜风胜湿
87,31,功效,247,250,逐寒湿
87,32,功效,251,255,祛风痰
87,33,功效,256,260,补命门火
87,34,功效,274,278,补气实表
87,35,功效,279,282,扶正气
87,36,功效,326,330,补益肝肾
87,37,功效,331,335,强壮筋骨
87,38,功效,336,340,行气理腰
87,39,功效,341,345,缩尿固精
87,40,功效,488,492,和脾胃气
87,41,功效,493,496,进饮食
87,42,功效,497,500,止痰逆
87,43,功效,501,505,疗腹痛气
87,44,病症,6,10,走注疼痛
87,45,病症,421,423,腰痛
87,46,病症,424,426,疝气
87,47,病症,427,431,五更泄泻
87,48,病症,432,436,阳萎滑精
87,49,病症,439,442,舌淡白
87,50,病症,443,446,脉微细
87,51,病症,462,464,舌红
87,52,病症,464,466,脉数
87,53,病症,466,468,口渴
87,54,病症,469,471,心烦
87,55,脏腑,136,138,肝肾
87,56,脏腑,141,143,筋骨
87,57,脏腑,285,287,腠理
87,58,脏腑,290,292,卫阳
87,59,食疗方,203,206,羌活丸
87,60,烹饪方法,640,641,捣
87,61,烹饪方法,670,671,煎
87,62,禁忌,479,485,慎勿乱投此方
87,63,医家,398,399,无
88,1,病症,6,10,肾气衰弱
88,2,病症,23,27,中气不足
88,3,病症,29,33,阴火上乘
88,4,病症,34,38,九窍不利
88,5,食材,53,56,鸡头实
88,6,食材,70,72,芡实
88,7,食味,74,75,淡
88,8,食味,76,77,甘
88,9,食性,80,81,平
88,10,功效,84,88,固肾涩精
88,11,功效,89,93,补脾止泻
88,12,病症,109,115,湿痹腰脊膝痛
88,13,功效,116,121,补中除暴疾
88,14,功效,122,125,益精气
88,15,功效,126,128,强志
88,16,功效,129,135,令耳目聪明
88,17,食材,173,176,水硫黄
88,18,医家,164,167,张杲
88,19,古籍来源,167,171,《医说》
88,20,功效,213,217,却病延年
88,21,功效,225,227,补中
88,22,功效,228,230,明目
88,23,功效,231,234,利小便
88,24,食疗方,235,238,蔓菁粥
88,25,食材,242,245,蔓菁子
88,26,食材,249,251,粳米
88,27,烹饪方法,256,258,捣碎
88,28,烹饪方法,265,269,绞滤取汁
88,29,烹饪方法,418,419,煮
88,30,病症,450,457,老人肝虚目不明
88,31,医家,475,478,孙思邈
88,32,古籍来源,478,486,《备急千金要方》
88,33,病症,500,502,眼暗
88,34,食疗方,517,520,泻肝汤
88,35,病症,538,544,肝中有风热
88,36,病症,546,549,目昏暗
88,37,功效,554,556,补肝
88,38,食疗方,577,583,补肝芜菁子散
88,39,功效,591,593,明目
88,40,医家,600,602,陈直
88,41,古籍来源,290,297,《太平圣惠方》
88,42,古籍来源,631,638,《养老奉亲书》
88,43,食材,347,350,蔓菁子
88,44,食材,649,652,芫菁子
88,45,食材,656,658,芫菁
88,46,食味,663,664,辛
88,47,食性,314,315,平
88,48,归经,668,670,入肝
88,49,归经,671,674,脾两经
88,50,功效,678,682,益肝明目
88,51,功效,683,687,行气除湿
88,52,功效,688,691,清郁热
88,53,功效,692,695,利小便
88,54,功效,696,699,攻积聚
88,55,功效,700,703,杀虫毒
88,56,病症,707,711,青盲眼障
88,57,病症,712,716,目暗不明
88,58,病症,717,721,眼黄如金
88,59,病症,722,724,痢疾
88,60,病症,725,729,小便不利
88,61,古籍来源,732,738,《千金要方》
89,1,食材,5,8,川厚朴
89,2,食材,15,18,陈橘皮
89,3,食材,27,29,甘草
89,4,食材,34,38,南京小枣
89,5,食材,46,48,生姜
89,6,食材,55,59,茅山苍术
89,7,食材,110,111,盐
89,8,食材,130,132,鸟梅
89,9,食材,253,256,山楂肉
89,10,食材,284,286,半夏
89,11,食材,300,302,橘红
89,12,食材,311,313,神籼
89,13,食材,332,334,麦芽
89,14,食材,346,350,自茯苓
89,15,食材,360,363,连翘壳
89,16,食材,364,367,萝卜子
89,17,食材,378,380,黄连
89,18,食材,711,713,伏神
89,19,食材,638,641,香附子
89,20,食材,716,719,香附子
89,21,食材,729,731,甘草
89,22,烹饪方法,32,33,锉
89,23,烹饪方法,85,86,煮
89,24,烹饪方法,88,89,捣
89,25,烹饪方法,97,98,焙
89,26,烹饪方法,99,100,碾
89,27,烹饪方法,432,433,研
89,28,烹饪方法,303,304,炒
89,29,烹饪方法,70,71,浸
89,30,烹饪方法,653,654,锸
89,31,烹饪方法,315,316,炒
89,32,烹饪方法,677,680,炼蜜丸
89,33,烹饪方法,734,735,炙
89,34,病症,116,118,泄泻
89,35,病症,220,222,食积
89,36,病症,223,225,酒积
89,37,病症,226,228,痰饮
89,38,病症,229,233,胸膈痞满
89,39,病症,234,238,嗳气吞酸
89,40,病症,240,244,泄泻腹痛
89,41,病症,245,247,疟痢
89,42,功效,213,215,和血
89,43,功效,216,218,补血
89,44,功效,548,552,大有补益
89,45,食疗方,191,194,保和丸
89,46,食疗方,484,487,交感丹
89,47,食疗方,698,701,降气汤
89,48,医家,198,201,朱震亨
89,49,医家,491,493,邹铉
89,50,古籍来源,201,207,《丹溪心法》
89,51,古籍来源,493,501,《寿亲养老新书》
90,1,食材,0,4,生枸杞根
90,2,食材,41,43,地骨
90,3,食材,46,49,地骨皮
90,4,食材,108,112,白羊脊骨
90,5,食材,35,38,枸杞根
90,6,食材,496,500,白羊脊骨
90,7,食材,287,289,枸杞
90,8,食材,267,268,酒
90,9,食材,637,640,羊头蹄
90,10,食材,657,659,胡椒
90,11,食材,663,665,荜芟
90,12,食材,672,674,葱白
90,13,食材,676,678,豆豉
90,14,食味,434,435,甘
90,15,食味,435,437,微苦
90,16,食味,501,502,甘
90,17,食性,437,438,寒
90,18,食性,313,314,热
90,19,食性,503,505,无毒
90,20,功效,408,412,清其虚热
90,21,功效,413,417,补其精髓
90,22,功效,439,445,外祛无定虚邪
90,23,功效,446,452,内除有汗骨蒸
90,24,功效,453,460,上理头风客热
90,25,功效,461,467,中去胸胁气滞
90,26,功效,468,474,下利肠间湿邪
90,27,功效,475,479,久服强阴
90,28,功效,480,483,坚筋骨
90,29,功效,485,489,止消渴
90,30,功效,490,495,除周痹风湿
90,31,功效,508,511,补肾虚
90,32,功效,512,515,通督脉
90,33,功效,516,524,主虚劳寒中羸瘦
90,34,功效,555,559,补中兼清
90,35,功效,603,607,通行血脉
90,36,病症,361,365,体虚消瘦
90,37,病症,367,371,五心烦热
90,38,病症,372,376,夜寐盗汗
90,39,病症,377,381,腰脊酸痛
90,40,病症,382,386,弱不禁风
90,41,病症,387,391,舌干少苔
90,42,病症,394,398,脉细无力
90,43,病症,525,529,男女伤中
90,44,病症,530,534,阴气不足
90,45,病症,535,539,腰痛下痢
90,46,病症,628,632,五劳七伤
90,47,病症,633,635,虚损
90,48,脏腑,310,311,肾
90,49,脏腑,335,336,肾
90,50,脏腑,338,339,肾
90,51,脏腑,571,573,下焦
90,52,脏腑,573,575,肝肾
90,53,食疗方,320,324,枸杞煎方
90,54,食疗方,616,621,法煮羊头方
90,55,烹饪方法,77,78,煮
90,56,烹饪方法,99,100,煮
90,57,烹饪方法,689,690,煮
90,58,烹饪方法,646,647,烧
90,59,烹饪方法,22,23,切
90,60,禁忌,291,301,慎生冷酢滑油腻七日
90,61,养生原则,418,420,食治
90,62,古籍来源,12,18,《千金翼方》
90,63,古籍来源,55,61,《千金翼方》
90,64,古籍来源,242,248,《千金翼方》
90,65,古籍来源,153,160,《太平圣惠方》
90,66,古籍来源,193,200,《太平圣惠方》
91,1,病症,262,264,褥疮
91,2,病症,459,463,多愁善悲
91,3,病症,464,469,精神忧郁
91,4,养生原则,60,74,"保护老人要多动脑筋,多想办法"
91,5,养生原则,406,428,注意将老人的神识趣向引导到一个良好的轨道上来
91,6,养生原则,474,494,注意将老人的智趣引导到一个良好的轨道上来
91,7,养生原则,713,733,注意调动老人的精神心理因素中的积极方面
91,8,养生原则,734,747,对保障健康长寿无疑是重要的
92,1,功效,0,5,养阳散风
92,2,功效,6,10,解肌止痉
92,3,功效,11,15,清热生津
92,4,食材,18,20,荆芥
92,5,功效,22,26,理血解痉
92,6,功效,27,31,发表祛风
92,7,食材,35,37,香豉
92,8,功效,38,44,散胸中之烦热
92,9,病症,64,66,风痱
92,10,食材,76,77,葛
92,11,食材,121,123,葛根
92,12,病症,141,150,高血压动脉粥样硬化
92,13,病症,208,210,中风
92,14,食材,241,243,荆芥
92,15,食材,258,261,青粱米
92,16,食材,267,270,薄荷叶
92,17,食材,276,277,豉
92,18,烹饪方法,289,290,煮
92,19,烹饪方法,303,305,作粥
92,20,食材,308,309,盐
92,21,食材,310,311,醋
92,22,养生原则,312,316,空心食之
92,23,养生原则,317,320,常服佳
92,24,古籍来源,332,339,《太平圣惠方》
92,25,古籍来源,378,385,《经钮堂抄本》
92,26,古籍来源,415,421,《文津阁本》
92,27,古籍来源,615,620,《万历本》
92,28,食材,502,505,白粱米
92,29,食材,373,375,粱米
92,30,食材,665,667,薄荷
92,31,食材,587,588,豉
93,1,食材,111,113,熊肉
93,2,食性,127,128,平
93,3,食性,129,130,温
93,4,食味,126,127,甘
93,5,功效,135,138,补虚羸
93,6,功效,140,143,强筋骨
93,7,古籍来源,176,182,《食医心镜》
93,8,医家,174,176,孟诜
93,9,病症,162,166,风瘅不仁
93,10,病症,167,171,筋急五缓
93,11,病症,188,194,脚气风瘅不仁
93,12,病症,195,199,五缓筋急
93,13,病症,206,211,中风心肺热
93,14,病症,213,217,手足不随
93,15,病症,224,228,筋脉五缓
93,16,病症,230,234,恍惚烦躁
93,17,病症,97,99,脚气
93,18,病症,279,283,脚气冲心
93,19,食材,343,345,生栗
93,20,病症,329,333,肾虚气损
93,21,病症,340,342,困乏
93,22,烹饪方法,354,355,蒸
93,23,烹饪方法,361,364,悬令干
93,24,功效,561,563,补肾
93,25,功效,630,633,强腰脚
93,26,功效,634,637,壮筋骨
93,27,食性,624,626,甘温
93,28,病症,583,587,腰痛无力
93,29,病症,588,590,困乏
93,30,病症,592,596,肾虚证候
93,31,病症,604,611,少腹瘅着不仁
93,32,病症,612,616,小便不利
94,1,食材,1,3,竹叶
94,2,食味,8,9,辛
94,3,食味,9,10,淡
94,4,食味,10,11,甘
94,5,食性,11,12,寒
94,6,归经,14,16,人心
94,7,归经,17,20,肺两经
94,8,功效,22,28,善清上焦风热
94,9,功效,33,38,解渴除烦
94,10,食材,39,42,生石膏
94,11,食味,44,45,辛
94,12,食味,45,46,甘
94,13,食性,47,48,寒
94,14,归经,49,51,人肺
94,15,归经,52,53,胃
94,16,归经,54,56,三焦
94,17,功效,60,64,清热降火
94,18,食材,74,76,砂糖
94,19,食材,76,78,粳米
94,20,功效,79,83,顾护胃气
94,21,古籍来源,97,99,仲景
94,22,食疗方,102,107,竹叶石膏汤
94,23,病症,112,116,时行眼疾
94,24,病症,117,121,白睛红赤
94,25,病症,130,135,虚羸少气
94,26,病症,138,144,病后余热未尽
94,27,食材,167,169,荆芥
94,28,食材,170,172,薄荷
94,29,食疗方,181,184,竹叶粥
94,30,病症,190,197,时行眼疾之轻证
94,31,病症,213,216,燥热疫
94,32,病症,223,227,头痛目痛
94,33,病症,229,233,红丝绕目
94,34,病症,241,243,伤寒
94,35,医家,249,252,余师愚
94,36,古籍来源,252,258,《疫诊一得》
94,37,病症,266,274,膈上风热之目疾
94,38,病症,291,293,热发
94,39,病症,296,300,眼赤涩痛
94,40,食疗方,301,306,栀子仁粥方
94,41,食材,307,310,栀子仁
94,42,食材,327,328,米
94,43,烹饪方法,330,332,煮粥
94,44,食材,338,341,栀子末
94,45,古籍来源,364,371,《太平圣惠方》
94,46,古籍来源,400,407,《经钮堂抄本》
94,47,病症,540,547,内热上攻目赤病
94,48,食疗方,394,398,栀子仁粥
94,49,食材,568,572,辛热炙赙
94,50,食材,575,579,膏粱厚味
94,51,病症,583,587,三焦实热
94,52,病症,384,388,内热发动
94,53,脏腑,593,595,心火
95,1,病症,21,25,气滞肿胀
95,2,食疗方,31,36,白煮鲤鱼方
95,3,病症,46,48,水肿
95,4,病症,51,53,气滞
95,5,病症,54,60,心腹气机壅塞
95,6,病症,64,66,胀满
95,7,病症,68,74,四肢经气不畅
95,8,病症,77,79,烦疼
95,9,食材,85,87,鲤鱼
95,10,功效,87,91,下气利水
95,11,食材,93,95,橘皮
95,12,功效,97,100,和胃气
95,13,功效,101,104,畅气机
95,14,病症,123,125,水气
95,15,病症,126,130,身体虚肿
95,16,病症,131,135,面自虚瘀
95,17,食材,136,139,水牛皮
95,18,食材,155,157,橘皮
95,19,烹饪方法,166,167,煮
95,20,食材,175,177,生姜
95,21,食味,178,180,五味
95,22,病症,217,221,面目虚胀
95,23,病症,259,263,脾肺气滞
95,24,病症,302,308,上焦不能宣通
95,25,食材,142,145,水牛皮
95,26,功效,317,320,理肺气
95,27,功效,321,324,利水道
95,28,古籍来源,325,331,《食医心镜》
95,29,病症,336,342,水气大腹浮肿
95,30,病症,343,348,小便涩少
95,31,食材,366,368,橘皮
95,32,功效,368,373,理气和脾胃
95,33,病症,381,383,水气
95,34,食疗方,478,482,鲤鱼臃方
95,35,食疗方,483,488,麻子仁粥方
95,36,食疗方,489,492,大豆方
95,37,食疗方,493,497,水牛肉方
95,38,食疗方,498,502,端肉羹方
95,39,食材,507,509,鲤鱼
95,40,食材,512,515,麻子仁
96,1,食材,3,5,薄荷
96,2,食材,17,20,干薄荷
96,3,食材,41,45,龙脑薄荷
96,4,食材,46,48,水苏
96,5,食材,104,108,葳灵仙丸
96,6,食材,197,200,高良姜
96,7,食材,203,206,青木香
96,8,食材,217,219,枣肉
96,9,食材,226,228,干姜
96,10,食材,566,569,广木香
96,11,食材,595,598,保救丹
96,12,功效,62,66,理血下气
96,13,功效,68,74,清肺辟恶消谷
96,14,功效,116,118,疏利
96,15,功效,460,464,温中散寒
96,16,功效,465,470,止泻除呕
96,17,功效,474,478,行气疏肝
96,18,功效,479,483,利肠止痛
96,19,功效,492,494,健脾
96,20,功效,497,506,温中散寒止痛止泻
96,21,病症,167,171,脾脏泄泻
96,22,病症,172,177,中心气不和
96,23,病症,178,182,精神倦怠
96,24,病症,441,445,不思饮食
96,25,病症,290,296,中寒气滞泄泻
96,26,病症,357,359,泄泻
96,27,病症,368,372,肠鸣切痛
96,28,病症,391,395,腹胀呕逆
96,29,病症,578,579,嗽
96,30,病症,580,586,远年一切嗽疾
96,31,病症,589,593,劳嗽痰壅
96,32,脏腑,256,257,脾
96,33,脏腑,326,327,肝
96,34,脏腑,257,258,胃
96,35,脏腑,251,253,中焦
96,36,脏腑,527,529,肾脏
96,37,食疗方,192,195,高青丸
96,38,烹饪方法,216,217,煮
96,39,禁忌,141,148,久服恐损人真气
96,40,禁忌,151,155,只可暂用
96,41,禁忌,156,160,中病即止
96,42,禁忌,548,552,不宜久服
96,43,医家,52,55,李时珍
96,44,古籍来源,7,14,《唐成之家本》
96,45,古籍来源,23,29,《遵生八笺》
97,1,食材,562,564,桃仁
97,2,食材,612,615,青粱米
97,3,病症,4,6,冷气
97,4,病症,55,57,心痛
97,5,病症,58,60,腹痛
97,6,病症,115,118,心腹痛
97,7,病症,188,191,真心痛
97,8,病症,219,221,胸瘅
97,9,病症,222,226,衿气心痛
97,10,病症,368,371,脾心痛
97,11,病症,398,401,胃心痛
97,12,病症,590,593,不能食
97,13,病症,410,412,腹胀
97,14,病症,256,260,手足厥衿
97,15,病症,262,267,通身衿汗出
97,16,病症,268,274,脉沉细无力
97,17,脏腑,79,80,心
97,18,脏腑,427,428,脾
97,19,脏腑,428,429,胃
97,20,脏腑,124,126,脏腑
97,21,医家,65,68,巢元方
97,22,医家,97,100,王怀隐
97,23,古籍来源,68,75,《诸病源候论》
97,24,古籍来源,100,107,《太平圣惠方》
97,25,烹饪方法,629,630,煮
97,26,烹饪方法,606,607,研
97,27,烹饪方法,609,610,淘
97,28,烹饪方法,620,621,淅
97,29,功效,455,457,温通
97,30,功效,641,645,除衿温中
97,31,养生原则,633,637,空心食之
98,1,古籍来源,3,9,《文津阁本》
98,2,病症,24,30,老人久积虚损
98,3,食疗方,36,39,北庭丸
98,4,病症,47,53,老人久积成癞
98,5,病症,54,58,肚腹胀大
98,6,病症,59,63,骨瘦如柴
98,7,脏腑,65,67,五脏
98,8,脏腑,67,71,气血阴阳
98,9,食材,124,127,北庭砂
98,10,食材,128,130,硇砂
98,11,食性,136,138,大热
98,12,功效,144,147,化积聚
98,13,功效,148,151,破结血
98,14,功效,152,155,去恶肉
98,15,功效,156,161,除痰癖食积
98,16,食材,189,191,阿魏
98,17,食材,192,194,青盐
98,18,食材,195,197,米醋
98,19,功效,200,205,破血消积
98,20,功效,206,211,除五脏癞结
98,21,功效,212,216,心腹积聚
98,22,食材,221,223,归芎
98,23,食材,223,225,肉桂
98,24,功效,226,230,益血温通
98,25,食材,232,234,灭草
98,26,食材,235,237,姜附
98,27,功效,238,242,回阳救逆
98,28,食材,243,245,茯苓
98,29,功效,245,248,补心气
98,30,功效,249,254,渗湿而化饮
98,31,食材,255,257,白术
98,32,功效,257,260,益脾阳
98,33,功效,261,267,燥湿而和中
98,34,食材,270,273,五味子
98,35,功效,273,277,敛肺滋肾
98,36,功效,278,283,补肝兼生津
98,37,食材,286,288,缩砂
98,38,食材,289,290,椒
98,39,食材,291,292,朴
98,40,功效,292,296,暖胃消食
98,41,功效,297,303,理气以止痛
98,42,病症,311,313,积聚
98,43,病症,313,315,癜疲
98,44,脏腑,318,324,五脏阴阳气血
98,45,脏腑,327,329,胃气
98,46,养生原则,340,344,却病延寿
98,47,禁忌,364,375,体质偏实有寒者用之较好
98,48,禁忌,376,388,若患者虚而挟热。恐不相宜
98,49,病症,389,396,妇女病患瘸积
98,50,食疗方,432,435,鸟犀丸
98,51,食材,437,439,天麻
98,52,食材,442,444,地榆
98,53,食材,447,449,元寝
98,54,食材,452,455,川鸟头
98,55,烹饪方法,458,460,炮制
98,56,食材,464,468,龙脑薄荷
98,57,食材,472,475,藿香叶
98,58,食材,498,500,龙脑
98,59,食材,504,506,麝香
98,60,烹饪方法,514,518,炼蜜为膏
98,61,病症,427,430,一切风
98,62,病症,558,559,风
98,63,病症,602,604,风癔
98,64,病症,605,607,风痱
98,65,病症,608,611,风偏枯
98,66,病症,612,615,风口喁
98,67,病症,617,620,风不语
98,68,病症,621,623,风痉
98,69,病症,624,629,风角弓反张
98,70,病症,630,633,风弹曳
98,71,病症,634,637,风不仁
98,72,病症,638,641,风惊悸
98,73,病症,642,647,风人腹拘急
98,74,病症,648,654,风经五脏恍惚
98,75,病症,655,658,风头眩
98,76,病症,659,661,风癫
98,77,病症,662,664,蛊风
98,78,病症,665,667,风狂
98,79,病症,668,674,恶风须眉堕落
98,80,病症,675,678,风瘙痒
98,81,病症,680,683,风腮退
98,82,病症,705,708,风湿痹
98,83,病症,709,713,历节风
98,84,病症,714,720,风入腹急切痛
99,1,食材,33,35,葛粉
99,2,食材,38,40,荆芥
99,3,食材,43,44,豉
99,4,食材,71,72,葱
99,5,食材,72,73,椒
99,6,食材,74,76,五味
99,7,食材,94,96,猪肉
99,8,食材,96,98,荞面
99,9,病症,4,6,中风
99,10,病症,13,17,精神昏愦
99,11,病症,19,23,手足不仁
99,12,病症,27,31,缓弱不遂
99,13,病症,419,421,风痱
99,14,病症,505,509,烦闷不安
99,15,病症,525,529,肌肤不仁
99,16,病症,539,542,重不胜
99,17,病症,571,574,身无痛
99,18,病症,576,580,四肢不收
99,19,病症,581,585,智乱不甚
99,20,病症,586,590,言微可知
99,21,脏腑,80,81,心
99,22,脏腑,126,127,脾
99,23,脏腑,462,464,舌本
99,24,脏腑,465,467,舌下
99,25,脏腑,454,455,络
99,26,脏腑,250,251,经
99,27,脏腑,560,562,肢体
99,28,脏腑,563,565,经络
99,29,食性,625,627,大寒
99,30,食味,623,624,甘
99,31,功效,630,631,升
99,32,烹饪方法,67,68,煮
99,33,烹饪方法,62,63,煎
99,34,烹饪方法,59,60,作
99,35,烹饪方法,0,1,食
99,36,禁忌,405,410,忌猪肉荞面
99,37,古籍来源,112,119,《太平圣惠方》
99,38,古籍来源,510,516,《金匮要略》
99,39,古籍来源,284,289,《万历本》
99,40,古籍来源,289,295,《文津阁本》
99,41,古籍来源,295,302,《经钮堂抄本》
99,42,食疗方,221,226,葛粉索饼方
99,43,食疗方,427,433,葛粉索饼方证
100,1,食材,16,19,炙黄芪
100,2,食材,23,25,党参
100,3,食材,29,32,炒白术
100,4,食材,37,40,龙眼肉
100,5,食材,45,47,苡米
100,6,食材,51,53,山药
100,7,食材,57,59,蔻仁
100,8,食材,64,66,干姜
100,9,食材,69,73,炮附子
100,10,食材,76,78,陈皮
100,11,食材,81,83,牛膝
100,12,食材,96,98,生姜
100,13,食材,101,103,大枣
100,14,食材,238,240,猪苓
100,15,食材,247,249,泽泻
100,16,食材,254,256,白术
100,17,食材,260,262,茯苓
100,18,食材,267,269,桂枝
100,19,食材,293,295,白饮
100,20,食材,391,394,桑白皮
100,21,食材,395,398,陈橘皮
100,22,食材,399,402,生姜皮
100,23,食材,403,406,大腹皮
100,24,食材,407,410,茯苓皮
100,25,食材,484,486,防己
100,26,食材,552,554,黄芪
100,27,食材,567,569,甘草
100,28,食材,547,549,防己
100,29,食材,608,610,黄芪
100,30,食材,669,671,白术
100,31,食材,674,676,甘草
100,32,食材,698,700,生姜
100,33,食材,703,704,枣
100,34,烹饪方法,106,109,水煎服
100,35,烹饪方法,288,291,捣为散
100,36,烹饪方法,295,297,和服
100,37,烹饪方法,162,163,饮
100,38,烹饪方法,438,439,煎
100,39,烹饪方法,590,591,煮
100,40,烹饪方法,690,691,锉
100,41,烹饪方法,712,714,煎取
100,42,功效,138,142,化气利水
100,43,功效,346,350,健脾化湿
100,44,功效,351,355,理气消肿
100,45,功效,508,514,利水补气通阳
100,46,功效,630,634,益气行水
100,47,病症,145,149,外有表证
100,48,病症,150,154,内有蓄水
100,49,病症,155,159,头痛发热
100,50,病症,167,171,水人则吐
100,51,病症,172,176,小便不利
100,52,病症,180,182,霍乱
100,53,病症,183,189,呕吐泄泻交作
100,54,病症,190,194,烦渴引饮
100,55,病症,203,207,水肿身重
100,56,病症,215,217,痰饮
100,57,病症,218,223,脐下有动悸
100,58,病症,224,228,吐涎沫
100,59,病症,229,231,头眩
100,60,病症,358,360,水肿
100,61,病症,361,363,头面
100,62,病症,364,368,四肢悉肿
100,63,病症,369,374,心腹胀满
100,64,病症,375,379,上气促急
100,65,病症,517,521,皮水为病
100,66,病症,522,525,四肢肿
100,67,病症,526,532,水气在皮肤中
100,68,病症,534,539,四肢聂聂动
100,69,病症,637,639,风水
100,70,病症,640,644,脉浮身重
100,71,病症,645,649,汗出恶风
100,72,禁忌,454,461,忌生衿油腻硬物
100,73,医家,122,125,张仲景
100,74,医家,493,496,张仲景
100,75,医家,615,618,张仲景
100,76,古籍来源,125,130,《伤寒论》
100,77,古籍来源,333,340,《华氏中藏经》
100,78,古籍来源,496,502,《金匮要略》
100,79,古籍来源,618,624,《金匮要略》
100,80,食疗方,115,118,五苓散
100,81,食疗方,326,329,五皮饮
101,1,食材,152,154,鲫鱼
101,2,食材,172,174,干姜
101,3,食材,193,195,橘皮
101,4,食材,202,204,豉汁
101,5,食材,243,246,赤石脂
101,6,食材,278,280,白面
101,7,食材,305,306,葱
101,8,食材,306,307,酱
101,9,食材,307,309,五味
101,10,食性,174,176,辛热
101,11,食性,506,510,干涩而温
101,12,食味,484,485,涩
101,13,归经,444,445,肾
101,14,归经,31,32,脾
101,15,归经,257,258,胃
101,16,归经,520,523,大小肠
101,17,功效,154,158,温中下气
101,18,功效,159,163,健脾利湿
101,19,功效,177,181,温脾逐寒
101,20,功效,182,186,疏利带脉
101,21,功效,188,191,暖腰脊
101,22,功效,195,200,主腹胀吐泻
101,23,功效,204,209,止血痢腹痛
101,24,功效,530,534,涩肠止血
101,25,功效,535,539,收湿生肌
101,26,病症,2,5,脉不固
101,27,病症,66,70,腰脊疼痛
101,28,病症,114,116,下痢
101,29,病症,167,169,痢疾
101,30,病症,226,230,痢下赤白
101,31,病症,399,403,肠胃冷气
101,32,病症,261,265,痢下不止
101,33,病症,404,408,久痢滑脱
101,34,病症,468,471,但欲寐
101,35,病症,472,475,脉微细
101,36,病症,582,590,少阴病下痢便脓血
101,37,病症,645,649,新病下痢
101,38,病症,651,655,湿热未清
101,39,脏腑,13,15,带脉
101,40,脏腑,39,44,足少阴经别
101,41,脏腑,47,48,脾
101,42,脏腑,314,315,心
101,43,脏腑,482,483,肾
101,44,脏腑,433,434,胃
101,45,食疗方,494,500,赤石脂傅饪方
101,46,食疗方,593,596,桃花汤
101,47,烹饪方法,300,301,煮
101,48,禁忌,636,641,有留邪之弊
101,49,禁忌,657,661,当属禁忌
101,50,古籍来源,72,86,《金匮要略.五藏风寒积聚篇》
101,51,古籍来源,570,579,《伤寒论.少阴篇》
102,1,食材,8,10,粳米
102,2,食性,10,12,甘平
102,3,归经,13,15,入脾
102,4,归经,16,19,胃两经
102,5,功效,23,27,补中益气
102,6,功效,28,31,和脾胃
102,7,功效,32,34,除烦
102,8,食材,35,36,葱
102,9,食性,37,39,辛温
102,10,功效,40,44,发汗通阳
102,11,食疗方,83,86,鸟鸡羹
102,12,古籍来源,87,94,《太平圣惠方》
102,13,食疗方,98,102,乌雌鸡羹
102,14,食材,109,111,粳米
102,15,病症,116,120,中风湿瘅
102,16,病症,121,125,五缓六急
102,17,病症,127,131,骨中疼痛
102,18,病症,132,136,不能踏地
102,19,病症,141,143,脚气
102,20,食疗方,150,153,猪肾粥
102,21,病症,160,166,老人脚气烦痹
102,22,病症,167,171,缓弱不随
102,23,病症,269,273,行履不能
102,24,食材,179,181,猪肾
102,25,食材,191,193,粳米
102,26,食材,338,340,葱白
102,27,烹饪方法,206,207,煮
102,28,烹饪方法,207,209,作粥
102,29,食材,211,213,五味
102,30,食材,213,214,椒
102,31,食材,214,215,姜
102,32,禁忌,216,220,空心食之
102,33,禁忌,221,224,日一服
102,34,病症,397,401,老人脚气
102,35,病症,401,405,湿热伤肾
102,36,脏腑,411,412,肾
102,37,脏腑,434,440,肾足少阴之脉
102,38,病症,490,494,足部疼瘅
102,39,病症,495,499,缓弱不遂
102,40,病症,284,288,行履维艰
102,41,病症,518,520,心烦
102,42,功效,523,526,清湿热
102,43,功效,528,531,调肾气
102,44,食材,536,538,猪肾
102,45,食性,538,542,咸衿无毒
102,46,功效,546,550,理肾气
102,47,功效,551,554,通膀胱
102,48,食材,557,559,葱白
102,49,食材,559,561,粳米
102,50,功效,562,566,扶正通阳
102,51,脏腑,574,576,肾气
102,52,脏腑,580,582,膀胱
102,53,功效,582,588,气化功能增强
102,54,病症,427,429,湿热
102,55,古籍来源,611,619,《备急千金要方》
102,56,病症,626,630,脚气之疾
102,57,禁忌,658,663,皆不得大补
103,1,食材,13,14,盐
103,2,食材,19,21,酱油
103,3,食材,34,35,糖
103,4,食材,36,37,醋
103,5,食材,38,40,香料
103,6,食材,61,63,肉类
103,7,食材,80,82,黄梨
103,8,食材,90,92,蜀椒
103,9,食材,609,611,葱白
103,10,食材,638,639,枣
103,11,烹饪方法,25,27,浸渍
103,12,烹饪方法,67,68,煮
103,13,烹饪方法,95,96,烤
103,14,烹饪方法,82,84,打孔
103,15,烹饪方法,88,90,装人
103,16,烹饪方法,94,95,裹
103,17,食疗方,74,76,煮剂
103,18,食疗方,106,109,燠梨剂
103,19,病症,103,105,疾病
103,20,古籍来源,158,160,本书
103,21,医家,281,287,南京中医学院
104,1,病症,4,8,脾胃气弱
104,2,病症,298,302,胃气不足
104,3,病症,312,316,食少脘胀
104,4,病症,326,331,嗳气呕吐
104,5,病症,332,336,脾气不足
104,6,病症,346,353,腹满时减复如故
104,7,病症,355,360,肠鸣泻痢
104,8,病症,374,378,肌肉羸瘦
104,9,病症,379,383,四肢无力
104,10,病症,394,398,诸脏气竭
104,11,病症,399,403,久虚不复
104,12,养生原则,414,422,饮食和益脾胃之气
104,13,养生原则,424,428,滋润脏腑
104,14,养生原则,429,433,荣养经脉
104,15,医家,110,113,岳美中
104,16,食疗方,464,469,羊肉索饼方
104,17,食材,497,500,白羊肉
104,18,食材,504,506,白面
104,19,食材,509,512,生姜汁
104,20,烹饪方法,521,522,溲
104,21,烹饪方法,525,526,切
104,22,烹饪方法,535,537,煮熟
104,23,食材,533,534,椒
104,24,食材,534,535,葱
105,1,食材,185,188,猪羊血
105,2,食材,420,422,葵莱
105,3,食材,211,213,杏仁
105,4,食材,219,221,麻子
105,5,食材,222,224,芝麻
105,6,食材,638,641,火麻仁
105,7,食性,393,395,咸平
105,8,食性,541,543,酸热
105,9,食性,559,562,甘苦温
105,10,食味,644,645,甘
105,11,功效,2,4,峻补
105,12,功效,91,93,温补
105,13,功效,200,202,疏利
105,14,功效,233,235,通利
105,15,功效,400,404,滑利大便
105,16,功效,412,415,通便秘
105,17,功效,448,456,益脾利胃气滑大肠
105,18,功效,463,465,滑肠
105,19,功效,470,472,补脏
105,20,功效,475,480,扶正通便
105,21,功效,549,553,止渴生津
105,22,功效,565,568,润肺燥
105,23,功效,569,572,消食积
105,24,功效,573,576,散滞气
105,25,功效,577,580,通大便
105,26,病症,14,16,肾虚
105,27,病症,16,18,无力
105,28,病症,19,23,夜多小溲
105,29,病症,40,42,足痿
105,30,病症,82,84,喘嗽
105,31,病症,106,108,停饮
105,32,病症,116,118,痞闷
105,33,病症,122,124,脚重
105,34,病症,133,137,膝胫转重
105,35,病症,170,174,脏腑结燥
105,36,病症,177,181,大便秘涩
105,37,病症,300,302,便秘
105,38,病症,583,585,气秘
105,39,脏腑,7,8,肾
105,40,脏腑,45,46,心
105,41,脏腑,49,50,肺
105,42,脏腑,53,55,脬囊
105,43,脏腑,339,341,大肠
105,44,食疗方,191,197,葵莱血脏羹
105,45,食疗方,529,531,杏汤
105,46,食疗方,532,536,杏仁板儿
105,47,烹饪方法,217,218,炒
105,48,烹饪方法,635,636,煮
105,49,禁忌,110,113,不可补
105,50,禁忌,126,129,不可补
105,51,古籍来源,484,490,《本草纲目》
105,52,医家,491,494,张从正
106,1,古籍来源,15,18,《经》
106,2,古籍来源,82,89,《黄帝阴符经》
106,3,古籍来源,164,168,《类经》
106,4,医家,161,164,张景岳
106,5,养生原则,330,338,取法阴阳四时而行
106,6,养生原则,340,344,防病延年
106,7,养生原则,498,503,顺天之常道
106,8,养生原则,510,514,阴阳平秘
106,9,养生原则,516,520,五脏和调
106,10,养生原则,521,525,气血流畅
106,11,养生原则,526,530,阴精上奉
106,12,养生原则,532,536,腠理固密
106,13,病症,4,6,疾疠
106,14,病症,7,9,疾病
106,15,病症,10,12,瘟疫
106,16,病症,670,672,危瘵
106,17,脏腑,648,650,五脏
106,18,养生原则,717,725,依四时摄养之方
106,19,养生原则,726,733,顺五行休旺之气
107,1,古籍来源,332,335,《经》
107,2,古籍来源,453,457,《素问》
107,3,古籍来源,168,174,《文津阁本》
107,4,古籍来源,175,185,《瓶花书屋校刊本》
107,5,养生原则,318,322,顺之则生
107,6,养生原则,699,703,逆之则病
107,7,养生原则,357,365,执天道生杀之理
107,8,养生原则,376,382,自然疾病不生
107,9,养生原则,383,388,长年可保
107,10,病症,308,310,疾疠
107,11,病症,488,490,灾害
107,12,病症,264,266,苛疾
107,13,病症,651,653,重疾
107,14,医家,709,711,陈直
108,1,功效,0,4,凉血退蒸
108,2,病症,11,14,烦渴热
108,3,病症,23,27,烦渴不止
108,4,食材,44,47,大麦汤
108,5,功效,48,52,益气生津
108,6,功效,53,59,润燥清热调中
108,7,古籍来源,69,76,《太平圣惠方》
108,8,食疗方,76,80,栝蒌粉方
108,9,功效,81,85,清热解毒
108,10,功效,86,90,生津止渴
108,11,病症,92,96,消渴热中
108,12,食疗方,111,115,青豆汤方
108,13,功效,115,119,清热解毒
108,14,功效,120,124,除烦止渴
108,15,病症,128,133,肺胃热盛
108,16,病症,135,139,心烦欲呕
108,17,食疗方,143,147,芦根饮子
108,18,功效,147,151,清热生津
108,19,功效,152,156,除烦止呕
108,20,病症,158,162,消渴壮热
108,21,病症,163,167,烦躁不安
108,22,食疗方,175,180,青粱米饮方
108,23,功效,180,184,补中益气
108,24,功效,185,189,除烦止渴
108,25,病症,193,198,内热壅盛
108,26,病症,204,208,消渴烦热
108,27,病症,209,213,心神狂乱
108,28,病症,214,218,躁闷不安
108,29,食疗方,222,226,冬瓜羹方
108,30,功效,227,231,清热解毒
108,31,功效,232,236,除烦生津
108,32,病症,239,245,热盛伤及阳络
108,33,病症,253,255,吐血
108,34,病症,256,259,衄血
108,35,古籍来源,263,270,《太平圣惠方》
108,36,食疗方,270,274,藕蜜汁方
108,37,功效,274,278,凉血散瘀
108,38,功效,279,283,清热止渴
108,39,病症,246,247,烦
108,40,病症,62,63,渴
108,41,病症,6,7,热
108,42,病症,297,301,气阴耗伤
108,43,病症,302,306,精气亏损
108,44,养生原则,320,326,血肉有情之品
108,45,食疗方,337,340,猪肚方
108,46,功效,341,346,补益气阴
108,47,功效,347,351,生津除烦
108,48,病症,356,360,消渴热中
108,49,病症,362,366,饮水不止
108,50,病症,367,371,小便无度
108,51,病症,372,374,烦热
108,52,食疗方,380,383,兔头饮
108,53,功效,384,388,补气生津
108,54,功效,389,393,除烦止渴
108,55,病症,401,403,烦渴
108,56,病症,404,409,饮水不足
108,57,病症,410,416,日渐羸瘦困弱
108,58,食疗方,421,425,野鸡臃方
108,59,功效,426,430,补中益气
108,60,功效,431,435,生津止渴
108,61,病症,443,447,脏腑干枯
108,62,病症,448,452,烦渴不止
108,63,食疗方,457,460,牛乳方
108,64,功效,461,464,益气阴
108,65,功效,465,468,补五脏
108,66,功效,469,473,润枯燥
108,67,病症,480,484,消渴烦闷
108,68,病症,485,487,常热
108,69,病症,488,492,身体枯燥
108,70,病症,493,495,黄瘦
108,71,食疗方,500,506,黄雌鸡羹方
108,72,功效,507,511,添精补髓
108,73,功效,512,516,益气固摄
108,74,功效,517,521,和调脏腑
108,75,病症,527,531,精损气虚
108,76,病症,534,536,烦渴
108,77,病症,537,541,小便黄色
108,78,病症,100,102,无度
108,79,食疗方,549,552,鹿头方
108,80,功效,553,557,平补精气
108,81,功效,558,562,益阳滋阴
108,82,病症,570,574,精气虚弱
108,83,病症,575,577,消渴
108,84,病症,578,582,诸药不瘥
108,85,病症,584,588,黄瘦力弱
108,86,食性,607,608,凉
108,87,食性,611,612,缓
109,1,病症,37,38,风
109,2,病症,39,40,寒
109,3,病症,41,42,热
109,4,病症,50,51,痰
109,5,病症,52,53,气
109,6,病症,54,55,食
109,7,病症,56,57,积
109,8,病症,66,71,五脏疾病
109,9,病症,79,84,大小便疾病
109,10,病症,91,95,老人百疾
109,11,病症,164,168,风热上攻
109,12,病症,169,173,头旋晕闷
109,13,病症,197,203,外风走注疼痛
109,14,病症,233,237,走注疼痛
109,15,病症,240,244,肠胃有风
109,16,病症,257,261,肾脏有风
109,17,病症,278,283,老人一切风
109,18,病症,286,291,外感之风
109,19,病症,292,296,真中之风
109,20,病症,297,301,内动之风
109,21,病症,302,306,痹痛之风
109,22,病症,307,311,惊痫之风
109,23,病症,345,349,四时伤寒
109,24,病症,365,367,伤寒
109,25,病症,368,373,卒中急风
109,26,病症,374,378,筋骨之风
109,27,病症,412,416,肠寒便白
109,28,病症,423,427,脾寒有积
109,29,病症,439,443,心脾积热
109,30,病症,445,451,流注脚膝疼痛
109,31,病症,474,478,上焦客热
109,32,病症,479,481,滞痰
109,33,病症,514,519,老人痰涎多
109,34,病症,520,524,痰厥头痛
109,35,病症,525,527,癫痫
109,36,病症,528,530,胸闷
109,37,病症,531,533,咳逆
109,38,病症,534,536,脉弱
109,39,病症,593,599,老人一切气闷
109,40,病症,600,604,醋心腹胀
109,41,病症,605,609,胸膈不利
109,42,病症,610,614,积滞癜疲
109,43,病症,636,640,元气不足
109,44,病症,641,647,心腹诸疾作痛
109,45,病症,650,652,气滞
109,46,病症,677,682,妇人气瘰
109,47,病症,715,721,老人不思饮食
109,48,病症,722,726,胸膈走注
109,49,病症,727,731,心腹刺痛
109,50,食疗方,178,182,旋复花散
109,51,食疗方,206,209,羌活丸
109,52,食疗方,225,228,七圣散
109,53,食疗方,229,232,藁本散
109,54,食疗方,248,251,七圣丸
109,55,食疗方,700,703,香枳汤
109,56,食疗方,265,268,羌活散
109,57,食疗方,315,318,乌犀丸
109,58,食疗方,352,355,四顺散
109,59,食疗方,384,387,藁本散
109,60,食疗方,419,422,香草散
109,61,食疗方,429,432,北庭丸
109,62,食疗方,454,457,黄芪散
109,63,食疗方,485,489,枇杷叶散
109,64,食疗方,541,546,人参半夏丸
109,65,食疗方,562,569,调中人参木香散
109,66,食疗方,571,575,枇杷叶散
109,67,食疗方,576,579,北庭丸
109,68,食疗方,617,621,丁香丸
109,69,食疗方,656,660,橘皮煮散
109,70,食疗方,686,689,香草散
109,71,食疗方,252,256,香枳汤
109,72,食疗方,704,707,匀气散
109,73,食疗方,734,739,枳壳木香散
109,74,功效,182,186,疏风清热
109,75,功效,187,191,化痰降逆
109,76,功效,192,196,养阴行血
109,77,功效,209,213,搜风胜湿
109,78,功效,214,218,益气助阳
109,79,功效,219,224,散寒止痛
109,80,功效,319,323,滋阴养血
109,81,功效,324,328,除烦定惊
109,82,功效,329,333,消痰止痛
109,83,功效,334,338,熄风开窍
109,84,功效,355,359,解表散寒
109,85,功效,360,364,平喘止咳
109,86,功效,387,391,除风胜湿
109,87,功效,392,396,驱寒止痛
109,88,功效,397,401,补益肝肾
109,89,功效,403,407,强壮筋骨
109,90,功效,457,460,益元气
109,91,功效,461,464,清虚热
109,92,功效,466,472,凉血解毒排脓
109,93,功效,547,550,坠痰涎
109,94,功效,551,554,和脾胃
109,95,功效,555,558,益元气
109,96,功效,621,625,温胃行气
109,97,功效,626,630,散瘀软坚
109,98,功效,631,635,消积通便
109,99,功效,662,666,健脾温中
109,100,功效,667,671,行气消积
109,101,功效,672,676,散满止痛
109,102,功效,692,696,调风顺气
110,1,食材,26,28,黄芪
110,2,食味,55,56,甘
110,3,食性,58,61,微温
110,4,功效,65,69,补气固表
110,5,功效,70,74,利尿强心
110,6,医家,79,82,李时珍
110,7,古籍来源,82,97,《本草纲目 .草一 .黄耆》
110,8,食材,144,147,童子鸡
110,9,食材,161,163,黄芪
110,10,烹饪方法,175,176,蒸
110,11,功效,197,204,治疗体弱疾病
110,12,食材,206,207,鸡
110,13,食材,218,219,葱
110,14,食材,223,225,茴香
110,15,食材,230,231,酒
110,16,食材,234,236,秋油
110,17,食材,255,257,脂油
110,18,烹饪方法,264,265,煨
110,19,烹饪方法,304,305,片
111,1,食材,1,4,阳羡茶
111,2,食材,56,58,雀舌
111,3,食材,105,110,洞庭君山茶
111,4,食材,98,101,龙井茶
111,5,食材,177,179,六安
111,6,食材,180,182,银针
111,7,食材,183,185,毛尖
111,8,食材,186,188,梅片
111,9,食材,189,191,安化
111,10,食材,204,207,君山茶
111,11,食材,255,259,君山银针
112,1,食材,1,3,甲鱼
112,2,烹饪方法,3,4,煮
112,3,烹饪方法,7,9,去骨
112,4,烹饪方法,10,13,起油锅
112,5,烹饪方法,13,15,炮炒
112,6,食材,17,19,酱水
112,7,食材,20,21,葱
112,8,食材,22,23,椒
112,9,烹饪方法,24,29,收汤成卤
112,10,烹饪方法,33,35,起锅
112,11,食材,49,51,甲鱼
112,12,食材,117,119,脂油
112,13,烹饪方法,62,65,起油锅
112,14,烹饪方法,125,126,煎
112,15,食材,70,71,水
112,16,食材,135,137,秋油
112,17,食材,138,139,酒
112,18,烹饪方法,139,140,煨
112,19,烹饪方法,143,145,武火
112,20,烹饪方法,147,149,文火
112,21,食材,155,156,蒜
112,22,烹饪方法,84,86,起锅
112,23,食材,72,73,葱
112,24,食材,162,163,姜
112,25,食材,164,165,糖
112,26,食材,100,102,甲鱼
112,27,食材,178,182,童子脚鱼
113,1,食材,0,3,口蘑菇
113,2,食材,42,44,莱油
113,3,食材,51,52,酒
113,4,食材,55,56,鸡
113,5,食材,72,74,甜酒
113,6,食材,75,77,清酱
113,7,食材,89,91,蘑菇
113,8,食材,101,102,笋
113,9,食材,103,104,葱
113,10,食材,105,106,椒
113,11,食材,119,121,冰糖
113,12,食材,129,133,雏鸡胸肉
113,13,食材,139,141,猪油
113,14,食材,153,155,麻油
113,15,食材,159,161,纤粉
113,16,食材,162,164,盐花
113,17,食材,165,167,姜汁
113,18,食材,168,171,花椒末
113,19,食材,179,181,雪梨
113,20,食材,184,186,香蕈
113,21,食材,123,124,梨
113,22,烹饪方法,10,12,泡发
113,23,烹饪方法,19,20,漂
113,24,烹饪方法,24,25,擦
113,25,烹饪方法,31,34,漂洗
113,26,烹饪方法,46,48,爆炒
113,27,烹饪方法,56,57,斩
113,28,烹饪方法,63,65,滚煮
113,29,烹饪方法,77,79,煨煮
113,30,烹饪方法,94,95,煨
113,31,烹饪方法,124,125,炒
113,32,烹饪方法,143,144,熬
113,33,烹饪方法,133,135,切片
113,34,烹饪方法,107,109,起锅
113,35,食疗方,355,359,假野鸡卷
114,1,食材,0,1,牛
114,2,食材,2,3,羊
114,3,食材,4,5,鹿
114,4,食材,52,54,牛肉
114,5,食材,325,327,牛舌
114,6,烹饪方法,106,108,清煨
114,7,烹饪方法,118,121,收汤
114,8,烹饪方法,36,38,烹制
114,9,禁忌,134,141,不可加别物配搭
115,1,食材,0,2,猪肉
115,2,食材,59,61,猪头
115,3,食材,73,75,甜酒
115,4,食材,102,103,葱
115,5,食材,107,109,八角
115,6,食材,121,123,秋油
115,7,食材,128,129,糖
115,8,食材,149,151,开水
115,9,食材,278,282,八角茴香
115,10,烹饪方法,99,100,煮
115,11,烹饪方法,182,183,煨
115,12,烹饪方法,243,244,蒸
115,13,烹饪方法,231,232,闷
115,14,古籍来源,53,58,《特牲单》
116,1,食材,17,19,燕窝
116,2,食材,58,60,泉水
116,3,食材,74,77,嫩鸡汤
116,4,食材,81,84,火腿汤
116,5,食材,85,88,新蘑菇
116,6,食材,173,175,肉丝
116,7,食材,177,179,鸡丝
116,8,食材,215,218,生燕窝
116,9,食材,279,282,蘑菇丝
116,10,食材,283,286,笄尖丝
116,11,食材,287,290,鲫鱼肚
116,12,食材,292,296,嫩野鸡片
116,13,食材,319,321,冬瓜
116,14,食材,344,346,鸡汁
116,15,食材,347,350,蘑菇汁
116,16,食材,396,398,海参
116,17,食材,440,443,小刺参
116,18,食材,448,450,沙泥
116,19,食材,452,454,肉汤
116,20,食材,462,467,鸡肉两汁
116,21,食材,477,479,香蕈
116,22,食材,480,482,木耳
116,23,食材,525,527,芥末
116,24,食材,529,531,鸡汁
116,25,食材,532,536,冷海参丝
116,26,食材,548,550,笋丁
116,27,食材,551,554,香蕈丁
116,28,食材,555,557,鸡汤
116,29,食材,567,570,豆腐皮
116,30,食材,571,573,鸡腿
116,31,食材,574,576,蘑菇
116,32,烹饪方法,60,61,泡
116,33,烹饪方法,65,66,挑
116,34,烹饪方法,96,98,烧煮
116,35,烹饪方法,454,456,滚泡
116,36,烹饪方法,435,436,煨
116,37,烹饪方法,531,532,拌
116,38,烹饪方法,541,542,切
116,39,烹饪方法,468,469,煨
116,40,烹饪方法,506,507,煨
116,41,禁忌,123,133,不可与油腻的食物混杂
116,42,禁忌,150,166,不可与质地较硬或带骨头的食物混配
116,43,养生原则,328,332,以柔配柔
116,44,养生原则,334,338,以清入清
117,1,食材,0,1,鱼
117,2,食材,7,9,鲥鱼
117,3,食材,81,83,边鱼
117,4,烹饪方法,2,4,去鳞
117,5,烹饪方法,94,95,蒸
117,6,烹饪方法,146,147,煎
117,7,食材,90,91,酒
117,8,食材,92,94,秋油
117,9,食材,136,138,香蕈
117,10,食材,139,141,笋尖
117,11,古籍来源,73,80,《水族有鳞单》
117,12,病症,110,116,肉老而味娈
118,1,食材,26,28,麻雀
118,2,食材,31,33,清酱
118,3,食材,34,36,甜酒
118,4,食材,139,141,鹩鹑
118,5,食材,142,144,黄雀
118,6,食材,168,171,苏州糟
118,7,食材,173,174,蜜
118,8,食材,175,176,酒
118,9,烹饪方法,36,38,煨煮
118,10,烹饪方法,138,139,煨
118,11,烹饪方法,214,215,炒
118,12,食味,64,65,甘
118,13,食味,65,66,鲜
118,14,医家,99,101,薛生
118,15,养生原则,109,120,不要吃入间豢养的动物
118,16,古籍来源,148,150,六合
119,1,古籍来源,0,2,戒单
119,2,古籍来源,38,41,须知单
119,3,医家,151,153,袁氏
119,4,烹饪方法,330,332,煎炒
119,5,烹饪方法,340,342,蒸煮
119,6,食味,543,544,甘
119,7,食味,544,545,酸
119,8,食味,545,546,苦
119,9,食味,546,547,辣
120,1,食材,1,3,鸡蛋
120,2,食材,29,32,蛋清
120,3,食材,38,41,浓鸡汁
120,4,食材,115,117,茭瓜
120,5,食材,137,139,笋脯
120,6,食材,191,195,牛首腐千
120,7,食材,196,199,豆腐千
120,8,烹饪方法,5,7,敲开
120,9,烹饪方法,18,20,倒出
120,10,烹饪方法,46,48,搅拌
120,11,烹饪方法,79,81,蒸熟
120,12,烹饪方法,83,85,剥去
120,13,烹饪方法,107,109,烹制
120,14,烹饪方法,121,123,入酱
120,15,烹饪方法,174,176,风干
120,16,烹饪方法,130,132,切片
120,17,烹饪方法,179,181,制成
120,18,烹饪方法,168,170,腌制
120,19,烹饪方法,125,127,取起
120,20,烹饪方法,70,72,封好
120,21,烹饪方法,60,62,装回
120,22,烹饪方法,164,166,放入
121,1,烹饪方法,31,33,加热
121,2,烹饪方法,34,36,调味
121,3,烹饪方法,217,218,爆
121,4,烹饪方法,219,220,熘
121,5,烹饪方法,221,222,炸
121,6,烹饪方法,245,246,炖
121,7,烹饪方法,247,248,煨
121,8,烹饪方法,249,250,焖
121,9,烹饪方法,266,268,熬制
121,10,养生原则,324,329,火候有度
121,11,养生原则,305,312,三分技术七分火
122,1,古籍来源,0,3,茶酒单
122,2,医家,4,6,袁氏
122,3,古籍来源,6,11,《茶酒单》
122,4,食材,140,142,泉水
122,5,食材,143,145,河水
122,6,食材,146,148,井水
122,7,食材,149,151,湖水
122,8,食材,282,284,茶叶
122,9,食材,580,583,武夷茶
122,10,食材,584,587,龙井茶
122,11,食材,588,593,常州阳羡茶
122,12,食材,594,599,洞庭君山茶
122,13,食味,276,277,甘
122,14,食味,277,278,甜
122,15,烹饪方法,169,171,泡茶
122,16,烹饪方法,334,336,干燥
122,17,烹饪方法,285,287,保存
122,18,养生原则,454,460,泡茶水温控制
123,1,食材,179,180,菜
123,2,食材,236,238,食物
123,3,食材,336,337,莱
123,4,食材,369,371,莱品
124,1,食材,0,2,鱼翅
124,2,食材,38,40,火腿
124,3,食材,41,43,鸡汤
124,4,食材,46,48,鲜笄
124,5,食材,49,51,冰糖
124,6,食材,75,78,萝卜丝
124,7,食材,173,175,海参
124,8,食材,288,290,鳆鱼
124,9,食材,311,313,豆腐
124,10,食材,330,333,陈糟油
124,11,食材,347,349,整鸭
124,12,烹饪方法,5,6,煮
124,13,烹饪方法,55,56,煨
124,14,烹饪方法,263,264,炒
124,15,烹饪方法,306,308,削片
124,16,烹饪方法,242,243,焯
124,17,烹饪方法,79,81,拆碎
124,18,烹饪方法,346,347,煨
124,19,烹饪方法,370,372,火煨
124,20,食味,269,271,绝妙
124,21,病症,176,178,生硬
124,22,病症,190,192,硬直
124,23,医家,205,208,吴道士
124,24,医家,256,259,郭耕礼
124,25,医家,299,302,杨中丞
124,26,医家,338,341,庄太守
125,1,食材,8,10,山药
125,2,食材,16,18,腐皮
125,3,烹饪方法,6,7,煮
125,4,烹饪方法,23,24,煎
125,5,食材,29,31,秋油
125,6,食材,32,33,酒
125,7,食材,34,35,糖
125,8,食材,36,38,瓜姜
125,9,食材,99,101,蕨莱
125,10,食材,104,107,珍珠菜
125,11,食材,207,209,豆腐
125,12,食材,229,231,猪油
125,13,食材,246,248,盐花
125,14,食材,257,259,甜酒
125,15,食材,264,267,大虾米
125,16,食材,283,286,小虾米
125,17,食材,302,304,秋油
125,18,食材,315,316,糖
125,19,食材,325,327,细葱
125,20,烹饪方法,231,232,熬
125,21,烹饪方法,295,297,滚泡
125,22,烹饪方法,310,311,滚
125,23,烹饪方法,342,344,起锅
125,24,古籍来源,198,203,《素莱单》
126,1,食材,101,102,葱
126,2,食材,111,112,笋
126,3,食材,116,117,椒
126,4,食材,321,323,豆粉
126,5,食材,346,347,肉
126,6,烹饪方法,100,101,切
126,7,烹饪方法,115,116,捣
126,8,烹饪方法,374,375,煎
126,9,烹饪方法,375,376,炒
126,10,烹饪方法,358,360,作羹
126,11,古籍来源,43,51,《论语.卫灵公》
127,1,食材,5,6,蛏
127,2,食材,58,61,五花肉
127,3,食材,73,75,车螯
127,4,食材,81,83,麻油
127,5,食材,105,107,秋油
127,6,食材,120,122,豆腐
127,7,食材,153,155,猪油
127,8,食材,186,188,鸡汤
127,9,食材,195,197,蛏干
127,10,食材,210,212,虾饼
127,11,食材,316,318,蚶干
127,12,烹饪方法,83,84,炒
127,13,烹饪方法,100,101,煮
127,14,烹饪方法,287,288,煨
127,15,烹饪方法,215,217,煎制
127,16,烹饪方法,249,250,泡
127,17,烹饪方法,253,256,滚水煮
127,18,烹饪方法,203,205,捶烂
127,19,烹饪方法,45,46,晒
127,20,烹饪方法,271,272,发
127,21,烹饪方法,68,69,焖
127,22,烹饪方法,188,190,烹煮
127,23,烹饪方法,322,323,泡
127,24,烹饪方法,330,331,煮
127,25,烹饪方法,170,171,晒
127,26,烹饪方法,350,351,发
127,27,食材,229,234,程泽弓蛏干
127,28,食材,278,280,鲜蛏
128,1,食材,41,42,酒
128,2,食味,44,45,甜
128,3,食味,46,47,涩
128,4,食材,79,82,绍兴酒
128,5,食材,93,95,卢酒
128,6,食材,222,225,郫筒酒
129,1,古籍来源,152,156,《说郛》
130,1,食材,299,301,鳗鱼
130,2,食材,343,345,鲥鱼
130,3,食材,359,361,河鳗
130,4,食材,397,399,秋油
130,5,食材,414,415,葱
130,6,食材,416,417,姜
130,7,食材,434,436,芡粉
130,8,食材,437,439,山药
130,9,烹饪方法,352,354,清煨
130,10,烹饪方法,390,391,煨
130,11,烹饪方法,460,461,蒸
130,12,烹饪方法,536,538,红煨
130,13,禁忌,301,309,最忌剔出骨头烹制
130,14,禁忌,345,349,不可去鳞
130,15,禁忌,515,526,起锅迟了鱼皮就会起皱
130,16,禁忌,528,534,味道也会丢失
131,1,食材,20,22,甲鱼
131,2,食材,45,46,裙
131,3,食材,271,273,鳗鱼
131,4,食材,317,319,河鳗
131,5,食材,346,348,秋油
131,6,食材,353,358,冬腌新芥菜
131,7,食材,363,364,葱
131,8,食材,201,202,姜
131,9,食材,385,387,纤粉
131,10,食材,388,390,山药
131,11,食材,339,340,酒
131,12,食材,209,210,水
131,13,食材,203,204,桂
131,14,食材,302,304,鲥鱼
131,15,烹饪方法,51,52,煨
131,16,烹饪方法,406,407,蒸
131,17,烹饪方法,327,328,斩
131,18,烹饪方法,322,323,洗
131,19,烹饪方法,38,39,去
131,20,烹饪方法,290,292,摆布
131,21,烹饪方法,348,350,起锅
131,22,烹饪方法,390,392,干煨
131,23,烹饪方法,418,419,蒸
131,24,烹饪方法,341,343,煨烂
131,25,烹饪方法,370,371,杀
131,26,烹饪方法,432,433,兑
131,27,烹饪方法,442,444,起笼
131,28,医家,146,148,袁氏
131,29,古籍来源,260,267,《水族无鳞单》
132,1,食材,1,4,瓢莱心
132,2,食材,54,57,瓢儿莱
132,3,食材,207,209,菠莱
132,4,食材,211,213,菠菜
132,5,食材,218,220,酱水
132,6,食材,222,224,豆腐
132,7,食材,256,258,笋尖
132,8,食材,259,261,香蕈
132,9,烹饪方法,0,1,炒
132,10,烹饪方法,224,225,煮
132,11,烹饪方法,29,30,制
132,12,烹饪方法,38,39,加
132,13,烹饪方法,15,16,压
132,14,食材,45,47,荤油
132,15,食材,201,204,动物油
132,16,食疗方,232,237,金镶自玉板
132,17,医家,21,24,壬孟亭
132,18,医家,106,109,壬箴舆
132,19,古籍来源,49,51,注释
132,20,古籍来源,145,147,译文
133,1,古籍来源,7,14,袁氏《点心单》
133,2,食材,140,141,栗
133,3,食材,153,156,纯糯粉
133,4,食材,157,158,糖
133,5,食材,166,168,瓜仁
133,6,食材,169,171,松子
133,7,食味,113,114,咸
133,8,食味,134,135,甜
133,9,食材,245,247,韭菜
133,10,食材,250,251,肉
133,11,食材,253,255,作料
133,12,食材,256,258,面皮
133,13,食材,263,264,油
133,14,食材,100,101,酥
133,15,食材,286,288,鸡豆
133,16,食材,301,303,微粉
133,17,食材,390,393,鸡蛋清
133,18,食材,395,397,飞面
133,19,食材,476,478,冰糖
133,20,食材,479,483,松仁屑子
133,21,食材,522,524,松子
133,22,食材,525,528,胡桃仁
133,23,食材,532,534,糖屑
133,24,食材,535,537,脂油
133,25,食材,28,29,面
133,26,食材,554,556,芝麻
133,27,食材,590,592,奶酥
133,28,烹饪方法,160,161,蒸
133,29,烹饪方法,147,148,煮
133,30,烹饪方法,71,72,包
133,31,烹饪方法,264,265,灼
133,32,烹饪方法,294,296,研碎
133,33,烹饪方法,310,311,蒸
133,34,烹饪方法,354,355,烘
133,35,烹饪方法,540,541,炙
133,36,烹饪方法,22,23,和
133,37,烹饪方法,564,565,罗
133,38,食疗方,200,202,粉衣
133,39,食疗方,238,240,韭合
133,40,食疗方,378,384,杨中丞西洋饼
133,41,食疗方,513,516,烧饼
133,42,食疗方,622,629,陶方伯十景点心
133,43,医家,55,57,袁氏
134,1,医家,1,3,郭璞
134,2,食材,265,267,刀鱼
134,3,食材,273,275,蜜酒
134,4,食材,277,279,清酱
134,5,烹饪方法,291,292,蒸
134,6,烹饪方法,313,314,刮
134,7,烹饪方法,320,321,抽
134,8,食材,326,329,火腿汤
134,9,食材,330,333,鸡汤
134,10,食材,334,336,笄汤
134,11,烹饪方法,336,337,煨
134,12,烹饪方法,353,355,油炙
134,13,烹饪方法,360,361,煎
134,14,烹饪方法,400,401,切
134,15,烹饪方法,413,415,煎黄
134,16,食材,418,420,作料
135,1,食材,67,70,三自酒
135,2,食材,175,177,糯米
135,3,食材,190,191,米
135,4,食材,192,194,自面
135,5,食材,195,197,自水
135,6,食味,213,214,甜
135,7,食味,214,216,醇厚
135,8,古籍来源,112,116,《周官》
135,9,古籍来源,388,398,《周礼.天官.酒正》
135,10,医家,109,112,郑康成
135,11,医家,281,283,郑玄
136,1,食材,82,83,鸡
136,2,食材,84,85,鸭
136,3,食材,86,87,猪
136,4,食材,88,89,鹅
136,5,食材,509,511,腰子
136,6,食材,512,514,鸡蛋
136,7,食材,529,531,鲜鱼
136,8,食材,532,533,蚶
136,9,食材,534,535,蛤
136,10,食味,223,224,咸
136,11,食味,224,225,淡
136,12,烹饪方法,436,437,煎
136,13,烹饪方法,437,438,炒
136,14,烹饪方法,455,456,煨
136,15,烹饪方法,456,457,煮
136,16,古籍来源,19,24,《须知单》
136,17,古籍来源,116,122,《随园食单》
136,18,医家,2,4,袁氏
136,19,养生原则,139,143,五味调和
136,20,养生原则,131,135,调和适中
137,1,食材,10,12,燕窝
137,2,食材,16,18,海参
137,3,食材,22,24,鱼翅
137,4,食材,29,31,鹿筋
137,5,食材,49,50,鸭
137,6,食材,61,62,鱼
137,7,食材,74,75,鳗
137,8,食材,87,88,韭
137,9,食材,96,97,莱
137,10,古籍来源,113,122,《鱼去乙。鳖去丑。
138,1,食材,8,10,猪油
138,2,食材,35,37,燕窝
138,3,食材,310,312,豆腐
138,4,食材,322,324,海菜
138,5,食材,329,332,蔬笋
138,6,食材,336,337,鸡
138,7,食材,99,100,猪
138,8,食材,340,341,鱼
138,9,食材,342,343,鸭
138,10,食材,360,363,海参
138,11,烹饪方法,7,8,熬
138,12,烹饪方法,242,243,煮
138,13,烹饪方法,209,212,同锅熟
138,14,养生原则,285,290,食贵物之名
138,15,养生原则,291,296,夸敬客之意
138,16,养生原则,265,267,耳餐
138,17,养生原则,304,306,口餐
138,18,病症,75,79,饿鬼投来
139,1,食味,47,49,食味
139,2,医家,70,72,伊尹
139,3,烹饪方法,333,334,滚
139,4,禁忌,303,310,其味尚可问哉
139,5,养生原则,233,237,两相兼顾
140,1,食材,3,4,鱼
140,2,食材,14,15,鳗
140,3,食材,25,26,韭
140,4,食材,32,33,莱
140,5,食材,94,95,葱
140,6,食材,107,108,椒
140,7,烹饪方法,93,94,切
140,8,烹饪方法,106,107,捣
140,9,烹饪方法,173,175,磨刀
140,10,烹饪方法,190,192,治菜
140,11,古籍来源,41,45,《内则》
140,12,古籍来源,338,344,《随园食单》
140,13,养生原则,155,167,"工欲善其事,必先利其器"
141,1,食材,6,7,芰
141,2,食材,15,16,菱
141,3,食材,20,22,菱实
141,4,食材,25,26,蜜
141,5,食材,83,85,姜酒
141,6,食材,95,97,自蜜
141,7,食材,104,106,荔枝
141,8,食味,109,110,甘
141,9,食味,111,113,微酸
141,10,食性,114,115,温
141,11,病症,120,122,烦渴
141,12,功效,123,126,美颜色
141,13,功效,127,129,通神
141,14,功效,129,130,健
141,15,病症,148,150,虚热
141,16,食材,152,154,蜜浆
141,17,医家,160,162,丹溪
141,18,功效,183,186,消瘤赘
141,19,病症,187,189,赤胂
141,20,食材,191,192,核
141,21,烹饪方法,195,196,烧
141,22,食材,203,204,酒
141,23,病症,208,210,心痛
141,24,病症,211,214,小肠气
141,25,食材,216,218,圆眼
141,26,食味,221,222,甘
141,27,食性,223,224,平
141,28,病症,229,233,五脏邪气
141,29,功效,234,236,安志
141,30,功效,237,239,压食
141,31,食疗方,246,249,归脾汤
141,32,功效,252,255,除蛊毒
141,33,功效,258,262,轻身不老
141,34,功效,263,266,通神明
141,35,食材,269,271,益智
141,36,食材,297,299,松子
141,37,食味,302,303,甘
141,38,食性,304,305,温
141,39,病症,310,313,风寒气
141,40,病症,314,318,虚羸少气
141,41,功效,319,322,补不足
141,42,古籍来源,330,335,《列仙传》
141,43,食材,354,357,海松子
141,44,病症,359,362,骨节风
141,45,病症,363,365,头眩
141,46,功效,366,371,去死肌白发
141,47,功效,372,375,散水气
141,48,脏腑,377,379,五脏
141,49,食材,385,387,榛子
141,50,食味,390,391,甘
141,51,食性,392,393,平
141,52,功效,397,400,益气力
141,53,脏腑,402,404,肠胃
141,54,功效,405,407,调中
141,55,功效,381,383,不饥
141,56,功效,410,413,健行
141,57,食材,418,420,槟榔
141,58,食味,423,424,辛
141,59,食性,425,426,温
141,60,功效,430,434,消谷逐水
141,61,病症,436,438,痰癖
141,62,病症,438,440,泄满
141,63,功效,441,443,下气
141,64,功效,445,450,宜脏腑壅滞
141,65,功效,451,456,坠诸药下行
141,66,功效,457,460,杀三虫
141,67,禁忌,464,469,多食伤真气
141,68,食材,475,478,葫酱叶
141,69,食材,493,495,蚬灰
141,70,病症,499,502,吐红
141,71,食材,506,508,扶留
141,72,食材,523,525,黄精
141,73,食味,528,529,甘
141,74,食性,530,531,平
141,75,功效,535,539,补中益气
141,76,功效,540,543,除风湿
141,77,功效,544,548,益脾润肺
141,78,烹饪方法,550,554,九蒸九暴
141,79,禁忌,42,48,多食令脏腑冷
141,80,禁忌,49,52,损阳气
141,81,禁忌,53,56,阴不强
141,82,禁忌,57,61,不益脾
141,83,禁忌,62,65,且难化
141,84,功效,67,71,解丹石毒
141,85,禁忌,77,81,食致胀满
141,86,禁忌,99,102,令生虫
142,1,食材,49,54,白马肉
142,2,食味,56,58,辛苦
142,3,食性,59,60,冷
142,4,功效,61,65,主热下气
142,5,功效,66,68,长筋
142,6,功效,69,72,强腰脊
142,7,功效,77,79,强志
142,8,功效,81,85,轻身不饥
142,9,食材,147,148,茎
142,10,食味,150,152,咸井
142,11,食性,153,154,平
142,12,功效,155,157,无毒
142,13,功效,158,164,主伤中绝脉
142,14,病症,165,171,男子阴痿不起
142,15,功效,172,174,坚长
142,16,功效,176,178,益气
142,17,功效,179,182,长肌肉
142,18,功效,184,188,肥健生子
142,19,病症,189,194,小儿惊痫
142,20,食材,200,201,肺
142,21,食性,38,39,寒
142,22,脏腑,204,205,心
142,23,功效,205,208,主喜志
142,24,病症,210,211,痢
142,25,食材,215,216,眼
142,26,病症,218,220,惊痼
142,27,病症,223,225,腹满
142,28,病症,226,228,疟疾
142,29,食材,229,231,悬蹄
142,30,病症,233,235,惊邪
142,31,病症,236,238,瘼疯
142,32,病症,242,244,乳难
142,33,病症,245,247,衄血
142,34,病症,248,251,内漏崩
142,35,功效,252,258,辟恶气鬼毒
142,36,功效,259,263,蛊疰不祥
142,37,食材,264,265,齿
142,38,病症,267,271,小儿马痫
142,39,烹饪方法,272,275,水磨服
142,40,食材,276,278,头骨
142,41,功效,280,285,令人不睡
142,42,食材,286,288,髻毛
142,43,病症,290,296,女子崩中赤自
142,44,食材,297,298,膏
142,45,功效,299,302,主生发
142,46,食材,303,304,脯
142,47,食材,314,315,溺
142,48,食味,318,319,辛
142,49,食性,320,322,微寒
142,50,功效,323,326,主消渴
142,51,功效,327,332,破癜坚积聚
142,52,病症,333,339,男子伏梁积疝
142,53,病症,341,345,妇人疲疾
142,54,烹饪方法,346,351,铜器盛饮之
142,55,病症,354,356,鳖疲
142,56,病症,359,363,头疮自秃
142,57,食材,364,365,屎
142,58,食材,367,370,马通
142,59,食性,371,373,微温
142,60,功效,374,379,主妇人崩中
142,61,功效,380,382,止渴
142,62,功效,383,386,吐下血
142,63,病症,387,389,鼻衄
142,64,病症,390,392,金创
142,65,功效,394,396,止血
142,66,食材,398,399,肝
142,67,食性,400,402,大毒
142,68,禁忌,403,409,食而死者多矣
142,69,禁忌,415,419,食马留肝
142,70,食材,421,423,马肉
142,71,食材,425,427,苍耳
142,72,食材,438,440,生姜
142,73,禁忌,448,455,不可与仓米同食
142,74,食材,457,459,仓米
142,75,禁忌,477,481,自马黑蹄
142,76,禁忌,482,487,头青蹄黑
142,77,禁忌,488,491,脊而斑
142,78,食材,506,508,牝马
142,79,食材,533,537,豹肉
142,80,食味,539,540,酸
142,81,食性,541,542,平
142,82,功效,543,545,无毒
142,83,功效,546,550,主安五脏
142,84,功效,551,554,补绝伤
142,85,功效,555,559,轻身益气
142,86,功效,561,565,久服利人
142,87,功效,566,569,耐寒暑
142,88,食材,570,571,脂
142,89,烹饪方法,572,576,合生发膏
142,90,食材,583,585,齿骨
142,91,食材,595,599,象肉
142,92,食味,601,602,淡
142,93,禁忌,603,609,多食令人体重
142,94,食材,593,594,牙
142,95,功效,612,614,无毒
142,96,功效,615,621,主诸铁及杂物
143,1,食材,49,51,水芹
143,2,食材,84,86,荞莱
143,3,食味,89,90,甘
143,4,食味,90,91,苦
143,5,食性,92,94,大寒
143,6,病症,96,100,时行壮热
143,7,病症,102,105,风热毒
143,8,病症,107,111,热毒痢
143,9,功效,112,116,开胃通膈
143,10,病症,119,122,小儿热
143,11,食材,135,137,茼蒿
143,12,食性,139,140,平
143,13,功效,142,144,安气
143,14,功效,145,148,养脾胃
143,15,功效,149,152,消水饮
143,16,禁忌,153,160,多食动风气薰心
143,17,禁忌,162,165,令气满
143,18,食材,167,168,蕨
143,19,食味,171,172,甘
143,20,食性,173,175,寒滑
143,21,功效,176,179,去暴热
143,22,功效,180,183,利水道
143,23,功效,184,187,令人睡
143,24,食性,206,207,寒
143,25,功效,208,213,补五脏不足
143,26,病症,214,218,气壅经络
143,27,病症,219,226,筋骨间青@气
143,28,禁忌,228,233,令人消阳事
143,29,禁忌,234,237,令眼暗
143,30,禁忌,238,241,鼻中塞
143,31,禁忌,242,244,发落
143,32,古籍来源,264,269,《搜神记》
143,33,食材,369,371,茭白
143,34,食味,374,375,甘
143,35,功效,378,381,去烦热
143,36,功效,385,390,主五脏邪气
143,37,病症,391,395,肠胃痼热
143,38,病症,397,401,心胸浮热
143,39,病症,402,404,消渴
143,40,功效,405,408,利小便
143,41,禁忌,409,416,多食令人下焦冷
143,42,禁忌,418,421,发冷气
143,43,禁忌,422,425,伤阻道
143,44,禁忌,427,432,不可同蜜食
143,45,食材,440,442,紫菜
143,46,食味,445,446,甘
143,47,食性,447,448,寒
143,48,功效,449,453,下热解烦
143,49,病症,455,459,瘿瘤结气
143,50,禁忌,460,464,不可多食
143,51,禁忌,465,470,令人腹痛
143,52,食材,507,510,鹿角莱
143,53,食性,512,514,大寒
143,54,功效,521,525,下热风气
143,55,病症,527,531,小儿骨蒸
143,56,功效,532,536,解面热
143,57,禁忌,537,541,不可久食
143,58,禁忌,542,545,发痼疾
143,59,禁忌,546,551,损经络血气
143,60,禁忌,552,556,令脚冷痹
143,61,禁忌,557,560,损腰肾
143,62,禁忌,562,565,少颜色
143,63,食材,567,569,薹菹
144,1,食性,5,6,平
144,2,食性,23,24,平
144,3,功效,11,14,益脾胃
144,4,食材,15,18,昌侯鱼
144,5,食味,21,22,甘
144,6,食性,49,50,平
144,7,功效,28,32,益气肥健
144,8,禁忌,8,10,有毒
144,9,禁忌,38,43,令人痢下
144,10,食材,45,47,鲸鱼
144,11,食性,179,180,平
144,12,功效,51,54,补五脏
144,13,功效,55,58,益筋骨
144,14,功效,59,62,和脾胃
144,15,禁忌,63,67,多食宜人
144,16,食材,89,91,嘉鱼
144,17,食味,94,95,甘
144,18,食性,96,97,温
144,19,功效,109,115,令人肥健悦泽
144,20,功效,133,135,益人
144,21,食材,172,175,鸟贼鱼
144,22,食味,177,178,咸
144,23,食性,240,241,平
144,24,功效,181,186,主益气强志
144,25,功效,187,190,通月经
144,26,古籍来源,191,195,《素问》
144,27,食材,207,210,章举鱼
144,28,食材,213,215,石矩
144,29,食材,232,235,黄颊鱼
144,30,食味,238,239,甘
144,31,食性,265,266,平
144,32,功效,245,247,醒酒
144,33,功效,248,251,不益人
144,34,功效,255,258,能祛风
144,35,食材,260,263,比目鱼
144,36,食性,334,335,平
144,37,功效,267,269,补虚
144,38,功效,270,273,益气力
144,39,禁忌,274,279,多食稍动气
144,40,食材,281,283,鲺鱼
144,41,食材,303,306,邵阳鱼
144,42,功效,311,314,主瘴疟
144,43,禁忌,35,37,有毒
144,44,禁忌,319,324,人犯之至死
144,45,食材,326,328,艄鱼
144,46,食味,332,333,甘
144,47,食性,392,393,平
144,48,功效,339,346,主五野鸡痔下血
144,49,病症,347,349,瘀血
144,50,食材,351,353,鳢鱼
144,51,食材,358,359,肝
144,52,功效,360,365,主恶疮癣疥
144,53,古籍来源,148,151,《诗》
144,54,食材,386,390,鲨鱼
144,55,功效,394,397,补五脏
144,56,功效,399,404,主蛊气蛊疰
144,57,食材,406,408,鲛鱼
145,1,古籍来源,453,464,《中医古籍整理规范》
145,2,古籍来源,465,476,《中医药古籍整理细则》
146,1,病症,0,2,脚痹
146,2,病症,3,8,破癀疲结血
146,3,禁忌,9,14,多食损阻气
146,4,病症,15,17,发疮
146,5,病症,18,21,口齿痛
146,6,病症,23,29,生腹中诸虫
146,7,食材,31,33,董莱
146,8,食味,36,37,甘
146,9,食性,38,39,寒
146,10,功效,40,42,无毒
146,11,功效,43,50,主蛇蝎毒及痈肿
146,12,功效,59,63,除心烦热
146,13,禁忌,64,72,令人身体懈堕多睡
146,14,食味,76,77,苦
146,15,功效,78,81,主寒热
146,16,食材,89,91,苜蓿
146,17,食味,94,95,甘
146,18,食味,96,97,淡
146,19,功效,103,107,利大小肠
146,20,烹饪方法,108,110,煮羹
146,21,功效,117,119,益人
146,22,食材,121,123,落葵
146,23,食味,126,127,酸
146,24,食性,128,129,寒
146,25,功效,129,131,无毒
146,26,功效,132,135,主滑中
146,27,功效,136,138,散热
146,28,功效,142,147,主悦泽人面
146,29,病症,153,155,犬咬
146,30,禁忌,160,164,终身不差
146,31,食材,166,169,秦荻梨
146,32,食味,172,173,辛
146,33,食性,174,175,温
146,34,功效,176,178,无毒
146,35,功效,179,184,主心腹冷胀
146,36,功效,185,189,下气消食
146,37,功效,200,202,破气
146,38,食材,212,214,甘蓝
146,39,食性,216,217,平
146,40,功效,218,221,补骨髓
146,41,功效,222,228,利脏腑并关节
146,42,功效,229,235,通经络中结气
146,43,功效,317,320,明耳目
146,44,功效,241,245,健人少睡
146,45,功效,246,249,益心力
146,46,功效,250,253,壮筋骨
146,47,病症,255,257,黄毒
146,48,烹饪方法,258,261,煮作菹
146,49,功效,263,269,去心结火气
146,50,食材,271,274,翘摇莱
146,51,食味,206,207,辛
146,52,食性,279,280,平
146,53,功效,280,282,无毒
146,54,功效,283,286,主破血
146,55,功效,287,291,止血生肌
146,56,功效,300,305,主五种黄病
146,57,烹饪方法,306,308,煮热
146,58,功效,309,311,益人
146,59,功效,312,315,和五脏
146,60,功效,236,240,明耳目
146,61,功效,321,324,去热风
146,62,功效,326,330,令人轻健
146,63,食材,355,357,荏莱
146,64,食味,277,278,辛
146,65,食性,363,364,温
146,66,功效,365,367,无毒
146,67,功效,368,371,主调中
146,68,功效,372,375,去臭气
146,69,功效,378,384,主咳逆下气
146,70,功效,385,389,温中补体
146,71,烹饪方法,393,395,榨油
146,72,功效,398,402,止渴润肺
146,73,食材,409,412,萝勒菜
146,74,食味,361,362,辛
146,75,食性,417,418,温
146,76,功效,419,421,微毒
146,77,功效,422,426,调中消食
146,78,功效,427,430,去恶气
146,79,功效,431,434,消水气
146,80,禁忌,439,444,多食壅关节
146,81,禁忌,445,448,涩荣卫
146,82,禁忌,449,454,令血脉不行
146,83,禁忌,455,457,动风
146,84,禁忌,459,462,发脚气
146,85,病症,465,469,齿根烂疮
146,86,功效,478,481,主目翳
146,87,病症,482,486,风赤眵泪
146,88,功效,489,496,主小儿黄烂疮
146,89,医家,533,535,丹溪
147,1,食材,32,33,龟
147,2,食材,97,98,蛙
147,3,食材,140,142,蛤蚧
147,4,食材,176,178,水母
147,5,食材,212,214,鲮鱼
147,6,食材,235,237,贝子
147,7,食材,301,302,鼋
147,8,食材,311,312,鼍
147,9,食材,334,336,玳瑁
147,10,食材,355,357,海蛤
147,11,食材,392,394,文蛤
147,12,食材,395,397,魁蛤
147,13,食材,401,403,虾蟆
147,14,食味,68,69,咸
147,15,食味,101,102,甘
147,16,食味,405,406,辛
147,17,食性,103,104,寒
147,18,食性,145,146,平
147,19,食性,240,241,平
147,20,食性,272,273,寒
147,21,食性,242,243,平
147,22,食性,338,339,寒
147,23,功效,8,10,补阴
147,24,功效,18,21,去瘀血
147,25,功效,22,25,续筋骨
147,26,功效,51,55,补阴血亏
147,27,功效,56,58,补心
147,28,功效,75,81,主飞尸蛊毒
147,29,功效,87,91,沥恶疮
147,30,功效,108,113,主小儿赤气
147,31,功效,119,121,止痛
147,32,功效,150,154,主久肺劳
147,33,功效,155,157,传尸
147,34,功效,158,161,杀鬼邪
147,35,功效,162,164,疗嗽
147,36,功效,165,168,下淋
147,37,功效,171,174,通水道
147,38,功效,186,189,主生气
147,39,功效,220,227,主五邪惊啼悲伤
147,40,功效,228,231,疗蚁瘘
147,41,功效,247,250,主目翳
147,42,功效,259,261,下血
147,43,功效,267,270,利水道
147,44,功效,277,279,解肌
147,45,功效,294,299,明目去热毒
147,46,功效,306,308,补虚
147,47,功效,315,318,主少气
147,48,功效,343,348,主解百药毒
147,49,功效,369,374,主效逆上气
147,50,功效,387,390,疗阴痿
147,51,功效,412,415,主邪气
147,52,功效,416,420,破癀坚血
147,53,功效,429,433,不患热病
147,54,病症,27,30,劳倦
147,55,病症,253,255,蛊毒
147,56,病症,82,84,瘴疟
147,57,病症,114,118,肌疮脐伤
147,58,病症,190,194,妇人劳损
147,59,病症,196,198,血带
147,60,病症,199,203,小儿风疾
147,61,病症,208,210,丹毒
147,62,病症,251,253,鬼疰
147,63,病症,256,258,腹痛
147,64,病症,264,266,五癃
147,65,病症,282,284,结热
147,66,病症,319,324,若足不立地
147,67,病症,376,380,喘息烦满
147,68,病症,381,386,胸膈寒热
147,69,病症,421,425,痈肿阴疮
147,70,烹饪方法,131,133,腌炙
147,71,烹饪方法,134,136,酒食
147,72,禁忌,244,246,有毒
147,73,禁忌,147,149,小毒
147,74,禁忌,409,411,有毒
148,1,食材,0,3,决明莱
148,2,功效,4,8,明目清心
148,3,病症,10,13,头眩风
148,4,食味,15,16,甘
148,5,食性,17,18,温
148,6,食材,46,48,芎苗
148,7,食味,51,52,辛
148,8,食性,53,54,温
148,9,功效,58,61,主咳逆
148,10,功效,62,65,定惊风
148,11,功效,67,70,辟邪恶
148,12,功效,71,77,除蛊毒鬼疰
148,13,功效,78,81,去三虫
148,14,功效,82,86,久服通神
148,15,食材,105,108,禅@莱
148,16,食味,111,112,辛
148,17,食材,131,133,荇莱
148,18,烹饪方法,178,179,淹
148,19,食材,183,186,羊蹄菜
148,20,食味,189,190,苦
148,21,食性,191,192,寒
148,22,功效,206,212,治疬疡风
148,23,病症,214,221,大便卒涩结不通
148,24,病症,222,229,喉@痹卒不能语
148,25,病症,230,235,肠风痔泻血
148,26,病症,236,240,产后风
148,27,烹饪方法,43,44,煎
148,28,古籍来源,165,168,《诗》
148,29,食材,278,281,葫翥@
148,30,食味,284,285,辛
148,31,食性,286,287,寒
148,32,病症,319,321,消渴
148,33,烹饪方法,325,327,捣碎
148,34,烹饪方法,331,332,煮
148,35,烹饪方法,341,343,为茹
148,36,食材,358,360,地蚕
148,37,烹饪方法,404,405,瀹
148,38,食材,419,421,假苏
148,39,食味,424,425,辛
148,40,食性,426,427,温
148,41,功效,431,435,主除寒热
148,42,病症,436,440,鼠瘘瘰疬
148,43,病症,441,443,生疮
148,44,功效,444,449,破结聚气
148,45,功效,450,453,下瘀血
148,46,功效,454,457,除湿痹
148,47,功效,458,461,辟邪气
148,48,功效,462,466,通利血脉
148,49,脏腑,470,472,五脏
148,50,功效,475,477,发汗
148,51,病症,479,481,渴消
148,52,功效,482,485,除冷风
148,53,病症,487,491,头风眩晕
148,54,病症,492,496,妇人血风
149,1,古籍来源,0,4,政和本草
149,2,古籍来源,131,135,食物本草
149,3,医家,106,108,李杲
149,4,医家,152,155,李肘珍
149,5,医家,159,162,姚可成
149,6,医家,424,426,卢和
149,7,医家,481,484,朱丹溪
149,8,医家,510,512,程充
149,9,医家,531,535,卢安泽
149,10,古籍来源,405,409,本草纲昌
149,11,古籍来源,513,517,丹溪心法
149,12,古籍来源,594,598,格致余论
149,13,古籍来源,499,503,丹溪纂要
149,14,食材,352,353,水
149,15,食材,41,42,谷
149,16,食材,356,357,莱
149,17,食材,358,359,果
149,18,食材,360,361,鳞
149,19,食材,362,363,介
149,20,食材,364,366,蛇虫
149,21,食材,367,368,禽
149,22,食材,369,370,兽
149,23,食材,371,372,味
149,24,食材,334,335,草
149,25,食材,375,376,木
149,26,食材,377,378,火
149,27,食材,379,380,金
149,28,食材,381,383,玉石
149,29,食材,384,385,土
150,1,食材,96,97,葱
150,2,食材,193,195,蔓菁
150,3,食材,270,272,菘莱
150,4,食材,441,443,芥莱
150,5,食味,446,447,辛
150,6,食味,275,276,甘
150,7,食味,414,415,苦
150,8,食性,198,199,温
150,9,食性,66,67,寒
150,10,归经,454,456,归鼻
150,11,功效,0,3,益瞳精
150,12,功效,4,8,杀百药毒
150,13,功效,10,14,通大小肠
150,14,功效,15,20,疗霍乱转筋
150,15,功效,21,24,奔豚气
150,16,功效,25,27,脚气
150,17,功效,28,31,心腹痛
150,18,功效,32,38,目眩及心迷闷
150,19,功效,39,41,止衄
150,20,功效,42,48,杀一切鱼肉毒
150,21,功效,50,59,治打扑损并刀杖疮
150,22,功效,79,84,贴蛇虫伤
150,23,功效,89,93,治蚯蚓毒
150,24,功效,172,174,发散
150,25,功效,203,206,利五脏
150,26,功效,207,211,消食益气
150,27,功效,212,216,令人肥健
150,28,功效,282,285,利肠胃
150,29,功效,286,288,除烦
150,30,功效,289,292,解酒渴
150,31,功效,293,296,去鱼腥
150,32,功效,299,303,消食下气
150,33,功效,304,306,治瘴
150,34,功效,307,313,止热嗽胸膈闷
150,35,功效,352,356,行风气
150,36,功效,357,360,去邪热
150,37,功效,457,460,除肾邪
150,38,功效,461,464,利九窍
150,39,功效,465,469,明耳目
150,40,功效,470,472,安中
150,41,功效,473,476,除邪气
150,42,功效,477,482,止咳嗽冷气
150,43,功效,483,487,去头面风
150,44,功效,533,535,发汗
150,45,功效,550,555,治骨节痛
150,46,病症,338,342,皮肤风痒
150,47,病症,507,509,恶疮
150,48,病症,516,518,水肿
150,49,病症,524,526,射工
150,50,病症,527,529,疰气
150,51,病症,530,532,疝气
150,52,病症,536,540,胸膈痰冷
150,53,病症,541,543,面黄
150,54,病症,576,578,游肿
150,55,禁忌,130,135,忌与蜜同食
150,56,禁忌,177,182,多食昏人神
150,57,禁忌,314,317,不益人
150,58,禁忌,318,322,食之觉冷
150,59,禁忌,332,336,夏至前食
150,60,禁忌,343,347,动气发病
150,61,禁忌,368,373,服甘草勿食
150,62,禁忌,374,378,令病不愈
150,63,禁忌,379,390,北人往南患足疾者勿食
150,64,禁忌,488,493,多食动风气
150,65,禁忌,494,498,发丹石
150,66,禁忌,499,505,不可同兔肉食
150,67,禁忌,510,514,同鲫鱼食
150,68,烹饪方法,77,78,研
150,69,烹饪方法,363,365,糟食
150,70,烹饪方法,545,549,和药为膏
150,71,烹饪方法,582,584,为末
150,72,烹饪方法,522,523,敷
150,73,医家,556,558,丹溪
150,74,食材,323,324,姜
150,75,食材,585,587,猪胆
150,76,食材,599,601,青芥
150,77,食材,153,155,胡葱
150,78,食材,156,158,汉葱
150,79,食材,140,142,楼葱
150,80,食材,144,147,龙角葱
150,81,食材,348,351,紫花菘
150,82,食材,391,394,牛肚菘
150,83,食材,404,406,紫菘
150,84,食材,417,419,自菘
151,1,食材,28,29,鹳
151,2,食味,54,55,咸
151,3,食性,56,57,平
151,4,功效,59,61,无毒
151,5,病症,64,67,头风眩
151,6,病症,68,72,颠倒痫疾
151,7,食材,85,87,鹘鹇
151,8,食材,90,91,鸠
151,9,食味,95,96,咸
151,10,食性,97,98,平
151,11,功效,99,101,无毒
151,12,功效,102,107,助气益脾胃
151,13,烹饪方法,114,115,煮
151,14,烹饪方法,115,116,炙
151,15,食材,143,146,啄木鸟
151,16,食性,148,149,平
151,17,功效,150,152,无毒
151,18,病症,154,156,痔瘘
151,19,烹饪方法,157,158,烧
151,20,病症,163,167,牙齿疳璧
151,21,烹饪方法,174,175,烧
151,22,食材,197,199,黄鸟
151,23,食味,202,203,甘
151,24,食性,204,205,温
151,25,功效,206,210,补阳益脾
151,26,食材,227,229,天鹅
151,27,食味,232,233,甘
151,28,食性,234,235,平
151,29,功效,236,238,无毒
151,30,食性,240,241,冷
151,31,烹饪方法,243,244,腌
151,32,烹饪方法,244,245,炙
151,33,食材,247,249,绒毛
151,34,病症,251,254,刀杖疮
151,35,食材,260,261,鹬
151,36,食性,264,265,暖
151,37,功效,270,272,补虚
151,38,食材,274,275,鹗
151,39,烹饪方法,284,285,炙
151,40,病症,287,289,鼠瘘
151,41,食材,290,291,目
151,42,功效,294,301,令人夜中见物
151,43,食材,303,305,百舌
151,44,病症,307,309,虫咬
151,45,烹饪方法,310,311,炙
151,46,病症,316,321,小儿久不语
151,47,食材,323,325,鹭鸶
151,48,食味,328,329,咸
151,49,食性,330,331,平
151,50,功效,332,334,无毒
151,51,病症,336,338,瘦虚
151,52,功效,340,344,益脾补气
151,53,烹饪方法,345,346,炙
151,54,古籍来源,44,48,《本草》
151,55,古籍来源,182,187,《淮南子》
152,1,食材,13,14,葱
152,2,食材,15,17,川鸟
152,3,食材,18,20,红豆
152,4,食材,42,44,姜汁
152,5,食材,48,50,浮饭
152,6,食材,131,133,蓼汁
152,7,食材,128,130,麸面
152,8,食材,261,263,红曲
152,9,食材,341,343,檀香
152,10,食材,453,455,枸杞
152,11,食材,486,488,菊花
152,12,食材,518,520,葡萄
152,13,食材,543,545,桑椹
152,14,食材,558,560,狗肉
152,15,食材,590,592,黑豆
152,16,食材,619,620,乳
152,17,食材,631,633,牛肉
152,18,食味,138,139,辛
152,19,食味,169,170,酸
152,20,食性,266,267,热
152,21,食性,691,692,温
152,22,食性,304,305,寒
152,23,功效,145,148,解毒
152,24,功效,296,298,破血
152,25,功效,298,300,杀毒
152,26,功效,307,311,疗打扑伤
152,27,功效,457,460,补虚损
152,28,功效,462,465,去劳热
152,29,功效,466,469,长肌肉
152,30,功效,472,475,益颜色
152,31,功效,476,479,肥健人
152,32,功效,480,485,止肝虚且泪
152,33,功效,490,494,清头风
152,34,功效,495,498,明耳目
152,35,功效,499,502,去痿痹
152,36,功效,503,507,开胃健脾
152,37,功效,509,513,暖阴起阳
152,38,功效,514,517,消百病
152,39,功效,523,527,补气调中
152,40,功效,547,551,补五脏
152,41,功效,554,557,明耳目
152,42,功效,562,564,大补
152,43,功效,601,606,疗男妇诸风
152,44,功效,608,614,产后一切恶疾
152,45,功效,423,425,杀蛊
152,46,病症,26,28,头痛
152,47,病症,29,31,口渴
152,48,病症,271,273,脚气
152,49,病症,274,278,肠风下血
152,50,病症,279,281,痔瘘
152,51,病症,282,284,哮喘
152,52,病症,284,286,劾嗽
152,53,病症,292,294,诸疾
152,54,病症,411,413,积病
152,55,病症,451,452,蛊
152,56,病症,571,573,阴虚
152,57,病症,575,578,无冷病
152,58,病症,625,627,气急
152,59,病症,635,640,腹内生虫
152,60,病症,648,650,湿中
152,61,病症,651,653,发热
152,62,病症,656,658,相火
152,63,病症,287,288,痰
152,64,脏腑,664,665,肺
152,65,食疗方,585,588,豆淋酒
152,66,食疗方,316,320,暹罗酒
152,67,烹饪方法,44,45,造
152,68,烹饪方法,112,113,酿
152,69,烹饪方法,133,134,拌
152,70,烹饪方法,592,593,炒
152,71,烹饪方法,598,599,淋
152,72,禁忌,536,542,南人多不宜也
152,73,医家,641,643,丹溪
152,74,古籍来源,104,110,《事林广记》
153,1,食材,2,4,榫柿
153,2,食材,8,10,绿柿
153,3,食性,42,43,寒
153,4,功效,21,24,去胃热
153,5,功效,25,30,压丹石药
153,6,功效,31,33,利水
153,7,功效,34,37,解酒毒
153,8,医家,45,47,丹溪
153,9,食材,51,52,柿
153,10,功效,67,71,止血治嗽
153,11,禁忌,77,85,同蟹食即腹痛大泻
153,12,食材,87,88,桃
153,13,食味,91,93,甘酸
153,14,食性,94,95,热
153,15,禁忌,96,98,微毒
153,16,功效,99,103,益色辟邪
153,17,禁忌,104,108,发丹石毒
153,18,禁忌,109,116,多食令人有热
153,19,禁忌,117,122,服术人忌食
153,20,禁忌,124,130,不可与鳖同食
153,21,禁忌,131,139,食之浴水成淋病
153,22,食材,146,147,仁
153,23,食味,149,151,苦甘
153,24,食性,153,154,平
153,25,归经,169,176,人手足厥阴经
153,26,功效,177,182,主瘀血血闭
153,27,功效,183,187,血结血燥
153,28,功效,188,192,癜疲邪气
153,29,功效,193,196,杀小虫
153,30,功效,197,202,通润大便
153,31,功效,203,208,除卒暴击血
153,32,功效,209,212,通月水
153,33,功效,214,216,止痛
153,34,功效,217,222,苦以破滞血
153,35,功效,223,229,甘以生新血
153,36,食材,230,231,花
153,37,食味,156,157,苦
153,38,功效,235,239,杀疰恶鬼
153,39,功效,240,245,令人好颜色
153,40,功效,246,251,除水肿石淋
153,41,功效,252,257,利大小便
153,42,功效,258,261,杀三虫
153,43,烹饪方法,262,264,酒浸
153,44,功效,266,269,除百病
153,45,食材,270,272,桃枭
153,46,食材,274,276,桃实
153,47,功效,291,297,主杀百鬼精物
153,48,功效,298,302,五毒不祥
153,49,功效,303,308,疗中恶腹痛
153,50,功效,309,311,破血
153,51,病症,315,317,吐血
153,52,烹饪方法,326,330,烧灰存性
153,53,烹饪方法,331,335,米汤调服
153,54,食材,339,341,桃虫
153,55,功效,343,349,杀鬼邪恶不祥
153,56,食材,350,351,叶
153,57,食味,233,234,苦
153,58,功效,355,359,主除尸虫
153,59,功效,360,364,出疮中虫
153,60,食材,365,367,桃胶
153,61,功效,368,372,下石淋
153,62,功效,373,375,破血
153,63,烹饪方法,376,377,炼
153,64,功效,379,383,保中不饥
153,65,功效,384,386,轻身
153,66,功效,388,391,忍风寒
153,67,食材,392,395,茎与皮
153,68,食味,398,400,苦辛
153,69,功效,402,409,除邪鬼中恶腹痛
153,70,功效,410,414,去胃中热
153,71,食材,447,448,杏
153,72,食味,451,453,甘酸
153,73,食性,454,455,热
153,74,禁忌,456,458,有毒
153,75,禁忌,459,464,多食伤筋骨
153,76,禁忌,465,467,伤神
153,77,禁忌,468,470,盲目
153,78,禁忌,471,478,小儿尤不可食
153,79,禁忌,479,486,致疡痈及上膈热
153,80,食材,487,488,仁
153,81,食味,490,492,甘苦
153,82,食性,494,495,温
153,83,禁忌,496,499,有小毒
153,84,归经,500,506,人手太阴经
153,85,功效,507,510,主咳逆
153,86,病症,511,515,上气雷鸣
153,87,病症,516,518,喉痹
153,88,功效,519,523,下气定喘
153,89,功效,524,527,润心肺
153,90,功效,528,536,散肺经风寒咳嗽
153,91,功效,539,545,消心下急满痛
153,92,功效,546,550,散结润燥
153,93,功效,551,555,产乳金疮
153,94,病症,556,561,寒心奔豚
153,95,医家,564,566,丹溪
153,96,食性,571,572,热
153,97,医家,579,581,东垣
153,98,功效,585,591,杳仁下喘治气
153,99,功效,594,600,桃仁疗狂治血
153,100,食材,616,617,花
153,101,食味,353,354,苦
153,102,功效,622,626,主补不足
153,103,病症,627,631,女子伤中
153,104,病症,632,635,寒热痹
153,105,病症,638,640,厥逆
153,106,食材,642,644,石榴
153,107,食味,647,648,酸
153,108,禁忌,166,168,无毒
153,109,功效,652,657,主疗咽燥渴
153,110,禁忌,658,663,多食损人肺
153,111,禁忌,664,667,齿令黑
153,112,食材,668,669,榫
153,113,食材,677,678,柿
153,114,食材,688,693,实似柿而青
153,115,功效,694,698,汁可制漆
154,1,食材,0,1,饭
154,2,食材,2,3,蕹
154,3,食材,14,16,甜瓜
154,4,食性,18,19,寒
154,5,食味,183,184,甘
154,6,功效,25,27,止渴
154,7,功效,27,30,除烦热
154,8,功效,31,34,利小便
154,9,功效,35,42,通三焦壅塞气
154,10,病症,47,50,中暑气
154,11,病症,53,56,口鼻疮
154,12,禁忌,57,66,多食令阴下湿痒生疮
154,13,禁忌,67,72,动宿冷病
154,14,病症,74,76,虚热
154,15,病症,78,82,手脚无力
154,16,禁忌,83,89,破腹落水沉者
154,17,禁忌,90,95,双顶双蒂者
154,18,禁忌,187,189,有毒
154,19,禁忌,101,105,切不可食
154,20,食材,106,108,瓜蒂
154,21,功效,109,116,主身面四肢浮肿
154,22,功效,117,119,下水
154,23,功效,120,123,杀蛊毒
154,24,病症,124,129,咳逆上气
154,25,病症,130,134,风痫喉风
154,26,病症,135,139,痰涎暴塞
154,27,病症,140,148,食诸果病在胸腹中
154,28,功效,150,153,吐下之
154,29,功效,155,160,去鼻中息肉
154,30,功效,161,164,疗黄疸
154,31,病症,165,168,暴急黄
154,32,食材,169,170,花
154,33,功效,171,176,主心痛咳逆
154,34,食材,178,180,黄瓜
154,35,食味,464,465,甘
154,36,食性,185,186,寒
154,37,禁忌,334,336,有毒
154,38,禁忌,190,194,不可多食
154,39,禁忌,195,198,动蹇热
154,40,禁忌,199,202,多疟疾
154,41,禁忌,203,207,发百病
154,42,禁忌,209,212,积瘀热
154,43,禁忌,213,216,发疰气
154,44,禁忌,217,223,令人虚热上逆
154,45,禁忌,226,231,发脚气疮疥
154,46,禁忌,232,235,不益人
154,47,禁忌,237,241,小儿尤忌
154,48,禁忌,242,247,滑中生疳虫
154,49,禁忌,248,254,不可与醋同食
154,50,食材,256,258,丝瓜
154,51,古籍来源,259,263,《本草》
154,52,病症,269,271,痘疮
154,53,病症,272,274,脚痈
154,54,烹饪方法,275,277,烧灰
154,55,食性,284,285,冷
154,56,功效,285,287,解毒
154,57,烹饪方法,291,292,煮
154,58,食材,294,295,姜
154,59,食材,295,296,醋
154,60,烹饪方法,305,306,炒
154,61,食材,299,300,鸡
154,62,食材,301,302,鸭
154,63,食材,303,305,猪肉
154,64,食材,325,327,瓠子
154,65,食性,333,334,寒
154,66,禁忌,97,100,有毒
154,67,功效,337,347,主大水面目四肢浮肿
154,68,功效,348,350,下水
154,69,功效,351,354,令人吐
154,70,食性,359,360,冷
154,71,禁忌,20,22,无毒
154,72,禁忌,366,368,微毒
154,73,功效,369,373,除烦止渴
154,74,功效,374,377,治心热
154,75,功效,379,382,利水道
154,76,功效,383,386,调心肺
154,77,功效,387,390,治石淋
154,78,功效,393,396,吐蛔虫
154,79,功效,397,400,压丹石
154,80,病症,403,407,脚气虚胀
154,81,病症,409,411,冷气
154,82,禁忌,412,416,食之病增
154,83,食材,436,438,葫芦
154,84,食材,459,460,莼
154,85,食性,466,467,寒
154,86,禁忌,360,362,无毒
154,87,功效,471,476,主消渴热脾
154,88,食材,478,480,鲫鱼
154,89,烹饪方法,480,482,作羹
154,90,功效,487,489,下水
154,91,功效,490,493,利小便
154,92,功效,494,498,解百药毒
154,93,功效,502,506,下气止呕
154,94,禁忌,507,513,其性滑不益脾
154,95,禁忌,515,519,多食发痔
154,96,禁忌,520,527,损胃及齿发面色
155,1,食材,11,13,白狗
155,2,食材,29,31,黄狗
155,3,食材,44,45,犬
155,4,食材,112,114,犬肉
155,5,食材,134,137,山狗獾
155,6,食材,178,180,天狗
155,7,食材,182,185,猪肉
155,8,食材,259,261,豚卵
155,9,食材,298,300,悬蹄
155,10,食材,315,317,四足
155,11,食材,336,337,心
155,12,食材,368,369,肚
155,13,食材,410,411,肺
155,14,食材,434,435,肝
155,15,食材,458,459,肾
155,16,食材,494,495,脾
155,17,食材,502,503,舌
155,18,食材,518,519,头
155,19,食材,537,538,脑
155,20,食材,551,553,脂膏
155,21,食材,158,159,皮
155,22,食材,638,640,肠脏
155,23,食味,155,156,甘
155,24,食味,187,188,苦
155,25,食味,263,264,甘
155,26,食性,189,191,微寒
155,27,食性,265,266,温
155,28,食性,370,372,微温
155,29,食性,412,414,微寒
155,30,食性,436,437,温
155,31,食性,285,286,寒
155,32,功效,31,33,大补
155,33,功效,41,43,微补
155,34,功效,115,117,补阳
155,35,功效,192,196,主闭血脉
155,36,功效,198,201,弱筋骨
155,37,功效,202,204,发痰
155,38,功效,205,208,令人少
155,39,功效,213,217,食之暴肥
155,40,功效,273,278,主惊痫癫病
155,41,功效,279,283,鬼疰蛊毒
155,42,功效,288,292,奔豚五癃
155,43,功效,293,297,邪气挛缩
155,44,功效,301,304,主五痔
155,45,功效,305,309,伏热在肠
155,46,功效,310,314,肠痈内蚀
155,47,功效,318,321,主伤挞
155,48,功效,324,327,诸败疮
155,49,功效,332,335,下乳汁
155,50,功效,338,343,主惊邪忧恚
155,51,功效,346,349,血不足
155,52,功效,350,353,补虚劳
155,53,功效,354,359,多食耗心气
155,54,功效,373,377,补中益气
155,55,功效,379,382,止渴利
155,56,功效,384,389,主骨蒸热劳
155,57,功效,390,394,杀劳虫
155,58,功效,395,397,补羸
155,59,功效,398,401,助血脉
155,60,功效,402,404,止痢
155,61,功效,415,418,能补肺
155,62,功效,427,430,令滞气
155,63,功效,431,433,发霍
155,64,功效,438,441,主脚气
155,65,功效,442,446,冷泄赤白
155,66,功效,448,450,藏虚
155,67,功效,462,466,和理肾气
155,68,功效,467,471,通利膀胱
155,69,功效,472,475,补虚劳
155,70,功效,477,480,消积滞
155,71,功效,486,489,损真气
155,72,功效,490,493,发虚拥
155,73,功效,496,501,主脾胃虚热
155,74,功效,505,507,健脾
155,75,功效,509,512,补不足
155,76,功效,513,517,令人能食
155,77,功效,520,523,补虚乏
155,78,功效,524,529,去惊痫五痔
155,79,功效,547,550,主生发
155,80,功效,554,557,主恶疮
155,81,功效,558,561,利血脉
155,82,功效,563,566,解风热
155,83,功效,567,571,皮肤风热
155,84,功效,574,577,解斑蝥
155,85,功效,578,581,芫菁毒
155,86,功效,585,587,杀虫
155,87,功效,612,617,解少阴客热
155,88,功效,623,627,润燥除烦
155,89,功效,633,637,益气断痢
155,90,功效,641,645,主下焦虚
155,91,病症,3,10,女子带下十二疾
155,92,病症,53,57,阴虚发热
155,93,病症,71,73,消渴
155,94,病症,109,111,阴虚
155,95,病症,225,227,疟病
155,96,病症,227,229,金疮
155,97,病症,242,245,寸自虫
155,98,病症,252,254,热风
155,99,病症,255,258,脱须眉
155,100,脏腑,572,573,肝
155,101,脏腑,610,611,肾
155,102,禁忌,60,64,妊娠勿食
155,103,禁忌,65,69,不可炙食
155,104,禁忌,75,81,不可与蒜同食
155,105,禁忌,82,85,顿损人
155,106,禁忌,232,240,不可同牛肉煮食
155,107,禁忌,246,250,同荞麦食
155,108,禁忌,360,367,不可同茱萸食
155,109,禁忌,419,426,不可同白花莱食
155,110,禁忌,451,457,不可同鱼子食
155,111,禁忌,481,485,冬不可食
155,112,禁忌,588,593,忌食鸟梅
155,113,烹饪方法,530,531,煮
155,114,食材,630,632,米粉
156,1,食材,115,117,桑耳
156,2,食味,119,120,甘
156,3,食性,121,123,有毒
156,4,病症,128,134,女子赤白带下
156,5,病症,135,137,癜癜
156,6,病症,138,140,阴痛
156,7,病症,141,146,阴阳寒热
156,8,病症,147,149,无子
156,9,病症,150,154,月水不调
156,10,食材,156,160,黄熟白者
156,11,功效,161,163,止泄
156,12,功效,164,166,益气
156,13,食材,167,170,金色者
156,14,功效,173,178,治癖饮积聚
156,15,食性,182,183,寒
156,16,食性,184,186,无毒
156,17,病症,188,190,消渴
156,18,食味,194,196,甘辛
156,19,食性,201,202,温
156,20,食性,203,205,微毒
156,21,功效,206,211,止肠风泻血
156,22,病症,212,217,妇人心腹痛
156,23,病症,219,221,五痔
156,24,食材,222,226,柘木上者
156,25,食材,230,233,桑槐耳
156,26,病症,235,239,五痔心痛
156,27,病症,240,246,女子阴中疮痛
156,28,功效,249,253,治风破血
156,29,功效,254,256,益力
156,30,食材,258,260,楮耳
156,31,食材,267,270,榆柳耳
156,32,食材,273,275,五耳
156,33,食材,306,308,蒌蒿
156,34,食味,311,313,甘辛
156,35,食材,348,350,莪蒿
156,36,食材,358,360,邪蒿
156,37,食材,368,370,苦莱
156,38,食味,373,374,苦
156,39,食性,375,376,褰
156,40,食性,377,379,无毒
156,41,脏腑,2,4,五脏
156,42,病症,383,385,邪气
156,43,病症,387,390,谷胃痹
156,44,病症,391,393,肠癖
156,45,病症,395,399,渴热中疾
156,46,病症,400,402,恶疮
156,47,功效,405,409,安心益气
156,48,功效,410,414,聪察少卧
156,49,功效,415,419,轻身耐老
156,50,功效,420,422,耐饥
156,51,古籍来源,445,449,《月令》
156,52,食材,484,486,马兰
156,53,食味,489,490,辛
156,54,食性,491,492,温
156,55,食材,515,517,蘩蒌
156,56,食味,519,520,酸
156,57,食性,521,523,气平
156,58,食性,524,526,无毒
156,59,病症,528,534,积年恶疮不愈
156,60,功效,542,544,破血
156,61,病症,563,564,淋
156,62,烹饪方法,97,98,煮
156,63,食材,606,609,鸡肠草
157,1,古籍来源,0,4,《衍义》
157,2,食材,5,6,鸡
157,3,病症,7,8,风
157,4,食材,52,53,鹜
157,5,食材,56,57,肪
157,6,食味,58,59,甘
157,7,功效,60,62,无毒
157,8,病症,64,68,风虚寒热
157,9,古籍来源,72,75,《礼》
157,10,食材,89,91,野鸭
157,11,食材,92,93,凫
157,12,食材,83,84,鹜
157,13,古籍来源,102,108,《滕王阁序》
157,14,古籍来源,130,134,《别录》
157,15,食材,138,140,鸭肪
157,16,病症,142,144,水肿
157,17,医家,145,148,陶隐居
157,18,食材,97,98,鹜
157,19,食材,152,155,家鸭肪
157,20,食材,121,123,野鸭
157,21,食性,166,167,凉
157,22,功效,168,170,无毒
157,23,功效,171,175,补中益气
157,24,功效,176,178,助力
157,25,功效,179,183,大益病人
157,26,功效,184,186,消食
157,27,功效,187,193,杀十二种虫
157,28,病症,195,200,多年小热疮
157,29,食材,212,214,刀鸭
157,30,功效,225,228,补人虚
157,31,食材,94,96,家鸭
157,32,食材,247,249,木耳
157,33,食材,250,252,胡桃
157,34,食材,253,255,豆豉
157,35,食材,262,264,油鸭
157,36,食味,265,268,味更佳
157,37,食材,272,273,鸠
157,38,食味,276,277,甘
157,39,食性,279,280,平
157,40,功效,281,283,无毒
157,41,功效,284,287,主明目
157,42,功效,288,290,补气
157,43,功效,292,295,助阴阳
157,44,古籍来源,323,326,《诗》
157,45,食材,17,18,鸡
157,46,食材,331,333,睢鸠
157,47,食材,335,337,水鸟
157,48,食材,340,343,黄褐侯
157,49,食材,345,347,鸠类
157,50,病症,349,353,蚁瘘恶疮
157,51,脏腑,355,357,五脏
157,52,功效,358,362,助气虚损
157,53,功效,363,372,排脓血并一切痈疖
157,54,烹饪方法,373,377,五味醯炙
157,55,食材,386,388,青鸠
157,56,食材,393,395,鹁鸽
157,57,食材,397,398,肉
157,58,食性,398,399,暖
157,59,功效,400,402,无毒
157,60,功效,403,407,调精益气
157,61,功效,408,413,解一切药毒
157,62,功效,414,418,食之益人
157,63,禁忌,420,433,若服药人食之。减药力。无效
157,64,病症,436,440,恶疮疥癣
157,65,病症,442,446,风瘙白癞
157,66,病症,447,451,疬疡风
157,67,烹饪方法,452,453,炒
157,68,烹饪方法,455,457,酒服
157,69,食材,465,466,雁
157,70,食味,381,382,甘
157,71,食性,472,473,平
157,72,功效,474,476,无毒
157,73,病症,478,481,风挛拘
157,74,病症,482,489,偏枯气不通利
157,75,功效,490,495,久服益气
157,76,功效,497,499,不饥
157,77,功效,500,504,轻身耐老
157,78,禁忌,505,509,六月勿食
157,79,病症,510,513,伤神气
157,80,食材,516,517,鸨
157,81,食材,525,527,雁类
157,82,食材,529,531,鹌鹑
157,83,食味,469,470,甘
157,84,食性,536,537,平
157,85,功效,538,541,补五脏
157,86,功效,542,544,益中
157,87,功效,545,547,续气
157,88,功效,548,555,实筋骨耐寒温
157,89,功效,558,561,消结热
157,90,食材,562,564,小豆
157,91,食材,566,568,生姜
157,92,烹饪方法,568,569,煮
157,93,功效,573,576,止泄痢
157,94,烹饪方法,577,579,酥煎
157,95,功效,579,584,令人下焦肥
158,1,食材,0,2,乳腐
158,2,功效,3,6,润五脏
158,3,功效,7,11,利大小便
158,4,功效,12,17,益十二经脉
158,5,食材,31,33,牛乳
158,6,食材,34,36,羊乳
158,7,食材,37,39,马乳
158,8,食材,68,70,驴乳
158,9,食材,88,90,人乳
158,10,医家,92,94,张苍
158,11,食材,144,146,辣莱
158,12,食味,149,151,辛辣
158,13,功效,159,161,破气
158,14,功效,161,163,烧脾
158,15,病症,166,168,五痔
158,16,病症,168,170,痈疡
158,17,病症,172,175,昏耳目
158,18,病症,177,179,浮肿
158,19,病症,180,182,虚恚
158,20,食材,133,134,子
158,21,食材,186,187,油
158,22,食味,189,190,甘
158,23,食性,191,192,温
158,24,功效,194,197,愈百病
158,25,食材,200,202,五味
158,26,古籍来源,217,221,《素问》
158,27,脏腑,302,304,五脏
158,28,食味,311,312,甘
158,29,脏腑,314,315,脾
158,30,食味,324,325,苦
158,31,脏腑,328,329,心
158,32,食味,339,340,咸
158,33,脏腑,342,343,肾
158,34,食味,353,354,酸
158,35,脏腑,356,357,肝
158,36,食味,370,371,辛
158,37,脏腑,373,374,肺
158,38,禁忌,315,321,过食甘则脾伤
158,39,禁忌,330,336,过食苦则心伤
158,40,禁忌,344,350,过食咸则肾伤
158,41,禁忌,361,367,过食酸则肝伤
158,42,禁忌,376,382,过食辛则肺伤
158,43,禁忌,417,421,厚味发热
158,44,养生原则,431,435,饮食无节
158,45,养生原则,508,515,养心莫善于寡欲
160,1,食材,15,20,野猪肉
160,2,食味,22,23,甘
160,3,功效,24,27,补肌肤
160,4,功效,28,32,令人肥腻
160,5,功效,34,37,补五脏
160,6,功效,38,44,止肠风下血
160,7,病症,46,49,癫痫病
160,8,功效,50,54,不发风气
160,9,食材,57,59,家猪
160,10,功效,64,67,微动风
160,11,禁忌,74,79,青蹄者勿食
160,12,食材,80,82,肪膏
160,13,烹饪方法,83,85,酒浸
160,14,功效,88,93,令妇人多乳
160,15,食材,119,123,胆中有黄
160,16,食味,126,127,辛
160,17,食味,128,129,甘
160,18,食性,131,132,平
160,19,功效,133,135,无毒
160,20,功效,136,139,主金疮
160,21,功效,140,144,止血生肌
160,22,功效,147,153,疗癫痫及鬼疰
160,23,食材,181,182,麂
160,24,食味,185,186,甘
160,25,食性,187,188,平
160,26,功效,189,191,无毒
160,27,功效,192,196,主五痔病
160,28,烹饪方法,197,199,燥出
160,29,烹饪方法,200,205,以姜醋进之
160,30,禁忌,213,218,多食动痼疾
160,31,食性,222,223,凉
160,32,功效,224,226,有毒
160,33,功效,227,230,能堕胎
160,34,病症,233,236,发疥疮
160,35,食材,238,239,廪
160,36,食材,242,243,麂
160,37,食材,260,261,獐
160,38,食味,266,267,卅
160,39,食性,268,269,温
160,40,功效,270,272,无毒
160,41,功效,273,277,补益五脏
160,42,禁忌,292,298,余月食之动气
160,43,病症,300,303,瘦悲疮
160,44,禁忌,304,309,食之发痼疾
160,45,禁忌,310,318,心粗豪人宜食之
160,46,功效,319,322,减其性
160,47,禁忌,323,330,胆小人食之愈怯
160,48,禁忌,331,334,与鸽食
160,49,病症,336,339,成癜髓
160,50,功效,340,343,益气力
160,51,功效,344,349,悦泽人面
160,52,食材,350,354,脐下麝香
160,53,食味,356,357,辛
160,54,食性,359,360,温
160,55,功效,361,363,无毒
160,56,功效,364,368,主辟恶气
160,57,功效,369,373,杀鬼精物
160,58,病症,375,377,瘟疟
160,59,病症,378,380,蛊毒
160,60,病症,381,383,痫瘗
160,61,功效,385,388,去三虫
160,62,功效,389,395,疗诸凶邪鬼气
160,63,病症,396,398,中恶
160,64,病症,399,408,心腹暴痛胀急痞满
160,65,病症,409,411,风毒
160,66,病症,412,416,妇人产难
160,67,功效,417,419,堕胎
160,68,功效,420,423,疗蛇毒
160,69,功效,430,434,益气补中
160,70,功效,435,438,治腰脚
160,71,功效,442,448,微补五脏不足
160,72,禁忌,449,457,多食令人弱房事
160,73,禁忌,458,461,发脚气
160,74,禁忌,462,466,不可近阴
160,75,功效,467,469,令痿
160,76,食材,539,540,脂
160,77,食味,483,484,辛
160,78,食性,484,485,温
160,79,功效,544,549,主疮肿死肌
160,80,病症,551,555,寒风湿痹
160,81,病症,556,562,四肢拘缓不收
160,82,病症,563,567,风头肿气
160,83,功效,568,571,通腠理
160,84,食材,572,573,角
160,85,食味,575,576,甘
160,86,功效,577,579,主脾
160,87,功效,581,583,止血
160,88,功效,584,587,补虚劳
160,89,功效,588,591,益气力
160,90,功效,593,596,填骨髓
160,91,功效,597,600,暖腰膝
160,92,功效,601,604,壮阳道
160,93,食材,605,606,茸
160,94,古籍来源,611,615,《月令》
160,95,古籍来源,625,626,经
161,1,食材,2,5,石榴花
161,2,食材,103,105,木瓜
161,3,食味,31,32,酸
161,4,食性,34,36,无毒
161,5,病症,38,42,湿痹邪气
161,6,病症,47,53,霍乱转筋不止
161,7,病症,57,65,脚气上攻腿膝疼痛
161,8,功效,68,72,止渴消肿
161,9,医家,77,79,雷公
161,10,食材,90,92,蔓子
161,11,食材,93,96,土伏子
161,12,食味,134,135,酸
161,13,食味,136,137,涩
161,14,功效,138,141,调荣卫
161,15,功效,142,145,助谷气
161,16,食味,183,184,咸
161,17,功效,185,188,伤人气
161,18,食味,179,180,涩
161,19,食材,265,269,黄牛乳汁
161,20,烹饪方法,270,271,蒸
161,21,食材,296,300,桃子
161,22,食味,302,303,甘
161,23,食味,304,305,酸
161,24,食性,306,309,有小毒
161,25,功效,310,313,除鬼祟
161,26,功效,314,317,益颜色
161,27,禁忌,318,322,多食生热
161,28,食材,324,325,花
161,29,食味,226,227,苦
161,30,食性,331,332,平
161,31,食性,333,335,无毒
161,32,功效,336,339,杀鬼邪
161,33,病症,341,343,石淋
161,34,功效,344,348,利大小便
161,35,功效,350,354,下三尸虫
161,36,功效,355,359,悦人容面
161,37,功效,360,363,好颜色
161,38,食材,365,366,仁
161,39,食味,329,330,苦
161,40,食味,372,373,甘
161,41,食性,374,375,平
161,42,食性,376,378,无毒
161,43,功效,379,382,破血瘸
161,44,功效,383,385,血疲
161,45,功效,386,389,化瘀血
161,46,功效,391,394,通经水
161,47,功效,395,398,止腹痛
161,48,古籍来源,424,431,雷公炮制药性解
162,1,古籍来源,0,5,《灵苑方》
162,2,病症,14,16,血痢
162,3,食材,22,23,蜜
162,4,烹饪方法,17,18,捣
162,5,烹饪方法,32,34,温饮
162,6,古籍来源,37,42,《产宝方》
162,7,病症,46,50,产后血痢
162,8,病症,51,55,脐腹疼痛
162,9,病症,56,60,小便不利
162,10,烹饪方法,61,62,捣
162,11,烹饪方法,67,68,煎
162,12,食材,72,73,蜜
162,13,烹饪方法,76,78,搅服
162,14,古籍来源,81,86,《广利方》
162,15,病症,93,99,一切无名肿毒
162,16,病症,100,104,火丹恶疮
162,17,烹饪方法,105,106,捣
162,18,烹饪方法,108,109,傅
162,19,医家,116,118,雷公
162,20,食材,135,136,芹
162,21,食味,143,144,甘
162,22,食性,145,146,平
162,23,功效,150,153,养精神
162,24,功效,154,157,益气血
162,25,功效,158,161,利口齿
162,26,功效,163,168,令人肥健
162,27,功效,169,171,嗜食
162,28,病症,174,180,妇人赤自带下
162,29,食材,184,187,鹿角莱
162,30,食性,188,190,大寒
162,31,功效,194,199,散风热邪气
162,32,病症,201,207,小儿骨蒸劳热
162,33,禁忌,212,218,大人不可久食
162,34,禁忌,219,223,有损腰肾
162,35,禁忌,225,228,少颜色
162,36,禁忌,238,242,下石力也
162,37,食材,244,247,芸苔莱
162,38,食味,249,250,辛
162,39,食性,251,252,温
162,40,功效,256,261,散游风丹毒
162,41,功效,262,265,消乳痈
162,42,功效,266,269,破血癜
162,43,功效,270,276,下产后瘀血
162,44,古籍来源,278,284,《野人闲话》
162,45,病症,289,293,女人吹乳
162,46,病症,294,298,小儿火丹
162,47,烹饪方法,299,300,捣
162,48,烹饪方法,300,301,傅
163,1,食材,10,13,鹿肉
163,2,食味,17,18,温
163,3,功效,22,24,补中
163,4,脏腑,26,28,五脏
163,5,功效,29,32,益气力
163,6,食材,33,34,血
163,7,食味,38,39,甘
163,8,食性,40,41,平
163,9,功效,42,44,补阴
163,10,功效,46,49,益荣气
163,11,食材,51,52,肾
163,12,功效,55,58,补腰肾
163,13,食材,60,61,茸
163,14,食味,65,66,甘
163,15,食味,67,68,酸
163,16,食性,69,70,温
163,17,病症,72,76,漏下恶血
163,18,病症,78,82,虚劳羸瘦
163,19,病症,83,88,骨中寒热
163,20,病症,89,93,洒洒如疟
163,21,病症,94,98,四肢酸疼
163,22,病症,99,103,腰脊疼痛
163,23,病症,104,108,遗精溺血
163,24,食材,113,116,石淋角
163,25,食味,119,120,咸
163,26,功效,124,127,补腰脊
163,27,功效,130,135,续筋胥损伤
163,28,功效,136,142,消恶毒痈瘙
163,29,古籍来源,145,150,《千金方》
163,30,病症,154,160,妇人吹乳妒乳
163,31,病症,162,165,结瘙疼
163,32,病症,166,170,欲成脓者
163,33,烹饪方法,175,176,磨
163,34,食材,173,175,鹿角
163,35,烹饪方法,178,179,敷
163,36,古籍来源,182,184,秘方
163,37,病症,188,191,鱼骨鲠
163,38,食材,193,195,鹿角
163,39,烹饪方法,195,197,剡屑
163,40,烹饪方法,198,199,含
163,41,烹饪方法,200,201,咽
163,42,古籍来源,204,209,《鲁般方》
163,43,病症,213,222,竹木刺入皮肉中不出
163,44,食材,224,226,鹿角
163,45,烹饪方法,223,224,烧
163,46,烹饪方法,226,227,末
163,47,烹饪方法,229,230,调
163,48,烹饪方法,231,232,敷
163,49,食材,244,247,獐肉
163,50,食味,251,252,甘
163,51,食性,253,254,温
163,52,功效,258,262,平补五脏
163,53,食材,264,265,骨
163,54,食味,269,270,咸
163,55,食性,271,272,平
163,56,功效,273,278,补虚损泄精
163,57,功效,282,286,补下之功
163,58,病症,288,290,痈潼
163,59,病症,300,302,痈肿
163,60,古籍来源,303,309,《证类本草》
163,61,食材,315,317,鹿角
163,62,病症,320,325,恶疮痈肿
163,63,病症,327,329,妒乳
163,64,病症,337,339,乳痈
163,65,病症,370,375,乳汁不得泄
163,66,古籍来源,377,381,《内经》
163,67,病症,382,384,炻乳
163,68,病症,351,352,痈
164,1,食材,0,1,雀
164,2,食味,3,4,温
164,3,病症,11,17,男子阴痿不起
164,4,功效,18,22,益精有子
164,5,食材,23,24,卵
164,6,食材,28,29,粪
164,7,食材,34,37,白丁香
164,8,病症,41,45,雀斑酒刺
164,9,病症,47,53,目中瘀肉赤筋
164,10,病症,54,58,遮附童人
164,11,食材,61,66,头生男子乳
164,12,食材,73,74,雉
164,13,食味,79,80,酸
164,14,食性,81,83,微寒
164,15,功效,88,92,补中益气
164,16,病症,94,98,痰气上喘
164,17,病症,100,103,五痔
164,18,病症,104,106,疮疥
164,19,食材,110,114,鸳鸯
164,20,食味,116,117,咸
164,21,食性,118,119,平
164,22,病症,125,127,痔瘘
164,23,病症,128,130,疥癣
164,24,烹饪方法,132,135,酒浸炙
164,25,烹饪方法,135,136,食
164,26,烹饪方法,139,140,傅
164,27,医家,149,152,陶隐君
164,28,食疗方,165,166,羹
164,29,功效,181,187,令人容颜常美
164,30,食材,189,190,雁
164,31,食味,192,193,甘
164,32,食性,194,195,平
164,33,病症,200,205,风拘急偏枯
164,34,病症,206,210,气不通利
164,35,功效,213,217,益气力
164,36,功效,218,223,长须眉毛发
164,37,功效,224,228,轻身耐老
164,38,功效,229,234,杀诸石药毒
164,39,食材,236,237,鸭
164,40,食味,239,240,甘
164,41,食性,241,243,微凉
164,42,病症,248,252,风虚寒热
164,43,脏腑,255,257,脏腑
164,44,功效,258,261,利水道
164,45,古籍来源,293,299,《证类本草》
164,46,古籍来源,303,310,《食疗本草》
165,1,食材,50,52,菱角
165,2,食味,6,7,甘
165,3,食性,8,9,寒
165,4,病症,26,30,伤脾胃
165,5,病症,31,34,发痼疾
165,6,病症,35,38,损阳事
165,7,古籍来源,40,45,《仙家方》
165,8,病症,55,60,腹胀满而痛
165,9,烹饪方法,61,66,热酒和姜饮
165,10,食材,73,77,孛荠
165,11,食味,79,80,甘
165,12,食性,81,83,微寒
165,13,食材,90,92,鸟芋
165,14,食材,96,98,凫茨
165,15,食材,121,124,猪薪脐
165,16,食材,139,142,羊薪脐
165,17,禁忌,145,153,损多益少而能发病
165,18,禁忌,157,162,孕妇忌之
165,19,古籍来源,166,171,《日华子》
165,20,功效,175,178,消风毒
165,21,功效,179,182,泻胃热
165,22,病症,184,186,黄疽
165,23,病症,187,190,下五麻
165,24,食材,264,266,莲子
165,25,食味,198,199,甘
165,26,食性,200,201,平
165,27,功效,202,205,助心气
165,28,功效,206,209,止烦渴
165,29,功效,210,212,洽痢
165,30,功效,213,219,补十二经气血
165,31,功效,221,224,理腰疼
165,32,病症,225,229,泄精自浊
165,33,医家,230,233,孙真人
165,34,禁忌,237,241,须去心食
165,35,病症,245,247,霍乱
165,36,古籍来源,249,254,《得效方》
165,37,病症,258,262,久痢不止
165,38,烹饪方法,330,332,为末
165,39,食材,282,285,陈米汤
165,40,食材,326,328,荷叶
165,41,功效,293,296,除烦闷
165,42,功效,297,300,止焦渴
165,43,功效,301,304,治呕血
165,44,功效,305,307,吐血
165,45,功效,308,311,杀蕈毒
165,46,古籍来源,313,318,《验应方》
165,47,病症,321,323,吐血
165,48,食材,288,292,荷叶
165,49,食材,333,336,清米汤
166,1,古籍来源,0,6,《百一选方》
166,2,病症,15,21,霍乱吐泻不止
166,3,食材,36,39,广陈皮
166,4,食材,43,46,真藿香
166,5,烹饪方法,55,56,煎
166,6,古籍来源,67,72,《活人方》
166,7,病症,80,82,伤寒
166,8,病症,83,87,一切杂病
166,9,病症,89,91,呕哕
166,10,病症,92,97,手足逆冷
166,11,食材,99,101,橘红
166,12,食材,104,106,生姜
166,13,烹饪方法,112,113,煎
166,14,古籍来源,127,130,张氏方
166,15,病症,133,137,妇人吹乳
166,16,病症,138,146,结核肿痛不可忍者
166,17,食材,148,151,广陈皮
166,18,烹饪方法,160,161,炒
166,19,烹饪方法,173,174,研
166,20,食材,168,170,麝香
166,21,病症,197,203,小肠疝气偏坠
166,22,病症,204,208,坚大疼痛
166,23,病症,211,213,腰疼
166,24,烹饪方法,214,215,炒
166,25,食材,238,242,橙子
166,26,食味,248,249,酸
166,27,病症,251,253,恶心
166,28,脏腑,255,257,肝气
166,29,食味,264,265,辛
166,30,食味,266,267,甘
166,31,食性,268,269,平
166,32,功效,273,279,散肠胃中恶气
166,33,功效,280,286,顺气止恶心
166,34,功效,287,293,除胃中浮风气
166,35,功效,294,296,消食
166,36,食材,316,317,梨
166,37,食味,319,320,甘
166,38,食味,321,322,酸
166,39,食性,323,324,平
166,40,功效,338,343,解热止渴
166,41,功效,344,348,利大小肠
166,42,病症,350,354,火嗽热喘
166,43,禁忌,355,360,多食发金疮
166,44,禁忌,361,364,成衿痢
166,45,禁忌,365,373,产妇乳母忌食之
166,46,古籍来源,384,392,《是斋百-选方》
167,1,食材,7,11,鲈鱼
167,2,食味,13,14,甘
167,3,食性,15,16,平
167,4,功效,17,20,补五脏
167,5,功效,21,24,益筋骨
167,6,功效,27,30,和肠胃
167,7,功效,31,34,下水气
167,8,医家,36,39,沈存中
167,9,食材,43,48,松江细鲈羹
167,10,食材,50,55,吴田香杭饭
167,11,功效,88,93,多食宜人
167,12,烹饪方法,94,96,作鲱
167,13,烹饪方法,99,101,暴干
167,14,食材,137,139,鲫鱼
167,15,食味,127,128,甘
167,16,食性,129,130,温
167,17,脏腑,140,141,土
167,18,功效,143,146,补脾胃
167,19,烹饪方法,151,153,作羹
167,20,古籍来源,158,163,《千金方》
167,21,病症,167,172,泄痢久不愈
167,22,烹饪方法,177,179,作脍
167,23,古籍来源,183,185,本草
167,24,病症,190,192,诸疮
167,25,烹饪方法,193,195,烧焦
167,26,烹饪方法,199,201,调涂
167,27,医家,205,207,丹溪
167,28,食材,215,217,莼莱
167,29,烹饪方法,217,219,作羹
167,30,病症,221,226,胃弱不下食
167,31,古籍来源,228,233,《钱氏方》
167,32,病症,241,243,劳症
167,33,病症,244,248,发热咳嗽
167,34,病症,249,253,汤药不愈
167,35,食材,174,177,活鲫鱼
167,36,烹饪方法,263,266,刮去鳞
167,37,烹饪方法,267,270,剖去肠
167,38,烹饪方法,271,273,洗净
167,39,食材,277,281,蓖麻子
167,40,烹饪方法,296,297,包
167,41,烹饪方法,306,309,煨令熟
167,42,禁忌,310,314,晚上食之
167,43,禁忌,316,322,十日内食三尾
168,1,食材,0,1,胆
168,2,食味,5,6,苦
168,3,食性,7,8,寒
168,4,功效,9,16,除心腹邪热烦渴
168,5,功效,17,22,治口舌焦燥
168,6,功效,23,26,益目
168,7,病症,31,37,小儿惊风痰热
168,8,食材,41,42,黄
168,9,病症,46,58,大人小儿惊痫搐搦烦热之疾
168,10,功效,59,63,清心化热
168,11,功效,64,69,利痰凉惊
168,12,食材,71,74,马肉
168,13,食味,78,80,苦辛
168,14,食性,81,82,衿
168,15,禁忌,83,86,有小毒
168,16,功效,100,103,壮筋骨
168,17,功效,104,107,强腰脊
168,18,功效,108,112,强志轻身
168,19,功效,113,117,消热下气
168,20,食材,121,122,茎
168,21,食味,126,128,酸甘
168,22,食性,129,130,平
168,23,禁忌,131,133,无毒
168,24,功效,139,147,主男子阴痿不起
168,25,功效,148,151,益精气
168,26,食材,158,161,骡肉
168,27,食味,165,166,辛
168,28,食性,167,168,温
168,29,禁忌,169,172,有小毒
168,30,禁忌,178,183,食之不益人
168,31,禁忌,184,189,孕妇忌食
168,32,食材,191,194,驴肉
168,33,食味,198,199,甘
168,34,食性,200,202,微凉
168,35,禁忌,203,205,无毒
168,36,功效,211,214,疗风狂
168,37,功效,215,219,解心烦
168,38,功效,220,225,治忧愁不乐
168,39,食材,227,228,头
168,40,食味,232,233,甘
168,41,食性,234,236,微凉
168,42,功效,242,247,治头风眩晕
168,43,病症,248,253,口眼喁斜
168,44,病症,254,258,语言蹇涩
168,45,病症,259,263,一身动摇
168,46,病症,264,268,筋骨酸疼
168,47,病症,269,273,心肺浮热
168,48,烹饪方法,281,282,焊
168,49,烹饪方法,283,284,洗
168,50,烹饪方法,287,288,蒸
168,51,烹饪方法,292,294,细切
168,52,食材,298,300,五味
169,1,古籍来源,0,5,伤寒论类方
169,2,古籍来源,6,10,脉义简摩
169,3,古籍来源,11,16,伤寒论特解
169,4,古籍来源,17,21,脉诀汇辨
169,5,古籍来源,22,31,伤寒论集注〈徐赤)
169,6,古籍来源,32,36,脉学辑要
169,7,古籍来源,37,47,伤塞论集注〈熊寿试)
169,8,古籍来源,48,52,脉经直指
169,9,古籍来源,53,58,伤寒微旨论
169,10,古籍来源,59,63,脉理正义
169,11,古籍来源,64,69,伤寒溯源集
169,12,古籍来源,70,74,脉理存真
169,13,古籍来源,75,81,订正医圣全集
169,14,古籍来源,82,86,脉理宗经
169,15,古籍来源,87,93,伤寒启蒙集稿
169,16,古籍来源,94,98,脉镜须知
169,17,古籍来源,99,105,伤寒尚论辨似
169,18,古籍来源,106,110,察病指南
169,19,古籍来源,111,117,伤寒兼证析义
169,20,古籍来源,118,123,崔真人脉诀
169,21,古籍来源,124,130,张卿子伤寒论
169,22,古籍来源,131,137,四诊脉鉴大全
169,23,古籍来源,138,144,金匮要略正义
169,24,古籍来源,145,151,删注脉诀规正
169,25,古籍来源,152,158,金匮要略直解
169,26,古籍来源,159,165,图注脉诀辨真
169,27,古籍来源,166,172,高注金匮要略
169,28,古籍来源,173,179,脉诀刊误集解
169,29,古籍来源,180,187,伤寒论大方图解
169,30,古籍来源,188,194,重订诊家直诀
169,31,古籍来源,195,202,伤寒论辨证广注
169,32,古籍来源,203,211,人元脉影归措图说
169,33,古籍来源,212,219,伤寒活人指掌图
169,34,古籍来源,220,228,脉诀指掌病式图说
169,35,古籍来源,229,236,张仲景金匮要略
169,36,古籍来源,237,245,脉学注释汇参证治
169,37,古籍来源,246,254,伤寒六书纂要辨疑
169,38,古籍来源,255,259,针灸推拿
169,39,古籍来源,260,268,伤寒六经辨证治法
169,40,古籍来源,269,273,针灸节要
169,41,古籍来源,274,282,伤寒类书活人总括
169,42,古籍来源,283,287,针灸全生
169,43,古籍来源,288,297,张仲景伤寒原文点精
169,44,古籍来源,298,302,针灸逢源
169,45,古籍来源,303,313,伤寒活人指掌补注辨疑
169,46,古籍来源,314,318,备急灸法
169,47,古籍来源,324,328,神灸经纶
169,48,古籍来源,332,337,传悟灵济录
169,49,古籍来源,338,341,玉函经
169,50,古籍来源,342,348,小儿推拿广意
169,51,古籍来源,353,359,小儿推拿秘诀
169,52,古籍来源,360,364,舌鉴辨正
169,53,古籍来源,365,371,太乙神针心法
169,54,古籍来源,372,376,医学辑要
169,55,古籍来源,377,384,杨敬斋针灸全书
170,1,食材,63,64,虾
170,2,食味,66,67,辛
170,3,食味,68,69,甘
170,4,病症,6,12,小儿赤毒热疮
170,5,病症,13,17,脐肠腹痛
170,6,病症,18,22,胃气虚乏
170,7,古籍来源,24,28,《食疗》
170,8,病症,33,39,小儿疳瘦肚大
170,9,病症,40,44,虚劳烦热
170,10,病症,45,49,心中邪热
170,11,病症,51,55,腹内水气
170,12,食材,231,233,鲥鱼
170,13,食味,168,169,甘
170,14,食性,170,171,温
170,15,食性,172,173,平
170,16,功效,203,206,快胃气
170,17,功效,207,210,补虚劳
170,18,禁忌,217,220,忌食之
170,19,古籍来源,222,228,《渔翁口诀》
170,20,烹饪方法,261,262,煎
170,21,烹饪方法,273,274,蒸
170,22,食材,310,314,鲚鱼
170,23,食味,316,317,甘
170,24,食味,318,319,辛
170,25,禁忌,320,325,食之不益人
170,26,病症,326,330,助火动痰
170,27,病症,331,334,发疮疥
171,1,食材,15,17,羊肉
171,2,食味,21,22,甘
171,3,食性,23,25,大热
171,4,功效,27,29,无毒
171,5,病症,32,36,五劳七伤
171,6,病症,37,41,脏气虚寒
171,7,病症,42,46,腰膝羸弱
171,8,功效,47,50,壮筋骨
171,9,功效,51,54,厚肠胃
171,10,食材,55,56,头
171,11,食性,59,61,微凉
171,12,病症,63,67,骨蒸脑热
171,13,病症,69,73,头眩目昏
171,14,病症,74,78,小儿惊痫
171,15,食材,79,80,乳
171,16,食味,84,85,甘
171,17,食性,87,88,温
171,18,功效,89,92,润心肺
171,19,功效,93,96,补虚劳
171,20,功效,97,100,止消渴
171,21,食材,101,102,肝
171,22,食味,106,107,甘
171,23,食性,108,109,凉
171,24,功效,110,116,治目中诸疾
171,25,食材,117,118,肾
171,26,功效,121,124,补肾气
171,27,功效,125,128,益精髓
171,28,食材,223,226,绿豆粉
171,29,食味,230,231,甘
171,30,食性,232,233,凉
171,31,食性,234,235,平
171,32,功效,240,243,解诸热
171,33,禁忌,254,264,脾胃虚弱人`痛者忌之
171,34,食材,271,273,冬瓜
171,35,食味,277,278,甘
171,36,食性,279,281,微寒
171,37,功效,294,298,下热毒
171,38,功效,299,302,解消渴
171,39,功效,303,306,差五淋
171,40,功效,307,312,消小腹水胀
171,41,功效,313,316,利小便
171,42,功效,317,321,压丹石毒
171,43,禁忌,323,332,久病与阴虚人忌食之
171,44,食材,335,336,梨
171,45,食味,338,339,甘
171,46,食味,340,341,酸
171,47,食性,342,343,平
171,48,功效,358,362,解热止渴
171,49,功效,363,367,利大小肠
171,50,病症,369,373,火嗽热喘
171,51,禁忌,374,380,多食发金疮
171,52,禁忌,381,384,成冷痢
171,53,禁忌,385,392,产妇乳母忌食之
171,54,食材,406,408,木耳
171,55,食性,413,414,衿
171,56,功效,418,424,治肠癖下血
171,57,功效,426,428,凉血
171,58,禁忌,429,434,勿与小儿食
171,59,食材,442,445,鹿角莱
171,60,食性,448,451,大寒
171,61,功效,455,460,散风热邪气
171,62,病症,462,468,小儿骨蒸劳热
171,63,禁忌,474,481,大人不可久食
171,64,禁忌,482,487,有损少颜色
171,65,食材,488,490,樱桃
171,66,食味,494,495,甘
171,67,食性,496,497,温
171,68,食性,499,500,热
171,69,功效,501,505,调中气
171,70,功效,506,509,益脾气
171,71,功效,510,515,令人美颜色
171,72,禁忌,543,548,小儿尤忌之
171,73,食材,563,565,鳖肉
171,74,食味,569,570,甘
171,75,食性,571,572,平
171,76,功效,577,580,补劳伤
171,77,功效,581,584,壮阳气
171,78,功效,585,590,峻补阴不足
171,79,禁忌,591,594,恶矾石
171,80,食材,595,597,青鱼
171,81,食味,601,602,甘
172,1,食材,9,10,酱
172,2,食味,12,13,咸
172,3,食味,14,15,甘
172,4,食性,16,17,平
172,5,功效,21,26,除热止烦满
172,6,食材,64,65,醋
172,7,食味,67,68,酸
172,8,食性,69,70,温
172,9,食性,71,72,平
172,10,功效,76,79,消肿毒
172,11,功效,80,83,散水气
172,12,功效,84,87,杀邪毒
172,13,功效,88,92,消癖块
172,14,功效,93,96,破血迷
172,15,古籍来源,101,106,《救急方》
172,16,病症,110,118,产后血虚眩运不醒
172,17,食材,158,159,酒
172,18,食味,161,162,苦
172,19,食味,163,164,甘
172,20,食味,165,166,辛
172,21,食性,167,168,温
172,22,食性,169,171,大热
172,23,功效,186,189,杀百邪
172,24,功效,190,193,敌寒气
172,25,功效,194,197,驱恶毒
172,26,功效,198,201,通血脉
172,27,功效,202,205,厚肠胃
172,28,医家,206,209,孙真人
172,29,医家,231,234,朱丹溪
172,30,病症,264,268,恶寒战栗
172,31,病症,323,325,呕吐
172,32,病症,327,329,疼痒
173,1,食材,7,9,芋梗
173,2,食材,50,54,山药
173,3,食味,56,57,甘
173,4,食性,58,59,温
173,5,食性,60,61,平
173,6,功效,65,70,补诸虚百损
173,7,病症,71,75,面上游风
173,8,病症,76,81,腰间衿气
173,9,功效,84,89,强阴益精气
173,10,食材,198,200,生姜
173,11,食性,99,101,纯阳
173,12,食味,103,104,辛
173,13,食性,105,106,温
173,14,食性,116,117,凉
173,15,食性,124,125,热
173,16,病症,127,129,伤寒
173,17,病症,130,134,伤风头疼
173,18,病症,135,139,九窍不利
173,19,归经,141,143,入肺
173,20,归经,143,145,开胃
173,21,功效,146,149,止呕吐
173,22,病症,152,156,咳嗽喘急
173,23,功效,157,162,去腹中寒气
173,24,功效,163,166,解臭秽
173,25,功效,167,170,散风寒
173,26,功效,171,174,通神明
173,27,医家,176,177,王
173,28,古籍来源,178,183,《经验方》
173,29,病症,187,196,霍乱吐泻转筋欲死者
173,30,食材,236,238,生姜
173,31,烹饪方法,202,205,捣碎
173,32,食材,206,208,清酒
173,33,烹饪方法,208,209,煎
173,34,古籍来源,218,223,《活人书》
173,35,病症,227,234,一切咳呃欲死者
173,36,食材,91,95,生姜
173,37,食材,241,243,半夏
173,38,烹饪方法,251,252,煎
173,39,食材,263,267,胡椒
173,40,食味,269,270,辛
173,41,食性,271,272,热
173,42,功效,276,280,温中下气
173,43,病症,282,286,心腹冷积
173,44,医家,297,299,丹溪
173,45,功效,306,308,快膈
173,46,脏腑,318,320,心肺
173,47,脏腑,322,325,肠胃
173,48,禁忌,326,333,日久而成大祸也
174,1,食材,26,28,鳖甲
174,2,食材,67,71,胡黄连
174,3,食材,77,79,青蒿
174,4,食材,170,174,螃蟹
174,5,食材,192,195,紫苏汁
174,6,食材,201,204,冬瓜汁
174,7,食材,372,374,红柿
174,8,食味,176,177,甘
174,9,食味,178,179,寒
174,10,食味,180,182,微咸
174,11,功效,128,134,大补阴之不足
174,12,功效,207,214,治胸中邪热结聚
174,13,功效,215,219,火气炽郁
174,14,功效,220,225,口喁面偏
174,15,功效,226,230,通气散血
174,16,功效,231,235,养筋益气
174,17,功效,296,298,破血
174,18,功效,299,303,伤胞堕胎
174,19,病症,20,24,妇人难产
174,20,病症,51,57,男女骨热劳瘦
174,21,病症,321,323,漆疮
174,22,病症,347,354,疥疮湿癣久不愈
174,23,病症,380,382,痼疾
174,24,病症,383,385,冷疾
174,25,烹饪方法,28,29,烧
174,26,烹饪方法,63,64,炙
174,27,烹饪方法,79,80,煎
174,28,烹饪方法,200,201,捣
174,29,烹饪方法,355,356,杵
174,30,禁忌,105,109,肉不可食
174,31,禁忌,109,114,甲不可用
174,32,禁忌,157,166,"有三四斤者,不可食"
174,33,禁忌,306,310,孕妇忌食
174,34,医家,43,46,孙真人
174,35,医家,275,277,雷公
174,36,古籍来源,10,16,《子母秘录》
174,37,古籍来源,87,91,《左传》
174,38,古籍来源,118,123,《日华子》
174,39,古籍来源,237,241,《图经》
174,40,古籍来源,312,317,《海上方》
174,41,古籍来源,338,343,《百一方》
174,42,古籍来源,361,365,《食忌》
175,1,古籍来源,0,5,《急救方》
175,2,病症,8,11,鱼骨鲠
175,3,食材,25,28,银条鱼
175,4,食味,29,30,甘
175,5,食性,31,32,平
175,6,功效,33,35,无毒
175,7,功效,36,40,宽中健胃
175,8,食材,42,44,生姜
175,9,烹饪方法,44,46,作羹
175,10,食材,49,52,少阳鱼
175,11,食味,54,55,甘
175,12,食味,56,57,咸
175,13,食性,58,59,寒
175,14,功效,60,62,无毒
175,15,病症,64,70,男子自浊膏淋
175,16,病症,73,77,玉茎涩痛
175,17,食材,78,81,河豚鱼
175,18,食味,85,86,甘
175,19,食性,87,88,肥
175,20,功效,89,91,有毒
175,21,禁忌,101,112,"食之不得法,亦杀人"
175,22,医家,116,119,孙真人
175,23,病症,124,128,中河豚毒
175,24,食材,130,132,芦根
175,25,烹饪方法,132,134,杵汁
175,26,食材,136,138,蓝锭
175,27,食材,142,145,陈粪青
175,28,食材,148,151,黑鲤鱼
175,29,功效,152,155,有小毒
175,30,禁忌,176,181,人不宜食之
175,31,古籍来源,193,198,《诸鱼论》
175,32,禁忌,201,231,"凡鱼头有自色如连珠至脊上者,腹中无胆者。头中无鳃者,并杀人"
175,33,禁忌,232,243,鱼汁不可合鸬鹚肉食之
175,34,食材,244,246,鲫鱼
175,35,禁忌,246,250,不可合猴
175,36,食材,251,253,雉肉
175,37,禁忌,256,266,鳅鳍不可和自犬血食之
175,38,食材,268,271,鲤鱼子
175,39,食材,280,282,鲫鱼
175,40,食材,285,288,青鱼鲱
175,41,禁忌,288,303,不可合生胡荽及生葵并麦酱食之
175,42,食材,304,305,虾
175,43,禁忌,305,318,无须及腹中通黑及煮之反自者
176,1,食材,13,14,酒
176,2,食味,25,26,甘
176,3,食性,27,28,温
176,4,功效,29,36,除湿调中利小便
176,5,禁忌,37,44,多饮亦能动痰火
176,6,食材,46,50,柑子
176,7,食味,56,57,甘
176,8,食味,58,59,酸
176,9,食性,60,61,平
176,10,古籍来源,96,100,《衍义》
176,11,食材,123,126,蜜陀柑
176,12,食材,128,130,木柑
176,13,食材,131,133,黄柑
176,14,食材,134,136,乳柑
176,15,食材,137,139,石柑
176,16,食材,140,142,沙柑
176,17,食材,143,145,青柑
176,18,食材,149,151,山柑
176,19,食材,159,162,山柑皮
176,20,病症,163,166,喉咽痛
176,21,食材,177,179,朱橘
176,22,食材,180,182,乳橘
176,23,食材,183,185,山橘
176,24,食材,186,188,金橘
176,25,食味,198,200,甘酸
176,26,功效,205,211,止渴润燥生津
176,27,禁忌,212,221,多则恋膈生痰滞肺气
176,28,禁忌,222,226,病者忌之
176,29,古籍来源,229,235,《吕氏春秋》
176,30,食材,333,335,橘皮
176,31,功效,277,283,治胸中疲热
176,32,功效,284,289,下气止吐逆
176,33,病症,290,292,呕吐
176,34,病症,293,295,霍乱
176,35,功效,296,299,消痰饮
176,36,功效,300,304,逐水化谷
176,37,功效,305,314,刻除膀胱停流热水
176,38,功效,315,319,顺气和中
176,39,功效,320,324,快膈通神
176,40,医家,326,329,刘禹锡
176,41,食味,345,346,辛
176,42,食味,346,347,苦
176,43,食味,347,348,甘
176,44,食性,348,349,平
176,45,功效,350,353,能散
176,46,功效,353,355,能泻
176,47,功效,356,358,能温
176,48,功效,358,360,能补
176,49,功效,361,364,能和益
176,50,功效,365,369,能消膈气
176,51,功效,370,373,化痰涎
176,52,功效,374,380,和脾止咳嗽
176,53,功效,381,384,通五淋
176,54,病症,385,391,中酒呕吐恶心
176,55,烹饪方法,392,394,煎饮
177,1,古籍来源,0,7,养性轩临证医案
177,2,古籍来源,8,16,医学集成〈傅滋)
177,3,古籍来源,17,24,养新堂医论读本
177,4,古籍来源,25,29,医学辩害
177,5,古籍来源,30,37,祝茹穹先生医印
177,6,古籍来源,38,42,医经允中
177,7,古籍来源,43,50,谦益斋外科医案
177,8,古籍来源,51,55,医钞类编
177,9,古籍来源,56,64,太医局诸科程文格
177,10,古籍来源,65,69,证治合参
177,11,古籍来源,70,78,古今医家经论汇编
177,12,古籍来源,79,83,宝命真诠
177,13,古籍来源,84,92,莲斋医意立斋案疏
177,14,古籍来源,93,103,活人心法 (刘以仁)
177,15,古籍来源,104,108,家藏蒙筌
177,16,古籍来源,113,118,心印绀珠经
177,17,古籍来源,119,124,医学读书志
177,18,古籍来源,125,130,雪潭居医约
177,19,古籍来源,131,137,医学读书附志
177,20,古籍来源,138,143,嵩匡尊生书
177,21,古籍来源,149,155,医书汇参辑成
177,22,古籍来源,156,160,元汇医镜
177,23,古籍来源,161,167,罗氏会约医镜
177,24,古籍来源,168,172,平法寓言
177,25,古籍来源,173,179,罗浩医书二种
177,26,古籍来源,180,184,寿芝医略
177,27,古籍来源,185,191,景岳全书发挥
177,28,古籍来源,192,196,杏苑生春
177,29,古籍来源,197,203,寿身小补家藏
177,30,古籍来源,204,208,医林正印
177,31,古籍来源,209,216,胡文焕医书三种
177,32,古籍来源,217,221,医法青篇
177,33,古籍来源,222,230,铁如意轩医书四种
177,34,古籍来源,231,235,医学五则
177,35,古籍来源,236,245,脉药联珠药性食物考
177,36,古籍来源,246,250,医学汇函
177,37,古籍来源,251,261,汉阳叶氏丛刻医集二种
177,38,古籍来源,262,272,医学集成 (刘仕廉)
178,1,食材,30,32,面筋
178,2,食材,63,65,甘草
178,3,食材,81,82,酒
178,4,食材,110,112,桔皮
178,5,食材,116,118,生姜
178,6,食材,149,151,熟油
178,7,食材,152,154,豆酱
178,8,食材,156,158,花椒
178,9,食材,159,161,胡椒
178,10,食材,163,166,杏仁末
178,11,食材,173,176,生姜丝
178,12,食材,177,180,桔皮丝
178,13,食材,471,473,蚶子
178,14,烹饪方法,16,17,蒸
178,15,烹饪方法,85,86,煮
178,16,烹饪方法,208,209,晒
178,17,烹饪方法,261,262,劈
178,18,烹饪方法,290,291,烹
178,19,烹饪方法,312,313,刺
178,20,烹饪方法,185,187,揉拌
178,21,烹饪方法,170,171,拌
178,22,烹饪方法,2,3,封
178,23,烹饪方法,3,4,盛
178,24,烹饪方法,36,37,蒸
178,25,烹饪方法,272,273,劈
178,26,食材,299,301,椒盐
179,1,食材,35,37,蛤蜊
179,2,食材,27,28,葱
179,3,食材,186,188,桔皮
179,4,食材,250,253,花椒
179,5,食材,65,66,酒
179,6,食材,329,330,乳
179,7,烹饪方法,4,5,批
179,8,烹饪方法,12,13,洗
179,9,烹饪方法,34,35,拌
179,10,烹饪方法,40,41,排
179,11,烹饪方法,72,73,浇
179,12,烹饪方法,54,55,澄
179,13,烹饪方法,66,68,调和
179,14,烹饪方法,11,12,留
179,15,烹饪方法,122,123,刮
179,16,烹饪方法,56,57,去
179,17,烹饪方法,60,61,入
179,18,烹饪方法,74,75,供
180,1,食材,98,101,熟螃蟹
180,2,食材,104,106,蟹肉
180,3,食材,64,66,花椒
180,4,食材,121,126,莫豆粉皮
180,5,食材,134,137,干荷叶
180,6,食材,154,156,鸡蛋
180,7,食材,157,160,野鸭蛋
180,8,食材,3,4,盐
180,9,食材,195,197,蟹油
180,10,食材,197,199,蟹黄
180,11,食材,269,271,生姜
180,12,食材,276,279,花椒末
180,13,食材,286,288,淀粉
180,14,食材,82,84,菠莱
180,15,食材,261,265,螃蟹壳
180,16,食材,350,354,细馅馒头
180,17,食材,361,364,黄草布
180,18,烹饪方法,20,21,蒸
180,19,烹饪方法,52,53,熬
180,20,烹饪方法,59,60,捣
180,21,烹饪方法,6,8,搅匀
180,22,烹饪方法,16,17,铺
180,23,烹饪方法,43,44,切
180,24,烹饪方法,288,290,勾芡
180,25,烹饪方法,364,366,包裹
180,26,食疗方,231,233,蟹鳖
180,27,食疗方,340,347,糖馒头
181,1,食材,239,240,米
181,2,食材,242,244,河水
181,3,食材,303,305,橘米
181,4,食材,391,394,糯米饭
181,5,食材,3,4,曲
181,6,食材,191,193,桑灰
181,7,食材,194,196,粟灰
181,8,食材,197,201,生粟炭灰
181,9,食材,159,160,酒
181,10,烹饪方法,174,175,煮
181,11,烹饪方法,4,6,捣碎
181,12,烹饪方法,394,396,拌和
181,13,烹饪方法,260,261,浸
181,14,烹饪方法,50,51,浇
181,15,烹饪方法,220,221,煅
181,16,烹饪方法,201,202,筛
181,17,烹饪方法,151,152,榨
181,18,烹饪方法,163,164,澄
181,19,烹饪方法,85,86,打
181,20,烹饪方法,117,118,盖
181,21,烹饪方法,58,59,覆
181,22,烹饪方法,42,43,实
181,23,烹饪方法,25,26,入
181,24,烹饪方法,10,11,分
181,25,烹饪方法,237,238,取
181,26,烹饪方法,272,273,捞
181,27,烹饪方法,291,292,留
181,28,烹饪方法,2,3,用
181,29,烹饪方法,11,12,作
181,30,烹饪方法,378,379,酿
181,31,烹饪方法,445,446,装
181,32,烹饪方法,463,464,舀
181,33,烹饪方法,511,512,试
181,34,烹饪方法,91,93,打扒
181,35,烹饪方法,172,174,入饼
181,36,烹饪方法,296,298,澄清
181,37,烹饪方法,165,167,去脚
181,38,烹饪方法,168,171,澄二次
181,39,烹饪方法,228,230,为末
181,40,烹饪方法,204,206,饮汤
181,41,烹饪方法,207,208,困
181,42,烹饪方法,29,33,搜拌合匀
181,43,烹饪方法,75,78,以手衬
181,44,烹饪方法,96,100,入扳饭
181,45,烹饪方法,102,110,以醅@少许解饭开
181,46,烹饪方法,111,115,倾入缸内
181,47,烹饪方法,123,125,再盖
181,48,烹饪方法,119,121,打匀
181,49,烹饪方法,126,131,约一月余熟
181,50,烹饪方法,132,139,每二石朋灰八团
181,51,烹饪方法,142,146,一半入醅
181,52,烹饪方法,177,183,清酒不要扳饭
181,53,烹饪方法,186,188,灰法
181,54,烹饪方法,213,218,又如炭团大
181,55,烹饪方法,224,227,三四次
181,56,烹饪方法,520,526,用曲捣碎和饭
181,57,烹饪方法,15,18,逐一分
181,58,烹饪方法,34,38,逐一入缸
181,59,烹饪方法,61,68,一-宿后肴缸面
181,60,烹饪方法,79,82,觉温热
182,1,食材,148,150,素食
182,2,古籍来源,177,187,《云林堂巢饮食制度》
182,3,医家,84,86,何胤
182,4,医家,134,137,苏东坡
182,5,医家,15,17,姚咨
183,1,食材,17,19,烧鹅
183,2,食材,268,272,蜜酿蝤蛑
183,3,食材,30,33,煮麸千
183,4,食材,37,40,雪簋菜
183,5,食材,43,47,青虾卷熘
183,6,医家,76,78,袁枚
183,7,古籍来源,181,187,《随园食单》
183,8,医家,129,132,陈继儒
183,9,医家,140,142,李渔
183,10,医家,194,196,倪瓒
183,11,食材,208,211,云林鹅
183,12,古籍来源,223,228,《养小录》
183,13,食材,287,291,芙蓉蟹斗
183,14,食材,297,301,雪花蟹斗
183,15,古籍来源,332,342,《云林堂饮食制度巢》
183,16,医家,523,526,王利器
184,1,食材,11,13,真粉
184,2,食材,15,16,蜜
184,3,食材,72,74,麝香
184,4,食材,6,7,藕
184,5,食材,135,137,茉莉
184,6,食材,143,146,细芽茶
184,7,食材,177,179,花蜜
184,8,烹饪方法,3,4,灌
184,9,烹饪方法,37,39,扎煮
184,10,烹饪方法,107,108,煮
184,11,烹饪方法,43,44,切
184,12,烹饪方法,47,48,啖
184,13,烹饪方法,190,191,晒
184,14,烹饪方法,192,194,翻覆
184,15,烹饪方法,207,208,蒸
184,16,烹饪方法,203,206,慢火
184,17,烹饪方法,227,228,开
184,18,烹饪方法,219,220,取
184,19,食材,35,37,油纸
184,20,食材,148,151,汤罐子
185,1,古籍来源,1,9,中国烹饪古籍丛刊
187,1,食材,6,8,鱼肉
187,2,食材,13,15,鱼头
187,3,食材,30,31,肉
187,4,食材,107,109,蔬素
187,5,古籍来源,127,137,《云林堂集饮食制度》
187,6,烹饪方法,8,9,熬
187,7,烹饪方法,139,141,烹饪
187,8,养生原则,52,61,"饮食,人之大欲存焉"
187,9,养生原则,276,281,"食色,性也"
187,10,养生原则,241,245,饮食男女
187,11,医家,76,78,何胤
187,12,医家,97,99,东坡
187,13,医家,312,314,姚咨
188,1,食材,48,50,黄梅
188,2,食材,114,116,乌梅
188,3,食材,78,80,甘草
188,4,食材,63,65,炒盐
188,5,食材,85,87,花椒
188,6,食材,88,90,茴香
188,7,食材,238,240,生姜
188,8,烹饪方法,51,52,蒸
188,9,烹饪方法,136,137,煎
188,10,烹饪方法,152,153,杵
188,11,烹饪方法,354,355,捣
188,12,烹饪方法,177,178,焙
188,13,烹饪方法,103,104,晒
188,14,烹饪方法,30,31,切
188,15,烹饪方法,96,97,拌
188,16,烹饪方法,171,172,合
188,17,食疗方,38,45,黄梅汤
188,18,食疗方,106,113,凤池汤
188,19,食材,235,237,梅子
188,20,食材,327,330,乌梅肉
189,1,食材,51,53,蛤蜊
189,2,食材,78,80,新韭
189,3,食材,81,83,胡葱
189,4,食材,84,86,莱心
189,5,食材,87,90,猪腰子
189,6,食材,91,95,笄茭白
189,7,食材,106,107,鸡
189,8,食材,205,207,鲥鱼
189,9,食材,9,11,花椒
189,10,食材,13,15,砂仁
189,11,食材,16,18,葱白
189,12,食材,19,20,盐
189,13,食材,21,22,醋
189,14,食材,28,31,绿豆粉
189,15,食材,32,34,面水
189,16,食材,157,158,酒
189,17,食材,3,5,人酱
189,18,烹饪方法,56,57,煮
189,19,烹饪方法,58,60,去壳
189,20,烹饪方法,119,120,剁
189,21,烹饪方法,140,141,炒
189,22,烹饪方法,194,195,蒸
189,23,烹饪方法,207,209,去肠
189,24,烹饪方法,216,217,拭
189,25,烹饪方法,168,169,烹
189,26,烹饪方法,45,46,滚
189,27,烹饪方法,132,133,烧
189,28,烹饪方法,149,151,盖定
189,29,烹饪方法,22,24,和匀
189,30,烹饪方法,34,35,调
189,31,烹饪方法,36,38,下锅
189,32,烹饪方法,46,48,盛起
189,33,烹饪方法,61,62,排
189,34,烹饪方法,74,77,冼供
189,35,烹饪方法,126,127,放
189,36,烹饪方法,340,342,烹之
189,37,烹饪方法,173,177,候干再烹
189,38,食材,71,74,燥子肉
190,1,食材,28,30,糯米
190,2,食材,21,23,薄荷
190,3,食材,67,69,粳米
190,4,食材,75,77,芡实
190,5,食材,81,83,人参
190,6,食材,86,88,白术
190,7,食材,89,91,茯苓
190,8,食材,104,107,白沙糖
190,9,食材,110,113,茴香
190,10,食材,150,152,赤豆
190,11,食材,41,43,豆沙
190,12,烹饪方法,49,50,蒸
190,13,烹饪方法,96,97,磨
190,14,烹饪方法,152,153,煮
190,15,烹饪方法,159,160,擦
190,16,烹饪方法,175,176,沥
190,17,烹饪方法,195,196,淘
190,18,烹饪方法,198,199,浸
190,19,烹饪方法,205,206,磨
190,20,烹饪方法,220,221,沥
190,21,食疗方,234,237,五香糕
190,22,食疗方,239,241,水团
190,23,食疗方,244,246,松糕
190,24,食疗方,249,252,生糖糕
191,1,食疗方,0,7,瑞香汤
191,2,食材,8,10,山药
191,3,食材,14,16,鸟梅
191,4,食材,19,21,甘草
191,5,食材,24,26,丁皮
191,6,食材,27,29,木香
191,7,烹饪方法,34,36,为末
191,8,食疗方,38,45,桂仙汤
191,9,食材,46,49,木樨花
191,10,食材,64,66,炒盐
191,11,烹饪方法,86,88,擂细
191,12,食材,89,92,甘草末
191,13,烹饪方法,96,98,滚汤
191,14,烹饪方法,101,102,泡
191,15,烹饪方法,73,74,和
191,16,烹饪方法,113,114,蒸
191,17,食材,119,121,炒盐
191,18,烹饪方法,105,106,和
191,19,烹饪方法,150,152,作末
191,20,烹饪方法,154,156,加汤
191,21,烹饪方法,156,159,作膏子
191,22,食疗方,160,163,香澄汤
191,23,食疗方,168,175,紫云汤
191,24,食材,176,178,甘草
191,25,食材,179,181,良姜
191,26,食材,182,184,桂皮
191,27,食材,188,190,砂仁
191,28,食材,191,193,千姜
191,29,食材,194,196,甘松
191,30,食材,201,203,檀香
191,31,烹饪方法,209,210,煎
191,32,烹饪方法,211,213,去渣
191,33,烹饪方法,133,134,和
191,34,烹饪方法,217,219,调和
191,35,食材,230,232,良姜
191,36,烹饪方法,234,236,切碎
191,37,烹饪方法,239,240,炒
191,38,食材,243,245,茴香
191,39,烹饪方法,248,250,炒黄
191,40,食材,251,253,甘草
191,41,食材,256,258,炒盐
192,1,食材,12,14,姜丝
192,2,食材,15,18,桔皮丝
192,3,食材,179,181,白芷
192,4,食材,53,55,菘莱
192,5,食材,110,112,芥子
192,6,烹饪方法,4,5,煎
192,7,烹饪方法,77,78,炒
192,8,烹饪方法,112,113,研
192,9,烹饪方法,138,139,泡
192,10,烹饪方法,164,165,滤
192,11,食味,85,87,淡醋
192,12,食味,156,158,淡醋
193,1,食材,5,7,甘松
193,2,食材,9,11,藿香
193,3,食材,12,14,檀香
193,4,食材,21,23,丁皮
193,5,食材,28,30,砂仁
193,6,食材,34,37,白豆蔻
193,7,食材,59,61,桔皮
193,8,食材,68,70,茯苓
193,9,食材,73,75,丁皮
193,10,食材,79,82,甘草末
193,11,食材,85,87,砂仁
193,12,食材,111,113,粉草
193,13,食材,251,253,甘草
193,14,烹饪方法,4,5,煮
193,15,烹饪方法,40,41,煎
193,16,烹饪方法,93,94,捣
193,17,烹饪方法,159,160,熬
194,1,食材,16,19,孩儿茶
194,2,食材,21,23,芽茶
194,3,食材,27,30,白豆蔻
194,4,食材,31,33,射香
194,5,食材,40,42,檀香
194,6,食材,45,47,片脑
194,7,食材,52,54,甘草
194,8,食材,78,80,硼砂
194,9,食材,84,87,寒水石
194,10,食材,96,98,磔砂
194,11,食材,198,200,朱砂
194,12,食材,238,240,丹砂
194,13,食味,150,151,辛
194,14,食味,151,152,咸
194,15,食味,91,92,甘
194,16,食性,154,155,寒
194,17,食性,247,249,微赛
194,18,功效,158,162,清热解纛
194,19,功效,162,164,化痪
194,20,功效,251,253,镇静
194,21,功效,254,256,安神
194,22,功效,262,264,解毒
194,23,功效,266,268,防腐
194,24,病症,170,173,日腔病
194,25,病症,174,177,嗾科
194,26,食疗方,8,15,透顶香
194,27,食疗方,60,67,硼砂丸
194,28,烹饪方法,56,57,丸
194,29,烹饪方法,130,134,搓成丸状
194,30,烹饪方法,102,104,为衣
194,31,禁忌,283,291,防止丸药霉腐娈质
195,1,食材,0,1,萸
195,2,食材,2,4,光鸟
195,3,食材,9,11,陈皮
195,4,食材,13,14,柏
195,5,食材,16,18,香附
195,6,食材,20,22,苍术
195,7,食材,25,27,千姜
195,8,食材,29,32,野菊花
195,9,食材,33,35,杏仁
195,10,食材,39,41,姜黄
195,11,食材,43,45,薄荷
195,12,食材,56,59,粳米粉
195,13,食材,62,64,羰蓼
195,14,食材,72,74,水姜
195,15,食材,81,84,潸石末
195,16,食材,102,104,荜拨
195,17,食材,106,108,丁香
195,18,食材,109,111,细辛
195,19,食材,112,114,三赖
195,20,食材,116,118,益智
195,21,食材,119,121,丁皮
195,22,食材,122,124,砂仁
195,23,食材,147,149,桑椹
195,24,食材,150,152,松枝
195,25,食材,160,162,桔皮
195,26,食材,163,165,沉香
195,27,食材,166,168,木香
195,28,食材,169,171,光鸟
195,29,食材,174,176,鸟头
195,30,食材,226,228,费怕
195,31,食材,275,277,香附
195,32,食材,321,323,苍术
195,33,食材,372,374,千姜
195,34,食材,425,427,姜黄
195,35,食材,466,468,辣塞
195,36,食材,516,518,荜拨
195,37,食材,607,609,三赖
195,38,食性,179,181,温热
195,39,食性,253,254,寒
195,40,食性,258,259,热
195,41,食味,251,252,苦
195,42,食味,582,583,辛
195,43,功效,260,262,清火
195,44,功效,263,265,解毒
195,45,功效,266,269,猜湿热
195,46,功效,305,310,有理气解郄
195,47,功效,311,313,调经
195,48,功效,314,316,止痛
195,49,功效,350,353,健锝
195,50,功效,354,356,化湿
195,51,功效,357,359,祛风
195,52,功效,360,362,发并
195,53,功效,363,367,治疗目疾
195,54,功效,416,424,有温里祛蹇的功效
195,55,功效,460,464,行气活血
195,56,功效,586,590,温中嗳胃
195,57,病症,188,191,风湿痛
195,58,病症,192,196,跌打伤痛
195,59,病症,593,597,胃寒腹痛
195,60,病症,599,603,呕吐泄泻
195,61,烹饪方法,77,79,舂汁
195,62,烹饪方法,80,81,和
195,63,烹饪方法,92,93,簋
195,64,烹饪方法,153,156,和炊饭
195,65,烹饪方法,210,212,炮制
195,66,烹饪方法,392,394,浸泡
195,67,烹饪方法,405,407,切片
195,68,烹饪方法,411,413,千制
195,69,禁忌,128,143,"凡酒内止可用砂仁,余药皆不可用"
195,70,禁忌,201,204,有落性
195,71,医家,469,472,巾药名
196,1,食材,73,76,白糯米
196,2,食材,59,61,细曲
196,3,食材,64,66,红曲
196,4,食材,67,69,发糟
196,5,食材,52,56,白糯米
196,6,食材,31,32,面
196,7,食材,86,87,糟
196,8,食材,88,90,温汤
196,9,食材,138,140,温汤
196,10,食材,36,37,面
196,11,烹饪方法,76,77,煮
196,12,烹饪方法,82,84,打碎
196,13,烹饪方法,87,88,和
196,14,烹饪方法,116,117,滤
196,15,烹饪方法,167,168,和
196,16,烹饪方法,192,193,擀
196,17,烹饪方法,198,199,包
196,18,烹饪方法,240,242,发酵
196,19,烹饪方法,253,257,滤粕取酵
196,20,烹饪方法,179,183,和酵成剂
196,21,烹饪方法,188,190,摒匀
196,22,禁忌,147,159,天寒水冻则一周时过半盖
197,1,食材,5,7,芝麻
197,2,食材,10,12,沙糖
197,3,食材,15,17,饧糖
197,4,食材,21,23,炒面
197,5,食材,29,32,薄荷末
197,6,食材,68,71,大黄豆
197,7,食材,91,94,干沙糖
197,8,食材,131,134,白沙糖
197,9,食材,165,167,白面
197,10,食材,170,173,胡桃仁
197,11,烹饪方法,63,64,炒
197,12,烹饪方法,46,47,熬
197,13,烹饪方法,71,72,淘
197,14,烹饪方法,83,84,磨
197,15,烹饪方法,98,99,筛
197,16,烹饪方法,94,95,拌
197,17,烹饪方法,28,29,和
197,18,烹饪方法,41,43,切片
197,19,烹饪方法,119,120,脱
197,20,烹饪方法,201,203,溶开
197,21,烹饪方法,35,37,搜摒
197,22,食材,104,106,香头
198,1,烹饪方法,287,288,蒸
198,2,烹饪方法,110,111,搜
198,3,烹饪方法,18,19,和
198,4,烹饪方法,3,4,烧
198,5,食材,87,88,酵
198,6,食材,104,105,碱
198,7,食材,40,41,水
198,8,食材,55,56,汤
198,9,食材,26,27,面
198,10,食材,178,179,饼
198,11,烹饪方法,136,138,点水
198,12,烹饪方法,132,134,滚汤
198,13,烹饪方法,163,165,沸汤
198,14,烹饪方法,157,159,冷水
198,15,烹饪方法,144,146,滚汤
198,16,烹饪方法,148,150,胆冷
198,17,烹饪方法,172,176,沸汤便搜
198,18,烹饪方法,195,197,包馅
198,19,烹饪方法,201,203,盖住
198,20,烹饪方法,15,17,生火
198,21,烹饪方法,232,234,和面
198,22,烹饪方法,47,49,发火
198,23,烹饪方法,187,189,烧火
198,24,烹饪方法,44,46,上笼
198,25,烹饪方法,50,52,猛烧
198,26,烹饪方法,60,63,笼顶盖
198,27,烹饪方法,65,70,一发火即定
198,28,烹饪方法,75,78,再发火
198,29,食材,93,95,搭酵
198,30,食材,98,102,小酵
198,31,食材,327,329,大酵
198,32,烹饪方法,119,121,搜面
198,33,烹饪方法,376,380,点水便搜
198,34,烹饪方法,356,358,滚汤
198,35,烹饪方法,391,393,胆冷
198,36,烹饪方法,385,387,冷水
198,37,烹饪方法,205,207,烧火
198,38,烹饪方法,222,224,生火
198,39,烹饪方法,261,263,和面
198,40,烹饪方法,272,274,发火
198,41,烹饪方法,314,315,蒸
198,42,烹饪方法,296,298,停火
198,43,烹饪方法,275,276,定
198,44,烹饪方法,331,333,搜面
198,45,烹饪方法,165,167,点水
198,46,烹饪方法,225,226,和
198,47,烹饪方法,435,436,饼
198,48,烹饪方法,447,449,发酵
199,1,古籍来源,151,157,《易牙遗意》
199,2,古籍来源,80,85,《中馈录》
199,3,古籍来源,88,94,《多能鄙事》
199,4,古籍来源,183,194,《四库全书总目提要》
199,5,古籍来源,375,383,《西湖游览志余》
199,6,古籍来源,489,495,《夷门广读》
199,7,医家,239,241,韩奕
199,8,医家,312,314,倪瓒
199,9,医家,315,317,袁枚
199,10,医家,272,275,黄省曾
199,11,医家,369,372,田妆成
199,12,医家,572,575,金家瑞
199,13,食材,389,391,桂浆
199,14,食材,410,413,桂仙汤
200,1,食材,60,62,盐豉
200,2,食材,71,73,醇酒
200,3,食材,182,183,酱
200,4,医家,209,212,周履靖
200,5,古籍来源,652,658,《夷门广读》
200,6,古籍来源,664,670,《梅颠选稿》
201,1,食材,28,30,大麦
201,2,食材,75,77,黄豆
201,3,食材,90,91,盐
201,4,烹饪方法,6,7,打
201,5,烹饪方法,30,32,磨粉
201,6,烹饪方法,77,78,投
201,7,烹饪方法,197,199,揉搓
201,8,禁忌,58,63,过则味减矣
201,9,禁忌,51,56,酱止宜周岁
201,10,古籍来源,188,189,按
202,1,食材,20,22,猪肉
202,2,食材,56,58,胰脂
202,3,食材,63,64,酱
202,4,食材,71,73,香椒
202,5,食材,74,76,砂仁
202,6,食材,105,107,葱白
202,7,食材,124,127,绿豆粉
202,8,食材,137,139,白面
202,9,食材,143,144,盐
202,10,烹饪方法,50,51,煮
202,11,烹饪方法,58,59,研
202,12,烹饪方法,62,63,和
202,13,烹饪方法,77,78,调
202,14,烹饪方法,38,39,切
202,15,烹饪方法,159,160,搜
202,16,烹饪方法,70,71,下
202,17,烹饪方法,67,68,入
202,18,烹饪方法,65,66,倾
202,19,烹饪方法,120,122,临锅
202,20,烹饪方法,376,378,勾芡
202,21,食疗方,161,165,燥子肉面
202,22,食疗方,132,136,馄饨
202,23,禁忌,256,259,不可多
202,24,禁忌,299,304,不可带青叶
203,1,食材,12,15,大蚕豆
203,2,食材,117,120,红辣椒
203,3,食材,152,154,甜酒
203,4,食材,177,180,大黄豆
203,5,烹饪方法,18,19,泡
203,6,烹饪方法,25,26,磨
203,7,烹饪方法,39,41,烫洗
203,8,烹饪方法,99,100,晒
203,9,烹饪方法,101,102,露
203,10,烹饪方法,182,183,煮
203,11,烹饪方法,20,21,捞
203,12,烹饪方法,332,334,发酵
203,13,食疗方,5,10,制辣豆瓣法
203,14,食疗方,171,175,制豆豉法
203,15,食材,311,313,豆豉
204,1,食材,10,12,火腿
204,2,食材,34,36,火麻
204,3,食材,43,45,黄土
204,4,食材,48,50,麻丝
204,5,食材,22,23,草
204,6,食材,122,124,麻油
204,7,食材,125,126,纸
204,8,食材,135,136,肉
204,9,食材,168,170,小肠
204,10,食材,353,355,肠衣
204,11,烹饪方法,404,406,曝晒
204,12,烹饪方法,416,418,晾干
204,13,烹饪方法,316,317,灌
204,14,烹饪方法,382,384,刺孔
204,15,烹饪方法,362,364,浸泡
204,16,烹饪方法,258,259,拌
204,17,烹饪方法,116,117,切
204,18,烹饪方法,53,54,糊
204,19,烹饪方法,82,83,抹
204,20,烹饪方法,77,78,补
204,21,烹饪方法,126,127,封
204,22,烹饪方法,27,29,包裹
204,23,烹饪方法,38,39,缠
205,1,食材,2,3,盐
205,2,食材,6,8,酱油
205,3,食材,10,11,酒
205,4,食材,13,15,白糖
205,5,食材,18,20,硝水
205,6,食材,25,27,花椒
205,7,食材,27,29,小茴
205,8,食材,36,38,大茴
205,9,食材,51,52,葱
205,10,食材,60,61,肉
205,11,食材,93,95,豚肩
205,12,食材,117,119,绍酒
205,13,食材,344,345,姜
205,14,食材,220,222,香料
205,15,烹饪方法,1,2,炒
205,16,烹饪方法,44,45,研
205,17,烹饪方法,56,58,切碎
205,18,烹饪方法,58,60,和拌
205,19,烹饪方法,68,69,装
205,20,烹饪方法,121,123,红烧
205,21,烹饪方法,149,150,熬
205,22,烹饪方法,138,140,捡去
205,23,烹饪方法,174,175,搅
205,24,烹饪方法,460,464,旋搅旋熬
205,25,烹饪方法,357,359,揉炒
205,26,烹饪方法,360,362,焙干
205,27,烹饪方法,368,370,滑锅
205,28,食材,115,116,油
205,29,食材,194,196,茴香
205,30,食材,239,243,八角茴香
205,31,食材,87,89,肉松
206,1,古籍来源,1,9,中国烹饪古籍丛刊
206,2,古籍来源,188,190,食经
206,3,古籍来源,191,195,食疔经方
206,4,古籍来源,196,200,饮食史录
206,5,古籍来源,201,205,饮食掌故
207,1,食材,16,19,栗炭灰
207,2,食材,41,43,石灰
207,3,食材,72,73,盐
207,4,食材,102,104,浓茶
207,5,食材,131,133,稻糠
207,6,食材,161,163,鸭蛋
207,7,食材,178,180,烧酒
207,8,食材,197,200,甜酒糟
207,9,食材,201,203,烧酒
207,10,食材,94,95,盐
207,11,烹饪方法,19,20,制
207,12,烹饪方法,133,134,滚
207,13,烹饪方法,27,28,制
207,14,烹饪方法,164,165,敲
207,15,烹饪方法,187,188,泡
207,16,烹饪方法,214,215,贮
207,17,烹饪方法,219,221,封固
207,18,烹饪方法,228,229,覆
207,19,烹饪方法,233,237,日晒夜露
207,20,食材,282,284,广灰
208,1,食材,13,15,霜蟹
208,2,食材,38,40,花椒
208,3,食材,41,43,细盐
208,4,食材,57,59,麻皮
208,5,食材,72,74,皂角
208,6,食材,80,81,酒
208,7,食材,85,87,酱油
208,8,食材,90,91,醋
208,9,食材,114,116,饴糖
208,10,食材,140,142,胶泥
208,11,烹饪方法,40,41,炒
208,12,烹饪方法,94,95,浸
208,13,烹饪方法,127,129,盛满
208,14,烹饪方法,143,145,紧闭
208,15,食疗方,4,8,制醉蟹法
209,1,食味,0,1,咸
209,2,食材,54,57,大南枣
209,3,食材,67,69,人参
209,4,烹饪方法,60,61,蒸
209,5,烹饪方法,85,86,捣
209,6,功效,97,100,补气
209,7,食材,115,118,大南枣
209,8,食材,122,124,柿饼
209,9,食材,127,129,芝麻
209,10,食材,140,143,糯米粉
209,11,烹饪方法,135,136,炒
209,12,烹饪方法,153,154,研
209,13,烹饪方法,81,82,蒸
209,14,烹饪方法,179,180,捣
209,15,食材,215,217,人参
209,16,食材,235,237,糯米
209,17,烹饪方法,146,147,炒
209,18,烹饪方法,250,251,研
209,19,食材,257,260,红枣肉
209,20,烹饪方法,168,169,蒸
209,21,烹饪方法,192,193,捣
209,22,烹饪方法,200,202,晒干
209,23,烹饪方法,298,302,滚水绅服
210,1,食材,37,39,鸡鸭
210,2,食材,138,140,鸡鸭
210,3,食材,182,184,鸡鸭
210,4,食材,52,54,甜酱
210,5,食材,70,72,好酒
210,6,食材,74,75,酱
210,7,食材,76,78,花椒
210,8,食材,173,175,猪油
210,9,食材,165,168,梅千莱
210,10,食材,308,310,鸡汤
210,11,食材,311,313,肉汤
210,12,烹饪方法,25,26,烧
210,13,烹饪方法,58,59,烹
210,14,烹饪方法,84,85,煮
210,15,烹饪方法,99,101,烧干
210,16,烹饪方法,109,111,翻转
210,17,烹饪方法,195,196,剥
210,18,烹饪方法,300,301,切
210,19,烹饪方法,262,263,晾
210,20,烹饪方法,154,156,取出
210,21,烹饪方法,162,163,装
210,22,烹饪方法,278,282,取出再晾
210,23,烹饪方法,313,314,埯
210,24,禁忌,112,116,勿使粘锅
211,1,食材,8,10,猪肉
211,2,食材,11,13,白水
211,3,食材,44,46,豆酱
211,4,食材,63,65,火腿
211,5,食材,114,116,香油
211,6,食材,123,125,甜酱
211,7,食材,126,128,白糖
211,8,食材,129,131,甜酒
211,9,食材,145,147,松子
211,10,食材,148,150,核桃
211,11,食材,151,153,瓜子
211,12,食材,180,182,面酱
211,13,食材,196,199,核桃仁
211,14,食材,208,211,花生仁
211,15,食材,225,228,松子仁
211,16,食材,231,234,瓜子仁
211,17,食材,237,239,桂皮
211,18,食材,243,245,砂仁
211,19,食材,263,266,猪板油
211,20,食材,271,274,鸡蛋黄
211,21,食材,275,278,绿豆粉
211,22,食材,282,285,酱油
211,23,食材,286,287,酒
211,24,烹饪方法,13,14,煮
211,25,烹饪方法,41,42,腌
211,26,烹饪方法,47,48,晒
211,27,烹饪方法,158,159,炒
211,28,烹饪方法,297,298,捏
211,29,烹饪方法,117,118,下
211,30,烹饪方法,110,111,滚
211,31,烹饪方法,135,136,炼
211,32,烹饪方法,28,29,取
211,33,烹饪方法,165,166,收
211,34,烹饪方法,35,36,切
211,35,烹饪方法,95,97,去皮
211,36,烹饪方法,204,206,打碎
211,37,烹饪方法,217,220,炒去膜
211,38,烹饪方法,287,289,调匀
211,39,烹饪方法,118,120,滚香
211,40,烹饪方法,107,108,烧
211,41,烹饪方法,299,302,下滚水
211,42,烹饪方法,91,93,煮之
211,43,烹饪方法,85,86,泡
211,44,烹饪方法,160,162,取起
211,45,烹饪方法,69,72,切碎丁
211,46,烹饪方法,266,269,切极细
211,47,烹饪方法,140,144,下火腿丁
211,48,烹饪方法,304,307,随下随
211,49,烹饪方法,292,296,取收掌心
211,50,食材,30,32,纯精
211,51,食材,319,322,蔚火腿
212,1,食材,3,5,香菰
212,2,食材,7,9,冬笄
212,3,食材,15,17,葱白
212,4,食材,29,31,油丸
212,5,食材,51,53,猪头
212,6,食材,136,138,大蒜
212,7,食材,185,187,柑花
212,8,食材,182,184,芥末
212,9,食材,188,190,蒜醋
212,10,食材,216,218,生葱
212,11,食材,228,230,甜酱
212,12,食材,323,326,猪后脚
212,13,食材,342,344,香蕈
212,14,食材,346,349,川原汤
212,15,食材,355,357,精肉
212,16,食材,366,368,甜酒
212,17,食材,369,371,潸酱
212,18,食材,372,375,大茴末
212,19,食材,376,378,白糖
212,20,烹饪方法,23,24,煮
212,21,烹饪方法,42,43,蒸
212,22,烹饪方法,390,391,炒
212,23,烹饪方法,138,139,捣
212,24,烹饪方法,10,11,切
212,25,烹饪方法,60,61,刷
212,26,烹饪方法,71,72,擦
212,27,烹饪方法,181,182,拌
212,28,烹饪方法,239,240,架
212,29,烹饪方法,269,271,覆盖
212,30,烹饪方法,220,221,塞
212,31,烹饪方法,360,362,扯碎
212,32,食疗方,311,321,做肉松法
215,1,食材,3,7,牛肉
215,2,食材,12,14,鹿肉
215,3,食材,30,31,盐
215,4,烹饪方法,124,125,晒
215,5,烹饪方法,75,76,压
215,6,烹饪方法,147,148,滚
215,7,食材,215,216,鸭
215,8,食材,251,252,鸡
215,9,烹饪方法,258,259,宰
215,10,烹饪方法,114,115,洗
215,11,烹饪方法,288,289,烘
215,12,食材,292,294,甜酱
215,13,烹饪方法,303,304,烹
215,14,烹饪方法,322,323,煮
215,15,食材,333,335,甜酒
215,16,食材,336,338,清酱
215,17,食材,339,340,椒
215,18,食材,401,403,八角
215,19,烹饪方法,352,353,墩
215,20,食材,358,360,椒末
215,21,食材,361,363,葱珠
216,1,食材,0,1,盐
216,2,食材,14,16,冰糖
216,3,食材,35,37,自糖
216,4,食材,90,92,甜姜
216,5,食材,96,97,醯
216,6,食材,106,107,梅
216,7,食材,102,103,杏
216,8,食材,135,137,盐梅
216,9,食材,248,250,蒜头
216,10,食材,241,242,蒜
216,11,食材,305,307,盐水
216,12,食材,308,309,醋
216,13,食材,381,383,糖醋
216,14,食材,371,373,蕉盐
216,15,食材,403,404,糖
216,16,食味,99,100,咸
216,17,食味,276,277,辛
216,18,食味,358,359,甜
216,19,烹饪方法,7,8,腌
216,20,烹饪方法,17,18,灌
216,21,烹饪方法,31,32,煎
216,22,烹饪方法,205,206,晒
216,23,烹饪方法,184,185,压
216,24,烹饪方法,269,270,泡
216,25,烹饪方法,301,302,捞
216,26,烹饪方法,344,345,封
216,27,禁忌,171,177,勿伤破其皮
217,1,食材,10,11,虾
217,2,食材,40,42,鸡蛋
217,3,食材,43,46,蓑豆粉
217,4,食材,47,50,香圆丝
217,5,食材,51,54,香菇丝
217,6,食材,55,58,瓜子仁
217,7,食材,59,61,豆油
217,8,食材,62,63,酒
217,9,食材,94,96,猪油
217,10,食材,98,99,蒜
217,11,食材,121,123,虾肉
217,12,食材,154,156,鱼肉
217,13,食材,157,159,香油
217,14,食材,202,204,梗灰
217,15,烹饪方法,82,83,煮
217,16,烹饪方法,99,100,炙
217,17,烹饪方法,64,66,调匀
217,18,烹饪方法,89,91,澄清
217,19,烹饪方法,130,132,取起
217,20,烹饪方法,263,265,烧热
217,21,烹饪方法,271,273,重热
217,22,禁忌,133,138,不可太熟
217,23,禁忌,238,244,勿令透风走气
217,24,禁忌,275,283,若少停。便娈味
218,1,古籍来源,35,55,《关:恢复古籍整理出版规划小组的通筏》
219,1,食材,3,7,芥末
219,2,食材,57,60,芥莱心
219,3,食材,142,144,白莱
219,4,食材,234,236,白粜
219,5,烹饪方法,0,1,搅
219,6,烹饪方法,43,44,煮
219,7,烹饪方法,74,75,煎
219,8,烹饪方法,148,149,烫
219,9,烹饪方法,66,67,切
219,10,烹饪方法,208,210,横切
219,11,烹饪方法,236,238,披开
219,12,烹饪方法,190,191,灌
219,13,烹饪方法,181,182,装
219,14,烹饪方法,91,92,泡
219,15,烹饪方法,15,17,调匀
219,16,烹饪方法,20,22,盖密
219,17,烹饪方法,23,24,置
219,18,烹饪方法,170,171,留
219,19,烹饪方法,164,166,收贮
219,20,烹饪方法,193,195,掩密
219,21,烹饪方法,93,95,取起
219,22,烹饪方法,84,86,捞起
219,23,烹饪方法,79,80,下
219,24,烹饪方法,77,78,放
219,25,烹饪方法,80,84,煮一二滚
219,26,烹饪方法,99,101,同煮
219,27,烹饪方法,12,13,滚
219,28,烹饪方法,179,180,烫
219,29,烹饪方法,128,129,做
219,30,烹饪方法,10,11,用
219,31,烹饪方法,202,203,吃
219,32,烹饪方法,39,41,开用
219,33,烹饪方法,96,97,候
219,34,烹饪方法,158,159,取
219,35,烹饪方法,238,241,切短断
219,36,烹饪方法,247,249,一烫
219,37,烹饪方法,220,227,以饭汤作酸亦可
219,38,烹饪方法,253,255,要取
219,39,烹饪方法,154,155,可
219,40,烹饪方法,293,295,58
220,1,食材,12,14,鸡蛋
220,2,食材,0,1,酱
220,3,食材,195,197,猪肉
220,4,食材,217,220,慕豆粉
220,5,食材,221,224,鸡蛋清
220,6,食材,225,227,豆油
220,7,食材,228,230,甜酒
220,8,食材,231,233,花椒
220,9,食材,234,237,八角末
220,10,食材,243,247,盐落花生
220,11,食材,252,254,葱珠
220,12,烹饪方法,36,37,煮
220,13,烹饪方法,163,164,煎
220,14,烹饪方法,295,296,蒸
220,15,烹饪方法,21,22,腌
220,16,烹饪方法,141,143,搅匀
220,17,烹饪方法,204,206,刀剡
220,18,烹饪方法,133,134,卷
220,19,烹饪方法,291,292,包
220,20,食疗方,64,74,白煮蛋法
221,1,食材,7,8,芝
221,2,食材,9,10,柄
221,3,食材,12,14,葱藻
221,4,食材,18,19,枣
221,5,食材,21,22,栗
221,6,食材,27,28,瓜
221,7,食材,92,93,梅
221,8,食材,412,414,盐梅
221,9,食材,97,98,鱼
221,10,食材,108,109,豚
221,11,食材,110,111,熊
221,12,食材,133,135,盘盂
221,13,古籍来源,79,82,《易》
221,14,古籍来源,87,90,《书》
221,15,古籍来源,100,103,《诗》
221,16,古籍来源,113,116,《传》
221,17,古籍来源,195,199,《礼记》
221,18,烹饪方法,49,50,脍
221,19,烹饪方法,96,97,烹
221,20,烹饪方法,454,455,煮
221,21,烹饪方法,26,27,削
221,22,烹饪方法,29,30,钻
221,23,烹饪方法,43,44,轩
221,24,医家,223,225,郑玄
221,25,医家,394,396,韦昭
221,26,食材,91,92,盐
221,27,食材,422,423,梅
222,1,食材,7,8,乳
222,2,食材,171,173,乳皮
222,3,食材,134,136,芝麻
222,4,食材,137,140,胡桃仁
222,5,食材,279,281,乳饼
222,6,食材,206,208,米醋
222,7,烹饪方法,4,6,烫洗
222,8,烹饪方法,13,14,挤
222,9,烹饪方法,45,46,取
222,10,烹饪方法,56,57,装
222,11,烹饪方法,65,67,烫滚
222,12,烹饪方法,70,71,扇
222,13,烹饪方法,81,83,取起
222,14,烹饪方法,110,112,煎化
222,15,烹饪方法,143,144,研
222,16,烹饪方法,148,150,筛过
222,17,烹饪方法,150,153,调匀
222,18,烹饪方法,224,225,捏
222,19,烹饪方法,230,232,成饼
222,20,烹饪方法,19,21,烫热
222,21,功效,177,183,补益之功更大
222,22,禁忌,269,273,不可丢弃
222,23,古籍来源,371,373,原书
223,1,食材,0,7,荔枝肉
223,2,食材,10,11,肉
223,3,食材,31,34,荚油
223,4,食材,70,71,酒
223,5,食材,74,76,清酱
223,6,食材,19,20,水
223,7,食材,89,96,八宝肉
223,8,食材,39,40,肉
223,9,食材,123,126,小谈莱
223,10,食材,129,131,鹰爪
223,11,食材,135,137,香蕈
223,12,食材,140,143,花海蜇
223,13,食材,148,151,胡桃肉
223,14,食材,156,158,笋片
223,15,食材,162,164,火腿
223,16,食材,167,169,麻油
223,17,食材,180,182,秋油
223,18,食材,183,184,酒
223,19,食材,196,198,海蜇
223,20,食材,234,237,夹心肉
223,21,食材,254,256,鸡蛋
223,22,食材,263,266,千淀粉
223,23,食材,287,293,糖醋蕃茄卤汁
223,24,食材,347,349,茶芽
223,25,食材,422,424,嫩茶
223,26,烹饪方法,20,21,煮
223,27,烹饪方法,42,43,炮
223,28,烹饪方法,184,185,煨
223,29,烹饪方法,276,277,炸
223,30,烹饪方法,295,297,拌炒
223,31,烹饪方法,11,12,切
223,32,烹饪方法,17,18,放
223,33,烹饪方法,25,27,撩起
223,34,烹饪方法,154,156,去皮
223,35,烹饪方法,239,241,去肥
223,36,烹饪方法,242,246,切成小块
223,37,烹饪方法,249,251,排松
223,38,烹饪方法,266,268,拌匀
223,39,古籍来源,337,341,负暄杂录
224,1,食材,366,367,鸡
224,2,食材,368,369,鱼
224,3,食材,370,371,鹅
224,4,食材,374,375,鸭
224,5,食材,399,401,甲鱼
224,6,烹饪方法,19,20,烹
224,7,烹饪方法,161,162,蒸
224,8,烹饪方法,152,153,烧
224,9,烹饪方法,14,16,现杀
224,10,烹饪方法,313,315,现烹
224,11,烹饪方法,21,23,现熟
224,12,烹饪方法,24,26,现吃
224,13,养生原则,354,358,不恤人功
224,14,养生原则,361,365,不懵物力
225,1,食材,1,3,白莱
225,2,食材,10,11,肉
225,3,食材,45,47,秋油
225,4,食材,48,49,酒
225,5,食材,57,59,木屑
225,6,食材,102,104,精肉
225,7,食材,110,112,清酱
225,8,食材,125,129,大虾肉
225,9,食材,133,135,猪油
225,10,食材,145,147,虾肉
225,11,食材,149,152,猪肉
225,12,食材,175,178,莱油
225,13,食材,182,184,肉片
225,14,食材,212,214,鸡汤
225,15,食材,229,231,蒸粉
225,16,食材,233,234,葱
225,17,食材,235,236,椒
225,18,食材,265,269,猪里脊肉
225,19,食材,274,278,熟火腿末
225,20,食材,288,290,板油
225,21,食材,325,327,虾仁
225,22,食材,350,352,绿豆
225,23,食材,345,346,粉
225,24,烹饪方法,38,39,煨
225,25,烹饪方法,35,36,熏
225,26,烹饪方法,106,107,切
225,27,烹饪方法,161,163,敲扁
225,28,烹饪方法,167,168,煮
225,29,烹饪方法,169,171,撩起
225,30,烹饪方法,174,175,熬
225,31,烹饪方法,195,197,灌熟
225,32,烹饪方法,218,220,熬滚
225,33,烹饪方法,237,238,糁
225,34,烹饪方法,292,294,濯熟
225,35,烹饪方法,355,357,沉淀
225,36,烹饪方法,358,360,沥干
225,37,食疗方,93,100,芙蓉肉
226,1,食材,26,28,燕窝
226,2,食材,16,18,鸡汁
226,3,食材,19,22,蘑菇汁
226,4,食材,170,172,海参
226,5,食材,101,104,小刺参
226,6,食材,115,117,肉汤
226,7,食材,125,126,鸡
226,8,食材,127,128,肉
226,9,食材,140,142,香蕈
226,10,食材,144,146,木耳
226,11,食材,187,189,芥末
226,12,食材,190,192,鸡汁
226,13,食材,194,197,海参丝
226,14,食材,209,211,笋丁
226,15,食材,212,215,香蕈丁
226,16,食材,216,218,鸡汤
226,17,食材,228,231,豆腐皮
226,18,食材,232,234,鸡腿
226,19,食材,235,237,蘑菇
226,20,食材,238,240,海参
226,21,食材,254,256,鱼翅
226,22,食材,276,278,海参
226,23,食材,301,302,鸡
226,24,食材,304,305,肉
226,25,食材,318,320,鲜汤
226,26,食材,321,323,虾子
226,27,食材,329,331,香鼙
226,28,食材,333,335,香菇
226,29,食材,336,338,冬菇
226,30,烹饪方法,95,96,煨
226,31,烹饪方法,107,108,泡
226,32,烹饪方法,117,119,滚泡
226,33,烹饪方法,130,132,红煨
226,34,烹饪方法,168,169,煨
226,35,烹饪方法,192,193,拌
226,36,烹饪方法,202,203,切
226,37,烹饪方法,218,219,煨
226,38,烹饪方法,237,238,煨
226,39,烹饪方法,260,261,煮
226,40,烹饪方法,280,281,煨
226,41,烹饪方法,311,312,煨
226,42,烹饪方法,323,325,红烧
227,1,食材,11,13,烧煮
227,2,食材,20,22,汤羹
228,1,食材,3,5,清酱
228,2,食材,6,8,酒娘
228,3,食材,19,21,鸡炀
228,4,食材,439,441,鲟鱼
228,5,食材,54,56,鲟鳇
228,6,食材,81,83,鳇鱼
228,7,食材,221,223,黄鱼
228,8,食材,122,124,瓜羡
228,9,食材,126,128,葱花
228,10,食材,157,159,明骨
228,11,食材,209,211,姜汁
228,12,食材,228,230,酱酒
228,13,食材,101,103,秋油
228,14,食材,203,206,葱椒韭
228,15,食材,168,170,鸡汤
228,16,烹饪方法,0,1,煎
228,17,烹饪方法,21,22,煮
228,18,烹饪方法,62,63,煨
228,19,烹饪方法,80,81,炒
228,20,烹饪方法,95,97,油炮
228,21,烹饪方法,103,104,滚
228,22,烹饪方法,243,245,爆炒
228,23,烹饪方法,92,94,切片
228,24,烹饪方法,223,226,切小块
228,25,烹饪方法,149,153,切小方块
228,26,烹饪方法,236,238,沥干
228,27,烹饪方法,2,3,加
228,28,烹饪方法,108,109,下
228,29,烹饪方法,113,115,起锅
228,30,烹饪方法,495,496,烩
228,31,烹饪方法,487,489,泡软
228,32,烹饪方法,479,481,制干
228,33,烹饪方法,473,475,鲜吃
228,34,医家,47,51,尹文端公
228,35,医家,253,256,尹继菁
229,1,食材,13,15,豆粉
229,2,食材,225,227,纤粉
229,3,食材,329,332,绿豆粉
229,4,食材,364,366,淀粉
229,5,食材,354,355,酒
229,6,食材,356,357,盐
229,7,食材,358,360,味精
229,8,食材,504,505,芥
229,9,食材,136,137,麸
229,10,烹饪方法,68,69,煎
229,11,烹饪方法,69,70,炒
229,12,烹饪方法,366,367,拌
229,13,烹饪方法,443,444,溜
229,14,古籍来源,125,130,《汉制考》
231,1,食材,13,15,甲鱼
231,2,食材,19,21,麻油
231,3,食材,26,28,秋油
231,4,食材,31,33,鸡汁
231,5,食材,48,49,酱
231,6,食材,78,80,葱椒
231,7,食材,123,125,脂油
231,8,食材,143,144,酒
231,9,食材,161,162,蒜
231,10,食材,166,167,葱
231,11,食材,168,169,姜
231,12,食材,170,171,糖
231,13,食材,225,228,大回香
231,14,食材,196,197,盐
231,15,食材,257,259,蒜头
231,16,食材,259,261,笋尖
231,17,烹饪方法,3,4,炒
231,18,烹饪方法,21,23,炮炒
231,19,烹饪方法,62,63,煮
231,20,烹饪方法,132,133,煎
231,21,烹饪方法,144,145,煨
231,22,烹饪方法,81,83,收汤
231,23,烹饪方法,89,91,起锅
231,24,烹饪方法,118,119,斩
231,25,烹饪方法,15,17,去骨
231,26,烹饪方法,71,72,炮
231,27,烹饪方法,211,213,炮透
231,28,烹饪方法,247,248,切
231,29,医家,40,43,魏太守
231,30,医家,284,287,唐静涵
231,31,食材,184,188,童子脚鱼
232,1,食材,6,8,淡莱
232,2,食材,32,34,海螅
232,3,食材,70,73,鸟鱼蛋
232,4,食材,121,123,贻贝
232,5,食材,171,173,海螺
232,6,食材,178,180,海蜒
232,7,食材,226,228,鸟鱼
232,8,食材,231,233,蠡鱼
232,9,烹饪方法,8,9,煨
232,10,烹饪方法,21,22,炒
232,11,烹饪方法,48,49,蒸
232,12,烹饪方法,84,85,滚
232,13,烹饪方法,159,160,炖
232,14,烹饪方法,100,102,煨烂
232,15,烹饪方法,155,157,浸泡
232,16,烹饪方法,150,151,洗
232,17,烹饪方法,243,244,剥
232,18,烹饪方法,270,272,制汤
232,19,烹饪方法,274,276,展食
232,20,食材,9,10,肉
232,21,食材,11,12,汤
232,22,食材,43,45,虾米
232,23,食材,49,50,蛋
232,24,食材,98,100,蘑菇
232,25,食材,95,97,鸡汤
232,26,食材,83,84,水
232,27,食材,20,21,酒
232,28,食材,90,91,臊
232,29,食材,251,253,黑翳
232,30,食材,18,19,心
232,31,食材,16,17,肉
232,32,食材,134,137,干制食
232,33,食材,153,155,温水
232,34,食材,37,39,小鱼
232,35,食材,205,208,海味品
232,36,食材,220,222,汤菜
232,37,食材,55,57,小莱
232,38,食材,106,108,司马
232,39,食材,287,289,官名
232,40,食材,292,294,军政
232,41,食材,305,309,兵部尚书
232,42,食材,318,321,府闹知
232,43,食材,310,313,别称
232,44,食材,314,316,明清
232,45,食材,300,302,后世
232,46,食材,282,284,司马
232,47,食材,103,106,龚云岩
232,48,食材,35,37,宁波
232,49,食材,183,185,福建
232,50,食材,186,188,浙江
232,51,食材,191,193,山东
232,52,食材,193,195,烟台
232,53,食材,196,198,石岛
232,54,食材,203,205,稀少
232,55,食材,211,213,鲜美
232,56,食材,214,216,越小
232,57,食材,13,14,鲜
232,58,食材,73,75,最鲜
232,59,食材,112,114,最精
232,60,食材,78,80,服事
232,61,食材,87,89,撤泌
232,62,食材,110,112,制之
232,63,食材,76,78,最难
232,64,食材,81,82,须
232,65,食材,93,95,再加
232,66,食材,323,325,司马
232,67,食材,116,118,谈莱
232,68,食材,124,125,肉
232,69,食材,126,128,煮熟
232,70,食材,129,131,晒干
232,71,食材,140,144,食用
232,72,食材,145,147,先用
232,73,食材,147,150,潸水
232,74,食材,161,162,或
232,75,食材,162,164,煨食
232,76,食材,164,165,和
232,77,食材,165,167,炖肉
232,78,食材,167,169,均佳
232,79,食材,176,178,俗称
232,80,食材,181,183,产于
232,81,食材,188,190,宁波
232,82,食材,198,200,等地
232,83,食材,202,203,属
232,84,食材,209,211,其味
232,85,食材,278,280,鲜美
232,86,食材,216,218,趱鲜
232,87,食材,222,224,最佳
232,88,食材,61,65,鸟鱼
232,89,食材,229,231,又名
232,90,食材,67,68,蛋
232,91,食材,239,242,食朋前
232,92,食材,242,243,需
232,93,食材,245,247,黑色
232,94,食材,248,249,一
232,95,食材,250,251,根
232,96,食材,255,256,易
232,97,食材,259,261,用水
232,98,食材,261,263,冼净
232,99,食材,264,266,去其
232,100,食材,266,268,臊味
232,101,食材,23,24,可
232,102,食材,272,274,也可
232,103,食材,290,292,掌筲
232,104,食材,294,297,劢罕赋
232,105,食材,297,299,的官
232,106,食材,302,304,用作
232,107,食材,304,305,对
232,108,食材,317,318,称
232,109,食材,321,322,为
232,110,食材,328,330,43
233,1,食材,15,17,萝卜
233,2,食材,25,27,山笄
233,3,食材,37,39,刀鱼
233,4,食材,40,42,鲚鱼
233,5,食材,127,128,肉
233,6,食材,144,145,鸡
233,7,食材,146,147,鱼
233,8,食材,189,192,白煮肉
233,9,食材,207,208,粥
233,10,食材,213,214,米
233,11,食材,469,470,鸭
233,12,食材,475,479,山珍海味
233,13,食材,494,496,笄蔬
233,14,烹饪方法,114,116,煎炒
233,15,烹饪方法,179,180,炒
233,16,烹饪方法,382,384,白煮
233,17,烹饪方法,405,406,煮
233,18,养生原则,54,66,万物都按四季的时序生长
234,1,食材,6,10,羊内
234,2,食材,14,16,猪肉
234,3,食材,21,23,核桃
234,4,食材,84,86,羊肉
234,5,食材,69,71,葱丝
234,6,烹饪方法,3,4,煨
234,7,烹饪方法,38,39,炒
234,8,烹饪方法,76,77,烧
234,9,烹饪方法,97,101,叉火上烧
234,10,烹饪方法,71,72,拌
234,11,食疗方,127,129,全羊
234,12,医家,111,114,宋仁宗
234,13,古籍来源,197,205,宋虫^仁宗本纪
235,1,食材,6,8,青鱼
235,2,食材,18,19,盐
235,3,食材,26,27,油
235,4,食材,38,40,芝麻
235,5,食材,73,75,鳐鱼
235,6,食材,102,103,酒
235,7,食材,104,106,秋油
235,8,食材,160,167,黄姑鱼
235,9,食材,171,173,小鱼
235,10,烹饪方法,28,29,煎
235,11,烹饪方法,37,38,炒
235,12,烹饪方法,40,41,滚
235,13,烹饪方法,195,196,蒸
235,14,烹饪方法,19,20,腌
235,15,烹饪方法,21,23,风干
235,16,烹饪方法,33,35,收卤
235,17,烹饪方法,119,121,收汤
235,18,烹饪方法,186,188,剥皮
235,19,烹饪方法,79,81,切块
235,20,烹饪方法,86,88,压扁
235,21,烹饪方法,179,181,晒千
235,22,烹饪方法,190,193,放饭锅
235,23,烹饪方法,42,44,起锅
235,24,烹饪方法,30,33,加作料
235,25,烹饪方法,112,114,滚之
235,26,烹饪方法,153,156,速起锅
235,27,食疗方,0,4,鱼脯
235,28,食疗方,62,66,家常煎鱼
236,1,食材,46,48,燕窝
236,2,食材,70,72,天泉
236,3,食材,88,91,嫩鸡汤
236,4,食材,92,96,好火腿汤
236,5,食材,97,100,新蘑菇
236,6,食材,149,151,肉丝
236,7,食材,152,154,鸡丝
236,8,食材,230,233,蘑菇丝
236,9,食材,234,237,笋尖丝
236,10,食材,238,242,鲫鱼肚
236,11,食材,243,247,野鸡嫩片
236,12,食材,261,263,冬瓜
236,13,烹饪方法,76,77,泡
236,14,烹饪方法,82,84,挑去
236,15,烹饪方法,74,75,滚
237,1,食材,41,43,面筋
237,2,食材,51,53,鸡汤
237,3,食材,53,55,蘑菇
237,4,食材,78,80,冬笄
237,5,食材,81,84,天花
237,6,食材,112,114,虾米
237,7,食材,118,120,甜酱
237,8,食材,140,142,茄子
237,9,食材,153,155,猪油
237,10,食材,168,171,甜酱水
237,11,食材,200,202,秋油
237,12,食材,230,232,麻油
237,13,食材,232,234,米醭
237,14,烹饪方法,46,48,炙枯
237,15,烹饪方法,56,57,煨
237,16,烹饪方法,74,75,炒
237,17,烹饪方法,66,67,泡
237,18,烹饪方法,142,144,削皮
237,19,烹饪方法,145,148,滚水泡
237,20,烹饪方法,62,63,炙
237,21,烹饪方法,171,173,干煨
237,22,烹饪方法,68,69,切
237,23,烹饪方法,193,196,入油灼
237,24,烹饪方法,202,204,炮炒
237,25,烹饪方法,224,225,蒸
237,26,烹饪方法,226,228,划开
237,27,烹饪方法,234,235,拌
237,28,烹饪方法,245,247,煨干
237,29,烹饪方法,248,250,作脯
237,30,烹饪方法,259,261,油氽
237,31,烹饪方法,101,103,毛撕
237,32,烹饪方法,291,293,刀切
237,33,食材,302,304,卤汁
238,1,食材,0,1,粉
238,2,食材,13,14,糖
238,3,食材,17,18,盐
238,4,食材,36,38,竹叶
238,5,食材,39,42,白糯米
238,6,食材,54,58,萝卜
238,7,食材,79,80,葱
238,8,食材,81,82,酱
238,9,食材,97,99,麻油
238,10,食材,128,130,韭菜
238,11,食材,132,134,野鸡
238,12,食材,152,154,水粉
238,13,食材,168,170,松仁
238,14,食材,172,175,核桃
238,15,食材,179,180,糖
238,16,食材,186,188,嫩肉
238,17,食材,195,197,葱末
238,18,食材,198,201,秋油
238,19,食材,214,216,糯米
238,20,烹饪方法,38,39,裹
238,21,烹饪方法,42,43,煮
238,22,烹饪方法,66,68,刨丝
238,23,烹饪方法,69,71,滚熟
238,24,烹饪方法,82,83,拌
238,25,烹饪方法,99,100,灼
238,26,烹饪方法,226,227,磨
238,27,烹饪方法,191,193,捶烂
238,28,烹饪方法,216,217,浸
238,29,烹饪方法,252,253,磨
238,30,烹饪方法,231,233,盛接
238,31,食疗方,27,34,竹叶粽
238,32,食材,237,238,灰
239,1,食材,39,42,鸡蛋清
239,2,食材,43,44,蜜
239,3,食材,45,47,酒娘
239,4,食材,93,95,鹿尾
239,5,食材,130,133,茶叶
239,6,烹饪方法,57,58,蒸
239,7,烹饪方法,135,136,蒸
239,8,医家,86,90,尹文端公
240,1,古籍来源,0,4,随园食单
240,2,古籍来源,249,251,诗经
240,3,古籍来源,53,54,易
240,4,古籍来源,62,63,书
240,5,古籍来源,70,72,乡党
240,6,古籍来源,74,76,内则
240,7,古籍来源,123,125,中庸
240,8,古籍来源,145,147,典论
240,9,古籍来源,479,481,仪礼
240,10,古籍来源,484,486,礼记
240,11,食材,65,66,盐
240,12,食材,66,67,梅
240,13,食材,491,492,鱼
240,14,食材,175,176,肺
240,15,烹饪方法,58,59,亨
240,16,烹饪方法,429,430,煮
240,17,烹饪方法,428,429,烧
240,18,养生原则,129,143,人莫不饮食也。鲜能知味也。
240,19,医家,9,11,周公
240,20,医家,24,26,凡伯
240,21,医家,83,85,孟子
240,22,医家,313,315,袁枚
241,1,食材,5,7,台鲞
241,2,食材,3,4,鲞
241,3,食材,47,49,鲜肉
241,4,食材,58,59,鲞
241,5,食材,73,75,鲞冻
241,6,食材,84,88,糟鲞
241,7,食材,92,95,大鲤鱼
241,8,食材,102,104,酒糟
241,9,食材,156,158,勒鲞
241,10,食材,197,199,虾子
241,11,食材,205,207,白糖
241,12,食材,143,144,勒
241,13,食材,230,232,鳓鱼
241,14,食材,240,242,绘鱼
241,15,食材,243,246,白鳞鱼
241,16,食材,62,63,鲞
241,17,烹饪方法,42,44,煮食
241,18,烹饪方法,50,51,煨
241,19,烹饪方法,69,70,冻
241,20,烹饪方法,95,96,腌
241,21,烹饪方法,125,126,泡
241,22,烹饪方法,173,175,晒干
241,23,烹饪方法,178,180,油煎
241,24,烹饪方法,207,208,蒸
241,25,禁忌,127,135,用烧酒者不无辣味
242,1,古籍来源,58,61,《诗》
242,2,食材,130,133,香稻
242,3,食材,135,137,冬霜
242,4,食材,139,141,晚米
242,5,食材,143,146,观音籼
242,6,食材,148,151,桃花籼
242,7,烹饪方法,96,97,煮
242,8,烹饪方法,68,69,蒸
242,9,烹饪方法,179,180,淘
242,10,烹饪方法,181,182,澍
242,11,烹饪方法,192,194,揉擦
242,12,烹饪方法,200,201,淋
242,13,烹饪方法,225,226,闷
242,14,烹饪方法,234,236,放水
242,15,烹饪方法,80,81,吃
242,16,养生原则,18,23,本立而道生
242,17,养生原则,256,266,"讲莱不讲饭,逐未忘本"
242,18,养生原则,280,288,恶失饭之本味故也
242,19,禁忌,168,174,不使惹霹发疹
242,20,禁忌,273,279,不喜汤挠饭
243,1,食材,11,14,落花生
243,2,烹饪方法,0,1,煮
243,3,食材,3,10,落花生
243,4,烹饪方法,17,18,煮
243,5,食材,40,41,糖
243,6,食材,51,53,莲子
243,7,食材,73,75,大枣
243,8,烹饪方法,75,77,煮熟
243,9,食材,92,94,澄沙
243,10,食材,97,99,扁豆
243,11,食材,101,103,薏米
243,12,食材,107,110,核桃仁
243,13,食材,112,113,糖
243,14,烹饪方法,113,114,蒸
243,15,食材,133,135,山药
243,16,食材,162,164,莱蔬
243,17,食材,164,166,瓜兢
243,18,食材,170,172,豆腐
243,19,食材,173,176,豆腐皮
243,20,食材,177,179,面筋
243,21,食材,180,182,粉条
243,22,烹饪方法,187,190,香油炸
243,23,烹饪方法,197,198,闷
243,24,食材,231,234,罗汉莱
243,25,医家,219,222,鲜于枢
243,26,古籍来源,246,250,太乙诸寺
244,1,食材,128,130,莱菔
244,2,食材,131,135,胡莱菔
244,3,食材,136,138,生姜
244,4,食材,139,141,玉瓜
244,5,食材,143,145,豇豆
244,6,食材,146,148,刀豆
244,7,食材,149,151,茄子
244,8,食材,152,154,辣椒
244,9,食材,179,181,豆腐
244,10,食材,97,99,花椒
244,11,食材,100,102,八角
244,12,食材,103,105,莳萝
244,13,食材,105,107,草果
244,14,食材,109,110,盐
244,15,食材,257,259,陈酒
244,16,食材,263,265,香油
244,17,食材,298,300,皂矾
244,18,烹饪方法,4,5,浸
244,19,烹饪方法,25,27,揉搓
244,20,烹饪方法,64,65,瀹
244,21,烹饪方法,110,112,烧滚
244,22,烹饪方法,199,200,蒸
244,23,烹饪方法,181,182,晾
244,24,烹饪方法,6,7,切
244,25,烹饪方法,245,246,撒
244,26,烹饪方法,252,253,铺
244,27,烹饪方法,281,282,封
244,28,食疗方,79,86,醋浸莱
244,29,食疗方,171,178,豆腐乳
244,30,食材,306,308,壬瓜
244,31,食材,314,316,上瓜
245,1,食材,18,20,冬笄
245,2,食材,21,23,蘑燕
245,3,食材,45,47,蚕豆
245,4,食材,67,70,蚕豆芽
245,5,食材,71,74,黄豆芽
245,6,食材,75,77,黄豆
245,7,食材,87,89,萝卜
245,8,食材,90,92,胡萝
245,9,食材,166,167,酒
245,10,食材,203,205,料酒
245,11,烹饪方法,52,53,煮
245,12,烹饪方法,96,98,作汤
245,13,烹饪方法,196,198,烹调
245,14,养生原则,168,170,吃素
245,15,禁忌,176,178,戒律
245,16,禁忌,184,190,迷乱人的性情
245,17,医家,303,305,孟子
246,1,食材,79,81,大豆
246,2,食材,128,130,麦面
246,3,食材,170,171,盐
246,4,食材,10,11,水
246,5,食材,238,240,茴香
246,6,食材,241,244,花椒末
246,7,烹饪方法,21,22,煮
246,8,烹饪方法,130,132,拌匀
246,9,烹饪方法,163,164,晒
246,10,烹饪方法,173,174,浸
246,11,烹饪方法,114,116,取起
246,12,烹饪方法,225,226,收
246,13,古籍来源,262,269,《荆楚岁时记》
248,1,食材,4,6,鹑羹
248,2,食材,68,70,荤腥
248,3,食材,95,97,肉食
248,4,食材,104,106,素食
248,5,食材,124,126,瓠瓜
248,6,食材,132,134,蒸鸭
248,7,食材,147,148,腐
248,8,食材,153,155,羊肉
248,9,食材,189,195,肥腻的食品
248,10,食材,196,200,大块的肉
248,11,食材,213,217,水陆生灵
248,12,食材,235,240,肥美的肉食
248,13,食材,247,252,清谈的素食
248,14,食材,311,313,蓁菜
248,15,食材,319,321,儆莱
248,16,食材,342,344,禁脔
248,17,食材,347,350,五侯鲭
248,18,食材,384,386,蔬莱
248,19,食材,389,391,素席
248,20,食材,407,409,肉类
248,21,食材,411,415,美馔佳肴
248,22,食材,420,422,素食
248,23,食材,517,519,萝卜
248,24,食材,520,522,芥菜
248,25,食材,546,548,莱苗
248,26,食材,603,606,野鸭羹
248,27,食材,607,609,熊掌
248,28,食材,634,636,白菜
248,29,食材,636,638,苋粜
248,30,食材,507,509,蔬莱
248,31,食材,676,678,禽鱼
248,32,食材,488,490,素食
248,33,烹饪方法,126,127,蒸
248,34,烹饪方法,187,189,烹煮
248,35,烹饪方法,314,316,烹调
248,36,烹饪方法,459,464,烹调的技艺
248,37,功效,559,561,充饥
248,38,功效,667,671,保养身体
248,39,功效,567,573,使齿牙芬芳
248,40,功效,579,586,使肠胃为之一清
248,41,功效,706,709,增加入
248,42,养生原则,17,23,生命重在养活
248,43,养生原则,25,32,杀生应当禁止
248,44,古籍来源,471,478,韦巨源《食谱》
248,45,医家,117,119,陆游
248,46,医家,138,140,时戢
248,47,医家,527,529,何曾
248,48,医家,557,559,薛包
248,49,医家,503,506,杨万里
249,1,食材,11,14,鲜蚕豆
249,2,食材,74,76,蚕豆
249,3,食材,45,52,干蚕豆
249,4,食材,90,92,蚕豆
249,5,食材,97,99,白糖
249,6,食材,133,136,白扁豆
249,7,食材,125,131,白扁豆
249,8,食材,157,159,白糖
249,9,食材,177,180,洋薏米
249,10,食材,170,176,洋薏米
249,11,食材,185,187,薏米
249,12,烹饪方法,0,1,炒
249,13,烹饪方法,27,28,炒
249,14,烹饪方法,42,43,炒
249,15,烹饪方法,68,69,炒
249,16,烹饪方法,101,102,炒
249,17,烹饪方法,110,111,炒
249,18,烹饪方法,152,153,炒
249,19,烹饪方法,86,87,煮
249,20,烹饪方法,143,145,煮熟
249,21,烹饪方法,146,148,研碎
249,22,烹饪方法,161,162,收
249,23,烹饪方法,53,55,浸软
249,24,烹饪方法,56,58,去皮
249,25,烹饪方法,137,139,浸软
249,26,烹饪方法,140,142,去皮
249,27,烹饪方法,93,95,压碎
249,28,烹饪方法,114,116,拌匀
249,29,烹饪方法,121,123,冷食
250,1,食材,8,10,莱菔
250,2,食材,16,19,水莱菔
250,3,烹饪方法,0,1,烧
250,4,烹饪方法,10,11,切
250,5,烹饪方法,23,26,香油炸
250,6,烹饪方法,33,34,炙
250,7,烹饪方法,36,38,搭谴
250,8,烹饪方法,38,40,起锅
250,9,食材,49,59,钮子莱菔
250,10,食材,61,63,莱菔
250,11,食材,100,102,莱花
250,12,烹饪方法,130,131,炒
250,13,烹饪方法,133,134,烀
250,14,烹饪方法,137,140,搭谴炒
250,15,食材,155,162,莱菔圆
250,16,食材,166,169,扁莱菔
250,17,食材,173,178,天红弹莱菔
250,18,食材,182,184,莱菔
250,19,烹饪方法,189,191,切片
250,20,烹饪方法,192,194,煮烂
250,21,烹饪方法,196,198,揉碎
250,22,食材,201,202,姜
250,23,食材,202,203,盐
250,24,食材,204,206,豆粉
250,25,烹饪方法,206,209,为丸
250,26,食材,212,214,觅粉
250,27,烹饪方法,210,211,糁
250,28,烹饪方法,220,221,炸
250,29,烹饪方法,223,227,搭谴起锅
251,1,食材,6,8,豆腐
251,2,食材,14,16,高汤
251,3,食材,17,19,料酒
251,4,食材,20,22,酱油
251,5,食材,101,103,蘑菇
251,6,食材,114,116,腐皮
251,7,食材,88,90,腐竹
251,8,食材,117,119,笄尖
251,9,食材,120,122,笄片
251,10,食材,154,156,笄丁
251,11,食材,157,161,小芥莱丁
251,12,食材,170,171,盐
251,13,食材,196,199,豆腐丝
251,14,食材,203,205,千张
251,15,食材,219,221,笄丝
251,16,食材,229,230,醋
251,17,食材,245,255,泡儿豆腐
251,18,食材,256,259,冷豆腐
251,19,食材,175,176,油
251,20,烹饪方法,22,23,煨
251,21,烹饪方法,165,166,炒
251,22,烹饪方法,265,266,蒸
251,23,烹饪方法,275,276,炸
251,24,烹饪方法,230,231,拌
251,25,烹饪方法,94,95,浸
251,26,烹饪方法,97,98,切
251,27,烹饪方法,142,143,磨
251,28,烹饪方法,145,146,点
251,29,烹饪方法,268,270,晾凉
251,30,烹饪方法,281,283,发开
252,1,食材,2,4,肥脓
252,2,食材,9,11,蔬飧
252,3,食材,25,27,露苗
252,4,食材,27,29,雨甲
252,5,食材,182,184,莼莱
252,6,食材,185,187,雍莱
252,7,食材,190,192,罗勒
252,8,食材,239,240,桃
252,9,食材,241,242,梨
252,10,食材,243,244,桔
252,11,食材,245,246,柑
252,12,食材,247,249,蒲桃
252,13,食材,252,254,苹果
252,14,烹饪方法,270,272,油炸
252,15,烹饪方法,275,276,糖
252,16,古籍来源,415,424,《晋书`孝武带纪》
253,1,食材,249,252,树花莱
253,2,食材,265,268,葛仙米
253,3,食材,285,287,竹松
253,4,食味,38,39,辛
253,5,烹饪方法,65,69,滚水浸软
253,6,烹饪方法,70,74,翦去粗裉
253,7,烹饪方法,93,98,以高汤煨之
253,8,烹饪方法,121,125,以水发开
253,9,烹饪方法,126,129,沥去水
253,10,烹饪方法,188,192,滚水淬过
253,11,烹饪方法,201,205,以汤煨之
253,12,食材,145,149,小豆腐丁
253,13,食材,218,221,嫩豆腐
253,14,食材,222,226,玉兰片
253,15,食材,355,356,芡
253,16,病症,321,324,高血压
253,17,病症,325,329,胆固醇高
253,18,病症,340,343,肥胖症
254,1,食材,61,63,蕨莱
254,2,食材,67,70,小儿拳
254,3,食材,113,117,笋衣
254,4,食材,167,172,豆麝腐皮
254,5,食材,173,176,玉兰片
254,6,食材,211,213,石花
254,7,食材,216,219,鹿角莱
254,8,食材,225,228,麒麟莱
254,9,食材,275,278,石花糕
254,10,烹饪方法,95,96,煨
254,11,烹饪方法,233,234,煮
254,12,烹饪方法,124,125,淬
254,13,烹饪方法,138,139,切
254,14,古籍来源,39,45,《随园食单》
255,1,食材,30,31,栗
255,2,食材,24,25,蜜
255,3,食材,68,72,银杏
255,4,食材,75,77,白果
255,5,食材,124,126,山药
255,6,食材,126,128,票子
255,7,食材,186,189,落花生
255,8,食材,196,198,盐水
255,9,烹饪方法,1,2,炙
255,10,烹饪方法,34,35,煮
255,11,烹饪方法,129,130,煨
255,12,烹饪方法,27,28,炙
255,13,烹饪方法,83,84,煮
255,14,烹饪方法,198,199,煨
255,15,食味,55,56,甘
255,16,食味,102,103,咸
255,17,食味,151,152,甘
255,18,食味,175,176,咸
255,19,食疗方,141,144,金玉羹
255,20,古籍来源,156,162,《山家清供》
256,1,食材,5,7,面条
256,2,食材,10,12,索饼
256,3,食材,15,17,汤饼
256,4,食材,61,62,碱
256,5,食材,120,121,盐
256,6,食材,124,126,清油
256,7,食材,115,116,水
256,8,食材,150,153,桢条面
256,9,食材,188,190,挂面
256,10,食材,227,229,面片
256,11,食材,231,233,面旗
256,12,食材,264,266,高汤
256,13,食材,377,379,玉米
256,14,食材,354,361,玉米粥
256,15,食材,399,402,生菠莱
256,16,食材,403,406,生自莱
256,17,烹饪方法,86,87,煮
256,18,烹饪方法,65,66,揉
256,19,烹饪方法,139,140,扯
256,20,烹饪方法,79,80,切
256,21,烹饪方法,260,261,炸
256,22,烹饪方法,267,268,煨
256,23,烹饪方法,388,389,碾
256,24,古籍来源,340,344,《玉篇》
256,25,医家,277,280,袁文诚
257,1,食材,69,71,山药
257,2,食材,28,30,冰糖
257,3,食材,41,43,白糖
257,4,食材,211,213,山芋
257,5,食材,170,173,马铃薯
257,6,食材,178,180,羊芊
257,7,食材,186,188,酱油
257,8,烹饪方法,11,13,去皮
257,9,烹饪方法,14,15,切
257,10,烹饪方法,20,22,油灼
257,11,烹饪方法,43,44,炒
257,12,烹饪方法,73,75,煮熟
257,13,烹饪方法,76,78,捣碎
257,14,烹饪方法,91,92,蒸
257,15,烹饪方法,215,217,蒸熟
257,16,烹饪方法,222,223,捣
257,17,烹饪方法,188,189,烹
257,18,烹饪方法,194,196,煨熟
257,19,食材,85,87,澄沙
257,20,食材,122,123,鹳
257,21,食材,127,128,醢
257,22,食材,268,270,芊艿
257,23,食材,271,273,芊头
259,1,食材,445,447,猪血
259,2,食味,627,628,酸
259,3,食味,629,630,甜
259,4,食味,631,632,苦
259,5,食味,633,634,辣
259,6,食味,635,636,咸
259,7,烹饪方法,651,652,烹
259,8,烹饪方法,190,191,调
259,9,医家,403,405,伊尹
260,1,烹饪方法,1,3,武火
260,2,烹饪方法,6,8,文火
260,3,食味,64,65,甘
260,4,食味,66,67,酸
260,5,食味,68,69,苦
260,6,食味,70,71,辛
260,7,食味,72,73,咸
260,8,食材,262,267,猩猩的嘴唇
260,9,食材,270,277,獾獾鸟做的烤肉
260,10,食材,279,286,隽燕尾部朐肉
260,11,食材,288,293,述荡的肘子
260,12,食材,295,299,旄牛尾巴
260,13,食材,300,305,大象的鼻子
260,14,食材,323,327,凤凰的卵
260,15,食材,348,354,洞庭湖的鳟鱼
260,16,食材,357,362,东海的鲡鱼
260,17,食材,374,376,朱鳖
260,18,食材,404,405,鳐
260,19,食材,445,451,昆仑山的蓣草
260,20,食材,453,459,寿树鞠果实
260,21,食材,474,476,赤木
260,22,食材,478,486,玄木树上长饷叶子
260,23,食材,517,519,嘉树
260,24,食材,527,533,华阳山的芸莱
260,25,食材,535,541,云梦洚的芹莱
260,26,食材,544,550,太湖的膂粜
260,27,食材,563,565,土英
260,28,食材,577,586,四川阴朴出产的生姜
260,29,食材,589,599,桂阳招摇山出产的桂皮
260,30,食材,601,610,越骆国出产的篱桂
260,31,食材,612,614,鳢鱼
260,32,食材,615,621,鲔鱼肉儆的酱
260,33,食材,624,630,大夏出产的盐
260,34,食材,633,641,宰揭出产的甘露
260,35,食材,654,663,长洚出产的大鸟的卵
260,36,食材,674,680,玄山出的谷子
260,37,食材,682,691,不周山出的小米
260,38,食材,693,700,阴山出的襟子
260,39,食材,703,709,南海出的黑黍
260,40,食材,719,726,三危山出的甘露
260,41,食材,729,737,昆仑山上的泉水
260,42,食材,740,747,沮江地区的摇水
260,43,食材,750,755,白山的泉水
261,1,食材,11,13,水果
261,2,食材,21,25,沙裳龅果
261,3,食材,43,45,百果
261,4,食材,84,87,榷果
261,5,食材,97,99,桔子
261,6,食材,105,107,柚子
261,7,食材,117,120,石耳莱
261,8,食材,127,131,美味佳肴
262,1,古籍来源,472,476,《论语》
262,2,古籍来源,500,504,《集解》
262,3,古籍来源,531,535,《元本》
262,4,古籍来源,535,539,《李本》
262,5,古籍来源,540,544,《许本》
262,6,古籍来源,545,549,《张本》
262,7,古籍来源,550,554,《姜本》
262,8,古籍来源,555,562,《宋邦义本》
262,9,古籍来源,562,566,《汪本》
262,10,古籍来源,566,570,《朱本》
262,11,古籍来源,571,576,《日刊本》
262,12,古籍来源,103,108,《先己篇》
262,13,古籍来源,110,115,《允己篇》
262,14,古籍来源,119,123,《集释》
262,15,古籍来源,134,142,《淮南.主术篇》
262,16,古籍来源,227,236,《申鉴 .政体篇》
262,17,古籍来源,264,274,《列子 .汤问篇》
262,18,古籍来源,359,365,《群书治要》
262,19,古籍来源,368,377,《体论 .政篇》
262,20,医家,34,36,毕沉
262,21,医家,55,58,范耕研
262,22,医家,91,94,许维透
262,23,医家,507,510,孔安国
262,24,医家,366,368,杜恕
262,25,烹饪方法,458,459,烂
262,26,烹饪方法,468,470,失饪
262,27,烹饪方法,479,481,失饪
263,1,古籍来源,90,94,《周礼》
263,2,古籍来源,115,120,《初学记》
263,3,古籍来源,169,176,《锦绣万花谷》
263,4,古籍来源,405,410,《古今注》
264,1,古籍来源,1,9,申国烹饪古籍丛刊
264,2,古籍来源,31,51,《关于恢复古籍整理出版规划小组的通知》
266,1,烹饪方法,1,3,武火
266,2,烹饪方法,6,8,文火
266,3,食味,64,65,甘
266,4,食味,66,67,酸
266,5,食味,68,69,苦
266,6,食味,70,71,辛
266,7,食味,72,73,咸
266,8,食材,262,267,猩猩的嘴唇
266,9,食材,270,277,獾獾鸟做的烤肉
266,10,食材,279,286,隽燕尾部朐肉
266,11,食材,288,293,述荡的肘子
266,12,食材,295,299,旄牛尾巴
266,13,食材,300,305,大象的鼻子
266,14,食材,323,327,凤凰的卵
266,15,食材,348,354,洞庭湖的鳟鱼
266,16,食材,357,362,东海的鲡鱼
266,17,食材,374,376,朱鳖
266,18,食材,404,405,鳐
266,19,食材,445,451,昆仑山的蓣草
266,20,食材,453,459,寿树鞠果实
266,21,食材,474,476,赤木
266,22,食材,478,486,玄木树上长饷叶子
266,23,食材,517,519,嘉树
266,24,食材,527,533,华阳山的芸莱
266,25,食材,535,541,云梦洚的芹莱
266,26,食材,544,550,太湖的膂粜
266,27,食材,563,565,土英
266,28,食材,577,586,四川阴朴出产的生姜
266,29,食材,589,599,桂阳招摇山出产的桂皮
266,30,食材,601,610,越骆国出产的篱桂
266,31,食材,612,614,鳢鱼
266,32,食材,615,621,鲔鱼肉儆的酱
266,33,食材,624,630,大夏出产的盐
266,34,食材,633,641,宰揭出产的甘露
266,35,食材,654,663,长洚出产的大鸟的卵
266,36,食材,674,680,玄山出的谷子
266,37,食材,682,691,不周山出的小米
266,38,食材,693,700,阴山出的襟子
266,39,食材,703,709,南海出的黑黍
266,40,食材,719,726,三危山出的甘露
266,41,食材,729,737,昆仑山上的泉水
266,42,食材,740,747,沮江地区的摇水
266,43,食材,750,755,白山的泉水
267,1,食材,9,10,莱
267,2,食材,14,16,嘉树
267,3,食材,28,29,芸
267,4,食材,35,36,芹
267,5,食材,40,41,菁
267,6,食材,47,48,草
267,7,食材,52,54,土英
267,8,食材,66,67,姜
267,9,食材,73,74,桂
267,10,食材,79,80,菡
267,11,食材,85,86,醢
267,12,食材,92,93,盐
267,13,食材,97,98,露
267,14,食材,109,110,卵
267,15,食材,122,123,禾
267,16,食材,130,131,粟
267,17,食材,135,136,襟
267,18,食材,141,142,矩
267,19,食材,155,157,若磐
267,20,食材,175,176,苤
267,21,食材,255,256,菌
267,22,食材,287,288,笄
267,23,食材,384,387,鲲鱼子
267,24,食材,430,431,黍
267,25,食材,446,447,黍
267,26,食材,484,486,黑黍
267,27,功效,55,58,和之美
267,28,功效,112,115,饭之美
267,29,功效,144,147,水之美
267,30,功效,273,278,可作调味品
267,31,功效,342,346,可做饮料
267,32,功效,348,352,可侔调料
267,33,脏腑,459,460,心
268,1,古籍来源,294,298,《尸子》
268,2,古籍来源,388,392,《御览》
268,3,古籍来源,154,158,《书钞》
268,4,古籍来源,169,174,《当染篇》
268,5,古籍来源,230,234,《隶续》
268,6,古籍来源,281,287,《太平御览》
268,7,古籍来源,396,400,《鬻子》
268,8,古籍来源,433,439,《文馆词林》
268,9,古籍来源,486,490,《魏略》
268,10,医家,48,50,毕沅
268,11,医家,133,136,宋慈抱
268,12,医家,274,277,马叙伦
268,13,医家,363,365,高诱
268,14,医家,318,320,孔子
268,15,医家,406,409,黄帝
268,16,医家,39,40,尧
268,17,医家,505,506,舜
268,18,医家,29,31,伯阳
268,19,医家,32,34,续耳
268,20,医家,69,71,续牙
268,21,医家,84,86,续身
268,22,医家,429,432,五圣
268,23,医家,414,416,神农
269,1,食材,116,118,河豚
269,2,食材,255,257,蔬莱
269,3,食材,332,335,根泡莱
269,4,食材,349,351,莱羹
269,5,食材,385,386,粱
269,6,食材,387,388,肉
269,7,食材,511,515,食物原料
269,8,食材,548,550,本饫
269,9,食味,524,525,辛
269,10,食味,525,526,酸
269,11,食味,555,556,淡
269,12,病症,137,139,中风
269,13,烹饪方法,518,520,烹饪
269,14,烹饪方法,520,522,烧烤
269,15,养生原则,20,32,饮食是用来卫护人的生命的
269,16,养生原则,33,39,粗荦不讲法度
269,17,养生原则,76,80,讲究饮食
269,18,养生原则,82,90,专门求滋味的佳美
269,19,养生原则,92,104,不判别食物有无利喾关系
269,20,养生原则,157,168,无限制地满宠口腹之欲
269,21,养生原则,287,296,食品没有固定的好味
269,22,养生原则,298,312,适合人们口味的就算得是佳荚
269,23,养生原则,487,494,警戒然口腹之欲
269,24,医家,276,279,苏易简
269,25,医家,281,284,宋太宗
269,26,医家,345,348,苏东坡
269,27,医家,402,405,黄庭坚
269,28,医家,418,421,倪正父
269,29,古籍来源,408,415,《贷时五观》
270,1,食材,0,1,盐
270,2,食材,5,8,炒花根
270,3,食材,33,34,醋
270,4,食材,127,129,黄米
270,5,食材,139,141,陈粗
270,6,烹饪方法,64,65,蒸
270,7,烹饪方法,132,133,煮
270,8,烹饪方法,153,154,拌
270,9,烹饪方法,167,168,榨
270,10,烹饪方法,15,17,封固
270,11,烹饪方法,25,26,澄
270,12,烹饪方法,29,31,收贮
270,13,烹饪方法,50,51,浸
270,14,烹饪方法,56,58,换水
270,15,烹饪方法,80,82,番转
270,16,烹饪方法,101,102,搅
270,17,烹饪方法,219,220,卧
270,18,食疗方,120,123,懒^醋
270,19,食疗方,198,201,七七醑
270,20,食材,203,205,巅米
270,21,食材,208,211,小小尜
270,22,食材,133,134,麋
270,23,食材,256,257,燧
270,24,食材,262,263,榨
270,25,食材,40,41,醋
271,1,食材,13,17,霜夭小茄
271,2,食材,101,104,嫩黑茄
271,3,食材,167,170,嫩大茄
271,4,食材,136,138,白糖
271,5,食材,139,141,椒末
271,6,食材,162,163,肉
271,7,食材,132,133,油
271,8,食材,118,119,酱
271,9,烹饪方法,105,107,笼蒸
271,10,烹饪方法,114,116,压干
271,11,烹饪方法,143,145,装罐
271,12,烹饪方法,236,238,烧熟
271,13,烹饪方法,41,43,拌匀
271,14,烹饪方法,187,189,挖出
271,15,烹饪方法,228,230,迭入
271,16,烹饪方法,233,236,入汁汤
271,17,烹饪方法,242,244,取起
271,18,烹饪方法,31,33,布拭
271,19,烹饪方法,36,39,入瓷盆
271,20,烹饪方法,63,65,人罐
271,21,烹饪方法,72,73,封
271,22,烹饪方法,341,346,笼蒸一炷香
271,23,烹饪方法,112,114,取出
271,24,烹饪方法,127,131,晾去水气
271,25,烹饪方法,141,143,层迭
271,26,烹饪方法,150,152,灌满
271,27,烹饪方法,178,180,切开
271,28,烹饪方法,212,214,调和
271,29,烹饪方法,49,51,揉掣
271,30,烹饪方法,336,338,封罐
271,31,烹饪方法,172,174,留蒂
271,32,烹饪方法,202,207,切作饼子料
271,33,食味,85,87,味美
271,34,食味,260,262,味美
271,35,食材,66,69,原糟水
271,36,食材,148,150,原油
271,37,食材,372,374,肉馅
272,1,食材,8,10,秋柿
272,2,食材,20,21,盐
272,3,食材,49,51,杏仁
272,4,食材,60,63,香油炸
272,5,食材,86,88,核桃
272,6,食材,95,97,莱油
272,7,食材,100,102,厚酱
272,8,食材,104,106,白糖
272,9,食材,107,110,砂仁
272,10,食材,111,113,茴香
272,11,食材,38,39,酒
272,12,食材,145,152,天茄儿
272,13,食材,153,154,盐
272,14,食材,156,157,糖
272,15,食材,164,165,酱
272,16,食材,166,167,醋
272,17,烹饪方法,0,1,腌
272,18,烹饪方法,186,187,炸
272,19,烹饪方法,97,98,炒
272,20,烹饪方法,117,118,烧
272,21,烹饪方法,154,155,焯
272,22,烹饪方法,157,158,制
272,23,烹饪方法,167,169,焯拌
272,24,禁忌,122,127,勿以壳轻弃
273,1,食材,26,29,胡桃肉
273,2,食材,33,35,白糖
273,3,食材,54,57,江米饭
273,4,食材,89,91,黄橙
273,5,食材,150,152,生面
273,6,食材,153,156,绿豆粉
273,7,食材,162,165,薄荷末
273,8,烹饪方法,53,54,蒸
273,9,烹饪方法,103,104,煮
273,10,烹饪方法,35,36,捣
273,11,烹饪方法,168,169,搓
273,12,烹饪方法,182,184,烘烤
273,13,烹饪方法,301,302,炖
273,14,烹饪方法,134,135,冻
273,15,烹饪方法,97,98,切
273,16,烹饪方法,43,44,印
273,17,烹饪方法,271,272,滤
273,18,食疗方,18,25,核桃饼
273,19,食疗方,142,149,梳儿印
274,1,食材,221,223,芥莱
274,2,食材,15,16,莱
274,3,食材,44,46,姜丝
274,4,食材,47,49,茴香
274,5,食材,50,52,椒末
274,6,食材,57,59,香油
274,7,食材,17,18,莱
274,8,食材,148,150,白莱
274,9,食材,167,170,花椒
274,10,食材,171,173,茴香
274,11,食材,25,26,盐
274,12,食材,190,192,冷水
274,13,食材,224,227,莱嫩心
274,14,食材,31,32,盐
274,15,食材,245,246,椒
274,16,烹饪方法,151,152,晒
274,17,烹饪方法,20,22,阴干
274,18,烹饪方法,33,34,揉
274,19,烹饪方法,37,38,晾
274,20,烹饪方法,52,53,拌
274,21,烹饪方法,59,60,装
274,22,烹饪方法,74,76,筑实
274,23,烹饪方法,94,95,覆
274,24,烹饪方法,117,118,倒
274,25,烹饪方法,126,128,泥头
274,26,烹饪方法,160,161,裹
274,27,烹饪方法,177,178,迭
274,28,烹饪方法,185,186,筑
274,29,烹饪方法,192,193,灌
274,30,烹饪方法,198,199,倒
274,31,烹饪方法,209,211,泥封
274,32,烹饪方法,233,234,晒
274,33,烹饪方法,238,239,炒
274,34,烹饪方法,240,241,挚
274,35,烹饪方法,30,31,加
275,1,食材,32,37,腌芥莱盐卤
275,2,食材,39,40,豆
275,3,食材,41,44,罗卜丁
275,4,食材,62,65,咸笋千
275,5,食材,55,56,笋
275,6,食材,73,75,酱油
275,7,食材,125,126,糟
275,8,食材,133,137,上白江米
275,9,烹饪方法,38,39,煮
275,10,烹饪方法,148,149,蒸
275,11,烹饪方法,45,46,晒
275,12,烹饪方法,19,21,合酱
275,13,食味,95,96,鲜
275,14,食味,127,128,甜
275,15,食性,92,93,润
275,16,食性,97,98,厚
276,1,食材,0,2,牛乳
276,2,食材,7,10,黄牛乳
276,3,食材,36,38,核祧
276,4,食材,117,119,胡祧
276,5,食材,146,148,小麦
276,6,食材,103,105,鸡子
276,7,食材,111,114,羊牛肉
276,8,食材,86,87,盐
276,9,食材,88,89,酒
276,10,食材,97,99,占糌
276,11,烹饪方法,66,67,煮
276,12,烹饪方法,23,24,蒸
276,13,烹饪方法,90,91,炒
276,14,烹饪方法,110,111,烧
276,15,烹饪方法,158,159,捞
276,16,烹饪方法,178,179,沥
276,17,烹饪方法,84,85,剥
276,18,烹饪方法,89,90,拌
276,19,烹饪方法,43,45,击裂
276,20,烹饪方法,60,62,密封
276,21,烹饪方法,152,153,滚
276,22,烹饪方法,363,365,捞出
276,23,烹饪方法,13,14,加
276,24,烹饪方法,54,55,排
276,25,烹饪方法,58,59,盖
276,26,禁忌,80,83,不堪食
276,27,禁忌,171,174,勿欠滚
276,28,禁忌,46,50,勿令脱开
276,29,病症,202,203,膻
276,30,病症,127,128,羰
276,31,古籍来源,193,194,籀
276,32,古籍来源,197,198,山
277,1,食材,16,18,青梅
277,2,食材,66,70,生甘草
277,3,食材,74,75,盐
277,4,食材,86,88,生姜
277,5,食材,102,104,青椒
277,6,食材,115,118,红干椒
277,7,烹饪方法,79,80,炒
277,8,烹饪方法,99,101,捣碎
277,9,烹饪方法,129,131,炒拌
277,10,烹饪方法,181,182,纳
277,11,食材,167,168,矾
277,12,食材,171,174,粗麻布
277,13,食材,183,185,锡瓶
277,14,食材,191,193,矾布
277,15,食材,151,153,油纸
277,16,食材,154,156,绵纸
278,1,养生原则,2,7,饮食以卫生
278,2,食材,54,56,河豚
278,3,食材,299,301,熊白
278,4,食材,311,313,鹿醑
278,5,食材,139,140,莱
278,6,医家,154,157,苏易简
278,7,医家,158,160,太宗
278,8,古籍来源,231,236,《资暇录》
279,1,食材,165,167,官桂
279,2,食材,167,169,良姜
279,3,食材,169,171,荜拨
279,4,食材,174,176,陈皮
279,5,食材,176,178,草蔻
279,6,食材,179,181,香砂
279,7,食性,436,437,热
279,8,食味,387,388,辛
279,9,食味,439,440,辛
279,10,食味,485,486,辛
279,11,食味,488,489,温
279,12,功效,97,99,去腥
279,13,功效,103,105,增味
280,1,食材,0,2,干极
280,2,食材,42,43,笋
280,3,食材,44,46,嫩笋
280,4,食材,66,70,饼子料肉
280,5,食材,77,79,笋肉
280,6,食材,83,84,箬
280,7,食材,87,89,砻糠
280,8,食材,132,134,鲜笋
280,9,食材,179,180,盐
280,10,烹饪方法,4,6,磨粉
280,11,烹饪方法,10,12,调汤
280,12,烹饪方法,14,16,顿蛋
280,13,烹饪方法,18,20,拌肉
280,14,烹饪方法,90,92,煨热
280,15,烹饪方法,136,138,煮熟
280,16,烹饪方法,128,129,熏
280,17,烹饪方法,181,182,揉
280,18,烹饪方法,183,185,晒千
280,19,烹饪方法,58,59,挖
280,20,烹饪方法,75,76,切
280,21,烹饪方法,84,85,包
280,22,烹饪方法,103,104,装
280,23,烹饪方法,99,100,剥
280,24,烹饪方法,165,166,擘
280,25,烹饪方法,259,260,剖
280,26,烹饪方法,269,271,分开
281,1,食材,153,155,麻姑
281,2,食材,224,226,香蕈
281,3,食材,121,122,笋
281,4,食材,127,129,鲜笋
281,5,食材,157,159,麻菇
281,6,烹饪方法,16,17,蒸
281,7,烹饪方法,25,26,泡
281,8,烹饪方法,51,52,炒
281,9,烹饪方法,142,143,切
281,10,烹饪方法,151,152,晒
281,11,烹饪方法,14,16,洙净
281,12,烹饪方法,26,27,醉
281,13,烹饪方法,46,48,水泡
281,14,烹饪方法,60,61,澄
281,15,烹饪方法,69,70,收
281,16,烹饪方法,71,73,取起
281,17,烹饪方法,74,76,停冷
281,18,烹饪方法,83,84,冼
281,19,烹饪方法,89,92,沥干
281,20,食材,19,22,甜酒娘
281,21,食材,23,25,酱油
281,22,食材,95,98,好酒娘
281,23,食材,80,83,冷浓茶
281,24,食材,50,51,油
281,25,食材,150,151,肉
281,26,食材,176,179,湖榭浏
281,27,食材,191,193,丽伞
281,28,食材,194,196,顶薄
281,29,食材,197,200,柄细长
281,30,食材,201,204,质细嫩
281,31,食材,258,260,药刀
281,32,食材,262,265,中药材
281,33,食材,140,141,刀
281,34,烹饪方法,34,35,醉
281,35,烹饪方法,217,219,羰洚
281,36,烹饪方法,226,227,撩
281,37,烹饪方法,229,231,停冷
281,38,烹饪方法,235,237,炒熟
281,39,烹饪方法,240,242,冷却
281,40,食材,238,240,蚕蕈
281,41,食材,3,4,麻
281,42,食材,167,169,人工
281,43,食材,170,172,培植
281,44,食材,180,182,出产
281,45,食材,186,188,著名
281,46,食材,267,268,刀
281,47,食材,131,133,差嫩
281,48,食材,248,250,欠嫩
281,49,食材,252,254,较老
281,50,食材,255,256,意
281,51,食材,123,124,笋
281,52,食材,125,126,粉
281,53,食材,129,131,老头
281,54,食材,244,246,差嫩
281,55,食材,144,147,极薄片
281,56,食材,149,150,筛
281,57,食材,162,163,麻
281,58,食材,164,165,本
281,59,食材,102,103,醉
281,60,食材,211,216,遒凌池食物
281,61,食材,210,211,用
281,62,食材,172,173,的
281,63,食材,270,272,41
282,1,食材,3,4,桃
282,2,食材,92,93,杏
282,3,食材,126,127,李
282,4,食材,138,140,黄李
282,5,食材,55,57,麦面
282,6,食材,61,62,盐
282,7,食材,75,77,鲜桃
282,8,食材,96,98,熟杏
282,9,食材,121,122,面
282,10,食材,123,124,饼
282,11,烹饪方法,54,55,煮
282,12,烹饪方法,98,99,研
282,13,烹饪方法,101,102,绞
282,14,烹饪方法,107,108,晒
282,15,烹饪方法,109,111,收贮
282,16,烹饪方法,113,114,和
282,17,烹饪方法,122,123,作
282,18,烹饪方法,142,143,拶
282,19,烹饪方法,145,147,去汁
282,20,烹饪方法,148,150,晒千
282,21,烹饪方法,150,152,去核
282,22,烹饪方法,154,157,复晒千
282,23,烹饪方法,162,164,汤冼
282,24,烹饪方法,166,167,供
282,25,烹饪方法,183,184,滤
282,26,烹饪方法,27,29,密封
282,27,烹饪方法,82,84,封口
282,28,烹饪方法,12,13,纳
282,29,烹饪方法,104,105,盛
282,30,食疗方,43,50,藏桃法
282,31,食材,57,58,粥
282,32,食材,58,59,糊
282,33,食材,114,115,水
282,34,食材,167,168,酒
282,35,食材,216,217,醋
282,36,食材,36,37,酢
283,1,食材,106,108,旨酒
283,2,食材,114,116,嘉肴
283,3,食材,664,666,鲜鱼
283,4,食材,629,630,蔌
283,5,食材,675,676,笄
283,6,食材,677,678,蒲
283,7,食材,176,177,椒
283,8,烹饪方法,68,69,燔
283,9,烹饪方法,70,71,炙
283,10,烹饪方法,370,371,炮
283,11,烹饪方法,86,87,黛
283,12,古籍来源,757,761,《毛传》
284,1,食材,26,27,蟹
284,2,食材,75,76,稻
284,3,食材,77,78,草
284,4,食材,102,104,山药
284,5,食材,105,107,百合
284,6,食材,109,112,羊眼豆
284,7,食材,123,124,鳖
284,8,烹饪方法,67,68,煮
284,9,烹饪方法,94,95,蒸
284,10,烹饪方法,131,133,擘开
284,11,病症,190,192,腹痛
285,1,古籍来源,42,46,《食宪》
285,2,古籍来源,362,367,《养小录》
285,3,古籍来源,373,378,《清异录》
285,4,古籍来源,389,393,《食经》
285,5,古籍来源,399,407,《邹平公食宪章》
285,6,古籍来源,507,513,《明遒杂志》
285,7,医家,220,222,虞惊
285,8,医家,380,383,段文昌
285,9,医家,516,518,钱穆
285,10,食材,278,281,扁米栅
285,11,食材,24,25,鲭
285,12,烹饪方法,200,201,脍
285,13,养生原则,183,185,中节
285,14,养生原则,109,114,以卫生为本
285,15,养生原则,57,62,勿多戕物命
285,16,养生原则,70,75,勿暴殄天物
285,17,禁忌,51,55,戒宰割
285,18,禁忌,65,68,戒奢费
286,1,食材,0,3,人白盐
286,2,食材,36,37,葱
286,3,食材,37,38,韭
286,4,食材,87,88,蔗
286,5,食材,142,145,龙须莱
286,6,食材,115,117,瓮莱
286,7,烹饪方法,5,6,捣
286,8,烹饪方法,34,35,炼
286,9,烹饪方法,10,11,泼
286,10,烹饪方法,162,163,煮
286,11,病症,123,125,百毒
286,12,古籍来源,118,120,闽中
286,13,医家,20,23,寿禅师
287,1,食疗方,17,21,莲花饼馅
287,2,食疗方,98,101,缕子脍
287,3,食疗方,142,145,自然羹
287,4,食材,106,109,鲫鱼肉
287,5,食材,110,113,鲤鱼子
287,6,食材,117,119,碧箭
287,7,食材,120,122,菊苗
287,8,食材,156,157,鱼
287,9,医家,11,13,郭进
287,10,医家,50,53,周世宗
287,11,医家,95,97,宋龟
288,1,食材,229,231,乌贼
288,2,食材,240,242,墨鱼
288,3,食材,346,349,鸟贼骨
288,4,食材,355,358,海鲧蛸
288,5,功效,18,20,治目
288,6,病症,180,181,目
288,7,医家,34,38,甘盘
288,8,医家,96,99,元介卿
288,9,古籍来源,102,105,元介卿
289,1,食材,0,3,凤凰胎
289,2,食材,6,8,鱼白
289,3,食材,12,16,羊皮花丝
289,4,食材,24,27,逡巡酱
289,5,食材,35,38,乳酿鱼
289,6,食材,45,50,丁子香淋脍
289,7,食材,57,60,葱醋鸡
289,8,食材,67,72,吴兴连带鲱
289,9,食材,80,83,西江料
289,10,食材,105,106,鸡
289,11,食材,127,129,鸡蛋
289,12,食材,148,150,鲤鱼
289,13,食材,151,154,黄鱼
289,14,食材,204,206,羊肚
289,15,食材,29,30,鱼
289,16,食材,240,242,羊肉
289,17,食材,275,276,乳
289,18,食材,287,289,全鱼
289,19,食材,327,329,丁香
289,20,食材,361,364,丁香油
289,21,食材,379,380,葱
289,22,食材,380,381,醋
289,23,食材,394,396,全鸡
289,24,食材,407,411,吴兴鲤鱼
289,25,食材,422,424,鱼鲱
289,26,食材,461,462,猪
289,27,食材,463,466,夹心肉
289,28,食材,471,473,肉丸
289,29,食材,85,86,彘
289,30,食材,525,527,肉屑
289,31,烹饪方法,133,135,拌和
289,32,烹饪方法,136,138,烹制
289,33,烹饪方法,213,214,切
289,34,烹饪方法,242,244,制成
289,35,烹饪方法,284,286,酿制
289,36,烹饪方法,84,85,蒸
289,37,烹饪方法,62,64,入笼
289,38,烹饪方法,331,333,腌制
289,39,烹饪方法,413,415,装缸
289,40,烹饪方法,415,417,发酵
289,41,烹饪方法,417,419,制作
289,42,烹饪方法,466,468,剁碎
289,43,烹饪方法,468,470,蒸制
289,44,烹饪方法,522,523,剁
290,1,食材,11,12,酱
290,2,食材,20,21,醋
290,3,食材,203,205,醍醐
290,4,食材,207,209,盾沆
290,5,食材,210,214,野驼蹄
290,6,食材,215,217,鹿唇
290,7,食材,218,221,驼乳糜
290,8,食材,222,225,天鹅炙
290,9,食材,226,229,紫玉浆
290,10,食材,230,233,玄玉浆
290,11,食材,240,243,马奶子
290,12,食材,250,252,龙肝
290,13,食材,253,255,凤髓
290,14,食材,256,258,豹胎
290,15,食材,259,261,鲤尾
290,16,食材,262,264,鹗炙
290,17,食材,265,267,猩唇
290,18,食材,269,271,熊掌
290,19,食材,272,275,酥酪蝉
290,20,古籍来源,288,292,《八珍》
290,21,医家,114,116,郑玄
290,22,医家,175,178,陶宗仪
290,23,烹饪方法,147,148,熬
290,24,烹饪方法,153,154,炮
290,25,烹饪方法,159,160,捣
290,26,烹饪方法,162,163,溃
290,27,禁忌,34,42,恶酱为厨司大耗
290,28,禁忌,46,51,恶醋为小耗
291,1,食材,48,51,双弓米
291,2,食材,32,33,糜
291,3,食材,125,128,麦穗生
291,4,食材,94,97,卷子生
291,5,食材,102,104,肥崭
291,6,食材,316,318,散竹
291,7,食材,329,332,麦穗生
291,8,医家,7,10,单公洁
291,9,医家,63,65,萧琏
291,10,医家,83,85,虞惊
291,11,医家,86,88,谢讽
291,12,古籍来源,0,6,双弓米
291,13,古籍来源,53,60,麦穗生
292,1,食材,7,9,鹑子
292,2,食材,43,44,羊
292,3,食材,45,46,豕
292,4,食材,47,48,牛
292,5,食材,49,50,熊
292,6,食材,50,51,鹿
292,7,食材,60,62,羊肉
292,8,食材,62,64,肠脏
292,9,食材,65,67,豆英
292,10,食材,148,150,驴肉
292,11,食材,286,289,牛犊肉
292,12,食材,346,348,豆粉
292,13,食材,446,448,网油
292,14,食材,523,528,肠部的脂肪
292,15,食材,559,561,肘肉
292,16,烹饪方法,122,123,烤
292,17,烹饪方法,124,126,煎炸
292,18,烹饪方法,17,18,蒸
292,19,烹饪方法,284,286,清炖
292,20,烹饪方法,314,316,细切
292,21,烹饪方法,344,345,裹
292,22,烹饪方法,348,350,烤制
292,23,烹饪方法,418,422,入油怠炸
292,24,烹饪方法,448,450,缠裹
292,25,烹饪方法,561,563,卷压
292,26,烹饪方法,577,579,煮熬
292,27,烹饪方法,580,582,切片
292,28,烹饪方法,31,32,炙
292,29,烹饪方法,83,84,烹
292,30,烹饪方法,247,249,酿制
292,31,烹饪方法,115,116,切
292,32,烹饪方法,506,508,按制
292,33,烹饪方法,556,557,腌
292,34,烹饪方法,570,572,缠栅
292,35,烹饪方法,333,334,切
292,36,食疗方,0,3,箸头春
292,37,食疗方,133,139,暖寒花酿酽蒸
292,38,食疗方,280,283,水炼犊
292,39,食疗方,38,41,五生蓝
292,40,食疗方,57,59,格食
292,41,食疗方,71,74,过门香
292,42,食疗方,87,90,红罗竹
292,43,食疗方,97,102,缠花云梦肉
292,44,古籍来源,160,169,《开元夭宝遗事》
292,45,医家,368,370,高诱
292,46,病症,151,153,暖蹇
292,47,病症,156,158,消蹇
293,1,食材,45,46,鱼
293,2,食材,65,68,荔枝仁
293,3,食材,135,138,赤明香
293,4,食材,146,147,脯
293,5,食材,191,196,玲珑牡丹鲱
293,6,食材,198,200,鱼叶
293,7,食味,154,156,甘香
293,8,食味,35,36,香
293,9,病症,106,108,时疫
293,10,食疗方,171,184,玲珑牡丹鲱
293,11,烹饪方法,200,201,罔
293,12,烹饪方法,430,431,切
293,13,烹饪方法,412,413,加
293,14,烹饪方法,443,445,腌制
293,15,烹饪方法,457,461,装缸发酵
293,16,医家,142,145,仇士良
293,17,古籍来源,127,134,未明香
295,1,食材,6,7,鹤
295,2,食材,15,17,白鸥
295,3,食材,25,26,鸡
295,4,食材,33,34,龟
295,5,食材,41,42,猴
295,6,食材,49,50,犬
295,7,食材,57,58,驴
295,8,食材,64,65,猫
295,9,食材,71,72,鹿
295,10,食材,77,79,鹦鹉
295,11,食材,82,83,麝
295,12,食材,88,89,骊
295,13,食材,453,455,鹿茸
295,14,古籍来源,125,133,诗.小雅.鹳鸣
295,15,古籍来源,205,210,庄子:夭逍
295,16,古籍来源,289,296,汊书`孙光传*
296,1,食材,40,41,酒
296,2,食材,76,79,百氏浆
296,3,食材,91,94,杂端样
296,4,医家,21,23,胡适
296,5,医家,109,112,释法常
296,6,养生原则,9,15,饮家之所深忌
298,1,食材,11,12,茶
298,2,食材,439,441,泉水
298,3,烹饪方法,41,42,摘
298,4,烹饪方法,47,48,和
298,5,烹饪方法,346,349,水煎服
298,6,病症,287,289,病冷
298,7,病症,353,355,宿疾
298,8,病症,410,412,病瘥
298,9,医家,8,10,孙樵
298,10,医家,246,249,毛文锡
298,11,功效,373,375,换骨
298,12,功效,381,385,即为地仙
298,13,食材,302,307,蒙之中顶茶
298,14,食材,463,466,金泌泉
298,15,归经,344,346,本处
298,16,烹饪方法,327,332,饼手采摘
298,17,烹饪方法,393,397,筑室以候
298,18,烹饪方法,562,566,拜敕祭泉
298,19,烹饪方法,579,583,造供御者
298,20,烹饪方法,470,472,造茶
298,21,烹饪方法,539,540,造
298,22,烹饪方法,218,219,服
298,23,烹饪方法,441,443,拌和
298,24,烹饪方法,234,235,摘
298,25,烹饪方法,429,430,和
298,26,医家,63,65,孙樵
298,27,医家,444,447,毛文锡
298,28,烹饪方法,603,604,造
298,29,烹饪方法,406,407,服
299,1,食材,17,20,林虑浆
299,2,病症,134,135,醉
299,3,禁忌,119,124,酒不可杂饮
299,4,病症,70,72,狼狈
300,1,食材,19,20,韭
300,2,食材,73,74,葱
300,3,食材,120,122,甘草
300,4,食味,111,113,众味
300,5,古籍来源,127,129,文言
301,1,食材,36,37,茶
301,2,食材,31,32,炭
301,3,食材,23,24,木
301,4,食材,199,200,竹
301,5,食材,201,203,树稍
301,6,烹饪方法,26,28,煮汤
301,7,烹饪方法,172,174,作汤
301,8,烹饪方法,174,176,泛茶
301,9,烹饪方法,209,210,燃
301,10,禁忌,55,58,水忌停
301,11,禁忌,61,64,薪忌薰
301,12,禁忌,154,158,触之则败
301,13,禁忌,167,171,恶性未尽
301,14,禁忌,178,182,碱耗香味
301,15,养生原则,46,53,在茶家亦有法律
301,16,养生原则,73,79,汤乖则茶殆矣
301,17,养生原则,106,114,木体虽尽而性且浮
301,18,养生原则,116,125,性浮则汤有终嫩之嫌
301,19,养生原则,127,137,"炭则不然,实汤之友"
301,20,养生原则,148,152,茶本灵草
301,21,养生原则,490,494,作汤泛茶
302,1,古籍来源,6,13,《水族加恩簿》
302,2,食材,44,46,水族
302,3,医家,63,65,毛胜
302,4,食材,77,80,鳞壳甲
302,5,食材,199,201,群鲜
303,1,食材,8,9,韭
303,2,食材,51,52,葱
303,3,食材,53,54,蒜
303,4,食材,86,89,香椿头
303,5,食材,471,473,萝卜
303,6,食味,186,188,芳香
303,7,食味,195,196,淡
303,8,食味,67,68,浓
303,9,食味,29,30,臭
303,10,食味,33,35,清香
303,11,烹饪方法,477,479,切丝
303,12,烹饪方法,483,484,拌
303,13,食材,485,486,醋
303,14,病症,504,506,打嗳
303,15,病症,103,105,秽气
304,1,食材,45,46,米
304,2,食材,80,81,麦
304,3,食材,190,192,米饭
304,4,食材,53,55,面食
304,5,食材,271,273,饼子
304,6,食材,280,282,面条
304,7,食材,312,314,切面
304,8,食材,317,318,油
304,9,食材,319,320,盐
304,10,食材,321,322,酱
304,11,食材,323,324,醋
304,12,食材,514,516,椒末
304,13,食材,543,547,芝麻屑
304,14,食材,523,525,煮笋
304,15,食材,528,530,煮蕈
304,16,食材,531,536,煮虾的鲜汁
304,17,食材,566,568,鲜汁
304,18,食材,590,591,水
304,19,食材,628,632,滚开的水
304,20,食味,404,406,五味
304,21,功效,77,79,养脾
304,22,功效,82,84,补心
304,23,脏腑,139,140,脾
304,24,脏腑,138,139,心
304,25,古籍来源,67,72,《本草》
304,26,食疗方,452,455,五香面
304,27,食疗方,459,462,八珍面
304,28,烹饪方法,610,611,擀
304,29,烹饪方法,288,289,切
304,30,烹饪方法,329,330,下
304,31,烹饪方法,552,554,搅拌
304,32,烹饪方法,586,587,拌
304,33,烹饪方法,269,270,做
304,34,烹饪方法,438,439,制
304,35,烹饪方法,278,279,敝
305,1,食材,300,302,蔬笋
305,2,食材,302,304,虾鱼
305,3,养生原则,337,340,重蔬食
305,4,养生原则,341,344,崇俭约
305,5,养生原则,345,348,尚真味
305,6,养生原则,350,353,主清淡
305,7,养生原则,354,357,忌油腻
305,8,养生原则,358,361,讲浩美
305,9,养生原则,362,366,慎杀生
305,10,养生原则,367,370,求食益
306,1,食材,671,673,蔬莱
306,2,食材,724,728,蔬果野莱
306,3,食材,698,700,树果
306,4,食材,717,719,肥肉
306,5,食材,719,721,荤油
306,6,烹饪方法,656,658,切细
306,7,养生原则,388,392,崇尚节俭
306,8,养生原则,417,421,慎始善终
306,9,养生原则,626,630,近于自然
306,10,医家,504,506,易牙
306,11,医家,523,526,陶榔儿
307,1,食材,34,36,面条
307,2,食材,60,61,鸡
307,3,食材,62,63,鱼
307,4,食材,64,65,虾
307,5,食材,80,82,鲜笄
307,6,食材,83,85,香蕈
307,7,食材,85,87,芝麻
307,8,食材,89,91,花椒
307,9,食材,120,121,酱
307,10,食材,122,123,醋
307,11,食材,192,193,油
307,12,食材,288,289,笋
307,13,食材,290,291,蕈
307,14,食材,292,293,虾
307,15,食材,354,357,虾米粉
307,16,食材,404,407,鸡蛋清
307,17,食材,494,495,藕
307,18,食材,495,496,葛
307,19,食材,498,499,蕨
307,20,食材,500,502,绿豆
307,21,烹饪方法,99,100,捣
307,22,烹饪方法,337,338,碾
307,23,烹饪方法,513,515,下锅
307,24,烹饪方法,516,517,调
307,25,烹饪方法,280,281,煮
307,26,烹饪方法,72,73,晒
307,27,烹饪方法,224,225,切
307,28,烹饪方法,394,396,搅拌
307,29,禁忌,300,303,忌讳油
308,1,食材,149,150,米
308,2,食材,109,110,粥
308,3,食材,98,99,饭
308,4,食材,479,482,鲜花露
308,5,食材,681,683,香橼
308,6,食材,684,686,桂花
308,7,食材,697,699,玫瑰
308,8,烹饪方法,108,109,煮
308,9,烹饪方法,218,219,熬
308,10,烹饪方法,95,96,烧
308,11,烹饪方法,506,508,拌匀
308,12,烹饪方法,612,613,浇
308,13,烹饪方法,501,502,闷
308,14,养生原则,327,339,注水必定掌握在一定的标崔
308,15,养生原则,366,373,把火候调得均匀
309,1,食材,9,11,水果
309,2,食材,48,49,茶
309,3,食材,28,29,酒
309,4,古籍来源,294,299,《茶果志》
311,1,食材,146,148,羊肉
311,2,食材,546,548,人参
311,3,食材,153,155,黄芪
311,4,功效,159,161,补气
311,5,功效,164,166,补形
311,6,功效,169,171,补人
311,7,功效,175,177,害人
311,8,病症,221,223,伤脾
311,9,病症,224,226,坏腹
311,10,古籍来源,138,142,《本草》
311,11,医家,552,554,人参
311,12,医家,549,551,黄芪
312,1,食材,35,36,鱼
312,2,食材,299,301,酱瓜
312,3,食材,302,304,生姜
312,4,食材,308,310,竹笋
312,5,食材,404,405,虾
312,6,食材,424,426,甘草
312,7,食材,457,459,笋汤
312,8,食材,465,466,笋
312,9,烹饪方法,104,105,煮
312,10,烹饪方法,26,27,烧
312,11,烹饪方法,271,272,蒸
312,12,烹饪方法,438,439,焯
312,13,烹饪方法,521,522,醉
312,14,烹饪方法,524,525,糟
312,15,食材,287,289,黄酒
312,16,食材,290,292,酱油
313,1,食材,262,263,肉
313,2,食材,289,290,蔬
313,3,食材,279,280,脍
313,4,烹饪方法,200,201,烹
313,5,烹饪方法,506,507,蒸
313,6,医家,393,395,易牙
314,1,食材,24,26,雄鸭
314,2,食材,52,54,人参
314,3,食材,55,58,黄蓍
314,4,食材,108,110,野禽
314,5,食材,110,112,野兽
314,6,食材,292,293,雉
314,7,食材,294,295,雁
314,8,食材,296,297,鸠
314,9,食材,298,299,鸽
314,10,食材,300,302,黄雀
314,11,食材,303,305,鹩鹑
314,12,食材,335,336,兔
314,13,食材,339,340,麝
314,14,食材,341,342,鹿
314,15,食材,343,344,熊
314,16,食材,345,346,虎
314,17,功效,69,75,善于保养身体
314,18,功效,201,203,肥人
314,19,功效,220,222,香人
314,20,养生原则,191,195,丰衣美食
314,21,养生原则,196,200,逸处安泻
314,22,养生原则,209,213,流水高山
314,23,养生原则,214,219,奇花异木
314,24,烹饪方法,161,162,食
314,25,烹饪方法,286,287,尝
315,1,食材,8,10,蔷薇
315,2,食材,11,13,香橼
315,3,食材,14,16,桂花
315,4,食材,21,23,谷物
315,5,食材,119,120,饭
315,6,食材,58,59,羹
315,7,食材,54,55,汤
315,8,食材,241,243,肴馔
315,9,食材,170,174,下酒之物
315,10,食材,183,187,下饭之物
315,11,食材,499,501,小莱
315,12,养生原则,337,341,养生之法
315,13,养生原则,342,346,食贵能消
315,14,养生原则,347,353,饭得羹而即消
315,15,养生原则,361,365,善养生者
315,16,养生原则,366,372,吃饭不可无羹
315,17,养生原则,375,379,善作家者
315,18,养生原则,380,388,吃饭亦不可无羹
315,19,养生原则,434,439,羹能下饭
315,20,养生原则,440,444,亦能下馔
315,21,养生原则,480,485,宁可食无馔
315,22,养生原则,487,492,不可饭无汤
315,23,养生原则,493,497,有汤下饭
315,24,禁忌,398,402,不可无羹
316,1,食材,81,82,米
316,2,食材,82,83,麦
316,3,食材,89,90,粉
316,4,食材,91,92,面
316,5,古籍来源,293,297,《本草》
316,6,功效,304,306,养脾
316,7,功效,309,311,补心
316,8,脏腑,351,352,脾
316,9,脏腑,350,351,心
316,10,食材,283,284,米
316,11,食材,278,279,面
316,12,食材,8,9,饼
316,13,食材,288,289,面
317,1,古籍来源,104,108,齐苌要熨
318,1,食材,24,26,鸫肉
318,2,食材,27,29,鹎肉
318,3,食材,31,33,獐肉
318,4,食材,35,37,鹿肉
318,5,食材,38,40,猪肉
318,6,食材,43,45,羊肉
318,7,食材,79,81,面粉
318,8,食材,180,185,鸡鸭蛋蛋白
318,9,食材,203,205,蛋白
318,10,食材,234,236,蛋黄
318,11,食材,242,245,鸭蛋黄
318,12,食材,251,254,鸡蛋黄
318,13,食材,260,262,银朱
318,14,食材,360,362,芦荻
318,15,食材,438,439,鱼
318,16,食材,442,444,白鱼
318,17,食材,447,449,鲇鱼
318,18,食材,450,452,鳢鱼
318,19,食材,546,547,姜
318,20,食材,549,551,花椒
318,21,食材,553,555,桔皮
318,22,食材,558,560,豆豉
318,23,食材,587,588,油
318,24,食材,593,594,绢
318,25,烹饪方法,1,2,炙
318,26,烹饪方法,146,147,烤
318,27,烹饪方法,47,49,斫碎
318,28,烹饪方法,49,50,炒
318,29,烹饪方法,103,104,削
318,30,烹饪方法,232,233,涂
318,31,烹饪方法,284,285,刷
318,32,烹饪方法,317,318,切
318,33,烹饪方法,362,363,包
318,34,烹饪方法,371,372,铺
318,35,烹饪方法,459,460,片
318,36,烹饪方法,500,501,割
318,37,烹饪方法,509,510,洗
318,38,烹饪方法,524,525,舂
318,39,烹饪方法,53,54,和
318,40,烹饪方法,594,595,垫
318,41,食疗方,5,7,筒炙
318,42,食疗方,14,16,黄炙
318,43,食疗方,57,59,陷炙
318,44,食疗方,428,430,饼炙
318,45,禁忌,161,164,不黏乎
318,46,禁忌,299,305,转慢了就会坏
318,47,禁忌,412,418,"面多了,味酸"
318,48,禁忌,419,425,"少了,环相黏"
318,49,禁忌,528,539,不要让臼和鱼惹上蒜气
319,1,古籍来源,0,4,《食经》
319,2,食材,40,42,豆子
319,3,烹饪方法,61,62,蒸
319,4,食材,128,130,青茅
319,5,食材,235,239,糯米小曲
319,6,食材,243,244,盐
319,7,食材,5,6,豉
319,8,食材,310,312,桑叶
319,9,烹饪方法,404,405,晒
319,10,烹饪方法,64,65,蒸
319,11,烹饪方法,383,384,炊
319,12,食材,492,494,芥草
319,13,烹饪方法,520,521,簸
319,14,烹饪方法,321,322,按
319,15,食材,669,671,麦豉
319,16,食材,697,699,小麦
319,17,烹饪方法,702,703,磨
319,18,烹饪方法,262,263,拌
319,19,烹饪方法,357,358,蒸
319,20,烹饪方法,728,730,按碎
319,21,烹饪方法,763,765,簸扬
319,22,烹饪方法,372,373,洒
319,23,烹饪方法,359,360,蒸
320,1,食材,467,469,五谷
320,2,食材,552,554,野莱
320,3,食材,609,610,草
320,4,食材,211,212,水
320,5,食材,620,622,粮食
320,6,食材,681,683,衣服
320,7,病症,656,658,冻死
320,8,病症,658,660,饿死
320,9,病症,711,713,冻着
320,10,养生原则,29,33,勤于劳动
320,11,古籍来源,133,138,《淮南子》
320,12,古籍来源,433,436,仲长统
320,13,古籍来源,538,540,谯子
320,14,古籍来源,636,638,晁镨
321,1,食材,12,13,鱼
321,2,食材,75,77,酸醋
321,3,食材,184,185,鹅
321,4,食材,186,187,雁
321,5,食材,188,189,鸡
321,6,食材,191,192,鸭
321,7,食材,193,194,鸽
321,8,食材,196,197,鹘
321,9,食材,198,200,野鸭
321,10,食材,201,203,野鸡
321,11,食材,204,205,兔
321,12,食材,206,207,鸽
321,13,食材,208,210,鹌鹑
321,14,食材,212,215,新鲜鱼
321,15,食材,274,277,牛羊骨
321,16,食材,282,283,牛
321,17,食材,284,285,羊
321,18,食材,306,308,豆豉
321,19,食材,321,322,盐
321,20,食材,577,578,鲇
321,21,食材,579,580,鳢
321,22,烹饪方法,77,78,浸
321,23,烹饪方法,115,116,煨
321,24,烹饪方法,135,136,捶
321,25,烹饪方法,277,278,煮
321,26,烹饪方法,371,372,烤
321,27,烹饪方法,367,369,阴干
321,28,烹饪方法,488,490,煮熟
321,29,烹饪方法,507,509,急火
321,30,食疗方,169,172,五味脯
321,31,食疗方,439,441,胞脯
321,32,食疗方,541,543,挹鱼
321,33,食材,56,58,鱼脯
321,34,食材,385,387,瘃腊
321,35,食材,392,394,瘃鱼
321,36,食材,400,402,鱼腊
322,1,食材,43,45,芜菁
322,2,食材,46,48,蜀芥
322,3,食材,200,202,黍米
322,4,食材,84,86,麦锐
322,5,食材,227,229,菘莱
322,6,食材,321,325,脂麻油
322,7,食材,391,394,干蔓菁
322,8,烹饪方法,24,25,煮
322,9,烹饪方法,86,87,捣
322,10,烹饪方法,93,94,筛
322,11,烹饪方法,253,254,烫
322,12,烹饪方法,318,319,熬
322,13,烹饪方法,52,53,浸
322,14,烹饪方法,586,587,封
322,15,食疗方,218,220,汤菹
322,16,食疗方,356,358,藤菹
322,17,食疗方,384,387,蘖菹
322,18,食味,20,21,咸
322,19,食味,367,368,酸
322,20,食味,332,333,香
322,21,食味,335,336,脆
323,1,古籍来源,9,13,《食次》
323,2,食材,3,4,糗
323,3,食材,24,26,糗末
323,4,食材,52,54,糗帚
323,5,食材,67,69,折米
323,6,食材,116,118,白饮
323,7,食材,127,128,盐
323,8,烹饪方法,0,1,煮
323,9,烹饪方法,196,197,渍
323,10,烹饪方法,47,48,漉
323,11,烹饪方法,241,242,舂
323,12,烹饪方法,234,235,淋
323,13,烹饪方法,85,86,投
323,14,烹饪方法,141,142,炊
323,15,烹饪方法,155,156,奠
323,16,烹饪方法,159,160,抑
323,17,烹饪方法,170,171,袄
323,18,烹饪方法,267,269,鲑奠
323,19,食味,76,77,甘
324,1,食材,0,1,姜
324,2,食材,4,5,肉
324,3,食材,17,18,肾
324,4,食材,87,88,葱
324,5,食材,91,92,椒
324,6,食材,93,95,梏皮
324,7,食材,96,98,胡芹
324,8,食材,99,101,小蒜
324,9,食材,109,110,盐
324,10,食材,110,111,醋
324,11,食材,229,231,猪肉
324,12,食材,231,233,羊肉
324,13,食材,258,260,小芋
324,14,食材,269,271,葱白
324,15,食材,297,299,粳米
324,16,食材,307,309,豉汁
324,17,食材,313,315,苦酒
324,18,食材,338,340,生姜
324,19,食材,351,352,鸭
324,20,食材,221,222,芋
324,21,食材,397,399,桔皮
324,22,食材,404,408,木兰皮
324,23,食材,424,425,米
324,24,食材,468,469,酒
324,25,食材,478,479,鳖
324,26,食材,524,527,姜五两
324,27,食材,528,534,木兰皮-寸
324,28,烹饪方法,245,246,煮
324,29,烹饪方法,265,266,蒸
324,30,烹饪方法,103,105,细切
324,31,烹饪方法,174,176,绵筛
324,32,烹饪方法,194,196,沈著
324,33,烹饪方法,285,287,煮熟
324,34,烹饪方法,3,4,和
324,35,烹饪方法,276,277,加
324,36,烹饪方法,550,552,调合
324,37,古籍来源,213,217,《食经》
324,38,病症,158,162,羹腰伤咸
325,1,食材,24,27,羊板油
325,2,食材,147,151,羊的大肠
325,3,食材,161,163,羊肉
325,4,食材,176,178,葱白
325,5,食材,15,16,盐
325,6,食材,17,19,豉汁
325,7,食材,187,188,姜
325,8,食材,189,192,花椒末
325,9,食材,269,271,猪肉
325,10,食材,285,287,生姜
325,11,食材,290,292,橘皮
325,12,食材,296,298,酱瓜
325,13,食材,264,266,羊肉
325,14,食材,373,378,小形的小猪
325,15,食材,429,434,肥的小猪肉
325,16,食材,440,444,肥鸭子肉
325,17,食材,455,458,鱼酱汁
325,18,食材,464,466,葱泊
325,19,食材,469,470,姜
325,20,食材,473,475,橘皮
325,21,食材,569,570,蜜
325,22,烹饪方法,37,38,烤
325,23,烹饪方法,84,85,烤
325,24,烹饪方法,120,121,烤
325,25,烹饪方法,228,229,烤
325,26,烹饪方法,329,330,煮
325,27,烹饪方法,310,311,捣
325,28,烹饪方法,232,233,烤
325,29,烹饪方法,564,565,烤
325,30,食疗方,41,44,牛胲炙
325,31,食疗方,137,139,灌肠
325,32,食疗方,254,257,跳丸炙
325,33,食疗方,355,357,丸灸
325,34,食疗方,361,364,膦炙怼
325,35,古籍来源,245,249,《食经》
326,1,食材,75,78,牛猪肉
326,2,食材,103,106,鸡子白
326,3,食材,167,169,藿叶
326,4,食材,179,182,生鹅子
326,5,食材,186,187,姜
326,6,食材,187,188,桔
326,7,食材,233,235,驴肉
326,8,食材,237,239,马肉
326,9,食材,241,243,猪肉
326,10,食材,387,388,盐
326,11,食材,356,357,曲
326,12,食材,391,393,麦莸
326,13,烹饪方法,81,82,煮
326,14,烹饪方法,82,83,切
326,15,烹饪方法,173,174,蒸
326,16,烹饪方法,178,179,破
326,17,烹饪方法,184,186,细切
326,18,烹饪方法,194,195,和
326,19,烹饪方法,197,199,蒸苞
326,20,烹饪方法,327,328,斫
326,21,烹饪方法,415,417,和匀
326,22,烹饪方法,427,429,密封
326,23,烹饪方法,438,439,厮
326,24,禁忌,277,279,必寇
326,25,禁忌,287,291,加意保护
326,26,禁忌,292,300,保护尕密僦会生典
327,1,食材,5,6,醋
327,2,食材,44,45,葵
327,3,食材,123,126,糯米饭
327,4,食材,155,157,小麦
327,5,食材,217,219,白米
327,6,食材,229,230,盐
327,7,食材,209,210,瓜
327,8,食材,297,299,小瓜
327,9,食材,302,304,豆豉
327,10,食材,369,371,越瓜
327,11,食材,376,378,酒糟
327,12,食材,493,496,白冬瓜
327,13,食材,545,547,杌皮
327,14,食材,548,550,鸟梅
327,15,烹饪方法,6,7,煮
327,16,烹饪方法,385,386,淹
327,17,烹饪方法,513,514,切
327,18,烹饪方法,525,526,筛
327,19,烹饪方法,322,323,铺
327,20,烹饪方法,541,542,盖
327,21,古籍来源,167,173,《四民月令》
327,22,古籍来源,201,205,《食经》
327,23,食材,62,63,菘
327,24,食材,180,182,葵菹
327,25,食材,32,33,菹
327,26,食材,37,38,鲱
327,27,食材,481,483,梅瓜
328,1,食材,23,25,狗肉
328,2,食材,28,30,小麦
328,3,食材,34,36,白酒
328,4,食材,79,81,鸡蛋
328,5,食材,154,156,牛头
328,6,食材,157,159,鹿头
328,7,食材,160,163,小猪脚
328,8,食材,223,225,猪蹄
328,9,食材,243,246,鸡鸭蛋
328,10,食材,249,250,姜
328,11,食材,251,253,花椒
328,12,食材,254,256,梏皮
328,13,食材,257,258,盐
328,14,食材,295,298,生鸭蛋
328,15,食材,321,322,茅
328,16,烹饪方法,39,40,煮
328,17,烹饪方法,101,102,蒸
328,18,烹饪方法,111,112,压
328,19,烹饪方法,172,173,切
328,20,烹饪方法,325,326,绑
328,21,烹饪方法,465,466,楔
328,22,烹饪方法,74,75,打
328,23,烹饪方法,532,533,吊
328,24,古籍来源,5,9,《食经》
328,25,古籍来源,138,142,《食次》
328,26,食疗方,13,15,犬牒
328,27,食疗方,145,147,苞牒
329,1,食材,44,45,猪
329,2,食材,46,47,鸡
329,3,食材,48,50,鸭肉
329,4,食材,69,71,豉汁
329,5,食材,500,501,葱
329,6,食材,75,76,姜
329,7,食材,77,79,橘皮
329,8,食材,80,82,胡芹
329,9,食材,83,85,小蒜
329,10,食材,96,97,醋
329,11,食材,131,133,小猪
329,12,食材,260,263,酸浆水
329,13,食材,339,341,面粉
329,14,烹饪方法,71,72,煮
329,15,烹饪方法,61,62,炒
329,16,烹饪方法,51,52,切
329,17,烹饪方法,148,149,烧
329,18,烹饪方法,158,159,烫
329,19,烹饪方法,185,186,拔
329,20,烹饪方法,193,194,剃
329,21,烹饪方法,201,202,擦
329,22,烹饪方法,204,205,洗
329,23,烹饪方法,207,209,刮削
329,24,烹饪方法,222,224,揩擦
329,25,烹饪方法,254,255,盛
329,26,烹饪方法,267,268,坠
329,27,烹饪方法,296,297,撇
329,28,烹饪方法,13,15,取出
329,29,烹饪方法,319,321,浇凉
329,30,烹饪方法,431,432,浸
329,31,烹饪方法,436,438,弄碎
329,32,烹饪方法,485,486,斩
329,33,烹饪方法,511,512,炒
329,34,烹饪方法,127,128,煮
329,35,食疗方,119,121,白瀹
329,36,食疗方,459,461,酸豚
329,37,食材,100,101,肉
329,38,食材,156,157,水
330,1,食材,5,6,米
330,2,食材,57,58,酒
330,3,食材,178,179,姜
330,4,食材,184,185,桂
330,5,食材,189,190,蜜
330,6,食材,194,195,胆
330,7,食材,237,239,黍酒
330,8,食材,240,242,秫酒
330,9,食材,268,269,曲
330,10,食材,277,279,笨曲
330,11,食材,290,292,神曲
330,12,食材,434,436,米粉
330,13,食味,180,181,辛
330,14,食味,186,187,辣
330,15,食味,191,192,甜
330,16,食味,196,197,苦
330,17,烹饪方法,17,18,炊
330,18,烹饪方法,472,473,蒸
330,19,烹饪方法,454,455,煮
330,20,烹饪方法,321,322,捣
330,21,烹饪方法,330,331,筛
330,22,烹饪方法,373,374,舂
330,23,烹饪方法,59,61,搅拌
330,24,烹饪方法,579,580,打
330,25,食疗方,248,252,酿礤米酎
331,1,古籍来源,9,13,《食经》
331,2,食材,14,16,芋子
331,3,食材,22,25,猪羊肉
331,4,食材,29,30,水
331,5,烹饪方法,33,34,煮
331,6,食材,51,53,葱白
331,7,食材,65,67,粳米
331,8,食材,70,71,盐
331,9,食材,75,76,豉
331,10,食材,80,82,苦酒
331,11,食材,111,113,小鸭
331,12,食材,116,118,羊肉
331,13,食材,120,122,大鸭
331,14,食材,125,126,葱
331,15,食材,129,130,芊
331,16,食材,134,136,梏皮
331,17,食材,139,141,木兰
331,18,食材,146,148,生姜
331,19,食材,151,153,豉汁
331,20,食材,157,158,米
331,21,食材,178,179,酒
331,22,食材,185,186,鳖
331,23,烹饪方法,60,61,煮
331,24,食材,201,203,羊肉
331,25,食材,206,207,葱
331,26,食材,211,212,豉
331,27,食材,215,217,粳米
331,28,食材,94,95,羡
331,29,食材,223,225,木兰
331,30,食材,228,229,酒
331,31,烹饪方法,179,180,煮
331,32,食材,236,237,盐
331,33,食材,238,240,苦酒
331,34,食材,250,252,猪蹄
331,35,烹饪方法,195,196,煮
331,36,食材,276,277,葱
331,37,食材,278,279,豉
331,38,食材,281,283,苦酒
331,39,食材,284,285,盐
331,40,食材,295,296,饧
331,41,食材,305,307,羊蹄
331,42,食材,317,319,羊肉
331,43,食材,323,324,葱
331,44,食材,327,328,豉
331,45,食材,333,334,米
331,46,食材,342,344,生姜
331,47,食材,347,349,桔皮
331,48,食材,355,356,兔
331,49,食材,370,371,水
331,50,食材,375,376,酒
331,51,食材,385,386,葱
331,52,食材,389,390,米
331,53,食材,395,396,盐
331,54,食材,397,398,豉
331,55,食材,399,401,苦酒
331,56,食材,418,420,肉葵
331,57,食材,258,260,猪蹄
333,1,食材,74,76,麦曲
333,2,食材,189,191,神曲
333,3,食材,578,579,米
333,4,烹饪方法,356,357,浸
333,5,烹饪方法,326,327,酿
333,6,烹饪方法,584,585,淘
333,7,烹饪方法,107,108,穿
333,8,烹饪方法,119,120,悬
333,9,烹饪方法,221,223,榷破
333,10,烹饪方法,244,245,糊
333,11,烹饪方法,197,198,扫
333,12,烹饪方法,209,210,削
333,13,烹饪方法,246,247,曝
333,14,烹饪方法,253,254,收
333,15,烹饪方法,25,26,闭
333,16,烹饪方法,29,30,泥
333,17,烹饪方法,46,47,翻
333,18,烹饪方法,67,68,聚
333,19,烹饪方法,370,371,茹
333,20,禁忌,33,37,勿使漏气
333,21,禁忌,127,131,勿令见日
333,22,禁忌,157,161,不须覆盖
333,23,禁忌,170,174,不用被丽
333,24,禁忌,387,392,太厚则伤热
333,25,禁忌,466,470,恐不耐久
333,26,禁忌,493,498,咸则不佳
333,27,禁忌,315,320,澜湿则酒恶
333,28,禁忌,234,239,斧刃则杀小
333,29,禁忌,270,276,恐土污及丽润
333,30,养生原则,256,259,受霜露
333,31,养生原则,529,534,寒暖有早晚
333,32,养生原则,486,491,取极甘井水
333,33,养生原则,476,481,河水笫一好
333,34,养生原则,407,419,秋以九月九日或十九日收水
333,35,养生原则,449,455,此四日为上时
333,36,养生原则,458,465,籴日非不得作
333,37,养生原则,183,187,陈者弥好
333,38,食疗方,500,503,清曲祛
334,1,食材,1,3,杏酪
334,2,食材,5,6,饧
334,3,食材,9,12,地黄粱
334,4,食材,31,32,醴
334,5,食材,210,212,杏仁
334,6,食材,437,439,稻麦
334,7,烹饪方法,0,1,煮
334,8,烹饪方法,221,222,研
334,9,烹饪方法,225,226,和
334,10,烹饪方法,228,230,绢滤
334,11,烹饪方法,289,290,搅
334,12,烹饪方法,180,181,曝
334,13,烹饪方法,142,143,簸
334,14,烹饪方法,144,145,拣
334,15,烹饪方法,17,19,治釜
334,16,烹饪方法,310,311,出
334,17,烹饪方法,342,343,盖
334,18,烹饪方法,400,401,覆
334,19,烹饪方法,339,341,仰头
334,20,烹饪方法,282,284,缓火
334,21,烹饪方法,69,71,缳火
334,22,烹饪方法,380,382,火急
334,23,烹饪方法,253,255,燃火
334,24,烹饪方法,208,210,打取
334,25,烹饪方法,215,216,脱
334,26,烹饪方法,230,232,取汁
334,27,烹饪方法,297,301,煮令极熟
334,28,烹饪方法,360,361,停
334,29,烹饪方法,415,417,数卷
334,30,烹饪方法,418,420,生水
334,31,烹饪方法,395,397,渗水
334,32,烹饪方法,405,407,解离
334,33,烹饪方法,385,387,憔苦
334,34,烹饪方法,25,26,黑
334,35,烹饪方法,347,348,白
334,36,烹饪方法,58,59,赤
334,37,烹饪方法,53,54,淖
334,38,烹饪方法,302,303,刚
334,39,烹饪方法,51,53,汁昧
334,40,烹饪方法,47,49,色泽
334,41,烹饪方法,267,270,蔸脑皱
334,42,烹饪方法,262,264,数沸
334,43,烹饪方法,265,266,匕
334,44,烹饪方法,287,289,徐徐
334,45,烹饪方法,292,295,勿令住
334,46,烹饪方法,193,199,先煮一釜粗粥
334,47,烹饪方法,202,204,净冼
334,48,烹饪方法,127,133,预前一月粜蜚
334,49,烹饪方法,136,139,折令精
334,50,烹饪方法,153,155,剁均
334,51,烹饪方法,45,46,调
334,52,烹饪方法,158,164,勿令粗细相杂
334,53,烹饪方法,187,192,如上治釜讫
334,54,烹饪方法,235,241,汁唯淳浓便美
334,55,烹饪方法,242,247,水多则味薄
334,56,烹饪方法,256,261,先煮杏仁汁
334,57,烹饪方法,314,322,预前多买新瓦盆子
334,58,烹饪方法,323,329,一容受二斗者
334,59,烹饪方法,331,338,抒粥著盆子冲
334,60,烹饪方法,352,358,米粒有类青玉
334,61,烹饪方法,371,373,渝釜
334,62,烹饪方法,374,377,令粥黑
334,63,烹饪方法,389,391,旧盆
334,64,烹饪方法,409,414,其大盆盛者
334,65,烹饪方法,423,424,和
334,66,烹饪方法,441,442,刚
334,67,烹饪方法,303,304,淖
334,68,古籍来源,78,80,傅日
334,69,古籍来源,92,95,疑调此
334,70,古籍来源,96,100,非醴滔毡
334,71,古籍来源,447,448,淖
335,1,食材,1,2,鱼
335,2,食材,15,16,糁
335,3,食材,68,69,菰
335,4,食材,71,73,芦叶
335,5,食材,86,87,苇
335,6,食材,53,54,竹
335,7,食材,111,112,荆
335,8,食材,207,209,荷叶
335,9,食材,281,283,茱萸
335,10,食材,430,432,橘皮
335,11,食材,433,434,姜
335,12,食材,192,193,盐
335,13,食材,328,329,饭
335,14,食材,416,418,糈米
335,15,食材,459,461,干鱼
335,16,食材,379,381,白饭
335,17,烹饪方法,307,308,腌
335,18,烹饪方法,378,379,炊
335,19,烹饪方法,188,189,洗
335,20,烹饪方法,527,528,斩
335,21,烹饪方法,169,170,擘
335,22,烹饪方法,173,174,切
335,23,烹饪方法,179,180,裹
335,24,烹饪方法,390,391,酿
335,25,烹饪方法,233,234,浸
335,26,烹饪方法,315,316,漉
335,27,烹饪方法,301,302,劐
335,28,烹饪方法,484,485,截
335,29,烹饪方法,495,497,去鳞
335,30,烹饪方法,493,494,洗
335,31,烹饪方法,445,446,抑
335,32,食疗方,296,299,鱼鲱祛
335,33,食疗方,340,345,长沙蒲鲱法
335,34,食疗方,399,404,夏月鱼蚱祛
335,35,禁忌,126,131,患臭而不美
335,36,禁忌,221,227,一穿破则虫入
335,37,禁忌,476,481,烂者不中
335,38,病症,175,176,腥
336,1,食材,21,22,肉
336,2,食材,28,29,马
336,3,食材,30,32,猎肉
336,4,食材,104,105,盐
336,5,食材,106,107,曲
336,6,食材,132,134,麦巍
336,7,食材,187,188,猪
336,8,食材,228,229,肪
336,9,食材,232,233,脂
336,10,食材,290,291,酒
336,11,食材,354,356,新韭
336,12,食材,409,411,酒糟
336,13,烹饪方法,164,165,煮
336,14,烹饪方法,154,155,曝
336,15,烹饪方法,204,205,烧
336,16,烹饪方法,212,214,梳洗
336,17,烹饪方法,216,218,削刮
336,18,烹饪方法,222,223,刳
336,19,烹饪方法,261,262,熘
336,20,烹饪方法,315,316,漉
336,21,烹饪方法,323,324,写
336,22,烹饪方法,343,345,调和
336,23,烹饪方法,365,366,炙
336,24,烹饪方法,412,413,搦
336,25,烹饪方法,460,461,炒
336,26,禁忌,381,384,不任作
336,27,禁忌,62,68,"不密,则虫尘"
336,28,禁忌,55,59,必须覆护
336,29,养生原则,423,428,煮供朝夕食
336,30,养生原则,443,454,朝夕不专指早上与晚上
337,1,食材,3,4,鱼
337,2,食材,58,60,鲤鱼
337,3,食材,307,308,盐
337,4,食材,399,401,米饭
337,5,食材,378,379,糁
337,6,食材,422,424,茱萸
337,7,食材,453,455,橘皮
337,8,食材,429,430,酒
337,9,烹饪方法,0,1,作
337,10,烹饪方法,117,118,脔
337,11,烹饪方法,216,218,片斩
337,12,烹饪方法,270,271,浸
337,13,烹饪方法,271,272,冼
337,14,烹饪方法,284,285,漉
337,15,烹饪方法,308,309,散
337,16,烹饪方法,323,324,迮
337,17,烹饪方法,364,365,炙
337,18,烹饪方法,397,398,炊
337,19,烹饪方法,434,436,合和
337,20,烹饪方法,438,439,搅
337,21,烹饪方法,456,457,切
337,22,禁忌,253,261,不宜令有无皮脔也
337,23,禁忌,507,511,恶酒不用
338,1,食材,49,51,小麦
338,2,食材,175,176,艾
338,3,食材,390,391,米
338,4,食材,427,429,河水
338,5,食材,433,435,井水
338,6,烹饪方法,60,61,炒
338,7,烹饪方法,184,185,曝
338,8,烹饪方法,233,234,捣
338,9,烹饪方法,147,148,磨
338,10,烹饪方法,138,139,簸
338,11,烹饪方法,140,141,择
338,12,烹饪方法,197,198,溲
338,13,烹饪方法,287,288,覆
338,14,烹饪方法,365,366,晒
338,15,烹饪方法,380,381,积
338,16,烹饪方法,408,409,剡
338,17,烹饪方法,440,441,淘
338,18,烹饪方法,259,260,踏
338,19,烹饪方法,266,267,刺
338,20,烹饪方法,279,280,卧
338,21,烹饪方法,126,127,出
338,22,烹饪方法,107,108,停
338,23,食疗方,14,17,春酒曲
338,24,食疗方,396,398,春酒
338,25,食材,3,4,曲
338,26,食材,156,157,酒
339,1,食材,15,17,葵崧
339,2,食材,17,19,芜菁
339,3,食材,19,21,蜀芥
339,4,食材,148,150,黍米
339,5,食材,155,158,麦贽
339,6,食材,371,374,干蔓菁
339,7,烹饪方法,0,1,作
339,8,烹饪方法,6,7,藏
339,9,烹饪方法,121,122,煮
339,10,烹饪方法,154,155,捣
339,11,烹饪方法,162,163,筛
339,12,烹饪方法,279,280,炸
339,13,烹饪方法,314,315,濯
339,14,烹饪方法,322,323,熬
339,15,烹饪方法,383,384,浸
339,16,烹饪方法,291,292,洗
339,17,烹饪方法,271,272,择
339,18,烹饪方法,399,400,治
339,19,烹饪方法,401,403,净洗
339,20,烹饪方法,197,199,布莱
339,21,食味,21,22,咸
339,22,食味,328,329,香
339,23,食味,331,332,脆
339,24,食疗方,232,234,淡菹
339,25,食疗方,252,254,汤菹
339,26,食疗方,345,347,蘸菹
339,27,禁忌,341,343,不败
339,28,禁忌,128,130,不殊
339,29,禁忌,361,363,不切
339,30,禁忌,470,474,不用大热
339,31,禁忌,484,487,不用让
340,1,食材,22,24,小麦
340,2,食材,90,92,胡臬
340,3,食材,412,414,大麦
340,4,烹饪方法,26,27,淘
340,5,烹饪方法,35,36,浸
340,6,烹饪方法,7,8,蒸
340,7,烹饪方法,134,135,曝
340,8,烹饪方法,149,150,扬
340,9,烹饪方法,150,151,簸
340,10,烹饪方法,221,223,细魔
340,11,烹饪方法,227,228,溲
340,12,烹饪方法,238,239,熬
340,13,烹饪方法,81,82,覆
340,14,烹饪方法,61,62,摊
340,15,烹饪方法,348,350,散收
340,16,烹饪方法,394,396,刀酃
340,17,古籍来源,419,423,《盂子》
341,1,食材,56,59,鸡鸭白
341,2,食材,93,96,鸭子黄
341,3,食材,104,107,鸡子黄
341,4,食材,110,111,朱
341,5,食材,121,125,鸡鸭翅毛
341,6,食材,168,169,芦
341,7,食材,205,206,面
341,8,食材,227,229,生鱼
341,9,食材,231,233,白鱼
341,10,食材,236,237,鲇
341,11,食材,238,239,鳢
341,12,食材,296,297,姜
341,13,食材,298,299,椒
341,14,食材,300,303,桔皮
341,15,食材,304,305,盐
341,16,食材,306,307,豉
341,17,食材,352,354,膏油
341,18,烹饪方法,38,39,炙
341,19,烹饪方法,60,61,灌
341,20,烹饪方法,125,126,刷
341,21,烹饪方法,132,133,转
341,22,烹饪方法,152,153,断
341,23,烹饪方法,170,171,苞
341,24,烹饪方法,173,174,束
341,25,烹饪方法,285,286,春
341,26,烹饪方法,308,309,和
341,27,烹饪方法,355,356,煎
341,28,烹饪方法,259,260,按
341,29,烹饪方法,383,384,翻
341,30,食味,210,211,酢
341,31,禁忌,289,293,勿令蒜气
341,32,禁忌,214,219,多则难著矣
342,1,食材,0,1,醴
342,2,食材,3,4,酪
342,3,食材,6,8,醯酪
342,4,食材,190,192,夷粥
342,5,食材,282,283,蒿
342,6,食材,298,301,干牛屎
342,7,食材,327,330,肥猎肉
342,8,食材,332,333,脂
342,9,食材,335,336,皮
342,10,烹饪方法,5,6,煮
342,11,烹饪方法,74,75,焚
342,12,烹饪方法,115,116,烧
342,13,烹饪方法,301,302,燃
342,14,烹饪方法,352,355,揩拭
342,15,烹饪方法,365,367,疏洗
342,16,烹饪方法,383,385,疏诜
342,17,禁忌,149,151,断火
342,18,禁忌,145,147,忌日
342,19,医家,12,15,介子推
342,20,医家,17,20,晋文公
343,1,食材,16,17,豆
343,2,食材,7,8,黍
343,3,食材,41,42,豉
343,4,食材,342,344,桑叶
343,5,食材,647,649,小麦
343,6,食材,654,655,面
343,7,烹饪方法,377,378,蒸
343,8,烹饪方法,371,372,曝
343,9,烹饪方法,273,274,煮
343,10,烹饪方法,394,395,炊
343,11,烹饪方法,435,436,浸
343,12,烹饪方法,15,16,覆
343,13,烹饪方法,248,249,画
343,14,烹饪方法,303,304,洒
343,15,烹饪方法,304,305,溲
343,16,烹饪方法,313,314,搏
343,17,烹饪方法,62,63,内
343,18,烹饪方法,357,358,泥
343,19,烹饪方法,370,371,排
343,20,烹饪方法,488,489,簸
343,21,烹饪方法,681,682,按
343,22,烹饪方法,686,688,布置
343,23,烹饪方法,688,690,覆盖
343,24,古籍来源,119,123,《食经》
343,25,食疗方,621,624,作麦豉
343,26,禁忌,108,116,勿令泄其暖热之气
343,27,禁忌,349,351,勿抑
343,28,禁忌,638,643,馀月则不佳
344,1,食材,0,4,王瓜
344,2,食材,7,9,壬瓜
344,3,食材,54,57,生玉瓜
344,4,食材,58,60,茄子
344,5,食材,184,186,黄瓜
344,6,烹饪方法,71,72,酱
344,7,古籍来源,121,125,《月令》
345,1,食材,3,7,香橼
345,2,食材,58,60,白果
345,3,食材,61,63,小芋
345,4,食材,64,67,黄腊
345,5,食材,207,209,白糖
345,6,食材,124,126,橙子
345,7,食材,141,143,生姜
345,8,食材,152,154,甘草
345,9,食材,157,159,檀香
345,10,食材,191,193,橙皮
345,11,食材,231,234,干山药
345,12,食材,252,255,白梅肉
345,13,烹饪方法,13,14,剪
345,14,烹饪方法,29,30,点
345,15,烹饪方法,88,89,浸
345,16,烹饪方法,96,97,煮
345,17,烹饪方法,108,109,蒸
345,18,烹饪方法,112,114,捣烂
345,19,烹饪方法,81,82,切
345,20,烹饪方法,149,151,焙干
345,21,烹饪方法,200,201,绞
345,22,烹饪方法,265,266,印
345,23,烹饪方法,180,182,点汤
345,24,食疗方,72,79,香橼膏
345,25,食疗方,118,122,橙饼
345,26,食材,85,88,腐泔水
346,1,食材,14,16,官桂
346,2,食材,18,20,陈皮
346,3,食材,21,24,鲜桔皮
346,4,食材,25,27,橙皮
346,5,食材,29,31,良姜
346,6,食材,33,35,干姜
346,7,食材,37,39,生姜
346,8,食材,41,43,姜汁
346,9,食材,44,46,姜粉
346,10,食材,48,50,胡椒
346,11,食材,52,54,砂仁
346,12,食材,55,57,川椒
346,13,食材,59,61,花椒
346,14,食材,63,65,地椒
346,15,食材,67,69,辣椒
346,16,食材,71,73,小茴
346,17,食材,75,77,大茴
346,18,食材,78,80,草果
346,19,食材,82,84,荜拨
346,20,食材,86,88,甘草
346,21,食材,89,92,肉豆蔻
346,22,食材,93,95,白芷
346,23,食材,97,99,桂皮
346,24,食材,101,103,红曲
346,25,食材,105,107,神曲
346,26,食材,109,112,甘松
346,27,食材,114,117,草豆蔻
346,28,食材,118,120,檀香
346,29,食材,168,170,白糖
346,30,食材,172,175,黑泌糟
346,31,食材,181,182,葱
346,32,食材,184,186,元荽
346,33,食材,188,190,莳萝
346,34,食材,192,193,蒜
346,35,食材,195,196,韭
346,36,食材,197,199,大料
346,37,食材,200,204,大小茴香
346,38,食材,205,207,官桂
346,39,食材,208,210,陈皮
346,40,食材,211,213,花椒
346,41,食材,215,218,肉豆蔻
346,42,食材,220,223,草豆蔻
346,43,食材,228,230,干姜
346,44,食材,231,233,草果
346,45,食材,239,241,红豆
346,46,食材,242,244,甘草
346,47,食材,262,264,豆豉
346,48,食材,315,318,黑沙糖
346,49,烹饪方法,122,123,烹
346,50,烹饪方法,251,252,研
346,51,烹饪方法,257,259,拌匀
347,1,食材,181,183,白莱
347,2,食材,28,29,盐
347,3,食材,22,24,冬菜
347,4,食材,279,281,白菜
347,5,食材,155,158,黄芽莱
347,6,食材,148,150,梅菜
347,7,食材,320,323,梅干菜
347,8,烹饪方法,14,15,腌
347,9,烹饪方法,129,131,晒干
347,10,烹饪方法,124,126,烧熟
347,11,烹饪方法,139,141,蒸透
347,12,烹饪方法,144,145,晒
347,13,烹饪方法,158,159,醯
347,14,烹饪方法,212,213,叠
347,15,烹饪方法,217,219,刎动
347,16,烹饪方法,115,116,洗
347,17,烹饪方法,255,257,封好
347,18,禁忌,190,193,勿见水
347,19,禁忌,200,203,去败叶
348,1,食材,19,20,鹅
348,2,食材,30,31,姜
348,3,食材,32,33,椒
348,4,食材,34,36,茴香
348,5,食材,82,84,猪蹄
348,6,食材,85,86,鸡
348,7,食材,102,104,香油
348,8,食材,111,113,大料
348,9,食材,114,116,慈实
348,10,食材,122,123,葱
348,11,食材,193,195,糟油
348,12,食材,197,199,酱醋
348,13,食材,213,215,黄雀
348,14,食材,253,254,酒
348,15,食材,259,261,笋芽
348,16,食材,262,264,嫩姜
348,17,烹饪方法,22,23,煮
348,18,烹饪方法,27,28,切
348,19,烹饪方法,38,39,装
348,20,烹饪方法,62,63,扎
348,21,烹饪方法,70,72,煮烂
348,22,烹饪方法,75,76,破
348,23,烹饪方法,78,80,切食
348,24,烹饪方法,101,102,抹
348,25,烹饪方法,123,125,裹缠
348,26,烹饪方法,130,132,盖住
348,27,烹饪方法,150,153,重汤煮
348,28,烹饪方法,235,236,挖
348,29,烹饪方法,254,256,漂净
348,30,烹饪方法,258,259,配
348,31,烹饪方法,7,8,饨
348,32,烹饪方法,273,274,炖
348,33,烹饪方法,203,204,制
348,34,食疗方,90,94,封鹅
348,35,食材,283,285,鹅肉
348,36,食材,244,246,雀肺
349,1,食材,0,1,面
349,2,食材,8,9,麸
349,3,食材,44,46,面筋
349,4,食材,150,151,虾
349,5,食材,163,165,虾米
349,6,食材,171,174,白糖
349,7,食材,100,102,酒酿
349,8,食材,330,332,糯米
349,9,食材,333,335,酒曲
349,10,食味,344,345,甘
349,11,食味,345,346,辛
349,12,食性,349,350,温
349,13,功效,352,354,益气
349,14,功效,355,357,生津
349,15,功效,358,360,活血
349,16,功效,362,364,发痘
349,17,烹饪方法,6,7,蒸
349,18,烹饪方法,21,22,煮
349,19,烹饪方法,33,34,煎
349,20,烹饪方法,55,56,炸
349,21,烹饪方法,110,111,熏
349,22,烹饪方法,201,202,烘
349,23,烹饪方法,104,105,浸
349,24,烹饪方法,428,429,炖
349,25,烹饪方法,443,444,蒸
349,26,烹饪方法,129,130,榨
349,27,烹饪方法,143,144,抹
349,28,烹饪方法,25,26,晾
349,29,烹饪方法,94,95,制
349,30,禁忌,82,92,不经猪油。不能坚脆也
349,31,食材,205,207,面脯
349,32,食材,210,213,面筋干
349,33,食材,3,4,脯
350,1,食材,3,4,盐
350,2,食材,13,14,梅
350,3,食材,79,81,小麦
350,4,食材,202,204,白面
350,5,食味,319,320,咸
350,6,食味,69,70,甜
350,7,烹饪方法,60,61,煮
350,8,烹饪方法,134,135,晒
350,9,烹饪方法,151,152,磨
350,10,烹饪方法,207,208,蒸
351,1,食材,0,1,桃
351,2,食材,51,54,麦面粥
351,3,食材,57,58,盐
351,4,食材,69,71,鲜桃
351,5,食材,101,103,桃花
351,6,食材,115,118,乌鸡血
351,7,食材,143,145,圆眼
351,8,烹饪方法,50,51,煮
351,9,烹饪方法,104,106,阴干
351,10,烹饪方法,118,119,和
351,11,烹饪方法,122,123,涂
351,12,烹饪方法,156,158,水煮
351,13,烹饪方法,160,162,取食
351,14,功效,125,127,光白
351,15,功效,128,132,润泽如玉
352,1,食材,4,6,猪肚
352,2,食材,7,9,小肠
352,3,食材,16,18,香蕈
352,4,食材,47,49,莲肉
352,5,食材,50,52,百合
352,6,食材,53,56,白糯米
352,7,食材,60,62,薏米
352,8,食材,77,81,猪腿精肉
352,9,食材,118,120,砂仁
352,10,食材,121,123,椒末
352,11,食材,129,130,醋
352,12,食材,131,134,熟香油
352,13,食材,163,165,羊肉
352,14,食材,176,178,核桃
352,15,食材,219,221,瓦片
352,16,食材,223,225,桑叶
352,17,烹饪方法,38,39,煮
352,18,烹饪方法,103,104,焯
352,19,烹饪方法,21,22,拌
352,20,烹饪方法,89,90,槌
352,21,烹饪方法,81,82,切
352,22,烹饪方法,18,19,磨
352,23,烹饪方法,25,26,装
352,24,烹饪方法,31,32,缝
352,25,烹饪方法,107,109,纽干
352,26,烹饪方法,99,100,滚
352,27,烹饪方法,182,184,击碎
352,28,烹饪方法,190,192,排列
352,29,烹饪方法,207,209,换水
352,30,烹饪方法,209,211,调和
352,31,烹饪方法,166,170,热汤下锅
352,32,烹饪方法,214,218,煮老羊肉
352,33,食疗方,72,76,熟蚱
352,34,食疗方,138,145,镡羊肉
352,35,食疗方,299,302,煮羊肉
352,36,食材,113,115,飞盐
352,37,食材,35,37,肉汁
353,1,食材,3,7,火腿
353,2,烹饪方法,13,15,笼蒸
353,3,烹饪方法,18,19,煮
353,4,食材,33,34,笋
353,5,烹饪方法,63,64,蒸
353,6,食材,68,70,椒盐
353,7,食材,72,74,香料
353,8,食材,93,96,香油
353,9,食材,102,109,盐莴笋
353,10,食材,111,113,莴笋
353,11,食材,116,117,盐
353,12,烹饪方法,120,121,揉
353,13,食材,129,131,茴香
353,14,食材,132,134,花椒
353,15,食材,148,150,白酒
353,16,食材,159,163,糟笋
353,17,食材,164,166,冬笋
353,18,烹饪方法,185,186,刷
353,19,食材,207,210,腊香糟
353,20,食材,242,244,米粉
353,21,食材,246,248,面粉
353,22,食材,250,251,盐
354,1,食材,3,7,羊肉
354,2,食材,17,19,椒盐
354,3,食材,28,30,核桃
354,4,食材,42,44,桑叶
354,5,食材,53,55,稻草
354,6,食材,95,97,猪头
354,7,食材,113,114,酒
354,8,食材,117,119,酱油
354,9,食材,126,128,飞盐
354,10,食材,131,132,葱
354,11,食材,133,134,椒
354,12,食材,135,137,桂皮
354,13,食材,143,145,瓦片
354,14,食材,197,199,肉汤
354,15,食材,212,213,兔
354,16,食材,225,227,米泔
354,17,食材,236,238,酒脚
354,18,食材,249,253,大小茴香
354,19,食材,254,256,胡椒
354,20,食材,257,259,花椒
354,21,食材,260,262,葱花
354,22,食材,263,264,油
354,23,食材,268,269,醋
354,24,烹饪方法,0,1,蒸
354,25,烹饪方法,13,14,切
354,26,烹饪方法,19,20,擦
354,27,烹饪方法,26,28,击碎
354,28,烹饪方法,44,45,包
354,29,烹饪方法,51,53,槌软
354,30,烹饪方法,62,64,按实
354,31,烹饪方法,77,78,蒸
354,32,烹饪方法,97,98,去
354,33,烹饪方法,106,108,去骨
354,34,烹饪方法,145,147,磨光
354,35,烹饪方法,153,155,凑满
354,36,烹饪方法,160,162,下肉
354,37,烹饪方法,174,176,密封
354,38,烹饪方法,186,187,烧
354,39,烹饪方法,199,201,煮过
354,40,烹饪方法,218,220,去骨
354,41,烹饪方法,221,222,切
354,42,烹饪方法,227,228,浸
354,43,烹饪方法,229,231,捏冼
354,44,烹饪方法,238,240,浸洗
354,45,烹饪方法,241,242,漂
354,46,烹饪方法,245,247,沥干
354,47,烹饪方法,275,277,烧滚
354,48,烹饪方法,278,280,下肉
354,49,烹饪方法,281,282,熬
354,50,食疗方,82,89,蒸猪头
355,1,食材,21,23,米谷
355,2,食材,46,48,米谷
355,3,食材,146,148,稗谷
355,4,食材,140,142,籼糠
355,5,食材,137,139,砂砾
355,6,食材,133,135,粗粝
355,7,食材,204,206,精凿
355,8,食味,64,65,甘
355,9,食味,67,68,甜
355,10,功效,18,20,养阴
355,11,功效,29,31,补气
355,12,功效,33,35,养血
355,13,养生原则,71,75,养生之本
355,14,养生原则,82,86,食不厌精
356,1,食材,0,1,茄
356,2,食材,25,26,梅
356,3,食材,28,29,糖
356,4,食材,31,32,茄
356,5,食材,64,68,香茄
356,6,食材,69,71,嫩茄
356,7,食材,101,102,姜
356,8,食材,103,104,桔
356,9,食材,106,107,苏
356,10,食材,112,114,糌醋
356,11,食材,123,127,山药
356,12,食材,49,50,糖
356,13,食材,168,169,肉
356,14,烹饪方法,5,7,去皮
356,15,烹饪方法,13,14,挂
356,16,烹饪方法,33,35,蒸过
356,17,烹饪方法,37,39,压干
356,18,烹饪方法,41,42,切
356,19,烹饪方法,78,82,滚汤焯过
356,20,烹饪方法,89,91,榨干
356,21,烹饪方法,93,95,盐腌
356,22,烹饪方法,108,110,拌匀
356,23,烹饪方法,114,115,泼
356,24,烹饪方法,3,4,干
356,25,烹饪方法,119,121,收贮
356,26,烹饪方法,132,134,蒸烂
356,27,烹饪方法,137,138,搅
356,28,烹饪方法,169,170,煮
356,29,烹饪方法,173,175,切片
356,30,烹饪方法,178,179,配
356,31,食材,193,195,白糖
356,32,食材,57,59,梅卤
356,33,食材,157,160,妤汁汤
356,34,食材,181,183,羹汤
357,1,食材,0,1,鲞
357,2,食材,6,11,宁波淡白豢
357,3,食材,12,15,真黄鱼
357,4,食材,74,76,鲜鲫
357,5,食材,86,88,甜酱
357,6,食材,104,105,茴
357,7,食材,106,107,椒
357,8,食材,112,114,柘枝
357,9,食材,119,122,紫蔗皮
357,10,食材,123,125,荔壳
357,11,食材,126,130,松壳碎末
357,12,食材,138,140,鲜鱼
357,13,食材,178,181,好肉汤
357,14,食材,196,197,糟
357,15,食材,221,222,盐
357,16,食材,250,251,酒
357,17,烹饪方法,28,30,蒸熟
357,18,烹饪方法,41,43,酥炙
357,19,烹饪方法,44,46,焙燥
357,20,烹饪方法,47,49,研粉
357,21,烹饪方法,96,99,净油烹
357,22,烹饪方法,114,115,薰
357,23,烹饪方法,163,167,上笼蒸熟
357,24,烹饪方法,181,183,煮熟
357,25,烹饪方法,16,18,日晒
357,26,烹饪方法,254,256,和匀
357,27,烹饪方法,256,258,入瞟
357,28,食疗方,69,73,熏鲫
357,29,禁忌,60,66,黄枯鲞不堪用
358,1,食材,28,30,香椿
358,2,食味,169,170,甘
358,3,食性,171,172,平
358,4,功效,196,200,健胃理气
358,5,禁忌,81,85,赤芥有毒
358,6,禁忌,86,90,食之杀人
358,7,禁忌,93,98,三月食陈菹
358,8,禁忌,100,107,至夏生热病恶疮
358,9,禁忌,108,115,十月食霜打黄叶
358,10,禁忌,124,130,令人面枯无光
358,11,食材,236,238,陈菹
359,1,食材,26,28,海蜇
359,2,食材,32,34,豆腐
359,3,食材,48,50,酒酿
359,4,食材,51,53,酱油
359,5,食材,54,56,花椒
359,6,食材,212,214,鲈鱼
359,7,食材,118,122,香柔花叶
359,8,烹饪方法,34,35,煮
359,9,烹饪方法,56,57,醉
359,10,烹饪方法,31,32,拌
359,11,烹饪方法,44,45,切
359,12,烹饪方法,95,96,劈
359,13,烹饪方法,102,103,浸
359,14,烹饪方法,106,107,沥
359,15,烹饪方法,110,112,散置
359,16,烹饪方法,124,126,细切
359,17,烹饪方法,127,128,和
359,18,烹饪方法,129,132,拌匀
359,19,食疗方,295,298,鲈鱼脍
359,20,古籍来源,277,281,大业拾遗
360,1,古籍来源,1,9,中国烹饪古籍丛刊
361,1,食材,30,33,井花水
361,2,食材,15,17,井水
361,3,食材,183,186,白滚水
361,4,食材,218,220,盐汤
361,5,食材,221,223,白糖
361,6,食材,225,227,香露
361,7,烹饪方法,10,12,煮粥
361,8,功效,55,59,润泽益颜
361,9,功效,207,209,开导
361,10,功效,212,214,开爽
361,11,病症,167,169,黄瘦
361,12,病症,170,172,肿痈
361,13,禁忌,142,148,不宜即供饮
361,14,禁忌,174,176,忌之
361,15,禁忌,158,162,空心嗜茶
363,1,食材,44,46,六谷
363,2,食材,46,48,六牲
363,3,食材,246,247,稻
363,4,食材,232,233,黍
363,5,食材,234,235,稷
363,6,食材,236,237,粱
363,7,食材,238,239,麦
363,8,食材,240,241,苁
363,9,食材,250,252,菰米
363,10,食材,291,292,马
363,11,食材,293,294,牛
363,12,食材,295,296,羊
363,13,食材,297,298,豕
363,14,食材,203,204,犬
363,15,食材,76,77,鸡
363,16,食材,58,60,百羞
363,17,食材,60,62,百酱
363,18,食材,307,308,酱
363,19,食材,540,541,鹅
363,20,食材,521,523,鸡肝
363,21,古籍来源,176,178,周礼
363,22,古籍来源,257,260,三字经
363,23,古籍来源,554,556,礼记
363,24,医家,216,218,郑玄
363,25,医家,220,222,郑众
363,26,烹饪方法,13,15,治庖
363,27,烹饪方法,89,91,治厨
363,28,禁忌,80,84,无贪适口
363,29,禁忌,562,570,雏尾不盈握。弗食
363,30,禁忌,571,574,舒雁翠
363,31,禁忌,579,581,鸡肝
364,1,食材,18,19,酒
364,2,食材,35,37,生姜
364,3,食材,41,43,烧酒
364,4,食材,104,106,生酒
364,5,食材,107,109,冷酒
364,6,食材,147,148,茶
364,7,食材,81,83,豆腐
364,8,食材,84,86,豆豉
364,9,食材,87,88,卜
364,10,食性,44,45,寒
364,11,食性,267,268,热
364,12,归经,158,160,肾藏
364,13,归经,211,213,下焦
364,14,功效,240,242,消食
364,15,功效,243,251,去肥浓煎爝之毒
364,16,病症,54,58,烁精耗血
364,17,病症,60,64,助火伤目
364,18,病症,65,71,须发早枯白
364,19,病症,113,117,两腿肤裂
364,20,病症,119,124,出水疯獐肿
364,21,病症,133,135,损目
364,22,病症,138,139,渴
364,23,病症,169,173,腰脚重坠
364,24,病症,174,178,膀胱冷痛
364,25,病症,181,183,水肿
364,26,病症,184,186,消渴
364,27,病症,359,361,孪蹙
364,28,病症,492,496,下焦虚令
364,29,脏腑,403,405,下焦
364,30,禁忌,205,209,不可多饮
364,31,禁忌,254,259,空心尤忌之
364,32,禁忌,271,280,饮冷茶未有不成疾者
364,33,禁忌,72,76,禁之可也
364,34,禁忌,126,131,多不可治
364,35,禁忌,162,167,为停毒之水
364,36,古籍来源,551,558,孟子.告子章句
365,1,食材,53,54,猪
365,2,食材,57,58,鱼
365,3,食材,61,62,鸡
365,4,食材,66,67,蟹
365,5,食材,88,89,蟹
365,6,食材,200,202,山药
365,7,食材,203,205,百合
365,8,食材,206,209,羊眼豆
365,9,禁忌,80,84,不可多食
365,10,病症,143,145,腹痛
365,11,烹饪方法,156,157,蒸
365,12,烹饪方法,165,166,煮
365,13,烹饪方法,194,195,蒸
365,14,古籍来源,35,42,《混俗颐生论》
366,1,食材,6,7,酒
366,2,食材,66,67,饭
366,3,食材,288,289,黍
366,4,食材,421,422,麸
366,5,食材,426,428,熟米
366,6,食材,433,434,米
366,7,古籍来源,46,50,《说文》
366,8,古籍来源,228,234,《说文解字》
366,9,古籍来源,366,372,《齐民要术》
366,10,烹饪方法,97,98,酿
366,11,烹饪方法,92,93,投
366,12,烹饪方法,143,144,酸
366,13,食味,84,85,甜
366,14,食味,311,312,酸
366,15,食味,156,158,不甜
366,16,病症,262,264,坏饭
366,17,病症,58,59,馊
366,18,病症,303,305,馊味
367,1,古籍来源,3,8,《痘疹论》
367,2,病症,13,17,痘疮倒陷
367,3,病症,21,25,风寒外袭
367,4,病症,37,41,身痛肢厥
367,5,功效,42,46,温肌散邪
367,6,食材,59,63,霜后荷叶
367,7,食材,66,69,紫背者
367,8,烹饪方法,69,70,炙
367,9,烹饪方法,77,80,炒去丝
367,10,功效,106,110,升发阴气
367,11,功效,111,114,散瘀血
367,12,功效,115,118,留好血
367,13,功效,122,128,解结滞之气
367,14,食疗方,158,161,南金散
367,15,病症,164,168,阳水浮肿
367,16,食材,170,173,败荷叶
367,17,烹饪方法,173,177,烧存性
367,18,烹饪方法,177,178,研
367,19,食材,183,185,米饮
367,20,病症,191,195,谈般痈肿
367,21,食材,196,199,荷叶蒂
367,22,烹饪方法,204,206,煎汤
367,23,烹饪方法,206,208,淋洗
367,24,食材,215,218,寒水石
367,25,食材,220,223,腊猪脂
367,26,病症,233,237,孕妇伤寒
367,27,病症,238,242,大热烦渴
367,28,病症,243,247,恐伤胎气
367,29,食材,249,252,卷荷叶
367,30,食材,258,260,蚌粉
367,31,烹饪方法,263,264,研
367,32,食材,269,272,新汲水
367,33,食材,273,274,蜜
367,34,食疗方,285,288,罩胎散
367,35,病症,291,297,胎动巳见黄水
367,36,食材,298,301,干荷蒂
367,37,烹饪方法,305,307,炙研
367,38,食材,308,312,稷米淘汁
367,39,病症,319,322,赤白痢
367,40,食材,323,325,荷叶
367,41,烹饪方法,325,327,煅研
367,42,食材,332,334,糖汤
367,43,病症,337,339,脱肛
367,44,食材,340,343,贴水荷
367,45,烹饪方法,344,346,焙研
367,46,食材,93,94,酒
367,47,食材,355,357,荷叶
367,48,病症,365,369,赤迸火丹
367,49,食材,370,374,新生荷叶
367,50,烹饪方法,374,376,杵烂
367,51,食材,378,379,盐
367,52,病症,382,386,阴肿痛痒
367,53,食材,387,389,荷叶
367,54,食材,390,392,浮萍
367,55,食材,393,395,蛇床
367,56,烹饪方法,397,399,煎汤
367,57,食材,150,152,龙脑
367,58,食材,489,491,冰片
367,59,食材,495,497,蛇床
367,60,功效,524,528,温肾阳
367,61,病症,531,533,阴痿
368,1,食材,653,655,麸皮
369,1,食材,8,9,葱
369,2,食性,13,14,平
369,3,食味,12,13,甘
369,4,功效,15,19,利肺逋肠
369,5,功效,21,24,散痈肿
369,6,功效,25,29,祛风达表
369,7,功效,31,35,安胎止痛
369,8,功效,38,42,通乳和莺
369,9,病症,44,48,霍乱转筋
369,10,病症,50,54,弈豚脚气
369,11,功效,55,59,调二便
369,12,功效,60,63,杀诸虫
369,13,功效,64,69,理跌扑金港
369,14,功效,70,75,制鱼肉诸莓
369,15,禁忌,106,110,忌同蜜食
369,16,病症,112,116,胎动下血
369,17,食材,203,205,葱白
369,18,烹饪方法,119,120,煎
369,19,病症,141,143,中恶
369,20,食材,150,153,葱心黄
369,21,烹饪方法,154,155,刺
369,22,病症,188,193,自缢垂死
369,23,病症,195,201,小儿无故卒死
369,24,食材,263,265,葱白
369,25,烹饪方法,205,206,纳
369,26,病症,226,234,小儿盘肠内钓腹痈
369,27,烹饪方法,243,244,拷
369,28,食材,117,118,葱
369,29,病症,258,262,小便闭胀
369,30,烹饪方法,270,271,炒
369,31,烹饪方法,281,282,熨
369,32,病症,287,291,陟煲龇蒲
369,33,烹饪方法,292,293,煨
369,34,食材,178,179,葱
369,35,食材,295,296,盐
369,36,烹饪方法,296,298,杵烂
369,37,烹饪方法,298,299,涂
370,1,食材,9,11,羊脂
370,2,食味,13,14,甘
370,3,食性,15,16,温
370,4,功效,17,19,润燥
370,5,病症,21,23,劳痢
370,6,功效,24,27,泽肌肤
370,7,功效,28,33,补胃耐饥
370,8,功效,34,37,御风褰
370,9,病症,39,40,痿
370,10,病症,41,42,瘅
370,11,功效,43,45,杀虫
370,12,病症,47,48,癣
370,13,功效,49,53,利产舒筋
370,14,禁忌,54,61,多食襟湿酿痰
370,15,禁忌,62,66,外感不清
370,16,病症,77,81,妇人阴脱
370,17,病症,82,86,赤丹如疥
370,18,烹饪方法,88,89,煎
370,19,食材,89,91,羊脂
370,20,烹饪方法,91,92,涂
370,21,病症,94,98,发背初起
370,22,食材,99,101,羊脂
370,23,烹饪方法,101,103,切片
370,24,烹饪方法,106,108,浸贴
370,25,病症,115,119,误吞针铁
370,26,食材,122,124,羊脂
370,27,食材,130,132,羊脑
370,28,食味,134,135,甘
370,29,食性,136,137,温
370,30,病症,139,143,风寒入脑
370,31,病症,145,150,头疼久不愈
370,32,禁忌,154,160,多食发风生热
370,33,禁忌,161,165,馀病皆忌
370,34,食材,167,170,羊骨髓
370,35,食味,171,172,甘
370,36,食性,173,174,温
370,37,功效,175,178,润五肫
370,38,功效,180,182,充液
370,39,功效,183,186,补诸虚
370,40,功效,187,192,调养菅阴
370,41,功效,194,198,滑利经脉
370,42,功效,207,211,填髓耐饥
370,43,食材,226,228,羊血
370,44,食味,221,222,咸
370,45,食性,232,233,平
370,46,功效,234,239,生饮止诸血
370,47,功效,240,243,解诸莓
370,48,病症,245,247,崩衄
370,49,病症,250,254,死胎不下
370,50,病症,255,261,产后血闷欲绝
370,51,病症,262,266,胎衣不落
370,52,病症,305,307,肠风
370,53,病症,308,310,痔血
370,54,食材,316,319,羊脊骨
370,55,食味,320,321,甘
370,56,食性,322,323,温
370,57,功效,324,326,补肾
370,58,功效,327,331,利督强腰
370,59,功效,332,336,胫骨磨铜
370,60,功效,338,342,头骨消铁
370,61,病症,344,348,羸老胃弱
370,62,食材,349,352,羊脊骨
370,63,烹饪方法,354,356,槌碎
370,64,烹饪方法,357,361,熬取浓汁
370,65,烹饪方法,362,364,煮粥
370,66,病症,369,373,肾箧腰痛
370,67,食材,375,378,羊脊骨
370,68,烹饪方法,380,382,槌碎
370,69,烹饪方法,384,388,熬取浓汁
370,70,食材,391,393,盐料
371,1,食材,68,70,猪胆
371,2,食材,75,77,黑豆
371,3,食材,81,84,麝香
371,4,食材,98,100,生姜
371,5,食材,111,113,猪胆
371,6,食材,117,119,生葱
371,7,食材,127,130,猪胆汁
371,8,食材,132,134,黄檗
371,9,食材,139,142,猪腰子
371,10,食材,143,146,猪内肾
371,11,食味,149,150,甘
371,12,食味,150,151,咸
371,13,食性,152,153,平
371,14,食材,250,253,猪石子
371,15,食材,254,256,外肾
371,16,食味,258,259,甘
371,17,食味,260,261,咸
371,18,食性,262,263,温
371,19,功效,264,266,通肾
371,20,病症,269,271,五癃
371,21,病症,273,278,奔豚茎痛
371,22,病症,280,283,阴阴易
371,23,病症,284,288,少腹急痛
371,24,病症,289,293,颠摘惊恐
371,25,病症,294,298,鬼蛀蛊薛
371,26,食材,311,313,猪脾
371,27,食材,316,318,联贴
371,28,食味,325,326,甘
371,29,食性,327,328,平
371,30,功效,329,331,消痞
371,31,食材,339,341,猪胃
371,32,食材,344,346,猪睹
371,33,食味,348,349,甘
371,34,食性,350,351,温
371,35,功效,352,354,补胃
371,36,功效,356,360,益气充饥
371,37,病症,363,366,赤自猁
371,38,病症,369,373,中厌学病
371,39,病症,376,380,下痢脓血
371,40,病症,381,385,赤血相架
371,41,病症,60,63,赤白痢
371,42,病症,104,108,疔疮恶毒
371,43,病症,123,126,烫火伤
371,44,病症,172,174,腰痛
371,45,病症,227,233,痈疽发背初起
371,46,禁忌,214,218,诸病皆忌
371,47,禁忌,219,225,小儿尤不可食
371,48,烹饪方法,155,156,煮
371,49,烹饪方法,49,50,研
371,50,烹饪方法,120,121,敷
371,51,烹饪方法,136,137,涂
371,52,烹饪方法,244,245,杵
371,53,烹饪方法,87,89,阴干
371,54,烹饪方法,113,115,风干
371,55,烹饪方法,168,170,生啖
371,56,烹饪方法,205,207,点食
372,1,食材,62,63,醋
372,2,食材,148,149,糟
372,3,食材,281,282,蜜
372,4,食性,153,154,温
372,5,食性,331,332,凉
372,6,食性,335,336,平
372,7,食味,151,152,甘
372,8,食味,152,153,辛
372,9,功效,0,2,下气
372,10,功效,29,31,收敛
372,11,功效,155,159,醒脾消食
372,12,功效,160,163,调脏腑
372,13,功效,307,311,补中益气
372,14,功效,312,316,养液安神
372,15,功效,323,327,杀虫解毒
372,16,病症,32,36,风寒咳嗽
372,17,病症,37,41,外感疟痢
372,18,病症,79,83,产后血运
372,19,病症,84,88,热病神昏
372,20,病症,89,91,惊恐
372,21,病症,95,97,客忤
372,22,病症,98,100,中恶
372,23,病症,127,130,汤火伤
372,24,病症,209,213,发风动疾
372,25,病症,214,216,痧痘
372,26,病症,217,219,产后
372,27,病症,220,222,咽喉
372,28,病症,223,225,目疾
372,29,病症,226,228,血崧
372,30,病症,229,231,疮疟
372,31,病症,271,275,蛇虫蜂螯
372,32,病症,454,458,痰湿肉盛
372,33,病症,459,463,胀满呕吐
372,34,脏腑,318,319,肺
372,35,烹饪方法,353,354,炼
372,36,烹饪方法,364,365,煮
372,37,烹饪方法,399,400,熬
372,38,烹饪方法,432,433,渍
372,39,禁忌,46,47,忌
372,40,禁忌,448,453,忌同葱食
372,41,禁忌,464,466,亦忌
372,42,禁忌,232,235,均忌之
372,43,禁忌,258,263,非病人所宜
372,44,古籍来源,49,55,《续文献》
372,45,食材,142,144,大黄
372,46,食材,276,278,酒糟
372,47,食材,239,240,油
372,48,食材,104,106,铁器
372,49,食材,557,558,铁
373,1,食材,63,66,小爱面
373,2,食性,68,69,温
373,3,食味,67,68,甘
373,4,功效,70,73,补箧乏
373,5,功效,74,77,实皮肤
373,6,功效,78,81,厚肠胃
373,7,功效,82,86,强筋力
373,8,食材,201,203,白面
373,9,食材,204,206,栀子
373,10,烹饪方法,207,208,捣
373,11,烹饪方法,212,213,调
373,12,病症,194,198,跌打挫肭
373,13,病症,216,222,远行脚跣成疱
373,14,病症,231,235,大衄血出
373,15,食材,238,241,飞罗面
373,16,食材,245,246,盐
373,17,烹饪方法,253,254,服
373,18,病症,259,263,大便久犸
373,19,食材,264,267,飞罗面
373,20,烹饪方法,267,268,炒
373,21,食材,273,276,白沙糟
373,22,食材,278,280,炒盐
373,23,烹饪方法,281,283,调服
373,24,食材,285,286,轶
373,25,病症,294,298,身体疼痛
373,26,病症,301,307,疮疡溃烂沾渍
373,27,医家,309,311,翟氏
373,28,医家,313,316,程瑶田
373,29,食材,353,355,小麦
373,30,食材,463,465,黄栀
373,31,食材,468,470,山栀
373,32,食材,513,515,飞穸
373,33,食材,224,226,白面
374,1,食材,80,82,丝瓜
374,2,食性,8,10,甘平
374,3,食味,89,90,甘
374,4,功效,11,14,祛风热
374,5,病症,16,20,皮肤浮胂
374,6,病症,23,27,跌扑诸伤
374,7,功效,31,33,清暑
374,8,病症,35,39,疟痢泄泻
374,9,功效,40,42,止渴
374,10,病症,43,45,蜂螫
374,11,病症,46,48,恶疮
374,12,功效,67,75,治肺热痰火内痈
374,13,功效,97,101,安胎行乳
374,14,功效,102,107,调营补阳
374,15,功效,108,112,通络杀虫
374,16,功效,113,117,理疝消肿
374,17,功效,118,120,化痰
374,18,功效,142,146,化湿除黄
374,19,功效,147,151,息风止血
374,20,病症,153,157,痘疮不快
374,21,食材,175,178,老丝瓜
374,22,烹饪方法,185,188,烧存性
374,23,烹饪方法,189,190,研
374,24,食材,191,194,沙糖汤
374,25,病症,198,200,喉瘅
374,26,烹饪方法,203,205,持汁
374,27,病症,209,213,痈疽不敛
374,28,烹饪方法,216,218,挎汁
374,29,病症,222,224,酒痢
374,30,病症,226,230,便血腹痛
374,31,病症,233,237,肛门崽痔
374,32,食材,239,242,干丝瓜
374,33,烹饪方法,291,294,煅存性
374,34,烹饪方法,249,250,研
374,35,食材,251,252,酒
374,36,功效,256,262,兼治乳汁不通
374,37,病症,263,267,经阻气痛
374,38,病症,268,271,腰痛
374,39,病症,272,274,疝痛
374,40,病症,275,277,酒积
374,41,病症,279,280,疽
374,42,功效,284,288,化痰止嗽
374,43,食材,297,299,枣肉
374,44,烹饪方法,299,300,丸
374,45,病症,312,316,风热牙疼
374,46,食材,201,203,丝瓜
374,47,食材,323,324,盐
374,48,烹饪方法,327,330,煅存性
374,49,烹饪方法,294,295,研
374,50,病症,337,339,腮肿
374,51,病症,345,349,小儿浮肿
374,52,食材,214,216,丝瓜
374,53,食材,354,356,灯薪
374,54,食材,358,359,葱
374,55,烹饪方法,364,365,煎
374,56,食材,29,30,叶
374,57,功效,395,397,消暑
374,58,病症,386,388,痧秽
374,59,病症,390,392,腹痛
374,60,病症,1,3,肠痈
374,61,烹饪方法,242,243,煅
375,1,食材,0,2,肝阴
375,2,功效,5,8,充骨液
375,3,功效,9,13,养筋活血
375,4,病症,15,16,疽
375,5,病症,21,23,跌打
375,6,病症,28,30,筋断
375,7,病症,30,32,诸伤
375,8,食材,34,36,鲜鱼
375,9,食材,37,39,茛菪
375,10,食材,40,41,漆
375,11,功效,45,47,辟邪
375,12,功效,47,50,破血
375,13,食材,51,52,爪
375,14,功效,55,59,催产堕胎
375,15,食材,109,110,姜
375,16,食材,110,111,醋
375,17,禁忌,117,119,多食
375,18,病症,122,125,风积泠
375,19,病症,129,133,中气箧塞
375,20,病症,134,138,时感未清
375,21,病症,139,141,痰嗽
375,22,病症,141,143,便泻
375,23,禁忌,146,148,均忌
375,24,食材,164,166,紫苏
375,25,食材,167,170,冬瓜
375,26,食材,171,173,芦根
375,27,食材,174,176,蒜汁
375,28,禁忌,182,185,反荆芥
375,29,禁忌,187,191,忌同柿食
375,30,病症,196,198,腹痛
375,31,病症,198,200,吐利
375,32,食材,203,205,丁香
375,33,食材,206,208,木香
375,34,食材,211,212,梅
375,35,烹饪方法,227,229,盐渍
375,36,烹饪方法,230,232,酒浸
375,37,烹饪方法,233,234,糟
375,38,烹饪方法,235,236,酱
375,39,食材,241,243,皂荚
375,40,食材,247,248,蜜
375,41,食味,251,252,辛
375,42,食味,253,254,咸
375,43,食性,255,256,平
375,44,功效,257,259,杀虫
375,45,功效,260,262,疗痔
375,46,禁忌,263,267,多食发嗽
375,47,病症,271,273,癣疮
375,48,食材,286,288,蛎黄
375,49,食味,290,291,甘
375,50,食性,292,293,平
375,51,功效,294,297,补五脏
375,52,功效,297,299,调中
375,53,功效,300,303,解丹毒
375,54,功效,304,306,析酲
375,55,功效,307,310,止渴
375,56,功效,311,313,活血
375,57,功效,314,316,充肌
375,58,食材,347,348,蚌
375,59,食味,350,351,甘
375,60,食味,352,353,咸
375,61,食性,152,153,寒
375,62,功效,356,360,请热滋阴
375,63,功效,361,365,养肝凉血
375,64,功效,366,369,息风解
376,1,食材,5,7,卣梅
376,2,食材,13,15,轻粉
376,3,食材,18,20,麻油
376,4,食材,61,63,乌梅
376,5,食材,68,70,米饮
376,6,食材,90,92,乌梅
376,7,食材,41,43,鸟梅
376,8,食材,106,108,鱼鲜
376,9,食材,112,114,梅花
376,10,食材,122,123,蜜
376,11,食材,127,128,茶
376,12,食材,131,132,露
376,13,食材,136,137,粥
376,14,食材,163,165,梅叶
376,15,食材,186,187,杏
376,16,食材,277,279,杏仁
376,17,食材,292,294,杏仁
376,18,食材,312,314,杏仁
376,19,食材,327,329,杏仁
376,20,食味,189,191,甘酸
376,21,食味,263,264,苦
376,22,食性,191,192,温
376,23,功效,200,204,润肺生津
376,24,功效,151,155,舒肝解郁
376,25,功效,156,161,清火稀痘
376,26,功效,166,169,解水毒
376,27,病症,0,4,乳痈肿毒
376,28,病症,24,26,初起
376,29,病症,27,29,巳溃
376,30,病症,34,38,诸疮努肉
376,31,病症,51,53,久崩
376,32,病症,53,55,久痢
376,33,病症,56,60,便血日久
376,34,病症,76,78,虻虫
376,35,病症,85,89,鱿结腹痛
376,36,病症,97,101,指头肿痛
376,37,病症,272,276,阴疮烂痛
376,38,病症,287,291,阴户虫痒
376,39,病症,320,326,小儿脐烂成风
376,40,病症,335,337,努肉
376,41,病症,351,353,鱿虫
376,42,烹饪方法,7,8,煅
376,43,烹饪方法,10,11,研
376,44,烹饪方法,44,47,烧存性
376,45,烹饪方法,47,48,研
376,46,烹饪方法,63,66,烧存性
376,47,烹饪方法,92,94,煎汤
376,48,烹饪方法,108,110,拷封
376,49,烹饪方法,241,243,蜜渍
376,50,烹饪方法,279,281,烧黑
376,51,烹饪方法,282,284,研膏
376,52,烹饪方法,294,297,烧存性
376,53,烹饪方法,298,300,研烂
376,54,烹饪方法,314,316,杵膏
376,55,烹饪方法,329,332,去皮研
376,56,禁忌,213,218,多食生痰热
376,57,禁忌,220,223,动宿疾
376,58,禁忌,267,270,不堪食
377,1,食材,76,77,鲱
377,2,食材,101,103,青鱼
377,3,功效,107,111,补胃醒脾
377,4,功效,112,116,温营化食
377,5,病症,127,128,疥
377,6,病症,128,130,动风
377,7,禁忌,131,136,诸病人均忌
377,8,食材,138,140,鳟鱼
377,9,食味,148,149,甘
377,10,食性,150,151,温
377,11,禁忌,159,166,多食动风生热
377,12,食材,168,170,鲻鱼
377,13,食味,172,173,甘
377,14,食性,174,175,平
377,15,功效,176,179,补五脏
377,16,功效,180,182,开胃
377,17,功效,183,186,肥健人
377,18,食材,250,252,白鱼
377,19,食味,259,260,甘
377,20,食性,261,262,温
377,21,功效,263,267,开胃下气
377,22,功效,268,272,行水助脾
377,23,功效,274,278,发痘排脓
377,24,禁忌,285,289,多食发疥
377,25,禁忌,290,294,动气生痰
377,26,食材,296,298,鳐鱼
377,27,食味,311,312,甘
377,28,食性,313,314,温
377,29,功效,315,317,暖胃
377,30,食材,326,329,石首鱼
377,31,食味,342,343,甘
377,32,食性,344,345,温
377,33,功效,346,350,开胃补气
377,34,功效,352,354,填精
377,35,禁忌,365,371,多食发疮助燕
377,36,禁忌,372,377,病入忌之
377,37,功效,405,410,愈腹胀泻掬
378,1,食材,2,3,雄
378,2,食材,14,16,火腱
378,3,食材,17,19,簿参
378,4,烹饪方法,20,22,煨食
378,5,功效,23,25,补力
378,6,禁忌,29,35,多食滞气滑肠
378,7,病症,37,41,阀虚脾弱
378,8,病症,42,46,外感未清
378,9,病症,48,50,痞胀
378,10,病症,51,53,脚气
378,11,病症,54,58,便泻肠风
378,12,禁忌,59,62,皆忌之
378,13,食材,64,65,血
378,14,烹饪方法,65,67,热饮
378,15,功效,68,73,救中恶溺死
378,16,食材,77,79,金银
378,17,食材,80,82,丹石
378,18,食材,83,85,砒霜
378,19,食材,86,88,野葛
378,20,食材,89,91,亚片
378,21,病症,93,95,蛊毒
378,22,食材,110,111,卵
378,23,食性,114,116,纯阴
378,24,食性,117,119,性褰
378,25,禁忌,120,122,难熟
378,26,禁忌,124,126,滞气
378,27,禁忌,127,131,甚于鸡子
378,28,禁忌,132,138,诸病皆不可食
378,29,食材,141,142,醯
378,30,烹饪方法,146,148,煮食
378,31,功效,155,158,愈泻痢
378,32,食材,164,166,皮蛋
378,33,食材,168,170,糟蛋
378,34,食味,175,176,香
378,35,食味,177,178,美
378,36,禁忌,180,185,非病人所宜
378,37,食材,187,188,雉
378,38,食味,195,196,甘
378,39,食性,197,198,温
378,40,功效,199,203,补中益气
378,41,功效,204,207,止泄痢
378,42,功效,208,212,除蚁瘘
378,43,禁忌,213,217,冬月无毒
378,44,禁忌,218,222,多食损人
378,45,病症,223,225,发痔
378,46,禁忌,225,230,诸病人忌之
378,47,禁忌,231,248,勿与竣麦胡桃木耳菌覃同食
378,48,禁忌,249,254,春夏秋皆毒
378,49,食材,287,288,鸪
378,50,食味,290,291,甘
378,51,食性,292,293,温
378,52,功效,294,299,利五肫开胃
378,53,功效,300,303,益心神
378,54,食材,305,307,野葛
378,55,食材,308,310,菌蕈
378,56,食材,311,313,生金
378,57,病症,314,316,蛊毒
378,58,禁忌,346,351,多食发脑痛
378,59,病症,352,354,喉痈
378,60,食材,387,389,竹鸡
378,61,食味,391,392,甘
378,62,食性,393,394,平
378,63,功效,404,409,杀腹内诸虫
378,64,食材,411,412,鹈
378,65,食味,413,414,甘
378,66,食性,415,416,平
378,67,功效,417,422,和胃消结热
378,68,功效,423,427,利水化湿
378,69,功效,429,432,止疳痢
378,70,功效,434,437,除膨胀
378,71,功效,438,441,愈久泻
378,72,食材,443,445,鹧鸪
378,73,食材,470,471,鸫
379,1,食材,10,12,猸肉
379,2,食味,19,20,甘
379,3,食性,21,22,平
379,4,功效,23,27,下气杀虫
379,5,病症,30,32,反胃
379,6,病症,33,35,痔漏
379,7,功效,59,62,治遗精
379,8,食材,94,95,鸡
379,9,食味,97,98,甘
379,10,食性,99,100,温
379,11,功效,101,105,补虚暖胃
379,12,功效,106,109,强筋骨
379,13,功效,110,113,续绝伤
379,14,功效,114,119,话血调经
379,15,功效,120,123,拓痈疽
379,16,功效,124,127,止崩带
379,17,功效,128,133,节小便频数
379,18,功效,134,139,主娩后虚羸
379,19,食材,170,173,鸟骨鸡
379,20,功效,173,175,滋补
379,21,禁忌,178,184,多食生热动风
379,22,病症,186,188,时感
379,23,病症,192,194,痘疹
379,24,病症,196,198,疮疡
379,25,病症,200,202,疟痢
379,26,病症,203,205,疳疽
379,27,病症,206,210,肝气目疾
379,28,病症,211,214,喉症
379,29,病症,215,217,脚气
379,30,病症,217,220,诸风病
379,31,禁忌,221,224,皆忌之
379,32,禁忌,229,233,愈老愈毒
379,33,禁忌,234,241,诸病均不可食
379,34,食材,302,305,鸡冠血
379,35,病症,255,259,中恶昏愦
379,36,食材,261,264,丹雄鸡
379,37,病症,314,318,无故卒死
379,38,病症,320,327,寝卧奄忽而绝
379,39,病症,330,332,中恶
379,40,烹饪方法,15,16,刺
379,41,烹饪方法,338,339,涂
379,42,烹饪方法,349,350,滴
379,43,病症,356,360,卒缢垂死
379,44,烹饪方法,80,81,刺
379,45,烹饪方法,377,378,滴
379,46,病症,383,387,卒然忤死
379,47,烹饪方法,333,334,刺
379,48,食材,400,403,真珠末
379,49,烹饪方法,404,405,丸
379,50,烹饪方法,410,411,纳
380,1,食材,45,47,麻油
380,2,食材,110,113,生麻油
380,3,食材,1,2,葱
380,4,食材,153,155,茶油
380,5,食材,253,255,豆油
380,6,食材,315,317,莱油
380,7,食性,156,158,甘凉
380,8,食性,256,259,甘辛温
380,9,食性,319,322,甘辛温
380,10,功效,158,160,润燥
380,11,功效,161,165,清热息风
380,12,功效,166,170,解莓杀虫
380,13,功效,171,176,止利头目
380,14,功效,259,261,润燥
380,15,功效,262,266,解毒杀虫
380,16,功效,323,327,润燥杀虫
380,17,功效,328,331,散火丹
380,18,功效,332,335,消肿毒
380,19,病症,52,56,肿毒初起
380,20,病症,120,124,打扑伤肿
380,21,病症,345,347,时感
380,22,病症,348,350,痧胀
380,23,病症,351,353,目疾
380,24,病症,354,356,喉症
380,25,病症,357,359,效血
380,26,病症,360,362,疮伤
380,27,病症,364,366,痧痘
380,28,病症,368,370,疟疾
380,29,病症,421,424,汤火伤
380,30,病症,425,427,刮痧
380,31,禁忌,371,376,产后并忌之
380,32,禁忌,378,388,有微毒而能发风动疾也
380,33,烹饪方法,60,61,煎
380,34,烹饪方法,127,129,熬熟
380,35,烹饪方法,187,189,蒸熟
380,36,烹饪方法,267,269,熬熟
380,37,烹饪方法,420,421,涂
380,38,烹饪方法,178,179,调
381,1,食材,5,7,猪油
381,2,食材,22,25,肥猪脂
381,3,食材,70,72,猪脂
381,4,食材,97,99,猎脂
381,5,食材,111,113,猪脑
381,6,食材,152,154,猪雁
381,7,食材,332,334,猪肺
381,8,食味,160,161,甘
381,9,食性,162,163,平
381,10,功效,164,166,润燥
381,11,功效,168,172,涤垢化痰
381,12,功效,174,176,运食
381,13,功效,177,179,清胎
381,14,功效,180,184,泽颜止嗽
381,15,功效,250,253,消积滞
381,16,功效,339,341,补肫
381,17,功效,343,346,止虚嗽
381,18,功效,347,352,治肺痿咳血
381,19,病症,13,15,痘疮
381,20,病症,16,18,便秘
381,21,病症,60,62,乳痈
381,22,病症,64,69,发背诸肿毒
381,23,病症,92,96,误吞铁钉
381,24,病症,125,128,诸痈肿
381,25,病症,130,135,手足皲裂
381,26,病症,146,150,筋软阴痿
381,27,病症,205,209,子宫不挣
381,28,病症,256,260,疳黄诸病
381,29,病症,353,358,上消诸症
381,30,脏腑,298,299,肺
381,31,脏腑,188,190,子宫
381,32,烹饪方法,29,30,煮
381,33,烹饪方法,213,215,蒸煮
381,34,烹饪方法,382,386,和米作粥
381,35,烹饪方法,389,395,同苡仁末为羹
381,36,禁忌,140,144,多食损人
381,37,禁忌,273,280,虽频食亦无害也
382,1,食材,57,59,胡荽
382,2,食材,274,275,芥
382,3,食材,280,282,芥子
382,4,食材,344,348,雪里蕻
382,5,食味,284,285,辛
382,6,食味,285,286,甘
382,7,食性,287,288,温
382,8,食性,324,325,平
382,9,功效,0,2,止痛
382,10,功效,2,4,卞气
382,11,功效,5,7,通肠
382,12,功效,8,11,杀鱼腥
382,13,功效,12,15,发痘疹
382,14,功效,289,294,御风湿
382,15,功效,301,304,补元阳
382,16,功效,305,309,利肺豁痰
382,17,功效,310,314,和中通窍
382,18,功效,320,322,开胃
382,19,病症,52,54,痘疹
382,20,病症,120,124,痘疹不快
382,21,病症,216,220,胃申热炽
382,22,病症,222,226,毒血聚蓄
382,23,病症,230,232,黑陷
382,24,禁忌,16,20,多食损自
382,25,禁忌,21,26,凡病忌之
382,26,禁忌,234,238,不可不慎
382,27,禁忌,267,272,误人多矣
382,28,烹饪方法,71,72,煎
382,29,烹饪方法,74,75,沃
382,30,烹饪方法,93,94,喷
382,31,烹饪方法,315,316,醯
382,32,烹饪方法,372,374,压实
382,33,医家,475,478,扬士瀛
383,1,食材,14,16,脂麻
383,2,食材,51,53,脂麻
383,3,食材,68,70,脂麻
383,4,食材,87,89,脂麻
383,5,食材,97,99,脂麻
383,6,食材,186,188,脂麻
383,7,食材,94,96,麻酱
383,8,食材,264,266,麻油
383,9,食材,332,334,麻油
383,10,食材,334,336,白蜜
383,11,食材,361,363,麻油
383,12,食味,190,191,甘
383,13,食性,191,192,凉
383,14,功效,192,194,润燥
383,15,功效,195,197,补液
383,16,功效,197,199,息风
383,17,功效,200,202,解毒
383,18,功效,202,204,杀虫
383,19,功效,205,210,消诸疮肿
383,20,功效,134,136,醒胃
383,21,功效,137,142,润可泽枯
383,22,功效,171,175,滋孺化毒
383,23,病症,11,13,溺血
383,24,病症,37,41,头面诸疮
383,25,病症,42,46,妇人乳疮
383,26,病症,47,49,阴疮
383,27,病症,58,60,谷贼
383,28,病症,78,81,汤火伤
383,29,病症,82,86,诸虫蛟伤
383,30,病症,318,322,漏胎难产
383,31,病症,350,354,小儿丹毒
383,32,病症,355,359,汤火灼伤
383,33,病症,371,375,小儿发热
383,34,病症,383,387,时行痘疹
383,35,禁忌,246,253,大便滑泻者禁之
383,36,烹饪方法,16,18,杵末
383,37,烹饪方法,22,23,浸
383,38,烹饪方法,28,30,绞汁
383,39,烹饪方法,31,32,煎
383,40,烹饪方法,53,55,嚼烂
383,41,烹饪方法,70,72,炒研
383,42,烹饪方法,89,91,生研
383,43,烹饪方法,103,104,磨
383,44,烹饪方法,342,343,煎
383,45,烹饪方法,363,365,涂浸
383,46,烹饪方法,367,368,饮
385,1,食材,0,1,茶
385,2,食味,3,5,微苦
385,3,食味,6,7,甘
385,4,食性,8,9,凉
385,5,功效,10,13,清心神
385,6,功效,14,18,醒睡除烦
385,7,功效,19,23,凉肝胆
385,8,功效,24,28,涤燕消痰
385,9,脏腑,30,32,肺胃
385,10,功效,34,38,明月解涡
385,11,病症,39,41,不渴
385,12,食材,377,379,普洱
385,13,食味,101,103,味重
385,14,功效,103,105,力峻
385,15,功效,106,110,善吐风痰
385,16,功效,111,114,消肉食
385,17,病症,116,121,暑秽痧兵
385,18,病症,123,125,腹痛
385,19,病症,126,129,乾霍乱
385,20,病症,130,132,痢疾
385,21,食材,144,146,诸露
385,22,食材,149,153,谷莱果蔽
385,23,食材,154,158,草木花叶
385,24,烹饪方法,185,187,蒸馏
385,25,食材,194,195,露
385,26,功效,201,205,运胜诸药
385,27,食材,226,228,陈米
385,28,食材,290,292,地黄
385,29,食材,293,295,枸杞
385,30,烹饪方法,256,257,煎
385,31,烹饪方法,305,308,作丸散
385,32,烹饪方法,333,334,丸
385,33,禁忌,339,343,冰麝忌火
385,34,烹饪方法,347,348,丸
385,35,食疗方,352,354,五苓
385,36,食疗方,355,357,六一
386,1,古籍来源,388,392,《医碥》
386,2,医家,506,509,何西池
386,3,医家,513,516,何梦琚
386,4,病症,247,249,疾病
386,5,病症,249,251,诸患
386,6,食材,134,135,水
386,7,烹饪方法,378,379,煎
386,8,功效,400,403,通便
386,9,功效,426,428,取汗
386,10,食材,413,416,逆流水
387,1,食材,31,32,水
387,2,食材,352,353,砒
387,3,食材,508,510,磐石
387,4,食味,529,530,辛
387,5,食性,530,532,大热
387,6,病症,534,536,蹇热
387,7,病症,537,539,鼠瘘
387,8,病症,540,545,蚀创死肌
387,9,病症,547,549,风瘅
387,10,病症,550,553,腹中坚
387,11,古籍来源,517,522,神农本草经
387,12,烹饪方法,315,316,煮
388,1,食材,13,14,水
388,2,病症,26,28,疾病
388,3,烹饪方法,91,92,掘
388,4,古籍来源,89,91,泰西
389,1,食材,16,18,饴糖
389,2,食材,21,23,稻芒
389,3,食材,24,26,鱼骨
389,4,食材,32,34,竹木
389,5,食材,35,37,钱铋
389,6,食材,38,41,中夭雄
389,7,食材,42,44,附子
389,8,食材,45,47,草乌
389,9,食材,78,80,麻油
389,10,食材,107,109,粟米
389,11,食材,127,128,粱
389,12,食材,133,135,小米
389,13,食材,140,144,私杭二米
389,14,食材,166,167,秫
389,15,食材,199,201,黍米
389,16,食材,207,209,黄米
389,17,食材,241,243,稷米
389,18,食材,246,248,商粱
389,19,食材,252,254,芦襟
389,20,食材,287,289,鹅鸭
389,21,食材,294,295,黍
389,22,食材,269,270,稷
389,23,食材,298,299,粟
389,24,食材,308,309,饧
389,25,食性,151,152,凉
389,26,食性,232,233,温
389,27,食味,258,259,甘
389,28,归经,260,262,清胃
389,29,功效,263,268,补气养脾
389,30,功效,274,279,治阴盛阴虚
389,31,病症,0,2,鱼脐
389,32,病症,6,7,煤
389,33,病症,8,9,疽
389,34,病症,11,13,搞疮
389,35,病症,58,62,解银黝毒
389,36,病症,95,99,火烧成疮
389,37,病症,192,194,不寐
389,38,烹饪方法,71,74,作小丸
389,39,烹饪方法,81,83,吞下
389,40,烹饪方法,305,307,酿酒
389,41,禁忌,84,93,须服过百日外方无虑
389,42,医家,169,172,汪谢城
389,43,古籍来源,454,464,<吕氏春砍侏篇>簖
390,1,食材,2,4,砂仁
390,2,食材,14,16,白糖
390,3,食材,32,35,陈粳米
390,4,食材,38,40,砂糖
390,5,食材,80,81,蜜
390,6,食材,145,147,糯米
390,7,食材,157,159,箬叶
390,8,食材,179,181,沙糖
390,9,食材,184,186,大蒜
390,10,食材,197,199,葱白
390,11,食材,203,205,生姜
390,12,食材,208,210,麝香
390,13,食材,231,233,花箬
390,14,食材,240,243,油单纸
390,15,烹饪方法,60,61,春
390,16,烹饪方法,93,94,蒸
390,17,烹饪方法,137,138,裹
390,18,烹饪方法,140,141,蒸
390,19,烹饪方法,249,250,煮
390,20,烹饪方法,243,244,封
390,21,烹饪方法,147,148,蒸
390,22,食疗方,23,30,松糕方
390,23,食疗方,169,178,凡用香头法
390,24,食材,269,271,松糕
391,1,食疗方,0,7,地仙煎
391,2,病症,9,13,腰膝疼痛
391,3,病症,15,21,一切腹内冷病
391,4,功效,22,28,令人颜色悦泽
391,5,功效,29,34,骨髓坚固
391,6,食材,41,43,山药
391,7,食材,49,51,杏仁
391,8,食材,63,66,生牛乳
391,9,烹饪方法,75,76,研
391,10,烹饪方法,85,86,拌
391,11,烹饪方法,86,89,绞取汁
391,12,烹饪方法,95,97,密封
391,13,烹饪方法,99,100,煮
391,14,禁忌,105,113,空心酒调服一匙头
391,15,食疗方,115,122,金水煎
391,16,功效,123,127,延年益寿
391,17,功效,128,132,填精补髓
391,18,功效,134,140,久服发自娈黑
391,19,功效,142,147,返老还童
391,20,食材,149,152,枸杞子
391,21,食材,167,170,无灰酒
391,22,烹饪方法,170,171,浸
391,23,烹饪方法,185,186,研
391,24,烹饪方法,196,199,绞取汁
391,25,烹饪方法,208,212,熬成膏
391,26,烹饪方法,218,220,封贮
391,27,烹饪方法,222,225,重汤煮
391,28,食材,234,236,酥油
391,29,禁忌,240,244,温酒调下
391,30,食疗方,246,255,天门冬膏
391,31,功效,256,263,去积聚风痰癫疾
391,32,病症,264,268,三虿伏尸
391,33,功效,268,271,除瘟疫
391,34,功效,272,276,轻身益气
391,35,功效,278,282,令人不饥
391,36,功效,283,287,延年不老
392,1,食材,0,1,面
392,2,食材,23,25,鸟梅
392,3,食材,30,32,炊盐
392,4,食材,35,37,甘草
392,5,食材,40,43,紫苏叶
392,6,食材,47,49,擅香
392,7,食材,54,56,炒面
392,8,食材,75,78,白太樨
392,9,食材,141,143,盐梅
392,10,食材,173,175,梅花
392,11,食材,202,204,桂花
392,12,食疗方,15,22,梅苏汤
392,13,食疗方,66,73,天香汤
392,14,食疗方,164,171,暗香汤
392,15,食疗方,324,327,梅花汤
392,16,烹饪方法,119,120,捣
392,17,烹饪方法,125,126,榨
392,18,烹饪方法,11,12,点
392,19,烹饪方法,181,182,摘
392,20,烹饪方法,190,191,置
392,21,烹饪方法,154,155,封
392,22,古籍来源,228,237,宋之问<灵隐寺》诗
392,23,古籍来源,342,355,宋代林和靖<山困小梅>诗
393,1,食材,0,1,酥
393,2,食材,8,10,油酥
393,3,食材,13,14,蜜
393,4,食材,17,19,白面
393,5,食材,36,38,猪油
393,6,食材,61,63,糯米
393,7,食材,120,122,白饧
393,8,食材,115,117,酒醅
393,9,食材,181,184,白糖
393,10,食材,184,186,炒面
393,11,食材,192,194,麻布
393,12,食材,232,234,米粉
393,13,食材,239,241,芋末
393,14,食材,267,269,熟油
393,15,食材,273,275,猪脂
393,16,食材,286,287,酒
393,17,食材,302,304,精肉
393,18,烹饪方法,21,22,搜
393,19,烹饪方法,26,30,入印作饼
393,20,烹饪方法,31,33,止炉
393,21,烹饪方法,66,67,捣
393,22,烹饪方法,86,87,和
393,23,烹饪方法,92,93,煮
393,24,烹饪方法,130,131,擀
393,25,烹饪方法,146,147,爝
393,26,烹饪方法,169,170,煤
393,27,烹饪方法,186,187,拌
393,28,烹饪方法,196,197,糁
393,29,烹饪方法,217,219,捍扯
393,30,烹饪方法,219,220,摊
393,31,烹饪方法,225,226,晒
393,32,烹饪方法,279,280,切
393,33,烹饪方法,291,293,搜和
393,34,烹饪方法,299,301,擀开
393,35,烹饪方法,301,302,裹
393,36,烹饪方法,306,311,炉内爝熟
393,37,食疗方,49,59,风消饼方
393,38,食疗方,251,261,肉油饼方
394,1,食材,8,10,山药
394,2,食材,13,15,酥油
394,3,食材,18,20,莲肉
394,4,食材,23,25,冰片
394,5,食材,61,64,葡萄子
394,6,食材,70,71,曲
394,7,食材,101,102,蜜
394,8,食材,123,125,曲末
394,9,食材,128,130,白酵
394,10,食材,204,206,黄精
394,11,食材,217,219,松针
394,12,食材,222,224,白术
394,13,食材,228,230,枸杞
394,14,烹饪方法,29,30,研
394,15,烹饪方法,246,247,煮
394,16,烹饪方法,112,113,煎
394,17,烹饪方法,259,260,浸
394,18,食疗方,0,6,山芋滔
394,19,食疗方,51,58,葡萄酒
394,20,食疗方,195,202,黄精酒
394,21,功效,47,49,有益
394,22,功效,174,178,百脉流畅
394,23,功效,180,184,气运无滞
394,24,功效,282,285,除百病
394,25,功效,286,288,延年
394,26,功效,289,292,娈须发
394,27,功效,293,296,生牙齿
394,28,养生原则,163,173,行功导引之时饮二杯
395,1,食材,3,7,槐实
395,2,食材,12,14,牛胆
395,3,食材,64,66,莲花
395,4,食材,74,76,莲根
395,5,食材,85,87,莲子
395,6,食材,119,121,松根
395,7,食材,167,169,茯苓
395,8,食材,241,242,术
395,9,食材,339,342,天门冬
395,10,烹饪方法,15,16,浸
395,11,烹饪方法,90,92,阴干
395,12,烹饪方法,25,26,吞
395,13,烹饪方法,63,64,采
395,14,烹饪方法,92,93,食
395,15,烹饪方法,122,124,剥取
395,16,烹饪方法,126,128,细到
395,17,烹饪方法,129,131,曝燥
395,18,烹饪方法,133,134,持
395,19,烹饪方法,105,106,食
395,20,烹饪方法,169,171,削去
395,21,烹饪方法,173,175,捣末
395,22,烹饪方法,183,184,渍
395,23,烹饪方法,38,39,发
395,24,烹饪方法,207,209,饵食
395,25,烹饪方法,210,212,造饼
395,26,烹饪方法,219,221,屑服
395,27,烹饪方法,252,253,冼
395,28,烹饪方法,258,259,溃
395,29,烹饪方法,261,262,煮
395,30,烹饪方法,272,273,筛
395,31,功效,31,34,身轻
395,32,功效,44,46,通明
395,33,功效,96,100,令人不老
395,34,功效,143,146,可绝谷
395,35,功效,225,228,不饥渴
395,36,功效,229,233,除病延年
395,37,病症,147,148,渴
395,38,养生原则,42,44,久服
395,39,养生原则,153,157,服食
395,40,古籍来源,48,58,服莲花法
396,1,食材,10,13,桑柴火
396,2,烹饪方法,15,16,炼
396,3,烹饪方法,18,19,熬
396,4,食材,104,106,人参
396,5,食材,139,141,黄精
396,6,食材,171,173,茯苓
396,7,食材,173,175,远志
396,8,食材,207,209,当归
396,9,食材,237,239,鹿茸
396,10,食材,240,242,麋萁
396,11,食材,273,275,琥珀
396,12,食材,319,322,酸枣仁
396,13,食材,356,359,拍子仁
396,14,功效,65,69,轻身延年
396,15,功效,70,74,悦泽颜色
396,16,禁忌,76,79,忌食桃
396,17,食疗方,128,133,长生神芝膏
396,18,食疗方,159,165,三台益算膏
396,19,食疗方,195,200,四仙求志育
396,20,食疗方,225,231,五老朝元膏
396,21,食疗方,262,267,六龙御天膏
396,22,食疗方,308,313,七元归真膏
396,23,食疗方,345,350,八神卫护膏
396,24,食疗方,383,388,九龙扶寿丹
396,25,病症,401,402,病
397,1,食材,141,143,鲚鱼
397,2,食材,181,183,鲤鱼
397,3,食材,234,235,蟹
397,4,食材,247,249,麻油
397,5,食材,257,259,草果
397,6,食材,260,262,茴香
397,7,食材,263,265,砂仁
397,8,食材,266,269,花椒末
397,9,食材,270,272,水姜
397,10,食材,273,275,胡椒
397,11,食材,281,282,葱
397,12,食材,36,37,盐
397,13,食材,283,284,醋
397,14,食材,114,115,鲚
397,15,食材,297,299,刀鱼
397,16,烹饪方法,109,110,炙
397,17,烹饪方法,130,132,炙干
397,18,烹饪方法,152,154,油炙
397,19,烹饪方法,242,244,剁碎
397,20,烹饪方法,250,252,熬熟
397,21,烹饪方法,8,9,腌
397,22,烹饪方法,78,79,擦
397,23,烹饪方法,221,223,拌匀
397,24,烹饪方法,40,42,煎汤
397,25,烹饪方法,75,76,炒
397,26,烹饪方法,147,148,切
397,27,烹饪方法,98,99,压
397,28,烹饪方法,206,208,冼净
397,29,烹饪方法,208,209,酿
397,30,烹饪方法,168,169,封
397,31,烹饪方法,12,13,涂
397,32,烹饪方法,18,19,穿
397,33,烹饪方法,19,20,挂
397,34,烹饪方法,162,163,盛
397,35,烹饪方法,229,231,泥封
397,36,食疗方,171,178,水醯鱼
398,1,食材,11,14,枸杞子
398,2,食材,180,182,黄精
398,3,食材,334,336,白蜜
398,4,食材,341,344,天门冬
398,5,烹饪方法,75,76,熬
398,6,烹饪方法,328,329,蒸
398,7,烹饪方法,244,245,捣
398,8,烹饪方法,233,235,杵碎
398,9,烹饪方法,239,241,阴干
398,10,烹饪方法,251,252,炼
398,11,功效,98,102,明目驻颜
398,12,功效,103,106,壮元气
398,13,功效,109,112,渖肌肤
398,14,功效,280,284,助气固褙
398,15,功效,285,289,补镇丹田
398,16,功效,291,295,活血驻颜
398,17,功效,296,300,长生不老
398,18,食疗方,174,178,二精丸方
398,19,禁忌,114,119,久服大有益
398,20,禁忌,156,164,多煎下赤无妨也
399,1,食材,0,7,红花子
399,2,烹饪方法,10,11,淘
399,3,烹饪方法,17,19,捣碎
399,4,烹饪方法,32,33,煎
399,5,烹饪方法,213,214,煮
399,6,烹饪方法,45,46,挹
399,7,食材,40,41,醋
399,8,食材,62,69,金雀花
399,9,烹饪方法,86,87,焯
399,10,食材,94,96,糖霜
399,11,食材,98,100,油醋
399,12,烹饪方法,100,101,拌
399,13,食材,111,115,寒豆
399,14,烹饪方法,123,125,淘净
399,15,烹饪方法,134,136,包裹
399,16,烹饪方法,157,158,喷
399,17,烹饪方法,169,170,焯
399,18,食材,181,188,黄豆芽
399,19,食材,189,192,大黄豆
399,20,烹饪方法,206,207,淘
399,21,食材,218,220,香荩
399,22,食材,221,223,橙丝
399,23,食材,224,226,木耳
399,24,食材,227,231,佛手柑丝
399,25,烹饪方法,231,232,拌
399,26,食材,237,239,麻油
399,27,食材,240,242,糟霜
399,28,食材,244,245,醋
399,29,食材,251,253,褰豆
399,30,食材,256,258,豌豆
399,31,食材,261,263,蚕豆
400,1,食材,53,55,半夏
400,2,食材,69,73,晋州降香
400,3,食材,79,81,丁皮
400,4,食材,87,90,草豆蔻
400,5,食材,95,97,生姜
400,6,食材,206,210,桔皮
400,7,功效,31,35,开骨健脾
400,8,功效,37,40,止呕吐
400,9,功效,41,46,去脑中焱满
400,10,功效,47,51,兼下肺气
400,11,功效,223,227,消痰止嗽
400,12,功效,228,233,破癞魑痃癖
400,13,病症,324,325,癞
400,14,病症,303,304,痃
400,15,烹饪方法,110,111,洗
400,16,烹饪方法,167,169,焙干
400,17,烹饪方法,122,124,粗挫
400,18,烹饪方法,135,136,煎
400,19,烹饪方法,145,146,浸
400,20,烹饪方法,165,167,水洗
400,21,烹饪方法,181,183,细嚼
400,22,古籍来源,211,216,《日华子》
400,23,医家,256,258,高濂
401,1,食材,8,11,牛奶茄
401,2,食材,32,33,盐
401,3,食材,51,53,薄荷
401,4,食材,227,229,茴香
401,5,食材,64,66,砂糖
401,6,食材,69,70,醋
401,7,食材,102,106,青硬梅子
401,8,食材,109,111,大蒜
401,9,食材,121,123,炒盐
401,10,食材,187,189,青瓜
401,11,食材,205,206,盐
401,12,食材,211,213,生姜
401,13,食材,214,216,陈皮
401,14,食材,217,219,薄荷
401,15,食材,220,222,紧苏
401,16,食材,54,57,茴香
401,17,食材,230,232,砂仁
401,18,烹饪方法,3,4,蒸
401,19,烹饪方法,21,22,切
401,20,烹饪方法,36,38,拌匀
401,21,烹饪方法,38,41,下汤焯
401,22,烹饪方法,46,48,沥干
401,23,烹饪方法,73,74,浸
401,24,烹饪方法,77,79,晒干
401,25,烹饪方法,90,92,压扁
401,26,烹饪方法,92,94,收藏
401,27,烹饪方法,130,131,煎
401,28,烹饪方法,134,135,浸
401,29,烹饪方法,160,162,入瓶
401,30,烹饪方法,196,197,切
401,31,烹饪方法,201,203,去穰
401,32,烹饪方法,223,226,切作丝
401,33,烹饪方法,229,230,炒
401,34,烹饪方法,236,238,拌匀
401,35,烹饪方法,244,246,扎定
401,36,烹饪方法,263,265,晒干
401,37,烹饪方法,266,268,收贮
401,38,烹饪方法,268,270,切碎
401,39,烹饪方法,271,272,晒
402,1,食材,24,26,芡实
402,2,食材,47,49,粳米
402,3,烹饪方法,52,53,煮
402,4,功效,57,60,益精气
402,5,功效,61,64,强智力
402,6,功效,65,68,聪耳目
402,7,食材,79,81,莲肉
402,8,食材,93,95,糯米
402,9,食疗方,70,77,莲子粥
402,10,烹饪方法,86,87,煮
402,11,食材,118,120,竹叶
402,12,食材,255,257,石膏
402,13,食疗方,109,116,竹叶粥
402,14,烹饪方法,134,135,煎
403,1,食材,18,20,茶叶
403,2,食材,66,68,木樨
403,3,食材,69,71,茉莉
403,4,食材,72,74,玫瑰
403,5,食材,75,77,蔷薇
403,6,食材,78,80,兰蕙
403,7,食材,81,83,橘花
403,8,食材,83,85,栀子
403,9,食材,86,88,木香
403,10,食材,89,91,梅花
403,11,烹饪方法,28,30,焙干
403,12,烹饪方法,210,211,煮
403,13,烹饪方法,240,241,煎
403,14,烹饪方法,221,223,封裹
403,15,烹饪方法,224,229,置火止焙干
403,16,禁忌,309,311,勿食
403,17,病症,318,320,颈疾
403,18,食材,257,258,水
403,19,食材,281,283,山水
403,20,食材,285,287,江水
403,21,食材,289,291,井水
403,22,食材,293,297,山水乳泉
403,23,食材,350,356,岩杭湖心水
403,24,食材,357,362,吴山第一泉
403,25,食材,363,366,郭璞井
403,26,食材,367,370,虎跑泉
403,27,食材,371,373,龙井
403,28,食材,374,378,葛仙翁井
404,1,食材,153,156,枸杞子
404,2,食材,158,160,干面
404,3,食材,179,181,红茶
404,4,食材,200,202,酥油
404,5,食材,206,208,香油
404,6,食材,222,223,盐
404,7,食材,256,259,黄牛乳
404,8,食材,312,314,乳饼
404,9,食材,317,319,乳饮
404,10,食性,265,266,平
404,11,功效,238,240,明目
404,12,功效,266,269,补血脉
404,13,功效,270,273,益心气
404,14,功效,274,278,长肌肉
404,15,功效,286,291,润泽面目光
404,16,功效,292,296,悦志不衰
404,17,食疗方,139,146,枸杞茶
404,18,食疗方,242,255,益气牛乳方
404,19,烹饪方法,160,162,拌和
404,20,烹饪方法,165,166,捍
404,21,烹饪方法,171,172,晒
404,22,烹饪方法,173,174,研
404,23,烹饪方法,198,200,炼化
404,24,烹饪方法,228,229,煎
404,25,养生原则,321,330,恒使恣意充足为度
406,1,食材,3,4,茶
406,2,食材,260,262,芽茶
406,3,食材,295,297,细茶
406,4,食材,318,320,橙茶
406,5,食材,321,324,莲花茶
406,6,食材,335,337,莲花
406,7,食材,379,382,箬竹叶
406,8,烹饪方法,64,65,炒
406,9,烹饪方法,65,66,焙
406,10,烹饪方法,267,268,烹
406,11,禁忌,86,89,畏香药
406,12,禁忌,94,97,忌令湿
406,13,禁忌,141,144,不可食
406,14,禁忌,312,316,终不脱俗
406,15,养生原则,75,79,藏茶
406,16,养生原则,55,63,采摘之时天色晴明
406,17,养生原则,69,73,盛贮如法
407,1,食材,62,63,蒜
407,2,食材,65,69,冬瓜
407,3,食材,84,86,白矾
407,4,食材,86,88,石灰
407,5,食材,102,103,盐
407,6,食材,106,108,蒜瓣
407,7,食材,127,128,醋
407,8,食材,138,139,韭
407,9,食材,217,220,小黄瓜
407,10,食材,221,224,小茄儿
407,11,食材,254,259,春不老菜薹
407,12,食材,289,291,萎丝
407,13,食材,292,294,黄豆
407,14,食材,132,133,盐
407,15,食材,308,310,食香
407,16,烹饪方法,20,22,焯过
407,17,烹饪方法,24,26,晒干
407,18,烹饪方法,35,36,浸
407,19,烹饪方法,38,40,压干
407,20,烹饪方法,45,47,拌匀
407,21,烹饪方法,56,58,蒸过
407,22,烹饪方法,77,78,切
407,23,烹饪方法,88,90,煎汤
407,24,烹饪方法,92,94,焯过
407,25,烹饪方法,94,96,漉出
407,26,烹饪方法,96,98,控干
407,27,烹饪方法,111,113,捣砗
407,28,烹饪方法,135,136,腌
407,29,烹饪方法,155,156,冼
407,30,烹饪方法,156,158,控干
407,31,烹饪方法,163,164,铺
407,32,烹饪方法,169,170,糁
407,33,烹饪方法,182,183,腌
407,34,烹饪方法,187,188,翻
407,35,烹饪方法,235,237,拌匀
407,36,烹饪方法,216,217,腌
407,37,烹饪方法,229,231,去水
407,38,烹饪方法,237,240,收贮
407,39,烹饪方法,263,265,去叶
407,40,烹饪方法,265,267,冼净
407,41,烹饪方法,269,270,切
407,42,烹饪方法,291,292,炒
407,43,烹饪方法,314,315,揉
407,44,烹饪方法,117,118,装
407,45,烹饪方法,324,326,候熟
407,46,烹饪方法,101,102,用
408,1,食材,17,18,茶
408,2,食材,11,13,六安
408,3,食材,46,48,龙泓
408,4,食材,91,93,龙井
408,5,食材,59,61,天池
408,6,食材,200,202,天竺
408,7,食材,203,205,灵隐
408,8,食材,214,216,临安
408,9,食材,513,515,于潜
408,10,食材,221,224,天目山
408,11,食材,228,230,掰州
408,12,食材,249,251,闽广
408,13,食材,277,279,岭南
408,14,食材,357,359,茶团
408,15,食材,361,363,茶片
408,16,烹饪方法,27,28,炒
408,17,烹饪方法,83,84,焙
408,18,烹饪方法,365,366,碾
408,19,烹饪方法,366,367,磴
408,20,功效,459,463,消除垢腻
408,21,功效,466,468,去积
408,22,病症,300,304,瘴疠之气
408,23,病症,321,323,成疾
408,24,禁忌,327,330,当慎之
408,25,古籍来源,531,533,茶经
408,26,医家,535,537,陆羽
409,1,食材,111,112,饭
409,2,食材,120,123,五味
409,3,食材,221,224,羹蔬
409,4,食材,344,346,紧菱
409,5,食材,349,351,红芡
409,6,食材,354,360,牛心绿蒂之柿
409,7,食味,139,140,甘
409,8,食味,101,102,淡
409,9,养生原则,133,135,淡食
409,10,养生原则,153,159,思衣食之从来
409,11,养生原则,165,172,思农夫之艰苦
409,12,养生原则,230,234,处贫之逍
409,13,医家,47,50,倪正父
409,14,医家,58,60,鲁苴
409,15,医家,237,240,壬逢原
409,16,古籍来源,62,68,《食时五观》
409,17,古籍来源,241,246,《思归赋》
410,1,食材,148,149,冰
410,2,食性,32,33,寒
410,3,食材,43,44,水
410,4,食材,225,227,冰水
410,5,古籍来源,288,292,《图经》
410,6,医家,351,354,谢灵运
410,7,医家,340,343,谢康乐
410,8,食材,281,285,朱砂汤泉
410,9,食材,309,311,汤泉
411,1,古籍来源,59,63,《楚辞》
411,2,古籍来源,218,223,《博物志》
411,3,食材,68,70,石泉
411,4,食材,40,42,山泉
411,5,食材,451,453,泉水
411,6,食材,298,299,瀑
411,7,食材,307,310,蕨山水
411,8,食材,313,319,洪州天台瀑布
411,9,医家,76,79,皇甫曾
411,10,医家,80,82,陆羽
411,11,医家,400,403,梅尧臣
411,12,医家,332,335,张曲讧
411,13,医家,395,397,张华
411,14,病症,230,231,瘿
411,15,病症,397,398,瘼
411,16,禁忌,275,278,不可食
411,17,禁忌,302,305,不可食
411,18,烹饪方法,209,210,煮
411,19,烹饪方法,282,284,酿酒
411,20,养生原则,86,97,幽期山寺远。野饭石泉清
411,21,养生原则,113,118,烹处石泉嘉
411,22,养生原则,123,131,小石冷泉留早眯
411,23,养生原则,183,204,"流远则味淡,须深潭停蕃, .以复其味乃可食"
412,1,食材,18,20,饮食
412,2,食材,60,62,谷气
412,3,食材,68,70,血气
412,4,食材,76,78,筋力
412,5,脏腑,80,81,脾
412,6,脏腑,82,83,宵
412,7,脏腑,84,86,五脏
412,8,脏腑,89,91,四脏
412,9,脏腑,96,97,脾
412,10,脏腑,101,103,胃气
412,11,食材,50,52,饮食
412,12,食材,65,66,气
412,13,食材,118,119,精
412,14,食材,73,74,气
412,15,食材,131,132,神
412,16,食材,31,32,身
412,17,养生原则,151,159,日用养生务尚淡薄
412,18,养生原则,160,167,勿令生我者害我
412,19,食味,169,172,五味
412,20,脏腑,174,176,五内
412,21,养生原则,181,185,痄生之道
412,22,食材,191,193,荼水
412,23,食材,196,198,粥糜
412,24,食材,198,200,蔬莱
412,25,食材,203,205,脯馔
412,26,食材,206,208,醇醴
412,27,食材,209,211,魉粉
412,28,食材,212,214,糕饼
412,29,食材,215,217,果实
412,30,烹饪方法,234,236,烹炙
412,31,食材,236,238,生灵
412,32,食材,239,241,椒馨
412,33,食材,241,244,珍味
412,34,古籍来源,276,278,仙经
412,35,食疗方,278,280,服饵
412,36,功效,281,285,利益世人
412,37,功效,320,324,却病延年
412,38,养生原则,329,337,量其阴藏阳藏之殊
412,39,食性,344,345,热
412,40,功效,361,365,服食之力
412,41,医家,374,376,高濂
412,42,医家,366,368,高子
413,1,食材,21,22,盐
413,2,食材,23,24,茶
413,3,食材,47,48,榧
413,4,食材,97,99,蒙茶
413,5,食材,106,109,湘潭茶
413,6,食材,113,115,松茗
413,7,食材,123,125,香物
413,8,食材,132,134,真茶
413,9,食材,138,140,杂茶
413,10,食材,168,171,蕨灵仙
413,11,食材,172,175,士茯苓
413,12,食材,180,183,虫君子
413,13,食材,195,197,荼子
413,14,食材,210,212,苦葚
413,15,食材,77,78,酒
413,16,食材,287,289,牛肉
413,17,食材,297,298,乳
413,18,食材,307,309,胡桃
413,19,食材,322,324,猪肉
413,20,食材,331,332,芥
413,21,食材,336,340,辛辣等物
413,22,食材,426,428,丹砂
413,23,食材,429,431,雄黄
413,24,食材,476,479,六安恭
413,25,食材,494,497,史君子
413,26,食材,505,508,使君子
413,27,食材,509,512,留求子
413,28,食材,590,592,苦蓝
413,29,食材,603,605,苦芦
413,30,食材,608,610,苦茶
413,31,食性,101,102,温
413,32,食性,111,112,平
413,33,食性,59,60,热
413,34,食性,216,219,大塞
413,35,食味,28,29,咸
413,36,食味,235,236,甘
413,37,食味,236,237,苦
413,38,食味,237,238,酸
413,39,食味,239,240,辛
413,40,食味,240,241,涩
413,41,功效,202,205,去油腻
413,42,功效,573,577,消积籴虫
413,43,功效,579,585,治小儿疳积
413,44,病症,0,6,腰脚膀胱衿痛
413,45,病症,9,11,水肿
413,46,病症,12,14,挛瘐
413,47,病症,91,95,发黄成癖
413,48,病症,128,130,透骨
413,49,病症,193,194,泻
413,50,病症,220,222,胃冷
413,51,病症,256,260,助火生痪
413,52,病症,261,265,昏神软体
413,53,病症,266,269,损筋骨
413,54,病症,270,273,伤脾胃
413,55,病症,274,277,耗肺气
413,56,病症,279,282,夭人寿
413,57,病症,293,295,生虫
413,58,病症,302,304,气结
413,59,病症,312,314,略血
413,60,病症,325,328,患大风
413,61,病症,341,345,缓人筋骨
413,62,病症,352,356,伤肾聚痰
413,63,病症,358,364,水肿及挛痛
413,64,病症,365,369,腰脚重坠
413,65,病症,370,374,膀胱疝证
413,66,病症,375,379,腹下令痛
413,67,病症,380,384,消褐痰饮
413,68,病症,393,397,精薄无孑
413,69,病症,405,407,瘢风
413,70,病症,408,410,瘫痪
413,71,病症,419,421,痈瘵
413,72,病症,625,628,白癞风
413,73,脏腑,36,37,肾
413,74,烹饪方法,197,198,捣
413,75,禁忌,38,44,空心切不可饮
413,76,禁忌,66,70,宜少勿多
413,77,禁忌,71,75,不饮更妙
413,78,医家,464,466,明代
414,1,食性,1,2,凉
414,2,食材,3,5,生姜
414,3,禁忌,9,18,服苍。自术@者忌之
414,4,食材,20,22,芥莱
414,5,食味,25,26,辛
414,6,食性,28,29,温
414,7,禁忌,30,34,多食昏月
414,8,禁忌,35,39,动风发气
414,9,禁忌,40,50,"司鲫鱼食,;患水肿"
414,10,禁忌,51,62,同兔肉鳖肉食。成恶疮病
414,11,病症,64,71,疮疡痔疾便血
414,12,禁忌,76,83,生食发丹石药莓
414,13,禁忌,84,91,细叶有毛者害人
414,14,食材,92,94,芥薹
414,15,禁忌,94,107,多食。助火生痰。发疮动血
414,16,禁忌,108,117,酒后食多。缓人筋骨
414,17,食材,118,120,芥子
414,18,食味,121,122,辛
414,19,食性,124,125,热
414,20,禁忌,126,133,多食动火昏目
414,21,禁忌,134,138,泄气伤精
414,22,禁忌,139,144,勿同鸡肉食
414,23,食材,146,148,苋莱
414,24,食味,151,152,甘
414,25,食性,154,156,令利
414,26,禁忌,157,163,多食发风动气
414,27,病症,166,168,烦闷
414,28,禁忌,169,174,冷中损腹
414,29,病症,176,180,脾胃泄泻
414,30,禁忌,185,192,同蕨粉食。生癜
414,31,禁忌,194,201,妊妇食之滑胎
414,32,禁忌,202,208,临月食之易产
414,33,禁忌,209,215,不可与鳖同食
414,34,病症,219,221,鳖疲
414,35,食材,256,258,菠菜
414,36,食味,261,262,甘
414,37,食性,264,266,冷滑
414,38,禁忌,267,273,多食令人脚弱
414,39,病症,276,278,腰痛
414,40,禁忌,279,283,动冷气
414,41,禁忌,284,292,先患腹冷者必破腹
414,42,病症,303,305,霍乱
414,43,食材,345,348,莴苣菜
414,44,食味,351,353,甘苦
414,45,食性,164,165,令
414,46,禁忌,360,366,多食昏人目
414,47,禁忌,368,372,瘘阴道
414,48,禁忌,373,379,患冷人不宜食
414,49,禁忌,381,386,紫色者有毒
414,50,食材,408,409,萎
414,51,食材,412,413,崧
414,52,食材,425,427,苍术
414,53,食材,420,422,白术
414,54,食味,525,526,甘
414,55,食味,526,527,苫
414,56,食性,531,532,温
414,57,功效,534,539,健脾益气
414,58,病症,541,545,脾虚泄泻
414,59,病症,546,550,水肿凝饮
414,60,食材,554,556,菠莱
414,61,食材,578,580,鳝鱼
414,62,食材,583,585,鳟鱼
414,63,食材,596,598,莴苣
414,64,食材,396,397,虺
415,1,食材,9,11,莱菔
415,2,食材,320,322,汉椒
415,3,食材,4,5,面
415,4,食材,51,53,新麦
415,5,食材,59,61,陈芰
415,6,食材,65,68,土茯苓
415,7,食材,69,72,葳灵仙
415,8,食材,73,75,当归
415,9,食材,81,82,麸
415,10,食材,86,88,面筋
415,11,食材,119,121,荞麦
415,12,食材,206,208,雉肉
415,13,食材,208,210,黄鱼
415,14,食材,213,215,诸矾
415,15,食材,220,224,蜡砜竽丸
415,16,食材,250,252,苦荞
415,17,食材,312,314,莱菔
415,18,食材,368,371,土茯苓
415,19,食材,372,375,蕨灵仙
415,20,食材,464,466,当归
415,21,食味,90,91,甘
415,22,食味,124,125,甘
415,23,食味,255,256,甘
415,24,食性,32,33,热
415,25,食性,61,63,平和
415,26,食性,93,94,凉
415,27,食性,55,56,热
415,28,食性,19,20,寒
415,29,食性,259,260,温
415,30,功效,14,15,消
415,31,功效,428,430,利尿
415,32,功效,431,433,镇静
415,33,功效,454,458,治痛风
415,34,功效,486,490,补血和血
415,35,功效,491,495,调经止痛
415,36,功效,496,500,润燥滑肠
415,37,功效,505,510,治月经不调
415,38,病症,5,6,伤
415,39,病症,308,310,伤窖
415,40,病症,138,141,脱元气
415,41,病症,142,146,落屑发
415,42,病症,149,151,难消
415,43,病症,152,155,动风气
415,44,病症,158,160,头眩
415,45,病症,178,180,热风
415,46,病症,181,185,眉领脱落
415,47,病症,233,235,腹痛
415,48,病症,269,271,伤胃
415,49,病症,273,278,发风动气
415,50,病症,281,283,诸病
415,51,病症,572,574,黄疾
415,52,病症,578,581,黄疽病
415,53,病症,600,604,懒黄病
415,54,脏腑,129,131,脾胃
415,55,烹饪方法,97,99,炒煎
415,56,烹饪方法,161,162,作
415,57,禁忌,77,79,忌湿
415,58,禁忌,105,109,多食难化
415,59,禁忌,111,117,小儿病人勿食
415,60,禁忌,227,229,忌之
415,61,禁忌,288,292,尤当忌之
415,62,禁忌,294,297,食酊伤
415,63,养生原则,37,44,数十年久留不坏
415,64,养生原则,46,50,人药尤良
416,1,食材,2,4,槟榔
416,2,食材,11,14,大腹皮
416,3,食材,32,35,扶留蔗
416,4,食材,36,39,瓦垄子
416,5,食材,73,75,蕙肉
416,6,食材,85,87,莲子
416,7,食材,120,122,荷硬
416,8,食材,138,140,莲花
416,9,食材,141,143,蕊须
416,10,食材,144,146,地黄
416,11,食材,147,148,葱
416,12,食材,149,150,蒜
416,13,食材,151,152,花
416,14,食材,154,156,桐油
416,15,食材,158,159,葡
416,16,食材,179,181,盐水
416,17,食材,189,191,油煤
416,18,食材,191,194,米面果
416,19,食材,205,206,荽
416,20,食材,254,257,姜汁酒
416,21,食材,266,269,吴茱萸
416,22,食材,276,278,蜂蜜
416,23,食味,56,57,甘
416,24,食味,78,79,甘
416,25,食味,162,163,甘
416,26,食味,209,210,甘
416,27,食性,82,83,平
416,28,食性,165,166,平
416,29,食性,212,213,平
416,30,食性,63,64,热
416,31,功效,184,187,益口齿
416,32,功效,620,625,温中止痛
416,33,病症,109,111,霍乱
416,34,病症,112,116,大便闭燥
416,35,病症,174,176,冷中
416,36,病症,218,220,脏腑
416,37,病症,222,224,阴气
416,38,病症,225,227,痿茎
416,39,病症,229,232,蛲虫
416,40,病症,246,249,腹滞气
416,41,病症,250,252,腹胀
416,42,病症,281,283,蝤虫
416,43,病症,627,631,胃寒腹痛
416,44,病症,632,634,呕吐
416,45,病症,635,637,泻泄
416,46,禁忌,65,68,勿同橙
416,47,禁忌,69,71,桔食
416,48,禁忌,91,95,令人作吐
416,49,禁忌,96,107,多生食者徽动伶气胀人
416,50,禁忌,167,171,生食过多
416,51,禁忌,200,203,忌铁器
416,52,烹饪方法,130,131,煎
416,53,烹饪方法,41,44,同咀嚼
416,54,烹饪方法,178,179,和
416,55,烹饪方法,365,367,油煤
416,56,烹饪方法,253,254,饮
416,57,烹饪方法,265,266,含
416,58,烹饪方法,270,271,咽
417,1,食材,0,3,黄大豆
417,2,食味,5,6,廿
417,3,食性,7,10,生性温
417,4,食性,11,14,炒性热
417,5,功效,16,18,微蓄
417,6,禁忌,19,23,多食壅气
417,7,禁忌,24,29,生痰动嗽
417,8,禁忌,30,33,发疥疮
417,9,禁忌,35,41,令人面黄俸重
417,10,禁忌,43,49,不可同猪肉食
417,11,食材,51,55,小青豆
417,12,食材,56,59,赤臼豆
417,13,食性,59,63,性味相似
417,14,禁忌,65,74,不可与鱼及羊肉同食
417,15,食材,76,78,赤豆
417,16,食味,80,82,甘酸
417,17,食性,83,85,性平
417,18,禁忌,86,99,"同鲤鱼鲱食,令肝黄,成消渴"
417,19,禁忌,102,115,"同米煮饭及作酱,食久发口疮"
417,20,禁忌,116,120,驴食足轻
417,21,禁忌,121,125,人食身重
417,22,功效,129,132,逐精波
417,23,功效,133,139,令肌瘦肤燥也
417,24,食材,141,144,赤小豆
417,25,食味,146,148,甘辛
417,26,食性,149,153,性乎下行
417,27,禁忌,155,161,不可同鱼鲱食
417,28,禁忌,162,170,久服则降令太过
417,29,禁忌,171,176,使津血渗泄
417,30,禁忌,177,183,令人肌瘦身重
417,31,禁忌,184,196,"凡色赤者食之,助热损人"
417,32,功效,197,205,豆粉能去衣上油迹
417,33,食材,206,210,花名腐婢
417,34,功效,212,215,解酒毒
417,35,功效,216,225,食之令人多饮不醉
417,36,食材,227,229,莱豆
417,37,食味,232,233,甘
417,38,食性,234,236,性蹇
417,39,烹饪方法,238,242,宜途皮用
417,40,禁忌,243,251,去皮则令人少雍气
417,41,食性,254,260,皮寒而肉平也
417,42,禁忌,261,264,反榧子
417,43,禁忌,265,267,害人
417,44,禁忌,268,284,"合鲤鱼鲱食久,令入胙黄,成渴病"
417,45,功效,285,289,花解酒毒
417,46,食材,291,293,扁豆
417,47,食味,296,297,甘
417,48,食性,298,301,性徽温
417,49,禁忌,302,312,患冷气及寒热病者勿食
417,50,食材,314,316,蚕豆
417,51,食味,319,322,甘徽辛
417,52,食性,323,325,性平
417,53,禁忌,326,332,多食滞气成积
417,54,禁忌,334,338,发胀作痛
417,55,食材,340,343,云南豆
417,56,食味,345,346,甘
417,57,食性,347,349,性温
417,58,功效,350,352,有莓
417,59,烹饪方法,353,355,煮食
417,60,功效,355,358,味颇佳
417,61,禁忌,359,366,多食令人寒热
417,62,禁忌,367,372,手足心发麻
417,63,烹饪方法,374,380,急嚼生姜解之
417,64,病症,475,477,消渴
417,65,病症,505,508,糖尿病
417,66,病症,509,512,尿崩症
418,1,食材,7,10,百花菜
418,2,食材,11,14,吴茱萸
418,3,病症,17,19,痔瘘
418,4,食材,21,24,龟鳖肉
418,5,食材,27,28,鹿
418,6,食材,29,30,驴
418,7,食材,31,33,马肉
418,8,食材,34,36,虾子
418,9,功效,38,40,伤人
418,10,禁忌,41,47,多食令人暴肥
418,11,食材,57,59,头肉
418,12,禁忌,59,61,有毒
418,13,禁忌,62,68,多食动风发疾
418,14,食材,69,71,猪肉
418,15,禁忌,76,82,有病者忌之
418,16,食材,83,85,项肉
418,17,食材,89,92,槽头肉
418,18,功效,93,98,肥脆能动风
418,19,食材,99,100,脂
418,20,禁忌,103,107,勿令中水
418,21,食材,108,112,腊月者
418,22,食材,117,120,反鸟梅
418,23,食材,121,123,梅子
418,24,禁忌,124,127,忌千漆
418,25,食材,128,129,脑
418,26,食味,133,134,甘
418,27,食性,136,137,寒
418,28,禁忌,139,141,有毒
418,29,古籍来源,142,146,《礼记》
418,30,食材,150,152,食豚
418,31,禁忌,156,162,能损男子闲逍
418,32,病症,163,170,临房不能行事
418,33,禁忌,171,177,酒后尤不可食
418,34,食材,185,187,猪脑
418,35,食材,197,198,血
418,36,食味,201,202,咸
418,37,食性,204,205,平
418,38,食材,207,209,地黄
418,39,食材,210,213,祁骨脂
418,40,食材,214,217,何首鸟
418,41,禁忌,220,222,忌之
418,42,功效,223,227,能损阳
418,43,食材,230,232,黄豆
418,44,功效,233,235,猾气
418,45,食材,236,237,心
418,46,食味,241,243,甘咸
418,47,食性,245,246,平
418,48,禁忌,247,252,多食耗心气
418,49,禁忌,253,260,不可合吴茱萸食
418,50,食材,261,262,肝
418,51,食味,266,267,苦
418,52,食性,269,270,温
418,53,食材,271,272,猪
418,54,禁忌,285,290,俱不可多食
418,55,禁忌,291,296,服药人勿食
418,56,禁忌,297,302,不可合雉肉
418,57,食材,303,305,鲎肉
418,58,食材,307,310,鱼脍
418,59,病症,312,315,生痈疽
418,60,食材,317,319,鲤鱼
418,61,食材,320,322,卿鱼
418,62,功效,323,325,伤神
418,63,食材,327,329,鹌鹑
418,64,病症,330,333,生面黝
418,65,食材,336,337,肺
418,66,食味,341,342,甘
418,67,食性,344,346,微蹇
418,68,食材,348,351,白花菜
418,69,功效,353,360,令人气滞发罨乱
418,70,食材,365,366,饴
418,71,病症,370,372,发疽
418,72,食材,373,374,肾
418,73,食味,378,379,咸
418,74,食性,381,382,衿
418,75,食材,385,387,腰子
418,76,禁忌,388,394,久食令人伤肾
418,77,禁忌,397,402,虚褰者尤忌
418,78,禁忌,403,407,冬月食之
418,79,功效,408,411,损真气
418,80,功效,413,416,发箧壅
418,81,食材,417,419,艋脂
418,82,禁忌,422,424,微莓
418,83,禁忌,425,431,男子多食损阳
418,84,食材,433,435,猪鼻
418,85,食材,436,437,唇
418,86,禁忌,437,442,多食动风气
418,87,食材,445,447,花猪
418,88,食材,595,597,病猪
418,89,食材,452,455,白睇猪
418,90,食材,456,459,自死猪
418,91,食材,465,468,黄镰猪
418,92,食材,469,474,肉中有米星
418,93,禁忌,478,482,俱不可食
418,94,禁忌,483,488,烧肉忌桑柴
418,95,食材,494,497,皂荚子
418,96,食材,498,501,桑白皮
418,97,食材,501,505,高良姜
418,98,食材,506,508,黄蜡
418,99,功效,509,513,不发风气
418,100,食材,515,518,旧篱筏
418,101,食材,527,531,楮实子
418,102,烹饪方法,460,461,煮
418,103,烹饪方法,523,525,封锅
418,104,食材,546,547,醋
418,105,烹饪方法,555,559,煮腊肉
418,106,食材,563,565,红炭
418,107,食材,579,580,面
418,108,烹饪方法,575,578,冼猪肚
418,109,食材,586,588,砂糖
418,110,功效,589,593,能去秽气
418,111,食材,600,602,猪屎
418,112,烹饪方法,599,600,烧
418,113,食材,603,604,末
418,114,烹饪方法,605,607,水服
418,115,病症,616,621,过食猪肉伤
418,116,食材,623,625,猪骨
418,117,食材,633,636,芫荽汁
418,118,食材,639,641,生黜
418,119,病症,649,653,生黑斑点
418,120,食材,667,670,耶胰子
419,1,食材,0,1,鲨
419,2,食味,5,6,甘
419,3,食性,8,9,平
419,4,病症,13,15,疮疥
419,5,禁忌,71,76,多食发疮疥
419,6,禁忌,32,35,忌甘草
419,7,食材,38,40,蝣鱼
419,8,食味,43,44,甘
419,9,食性,46,47,温
419,10,食材,80,83,鳐残鱼
419,11,食味,86,88,甘鲜
419,12,食性,90,91,平
419,13,病症,97,99,疮疥
419,14,病症,100,106,小儿赤游风
419,15,食材,118,120,籁鱼
419,16,食材,143,145,鳙鱼
419,17,食味,149,150,甘
419,18,食性,152,153,温
419,19,病症,207,209,风热
419,20,病症,213,215,痣瘀
419,21,食材,217,219,剿鱼
419,22,食味,222,223,甘
419,23,食性,225,226,温
419,24,病症,239,241,风气
419,25,病症,244,245,湿
419,26,病症,247,248,热
419,27,病症,250,254,疮疖癣疥
419,28,病症,255,257,瘸疾
419,29,禁忌,452,453,热
419,30,食材,280,283,钞光鱼
419,31,食材,285,287,甘草
419,32,食材,345,348,鲦殁鱼
419,33,病症,396,398,赤巅
419,34,病症,408,411,赤裢丹
419,35,病症,414,419,新生儿丹盏
419,36,病症,467,469,发淼
419,37,病症,471,476,伯冷焕臊笋
419,38,病症,479,483,蠡气内攻
419,39,病症,487,489,神昏
419,40,病症,490,492,抽摘
419,41,古籍来源,589,591,礼记
419,42,古籍来源,592,594,内颗
419,43,医家,595,597,郑茁
420,1,食材,8,11,革豆蔻
420,2,食味,14,15,辛
420,3,食性,18,19,温
420,4,功效,23,26,助脾热
420,5,病症,28,32,伤肺损目
420,6,食材,36,39,缩砂仁
420,7,食材,41,44,白豆蔻
420,8,食材,52,55,红豆魑
420,9,食味,58,59,芊
420,10,食性,61,62,温
420,11,病症,67,69,舌粗
420,12,病症,70,74,不思饮食
420,13,病症,78,80,动火
420,14,病症,81,85,伤目致衄
420,15,食材,95,98,食茱萸
420,16,食味,101,103,辛苦
420,17,食性,106,108,大热
420,18,病症,112,115,动脾火
420,19,病症,116,122,发浮肿虚恚
420,20,病症,123,126,发疮痔
420,21,病症,128,130,目疾
420,22,病症,131,133,火证
420,23,禁忌,134,136,忌食
420,24,食材,139,141,莰菇
420,25,食材,144,146,川椒
420,26,食味,148,149,辛
420,27,食性,151,152,热
420,28,禁忌,155,162,令人乏气伤血脉
420,29,病症,165,167,实热
420,30,食材,168,171,草豆蔻
420,31,食味,252,253,辛
420,32,食性,256,257,温
420,33,功效,259,263,燥湿除寒
420,34,功效,264,268,消食化积
420,35,功效,281,283,止呕
420,36,功效,284,287,补胃
420,37,功效,288,290,下气
420,38,食材,292,295,缩砂仁
420,39,食材,300,302,缩砂
420,40,食材,303,306,宿砂仁
420,41,食材,307,309,砂仁
420,42,病症,361,365,腹痛痞胀
420,43,病症,366,370,胃呆食潴
420,44,病症,371,375,嗝噎呕吐
420,45,食材,395,397,白蔻
420,46,食材,389,391,多骨
420,47,食材,392,394,壳蔻
420,48,食味,412,413,辛
420,49,食性,414,415,温
420,50,功效,423,425,消食
420,51,功效,426,428,宽中
420,52,病症,433,436,气滞
420,53,病症,437,439,食梏
420,54,病症,440,442,胸闷
420,55,病症,443,445,腹胀
420,56,病症,446,448,吐逆
420,57,病症,449,451,反胃
420,58,食材,465,467,红蔻
420,59,食材,468,471,良姜子
420,60,食味,488,489,辛
420,61,食性,491,492,温
420,62,功效,494,496,散笨
420,63,功效,497,499,消食
420,64,病症,502,506,腹脘衿痈
420,65,病症,507,511,呕吐泄泻
420,66,食材,516,519,食茱萸
420,67,食材,549,551,越椒
420,68,古籍来源,554,558,本草圉经
420,69,食材,574,576,艾子
420,70,古籍来源,580,582,礼记
420,71,食材,612,614,川椒
421,1,食材,0,3,老鼠肉
421,2,食味,5,6,甘
421,3,食性,9,10,热
421,4,病症,21,22,瘦
421,5,病症,48,50,鼠瘘
421,6,病症,53,57,黄如金
421,7,病症,71,75,目黄成疸
421,8,禁忌,248,251,令人瘦
421,9,禁忌,84,88,人忌食之
421,10,食材,90,94,土狻鼠肉
421,11,食味,96,97,甘
421,12,食性,99,100,平
421,13,禁忌,110,116,多食难克化
421,14,禁忌,117,120,微动风
421,15,食材,122,125,貂鼠肉
421,16,食味,128,129,甘
421,17,食性,131,132,平
421,18,食味,186,187,甘
421,19,食性,189,190,平
421,20,禁忌,205,208,能发疮
421,21,食材,210,214,萁鼠猴肉
421,22,食味,216,217,甘
421,23,食味,218,220,羰臭
421,24,食性,222,223,温
421,25,禁忌,60,63,有小毒
421,26,禁忌,228,231,不堪食
421,27,食材,233,235,猸肉
421,28,食味,238,239,甘
421,29,食性,241,242,平
421,30,禁忌,243,247,误食其骨
421,31,禁忌,253,257,诸节渐小
421,32,禁忌,259,263,诸内有莓
421,33,禁忌,265,272,六蓄自死首北向
421,34,禁忌,273,278,诸畜带龙形
421,35,禁忌,288,295,犬蓄疫病疔疮死
421,36,禁忌,296,299,兽战尾
421,37,禁忌,300,304,诸兽赤足
421,38,禁忌,305,313,诸兽肉中有米星
421,39,禁忌,314,317,兽并头
421,40,禁忌,318,322,禽曾肝青
421,41,禁忌,323,331,诸兽中莓及药箭死
421,42,禁忌,332,336,脯沾屋漏
421,43,禁忌,337,343,米瓮中肉脯
421,44,禁忌,344,351,六畜肉热血不断
421,45,禁忌,352,356,祭肉自动
421,46,禁忌,357,363,诸肉经宿未煮
421,47,禁忌,364,373,六畜五脏著草自动
421,48,禁忌,374,378,脯曝不燥
421,49,禁忌,380,385,生肉不敛水
421,50,禁忌,398,404,肉煮熟不敛水
421,51,禁忌,405,409,肉煮不熟
421,52,禁忌,410,418,六蓄肉堕地不沾尘
421,53,禁忌,419,424,肉落水浮
421,54,禁忌,425,431,肉升器盛闭气
421,55,禁忌,432,436,乳酪煎脍
421,56,禁忌,437,445,六畜肉与犬不食者
421,57,禁忌,450,453,不可食
421,58,禁忌,454,456,杀人
421,59,禁忌,457,461,轻则病人
421,60,病症,463,467,痈肿疔毒
421,61,禁忌,468,474,诸脑损阴猾精
421,62,病症,485,487,水病
421,63,禁忌,488,494,诸脂燃灯损目
421,64,禁忌,495,500,食本生命肉
421,65,病症,504,506,黄鼠
422,1,食材,15,18,白狗血
422,2,食材,19,21,鸡肉
422,3,食材,22,25,鸟鸡肉
422,4,食材,27,30,白鸡肝
422,5,食材,31,34,白羊肉
422,6,食材,35,38,蒲子羹
422,7,食材,44,47,白犬乳
422,8,食材,54,56,犬肾
422,9,食材,128,130,犬肉
422,10,食材,133,135,杳仁
422,11,食材,185,187,马肉
422,12,食味,190,192,辛苦
422,13,食性,194,195,冷
422,14,食材,200,202,仓米
422,15,食材,203,205,稷米
422,16,食材,206,208,卷耳
422,17,病症,213,215,恶病
422,18,食材,223,224,姜
422,19,病症,228,230,气嗷
422,20,食材,232,234,猪肉
422,21,病症,238,241,霍乱
422,22,病症,243,245,疥疮
422,23,病症,245,247,下痢
422,24,禁忌,248,252,食必加剧
422,25,禁忌,254,265,妊妇食之。令子过月难产
422,26,禁忌,279,288,乳妇食之。令子疳瘦
422,27,禁忌,11,14,不可食
422,28,病症,315,316,巅
422,29,禁忌,196,198,有毒
422,30,禁忌,340,344,食之杀人
422,31,食材,345,347,马乳
422,32,食味,350,351,甘
422,33,食性,353,355,冷利
422,34,食材,357,359,鱼脍
422,35,食材,364,366,马肝
422,36,食材,318,321,鞍下肉
422,37,禁忌,370,373,有大毒
422,38,食材,383,385,马尾
422,39,禁忌,386,390,令齿疏损
422,40,食材,406,408,马脑
422,41,禁忌,337,339,有毒
422,42,病症,418,420,发癞
422,43,食材,421,423,马血
422,44,禁忌,425,428,有大毒
422,45,病症,442,444,肿起
422,46,病症,445,449,连心即死
422,47,病症,481,483,疔胂
422,48,病症,493,494,疮
422,49,禁忌,495,498,触马汗
422,50,食材,499,501,马气
422,51,食材,502,504,马毛
422,52,食材,505,507,马尿
422,53,食材,508,510,马屎
422,54,禁忌,511,515,并令加剧
422,55,病症,522,525,毒攻心
422,56,食材,530,533,粟秆灰
422,57,烹饪方法,533,535,淋汁
422,58,烹饪方法,535,537,冼浸
422,59,病症,544,546,毒去
422,60,病症,548,556,食马肉毒发而心闷
422,61,食材,559,561,清酒
422,62,食材,567,569,浊酒
422,63,食材,575,577,芦根
422,64,食材,581,583,杏仁
422,65,食材,586,589,甘草汤
422,66,病症,592,596,中马肝毒
422,67,食材,598,599,猪
422,68,古籍来源,60,64,《内则》
423,1,病症,0,1,疽
423,2,病症,3,9,阴下湿痒生疮
423,3,病症,12,15,宿疾症
423,4,病症,21,23,下利
423,5,病症,28,29,羸
423,6,病症,30,34,手足乏力
423,7,病症,38,40,气弱
423,8,病症,49,50,泻
423,9,病症,58,60,反胃
423,10,病症,62,64,脚气
423,11,病症,85,86,痢
423,12,病症,112,115,思冷病
423,13,病症,131,133,寒热
423,14,食材,93,94,瓜
423,15,食性,138,139,寒
423,16,禁忌,140,146,曝而食之尤冷
423,17,古籍来源,147,154,张华《博物志》
423,18,病症,201,206,食瓜伤腹胀
423,19,食材,208,211,食盐花
423,20,食材,216,217,酒
423,21,食材,220,222,麝香
423,22,食材,229,231,西瓜
423,23,食味,233,234,甘
423,24,食性,236,237,寒
423,25,病症,238,240,胃弱
423,26,禁忌,241,244,不可食
423,27,病症,248,250,吐利
423,28,病症,252,255,寒疝
423,29,病症,257,261,霍乱冷病
423,30,食材,42,44,油饼
423,31,病症,267,270,损脾气
423,32,食材,105,106,瓜
423,33,食材,277,278,子
423,34,食材,303,305,糯米
423,35,食材,321,323,葡萄
423,36,食味,326,328,甘酸
423,37,病症,341,343,烦闷
423,38,病症,343,345,昏目
423,39,食材,347,349,甘草
423,40,食材,360,362,麝香
423,41,食材,382,384,枣树
423,42,禁忌,391,399,葡萄架下不可饮酒
423,43,食材,408,410,甘蔗
423,44,食味,413,414,甘
423,45,食性,416,418,微寒
423,46,病症,423,425,虚热
423,47,病症,427,429,衄血
423,48,食材,308,309,酒
423,49,病症,436,437,痪
423,50,食材,439,441,榧子
423,51,食材,447,449,蔗渣
423,52,食材,459,462,落花生
423,53,食味,464,465,甘
423,54,食性,470,471,平
423,55,食材,474,476,香芋
423,56,病症,477,481,小儿多食
423,57,病症,484,487,气难消
423,58,食材,492,495,落花生
423,59,食材,498,501,长生果
423,60,食味,503,506,辛苦甘
423,61,食性,508,509,拎
423,62,食材,522,525,生黄瓜
423,63,食材,526,528,鸭蛋
423,64,禁忌,530,534,往往杀人
423,65,病症,539,543,精寒阳痿
423,66,食材,545,547,香芋
423,67,食味,549,551,甘淡
423,68,食性,553,554,平
423,69,病症,557,561,泥腑滞气
423,70,病症,581,585,忧愁不安
424,1,食材,0,2,皤鱼
424,2,食味,5,6,甘
424,3,食性,8,9,平
424,4,食材,87,89,金鱼
424,5,食味,91,93,甘咸
424,6,食性,95,96,平
424,7,食材,136,139,比目鱼
424,8,食味,141,142,甘
424,9,食性,144,145,平
424,10,病症,148,151,动风气
424,11,病症,153,156,风湿病
424,12,禁忌,277,282,多食动风气
424,13,食材,161,163,鳓量
424,14,食味,167,168,甘
424,15,食性,170,171,平
424,16,病症,181,185,患痈疽者
424,17,食材,191,193,皎惫
424,18,食味,197,198,甘
424,19,食性,200,201,平
424,20,食材,203,205,钞鱼
424,21,禁忌,262,265,忌甘草
424,22,食材,267,270,岛贬黛
424,23,食味,272,273,咸
424,24,食性,275,276,平
424,25,食材,344,347,鄙留鱼
424,26,食味,349,351,甘咸
424,27,食性,353,354,平
424,28,病症,355,358,有小蕃
425,1,食材,0,2,骨灰
425,2,食材,3,6,牡鼠屎
425,3,食材,8,10,豆豉
425,4,食材,11,14,狗屎灰
425,5,食材,15,18,人头垢
425,6,食材,32,36,洚兰根汁
425,7,食材,37,40,猪牙灰
425,8,食材,41,44,甘菊汁
425,9,食材,49,53,生菖蒲酒
425,10,食材,59,61,杜蘅
425,11,食材,67,68,稻
425,12,食材,72,74,鼠屎
425,13,食材,78,80,鸡屎
425,14,食材,86,88,僵蚕
425,15,食材,91,93,乌梅
425,16,食材,101,103,桑叶
425,17,食材,108,111,鼠狼皮
425,18,食材,120,123,死马骨
425,19,食材,128,130,猪槽
425,20,食材,133,135,石灰
425,21,食材,140,142,马汗
425,22,食材,154,156,猕猴
425,23,食材,164,167,马头骨
425,24,食材,187,189,驴肉
425,25,食材,198,200,荆芥
425,26,食材,201,202,茶
425,27,食材,211,214,凫茈
425,28,食材,281,284,热驴血
425,29,食材,285,287,麻油
425,30,食材,319,321,猪肉
425,31,食味,192,193,甘
425,32,食性,195,196,平
425,33,食味,333,335,辛苦
425,34,食性,337,338,温
425,35,病症,25,27,疔疥
425,36,病症,28,30,马毒
425,37,病症,74,76,腹胀
425,38,病症,81,84,骨眼
425,39,病症,160,162,马病
425,40,病症,246,247,痉
425,41,病症,263,265,疥癞
425,42,病症,267,271,破烂瘦掼
425,43,病症,276,278,疗肿
425,44,病症,314,316,难产
425,45,病症,324,326,伤气
425,46,病症,358,360,健忘
425,47,禁忌,205,209,同食杀人
425,48,禁忌,222,226,多食动风
425,49,禁忌,227,231,脂肥尤甚
425,50,功效,22,23,解
425,51,功效,173,175,宜蚕
425,52,功效,181,185,绝水蜞虫
425,53,功效,471,473,镇咳
425,54,功效,474,476,祛痰
425,55,功效,477,479,利尿
425,56,烹饪方法,19,21,水服
425,57,烹饪方法,93,95,拭牙
425,58,烹饪方法,295,296,煮
425,59,烹饪方法,291,293,去沫
425,60,医家,436,438,杜蘅
426,1,食材,0,2,海蛇
426,2,食味,5,6,咸
426,3,食性,9,10,温
426,4,食材,51,53,虾肉
426,5,食味,55,57,甘咸
426,6,食性,59,60,温
426,7,功效,62,65,有小毒
426,8,禁忌,67,73,多食动风助火
426,9,禁忌,76,80,发疮疾
426,10,禁忌,81,91,有病人及患冷积者勿食
426,11,禁忌,93,101,小儿食之。令脚软
426,12,禁忌,102,113,"鸡犬食之,亦令脚屈弱"
426,13,禁忌,124,142,切勿以热饭璧密器内作鲱食。毒人至死
426,14,禁忌,144,148,虾无须者
426,15,禁忌,150,170,"腹下通黑及煮#色娈白肴,并有誊。不可食"
426,16,禁忌,171,185,勿与腌。摩肉。猎肉。鸡肉同食
426,17,禁忌,186,196,妊妇食之。令子难产
426,18,食材,198,200,海虾
426,19,食味,202,204,甘咸
426,20,食性,206,207,平
426,21,功效,208,211,有小毒
426,22,禁忌,212,221,"同猪肉食,令人多睡"
426,23,食材,246,247,蛙
426,24,食味,250,251,甘
426,25,食性,253,254,寒
426,26,食材,256,258,田鸡
426,27,禁忌,259,269,其骨热食之。令小便滁
426,28,禁忌,270,282,妊妇食之。令子声哑寿天
426,29,禁忌,283,297,"小蛙食多。令人尿闭,脐下酸痛"
426,30,禁忌,299,303,有至死者
426,31,烹饪方法,304,305,擂
426,32,食材,305,308,车前水
426,33,禁忌,312,323,正月出者名黄蛤。不可食
426,34,食材,344,346,海鸯
426,35,食味,348,350,甘咸
426,36,食性,352,354,寒滑
426,37,禁忌,355,363,患泄犸痢下者勿食
426,38,食材,365,367,恭窝
426,39,食味,370,371,甘
426,40,食性,373,374,平
426,41,禁忌,375,387,黄。黑。徽烂者有毒。勿食
426,42,食材,389,392,牡粝肉
426,43,食味,394,395,甘
426,44,食性,397,398,温
426,45,食材,401,403,鲍鱼
426,46,食材,405,408,海牡粝
426,47,禁忌,412,422,丈夫服之。令人无髭
426,48,食材,423,425,海蛇
426,49,食材,427,429,梅蛰
426,50,食材,226,229,五色虾
426,51,食材,437,439,龙虾
426,52,食材,441,443,蝽蜍
426,53,食材,458,461,癞始蟆
426,54,食材,462,465,疥蛤蟆
426,55,食材,513,515,鲍鱼
426,56,食材,521,524,石诀明
426,57,食材,529,531,鳆鱼
426,58,食材,532,534,大鲍
427,1,食味,6,7,甘
427,2,食性,9,10,平
427,3,食材,40,43,乌鸦肉
427,4,食味,45,46,酸
427,5,食性,49,50,平
427,6,食材,70,73,喜鹊肉
427,7,食味,75,76,甘
427,8,食性,16,17,寒
427,9,禁忌,80,85,妇人不可食
427,10,食材,87,89,蒸肉
427,11,食味,92,93,酸
427,12,食性,95,96,平
427,13,禁忌,97,99,有毒
427,14,禁忌,53,56,不可食
427,15,禁忌,104,108,损人神气
427,16,禁忌,109,114,不宜杀之
427,17,食材,117,118,燕
427,18,病症,465,470,嗜燕人人水
427,19,食材,128,129,燕
427,20,食材,162,163,燕
427,21,食材,173,177,刺毛莺肉
427,22,食味,179,180,甘
427,23,食性,182,183,平
427,24,病症,185,187,疮疥
427,25,禁忌,188,190,少食
427,26,食材,192,195,孔答肉
427,27,食味,197,198,咸
427,28,食性,381,382,平
427,29,禁忌,202,204,微毒
427,30,禁忌,205,217,食其肉者自后服药必不效
427,31,禁忌,224,227,尾有毒
427,32,禁忌,228,232,不可人月
427,33,病症,235,237,昏翳
427,34,食材,239,240,劈
427,35,食材,260,261,鸱
427,36,禁忌,263,266,脑有毒
427,37,禁忌,267,270,同酒食
427,38,病症,273,277,久醉健忘
427,39,食材,279,281,鹤肉
427,40,禁忌,283,285,有纛
427,41,禁忌,286,292,顶血饮之立死
427,42,食材,317,319,鹳肉
427,43,禁忌,321,326,有毒不可食
427,44,禁忌,327,334,其骨人沐汤裕头
427,45,病症,335,339,令发尽脱
427,46,禁忌,340,345,更不生也
427,47,禁忌,346,351,又能杀树木
427,48,食材,373,376,簋鸯肉
427,49,食味,378,379,咸
427,50,禁忌,383,386,有小蠢
427,51,禁忌,387,395,多食令人患大风病
427,52,食材,398,400,鹬鹆
427,53,食材,420,422,燕肉
427,54,食味,252,253,腥
427,55,食材,436,438,燕肉
427,56,病症,500,503,大风病
427,57,病症,508,511,麻风病
428,1,食材,35,37,魔肉
428,2,食味,40,41,甘
428,3,食性,42,44,性遏
428,4,禁忌,45,53,二月至八月不可食
428,5,病症,55,57,衿痛
428,6,禁忌,58,70,白臆者。豹文者并不可食
428,7,食材,71,73,鹿肉
428,8,烹饪方法,74,75,炙
428,9,禁忌,97,122,"同雉肉,蒲白,飨鱼@。玷鱼,鸡肉生菜。鳟鱼。虾食"
428,10,病症,124,126,恶疮
428,11,古籍来源,127,131,《礼记》
428,12,禁忌,134,138,食鹿去冒
428,13,食材,139,141,鹿茸
428,14,禁忌,141,148,不可以鼻嗅之
428,15,禁忌,149,176,"中有小白虫。视之不见。 ^人人鼻,必为虫颡,药不及也"
428,16,禁忌,177,183,不可近丈夫阴
428,17,病症,185,186,娄
428,18,禁忌,187,194,鹿脂赤不可近阴
428,19,禁忌,195,207,久食鹿肉。服药必不得力
428,20,禁忌,218,223,勿同猪肉食
428,21,食材,225,227,麋肉
428,22,食味,230,231,甘
428,23,食性,233,235,性温
428,24,禁忌,236,242,多食令人弱房
428,25,病症,245,247,脚气
428,26,禁忌,249,259,"妊妇食之,令孑目病"
428,27,禁忌,260,278,"不可合猪肉,雉肉。鳐鱼。鸡肉,菰蒲食"
428,28,病症,281,283,瘌疾
428,29,禁忌,284,294,同虾及生莱。梅。李食
428,30,禁忌,295,300,损男子精气
428,31,禁忌,301,308,糜脂不可近阴
428,32,病症,310,311,瘘
428,33,禁忌,312,319,亦不可同桃李食
428,34,古籍来源,320,325,《淮南子》
428,35,食材,340,342,虎肉
428,36,食味,343,345,昧酸
428,37,食性,350,352,性热
428,38,禁忌,353,359,正月食虎伤神
428,39,禁忌,360,368,热食虎肉伤人齿
428,40,禁忌,369,379,多有药箭伤者食者馍之
428,41,食材,380,382,虎鼻
428,42,烹饪方法,390,391,熬
428,43,禁忌,406,417,勿令人及妇匆。知则不灵
428,44,禁忌,418,429,虎豹皮上睡。令人神惊
428,45,禁忌,430,437,其毛人疮有大毒
428,46,食材,438,440,虎骨
428,47,禁忌,440,446,勿用中毒药箭
429,1,食材,3,5,胡桃
429,2,食材,6,8,莱菔
429,3,食材,23,25,铜器
429,4,病症,31,33,损阴
429,5,病症,36,38,暴下
429,6,食材,39,41,白羊
429,7,食材,44,46,黄羊
429,8,食材,49,51,独角
429,9,病症,59,61,生痈
429,10,病症,62,66,中羊肉莓
429,11,食材,69,72,甘草汤
429,12,病症,75,80,过食羊肉伤
429,13,食材,85,87,枣子
429,14,食材,88,90,草果
429,15,食材,96,98,牛肉
429,16,食味,101,102,甘
429,17,食性,104,105,温
429,18,病症,111,114,发药幕
429,19,病症,115,118,能病人
429,20,病症,121,125,夜鸣则痞
429,21,病症,159,161,生疔
429,22,病症,162,164,暴亡
429,23,病症,165,168,发痼疾
429,24,病症,169,171,痃瓣
429,25,病症,172,174,裥下
429,26,病症,176,178,疰病
429,27,病症,179,183,瘟牛暴死
429,28,食材,189,191,独肝
429,29,病症,198,202,瘌血至死
429,30,食材,211,212,蛇
429,31,食材,221,223,水牛
429,32,食材,242,244,人乳
429,33,病症,250,254,自死白首
429,34,病症,261,263,疥牛
429,35,病症,265,267,发痒
429,36,食材,268,270,黄牛
429,37,食材,274,276,猪肉
429,38,食材,277,280,忝米酒
429,39,病症,284,288,寸白虫
429,40,食材,290,292,韭薤
429,41,食材,295,297,生姜
429,42,病症,299,301,损齿
429,43,食材,304,306,栗子
429,44,食材,308,310,幂牛
429,45,食材,320,323,水牛肉
429,46,食味,327,328,甘
429,47,食性,330,331,平
429,48,禁忌,332,336,忌同黄牛
429,49,病症,337,340,患衿人
429,50,食材,344,348,蹄中巨筋
429,51,病症,352,355,生肉刺
429,52,食材,356,358,牛乳
429,53,食味,360,361,甘
429,54,禁忌,366,372,生饮令人利
429,55,禁忌,373,381,热饮令人口千气壅
429,56,禁忌,387,391,不宜顿服
429,57,禁忌,392,398,与酸物相反
429,58,病症,407,411,患冷气人
429,59,禁忌,414,417,同鱼食
429,60,病症,418,420,成积
429,61,禁忌,421,425,同醋食
429,62,病症,426,428,生疲
429,63,食材,429,431,牛脂
429,64,食味,435,436,甘
429,65,食性,382,383,温
429,66,病症,445,448,发痼疾
429,67,病症,450,452,疮疡
429,68,食材,453,456,牛脑
429,69,食味,459,460,甘
429,70,食性,436,437,温
429,71,病症,467,471,热病死者
429,72,病症,478,481,生肠痈
429,73,食材,483,485,竹髓
429,74,食材,493,495,竹鼠
429,75,食材,498,500,竹鼬
429,76,食材,504,506,竹根
429,77,食材,528,530,草果
429,78,食材,534,537,草豆蔻
430,1,食材,0,2,豇互
430,2,食味,4,5,甘
430,3,食味,5,6,咸
430,4,食性,8,9,平
430,5,禁忌,10,15,水种者勿食
430,6,病症,17,20,中鼠莽
430,7,烹饪方法,24,25,煮
430,8,食材,57,59,豌豆
430,9,食味,62,63,甘
430,10,食性,65,66,平
430,11,禁忌,67,72,多食发气病
430,12,食材,74,75,薇
430,13,食味,78,79,甘
430,14,食性,81,82,寒
430,15,食材,89,91,御米
430,16,食味,94,95,甘
430,17,食性,97,98,平
430,18,禁忌,99,104,多食利二便
430,19,禁忌,105,109,动膀胱气
430,20,食材,120,122,苡仁
430,21,食味,124,125,甘
430,22,病症,132,134,筋急
430,23,禁忌,135,139,不可食用
430,24,禁忌,149,155,妊妇食之坠胎
430,25,食材,157,159,蕨粉
430,26,食味,162,163,甘
430,27,禁忌,167,173,生山中者有毒
430,28,禁忌,174,179,多食令目暗
430,29,病症,194,201,邪气壅经络筋骨
430,30,禁忌,226,233,生食蕨粉成蛇疲
430,31,禁忌,234,240,能消人阴事
430,32,禁忌,247,252,勿同苋莱食
430,33,食材,39,41,鼠莽
430,34,食材,272,274,豇豆
430,35,食材,276,279,鼠莽草
431,1,古籍来源,66,72,《西溪丛话》
431,2,古籍来源,80,86,《嘉祜杂志》
431,3,食材,10,12,莲子
431,4,食材,58,59,盐
431,5,食材,34,36,卤水
431,6,食材,175,178,稻草灰
431,7,食材,337,339,汤饼
431,8,食材,376,377,面
431,9,烹饪方法,123,124,煮
431,10,烹饪方法,55,56,煎
431,11,烹饪方法,174,175,烧
431,12,烹饪方法,377,379,入汤
431,13,食味,262,263,咸
431,14,食味,37,38,淡
431,15,医家,77,80,江邻几
431,16,医家,91,94,吴春卿
431,17,医家,304,307,范侍读
431,18,医家,463,466,范淳甫
431,19,医家,307,309,伸元
431,20,病症,152,159,浮不起五颗莲子
431,21,病症,135,141,浮起十颗莲子
432,1,食材,31,32,饼
432,2,食材,34,36,汤饼
432,3,食材,169,172,水引饼
432,4,食材,204,205,面
432,5,食材,444,446,菱羹
432,6,食材,448,450,盐豉
432,7,食材,581,583,鲈脍
432,8,烹饪方法,30,31,煮
432,9,古籍来源,75,82,《世说新语》
432,10,古籍来源,127,134,《荆楚岁时记》
432,11,古籍来源,405,411,《倦游杂录》
432,12,古籍来源,283,288,《汤饼赋》
432,13,医家,16,19,黄朝英
432,14,医家,267,269,束皙
432,15,医家,463,465,陆机
432,16,医家,572,574,张翰
432,17,病症,302,306,涕冻鼻中
432,18,病症,307,312,霜凝口外
432,19,功效,313,317,充虚解颧
432,20,功效,154,158,辟除邪恶
433,1,食材,375,377,鳊鱼
433,2,食材,75,78,槎头鳊
433,3,食材,48,51,缩项鳊
433,4,古籍来源,232,239,《尔雅.释器》
433,5,古籍来源,330,337,《襄阳耆旧传》
433,6,古籍来源,174,182,《杜诗补遗正谬》
433,7,医家,170,172,杜田
433,8,医家,220,222,曾绎
433,9,医家,256,258,孙炎
433,10,医家,324,327,习凿齿
433,11,医家,417,420,张敬儿
433,12,医家,434,437,齐高帝
433,13,医家,11,14,盂浩然
433,14,医家,122,124,杜甫
434,1,食材,184,185,甘
434,2,食材,274,276,松脂
434,3,食材,356,358,甘子
434,4,食材,363,366,黄雀鲱
434,5,食材,348,350,奶子
434,6,食材,566,568,黄雀
434,7,烹饪方法,568,569,腌
434,8,医家,280,283,晏元献
434,9,医家,421,423,晏殊
434,10,医家,395,398,范应辰
435,1,食材,1,2,米
435,2,食材,21,22,谷
435,3,食材,405,406,牛
435,4,病症,97,99,饥荒
435,5,病症,161,163,饥荒
435,6,医家,79,81,范镇
435,7,医家,83,86,范仲淹
435,8,医家,255,257,包拯
435,9,医家,11,13,卢坦
435,10,古籍来源,10,11,唐
435,11,古籍来源,310,311,唐
436,1,古籍来源,2,8,《朝野佥载》
436,2,医家,0,2,张鳖
436,3,病症,18,20,应病
436,4,病症,185,188,应声虫
436,5,医家,34,37,张文仲
436,6,古籍来源,52,56,《本草》
436,7,食材,250,252,雷丸
436,8,古籍来源,112,118,《遐斋闲览》
436,9,医家,109,112,陈正敏
436,10,病症,423,427,应声虫病
436,11,医家,398,402,张文成
436,12,古籍来源,404,410,《朝野佥载》
436,13,病症,640,644,应声虫病
436,14,医家,446,449,张文仲
436,15,古籍来源,206,210,《本草》
436,16,烹饪方法,518,523,调制成丸
437,1,古籍来源,113,119,《食医心镜》
437,2,食材,143,145,鲫鱼
437,3,食材,164,166,胡椒
437,4,食材,168,170,干姜
437,5,病症,121,125,脾胃气冷
437,6,病症,127,131,不能下食
437,7,病症,132,136,虚弱无力
437,8,食疗方,138,141,鹘突羹
437,9,烹饪方法,149,151,细切
437,10,烹饪方法,152,154,作脍
437,11,烹饪方法,156,157,沸
437,12,烹饪方法,160,161,投
438,1,食材,7,8,茶
438,2,食材,38,43,北苑龙团
438,3,食材,238,242,江南鹰爪
438,4,食材,83,85,甘露
438,5,食材,67,69,琼蕊
438,6,食材,96,98,冰磁
438,7,食材,103,108,金缕鹧鸪斑
438,8,食材,117,119,银瓶
438,9,食材,119,121,蟹眼
438,10,烹饪方法,61,62,碾
438,11,烹饪方法,63,64,罗
438,12,病症,113,115,病酒
438,13,古籍来源,29,34,《满庭芳》
438,14,古籍来源,206,210,《辞谱》
438,15,古籍来源,249,255,《负随杂录》
438,16,古籍来源,479,483,《茶录》
438,17,医家,12,16,豫章先生
438,18,医家,437,441,司马相如
438,19,医家,279,282,杨万里
439,1,食材,3,5,荔枝
439,2,食材,16,20,蒺藜荔枝
439,3,食材,33,38,大将军荔枝
439,4,食材,40,45,小将军荔枝
439,5,食材,57,61,大蜻荔枝
439,6,食材,62,66,小蜡荔枝
439,7,食材,92,96,蛇皮荔枝
439,8,食材,103,106,青荔枝
439,9,食材,112,115,银荔枝
439,10,食材,121,126,不忆子荔枝
439,11,食材,135,139,火山荔枝
439,12,食材,160,164,野山荔枝
439,13,食材,179,183,五色荔枝
439,14,食材,223,226,荔枝肉
439,15,食材,227,230,椰子花
439,16,食材,207,209,酥酪
439,17,食材,298,300,海蜇
439,18,食味,171,173,酸涩
439,19,烹饪方法,202,203,榨
439,20,烹饪方法,236,237,炒
439,21,烹饪方法,218,220,签炙
439,22,烹饪方法,408,409,炙
439,23,医家,250,253,蔡君谟
439,24,医家,270,272,郑熊
440,1,古籍来源,87,91,《本草》
440,2,古籍来源,231,237,《陋斋闲览》
440,3,食材,354,356,雷丸
440,4,病症,29,31,岸疾
440,5,病症,70,73,应声虫
440,6,病症,283,285,异疾
440,7,医家,10,13,陈正敏
440,8,医家,24,26,杨劭
440,9,医家,177,179,丐者
440,10,烹饪方法,130,131,饵
440,11,禁忌,75,84,"久不治 ,燕及妻子"
441,1,食材,15,16,饭
441,2,食材,19,21,劳薪
441,3,食材,38,40,车轴
441,4,古籍来源,112,120,《北史。王邵传》
441,5,医家,11,13,师旷
441,6,医家,25,28,晋平公
442,1,古籍来源,1,6,《山漪经》
442,2,古籍来源,46,53,《物类相感志》
442,3,古籍来源,172,176,《广韵》
442,4,古籍来源,157,162,《山海经》
442,5,古籍来源,295,307,《文选`左太子神吴都赋》
442,6,古籍来源,505,509,《巢韵》
442,7,食材,122,123,鲎
442,8,食材,314,316,鼋鼍
442,9,食材,355,356,蟹
442,10,医家,111,114,韩退之
442,11,医家,286,289,洪庆善
442,12,医家,323,326,刘渊林
442,13,医家,98,101,陈无己
442,14,医家,665,667,苏轼
442,15,医家,436,438,李薯
442,16,医家,428,429,崔
442,17,病症,68,70,无目
443,1,食材,0,1,盐
443,2,食材,3,4,豉
443,3,食材,5,7,盐豉
443,4,古籍来源,17,24,《礼记。内则》
443,5,古籍来源,44,52,《尚书.说命篇》
443,6,古籍来源,69,73,《左传》
443,7,医家,76,78,晏子
443,8,古籍来源,135,142,《楚辞.招魂》
443,9,食材,171,173,豆豉
443,10,食材,175,177,豆类
443,11,烹饪方法,177,178,泡
443,12,烹饪方法,179,180,蒸
443,13,烹饪方法,181,183,发酵
443,14,烹饪方法,183,184,腌
443,15,食材,199,201,酱油
443,16,食材,25,26,豚
443,17,食材,213,215,小猪
443,18,食材,208,209,猪
443,19,食材,37,38,醯
443,20,食材,230,231,醋
443,21,食材,38,39,醢
443,22,食材,93,94,肉
443,23,食材,92,93,鱼
443,24,食材,124,125,酱
443,25,古籍来源,253,257,《尚书》
443,26,医家,278,280,孔子
443,27,食材,64,65,梅
443,28,食材,386,388,酸梅
443,29,医家,405,407,晏婴
443,30,古籍来源,508,515,《楚辞。招魂》
443,31,古籍来源,516,520,《楚辞》
443,32,医家,534,536,刘向
443,33,医家,554,556,屈原
443,34,医家,602,605,刘安
444,1,食材,1,2,肉
444,2,食材,12,13,酒
444,3,食材,288,290,姜豉
444,4,食材,297,299,猪肉
444,5,烹饪方法,294,296,细抹
444,6,烹饪方法,299,300,冻
445,1,食材,2,4,甘露
445,2,食味,25,27,香甜
445,3,病症,229,231,寿促
445,4,医家,336,339,张子方
445,5,医家,8,11,徐上交
445,6,古籍来源,498,508,《史记`淮阴侯列传》
446,1,食材,5,6,粟
446,2,食材,56,58,玉粒
446,3,食材,50,52,红鲜
446,4,古籍来源,38,47,《茅堂检莜收稻诗》
446,5,古籍来源,162,166,《汊书》
446,6,古籍来源,180,184,《海贼》
446,7,古籍来源,556,560,《文选》
446,8,医家,94,97,颜之推
446,9,医家,98,101,百里奚
446,10,医家,202,204,李善
446,11,烹饪方法,75,76,炊
446,12,烹饪方法,85,86,吹
446,13,烹饪方法,115,116,煮
446,14,烹饪方法,192,193,燔
446,15,烹饪方法,474,475,燃
447,1,食味,5,6,酸
447,2,食味,11,12,苦
447,3,食味,16,17,辛
447,4,食味,22,23,咸
447,5,食味,28,29,甘
447,6,古籍来源,33,37,《内则》
447,7,养生原则,0,2,凡和
447,8,养生原则,249,252,春多酸
447,9,养生原则,283,286,夏多苦
447,10,养生原则,310,313,秋多辛
448,1,食材,70,72,黍饭
448,2,食材,88,89,羹
448,3,食材,109,111,肉酱
448,4,食材,173,175,湿肉
448,5,食材,182,184,干肉
448,6,食材,197,199,烤肉
448,7,古籍来源,228,232,《中庸》
448,8,养生原则,213,225,"人莫不饮食也,鲜能知味也"
449,1,食材,3,4,肉
449,2,食材,7,8,酒
449,3,食材,19,20,醯
449,4,食材,22,23,醢
449,5,食材,71,72,桂
449,6,食材,74,75,姜
449,7,食材,84,85,盐
449,8,食材,98,100,羊肉
449,9,食材,107,108,麋
449,10,食材,110,111,鹿
449,11,食材,113,116,魔肉
449,12,食材,77,78,牛
449,13,食材,122,123,羊
449,14,食材,175,177,猪肉
449,15,食材,187,189,稻米
449,16,食材,226,228,狗肝
449,17,食材,232,235,狗网油
449,18,食材,258,259,蓼
449,19,食材,312,316,狼胸脯油
449,20,烹饪方法,9,11,浸泡
449,21,烹饪方法,85,86,腌
449,22,烹饪方法,144,145,煎
449,23,烹饪方法,43,45,捣捶
449,24,烹饪方法,53,55,摊放
449,25,烹饪方法,75,76,洒
449,26,烹饪方法,138,140,润开
449,27,烹饪方法,156,160,捣捶柔软
449,28,烹饪方法,183,185,切细
449,29,烹饪方法,205,211,合起来做成饼
449,30,烹饪方法,212,215,煎着吃
449,31,烹饪方法,235,237,覆盖
449,32,烹饪方法,238,246,架举在火匕烧烤
449,33,烹饪方法,251,253,烤干
449,34,烹饪方法,266,267,溲
449,35,烹饪方法,270,272,小切
449,36,烹饪方法,318,319,煮
449,37,烹饪方法,298,300,调和
449,38,烹饪方法,307,311,切成小块
449,39,古籍来源,288,292,《内则》
449,40,古籍来源,334,338,《少仪》
450,1,食材,37,38,牛
450,2,食材,48,49,羊
450,3,食材,59,60,犬
450,4,食材,70,71,鸟
450,5,食材,83,84,豕
450,6,食材,94,95,马
450,7,病症,38,40,夜鸣
450,8,病症,49,53,冷毛丽毳
450,9,病症,60,64,赤股丽躁
450,10,病症,71,77,臁色而沙鸣
450,11,病症,95,97,黑脊
450,12,禁忌,31,34,不可食
450,13,古籍来源,534,536,礼记
450,14,古籍来源,538,540,肉则
451,1,食材,161,162,狼
451,2,食材,166,167,麋
451,3,食性,298,299,温
451,4,功效,315,323,补敕季节胀寒苦
451,5,烹饪方法,41,42,煮
451,6,烹饪方法,97,98,蒸
451,7,古籍来源,202,207,《官冢宰》
452,1,食材,17,19,麋鹿
452,2,食材,30,32,野鲁
452,3,食材,39,42,毛皮兽
452,4,食材,52,54,兽物
452,5,食材,72,73,脯
452,6,食材,60,61,腊
452,7,食材,130,131,鱼
452,8,食材,126,127,鲔
452,9,食材,133,134,鲜
452,10,食材,136,137,薨
452,11,食材,296,297,鲜
452,12,食材,186,188,活鱼
452,13,食材,189,191,千鱼
452,14,古籍来源,148,154,《沃官冢宰》
453,1,食材,80,81,牛
453,2,食材,82,83,羊
453,3,食材,84,85,豕
453,4,食材,86,87,犬
453,5,食材,88,89,鸡
453,6,食材,139,140,马
453,7,食材,370,372,猪肉
453,8,食材,469,470,姜
453,9,食材,470,471,桂
453,10,食材,502,504,干肉
453,11,食材,480,482,莱羹
453,12,食材,483,486,夹脊肉
453,13,食材,511,513,干鱼
453,14,病症,99,100,病
453,15,病症,192,195,病牛肉
453,16,病症,242,247,肉味必擅臭
453,17,病症,284,287,恶臭味
453,18,病症,327,329,病禽
453,19,病症,384,386,肉息
453,20,病症,434,436,病马
453,21,烹饪方法,536,538,烹煮
453,22,烹饪方法,538,540,煎熬
453,23,烹饪方法,471,474,调好味
453,24,烹饪方法,497,498,切
453,25,禁忌,247,252,不可以食用
453,26,禁忌,144,150,不可以作食用
453,27,禁忌,196,202,不可以食们竹
453,28,禁忌,289,294,不可以食用
453,29,禁忌,331,338,不可以作食用的
453,30,禁忌,392,397,不可以食用
453,31,禁忌,437,441,不可食用
453,32,养生原则,68,77,辨别牲禽肉物的好坏
453,33,养生原则,103,112,检查肉质气味的鲜臭
453,34,养生原则,546,559,辨别牲禽的好丑和食物卫生
454,1,食材,0,1,醢
454,2,食材,3,4,蜃
454,3,食材,5,7,蚍醢
454,4,食材,9,11,豚拍
454,5,食材,13,15,鱼巍
454,6,食材,23,25,芹菹
454,7,食材,27,29,篼醢
454,8,食材,227,229,深蒲
454,9,食材,36,38,醯醢
454,10,食材,351,353,箔菹
454,11,食材,44,46,雁醢
454,12,食材,48,50,笋菹
454,13,食材,52,54,鱼醢
454,14,食材,61,63,酏食
454,15,食材,65,67,糁食
454,16,食材,137,139,蜃蛤
454,17,食材,140,141,蚁
454,18,食材,161,162,豚
454,19,食材,163,165,小猪
454,20,食材,183,184,鱼
454,21,食材,194,195,芹
454,22,食材,219,221,兔肉
454,23,食材,232,233,蒲
454,24,食材,370,372,水苔
454,25,食材,386,389,雁鸟肉
454,26,食材,403,405,竹笄
454,27,食材,416,418,韬米
454,28,食材,419,422,狼胸肌
454,29,食材,442,443,牛
454,30,食材,444,445,半
454,31,食材,446,448,豕肉
454,32,食材,463,466,猾米
454,33,食味,329,331,甘甜
454,34,烹饪方法,335,336,煮
454,35,烹饪方法,425,426,熬
454,36,烹饪方法,471,472,煎
455,1,食材,154,156,黑黍
455,2,食材,370,373,黑小米
455,3,食材,158,160,香草
455,4,烹饪方法,397,398,煮
455,5,古籍来源,64,72,《僖公二十八年》
456,1,食材,397,398,牛
456,2,食材,400,401,羊
456,3,食材,403,404,豕
456,4,食材,406,407,鱼
456,5,食材,410,411,腊
456,6,食材,413,415,肠胃
456,7,食材,417,418,胀
456,8,食材,420,422,鲜鱼
456,9,食材,424,426,鲜锴
456,10,食材,438,439,脚
456,11,食材,441,442,肿
456,12,食材,444,445,篪
456,13,烹饪方法,255,256,烹
456,14,烹饪方法,231,232,熬
456,15,烹饪方法,236,237,炮
456,16,烹饪方法,246,247,渍
456,17,古籍来源,56,62,《关官冢宰》
457,1,食材,17,18,鳖
457,2,食材,41,42,狼
457,3,食材,49,50,狗
457,4,食材,55,56,狸
457,5,食材,66,67,兔
457,6,食材,4,5,狐
457,7,食材,82,83,猪
457,8,食材,88,89,鱼
457,9,食材,37,38,鳖
457,10,食材,117,118,枣
457,11,食材,123,124,栗
457,12,食材,130,131,桃
457,13,食材,136,138,相梨
457,14,古籍来源,24,28,《内则》
457,15,古籍来源,144,148,《肉则》
458,1,食材,131,133,大龟
458,2,食材,133,134,鳖
458,3,食材,152,153,熊
458,4,食材,153,154,罴
458,5,食材,154,156,狐狸
458,6,食材,520,521,狸
458,7,古籍来源,26,30,《禹音》
458,8,古籍来源,163,167,《禹贡》
459,1,食材,16,18,菽藿
459,2,食材,30,31,旄
459,3,食材,9,10,象
459,4,食材,26,28,豹胎
459,5,食材,82,84,肉圃
459,6,食材,87,89,炮烙
459,7,食材,509,511,槽邱
459,8,食材,529,531,酒池
459,9,食材,168,171,犀牛角
459,10,食材,209,211,豆叶
459,11,食材,245,247,旄牛
459,12,食材,258,260,小豹
459,13,食材,262,264,乳猪
459,14,食材,280,281,肉
459,15,食材,96,97,酒
459,16,功效,153,157,解毒退热
459,17,烹饪方法,502,503,烤
460,1,食材,114,116,小鲜
460,2,烹饪方法,113,114,烹
460,3,养生原则,142,145,甘其食
460,4,养生原则,146,149,美其服
460,5,养生原则,150,153,安其居
460,6,养生原则,154,157,乐其俗
461,1,古籍来源,92,98,《夭官冢宰》
461,2,食材,2,3,酒
461,3,食材,10,12,事酒
461,4,食材,16,18,昔酒
461,5,食材,23,25,清酒
461,6,食材,37,38,清
461,7,食材,43,44,医
461,8,食材,49,50,浆
461,9,食材,55,56,酏
461,10,食材,118,120,五齐
461,11,食材,263,264,醴
461,12,食材,377,379,黍酒
461,13,食味,370,371,酸
461,14,食味,381,382,甜
461,15,功效,350,352,治病
461,16,烹饪方法,171,172,酿
461,17,烹饪方法,287,288,煮
461,18,烹饪方法,266,267,滤
461,19,烹饪方法,109,111,渗漉
462,1,食材,25,27,草芽
462,2,食材,28,30,苹草
462,3,食材,31,33,白蒿
462,4,食材,34,36,水藻
462,5,食材,39,41,野菜
462,6,食材,144,146,茅苇
462,7,食材,153,155,蒲席
462,8,食材,158,160,肉汁
462,9,食材,175,177,糙染
462,10,烹饪方法,323,324,煮
462,11,古籍来源,129,135,《桓公二年》
463,1,食材,65,66,鱼
463,2,食味,82,83,咸
463,3,病症,98,100,热中
463,4,病症,124,126,痈疡
463,5,病症,388,389,痈
463,6,病症,390,391,疡
463,7,医家,0,2,黄帝
463,8,医家,33,35,岐伯
463,9,古籍来源,150,161,《异法方宜论篇第十二》
464,1,食材,63,65,人肉
464,2,烹饪方法,311,312,蒸
464,3,古籍来源,161,165,《难一》
465,1,古籍来源,46,50,《洪范》
465,2,食味,365,366,咸
465,3,食味,21,22,苦
465,4,食味,29,30,酸
465,5,食味,35,36,辛
465,6,食味,41,42,甘
466,1,食材,29,30,梅
466,2,食材,12,13,兰
466,3,食材,13,14,蓼
466,4,食味,497,498,酸
466,5,食味,392,393,辛
466,6,烹饪方法,28,29,煮
466,7,古籍来源,140,148,《大戴礼记解诂》
466,8,古籍来源,178,183,《夏小正》
467,1,烹饪方法,8,9,蒸
467,2,烹饪方法,39,40,拌
467,3,烹饪方法,183,184,煮
467,4,烹饪方法,178,179,抽
467,5,烹饪方法,180,181,拽
467,6,烹饪方法,102,103,捍
467,7,食材,142,144,白面
467,8,食材,63,64,盐
467,9,食材,105,109,绿豆粉
467,10,食材,196,198,麻腻
467,11,食材,199,202,杏仁腻
467,12,食材,207,208,酱
467,13,食材,211,213,煎肉
467,14,食材,223,225,腌韭
467,15,食材,227,229,瓜丝
467,16,食材,244,246,白糖
467,17,食材,252,254,清油
467,18,食材,80,81,水
467,19,食材,271,273,酥油
467,20,食材,274,276,椒盐
467,21,烹饪方法,81,82,搜
467,22,烹饪方法,145,146,揉
467,23,烹饪方法,92,93,操
467,24,烹饪方法,287,288,捍
467,25,烹饪方法,187,188,抽
467,26,烹饪方法,189,190,拽
467,27,古籍来源,319,327,《古今厨书巢成》
468,1,食材,19,21,酥油
468,2,食材,36,39,白少糟
468,3,食材,52,56,上白糯米
468,4,食材,57,59,粳米
468,5,食材,64,66,芡实
468,6,食材,71,73,人参
468,7,食材,78,80,茯苓
468,8,食材,81,83,砂仁
468,9,食材,97,100,自少糖
468,10,食材,119,121,沙糖
468,11,食材,122,124,赤豆
468,12,食材,125,127,绿豆
468,13,食材,134,138,生糯米粉
468,14,食材,164,166,糯米
468,15,食材,170,171,枣
468,16,食材,172,173,栗
468,17,食材,174,176,柿干
468,18,食材,177,179,银杏
468,19,食材,180,182,赤互
468,20,食材,185,187,茭叶
468,21,食材,190,192,箬叶
468,22,食材,201,203,艾叶
468,23,食材,228,230,真粉
468,24,食材,231,233,油饼
468,25,食材,234,236,芝麻
468,26,食材,237,239,松子
468,27,食材,240,242,胡桃
468,28,食材,243,245,茴香
468,29,烹饪方法,25,26,炸
468,30,烹饪方法,144,145,蒸
468,31,烹饪方法,110,111,煮
468,32,烹饪方法,138,139,裹
468,33,烹饪方法,203,204,浸
468,34,烹饪方法,87,88,磨
468,35,烹饪方法,92,93,筛
468,36,烹饪方法,103,105,拌匀
468,37,烹饪方法,166,167,淘
468,38,烹饪方法,42,43,拌
468,39,食疗方,46,51,五 畚糕方
468,40,食疗方,155,162,粽 子 法
468,41,食疗方,266,269,玉邋肺
468,42,古籍来源,271,277,《山家潸供》
469,1,食材,178,180,食品
469,2,食材,45,47,生灵
469,3,食材,325,326,禽
469,4,食材,327,329,动物
469,5,食材,78,80,己财
469,6,食材,69,73,父祖心力
469,7,食材,94,98,民之育血
469,8,食材,243,245,食品
469,9,养生原则,2,6,计功多少
469,10,养生原则,7,11,量彼来处
469,11,养生原则,120,124,始于事亲
469,12,养生原则,126,130,中于事君
469,13,养生原则,132,136,终于立身
469,14,烹饪方法,16,18,垦殖
469,15,烹饪方法,19,21,收获
469,16,烹饪方法,22,24,春磴
469,17,烹饪方法,25,27,淘汰
469,18,烹饪方法,28,30,炊煮
469,19,烹饪方法,261,263,炊敉
469,20,禁忌,101,104,不可官
469,21,医家,160,163,士大夫
469,22,古籍来源,604,608,《举怒》
470,1,古籍来源,0,10,《中囤烹饪古籍丛刊》
471,1,食材,65,66,鹅
471,2,食材,72,74,粳肉
471,3,食材,97,98,瓠
471,4,食材,98,99,匏
471,5,食材,219,221,鳝鱼
471,6,食材,137,139,鳐鲠
471,7,食材,664,667,石首鱼
471,8,食材,668,670,鲈鱼
471,9,食材,671,673,鲻鱼
471,10,食材,728,729,姜
471,11,食材,729,730,酢
471,12,食味,692,693,咸
471,13,烹饪方法,80,81,熟
471,14,烹饪方法,121,123,酿酒
471,15,烹饪方法,135,137,蜜渍
471,16,烹饪方法,146,147,炙
471,17,烹饪方法,150,151,碎
471,18,烹饪方法,701,703,密封
471,19,烹饪方法,703,706,置日中
471,20,食疗方,55,58,浑羊设
471,21,食疗方,88,92,蛇罐汤法
471,22,食疗方,0,4,花无忧腊
471,23,食疗方,6,10,连珠起肉
471,24,食疗方,657,660,鳐鲠法
471,25,古籍来源,247,253,《酉阴杂俎》
471,26,古籍来源,603,609,《梦溪笔谈》
471,27,医家,13,15,韦琳
471,28,医家,84,86,谢眺
471,29,医家,94,96,贾锵
471,30,医家,131,134,宋明帝
471,31,医家,601,603,沈括
471,32,医家,441,444,谢灵运
471,33,医家,432,434,李白
471,34,病症,314,316,厌恶
472,1,食材,11,13,竹笄
472,2,食材,26,28,鞭笋
472,3,食材,48,50,蛋藕
472,4,食材,51,53,莲根
472,5,食材,146,148,土酥
472,6,食材,150,152,芦菔
472,7,食材,294,296,萝卜
472,8,食材,174,176,菜根
472,9,烹饪方法,15,16,生
472,10,烹饪方法,57,58,熟
472,11,烹饪方法,322,324,切碎
472,12,烹饪方法,172,173,咬
472,13,功效,78,80,爽口
472,14,功效,83,86,可观心
472,15,古籍来源,206,210,《竹谱》
472,16,古籍来源,369,380,《东莱吕紫薇师友杂志》
473,1,食材,0,3,酱佛手
473,2,食材,4,6,香橼
473,3,食材,7,9,梨子
473,4,食材,10,12,梨子
473,5,食材,24,26,香橼
473,6,食材,34,36,佛手
473,7,食材,39,43,新桔'皮
473,8,食材,44,46,石花
473,9,食材,48,50,面筋
473,10,食材,87,89,茄子
473,11,食材,63,66,茄子
473,12,食材,92,93,糈
473,13,食材,74,75,盐
473,14,食材,81,83,河水
473,15,食材,141,143,萝卜
473,16,食材,152,154,萝卜
473,17,食材,96,97,盐
473,18,食材,61,62,糟
473,19,食材,147,148,盐
473,20,食材,178,180,萝卜
473,21,食材,201,203,石花
473,22,食材,206,209,石花莱
473,23,食材,212,214,琮枝
473,24,食材,215,218,草珊瑚
473,25,食材,219,223,胶蜞麟莱
473,26,食材,234,236,琼枝
473,27,烹饪方法,15,16,酱
473,28,烹饪方法,29,30,酱
473,29,烹饪方法,73,74,糟
473,30,烹饪方法,108,109,糟
473,31,烹饪方法,107,108,拌
473,32,烹饪方法,173,174,拌
473,33,烹饪方法,52,54,酱食
473,34,烹饪方法,133,134,糟
473,35,烹饪方法,184,185,拌
473,36,禁忌,126,130,非暴用者
473,37,禁忌,195,199,非暴吃者
473,38,禁忌,241,245,非暴用者
474,1,食材,56,58,枸杞
474,2,食材,145,147,荞菜
474,3,食材,176,177,荠
474,4,食材,49,50,芋
474,5,食材,263,265,蹲鸱
474,6,食材,247,249,大芋
474,7,食材,309,311,甘荠
474,8,食材,325,327,小荞
474,9,食材,334,336,大并
474,10,食味,141,142,甘
474,11,食味,171,172,苦
474,12,食味,174,175,甘
474,13,食味,332,333,荬
474,14,功效,76,80,饵之冀之
474,15,功效,82,86,心开月明
474,16,功效,134,139,心开月叉明
474,17,功效,292,296,心井目明
474,18,古籍来源,231,237,《华阳囤志》
474,19,医家,312,315,李肘珍
474,20,医家,149,151,东坡
474,21,烹饪方法,61,62,饵
474,22,烹饪方法,63,64,葵
474,23,烹饪方法,152,153,食
474,24,烹饪方法,274,275,葵
474,25,烹饪方法,131,132,吃
474,26,养生原则,186,190,为山居赐
474,27,养生原则,158,166,为幽人山居之福
475,1,食材,28,30,秫粉
475,2,食材,35,37,蔗霜
475,3,食材,42,44,沉水
475,4,食材,108,109,笋
475,5,食材,367,369,鞭笋
475,6,食材,370,373,玉兰片
475,7,食味,47,48,甘
475,8,食味,20,21,香
475,9,烹饪方法,87,89,浴煮
475,10,烹饪方法,119,121,抽箨
475,11,烹饪方法,126,128,挑鞭
475,12,古籍来源,431,437,《本草纲目》
475,13,古籍来源,475,485,《诗经:卫风:淇臾》
476,1,食材,33,35,荞莱
476,2,食材,116,118,绿豆
476,3,食材,187,188,莓
476,4,食材,191,193,木荨
476,5,食材,200,201,菌
476,6,食材,184,185,芝
476,7,食材,424,426,紫芝
476,8,功效,96,100,热蠲金石
476,9,功效,102,107,清澈肺腑
476,10,脏腑,179,181,肺腑
476,11,古籍来源,3,7,《诗经》
476,12,古籍来源,396,400,《本草》
476,13,烹饪方法,83,84,碾
476,14,烹饪方法,90,91,撒
476,15,烹饪方法,133,134,煮
476,16,食味,22,23,甜
476,17,养生原则,61,65,山居隐士
477,1,食材,6,7,鸡
477,2,食材,102,104,鲋鱼
477,3,食材,125,127,花椒
477,4,食材,128,130,砂仁
477,5,食材,131,132,酱
477,6,食材,137,138,酒
477,7,烹饪方法,15,16,煮
477,8,烹饪方法,42,43,炒
477,9,烹饪方法,3,4,焙
477,10,烹饪方法,94,95,蒸
477,11,烹饪方法,70,71,烹
477,12,烹饪方法,149,150,燕
477,13,烹饪方法,107,109,去鳞
477,14,烹饪方法,222,223,烘
477,15,烹饪方法,140,142,拌匀
477,16,烹饪方法,104,106,去肠
477,17,烹饪方法,112,116,拭去血水
477,18,烹饪方法,21,25,剁作小块
477,19,烹饪方法,28,33,放油少许
477,20,烹饪方法,34,36,烧热
477,21,烹饪方法,51,53,盖定
477,22,烹饪方法,155,157,供食
477,23,食疗方,159,162,炉焙鸡
477,24,古籍来源,282,288,《说文解字》
477,25,古籍来源,331,337,《云黛浸钞》
478,1,食材,15,16,食
478,2,食材,178,180,食品
478,3,食材,566,568,类食
478,4,烹饪方法,16,18,垦殖
478,5,烹饪方法,19,21,收获
478,6,烹饪方法,22,24,春磴
478,7,烹饪方法,25,27,淘汰
478,8,烹饪方法,28,30,炊煮
479,1,食材,1,2,鱼
479,2,食材,54,57,羊肥肋
479,3,食材,79,82,白粳米
479,4,食材,85,86,葱
479,5,食材,97,99,山药
479,6,食材,121,122,酒
479,7,食材,125,126,盐
479,8,食材,129,131,干姜
479,9,食材,136,137,醋
479,10,食材,145,147,乳饼
479,11,食材,149,150,笄
479,12,食材,151,152,蕈
479,13,食材,155,156,鸡
479,14,食材,156,157,鹅
479,15,食材,157,158,鸭
479,16,食材,158,159,鸽
479,17,食材,174,176,羊肉
479,18,食材,183,185,萝卜
479,19,食材,202,204,川椒
479,20,食材,243,246,羊精肉
479,21,食材,250,252,肾肤
479,22,烹饪方法,70,71,煮
479,23,烹饪方法,23,25,慢火
479,24,烹饪方法,181,182,切
479,25,烹饪方法,107,109,搅匀
479,26,烹饪方法,212,213,入
479,27,烹饪方法,10,11,下
479,28,烹饪方法,25,26,养
479,29,烹饪方法,20,22,封闭
479,30,烹饪方法,6,8,覆盖
479,31,烹饪方法,9,10,倾
479,32,烹饪方法,15,17,浸没
479,33,烹饪方法,255,258,骰块切
479,34,烹饪方法,246,249,切如缕
479,35,食疗方,35,39,肉羹
479,36,食疗方,46,53,骨插羹
479,37,食疗方,168,173,萝卜羹
479,38,食疗方,235,242,炒肉羹
480,1,食材,11,13,猪羊
480,2,食材,14,16,大牢
480,3,食材,312,314,醇醪
480,4,食材,35,36,醋
480,5,食材,37,39,马芹
480,6,食材,39,41,莳萝
480,7,食材,47,49,白盐
480,8,食材,443,446,羊红肝
480,9,食材,89,92,肥羊肉
480,10,食材,103,104,盐
480,11,食材,119,120,糟
480,12,食材,80,81,羊
480,13,食材,166,167,鹿
480,14,食材,169,170,獐
480,15,食材,175,176,肉
480,16,食材,213,214,滔
480,17,烹饪方法,21,22,切
480,18,烹饪方法,60,61,熬
480,19,烹饪方法,108,109,腌
480,20,烹饪方法,148,150,熏干
480,21,烹饪方法,159,160,煮
480,22,烹饪方法,177,179,作条
480,23,烹饪方法,182,185,去筋膜
480,24,烹饪方法,137,139,礻去
480,25,烹饪方法,156,158,洗剥
480,26,医家,395,397,孔子
480,27,病症,369,373,不匆肉味
481,1,食材,0,1,酱
481,2,食材,3,4,醋
481,3,食材,6,7,蟹
481,4,食材,14,16,麻皮
481,5,食材,36,37,盐
481,6,食材,41,42,醋
481,7,食材,45,46,酒
481,8,食材,49,51,香油
481,9,食材,54,55,葱
481,10,食材,67,70,榆仁酱
481,11,食材,73,75,面酱
481,12,食材,78,80,茴香
481,13,食材,81,83,椒末
481,14,食材,84,87,姜丝
481,15,食材,88,90,桔丝
481,16,食材,96,97,酒
481,17,食材,97,98,醋
481,18,食材,126,128,皂角
481,19,食材,156,157,盐
481,20,食材,161,165,麦黄末
481,21,食材,169,171,曲求
481,22,食材,112,113,酒
481,23,食材,201,203,自芷
481,24,食材,215,216,糟
481,25,食材,246,247,盐
481,26,食材,245,246,糟
481,27,食材,257,258,盐
481,28,烹饪方法,60,61,炒
481,29,烹饪方法,99,101,拌匀
481,30,烹饪方法,115,116,浸
481,31,烹饪方法,146,148,洗净
481,32,烹饪方法,149,151,控干
481,33,烹饪方法,176,178,仰迭
481,34,烹饪方法,191,194,倾入
481,35,烹饪方法,234,236,水冼
481,36,烹饪方法,237,239,控千
481,37,烹饪方法,240,242,布拭
481,38,食疗方,134,138,法蟹
481,39,食材,103,104,蟹
481,40,食材,293,295,皂荚
481,41,食材,331,333,自芷
481,42,食材,399,401,蟹黄
481,43,食材,415,416,盐
482,1,食材,1,3,硬肉
482,2,食材,6,8,脑砂
482,3,食材,10,13,桑白皮
482,4,食材,15,17,楷实
482,5,食材,25,27,败肉
482,6,食材,28,30,阿魏
482,7,食材,38,40,胡桃
482,8,食材,61,64,驴马肠
482,9,食材,77,79,香油
482,10,食材,80,82,葱椒
482,11,食材,83,87,麸盘肉
482,12,食材,90,92,胡祧
482,13,食材,102,104,肥肉
482,14,食材,106,109,芝族花
482,15,食材,110,112,茄花
482,16,食材,146,148,獐肺
482,17,食材,152,154,兔肺
482,18,食材,160,163,山羊肺
482,19,食材,203,205,韭汁
482,20,食材,206,208,蒜泥
482,21,食材,209,210,酪
482,22,食材,211,213,生姜
482,23,食材,217,218,盐
482,24,食材,225,227,磁砂
482,25,食材,272,275,桑臼皮
482,26,食材,313,315,楮实
482,27,食材,349,351,阿魏
482,28,食性,248,249,温
482,29,食性,332,333,寒
482,30,食味,251,252,咸
482,31,食味,252,253,苦
482,32,食味,253,254,辛
482,33,食味,294,295,甘
482,34,功效,265,269,消积软坚
482,35,功效,298,302,泻肺平喘
482,36,功效,303,308,行水消肿
482,37,功效,335,337,滋肾
482,38,功效,338,340,潸肝
482,39,功效,342,344,明目
482,40,功效,378,380,消积
482,41,功效,381,386,汆虫解毒
482,42,烹饪方法,0,1,煮
482,43,烹饪方法,123,124,炙
482,44,烹饪方法,222,223,滤
482,45,禁忌,255,257,有粪
482,46,脏腑,144,145,肺
483,1,食材,95,97,榆仁
483,2,食材,49,51,蓼汁
483,3,食材,77,79,面曲
483,4,食材,87,89,盐水
483,5,食材,108,109,盐
483,6,食材,165,168,大麦面
483,7,食材,128,130,黑豆
483,8,食材,249,252,井华水
483,9,食材,275,277,羊肉
483,10,食材,283,285,精肉
483,11,食材,298,300,酱曲
483,12,食材,318,320,葱白
483,13,食材,329,331,良姜
483,14,食材,332,334,小椒
483,15,食材,336,338,芜荑
483,16,食材,339,341,陈皮
483,17,烹饪方法,15,17,淘挣
483,18,烹饪方法,18,19,浸
483,19,烹饪方法,23,25,搓洗
483,20,烹饪方法,40,42,揉洗
483,21,烹饪方法,45,47,控干
483,22,烹饪方法,364,366,晒干
483,23,烹饪方法,61,62,拌
483,24,烹饪方法,152,153,煮
483,25,烹饪方法,136,137,炒
483,26,烹饪方法,199,200,蒸
483,27,烹饪方法,227,229,捣碎
483,28,烹饪方法,192,193,切
483,29,烹饪方法,187,189,和搜
483,30,烹饪方法,176,177,筛
483,31,烹饪方法,205,206,摊
483,32,烹饪方法,225,226,晒
483,33,烹饪方法,89,90,下
483,34,食疗方,118,127,大麦酱方
483,35,食疗方,262,270,造肉酱法
484,1,食材,8,11,精羊肉
484,2,食材,23,24,盐
484,3,食材,27,28,酒
484,4,食材,28,29,醋
484,5,食材,33,35,砂仁
484,6,食材,36,38,良姜
484,7,食材,39,40,椒
484,8,食材,42,43,葱
484,9,食材,44,46,桔皮
484,10,烹饪方法,52,53,煮
484,11,烹饪方法,56,58,晒干
484,12,食材,85,86,葱
484,13,食材,89,91,桔皮
484,14,食材,94,96,良姜
484,15,食材,99,100,椒
484,16,食材,111,112,盐
484,17,烹饪方法,69,70,煮
484,18,烹饪方法,139,140,蒸
484,19,食材,363,365,羊肺
484,20,食材,194,196,生姜
484,21,食材,199,201,良姜
484,22,食材,202,203,椒
484,23,食材,205,206,盐
484,24,食材,210,211,葱
484,25,烹饪方法,82,83,煮
484,26,烹饪方法,226,227,煨
484,27,食材,248,250,羊肚
484,28,食材,251,253,托胎
484,29,食材,254,256,硬髓
485,1,食材,6,9,陈仓米
485,2,食材,12,14,糯米
485,3,食材,33,35,粗曲
485,4,食材,67,70,新汲水
485,5,食材,110,113,小芨
485,6,食材,142,144,炒麦
485,7,食材,1,3,小麦
485,8,食材,383,386,大麦仁
485,9,食材,410,412,白面
485,10,烹饪方法,20,21,浸
485,11,烹饪方法,24,25,炊
485,12,烹饪方法,39,40,捣
485,13,烹饪方法,43,44,焙
485,14,烹饪方法,56,57,拌
485,15,烹饪方法,77,78,擂
485,16,烹饪方法,79,81,捺平
485,17,烹饪方法,88,90,密封
485,18,烹饪方法,115,117,炒焦
485,19,烹饪方法,131,133,煎沸
485,20,烹饪方法,306,307,蒸
485,21,烹饪方法,338,340,晒干
485,22,烹饪方法,341,342,簸
485,23,食性,255,256,热
485,24,食性,273,274,平
485,25,食材,253,255,米醋
485,26,食材,277,279,麦黄
485,27,食材,378,381,大麦醋
486,1,食疗方,0,7,湿枣汤
486,2,古籍来源,10,13,夸氏方
486,3,食材,15,17,大枣
486,4,烹饪方法,28,29,熬
486,5,食材,33,34,蜜
486,6,食材,35,38,生姜汁
486,7,烹饪方法,43,45,调停
486,8,烹饪方法,45,46,和
486,9,烹饪方法,282,283,煎
486,10,食材,62,64,麝香
486,11,烹饪方法,77,79,点服
486,12,食疗方,81,88,香苏汤
486,13,古籍来源,91,94,李氏方
486,14,食材,96,98,千枣
486,15,烹饪方法,105,107,擘碎
486,16,食材,110,113,紧苏叶
486,17,食材,118,120,木瓜
486,18,烹饪方法,128,130,捣碎
486,19,烹饪方法,139,141,捣匀
486,20,烹饪方法,162,163,泼
486,21,烹饪方法,206,207,熬
486,22,烹饪方法,163,164,淋
486,23,食疗方,218,225,地黄膏子汤
486,24,食材,226,229,生地黄
486,25,烹饪方法,242,243,洗
486,26,烹饪方法,256,258,捣烂
486,27,烹饪方法,259,262,榨取汁
486,28,烹饪方法,268,269,熬
486,29,烹饪方法,298,299,煎
486,30,食材,333,335,脑麝
486,31,烹饪方法,361,363,点服
487,1,食材,11,13,田螺
487,2,食材,20,22,鸭子
487,3,食材,58,59,盐
487,4,食材,60,61,酱
487,5,食材,62,64,椒未
487,6,食材,65,67,梏丝
487,7,食材,68,70,茴香
487,8,食材,78,80,粉皮
487,9,食材,86,89,生粉丝
487,10,食材,93,95,螺肉
487,11,食材,98,100,粉丝
487,12,食材,103,105,粉皮
487,13,食材,112,115,五辣醋
487,14,食材,161,163,虾升
487,15,食材,164,166,肉升
487,16,食材,178,180,姜丝
487,17,食材,181,183,熟笋
487,18,食材,186,189,蘑菇升
487,19,食材,196,200,鲥鱼
487,20,食材,209,211,讧茶
487,21,食材,233,234,薤
487,22,食材,236,238,茭什
487,23,食材,239,241,笄片
487,24,食材,23,24,酒
487,25,食材,243,244,醋
487,26,食材,249,250,盐
487,27,食材,251,252,酱
487,28,食材,253,255,花飙
487,29,食材,276,277,油
487,30,食材,287,290,鸦子黄
487,31,食材,300,302,蛋黄
487,32,食材,350,353,绿豆粉
487,33,食材,366,368,鲍鱼
487,34,食材,362,364,鳆鱼
487,35,烹饪方法,45,46,蒸
487,36,烹饪方法,149,150,煮
487,37,烹饪方法,156,157,切
487,38,烹饪方法,170,171,熬
487,39,烹饪方法,208,209,糁
487,40,烹饪方法,216,218,冼净
487,41,烹饪方法,220,221,切
487,42,烹饪方法,229,230,盛
487,43,烹饪方法,232,233,镝
487,44,烹饪方法,248,249,化
487,45,烹饪方法,262,264,顿熟
487,46,烹饪方法,267,268,煎
487,47,烹饪方法,108,109,蒸
487,48,烹饪方法,353,354,制
487,49,食疗方,0,10,假香螺羹
487,50,病症,214,215,腥
487,51,脏腑,53,54,肠
487,52,脏腑,153,154,肠
487,53,脏腑,202,203,肠
487,54,脏腑,206,207,鳞
487,55,脏腑,272,273,鳞
487,56,脏腑,414,416,鳞片
488,1,食材,106,108,糯米
488,2,食材,165,167,白檀
488,3,食材,212,215,白木犀
488,4,食材,311,315,川百药煎
488,5,食材,68,72,梅花片脑
488,6,食材,78,80,米脑
488,7,食材,88,91,寒水石
488,8,食味,359,360,苦
488,9,食味,360,361,酸
488,10,食性,363,364,平
488,11,功效,366,368,收敛
488,12,功效,369,371,杀虫
488,13,功效,374,377,除风燕
488,14,烹饪方法,111,112,煮
488,15,烹饪方法,117,118,擂
488,16,烹饪方法,126,127,绞
488,17,烹饪方法,139,140,捶
488,18,烹饪方法,5,6,研
488,19,烹饪方法,2,3,焙
488,20,烹饪方法,38,39,煎
488,21,烹饪方法,170,171,抹
488,22,烹饪方法,171,172,印
488,23,烹饪方法,172,173,脱
488,24,食疗方,158,161,千捶膏
488,25,食疗方,204,211,天香汤
488,26,食疗方,270,273,山桂汤
488,27,食疗方,278,281,木犀汤
488,28,食材,460,463,白木犀
488,29,食材,379,383,梅花片脑
488,30,食材,396,398,米脑
489,1,古籍来源,0,10,《中国烹饪古籍丛刊》
490,1,食材,114,116,白面
490,2,食材,123,125,桃仁
490,3,食材,132,135,二桑叶
490,4,食材,142,144,杏仁
490,5,食材,160,162,莲花
490,6,食材,169,172,苍耳心
490,7,食材,181,183,川乌
490,8,食材,198,200,绿豆
490,9,食材,207,210,谈竹叶
490,10,食材,217,220,熟甜瓜
490,11,食材,234,239,竦母艨嫩头
490,12,烹饪方法,305,306,煮
490,13,烹饪方法,228,229,擂
490,14,烹饪方法,274,275,浸
490,15,烹饪方法,278,279,晒
490,16,烹饪方法,287,288,打
490,17,烹饪方法,297,298,漉
490,18,古籍来源,322,329,《周颂:载芟》
491,1,食材,6,9,蔚木香
491,2,食材,70,71,蜜
491,3,食材,72,74,果子
491,4,食材,84,86,朴硝
491,5,食材,272,274,冬瓜
491,6,食材,246,248,梅肉
491,7,食材,303,305,石灰
491,8,食味,81,82,酸
491,9,食味,136,137,咸
491,10,功效,44,48,益精壮阳
491,11,烹饪方法,71,72,煎
491,12,烹饪方法,117,118,炼
491,13,烹饪方法,129,130,淹
491,14,烹饪方法,141,142,漉
491,15,烹饪方法,144,145,淘
491,16,烹饪方法,147,149,控干
491,17,烹饪方法,244,245,烫
491,18,烹饪方法,296,297,焯
491,19,烹饪方法,106,107,浸
491,20,烹饪方法,77,78,煎
491,21,医家,56,59,赵菊山
491,22,禁忌,49,54,不可尽述
492,1,食材,18,19,酪
492,2,食材,29,30,水
492,3,食材,194,196,牛乳
492,4,食材,212,213,醋
492,5,食材,188,189,乳
492,6,食材,25,26,酪
492,7,食材,259,261,浆水
492,8,食材,80,81,酪
492,9,食材,278,280,浆水
492,10,烹饪方法,74,75,晒
492,11,烹饪方法,91,92,炙
492,12,烹饪方法,99,101,掠取
492,13,烹饪方法,105,106,炙
492,14,烹饪方法,109,110,掠
492,15,烹饪方法,127,128,炒
492,16,烹饪方法,135,138,曝干
492,17,烹饪方法,151,152,曝
492,18,烹饪方法,176,177,煮
492,19,烹饪方法,204,205,煎
492,20,烹饪方法,224,226,漉出
492,21,烹饪方法,231,232,裹
492,22,烹饪方法,235,236,压
492,23,烹饪方法,254,256,烧滚
492,24,烹饪方法,287,289,滤滓
492,25,烹饪方法,292,293,包
492,26,烹饪方法,294,296,团搦
492,27,烹饪方法,307,308,滚
492,28,烹饪方法,321,322,倾
492,29,烹饪方法,319,320,滚
492,30,食疗方,239,246,就乳困
493,1,食材,3,4,瓜
493,2,食材,44,45,酱
493,3,食材,72,73,盐
493,4,食材,101,103,酱黄
493,5,食材,104,106,瓜茄
493,6,食材,238,240,枸杞
493,7,食材,241,243,地潢
493,8,食材,244,246,甘菊
493,9,食材,247,249,青襄
493,10,食材,251,253,牛膝
493,11,食材,254,256,槐芽
493,12,食材,257,259,白术
493,13,食材,260,262,椿芽
493,14,食材,267,269,车前
493,15,食材,270,272,黄精
493,16,食材,273,275,合欢
493,17,食材,276,278,步陆
493,18,食材,279,281,决期
493,19,食材,282,284,穴蓼
493,20,食材,294,296,嫩者
493,21,烹饪方法,193,194,晒
493,22,烹饪方法,164,165,腌
493,23,烹饪方法,301,302,煤
493,24,烹饪方法,408,409,泽
493,25,食味,369,370,苦
493,26,功效,376,378,燥湿
493,27,功效,382,384,杀虫
493,28,功效,385,387,止血
494,1,食材,4,5,豉
494,2,食材,46,48,熟油
494,3,食材,108,110,巨盐
494,4,食材,137,139,川椒
494,5,食材,141,144,胡椒末
494,6,食材,144,147,干姜末
494,7,食材,148,150,桔皮
494,8,食材,157,159,葱白
494,9,食材,237,239,小麦
494,10,食材,243,244,面
494,11,烹饪方法,0,1,造
494,12,烹饪方法,133,134,煎
494,13,烹饪方法,49,50,拌
494,14,烹饪方法,77,78,蒸
494,15,烹饪方法,101,103,曝干
494,16,烹饪方法,114,115,捣
494,17,烹饪方法,122,123,淋
494,18,烹饪方法,172,173,煎
494,19,烹饪方法,168,170,捣细
494,20,烹饪方法,187,188,贮
494,21,烹饪方法,15,16,造
494,22,烹饪方法,241,242,磨
494,23,烹饪方法,72,73,拌
494,24,烹饪方法,99,100,蒸
494,25,烹饪方法,58,59,摊
494,26,烹饪方法,277,280,接令碎
494,27,烹饪方法,282,284,覆盖
494,28,烹饪方法,79,80,摊
494,29,烹饪方法,301,302,装
494,30,烹饪方法,308,309,盖
494,31,烹饪方法,315,316,燠
494,32,烹饪方法,335,336,抟
494,33,烹饪方法,354,355,悬
494,34,烹饪方法,361,362,盛
494,35,烹饪方法,385,386,煮
494,36,烹饪方法,390,392,漉出
494,37,烹饪方法,393,396,削去皮
494,38,禁忌,197,203,不得湿物近之
494,39,禁忌,367,370,防青蝇
494,40,禁忌,371,375,尘垢之污
496,1,食材,9,11,牛乳
496,2,食材,18,20,锡釜
496,3,烹饪方法,24,25,煎
496,4,食材,36,40,牛马粪火
496,5,烹饪方法,49,50,扬
496,6,烹饪方法,70,71,搅
496,7,烹饪方法,82,83,吹
496,8,烹饪方法,98,99,泻
496,9,烹饪方法,111,112,掠
496,10,食材,113,115,浮皮
496,11,食材,123,125,真酥
496,12,烹饪方法,132,133,滤
496,13,食材,133,135,熟乳
496,14,食材,129,132,生绢袋
496,15,食材,138,140,磁罐
496,16,烹饪方法,141,142,卧
496,17,食材,146,148,酪罐
496,18,烹饪方法,152,153,炙
496,19,食材,193,196,牛羊角
496,20,食材,244,246,甜酪
496,21,食材,247,248,酵
496,22,食材,208,210,熟乳
496,23,食材,257,259,甜酪
496,24,烹饪方法,269,270,搅
496,25,食材,285,287,毡絮
496,26,古籍来源,307,311,齐民要术
496,27,古籍来源,390,394,齐民要求
497,1,古籍来源,7,15,居家必用事类全巢
497,2,古籍来源,139,147,居家必用事类全集
497,3,古籍来源,524,528,多能鄙事
497,4,古籍来源,532,537,饮馔服食笺
497,5,古籍来源,124,128,居家必用
497,6,食材,174,175,荼
497,7,食材,182,183,汤
497,8,食材,187,189,渴水
497,9,食材,192,194,熟水
497,10,食材,199,201,浆水
497,11,食材,209,211,香药
497,12,食材,215,217,果实
497,13,食材,223,225,酒曲
497,14,食材,231,232,醋
497,15,食材,237,238,酱
497,16,食材,243,244,豉
497,17,食材,257,259,蔬食
497,18,食材,263,265,肉食
497,19,食材,275,279,腌藏肉品
497,20,食材,283,288,腌藏鱼品
497,21,食材,292,294,鲱品
497,22,食材,297,300,烧肉品
497,23,食材,301,304,煮肉品
497,24,食材,307,310,肉下酒
497,25,食材,313,320,肉灌肠红丝品
497,26,食材,323,327,肉下饭品
497,27,食材,332,336,肉羹食品
497,28,食材,462,466,回回食品
497,29,食材,352,356,女苴食品
497,30,食材,358,362,温面食品
497,31,食材,364,368,千面食品
497,32,食材,371,374,从食品
497,33,食材,439,441,素食
497,34,食材,382,387,煎酥乳酪品
497,35,食材,389,393,造诸粉品
497,36,食材,394,398,庖厨杂用
497,37,烹饪方法,229,230,造
497,38,烹饪方法,251,253,腌藏
498,1,食材,14,15,茶
498,2,食味,18,19,甘
498,3,食味,19,20,滑
498,4,食材,64,65,水
498,5,食材,72,74,茶味
498,6,食材,93,95,拣芽
498,7,食材,104,107,小龙凤
498,8,食材,116,119,大龙凤
498,9,食材,128,130,箬叶
498,10,食材,139,142,红纸
498,11,食材,145,147,蓐绫
498,12,食材,167,169,茶焙
498,13,食材,176,178,荔叶
498,14,古籍来源,307,313,《北菀别录》
498,15,古籍来源,376,380,《茶荥》
498,16,古籍来源,536,540,《茶汞》
498,17,古籍来源,549,559,《居家必厢事类全集》
498,18,古籍来源,561,565,《茶录》
498,19,医家,373,375,蔡襄
498,20,医家,348,351,赵汝砺
498,21,烹饪方法,31,32,焙
498,22,烹饪方法,235,236,烹
498,23,烹饪方法,236,237,点
501,1,食材,96,98,牛奶
501,2,食材,81,82,糖
501,3,食材,115,117,蛋黄
501,4,食材,129,131,蛋白
501,5,食材,5,7,香水
501,6,食材,28,30,水果
501,7,食材,204,206,洋莱
501,8,食材,146,147,水
501,9,食材,234,236,奶皮
501,10,食材,251,254,鸡蛋糕
501,11,食材,366,369,葡萄酒
501,12,食材,404,407,啜呋面
501,13,烹饪方法,108,109,烧
501,14,烹饪方法,58,59,煮
501,15,烹饪方法,63,65,打碎
501,16,烹饪方法,65,66,拌
501,17,烹饪方法,76,77,过
501,18,烹饪方法,120,122,调和
501,19,烹饪方法,138,139,滚
501,20,烹饪方法,17,18,冻
501,21,烹饪方法,258,259,切
501,22,烹饪方法,267,268,挖
501,23,烹饪方法,304,305,盖
501,24,烹饪方法,310,311,盛
501,25,烹饪方法,313,314,放
501,26,烹饪方法,326,327,铺
501,27,烹饪方法,332,333,儆
501,28,烹饪方法,371,373,溻湿
501,29,烹饪方法,287,288,倒
501,30,烹饪方法,416,417,擦
501,31,烹饪方法,26,28,冰冻
501,32,烹饪方法,111,112,打
501,33,烹饪方法,219,222,过出来
501,34,烹饪方法,80,81,加
501,35,烹饪方法,198,200,取出
501,36,烹饪方法,237,241,打成白沫
501,37,烹饪方法,246,248,预备
501,38,烹饪方法,298,301,切下来
501,39,烹饪方法,351,354,切成片
501,40,烹饪方法,356,358,放于
501,41,烹饪方法,15,16,用
501,42,烹饪方法,382,383,令
501,43,烹饪方法,386,388,倒在
501,44,烹饪方法,160,161,吃
501,45,烹饪方法,192,197,烧五分时候
501,46,烹饪方法,212,216,烧到一半
501,47,烹饪方法,223,225,拌于
501,48,烹饪方法,242,245,加在内
501,49,烹饪方法,321,325,约一点钟
501,50,烹饪方法,49,50,用
501,51,烹饪方法,374,376,预备
501,52,烹饪方法,390,391,吃
501,53,烹饪方法,407,409,儆饼
501,54,食疗方,167,171,蛤拉路丝
501,55,食疗方,343,346,弗拉末
501,56,食疗方,400,402,冻饼
501,57,食材,315,317,盐冰
501,58,食材,328,331,糖屑
501,59,食材,334,337,白皮面
501,60,食材,358,363,深玻璃盆
501,61,食材,378,381,咧嗯嗒
501,62,食材,290,292,蛋糕
501,63,食材,427,433,水果奶油布匈
501,64,食材,443,448,酸徐奶蛋糕
502,1,食材,0,1,盐
502,2,食材,6,8,丁香
502,3,食材,53,55,羊肉
502,4,食材,58,60,牛肉
502,5,食材,86,88,小猪
502,6,食材,112,115,馒头屑
502,7,食材,118,120,猪肉
502,8,食材,124,126,香莱
502,9,食材,336,338,胡椒
502,10,食材,133,135,牛奶
502,11,食材,139,141,鸡蛋
502,12,食材,222,224,奶油
502,13,食材,230,232,猪肝
502,14,食材,283,285,葱花
502,15,食材,288,290,肉蔻
502,16,食材,356,359,橄榄油
502,17,食材,425,427,火腿
502,18,食材,412,414,地蛋
502,19,食材,29,30,肉
502,20,烹饪方法,9,10,烘
502,21,烹饪方法,52,53,烤
502,22,烹饪方法,266,267,炒
502,23,烹饪方法,373,374,熏
502,24,烹饪方法,484,485,煎
502,25,烹饪方法,120,122,切碎
502,26,烹饪方法,156,157,剁
502,27,烹饪方法,144,146,调和
502,28,烹饪方法,151,152,缝
502,29,烹饪方法,165,166,绑
502,30,烹饪方法,191,192,浇
502,31,烹饪方法,192,193,擦
502,32,烹饪方法,450,452,打碎
502,33,食疗方,69,72,羊肉排
502,34,食疗方,308,311,烘猪肉
502,35,食疗方,499,502,香肉饼
503,1,食材,45,47,萝卜
503,2,食材,48,50,茄子
503,3,食材,51,53,黄瓜
503,4,食材,54,56,葱头
503,5,食材,131,134,红萝卜
503,6,食材,88,89,瓜
503,7,食材,208,210,荫瓜
503,8,食材,210,212,北瓜
503,9,食材,212,214,玉瓜
503,10,食材,214,216,冬瓜
503,11,食材,225,227,小瓜
503,12,食材,232,234,大瓜
503,13,食材,294,296,鲱豆
503,14,食材,339,341,陈虿
503,15,食材,364,366,盐肉
503,16,食材,75,77,奶油
503,17,食材,78,80,胡椒
503,18,食材,67,68,盐
503,19,食材,185,186,醋
503,20,食材,192,194,冰糖
503,21,食材,443,445,干面
503,22,烹饪方法,4,5,煮
503,23,烹饪方法,285,286,煎
503,24,烹饪方法,411,412,烘
503,25,烹饪方法,165,166,浸
503,26,烹饪方法,170,173,剥皮
503,27,烹饪方法,174,175,切
503,28,烹饪方法,16,18,打碎
503,29,烹饪方法,121,124,漏去水
503,30,烹饪方法,135,137,洗净
503,31,烹饪方法,26,29,去老叶
503,32,烹饪方法,96,98,去子
503,33,烹饪方法,94,96,去皮
503,34,烹饪方法,69,71,烧憋
503,35,烹饪方法,228,230,整煮
503,36,烹饪方法,234,236,切开
503,37,烹饪方法,105,107,煮熟
503,38,烹饪方法,346,349,浸一夜
503,39,烹饪方法,377,382,放深盆内
503,40,烹饪方法,430,434,凉水内浸
503,41,烹饪方法,117,119,取出
503,42,烹饪方法,146,147,放
503,43,烹饪方法,72,73,加
503,44,烹饪方法,194,196,调和
503,45,烹饪方法,196,200,瓷上吃
503,46,烹饪方法,82,83,吃
503,47,烹饪方法,220,222,作祛
503,48,烹饪方法,253,256,作引子
503,49,烹饪方法,368,370,同煮
503,50,烹饪方法,373,374,取
503,51,烹饪方法,393,398,切成棋子块
503,52,烹饪方法,399,403,放在盆内
503,53,烹饪方法,405,410,汤与豆取平
503,54,烹饪方法,22,24,冼诤
503,55,烹饪方法,33,38,看莱上虫子
503,56,烹饪方法,7,12,用开水快滚
503,57,烹饪方法,19,21,粜叶
503,58,烹饪方法,139,143,不用刃割
503,59,烹饪方法,153,157,加一些盐
503,60,烹饪方法,158,161,煮熟后
503,61,烹饪方法,103,104,盐
503,62,烹饪方法,111,113,胡椒
503,63,烹饪方法,239,245,煮熟后漏去水
503,64,烹饪方法,261,264,用奶油
503,65,烹饪方法,265,269,胡椒盐吃
503,66,烹饪方法,271,276,另有切成片
503,67,烹饪方法,325,327,煮熟
503,68,烹饪方法,281,284,等冷时
503,69,烹饪方法,298,306,用不多开水加盐煮
503,70,烹饪方法,307,320,煮一点半饰或二三十分时候
503,71,烹饪方法,320,325,熙豆朐老嫩
503,72,烹饪方法,331,333,盐吃
503,73,烹饪方法,350,354,明日去水
503,74,烹饪方法,355,362,再加开水煮时
503,75,烹饪方法,383,388,加一些原汤
503,76,烹饪方法,420,423,煎茄子
503,77,烹饪方法,424,429,茄子切成片
503,78,烹饪方法,446,451,加胡椒盐煎
503,79,烹饪方法,457,460,冼净了
503,80,烹饪方法,143,144,囫
503,81,烹饪方法,468,470,蹩个
503,82,烹饪方法,472,474,般轮
503,83,烹饪方法,477,480,即车轮
504,1,食材,3,5,桃叶
504,2,食材,36,37,糖
504,3,食材,50,52,奶油
504,4,食材,56,59,葡萄酒
504,5,食材,79,81,白面
504,6,食材,120,122,玉果
504,7,食材,54,55,酒
504,8,食材,154,156,香料
504,9,食材,192,194,牛奶
504,10,食材,166,168,鸡蛋
504,11,食材,243,245,桔皮
504,12,食材,350,352,奶皮
504,13,食材,355,357,香水
504,14,食材,272,273,冰
504,15,食材,400,401,盐
504,16,食材,489,492,阿萝萝
504,17,食材,496,498,白糖
504,18,烹饪方法,6,7,滚
504,19,烹饪方法,25,27,搅和
504,20,烹饪方法,144,145,调
504,21,烹饪方法,194,196,烧滚
504,22,烹饪方法,325,326,煮
504,23,烹饪方法,265,266,烘
504,24,烹饪方法,426,428,磨摇
504,25,烹饪方法,328,330,揽和
504,26,烹饪方法,228,229,打
504,27,烹饪方法,186,188,调和
504,28,烹饪方法,302,303,放
504,29,烹饪方法,373,374,装
504,30,烹饪方法,418,419,培
504,31,烹饪方法,19,20,倒
504,32,烹饪方法,33,34,加
504,33,烹饪方法,211,213,离火
504,34,烹饪方法,224,225,冷
504,35,烹饪方法,344,345,衿
504,36,烹饪方法,273,274,冻
504,37,食疗方,65,68,甜小汤
504,38,食疗方,128,131,甜小酱
504,39,食疗方,468,476,冰冻咧嗯嗒第二法
505,1,古籍来源,0,10,《中囤」饪古籍丛刊》
505,2,古籍来源,32,52,《关于佼复古籍整理出版规划小组的通知》
506,1,食材,84,86,牛肉
506,2,食材,93,94,盐
506,3,食材,120,122,猪肉
506,4,食材,233,235,胡椒
506,5,食材,128,130,丁香
506,6,食材,132,134,葱花
506,7,食材,176,178,白纸
506,8,食材,237,239,鸡蛋
506,9,食材,240,243,馒头屑
506,10,食材,405,407,牛心
506,11,食材,461,463,牛油
506,12,食材,65,67,奶油
506,13,烹饪方法,16,17,熏
506,14,烹饪方法,83,84,烘
506,15,烹饪方法,264,265,烤
506,16,烹饪方法,94,95,腌
506,17,烹饪方法,110,111,割
506,18,烹饪方法,138,139,填
506,19,烹饪方法,420,421,滚
506,20,烹饪方法,243,245,调和
506,21,烹饪方法,63,64,擦
506,22,烹饪方法,283,284,挂
506,23,烹饪方法,197,198,浇
506,24,烹饪方法,394,395,撒
506,25,烹饪方法,408,409,洗
506,26,烹饪方法,439,441,倒摆
506,27,烹饪方法,501,502,夹
507,1,食材,4,6,花红
507,2,食材,14,16,苹果
507,3,食材,17,19,生梨
507,4,烹饪方法,20,21,煮
507,5,食材,22,23,崧
507,6,烹饪方法,23,25,打碎
507,7,烹饪方法,29,31,过出
507,8,食材,34,35,糖
507,9,食材,37,39,玉果
507,10,食材,41,43,桂皮
507,11,食材,53,55,橙汁
507,12,食材,80,81,桃
507,13,烹饪方法,86,89,去皮核
507,14,烹饪方法,90,92,切碎
507,15,食材,94,95,糖
507,16,烹饪方法,104,105,煮
507,17,食材,109,111,桃叶
507,18,烹饪方法,114,116,煮熟
507,19,烹饪方法,119,122,取出
507,20,食材,162,164,牛奶
507,21,食材,209,211,大米
507,22,食材,98,99,糖
507,23,烹饪方法,216,218,煮熟
507,24,食材,223,225,糯米
507,25,食材,228,230,樱桃
507,26,食材,235,236,糟
507,27,食材,305,308,鸡蛋清
507,28,食材,313,315,白糖
507,29,烹饪方法,153,154,烘
507,30,食材,323,325,饭瓜
507,31,食材,327,329,方瓜
507,32,烹饪方法,333,337,去皮去子
507,33,烹饪方法,338,340,煮熟
507,34,烹饪方法,341,343,打碎
507,35,烹饪方法,347,349,过出
507,36,食材,354,356,牛奶
507,37,食材,366,368,鸡蛋
507,38,食材,191,192,糖
507,39,食材,373,375,桂皮
507,40,食材,376,378,姜末
507,41,食材,389,390,盐
507,42,烹饪方法,316,317,烘
507,43,食材,437,439,自面
507,44,食材,442,444,奶油
507,45,食材,331,333,饭瓜
507,46,食材,452,454,南瓜
507,47,食材,457,459,晋瓜
508,1,食材,10,11,桃
508,2,食材,0,1,糖
508,3,食材,63,66,鸡蛋白
508,4,食材,142,144,丁香
508,5,食材,160,162,凶酒
508,6,食材,321,322,梨
508,7,食材,381,383,洋菜
508,8,食材,306,308,杏梅
508,9,烹饪方法,69,70,熬
508,10,烹饪方法,216,217,煮
508,11,烹饪方法,109,110,晒
508,12,烹饪方法,117,118,烧
508,13,烹饪方法,198,199,针
508,14,烹饪方法,175,176,封
508,15,烹饪方法,158,159,浸
508,16,烹饪方法,194,196,洗净
508,17,烹饪方法,20,22,去皮
508,18,烹饪方法,22,24,去核
508,19,烹饪方法,62,63,加
508,20,烹饪方法,53,54,取
508,21,烹饪方法,104,105,摆
508,22,烹饪方法,36,37,放
508,23,烹饪方法,136,137,灌
508,24,烹饪方法,436,438,装瓶
508,25,烹饪方法,297,299,封口
508,26,烹饪方法,225,226,刺
508,27,烹饪方法,101,103,取出
508,28,烹饪方法,409,413,去净浮沫
508,29,烹饪方法,432,434,熬热
508,30,烹饪方法,336,339,煮到热
508,31,烹饪方法,240,242,加糖
508,32,烹饪方法,395,400,加一些开水
508,33,烹饪方法,426,431,加一些丁香
508,34,烹饪方法,213,216,加衿水
508,35,烹饪方法,251,259,加打好的鸡蛋白
508,36,烹饪方法,260,264,烧到明诤
508,37,烹饪方法,265,267,乘热
508,38,烹饪方法,267,270,加凶酒
508,39,烹饪方法,295,297,装满
508,40,烹饪方法,445,454,封时先用酒浸纸贴日
508,41,烹饪方法,454,458,另外封好
508,42,烹饪方法,414,419,熬到明净
508,43,烹饪方法,93,99,熬到像碎的样
508,44,烹饪方法,121,123,熟后
508,45,烹饪方法,123,132,放于大日玻璃瓶内
508,46,烹饪方法,151,157,照瓶日大小
508,47,烹饪方法,164,168,等桃衿透
508,48,烹饪方法,169,174,放于瓶口内
508,49,烹饪方法,207,211,放在礞内
508,50,烹饪方法,234,237,取出来
508,51,烹饪方法,243,250,一斤桃加半斤糖
508,52,烹饪方法,271,282,糖浆三分内加二分凶酒
508,53,烹饪方法,283,289,将桃放于瓶内
508,54,烹饪方法,309,314,照糖桃作祛
508,55,烹饪方法,326,329,去皮核
508,56,烹饪方法,330,334,加水取平
508,57,烹饪方法,349,358,取出原汤或用或不用
508,58,烹饪方法,360,363,梨若千
508,59,烹饪方法,364,369,加糖若干
508,60,烹饪方法,384,394,十二斤糌加半两祥莱
508,61,烹饪方法,401,408,糖加洋莱熬起来
508,62,烹饪方法,420,425,加上梨再熬
508,63,烹饪方法,440,444,衿时封口
508,64,食材,459,461,洋莱
508,65,食材,464,468,耶鱼胶片
509,1,食材,5,6,肉
509,2,食材,59,61,白糖
509,3,食材,140,142,牛肉
509,4,食材,145,150,牛前小腿骨
509,5,食材,41,42,盐
509,6,食材,204,206,葱头
509,7,食材,217,220,红萝卜
509,8,食材,221,223,地蛋
509,9,食材,233,236,茛面
509,10,食材,246,247,鸡
509,11,食材,250,253,肥嫩鸡
509,12,食材,274,276,大米
509,13,食材,280,282,白糖
509,14,食材,285,287,胡椒
509,15,食材,328,330,鸡蛋
509,16,食材,362,364,干豆
509,17,烹饪方法,18,19,煮
509,18,烹饪方法,62,63,烘
509,19,烹饪方法,118,119,烧
509,20,烹饪方法,366,367,浸
509,21,烹饪方法,206,207,切
509,22,烹饪方法,334,335,割
509,23,烹饪方法,340,341,坟
509,24,烹饪方法,188,190,拿出
509,25,烹饪方法,40,41,加
509,26,烹饪方法,161,163,打碎
509,27,烹饪方法,164,166,洗净
509,28,烹饪方法,154,159,去肉贴骨皮
509,29,烹饪方法,2,3,作
509,30,烹饪方法,239,241,作成
509,31,烹饪方法,352,354,热吃
509,32,食疗方,345,347,鸡汤
509,33,食疗方,359,361,豆汤
509,34,禁忌,12,16,不要太肥
509,35,禁忌,29,33,不要急火
509,36,禁忌,129,136,不谁加凉水温水
510,1,食材,2,4,牛奶
510,2,食材,52,54,白面
510,3,食材,118,119,盐
510,4,食材,156,158,地蛋
510,5,食材,278,280,麸皮
510,6,食材,304,306,黄糖
510,7,食材,261,263,奶油
510,8,食材,494,496,鸡蛋
510,9,烹饪方法,35,36,烘
510,10,烹饪方法,351,352,煮
510,11,烹饪方法,127,128,揉
510,12,烹饪方法,368,370,调和
510,13,烹饪方法,376,378,打碎
510,14,烹饪方法,380,382,过罗
510,15,烹饪方法,408,410,发酵
510,16,食疗方,43,47,花酵馒头
510,17,食疗方,184,188,呖啦馒头
510,18,食疗方,336,340,地蛋馒头
510,19,食疗方,471,474,甜馒头
511,1,食材,13,14,杏
511,2,食材,45,46,糖
511,3,食材,129,130,桃
511,4,食材,146,148,樱桃
511,5,食材,157,159,李子
511,6,食材,160,162,奈子
511,7,食材,163,165,葡萄
511,8,食材,318,320,番柿
511,9,食材,387,389,牛肉
511,10,食材,389,391,猪肉
511,11,食材,391,393,火腿
511,12,食材,401,403,红糖
511,13,食材,408,409,硝
511,14,食材,385,386,盐
511,15,烹饪方法,55,56,煮
511,16,烹饪方法,86,87,滚
511,17,烹饪方法,327,328,瓷
511,18,烹饪方法,18,20,剥皮
511,19,烹饪方法,332,334,切片
511,20,烹饪方法,338,339,搅
511,21,烹饪方法,440,442,烧开
511,22,烹饪方法,483,484,腌
511,23,烹饪方法,12,13,封
511,24,烹饪方法,239,240,钎
511,25,烹饪方法,277,278,压
511,26,烹饪方法,33,34,装
511,27,烹饪方法,118,120,固封
511,28,烹饪方法,20,22,去核
511,29,烹饪方法,193,195,割开
511,30,烹饪方法,62,63,加
511,31,烹饪方法,1,2,倒
511,32,烹饪方法,443,448,去止面浮沫
511,33,烹饪方法,74,75,放
511,34,烹饪方法,195,200,装于器内
511,35,烹饪方法,58,60,装满
511,36,烹饪方法,253,262,放于有凉水的铁礞内
511,37,烹饪方法,341,345,不要粘锅
511,38,烹饪方法,451,456,放于倘内
511,39,烹饪方法,464,468,倒于筒内
512,1,食材,19,20,鸡
512,2,食材,23,24,茄
512,3,食材,175,177,饮食
512,4,病症,182,184,腹胀
512,5,病症,239,241,中蛊
512,6,食材,202,203,鱼
512,7,食材,206,207,蛇
512,8,食材,209,211,虾蟆
512,9,烹饪方法,192,193,解
512,10,烹饪方法,196,198,吐出
513,1,食材,82,83,酒
513,2,食材,496,498,高粱
513,3,病症,284,285,醉
513,4,禁忌,286,293,不能带兵打仗
513,5,禁忌,294,302,致使楚军败成定局
513,6,养生原则,169,176,禁止百姓饮酒
513,7,养生原则,479,484,不鼓励聚饮
513,8,养生原则,523,527,宽严得体
513,9,医家,14,17,杜子春
513,10,古籍来源,315,319,《礼记》
513,11,古籍来源,55,59,《春秋》
514,1,食材,51,53,猪肉
514,2,食材,98,101,馒头
514,3,食材,142,144,葡匏
514,4,食材,170,174,一面一饭
514,5,食材,467,469,罗卜
514,6,食材,481,483,匏瓜
514,7,医家,15,18,韩公亿
514,8,医家,19,23,李公若谷
514,9,医家,30,33,赵太守
514,10,医家,43,44,韩
514,11,医家,159,163,杜祁公
514,12,医家,540,542,杜祈
514,13,医家,609,612,范仲腌
514,14,古籍来源,114,123,唐高钱侍郎兄弟三人
514,15,养生原则,91,93,节俭
514,16,养生原则,177,179,清俭
515,1,食材,221,223,烧饼
515,2,食材,232,234,麦子
515,3,食材,235,237,豆子
515,4,食材,238,241,糙米饭
515,5,食材,387,388,梨
515,6,食材,389,390,栗
515,7,食材,391,392,枣
515,8,食材,393,394,柿
515,9,食材,400,403,干肉酱
515,10,食材,255,258,糙米饭
515,11,医家,5,8,李德裕
515,12,医家,49,51,寇准
515,13,医家,310,314,司马邋公
515,14,医家,584,587,司马光
515,15,医家,595,598,文彦博
515,16,医家,600,603,范纯仁
516,1,食材,71,72,牛
516,2,食材,87,88,羊
516,3,食材,101,102,狗
516,4,食材,103,104,猪
516,5,食材,149,151,蚬蛤
516,6,食材,225,227,蛤蜊
516,7,食材,324,326,螃蟹
516,8,食材,327,329,蛤蜊
516,9,食材,414,416,螃蟹
516,10,食材,417,419,蛤蜊
516,11,古籍来源,52,56,《礼记》
517,1,病症,28,29,醉
517,2,病症,187,191,肺部麝烂
517,3,病症,434,438,发愁苦恼
517,4,病症,439,441,忧愁
517,5,病症,457,459,盍睡
517,6,病症,544,547,醉鼎鼐
517,7,食材,30,31,酒
517,8,食材,324,326,八珍
517,9,食材,351,353,荬酒
517,10,食材,467,469,嗜滔
517,11,食材,101,102,酒
517,12,禁忌,279,283,杀身之祸
517,13,禁忌,261,263,亡囤
517,14,禁忌,550,555,堕耪在地狱
517,15,禁忌,571,577,转生芟舣猩猩
517,16,禁忌,589,595,愍笨没有智
517,17,医家,241,244,裴日休
517,18,医家,293,297,阿少不龙
517,19,医家,299,308,元帝武宗奇屋温海山
517,20,医家,222,224,武帝
517,21,医家,18,21,楚共壬
517,22,医家,40,43,楚共玉
517,23,医家,14,16,子反
517,24,医家,167,169,周颛
517,25,医家,174,176,周频
517,26,医家,227,229,淄夫
517,27,医家,209,211,田蚧
517,28,医家,318,320,武帝
517,29,医家,599,603,替来比丘
517,30,医家,604,606,阿罗
517,31,古籍来源,424,426,佛经
519,1,食材,12,13,酒
519,2,食材,273,274,米
519,3,禁忌,278,282,不要喝酒
519,4,禁忌,330,338,不要叫客人喝到醉
519,5,禁忌,594,598,不要贪酒
519,6,禁忌,506,513,过分地喜好美酒
519,7,禁忌,514,526,以嘴不离酒杯为高尚的情趣
519,8,禁忌,545,551,长期逸乐过度
519,9,病症,193,203,因喝酒而引起的过失
519,10,病症,445,452,败坏道德的事例
519,11,养生原则,528,532,勤劳俭朴
519,12,古籍来源,455,459,《酒训》
520,1,食材,102,104,脱粟
520,2,食材,28,29,酒
520,3,食材,35,36,果
520,4,食材,43,44,食
520,5,养生原则,137,141,惜富养财
520,6,养生原则,143,147,有补风化
520,7,医家,299,302,司马光
520,8,医家,86,89,文潞公
520,9,医家,91,95,范忠宣公
520,10,医家,153,156,仇泰然
521,1,食材,23,24,盐
521,2,食材,109,112,水晶盐
521,3,食材,128,130,盐根
521,4,食材,208,210,青盐
521,5,食材,210,212,黄盐
521,6,食材,54,56,红盐
521,7,食味,171,172,咸
521,8,烹饪方法,13,14,煮
521,9,烹饪方法,300,301,割
522,1,食材,71,77,粪便中的芝麻
522,2,食材,79,80,米
522,3,食材,102,109,妇女月经经血
522,4,食材,138,140,蚯蚓
522,5,食材,155,157,黄鼠
522,6,食材,229,232,松居鼠
522,7,食材,238,241,碰猴儿
522,8,烹饪方法,80,81,煮
522,9,烹饪方法,259,260,啮
522,10,医家,19,21,刘邕
522,11,医家,64,67,泐季潭
522,12,医家,90,92,赵辉
522,13,医家,116,119,蓁力强
522,14,医家,127,129,刘俊
523,1,养生原则,47,53,古人饮酒有节
523,2,养生原则,69,74,不醉无归
523,3,医家,228,231,李宾之
524,1,食材,0,2,荞麦
524,2,古籍来源,13,17,《本草》
524,3,古籍来源,29,33,《道藏》
524,4,古籍来源,35,41,《药石尔雅》
524,5,医家,351,353,梅彪
524,6,食材,62,63,粟
524,7,食材,63,64,黍
524,8,食材,4,5,荞
524,9,食材,65,66,豆
524,10,食材,66,67,麦
524,11,医家,267,270,李时珍
525,1,食材,116,119,糯米粉
525,2,食材,120,122,麦面
525,3,食材,136,137,糖
525,4,食材,332,333,蜜
525,5,食材,374,375,米
525,6,食材,383,384,黍
525,7,食材,409,411,米貊
525,8,食材,453,456,半粉
525,9,食材,466,467,鳘
525,10,烹饪方法,122,124,搓揉
525,11,烹饪方法,130,132,油煎
525,12,烹饪方法,29,31,煎炸
525,13,烹饪方法,376,378,熬煎
525,14,烹饪方法,107,108,煎
525,15,烹饪方法,382,383,捣
525,16,烹饪方法,444,446,熬煎
525,17,食疗方,71,73,寒具
525,18,食疗方,75,77,馓子
525,19,食疗方,346,348,矩敉
525,20,食疗方,348,350,蜜饵
525,21,食疗方,474,476,饮馑
525,22,食疗方,333,334,饵
525,23,古籍来源,339,343,《楚辞》
525,24,医家,400,402,朱子
525,25,医家,555,557,朱熹
525,26,禁忌,180,184,禁止烟火
526,1,食材,7,9,水母
526,2,食材,10,11,虾
526,3,食材,119,121,海蛰
526,4,食材,148,150,海蜇
526,5,食材,162,165,海蛇
526,6,食材,250,253,鲱鱼
526,7,古籍来源,138,143,《松江志》
526,8,古籍来源,153,159,《翰墨大全》
526,9,古籍来源,212,216,《本草》
527,1,食材,89,91,鸡肉
527,2,烹饪方法,163,164,炒
527,3,病症,54,56,脑痛
527,4,病症,277,279,头痛
527,5,食材,116,118,鸡肉
528,1,食材,3,6,竹根黄
528,2,食材,27,29,粱米
528,3,食材,117,120,青精饭
528,4,食材,249,252,南天烛
528,5,食材,146,149,墨饭草
528,6,食材,323,325,青烛
528,7,古籍来源,172,176,《仙经》
529,1,古籍来源,26,30,《九章》
529,2,古籍来源,150,154,《说文》
529,3,古籍来源,229,233,《左佟》
529,4,古籍来源,377,383,《九章箅法》
529,5,医家,281,283,郑玄
529,6,医家,187,189,皇象
529,7,食材,5,6,米
529,8,食材,307,308,粝
529,9,食材,278,279,稗
529,10,食材,253,254,檠
529,11,食材,34,36,侍御
529,12,食材,448,450,御米
529,13,食材,387,389,谷子
529,14,烹饪方法,134,135,春
529,15,烹饪方法,396,397,磨
529,16,烹饪方法,12,13,择
530,1,食材,212,215,石首鱼
530,2,食材,160,162,龟脚
530,3,食材,165,168,鹿角莱
530,4,食材,156,158,焱莱
530,5,食材,15,16,鲞
530,6,食材,36,37,鱼
530,7,食材,21,22,胶
530,8,功效,455,459,利小便
530,9,功效,500,502,清热
530,10,功效,503,505,化焱
530,11,功效,507,509,消食
530,12,病症,137,139,边患
530,13,脏腑,390,391,肾
530,14,烹饪方法,266,267,鲞
530,15,古籍来源,209,211,译文
531,1,古籍来源,367,374,《本草衍义补》
531,2,古籍来源,478,485,《本草衍义补》
531,3,医家,501,504,朱震草
532,1,食材,12,13,姜
532,2,食材,39,40,葱
532,3,食材,131,133,韭子
532,4,食材,67,69,韭菜
532,5,食材,234,236,薤白
532,6,食材,90,92,独蒜
532,7,食材,102,104,小蒜
532,8,食材,33,34,粉
532,9,食材,118,120,生笺
532,10,食材,136,139,韭浆籽
532,11,食疗方,75,82,薤白粥
532,12,功效,17,19,温中
532,13,功效,30,32,化痪
532,14,功效,35,37,和中
532,15,功效,44,46,通气
532,16,功效,47,49,活血
532,17,功效,50,52,散謇
532,18,功效,63,65,樯精
532,19,功效,70,72,暧下
532,20,功效,83,85,通滞
532,21,功效,86,89,治冷痢
532,22,功效,95,97,辟瘟
532,23,功效,98,101,解诸毒
532,24,功效,19,20,辟
532,25,功效,110,111,除
532,26,功效,150,152,固精
532,27,脏腑,184,185,肾
532,28,烹饪方法,26,27,调
532,29,烹饪方法,127,128,煮
532,30,烹饪方法,120,123,圳细术
532,31,禁忌,163,166,不猾润
533,1,食疗方,0,7,谷芽粥
533,2,烹饪方法,11,12,炒
533,3,烹饪方法,12,13,研
533,4,功效,16,18,消食
533,5,功效,19,22,除闷胀
533,6,禁忌,23,27,久食伐脾
533,7,食疗方,30,37,麦芽粥
533,8,禁忌,38,42,久食消肾
533,9,食材,46,48,谷芽
533,10,食疗方,50,57,豆芽粥
533,11,食材,58,60,黄豆
533,12,功效,60,65,荣粥补不足
533,13,食材,66,69,绿豆芽
533,14,功效,69,71,去火
533,15,功效,72,75,助生气
533,16,烹饪方法,76,78,切细
533,17,烹饪方法,79,81,取汤
533,18,食疗方,85,89,饧粥
533,19,功效,90,92,缓中
533,20,功效,93,97,温肺止嗽
533,21,功效,103,105,和胃
533,22,食材,113,115,饴糖
533,23,食疗方,117,124,豆豉粥
533,24,功效,125,127,发汗
533,25,功效,128,131,止恣汗
533,26,烹饪方法,132,133,炒
533,27,功效,133,135,止血
533,28,食材,141,142,葱
533,29,病症,98,100,表邪
533,30,病症,199,201,邪气
533,31,病症,226,228,风邪
533,32,病症,229,231,寒邪
534,1,古籍来源,60,67,《奉亲养老#》
534,2,病症,73,75,耳聋
534,3,食材,83,86,猪肾
534,4,烹饪方法,86,88,煮粥
534,5,古籍来源,89,94,《养老书》
534,6,食材,99,102,白石英
534,7,烹饪方法,103,104,浸
534,8,烹饪方法,0,2,作粥
534,9,功效,115,119,气力强健
534,10,功效,120,124,颜如童子
534,11,病症,131,135,周痹风湿
534,12,功效,137,140,通关芍
534,13,功效,141,143,明目
534,14,食疗方,145,152,滑石粥
534,15,古籍来源,153,158,《圣惠方》
534,16,病症,161,166,膈_匕烦热
534,17,食材,167,169,滑石
534,18,烹饪方法,169,171,煎水
534,19,食材,173,174,米
534,20,烹饪方法,174,176,同煮
534,21,功效,182,185,利小便
534,22,功效,186,191,荡胸中积聚
534,23,病症,194,196,黄胆
534,24,病症,197,199,石淋
534,25,病症,200,202,水肿
534,26,古籍来源,204,209,《炮炙论》
534,27,烹饪方法,214,216,研粉
534,28,食材,217,220,牡丹皮
534,29,烹饪方法,220,222,同煮
534,30,烹饪方法,225,227,水淘
534,31,烹饪方法,227,229,曝干
534,32,古籍来源,245,251,《子母秘录》
534,33,病症,254,258,水痢不止
534,34,食材,302,305,白石脂
534,35,烹饪方法,259,261,研粉
534,36,烹饪方法,261,263,和粥
534,37,医家,344,346,张杰
535,1,古籍来源,8,14,《多能鄙事》
535,2,病症,17,22,目不能远视
535,3,食材,23,25,羊肝
535,4,食材,29,32,韭子
535,5,烹饪方法,32,33,炒
535,6,烹饪方法,33,34,研
535,7,烹饪方法,35,36,煎
535,8,烹饪方法,40,41,煮
535,9,食材,39,40,米
535,10,病症,46,51,肝风虚热
535,11,病症,52,54,目赤
535,12,病症,56,60,病后失明
535,13,功效,64,66,明目
535,14,食材,73,76,青羊肝
535,15,病症,107,109,胃弱
535,16,食材,88,89,骨
535,17,烹饪方法,112,114,槌碎
535,18,烹饪方法,115,116,煎
535,19,食材,121,124,青粱米
535,20,烹饪方法,124,125,煮
535,21,病症,132,136,寒中羸瘦
535,22,病症,138,139,痢
535,23,功效,139,141,补肾
535,24,病症,144,146,腰痛
535,25,脏腑,158,159,肾
535,26,古籍来源,173,179,《食医心镜》
535,27,病症,183,187,水气鼓胀
535,28,食材,165,169,犬肉
535,29,食材,189,190,米
535,30,烹饪方法,191,192,煮
535,31,功效,201,204,安五脏
535,32,功效,205,208,补艴伤
535,33,功效,209,212,益阴事
535,34,功效,213,216,厚肠胃
535,35,功效,217,220,填精髓
535,36,功效,221,224,暖腰膝
535,37,食材,225,228,黄狗肉
535,38,功效,229,233,补益虚劳
535,39,禁忌,234,238,不可去血
535,40,医家,262,264,刘基
535,41,医家,322,325,孙思邈
536,1,病症,10,12,热咳
536,2,病症,24,26,心热
536,3,病症,27,29,翻胃
536,4,病症,30,32,口渴
536,5,功效,46,49,补卫气
536,6,食疗方,51,58,鸟苓粥
536,7,功效,59,61,益人
536,8,食材,64,67,兔丝根
536,9,食材,69,71,白苓
536,10,食材,72,75,鸡肾子
536,11,功效,76,78,补肾
536,12,食材,91,93,天冬
536,13,食材,147,149,麦冬
536,14,食材,34,41,兔丝子
536,15,功效,230,234,补肾固精
536,16,功效,235,239,养肝明目
536,17,食材,262,265,鸡肾子
536,18,食材,268,271,鸡肾草
536,19,食材,275,278,腰子草
536,20,食材,279,281,双草
536,21,食材,282,285,肾经卓
536,22,食性,293,294,温
536,23,功效,296,300,补肾壮阳
537,1,食疗方,201,204,防风粥
537,2,病症,10,14,风邪头疼
537,3,食材,16,19,白乐天
537,4,病症,44,48,风寒咳嗽
537,5,病症,60,62,烦渴
537,6,食材,274,276,葛根
537,7,功效,64,68,安胃解热
537,8,食疗方,70,80,大麻仁粥
537,9,病症,82,83,秘
537,10,病症,86,88,通淋
537,11,食材,101,104,粳米
537,12,食材,105,106,椒
537,13,食材,107,108,盐
537,14,食材,109,110,豉
537,15,功效,122,126,开胃通襟
537,16,食材,128,130,防风
537,17,功效,291,293,发汗
537,18,功效,161,163,祛风
537,19,功效,164,166,止痛
537,20,功效,167,169,解痉
537,21,食材,33,35,紫菀
537,22,功效,264,266,祛痰
537,23,功效,267,269,止咳
537,24,食材,50,54,葛根
537,25,功效,157,160,发汗
537,26,功效,294,296,解热
537,27,功效,297,299,解渴
537,28,病症,308,310,便秘
538,1,功效,0,6,除湿逐风止痢
538,2,古籍来源,9,14,《风土记》
538,3,食材,21,23,茱萸
538,4,功效,28,30,辟恶
538,5,古籍来源,40,45,《肘后方》
538,6,病症,48,52,老年久疟
538,7,食材,53,55,秫米
538,8,烹饪方法,56,57,煮
538,9,病症,69,71,水胀
538,10,病症,73,77,胸中痰结
538,11,功效,78,80,截疟
538,12,食性,86,88,暴悍
538,13,功效,91,93,发吐
538,14,食材,94,97,甘草末
538,15,烹饪方法,97,99,拌蒸
538,16,食材,105,106,米
538,17,烹饪方法,106,107,煮
538,18,古籍来源,130,136,《千金翼方》
538,19,烹饪方法,144,146,槌碎
538,20,烹饪方法,147,149,水浸
538,21,烹饪方法,150,152,澄清
538,22,烹饪方法,158,160,煮粥
538,23,功效,161,165,轻身延年
538,24,病症,172,174,肺痿
538,25,病症,175,177,湿痹
538,26,病症,178,181,胆黄
538,27,脏腑,183,185,大肠
538,28,古籍来源,186,192,《本草衍义》
538,29,功效,196,198,攻疾
538,30,禁忌,198,201,可暂用
538,31,禁忌,202,209,未闻久服之益
538,32,食疗方,211,221,紫石英粥
538,33,古籍来源,222,227,《备急方》
538,34,病症,231,235,虚劳惊悸
538,35,食材,409,412,紫石英
538,36,烹饪方法,236,239,打如豆
538,37,烹饪方法,244,245,煮
538,38,烹饪方法,245,247,取汁
539,1,食材,125,127,牛膝
539,2,食材,9,11,嫩苗
539,3,食材,11,12,叶
539,4,病症,17,19,血淋
539,5,食材,21,25,苄莒
539,6,病症,33,35,热淋
539,7,食材,37,40,车前子
539,8,烹饪方法,41,43,煮汁
539,9,食材,46,49,青秣米
539,10,烹饪方法,82,84,作粥
539,11,食材,246,249,决明子
539,12,烹饪方法,67,69,为末
539,13,病症,74,77,久失明
539,14,食材,78,79,叶
539,15,烹饪方法,80,82,瀹过
539,16,烹饪方法,121,123,作粥
539,17,功效,86,88,明目
539,18,食材,90,91,蓝
539,19,病症,100,102,喘嗽
539,20,病症,104,107,息有声
539,21,病症,108,110,唾粘
539,22,烹饪方法,111,112,浸
539,23,烹饪方法,113,115,捣汁
539,24,食材,117,119,杏仁
539,25,烹饪方法,49,52,作粥
539,26,食材,0,4,牛膝
539,27,食材,177,179,车前
539,28,食材,192,195,车前草
539,29,食材,200,203,车前子
539,30,功效,208,210,利尿
539,31,功效,212,216,渗利水湿
539,32,功效,226,228,利尿
539,33,功效,230,234,渗利水湿
539,34,功效,237,241,清泄湿热
539,35,食材,55,62,决明子
539,36,功效,269,273,清热明目
539,37,功效,274,276,利尿
539,38,食材,294,296,蓝实
539,39,食材,299,301,蓝子
539,40,食材,307,309,蓼蓝
539,41,食性,315,316,甘
539,42,食性,317,318,寒
539,43,功效,321,325,清热解毒
540,1,食疗方,0,7,桂花粥
540,2,功效,8,10,悦神
540,3,食疗方,12,25,木樨糖点粥
540,4,功效,26,30,开胃畅膈
540,5,食疗方,32,39,桂浆粥
540,6,食材,40,42,官桂
540,7,烹饪方法,42,43,熬
540,8,食材,43,44,水
540,9,烹饪方法,44,45,煮
540,10,食材,45,46,粥
540,11,功效,47,49,祛寒
540,12,食材,51,52,蜜
540,13,功效,52,54,和中
540,14,食疗方,55,58,桂子粥
540,15,功效,58,60,暖脏
540,16,食疗方,62,69,椿芽粥
540,17,功效,70,72,畅气
540,18,功效,73,76,去头风
540,19,禁忌,87,91,食之多睡
540,20,食材,96,98,榆钱
540,21,食材,99,100,面
540,22,古籍来源,104,108,《唐书》
540,23,古籍来源,136,146,《本草纲目.木部二》
540,24,食材,200,202,榆皮
540,25,烹饪方法,217,218,捣
541,1,食材,12,13,粥
541,2,食材,84,86,白粲
541,3,古籍来源,118,122,《月令》
541,4,古籍来源,158,162,《檀弓》
541,5,古籍来源,212,216,《左传》
541,6,病症,188,190,凶饥
541,7,烹饪方法,252,253,煮
541,8,烹饪方法,255,257,散粥
542,1,食材,28,31,淡竹叶
542,2,功效,8,11,除烦热
542,3,功效,13,16,利小便
542,4,功效,17,19,清心
542,5,古籍来源,21,25,《纲目》
542,6,烹饪方法,31,33,煎汤
542,7,烹饪方法,33,35,煮饭
542,8,功效,39,41,辟暑
542,9,烹饪方法,45,47,煮粥
542,10,食疗方,51,58,贝母粥
542,11,古籍来源,245,248,资生录
542,12,功效,68,72,化痰止嗽
542,13,功效,73,75,止血
542,14,烹饪方法,76,77,研
542,15,病症,85,87,喉痹
542,16,病症,87,89,目眩
542,17,功效,90,92,开郁
542,18,食材,131,133,贝母
542,19,古籍来源,121,125,《尔雅》
542,20,食疗方,159,166,竹叶粥
542,21,古籍来源,167,174,《奉亲养老书》
542,22,病症,177,179,内热
542,23,病症,180,182,月赤
542,24,病症,183,185,头痛
542,25,食材,187,189,石膏
542,26,烹饪方法,190,192,同煮
542,27,食材,196,198,沙糖
542,28,医家,202,204,仲景
542,29,古籍来源,206,211,竹叶石膏汤
542,30,病症,222,226,时邪发热
542,31,烹饪方法,232,234,煮粥
542,32,功效,237,239,解渴
542,33,功效,264,266,解郁
542,34,食材,112,113,虻
542,35,古籍来源,101,104,《诗》
542,36,古籍来源,319,323,《尔雅》
542,37,医家,395,398,张仲景
543,1,食材,14,18,淡莱
543,2,古籍来源,22,28,《行厨纪要》
543,3,功效,30,33,止泄泻
543,4,功效,34,36,补肾
543,5,病症,42,44,劳伤
543,6,病症,46,50,精血衰少
543,7,病症,51,55,吐血肠鸭
543,8,病症,56,58,腰痈
543,9,病症,61,62,瘿
543,10,古籍来源,72,78,《刊石药验》
543,11,食材,85,87,萝卜
543,12,食材,88,90,紧苏
543,13,食材,91,94,冬瓜人
543,14,食材,94,95,米
543,15,功效,98,102,最益老人
543,16,食疗方,109,116,鸡汁粥
543,17,古籍来源,117,123,《食医心镜》
543,18,病症,127,129,狂疾
543,19,食材,133,135,雄鸡
543,20,古籍来源,137,145,《奉亲养老书》
543,21,病症,148,150,脚气
543,22,食材,152,156,乌骨雄鸡
543,23,功效,162,166,补虚养血
543,24,禁忌,175,179,风病忌食
543,25,医家,180,183,陶弘景
543,26,古籍来源,183,187,《真诰》
543,27,食材,192,195,白雄鸡
543,28,功效,197,199,辟邪
543,29,食材,200,202,野鸡
543,30,食疗方,207,214,鸭汁粥
543,31,病症,224,228,水病垂死
543,32,食材,229,232,青头鸭
543,33,烹饪方法,95,96,煮
543,34,功效,243,247,补旋除热
543,35,功效,248,251,利水道
543,36,功效,253,256,止热痢
543,37,古籍来源,256,260,《禽经》
543,38,古籍来源,266,270,《别录》
543,39,古籍来源,274,280,《名医别录》
543,40,病症,282,283,瘘
543,41,古籍来源,294,300,《行盱纪要》
543,42,医家,302,305,冯耘庐
543,43,病症,308,309,瘿
543,44,古籍来源,338,344,《刊石药验》
543,45,古籍来源,454,458,《禽经》
544,1,食材,24,27,北面
544,2,食性,28,29,平
544,3,食材,37,39,南面
544,4,食性,40,41,热
544,5,病症,34,35,渴
544,6,古籍来源,56,60,《梵书》
544,7,食材,79,81,腐浆
544,8,食材,72,73,粥
544,9,食材,66,70,腐浆
544,10,食材,89,90,豆
544,11,功效,101,103,润肺
544,12,功效,104,107,消胀满
544,13,功效,108,113,下大肠浊气
544,14,功效,114,117,利小便
544,15,禁忌,118,126,暑月入人汗有毒
544,16,食材,131,134,甜浆粥
544,17,功效,135,138,解煤毒
544,18,食材,308,311,龙眼肉
544,19,食材,161,162,粥
544,20,功效,168,172,开胃悦智
544,21,功效,173,177,养心益智
544,22,功效,180,183,通神明
544,23,古籍来源,197,203,《本草衍义》
544,24,功效,235,238,治邪气
544,25,功效,244,248,久服强魂
544,26,功效,249,253,轻身不老
544,27,食材,255,259,大枣
544,28,食材,261,262,粥
544,29,食材,277,278,枣
544,30,功效,282,285,皮利肉
545,1,食材,31,33,松实
545,2,食材,40,44,菊苗
545,3,食材,131,135,菊花
545,4,食材,260,262,梅花
545,5,食味,92,93,甘
545,6,食味,97,98,苦
545,7,食味,284,285,辣
545,8,食性,263,264,寒
545,9,功效,57,60,清头目
545,10,功效,64,69,除胸中烦热
545,11,功效,70,74,去风眩
545,12,功效,75,78,安肠胃
545,13,功效,144,147,养肝血
545,14,功效,148,151,悦颜色
545,15,功效,152,155,清风眩
545,16,功效,157,159,除热
545,17,功效,160,163,解渴
545,18,功效,164,166,明目
545,19,功效,247,250,解热莓
545,20,功效,255,259,治诸疮毒
545,21,食疗方,220,227,梅花粥
545,22,烹饪方法,205,207,煮粥
545,23,烹饪方法,210,213,晒干
545,24,烹饪方法,214,216,磨粉
545,25,烹饪方法,216,217,和
545,26,古籍来源,16,21,《列仙传》
545,27,古籍来源,48,54,《夭宝单方》
545,28,古籍来源,80,84,《花谱》
545,29,古籍来源,228,233,《采珍集》
546,1,古籍来源,285,291,《韩诗外传》
546,2,古籍来源,68,76,《虫记.仓公传》
546,3,古籍来源,137,142,《武帝纪》
546,4,古籍来源,195,204,《左传.昭公七年》
546,5,古籍来源,337,347,《四库全书总目凝耍》
546,6,古籍来源,436,440,《粥谱》
546,7,食材,42,43,粥
546,8,食材,123,125,陈粟
546,9,食材,619,622,陈仓米
546,10,食材,678,680,米粟
546,11,烹饪方法,260,261,煮
546,12,烹饪方法,263,265,煮粥
546,13,养生原则,129,131,养老
546,14,医家,296,298,韩婴
546,15,医家,572,575,颜帅古
547,1,食材,212,214,粳米
547,2,食材,110,112,晚稻
547,3,食材,119,121,早稻
547,4,食材,125,128,陈藻米
547,5,食材,135,137,秋谷
547,6,食材,172,175,炒舟米
547,7,食材,180,183,焦锅笆
547,8,古籍来源,204,210,《本草纲目》
547,9,食材,215,217,籼米
547,10,食材,218,221,粟米
547,11,食材,222,224,粱米
547,12,功效,228,231,利小便
547,13,功效,233,236,止烦渴
547,14,功效,237,240,养脾胃
547,15,食材,241,243,糯米
547,16,食材,244,247,秫米
547,17,食材,248,250,黍米
547,18,功效,254,256,益气
547,19,病症,258,264,庞寒泄痢吐逆
547,20,食材,324,327,陈麇米
547,21,食材,330,333,陈仓米
548,1,古籍来源,1,5,《食疗》
548,2,古籍来源,5,9,《食治》
548,3,古籍来源,9,13,《食医》
548,4,古籍来源,14,19,《服食经》
548,5,古籍来源,19,25,《饮膳正要》
548,6,食疗方,60,63,人参粥
548,7,功效,76,80,补元气
548,8,食材,259,261,珍珠
548,9,养生原则,338,340,颐养
548,10,养生原则,199,203,自老其老
549,1,古籍来源,0,5,《粥 谱》
549,2,养生原则,7,11,粥能益人
549,3,养生原则,12,16,老年尤宜
549,4,医家,43,46,轩岐家
549,5,食材,176,177,米
549,6,食材,181,182,水
549,7,烹饪方法,184,186,火候
549,8,养生原则,188,190,食候
549,9,功效,110,112,调养
549,10,功效,122,124,治疾
549,11,食味,208,214,气味轻清香美
549,12,功效,193,197,调养治疾
550,1,食材,45,48,玫瑰片
550,2,食材,49,51,梅酱
550,3,食材,54,56,梅干
550,4,食材,63,66,腌桂花
550,5,食材,88,92,大鸟梅肉
550,6,食材,103,105,洋糖
550,7,食材,108,110,生姜
550,8,食材,111,114,甘草末
550,9,食材,132,135,大乌梅
550,10,食材,142,144,甘草
550,11,食材,164,166,乌梅
550,12,食材,177,179,沙糖
550,13,食材,198,200,杨梅
550,14,食材,212,214,红梅
550,15,食材,217,219,白矾
550,16,食材,223,226,洋糖水
550,17,烹饪方法,0,2,切碎
550,18,烹饪方法,21,22,煎
550,19,烹饪方法,59,61,水泡
550,20,烹饪方法,118,120,捣烂
550,21,烹饪方法,97,98,焯
550,22,烹饪方法,187,188,煮
550,23,烹饪方法,181,183,拌匀
550,24,烹饪方法,173,175,捶碎
550,25,食疗方,80,87,鸟梅饼
550,26,食疗方,124,131,鸟梅膏
550,27,食疗方,156,163,鸟梅酱
551,1,食材,8,10,猪头
551,2,食材,32,33,酒
551,3,食材,36,38,酱油
551,4,食材,43,44,盐
551,5,食材,47,48,葱
551,6,食材,48,49,姜
551,7,食材,50,52,桂皮
551,8,食材,60,62,瓦片
551,9,食材,73,75,竹架
551,10,食材,76,77,肉
551,11,食材,106,108,肉汁
551,12,食材,131,133,松鲞
551,13,食材,154,156,粟丁
551,14,食材,157,160,香子仁
551,15,食材,160,163,香蕈丝
551,16,食材,164,167,木耳丝
551,17,食材,168,170,笋丁
551,18,食材,175,176,布
551,19,食材,179,180,石
551,20,烹饪方法,0,1,蒸
551,21,烹饪方法,100,101,烧
551,22,烹饪方法,144,145,煨
551,23,烹饪方法,108,109,煮
551,24,烹饪方法,128,130,去骨
551,25,烹饪方法,183,185,切片
551,26,烹饪方法,178,179,压
551,27,烹饪方法,64,65,拼
551,28,烹饪方法,92,93,封
551,29,烹饪方法,172,174,摊匀
551,30,烹饪方法,176,177,包
551,31,烹饪方法,62,64,磨光
551,32,食疗方,118,125,陈猪头
551,33,食疗方,137,143,猪头膏
552,1,食材,0,1,醋
552,2,食材,27,28,肚
552,3,食材,28,29,肺
552,4,食材,44,45,盐
552,5,食材,45,46,酒
552,6,食材,49,50,矾
552,7,食材,69,71,猪肚
552,8,食材,31,32,油
552,9,食材,124,126,酒娘
552,10,食材,134,136,酱油
552,11,食材,149,151,肥肚
552,12,食材,156,158,碎肉
552,13,食材,159,160,盐
552,14,食材,161,162,葱
552,15,食材,164,165,蜜
552,16,食材,166,168,蛋清
552,17,食材,192,194,糟油
552,18,食材,202,204,糯米
552,19,食材,205,207,火腿
552,20,食材,222,224,百合
552,21,食材,225,227,建莲
552,22,食材,228,230,芡仁
552,23,食材,231,233,火腿
552,24,食材,66,67,肚
552,25,食材,244,246,小肠
552,26,食材,251,253,香蕈
552,27,食材,265,267,肉汁
552,28,烹饪方法,46,47,煮
552,29,烹饪方法,60,61,炒
552,30,烹饪方法,71,73,洗净
552,31,烹饪方法,97,99,炮炒
552,32,烹饪方法,103,105,起锅
552,33,烹饪方法,155,156,填
552,34,烹饪方法,163,164,拌
552,35,烹饪方法,168,170,粘口
552,36,烹饪方法,172,174,煮熟
552,37,烹饪方法,182,184,冷定
552,38,烹饪方法,184,186,切片
552,39,烹饪方法,196,197,灌
552,40,烹饪方法,207,209,切丁
552,41,烹饪方法,214,216,煨熟
552,42,烹饪方法,216,218,切块
552,43,烹饪方法,256,258,切段
552,44,烹饪方法,263,264,缝
552,45,烹饪方法,238,239,煨
552,46,烹饪方法,269,271,切块
552,47,食疗方,143,148,夹瓤肚
553,1,食材,5,8,大茴末
553,2,食材,9,12,花椒末
553,3,食材,17,20,大葱头
553,4,食材,23,24,醋
553,5,食材,62,64,牛肉
553,6,食材,55,56,盐
553,7,食材,143,145,稻草
553,8,食材,313,315,甜酱
553,9,食材,316,317,酒
553,10,食材,321,323,莱油
553,11,食材,358,360,牛舌
553,12,食材,394,396,火腿
553,13,烹饪方法,196,197,晒
553,14,烹饪方法,99,100,压
553,15,烹饪方法,168,169,滚
553,16,烹饪方法,279,280,煮
553,17,烹饪方法,350,351,煨
553,18,烹饪方法,381,382,腌
553,19,烹饪方法,382,384,风干
553,20,烹饪方法,44,45,切
553,21,烹饪方法,365,366,撕
553,22,烹饪方法,299,300,拆
553,23,烹饪方法,105,106,拌
553,24,烹饪方法,213,214,晾
553,25,烹饪方法,216,218,装坛
553,26,食疗方,233,236,牛肉脯
554,1,食材,15,17,曲末
554,2,食材,27,28,米
554,3,食材,99,101,白面
554,4,食材,104,107,糯米粉
554,5,食材,343,345,糯米
554,6,食材,182,184,黄米
554,7,食材,188,190,绿豆
554,8,食材,233,235,豆壳
554,9,食材,241,243,米齑
554,10,食材,245,247,豆夫
554,11,食材,325,327,莲花
554,12,烹饪方法,26,27,炊
554,13,烹饪方法,43,44,煎
554,14,烹饪方法,17,18,投
554,15,烹饪方法,126,127,踏
554,16,烹饪方法,146,147,晒
554,17,烹饪方法,148,149,露
554,18,烹饪方法,196,197,磨
554,19,烹饪方法,203,204,簸
554,20,烹饪方法,207,208,浸
554,21,烹饪方法,224,225,和
554,22,烹饪方法,271,272,跨
554,23,烹饪方法,285,286,晒
554,24,功效,59,64,去风劳令气
554,25,功效,65,71,身中积滞宿疾
554,26,功效,72,77,令人肥健
554,27,功效,78,82,行如奔马
554,28,禁忌,305,309,不可多放
554,29,食疗方,94,98,白曲
554,30,食疗方,162,175,内府秘传曲
554,31,食疗方,317,324,莲花曲
555,1,食材,14,15,蛋
555,2,食材,42,44,丁香
555,3,食材,44,46,桂皮
555,4,食材,46,48,酱油
555,5,食材,50,52,老酒
555,6,食材,74,76,火腿
555,7,食材,76,78,鲜肉
555,8,食材,79,80,鸡
555,9,食材,81,82,鸭
555,10,食材,143,145,牛乳
555,11,食材,149,151,鸡蛋
555,12,食材,154,157,胡桃仁
555,13,食材,169,171,冰糖
555,14,食材,206,208,姜汁
555,15,烹饪方法,8,9,煮
555,16,烹饪方法,52,53,煨
555,17,烹饪方法,128,129,蒸
555,18,烹饪方法,161,162,研
555,19,烹饪方法,180,182,和匀
555,20,功效,188,190,补益
555,21,病症,194,197,气燥
555,22,病症,200,202,有痰
556,1,食材,0,1,盐
556,2,食材,3,4,水
556,3,食材,11,13,榛仁
556,4,烹饪方法,16,17,炒
556,5,食材,30,32,脂油
556,6,烹饪方法,22,23,炸
556,7,食材,37,39,洋糖
556,8,食材,41,43,松仁
556,9,烹饪方法,54,55,摊
556,10,烹饪方法,59,60,焙
556,11,食材,66,68,松子
556,12,食材,69,71,防风
556,13,食材,90,92,酥油
556,14,食材,95,97,洋糖
556,15,食材,100,102,白面
556,16,烹饪方法,109,112,化开
556,17,烹饪方法,121,123,搅匀
556,18,烹饪方法,128,130,揉擦
556,19,烹饪方法,137,139,擀平
556,20,烹饪方法,143,144,印
556,21,食材,50,52,松仁
556,22,烹饪方法,154,155,炙
556,23,食材,160,162,防风
556,24,食性,182,184,微温
556,25,食味,186,187,辛
556,26,食味,187,188,甘
556,27,功效,192,194,发表
556,28,功效,196,198,祛风
556,29,功效,199,201,胜湿
557,1,食材,70,72,鹌鹑
557,2,食材,23,25,椒盐
557,3,食材,28,29,酒
557,4,食材,32,33,水
557,5,食材,36,37,葱
557,6,食材,62,64,竹鸡
557,7,食材,65,68,鸽子
557,8,食材,68,70,黄雀
557,9,食材,0,4,鹌鹑
557,10,食材,80,82,野鸡
557,11,食材,83,85,麻雀
557,12,食材,88,91,山禽
557,13,食材,94,96,茶油
557,14,食材,106,109,芝麻油
557,15,食材,115,118,脂油
557,16,食材,123,125,熟饭
557,17,食材,139,141,姜丝
557,18,食材,146,148,禽肉
557,19,食材,149,152,甜酱瓜
557,20,食材,154,156,姜丝
557,21,食材,166,168,甜酒
557,22,食材,169,171,莱油
557,23,食材,181,183,麻雀
557,24,食材,199,201,黄雀
557,25,食材,223,225,麻雀
557,26,食材,213,214,鱼
557,27,食材,243,245,黄雀
557,28,烹饪方法,16,18,洗净
557,29,烹饪方法,48,51,隔水煮
557,30,烹饪方法,54,56,晒干
557,31,烹饪方法,76,77,炒
557,32,烹饪方法,79,80,炒
557,33,烹饪方法,157,158,炒
557,34,烹饪方法,142,144,炙赤
557,35,烹饪方法,176,177,炒
557,36,烹饪方法,196,197,炒
559,1,食材,18,20,松菌
559,2,食材,11,13,熟肚
559,3,食材,20,22,芥末
559,4,食材,22,24,酱油
559,5,食材,25,26,醋
559,6,食材,48,50,鱼翅
559,7,食材,61,63,生肚
559,8,食材,73,75,笋丝
559,9,食材,76,78,香蕈
559,10,食材,83,86,胡椒末
559,11,食材,87,89,豆粉
559,12,食材,90,92,鸡汤
559,13,食材,38,39,肚
559,14,食材,98,99,肺
559,15,食材,145,147,火腿
559,16,食材,148,152,小红萝卜
559,17,食材,174,175,酒
559,18,食材,177,178,葱
559,19,食材,190,192,笋片
559,20,食材,197,199,木耳
559,21,食材,213,215,鸡片
559,22,烹饪方法,13,15,切丝
559,23,烹饪方法,26,27,拌
559,24,烹饪方法,47,48,煮
559,25,烹饪方法,78,79,炒
559,26,烹饪方法,53,54,脍
559,27,烹饪方法,109,110,煨
559,28,烹饪方法,153,155,去皮
559,29,烹饪方法,139,143,切小方块
560,1,食材,126,128,鲟鱼
560,2,食材,24,26,冬笋
560,3,食材,28,30,酒娘
560,4,食材,40,42,洋糖
560,5,食材,54,55,鲱
560,6,食材,59,60,盐
560,7,食材,65,67,椒未
560,8,食材,67,69,红谷
560,9,食材,70,72,麻油
560,10,食材,75,79,鹅卵石
560,11,食材,80,82,鳇鱼
560,12,食材,99,101,火腿
560,13,食材,136,138,鸡油
560,14,食材,145,147,香蕈
560,15,食材,148,150,青笄
560,16,食材,189,191,黄酒
560,17,食材,192,194,酱油
560,18,食材,195,198,茴香
560,19,食材,199,201,整姜
560,20,烹饪方法,12,13,煮
560,21,烹饪方法,60,61,腌
560,22,烹饪方法,91,92,煨
560,23,烹饪方法,183,184,滚
560,24,烹饪方法,8,9,切
560,25,烹饪方法,64,65,拌
560,26,烹饪方法,73,74,压
560,27,烹饪方法,116,118,下锅
560,28,烹饪方法,138,140,煮透
560,29,烹饪方法,204,208,煮到极烂
560,30,烹饪方法,219,221,起锅
560,31,烹饪方法,221,224,装大盆
560,32,食材,166,173,鲟鱼脯
561,1,食材,0,2,肥鸡
561,2,食材,70,72,虾油
561,3,食材,73,75,糟酒
561,4,食材,128,130,酱油
561,5,食材,94,95,脯
561,6,食材,146,148,腐皮
561,7,食材,153,155,海参
561,8,食材,162,166,青莱心
561,9,烹饪方法,59,61,片取
561,10,烹饪方法,43,45,煮熟
561,11,烹饪方法,49,52,沥干
561,12,烹饪方法,81,82,蘸
561,13,烹饪方法,101,103,晒干
561,14,烹饪方法,107,108,煮
561,15,烹饪方法,115,117,切块
561,16,烹饪方法,118,120,划开
561,17,烹饪方法,124,126,油炸
561,18,烹饪方法,166,167,煨
561,19,烹饪方法,148,149,裹
561,20,烹饪方法,150,152,切段
561,21,烹饪方法,152,153,衬
561,22,食材,132,133,葱
561,23,食材,134,136,姜汁
561,24,古籍来源,203,210,《礼记.乐记》
561,25,古籍来源,239,248,《长传。桓公二年》
562,1,食材,0,2,石耳
562,2,食材,6,7,鸭
562,3,食材,10,12,鱼肚
562,4,食材,13,15,鸭块
562,5,食材,17,19,肥鸭
562,6,食材,30,32,黄酒
562,7,食材,37,39,糟鸭
562,8,食材,46,47,鸡
562,9,食材,48,51,鸭肫肝
562,10,食材,57,61,腌大头莱
562,11,食材,72,74,瓤肉
562,12,食材,75,77,火腿
562,13,食材,78,79,笄
562,14,食材,80,82,鸭舌
562,15,食材,97,100,关东鸭
562,16,食材,106,109,八宝鸭
562,17,食材,115,117,火腿
562,18,食材,119,121,苡仁
562,19,食材,122,124,莲肉
562,20,食材,126,128,杂果
562,21,食材,130,131,鱼
562,22,食材,139,141,山药
562,23,食材,142,144,百合
562,24,食材,147,149,糟鱼
562,25,食材,158,160,腌鱼
562,26,食材,164,166,洋糖
562,27,食材,167,169,火酒
562,28,食材,177,179,糟鱼
562,29,食材,183,185,鲜鱼
562,30,食材,193,195,鱼酱
562,31,食材,197,199,鸡丁
562,32,食材,136,137,鱼
562,33,食材,205,208,芷果叶
562,34,食材,209,211,鱼片
562,35,食材,219,222,鲫鱼汤
562,36,食材,225,228,火腿片
562,37,食材,229,232,鲞鱼片
562,38,食材,238,241,醋溜鱼
562,39,食材,200,201,鱼
562,40,食材,265,267,鲢鱼
562,41,食材,272,274,酱油
562,42,食材,275,276,酒
562,43,食材,281,283,鱼腊
562,44,食材,310,312,火酒
562,45,烹饪方法,2,3,煨
562,46,烹饪方法,19,20,煮
562,47,烹饪方法,32,33,浸
562,48,烹饪方法,40,41,切
562,49,烹饪方法,100,101,蒸
562,50,烹饪方法,144,145,烧
562,51,烹饪方法,152,154,油炸
562,52,烹饪方法,154,156,红烧
562,53,烹饪方法,199,200,焖
562,54,烹饪方法,216,217,炒
562,55,烹饪方法,12,13,煨
562,56,烹饪方法,279,280,烘
562,57,烹饪方法,269,271,晒干
562,58,烹饪方法,276,278,煮干
563,1,食材,42,44,猪头
563,2,食材,22,24,甜酒
563,3,食材,53,54,葱
563,4,食材,58,60,八角
563,5,食材,71,73,酱油
563,6,食材,77,78,糖
563,7,食材,100,102,开水
563,8,食材,296,299,大蒜
563,9,食材,305,308,鲜柑花
563,10,食材,340,342,芥末
563,11,食材,343,345,花椒
563,12,食材,347,348,醋
563,13,烹饪方法,5,6,煨
563,14,烹饪方法,50,51,煮
563,15,烹饪方法,191,192,蒸
563,16,烹饪方法,120,121,烧
563,17,烹饪方法,131,135,文火细煨
563,18,烹饪方法,231,235,滚水泡洗
563,19,烹饪方法,239,240,擦
563,20,烹饪方法,299,300,捣
563,21,烹饪方法,335,337,切片
563,22,烹饪方法,339,340,拌
563,23,食疗方,215,222,蒸猪头
564,1,食材,69,71,鳊鱼
564,2,食材,16,18,脂油
564,3,食材,24,26,姜汁
564,4,食材,27,29,葱条
564,5,食材,45,47,酱油
564,6,食材,47,48,酒
564,7,食材,54,55,姜
564,8,食材,57,58,醋
564,9,食材,105,106,盐
564,10,食材,154,156,姜末
564,11,烹饪方法,0,1,炖
564,12,烹饪方法,8,10,剖洗
564,13,烹饪方法,18,20,切丁
564,14,烹饪方法,20,22,铺面
564,15,烹饪方法,49,52,重汤炖
564,16,烹饪方法,73,74,蒸
564,17,烹饪方法,77,79,拆碎
564,18,烹饪方法,60,61,拌
564,19,烹饪方法,106,107,腌
564,20,烹饪方法,111,113,油煎
564,21,烹饪方法,93,94,烹
564,22,烹饪方法,132,133,煨
564,23,烹饪方法,164,166,摊饼
564,24,烹饪方法,173,174,裹
564,25,烹饪方法,185,186,烧
564,26,烹饪方法,195,197,去面
564,27,烹饪方法,199,201,釜烹
564,28,烹饪方法,216,218,取置
564,29,烹饪方法,233,235,添入
564,30,食材,177,180,芦柴灰
564,31,食材,204,206,芦柴
564,32,食材,218,220,火盆
564,33,食材,222,224,鱼盆
566,1,食材,0,4,梅仁
566,2,食材,10,12,酸浆
566,3,食材,19,21,杏仁
566,4,食材,23,27,干梅
566,5,食材,28,30,梅卤
566,6,食材,47,54,乌苏梅
566,7,食材,55,58,乌梅肉
566,8,食材,61,63,干葛
566,9,食材,67,69,檀香
566,10,食材,72,75,紫苏叶
566,11,食材,78,81,炒盐
566,12,食材,84,86,洋糖
566,13,烹饪方法,90,91,捣
566,14,烹饪方法,97,98,研
566,15,食材,107,114,风雨梅
566,16,食材,126,129,琐瑰花
566,17,食材,133,136,熟蜜水
566,18,食材,140,142,薄荷
566,19,食材,146,153,青脆梅
566,20,食材,155,158,大青梅
566,21,烹饪方法,168,169,焯
566,22,食材,177,178,矾
566,23,食材,194,198,邝玫璁片
567,1,食材,0,2,笄汁
567,2,食材,3,5,天花
567,3,食材,6,10,衬菁莱头
567,4,食材,11,13,口蘑
567,5,食材,14,16,清汤
567,6,食材,19,22,素燕窝
567,7,食材,24,27,青莱头
567,8,食材,28,30,紫莱
567,9,食材,31,33,天花
567,10,食材,33,35,清汤
567,11,食材,38,40,口蘑
567,12,食材,41,43,豆腐
567,13,食材,64,66,笄汁
567,14,食材,67,70,蘑菇汁
567,15,食材,71,73,清汤
567,16,食材,76,78,冬笋
567,17,食材,79,81,腐皮
567,18,食材,95,98,黄芽莱
567,19,食材,98,100,笄尖
567,20,食材,100,102,鲜汤
567,21,食材,103,105,冬菇
567,22,食材,107,109,菠莱
567,23,食材,110,112,冬菇
567,24,食材,126,128,笄汤
567,25,食材,138,140,冬笄
567,26,食材,141,144,青莱心
567,27,食材,144,146,鲜汤
567,28,食材,147,149,面筋
567,29,食材,153,155,黄酒
567,30,食材,160,162,芫荽
567,31,食材,166,168,木耳
567,32,食材,169,171,闽笋
567,33,食材,175,177,木耳
567,34,食材,180,183,闽笄尖
567,35,食材,193,198,香蕈蘑菇汤
567,36,食材,202,204,口蘑
567,37,食材,205,207,冬瓜
567,38,食材,208,210,蘑菇
567,39,食材,211,213,萝卜
567,40,食材,214,216,茭莱
567,41,食材,217,220,炸茄子
567,42,食材,221,223,扁豆
567,43,食材,224,227,面筋泡
567,44,食材,228,231,冬笋干
567,45,食材,232,234,石耳
567,46,食材,235,238,蘑菇汤
567,47,食材,240,242,栗肉
567,48,食材,243,245,青莱
567,49,食材,246,249,素海带
567,50,食材,250,252,宽粉
567,51,食材,253,255,莲子
567,52,食材,86,88,冬笋
567,53,食材,259,261,口蘑
567,54,食材,264,266,香蕈
567,55,食材,267,269,香蕈
567,56,食材,270,273,海参丝
567,57,食材,276,279,粉干条
567,58,食材,281,283,燕窝
567,59,食材,285,287,白果
567,60,食材,89,90,菱
567,61,食材,292,295,新桃仁
567,62,食材,300,302,莲子
567,63,食材,303,305,花生
567,64,食材,307,309,杏仁
567,65,食材,310,312,榛仁
567,66,食材,313,315,瓜子
567,67,食材,316,319,毛豆米
567,68,食材,321,323,松菌
567,69,烹饪方法,2,3,煨
567,70,烹饪方法,16,17,烩
567,71,烹饪方法,40,41,煨
567,72,烹饪方法,53,54,煮
567,73,烹饪方法,35,36,烩
567,74,烹饪方法,78,79,烧
567,75,烹饪方法,94,95,烧
567,76,烹饪方法,129,130,煨
567,77,烹饪方法,134,136,红烧
567,78,烹饪方法,140,141,烧
567,79,烹饪方法,149,151,撕碎
567,80,烹饪方法,155,156,浸
567,81,烹饪方法,163,164,烧
567,82,烹饪方法,177,178,煨
567,83,烹饪方法,187,188,煮
567,84,烹饪方法,198,200,红烧
567,85,烹饪方法,204,205,煨
567,86,烹饪方法,168,169,烧
567,87,烹饪方法,210,211,烧
567,88,烹饪方法,216,217,烧
567,89,烹饪方法,231,232,煨
567,90,烹饪方法,223,224,烧
567,91,烹饪方法,242,243,烧
567,92,烹饪方法,275,276,煨
567,93,烹饪方法,296,298,去皮
567,94,烹饪方法,320,321,炝
567,95,烹饪方法,326,328,卷煎
568,1,食材,6,7,蛋
568,2,食材,8,11,熟咸蛋
568,3,食材,15,18,生豆腐
568,4,食材,20,22,飞盐
568,5,食材,23,25,瓜丁
568,6,食材,26,28,姜米
568,7,食材,30,32,麻油
568,8,食材,36,38,腌蛋
568,9,食材,49,51,酱油
568,10,食材,55,56,醋
568,11,食材,42,43,姜
568,12,食材,97,99,蛋黄
568,13,食材,100,103,木瓜酒
568,14,食材,111,113,炒盐
568,15,食材,127,129,米粉
568,16,食材,132,135,胡桃仁
568,17,食材,135,137,洋糖
568,18,食材,138,140,脂油
568,19,食材,150,152,鸭蛋
568,20,食材,167,170,栗柴灰
568,21,食材,174,177,细石灰
568,22,食材,180,183,豆楷灰
568,23,食材,187,191,芝麻楷灰
568,24,食材,194,195,盐
568,25,烹饪方法,0,1,拌
568,26,烹饪方法,11,13,捣碎
568,27,烹饪方法,19,20,加
568,28,烹饪方法,38,40,捺碎
568,29,烹饪方法,86,87,煮
568,30,烹饪方法,125,127,揉入
568,31,烹饪方法,131,132,包
568,32,烹饪方法,140,142,作饼
568,33,烹饪方法,155,157,拣去
568,34,烹饪方法,160,162,洗挣
568,35,烹饪方法,165,166,制
568,36,食味,96,97,咸
569,1,食材,0,1,莱
569,2,食材,7,9,河豚
569,3,食材,11,12,蛑
569,4,食材,16,18,鲚鱼
569,5,食材,19,21,酱油
569,6,食材,24,25,盐
569,7,食材,114,118,石灰泥渣
569,8,食材,179,182,生芝麻
569,9,食材,188,190,蛑嫩
569,10,食味,90,91,苦
569,11,食味,2,3,鲜
569,12,烹饪方法,32,33,化
569,13,烹饪方法,121,122,煮
569,14,烹饪方法,119,121,下锅
569,15,烹饪方法,34,35,澄
569,16,烹饪方法,109,110,泡
569,17,烹饪方法,235,236,炙
569,18,烹饪方法,241,243,取肉
569,19,古籍来源,201,207,《本草纲目》
570,1,食材,0,1,椒
570,2,食材,103,105,花椒
570,3,烹饪方法,27,28,研
570,4,烹饪方法,31,32,焙
570,5,烹饪方法,37,38,筛
570,6,烹饪方法,42,46,装袋同煮
570,7,食材,56,60,椒盐
570,8,烹饪方法,62,64,炒研
570,9,食材,89,91,胡椒
570,10,食材,108,110,胡椒
570,11,烹饪方法,117,118,研
570,12,食材,68,69,盐
570,13,食材,113,115,葱叶
570,14,古籍来源,227,231,明清之际
571,1,食材,146,149,香稻米
571,2,食材,159,161,红枣
571,3,食材,199,201,井水
571,4,食材,205,207,河水
571,5,食材,115,117,绿豆
571,6,食材,121,123,黍米
571,7,食材,79,80,鸭
571,8,食材,97,99,果品
571,9,食材,125,127,五谷
571,10,烹饪方法,168,169,煨
571,11,烹饪方法,196,197,煮
571,12,烹饪方法,247,249,盖锅
571,13,烹饪方法,259,261,搅转
571,14,烹饪方法,263,265,加火
571,15,烹饪方法,265,267,煮熟
571,16,食疗方,138,145,香稻粥
571,17,食疗方,188,195,井水粥
571,18,养生原则,177,181,五更时用
571,19,养生原则,183,186,最益人
571,20,禁忌,46,57,"宁入等粥 ,毋粥等人"
571,21,禁忌,65,73,防停顿而味娈汤干
572,1,食材,16,17,鱼
572,2,食材,67,69,河水
572,3,食材,149,151,陈酒
572,4,食材,152,154,酱油
572,5,食材,160,161,瓜
572,6,食材,163,164,姜
572,7,食材,165,166,蕈
572,8,食材,167,168,笋
572,9,食材,228,230,木香
572,10,食材,231,233,薄荷
572,11,食材,244,246,香油
572,12,食材,285,287,胡椒
572,13,食材,288,290,紫苏
572,14,食材,291,292,葱
572,15,食材,293,297,香橼皮
572,16,食材,297,299,桔皮
572,17,食材,300,302,菊花
572,18,食材,303,304,叶
572,19,食材,336,338,河鱼
572,20,食材,357,360,江梅鱼
572,21,食材,378,379,鲤
572,22,食材,383,386,黄河者
572,23,烹饪方法,64,65,煮
572,24,烹饪方法,126,127,蒸
572,25,烹饪方法,205,206,剖
572,26,烹饪方法,240,241,洗
572,27,烹饪方法,305,307,晒干
572,28,烹饪方法,308,310,捶碎
572,29,烹饪方法,310,312,收贮
572,30,烹饪方法,321,323,洗擦
572,31,烹饪方法,345,347,烧滚
572,32,禁忌,61,63,大忌
572,33,禁忌,219,221,不腥
572,34,禁忌,251,253,无涎
573,1,食材,90,93,白糯米
573,2,食材,143,145,白曲
573,3,食材,161,163,糯米
573,4,食材,208,210,米饭
573,5,食材,335,336,麦
573,6,食材,402,403,糯
573,7,烹饪方法,6,7,煎
573,8,烹饪方法,171,172,炊
573,9,烹饪方法,399,400,蒸
573,10,烹饪方法,187,188,投
573,11,烹饪方法,383,384,压
573,12,食疗方,135,142,桃源酒
573,13,古籍来源,275,277,五陵
574,1,食材,11,13,猪肉
574,2,食材,51,52,猪
574,3,食材,29,30,豚
574,4,食材,216,218,小猪
574,5,食味,97,98,甘
574,6,古籍来源,181,189,《论语.乡党篇》
574,7,医家,43,46,北砚氏
574,8,医家,240,243,童岳荐
575,1,食材,0,1,水
575,2,食材,5,7,盐花
575,3,食材,9,11,洋糟
575,4,食材,14,16,香霹
575,5,食材,31,33,开水
575,6,食材,37,39,冷水
575,7,食材,57,70,武林西湖水
575,8,食材,241,242,雪
575,9,食材,249,253,腊月雪水
575,10,烹饪方法,18,20,冲汤
575,11,烹饪方法,145,146,煮
575,12,烹饪方法,204,206,煅炼
575,13,烹饪方法,71,72,取
575,14,烹饪方法,72,73,贮
575,15,烹饪方法,76,78,澄清
575,16,烹饪方法,87,88,覆
575,17,烹饪方法,92,93,露
575,18,烹饪方法,149,150,倾
575,19,烹饪方法,195,197,装坛
575,20,烹饪方法,130,131,取
575,21,烹饪方法,234,235,制
575,22,病症,53,55,噎症
575,23,养生原则,215,219,修炼遗意
576,1,食材,17,21,蒌蒿
576,2,食材,175,177,莴苣
576,3,食材,168,171,胡祧仁
576,4,烹饪方法,14,15,腌
576,5,烹饪方法,139,141,晒干
576,6,烹饪方法,218,219,切
576,7,禁忌,30,33,忌老头
576,8,禁忌,69,73,伛见即黑
576,9,禁忌,235,240,咸则味恶矣
576,10,食材,181,183,莴笄
577,1,食材,2,4,驴腰
577,2,食材,5,7,猪腰
577,3,食材,12,14,猪脑
577,4,食材,20,23,生豆腐
577,5,食材,26,28,松仁
577,6,食材,29,32,火腿丁
577,7,食材,34,36,鲜汁
577,8,烹饪方法,37,38,烩
577,9,食材,40,42,猪腰
577,10,食材,49,51,栗肉
577,11,烹饪方法,51,52,烧
577,12,食材,54,55,羊
577,13,食材,68,70,羊腹
577,14,食材,62,66,烧红石子
577,15,食材,71,72,羊
577,16,食材,86,89,画眉头
577,17,食材,91,93,黑头
577,18,食材,96,98,饽饽
577,19,食材,101,104,蒲扇尾
577,20,食材,113,115,羯羊
577,21,食材,145,148,臊羯羊
577,22,食材,151,154,柳叶尾
577,23,食材,174,176,种羊
577,24,食材,180,182,母羊
577,25,食材,196,198,水羊
577,26,食材,202,204,种羊
577,27,食材,81,82,羊
577,28,食材,225,227,豆楷
577,29,食材,231,234,芝麻油
577,30,食材,245,247,羊头
577,31,食材,252,256,假画眉头
577,32,食材,265,268,五倍子
577,33,食材,269,271,皂矾
577,34,食材,272,274,桐油
577,35,食材,284,288,去皮荸荠
577,36,食材,289,291,羊肉
577,37,食材,292,295,红萝卜
577,38,食材,296,298,荸荠
577,39,食材,300,302,羊肉
577,40,食材,303,306,白萝卜
578,1,古籍来源,0,10,《中国烹饪古籍丛刊》
579,1,食材,54,57,白晚米
579,2,食材,58,60,糯米
579,3,食材,75,78,大米
579,4,食材,81,83,小米
579,5,食材,89,90,米
579,6,食材,98,100,冬舂
579,7,食材,126,128,砻糠
579,8,食材,134,136,草灰
579,9,食材,148,151,楝树叶
579,10,食材,160,163,租稻米
579,11,食材,183,185,白米
579,12,食材,188,190,千草
579,13,食材,215,219,仓底板
579,14,食材,227,229,砻糠
579,15,食材,233,235,芦席
579,16,食材,94,95,米
579,17,食材,268,271,糠席
579,18,食材,292,294,松毛
579,19,食材,301,303,蟹壳
579,20,食材,313,316,银条米
579,21,食材,324,327,湖田白
579,22,烹饪方法,61,62,煮
579,23,烹饪方法,143,144,晒
579,24,烹饪方法,151,152,铺
579,25,烹饪方法,155,156,贮
579,26,烹饪方法,128,129,盖
579,27,烹饪方法,200,201,踏
579,28,烹饪方法,85,86,煮
579,29,烹饪方法,259,260,架
579,30,烹饪方法,271,272,垫
579,31,病症,18,22,病后调理
579,32,病症,23,25,体虚
579,33,功效,32,34,补益
579,34,禁忌,43,47,勿失为妙
579,35,禁忌,111,115,易亏折
579,36,禁忌,166,168,易颥
579,37,禁忌,204,206,不蛀
579,38,禁忌,242,246,无潮气
579,39,禁忌,277,279,易霹
579,40,禁忌,285,291,自无朽坏之虞
579,41,禁忌,295,299,可断米虫
579,42,禁忌,306,308,不蛀
579,43,养生原则,39,42,五更食
579,44,养生原则,333,341,居家用之最为合宜
580,1,食材,8,10,青梅
580,2,食材,11,14,石灰水
580,3,食材,94,95,盐
580,4,食材,109,112,冰糠水
580,5,食材,128,130,洋糖
580,6,食材,6,7,梅
580,7,食材,176,177,姜
580,8,食材,183,187,咸梅
580,9,食材,88,89,梅
580,10,食材,208,209,盐
580,11,食材,280,282,杏子
580,12,食材,296,299,大青梅
580,13,食材,301,302,蒜
580,14,食材,311,313,紫苏
580,15,食味,39,41,酸涩
580,16,烹饪方法,0,1,腌
580,17,烹饪方法,17,19,手搓
580,18,烹饪方法,21,22,翻
580,19,烹饪方法,34,35,泡
580,20,烹饪方法,61,63,洗净
580,21,烹饪方法,63,65,捞起
580,22,烹饪方法,69,70,晾
580,23,烹饪方法,72,74,风干
580,24,烹饪方法,102,103,腌
580,25,烹饪方法,122,123,煎
580,26,烹饪方法,151,153,装瓶
580,27,烹饪方法,175,176,腌
580,28,烹饪方法,180,181,腌
580,29,烹饪方法,231,233,翻搅
580,30,烹饪方法,270,271,晒
580,31,烹饪方法,260,261,压
580,32,烹饪方法,303,306,去外皮
580,33,禁忌,75,79,不可太干
580,34,禁忌,154,158,久存不坏
580,35,禁忌,159,173,"日久或雨后发徽0 ,即当再煎"
581,1,食材,32,33,鸡
581,2,食材,33,34,鱼
581,3,食材,34,35,虾
581,4,食材,43,45,笄片
581,5,食材,47,49,芝麻
581,6,食材,51,53,花椒
581,7,食材,54,56,香蕈
581,8,食材,66,68,干面
581,9,食材,69,71,鲜汁
581,10,食材,80,81,酱
581,11,食材,82,83,醋
581,12,食材,171,173,虾米
581,13,食材,203,205,真粉
581,14,食材,211,214,蕃茄粉
581,15,食材,221,224,鸡蛋清
581,16,食材,238,239,盐
581,17,食材,240,241,蜜
581,18,食材,255,257,鸡脯
581,19,食材,291,293,酱油
581,20,食材,294,296,虾子
581,21,食材,315,318,鳗鲡粉
581,22,食材,326,330,清汤素面
581,23,烹饪方法,39,41,晒干
581,24,烹饪方法,60,61,磨
581,25,烹饪方法,64,65,和
581,26,烹饪方法,86,87,切
581,27,烹饪方法,112,113,擀
581,28,烹饪方法,129,130,煮
581,29,烹饪方法,214,215,拌
581,30,烹饪方法,258,260,去皮
581,31,烹饪方法,266,268,磨粉
581,32,烹饪方法,268,270,收贮
581,33,烹饪方法,296,298,做汤
581,34,烹饪方法,324,325,下
581,35,禁忌,149,151,忌油
582,1,食材,0,3,鲜荔枝
582,2,食性,3,4,热
582,3,病症,11,12,醉
582,4,食材,17,18,壳
582,5,食材,19,20,水
582,6,食材,30,32,苦瓜
582,7,食材,36,37,蜜
582,8,食材,39,40,盐
582,9,食材,45,47,荔枝
582,10,食材,49,50,壳
582,11,食材,75,78,荔枝肉
582,12,食材,70,72,烧酒
582,13,食材,79,81,梅卤
582,14,食材,82,84,柴苏
582,15,食材,94,96,榧子
582,16,食材,102,104,榧子
582,17,食材,107,108,蔗
582,18,食材,123,125,榧子
582,19,食材,128,130,蕨水
582,20,食材,151,153,洋糖
582,21,食材,168,171,鲜蕤枝
582,22,医家,176,178,时珍
582,23,古籍来源,178,184,《本草纲艮》
582,24,食材,187,189,蒸枝
582,25,食性,191,193,纯阴
582,26,食性,196,198,徵热
582,27,病症,207,209,龈肿
582,28,病症,212,213,痛
582,29,病症,215,216,衄
582,30,古籍来源,231,238,《犍类榀感志》
582,31,食材,243,245,荔枝
582,32,病症,224,225,醉
582,33,食材,250,251,茕
582,34,食材,253,254,水
583,1,食材,9,11,山泉
583,2,食材,45,49,雨泉
583,3,食材,53,55,天泉
583,4,食材,95,98,暴雨水
583,5,食材,137,139,霹水
583,6,食材,172,176,长流湖水
583,7,食材,180,182,霉水
583,8,食材,187,189,井水
583,9,食味,90,91,甘
583,10,食味,99,100,淡
583,11,食性,191,192,碱
583,12,功效,41,43,无毒
583,13,功效,296,298,精洁
583,14,病症,106,108,伤人
583,15,烹饪方法,5,7,烹茶
583,16,烹饪方法,292,294,煎茶
583,17,烹饪方法,165,167,研墨
583,18,烹饪方法,168,170,着色
583,19,烹饪方法,119,121,炖胶
583,20,烹饪方法,123,126,制画绢
583,21,烹饪方法,140,143,洗旧画
583,22,烹饪方法,147,151,沉漂泥金
583,23,禁忌,109,115,着衣上即黩烂
583,24,养生原则,12,20,以泉远流长者为佳
583,25,养生原则,57,62,贵久宿澄清
583,26,养生原则,73,85,"用炭火淬两三次,即无毒"
583,27,养生原则,215,244,"用蓝布于天井中四角悬起,中垂一石,任其滴入大缸,另装小坛"
583,28,养生原则,246,260,"用磁罐最净者,布空处盛之"
583,29,养生原则,261,265,贮处热高
583,30,养生原则,271,285,"用炭火淬三四次,不生孑孓虫"
583,31,养生原则,312,332,"善于品泉者,入口即能辨其年分,历历不爽"
584,1,食材,84,87,黄芽莱
584,2,食材,94,96,花椒
584,3,烹饪方法,70,71,制
584,4,烹饪方法,129,130,炒
584,5,烹饪方法,153,155,醋搂
584,6,食材,141,142,鸡
584,7,食材,284,285,醋
584,8,古籍来源,214,220,《闲情偶寄》
585,1,食材,48,51,黄牛乳
585,2,食性,7,8,平
585,3,功效,9,12,补血脉
585,4,功效,13,16,益心气
585,5,功效,17,20,长肌肉
585,6,食材,21,23,乳饼
585,7,食材,24,26,乳酥
585,8,食材,3,5,牛乳
585,9,烹饪方法,34,36,煮粥
585,10,烹饪方法,38,39,炖
585,11,食材,92,94,冰糖
585,12,禁忌,103,106,不啜茶
585,13,禁忌,107,111,不食他物
585,14,禁忌,113,117,即不作泻
585,15,食材,232,238,黄牛骨髓
585,16,烹饪方法,241,243,熬油
585,17,烹饪方法,244,246,拌炒
585,18,食材,246,248,熟面
585,19,食材,250,252,百果
585,20,食材,265,269,乳皮
585,21,烹饪方法,179,180,烫
585,22,烹饪方法,284,285,扇
586,1,食材,57,58,盐
586,2,食材,59,60,梅
586,3,食材,52,54,酒醴
586,4,食材,504,506,曲蘖
586,5,食材,159,161,盐梅
586,6,古籍来源,293,302,《孟子.万章下篇》
586,7,古籍来源,485,494,《尚书.说命下》
586,8,古籍来源,605,610,《道德经》
586,9,医家,19,21,伊尹
586,10,医家,43,45,傅说
586,11,医家,69,71,老子
586,12,烹饪方法,22,24,割烹
586,13,烹饪方法,79,80,烹
586,14,烹饪方法,157,159,割烹
586,15,烹饪方法,265,266,烹
587,1,食材,0,4,鲫鱼
587,2,食性,5,8,性属土
587,3,功效,21,23,补胃
587,4,食味,25,27,味鲜
587,5,烹饪方法,107,108,蒸
587,6,烹饪方法,115,116,煎
587,7,烹饪方法,126,128,作羹
587,8,烹饪方法,135,136,煨
587,9,烹饪方法,158,160,蒸食
587,10,食材,144,146,酥鱼
587,11,病症,149,152,小儿食
587,12,食材,106,107,鳊
587,13,食材,213,215,鲥鱼
588,1,食材,47,49,绍酒
588,2,食材,37,38,酒
588,3,食性,129,133,芳香醇烈
588,4,功效,135,139,走而不守
588,5,病症,94,96,发渴
588,6,病症,118,122,停中满闷
588,7,古籍来源,210,214,《酒谱》
589,1,食材,14,16,虾仁
589,2,食材,17,18,鱼
589,3,食材,26,27,鸡
589,4,食材,28,30,鱼翅
589,5,食材,89,92,大鲫鱼
589,6,食材,100,102,鸡皮
589,7,食材,107,109,火腿
589,8,食材,114,116,蘑菇
589,9,食材,195,197,红肉
589,10,食材,230,232,白肉
589,11,食材,236,238,鸡丝
589,12,食材,283,285,麻酱
589,13,食材,329,332,香油
589,14,食材,345,348,胡椒面
589,15,食材,439,442,鳝鱼丝
589,16,食材,450,454,韭菜头
589,17,食材,471,473,鳝丝
589,18,烹饪方法,95,96,蒸
589,19,烹饪方法,63,65,红烧
589,20,烹饪方法,66,68,收干
589,21,烹饪方法,92,94,去骨
589,22,烹饪方法,185,186,拌
589,23,烹饪方法,288,290,下锅
589,24,烹饪方法,294,296,勾芡
589,25,烹饪方法,342,343,烩
589,26,烹饪方法,477,479,切丝
589,27,烹饪方法,334,336,走油
589,28,烹饪方法,315,317,挂卤
589,29,古籍来源,31,35,《通览》
589,30,古籍来源,123,127,《摘录》
589,31,食疗方,77,81,荷花鱼翅
589,32,食疗方,272,276,麻辣鱼翅
589,33,食疗方,423,427,鳍丝鱼翅
589,34,食疗方,393,397,麻腐鱼翅
589,35,食疗方,403,407,寐龄鱼姆
591,1,食材,2,4,花肉
591,2,食材,6,8,糯米
591,3,烹饪方法,8,9,酿
591,4,烹饪方法,10,11,蒸
591,5,食材,17,22,哈耳巴0肉
591,6,食材,23,26,大肪肉
591,7,烹饪方法,26,28,出水
591,8,烹饪方法,29,31,白炖
591,9,烹饪方法,34,35,切
591,10,烹饪方法,43,44,蒸
591,11,食材,69,73,娆金钱肉
591,12,食材,74,76,肥肉
591,13,食材,79,81,火腿
591,14,烹饪方法,76,77,煮
591,15,烹饪方法,86,88,切片
591,16,烹饪方法,100,101,烧
591,17,食材,104,106,椒盐
591,18,食材,128,132,一品烷猪
591,19,食材,133,135,猪儿
591,20,烹饪方法,135,137,出水
591,21,烹饪方法,139,141,晾干
591,22,食材,142,145,红酱油
591,23,烹饪方法,145,147,抹面
591,24,烹饪方法,149,151,上叉
591,25,食材,158,160,香油
591,26,烹饪方法,156,158,抹扫
591,27,烹饪方法,167,168,切
591,28,食材,179,183,生烧大方
591,29,食材,185,187,花椒
591,30,食材,188,189,盐
591,31,烹饪方法,189,191,生码
591,32,烹饪方法,192,194,生烧
591,33,烹饪方法,196,198,刮皮
591,34,烹饪方法,201,203,治诤
591,35,烹饪方法,205,207,匕火
591,36,烹饪方法,208,211,匕叉子
591,37,食材,215,217,香油
591,38,烹饪方法,218,219,切
591,39,食材,243,247,烷喇嘛肉
591,40,食材,248,250,方肉
591,41,烹饪方法,250,252,去皮
591,42,食材,255,257,蛋黄
591,43,食材,257,259,豆粉
591,44,食材,261,263,灰面
591,45,食材,264,268,欠(芡)
591,46,烹饪方法,268,271,调匀
591,47,烹饪方法,273,275,火烧
591,48,烹饪方法,277,279,上色
591,49,烹饪方法,281,282,切
591,50,食材,293,297,生烧南腿
591,51,食材,299,301,花椒
591,52,食材,302,303,盐
591,53,烹饪方法,303,305,生码
591,54,食材,308,310,荷叶
591,55,烹饪方法,310,315,包果(裹)
591,56,烹饪方法,317,320,上叉子
591,57,古籍来源,323,327,《通览》
591,58,古籍来源,327,331,《摘录》
591,59,食材,334,337,离丽肉
591,60,古籍来源,338,342,《通览》
591,61,烹饪方法,343,345,煮熟
591,62,食材,346,348,长条
591,63,食材,349,351,灰面
591,64,食材,352,354,蛋黄
591,65,烹饪方法,356,359,下红锅
591,66,烹饪方法,381,383,走油
591,67,古籍来源,363,367,《摘录》
591,68,食材,368,369,肉
591,69,烹饪方法,369,371,去皮
591,70,烹饪方法,372,374,打片
591,71,食材,375,377,鸡蛋
591,72,食材,378,380,灰面
591,73,烹饪方法,359,362,走油
591,74,食材,385,387,白糟
591,75,食材,390,392,羊略
591,76,食材,405,408,羊遐籀
591,77,食材,414,415,毛
591,78,烹饪方法,416,417,烙
591,79,烹饪方法,423,425,水氽
592,1,食材,0,4,红娩鲢鱼
592,2,食材,5,6,鱼
592,3,食材,13,15,肉块
592,4,食材,16,18,大蒜
592,5,食材,37,40,贲鲎鱼
592,6,食材,50,52,灰面
592,7,食材,53,55,鸡蛋
592,8,食材,67,68,鱼
592,9,食材,72,74,灰面
592,10,食材,82,86,鸡蛋豆粉
592,11,食材,90,92,椒盐
592,12,食材,107,109,鲫鱼
592,13,食材,113,114,肉
592,14,食材,123,125,肥肉
592,15,食材,139,141,鸡蛋
592,16,食材,150,151,蟹
592,17,食材,195,197,团脐
592,18,食材,203,205,尖脐
592,19,食材,273,275,虾料
592,20,食材,276,278,鸽蛋
592,21,食材,281,283,荔枝
592,22,食材,286,288,火腿
592,23,食材,289,291,松仁
592,24,食材,294,296,鸽蛋
592,25,食材,308,310,豆腐
592,26,食材,314,316,紫莱
592,27,食材,318,320,荏花
592,28,食材,324,326,鸡蛋
592,29,食材,327,329,火腿
592,30,食材,330,332,盐蛋
592,31,烹饪方法,9,11,红烧
592,32,烹饪方法,56,58,走油
592,33,烹饪方法,87,89,走油
592,34,烹饪方法,96,97,酿
592,35,烹饪方法,112,113,酿
592,36,烹饪方法,142,144,走油
592,37,烹饪方法,211,213,烹炒
592,38,烹饪方法,220,221,蒸
592,39,烹饪方法,129,130,酿
592,40,烹饪方法,291,292,嵌
592,41,烹饪方法,296,297,爆
592,42,烹饪方法,299,301,千炒
592,43,烹饪方法,303,305,清蒸
592,44,烹饪方法,310,311,烩
592,45,烹饪方法,215,216,炒
592,46,古籍来源,26,30,《通览》
592,47,古籍来源,30,34,《摘录》
592,48,古籍来源,41,45,《通览》
592,49,古籍来源,116,120,《摘录》
592,50,古籍来源,100,104,《通览》
593,1,食材,0,2,豆尖
593,2,食材,3,5,肉丝
593,3,烹饪方法,6,8,鲜炒
593,4,食材,24,28,假晾干肉
593,5,食材,30,33,老面舢
593,6,食材,38,42,琵琶郫子
593,7,烹饪方法,46,47,炸
593,8,食材,50,53,冬瓜块
593,9,烹饪方法,54,56,红烧
593,10,食材,60,62,肉元
593,11,食材,72,76,麻酱赓衣
593,12,烹饪方法,77,78,拌
593,13,食材,80,82,菱角
593,14,食材,83,84,鸡
593,15,烹饪方法,85,87,黄焖
593,16,食材,89,91,育椒
593,17,食材,91,93,豇豆
593,18,烹饪方法,94,96,走油
593,19,食材,98,102,白煮肉丝
593,20,烹饪方法,103,104,拌
593,21,食材,108,110,茄子
593,22,烹饪方法,106,108,锅烧
593,23,食材,117,119,鲢鱼
593,24,烹饪方法,115,117,烧焖
593,25,食材,124,128,玫瑰荷花
593,26,烹饪方法,129,130,炸
593,27,食材,177,180,麻花肉
593,28,食材,182,183,肉
593,29,食材,195,197,冬瓜
593,30,烹饪方法,199,201,粉渗
593,31,食材,219,222,冬瓜燕
593,32,食材,213,215,冬瓜
593,33,烹饪方法,231,233,切丝
593,34,烹饪方法,234,239,扑细干豆粉
593,35,烹饪方法,202,203,氽
593,36,食材,281,284,京吊子
593,37,烹饪方法,111,113,走油
593,38,烹饪方法,289,290,炖
593,39,食材,307,311,老脯茄子
593,40,食材,313,315,韭菜
593,41,食材,316,318,祆子
594,1,食材,51,53,鸽蛋
594,2,食材,9,11,鹅蛋
594,3,食材,173,175,椒盐
594,4,食材,176,178,豆蔻
594,5,食材,258,259,荼
594,6,食材,279,280,醋
594,7,食材,330,331,蟹
594,8,食材,338,339,笋
594,9,烹饪方法,60,61,酿
594,10,烹饪方法,116,117,蒸
594,11,烹饪方法,171,172,炸
594,12,烹饪方法,259,260,熏
594,13,烹饪方法,280,281,熘
594,14,烹饪方法,331,332,炒
594,15,烹饪方法,343,345,红烧
594,16,烹饪方法,207,208,煮
594,17,烹饪方法,138,139,切
594,18,烹饪方法,186,188,去黄
594,19,烹饪方法,237,239,酿入
594,20,烹饪方法,245,247,封口
594,21,烹饪方法,248,250,再煮
594,22,烹饪方法,335,337,干炒
594,23,食疗方,70,74,悛鸽蛋饺
594,24,食疗方,85,89,玻琳鸽蛋
594,25,食疗方,103,107,刘海鸽蛋
594,26,食疗方,164,168,兰香鸽蛋
594,27,食疗方,180,184,全酿鸽蛋
594,28,食疗方,252,256,茶兼鸽蛋
594,29,食疗方,262,266,金银鸽蛋
594,30,食疗方,292,296,荷包鸽蛋
594,31,古籍来源,118,122,《摘录》
595,1,食材,8,10,豆腐
595,2,食材,145,147,盐卤
595,3,食材,150,152,石膏
595,4,食材,193,195,杏酪
595,5,食材,198,200,桃儿
595,6,食材,203,205,玻蚺
595,7,食材,208,210,箱子
595,8,食材,213,215,销唣
595,9,食材,218,220,珍珠
595,10,食材,223,225,米屋
595,11,食材,228,230,蟹螯
595,12,食材,233,235,马蹄
595,13,食材,238,240,纹丝
595,14,食材,243,245,菱角
595,15,食材,248,250,灌香
595,16,食材,253,255,吉样
595,17,食材,258,260,糟油
595,18,食材,263,265,蜂蛀
595,19,食材,268,270,雪花
595,20,食材,273,275,桂花
595,21,食材,277,279,卷尖
595,22,食材,282,284,芙蓉
595,23,食材,287,289,丹凤
595,24,食材,292,294,口蘑
595,25,食材,297,299,金钱
595,26,食材,302,304,鲫鳞
595,27,食材,307,309,祥云
595,28,食材,312,314,百合
595,29,食材,317,319,各髓
595,30,食材,322,324,芹昏
595,31,食材,327,329,牡丹
595,32,食材,332,334,八宝
595,33,食材,337,339,烹熘
595,34,食材,342,344,孩食
595,35,食材,347,349,虾泥
595,36,食材,352,354,虾皮
595,37,食材,357,359,百页
595,38,食材,362,364,春秋
595,39,食材,367,369,银合
595,40,食材,372,374,虾油
595,41,食材,377,379,发丝
595,42,食材,382,384,青笋
595,43,食材,387,389,太极
595,44,烹饪方法,157,158,点
595,45,烹饪方法,69,70,制
596,1,古籍来源,1,9,中国烹饪古籍丛刊
597,1,食材,24,26,火腿
597,2,食材,27,28,鸭
597,3,食材,51,52,鸡
597,4,烹饪方法,10,11,蒸
597,5,烹饪方法,92,94,烹煮
597,6,烹饪方法,105,106,熘
597,7,烹饪方法,106,107,焕
597,8,烹饪方法,107,108,爆
597,9,烹饪方法,108,109,炸
597,10,烹饪方法,109,110,片
597,11,烹饪方法,110,111,丝
597,12,烹饪方法,111,112,卤
597,13,古籍来源,291,295,韩诗外传
598,1,食材,5,6,鸡
598,2,食材,11,12,虾
598,3,食材,14,15,饼
598,4,食材,16,18,洋莱
598,5,食材,20,22,锅巴
598,6,食材,22,24,海参
598,7,食材,25,27,抄手
598,8,食材,27,29,海参
598,9,食材,33,34,面
598,10,食材,35,37,椒盐
598,11,食材,37,39,肘子
598,12,食材,40,45,海参丁
598,13,食材,49,53,紫盖
598,14,食材,55,56,姜
598,15,食材,57,59,鸡片
598,16,食材,60,67,椒麻鸡
598,17,食材,419,422,包肉片
598,18,食材,81,88,油鱼丝
598,19,食材,94,96,麻酱
598,20,食材,96,98,洋莱
598,21,食材,101,103,鱼肚
598,22,食材,104,106,金钩
598,23,食材,106,108,冬笋
598,24,食材,111,113,豌豆
598,25,食材,116,118,鱼肚
598,26,食材,119,126,春笋尖
598,27,食材,130,134,白莱
598,28,食材,138,142,鳍鱼
598,29,食材,143,144,蒜
598,30,食材,145,147,连鱼
598,31,食材,148,154,瓦块鱼
598,32,食材,157,159,连鱼
598,33,食材,160,162,香花
598,34,食材,162,164,鸡丝
598,35,食材,165,167,橥蒿
598,36,食材,167,169,鸡丝
598,37,食材,170,177,肉圆子
598,38,食材,178,184,玉兰片
598,39,食材,68,75,包肉片
598,40,食材,193,195,冬粜
598,41,食材,195,197,肉丝
598,42,食材,203,205,冰糖
598,43,食材,205,207,肘子
598,44,食材,208,209,鸡
598,45,食材,210,212,漪参
598,46,烹饪方法,30,31,炒
598,47,烹饪方法,46,47,炸
598,48,烹饪方法,109,111,生闷
598,49,烹饪方法,114,116,凉拌
598,50,烹饪方法,135,136,闷
598,51,烹饪方法,144,145,烧
598,52,烹饪方法,155,157,黄闷
598,53,烹饪方法,377,379,火炮
598,54,烹饪方法,385,387,火爆
598,55,食材,76,78,油鱼
598,56,食材,409,411,鱿鱼
598,57,食材,426,429,包肉筮
598,58,食材,454,456,茶食
598,59,食材,458,460,饺子
598,60,食材,467,469,包子
598,61,食材,471,473,汤元
598,62,食材,474,478,汤元包子
598,63,食材,483,485,包子
598,64,食材,485,487,点心
598,65,食材,492,495,油提面
598,66,食材,500,503,蛋黄糕
598,67,食材,509,511,绍酒
598,68,食材,516,518,席面
598,69,食材,524,526,米酥
599,1,食材,81,83,野鸭
599,2,食材,141,142,鹑
599,3,食材,262,263,雉
599,4,食材,317,319,山鸡
599,5,食材,110,111,鸡
599,6,食材,463,465,雉脯
599,7,食材,300,302,野鸡
599,8,食材,501,503,酸莱
599,9,食材,230,232,韭菜
599,10,食材,449,451,油果
599,11,食材,457,459,椒盐
599,12,食材,467,469,桁仁
599,13,食材,480,483,白榆仁
599,14,食材,354,356,华虫
599,15,食材,60,62,仓庚
599,16,食材,73,74,莺
599,17,食材,76,78,水凫
599,18,食材,88,90,鹈鹅
599,19,食材,107,108,鹚
599,20,食材,123,126,锦鸡
599,21,食材,127,132,鹩耶实厥鸟
599,22,食材,137,139,沙鸡
599,23,食材,180,181,驾
599,24,食材,192,193,鹌
599,25,食材,195,196,雕
599,26,食材,196,199,怀崖莺
599,27,食材,210,212,疏趾
599,28,食材,259,261,疏耻
599,29,食材,10,12,飞奴
599,30,食材,16,18,火鸠
599,31,食材,25,26,鹰
599,32,食材,28,29,鸠
599,33,食材,147,149,田鼠
599,34,食材,495,498,野鸡片
599,35,烹饪方法,2,3,投
599,36,烹饪方法,18,19,化
599,37,烹饪方法,234,235,腌
599,38,烹饪方法,239,240,潸
599,39,烹饪方法,308,309,搭
599,40,烹饪方法,314,315,茸
599,41,烹饪方法,321,323,走油
599,42,烹饪方法,352,354,签子
599,43,烹饪方法,379,380,烧
599,44,烹饪方法,443,444,炸
599,45,烹饪方法,454,455,裹
599,46,烹饪方法,462,463,炙
599,47,烹饪方法,466,467,加
599,48,烹饪方法,494,495,枥
599,49,烹饪方法,504,505,求
599,50,古籍来源,153,155,礼记
599,51,古籍来源,37,39,月令
599,52,古籍来源,397,398,书
599,53,古籍来源,400,402,益稷
599,54,古籍来源,272,274,曲礼
599,55,古籍来源,425,426,传
599,56,医家,5,7,九龄
599,57,病症,214,215,肥
599,58,病症,215,216,臁
599,59,病症,304,305,膪
599,60,病症,347,349,走油
600,1,食材,2,3,肉
600,2,食材,16,18,笋干
600,3,食材,21,23,云耳
600,4,食材,24,26,明笄
600,5,食材,36,38,冬笋
600,6,食材,69,71,山药
600,7,食材,83,86,水晶肉
600,8,食材,95,97,香油
600,9,食材,98,99,菜
600,10,食材,100,102,冬笄
600,11,食材,107,110,佛耳肉
600,12,食材,142,144,桃仁
600,13,食材,153,156,明脯肉
600,14,食材,159,160,鱼
600,15,食材,172,174,耳子
600,16,食材,193,196,千张肉
600,17,食材,198,200,千张
600,18,食材,208,211,冰糖肉
600,19,食材,213,215,冰耩
600,20,食材,216,218,桃仁
600,21,食材,223,226,八宝肉
600,22,食材,5,6,肉
600,23,食材,241,244,四暮肉
600,24,食材,18,19,肉
600,25,食材,257,260,酒醉肉
600,26,食材,262,264,醪糟
600,27,食材,265,267,白糖
600,28,食材,272,275,硝盐肉
600,29,食材,278,280,生肉
600,30,食材,282,284,销盐
600,31,食材,307,309,香油
600,32,食材,323,326,白鲞肉
600,33,食材,328,329,鲞
600,34,食材,39,40,肉
600,35,食材,342,345,盐莱肉
600,36,食材,41,42,肉
600,37,食材,353,355,盐莱
600,38,食材,361,364,梅干肉
600,39,食材,365,368,梅千菜
600,40,食材,372,375,红烧肉
600,41,食材,381,384,板栗肉
600,42,食材,386,388,板栗
600,43,食材,399,402,晾干肉
600,44,食材,71,72,肉
600,45,食材,411,414,大头莱
600,46,食材,415,418,蠲瓜丁
600,47,食材,419,422,胭脂水
600,48,烹饪方法,11,13,红烧
600,49,烹饪方法,31,33,红烧
600,50,烹饪方法,78,80,红烧
600,51,烹饪方法,88,89,煮
600,52,烹饪方法,91,93,切片
600,53,烹饪方法,103,104,烩
600,54,烹饪方法,112,114,走油
600,55,烹饪方法,115,117,打花
600,56,烹饪方法,250,252,改刀
600,57,烹饪方法,288,289,摸
600,58,烹饪方法,297,298,刮
600,59,烹饪方法,290,291,抹
600,60,烹饪方法,357,358,蒸
600,61,烹饪方法,350,352,切片
600,62,烹饪方法,368,370,切未
600,63,烹饪方法,42,43,切
600,64,烹饪方法,423,424,收
600,65,食疗方,137,140,骂里肉
601,1,食材,0,2,佟鱼
601,2,食材,8,10,冻鱼
601,3,食材,15,19,异味鼐鱼
601,4,食材,21,23,丁香
601,5,食材,24,26,豆蔻
601,6,食材,29,33,西洋松鱼
601,7,烹饪方法,34,35,炕
601,8,烹饪方法,37,38,焙
601,9,烹饪方法,43,44,氽
601,10,食材,44,46,鱼卷
601,11,烹饪方法,50,52,剞刀
601,12,食材,57,59,肉果
601,13,食材,64,66,肉馅
601,14,烹饪方法,74,76,潸焕
601,15,食材,79,83,红白鱼丝
601,16,食材,85,86,酱
601,17,食材,98,102,花嫩鱼脯
601,18,食材,104,107,火腿丁
601,19,食材,108,111,生虾仁
601,20,食材,115,117,日蘑
601,21,食材,119,121,香菰
601,22,食材,123,127,鲜灸鳗鱼
601,23,烹饪方法,129,131,火烧
601,24,食材,137,139,独蒜
601,25,食材,148,150,缦鱼
601,26,食材,155,157,青鳍
601,27,食材,158,160,白鳝
601,28,食材,162,164,独蒜
601,29,食材,176,178,蒜头
601,30,食材,180,184,炙东坡鱼
601,31,食材,186,188,鸡蛋
601,32,食材,189,190,面
601,33,烹饪方法,191,192,炸
601,34,烹饪方法,194,196,红烧
601,35,食材,198,200,鱼面
601,36,食材,200,202,鱼元
601,37,食材,212,216,娆炙墨鱼
601,38,食材,219,220,瓜
601,39,烹饪方法,225,227,煎烧
601,40,食材,243,245,暨鱼
601,41,食材,248,251,蜃头鱼
601,42,食材,254,257,东坡鱼
601,43,食材,259,263,烩墨鱼片
601,44,食材,266,268,杂件
601,45,食材,275,279,酱灸绌鱼
601,46,烹饪方法,281,283,生焖
601,47,烹饪方法,284,286,酱炙
601,48,食材,293,295,鳅鱼
601,49,食材,298,300,拙鱼
601,50,古籍来源,303,306,益州记
601,51,食材,310,312,幕鱼
601,52,食材,321,323,拙鱼
601,53,食材,352,354,萧鱼
601,54,食材,357,360,丙穴鱼
601,55,食材,363,366,卷日鱼
601,56,食材,368,372,滴蒸鳜鱼
601,57,烹饪方法,373,375,清蒸
601,58,烹饪方法,376,378,去骨
601,59,食材,380,384,鲜酿鳟鱼
601,60,烹饪方法,385,387,抽骨
601,61,烹饪方法,388,390,全酿
602,1,食材,5,7,萝卜
602,2,食材,24,27,五桷鱼
602,3,食材,29,31,肉丝
602,4,食材,33,35,春酒
602,5,食材,36,37,鱼
602,6,食材,94,95,姜
602,7,食材,120,121,盐
602,8,食材,95,96,醋
602,9,食材,66,68,糟鱼
602,10,食材,147,149,蒜片
602,11,食材,175,177,豆豉
602,12,食材,187,189,香油
602,13,食材,194,196,鲫鱼
602,14,食材,208,210,椒盐
602,15,食材,222,224,豆粉
602,16,食材,301,303,鸡蛋
602,17,食材,307,309,灰面
602,18,食材,331,333,肉块
602,19,食材,334,336,大蒜
602,20,食材,348,350,鸡块
602,21,食材,371,373,火腿
602,22,食材,374,376,笋片
602,23,食材,377,379,鸡片
602,24,食材,273,274,葱
602,25,食材,461,464,老盐莱
602,26,烹饪方法,7,8,炖
602,27,烹饪方法,9,11,捞起
602,28,烹饪方法,28,29,加
602,29,烹饪方法,35,36,糅
602,30,烹饪方法,72,73,蒸
602,31,烹饪方法,79,81,清蒸
602,32,烹饪方法,123,124,调
602,33,烹饪方法,59,60,煤
602,34,烹饪方法,150,151,煎
602,35,烹饪方法,155,156,焖
602,36,烹饪方法,159,161,走油
602,37,烹饪方法,189,190,收
602,38,烹饪方法,198,199,烀
602,39,烹饪方法,201,202,炸
602,40,烹饪方法,218,219,摸
602,41,烹饪方法,228,230,挂欠
602,42,烹饪方法,240,241,爆
602,43,烹饪方法,244,246,切片
602,44,烹饪方法,256,257,炒
602,45,烹饪方法,265,266,砍
602,46,烹饪方法,328,329,烧
602,47,烹饪方法,351,353,清炖
602,48,烹饪方法,41,43,打川
602,49,烹饪方法,401,403,生烧
602,50,烹饪方法,420,421,包
602,51,烹饪方法,427,428,裹
602,52,烹饪方法,438,441,上叉子
602,53,烹饪方法,445,446,夹
602,54,烹饪方法,455,456,酿
602,55,食疗方,129,132,煤糟鱼
602,56,食疗方,139,142,裾醋鱼
602,57,食疗方,213,216,脆皮鱼
602,58,食疗方,260,263,瓦块鱼
602,59,食疗方,287,290,锅贴鱼
602,60,食疗方,318,322,红烷鲫鱼
602,61,食疗方,342,346,酒炖鲫鱼
602,62,食疗方,359,362,红鱼元
602,63,食疗方,390,393,软木鱼
602,64,食疗方,409,413,生烧大鱼
602,65,古籍来源,20,22,摘录
603,1,食材,0,1,醋
603,2,食味,8,9,酸
603,3,食性,10,11,温
603,4,功效,15,18,消痈肿
603,5,功效,20,23,散水气
603,6,功效,24,27,杀邪毒
603,7,功效,30,33,破血晕
603,8,功效,36,41,除症块坚积
603,9,食材,49,51,酒醋
603,10,食材,52,54,桃醋
603,11,食材,55,57,麦醋
603,12,食材,58,62,葡萄醋
603,13,食材,63,65,枣醋
603,14,食材,68,70,米醋
603,15,食味,89,90,苦
603,16,食材,175,177,苦酒
603,17,食材,178,180,淳酢
603,18,食材,187,188,醯
603,19,食材,197,199,食醋
603,20,食材,203,206,香醋
603,21,食材,207,208,卤
603,22,功效,370,372,开罔
603,23,功效,374,377,醒酒
603,24,功效,378,380,消食
603,25,功效,381,385,下气辟邪
603,26,功效,402,408,调味助消化
603,27,功效,413,421,溶解食物中的钙质
603,28,功效,442,446,增加风味
603,29,功效,450,452,防腐
603,30,功效,455,463,杀灭甲型链球菡
603,31,病症,503,505,体癣
603,32,病症,506,508,足癣
603,33,病症,482,484,流感
603,34,病症,533,535,流脑
603,35,病症,536,543,上呼吸道传染病
604,1,食材,0,2,甲香
604,2,食材,4,6,甘松
604,3,食材,8,11,哈昔泥
604,4,食材,12,14,酥油
604,5,食材,52,57,羊摩裆肉
604,6,食材,58,62,羊胸脯肉
604,7,食材,82,84,羊头
604,8,食材,88,91,芊蹄子
604,9,食材,96,98,草果
604,10,食材,103,105,肉桂
604,11,食材,110,112,生姜
604,12,食材,128,130,阿魏
604,13,食材,159,162,石榴子
604,14,食材,165,167,胡椒
604,15,食材,177,179,食盐
604,16,食材,287,289,素油
604,17,食材,359,362,水云母
604,18,食材,363,365,海月
604,19,食材,366,369,催生子
604,20,食材,450,453,生茅香
604,21,食材,454,456,皂角
604,22,食味,488,489,咸
604,23,食性,491,492,平
604,24,食味,600,601,辛
604,25,食味,212,213,甘
604,26,食性,605,606,温
604,27,归经,607,609,入脾
604,28,归经,610,612,胃经
604,29,功效,497,502,和气清神
604,30,功效,614,619,理气止痛
604,31,功效,620,624,醒脾开胃
604,32,病症,504,507,脘腹痛
604,33,病症,508,510,痢疾
604,34,病症,511,513,淋病
604,35,病症,514,516,痔瘘
604,36,病症,517,519,疥癣
604,37,病症,626,628,骨痛
604,38,病症,630,634,心腹胀满
604,39,病症,635,637,头痛
604,40,病症,638,640,港病
604,41,病症,641,643,脚气
604,42,烹饪方法,14,15,烧
604,43,烹饪方法,135,136,熬
604,44,烹饪方法,323,324,炒
604,45,烹饪方法,345,346,捣
604,46,烹饪方法,477,478,筛
604,47,烹饪方法,458,459,煮
604,48,烹饪方法,16,17,薰
604,49,医家,426,428,雷毂
605,1,食材,22,24,豹肉
605,2,食味,25,26,酸
605,3,食性,28,29,平
605,4,功效,35,41,安定人的五脏
605,5,功效,42,48,补人的绝伤
605,6,功效,49,53,强壮筋骨
605,7,功效,54,60,增强人的心志
605,8,功效,67,71,使人勇猛
605,9,功效,129,138,使人耐严寒和暑热
605,10,禁忌,147,152,不要吃豹肉
605,11,古籍来源,162,168,《新修本学》
605,12,古籍来源,232,238,《新修本草》
605,13,医家,226,228,苏恭
605,14,病症,15,17,腰疼
605,15,食材,203,206,土豹子
605,16,食材,9,11,脑子
605,17,古籍来源,403,409,《盛京通志》
605,18,古籍来源,410,417,《黑龙江外记》
606,1,食材,4,6,胡椒
606,2,食材,10,12,白面
606,3,食材,21,23,葵菜
606,4,食材,25,26,葱
606,5,食材,27,28,盐
606,6,食材,29,30,醋
606,7,食材,37,43,羊(摩裆)肉
606,8,食材,56,58,草果
606,9,食材,63,65,良姜
606,10,食材,96,99,羊肚子
606,11,食材,102,104,羊肺
606,12,食材,107,109,蘑菇
606,13,食材,135,138,胡椒面
606,14,食材,218,220,瓠子
606,15,食材,236,238,羊肉
606,16,食材,288,291,生姜汁
606,17,食材,130,132,白面
606,18,食性,224,225,寒
606,19,功效,226,229,去消渴
606,20,功效,231,233,利水
606,21,病症,470,472,消渴
606,22,烹饪方法,23,24,炒
606,23,烹饪方法,79,80,熬
606,24,烹饪方法,175,176,煮
606,25,烹饪方法,0,1,切
606,26,烹饪方法,14,15,拌
606,27,烹饪方法,48,50,卸割
606,28,烹饪方法,338,339,搅
606,29,烹饪方法,86,87,滤
606,30,烹饪方法,184,185,炒
606,31,食疗方,15,18,鸡爪面
606,32,食材,266,268,瓠子
606,33,食材,281,283,羊肉
606,34,食材,249,251,草果
606,35,食材,296,298,白面
606,36,食材,198,199,葱
606,37,食材,202,203,盐
606,38,食材,215,216,醋
607,1,食材,6,8,羊头
607,2,食材,42,44,姜末
607,3,食材,47,50,胡椒粉
607,4,食材,57,59,葱花
607,5,食材,60,62,食盐
607,6,食材,75,78,羊头肉
607,7,食材,89,91,肉汤
607,8,食材,108,109,醋
607,9,食材,112,114,牛蹄
607,10,食材,138,140,姜末
607,11,食材,154,155,葱
607,12,食材,156,157,盐
607,13,食材,236,238,羊肉
607,14,食材,250,252,萝卜
607,15,食材,261,263,羊尾
607,16,烹饪方法,17,19,煮熟
607,17,烹饪方法,63,64,炒
607,18,烹饪方法,133,134,煮
607,19,烹饪方法,152,153,炒
607,20,烹饪方法,175,177,煮熟
607,21,烹饪方法,287,288,炒
607,22,烹饪方法,242,244,煮熟
607,23,烹饪方法,282,283,煮
607,24,食性,373,374,凉
607,25,病症,376,381,妇人崩中
607,26,病症,382,386,漏下赤白
607,27,食疗方,264,267,攒牛蹄
607,28,食疗方,304,307,攒马蹄
607,29,食疗方,313,316,攒熊掌
607,30,食疗方,230,234,细乞思哥
608,1,食材,0,2,羊肉
608,2,食材,147,149,草果
608,3,食材,19,23,回回豆子
608,4,食材,52,55,香粳米
608,5,食材,61,64,胡萝卜
608,6,食材,72,76,羊后脚肉
608,7,食材,84,86,肋枝
608,8,食材,225,227,姜黄
608,9,食材,102,104,姜末
608,10,食材,107,110,咱夫兰
608,11,食材,113,116,芫荽叶
608,12,食材,118,119,盐
608,13,食材,120,121,醋
608,14,食材,128,129,羊
608,15,食材,209,214,羊的肋骨
608,16,食材,222,224,食盐
608,17,食材,230,232,姜米
608,18,食材,252,255,香焱米
608,19,食材,266,270,羊后腿肉
608,20,食材,278,281,胡萝卜
608,21,食材,304,306,昏莱
608,22,食材,310,311,醭
608,23,食材,327,329,苯肉
608,24,食材,339,341,挲果
608,25,食材,346,348,良娑
608,26,食材,243,244,羊
608,27,食材,449,450,姜
608,28,食材,459,461,姜黄
608,29,烹饪方法,36,37,熬
608,30,烹饪方法,292,293,煮
608,31,烹饪方法,67,68,切
608,32,烹饪方法,26,27,捣
608,33,烹饪方法,28,29,碎
608,34,烹饪方法,29,31,去皮
608,35,烹饪方法,176,177,熬
608,36,烹饪方法,40,41,滤
608,37,烹饪方法,90,91,切
608,38,烹饪方法,76,77,丸
608,39,烹饪方法,201,202,切
608,40,烹饪方法,184,185,滤
608,41,烹饪方法,385,386,切
608,42,烹饪方法,399,400,剁
608,43,烹饪方法,43,44,下
608,44,烹饪方法,172,173,下
608,45,烹饪方法,301,302,撒
608,46,烹饪方法,174,175,加
608,47,烹饪方法,435,436,剁
608,48,烹饪方法,433,434,切
608,49,食疗方,316,319,三下锅
608,50,功效,321,325,补中益气
608,51,食材,353,357,羊后脚肉
608,52,食材,364,365,羊
608,53,食材,455,456,姜
608,54,食材,462,464,郁金
609,1,食材,95,97,羊肉
609,2,食材,25,27,草果
609,3,食材,31,35,回回豆子
609,4,食材,45,47,芜菁
609,5,食材,136,139,香粳米
609,6,食材,184,186,食盐
609,7,食材,198,201,苦豆子
609,8,食材,242,244,苦豆
609,9,食材,247,250,葫芦巴
609,10,食性,216,217,温
609,11,食味,258,259,苦
609,12,功效,204,207,补下元
609,13,功效,210,213,理腰膝
609,14,脏腑,313,314,肾
609,15,脏腑,333,335,肾精
609,16,脏腑,341,344,命门火
609,17,脏腑,346,348,肾脏
609,18,脏腑,352,354,元脏
609,19,脏腑,474,476,肾阳
609,20,脏腑,325,327,元阳
609,21,脏腑,317,319,元阴
609,22,食疗方,295,298,苦豆汤
609,23,烹饪方法,73,74,熬
611,1,病症,1,5,风痹不仁
611,2,病症,8,10,脚气
611,3,食材,13,15,熊肉
611,4,烹饪方法,19,21,煮熟
611,5,烹饪方法,22,24,切块
611,6,食材,26,28,草果
611,7,食材,36,38,胡椒
611,8,食材,41,44,哈昔泥
611,9,食材,47,49,姜黄
611,10,食材,52,54,缩砂
611,11,食材,59,62,咱夫兰
611,12,食材,65,66,葱
611,13,食材,67,68,盐
611,14,食材,69,70,酱
611,15,烹饪方法,72,74,调和
611,16,食疗方,193,196,鲤鱼汤
611,17,病症,199,201,黄疸
611,18,功效,204,206,止渴
611,19,功效,207,209,安胎
611,20,病症,221,225,风痹不仁
611,21,病症,260,262,脚气
611,22,病症,275,277,缓风
611,23,病症,282,284,脚弱
611,24,食材,390,392,缩砂
611,25,食材,153,155,砂仁
611,26,功效,433,437,行气调中
611,27,功效,438,440,和骨
611,28,功效,441,443,醒脾
611,29,食疗方,465,468,鲤鱼汤
611,30,古籍来源,506,517,本书卷三《鱼品`鲤鱼》
611,31,病症,540,542,黄瘅
611,32,病症,546,548,身黄
611,33,病症,549,551,目黄
611,34,病症,552,555,小便黄
611,35,病症,210,214,有宿癜者
612,1,食材,3,5,胭脂
612,2,食味,9,10,辛
612,3,食性,12,13,温
612,4,病症,20,29,妇女产后忽然井鲥
612,5,病症,30,34,不省人事
612,6,病症,40,43,心绞痛
612,7,病症,44,48,肚子绞痛
612,8,病症,57,66,皮肤出现游觯舸病
612,9,食材,72,74,栀子
612,10,食味,79,80,苦
612,11,食性,81,82,寒
612,12,功效,83,85,无毒
612,13,病症,94,97,且赤热
612,14,功效,99,102,利小便
612,15,脏腑,125,127,五脏
612,16,病症,134,141,眼红而发热的病
612,17,功效,143,147,通利小便
612,18,食材,188,190,椐子
612,19,食材,172,174,木丹
612,20,食材,175,177,鲜支
612,21,食材,178,180,趱枢
612,22,食材,182,185,小厄子
612,23,食材,192,195,山栀子
612,24,食材,196,199,黄鸡子
612,25,食材,201,203,筻子
612,26,食材,204,207,山枝干
612,27,食材,208,211,水棋枝
612,28,食材,239,241,林兰
612,29,脏腑,381,383,五脏
613,1,食材,13,15,蘑菰
613,2,食材,19,21,杏泥
613,3,食材,25,28,胡桃仁
613,4,食材,34,38,必思答仁
613,5,食材,43,45,胭脂
613,6,食材,50,52,栀子
613,7,食材,57,59,小油
613,8,食材,194,196,生姜
613,9,食材,71,73,豆粉
613,10,食材,77,79,山药
613,11,食材,84,86,鸡孑
613,12,食材,92,94,羊肚
613,13,食材,95,96,肺
613,14,食材,103,105,苦肠
613,15,食材,110,111,葱
613,16,食材,115,116,醋
613,17,食材,120,123,芫荽叶
613,18,食材,160,162,羊肉
613,19,食材,166,169,羊尾巴
613,20,食材,175,177,羊肚
613,21,食材,178,179,肺
613,22,食材,183,187,羊苦肠
613,23,食材,190,191,葱
613,24,食材,63,66,生姜
613,25,食材,199,201,山药
613,26,食材,204,206,蘑菇
613,27,食材,227,232,甜八旦杏仁
613,28,食材,242,246,必思答仁
613,29,食材,257,260,鸡头仁
613,30,食材,273,275,鸡蛋
613,31,食材,303,305,杏泥
613,32,食材,308,310,蒹油
613,33,食材,315,316,醋
613,34,食材,322,325,食盐
613,35,食材,131,132,酱
613,36,食材,328,331,香莱叶
613,37,食材,138,140,豆粉
613,38,食材,394,396,胭脂
613,39,食材,399,401,栀子
613,40,食材,150,152,松黄
613,41,食材,455,457,白面
613,42,食材,461,464,牛奶子
613,43,食材,469,471,酥油
613,44,食材,448,451,黑子儿
613,45,食材,129,130,盐
613,46,食材,492,493,碱
613,47,食材,4,7,八旦仁
613,48,食材,538,541,胡桃仁
613,49,食材,566,570,必思答仁
613,50,食材,476,479,黑子儿
613,51,食材,623,628,马蕲子儿
613,52,烹饪方法,146,147,蒸
613,53,烹饪方法,483,484,炒
613,54,烹饪方法,499,501,和面
613,55,烹饪方法,503,506,作烧饼
613,56,古籍来源,528,536,《果品:八澹仁》
613,57,古籍来源,557,564,《果品'胡桃》
613,58,古籍来源,585,593,《果品'必思答》
613,59,古籍来源,632,642,《料物性味'黑子儿》
614,1,食味,161,162,甘
614,2,食性,12,13,温
614,3,功效,19,24,补脾胃之气
614,4,病症,27,35,久病而成的劳伤
614,5,禁忌,115,120,不可以食用
614,6,功效,132,135,补养人
614,7,烹饪方法,136,138,煮汤
614,8,食性,163,164,平
614,9,功效,168,171,补益人
614,10,食材,390,393,青羊肉
614,11,食性,192,193,平
614,12,功效,199,203,补养人体
614,13,食材,464,467,青羊肉
614,14,功效,467,471,补虚助阳
615,1,食材,11,13,胡椒
615,2,食味,17,18,辛
615,3,食性,19,20,温
615,4,功效,24,27,主下气
615,5,功效,29,34,除脏腑风冷
615,6,功效,40,43,杀肉毒
615,7,脏腑,617,619,脏腑
615,8,病症,38,39,痰
615,9,食材,250,253,黑胡椒
615,10,食材,260,263,白胡椒
615,11,食材,257,259,黑川
615,12,食材,265,268,白川
615,13,食材,314,316,胡敝
615,14,功效,608,610,下气
615,15,功效,612,614,降气
616,1,食疗方,45,48,茯苓酒
616,2,古籍来源,14,18,《仙方》
616,3,食材,8,10,茯苓
616,4,烹饪方法,23,25,酿酒
616,5,病症,27,29,腿劳
616,6,功效,101,105,强壮筋骨
616,7,功效,36,40,延年益寿
616,8,食疗方,120,123,松根酒
616,9,食材,114,116,松根
616,10,烹饪方法,142,144,酿酒
616,11,病症,147,148,风
616,12,功效,150,153,壮筋骨
616,13,食材,21,23,茯苓
616,14,食材,74,75,曲
616,15,食材,76,77,米
616,16,食材,188,190,云苓
616,17,食材,191,194,白茯苓
616,18,食材,195,198,赤茯苓
616,19,食味,240,241,甘
616,20,食味,242,243,淡
616,21,食性,245,246,平
616,22,功效,248,252,利水渗湿
616,23,功效,253,257,健脾和胃
616,24,功效,258,262,宁心安神
616,25,古籍来源,302,308,《本草纲目》
616,26,古籍来源,425,431,《张氏医通》
616,27,病症,366,368,风痹
616,28,病症,409,411,行痹
616,29,病症,412,414,走注
616,30,病症,421,423,痛风
616,31,病症,439,443,肢节疼痈
616,32,病症,446,451,游走不定
617,1,食材,6,7,雁
617,2,食材,24,26,葱末
617,3,食材,29,31,芫萎
617,4,食材,38,40,食盐
617,5,食材,69,72,羊肚子
617,6,食材,94,96,雁肉
617,7,食材,99,101,水札
617,8,食材,112,115,芜荽末
617,9,食材,118,119,葱
617,10,食材,75,77,料物
617,11,食材,145,147,肥面
617,12,食材,164,166,酥油
617,13,食材,167,170,水利面
617,14,烹饪方法,85,86,烧
617,15,烹饪方法,154,155,蒸
617,16,烹饪方法,178,180,炉熟
617,17,烹饪方法,255,257,烧熟
617,18,烹饪方法,79,80,包
617,19,烹饪方法,333,334,烤
617,20,烹饪方法,298,300,蒸熟
617,21,烹饪方法,174,176,炉镞
617,22,古籍来源,398,405,《禽品〈水札》
618,1,古籍来源,17,22,《神仙传》
618,2,食材,14,16,槐实
618,3,食材,28,30,牛胆
618,4,烹饪方法,31,33,渍浸
618,5,烹饪方法,36,38,阴干
618,6,烹饪方法,41,42,吞
618,7,功效,48,50,身轻
618,8,功效,54,58,白发再黑
618,9,功效,61,63,通神
618,10,古籍来源,69,73,《食疗》
618,11,食材,78,81,枸杞叶
618,12,功效,86,89,筋骨壮
618,13,功效,90,92,除风
618,14,功效,95,96,益
618,15,功效,97,100,去盛劳
618,16,功效,101,104,益阴事
618,17,食材,129,131,松节
618,18,病症,152,157,百节疼痛
618,19,病症,159,165,周身关节痛疼
618,20,食材,166,168,松节
618,21,食材,199,203,黄松太节
618,22,食材,204,207,油松节
618,23,食材,208,211,松郎头
618,24,食味,236,237,苦
618,25,食性,239,240,温
618,26,食材,25,27,槐实
618,27,食材,288,290,槐角
618,28,食材,296,298,槐子
618,29,食材,299,301,槐豆
618,30,食材,302,305,槐连灯
618,31,食材,306,309,九连灯
618,32,食材,310,312,夭豆
618,33,食材,313,316,槐连豆
618,34,食材,319,323,槐树豆子
618,35,食味,379,380,苦
618,36,食性,382,383,寒
618,37,功效,385,387,清热
618,38,功效,388,390,润肝
618,39,功效,392,394,谅血
618,40,功效,395,397,止血
618,41,食材,398,400,牛胆
618,42,食味,412,413,苦
618,43,食性,481,483,大寒
618,44,功效,485,489,潸肝明目
618,45,功效,490,494,利胆通肠
618,46,功效,495,499,解毒消肿
618,47,古籍来源,517,521,《食疗》
618,48,医家,530,532,孟诜
618,49,医家,554,556,张鼎
618,50,古籍来源,575,581,《证类本草》
618,51,古籍来源,581,586,《医心方》
618,52,食材,591,594,枸杞叶
618,53,食材,616,619,地仙苗
618,54,食材,621,623,甜莱
618,55,食材,624,627,枸杞尖
618,56,食材,628,631,天精草
618,57,食材,632,635,枸杞苗
618,58,食材,636,639,枸杞莱
618,59,食材,640,643,枸杞头
618,60,食味,478,479,苦
618,61,食味,648,649,甘
618,62,食性,651,652,谅
618,63,功效,654,658,补虚益精
618,64,功效,659,661,潸热
618,65,功效,662,664,止渴
618,66,功效,665,669,祛风明目
619,1,食材,0,2,羊肉
619,2,食材,18,20,良姜
619,3,食材,144,146,羊肝
619,4,食材,53,56,鸡头粉
619,5,食材,59,61,豆粉
619,6,食材,45,47,胡椒
619,7,食材,77,78,盐
619,8,食材,227,228,醋
619,9,食材,304,306,陈皮
619,10,食材,312,314,生姜
619,11,食材,240,243,鸡头粉
619,12,食材,68,70,羊肉
619,13,食材,220,222,羊肉
619,14,食材,482,484,生姜
619,15,食材,332,335,鸡头粉
619,16,食材,253,255,羊肉
619,17,食材,343,346,鸡头粉
619,18,食材,297,299,羊肉
619,19,食材,352,355,鸡头粉
619,20,食性,459,460,温
619,21,食味,456,457,辛
619,22,归经,464,465,肺
619,23,归经,466,467,胃
619,24,归经,468,469,脾
619,25,归经,493,494,脾
619,26,归经,494,495,胃
619,27,功效,247,251,补中益气
619,28,功效,484,486,去湿
619,29,功效,513,515,消焱
619,30,功效,525,529,开豁冲散
619,31,病症,506,508,湿气
619,32,脏腑,497,498,胃
619,33,烹饪方法,27,28,熬
619,34,烹饪方法,32,33,滤
619,35,烹饪方法,151,152,煮
619,36,烹饪方法,277,278,捣
619,37,烹饪方法,127,128,熬
619,38,烹饪方法,135,136,滤
619,39,烹饪方法,70,71,切
619,40,烹饪方法,384,385,熬
619,41,烹饪方法,292,293,滤
619,42,烹饪方法,299,300,切
619,43,古籍来源,472,478,《药性类阴》
620,1,病症,0,2,脾病
620,2,禁忌,2,5,禁食酸
620,3,食材,9,11,大豆
620,4,食材,12,14,豕肉
620,5,食材,15,16,栗
620,6,食材,17,18,藿
620,7,病症,23,25,肺病
620,8,禁忌,25,28,禁食苦
620,9,食材,32,34,小麦
620,10,食材,35,37,羊肉
620,11,食材,38,39,杏
620,12,食材,40,41,薤
620,13,病症,46,48,肾病
620,14,禁忌,48,51,禁食甘
620,15,食材,55,57,黄黍
620,16,食材,58,60,鸡肉
620,17,食材,61,62,桃
620,18,食材,63,64,葱
620,19,食味,70,71,酸
620,20,脏腑,72,74,肝气
620,21,病症,77,81,脾气乃绝
620,22,病症,83,89,肉胝髑而唇揭
620,23,食味,94,95,咸
620,24,病症,96,100,骨气劳短
620,25,病症,102,105,肥气折
620,26,病症,108,114,脉凝沌而变色
620,27,食材,117,118,藿
620,28,食材,141,142,薤
620,29,古籍来源,210,220,《内经.生气通夭论》
620,30,食味,228,229,酸
620,31,脏腑,230,232,肝气
620,32,脏腑,236,238,脾气
620,33,食味,250,251,酸
620,34,脏腑,258,259,肝
620,35,病症,324,328,木郁克士
620,36,病症,330,334,脾气不运
620,37,病症,377,384,肉胝脂阿唇揭
620,38,古籍来源,359,369,《内经'五脏生成论》
620,39,食味,306,307,酸
620,40,古籍来源,397,401,《千金》
620,41,病症,405,410,肉胝而唇褰
620,42,病症,439,444,肉胝而辱褰
620,43,病症,448,454,肉厚而唇缩
620,44,病症,462,468,肉胝而脂唇揭
620,45,病症,471,477,皮肉坚厚皱缩
620,46,病症,479,483,口蓐掀起
620,47,食味,487,488,咸
620,48,病症,489,493,骨气劳短
620,49,古籍来源,499,509,《内经`生气通天论》
620,50,食味,516,517,咸
620,51,病症,518,522,大骨气劳
620,52,病症,523,525,短肌
620,53,病症,526,529,心气抑
620,54,古籍来源,537,541,《太素》
620,55,古籍来源,553,559,《云笈七签》
620,56,食味,589,590,咸
620,57,病症,581,585,则骨气劳
620,58,食味,709,710,咸
620,59,病症,600,602,饬骨
620,60,病症,639,641,伤骨
620,61,病症,652,655,肥气折
620,62,病症,663,665,变色
620,63,病症,678,684,脉凝泣而娈色
620,64,古籍来源,691,701,《内经`五脏生成论》
620,65,食味,745,746,咸
620,66,病症,713,719,脉焱拉而娈色
620,67,病症,722,724,凝迹
620,68,病症,753,757,血脉疑滞
620,69,病症,759,765,面色失去光泽
621,1,食材,44,47,鲣鱼肉
621,2,食味,51,52,甜
621,3,食性,54,55,寒
621,4,功效,60,65,治咳嗽喘息
621,5,病症,66,69,黄疸病
621,6,功效,72,74,止溉
621,7,功效,75,77,安胎
621,8,病症,79,84,脚部浮肿病
621,9,病症,12,16,水肿脚气
621,10,病症,129,133,水肿脚满
621,11,病症,150,153,夭行病
621,12,病症,187,189,宿疲
621,13,禁忌,24,27,不可食
621,14,病症,18,21,天行病
621,15,病症,23,24,厉
621,16,病症,87,93,流行性传染病
621,17,病症,195,201,肚腹内结病块
621,18,病症,110,112,老病
622,1,食材,54,56,羊肉
622,2,食材,57,59,羊脂
622,3,食材,60,63,羊尾子
622,4,食材,65,68,新韭莱
622,5,食材,8,9,盐
622,6,食材,10,11,酱
622,7,食材,15,17,白面
622,8,食材,29,31,酥油
622,9,食材,32,33,蜜
622,10,食材,37,39,葫芦
622,11,食材,40,42,瓠子
622,12,食材,173,174,葱
622,13,食材,175,177,陈皮
622,14,食材,178,180,生姜
622,15,食材,203,205,小油
622,16,烹饪方法,11,13,拌匀
622,17,烹饪方法,17,19,作皮
622,18,烹饪方法,22,24,炮熟
622,19,烹饪方法,115,117,烙熟
622,20,烹饪方法,333,334,蒸
622,21,烹饪方法,69,71,切细
622,22,烹饪方法,213,215,搅熟
622,23,烹饪方法,527,529,烫熟
622,24,烹饪方法,130,131,和
622,25,食疗方,103,108,撇列角儿
622,26,食疗方,156,160,莳萝角儿
622,27,古籍来源,419,432,本书卷三《莱品'瓠'葫芦》
623,1,食材,3,5,木瓜
623,2,食味,9,10,酸
623,3,食性,13,14,温
623,4,病症,22,26,湿痹邪气
623,5,食材,46,48,梅实
623,6,食味,53,54,酸
623,7,食性,57,58,平
623,8,功效,63,65,下气
623,9,功效,66,69,除烦热
623,10,功效,70,72,安心
623,11,食材,82,84,梅实
623,12,食材,113,115,黧梅
623,13,食材,117,120,桔梅肉
623,14,食材,122,124,酸梅
623,15,食材,158,160,春梅
623,16,食味,240,241,酸
623,17,功效,474,478,去暑解渴
623,18,功效,479,482,助消化
624,1,食材,5,7,海红
624,2,食味,12,13,酸
624,3,食味,14,15,甘
624,4,食性,16,17,平
624,5,病症,23,25,泄痢
624,6,食材,31,33,海棠
624,7,食材,74,77,海棠果
624,8,食材,78,81,海棠梨
624,9,食材,82,85,棠蒸梨
624,10,食材,105,109,西府海棠
624,11,食材,136,140,小果海棠
624,12,食材,141,145,八棱海棠
624,13,食材,146,149,实海棠
624,14,食味,192,194,酸甜
624,15,病症,360,362,泄痢
625,1,食材,11,13,天鹅
625,2,食味,17,18,甘
625,3,食性,20,21,热
625,4,功效,530,534,补中益气
625,5,食材,46,49,金头鹅
625,6,食材,54,58,小企头鹅
625,7,食材,64,66,花鹅
625,8,食材,429,432,天鹅肉
625,9,食材,406,410,天鹅绒沱
625,10,食材,420,422,鹄油
625,11,烹饪方法,474,476,清蒸
625,12,烹饪方法,477,478,炖
625,13,烹饪方法,478,479,烤
625,14,烹饪方法,481,482,烧
625,15,烹饪方法,487,489,制腩
625,16,医家,491,494,李时珍
625,17,食性,497,498,平
625,18,医家,501,503,汪颖
625,19,食性,506,507,冷
625,20,食性,516,517,热
625,21,功效,544,548,益人气力
625,22,功效,549,552,利脏腑
626,1,食材,0,1,桂
626,2,食味,8,9,甘
626,3,食味,10,11,辛
626,4,食性,12,14,大热
626,5,病症,21,25,心腹寒热
626,6,病症,545,547,冷痰
626,7,脏腑,30,31,肝
626,8,脏腑,32,33,肺
626,9,功效,356,359,补元阳
626,10,功效,368,371,通血脉
626,11,食材,39,41,肉桂
626,12,食材,102,104,桂皮
626,13,食材,107,109,玉桂
626,14,食材,110,112,官桂
626,15,食材,113,115,桂心
626,16,食材,116,118,牡桂
626,17,食材,119,121,紫桂
626,18,食材,122,124,大桂
626,19,食材,125,127,辣桂
626,20,食材,129,131,槿皮
626,21,食材,211,213,菌桂
626,22,食材,214,216,筒桂
626,23,食材,217,220,栈尔通
626,24,食材,301,304,桂皮油
626,25,食材,253,256,桂皮醛
626,26,食材,267,273,乙酸桂皮酯
626,27,食材,274,279,乙酸笨丙酯
626,28,食材,283,285,粘液
626,29,食材,286,288,鞣质
626,30,食材,290,292,树腹
626,31,烹饪方法,329,330,煮
626,32,烹饪方法,332,334,制作
626,33,食材,340,342,荏皮
626,34,功效,343,346,去腥膻
626,35,功效,347,350,提香味
626,36,古籍来源,521,525,《本草》
627,1,食材,0,3,山丹根
627,2,食味,12,13,甘
627,3,食性,14,15,平
627,4,病症,21,25,邪气腹胀
627,5,病症,29,31,疮肿
627,6,食材,36,38,百合
627,7,烹饪方法,511,512,蒸
627,8,烹饪方法,513,514,煮
627,9,烹饪方法,529,530,捣
627,10,功效,539,542,最益人
628,1,食材,0,3,天净莱
628,2,食材,4,7,天拚荣
628,3,食味,12,13,苦
628,4,食性,14,15,平
628,5,功效,17,19,无毒
628,6,病症,24,26,目黉
628,7,病症,29,31,粥芯
628,8,功效,32,35,淆神
628,9,功效,36,39,利玉艇
628,10,食材,48,51,天粹粜
628,11,食材,55,58,苦苴莱
628,12,食味,44,45,苦
628,13,食性,66,67,平
628,14,功效,68,71,没有蛊
628,15,病症,75,84,面目发蚩的费疸病
628,16,功效,94,98,清爽精神
628,17,功效,99,103,通利五脏
628,18,食材,108,112,野苦荬
628,19,食材,116,119,夭诤菜
628,20,食材,122,124,苦菜
628,21,食材,130,133,苦苣菜
628,22,食材,156,157,荼
628,23,食材,165,166,芑
628,24,食材,172,173,选
628,25,食材,174,178,荼乾游冬
628,26,食材,180,182,青莱
628,27,食材,183,185,苫苣
628,28,食材,187,189,苦荬
628,29,食材,208,210,野苫
628,30,食材,213,218,紫苦莱
628,31,食材,219,222,天香莱
628,32,食材,223,226,滇苦菜
628,33,食材,227,230,苦马莱
628,34,食材,231,234,苦荚莱
628,35,食材,236,239,拒马莱
628,36,食材,240,244,老鸦苦夹
628,37,食材,330,332,嫩叶
628,38,食材,341,342,根
628,39,食材,280,281,花
628,40,食材,345,347,种孓
628,41,食性,418,420,性寒
629,1,食材,25,26,麦
629,2,食性,21,22,温
629,3,养生原则,39,48,禁温饮食及热衣服
629,4,病症,239,241,寒变
629,5,病症,8,10,寒娈
629,6,病症,229,233,寒性病娈
629,7,脏腑,3,4,肝
629,8,脏腑,103,105,肝雎
629,9,脏腑,127,129,五脏
629,10,脏腑,82,83,肝
629,11,脏腑,133,134,心
629,12,脏腑,135,136,脾
629,13,脏腑,137,138,肺
629,14,脏腑,139,140,肾
629,15,脏腑,131,132,肝
629,16,脏腑,165,166,肝
629,17,脏腑,262,264,心火
629,18,脏腑,267,269,心火
629,19,病症,278,280,饱闷
629,20,病症,284,286,狐疑
629,21,病症,287,291,下利奔迫
629,22,病症,292,296,惨然不乐
629,23,医家,234,236,喻昌
629,24,医家,305,310,蕃多村直宽
629,25,古籍来源,310,316,《素问札记》
629,26,医家,653,657,张景岳
629,27,古籍来源,707,714,《脉要精徵论》
630,1,食材,0,3,咱夫兰
630,2,食材,19,21,羊心
630,3,食材,40,42,羊腰
630,4,食材,60,63,咱夫兰
630,5,食材,55,57,羊腰
630,6,食材,101,104,咱夫兰
630,7,食材,160,162,羊腰
630,8,食材,254,257,肥鸡儿
630,9,食材,274,277,生羡汁
630,10,食材,282,283,葱
630,11,烹饪方法,9,10,烤
630,12,烹饪方法,39,40,炙
630,13,烹饪方法,18,19,烤
630,14,烹饪方法,98,99,炙
630,15,烹饪方法,191,192,烤
630,16,烹饪方法,269,270,切
630,17,烹饪方法,367,368,切
630,18,病症,24,29,心气安宁
630,19,病症,30,34,心情愉快
630,20,病症,35,37,欢喜
630,21,病症,48,52,腰眼疼痛
630,22,病症,237,240,腰眼疼
630,23,食疗方,285,288,炙羊腰
630,24,食疗方,249,252,攒鸡儿
630,25,古籍来源,312,320,《曾品.羊肉》
631,1,食材,5,7,黄瓜
631,2,食味,12,13,甘
631,3,食性,14,15,平
631,4,食性,16,17,寒
631,5,禁忌,18,20,有毒
631,6,禁忌,21,25,动气发瓣
631,7,禁忌,26,30,令人虚热
631,8,禁忌,32,36,不可盗食
631,9,食材,78,80,黄瓜
631,10,食性,51,52,平
631,11,食性,53,54,寒
631,12,禁忌,59,63,能气发病
631,13,禁忌,64,69,使人发虚热
631,14,禁忌,71,76,不可以多吃
631,15,食材,216,218,黄瓜
631,16,食材,107,109,胡瓜
631,17,食材,110,112,土瓜
631,18,食材,113,115,壬瓜
631,19,功效,428,432,除热利水
631,20,功效,433,436,解莓
631,21,病症,438,440,烦渴
632,1,食材,19,21,鲂鱼
632,2,食味,32,33,甜
632,3,食性,36,37,温
632,4,食性,38,39,平
632,5,功效,48,50,补益
632,6,食材,54,56,鲫鱼
632,7,烹饪方法,61,64,作鱼鳐
632,8,脏腑,5,6,脾
632,9,脏腑,7,8,胃
632,10,禁忌,136,143,不可与疳痢人食
632,11,病症,79,81,疳痢
632,12,食材,86,87,鲟
632,13,食材,97,99,耶鱼
632,14,烹饪方法,111,113,薄切
632,15,食材,122,124,蒜齑
632,16,食材,125,126,姜
632,17,食材,127,128,醋
632,18,食材,129,131,五蛛
632,19,古籍来源,146,152,《本草纲目》
632,20,医家,153,155,孟诜
632,21,古籍来源,169,174,《食品巢》
632,22,病症,161,163,疳痢
632,23,病症,226,228,痢疾
633,1,食材,16,18,犀角
633,2,食味,22,23,苦
633,3,食味,24,25,咸
633,4,食性,26,28,微寒
633,5,病症,32,34,尘百
633,6,病症,36,38,盥疰
633,7,病症,454,456,邪鬼
633,8,病症,44,46,瘅气
633,9,食材,48,50,钩吻
633,10,食材,52,54,鸩羽
633,11,病症,56,57,蛇
633,12,病症,60,62,份蹇
633,13,病症,63,65,瘟疫
633,14,食材,96,98,犀牛
633,15,食味,101,102,甜
633,16,食性,104,105,温
633,17,病症,124,127,蛊毒病
633,18,病症,132,136,山岚瘴气
633,19,功效,129,131,驱除
633,20,功效,155,158,不迷路
633,21,食材,365,367,犀角
633,22,食味,164,165,苦
633,23,食味,166,167,咸
633,24,食性,169,171,微寒
633,25,病症,177,180,各孙盎
633,26,病症,188,190,盅疰
633,27,病症,39,42,邪鬼
633,28,食材,216,218,钩吻
633,29,病症,116,117,蛇
633,30,病症,234,236,份蹇
633,31,病症,238,240,瘟疫
633,32,食材,74,76,山犀
633,33,食材,258,261,辟尘犀
633,34,食材,265,268,镇帷犀
633,35,病症,286,290,山岚瘴气
633,36,病症,291,293,瘴群
633,37,病症,294,296,瘴疠
633,38,古籍来源,320,326,《医学正传》
633,39,病症,329,331,瘴气
633,40,食材,386,388,犀角
633,41,食材,382,384,低密
633,42,食材,391,394,香犀角
633,43,食材,472,474,钩吻
633,44,食材,483,486,断肠草
633,45,食味,487,488,苦
633,46,食味,489,490,辛
633,47,食性,492,493,温
633,48,功效,499,504,攻#消肿
633,49,功效,506,510,杀虫止痒
633,50,禁忌,511,514,禁内服
633,51,禁忌,517,522,误服则申#
633,52,食材,221,222,鸩
633,53,食材,556,558,运日
633,54,食材,565,567,阴谐
633,55,食材,226,227,蛇
634,1,病症,7,9,漏风
634,2,病症,20,23,生癞疾
634,3,病症,37,39,痈疽
634,4,病症,52,55,伤筋骨
634,5,病症,70,72,咳嗽
634,6,病症,79,81,痔疾
634,7,病症,92,94,生疮
634,8,病症,121,123,气疾
634,9,病症,289,291,麻风
634,10,病症,294,296,黄癣
634,11,病症,362,364,痈疽
634,12,病症,398,400,气滞
634,13,病症,401,403,寒疑
634,14,病症,404,406,血瘀
634,15,病症,468,470,气疾
634,16,食材,16,18,黍穰
634,17,食材,262,264,黍子
634,18,古籍来源,142,146,《内经》
634,19,古籍来源,534,541,《内经:素问》
634,20,养生原则,27,32,醉不可强食
634,21,养生原则,42,50,醉不可走马及跳踯
634,22,养生原则,57,63,醉不可接房事
634,23,养生原则,84,91,醉不可冷水冼面
634,24,养生原则,96,102,醉醒不可再投
634,25,养生原则,109,114,醉不可高呼
634,26,禁忌,132,135,忌月空
634,27,脏腑,76,77,脏
634,28,脏腑,559,561,经络
634,29,脏腑,563,565,卫气
634,30,食性,396,397,热
635,1,食疗方,0,3,鹿角酒
635,2,病症,5,9,卒思腰痛
635,3,病症,10,14,暂转不得
635,4,食材,17,19,鹿角
635,5,烹饪方法,31,32,烧
635,6,烹饪方法,42,43,浸
635,7,烹饪方法,48,49,饮
635,8,食疗方,95,99,黑牛髓煎
635,9,病症,101,104,肾旋弱
635,10,病症,105,108,骨伤败
635,11,病症,109,113,瘦弱无力
635,12,食材,115,118,黑牛髓
635,13,食材,124,128,生地黄汁
635,14,食材,133,136,白汹蜜
635,15,烹饪方法,139,140,炼
635,16,烹饪方法,153,154,煎
635,17,烹饪方法,161,163,调服
635,18,食味,320,321,咸
635,19,食性,323,324,温
635,20,归经,329,331,入肝
635,21,归经,332,334,肾经
635,22,功效,336,338,行血
635,23,功效,339,341,消肿
635,24,功效,343,345,益肾
635,25,食材,171,173,黑牛
635,26,食材,387,389,黄牛
635,27,食材,390,392,挲牛
635,28,古籍来源,272,282,《史记.李将军列传》
635,29,古籍来源,348,362,本书卷三《兽品:鹿:鹿角》
636,1,食味,10,11,甜
636,2,食性,14,15,平
636,3,功效,16,19,设有盖
636,4,功效,25,29,治惊邪症
636,5,食材,36,38,鹁鸽
636,6,食味,43,44,咸
636,7,食性,45,46,平
636,8,功效,51,56,调精益气
636,9,功效,57,61,解诸药毒
636,10,食材,66,68,鹁鸽
636,11,食味,73,74,咸
636,12,食性,76,77,平
636,13,功效,84,88,调精补气
636,14,食材,34,35,鸽
636,15,食材,109,111,鸽子
636,16,食材,136,138,原鸽
636,17,食材,143,145,家鸽
636,18,食材,147,149,原鸽
636,19,食材,178,180,野鸽
636,20,食材,404,406,鸽肉
636,21,烹饪方法,453,454,炒
636,22,烹饪方法,455,456,炸
636,23,烹饪方法,457,458,炖
636,24,功效,469,473,滋肾益气
637,1,食材,0,2,薇莱
637,2,食味,10,11,甘
637,3,食性,12,13,平
637,4,功效,18,20,益气
637,5,功效,21,23,润肌
637,6,功效,25,29,清神强志
637,7,食材,34,37,大巢莱
637,8,食材,70,72,薇菜
637,9,食材,78,81,大巢莱
637,10,食材,3,4,薇
637,11,食材,112,114,巢菜
637,12,食材,115,118,野豌豆
637,13,食材,119,122,野麻豌
637,14,食材,123,127,箭喾豌豆
637,15,食材,128,133,救荒野豌虿
637,16,食材,134,137,春巢莱
637,17,食材,138,142,普通苕子
637,18,食材,143,146,野莱豆
637,19,食材,148,150,藤子
637,20,食材,151,153,苕子
637,21,食材,154,157,肥田草
637,22,食材,166,168,草藤
637,23,食材,307,309,巢莱
637,24,食材,312,315,大巢菜
637,25,食材,402,404,巢菜
637,26,食材,485,487,巢芽
637,27,食材,499,502,大巢莱
637,28,功效,510,514,和血祛痰
637,29,医家,435,438,苏东坡
638,1,食材,5,7,小椒
638,2,食味,11,12,辛
638,3,食性,13,14,热
638,4,病症,20,24,邪气咳逆
638,5,功效,25,27,温中
638,6,病症,30,33,冷气
638,7,功效,34,37,除湿痹
638,8,食材,45,47,花椒
638,9,食材,98,101,大椒
638,10,食材,40,42,小椒
638,11,食材,111,112,椴
638,12,食材,136,138,豢椒
638,13,食材,145,147,鹰蔽
638,14,食材,177,179,蜀椒
638,15,食材,207,209,南椒
638,16,食材,210,212,巴椒
638,17,食材,213,215,讦椒
638,18,食材,216,218,陆拔
638,19,食材,219,221,汊椒
638,20,食材,222,224,川椒
638,21,食性,522,523,温
638,22,病症,529,531,咳逆
638,23,病症,538,540,呃逆
638,24,病症,543,545,吃逆
638,25,病症,550,553,打嘱儿
638,26,病症,615,616,痹
638,27,病症,619,621,痹症
638,28,病症,653,657,肢体重着
638,29,病症,659,663,皮肉麻木
638,30,病症,664,668,肢节疼痛
639,1,食材,0,3,醍醐油
639,2,食材,8,10,酥油
639,3,食材,139,143,马思哥油
639,4,食材,187,190,白酥油
639,5,食材,146,149,牛奶子
639,6,食材,566,570,净牛奶子
639,7,食味,417,418,甘
639,8,食性,420,421,平
639,9,功效,426,428,养营
639,10,功效,429,431,滋阴
639,11,功效,432,434,润燥
639,12,功效,436,438,止渴
639,13,禁忌,442,449,中虚湿盛者忌之
639,14,烹饪方法,19,21,煎熬
639,15,烹饪方法,22,24,过滤
639,16,烹饪方法,167,169,打取
640,1,食材,8,11,青鱼肉
640,2,食味,13,14,甜
640,3,食性,16,17,平
640,4,食材,31,33,青鱼
640,5,食材,62,64,鲇鱼
640,6,食味,69,70,甘
640,7,食性,71,72,寒
640,8,禁忌,75,77,有毒
640,9,禁忌,78,81,勿多食
640,10,病症,82,84,目赤
640,11,禁忌,88,92,不可食
640,12,食材,113,115,鲇鱼
640,13,食材,123,124,鲟
640,14,食材,127,128,鳜
640,15,食材,138,139,鳗
640,16,食材,147,148,鲲
640,17,食材,170,172,石鲲
640,18,食材,173,175,潭虱
640,19,食材,176,178,粘鱼
640,20,食材,179,182,额白鱼
640,21,食材,187,190,胡子鲢
640,22,烹饪方法,399,400,炖
640,23,烹饪方法,403,404,烧
640,24,食疗方,410,414,红烧鲇鱼
640,25,食性,444,445,温
640,26,食性,223,224,平
640,27,食性,483,485,性寒
641,1,食材,5,7,蒲黄
641,2,食味,12,13,甘
641,3,食性,14,15,平
641,4,病症,20,24,心腹蹇热
641,5,功效,25,28,利小便
641,6,功效,29,32,止血疾
641,7,食材,324,327,回回青
641,8,食味,93,94,甘
641,9,食性,57,58,寒
641,10,功效,101,105,解诸药毒
641,11,功效,106,112,可欺热毒疮肿
641,12,食材,154,156,蒲花
641,13,食材,157,160,蒲草黄
641,14,食材,161,165,蒲棒花粉
641,15,食材,166,170,蒲厘花粉
641,16,烹饪方法,196,198,晒干
641,17,烹饪方法,200,202,碾轧
641,18,烹饪方法,203,204,筛
641,19,功效,291,293,催生
641,20,食材,332,334,扁青
641,21,食材,363,365,回青
641,22,食材,366,368,白青
641,23,食材,369,371,碧胄
641,24,食材,372,374,石青
641,25,食材,375,380,大青回回青
641,26,烹饪方法,502,504,捣碎
641,27,烹饪方法,505,507,过罗
641,28,烹饪方法,510,512,水飞
641,29,烹饪方法,520,521,研
641,30,古籍来源,228,230,本书
641,31,古籍来源,590,594,各家本草
642,1,食材,1,3,黄精
642,2,食材,363,364,枣
642,3,食材,366,367,水
642,4,食味,580,581,甘
642,5,食性,83,84,平
642,6,功效,235,239,宽中益气
642,7,功效,239,242,补五脏
642,8,功效,244,248,调良饥肉
642,9,功效,249,254,充实骨体
642,10,功效,256,260,坚强筋骨
642,11,功效,261,265,延年不老
642,12,功效,266,270,颜色鲜朋
642,13,功效,271,275,发白再黑
642,14,功效,277,281,齿落更生
642,15,病症,622,626,痞满气塞
642,16,禁忌,585,587,无毒
642,17,古籍来源,283,286,神枕法
642,18,医家,357,359,道士
642,19,食材,483,485,生姜
642,20,食材,486,490,野生姜
642,21,食材,496,499,山生姜
642,22,食材,500,504,玉竹黄精
642,23,食材,505,509,白芨黄精
642,24,食材,511,514,阳雀蕻
642,25,食材,523,525,灵芝
642,26,食材,526,529,老虎美
642,27,食材,530,533,山捣臼
642,28,食材,534,537,鸡头参
642,29,食材,538,541,黄鸡莱
642,30,食材,542,544,山姜
643,1,食材,0,2,羊肾
643,2,功效,6,9,补肾虚
643,3,功效,11,14,益精髓
643,4,食材,16,18,羊骨
643,5,食性,22,23,热
643,6,病症,25,27,虚劳
643,7,病症,385,387,寒中
643,8,病症,32,34,羸瘦
643,9,食材,36,38,羊髓
643,10,食味,42,43,甘
643,11,食性,44,45,温
643,12,病症,50,52,伤中
643,13,病症,53,57,阴气不足
643,14,功效,58,62,利血脉
643,15,功效,63,66,益经气
643,16,食材,68,70,羊脑
643,17,禁忌,74,78,不可多食
643,18,食材,80,82,羊酪
643,19,病症,87,89,消渴
643,20,功效,90,93,补盛乏
643,21,食材,95,97,羊肾
643,22,食味,151,152,甘
643,23,食味,153,154,咸
643,24,食性,157,158,温
643,25,食材,232,234,羊骨
643,26,食性,268,269,热
643,27,食材,471,473,羊髓
643,28,食材,486,488,羊脑
643,29,禁忌,503,509,多食发风生热
643,30,禁忌,511,515,余病筲忌
643,31,食材,620,622,羊酪
644,1,古籍来源,9,12,《礼》
644,2,古籍来源,21,24,《诗》
644,3,古籍来源,242,246,《诗经》
644,4,古籍来源,262,269,《小雅:楚莰》
644,5,古籍来源,284,291,《鲁颂.困宫》
644,6,古籍来源,306,313,《小雅.瓠叶》
644,7,古籍来源,378,383,《神仙传》
644,8,古籍来源,438,444,《遵生八膪》
644,9,古籍来源,480,486,《山家清供》
644,10,医家,337,339,苏轼
644,11,医家,376,378,葛洪
644,12,医家,435,437,高濂
644,13,医家,497,500,苏易简
644,14,医家,126,128,韩文
644,15,医家,138,140,杜诗
644,16,食材,385,387,白石
644,17,食材,341,343,猪肉
644,18,烹饪方法,38,39,煮
644,19,烹饪方法,17,18,燔
644,20,烹饪方法,18,19,炮
644,21,烹饪方法,281,282,灸
644,22,烹饪方法,232,234,烧烤
644,23,烹饪方法,371,373,煮石
644,24,养生原则,59,61,尊生
644,25,养生原则,467,469,养生
644,26,养生原则,522,526,食无定味
644,27,养生原则,528,532,适口者珍
644,28,病症,134,135,热
644,29,脏腑,119,121,肝肺
644,30,脏腑,144,145,肝
644,31,脏腑,145,146,肺
644,32,食疗方,447,451,饮馔服食
644,33,禁忌,53,56,不宜凉
644,34,禁忌,70,75,无嫌炙手
645,1,养生原则,10,16,吃是人生大事
645,2,养生原则,40,50,食物作的烂就容易咀嚼
645,3,养生原则,51,59,热就能保持香味
645,4,养生原则,71,78,洁挣能引起食欲
645,5,养生原则,80,88,量少就不会过饱
645,6,养生原则,159,160,早
645,7,养生原则,161,162,少
645,8,养生原则,163,164,烂
645,9,养生原则,165,166,热
645,10,养生原则,644,655,饮食要按养生规则去行事
645,11,食材,364,368,粗茶焱饭
645,12,食材,512,514,熊掌
645,13,食材,532,534,羊胃
645,14,食材,607,609,石头
645,15,烹饪方法,544,545,煮
645,16,烹饪方法,524,525,烂
645,17,烹饪方法,609,611,煮烂
645,18,古籍来源,560,564,《周礼》
645,19,古籍来源,569,573,《诗经》
645,20,医家,584,587,苏东坡
645,21,医家,394,397,司马光
645,22,医家,412,414,何曾
645,23,医家,121,124,韩桂令
645,24,医家,127,130,石琢堂
645,25,医家,133,136,朱兰坡
645,26,医家,3,6,郎仁宝
645,27,病症,307,316,肚子就咕噜咕噜叫
645,28,脏腑,323,325,心胸
645,29,功效,494,500,容易消化吸收
645,30,禁忌,632,641,做凉菜吃是不合适的
646,1,食材,54,55,鲟
646,2,食性,76,78,甘平
646,3,食材,61,62,蟹
646,4,食性,82,83,蹇
646,5,食材,101,103,蝤蛑
646,6,食材,108,111,蝤蠓
646,7,食材,122,123,蜉
646,8,食性,135,137,甘平
646,9,食材,153,155,蛸蛑
646,10,医家,156,159,苏东坡
646,11,食材,74,75,鲟
646,12,古籍来源,218,223,《蟹图记》
646,13,食材,189,191,蛸蛑
646,14,食材,99,100,鲟
646,15,食材,286,288,蝤蛑
646,16,食材,322,323,蟛
646,17,食材,326,327,蠊
646,18,食性,340,341,寒
646,19,食材,370,371,蛾
646,20,烹饪方法,356,358,炝拌
646,21,食材,443,445,蛇血
646,22,食材,452,456,梅蜇蛇血
646,23,食材,477,479,蛇血
646,24,食材,481,483,诲蜇
646,25,食材,498,500,蛇血
646,26,食材,540,542,水母
646,27,古籍来源,546,550,《食单》
646,28,食材,578,580,鸟贼
646,29,食材,584,586,墨鱼
646,30,食材,635,637,鸟贼
646,31,食材,647,649,墨鱼
646,32,食材,689,691,明府
646,33,食材,685,687,鸟贼
646,34,食材,661,664,明府
647,1,食材,131,133,熊蹯
647,2,食材,141,143,羊胃
647,3,食材,471,472,鹑
647,4,食材,579,581,熊掌
647,5,食材,686,688,羊头
647,6,病症,117,118,脾
647,7,养生原则,71,77,食货应加节
647,8,养生原则,93,96,返淳朴
647,9,养生原则,101,104,慎摧残
647,10,养生原则,124,126,软饱
647,11,禁忌,110,114,无烦砺齿
647,12,古籍来源,441,447,《庚溪诗话》
647,13,古籍来源,582,589,《左传文元年》
647,14,古籍来源,646,655,《后汊书:刘玄传》
647,15,古籍来源,220,227,《孟子.尽心》
647,16,古籍来源,363,371,《宋书.陶潜传》
648,1,古籍来源,4,8,随园食单
648,2,食材,10,12,海参
648,3,食材,13,15,鱼翅
648,4,食材,181,183,鸡汤
648,5,食材,185,188,萝卜丝
648,6,食材,289,291,肉刺
648,7,医家,173,175,袁枚
648,8,烹饪方法,37,38,煨
648,9,烹饪方法,183,185,搀和
649,1,古籍来源,5,11,《随园食单》
649,2,食材,112,114,牛肉
649,3,食材,115,117,犬肉
649,4,食材,158,160,水鸡
649,5,食材,163,165,石鳞
649,6,食材,168,170,骨拣
649,7,食材,174,176,鸟皮
649,8,食材,197,199,脚鱼
649,9,食材,211,213,山莱
649,10,食材,215,217,白鳝
649,11,食材,218,220,黄鳝
649,12,禁忌,75,76,戒
649,13,禁忌,254,256,深戒
649,14,禁忌,153,155,破戒
650,1,食材,5,7,鲥鱼
650,2,食材,212,214,带鱼
650,3,食材,330,334,白糟猪油
650,4,食材,341,343,鲋鱼
650,5,食材,361,363,`鱼
650,6,食材,469,472,河豚白
650,7,食材,508,511,`鱼黄
650,8,食材,522,525,稣残鱼
650,9,食材,573,576,龙头鱼
650,10,食材,652,655,龙头鲥
650,11,食材,657,658,鲎
650,12,烹饪方法,96,98,清蒸
650,13,烹饪方法,270,272,烹调
650,14,烹饪方法,347,349,烹制
650,15,烹饪方法,339,341,清蒸
650,16,烹饪方法,645,647,晒干
650,17,古籍来源,628,633,《正字通》
650,18,古籍来源,593,597,《方言》
651,1,古籍来源,5,11,《随园食单》
651,2,食材,21,23,鹿尾
651,3,医家,12,16,尹文端公
651,4,烹饪方法,123,125,薄切
652,1,食材,5,8,瓢儿莱
652,2,食材,22,24,白莱
652,3,古籍来源,45,52,《随园食单》
652,4,烹饪方法,54,56,干炒
652,5,食材,56,58,莱心
652,6,烹饪方法,93,94,煨
652,7,食材,100,102,白莱
652,8,烹饪方法,99,100,煨
652,9,食材,134,137,瓢儿莱
652,10,烹饪方法,228,229,煅
652,11,食材,144,146,白莱
653,1,食材,0,2,冬瓜
653,2,食材,74,76,燕窝
653,3,食材,33,35,鸽蛋
653,4,食材,336,338,肉丝
653,5,食材,451,454,火腿汤
653,6,食材,455,458,蘑菇汤
653,7,食材,448,450,鸡汤
653,8,烹饪方法,461,462,煮
653,9,医家,225,227,袁枚
653,10,古籍来源,240,244,随园食单
654,1,食材,8,10,核桃
654,2,功效,10,15,补下焦之火
654,3,功效,19,24,扶上焦之脾
654,4,食材,58,62,高粱烧酒
654,5,烹饪方法,86,87,嚼
654,6,烹饪方法,73,74,呷
654,7,功效,100,105,滋润之功
654,8,病症,107,109,性急
654,9,食材,50,52,核桃
654,10,烹饪方法,96,97,嚼
654,11,功效,200,204,益气健脾
654,12,食材,77,79,核桃
654,13,医家,39,42,曾宾谷
654,14,脏腑,260,262,下焦
654,15,脏腑,263,265,上焦
654,16,脏腑,293,295,三焦
654,17,古籍来源,224,226,西域
654,18,古籍来源,230,232,中土
655,1,古籍来源,7,13,《榕阴新检》
655,2,古籍来源,325,330,《续齐谐》
655,3,医家,4,7,徐兴公
655,4,医家,19,22,曹能始
655,5,医家,321,324,袁简斋
655,6,食材,314,316,天厨
655,7,烹饪方法,62,64,烹饪
655,8,烹饪方法,414,416,分爨
655,9,养生原则,48,53,饮馔之事
655,10,养生原则,338,342,饮馔极精
656,1,食材,10,12,火腿
656,2,食材,27,28,盐
656,3,食材,41,43,松烟
656,4,食材,48,50,风蹄
656,5,食材,59,61,谈腿
656,6,食材,89,91,盐腿
656,7,食材,105,107,茶腿
656,8,食材,134,136,狗腿
656,9,食材,194,196,狗肉
656,10,食材,268,272,花猪肉
656,11,食材,315,317,兰薰
656,12,食材,403,405,冬腿
656,13,食材,31,32,盐
656,14,食味,94,95,淡
656,15,功效,110,113,止血痢
656,16,功效,114,116,开胃
656,17,古籍来源,356,364,《本草纲目拾遗》
656,18,医家,69,72,陈达夫
656,19,医家,353,356,赵学敏
656,20,医家,254,257,吴巢松
657,1,食材,14,16,燕窝
657,2,食材,213,215,鸡汤
657,3,食材,216,219,火腿汤
657,4,食材,220,224,蘑菇汤
657,5,食材,303,307,冬瓜燕窝
657,6,烹饪方法,226,227,瀹
657,7,古籍来源,55,59,《食单》
659,1,食材,181,184,新粳米
659,2,食材,196,199,枯松枝
659,3,食材,212,215,鲜白莱
659,4,食材,216,219,寒露蕈
659,5,食材,294,296,细茶
659,6,食材,72,74,白鹿
659,7,烹饪方法,26,27,碾
659,8,病症,41,43,畏酒
659,9,病症,43,46,厌刍豢
659,10,养生原则,53,56,食无肉
660,1,食材,223,226,桃花饭
660,2,食材,237,240,竹叶醅
660,3,食材,309,311,浊酒
660,4,食材,327,329,连展
660,5,食材,338,340,黎祁
660,6,食材,354,356,麦饵
660,7,烹饪方法,222,223,煮
660,8,烹饪方法,335,336,洗
660,9,烹饪方法,336,337,釜
660,10,烹饪方法,386,387,磨
660,11,烹饪方法,408,410,烧烤
660,12,医家,6,8,陆游
660,13,医家,104,106,张翰
661,1,食材,87,89,日铸
661,2,食材,105,107,顾诸
661,3,食材,266,268,茶叶
661,4,食材,330,333,日铸茱
661,5,食材,358,361,顾猪茶
661,6,食材,413,415,茱叶
661,7,食材,450,452,茱叶
661,8,食材,257,259,日铸
661,9,食材,312,314,茶叶
662,1,食材,0,2,苦笋
662,2,食材,3,5,藜藿
662,3,食材,17,20,白玉婴
664,1,食材,135,136,梨
664,2,食材,249,251,莼莱
664,3,食材,253,255,豆豉
664,4,食材,262,264,海簋
664,5,食材,274,276,海蛤
664,6,食材,289,291,桑叶
664,7,烹饪方法,242,243,煮
664,8,烹饪方法,166,168,煎熬
664,9,食味,280,281,甜
664,10,食味,259,260,鲜
665,1,食材,12,14,香蔬
665,2,食材,256,258,白莱
665,3,食材,258,260,山药
665,4,食材,261,263,芋头
665,5,食材,265,268,胡萝卜
665,6,烹饪方法,6,7,炊
665,7,烹饪方法,132,133,煮
665,8,烹饪方法,362,363,煨
665,9,食味,35,36,甜
665,10,食味,157,158,酸
665,11,医家,69,71,陆游
665,12,古籍来源,0,4,山厨薪桂
667,1,食材,71,74,桃花饭
667,2,食材,80,83,竹叶醅
667,3,食材,294,297,桃花米
667,4,食材,298,300,糙米
667,5,食材,340,345,红稻米饭
667,6,烹饪方法,67,69,软炊
667,7,烹饪方法,284,285,煮
667,8,病症,333,336,不消化
667,9,医家,126,128,陆游
667,10,古籍来源,168,172,《实录》
668,1,古籍来源,0,10,《中国烹饪古籍丛刊》
669,1,食材,228,230,芋魁
669,2,食材,238,240,菰首
669,3,食材,253,255,茭白
669,4,烹饪方法,317,319,煮粥
669,5,烹饪方法,240,242,笔羹
670,1,病症,3,4,醒
670,2,病症,292,294,消渴
670,3,食材,10,12,长鱼
670,4,食材,12,14,大肉
670,5,食材,20,22,冻齑
670,6,食材,31,33,狐泉
670,7,食材,33,36,槐叶面
670,8,食材,129,131,咸齑
670,9,食材,157,159,咸蕾
670,10,食材,354,356,槐叶
670,11,食材,386,388,面条
670,12,烹饪方法,370,371,研
670,13,烹饪方法,388,389,煮
670,14,烹饪方法,377,379,搅拌
670,15,医家,0,2,刘伶
670,16,医家,287,291,司马相如
670,17,医家,65,67,陆游
670,18,医家,431,433,鲍照
670,19,医家,460,462,姚崇
670,20,医家,548,552,苏易简
670,21,古籍来源,434,437,白头吟
670,22,古籍来源,463,466,冰壶诫
671,1,食材,39,41,大米
671,2,食材,51,54,豆腐干
671,3,食材,62,64,药苗
671,4,食材,65,67,野莱
671,5,食材,88,90,荠椿
671,6,食材,106,108,荞糁
671,7,食材,124,126,莼羹
671,8,食材,133,135,牛乳
671,9,食材,57,58,酥
671,10,食材,220,222,苯莱
671,11,食味,14,15,甘
671,12,食味,109,110,芳
671,13,功效,90,92,甚美
671,14,功效,111,114,妙绝伦
671,15,烹饪方法,61,62,剪
671,16,烹饪方法,64,65,挑
671,17,烹饪方法,135,136,捋
671,18,烹饪方法,156,157,投
671,19,烹饪方法,164,165,抚
671,20,禁忌,175,178,莫厌贷
671,21,养生原则,74,85,山野之人不必远远爵庖厨
671,22,养生原则,207,211,思蜀之捋
671,23,医家,100,102,东坡
671,24,古籍来源,32,34,诨文
672,1,食材,105,107,蚕蛹
672,2,食材,109,111,麦人
672,3,食材,473,474,莱
672,4,食材,480,482,药苗
672,5,食材,484,485,豉
672,6,食材,486,487,盐
672,7,烹饪方法,489,491,烹调
673,1,食材,140,143,山药糜
673,2,食材,280,282,山药
673,3,烹饪方法,277,278,煮
673,4,食材,287,289,鲸糜
674,1,食材,87,89,日铸
674,2,食材,105,107,顾诸
674,3,食材,266,268,茶叶
674,4,食材,330,333,日铸茱
674,5,食材,358,361,顾猪茶
674,6,食材,413,415,茱叶
674,7,食材,450,452,茱叶
674,8,食材,257,259,日铸
674,9,食材,312,314,茶叶
675,1,食材,43,45,笔羹
675,2,食材,260,261,笋
675,3,食材,261,263,肉丝
675,4,食材,55,56,鱼
675,5,烹饪方法,53,55,斫脍
675,6,古籍来源,164,169,剑南诗稿
676,1,食材,136,139,葡萄醅
676,2,食材,262,264,薏实
676,3,食材,270,272,苦笋
676,4,食材,283,284,芋
676,5,食材,289,291,山蔌
676,6,食味,287,288,辛
676,7,烹饪方法,265,266,炊
676,8,烹饪方法,272,273,馔
676,9,烹饪方法,288,289,采
677,1,食材,5,6,菘
677,2,食材,52,54,芜菁
677,3,食材,89,90,慈
677,4,食材,97,99,麦饭
677,5,食材,107,109,青蔬
677,6,食材,128,131,大官葱
677,7,食材,145,146,葱
677,8,烹饪方法,296,297,煮
677,9,烹饪方法,40,41,种
677,10,烹饪方法,22,23,锄
677,11,烹饪方法,126,128,僭用
677,12,医家,242,244,陆游
677,13,古籍来源,0,4,蔬园杂咏
678,1,古籍来源,0,6,《雨航杂录》
678,2,食材,36,38,竹蛎
678,3,古籍来源,39,43,《文选》
678,4,食材,76,79,梅花蛎
678,5,食材,88,91,蛎黄酱
678,6,古籍来源,121,127,《齐民要术》
678,7,食材,132,133,蚶
678,8,烹饪方法,131,132,炙
678,9,食材,50,51,蛎
678,10,烹饪方法,140,141,炙
678,11,古籍来源,213,216,《谱》
678,12,食味,219,220,甘
678,13,食性,221,222,平
678,14,功效,223,226,补五脏
678,15,功效,227,229,调中
678,16,功效,230,233,解丹毒
678,17,功效,234,238,折酲止渴
678,18,功效,240,242,活血
678,19,功效,245,247,充饥
678,20,食材,272,274,鱼皮
678,21,烹饪方法,294,295,煨
678,22,古籍来源,314,318,《本草》
678,23,医家,318,321,李时珍
678,24,食材,325,327,鲨鱼
678,25,食材,334,336,白沙
678,26,烹饪方法,346,347,煎
678,27,食材,362,364,鱼唇
678,28,烹饪方法,379,380,煨
678,29,古籍来源,401,405,《文选》
679,1,食材,5,6,醋
679,2,食材,7,9,芡粉
679,3,食材,61,63,童鸡
679,4,食材,55,57,黄芪
679,5,食材,124,125,葱
679,6,食材,129,131,茴香
679,7,食材,136,137,滔
679,8,食材,140,142,秋油
679,9,食材,157,159,脂油
679,10,食材,73,74,水
679,11,食材,180,182,熟术
679,12,食材,231,232,盐
679,13,食材,235,237,料皮
679,14,食材,241,243,大酋
679,15,食材,244,246,小茴
679,16,食材,247,249,花椒
679,17,食材,255,257,消卤
679,18,食材,21,22,鸡
679,19,食材,285,286,鸭
679,20,食材,289,291,肚肺
679,21,食材,294,296,猪头
679,22,食材,309,311,猪蹄
679,23,食材,387,389,井水
679,24,食材,394,396,香料
679,25,食材,410,411,绢
679,26,烹饪方法,48,49,炒
679,27,烹饪方法,57,58,蒸
679,28,烹饪方法,166,167,煨
679,29,烹饪方法,327,328,煮
679,30,烹饪方法,260,261,烧
679,31,烹饪方法,333,335,退火
679,32,烹饪方法,357,358,撇
679,33,食疗方,15,18,珍珠圆
679,34,食疗方,430,434,黄芪蒸鸡
679,35,食疗方,112,114,卤鸡
679,36,病症,108,110,弱症
679,37,古籍来源,212,218,《古今秘苑》
681,1,古籍来源,0,6,《事物绀珠》
681,2,食材,8,9,蟹
681,3,食材,11,13,鲟鲱
681,4,烹饪方法,26,27,炒
681,5,食材,32,34,班鱼
681,6,食材,51,52,芡
681,7,食材,57,59,蟹腐
681,8,食材,62,64,白莱
681,9,烹饪方法,64,65,炒
681,10,食材,27,28,蟹
681,11,食材,80,81,黄
681,12,食材,87,88,螯
681,13,烹饪方法,106,107,蒸
681,14,食材,74,75,蟹
681,15,食材,111,112,鳘
681,16,烹饪方法,104,106,剥壳
681,17,烹饪方法,137,138,蒸
681,18,食材,131,134,生鸡蛋
681,19,烹饪方法,186,187,蒸
681,20,食材,155,157,蟹粉
681,21,食材,169,172,南瓜肉
681,22,食材,107,108,蟹
681,23,食材,146,147,蟹
681,24,食材,224,226,蛤蜊
681,25,烹饪方法,112,113,剥
681,26,食材,228,231,蛤蜊肉
681,27,食材,233,235,韭莱
681,28,烹饪方法,154,155,炒
681,29,烹饪方法,235,236,炒
681,30,食材,241,243,蛤蜊
681,31,烹饪方法,227,228,剥
681,32,烹饪方法,269,271,生剖
681,33,食材,309,311,蛤蜊
681,34,古籍来源,299,303,《本草》
681,35,医家,303,305,汪机
681,36,食材,394,396,蛤蜊
681,37,食材,328,330,萁肉
681,38,古籍来源,338,343,《正字通》
681,39,古籍来源,345,353,《淮南'逍应训》
681,40,食材,362,364,蛤梨
681,41,古籍来源,367,376,《三围志〈欲正传》
681,42,食材,408,410,蛤蜊
681,43,古籍来源,389,393,《本草》
681,44,古籍来源,400,405,《穴书略》
681,45,食材,448,450,蛤蜊
681,46,食材,411,413,海蚌
681,47,古籍来源,417,424,《续见阐近录》
681,48,食材,432,434,蚬蛤
681,49,食材,520,522,蛤蜊
681,50,食材,331,333,海错
681,51,古籍来源,467,472,《清异录》
681,52,古籍来源,477,481,《淮甫》
681,53,食材,493,494,蚬
681,54,食材,500,501,蛤
681,55,食材,504,505,蚬
682,1,病症,0,1,胀
682,2,病症,2,4,溺赤
682,3,病症,5,7,便秘
682,4,病症,8,12,食不运化
682,5,禁忌,13,20,"新产后,皆忌之"
682,6,食材,22,24,山楂
682,7,烹饪方法,29,31,捣烂
682,8,食材,32,33,粉
682,9,食材,36,39,松仁屑
682,10,食材,40,42,白糖
682,11,烹饪方法,42,43,蒸
682,12,食味,45,46,酸
682,13,食味,47,48,甘
682,14,功效,52,54,醒酒
682,15,古籍来源,58,62,《本草》
682,16,医家,62,65,李时珍
682,17,古籍来源,69,74,《唐本草》
682,18,食材,76,79,赤爪木
682,19,古籍来源,82,87,《宋图经》
682,20,食材,90,94,棠球子
682,21,古籍来源,97,103,《丹溪补遗》
682,22,食材,106,108,山榱
682,23,食材,142,144,茅楂
682,24,食材,146,148,猴揸
682,25,食材,150,152,鼠楂
682,26,食材,168,170,赤枣
682,27,食材,183,186,赤枣子
682,28,食材,201,205,山里纸米
682,29,食材,208,210,酸枣
682,30,食材,213,216,鼻涕罚
682,31,食材,27,29,山楂
682,32,食味,320,321,酸
682,33,食味,322,323,甘
682,34,食性,324,325,温
682,35,功效,330,333,消肉食
682,36,功效,334,337,破瘀血
682,37,功效,339,344,散结消胀
682,38,功效,345,349,解酒化痰
682,39,功效,350,353,除疳积
682,40,功效,354,357,己泻痢
682,41,禁忌,358,362,多食耗气
682,42,禁忌,363,365,损齿
682,43,禁忌,367,369,易饥
682,44,禁忌,371,385,"空腹及羸弱人,或虚病后。忌之"
682,45,食疗方,387,392,楂糕拌梨丝
682,46,食材,305,307,楂糕
682,47,食材,399,401,鸦梨
682,48,烹饪方法,401,403,切丝
682,49,古籍来源,449,453,《本草》
682,50,食材,455,456,梨
682,51,食材,460,462,快果
682,52,食材,464,466,果宗
682,53,食材,469,471,玉乳
682,54,食材,474,476,蜜父
682,55,食材,522,524,林桷
682,56,食材,528,530,花红
683,1,食材,28,29,梨
683,2,食材,84,86,棠梨
683,3,食材,72,73,杜
683,4,食材,96,98,棠梨
683,5,食材,125,127,乳梨
683,6,食材,128,130,雪梨
683,7,食材,131,133,鹅梨
683,8,食材,134,136,绵梨
683,9,食材,137,139,消梨
683,10,食材,141,144,香水梨
683,11,食材,156,159,御儿梨
683,12,食材,161,164,玉乳梨
683,13,食材,200,202,青皮
683,14,食材,203,205,早毅
683,15,食材,206,208,半斤
683,16,食材,209,211,沙糜
683,17,食材,236,238,醋梨
683,18,食材,82,83,杜
683,19,食材,468,470,棠梨
683,20,食材,462,464,杜梨
683,21,食材,471,473,山梨
683,22,食材,474,476,野梨
683,23,食味,382,383,甘
683,24,食味,487,488,酸
683,25,食味,245,246,甜
683,26,功效,153,155,治病
683,27,功效,393,395,解烦
683,28,病症,397,398,惕
683,29,烹饪方法,224,225,蒸
683,30,烹饪方法,225,226,煮
683,31,烹饪方法,228,229,切
683,32,烹饪方法,229,230,烘
683,33,烹饪方法,230,232,为脯
683,34,烹饪方法,240,243,水煮熟
683,35,古籍来源,191,195,《汉书》
683,36,古籍来源,327,331,《史记》
683,37,古籍来源,403,408,《三秦记》
683,38,医家,42,45,贯思勰
683,39,医家,324,327,司马迂
683,40,医家,364,367,魏文弟
683,41,医家,401,403,辛氏
684,1,食材,0,1,莱
684,2,食材,5,6,鳗
684,3,食材,8,10,鳙鱼
684,4,古籍来源,16,21,《野莱谱》
684,5,食材,27,30,雪里获
684,6,食材,34,35,莱
684,7,食材,45,48,砹硪衲
684,8,食材,50,53,抓抓儿
684,9,食材,54,57,丝荞荞
684,10,食材,58,61,板荞苯
684,11,食材,62,65,猪殃硖
684,12,食材,66,70,油灼灼
684,13,食材,71,74,看麦娘
684,14,食材,75,80,燕子不来香
684,15,食材,81,84,灯嫩儿
684,16,食材,85,88,天藕儿
684,17,食材,89,92,狗脚迹
684,18,食材,93,97,猫耳朵
684,19,食材,98,101,雁肠子
684,20,食材,102,107,老鹳筋
684,21,古籍来源,112,115,《谱》
684,22,烹饪方法,159,160,腌
684,23,烹饪方法,185,186,泡
684,24,烹饪方法,157,159,压实
684,25,烹饪方法,206,207,装
684,26,烹饪方法,216,217,灌
684,27,烹饪方法,191,192,加
684,28,烹饪方法,238,239,封
684,29,烹饪方法,274,275,炒
684,30,烹饪方法,280,281,审
684,31,烹饪方法,285,288,作汤
684,32,烹饪方法,289,292,用火锯
684,33,食材,294,297,羊肉片
684,34,食材,298,301,野鸡片
684,35,食材,352,355,冬腌莱
684,36,食材,382,384,舂芥
684,37,食材,387,389,芥心
684,38,烹饪方法,390,392,风干
684,39,烹饪方法,392,394,斩碎
684,40,烹饪方法,395,397,腌熟
684,41,烹饪方法,397,399,入瓶
684,42,食材,410,412,芥头
684,43,食材,413,415,芥根
684,44,烹饪方法,415,417,切片
684,45,烹饪方法,422,423,腌
684,46,烹饪方法,436,438,作脯
684,47,古籍来源,446,451,《群芳谱》
684,48,食疗方,454,459,造黑肫莓法
684,49,食材,461,463,白莱
684,50,烹饪方法,465,467,腌透
684,51,烹饪方法,468,470,取出
684,52,烹饪方法,470,474,拊于桁
684,53,烹饪方法,476,479,眄极干
684,54,烹饪方法,480,484,上甑蒸熬
684,55,烹饪方法,485,488,再陋干
684,56,烹饪方法,488,490,收之
685,1,食材,6,8,核桃
685,2,食材,9,11,杏仁
685,3,食材,15,17,榛子
685,4,烹饪方法,1,2,炒
685,5,烹饪方法,25,26,炮
685,6,烹饪方法,0,1,酱
685,7,古籍来源,52,56,《诗疏》
685,8,古籍来源,162,166,《本草》
685,9,医家,166,169,李时珍
685,10,古籍来源,327,330,《志》
685,11,医家,334,336,郑玄
685,12,古籍来源,359,362,《谮》
685,13,食味,366,367,甘
685,14,食性,368,369,平
685,15,功效,370,374,补气开胃
685,16,功效,375,379,耐饥长力
685,17,功效,380,382,厚肠
685,18,病症,383,385,虚人
685,19,食材,420,423,蠡石花
685,20,食材,425,427,衣花
685,21,食材,443,446,麒麟莱
685,22,古籍来源,448,452,《汇苑》
685,23,食材,454,457,石花莱
685,24,食材,461,463,璃枝
685,25,食材,467,470,鹿角莱
685,26,食材,479,482,舌耳茗
685,27,食材,530,532,琼枝
685,28,食材,583,585,猴葵
686,1,食材,0,4,麝香珠子
686,2,古籍来源,8,14,《本草别录》
686,3,食材,18,20,摩罗
686,4,食材,23,25,重箱
686,5,食材,29,32,国连花
686,6,医家,33,37,陶弘景
686,7,食材,43,45,强仇
686,8,医家,51,53,吴普
686,9,食材,60,62,重迈
686,10,食材,66,68,中庭
686,11,食材,72,74,重匡
686,12,食材,139,141,百合
686,13,食材,93,95,大蒜
686,14,烹饪方法,106,107,蒸
686,15,烹饪方法,107,108,煮
686,16,医家,131,135,李时珍
686,17,食材,392,394,百合
686,18,食材,199,201,山丹
686,19,古籍来源,204,207,《谮》
686,20,食味,210,211,甘
686,21,食性,212,213,平
686,22,功效,214,216,润肺
686,23,功效,217,219,补胃
686,24,功效,220,222,清心
686,25,功效,223,227,定魄息惊
686,26,功效,228,233,泽肤通乳
686,27,功效,234,238,祛风涤热
686,28,功效,240,244,化湿散痈
686,29,病症,246,248,急黄
686,30,病症,250,252,虚嗷
686,31,病症,254,256,盅毒
686,32,病症,259,261,悲哀
686,33,病症,273,275,脚气
686,34,病症,278,280,咽喉
686,35,烹饪方法,301,302,蒸
686,36,烹饪方法,304,305,煮
686,37,病症,313,318,虚火劳嗷
686,38,烹饪方法,322,324,煮粥
686,39,烹饪方法,325,327,煨肉
686,40,烹饪方法,328,330,澄粉
686,41,功效,333,336,补虚嬴
686,42,食材,352,354,藕粉
686,43,食材,355,357,白莲
686,44,食材,375,377,藕粉
686,45,食材,378,380,糯粉
686,46,烹饪方法,380,382,作饺
686,47,食材,387,389,肉圆
686,48,食材,404,406,麻团
686,49,食材,408,410,糯粉
686,50,烹饪方法,410,412,捣烂
686,51,食材,416,419,芝麻屑
686,52,食材,419,420,糖
686,53,古籍来源,437,443,《辜物绀珠》
686,54,食材,445,447,麻团
686,55,医家,448,450,公刘
687,1,食材,78,80,松子
687,2,食味,80,81,甘
687,3,食性,82,83,平
687,4,功效,84,88,润燥补气
687,5,功效,89,93,充饥养液
687,6,功效,94,98,息风耐饥
687,7,功效,100,104,温胃通肠
687,8,功效,105,109,辟浊下气
687,9,功效,110,112,香身
687,10,功效,113,117,最益老人
687,11,食材,141,143,榧子
687,12,食味,143,144,甘
687,13,食性,145,146,温
687,14,功效,147,149,润肺
687,15,功效,151,153,止嗽
687,16,功效,155,157,化痰
687,17,功效,158,160,开胃
687,18,功效,161,163,杀虫
687,19,功效,165,169,滑肠消谷
687,20,禁忌,183,187,多食助火
687,21,禁忌,188,192,热嗽非宜
687,22,食材,201,203,榛子
687,23,食味,203,204,甘
687,24,食性,205,206,平
687,25,功效,207,209,补气
687,26,功效,210,212,开胃
687,27,功效,214,216,耐饥
687,28,功效,217,219,长力
687,29,功效,220,222,厚肠
687,30,食材,258,260,桔饼
687,31,食材,261,262,桔
687,32,食材,276,278,冰糖
687,33,古籍来源,293,297,《说文》
687,34,古籍来源,306,310,《玉篇》
687,35,古籍来源,333,340,《南方革木状》
687,36,古籍来源,384,390,《异物志》
687,37,古籍来源,424,429,《元和志》
687,38,古籍来源,452,458,《事类合璧》
687,39,古籍来源,530,534,《桔谱》
688,1,古籍来源,0,5,《同寿录》
688,2,食疗方,5,9,制桔饼法
688,3,食材,11,12,柽
688,4,食材,17,19,橙子
688,5,食材,38,39,水
688,6,食材,42,45,酸涩水
688,7,食材,114,118,洁白洋糖
688,8,烹饪方法,94,95,煮
688,9,烹饪方法,143,144,晒
688,10,烹饪方法,160,162,压扁
688,11,食材,175,177,金桔
688,12,烹饪方法,182,184,打扁
688,13,食材,188,190,冰糖
688,14,烹饪方法,190,191,熬
688,15,食材,194,195,卤
688,16,功效,222,224,淞脾
688,17,烹饪方法,228,230,生腌
688,18,古籍来源,234,241,魏王《花木志》
688,19,食材,259,263,给客橙
688,20,食材,266,268,卢桔
688,21,食材,181,182,桔
688,22,食材,276,277,柚
688,23,食材,297,299,樱桃
688,24,古籍来源,306,312,《岭表录昃》
688,25,食材,314,317,山桔子
688,26,食材,321,323,土瓜
688,27,食材,380,382,金柑
688,28,古籍来源,374,378,《桔谱》
688,29,食材,440,442,金柑
688,30,食材,416,418,绿豆
688,31,食性,121,122,热
688,32,食性,434,435,凉
688,33,食材,446,449,山金桔
688,34,食材,452,454,金豆
688,35,食材,464,466,樱桃
688,36,烹饪方法,474,476,蜜渍
688,37,古籍来源,486,490,《本草》
688,38,医家,490,493,李时珍
689,1,食材,6,7,桃
689,2,食材,22,23,梅
689,3,食材,41,43,桃菹
689,4,食材,44,46,梅菹
689,5,食材,76,78,干燕
689,6,食材,19,21,桃诸
689,7,食材,88,90,梅诸
689,8,食材,106,108,红桃
689,9,食材,109,111,绯桃
689,10,食材,112,114,碧桃
689,11,食材,115,117,缃桃
689,12,食材,119,121,白桃
689,13,食材,122,124,鸟桃
689,14,食材,125,127,金桃
689,15,食材,128,133,银花胭脂桃
689,16,食材,144,146,绨桃
689,17,食材,147,149,油桃
689,18,食材,151,153,御桃
689,19,食材,154,156,方桃
689,20,食材,157,159,匮桃
689,21,食材,160,163,偏核桃
689,22,食材,173,177,五月旱桃
689,23,食材,179,183,十月冬桃
689,24,食材,184,186,秋桃
689,25,食材,187,189,霜桃
689,26,食材,202,204,生桃
689,27,食材,221,223,桃酢
689,28,食材,347,349,桃枭
689,29,食材,368,371,水蜜桃
689,30,食材,418,420,桃脯
689,31,食材,420,422,杏脯
689,32,食材,478,480,金杏
689,33,食材,536,538,木杏
689,34,食材,548,550,杏仁
689,35,食材,586,588,干梅
689,36,食味,278,279,甘
689,37,食味,280,281,酸
689,38,食性,282,283,温
689,39,功效,289,293,补心活血
689,40,功效,294,298,解渴充饥
689,41,功效,384,388,生津涤热
689,42,病症,315,317,痈疮
689,43,病症,318,319,疟
689,44,病症,320,321,痢
689,45,病症,322,323,虫
689,46,病症,324,325,疳
689,47,禁忌,339,344,凡食桃不消
689,48,烹饪方法,210,212,曝干
689,49,烹饪方法,208,209,瀹
689,50,烹饪方法,229,232,纳瓮中
689,51,烹饪方法,234,236,盖口
689,52,烹饪方法,239,242,漉去皮
689,53,烹饪方法,245,247,密封
689,54,烹饪方法,574,576,晒脯
689,55,烹饪方法,333,335,制酱
689,56,烹饪方法,336,338,造醋
689,57,烹饪方法,349,351,烧灰
689,58,烹饪方法,432,434,糖腌
689,59,烹饪方法,429,431,劈开
689,60,烹饪方法,524,525,熬
689,61,古籍来源,70,74,《周礼》
689,62,古籍来源,94,98,《本草》
689,63,古籍来源,258,263,《玉篇》
689,64,古籍来源,272,275,《谮》
689,65,医家,98,101,李时珍
689,66,医家,467,469,苏颂
689,67,医家,564,567,寇宗免
689,68,医家,29,31,王肃
689,69,医家,81,83,郑云
690,1,食材,10,13,钉头螺
690,2,古籍来源,15,21,《食物本草》
690,3,食材,429,430,螺
690,4,烹饪方法,48,49,治
690,5,食材,50,51,盐
690,6,食材,52,53,酒
690,7,烹饪方法,55,56,掰
690,8,烹饪方法,76,77,吸
690,9,古籍来源,82,85,《谱》
690,10,食味,88,89,咸
690,11,食性,90,91,凉
690,12,功效,92,94,舒郁
690,13,功效,95,98,散结热
690,14,功效,99,102,消瘰疬
690,15,食材,162,164,蟛婿
690,16,食材,166,168,蟛蜗
690,17,食材,169,170,蟹
690,18,食材,178,179,酱
690,19,食材,180,181,葱
690,20,烹饪方法,181,182,炒
690,21,烹饪方法,228,229,腌
690,22,烹饪方法,237,238,醉
690,23,古籍来源,264,268,《尔雅》
690,24,古籍来源,300,305,《古今注》
690,25,古籍来源,325,331,《容斋四笔》
690,26,古籍来源,390,395,《北户录》
690,27,食材,375,377,蟛蜞
690,28,食材,409,411,蟛娟
691,1,食味,30,31,甘
691,2,食味,32,33,辛
691,3,食性,1,2,温
691,4,功效,36,40,醒脾消食
691,5,功效,42,45,调脏腑
691,6,功效,46,49,除冷气
691,7,功效,50,55,杀鱼腥毒
691,8,食材,57,58,杭
691,9,食材,59,63,绍白糯米
691,10,食材,76,77,盐
691,11,食材,77,78,糟
691,12,食材,79,80,葳
691,13,病症,91,95,发风动疾
691,14,病症,96,98,痧痘
691,15,病症,99,101,产后
691,16,病症,102,104,咽喉
691,17,病症,105,108,目疾
691,18,病症,110,112,血症
691,19,病症,113,115,疮疟
691,20,禁忌,116,118,忌之
691,21,食材,121,122,糖
691,22,食材,184,186,冰糖
691,23,食材,126,127,糖
691,24,食材,192,194,鲥鱼
691,25,古籍来源,206,212,《齐民要术》
691,26,古籍来源,213,217,《说穴》
691,27,食材,221,222,燕
691,28,食材,223,224,蕉
691,29,古籍来源,228,232,《书浅》
691,30,食材,237,239,芋蔗
691,31,食材,241,243,干蔗
691,32,食材,250,252,甘蔗
691,33,食材,254,256,都蔗
691,34,古籍来源,301,306,《异物忿》
691,35,食材,309,311,甘蔗
691,36,食材,316,318,交趾
691,37,食材,350,351,什
691,38,食味,321,322,甘
691,39,食材,367,369,饴饧
691,40,食材,137,138,糖
691,41,食材,419,421,石蜜
691,42,古籍来源,427,431,《集韵》
691,43,食材,170,171,糖
691,44,食材,438,440,蔗饴
691,45,古籍来源,441,446,《屏物志》
691,46,食材,448,450,石蜜
691,47,食材,470,472,甘柘
691,48,古籍来源,504,509,《演綮客》
691,49,古籍来源,513,517,《七辨》
691,50,食材,519,521,沙饴
691,51,食材,459,460,石
691,52,食材,527,529,沙糖
691,53,医家,531,534,唐玄奘
691,54,古籍来源,534,539,《西域志》
691,55,食材,542,544,石窭
691,56,食材,553,555,蔗汁
691,57,食材,575,577,沙糖
691,58,古籍来源,582,587,《糖霜谮》
691,59,食材,593,595,蔗浆
691,60,食材,601,603,蔗饧
691,61,食材,608,610,石蜜
692,1,古籍来源,0,6,《事物绀珠》
692,2,食疗方,8,11,水晶脍
692,3,食材,12,14,猪皮
692,4,烹饪方法,18,19,熬
692,5,烹饪方法,21,22,滤
692,6,烹饪方法,24,25,凝
692,7,烹饪方法,29,30,切
692,8,食材,33,35,肉鲱
692,9,食材,47,50,干肉皮
692,10,烹饪方法,50,51,煮
692,11,烹饪方法,52,53,刮
692,12,烹饪方法,56,57,铯
692,13,烹饪方法,61,63,暴燥
692,14,食材,73,76,凉开水
692,15,食材,79,81,盐花
692,16,食材,82,84,麻油
692,17,食材,85,87,芝麻
692,18,古籍来源,97,100,《谱》
692,19,食材,103,105,猪肤
692,20,食味,106,107,甘
692,21,食性,109,110,凉
692,22,功效,111,114,清虚热
692,23,病症,116,118,下痢
692,24,病症,120,122,心烦
692,25,病症,123,125,咽痛
692,26,食材,132,134,猪肉
692,27,烹饪方法,134,135,切
692,28,食材,140,143,霹干莱
692,29,烹饪方法,143,144,煨
692,30,食材,177,179,冬笋
692,31,烹饪方法,179,180,煨
692,32,食材,196,198,芊艿
692,33,食材,200,202,面筋
692,34,食材,203,205,鸡旦
692,35,食材,206,208,千层
692,36,烹饪方法,211,212,煨
692,37,食疗方,231,235,大蒜烤肉
692,38,食疗方,236,239,樱桃肉
692,39,食材,38,39,肉
692,40,烹饪方法,241,242,切
692,41,食材,247,249,笋干
692,42,食材,250,253,新蒜头
692,43,食材,254,256,酱水
692,44,烹饪方法,256,257,煨
692,45,食材,268,270,萝卜
692,46,烹饪方法,274,275,煨
692,47,食疗方,287,290,梅子肉
692,48,食材,130,131,肉
692,49,烹饪方法,293,295,斩碎
692,50,食材,298,300,网油
692,51,烹饪方法,300,301,灼
692,52,食材,304,306,作料
692,53,食材,307,309,芡粉
692,54,食材,311,312,醋
692,55,烹饪方法,312,314,起锅
692,56,食疗方,320,322,肉松
692,57,食材,325,327,鱼松
692,58,食材,335,337,精肉
692,59,烹饪方法,339,340,炒
692,60,食材,167,168,肉
693,1,食材,82,84,辣茄
693,2,食味,53,54,辛
693,3,食味,56,57,甘
693,4,功效,0,4,安胎止痛
693,5,功效,5,9,通乳和营
693,6,病症,11,13,霍乱
693,7,病症,14,16,转筋
693,8,病症,17,19,弈豚
693,9,病症,20,22,脚气
693,10,功效,23,26,调二便
693,11,功效,28,31,杀诸虫
693,12,功效,32,35,理跌朴
693,13,病症,36,38,金疮
693,14,功效,40,42,制鱼
693,15,功效,43,46,肉诸毒
693,16,禁忌,64,74,"气虚易汗者,不可单食"
693,17,禁忌,76,80,忌同蜜食
693,18,烹饪方法,97,99,油炸
693,19,烹饪方法,105,107,酒熨
693,20,烹饪方法,131,135,切丁灼之
693,21,烹饪方法,137,142,晒千研末
693,22,烹饪方法,144,146,油调
693,23,古籍来源,233,237,《内则》
693,24,古籍来源,259,263,《尔雅》
693,25,古籍来源,301,305,《博雅》
693,26,古籍来源,321,325,《通志》
693,27,古籍来源,345,349,《礼记》
693,28,古籍来源,366,370,《本草》
693,29,古籍来源,421,428,《吴越春秋》
693,30,医家,276,278,李巡
693,31,医家,299,301,曹宪
693,32,医家,456,459,李时珍
693,33,食材,328,330,榄子
693,34,食材,334,337,食茱萸
693,35,食材,342,345,吴茱萸
693,36,食材,466,468,艾子
693,37,食材,473,475,辣子
693,38,食材,517,519,艾油
693,39,食材,523,526,辣米油
693,40,食材,547,549,辣椒
693,41,食材,552,554,番椒
693,42,食材,555,557,大敬
693,43,食材,558,560,辣子
693,44,食材,562,563,薮
693,45,食材,253,255,茱萸
693,46,食材,592,595,山茱萸
693,47,食材,360,363,食茱萸
693,48,食材,601,604,吴茱萸
693,49,食材,267,268,榇
693,50,食材,271,272,莱
693,51,食材,307,308,榄
693,52,食材,390,391,樗
693,53,食味,87,88,辣
693,54,食味,495,496,苦
693,55,烹饪方法,502,506,捣滤取汁
693,56,烹饪方法,512,514,搅成
694,1,古籍来源,0,6,《武夷杂记》
694,2,食材,8,11,武夷茶
694,3,医家,15,18,蔡君谟
694,4,古籍来源,36,40,《茶疏》
694,5,古籍来源,51,55,《茶考》
694,6,古籍来源,266,272,《武夷山志》
694,7,食材,83,84,茶
694,8,食性,302,303,寒
694,9,食性,308,309,温
694,10,食材,314,316,岩茶
694,11,食材,318,320,洲茶
694,12,食材,521,523,小种
694,13,食材,525,527,花香
694,14,食材,529,531,清香
694,15,食材,532,534,工夫
694,16,食材,535,537,松萝
694,17,烹饪方法,378,380,采摘
694,18,烹饪方法,494,496,烘焙
695,1,食材,3,4,酒
695,2,食材,546,547,菜
695,3,食材,396,398,火锅
695,4,医家,34,36,伊尹
695,5,古籍来源,481,485,《伊尹》
696,1,古籍来源,0,4,《药鉴》
696,2,食材,24,26,辽参
696,3,食材,34,36,广参
696,4,食材,60,63,肥皂参
696,5,食材,64,66,光参
696,6,食材,83,86,瓜皮参
696,7,古籍来源,94,102,《本草纲目拾遗》
696,8,食材,113,115,海参
696,9,食材,156,159,海狗油
696,10,烹饪方法,238,239,腌
696,11,烹饪方法,249,250,干
696,12,食材,384,386,春皮
696,13,食材,426,428,伏皮
696,14,古籍来源,460,465,《闽小纪》
696,15,食材,468,472,闽中海参
696,16,食材,509,511,牛革
696,17,食材,539,541,沙参
696,18,食味,541,542,苦
696,19,食性,562,563,温
696,20,功效,552,553,补
696,21,脏腑,568,569,肾
696,22,医家,284,287,陈良翰
697,1,食材,1,3,牛乳
697,2,食材,44,45,酪
697,3,食材,105,106,酥
697,4,食材,289,291,醍醐
697,5,食材,399,401,乳饼
697,6,食材,475,477,乳团
697,7,食材,538,540,乳线
697,8,古籍来源,47,53,《饮菩正要》
697,9,古籍来源,171,178,《臃仙神隐书》
697,10,古籍来源,263,267,《本草》
697,11,古籍来源,293,297,《本草》
697,12,古籍来源,403,410,《腱仙神隐书》
697,13,古籍来源,479,486,《罹仙神隐书》
697,14,古籍来源,542,549,《腱仙神隐书》
697,15,医家,267,270,李时珍
697,16,医家,297,299,苏恭
697,17,医家,343,346,雷教
697,18,医家,366,369,陈藏器
697,19,烹饪方法,67,68,炒
697,20,烹饪方法,74,75,熬
697,21,烹饪方法,188,189,煎
697,22,烹饪方法,133,134,晒
697,23,烹饪方法,354,355,滤
697,24,烹饪方法,241,242,捣
697,25,烹饪方法,462,463,压
697,26,烹饪方法,526,527,包
697,27,烹饪方法,527,528,搦
697,28,食性,377,378,滑
697,29,食材,385,388,鸡子壳
697,30,食材,389,391,壶卢
697,31,食材,466,467,盐
697,32,食材,436,437,醋
697,33,食材,498,500,浆水
698,1,食材,24,26,鸽子
698,2,食材,31,33,火腿
698,3,食材,41,43,火肉
698,4,食材,50,52,鸽松
698,5,古籍来源,57,63,《山堂肆考》
698,6,古籍来源,148,152,《本草》
698,7,古籍来源,185,190,《清异录》
698,8,古籍来源,287,293,《南唐近事》
698,9,古籍来源,370,374,《集韵》
698,10,古籍来源,403,406,《谱》
698,11,医家,388,391,段成式
698,12,食味,409,410,甘
698,13,食性,411,412,平
698,14,功效,413,417,清热解毒
698,15,功效,419,421,愈疮
698,16,功效,423,425,止渴
698,17,功效,426,428,息风
698,18,病症,73,74,瘿
698,19,烹饪方法,34,35,煅
698,20,烹饪方法,49,50,制
699,1,古籍来源,0,3,《谮》
699,2,食性,6,8,大寒
699,3,食性,16,17,热
699,4,食味,19,20,甘
699,5,食味,21,22,苦
699,6,食味,23,24,辛
699,7,食味,24,25,酸
699,8,功效,50,52,壮胆
699,9,功效,53,55,辟謇
699,10,功效,56,60,和血养气
699,11,功效,66,69,行药势
699,12,功效,70,73,剂诸肴
699,13,禁忌,89,93,多饮必病
699,14,食材,101,102,脔
699,15,食材,188,189,酒
699,16,食材,234,238,金坛于酒
699,17,食材,239,245,于文襄今酝道
699,18,食味,247,248,甜
699,19,食味,249,250,涩
699,20,食材,284,288,德州卢滔
699,21,食材,289,297,卢雅雨转运家厮造
699,22,食材,310,315,四川郫筒酒
699,23,食材,316,319,郫简酒
699,24,古籍来源,381,388,《锑:里新闱》
699,25,食材,406,409,郫箭酒
699,26,食材,413,416,绍兴酒
699,27,食材,417,420,绍兴涸
700,1,古籍来源,15,23,《宋虫〈食货志》
700,2,古籍来源,40,44,《周官》
700,3,古籍来源,82,86,《周礼》
700,4,古籍来源,189,195,《群书考索》
700,5,食材,2,3,盐
700,6,食材,37,39,颗盐
700,7,食材,116,118,末盐
700,8,食材,91,93,苦盐
700,9,食材,138,140,形盐
700,10,食材,143,145,印盐
700,11,食材,472,474,池盐
700,12,食味,108,109,咸
700,13,食味,109,110,苦
700,14,烹饪方法,53,54,煮
700,15,烹饪方法,496,498,煎炼
700,16,烹饪方法,104,105,炼
701,1,食材,23,25,甲鱼
701,2,食材,40,42,脂油
701,3,食材,57,59,秋油
701,4,食材,75,76,蒜
701,5,食材,81,82,葱
701,6,食材,83,84,姜
701,7,食材,85,86,糖
701,8,食材,9,10,酒
701,9,食材,6,7,盐
701,10,食材,225,227,笋尖
701,11,食材,234,235,椒
701,12,食材,294,296,鸡汤
701,13,食材,344,348,全壳甲鱼
701,14,烹饪方法,3,4,煮
701,15,烹饪方法,48,49,煎
701,16,烹饪方法,61,62,煨
701,17,烹饪方法,169,170,炮
701,18,烹饪方法,287,291,去骨拆碎
701,19,烹饪方法,284,286,白煮
701,20,烹饪方法,359,362,去首尾
701,21,烹饪方法,363,367,取肉及裙
701,22,烹饪方法,380,382,覆好
701,23,食疗方,157,161,青盐甲鱼
701,24,食疗方,276,280,汤煨甲鱼
701,25,医家,251,254,唐静涵
701,26,医家,326,329,吴竹屿
701,27,医家,351,354,杨参将
702,1,古籍来源,1,7,《齐民要术》
702,2,食材,11,13,单螯
702,3,烹饪方法,10,11,炙
702,4,食材,17,18,蛎
702,5,食材,37,38,姜
702,6,食材,39,41,桔屑
702,7,烹饪方法,15,16,炙
702,8,古籍来源,75,80,《饮食谱》
702,9,食材,81,84,西施舌
702,10,食材,86,88,单螯
702,11,食材,113,115,蛏干
702,12,食材,124,126,蛏干
702,13,烹饪方法,130,131,泡
702,14,烹饪方法,136,137,煮
702,15,烹饪方法,169,170,煨
702,16,古籍来源,184,189,《正字通》
702,17,食材,191,192,羟
702,18,食材,193,195,小蚌
702,19,食材,212,213,蚬
702,20,食材,227,229,蛏田
702,21,食材,234,236,蛏肠
702,22,古籍来源,238,244,《山堂肆考》
702,23,食材,161,162,蛏
702,24,食性,261,262,寒
702,25,功效,265,267,消渴
702,26,古籍来源,269,275,《艺苑卮言》
702,27,食材,283,284,蛭
702,28,古籍来源,289,293,《本草》
702,29,医家,293,296,陈藏器
702,30,食材,246,247,蛏
702,31,医家,322,325,李时珍
702,32,食材,329,330,蛏
702,33,食材,334,336,小蚌
702,34,食材,352,354,马刀
702,35,食材,355,357,娥燧
702,36,食材,372,374,蛏干
702,37,食材,425,428,西施舌
702,38,食材,434,436,蛤蜊
702,39,食材,472,473,蜮
702,40,食材,479,480,蚬
702,41,食材,483,484,蛤
702,42,食材,487,489,马刀
702,43,食材,510,512,螈蛙
702,44,食材,521,523,蛤鼠
702,45,食材,526,528,生蛙
702,46,食材,532,534,蛟始
702,47,食材,540,541,蛤
703,1,食材,0,2,鲜蛏
703,2,食材,4,5,蛏
703,3,食材,8,9,蛑
703,4,食材,24,26,豆腐
703,5,食材,49,51,蛤蜊
703,6,食材,101,103,水鸡
703,7,食材,152,153,蛙
703,8,食材,155,157,虾蟆
703,9,食材,183,185,田鸡
703,10,食材,194,196,土鸭
703,11,食材,217,219,蛤子
703,12,食材,257,259,坐鱼
703,13,食材,278,279,蟾
703,14,食材,299,301,蛙鱼
703,15,食材,348,349,蝈
703,16,食材,389,390,蛤
703,17,食材,383,385,虾蟆
703,18,食材,425,429,雪婴儿
703,19,食材,280,281,蛙
703,20,食材,402,404,虾蟆
703,21,食材,485,488,锦袄子
703,22,烹饪方法,3,4,烹
703,23,烹饪方法,14,15,炒
703,24,烹饪方法,94,95,炝
703,25,烹饪方法,116,118,油灼
703,26,烹饪方法,136,137,炒
703,27,烹饪方法,553,554,煮
703,28,烹饪方法,471,472,脱
703,29,烹饪方法,530,531,炝
703,30,烹饪方法,483,484,脱
703,31,医家,198,201,陶弘景
703,32,医家,227,230,李时珍
703,33,古籍来源,146,150,《本草》
703,34,古籍来源,270,275,《尔雅》
703,35,古籍来源,287,293,《东方朔传》
703,36,古籍来源,369,375,《岭表录异》
703,37,古籍来源,412,417,《清异录》
703,38,古籍来源,439,445,《南楚新闻》
703,39,食材,121,123,秋油
703,40,食材,124,126,甜酒
703,41,食材,127,129,瓜姜
704,1,古籍来源,0,10,《中国烹饪古籍丛刊》
705,1,食材,0,3,黄芽莱
705,2,食材,4,6,火腿
705,3,食材,26,28,鸡汤
705,4,食材,80,81,酒
705,5,食材,293,295,豆渣
705,6,食材,296,298,糠屑
705,7,食材,303,304,粥
705,8,食材,314,318,瓜皮莱叶
705,9,食材,274,275,猪
705,10,食材,354,356,船腿
705,11,食材,10,11,腿
705,12,食材,377,379,兰熏
705,13,食材,381,383,火腿
705,14,食材,468,470,陈腿
705,15,食材,505,507,腰封
705,16,食味,92,93,甘
705,17,食味,386,387,咸
705,18,食性,388,389,温
705,19,功效,390,394,补脾开胃
705,20,功效,396,401,滋肾生津
705,21,功效,403,406,益气血
705,22,功效,409,412,充精髓
705,23,功效,413,418,治虚劳怔忡
705,24,功效,419,424,止虚痢泄泻
705,25,功效,425,429,健腰脚
705,26,功效,431,434,愈疮漏
705,27,功效,483,488,养老补虚
705,28,烹饪方法,3,4,煨
705,29,烹饪方法,525,526,蒸
705,30,烹饪方法,152,153,腌
705,31,烹饪方法,154,155,晒
705,32,烹饪方法,157,158,蕉
705,33,烹饪方法,265,266,煮
705,34,烹饪方法,560,561,蒸
705,35,古籍来源,128,134,《东阳县志》
705,36,古籍来源,236,244,《本草纲目拾遗》
705,37,古籍来源,371,374,《谱》
706,1,食材,13,15,表螵
706,2,食材,19,21,梅螺
706,3,食材,80,82,泥酆
706,4,食材,160,162,吐铁
706,5,食材,216,220,桄花吐铁
706,6,食材,226,228,麦嫘
706,7,食材,328,330,海蜇
706,8,食材,391,395,鲱鱼
706,9,食味,237,238,咸
706,10,食性,239,240,寒
706,11,功效,241,243,补肾
706,12,功效,244,246,明目
706,13,功效,247,249,析酲
706,14,病症,45,47,头重
706,15,烹饪方法,51,53,盐渍
706,16,烹饪方法,189,191,腌蔽
706,17,烹饪方法,192,194,糟浸
706,18,烹饪方法,420,421,煮
706,19,烹饪方法,286,287,醉
706,20,烹饪方法,309,310,浸
706,21,烹饪方法,359,360,拌
706,22,古籍来源,67,73,《海味索隐》
706,23,古籍来源,101,106,《见咫编》
706,24,古籍来源,153,158,《海州志》
706,25,古籍来源,362,367,《博物志》
706,26,古籍来源,427,433,《岭表录异》
707,1,古籍来源,38,41,《谱》
707,2,食味,44,46,微苦
707,3,食味,48,49,甘
707,4,食性,50,51,凉
707,5,功效,52,55,清心神
707,6,功效,56,60,醒睡除烦
707,7,功效,61,64,凉肝胆
707,8,功效,66,70,涤热消痰
707,9,功效,71,74,肃肺胃
707,10,功效,75,79,明目解渴
707,11,病症,80,82,不渴
707,12,食材,150,151,茶
707,13,烹饪方法,95,96,炒
707,14,烹饪方法,96,97,焙
707,15,烹饪方法,154,155,切
707,16,烹饪方法,160,161,熬
707,17,食材,250,253,武夷茶
707,18,食味,264,266,浓苦
707,19,功效,120,121,清
707,20,功效,374,377,情悦性
707,21,食材,381,383,立井
707,22,食材,393,395,阳羡
708,1,古籍来源,0,5,《尔雅翼》
708,2,食材,35,37,鲇鱼
708,3,食材,47,49,缇鱼
708,4,古籍来源,111,115,《本草》
708,5,医家,115,118,陶弘景
708,6,食材,124,125,鳐
708,7,食材,98,100,鲇鱼
708,8,烹饪方法,142,143,臃
708,9,功效,145,146,补
708,10,食材,149,150,镬
708,11,食材,152,153,鲲
708,12,食材,156,157,鳐
708,13,食材,163,165,人鱼
708,14,食材,136,137,鲇
708,15,食材,168,169,鲇
708,16,食材,216,217,鲩
708,17,食材,220,222,河兆
708,18,医家,223,225,时珍
708,19,食材,203,204,鲇
708,20,食材,321,323,鲴鱼
708,21,食材,238,239,鲇
708,22,食材,256,257,鳐
708,23,古籍来源,387,391,《说文》
708,24,食材,347,348,鳐
708,25,古籍来源,400,405,《山海经》
708,26,食材,409,410,绋
708,27,古籍来源,413,417,《玉篇》
708,28,食材,419,420,鳆
708,29,食材,326,327,鲇
708,30,古籍来源,426,430,《说文》
708,31,食材,433,434,鲢
708,32,食材,316,317,鹱
708,33,食材,443,444,鱿
708,34,古籍来源,448,453,《广韵》
708,35,食材,455,456,鳏
708,36,食材,360,361,鲇
708,37,古籍来源,463,467,《广雅》
708,38,食材,362,363,鳐
708,39,食材,474,475,鳏
708,40,食材,481,482,鲅
708,41,食材,259,260,鳢
708,42,食材,528,530,人鱼
708,43,食材,533,535,儒艮
708,44,食材,556,557,鲴
708,45,食材,569,571,鳐鱼
708,46,食材,573,574,啼
708,47,食材,587,588,鲱
708,48,食材,478,479,鳏
708,49,食材,485,486,鳢
708,50,食材,613,614,鲔
708,51,食材,628,629,鳆
708,52,食材,639,640,鲤
709,1,食材,14,16,豆腐
709,2,食材,18,20,瓜茄
709,3,食材,64,65,鱼
709,4,食材,66,67,鹅
709,5,食材,68,69,鸭
709,6,食材,90,92,甲鱼
709,7,食材,110,112,鲥鱼
709,8,食材,132,134,腌蛋
709,9,食材,294,296,羊头
709,10,食材,518,521,羊头肉
709,11,食材,221,223,活鹅
709,12,食材,306,307,羊
709,13,烹饪方法,109,110,蒸
709,14,烹饪方法,220,221,炙
709,15,烹饪方法,364,365,煨
709,16,烹饪方法,382,383,跑
709,17,古籍来源,279,285,《肠谷谩录》
709,18,古籍来源,355,359,《蓍书》
709,19,古籍来源,569,573,《善书》
709,20,禁忌,45,47,暴殄
709,21,禁忌,199,207,暴殄而反累于饮食
709,22,禁忌,262,268,使之求死不得
709,23,养生原则,177,179,惜福
709,24,养生原则,250,254,物为人用
709,25,医家,275,276,犀
709,26,医家,499,502,朱洪巽
710,1,食材,368,371,石首鱼
710,2,食材,109,112,石头鱼
710,3,食材,133,135,梅鱼
710,4,食材,155,158,梅大头
710,5,食材,168,170,梅黛
710,6,食材,173,176,梅煎鱼
710,7,食材,192,194,纨鱼
710,8,食材,222,225,鲞鱼
710,9,食材,261,264,黄炙鱼
710,10,食材,266,269,小首鱼
710,11,食材,285,286,鳐
710,12,食材,338,339,鲤
710,13,食材,354,356,螋鱼
710,14,食材,380,382,兜鲇
710,15,食材,412,414,姝鱼
710,16,食材,418,420,蝤鱼
710,17,食材,426,428,梅骨
710,18,食材,432,434,梅童
710,19,食材,438,440,春来
710,20,食材,460,463,菩萨鱼
710,21,古籍来源,9,14,《游览志》
710,22,古籍来源,96,103,《临海异物志》
710,23,古籍来源,181,186,《正字通》
710,24,古籍来源,196,201,《岭表录》
710,25,古籍来源,209,213,《浙志》
710,26,古籍来源,253,258,《温海志》
710,27,古籍来源,276,283,《函史物性志》
710,28,古籍来源,316,321,《广舆记》
710,29,古籍来源,332,336,《博雅》
710,30,古籍来源,346,350,《江赋》
710,31,古籍来源,373,378,《博物志》
710,32,古籍来源,395,401,《雨航杂录》
710,33,医家,6,9,田九成
711,1,食材,7,8,椒
711,2,食材,10,12,秦椒
711,3,食材,13,15,蜀椒
711,4,食材,73,75,花椒
711,5,食材,198,200,胡椒
711,6,食材,201,204,胡椒末
711,7,食材,205,207,羊獒
711,8,食材,208,210,鱼夔
711,9,食材,211,213,蚶冀
711,10,食材,222,224,醉虾
711,11,食材,226,228,醉蚶
711,12,食材,229,232,醋搂鱼
711,13,食材,328,330,汉椒
711,14,食材,499,501,木叔
711,15,食味,170,171,辛
711,16,食性,172,173,温
711,17,功效,174,178,调中下气
711,18,功效,179,183,除湿杀虫
711,19,功效,185,189,止痛行瘀
711,20,功效,190,195,解鱼腥毒
711,21,功效,217,221,振味助鲜
711,22,医家,63,66,李时珍
711,23,古籍来源,28,34,《六书故》
711,24,古籍来源,59,63,《本革》
711,25,古籍来源,140,146,《范子计然》
711,26,古籍来源,248,254,《酉阳杂俎》
711,27,古籍来源,354,358,《本蕈》
711,28,古籍来源,484,489,《清异录》
711,29,古籍来源,493,497,《药谱》
712,1,食材,0,2,芋粉
712,2,食材,11,13,米粉
712,3,食材,26,28,野鸡
712,4,食材,36,37,藕
712,5,食材,41,42,米
712,6,食材,43,44,糖
712,7,食材,57,59,灰水
712,8,食材,72,74,嫩藕
712,9,食材,91,93,老藕
712,10,食材,118,121,稻穰糠
712,11,食材,133,134,蜜
712,12,食材,142,144,苏面
712,13,食材,177,178,栗
712,14,食材,191,194,松子仁
712,15,食材,178,180,新菱
712,16,食材,249,250,桂
712,17,食材,261,264,孙糖
712,18,食材,275,277,剌菱
712,19,食材,286,289,水红菱
712,20,食材,298,302,馄饨菱角
712,21,食材,334,336,莲子
712,22,食材,337,339,建莲
712,23,食材,344,346,湖莲
712,24,烹饪方法,4,5,磨
712,25,烹饪方法,8,9,干
712,26,烹饪方法,10,11,和
712,27,烹饪方法,21,22,制
712,28,烹饪方法,45,46,煮
712,29,烹饪方法,40,41,贯
712,30,烹饪方法,111,112,蒸
712,31,烹饪方法,122,123,揩
712,32,烹饪方法,127,128,斫
712,33,烹饪方法,134,135,灌
712,34,烹饪方法,141,142,溲
712,35,烹饪方法,146,147,封
712,36,烹饪方法,150,152,蒸熟
712,37,烹饪方法,156,157,写
712,38,烹饪方法,128,129,去
712,39,烹饪方法,162,163,削
712,40,烹饪方法,169,170,截
712,41,烹饪方法,200,201,煨
712,42,烹饪方法,283,285,生食
712,43,烹饪方法,264,266,煮食
712,44,烹饪方法,309,311,煮熟
712,45,烹饪方法,355,357,抽心
712,46,烹饪方法,163,165,去皮
712,47,烹饪方法,361,363,下汤
712,48,烹饪方法,366,368,煨之
712,49,烹饪方法,369,371,闷住
712,50,烹饪方法,371,373,合盖
712,51,禁忌,63,66,不可食
712,52,禁忌,374,378,不可开视
712,53,禁忌,379,383,不可停火
712,54,古籍来源,105,111,《齐民卖术》
712,55,食材,395,397,酥油
713,1,古籍来源,161,166,《清嘉录》
713,2,古籍来源,76,83,《吴门风土纪》
713,3,古籍来源,259,267,《桐桥倚棹录》
713,4,古籍来源,360,365,《清史稿》
713,5,古籍来源,365,371,《潸史列传》
713,6,古籍来源,403,411,《阐见阐幽录》
713,7,古籍来源,524,530,《适园丛稿》
713,8,医家,23,25,顾禄
713,9,医家,397,400,韦光黻
713,10,医家,518,521,哀学斓
713,11,医家,620,622,王韬
714,1,古籍来源,69,73,《通典》
714,2,古籍来源,90,96,《百城烟水》
714,3,古籍来源,433,439,《尚书大传》
714,4,医家,44,48,明洪文科
714,5,医家,83,85,徐崧
714,6,医家,87,90,张大纯
714,7,禁忌,162,167,忌扫地乞火
714,8,禁忌,177,180,禁倾秽
714,9,禁忌,185,193,讳暧粥及汤荼淘饭
714,10,禁忌,199,201,戒促
716,1,食材,170,172,红豆
716,2,食材,178,180,粉胸
716,3,食材,180,182,绣臆
716,4,食材,187,189,绿蛾
716,5,食材,191,193,柁楼
716,6,食材,200,202,松杉
716,7,食材,43,45,湖光
716,8,食材,60,62,金波
716,9,食材,85,87,金盆
716,10,食材,94,96,琉璃
716,11,食材,98,100,银瓶
716,12,食材,104,106,明珠
716,13,食材,110,112,老兔
716,14,食材,112,114,寒蟾
716,15,食材,119,121,鱼婢
716,16,食材,121,123,蟹奴
716,17,食材,129,131,桂旗
716,18,食材,135,137,水龙
716,19,食材,138,140,云叶
716,20,食材,147,149,海市
716,21,食材,149,151,秋风
716,22,食材,153,155,吴侬
716,23,食材,162,164,舳舻
716,24,食材,167,169,南陌
716,25,食材,175,177,绛骨
716,26,食材,184,186,歌席
716,27,食材,252,255,行春桥
716,28,食材,270,272,石湖
716,29,食材,294,298,眼目司堂
716,30,食材,299,301,桥中
716,31,食材,331,333,长桥
716,32,食材,334,336,桥畔
716,33,食材,338,340,河面
716,34,食材,342,344,月光
716,35,食材,346,348,桂轮
716,36,食材,259,260,箫
716,37,食材,410,413,上方塔
716,38,食材,413,415,铁续
716,39,食材,21,22,月
716,40,食材,436,437,地
716,41,食材,27,28,串
716,42,医家,451,454,顾嗣立
716,43,医家,209,212,邵长蘅
716,44,医家,236,239,尤酉堂
716,45,医家,310,313,沈朝初
716,46,古籍来源,313,318,《忆江南》
716,47,古籍来源,573,579,《韩昌黎巢》
716,48,古籍来源,579,586,《温飞卿诗巢》
718,1,古籍来源,0,6,《酉阳杂俎》
718,2,古籍来源,67,71,《月令》
718,3,古籍来源,79,85,《孔氏正义》
718,4,古籍来源,112,117,《白虎通》
718,5,古籍来源,129,134,《搜神记》
718,6,古籍来源,178,185,《猁楚岁时记》
718,7,古籍来源,270,276,《五行书》
718,8,古籍来源,295,299,《图经》
718,9,古籍来源,350,357,《江〉震旧志》
718,10,古籍来源,400,406,《篦新合志》
718,11,食材,123,124,鸡
718,12,食材,141,143,黄羊
718,13,食材,168,170,双鸡
718,14,食材,170,172,斗酒
718,15,食材,187,189,豚滔
718,16,食材,205,207,猪头
718,17,食材,207,209,烂肉
718,18,食材,209,212,双鱼鲜
718,19,食材,237,238,猪
718,20,食材,263,266,黄毛鲜
718,21,食材,283,285,猪头
718,22,食材,311,313,白鸡
718,23,食材,314,316,黑菽
718,24,食材,317,319,糖果
718,25,食材,339,341,白鸡
718,26,食材,380,382,鱼牲
718,27,医家,110,112,班固
718,28,医家,127,129,干宝
718,29,医家,149,151,东坡
718,30,医家,193,196,范石翩
718,31,医家,215,217,陈藻
718,32,医家,244,250,明嘉定壬槐
718,33,医家,327,330,僧道行
718,34,烹饪方法,262,263,煮
718,35,禁忌,26,27,忌
719,1,食材,3,4,菊
719,2,食材,213,215,甘菊
719,3,食材,365,367,黄雀
719,4,烹饪方法,69,70,掇
719,5,烹饪方法,85,86,掇
719,6,烹饪方法,89,90,掇
719,7,古籍来源,43,48,《菊谱略》
719,8,古籍来源,309,314,《艺菊说》
719,9,古籍来源,397,403,《艺菊须知》
719,10,古籍来源,431,438,《网见阐幽爽》
719,11,医家,40,43,范成大
719,12,医家,383,386,顾铁卿
719,13,医家,337,340,韦涟怀
719,14,医家,300,303,贝三泉
721,1,病症,21,23,疾病
721,2,病症,63,65,百病
721,3,古籍来源,41,47,"《长,元忐》"
721,4,古籍来源,116,123,《帝京景物骼》
721,5,古籍来源,144,149,《吴县志》
722,1,食材,245,246,炭
722,2,食材,254,255,茶
722,3,食材,284,287,猫狗饭
722,4,病症,219,221,注夏
722,5,病症,374,376,苦夏
722,6,烹饪方法,249,250,烹
722,7,禁忌,301,305,戒坐门槿
722,8,养生原则,212,218,入夏眠食不服
722,9,古籍来源,39,43,《吴骶》
723,1,古籍来源,126,133,《老学庵笔记》
723,2,古籍来源,329,336,《释氏要览》
723,3,古籍来源,368,379,《颜之推家训.终制篇》
723,4,古籍来源,569,574,《广异记》
723,5,医家,123,126,陆放翁
723,6,医家,244,247,晏元献
723,7,医家,390,392,晏殊
723,8,食材,153,155,素馔
723,9,食材,304,308,五味百果
723,10,食材,71,73,甘露
723,11,食材,82,83,酒
723,12,烹饪方法,174,175,焚
723,13,禁忌,63,66,不可量
723,14,病症,324,328,饿鬼之苦
723,15,病症,269,271,溽暑
723,16,病症,88,91,消愁肠
723,17,养生原则,314,321,供养十方大德佛
724,1,古籍来源,76,82,《长元吴志》
724,2,古籍来源,204,210,《平江纪事》
724,3,古籍来源,235,239,《卢志》
724,4,医家,200,203,高德基
724,5,医家,262,264,东坡
725,1,古籍来源,14,20,《吴门补乘》
725,2,古籍来源,108,113,《农家谚》
725,3,古籍来源,130,137,"《长,元吴志》"
725,4,古籍来源,143,149,《篦新合志》
725,5,古籍来源,244,248,《巢韵》
725,6,古籍来源,268,272,《禽经》
725,7,古籍来源,291,296,《坚瓠巢》
725,8,食材,338,340,茄子
725,9,食材,171,173,落苏
725,10,医家,106,108,崔定
725,11,医家,242,244,丁度
725,12,医家,287,290,褚人获
726,1,食材,23,25,馒首
726,2,食材,144,147,胶牙饧
726,3,食材,152,155,糖元宝
726,4,食材,158,160,米粉
726,5,食材,162,165,豆沙馅
726,6,食材,166,167,饵
726,7,食材,265,267,稻草
726,8,食材,271,273,青豆
726,9,食材,287,290,马料豆
726,10,食材,358,360,白米
726,11,食材,371,372,饼
726,12,烹饪方法,26,27,造
726,13,烹饪方法,29,30,祀
726,14,烹饪方法,202,204,焚化
726,15,烹饪方法,226,227,舁
726,16,烹饪方法,329,330,撒
726,17,烹饪方法,295,296,食
726,18,烹饪方法,361,362,磨
726,19,烹饪方法,95,96,作
726,20,烹饪方法,386,387,翦
726,21,烹饪方法,388,389,糊
726,22,禁忌,176,181,妇女不得预
726,23,功效,204,206,禳灾
726,24,功效,298,300,眼亮
726,25,病症,32,39,蛇蜿蜓其匕以死
726,26,古籍来源,301,307,蔡云《吴觖》
726,27,古籍来源,348,355,郭廪《送灶词》
727,1,古籍来源,304,309,《括地忐》
727,2,古籍来源,331,335,《尚书》
727,3,古籍来源,352,358,《玉堂杂记》
727,4,古籍来源,204,211,《北京岁华记》
727,5,古籍来源,257,261,《燕腻》
727,6,医家,2,5,张子容
727,7,医家,22,26,杨循吉
727,8,医家,95,97,韦庄
727,9,医家,120,123,王沂公
727,10,医家,165,168,胡复斋
727,11,医家,201,204,陆启泷
727,12,医家,228,232,欧阴原功
727,13,医家,255,257,傅咸
727,14,医家,349,352,周必大
727,15,医家,444,447,盂梏然
727,16,食材,145,146,椒
727,17,食材,181,183,黄绢
727,18,食材,174,176,红笺
727,19,食材,17,19,春书
727,20,食材,36,38,春帖
727,21,食材,54,56,春联
727,22,食材,82,84,宜春
727,23,食材,315,317,迪吉
727,24,食材,382,385,福录寿
727,25,食材,388,392,一财二喜
727,26,食材,407,411,阿弥陀佛
727,27,食材,415,423,九天应元雷普化天
727,28,病症,491,492,瘸
727,29,病症,588,589,癣
727,30,养生原则,493,497,好读书
727,31,养生原则,577,579,辞妇
727,32,养生原则,582,584,落寞
728,1,食材,286,287,羊
728,2,食材,312,314,食物
729,1,食材,9,13,糖茶果盒
729,2,食材,105,107,肴馔
729,3,食材,107,109,楮镪
729,4,食材,353,355,纸钱
729,5,食材,282,284,祭品
729,6,食材,83,84,饭
729,7,烹饪方法,13,14,展
729,8,烹饪方法,281,282,拷
729,9,烹饪方法,360,361,焚
730,1,古籍来源,56,60,《魏书》
730,2,古籍来源,60,65,《旧唐书》
730,3,古籍来源,77,83,《三国典骼》
730,4,古籍来源,198,206,《后汊.刘否传》
730,5,古籍来源,249,255,《宣和画谱》
730,6,古籍来源,264,266,道书
731,1,古籍来源,124,129,《孝经纬》
731,2,古籍来源,244,251,《周礼.春官》
732,1,食材,43,45,熊胆
732,2,食性,5,6,寒
732,3,病症,8,12,时气盛热
732,4,病症,13,14,疳
732,5,病症,18,22,小儿惊痈
732,6,禁忌,23,28,十月勿食
732,7,禁忌,29,31,伤神
732,8,病症,35,39,小儿惊痼
732,9,病症,40,42,瘼疯
732,10,食材,92,94,熊胆
732,11,食材,52,54,乳汁
732,12,食材,55,57,竹沥
732,13,功效,61,65,去心中涎
732,14,医家,88,90,张鼎
732,15,食材,177,179,熊胆
732,16,食味,146,147,苦
732,17,归经,179,182,入心
732,18,归经,183,184,肝
732,19,归经,185,186,脾
732,20,归经,3,4,胆
732,21,归经,189,192,大肠经
732,22,功效,194,198,清热镇痛
732,23,功效,199,203,明目平肝
732,24,功效,204,206,杀虫
732,25,病症,213,217,时气盛热
732,26,病症,218,220,疳蛋
732,27,古籍来源,221,226,《唐本草》
732,28,病症,230,238,时气热盛娈为黄疸
732,29,病症,239,244,暑月久利
732,30,病症,245,249,疳暨心痛
733,1,食材,0,1,酒
733,2,食疗方,2,4,紫酒
733,3,病症,7,10,角弓风
733,4,食疗方,12,15,姜2酒
733,5,病症,19,23,偏风中恶
733,6,食材,25,27,桑椹
733,7,食材,29,30,酒
733,8,功效,33,36,补五脏
733,9,功效,38,41,明耳目
733,10,功效,49,52,解烦热
733,11,功效,53,56,补虚劳
733,12,食疗方,61,63,蜜酒
733,13,病症,67,69,风疹
733,14,食材,71,73,地黄
733,15,食材,75,77,牛膝
733,16,食材,82,84,虎骨
733,17,食材,85,88,仙灵脾
733,18,食材,91,93,通草
733,19,食疗方,96,98,紫酒
733,20,食材,106,107,姜
733,21,食材,116,118,桑椹
733,22,食材,43,45,葱豉
733,23,食材,140,142,牛膝
733,24,烹饪方法,148,150,煎汁
733,25,食材,152,154,麸米
733,26,烹饪方法,154,156,酿酒
733,27,食材,146,148,牛膝
733,28,烹饪方法,163,165,切碎
733,29,烹饪方法,169,170,浸
733,30,烹饪方法,174,176,煮饮
733,31,食疗方,178,181,牛膝酒
733,32,功效,182,185,壮筋骨
733,33,病症,187,189,痿痹
733,34,功效,190,193,补虚损
733,35,功效,194,197,除久疟
733,36,食材,161,163,牛膝
733,37,食材,210,213,怀牛膝
733,38,食材,217,220,川牛膝
733,39,食材,221,224,怀牛膝
733,40,食材,227,229,百倍
733,41,食材,230,233,鸡胶骨
733,42,食材,204,206,牛膝
733,43,食味,258,259,苦
733,44,食味,259,260,酸
733,45,食性,262,263,平
733,46,归经,264,266,入肝
733,47,归经,267,270,肾二经
733,48,古籍来源,271,275,《本经》
733,49,病症,279,283,寒湿痿痹
733,50,病症,284,289,四肢拘挛
733,51,病症,290,295,膝痛不可厢
733,52,功效,296,299,逐血气
733,53,病症,300,304,伤热火烂
733,54,功效,305,307,堕胎
733,55,古籍来源,308,312,《别录》
733,56,病症,317,321,伤中少气
733,57,病症,322,326,男肾阴消
733,58,病症,327,331,老人失溺
733,59,功效,332,336,补中续绝
733,60,功效,337,339,填骨
733,61,病症,342,346,脑中痛
733,62,病症,347,350,腰脊痛
733,63,病症,351,357,妇人月水不通
733,64,病症,358,360,血结
733,65,功效,361,363,益精
733,66,功效,364,367,利阴气
733,67,功效,368,371,止发臼
733,68,食材,374,377,川牛膝
733,69,食材,387,390,川牛膝
733,70,食材,393,396,甜牛膝
733,71,食味,432,433,甘
733,72,食味,434,436,微苦
733,73,食性,438,439,平
733,74,食材,444,447,麻牛膝
733,75,食材,451,455,头花蒽草
734,1,古籍来源,8,14,《食疗本草》
734,2,医家,34,36,孟诜
734,3,医家,37,39,张鼎
734,4,食材,68,70,瓜果
734,5,食材,71,73,莱蔬
734,6,食材,74,76,草木
734,7,食材,77,79,动物
734,8,食材,80,82,米谷
734,9,烹饪方法,65,67,食用
734,10,烹饪方法,107,109,炮制
734,11,禁忌,118,122,服食禁忌
734,12,古籍来源,195,197,敦煌
735,1,食材,18,20,苦笋
735,2,食材,28,31,淡竹沥
735,3,食材,365,368,淡竹茹
735,4,食材,71,73,竹实
735,5,食材,87,88,筻
735,6,食材,516,519,筮竹叶
735,7,食材,570,573,鳘竹根
735,8,食性,34,36,大寒
735,9,食性,134,135,寒
735,10,食性,311,313,性蹇
735,11,食性,406,408,性凉
735,12,食性,523,525,性平
735,13,食味,97,98,甘
735,14,食味,95,96,苦
735,15,食味,129,130,甘
735,16,食味,113,114,苦
735,17,食味,307,308,甘
735,18,食味,118,119,苦
735,19,食味,404,405,甘
735,20,食味,131,132,苦
735,21,食味,144,145,苦
735,22,食味,157,158,苦
735,23,归经,314,316,入心
735,24,归经,317,319,胃经
735,25,功效,23,26,不发痰
735,26,功效,76,79,通神明
735,27,功效,80,82,轻身
735,28,功效,83,85,益气
735,29,功效,197,202,提神助兴
735,30,功效,203,207,清热利湿
735,31,功效,208,211,除热气
735,32,功效,212,215,止消渴
735,33,功效,216,218,明目
735,34,功效,219,222,解酒毒
735,35,功效,224,232,去面目及口腔热
735,36,功效,322,326,清热滑痰
735,37,功效,327,331,镇惊利窍
735,38,功效,332,335,请心火
735,39,功效,336,340,化痰止渴
735,40,功效,508,510,益气
735,41,功效,585,589,益气止渴
735,42,功效,590,594,补虚下气
735,43,病症,38,40,中风
735,44,病症,41,43,大热
735,45,病症,44,46,烦闷
735,46,病症,48,50,劳复
735,47,病症,61,63,噎膈
735,48,病症,64,66,鼻衄
735,49,病症,561,563,风痉
735,50,病症,411,415,胃热噎膈
735,51,病症,417,421,胃虚干呕
735,52,病症,422,427,热呃咳逆
735,53,病症,428,432,痰热恶心
735,54,病症,433,437,滔伤呕吐
735,55,病症,438,442,痰涎酸水
735,56,病症,443,447,惊悸怔忡
735,57,病症,448,453,心烦躁乱
735,58,病症,454,458,睡卧不宁
735,59,病症,534,538,咳逆上气
735,60,病症,540,544,筋急恶疡
735,61,病症,564,566,喉痹
735,62,病症,567,569,呕吐
735,63,脏腑,6,8,心肺
735,64,脏腑,8,10,五脏
735,65,烹饪方法,255,257,劈开
735,66,烹饪方法,258,260,火烤
735,67,禁忌,105,108,不宜人
735,68,禁忌,159,162,不可啖
735,69,医家,483,486,陶弘景
735,70,古籍来源,135,141,《本草图经》
735,71,古籍来源,501,505,《本经》
735,72,古籍来源,551,555,《别录》
736,1,古籍来源,46,50,《食疗》
736,2,古籍来源,27,42,《重修政和经史证类备用本草》
736,3,古籍来源,133,143,《经史证类大观本草》
736,4,古籍来源,160,166,《嘉祜本草》
736,5,古籍来源,170,180,《经史证类备用本草》
736,6,古籍来源,183,188,《医心方》
736,7,古籍来源,206,212,《延寿类要》
736,8,古籍来源,216,225,《敦煌石窒古本草》
736,9,古籍来源,228,234,《本草纲目》
736,10,古籍来源,248,256,《敦煌石室碎金》
736,11,古籍来源,278,287,《敦煌石室古本草》
736,12,古籍来源,303,309,《医方类聚》
736,13,古籍来源,333,339,《食疗本草》
737,1,食材,69,71,甘菊
737,2,食性,7,8,平
737,3,食材,10,11,叶
737,4,烹饪方法,15,16,揉
737,5,烹饪方法,18,20,作羹
737,6,食材,21,22,茎
737,7,食材,32,33,花
737,8,病症,44,48,头风目眩
737,9,病症,49,51,泪出
737,10,功效,52,55,去烦热
737,11,功效,57,60,利五藏
737,12,食材,61,65,野生苦菊
737,13,禁忌,65,68,不堪用
737,14,食材,76,78,菊花
737,15,食材,108,110,白菊
737,16,食材,111,113,滁菊
737,17,食材,114,116,贡菊
737,18,食材,117,120,杭白菊
737,19,食材,122,125,杭黄菊
737,20,古籍来源,127,131,《别录》
737,21,食材,138,139,根
737,22,食材,143,144,叶
737,23,食材,149,150,茎
737,24,食材,154,155,花
737,25,食材,160,161,实
737,26,食材,168,169,叶
737,27,食味,0,1,甘
737,28,食味,180,181,辛
737,29,食性,183,184,平
737,30,病症,195,197,头风
737,31,病症,199,201,目眩
737,32,病症,202,204,痈疽
737,33,食材,208,209,茎
737,34,食味,178,179,甘
737,35,食味,220,222,微苦
737,36,食性,224,225,凉
737,37,功效,227,231,清肝利胆
737,38,功效,232,236,明目宁心
737,39,病症,244,248,头风眩晕
737,40,病症,249,251,目翳
737,41,功效,252,257,去胸中痰饮
737,42,烹饪方法,260,262,煎汤
737,43,烹饪方法,263,265,煮粥
737,44,烹饪方法,266,268,作羹
737,45,食材,273,274,花
737,46,食味,218,219,甘
737,47,食味,294,295,苦
737,48,食性,297,298,凉
737,49,功效,300,305,疏风清热
737,50,功效,306,310,明目宁心
737,51,功效,311,315,解毒消肿
737,52,食材,320,324,野生苦菊
737,53,禁忌,324,327,不堪用
737,54,古籍来源,328,334,《本草纲目》
737,55,食味,292,293,甘
737,56,食味,343,344,苦
737,57,食材,351,353,甘菊
737,58,食材,357,359,诸菊
737,59,食材,365,368,田野菊
737,60,食材,370,372,苦薏
737,61,古籍来源,379,385,《牧竖闲谈》
737,62,功效,391,393,延龄
737,63,功效,396,398,泄人
738,1,食材,62,65,青小豆
738,2,食性,11,12,寒
738,3,功效,13,16,疗热中
738,4,功效,17,19,消渴
738,5,功效,22,24,止痢
738,6,功效,25,28,下胀满
738,7,食材,70,72,豌豆
738,8,食材,78,80,睥豆
738,9,食材,81,83,蹇豆
738,10,食材,84,86,毕豆
738,11,食材,87,89,麻累
738,12,食味,92,93,甘
738,13,食性,95,96,平
738,14,古籍来源,97,105,《千金方.食治》
738,15,食味,109,110,甘
738,16,食味,111,112,咸
738,17,食性,114,115,温
738,18,食性,116,117,平
738,19,功效,126,129,主寒热
738,20,功效,130,132,热中
738,21,功效,133,135,消渴
738,22,功效,136,139,止泄利
738,23,功效,140,143,利小便
738,24,功效,144,147,除吐逆
738,25,功效,148,150,卒溉
738,26,功效,152,156,下腹胀满
738,27,食材,160,162,麻累
738,28,食材,166,168,胡豆
738,29,医家,169,171,黄帝
738,30,食材,174,177,青小豆
738,31,食材,178,181,鲤鱼鲱
738,32,禁忌,185,195,令人肝至五年成干疳病
738,33,食材,200,202,绿豆
738,34,古籍来源,205,212,《太平圣惠方》
739,1,古籍来源,4,14,《政和经史证类本草》
739,2,古籍来源,24,29,《食疗》
739,3,医家,34,36,孟诜
739,4,医家,45,47,张鼎
739,5,古籍来源,237,243,《嘉祜本草》
739,6,医家,78,80,孟诜
739,7,古籍来源,90,95,《医心方》
739,8,医家,101,105,晤玄子张
739,9,病症,108,111,头面热
739,10,病症,118,123,头面热风
739,11,古籍来源,124,128,《敦煌》
739,12,病症,133,135,热发
739,13,禁忌,141,147,患冷人勿食之
739,14,禁忌,148,153,令人益瘦
739,15,古籍来源,162,167,《医心方》
739,16,医家,172,176,晤玄子张
739,17,医家,245,247,孟诜
739,18,古籍来源,262,266,《敦煌》
739,19,烹饪方法,295,296,投
739,20,烹饪方法,303,305,曝干
739,21,烹饪方法,307,308,纳
739,22,烹饪方法,332,333,渍
739,23,烹饪方法,354,355,浸
739,24,烹饪方法,136,137,服
740,1,食材,25,27,牛髓
740,2,功效,5,8,安五脏
740,3,功效,9,12,平三焦
740,4,功效,14,16,温中
740,5,功效,17,21,久服增年
740,6,食味,31,32,甘
740,7,食性,34,35,温
740,8,归经,37,39,入心
740,9,归经,40,43,脾二经
740,10,功效,45,49,补气养血
740,11,功效,50,54,润肺生精
740,12,功效,56,60,填补骨髓
740,13,脏腑,65,67,五脏
740,14,脏腑,71,72,心
740,15,脏腑,73,74,肝
740,16,脏腑,75,76,脾
740,17,脏腑,77,78,肺
740,18,脏腑,79,80,肾
740,19,脏腑,82,84,三焦
740,20,脏腑,96,98,上焦
740,21,脏腑,119,121,中焦
740,22,脏腑,145,147,下焦
740,23,脏腑,99,100,胃
740,24,脏腑,140,141,胆
740,25,脏腑,149,150,大
740,26,脏腑,151,153,小豚
740,27,脏腑,154,156,肾脏
740,28,脏腑,157,159,膀胱
740,29,脏腑,160,162,肛门
740,30,脏腑,183,185,中焦
740,31,脏腑,192,194,胸膈
740,32,脏腑,195,196,腹
740,33,脏腑,197,199,胃部
740,34,功效,176,178,温中
740,35,功效,207,214,温暖胸腹部脏器
741,1,食材,75,77,驴皮
741,2,病症,10,11,疟
741,3,烹饪方法,17,18,煎
741,4,食材,22,23,胶
741,5,病症,28,30,风毒
741,6,病症,31,34,骨节痛
741,7,病症,35,39,呻吟不止
741,8,古籍来源,59,65,《嘉裕本草》
741,9,医家,67,69,孟诜
741,10,食材,94,97,驴皮胶
741,11,食材,101,104,傅致胶
741,12,食材,106,109,盆覆胶
741,13,食材,117,119,阿胶
741,14,食味,185,186,甘
741,15,食性,139,140,平
741,16,归经,190,192,入肺
741,17,归经,195,196,肝
741,18,归经,197,199,肾经
741,19,功效,201,205,滋阴补血
741,20,功效,206,210,益气安神
741,21,功效,211,215,添精固肾
741,22,功效,216,220,强坚筋骨
741,23,古籍来源,229,235,《本草经疏》
741,24,病症,243,247,女孑下血
741,25,病症,248,251,腹内崩
741,26,病症,252,260,劳极洒洒如疟状
741,27,病症,261,264,腰腹痛
741,28,病症,265,269,四肢酸疼
741,29,病症,271,274,胎不安
741,30,病症,277,280,少腹痛
741,31,病症,281,285,虚劳羸瘦
741,32,病症,287,291,阴气不足
741,33,病症,292,298,脚酸不能久立
741,34,脏腑,308,310,肝肾
741,35,功效,316,320,补肝益血
742,1,食材,181,183,罗勒
742,2,食味,7,8,辛
742,3,食性,9,10,温
742,4,功效,14,18,调中消食
742,5,功效,20,23,去恶气
742,6,功效,24,27,消水气
742,7,病症,36,40,齿根烂疮
742,8,禁忌,54,57,壅关节
742,9,禁忌,58,61,涩荣卫
742,10,禁忌,62,67,令血脉不行
742,11,禁忌,71,77,动风发脚气
742,12,病症,78,80,患畹
742,13,烹饪方法,94,95,煮
742,14,食材,98,99,子
742,15,病症,104,110,目臀及物入目
742,16,病症,134,138,风赤眵泪
742,17,食材,140,141,根
742,18,病症,145,150,小儿黄烂疮
742,19,烹饪方法,152,154,烧灰
742,20,食材,215,217,罗勒
742,21,食材,187,189,香莱
742,22,食材,190,193,翳子草
742,23,食材,194,197,九层塔
742,24,食材,198,201,苏薄荷
742,25,食材,202,205,省头草
742,26,食性,249,250,温
742,27,功效,252,256,疏风行气
742,28,功效,257,261,消食除哕
742,29,功效,262,265,活血化
742,30,功效,268,270,解毒
742,31,医家,283,286,罗天益
742,32,食材,289,291,兰香
742,33,食味,246,247,辛
742,34,食性,294,295,温
742,35,功效,297,301,和血润燥
742,36,医家,304,308,掌禹锡
742,37,禁忌,276,280,血脉不行
742,38,医家,326,330,东垣李氏
742,39,病症,331,335,牙疼口臭
742,40,食疗方,337,340,神功丸
742,41,食材,342,344,兰香
742,42,功效,349,352,去恶气
742,43,古籍来源,356,362,《饮膳正要》
742,44,功效,374,377,辟腥气
742,45,食材,384,385,子
742,46,食材,387,390,罗勒子
742,47,食材,392,395,兰香子
742,48,食材,396,399,光明子
742,49,食味,410,412,甘辛
742,50,食性,242,243,凉
742,51,病症,419,423,目昏浮翳
742,52,病症,424,428,拳毛倒睫
742,53,病症,429,431,多眵
742,54,病症,433,436,口腔臭
742,55,病症,437,439,齿黑
742,56,病症,440,445,走马牙疳
742,57,古籍来源,455,460,《邺中记》
742,58,食材,472,474,罗勒
742,59,食材,475,477,香菜
743,1,食材,129,131,婿脂
743,2,食味,135,136,甘
743,3,食性,138,139,平
743,4,功效,140,142,无毒
743,5,古籍来源,143,149,《本草拾遗》
743,6,功效,152,155,主耳聋
743,7,古籍来源,164,171,《日华子本草》
743,8,功效,174,179,治肠风鸨血
743,9,食材,29,31,桔梗
743,10,食味,239,241,苦辛
743,11,食性,243,244,平
743,12,归经,245,247,入肺
743,13,归经,248,250,胃经
743,14,功效,252,256,宣通肺气
743,15,功效,257,262,祛痰排脓
743,16,食材,32,35,麦门冬
743,17,食味,313,314,甘
743,18,食味,315,317,徵苦
743,19,食性,319,320,褰
743,20,功效,322,327,养阴润肺
743,21,功效,328,332,除烦清心
743,22,功效,333,337,益胃生津
744,1,食材,37,40,天门冬
744,2,食材,43,45,满冬
744,3,食材,46,48,颠棘
744,4,食材,49,51,菅松
744,5,食材,52,54,浣草
744,6,食材,55,58,万岁藤
744,7,食材,59,62,白罗衫
744,8,食材,63,67,多儿母
744,9,食材,69,73,大当门根
744,10,功效,13,16,补虚劳
744,11,功效,18,21,治肺劳
744,12,功效,23,25,止渴
744,13,功效,27,30,去热风
744,14,食味,288,289,甘
744,15,食味,290,291,苦
744,16,食性,293,294,寒
744,17,归经,295,297,入肺
744,18,归经,298,300,肾经
744,19,功效,302,304,滋阴
744,20,功效,305,307,润燥
744,21,功效,309,311,清肺
744,22,功效,312,314,降火
744,23,病症,320,322,虚劳
744,24,病症,332,336,虚劳绝伤
744,25,病症,337,343,老年衰损羸瘦
744,26,病症,344,348,偏枯不随
744,27,病症,349,353,风湿不仁
744,28,病症,354,356,冷痹
744,29,病症,357,361,心腹积聚
744,30,病症,362,364,恶疮
744,31,病症,365,369,痈疽肿癞
744,32,病症,372,374,阴痿
744,33,病症,375,378,耳聋
744,34,病症,379,381,目暗
744,35,病症,384,386,肺劳
744,36,病症,397,401,肺气咳逆
744,37,病症,403,407,喘息促急
744,38,病症,417,423,肺痿生痈吐脓
744,39,病症,425,427,湿疥
744,40,病症,429,431,消渴
744,41,病症,434,437,热中风
744,42,病症,456,460,心病嗌干
744,43,病症,461,463,心痛
744,44,病症,464,468,渴而欲饮
744,45,病症,469,473,痿飚嗜卧
744,46,病症,475,479,足下热痛
744,47,病症,516,520,五劳七伤
744,48,病症,522,526,肺气并嗽
744,49,病症,527,529,消痰
744,50,病症,530,534,风痹热毒
744,51,病症,535,537,游风
744,52,病症,538,543,烦闷吐血
744,53,古籍来源,323,328,《千金方》
744,54,古籍来源,387,392,《药性论》
744,55,古籍来源,485,492,《日华子本草》
744,56,医家,449,452,玉好古
745,1,食性,9,10,平
745,2,功效,11,17,主肝家热毒气
745,3,病症,21,25,风眼赤泪
745,4,烹饪方法,41,43,水吞
745,5,食材,217,220,决明子
745,6,食材,107,109,羊明
745,7,食材,110,112,羊角
745,8,食材,118,121,还瞳子
745,9,食材,122,126,狗屎豆
745,10,食材,127,130,马蹄子
745,11,食材,131,134,千里光
745,12,食材,135,138,假绿豆
745,13,食味,156,158,微苦
745,14,归经,220,222,走肝
745,15,归经,223,226,肾两经
745,16,功效,234,238,通便利水
745,17,病症,242,245,高血压
745,18,病症,246,248,肝炎
745,19,病症,249,254,肝硬化腹水
745,20,功效,255,262,降低血清胆甾醇
746,1,食材,0,7,鳜鲼鱼
746,2,食材,57,59,芦根
746,3,烹饪方法,59,60,煮
746,4,食材,49,51,鲈鱼
746,5,古籍来源,111,117,《幕祜本草》
746,6,食材,142,144,河豚
746,7,食材,152,154,赤鲑
746,8,食材,155,157,鲧鲐
746,9,食材,158,160,嫩鱼
746,10,食材,161,163,鲂鱼
746,11,食材,164,167,吹肚鱼
746,12,食材,168,171,气泡鱼
746,13,食材,172,175,胡夷鱼
746,14,脏腑,22,23,肝
746,15,脏腑,225,226,脾
746,16,脏腑,227,229,血液
746,17,禁忌,16,20,不可食之
746,18,禁忌,231,239,食用时应除去内脏
746,19,禁忌,273,279,以不吃为宜
747,1,食材,113,115,野鸭
747,2,功效,11,13,补中
747,3,功效,14,16,益气
747,4,功效,17,19,消食
747,5,食性,35,36,寒
747,6,功效,37,40,不动气
747,7,功效,41,46,消十二种虫
747,8,功效,47,50,平胃气
747,9,功效,51,53,调中
747,10,功效,54,56,轻身
747,11,病症,58,64,身上诸小热疮
747,12,病症,65,70,多年不可者
747,13,功效,180,182,补虚
747,14,功效,183,185,助力
747,15,功效,186,189,和胃气
747,16,功效,190,192,消食
747,17,功效,193,201,治热毒风及恶疮疬
747,18,功效,202,209,杀腹藏一切虫
747,19,古籍来源,93,99,《嘉祜本草》
747,20,医家,101,103,盂诜
747,21,古籍来源,128,132,《尸子》
747,22,古籍来源,162,169,《日华子本草》
748,1,食材,3,4,艾
748,2,食材,5,10,干者并煎者
748,3,病症,18,20,金疮
748,4,病症,21,23,崩中
748,5,病症,25,27,霍乱
748,6,病症,453,456,止胎漏
748,7,食材,44,46,生姜
748,8,病症,51,53,泻痢
748,9,食材,56,58,艾叶
748,10,食材,73,75,冰台
748,11,食材,76,78,艾蒿
748,12,食材,79,81,医草
748,13,食材,82,84,灸草
748,14,食材,86,89,野莲头
748,15,食材,90,94,狼尾蒿子
748,16,食材,141,143,野艾
748,17,食材,147,149,火艾
748,18,食材,150,153,五月艾
748,19,食味,166,167,苦
748,20,食味,167,168,辛
748,21,食性,170,171,温
748,22,归经,173,175,入脾
748,23,归经,176,177,肝
748,24,归经,178,180,肾经
748,25,功效,209,212,理气血
748,26,功效,213,218,温经逐寒湿
748,27,功效,220,224,止血止痢
748,28,功效,225,227,安胎
748,29,功效,228,231,治带下
748,30,功效,233,238,疗皮肤疥癣
748,31,功效,239,241,痈疡
748,32,病症,255,259,慢性胃炎
748,33,病症,260,264,胃寒作痛
748,34,病症,266,270,慢性肠炎
748,35,病症,271,276,腹胀不思食
748,36,病症,277,280,寒腿痛
748,37,病症,283,287,钩蚴皮炎
748,38,病症,302,306,慢性皮炎
748,39,病症,307,310,寻常疣
748,40,病症,321,325,急性菡痢
748,41,病症,326,329,间日疟
748,42,病症,330,335,慢性气管炎
748,43,病症,345,350,慢性肝炎
748,44,病症,351,353,黄疸
748,45,古籍来源,366,373,《养生必用方》
748,46,病症,375,379,妇人崩中
748,47,病症,380,384,连日不止
748,48,食材,390,393,熟艾
748,49,食材,398,400,阿胶
748,50,食材,408,410,干姜
748,51,烹饪方法,418,419,煮
748,52,烹饪方法,431,433,烊化
748,53,古籍来源,457,462,《肘后方》
748,54,病症,463,470,妊娠率胎动不安
748,55,病症,473,475,腰痛
748,56,病症,477,481,胎转抢心
748,57,病症,484,488,下血不止
748,58,食材,159,161,艾叶
748,59,烹饪方法,507,508,煮
749,1,食材,112,114,胡椒
749,2,病症,8,12,五脏风冷
749,3,病症,14,19,冷气心腹痛
749,4,烹饪方法,25,26,服
749,5,食味,217,218,辛
749,6,食性,220,221,热
749,7,功效,306,310,温中下气
749,8,功效,311,315,驱寒止痛
749,9,功效,316,318,解毒
749,10,禁忌,337,341,不可过服
749,11,古籍来源,349,354,《唐本草》
749,12,古籍来源,382,388,《海药本草》
749,13,病症,392,397,胃口气虚冷
749,14,病症,398,402,宿食不消
749,15,病症,404,409,霍乱气逆
749,16,病症,410,414,心腹卒痛
749,17,病症,415,419,冷气上冲
749,18,功效,420,422,和气
750,1,食材,2,3,盐
750,2,食材,125,127,食盐
750,3,食材,141,143,咸蹉
750,4,食材,234,236,大盐
750,5,食材,80,83,槐白皮
750,6,食材,295,297,槐皮
750,7,食材,370,372,皂荬
750,8,食材,377,379,皂角
750,9,食材,380,383,鸡栖子
750,10,食材,384,386,悬刀
750,11,食味,180,181,咸
750,12,食味,299,300,苦
750,13,食味,448,449,辛
750,14,食性,183,184,寒
750,15,食性,302,303,平
750,16,食性,313,314,湿
750,17,归经,185,187,入胃
750,18,归经,188,189,肾
750,19,归经,190,194,大小肠经
750,20,功效,305,309,消肿止痛
750,21,功效,480,483,祛风邪
750,22,功效,484,487,除湿毒
750,23,功效,489,491,杀虫
750,24,病症,6,11,蠼螋尿疮
750,25,病症,44,47,一切气
750,26,病症,48,50,脚气
750,27,病症,203,207,下部鳘疮
750,28,病症,209,214,伤寒寒热
750,29,病症,215,220,吐胸中痰癖
750,30,病症,221,225,心腹卒痛
750,31,病症,239,244,肠胃结热
750,32,病症,245,247,喘逆
750,33,病症,248,251,胸中满
750,34,病症,325,331,中风皮肤不仁
750,35,病症,332,336,口齿风疳
750,36,病症,337,339,喉痹
750,37,病症,340,345,肠风下血
750,38,病症,346,350,阴部搔痒
750,39,病症,351,355,阴囊坠肿
750,40,病症,356,358,痔疮
750,41,病症,359,361,恶疮
750,42,病症,362,366,汤火烫伤
750,43,烹饪方法,23,24,煮
750,44,烹饪方法,57,58,蒸
750,45,烹饪方法,114,115,烧
750,46,烹饪方法,121,122,研
750,47,古籍来源,195,199,《别录》
751,1,食材,46,49,薏苡仁
751,2,食性,10,11,平
751,3,病症,13,17,千湿脚气
751,4,食材,0,7,薏苡仁
751,5,食材,54,56,起突
751,6,食材,57,59,感米
751,7,食材,60,63,薏珠子
751,8,食材,64,67,回回米
751,9,食材,68,71,草珠儿
751,10,食材,73,76,菩提子
751,11,食材,77,79,苡米
751,12,食材,80,83,尿珠子
751,13,食材,84,87,催生子
751,14,食味,91,92,甘
751,15,食性,96,97,凉
751,16,归经,99,101,入脾
751,17,归经,102,103,肺
751,18,归经,104,107,肾经
751,19,功效,109,113,健脾利湿
751,20,功效,114,118,补肺请热
751,21,功效,119,123,去风胜湿
751,22,功效,124,127,利筋脉
751,23,食材,135,137,粳米
751,24,烹饪方法,137,139,煮粥
751,25,烹饪方法,142,144,酿滔
751,26,病症,152,158,风湿性关节炎
751,27,病症,160,163,水肿
751,28,病症,165,169,胸中邪气
751,29,功效,172,175,通筋络
751,30,功效,176,179,活血脉
751,31,功效,180,183,健脾胃
751,32,古籍来源,37,41,嘉祜本草
752,1,食材,150,152,狗胆
752,2,食味,156,157,苦
752,3,食性,159,160,寒
752,4,归经,162,167,入足少阳胆
752,5,归经,168,173,足厥阴肝经
752,6,功效,175,179,止血消肿
752,7,功效,180,184,清肝明目
752,8,功效,184,190,去诸疥癣疮疾
752,9,病症,191,195,痞块疳积
752,10,病症,196,200,跌扑损伤
752,11,病症,201,204,刀箭伤
752,12,功效,20,22,明目
752,13,病症,219,224,眼痒急赤涩
752,14,病症,249,255,醇耳脓水不止
752,15,食材,258,260,狗胆
752,16,食材,266,268,白矾
752,17,食材,285,287,猪脂
752,18,功效,312,316,消脓排水
752,19,古籍来源,133,139,《嘉祜本草》
752,20,医家,141,143,孟诜
752,21,古籍来源,213,218,《圣惠方》
752,22,古籍来源,243,248,《圣惠方》
753,1,食材,0,1,鹅
753,2,食材,66,68,鹅肉
753,3,食性,10,11,冷
753,4,禁忌,12,16,不可多食
753,5,禁忌,17,22,令人易霍乱
753,6,病症,36,38,痼疾
753,7,古籍来源,50,56,《嘉祜本草》
753,8,医家,58,60,孟诜
753,9,食材,71,76,鹅又名舒雁
753,10,食材,77,79,家雁
753,11,食材,81,83,苍鹅
753,12,食材,85,87,白鹅
753,13,古籍来源,90,97,《日华子本草》
753,14,食性,103,104,冷
753,15,食性,181,182,凉
753,16,归经,116,118,入脾
753,17,归经,119,121,肺经
753,18,功效,123,127,益气补虚
753,19,功效,129,133,和胃止渴
753,20,病症,135,137,虚羸
753,21,古籍来源,150,156,《本草求真》
753,22,食味,163,164,甘
753,23,食味,169,170,辛
753,24,食性,179,180,平
753,25,脏腑,190,192,五脏
753,26,病症,209,213,体实气燥
754,1,食材,45,47,猪肚
754,2,食味,51,52,甘
754,3,食性,54,55,温
754,4,食性,67,69,微寒
754,5,功效,73,78,补中益气
754,6,功效,79,81,止渴
754,7,病症,83,87,暴利虚弱
754,8,病症,100,104,骨蒸热劳
754,9,病症,106,111,血脉不行
754,10,功效,112,116,补羸助气
754,11,病症,131,132,带
754,12,病症,133,134,浊
754,13,病症,135,137,遗精
754,14,功效,148,151,补脾胃
754,15,脏腑,164,166,脾胃
754,16,功效,185,188,补虚损
754,17,病症,194,198,骨蒸劳热
754,18,功效,209,213,补益脾胃
754,19,病症,222,224,虚劳
754,20,脏腑,233,235,五脏
754,21,古籍来源,26,32,《嘉祜本草》
754,22,医家,34,36,孟诜
754,23,古籍来源,90,96,《本草图经》
754,24,古籍来源,118,126,《随息居饮食谱》
754,25,古籍来源,155,161,《本草经疏》
754,26,古籍来源,179,184,《日华子》
754,27,医家,191,193,苏颂
756,1,食材,4,7,白鸭肉
756,2,功效,15,17,补虚
756,3,功效,19,22,消毒热
756,4,功效,323,326,利水道
756,5,病症,31,36,小儿热惊痈
756,6,病症,38,42,头生疮肿
756,7,食材,45,46,葱
756,8,食材,48,49,豉
756,9,烹饪方法,49,51,作汁
756,10,烹饪方法,53,55,饮汁
756,11,病症,57,60,卒烦热
756,12,食材,62,65,黑鸭肉
756,13,功效,71,73,滑中
756,14,病症,75,77,冷痢
756,15,病症,80,82,脚气
756,16,禁忌,83,88,不可食之
756,17,古籍来源,100,106,《嘉祜本草》
756,18,医家,108,110,孟诜
756,19,食材,141,144,白鸭肉
756,20,食味,164,165,甘
756,21,食味,166,167,咸
756,22,食性,170,171,平
756,23,病症,175,179,痨热骨蒸
756,24,病症,180,182,咳嗽
756,25,病症,183,185,水肿
756,26,功效,187,189,补虚
756,27,古籍来源,190,196,《本经逢原》
756,28,功效,199,203,温中补虚
756,29,功效,204,208,扶阳利水
756,30,病症,214,221,男子阳气不振
756,31,病症,228,232,患水肿人
756,32,功效,238,241,消毒热
756,33,古籍来源,242,248,《医林纂要》
756,34,功效,253,261,泻肾中之积水妄热
756,35,功效,262,271,行脉中之邪湿痪沫
756,36,病症,274,283,劳热骨蒸之真阴有亏
756,37,病症,286,291,邪遢之生热
756,38,功效,299,303,滋阴行水
756,39,功效,305,308,去劳热
756,40,病症,313,315,咳嗽
756,41,病症,318,320,热痢
756,42,功效,24,28,利水道
756,43,古籍来源,327,333,《本草纲目》
756,44,功效,342,347,治水利小便
756,45,食材,350,355,青头雄鸭
756,46,病症,357,361,虚劳热毒
756,47,食材,364,368,鸟骨白鸭
757,1,食材,56,58,紫苏
757,2,食味,240,241,辛
757,3,食性,243,244,温
757,4,归经,245,247,入肺
757,5,归经,248,250,脾经
757,6,古籍来源,251,258,《日华子本草》
757,7,功效,262,266,补中益气
757,8,功效,267,272,治心腹胀满
757,9,功效,273,278,止霍乱转筋
757,10,功效,279,283,开胃下食
757,11,病症,9,11,寒热
757,12,病症,13,15,冷气
757,13,病症,293,298,慢性气管炎
757,14,病症,301,303,止咳
757,15,病症,304,306,平喘
757,16,病症,307,309,祛痰
757,17,医家,35,37,孟诜
757,18,古籍来源,27,33,《嘉祜本草》
759,1,食材,531,533,乳酪
759,2,食材,67,69,油饼
759,3,食材,198,199,葵
759,4,食材,29,30,酒
759,5,食材,608,610,下酒
759,6,食材,615,617,饮食
760,1,食材,0,1,枣
760,2,食材,1,2,栗
760,3,食材,2,4,牲牢
761,1,食材,300,302,云母
761,2,食材,303,305,蘖本
761,3,食材,306,308,茵芋
761,4,食材,309,311,鬼臼
761,5,食材,312,314,木餐
761,6,食材,328,330,地黄
761,7,食材,331,333,牛膝
761,8,食材,342,344,干葚
761,9,食材,352,356,蛇庆子
761,10,食材,357,360,白石生
761,11,食材,361,364,踯躅花
761,12,食材,377,379,白芷
761,13,食材,380,384,千金草
761,14,食材,389,392,威灵仙
761,15,食材,393,395,茱萸
761,16,食材,396,398,译兰
761,17,食材,399,401,鬼箭
761,18,食材,402,404,乌药
761,19,食材,405,407,蓟藤
761,20,食材,408,412,覆盆子
761,21,食材,413,416,麦门冬
761,22,食材,417,419,白芨
761,23,食材,420,422,牵牛
761,24,食材,423,426,地骨皮
761,25,食材,427,430,牛蒡子
761,26,食材,431,433,地肤
761,27,食材,434,436,百合
761,28,食材,437,441,香附子
761,29,食材,442,444,干葛
761,30,食材,450,452,木通
761,31,食材,453,456,何首乌
761,32,食材,457,460,刘寄奴
761,33,食材,468,470,藜芦
761,34,食材,471,473,草鸟
761,35,食材,474,476,蓁皮
761,36,食材,477,480,百郜根
761,37,食材,486,488,菖蒲
761,38,食材,489,492,桑白皮
761,39,食材,494,496,当药
761,40,食材,497,499,荆芥
761,41,食材,500,502,薄荷
761,42,食材,503,505,桨苏
761,43,食材,506,509,天南星
761,44,食材,516,519,天花粉
761,45,食材,523,526,马兜铃
761,46,食材,527,530,桩白皮
761,47,食材,531,534,白鲜皮
761,48,食材,535,539,石竹子耀
761,49,食材,540,542,山蓣
761,50,食材,543,545,黄精
761,51,食材,554,556,枸杞
761,52,食材,557,559,茯苓
761,53,食材,560,562,半夏
761,54,食材,563,565,贯众
761,55,食材,566,569,地扁蓄
761,56,食材,570,573,苦练皮
761,57,食材,574,577,益母草
761,58,食材,586,589,山豆根
761,59,食材,590,593,牡丹皮
761,60,食材,594,597,车前子
761,61,食材,598,600,石膏
761,62,食材,625,628,寒水石
761,63,食材,644,647,瓜蒌根
761,64,古籍来源,317,321,《水草》
762,1,食材,402,403,牛
762,2,食材,29,31,骆驼
762,3,食材,32,34,毡兜
762,4,食材,34,36,铜铎
762,5,食材,39,42,三佛齐
762,6,食材,43,45,瘦脊
762,7,食材,48,50,绯衣
762,8,食材,54,57,佛面
762,9,食材,60,62,甫蛮
762,10,食材,68,70,椎髻
762,11,食材,70,72,鸟毡
762,12,食材,76,78,僧人
762,13,食材,88,90,汉装
762,14,食材,90,92,锦袄
762,15,食材,98,100,真腊
762,16,食材,101,103,大理
762,17,食材,104,106,大石
762,18,食材,117,119,大辽
762,19,食材,128,130,夏囤
762,20,食材,137,139,高丽
762,21,食材,151,153,回纥
762,22,食材,161,164,诸番国
762,23,食材,165,169,瞻云馆
762,24,食材,170,173,怀远驿
762,25,食材,197,201,大相囤寺
762,26,食材,207,210,甫御苑
762,27,食材,210,212,射弓
762,28,食材,219,222,武臣
762,29,食材,230,233,三节人
762,30,食材,239,242,招箭班
762,31,食材,245,247,垛子
762,32,食材,254,256,弩子
762,33,食材,263,267,小幞头子
762,34,食材,267,270,锦袄子
762,35,食材,272,274,辽人
762,36,食材,284,286,榕箭
762,37,食材,314,316,弓箭
762,38,食材,321,323,闹装
762,39,食材,324,329,银鞍马
762,40,食材,329,331,衣着
762,41,食材,332,336,金银器物
762,42,食材,344,346,京师
762,43,食材,346,349,市井儿
762,44,食材,353,355,口号
762,45,食材,356,358,观者
762,46,食材,374,376,灯山
762,47,食材,419,421,春牛
762,48,食材,404,406,禁中
762,49,食材,406,408,鞭春
762,50,食材,397,399,开封
762,51,食材,412,414,祥符
762,52,食材,422,424,府前
762,53,食材,430,432,府僚
762,54,食材,432,434,打春
762,55,食材,436,439,方州仪
762,56,食材,446,448,百姓
762,57,食材,449,452,小春牛
762,58,食材,455,459,花装栏坐
762,59,食材,462,466,百戏人物
762,60,食材,467,469,春幡
762,61,食材,470,472,雪柳
762,62,食材,481,483,宰执
762,63,食材,483,485,亲壬
762,64,食材,485,487,百官
762,65,食材,490,494,金银幡胜
762,66,食材,502,504,私笫
762,67,食材,516,518,元宵
762,68,食材,511,516,正月十五日
762,69,食材,520,522,大内
762,70,食材,526,528,冬至
762,71,食材,531,534,开封府
762,72,食材,536,539,山棚
762,73,食材,541,543,立木
762,74,食材,545,548,宣德楼
762,75,食材,550,552,游人
762,76,食材,554,556,御街
762,77,食材,556,558,两廊
762,78,食材,560,564,奇术异能
762,79,食材,565,566,歌
763,1,古籍来源,0,10,《中国烹饪古籍丛刊》
764,1,古籍来源,264,298,《扇盖初临楼槛外。卷黛敞坐正临轩。要令祭泽该方国。先示尧民肆罪恩。
767,1,食材,125,127,环饼
767,2,食材,128,130,油饼
767,3,食材,131,133,枣塔
767,4,食材,180,181,猪
767,5,食材,182,183,羊
767,6,食材,184,185,鸡
767,7,食材,186,187,鹅
767,8,食材,194,195,葱
767,9,食材,195,196,韭
767,10,食材,198,199,蒜
767,11,食材,200,201,醋
767,12,食材,209,212,浆水饭
768,1,古籍来源,57,60,绍兴间
768,2,古籍来源,172,178,太平兴囤旧制
768,3,古籍来源,433,437,天圣故事
768,4,古籍来源,545,549,东太乙例
769,1,食材,41,43,糯米
769,2,食材,55,56,盐
769,3,食材,253,254,酒
769,4,食材,313,314,醋
769,5,食材,396,398,白地
769,6,食材,472,473,鱼
770,1,古籍来源,170,177,《晋书舆服忐》
770,2,古籍来源,178,183,《汊卤簿》
770,3,古籍来源,542,547,《开元礼》
770,4,古籍来源,595,599,《尔雅》
771,1,食材,75,77,果食
771,2,食材,77,81,种生花果
771,3,食材,180,182,练叶
771,4,食材,193,198,麻谷窠儿
771,5,食材,219,222,鸡冠花
771,6,食材,240,242,素食
771,7,食材,247,250,襟米饭
771,8,食材,265,268,转明菜
771,9,食材,269,273,花花油饼
771,10,食材,274,276,竣赚
771,11,食材,277,280,沙搛
771,12,食材,353,355,楸叶
771,13,食材,375,377,瓜果
771,14,食材,377,378,梨
771,15,食材,378,379,枣
771,16,食材,391,393,灵枣
771,17,食材,394,396,牙枣
771,18,食材,397,400,青州枣
771,19,食材,402,405,亳州枣
771,20,食材,406,408,鸡头
771,21,食材,457,459,荷叶
771,22,食材,463,465,麝香
771,23,食材,467,471,红小索儿
771,24,食材,487,490,银皮子
771,25,烹饪方法,48,49,煳
771,26,烹饪方法,100,101,斫
771,27,烹饪方法,112,113,织
771,28,烹饪方法,133,134,焚
771,29,烹饪方法,364,365,剪
771,30,烹饪方法,459,460,包
771,31,烹饪方法,461,462,糁
771,32,烹饪方法,201,202,系
771,33,古籍来源,88,95,《尊胜目连经》
772,1,古籍来源,520,523,梦华录
773,1,食材,8,9,茶
773,2,食材,11,14,宝云茶
773,3,食材,15,18,香林茶
773,4,食材,19,22,白云茶
773,5,食材,98,99,盐
773,6,食材,158,159,蜜
773,7,食材,160,161,蜡
773,8,食材,162,163,纸
773,9,食材,170,172,藤纸
773,10,食材,177,180,小井纸
773,11,食材,186,189,赤亭纸
773,12,食材,221,223,苔心
773,13,食材,226,228,矮黄
773,14,食材,229,232,大白头
773,15,食材,233,236,小白头
773,16,食材,237,239,夏菘
773,17,食材,240,242,黄芽
773,18,食材,272,274,芥菜
773,19,食材,275,277,生莱
773,20,食材,278,281,菠裱莱
773,21,食材,283,285,莴苣
773,22,食材,286,288,苦荬
773,23,食材,289,290,葱
773,24,食材,291,292,薤
773,25,食材,293,294,韭
773,26,食材,295,297,大蒜
773,27,食材,298,300,小蒜
773,28,食材,301,303,紫痂
773,29,食材,304,306,水茆
773,30,食材,307,309,梢瓜
773,31,食材,311,313,赘瓜
773,32,食材,314,316,葫芦
773,33,食材,318,320,冬瓜
773,34,食材,321,323,瓠子
773,35,食材,324,325,芋
773,36,食材,326,328,山药
773,37,食材,329,331,牛蒡
773,38,食材,332,334,茭白
773,39,食材,335,337,蕨莱
773,40,食材,338,340,萝卜
773,41,食材,341,344,甘髂子
773,42,食材,345,347,水芹
773,43,食材,348,350,芦笋
773,44,食材,351,354,鸡头莱
773,45,食材,355,358,藕条菜
773,46,食材,359,360,葚
773,47,食材,361,363,葚芽
773,48,食材,364,367,新簋
773,49,食材,371,372,菌
773,50,食材,381,384,黄耳蕈
773,51,食材,420,422,玉蕈
773,52,食材,429,432,茅蕈
773,53,食材,440,442,竹菇
773,54,食材,461,462,桔
773,55,食材,470,471,橙
773,56,食材,477,478,梅
773,57,食材,497,499,蒲芦
773,58,古籍来源,387,390,东坡诗
773,59,烹饪方法,149,150,煮
773,60,禁忌,500,504,羡黑勿食
774,1,古籍来源,203,210,《宜圣御'赞》
775,1,食材,0,1,钟
775,2,食材,3,6,日景钟
775,3,食材,8,10,节鼓
775,4,食材,12,13,琴
775,5,食材,18,19,筝
775,6,食材,26,27,箫
775,7,食材,28,29,管
775,8,食材,51,52,笙
775,9,食材,59,60,箫
775,10,食材,185,187,铜铙
775,11,食材,187,189,响环
775,12,食材,205,207,铜瓮
775,13,食材,237,238,枧
775,14,食材,271,272,敌
775,15,食材,481,483,玉爵
775,16,食材,351,352,盏
775,17,食材,513,515,玉册
775,18,食材,535,537,燎炉
775,19,食材,571,572,龛
775,20,食材,83,85,宫架
775,21,食材,88,89,竿
775,22,食材,94,96,介帻
775,23,食材,97,99,笼巾
775,24,食材,100,103,绯宽衫
775,25,食材,104,106,勒帛
775,26,食材,121,123,横板
775,27,食材,125,127,皂服
775,28,食材,129,131,朱裙
775,29,食材,133,134,履
775,30,食材,148,150,紫襄
775,31,食材,153,155,笛管
775,32,食材,155,157,结带
775,33,食材,165,167,短稍
775,34,食材,173,175,小牌
775,35,食材,193,196,饷灶突
775,36,食材,245,247,方壶
775,37,食材,274,276,伏虎
775,38,食材,281,283,锯齿
775,39,食材,290,292,破竹
775,40,食材,509,511,礼料
775,41,食材,511,513,币帛
775,42,食材,623,625,环佩
775,43,食材,629,630,赞
775,44,食材,335,336,拜
775,45,食材,644,645,瘁
776,1,食材,48,50,环饼
776,2,食材,51,53,油饼
776,3,食材,54,57,枣塔
776,4,食材,71,76,猪羊鸡鹅兔
776,5,食材,76,80,迮骨熟肉
776,6,食材,93,95,生葱
776,7,食材,95,97,韭崧
776,8,食材,97,98,醋
776,9,食材,107,109,浆水
776,10,烹饪方法,89,90,束
776,11,烹饪方法,47,48,列
776,12,烹饪方法,334,335,击
776,13,烹饪方法,314,315,擘
776,14,烹饪方法,523,524,舞
776,15,烹饪方法,159,160,唱
776,16,烹饪方法,597,598,和
776,17,烹饪方法,156,157,举
776,18,烹饪方法,310,311,跪
776,19,烹饪方法,113,114,立
776,20,烹饪方法,25,26,排
776,21,烹饪方法,446,448,对列
776,22,烹饪方法,547,550,群舞
776,23,烹饪方法,174,175,拂
776,24,烹饪方法,578,579,唱
776,25,烹饪方法,634,635,舞
776,26,烹饪方法,532,534,叉手
776,27,烹饪方法,535,539,举左右屑
776,28,烹饪方法,540,544,动足应拍
776,29,烹饪方法,360,361,举
776,30,烹饪方法,624,627,起倾杯
776,31,烹饪方法,639,641,中厌
777,1,食材,536,538,藻苔
777,2,食材,105,106,鱼
777,3,食材,725,727,柴炭
777,4,食材,728,730,木植
777,5,食材,731,733,柑桔
777,6,食材,734,738,干湿果子
778,1,古籍来源,93,99,《永乐大典》
778,2,古籍来源,176,183,《西湖繁胜录》
778,3,古籍来源,185,190,《四库》
778,4,古籍来源,221,227,《都城纪胜》
778,5,古籍来源,231,236,《梦粱录》
778,6,古籍来源,241,248,《武林旧事》
778,7,古籍来源,260,264,《大典》
778,8,古籍来源,365,370,《临安志》
778,9,古籍来源,384,389,《咸淳忐》
778,10,古籍来源,431,437,《繁胜录》
778,11,古籍来源,457,461,《梦粱》
778,12,古籍来源,461,465,《旧事》
778,13,医家,218,221,耐得翁
778,14,医家,228,231,吴自牧
778,15,医家,238,240,周密
778,16,医家,539,542,孙毓修
779,1,食材,74,76,菊花
779,2,食材,77,79,茱萸
779,3,食材,289,291,糖面
779,4,食材,297,300,猪羊肉
779,5,食材,300,302,鸭子
779,6,食材,358,362,熟栗子肉
779,7,食材,368,370,麝香
779,8,食材,370,372,糖蜜
779,9,食材,393,395,韵果
779,10,食材,395,397,糖霜
779,11,食疗方,317,321,虿阳糕
779,12,食疗方,402,407,狮蛮粟糕
779,13,烹饪方法,291,292,蒸
779,14,烹饪方法,362,363,杵
779,15,烹饪方法,376,377,捏
779,16,烹饪方法,372,373,和
779,17,烹饪方法,304,305,簇
779,18,烹饪方法,307,308,插
779,19,烹饪方法,410,412,供衬
779,20,烹饪方法,412,414,进酒
780,1,古籍来源,456,460,《本草》
780,2,医家,453,456,陈藏器
780,3,古籍来源,418,423,《商僧传》
780,4,古籍来源,423,430,《钱塘胜迹记》
780,5,古籍来源,412,417,《大藏经》
781,1,古籍来源,569,576,《宗藩庆系录》
781,2,古籍来源,576,583,《仙源积庆图》
783,1,食材,0,2,菊花
783,2,食材,21,24,甘菊苗
783,3,食材,36,39,薄荷叶
783,4,食味,41,42,辛
783,5,食味,42,43,甘
783,6,食味,43,44,苦
783,7,食性,44,45,温
783,8,功效,46,49,散风热
783,9,病症,55,57,咽喉
783,10,病症,60,63,齿诸病
783,11,功效,72,74,下气
783,12,功效,75,79,消食化痰
783,13,功效,80,83,开音声
783,14,功效,84,87,舒郁懑
783,15,功效,89,94,辟秽恶邪气
783,16,病症,96,98,霍乱
783,17,病症,98,99,疬
783,18,烹饪方法,102,103,酿
783,19,烹饪方法,105,106,蒸
783,20,烹饪方法,108,109,熬
783,21,病症,125,127,鼻衄
783,22,食材,128,131,薄荷叶
783,23,烹饪方法,131,132,塞
783,24,病症,133,134,血
783,25,烹饪方法,139,141,煎服
783,26,病症,372,374,蛇伤
783,27,病症,146,148,猫伤
783,28,烹饪方法,152,155,绞汁涂
783,29,医家,157,160,汪谢城
783,30,禁忌,164,178,"薄荷多服。耗散真气,致生百病"
783,31,食材,216,219,紫苏叶
783,32,食味,220,221,辛
783,33,食味,221,222,甘
783,34,食性,222,223,温
783,35,功效,224,226,下气
783,36,功效,227,229,安胎
783,37,功效,230,234,活血定痛
783,38,功效,235,239,和中开胃
783,39,功效,240,242,止嗽
783,40,功效,243,245,消焱
783,41,功效,246,248,化食
783,42,功效,249,252,散风寒
783,43,病症,254,256,藿乱
783,44,病症,256,258,脚气
783,45,功效,259,271,"制一切鱼,肉。 虾。蟹毒"
783,46,禁忌,273,285,气弱多汗;脾虚易泻者忌食
783,47,病症,287,290,干霍乱
783,48,烹饪方法,293,295,煎服
783,49,病症,303,306,中鳘毒
783,50,病症,307,311,乳痈肿痛
783,51,烹饪方法,316,318,频饮
783,52,烹饪方法,337,340,杵烂敷
783,53,病症,326,328,金疮
783,54,病症,329,333,跌打出血
783,55,病症,345,348,猁犬咬
783,56,食材,350,352,茴香
783,57,食味,354,355,辛
783,58,食味,355,356,甘
783,59,食性,356,357,温
783,60,功效,358,362,调中开胃
783,61,功效,363,367,止痛散赛
783,62,病症,369,371,霍乱
783,63,病症,375,377,癞疝
783,64,病症,378,380,脚气
783,65,功效,381,383,杀虫
783,66,功效,384,386,辟秽
783,67,功效,392,397,制鱼肉腥臊
783,68,功效,398,402,拎滞诸毒
783,69,病症,403,408,小便频数
783,70,病症,409,415,雨色请不渴者
783,71,烹饪方法,418,419,淘
783,72,烹饪方法,422,423,炒
783,73,烹饪方法,423,425,研末
783,74,烹饪方法,426,427,炙
783,75,食材,427,430,糯米糕
783,76,食材,434,436,莳萝
783,77,食味,442,443,辛
783,78,食味,443,444,甘
783,79,食性,444,445,温
783,80,功效,446,450,开厝腱脾
783,81,功效,451,455,散褰止痛
783,82,功效,456,458,杀虫
783,83,功效,460,462,消食
783,84,功效,463,467,调气止呕
783,85,功效,468,470,定腰
783,86,病症,471,474,齿之疼
783,87,功效,475,482,解鱼。 肉之毒
784,1,古籍来源,0,5,《饮食谱》
784,2,古籍来源,129,133,《尔雅》
784,3,古籍来源,139,143,《离骚》
784,4,医家,100,103,周在恳
784,5,医家,187,189,吴淦
784,6,医家,223,226,袁风桐
784,7,医家,491,494,张荫粱
784,8,养生原则,143,150,养生独挟柙符秘
784,9,养生原则,155,157,食宪
784,10,病症,356,358,疮痍
784,11,食材,359,361,硝黄
784,12,食材,372,374,参苓
784,13,功效,362,364,攻伐
784,14,功效,366,368,涤荡
784,15,功效,375,377,补益
784,16,功效,382,383,滋
784,17,功效,391,393,明辨
784,18,禁忌,397,402,慎勿耽美狭
784,19,禁忌,403,409,鸩毒长乱机
784,20,禁忌,418,423,苦口是良规
784,21,禁忌,426,429,饫食人
784,22,禁忌,431,436,人得丽戕之
785,1,食材,11,12,葱
785,2,食味,14,15,辛
785,3,食味,15,16,甘
785,4,食性,16,17,平
785,5,功效,18,22,利肺通阳
785,6,功效,23,26,散痈肿
785,7,功效,27,31,祛风达表
785,8,功效,33,37,安胎止痈
785,9,功效,38,42,通乳和营
785,10,病症,45,49,霍乱转筋
785,11,病症,50,54,夼豚脚气
785,12,功效,55,58,词二便
785,13,功效,59,62,杀诸虫
785,14,功效,63,68,理跌扑金疮
785,15,功效,69,75,"制鱼,肉诸毒"
785,16,禁忌,93,102,气虚易汗者不可单食
785,17,禁忌,104,108,忌同蜜食
785,18,病症,109,113,胎动下血
785,19,烹饪方法,116,117,煎
785,20,食材,114,116,葱白
785,21,病症,136,140,中恶卒死
785,22,烹饪方法,148,149,刺
785,23,病症,181,185,自缢垂死
785,24,病症,186,192,小儿无故卒死
785,25,食材,144,145,葱
785,26,病症,215,223,小儿盘肠内钓腹痛
785,27,烹饪方法,228,229,洗
785,28,烹饪方法,233,234,捣
785,29,食材,171,172,葱
785,30,病症,246,250,小便闭胀
785,31,食材,251,253,葱白
785,32,烹饪方法,258,259,炒
785,33,烹饪方法,268,269,熨
785,34,病症,272,276,阴襄胂痛
785,35,烹饪方法,278,279,煨
785,36,食材,195,196,葱
785,37,食材,281,282,盐
785,38,烹饪方法,282,284,杵烂
785,39,病症,287,290,赤白瘌
785,40,食材,291,293,葱白
785,41,食材,300,301,米
785,42,烹饪方法,301,303,煮粥
785,43,病症,309,313,一切肿毒
785,44,食材,316,318,葱白
785,45,烹饪方法,318,320,杵烂
785,46,病症,329,333,跌打杖伤
785,47,病症,335,339,金疮挫肭
785,48,病症,340,344,流注走痛
785,49,病症,345,350,筋骨痹疼
785,50,病症,351,355,脑破血流
785,51,病症,356,360,痈毒初起
785,52,功效,364,366,悍傅
785,53,病症,372,376,乳痈初起
785,54,食材,378,380,葱白
785,55,烹饪方法,380,383,煎汗饮
785,56,功效,387,391,解金银毒
785,57,食材,393,394,韭
785,58,食味,83,84,辛
785,59,食味,85,86,甘
785,60,功效,399,403,暖胃补肾
785,61,功效,405,409,下气调菅
785,62,功效,410,417,芏胸腹腰膝诸疼
785,63,功效,418,422,治噎膈
785,64,功效,423,428,经.产诸证
785,65,功效,429,434,理打扑伤损
785,66,功效,436,443,"疗蛇,狗,虫伤"
785,67,食材,446,448,韭花
785,68,禁忌,470,474,多食昏神
785,69,禁忌,475,477,耳证
785,70,禁忌,478,480,疟疾
785,71,禁忌,481,483,疮家
785,72,禁忌,484,489,痧痘后均忌
785,73,病症,490,494,产后血运
785,74,食材,455,456,韭
785,75,食材,503,505,热醋
785,76,病症,512,519,产后怒哭份肝
785,77,病症,522,526,呕青绿水
785,78,食材,527,529,韭汁
785,79,病症,537,541,卒然中恶
785,80,食材,542,544,韭汁
785,81,病症,552,553,漏
785,82,病症,560,564,诸食物毒
785,83,食材,465,466,韭
785,84,食材,571,572,薤
785,85,食味,396,397,辛
785,86,食性,575,576,祖
785,87,功效,577,581,散结定痛
785,88,功效,582,586,宽胸止带
785,89,功效,587,591,安胎活血
785,90,功效,594,596,治痢
785,91,禁忌,597,601,多食发热
785,92,禁忌,602,606,忌与韭同
786,1,古籍来源,9,12,饮食谱
786,2,医家,91,93,士雄
786,3,医家,135,137,孟英
786,4,医家,122,125,金膻思
786,5,医家,152,157,俞公桂庭
786,6,医家,241,246,周君光远
786,7,医家,255,257,季述
786,8,医家,289,291,毕痴
786,9,医家,438,440,孟隐
786,10,养生原则,30,34,饮水思源
786,11,养生原则,41,45,食毛践土
786,12,养生原则,180,184,潜心学问
786,13,养生原则,185,191,勿以颀为忧
786,14,养生原则,269,273,律身极俭
786,15,养生原则,275,279,不普居积
786,16,养生原则,328,332,息影穷乡
786,17,养生原则,347,353,欲遂首丘之志
786,18,养生原则,354,357,终老焉
786,19,养生原则,390,394,坐食无山
786,20,养生原则,406,410,麸核充饥
786,21,养生原则,479,483,不忘沟墼
787,1,食材,6,7,薤
787,2,食材,36,38,薤白
787,3,食材,27,28,米
787,4,食材,39,40,蜜
787,5,食材,44,45,蒜
787,6,食材,47,49,小蒜
787,7,食材,91,92,葫
787,8,食材,94,96,大蒜
787,9,食材,187,190,独子者
787,10,食材,241,242,子
787,11,食材,243,244,苗
787,12,食材,249,250,叶
787,13,食材,298,300,田螺
787,14,食材,301,304,车前子
787,15,食材,375,376,醋
787,16,食材,385,387,芸苔
787,17,食材,418,420,油菜
787,18,食材,437,439,青莱
787,19,食材,513,515,芫荽
787,20,食材,517,519,胡荽
787,21,食材,409,410,子
787,22,食味,66,67,辛
787,23,食味,67,68,温
787,24,食味,106,107,辛
787,25,食味,107,108,热
787,26,食味,110,111,甘
787,27,食味,111,112,温
787,28,食味,389,390,辛
787,29,食味,390,391,滑
787,30,食味,391,392,甘
787,31,食味,392,393,温
787,32,食味,521,522,辛
787,33,食味,522,523,温
787,34,食性,206,207,热
787,35,功效,70,72,下气
787,36,功效,73,75,止痛
787,37,功效,77,79,杀虫
787,38,功效,80,84,发风损月
787,39,功效,113,116,除褰湿
787,40,功效,117,120,辟阴邪
787,41,功效,121,125,下气暖中
787,42,功效,127,131,消毂化肉
787,43,功效,132,135,破恶血
787,44,功效,136,139,攻铃积
787,45,功效,140,145,治暴泻腹痛
787,46,功效,146,152,通关辂便秘
787,47,功效,153,157,辟秽解毒
787,48,功效,158,162,消痞杀虫
787,49,功效,163,167,外灸痈疽
787,50,功效,175,182,制腥臊鳞介诸毒
787,51,功效,193,197,昏自损抻
787,52,功效,399,403,散血消肿
787,53,功效,404,408,破结通肠
787,54,功效,449,453,发风动气
787,55,功效,524,526,散寒
787,56,功效,527,531,辟邪解秽
787,57,功效,532,536,杀虫止痛
787,58,功效,537,542,下气通肠
787,59,功效,543,546,杀鱼腥
787,60,功效,547,550,发痘疹
787,61,功效,552,556,多食损目
787,62,病症,0,4,弁豚气痛
787,63,病症,10,13,赤门痢
787,64,病症,14,17,产后猁
787,65,病症,18,22,小儿疳痢
787,66,病症,32,35,汤火伤
787,67,病症,172,173,衄
787,68,病症,208,212,胎产痧痘
787,69,病症,213,215,时病
787,70,病症,216,218,疮疟
787,71,病症,220,222,血证
787,72,病症,223,225,目疾
787,73,病症,226,227,叮
787,74,病症,228,229,茵
787,75,病症,230,231,喉
787,76,病症,232,235,舌诸患
787,77,病症,261,266,湿霍乱转筋
787,78,病症,267,270,噤口痢
787,79,病症,271,273,鼻渊
787,80,病症,274,278,鼻衄不止
787,81,病症,289,291,水肿
787,82,病症,292,294,蠲闲
787,83,病症,312,317,喉痹肿痛
787,84,病症,318,322,诸物鲠喉
787,85,病症,331,335,阴疽阴毒
787,86,病症,353,356,蜈蚣咬
787,87,病症,362,366,心腹羚痛
787,88,病症,367,371,虚褰泻痢
787,89,病症,456,462,腰脚口齿诸病
787,90,病症,464,466,产后
787,91,病症,467,469,痧痘
787,92,病症,470,472,疮家
787,93,病症,473,475,魍疾
787,94,病症,477,479,目证
787,95,病症,480,482,时感
787,96,病症,488,492,游风丹毒
787,97,病症,493,497,妇人乳吹
787,98,病症,509,511,诸疮
787,99,病症,591,595,瘟证不达
787,100,病症,657,661,痘症不快
787,101,烹饪方法,5,6,捣
787,102,烹饪方法,28,29,煮
787,103,烹饪方法,40,41,杵
787,104,烹饪方法,41,42,涂
787,105,烹饪方法,281,282,捣
787,106,烹饪方法,307,308,杵
787,107,烹饪方法,502,503,捣
787,108,烹饪方法,357,358,杵
787,109,烹饪方法,359,360,封
787,110,烹饪方法,346,347,灸
787,111,烹饪方法,507,508,煎
787,112,烹饪方法,610,611,煎
787,113,烹饪方法,600,601,切
787,114,烹饪方法,612,613,沃
787,115,烹饪方法,632,633,喷
787,116,禁忌,85,89,病后忌之
787,117,禁忌,198,202,不宜多食
787,118,禁忌,236,239,咸忌之
787,119,禁忌,558,562,凡病忌之
787,120,禁忌,483,486,皆忌之
787,121,医家,647,648,拨
787,122,古籍来源,648,653,《直指方》
788,1,古籍来源,102,108,《本草纲目》
788,2,古籍来源,141,149,《本茸纲目拾遗》
789,1,食材,44,46,冬瓜
789,2,病症,39,40,渴
789,3,病症,41,42,痢
789,4,烹饪方法,43,44,煮
789,5,食材,89,91,冬瓜
789,6,烹饪方法,2,3,食
789,7,病症,56,58,水肿
789,8,功效,59,62,消暑湿
789,9,禁忌,65,69,孕妇常食
789,10,功效,70,74,泽胎化毒
789,11,功效,75,79,令儿无病
789,12,食材,81,83,芦菔
789,13,病症,86,88,发背
789,14,病症,97,98,疮
789,15,食材,14,15,瓜
789,16,食材,127,130,练瓜瓤
789,17,食性,133,135,甘平
789,18,烹饪方法,136,138,绞汁
789,19,病症,142,144,消渴
789,20,病症,146,147,淋
789,21,功效,148,151,解热毒
789,22,食材,169,171,瓜干
789,23,食材,173,175,冬十
789,24,食性,178,180,甘平
789,25,功效,181,183,润肺
789,26,功效,184,187,化痰浊
789,27,病症,189,191,肠痈
789,28,食材,19,20,皮
789,29,食性,196,198,甘平
789,30,功效,199,202,祛风热
789,31,病症,204,208,皮肤浮肿
789,32,病症,209,213,跌扑诸伤
789,33,食材,215,216,叶
789,34,病症,222,223,痄
789,35,病症,226,228,泄漪
789,36,功效,229,231,止渴
789,37,病症,233,235,蜂螫
789,38,病症,236,238,恶疮
789,39,食材,240,241,藤
789,40,烹饪方法,254,257,取少服
789,41,病症,259,265,肺热焱火内痈
789,42,食材,269,271,丝瓜
789,43,食性,277,279,甘凉
789,44,功效,280,284,清热解毒
789,45,功效,285,287,安笳
789,46,功效,288,290,行乳
789,47,功效,291,293,调营
789,48,功效,294,296,补阳
789,49,功效,298,300,通络
789,50,功效,301,303,杀虫
789,51,功效,304,306,理籼
789,52,功效,307,309,消肿
789,53,功效,310,312,化痰
789,54,功效,334,338,化阉除黄
789,55,功效,339,343,息风止血
789,56,病症,345,349,痘疮不快
789,57,食材,367,370,老丝瓜
789,58,烹饪方法,378,381,烧存性
789,59,烹饪方法,381,382,研
789,60,食材,383,385,沙糖
789,61,烹饪方法,385,387,汤调
789,62,病症,389,391,喉痹
789,63,食材,392,394,丝瓜
789,64,烹饪方法,394,396,捣汁
789,65,病症,399,404,痈疽不敛
789,66,食材,405,407,丝瓜
789,67,烹饪方法,407,409,捣汁
789,68,病症,412,414,酒瘌
789,69,病症,416,420,便血腹痛
789,70,病症,422,426,肛门患瘃
789,71,食材,427,430,干丝低
789,72,烹饪方法,431,434,煅存怄
789,73,烹饪方法,435,436,研
789,74,烹饪方法,437,439,酒服
789,75,病症,449,453,经阻气痛
789,76,病症,454,456,腰痛
789,77,病症,457,459,疝痛
789,78,病症,461,463,滔积
789,79,病症,464,466,黄痕
789,80,功效,469,473,化焱止嗽
789,81,食材,474,476,丝瓜
789,82,烹饪方法,510,513,煅存性
789,83,烹饪方法,479,481,研末
789,84,食材,482,484,枣肉
789,85,病症,495,499,风热牙痛
789,86,食材,500,502,丝瓜
789,87,食材,506,507,盐
789,88,烹饪方法,514,515,砑
789,89,病症,522,524,腮腴
789,90,烹饪方法,525,528,水调敷
789,91,病症,529,533,小儿浮肿
789,92,食材,534,536,丝瓜
789,93,食材,536,538,灯芯
789,94,食材,538,540,葱白
789,95,烹饪方法,543,546,煎浓汁
789,96,食材,552,553,叶
789,97,烹饪方法,560,563,绞汁服
789,98,病症,565,569,痧秽腹痛
789,99,功效,572,576,消暑解毒
789,100,病症,583,585,疔肌
789,101,病症,588,590,虫癣
789,102,食材,596,598,丝瓜
789,103,禁忌,611,614,鱼发物
789,104,病症,615,619,睾丸偏坠
789,105,食材,620,623,丝瓜叶
789,106,烹饪方法,623,625,煅性
789,107,食材,628,631,鸡子壳
789,108,烹饪方法,631,633,烧灰
789,109,烹饪方法,637,638,研
789,110,烹饪方法,640,643,温滔下
789,111,病症,644,647,汤火伤
789,112,烹饪方法,648,649,捣
789,113,食材,649,652,丝瓜叶
789,114,食材,655,657,苦瓜
789,115,食性,667,669,苦寒
789,116,功效,670,672,涤热
789,117,功效,673,675,明耳
789,118,功效,676,678,潸心
789,119,烹饪方法,680,681,酱
789,120,烹饪方法,682,683,腌
789,121,烹饪方法,687,689,烧肉
789,122,烹饪方法,691,692,瀹
789,123,禁忌,705,710,中蹇者刎食
789,124,食性,29,30,甘
789,125,功效,722,726,养血滋肝
789,126,功效,727,731,涸脾补肾
790,1,食材,12,14,鲫鱼
790,2,食材,49,51,鲂鱼
790,3,食材,54,56,鳊鱼
790,4,食性,59,60,平
790,5,食味,58,59,甘
790,6,功效,61,63,补胥
790,7,功效,64,66,养脾
790,8,功效,67,69,去风
790,9,功效,71,73,运食
790,10,食材,95,97,鳜鱼
790,11,食材,100,102,鲦笆
790,12,食性,105,106,平
790,13,食味,104,105,甘
790,14,功效,107,110,益脾胃
790,15,功效,111,113,养血
790,16,功效,115,118,补虚劳
790,17,功效,119,122,杀劳虫
790,18,功效,123,127,消恶血
790,19,功效,128,131,运饮食
790,20,功效,132,135,肥键人
790,21,食材,152,154,鳓鱼
790,22,食材,157,160,渡父鱼
790,23,食材,165,166,鳅
790,24,食材,169,172,菜花鱼
790,25,食性,175,176,温
790,26,食味,174,175,甘
790,27,功效,177,179,暖冒
790,28,功效,180,182,运食
790,29,功效,531,533,补虚
790,30,食材,198,200,鲦鱼
790,31,食材,202,204,白条
790,32,食材,209,210,条
790,33,食性,213,214,温
790,34,食味,212,213,甘
790,35,功效,215,217,暧胃
790,36,禁忌,219,223,助火发疮
790,37,禁忌,224,229,诸病人勿食
790,38,食材,231,233,银鱼
790,39,食材,235,238,磐残鱼
790,40,食性,241,242,平
790,41,食味,240,241,甘
790,42,功效,243,246,养胃阴
790,43,功效,247,250,和经脉
790,44,食材,261,263,蠡鱼
790,45,食材,265,267,黑鳢
790,46,食材,272,274,鸟鳢
790,47,食材,278,280,黑鱼
790,48,食材,282,285,七星鱼
790,49,食性,288,289,寒
790,50,食味,287,288,甘
790,51,功效,290,292,行水
790,52,功效,294,297,化湿
790,53,功效,298,300,祛风
790,54,功效,302,304,稀瘟
790,55,功效,305,307,愈疮
790,56,功效,308,313,下大腹水肿
790,57,病症,314,316,脚气
790,58,功效,317,319,逋肠
790,59,功效,320,322,疔痔
790,60,病症,324,331,妊娠有水肤殍
790,61,功效,346,348,稀痘
790,62,烹饪方法,25,26,煮
790,63,食材,356,358,黑鱼
790,64,烹饪方法,361,363,煮汤
790,65,病症,390,394,水气垂死
790,66,病症,395,399,肠痔下血
790,67,食材,401,403,黑鱼
790,68,食材,412,414,冬瓜
790,69,食材,415,417,葱白
790,70,烹饪方法,15,17,作羹
790,71,病症,421,425,偏正头风
790,72,食材,426,430,陈黑鱼头
790,73,烹饪方法,431,433,煎汤
790,74,食材,442,444,鲟鱼
790,75,食性,447,448,温
790,76,食味,446,447,甘
790,77,功效,449,451,补冒
790,78,功效,452,454,活血
790,79,功效,455,457,通淋
790,80,禁忌,458,462,多食发疥
790,81,禁忌,463,465,思癞
790,82,食材,500,502,鳇鱼
790,83,食材,351,352,黄
790,84,食材,508,509,鳆
790,85,食材,517,519,蜡鱼
790,86,食材,523,526,玉版鱼
790,87,食性,529,530,温
790,88,食味,528,529,甘
790,89,功效,535,539,令人肥腱
790,90,禁忌,541,545,多食难化
790,91,禁忌,546,548,发疥
790,92,禁忌,549,551,生痰
790,93,禁忌,562,565,反荆芥
791,1,食材,0,2,丁香
791,2,食性,3,5,辛温
791,3,功效,6,8,暖胃
791,4,功效,9,11,去湿
791,5,功效,12,14,散寒
791,6,功效,15,17,辟恶
791,7,功效,18,20,杀虫
791,8,功效,22,24,消痞
791,9,功效,25,27,解秽
791,10,病症,30,32,冷痢
791,11,病症,34,36,冷痛
791,12,病症,37,40,痄箧哕
791,13,功效,42,45,补虚阳
791,14,功效,46,49,制酒肉
791,15,病症,66,68,口臭
791,16,食材,92,94,川椒
791,17,病症,107,111,过食蟹
791,18,病症,112,113,蚌
791,19,病症,114,118,瓜果致病
791,20,病症,130,134,乳头裂破
791,21,病症,145,149,痈疽恶肉
791,22,病症,157,159,阴冷
791,23,食材,160,163,母丁香
791,24,病症,179,181,反胃
791,25,食材,190,193,盐梅肉
791,26,病症,204,208,胃寒吐泻
791,27,食材,213,215,橘红
791,28,食材,232,234,桂皮
791,29,食性,411,413,辛温
791,30,功效,243,245,下气
791,31,功效,252,254,去风
791,32,功效,255,260,杀虫止痛
791,33,病症,273,277,血虚内热
791,34,食材,288,290,桂花
791,35,食性,460,462,辛温
791,36,功效,295,297,辟臭
791,37,功效,301,303,化痰
791,38,烹饪方法,304,306,蒸露
791,39,烹饪方法,307,309,浸酒
791,40,烹饪方法,311,313,盐渍
791,41,烹饪方法,314,316,糟收
791,42,烹饪方法,318,320,造点
791,43,烹饪方法,321,323,作馅
791,44,食材,340,342,松花
791,45,食材,355,358,白沙糖
791,46,烹饪方法,358,361,作糕饵
791,47,功效,374,378,养血息风
791,48,禁忌,379,385,多食亦能助热
791,49,病症,389,391,泻痢
791,50,食材,400,402,椿芽
791,51,功效,414,416,祛风
791,52,功效,417,419,解毒
791,53,烹饪方法,428,434,瀹熟腌焙为脯
791,54,禁忌,440,446,多食壅气动风
791,55,食材,455,458,玫瑰花
791,56,功效,463,465,调中
791,57,功效,466,468,活血
791,58,功效,470,473,舒郁结
791,59,功效,80,82,辟秽
791,60,功效,477,479,和肝
791,61,烹饪方法,480,482,蒸露
791,62,烹饪方法,483,485,熏茶
791,63,烹饪方法,486,487,糖
791,64,烹饪方法,488,490,作馅
791,65,烹饪方法,496,500,烘粉悦颜
791,66,烹饪方法,501,503,酿酒
791,67,食材,513,516,茉莉花
791,68,功效,522,526,和中下气
791,69,功效,527,530,辟秽浊
791,70,病症,532,536,下痢腹痛
791,71,烹饪方法,541,543,蒸露
791,72,食材,550,553,珍珠兰
791,73,食材,557,560,甜菊花
791,74,功效,574,577,消疔肿
791,75,烹饪方法,578,580,点茶
791,76,烹饪方法,581,583,蒸露
791,77,烹饪方法,585,587,酿酒
791,78,禁忌,591,595,苦者勿用
791,79,食材,599,602,野蔷薇
791,80,病症,621,623,头风
791,81,食材,630,633,甘菊花
791,82,病症,639,643,疔肿垂死
792,1,医家,8,11,王士雄
792,2,医家,128,130,孟英
792,3,医家,138,140,梦隐
792,4,医家,147,151,半痴山人
792,5,医家,152,155,随息子
792,6,医家,156,159,野云氏
792,7,医家,161,165,睡乡散人
792,8,医家,166,170,华胥小隐
792,9,医家,171,173,潜斋
792,10,医家,175,180,随息居隐士
792,11,古籍来源,59,68,《随息居饮食谱》
792,12,古籍来源,678,686,《蓬窗录验方》
792,13,古籍来源,694,699,《归砚录》
792,14,古籍来源,705,711,《证治针经》
792,15,古籍来源,740,745,《医砭》
792,16,古籍来源,749,755,《愿体医话》
792,17,古籍来源,761,767,《女科辑要》
792,18,古籍来源,772,779,《音医述评》
792,19,古籍来源,784,790,《柳州医话》
793,1,病症,0,2,水胀
793,2,病症,3,5,久猁
793,3,食材,21,23,獾肉
793,4,食材,27,29,狗獾
793,5,功效,31,36,功与貔相似
793,6,功效,40,43,杀蛸虫
793,7,病症,44,46,蓣搜
793,8,病症,47,49,疳臌
793,9,食材,57,59,狼肉
793,10,食味,61,62,咸
793,11,食性,62,63,温
793,12,功效,64,67,补丘肫
793,13,功效,68,71,御风寒
793,14,功效,73,75,暖胃
793,15,功效,75,77,摩肠
793,16,功效,78,82,壮阳填髓
793,17,食材,85,87,其脂
793,18,功效,88,90,润燥
793,19,病症,92,95,诸恶疮
793,20,古籍来源,96,98,内则
793,21,禁忌,99,103,食狼去肠
793,22,病症,106,110,腹有冷积
793,23,禁忌,114,121,阴箧内热人忌食
793,24,食材,142,144,豺肉
793,25,古籍来源,150,152,食疗
793,26,功效,156,161,食貅令人瘦
793,27,食材,163,165,兔肉
793,28,食性,167,169,甘冷
793,29,功效,170,172,凉血
793,30,功效,173,175,祛遢
793,31,功效,176,178,疗疮
793,32,功效,179,182,解热毒
793,33,功效,184,187,利长肠
793,34,禁忌,189,193,多食元附
793,35,病症,194,198,令人痿黄
793,36,禁忌,199,205,冬坌后癸耿分
793,37,禁忌,206,212,食之伤人忡气
793,38,禁忌,213,222,孕妇及阳虚者尤忌
793,39,禁忌,223,229,兔死而眼合者
793,40,禁忌,231,235,误食杀人
793,41,食材,237,240,水獭肉
793,42,食味,241,244,甘咸凉
793,43,功效,251,254,理肾蒸
793,44,功效,256,260,下水通经
793,45,功效,261,264,祛毒风
793,46,功效,265,270,利大小便
793,47,禁忌,272,279,多食消男子阴气
793,48,食材,281,283,其肝
793,49,食性,283,285,性热
793,50,功效,286,290,辟蛊杀虫
793,51,功效,291,294,朴产虚
793,52,功效,295,298,已劳嗽
793,53,病症,300,304,传尸鬼疰
793,54,病症,305,310,鱼骨鲠喉
793,55,病症,311,315,疟久不瘳
793,56,病症,316,320,心腹积聚
793,57,病症,321,325,肠痔下血
793,58,病症,326,330,寒疝攻疼
793,59,食材,332,334,其爪
793,60,功效,334,336,搔喉
793,61,功效,338,341,洽骨鲠
793,62,食材,342,344,猬肉
793,63,食材,346,348,刺鼠
793,64,食性,350,352,甘平
793,65,功效,353,355,下气
793,66,功效,356,358,杀虫
793,67,病症,360,362,反胃
793,68,病症,363,365,痔漏
793,69,禁忌,376,382,误食令人瘦劣
793,70,食材,385,387,其皮
793,71,烹饪方法,387,389,煅研
793,72,功效,391,396,治遗精甚效
793,73,食材,429,430,鸡
793,74,食性,432,434,甘温
793,75,功效,435,437,补虚
793,76,功效,438,440,暖胄
793,77,功效,441,444,强筋骨
793,78,功效,445,448,续绝伤
793,79,功效,449,453,活血调经
793,80,功效,459,462,止崩带
793,81,功效,464,469,节小便频数
793,82,功效,471,476,主娩后箧羸
793,83,食材,489,493,肥大雌鸡
793,84,食材,497,500,老雌鸡
793,85,烹饪方法,501,503,熬汁
793,86,食材,506,509,乌骨鸦
793,87,功效,509,513,滋补功优
793,88,禁忌,515,519,多食生热
793,89,禁忌,520,522,动风
793,90,病症,524,528,时感前后
793,91,病症,529,532,痘疹后
793,92,病症,533,536,疮疡后
793,93,病症,537,541,狯痢疳疸
793,94,病症,543,547,肝气月疾
793,95,病症,548,550,喉证
793,96,病症,551,553,脚气
793,97,病症,554,557,诸风病
793,98,禁忌,558,561,皆忌之
793,99,禁忌,563,566,末骟者
793,100,禁忌,567,571,愈老愈毒
793,101,禁忌,572,578,诸病均不可食
793,102,食材,584,587,丹雄鸡
793,103,功效,580,582,辟邪
794,1,食材,10,12,牛肉
794,2,食材,99,101,马肉
794,3,食味,102,103,辛
794,4,食味,103,104,苦
794,5,食性,104,105,冷
794,6,食材,110,112,杏仁
794,7,食材,114,117,芦根汁
794,8,食材,121,122,肝
794,9,食材,130,132,驯肉
794,10,食味,133,134,酸
794,11,食性,134,135,平
794,12,食材,143,144,芥
794,13,食材,151,153,骡肉
794,14,食味,154,155,辛
794,15,食味,155,156,苦
794,16,食性,156,157,温
794,17,病症,165,167,难产
794,18,食材,169,172,野猪肉
794,19,食味,173,174,甘
794,20,食性,174,175,平
794,21,功效,176,179,补五脏
794,22,功效,180,183,润肌肤
794,23,病症,185,187,颠痫
794,24,病症,188,190,肠风
794,25,病症,191,193,痔血
794,26,禁忌,194,201,禁忌与猎肉同
794,27,食材,203,205,蹄爪
794,28,病症,212,216,痈疽不敛
794,29,病症,217,221,多年潺疮
794,30,烹饪方法,222,223,煨
794,31,食材,228,229,脂
794,32,烹饪方法,232,233,炼
794,33,烹饪方法,234,236,收藏
794,34,功效,237,240,和酒服
794,35,功效,241,246,令妇人多乳
794,36,病症,258,261,素无乳
794,37,功效,267,270,狳肿毒
794,38,病症,271,273,疥癣
794,39,食材,275,278,熹猜肉
794,40,食材,281,283,箭猪
794,41,食味,285,286,甘
794,42,食性,287,288,寒
794,43,功效,292,296,多膏潸肠
794,44,功效,298,301,发风虚
794,45,禁忌,302,307,阿可多食
794,46,食材,309,311,虎肉
794,47,食味,312,313,酸
794,48,食味,313,314,咸
794,49,食性,314,315,邋
794,50,烹饪方法,325,326,腌
794,51,功效,328,331,补脾胃
794,52,功效,332,335,益气力
794,53,功效,336,342,止多唾菁呕区
794,54,功效,343,348,辟精魅鬼疟
794,55,食材,358,359,脂
794,56,病症,360,362,反胄
794,57,病症,364,367,白秃
794,58,病症,368,370,拣疮
794,59,病症,371,373,痔疮
794,60,病症,374,377,狗皎疮
794,61,食材,379,381,豹肉
794,62,食味,382,383,酸
794,63,食性,383,384,温
794,64,功效,385,388,安五脏
794,65,功效,389,392,补绝份
794,66,功效,394,397,御风寒
794,67,功效,399,402,辟鬼魅
794,68,功效,403,406,壮觞骨
794,69,功效,408,411,强健人
794,70,食材,413,415,熊肉
794,71,食味,417,418,甘
794,72,食性,418,419,湿
794,73,功效,420,423,补盥损
794,74,功效,424,427,杀劳虫
794,75,功效,428,431,治风痹
794,76,病症,432,436,筋骨不仁
794,77,禁忌,438,444,有锢疾者忌食
794,78,食材,447,448,蹯
794,79,食材,451,453,熊掌
794,80,功效,455,458,益气力
794,81,功效,459,462,御风褰
794,82,烹饪方法,496,497,煮
794,83,食材,522,525,背上脂
794,84,食材,533,535,熊臼
794,85,食材,547,548,胆
794,86,病症,552,554,疔疽
794,87,病症,555,557,去翳
794,88,病症,558,560,息惊
794,89,食材,566,568,象肉
794,90,食味,570,571,甘
794,91,食性,571,572,平
794,92,功效,573,576,不益人
794,93,禁忌,577,582,多食则体重
794,94,烹饪方法,583,586,潦汁饮
794,95,功效,587,590,通小便
794,96,烹饪方法,593,595,煅灰
795,1,食材,107,110,羚羊肉
795,2,食性,111,113,甘平
795,3,功效,114,119,治筋骨急强
795,4,病症,317,319,中风
795,5,功效,123,126,愈恶疮
795,6,功效,128,132,免蛇虫伤
795,7,食材,134,137,山羊肉
795,8,功效,145,147,治冷
795,9,病症,149,153,赤舟带下
795,10,功效,154,157,利产妇
795,11,功效,158,161,辟岚瘴
795,12,功效,163,168,理筋骨急强
795,13,禁忌,170,175,时病人忌之
795,14,功效,179,183,破瘀生荪
795,15,功效,184,189,疗跌打诸伤
795,16,病症,190,194,筋骨疼痛
795,17,病症,195,197,吐衄
795,18,病症,198,202,瘀停诸病
795,19,食材,204,206,鹿肉
795,20,食性,208,210,甘温
795,21,功效,211,214,补虚弱
795,22,功效,215,218,莅气力
795,23,功效,219,222,强筋骨
795,24,功效,223,226,调血脉
795,25,功效,227,233,治产后风虚
795,26,功效,234,236,辟邪
795,27,食材,238,240,檗肉
795,28,功效,240,242,同功
795,29,烹饪方法,247,249,炙食
795,30,食材,257,259,其茸
795,31,食材,260,261,角
795,32,食材,262,263,鞭
795,33,食材,178,179,血
795,34,功效,267,271,温补下元
795,35,禁忌,272,279,惟虚褰之体宜之
795,36,禁忌,280,289,若阴庞火动眷服之
795,37,禁忌,290,294,贻误非浅
795,38,食疗方,295,298,全鹿丸
795,39,禁忌,298,302,尤个可信
795,40,医家,303,306,叶天士
795,41,食材,324,327,生鹿肉
795,42,食材,328,330,生椒
795,43,烹饪方法,330,332,捣贴
795,44,食材,340,342,麂肉
795,45,食性,344,346,甘平
795,46,功效,347,349,补气
795,47,功效,350,352,暧胄
795,48,功效,353,355,耐饥
795,49,功效,356,361,化湿祛风
795,50,功效,362,366,能瘳五痔
795,51,禁忌,368,375,痞满气滞者勿食
795,52,食材,377,379,獐肉
795,53,食性,388,390,甘温
795,54,功效,391,396,祛风补五脏
795,55,功效,397,399,长力
795,56,功效,400,403,悦容颜
795,57,禁忌,430,440,十二月七月食之动气
795,58,禁忌,441,446,多食发锢疾
795,59,病症,448,450,消渴
795,60,食材,452,454,狸肉
795,61,食性,455,457,甘平
795,62,功效,458,462,补中益气
795,63,功效,463,466,治诸疰
795,64,功效,467,470,去游风
795,65,功效,471,476,疗温鬼毒气
795,66,病症,477,483,皮中如针刺
795,67,功效,484,488,愈肠风下
795,68,病症,491,493,痔瘘
795,69,食材,516,519,牛尾狸
795,70,食材,523,526,玉面狸
795,71,食材,537,541,果子狸
795,72,烹饪方法,550,552,糟食
795,73,禁忌,554,559,食狸去正脊
795,74,食材,583,585,揣肉
795,75,食性,593,595,甘滥
795,76,功效,596,599,补羸瘦
795,77,功效,600,602,长肌
795,78,功效,603,608,下气平咳逆
795,79,病症,609,611,劳热
796,1,食材,0,2,槟榔
796,2,食味,7,8,涩
796,3,食性,6,7,温
796,4,功效,10,14,卜气消痰
796,5,功效,15,19,辟獐杀虫
796,6,功效,20,24,析醒化食
796,7,功效,25,30,除胀泻满
796,8,功效,31,35,宣滞破坚
796,9,功效,41,45,通肠遂水
796,10,功效,46,51,制肥甘之毒
796,11,食材,70,74,枣儿槟榔
796,12,功效,79,81,坚齿
796,13,功效,83,87,解口气
796,14,食材,99,101,极极
796,15,食材,103,105,鸡距
796,16,食性,109,110,平
796,17,食味,108,109,甘
796,18,功效,111,113,润燥
796,19,功效,115,117,止渴
796,20,功效,118,120,除烦
796,21,功效,121,125,利大小豚
796,22,功效,128,131,解酒幕
796,23,禁忌,133,138,多食发蝈虫
796,24,食材,140,143,无花果
796,25,食性,164,165,寒
796,26,食味,144,145,甘
796,27,功效,150,152,疗特
796,28,功效,153,155,润肠
796,29,功效,157,161,上利咽喉
796,30,食材,169,171,蒲桃
796,31,食性,173,174,平
796,32,食味,172,173,甘
796,33,功效,175,177,补气
796,34,功效,178,181,滋肾液
796,35,功效,182,185,益肝阴
796,36,功效,186,190,养胃耐饥
796,37,功效,193,196,御风褰
796,38,功效,201,205,通淋逶水
796,39,病症,249,253,胎匕冲心
796,40,食疗方,254,258,蒲桃煎汤
796,41,食材,263,265,藤叶
796,42,病症,268,270,呕哕
796,43,病症,271,273,罨乱
796,44,病症,274,277,溺闭
796,45,病症,278,282,小肠气痈
796,46,烹饪方法,289,290,煎
796,47,烹饪方法,296,298,淋冼
796,48,病症,298,302,腰脚腿痛
796,49,食材,412,415,落花生
796,50,食材,418,421,长生果
796,51,烹饪方法,423,424,煮
796,52,食性,426,427,平
796,53,食味,227,228,甘
796,54,功效,428,430,润肺
796,55,功效,431,433,解毒
796,56,功效,434,436,化痰
796,57,烹饪方法,437,438,炒
796,58,食性,441,442,温
796,59,食味,425,426,甘
796,60,功效,443,447,养胃调气
796,61,功效,448,450,耐饥
796,62,食材,479,481,西瓜
796,63,食性,484,485,寒
796,64,食味,439,440,甘
796,65,功效,486,489,清肺胃
796,66,功效,490,493,解暑热
796,67,功效,495,499,除烦止渴
796,68,功效,500,504,醒酒凉菅
796,69,功效,505,509,疗喉痹
796,70,病症,510,512,口疮
796,71,功效,513,516,治火毒
796,72,病症,517,519,时证
796,73,病症,521,525,霍乱泻痢
796,74,禁忌,564,570,多食积寒助湿
796,75,病症,573,575,秋病
796,76,病症,596,600,食瓜腹胀
796,77,食材,603,607,冬腌干莱
796,78,烹饪方法,607,609,瀹汤
796,79,食材,631,633,瓜肉
796,80,烹饪方法,634,637,曝乾腌
796,81,烹饪方法,641,643,酱渍
796,82,功效,652,655,已目赤
796,83,病症,656,658,口疮
796,84,食材,672,676,西瓜翠衣
796,85,功效,681,683,涤暑
798,1,食材,10,13,籁猪肉
798,2,食味,19,20,甘
798,3,食味,20,21,咸
798,4,功效,23,26,补肾液
798,5,功效,28,31,充胃汁
798,6,功效,32,35,滋肝阴
798,7,功效,36,40,润肌肤
798,8,功效,41,44,利二便
798,9,功效,45,48,止消渴
798,10,功效,49,52,起挺羸
798,11,食材,57,59,花猪
798,12,烹饪方法,97,98,蒸
798,13,食材,93,95,糠霜
798,14,功效,109,111,补益
798,15,食材,119,120,豚
798,16,食材,125,127,蹄肘
798,17,烹饪方法,140,142,煨化
798,18,禁忌,181,186,多食助湿热
798,19,禁忌,187,190,酿痰饮
798,20,禁忌,191,194,招外感
798,21,禁忌,195,198,昏神智
798,22,禁忌,201,205,令人鄙俗
798,23,养生原则,227,232,勿使胜食气
798,24,食材,239,240,肉
798,25,病症,335,337,外感
798,26,病症,338,340,哮嗽
798,27,病症,341,343,疟痢
798,28,病症,343,345,痧疝
798,29,病症,346,348,霞乱
798,30,病症,349,351,胀满
798,31,病症,352,354,脚气
798,32,病症,355,357,时毒
798,33,病症,358,360,喉痹
798,34,病症,362,364,粼满
798,35,病症,365,367,疔痈
798,36,禁忌,370,373,切总之
798,37,禁忌,374,379,其头肉尤总
798,38,病症,392,394,痧痘
798,39,病症,395,397,时病
798,40,禁忌,399,406,须过弥月始可食
798,41,食材,408,412,新鲜之肉
798,42,古籍来源,415,419,《论语》
798,43,食材,436,437,鲜
798,44,食材,73,74,腥
798,45,食材,479,482,猥猪肉
798,46,食材,483,487,娄猪肉
798,47,食材,494,498,黄獯猪肉
798,48,食材,499,502,瘟猪肉
798,49,禁忌,504,506,有毒
798,50,禁忌,509,515,虽平人亦忌之
798,51,食材,522,525,芭蕉根
798,52,病症,530,534,小儿火丹
798,53,病症,535,539,打饬青肿
798,54,病症,540,543,破伤风
798,55,食材,546,550,新宰猪肉
798,56,烹饪方法,553,555,片贴
798,57,病症,560,564,液干难产
798,58,病症,565,569,津枯血夺
798,59,病症,570,574,火灼燥渴
798,60,病症,575,577,乾嗽
798,61,病症,578,580,便秘
798,62,食材,583,585,猜肉
798,63,烹饪方法,585,588,煮汤
798,64,食材,595,597,猪皮
798,65,食材,602,605,干肉皮
798,66,烹饪方法,605,607,煮熟
798,67,烹饪方法,608,611,刮去油
798,68,烹饪方法,612,616,刨为簿片
798,69,烹饪方法,617,619,暴燥
798,70,食材,628,630,肉酢
798,71,烹饪方法,642,643,浸
798,72,食材,645,647,麻油
798,73,食材,647,649,盐料
798,74,烹饪方法,649,651,拌食
798,75,食材,662,664,猪肤
798,76,食味,251,252,甘
798,77,功效,667,670,清虑热
798,78,功效,670,673,治下痢
798,79,病症,674,676,心烦
798,80,病症,677,679,咽痛
799,1,医家,253,256,王士雄
799,2,食材,67,69,食物
799,3,食材,111,113,彀食
799,4,食材,114,116,调和
799,5,食材,117,119,蔬食
799,6,食材,120,121,果
799,7,食材,123,125,毛羽
799,8,食材,126,128,鳟介
799,9,食性,93,94,性
799,10,功效,148,150,功能
799,11,病症,151,153,主冶
799,12,禁忌,163,165,宜忌
799,13,功效,189,193,淦朴后天
799,14,功效,194,198,荞奁神
799,15,功效,204,207,疗百病
799,16,功效,208,211,尽天年
799,17,养生原则,176,184,科学地食用以食彻
799,18,养生原则,223,227,养牛促锺
799,19,养生原则,229,233,祛病延年
