id,n_a,n_b,n_gold,明细数量,仲裁结果
2,23,29,23,23,"[{""label"":""食材"",""text"":""薄荷""},{""label"":""食材"",""text"":""白糖""},{""label"":""食材"",""text"":""荚豆粉""},{""label"":""食材"",""text"":""白檀末""},{""label"":""食材"",""text"":""面""},{""label"":""食材"",""text"":""香油""},{""label"":""食材"",""text"":""玫瑰糖""},{""label"":""食材"",""text"":""胡桃白仁""},{""label"":""食材"",""text"":""杏仁""},{""label"":""食材"",""text"":""小茴香末""},{""label"":""食材"",""text"":""松子仁""},{""label"":""食材"",""text"":""干葛""},{""label"":""食材"",""text"":""桔梗""},{""label"":""食材"",""text"":""玫瑰花""},{""label"":""食材"",""text"":""榛子仁""},{""label"":""食材"",""text"":""瓜子仁""},{""label"":""烹饪方法"",""text"":""煮""},{""label"":""烹饪方法"",""text"":""烙""},{""label"":""烹饪方法"",""text"":""煎""},{""label"":""烹饪方法"",""text"":""炒""},{""label"":""烹饪方法"",""text"":""熬""},{""label"":""食疗方"",""text"":""内府玫瑰火饼""},{""label"":""古籍来源"",""text"":""玉躇痛""}]"
3,43,14,29,29,"[{""label"":""食材"",""text"":""白糖霜""},{""label"":""烹饪方法"",""text"":""煮""},{""label"":""烹饪方法"",""text"":""煎""},{""label"":""烹饪方法"",""text"":""熬""},{""label"":""烹饪方法"",""text"":""澄漂""},{""label"":""禁忌"",""text"":""饮之损人""},{""label"":""禁忌"",""text"":""着衣服上即霉烂""},{""label"":""养生原则"",""text"":""多备大缸贮下""},{""label"":""养生原则"",""text"":""急旋成窝耶住手""},{""label"":""养生原则"",""text"":""勿触动""},{""label"":""养生原则"",""text"":""舀至七分耶止""},{""label"":""养生原则"",""text"":""其周围白滓及底下泥连水淘冼""},{""label"":""养生原则"",""text"":""然后将别缸水如前法舀过""},{""label"":""养生原则"",""text"":""逐缸搬运毕""},{""label"":""养生原则"",""text"":""三日后舀过缸""},{""label"":""养生原则"",""text"":""剩去泥滓""},{""label"":""养生原则"",""text"":""如此三遍""},{""label"":""养生原则"",""text"":""人水煮滚透""},{""label"":""养生原则"",""text"":""舀取入坛""},{""label"":""养生原则"",""text"":""然后人水""},{""label"":""养生原则"",""text"":""盖好""},{""label"":""养生原则"",""text"":""亦须以绵绸滤去水中细""},{""label"":""养生原则"",""text"":""秋冬水清""},{""label"":""养生原则"",""text"":""山泉亦以源远流长者为佳""},{""label"":""养生原则"",""text"":""若深潭停蓄之水""},{""label"":""养生原则"",""text"":""无有来源""},{""label"":""养生原则"",""text"":""且不流出""},{""label"":""养生原则"",""text"":""但从凹山聚入者亦防有毒""},{""label"":""养生原则"",""text"":""故必久宿乃妙""}]"
4,32,19,19,19,"[{""label"":""食材"",""text"":""麻菇""},{""label"":""食材"",""text"":""鲜笋""},{""label"":""食材"",""text"":""海蜇""},{""label"":""食材"",""text"":""蹄爪""},{""label"":""食材"",""text"":""石花莱""},{""label"":""食材"",""text"":""大蹄""},{""label"":""食材"",""text"":""核桃""},{""label"":""食材"",""text"":""松仁""},{""label"":""食材"",""text"":""肉""},{""label"":""烹饪方法"",""text"":""煮""},{""label"":""烹饪方法"",""text"":""切""},{""label"":""烹饪方法"",""text"":""煨""},{""label"":""烹饪方法"",""text"":""糟""},{""label"":""烹饪方法"",""text"":""挂""},{""label"":""烹饪方法"",""text"":""填""},{""label"":""烹饪方法"",""text"":""扎""},{""label"":""烹饪方法"",""text"":""捞""},{""label"":""烹饪方法"",""text"":""切片""},{""label"":""烹饪方法"",""text"":""蘸""}]"
5,20,28,23,23,"[{""label"":""食材"",""text"":""豆腐""},{""label"":""食材"",""text"":""水酱""},{""label"":""食材"",""text"":""赤酱""},{""label"":""食材"",""text"":""香蕈""},{""label"":""食材"",""text"":""丁香""},{""label"":""食材"",""text"":""白芷""},{""label"":""食材"",""text"":""大茴香""},{""label"":""食材"",""text"":""桧皮""},{""label"":""食材"",""text"":""虾米""},{""label"":""烹饪方法"",""text"":""煎""},{""label"":""烹饪方法"",""text"":""煮""},{""label"":""烹饪方法"",""text"":""油煎""},{""label"":""烹饪方法"",""text"":""炸""},{""label"":""烹饪方法"",""text"":""烧""},{""label"":""烹饪方法"",""text"":""浸""},{""label"":""烹饪方法"",""text"":""布沥汁""},{""label"":""烹饪方法"",""text"":""去渣""},{""label"":""烹饪方法"",""text"":""滚油内沸""},{""label"":""烹饪方法"",""text"":""调味得所""},{""label"":""烹饪方法"",""text"":""浸开饭锅顿过""},{""label"":""食疗方"",""text"":""豆腐脯""},{""label"":""食疗方"",""text"":""豆腐汤""},{""label"":""食疗方"",""text"":""煎豆腐""}]"
6,35,39,29,29,"[{""label"":""食材"",""text"":""太湖沙""},{""label"":""食材"",""text"":""海沙""},{""label"":""食材"",""text"":""豆""},{""label"":""食材"",""text"":""香油""},{""label"":""食材"",""text"":""盐""},{""label"":""食材"",""text"":""砂仁""},{""label"":""食材"",""text"":""糖卤""},{""label"":""食材"",""text"":""豆腐""},{""label"":""食材"",""text"":""千豆""},{""label"":""食材"",""text"":""黑豆""},{""label"":""食材"",""text"":""黄豆""},{""label"":""食材"",""text"":""白豆""},{""label"":""食材"",""text"":""泥豆""},{""label"":""食材"",""text"":""豌豆""},{""label"":""食材"",""text"":""绿豆""},{""label"":""食材"",""text"":""山矾叶""},{""label"":""食材"",""text"":""醋浆""},{""label"":""食材"",""text"":""醋淀""},{""label"":""食材"",""text"":""石膏""},{""label"":""烹饪方法"",""text"":""炒""},{""label"":""烹饪方法"",""text"":""熬""},{""label"":""烹饪方法"",""text"":""磨""},{""label"":""烹饪方法"",""text"":""沥""},{""label"":""烹饪方法"",""text"":""绞""},{""label"":""烹饪方法"",""text"":""煮""},{""label"":""功效"",""text"":""去火""},{""label"":""古籍来源"",""text"":""本草纲目""},{""label"":""医家"",""text"":""刘安""},{""label"":""医家"",""text"":""苏东坡""}]"
7,21,36,19,19,"[{""label"":""食材"",""text"":""梅""},{""label"":""食材"",""text"":""盐""},{""label"":""食材"",""text"":""紫苏""},{""label"":""食材"",""text"":""白糖""},{""label"":""食材"",""text"":""青梅""},{""label"":""食材"",""text"":""大黑豆""},{""label"":""食材"",""text"":""大黄豆""},{""label"":""食材"",""text"":""大青豆""},{""label"":""食材"",""text"":""面""},{""label"":""食材"",""text"":""苦瓜皮""},{""label"":""食材"",""text"":""杏仁""},{""label"":""烹饪方法"",""text"":""晒""},{""label"":""烹饪方法"",""text"":""煮""},{""label"":""烹饪方法"",""text"":""腌""},{""label"":""烹饪方法"",""text"":""拌""},{""label"":""烹饪方法"",""text"":""顿""},{""label"":""功效"",""text"":""消暑""},{""label"":""食味"",""text"":""咸""},{""label"":""食味"",""text"":""甜""}]"
8,22,30,18,18,"[{""label"":""食材"",""text"":""枸杞""},{""label"":""食材"",""text"":""白糖""},{""label"":""食材"",""text"":""松仁""},{""label"":""食材"",""text"":""黄甘菊""},{""label"":""食材"",""text"":""梅卤""},{""label"":""食材"",""text"":""山查""},{""label"":""食材"",""text"":""红花膏""},{""label"":""食材"",""text"":""蜂蜜""},{""label"":""食材"",""text"":""梨""},{""label"":""食味"",""text"":""苦""},{""label"":""功效"",""text"":""清热""},{""label"":""烹饪方法"",""text"":""拌捣""},{""label"":""烹饪方法"",""text"":""捣""},{""label"":""烹饪方法"",""text"":""蒸""},{""label"":""烹饪方法"",""text"":""熬""},{""label"":""食疗方"",""text"":""杞饼""},{""label"":""食疗方"",""text"":""菊饼""},{""label"":""食疗方"",""text"":""山查膏""}]"
9,43,47,42,42,"[{""label"":""食材"",""text"":""生面""},{""label"":""食材"",""text"":""蒸面""},{""label"":""食材"",""text"":""脂油""},{""label"":""食材"",""text"":""豆粉""},{""label"":""食材"",""text"":""蜜""},{""label"":""食材"",""text"":""油""},{""label"":""食材"",""text"":""天花粉""},{""label"":""食材"",""text"":""干葛""},{""label"":""食材"",""text"":""桔梗""},{""label"":""食材"",""text"":""薄荷""},{""label"":""食材"",""text"":""瓜蒌""},{""label"":""食材"",""text"":""葛根""},{""label"":""食味"",""text"":""甜""},{""label"":""功效"",""text"":""清热""},{""label"":""功效"",""text"":""解渴""},{""label"":""功效"",""text"":""解莓""},{""label"":""功效"",""text"":""消肿""},{""label"":""功效"",""text"":""发汗""},{""label"":""功效"",""text"":""解热""},{""label"":""功效"",""text"":""止泻""},{""label"":""功效"",""text"":""祛痰""},{""label"":""功效"",""text"":""排脓""},{""label"":""病症"",""text"":""发热""},{""label"":""病症"",""text"":""口渴""},{""label"":""病症"",""text"":""疮""},{""label"":""病症"",""text"":""疡""},{""label"":""病症"",""text"":""痈""},{""label"":""病症"",""text"":""肿""},{""label"":""病症"",""text"":""头痛""},{""label"":""病症"",""text"":""热痢""},{""label"":""病症"",""text"":""泄泻""},{""label"":""病症"",""text"":""麻疹发高热""},{""label"":""病症"",""text"":""疹子透发不畅""},{""label"":""病症"",""text"":""咳嗽痰多""},{""label"":""病症"",""text"":""咳痰不爽""},{""label"":""病症"",""text"":""咽喉肿痛""},{""label"":""病症"",""text"":""痢疾腹痛""},{""label"":""病症"",""text"":""里怠后重""},{""label"":""病症"",""text"":""疮疡化脓肿痛""},{""label"":""烹饪方法"",""text"":""包馅""},{""label"":""烹饪方法"",""text"":""入炉""},{""label"":""烹饪方法"",""text"":""研成细粉""}]"
10,25,24,16,16,"[{""label"":""食材"",""text"":""猪肚""},{""label"":""食材"",""text"":""小肠""},{""label"":""食材"",""text"":""莲肉""},{""label"":""食材"",""text"":""百合""},{""label"":""食材"",""text"":""薏米""},{""label"":""食材"",""text"":""猪腿精肉""},{""label"":""食材"",""text"":""羊肉""},{""label"":""食材"",""text"":""核桃""},{""label"":""烹饪方法"",""text"":""煮""},{""label"":""烹饪方法"",""text"":""焯""},{""label"":""烹饪方法"",""text"":""拌""},{""label"":""烹饪方法"",""text"":""槌""},{""label"":""烹饪方法"",""text"":""切""},{""label"":""烹饪方法"",""text"":""装""},{""label"":""烹饪方法"",""text"":""缝""},{""label"":""烹饪方法"",""text"":""磨粉""}]"
11,30,33,22,22,"[{""label"":""食材"",""text"":""鸡""},{""label"":""食材"",""text"":""茴香""},{""label"":""食材"",""text"":""花椒""},{""label"":""食材"",""text"":""面饼""},{""label"":""食材"",""text"":""香糟""},{""label"":""食材"",""text"":""豆粉""},{""label"":""食材"",""text"":""酱油""},{""label"":""食材"",""text"":""鹅""},{""label"":""食材"",""text"":""鸭""},{""label"":""食材"",""text"":""鱼""},{""label"":""食材"",""text"":""豆""},{""label"":""食材"",""text"":""桂皮""},{""label"":""食材"",""text"":""黄酒""},{""label"":""食材"",""text"":""葱""},{""label"":""食材"",""text"":""肉""},{""label"":""食材"",""text"":""牛""},{""label"":""烹饪方法"",""text"":""煮""},{""label"":""烹饪方法"",""text"":""蒸""},{""label"":""烹饪方法"",""text"":""炒""},{""label"":""烹饪方法"",""text"":""烹""},{""label"":""烹饪方法"",""text"":""擂""},{""label"":""食疗方"",""text"":""鸡醢""}]"
12,13,24,10,10,"[{""label"":""食材"",""text"":""水""},{""label"":""食材"",""text"":""米""},{""label"":""食材"",""text"":""谷""},{""label"":""食材"",""text"":""鱼肉""},{""label"":""烹饪方法"",""text"":""炙""},{""label"":""烹饪方法"",""text"":""爆""},{""label"":""养生原则"",""text"":""调节颐养""},{""label"":""养生原则"",""text"":""以和于身""},{""label"":""脏腑"",""text"":""五脏""},{""label"":""禁忌"",""text"":""食不须多味""}]"
13,23,14,10,10,"[{""label"":""食材"",""text"":""蟹""},{""label"":""食材"",""text"":""酱蟹""},{""label"":""食材"",""text"":""糟蟹""},{""label"":""食材"",""text"":""醉蟹""},{""label"":""食材"",""text"":""麻丝""},{""label"":""食材"",""text"":""酱""},{""label"":""食材"",""text"":""酒""},{""label"":""烹饪方法"",""text"":""制""},{""label"":""烹饪方法"",""text"":""腌""},{""label"":""禁忌"",""text"":""忌火照""}]"
14,6,0,0,0,[]
15,31,32,25,25,"[{""label"":""食材"",""text"":""蟹""},{""label"":""食材"",""text"":""椒粒""},{""label"":""食材"",""text"":""姜""},{""label"":""食材"",""text"":""桔皮""},{""label"":""食材"",""text"":""盐""},{""label"":""食材"",""text"":""橙""},{""label"":""食材"",""text"":""醋""},{""label"":""食材"",""text"":""紫苏""},{""label"":""食材"",""text"":""冬瓜汁""},{""label"":""食材"",""text"":""柿子""},{""label"":""食材"",""text"":""苦酒""},{""label"":""食材"",""text"":""水莨""},{""label"":""烹饪方法"",""text"":""煮""},{""label"":""烹饪方法"",""text"":""捣""},{""label"":""功效"",""text"":""消食""},{""label"":""功效"",""text"":""治胃气""},{""label"":""功效"",""text"":""理经络""},{""label"":""功效"",""text"":""通利支节""},{""label"":""病症"",""text"":""霍乱""},{""label"":""病症"",""text"":""腹泻""},{""label"":""禁忌"",""text"":""蟹目相向者不可食""},{""label"":""禁忌"",""text"":""用酒者断不宜用酱""},{""label"":""医家"",""text"":""孟诜""},{""label"":""医家"",""text"":""陶隐居""},{""label"":""古籍来源"",""text"":""《食疗本草》""}]"
16,13,9,7,7,"[{""label"":""古籍来源"",""text"":""《尔雅》""},{""label"":""古籍来源"",""text"":""《说文》""},{""label"":""古籍来源"",""text"":""《齐民要术》""},{""label"":""医家"",""text"":""许慎""},{""label"":""医家"",""text"":""年希尧""},{""label"":""食材"",""text"":""野蔌山肴""},{""label"":""烹饪方法"",""text"":""和""}]"
17,19,19,16,17,"[{""label"":""古籍来源"",""text"":""《周礼》""},{""label"":""养生原则"",""text"":""饮以养阴""},{""label"":""养生原则"",""text"":""食以养阴""},{""label"":""食材"",""text"":""汗水""},{""label"":""食材"",""text"":""浊水""},{""label"":""食材"",""text"":""冰雪水""},{""label"":""食材"",""text"":""雪水""},{""label"":""禁忌"",""text"":""俱能伤人,不可饮""},{""label"":""食材"",""text"":""山泉""},{""label"":""食材"",""text"":""江湖水""},{""label"":""养生原则"",""text"":""水要无土性""},{""label"":""养生原则"",""text"":""得太阴亦多""},{""label"":""养生原则"",""text"":""故为养生第一""},{""label"":""食材"",""text"":""扬子江心""},{""label"":""食材"",""text"":""暴取水""},{""label"":""禁忌"",""text"":""赤不佳""},{""label"":""烹饪方法"",""text"":""藏水法""}]"
18,35,35,35,35,"[{""label"":""食材"",""text"":""鲞""},{""label"":""食材"",""text"":""宁波淡白鲞""},{""label"":""食材"",""text"":""黄鱼""},{""label"":""食材"",""text"":""虾粉""},{""label"":""食材"",""text"":""鲜鲫""},{""label"":""食材"",""text"":""甜酱""},{""label"":""食材"",""text"":""茴""},{""label"":""食材"",""text"":""椒末""},{""label"":""食材"",""text"":""柘枝""},{""label"":""食材"",""text"":""紫蔗皮""},{""label"":""食材"",""text"":""荔壳""},{""label"":""食材"",""text"":""松壳""},{""label"":""食材"",""text"":""鲜鱼""},{""label"":""食材"",""text"":""好肉汤""},{""label"":""食材"",""text"":""糟""},{""label"":""食材"",""text"":""酒""},{""label"":""食味"",""text"":""咸""},{""label"":""烹饪方法"",""text"":""切块""},{""label"":""烹饪方法"",""text"":""蒸熟""},{""label"":""烹饪方法"",""text"":""剃肉""},{""label"":""烹饪方法"",""text"":""细剿""},{""label"":""烹饪方法"",""text"":""珉骨""},{""label"":""烹饪方法"",""text"":""酥炙""},{""label"":""烹饪方法"",""text"":""焙燥""},{""label"":""烹饪方法"",""text"":""研粉""},{""label"":""烹饪方法"",""text"":""酱过""},{""label"":""烹饪方法"",""text"":""挣油烹""},{""label"":""烹饪方法"",""text"":""微晾""},{""label"":""烹饪方法"",""text"":""揩匀""},{""label"":""烹饪方法"",""text"":""薰之""},{""label"":""烹饪方法"",""text"":""煮熟""},{""label"":""烹饪方法"",""text"":""擦薰""},{""label"":""烹饪方法"",""text"":""腌过""},{""label"":""烹饪方法"",""text"":""日晒""},{""label"":""禁忌"",""text"":""黄枯鲞不堪用""}]"
19,11,2,2,2,"[{""label"":""病症"",""text"":""伤脾""},{""label"":""病症"",""text"":""伤血""}]"
20,14,13,13,13,"[{""label"":""食材"",""text"":""猪""},{""label"":""食材"",""text"":""鱼""},{""label"":""食材"",""text"":""鸡""},{""label"":""食材"",""text"":""蟹""},{""label"":""食材"",""text"":""山药""},{""label"":""食材"",""text"":""百合""},{""label"":""食材"",""text"":""羊眼豆""},{""label"":""食性"",""text"":""寒""},{""label"":""病症"",""text"":""腹痛""},{""label"":""烹饪方法"",""text"":""煮""},{""label"":""烹饪方法"",""text"":""蒸""},{""label"":""禁忌"",""text"":""不可多食""},{""label"":""古籍来源"",""text"":""《混俗颐生论》""}]"
21,26,43,27,27,"[{""label"":""医家"",""text"":""朱彝尊""},{""label"":""古籍来源"",""text"":""《食宪鸿秘》""},{""label"":""古籍来源"",""text"":""《曝书亭集》""},{""label"":""食材"",""text"":""金华火腿""},{""label"":""食材"",""text"":""笋""},{""label"":""食材"",""text"":""乳制品""},{""label"":""食材"",""text"":""面筋""},{""label"":""食材"",""text"":""笄豆""},{""label"":""食材"",""text"":""鱼""},{""label"":""食材"",""text"":""鲫鱼""},{""label"":""食材"",""text"":""鸭""},{""label"":""食材"",""text"":""鸡""},{""label"":""食材"",""text"":""熊掌""},{""label"":""食材"",""text"":""松子""},{""label"":""食材"",""text"":""海嘤嘶""},{""label"":""食材"",""text"":""黄雀""},{""label"":""食材"",""text"":""鹅蛋""},{""label"":""食材"",""text"":""蟹""},{""label"":""烹饪方法"",""text"":""煮""},{""label"":""烹饪方法"",""text"":""糟""},{""label"":""烹饪方法"",""text"":""辣拌""},{""label"":""烹饪方法"",""text"":""制""},{""label"":""食疗方"",""text"":""煮火飓""},{""label"":""食疗方"",""text"":""东坡腿""},{""label"":""食疗方"",""text"":""熟火腿""},{""label"":""食疗方"",""text"":""鱼饼""},{""label"":""食疗方"",""text"":""蔡肉丸""}]"
22,37,11,25,25,"[{""label"":""古籍来源"",""text"":""周礼""},{""label"":""古籍来源"",""text"":""礼记""},{""label"":""食材"",""text"":""六谷""},{""label"":""食材"",""text"":""六牲""},{""label"":""食材"",""text"":""黍""},{""label"":""食材"",""text"":""稷""},{""label"":""食材"",""text"":""粱""},{""label"":""食材"",""text"":""麦""},{""label"":""食材"",""text"":""稻""},{""label"":""食材"",""text"":""菰米""},{""label"":""食材"",""text"":""菽""},{""label"":""食材"",""text"":""马""},{""label"":""食材"",""text"":""牛""},{""label"":""食材"",""text"":""羊""},{""label"":""食材"",""text"":""豕""},{""label"":""食材"",""text"":""犬""},{""label"":""食材"",""text"":""鸡""},{""label"":""食材"",""text"":""百羞""},{""label"":""食材"",""text"":""百酱""},{""label"":""食材"",""text"":""雁翠""},{""label"":""食材"",""text"":""鸡肝""},{""label"":""医家"",""text"":""郑玄""},{""label"":""医家"",""text"":""郑众""},{""label"":""养生原则"",""text"":""饮食和季书结合起来""},{""label"":""禁忌"",""text"":""雏尾不盈握。弗食""}]"
23,33,14,10,10,"[{""label"":""食材"",""text"":""含桃""},{""label"":""食材"",""text"":""黍""},{""label"":""食材"",""text"":""韭""},{""label"":""食材"",""text"":""鲭""},{""label"":""食材"",""text"":""人乳""},{""label"":""古籍来源"",""text"":""礼记""},{""label"":""古籍来源"",""text"":""论语""},{""label"":""古籍来源"",""text"":""南齐书""},{""label"":""古籍来源"",""text"":""晋书""},{""label"":""医家"",""text"":""朱彝尊""}]"
24,16,14,12,12,"[{""label"":""病症"",""text"":""中暑""},{""label"":""病症"",""text"":""昏迷""},{""label"":""病症"",""text"":""虚脱""},{""label"":""病症"",""text"":""昏厥""},{""label"":""病症"",""text"":""狂躁""},{""label"":""病症"",""text"":""急性扭伤""},{""label"":""病症"",""text"":""体温高""},{""label"":""病症"",""text"":""四肢疲乏""},{""label"":""病症"",""text"":""胸闷""},{""label"":""病症"",""text"":""恶心""},{""label"":""功效"",""text"":""开窍醒神""},{""label"":""功效"",""text"":""镇静宁神""}]"
26,58,35,40,40,"[{""label"":""病症"",""text"":""恶寒""},{""label"":""病症"",""text"":""无汗""},{""label"":""病症"",""text"":""紧脉""},{""label"":""病症"",""text"":""筋脉拘急""},{""label"":""病症"",""text"":""关节屈伸不利""},{""label"":""病症"",""text"":""伤寒""},{""label"":""病症"",""text"":""发热""},{""label"":""病症"",""text"":""头项强痛""},{""label"":""病症"",""text"":""身痛""},{""label"":""病症"",""text"":""脉浮紧""},{""label"":""病症"",""text"":""寒痹""},{""label"":""病症"",""text"":""关节疼痛""},{""label"":""病症"",""text"":""四肢拘急""},{""label"":""病症"",""text"":""屈伸不利""},{""label"":""病症"",""text"":""中寒""},{""label"":""病症"",""text"":""腹痛腹泻""},{""label"":""病症"",""text"":""肠鸣""},{""label"":""病症"",""text"":""呕吐清水""},{""label"":""病症"",""text"":""内寒""},{""label"":""病症"",""text"":""畏寒肢冷""},{""label"":""病症"",""text"":""气短""},{""label"":""病症"",""text"":""唇青""},{""label"":""病症"",""text"":""纳差""},{""label"":""病症"",""text"":""小便频数""},{""label"":""病症"",""text"":""腹胀便溏""},{""label"":""病症"",""text"":""阳痿""},{""label"":""病症"",""text"":""带下清稀""},{""label"":""病症"",""text"":""脘腹冷痛""},{""label"":""病症"",""text"":""呕吐""},{""label"":""病症"",""text"":""脉微细""},{""label"":""养生原则"",""text"":""阴盛则寒""},{""label"":""养生原则"",""text"":""阴盛则阳病""},{""label"":""脏腑"",""text"":""脾""},{""label"":""脏腑"",""text"":""心""},{""label"":""脏腑"",""text"":""肾""},{""label"":""脏腑"",""text"":""胃""},{""label"":""食性"",""text"":""寒""},{""label"":""食性"",""text"":""热""},{""label"":""食性"",""text"":""温""},{""label"":""食性"",""text"":""辛""}]"
27,39,25,30,30,"[{""label"":""病症"",""text"":""喜则气缓""},{""label"":""病症"",""text"":""神不守舍""},{""label"":""病症"",""text"":""精神无法集中""},{""label"":""病症"",""text"":""心神恍惚""},{""label"":""病症"",""text"":""怒则气上""},{""label"":""病症"",""text"":""眩晕头痛""},{""label"":""病症"",""text"":""面赤""},{""label"":""病症"",""text"":""耳鸣""},{""label"":""病症"",""text"":""昏厥""},{""label"":""病症"",""text"":""悲则气消""},{""label"":""病症"",""text"":""形体憔悴""},{""label"":""病症"",""text"":""毛发枯萎""},{""label"":""病症"",""text"":""精神不振""},{""label"":""病症"",""text"":""生气索然""},{""label"":""病症"",""text"":""恐则气下""},{""label"":""病症"",""text"":""气泄于下""},{""label"":""病症"",""text"":""精滑遗泄""},{""label"":""病症"",""text"":""惊则气乱""},{""label"":""病症"",""text"":""惊厥""},{""label"":""病症"",""text"":""失精""},{""label"":""病症"",""text"":""思则气结""},{""label"":""病症"",""text"":""气机郁结""},{""label"":""病症"",""text"":""心悸少寐""},{""label"":""病症"",""text"":""不欲饮食""},{""label"":""脏腑"",""text"":""心""},{""label"":""脏腑"",""text"":""肝""},{""label"":""脏腑"",""text"":""肺""},{""label"":""脏腑"",""text"":""肾""},{""label"":""脏腑"",""text"":""脾""},{""label"":""古籍来源"",""text"":""《内经》""}]"
28,59,21,21,21,"[{""label"":""功效"",""text"":""醒脑开窍""},{""label"":""功效"",""text"":""疏风清热""},{""label"":""功效"",""text"":""镇痈通络""},{""label"":""病症"",""text"":""头面五官疾患""},{""label"":""病症"",""text"":""热疖""},{""label"":""病症"",""text"":""无汗""},{""label"":""病症"",""text"":""自汗""},{""label"":""病症"",""text"":""盗汗""},{""label"":""病症"",""text"":""经闭""},{""label"":""病症"",""text"":""滞产""},{""label"":""病症"",""text"":""昏迷""},{""label"":""病症"",""text"":""癫痫""},{""label"":""病症"",""text"":""痹症""},{""label"":""功效"",""text"":""清热利湿""},{""label"":""功效"",""text"":""祛风解表""},{""label"":""功效"",""text"":""调和蒈卫""},{""label"":""病症"",""text"":""上肢不遂""},{""label"":""病症"",""text"":""高血压""},{""label"":""病症"",""text"":""咽喉肿痛""},{""label"":""功效"",""text"":""清热散风""},{""label"":""功效"",""text"":""通鼻窍""}]"
29,49,34,49,49,"[{""label"":""病症"",""text"":""气盛""},{""label"":""病症"",""text"":""阴气盛""},{""label"":""病症"",""text"":""阳气盛""},{""label"":""病症"",""text"":""阴阳俱盛""},{""label"":""病症"",""text"":""上盛""},{""label"":""病症"",""text"":""下盛""},{""label"":""病症"",""text"":""甚饥""},{""label"":""病症"",""text"":""甚饱""},{""label"":""病症"",""text"":""肝气盛""},{""label"":""病症"",""text"":""肺气盛""},{""label"":""病症"",""text"":""心气盛""},{""label"":""病症"",""text"":""脾气盛""},{""label"":""病症"",""text"":""肾气盛""},{""label"":""病症"",""text"":""短虫多""},{""label"":""病症"",""text"":""长虫多""},{""label"":""古籍来源"",""text"":""《内经》""},{""label"":""古籍来源"",""text"":""《灵枢.淫邪发梦篇》""},{""label"":""病症"",""text"":""梦涉大水""},{""label"":""病症"",""text"":""梦大火燔灼""},{""label"":""病症"",""text"":""梦相杀""},{""label"":""病症"",""text"":""梦飞""},{""label"":""病症"",""text"":""梦堕""},{""label"":""病症"",""text"":""梦予""},{""label"":""病症"",""text"":""眩晕""},{""label"":""病症"",""text"":""耳鸣""},{""label"":""病症"",""text"":""头痛""},{""label"":""病症"",""text"":""梦见哭泣""},{""label"":""病症"",""text"":""恐惧""},{""label"":""病症"",""text"":""梦见喜笑畏怯""},{""label"":""病症"",""text"":""梦见腰脊分离而又相连接""},{""label"":""病症"",""text"":""梦见众人聚集""},{""label"":""病症"",""text"":""梦见打架""},{""label"":""病症"",""text"":""损伤""},{""label"":""病症"",""text"":""梦怒""},{""label"":""病症"",""text"":""飞扬""},{""label"":""病症"",""text"":""梦歌乐""},{""label"":""病症"",""text"":""身体重不举""},{""label"":""病症"",""text"":""梦腰脊两解不属""},{""label"":""脏腑"",""text"":""五脏""},{""label"":""病症"",""text"":""心血不足""},{""label"":""病症"",""text"":""心肾不交""},{""label"":""病症"",""text"":""心虚胆怯""},{""label"":""病症"",""text"":""心火旺盛""},{""label"":""功效"",""text"":""益气安神""},{""label"":""功效"",""text"":""养血安神""},{""label"":""功效"",""text"":""交通心肾""},{""label"":""功效"",""text"":""壮胆镇惊""},{""label"":""功效"",""text"":""安神定志""},{""label"":""功效"",""text"":""清心泻火""}]"
30,51,82,46,46,"[{""label"":""病症"",""text"":""急痛症""},{""label"":""病症"",""text"":""心痛""},{""label"":""病症"",""text"":""胆痛""},{""label"":""病症"",""text"":""蛔厥""},{""label"":""病症"",""text"":""胃疼""},{""label"":""病症"",""text"":""腹痛""},{""label"":""病症"",""text"":""肾痛""},{""label"":""病症"",""text"":""出血""},{""label"":""病症"",""text"":""咳血""},{""label"":""病症"",""text"":""肝火犯肺""},{""label"":""病症"",""text"":""阴虚火旺""},{""label"":""病症"",""text"":""肺热""},{""label"":""病症"",""text"":""胃热""},{""label"":""病症"",""text"":""肝火""},{""label"":""病症"",""text"":""胃中积热""},{""label"":""病症"",""text"":""吐血""},{""label"":""病症"",""text"":""肝火犯胃""},{""label"":""病症"",""text"":""脾气虚弱""},{""label"":""病症"",""text"":""便血""},{""label"":""病症"",""text"":""大肠湿热""},{""label"":""病症"",""text"":""尿血""},{""label"":""病症"",""text"":""心火亢盛""},{""label"":""归经"",""text"":""任脉""},{""label"":""归经"",""text"":""膀胱经""},{""label"":""归经"",""text"":""厥阴经""},{""label"":""归经"",""text"":""足少阳""},{""label"":""归经"",""text"":""手阳明""},{""label"":""归经"",""text"":""阳明""},{""label"":""归经"",""text"":""手足阳明经""},{""label"":""归经"",""text"":""手足厥阴""},{""label"":""归经"",""text"":""心包经""},{""label"":""归经"",""text"":""肝经""},{""label"":""归经"",""text"":""手太阴""},{""label"":""归经"",""text"":""手太阴肺经""},{""label"":""归经"",""text"":""足少阴肾经""},{""label"":""归经"",""text"":""督脉""},{""label"":""归经"",""text"":""手太阴经脉""},{""label"":""归经"",""text"":""足厥阴""},{""label"":""归经"",""text"":""少阴经""},{""label"":""归经"",""text"":""足阳明""},{""label"":""归经"",""text"":""厥阴经""},{""label"":""归经"",""text"":""足太阴""},{""label"":""归经"",""text"":""足太阳""},{""label"":""归经"",""text"":""足阳明""},{""label"":""归经"",""text"":""足太阴经""},{""label"":""归经"",""text"":""足少阴""}]"
31,41,39,39,39,"[{""label"":""病症"",""text"":""感冒""},{""label"":""病症"",""text"":""肺炎""},{""label"":""病症"",""text"":""支气管炎""},{""label"":""病症"",""text"":""肺结核""},{""label"":""病症"",""text"":""心动过速""},{""label"":""病症"",""text"":""心动过缓""},{""label"":""病症"",""text"":""心绞痛""},{""label"":""病症"",""text"":""肠炎""},{""label"":""病症"",""text"":""痢疾""},{""label"":""病症"",""text"":""胃炎""},{""label"":""病症"",""text"":""消化不良""},{""label"":""病症"",""text"":""溃疡病""},{""label"":""病症"",""text"":""胃下垂""},{""label"":""病症"",""text"":""胆绞痛""},{""label"":""病症"",""text"":""胆囊炎""},{""label"":""病症"",""text"":""肝炎""},{""label"":""病症"",""text"":""遗精""},{""label"":""病症"",""text"":""遗尿""},{""label"":""病症"",""text"":""阳痿""},{""label"":""病症"",""text"":""闭经""},{""label"":""病症"",""text"":""痛经""},{""label"":""病症"",""text"":""月经不调""},{""label"":""病症"",""text"":""肾炎""},{""label"":""病症"",""text"":""肾绞痛""},{""label"":""病症"",""text"":""盆腔炎""},{""label"":""病症"",""text"":""胎位不正""},{""label"":""病症"",""text"":""难产""},{""label"":""病症"",""text"":""癔病""},{""label"":""病症"",""text"":""神经衰弱""},{""label"":""病症"",""text"":""脱肛""},{""label"":""病症"",""text"":""痔疮""},{""label"":""病症"",""text"":""头痛""},{""label"":""病症"",""text"":""眼痛""},{""label"":""病症"",""text"":""颈背痛""},{""label"":""病症"",""text"":""腰痛""},{""label"":""病症"",""text"":""坐骨神经痛""},{""label"":""病症"",""text"":""瘫痪""},{""label"":""病症"",""text"":""风湿性关节炎""},{""label"":""古籍来源"",""text"":""足太阳膀胱经图解""}]"
32,15,9,8,8,"[{""label"":""古籍来源"",""text"":""《黄帝内经》""},{""label"":""古籍来源"",""text"":""《周易》""},{""label"":""脏腑"",""text"":""大肠""},{""label"":""脏腑"",""text"":""肺""},{""label"":""脏腑"",""text"":""胃""},{""label"":""病症"",""text"":""上呼吸道感染""},{""label"":""病症"",""text"":""头面五官疾病""},{""label"":""病症"",""text"":""过敏性皮肤病""}]"
33,34,0,19,19,"[{""label"":""病症"",""text"":""痛经""},{""label"":""病症"",""text"":""寒凝血瘀""},{""label"":""病症"",""text"":""经行腹痛""},{""label"":""养生原则"",""text"":""注意经期卫生""},{""label"":""养生原则"",""text"":""保持阴部清洁""},{""label"":""养生原则"",""text"":""在经期应注意下身保暖""},{""label"":""养生原则"",""text"":""避免受寒""},{""label"":""养生原则"",""text"":""保持心情舒畅""},{""label"":""养生原则"",""text"":""避免精神刺激""},{""label"":""养生原则"",""text"":""注意休息""},{""label"":""养生原则"",""text"":""保证睡眠""},{""label"":""养生原则"",""text"":""减轻体力劳动""},{""label"":""养生原则"",""text"":""避免剧烈运动""},{""label"":""养生原则"",""text"":""经期要注意饮食调理""},{""label"":""养生原则"",""text"":""经前和经期忌食生冷寒凉之物""},{""label"":""功效"",""text"":""温经通络""},{""label"":""烹饪方法"",""text"":""摩法""},{""label"":""烹饪方法"",""text"":""按揉""},{""label"":""烹饪方法"",""text"":""按摩""}]"
34,14,3,3,3,"[{""label"":""脏腑"",""text"":""心""},{""label"":""脏腑"",""text"":""脑""},{""label"":""脏腑"",""text"":""肺""}]"
35,28,27,23,23,"[{""label"":""病症"",""text"":""肾气虚""},{""label"":""病症"",""text"":""肝气虚""},{""label"":""病症"",""text"":""心气虚""},{""label"":""病症"",""text"":""脾气虚""},{""label"":""病症"",""text"":""气虚""},{""label"":""病症"",""text"":""阴阳偏衰""},{""label"":""病症"",""text"":""阴虚""},{""label"":""病症"",""text"":""阳虚""},{""label"":""病症"",""text"":""阴阳两虚""},{""label"":""病症"",""text"":""少气之厥""},{""label"":""病症"",""text"":""妄梦""},{""label"":""医家"",""text"":""张景岳""},{""label"":""古籍来源"",""text"":""《内经》""},{""label"":""古籍来源"",""text"":""《类经.梦寐》""},{""label"":""病症"",""text"":""阴虚阳亢""},{""label"":""病症"",""text"":""虚热梦证""},{""label"":""病症"",""text"":""阴寒偏盛""},{""label"":""病症"",""text"":""梦证""},{""label"":""病症"",""text"":""肺气虚""},{""label"":""功效"",""text"":""补其偏衰""},{""label"":""功效"",""text"":""补其不足""},{""label"":""功效"",""text"":""补阴以制阳""},{""label"":""功效"",""text"":""阴阳双补""}]"
36,15,11,11,11,"[{""label"":""养生原则"",""text"":""秋冬养阴""},{""label"":""养生原则"",""text"":""无扰乎阳""},{""label"":""养生原则"",""text"":""虚者补之,寒者温之""},{""label"":""病症"",""text"":""寒邪""},{""label"":""禁忌"",""text"":""少食生冷""},{""label"":""脏腑"",""text"":""脾胃""},{""label"":""养生原则"",""text"":""滋阴潜阳""},{""label"":""食材"",""text"":""新鲜蔬莱""},{""label"":""养生原则"",""text"":""养藏""},{""label"":""古籍来源"",""text"":""《内经》""},{""label"":""医家"",""text"":""孙思邈""}]"
37,21,0,13,13,"[{""label"":""养生原则"",""text"":""道家追求健康""},{""label"":""养生原则"",""text"":""延年益寿""},{""label"":""养生原则"",""text"":""服食""},{""label"":""养生原则"",""text"":""修练内丹""},{""label"":""养生原则"",""text"":""静功""},{""label"":""养生原则"",""text"":""动功""},{""label"":""养生原则"",""text"":""五禽戏""},{""label"":""养生原则"",""text"":""太极拳""},{""label"":""古籍来源"",""text"":""《内经图》""},{""label"":""养生原则"",""text"":""道家静养功""},{""label"":""养生原则"",""text"":""性功""},{""label"":""养生原则"",""text"":""命功""},{""label"":""养生原则"",""text"":""修持方法""}]"
38,7,12,7,7,"[{""label"":""脏腑"",""text"":""小肠""},{""label"":""脏腑"",""text"":""肾""},{""label"":""古籍来源"",""text"":""《内经》""},{""label"":""古籍来源"",""text"":""《素问.水热穴论》""},{""label"":""古籍来源"",""text"":""《素问 .金匮真言论》""},{""label"":""脏腑"",""text"":""膀胱""},{""label"":""脏腑"",""text"":""三焦""}]"
39,0,10,0,0,[]
40,24,14,13,13,"[{""label"":""病症"",""text"":""中暑""},{""label"":""病症"",""text"":""虚脱型""},{""label"":""病症"",""text"":""高热型""},{""label"":""病症"",""text"":""大量出汗""},{""label"":""病症"",""text"":""脱水""},{""label"":""病症"",""text"":""血压下降""},{""label"":""病症"",""text"":""脑缺血""},{""label"":""病症"",""text"":""晕厥""},{""label"":""病症"",""text"":""昏迷""},{""label"":""病症"",""text"":""休克""},{""label"":""食材"",""text"":""淡盐水""},{""label"":""烹饪方法"",""text"":""点刺""},{""label"":""养生原则"",""text"":""预防胜于治疗""}]"
41,6,4,3,3,"[{""label"":""古籍来源"",""text"":""《黄帝内经》""},{""label"":""古籍来源"",""text"":""《内经图》""},{""label"":""脏腑"",""text"":""五脏六腑""}]"
42,23,10,22,22,"[{""label"":""古籍来源"",""text"":""五行与主要人体器官关系表""},{""label"":""脏腑"",""text"":""肝""},{""label"":""脏腑"",""text"":""胆""},{""label"":""脏腑"",""text"":""心""},{""label"":""脏腑"",""text"":""小肠""},{""label"":""脏腑"",""text"":""脾""},{""label"":""脏腑"",""text"":""胃""},{""label"":""脏腑"",""text"":""肺""},{""label"":""脏腑"",""text"":""大肠""},{""label"":""脏腑"",""text"":""肾""},{""label"":""脏腑"",""text"":""膀胱""},{""label"":""养生原则"",""text"":""肝的特性是怕郁结 ,要像树木般得到舒展""},{""label"":""养生原则"",""text"":""心推动气血,温暖整个人""},{""label"":""养生原则"",""text"":""脾主消化吸收。滋润身体,如大地孕育万物""},{""label"":""养生原则"",""text"":""肺主声 ,肺气宜清,如金属般铿锵""},{""label"":""养生原则"",""text"":""生命的本源来自水,而肾属先天的本源""},{""label"":""养生原则"",""text"":""相克: 互相制约和克服""},{""label"":""养生原则"",""text"":""金坚硬妨碍树木生长一一金克木""},{""label"":""养生原则"",""text"":""植树以防泥土松脱一一木克土""},{""label"":""养生原则"",""text"":""泛滥时用沙包挡水一一土克水""},{""label"":""养生原则"",""text"":""用水来灭火一一水克火""},{""label"":""养生原则"",""text"":""用火可熔化金一一火克金""}]"
43,70,76,64,64,"[{""label"":""食材"",""text"":""茶叶""},{""label"":""归经"",""text"":""肝经""},{""label"":""功效"",""text"":""明目清肝""},{""label"":""食材"",""text"":""无花果""},{""label"":""归经"",""text"":""肺。胃。大肠经""},{""label"":""食材"",""text"":""马齿苋""},{""label"":""归经"",""text"":""心及大肠经""},{""label"":""食材"",""text"":""杞子""},{""label"":""归经"",""text"":""肝。肾经""},{""label"":""食材"",""text"":""桑寄生""},{""label"":""归经"",""text"":""肝。肾经""},{""label"":""食材"",""text"":""莲子""},{""label"":""归经"",""text"":""脾经""},{""label"":""养生原则"",""text"":""不同体质的饮食要求""},{""label"":""病症"",""text"":""阴虚之体质""},{""label"":""食材"",""text"":""芝麻""},{""label"":""食材"",""text"":""糯米""},{""label"":""食材"",""text"":""蜂蜜""},{""label"":""食材"",""text"":""乳品""},{""label"":""食材"",""text"":""甘蔗""},{""label"":""食材"",""text"":""蔬莱""},{""label"":""食材"",""text"":""水果""},{""label"":""食材"",""text"":""豆腐""},{""label"":""食材"",""text"":""鱼类""},{""label"":""食味"",""text"":""辛""},{""label"":""病症"",""text"":""阳虚之体质""},{""label"":""食材"",""text"":""羊肉""},{""label"":""食材"",""text"":""狗肉""},{""label"":""食材"",""text"":""鹿肉""},{""label"":""食疗方"",""text"":""附子粥""},{""label"":""食疗方"",""text"":""羊肉附子汤""},{""label"":""病症"",""text"":""气虚之体质""},{""label"":""功效"",""text"":""补气""},{""label"":""食疗方"",""text"":""入参莲肉汤""},{""label"":""食材"",""text"":""粳米""},{""label"":""食材"",""text"":""糯米""},{""label"":""食材"",""text"":""小米""},{""label"":""食材"",""text"":""黄米""},{""label"":""食材"",""text"":""大麦""},{""label"":""食材"",""text"":""山药""},{""label"":""食材"",""text"":""大枣""},{""label"":""功效"",""text"":""补气""},{""label"":""病症"",""text"":""血虚之体质""},{""label"":""食材"",""text"":""桑葚""},{""label"":""食材"",""text"":""荔枝""},{""label"":""食材"",""text"":""松子""},{""label"":""食材"",""text"":""黑木耳""},{""label"":""食材"",""text"":""甲鱼""},{""label"":""食材"",""text"":""羊肝""},{""label"":""食材"",""text"":""海参""},{""label"":""功效"",""text"":""补血养血""},{""label"":""病症"",""text"":""阳盛之体质""},{""label"":""禁忌"",""text"":""忌辛辣燥烈食物""},{""label"":""食材"",""text"":""辣椒""},{""label"":""食材"",""text"":""姜""},{""label"":""食材"",""text"":""葱""},{""label"":""食材"",""text"":""蒜""},{""label"":""食材"",""text"":""牛肉""},{""label"":""食材"",""text"":""鸡肉""},{""label"":""食材"",""text"":""水果""},{""label"":""食材"",""text"":""蔬菜""},{""label"":""食材"",""text"":""苦瓜""},{""label"":""食性"",""text"":""辛热""},{""label"":""禁忌"",""text"":""戒酒""}]"
44,6,0,0,0,[]
45,23,0,0,0,[]
46,8,12,9,9,"[{""label"":""古籍来源"",""text"":""《内经》""},{""label"":""养生原则"",""text"":""顺势""},{""label"":""养生原则"",""text"":""顺应自然之势""},{""label"":""养生原则"",""text"":""针道必须合于天道""},{""label"":""养生原则"",""text"":""天道即自然之道""},{""label"":""病症"",""text"":""形体粗壮""},{""label"":""病症"",""text"":""形体瘦削""},{""label"":""病症"",""text"":""气血外浮""},{""label"":""病症"",""text"":""气血内沉""}]"
47,76,66,74,74,"[{""label"":""食材"",""text"":""淡竹沥""},{""label"":""食性"",""text"":""大寒""},{""label"":""病症"",""text"":""中风""},{""label"":""病症"",""text"":""烦闷""},{""label"":""病症"",""text"":""劳复""},{""label"":""食材"",""text"":""谈竹筇""},{""label"":""病症"",""text"":""噎膈""},{""label"":""病症"",""text"":""鼻衄""},{""label"":""食材"",""text"":""竹实""},{""label"":""功效"",""text"":""通神明""},{""label"":""功效"",""text"":""轻身""},{""label"":""功效"",""text"":""益气""},{""label"":""食材"",""text"":""筻""},{""label"":""食味"",""text"":""淡""},{""label"":""食味"",""text"":""苦""},{""label"":""食味"",""text"":""甘""},{""label"":""食材"",""text"":""苦笋""},{""label"":""食味"",""text"":""甘""},{""label"":""食味"",""text"":""苦""},{""label"":""食性"",""text"":""寒""},{""label"":""古籍来源"",""text"":""本草图经""},{""label"":""食材"",""text"":""苦竹""},{""label"":""功效"",""text"":""清热利湿""},{""label"":""功效"",""text"":""除热气""},{""label"":""功效"",""text"":""止消渴""},{""label"":""功效"",""text"":""明目""},{""label"":""功效"",""text"":""解酒毒""},{""label"":""食材"",""text"":""锬竹沥""},{""label"":""食材"",""text"":""竹汁""},{""label"":""食材"",""text"":""竹油""},{""label"":""食材"",""text"":""苦竹沥""},{""label"":""食材"",""text"":""筻竹沥""},{""label"":""病症"",""text"":""风痊""},{""label"":""食味"",""text"":""甘""},{""label"":""食味"",""text"":""苦""},{""label"":""食性"",""text"":""蹇""},{""label"":""归经"",""text"":""入心""},{""label"":""归经"",""text"":""胃经""},{""label"":""功效"",""text"":""清热滑痰""},{""label"":""功效"",""text"":""镇惊利窍""},{""label"":""功效"",""text"":""清心火""},{""label"":""功效"",""text"":""化痰止渴""},{""label"":""病症"",""text"":""脑血管意外后遗症""},{""label"":""食材"",""text"":""淡竹茹""},{""label"":""食材"",""text"":""竹皮""},{""label"":""食材"",""text"":""麻巴""},{""label"":""食材"",""text"":""竹二青""},{""label"":""食味"",""text"":""甘""},{""label"":""食性"",""text"":""凉""},{""label"":""病症"",""text"":""胃热噎膈""},{""label"":""病症"",""text"":""胃虚干呕""},{""label"":""病症"",""text"":""痰热恶心""},{""label"":""病症"",""text"":""酒伤呕吐""},{""label"":""病症"",""text"":""痰涎酸水""},{""label"":""病症"",""text"":""惊悸怔忡""},{""label"":""病症"",""text"":""睡卧不宁""},{""label"":""食材"",""text"":""竹米""},{""label"":""医家"",""text"":""陶弘景""},{""label"":""古籍来源"",""text"":""本经""},{""label"":""功效"",""text"":""益气""},{""label"":""食材"",""text"":""筮竹叶""},{""label"":""食味"",""text"":""苦""},{""label"":""食性"",""text"":""平""},{""label"":""古籍来源"",""text"":""本经""},{""label"":""病症"",""text"":""咳逆上气溢""},{""label"":""病症"",""text"":""筋急恶疡""},{""label"":""病症"",""text"":""小虫""},{""label"":""古籍来源"",""text"":""别录""},{""label"":""病症"",""text"":""烦热风痉""},{""label"":""病症"",""text"":""喉痹""},{""label"":""病症"",""text"":""呕吐""},{""label"":""食材"",""text"":""筻竹根""},{""label"":""功效"",""text"":""益气止渴""},{""label"":""功效"",""text"":""补虚下气""}]"
48,12,0,11,11,"[{""label"":""医家"",""text"":""孟诜""},{""label"":""古籍来源"",""text"":""《敦煌》""},{""label"":""古籍来源"",""text"":""《卷子》""},{""label"":""古籍来源"",""text"":""《医心方》""},{""label"":""古籍来源"",""text"":""《食经》""},{""label"":""食材"",""text"":""胡桃""},{""label"":""食材"",""text"":""胡粉""},{""label"":""病症"",""text"":""一切痔病""},{""label"":""烹饪方法"",""text"":""烧""},{""label"":""烹饪方法"",""text"":""研""},{""label"":""烹饪方法"",""text"":""傅""}]"
49,20,16,18,18,"[{""label"":""食材"",""text"":""鲈鱼""},{""label"":""食性"",""text"":""平""},{""label"":""功效"",""text"":""安胎""},{""label"":""功效"",""text"":""补中""},{""label"":""功效"",""text"":""补五脏""},{""label"":""功效"",""text"":""益筋骨""},{""label"":""功效"",""text"":""和肠胃""},{""label"":""病症"",""text"":""水气""},{""label"":""病症"",""text"":""瘃癖及疮肿""},{""label"":""禁忌"",""text"":""不可与乳酪同食""},{""label"":""食材"",""text"":""花寨""},{""label"":""食味"",""text"":""甘""},{""label"":""食性"",""text"":""平""},{""label"":""食味"",""text"":""咸""},{""label"":""功效"",""text"":""补益脾胃""},{""label"":""功效"",""text"":""滋润肝肾""},{""label"":""古籍来源"",""text"":""嘉裕本草""},{""label"":""医家"",""text"":""孟诜""}]"
50,16,0,0,0,[]
51,29,24,20,20,"[{""label"":""食材"",""text"":""薏苡仁""},{""label"":""食性"",""text"":""平""},{""label"":""病症"",""text"":""千湿脚气""},{""label"":""食味"",""text"":""甘""},{""label"":""食性"",""text"":""凉""},{""label"":""归经"",""text"":""脾""},{""label"":""归经"",""text"":""肺""},{""label"":""功效"",""text"":""健脾利湿""},{""label"":""功效"",""text"":""补肺清热""},{""label"":""功效"",""text"":""去风胜湿""},{""label"":""功效"",""text"":""利筋脉""},{""label"":""食材"",""text"":""粳米""},{""label"":""烹饪方法"",""text"":""煮""},{""label"":""烹饪方法"",""text"":""酿""},{""label"":""病症"",""text"":""风湿性关节炎""},{""label"":""病症"",""text"":""胸中邪气""},{""label"":""功效"",""text"":""通筋络""},{""label"":""功效"",""text"":""活血脉""},{""label"":""功效"",""text"":""健脾胃""},{""label"":""古籍来源"",""text"":""《嘉祜本草》""}]"
52,55,24,53,53,"[{""label"":""食材"",""text"":""罗勒""},{""label"":""食味"",""text"":""辛""},{""label"":""食性"",""text"":""温""},{""label"":""功效"",""text"":""调中消食""},{""label"":""功效"",""text"":""去恶气""},{""label"":""功效"",""text"":""消水气""},{""label"":""病症"",""text"":""齿根烂疮""},{""label"":""禁忌"",""text"":""壅关节""},{""label"":""禁忌"",""text"":""涩荣卫""},{""label"":""禁忌"",""text"":""令血脉不行""},{""label"":""病症"",""text"":""脚气""},{""label"":""病症"",""text"":""畹""},{""label"":""烹饪方法"",""text"":""煮""},{""label"":""食材"",""text"":""子""},{""label"":""病症"",""text"":""目臀及物入目""},{""label"":""病症"",""text"":""风赤眵泪""},{""label"":""食材"",""text"":""根""},{""label"":""病症"",""text"":""小儿黄烂疮""},{""label"":""烹饪方法"",""text"":""烧灰""},{""label"":""古籍来源"",""text"":""邺中记""},{""label"":""医家"",""text"":""罗天益""},{""label"":""食材"",""text"":""兰香""},{""label"":""食味"",""text"":""辛""},{""label"":""食性"",""text"":""温""},{""label"":""功效"",""text"":""和血润燥""},{""label"":""禁忌"",""text"":""多食涩营卫""},{""label"":""禁忌"",""text"":""血脉不行""},{""label"":""医家"",""text"":""东垣李氏""},{""label"":""病症"",""text"":""牙疼口臭""},{""label"":""食疗方"",""text"":""神功丸""},{""label"":""食材"",""text"":""兰香""},{""label"":""功效"",""text"":""去恶气""},{""label"":""古籍来源"",""text"":""饮膳正要""},{""label"":""食材"",""text"":""罗勒子""},{""label"":""食材"",""text"":""兰香子""},{""label"":""食材"",""text"":""光明子""},{""label"":""食味"",""text"":""甘辛""},{""label"":""食性"",""text"":""凉""},{""label"":""病症"",""text"":""目昏浮赂""},{""label"":""病症"",""text"":""拳毛倒睫""},{""label"":""病症"",""text"":""多眵""},{""label"":""病症"",""text"":""口腔臭""},{""label"":""病症"",""text"":""齿黑""},{""label"":""医家"",""text"":""石勒""},{""label"":""食材"",""text"":""香莱""},{""label"":""食材"",""text"":""翳子草""},{""label"":""食材"",""text"":""九层塔""},{""label"":""食材"",""text"":""苏薄荷""},{""label"":""食材"",""text"":""省头草""},{""label"":""功效"",""text"":""疏风行气""},{""label"":""功效"",""text"":""消食除哕""},{""label"":""功效"",""text"":""活血化""},{""label"":""功效"",""text"":""解毒""}]"
53,34,22,23,23,"[{""label"":""食材"",""text"":""蜩脂""},{""label"":""食味"",""text"":""甘""},{""label"":""食性"",""text"":""平""},{""label"":""功效"",""text"":""主肠风痔瘘""},{""label"":""病症"",""text"":""耳聋""},{""label"":""病症"",""text"":""肠风""},{""label"":""病症"",""text"":""鸨血""},{""label"":""古籍来源"",""text"":""本草拾遗""},{""label"":""古籍来源"",""text"":""日华子本草""},{""label"":""食材"",""text"":""桔梗""},{""label"":""食味"",""text"":""苦辛""},{""label"":""食性"",""text"":""平""},{""label"":""归经"",""text"":""肺""},{""label"":""归经"",""text"":""胃""},{""label"":""功效"",""text"":""宣通肺气""},{""label"":""功效"",""text"":""祛痰排脓""},{""label"":""食材"",""text"":""麦门冬""},{""label"":""食味"",""text"":""甘""},{""label"":""食味"",""text"":""微苦""},{""label"":""食性"",""text"":""寒""},{""label"":""功效"",""text"":""养阴润肺""},{""label"":""功效"",""text"":""除烦清心""},{""label"":""功效"",""text"":""益胃生津""}]"
54,25,24,22,22,"[{""label"":""食材"",""text"":""猪膏""},{""label"":""食材"",""text"":""大豆""},{""label"":""食材"",""text"":""青竹筹子""},{""label"":""功效"",""text"":""肥健人""},{""label"":""烹饪方法"",""text"":""煮熟""},{""label"":""功效"",""text"":""瘥""},{""label"":""功效"",""text"":""令人长生""},{""label"":""功效"",""text"":""益阳""},{""label"":""食性"",""text"":""平""},{""label"":""病症"",""text"":""霍乱吐逆""},{""label"":""功效"",""text"":""疗一切毒""},{""label"":""食材"",""text"":""猪肪""},{""label"":""功效"",""text"":""长肌肤""},{""label"":""功效"",""text"":""益颜色""},{""label"":""功效"",""text"":""填骨髓""},{""label"":""功效"",""text"":""加气力""},{""label"":""功效"",""text"":""补虚能食""},{""label"":""古籍来源"",""text"":""政类本草""},{""label"":""古籍来源"",""text"":""嘉佑本草""},{""label"":""古籍来源"",""text"":""医心方""},{""label"":""古籍来源"",""text"":""本草经疏""},{""label"":""古籍来源"",""text"":""延年秘录方""}]"
55,32,32,28,28,"[{""label"":""食材"",""text"":""青小豆""},{""label"":""食性"",""text"":""寒""},{""label"":""功效"",""text"":""疗热中""},{""label"":""病症"",""text"":""消渴""},{""label"":""功效"",""text"":""止痢""},{""label"":""功效"",""text"":""下胀满""},{""label"":""食材"",""text"":""豌豆""},{""label"":""食材"",""text"":""睥亘""},{""label"":""食材"",""text"":""寒豆""},{""label"":""食材"",""text"":""毕豆""},{""label"":""食材"",""text"":""麻累""},{""label"":""食味"",""text"":""甘""},{""label"":""食性"",""text"":""平""},{""label"":""古籍来源"",""text"":""《千金方.食治》""},{""label"":""食味"",""text"":""咸""},{""label"":""食性"",""text"":""温""},{""label"":""食性"",""text"":""无毒""},{""label"":""病症"",""text"":""寒热""},{""label"":""病症"",""text"":""热中""},{""label"":""病症"",""text"":""消渴""},{""label"":""功效"",""text"":""止泄利""},{""label"":""功效"",""text"":""利小便""},{""label"":""功效"",""text"":""除吐逆""},{""label"":""功效"",""text"":""卒溉""},{""label"":""功效"",""text"":""下腹胀满""},{""label"":""食材"",""text"":""胡豆""},{""label"":""食材"",""text"":""绿豆""},{""label"":""古籍来源"",""text"":""《太平圣惠方》""}]"
56,27,24,26,26,"[{""label"":""食材"",""text"":""蚌""},{""label"":""食材"",""text"":""河蛤蜊""},{""label"":""食材"",""text"":""蛤蜊""},{""label"":""食性"",""text"":""寒""},{""label"":""食性"",""text"":""冷""},{""label"":""食味"",""text"":""甘""},{""label"":""食味"",""text"":""咸""},{""label"":""归经"",""text"":""肾二经""},{""label"":""功效"",""text"":""清热滋阴""},{""label"":""功效"",""text"":""明目解毒""},{""label"":""功效"",""text"":""养肝熄风""},{""label"":""功效"",""text"":""凉血定惊""},{""label"":""病症"",""text"":""大热""},{""label"":""病症"",""text"":""酒毒""},{""label"":""病症"",""text"":""渴""},{""label"":""病症"",""text"":""眼赤""},{""label"":""病症"",""text"":""红眼""},{""label"":""病症"",""text"":""砂眼""},{""label"":""病症"",""text"":""冷热气""},{""label"":""病症"",""text"":""发风""},{""label"":""病症"",""text"":""寒中""},{""label"":""病症"",""text"":""外感未清""},{""label"":""病症"",""text"":""脾虚便滑""},{""label"":""脏腑"",""text"":""肝""},{""label"":""禁忌"",""text"":""动冷气""},{""label"":""古籍来源"",""text"":""《本草衍义》""}]"
57,51,38,51,53,"[{""label"":""食性"",""text"":""平""},{""label"":""食材"",""text"":""甘菊""},{""label"":""食材"",""text"":""菊花""},{""label"":""食材"",""text"":""白菊""},{""label"":""食材"",""text"":""滁菊""},{""label"":""食材"",""text"":""贡菊""},{""label"":""食材"",""text"":""杭白菊""},{""label"":""食材"",""text"":""杭黄菊""},{""label"":""古籍来源"",""text"":""别录""},{""label"":""食味"",""text"":""甘""},{""label"":""食味"",""text"":""辛""},{""label"":""食性"",""text"":""平""},{""label"":""病症"",""text"":""头风""},{""label"":""病症"",""text"":""目眩""},{""label"":""病症"",""text"":""痈疽""},{""label"":""食材"",""text"":""茎""},{""label"":""食材"",""text"":""玉英""},{""label"":""食味"",""text"":""甘""},{""label"":""食味"",""text"":""微苦""},{""label"":""食性"",""text"":""凉""},{""label"":""功效"",""text"":""清肝利胆""},{""label"":""功效"",""text"":""明目宁心""},{""label"":""病症"",""text"":""头风眩晕""},{""label"":""病症"",""text"":""目翳""},{""label"":""病症"",""text"":""胸中痰饮""},{""label"":""烹饪方法"",""text"":""煎汤""},{""label"":""烹饪方法"",""text"":""煮粥""},{""label"":""食材"",""text"":""花""},{""label"":""食材"",""text"":""节华""},{""label"":""食材"",""text"":""金精""},{""label"":""食材"",""text"":""金蕊""},{""label"":""食材"",""text"":""药菊""},{""label"":""食味"",""text"":""甘""},{""label"":""食味"",""text"":""苦""},{""label"":""食性"",""text"":""凉""},{""label"":""功效"",""text"":""明目宁心""},{""label"":""功效"",""text"":""解毒消肿""},{""label"":""食材"",""text"":""野生苦菊""},{""label"":""古籍来源"",""text"":""本草纲目""},{""label"":""食味"",""text"":""甘""},{""label"":""食味"",""text"":""苦""},{""label"":""食材"",""text"":""甘菊""},{""label"":""食材"",""text"":""诸菊""},{""label"":""食材"",""text"":""田野菊""},{""label"":""食材"",""text"":""苦薏""},{""label"":""古籍来源"",""text"":""牧竖闲谈""},{""label"":""禁忌"",""text"":""田野菊""},{""label"":""禁忌"",""text"":""苦薏""},{""label"":""病症"",""text"":""泪出""},{""label"":""病症"",""text"":""烦热""},{""label"":""功效"",""text"":""利五藏""},{""label"":""功效"",""text"":""疏风清热""},{""label"":""烹饪方法"",""text"":""作羹""}]"
58,57,46,45,45,"[{""label"":""食材"",""text"":""天门冬""},{""label"":""食味"",""text"":""甘""},{""label"":""食味"",""text"":""苦""},{""label"":""食性"",""text"":""寒""},{""label"":""归经"",""text"":""入肺""},{""label"":""归经"",""text"":""肾经""},{""label"":""功效"",""text"":""补虚劳""},{""label"":""功效"",""text"":""治肺劳""},{""label"":""功效"",""text"":""止渴""},{""label"":""功效"",""text"":""去热风""},{""label"":""功效"",""text"":""滋阴""},{""label"":""功效"",""text"":""降火""},{""label"":""功效"",""text"":""清肺""},{""label"":""功效"",""text"":""润五脏""},{""label"":""功效"",""text"":""益皮肤""},{""label"":""功效"",""text"":""悦颜色""},{""label"":""功效"",""text"":""补五劳七伤""},{""label"":""功效"",""text"":""治肺气并嗽""},{""label"":""功效"",""text"":""消焱""},{""label"":""病症"",""text"":""虚劳绝伤""},{""label"":""病症"",""text"":""老年衰损羸瘦""},{""label"":""病症"",""text"":""偏枯不随""},{""label"":""病症"",""text"":""风湿不仁""},{""label"":""病症"",""text"":""冷痹""},{""label"":""病症"",""text"":""心腹积聚""},{""label"":""病症"",""text"":""恶疮""},{""label"":""病症"",""text"":""痈疽肿癞""},{""label"":""病症"",""text"":""阴痿""},{""label"":""病症"",""text"":""目暗""},{""label"":""病症"",""text"":""肺气咳逆""},{""label"":""病症"",""text"":""喘息促急""},{""label"":""病症"",""text"":""肺痿生痈吐脓""},{""label"":""病症"",""text"":""湿疥""},{""label"":""病症"",""text"":""消渴""},{""label"":""病症"",""text"":""热中风""},{""label"":""病症"",""text"":""心病嗌干""},{""label"":""病症"",""text"":""心痛""},{""label"":""病症"",""text"":""渴而欲饮""},{""label"":""病症"",""text"":""足下热痛""},{""label"":""脏腑"",""text"":""肺""},{""label"":""脏腑"",""text"":""肾""},{""label"":""古籍来源"",""text"":""千金方""},{""label"":""古籍来源"",""text"":""药性论""},{""label"":""古籍来源"",""text"":""日华子本草""},{""label"":""医家"",""text"":""王好古""}]"
59,67,42,57,57,"[{""label"":""食材"",""text"":""酒""},{""label"":""食疗方"",""text"":""紫酒""},{""label"":""病症"",""text"":""角弓风""},{""label"":""食材"",""text"":""姜""},{""label"":""病症"",""text"":""偏风中恶""},{""label"":""食材"",""text"":""桑椹""},{""label"":""功效"",""text"":""补五脏""},{""label"":""功效"",""text"":""明耳目""},{""label"":""食材"",""text"":""葱豉""},{""label"":""功效"",""text"":""解烦热""},{""label"":""功效"",""text"":""补虚劳""},{""label"":""食材"",""text"":""蜜""},{""label"":""病症"",""text"":""风疹""},{""label"":""食材"",""text"":""地黄""},{""label"":""食材"",""text"":""牛膝""},{""label"":""食材"",""text"":""虎骨""},{""label"":""食材"",""text"":""仙灵脾""},{""label"":""食材"",""text"":""通草""},{""label"":""烹饪方法"",""text"":""煎""},{""label"":""食材"",""text"":""掬米""},{""label"":""烹饪方法"",""text"":""酿酒""},{""label"":""烹饪方法"",""text"":""切碎""},{""label"":""烹饪方法"",""text"":""浸""},{""label"":""烹饪方法"",""text"":""煮""},{""label"":""食疗方"",""text"":""牛膝酒""},{""label"":""功效"",""text"":""壮筋骨""},{""label"":""病症"",""text"":""痿痹""},{""label"":""功效"",""text"":""补虚损""},{""label"":""功效"",""text"":""除久疟""},{""label"":""食材"",""text"":""怀牛膝""},{""label"":""食材"",""text"":""川牛膝""},{""label"":""食味"",""text"":""苦""},{""label"":""食味"",""text"":""酸""},{""label"":""食性"",""text"":""平""},{""label"":""归经"",""text"":""入肝""},{""label"":""古籍来源"",""text"":""本经""},{""label"":""病症"",""text"":""寒湿痿痹""},{""label"":""病症"",""text"":""膝痛不可屈""},{""label"":""功效"",""text"":""逐血气""},{""label"":""病症"",""text"":""伤热火烂""},{""label"":""功效"",""text"":""堕胎""},{""label"":""古籍来源"",""text"":""别录""},{""label"":""病症"",""text"":""伤中少气""},{""label"":""病症"",""text"":""男肾阴消""},{""label"":""病症"",""text"":""老人失溺""},{""label"":""功效"",""text"":""补中续绝""},{""label"":""功效"",""text"":""填骨髓""},{""label"":""病症"",""text"":""腰脊痛""},{""label"":""病症"",""text"":""妇人月水不通""},{""label"":""病症"",""text"":""血结""},{""label"":""功效"",""text"":""益精""},{""label"":""功效"",""text"":""利阴气""},{""label"":""功效"",""text"":""止发白""},{""label"":""食味"",""text"":""甘""},{""label"":""食味"",""text"":""微苦""},{""label"":""食材"",""text"":""麻牛膝""},{""label"":""食材"",""text"":""头花蒽草""}]"
60,43,30,38,38,"[{""label"":""食材"",""text"":""荆芥""},{""label"":""食材"",""text"":""析莫""},{""label"":""古籍来源"",""text"":""本草拾遗""},{""label"":""医家"",""text"":""陈藏器""},{""label"":""古籍来源"",""text"":""食疗""},{""label"":""医家"",""text"":""张鼎""},{""label"":""古籍来源"",""text"":""本经""},{""label"":""食材"",""text"":""大荠""},{""label"":""食材"",""text"":""葶苈子""},{""label"":""医家"",""text"":""陶""},{""label"":""医家"",""text"":""苏""},{""label"":""食材"",""text"":""假苏""},{""label"":""古籍来源"",""text"":""尔雅""},{""label"":""古籍来源"",""text"":""吴普本草""},{""label"":""食材"",""text"":""析目""},{""label"":""古籍来源"",""text"":""植物名实图考""},{""label"":""食材"",""text"":""花叶荠""},{""label"":""食材"",""text"":""水荠""},{""label"":""食材"",""text"":""老鼓草""},{""label"":""食材"",""text"":""瓜子草""},{""label"":""食材"",""text"":""洋辣罐""},{""label"":""食材"",""text"":""遏蓝莱""},{""label"":""食材"",""text"":""菥莫""},{""label"":""食材"",""text"":""菥莫子""},{""label"":""食材"",""text"":""葶历子""},{""label"":""食味"",""text"":""甘""},{""label"":""食性"",""text"":""平""},{""label"":""功效"",""text"":""利肝明目""},{""label"":""功效"",""text"":""和中益气""},{""label"":""病症"",""text"":""产后子官内膜炎""},{""label"":""食味"",""text"":""辛""},{""label"":""食性"",""text"":""微温""},{""label"":""功效"",""text"":""明目""},{""label"":""病症"",""text"":""目痛泪出""},{""label"":""病症"",""text"":""痹""},{""label"":""功效"",""text"":""补五脏""},{""label"":""古籍来源"",""text"":""别录""},{""label"":""病症"",""text"":""心腹腰痛""}]"
61,47,36,34,34,"[{""label"":""食材"",""text"":""淡竹""},{""label"":""食材"",""text"":""甘竹""},{""label"":""食材"",""text"":""苦竹叶""},{""label"":""食材"",""text"":""苦竹笳""},{""label"":""食材"",""text"":""苦竹根""},{""label"":""食材"",""text"":""焱竹""},{""label"":""食性"",""text"":""寒""},{""label"":""食性"",""text"":""凉""},{""label"":""食味"",""text"":""甘""},{""label"":""食味"",""text"":""苦""},{""label"":""功效"",""text"":""消渴""},{""label"":""功效"",""text"":""痰饮""},{""label"":""功效"",""text"":""喉痹""},{""label"":""功效"",""text"":""鬼痊""},{""label"":""功效"",""text"":""恶气""},{""label"":""功效"",""text"":""杀小虫""},{""label"":""功效"",""text"":""除烦热""},{""label"":""功效"",""text"":""口疮""},{""label"":""功效"",""text"":""目热""},{""label"":""功效"",""text"":""喑哑""},{""label"":""功效"",""text"":""下热壅""},{""label"":""功效"",""text"":""清心火""},{""label"":""功效"",""text"":""利小便""},{""label"":""功效"",""text"":""温气寒热""},{""label"":""功效"",""text"":""吐血""},{""label"":""功效"",""text"":""崩中""},{""label"":""功效"",""text"":""清心热""},{""label"":""功效"",""text"":""明目开窍""},{""label"":""功效"",""text"":""杀虫解毒""},{""label"":""功效"",""text"":""止尿血""},{""label"":""归经"",""text"":""入胃""},{""label"":""归经"",""text"":""胆经""},{""label"":""古籍来源"",""text"":""别录""},{""label"":""古籍来源"",""text"":""纲目""}]"
62,22,14,11,12,"[{""label"":""食材"",""text"":""决明子""},{""label"":""食性"",""text"":""平""},{""label"":""功效"",""text"":""主肝家热毒气""},{""label"":""病症"",""text"":""风眼赤泪""},{""label"":""食味"",""text"":""微苦""},{""label"":""归经"",""text"":""走肝肾两经""},{""label"":""功效"",""text"":""通便利水""},{""label"":""病症"",""text"":""高血压""},{""label"":""病症"",""text"":""肝炎""},{""label"":""病症"",""text"":""肝硬化腹水""},{""label"":""古籍来源"",""text"":""大观本草""},{""label"":""古籍来源"",""text"":""敦煌""}]"
63,23,13,13,13,"[{""label"":""食材"",""text"":""山樱桃""},{""label"":""食性"",""text"":""温""},{""label"":""功效"",""text"":""令人好颜色""},{""label"":""功效"",""text"":""美志""},{""label"":""功效"",""text"":""补中益气""},{""label"":""病症"",""text"":""水谷痢""},{""label"":""病症"",""text"":""泄精""},{""label"":""禁忌"",""text"":""不可多食""},{""label"":""禁忌"",""text"":""令人发阍风""},{""label"":""古籍来源"",""text"":""嘉祜本草""},{""label"":""医家"",""text"":""孟诜""},{""label"":""医家"",""text"":""苏颂""},{""label"":""古籍来源"",""text"":""别录""}]"
64,39,22,22,22,"[{""label"":""食材"",""text"":""大麦""},{""label"":""食味"",""text"":""甘""},{""label"":""食味"",""text"":""咸""},{""label"":""食性"",""text"":""凉""},{""label"":""功效"",""text"":""消渴除热""},{""label"":""功效"",""text"":""宽胸下气""},{""label"":""功效"",""text"":""和脾胃""},{""label"":""功效"",""text"":""止泄泻""},{""label"":""功效"",""text"":""利小便""},{""label"":""功效"",""text"":""益气补中""},{""label"":""功效"",""text"":""实五脏""},{""label"":""功效"",""text"":""厚肠胃""},{""label"":""病症"",""text"":""脚弱""},{""label"":""功效"",""text"":""下气""},{""label"":""食材"",""text"":""设石子""},{""label"":""食味"",""text"":""苦""},{""label"":""食味"",""text"":""涩""},{""label"":""食性"",""text"":""温""},{""label"":""功效"",""text"":""温中固气""},{""label"":""功效"",""text"":""益血生精""},{""label"":""功效"",""text"":""和气安神""},{""label"":""古籍来源"",""text"":""《广雅》""}]"
65,53,45,41,41,"[{""label"":""食材"",""text"":""蓼实""},{""label"":""食材"",""text"":""蓼子""},{""label"":""食材"",""text"":""水蓼子""},{""label"":""食材"",""text"":""蓼""},{""label"":""食材"",""text"":""蔷""},{""label"":""食材"",""text"":""虞蓼""},{""label"":""食材"",""text"":""泽蓼""},{""label"":""食材"",""text"":""辣蓼""},{""label"":""食材"",""text"":""水红花""},{""label"":""食材"",""text"":""药蓼子草""},{""label"":""食材"",""text"":""痛骨消""},{""label"":""食材"",""text"":""斑蕉草""},{""label"":""食性"",""text"":""温""},{""label"":""食性"",""text"":""平""},{""label"":""食味"",""text"":""辛""},{""label"":""功效"",""text"":""明目""},{""label"":""功效"",""text"":""温中""},{""label"":""功效"",""text"":""耐风寒""},{""label"":""功效"",""text"":""下水气""},{""label"":""功效"",""text"":""温中利水""},{""label"":""功效"",""text"":""破瘀散结""},{""label"":""功效"",""text"":""祛风消肿""},{""label"":""功效"",""text"":""化遢行滞""},{""label"":""病症"",""text"":""吐水""},{""label"":""病症"",""text"":""拥气""},{""label"":""病症"",""text"":""蛇咬""},{""label"":""病症"",""text"":""面目浮肿""},{""label"":""病症"",""text"":""痈疡""},{""label"":""病症"",""text"":""浮肿""},{""label"":""病症"",""text"":""腹痛""},{""label"":""病症"",""text"":""腹胀""},{""label"":""病症"",""text"":""吐泻""},{""label"":""病症"",""text"":""皮肤疮疡""},{""label"":""病症"",""text"":""痈肿""},{""label"":""病症"",""text"":""瘰疬""},{""label"":""禁忌"",""text"":""多食吐水""},{""label"":""禁忌"",""text"":""拥气损阳""},{""label"":""烹饪方法"",""text"":""捣""},{""label"":""古籍来源"",""text"":""《延寿类要》""},{""label"":""古籍来源"",""text"":""《本经》""},{""label"":""古籍来源"",""text"":""《药性论》""}]"
66,24,19,17,17,"[{""label"":""食材"",""text"":""芜菁子""},{""label"":""食材"",""text"":""蔓菁子""},{""label"":""食味"",""text"":""辛""},{""label"":""食性"",""text"":""平""},{""label"":""功效"",""text"":""清热解毒""},{""label"":""功效"",""text"":""益肝行气""},{""label"":""功效"",""text"":""消黄疽""},{""label"":""功效"",""text"":""明目""},{""label"":""功效"",""text"":""利小便""},{""label"":""功效"",""text"":""杀虫积""},{""label"":""烹饪方法"",""text"":""九蒸九曝""},{""label"":""烹饪方法"",""text"":""捣""},{""label"":""烹饪方法"",""text"":""研""},{""label"":""病症"",""text"":""热黄""},{""label"":""病症"",""text"":""结实不通""},{""label"":""古籍来源"",""text"":""《嘉祜本草》""},{""label"":""古籍来源"",""text"":""《敦煌》""}]"
67,21,20,20,20,"[{""label"":""食材"",""text"":""乳""},{""label"":""食性"",""text"":""微寒""},{""label"":""功效"",""text"":""润五脏""},{""label"":""功效"",""text"":""利大小便""},{""label"":""功效"",""text"":""益十二经脉""},{""label"":""食材"",""text"":""乳腐""},{""label"":""食材"",""text"":""乳饼""},{""label"":""食材"",""text"":""奶豆腐""},{""label"":""食材"",""text"":""牛乳""},{""label"":""烹饪方法"",""text"":""煎""},{""label"":""烹饪方法"",""text"":""点""},{""label"":""烹饪方法"",""text"":""漉""},{""label"":""烹饪方法"",""text"":""压""},{""label"":""食味"",""text"":""甘""},{""label"":""食性"",""text"":""微寒""},{""label"":""功效"",""text"":""滋润五脏""},{""label"":""功效"",""text"":""益十二经脉""},{""label"":""古籍来源"",""text"":""《幕祜本草》""},{""label"":""医家"",""text"":""孟冼""},{""label"":""医家"",""text"":""萧炳""}]"
68,35,27,25,25,"[{""label"":""食材"",""text"":""乌梅""},{""label"":""食材"",""text"":""白梅""},{""label"":""食味"",""text"":""酸""},{""label"":""食性"",""text"":""平""},{""label"":""食性"",""text"":""温""},{""label"":""归经"",""text"":""肝""},{""label"":""归经"",""text"":""脾""},{""label"":""归经"",""text"":""肺""},{""label"":""归经"",""text"":""大肠""},{""label"":""功效"",""text"":""止渴""},{""label"":""功效"",""text"":""治疟""},{""label"":""功效"",""text"":""除闷""},{""label"":""功效"",""text"":""安神""},{""label"":""功效"",""text"":""止血""},{""label"":""病症"",""text"":""霍乱""},{""label"":""病症"",""text"":""心腹不安""},{""label"":""病症"",""text"":""痢赤""},{""label"":""病症"",""text"":""大便不通""},{""label"":""病症"",""text"":""气奔欲死""},{""label"":""病症"",""text"":""骨蒸""},{""label"":""病症"",""text"":""烦闷""},{""label"":""烹饪方法"",""text"":""水渍""},{""label"":""烹饪方法"",""text"":""杵为丸""},{""label"":""禁忌"",""text"":""多食损齿""},{""label"":""古籍来源"",""text"":""《日华子本草》""}]"
69,19,17,17,17,"[{""label"":""食材"",""text"":""鸡""},{""label"":""食材"",""text"":""鱼肉汁""},{""label"":""食材"",""text"":""鸡肉""},{""label"":""食材"",""text"":""黄雌鸡""},{""label"":""食材"",""text"":""黄雄鸡""},{""label"":""食材"",""text"":""鸟雌鸡""},{""label"":""食材"",""text"":""鸡子""},{""label"":""食味"",""text"":""甘""},{""label"":""食性"",""text"":""温""},{""label"":""归经"",""text"":""脾胃两经""},{""label"":""功效"",""text"":""补中益气""},{""label"":""功效"",""text"":""增精添髓""},{""label"":""病症"",""text"":""心瘢""},{""label"":""病症"",""text"":""泄痢""},{""label"":""病症"",""text"":""狂""},{""label"":""禁忌"",""text"":""食并害人""},{""label"":""古籍来源"",""text"":""本草纲目""}]"
70,35,28,33,33,"[{""label"":""食材"",""text"":""鸡肝""},{""label"":""食味"",""text"":""甘""},{""label"":""食性"",""text"":""温""},{""label"":""功效"",""text"":""补肝肾""},{""label"":""食材"",""text"":""鸡冠血""},{""label"":""食材"",""text"":""天雄""},{""label"":""食味"",""text"":""辛""},{""label"":""食性"",""text"":""热""},{""label"":""食材"",""text"":""太阳粉""},{""label"":""古籍来源"",""text"":""《本经》""},{""label"":""病症"",""text"":""大风""},{""label"":""病症"",""text"":""蹇湿痹""},{""label"":""病症"",""text"":""历节痛""},{""label"":""病症"",""text"":""拘挛缓急""},{""label"":""病症"",""text"":""破积聚邪气""},{""label"":""病症"",""text"":""金疮""},{""label"":""功效"",""text"":""强筋骨""},{""label"":""功效"",""text"":""轻身健行""},{""label"":""功效"",""text"":""养精神""},{""label"":""功效"",""text"":""安魂魄""},{""label"":""功效"",""text"":""益气""},{""label"":""功效"",""text"":""明目""},{""label"":""功效"",""text"":""通神明不老""},{""label"":""食材"",""text"":""千姜""},{""label"":""食材"",""text"":""附子""},{""label"":""食材"",""text"":""草乌头""},{""label"":""食材"",""text"":""殊砂粉""},{""label"":""医家"",""text"":""孟诜""},{""label"":""古籍来源"",""text"":""《嘉祜本草》""},{""label"":""古籍来源"",""text"":""《日华子本草》""},{""label"":""古籍来源"",""text"":""《敦煌》""},{""label"":""病症"",""text"":""白虎风""},{""label"":""病症"",""text"":""风痛""}]"
71,61,43,43,43,"[{""label"":""食材"",""text"":""青蒿""},{""label"":""食性"",""text"":""寒""},{""label"":""食味"",""text"":""苦""},{""label"":""食味"",""text"":""微辛""},{""label"":""归经"",""text"":""入肝""},{""label"":""归经"",""text"":""胆经""},{""label"":""功效"",""text"":""益气""},{""label"":""功效"",""text"":""长发""},{""label"":""功效"",""text"":""轻身""},{""label"":""功效"",""text"":""补中""},{""label"":""功效"",""text"":""不老""},{""label"":""功效"",""text"":""明目""},{""label"":""功效"",""text"":""煞风毒""},{""label"":""功效"",""text"":""止血生肉""},{""label"":""功效"",""text"":""清热解暑""},{""label"":""功效"",""text"":""止痢疾""},{""label"":""功效"",""text"":""除黄疸""},{""label"":""功效"",""text"":""治疗皮肤疥疮""},{""label"":""功效"",""text"":""明目退翳""},{""label"":""功效"",""text"":""清暑解热""},{""label"":""功效"",""text"":""辟恶秽""},{""label"":""病症"",""text"":""关节风湿症""},{""label"":""病症"",""text"":""虚痨发热""},{""label"":""病症"",""text"":""大便下血""},{""label"":""病症"",""text"":""低烧虚热""},{""label"":""病症"",""text"":""盗汗""},{""label"":""病症"",""text"":""疟疾""},{""label"":""病症"",""text"":""行经腹痛胀满""},{""label"":""病症"",""text"":""四肢发热""},{""label"":""病症"",""text"":""心烦体怠""},{""label"":""病症"",""text"":""心痛""},{""label"":""病症"",""text"":""热黄""},{""label"":""病症"",""text"":""金疮""},{""label"":""病症"",""text"":""失肉""},{""label"":""病症"",""text"":""疼痛""},{""label"":""脏腑"",""text"":""肝""},{""label"":""脏腑"",""text"":""胆""},{""label"":""烹饪方法"",""text"":""捣""},{""label"":""烹饪方法"",""text"":""傅""},{""label"":""烹饪方法"",""text"":""敷""},{""label"":""烹饪方法"",""text"":""蒸馏""},{""label"":""古籍来源"",""text"":""《日华子本草》""},{""label"":""古籍来源"",""text"":""《唐本草》""}]"
72,33,22,29,29,"[{""label"":""食材"",""text"":""苜蓿""},{""label"":""食材"",""text"":""根""},{""label"":""食材"",""text"":""土黄耆""},{""label"":""功效"",""text"":""安中""},{""label"":""功效"",""text"":""利五脏""},{""label"":""烹饪方法"",""text"":""煮""},{""label"":""烹饪方法"",""text"":""作羹""},{""label"":""病症"",""text"":""疸黄""},{""label"":""烹饪方法"",""text"":""生捣""},{""label"":""烹饪方法"",""text"":""绞汁""},{""label"":""功效"",""text"":""轻身""},{""label"":""功效"",""text"":""冼去脾胃间邪气""},{""label"":""病症"",""text"":""诸恶热毒""},{""label"":""禁忌"",""text"":""多食当冷气入筋中""},{""label"":""禁忌"",""text"":""即瘦人""},{""label"":""功效"",""text"":""轻身健人""},{""label"":""食材"",""text"":""木粟""},{""label"":""食材"",""text"":""怀风""},{""label"":""食材"",""text"":""光风金花莱""},{""label"":""食材"",""text"":""黄花菜""},{""label"":""食材"",""text"":""连枝草""},{""label"":""食味"",""text"":""苦""},{""label"":""食性"",""text"":""平""},{""label"":""食材"",""text"":""苜蓿根""},{""label"":""食味"",""text"":""苦""},{""label"":""食性"",""text"":""寒""},{""label"":""古籍来源"",""text"":""《本草纲目》""},{""label"":""医家"",""text"":""孟诜""},{""label"":""古籍来源"",""text"":""《嘉祜本草》""}]"
73,39,33,38,38,"[{""label"":""病症"",""text"":""藏腑虚衿""},{""label"":""病症"",""text"":""猾泄不定""},{""label"":""食疗方"",""text"":""摄脾丸""},{""label"":""食材"",""text"":""木香""},{""label"":""食材"",""text"":""诃子""},{""label"":""烹饪方法"",""text"":""炮""},{""label"":""食材"",""text"":""厚朴""},{""label"":""烹饪方法"",""text"":""炙""},{""label"":""食材"",""text"":""五倍子""},{""label"":""食材"",""text"":""白术""},{""label"":""食材"",""text"":""烧粟米饭""},{""label"":""烹饪方法"",""text"":""丸""},{""label"":""烹饪方法"",""text"":""服""},{""label"":""烹饪方法"",""text"":""送下""},{""label"":""病症"",""text"":""脾虚滑泄""},{""label"":""病症"",""text"":""秋肺壅滞""},{""label"":""病症"",""text"":""胃脘痰滞""},{""label"":""食疗方"",""text"":""葳灵仙丸""},{""label"":""食材"",""text"":""葳灵仙""},{""label"":""烹饪方法"",""text"":""焙干""},{""label"":""烹饪方法"",""text"":""末""},{""label"":""食材"",""text"":""皂角""},{""label"":""烹饪方法"",""text"":""浸洗""},{""label"":""烹饪方法"",""text"":""去黑皮""},{""label"":""烹饪方法"",""text"":""揉""},{""label"":""烹饪方法"",""text"":""去滓""},{""label"":""烹饪方法"",""text"":""滤""},{""label"":""烹饪方法"",""text"":""熬成膏""},{""label"":""烹饪方法"",""text"":""溲""},{""label"":""烹饪方法"",""text"":""丸""},{""label"":""烹饪方法"",""text"":""服""},{""label"":""食材"",""text"":""生姜""},{""label"":""烹饪方法"",""text"":""汤""},{""label"":""病症"",""text"":""胀满久嗽""},{""label"":""病症"",""text"":""脏腑虚冷""},{""label"":""食材"",""text"":""炮姜""},{""label"":""食材"",""text"":""肉桂""},{""label"":""古籍来源"",""text"":""《遵生八笺》""}]"
74,49,42,37,37,"[{""label"":""食材"",""text"":""薄荷""},{""label"":""食材"",""text"":""茶叶""},{""label"":""食材"",""text"":""清酒""},{""label"":""食材"",""text"":""蜜""},{""label"":""功效"",""text"":""疏风解表""},{""label"":""功效"",""text"":""理血下气""},{""label"":""功效"",""text"":""辟恶进食""},{""label"":""功效"",""text"":""逐风胜湿""},{""label"":""功效"",""text"":""祛寒止痛""},{""label"":""功效"",""text"":""滋阴降火""},{""label"":""功效"",""text"":""凉血清热""},{""label"":""功效"",""text"":""熄内风""},{""label"":""功效"",""text"":""辟秽通经""},{""label"":""功效"",""text"":""豁痰开窍""},{""label"":""功效"",""text"":""疗惊痫""},{""label"":""功效"",""text"":""开痰清音""},{""label"":""功效"",""text"":""清脑提神""},{""label"":""功效"",""text"":""行血通络""},{""label"":""功效"",""text"":""令不健忘""},{""label"":""功效"",""text"":""聪耳明目""},{""label"":""功效"",""text"":""益心气养神""},{""label"":""病症"",""text"":""中风失音吐痰""},{""label"":""病症"",""text"":""中风昏溃""},{""label"":""病症"",""text"":""多睡不醒""},{""label"":""病症"",""text"":""风寒湿痹""},{""label"":""病症"",""text"":""半身不遂""},{""label"":""病症"",""text"":""健忘""},{""label"":""病症"",""text"":""少寐""},{""label"":""病症"",""text"":""心肾不交""},{""label"":""脏腑"",""text"":""心""},{""label"":""脏腑"",""text"":""肾""},{""label"":""食疗方"",""text"":""鸟犀丸""},{""label"":""食疗方"",""text"":""镇心丸""},{""label"":""烹饪方法"",""text"":""为末""},{""label"":""烹饪方法"",""text"":""丸""},{""label"":""养生原则"",""text"":""常服""},{""label"":""古籍来源"",""text"":""《文津阁本》""}]"
75,68,60,58,58,"[{""label"":""食材"",""text"":""白蒺藜""},{""label"":""食材"",""text"":""鲜茅根""},{""label"":""食材"",""text"":""粳米""},{""label"":""烹饪方法"",""text"":""煎""},{""label"":""烹饪方法"",""text"":""煮""},{""label"":""病症"",""text"":""热淋""},{""label"":""病症"",""text"":""石淋""},{""label"":""病症"",""text"":""尿急""},{""label"":""病症"",""text"":""尿频""},{""label"":""病症"",""text"":""少腹疼痛""},{""label"":""病症"",""text"":""小便黏稠有结块""},{""label"":""病症"",""text"":""时下砂粒""},{""label"":""病症"",""text"":""舌苔自滑""},{""label"":""病症"",""text"":""脉沉弦""},{""label"":""病症"",""text"":""膀胱炎""},{""label"":""病症"",""text"":""尿道炎""},{""label"":""病症"",""text"":""尿路结石""},{""label"":""病症"",""text"":""五淋""},{""label"":""病症"",""text"":""小便痛""},{""label"":""病症"",""text"":""小便茎中痛""},{""label"":""病症"",""text"":""小便涩痛""},{""label"":""病症"",""text"":""热淋秘涩""},{""label"":""病症"",""text"":""烦热燥痛""},{""label"":""病症"",""text"":""四肢寒栗""},{""label"":""病症"",""text"":""小便不通利""},{""label"":""病症"",""text"":""小便下血""},{""label"":""病症"",""text"":""身体热甚""},{""label"":""病症"",""text"":""淋病尿血""},{""label"":""病症"",""text"":""小便涩而不利""},{""label"":""病症"",""text"":""痛闷极""},{""label"":""病症"",""text"":""小便禁痛""},{""label"":""功效"",""text"":""清热通淋""},{""label"":""功效"",""text"":""清热利尿""},{""label"":""功效"",""text"":""扶正祛邪""},{""label"":""功效"",""text"":""清热解毒除烦""},{""label"":""功效"",""text"":""调气血""},{""label"":""功效"",""text"":""通淋闭""},{""label"":""功效"",""text"":""滑利下行""},{""label"":""功效"",""text"":""通淋活血""},{""label"":""功效"",""text"":""清热解毒""},{""label"":""功效"",""text"":""利窍通淋""},{""label"":""功效"",""text"":""渗湿清热""},{""label"":""功效"",""text"":""补肾益精""},{""label"":""功效"",""text"":""止血排石""},{""label"":""功效"",""text"":""滋阴凉血""},{""label"":""功效"",""text"":""润燥通淋""},{""label"":""功效"",""text"":""生津解毒""},{""label"":""功效"",""text"":""凉血散瘀""},{""label"":""功效"",""text"":""调中通淋""},{""label"":""食疗方"",""text"":""浆水饮""},{""label"":""食疗方"",""text"":""青豆方""},{""label"":""食疗方"",""text"":""麻子粥方""},{""label"":""食疗方"",""text"":""葵菜羹方""},{""label"":""食疗方"",""text"":""榆皮索饼方""},{""label"":""食疗方"",""text"":""车前子饮""},{""label"":""食疗方"",""text"":""酥蜜煎方""},{""label"":""食疗方"",""text"":""蒲桃浆方""},{""label"":""古籍来源"",""text"":""经验方""}]"
76,71,59,62,62,"[{""label"":""病症"",""text"":""健忘少寐""},{""label"":""病症"",""text"":""心悸怔忡""},{""label"":""病症"",""text"":""脑转耳鸣""},{""label"":""病症"",""text"":""目无所见""},{""label"":""病症"",""text"":""气血阴阳俱虚""},{""label"":""功效"",""text"":""补益""},{""label"":""食疗方"",""text"":""镇心丸""},{""label"":""医家"",""text"":""仲景""},{""label"":""食疗方"",""text"":""炙甘草汤""},{""label"":""食材"",""text"":""人参""},{""label"":""食材"",""text"":""地黄""},{""label"":""食材"",""text"":""麦冬""},{""label"":""食材"",""text"":""桂""},{""label"":""功效"",""text"":""补心气""},{""label"":""功效"",""text"":""养心阴""},{""label"":""功效"",""text"":""助心阳""},{""label"":""功效"",""text"":""通心脉""},{""label"":""功效"",""text"":""滋肾""},{""label"":""食材"",""text"":""茯苓""},{""label"":""功效"",""text"":""补心脾""},{""label"":""功效"",""text"":""宁神益智""},{""label"":""食材"",""text"":""远志""},{""label"":""食材"",""text"":""菖蒲""},{""label"":""功效"",""text"":""散郁化痰""},{""label"":""功效"",""text"":""辟秽通窍""},{""label"":""食材"",""text"":""辰砂""},{""label"":""功效"",""text"":""安神定惊""},{""label"":""功效"",""text"":""镇心除烦""},{""label"":""脏腑"",""text"":""心""},{""label"":""脏腑"",""text"":""肾""},{""label"":""食材"",""text"":""薄荷""},{""label"":""食材"",""text"":""清酒""},{""label"":""功效"",""text"":""舒郁通经""},{""label"":""禁忌"",""text"":""不宜常服久服""},{""label"":""禁忌"",""text"":""损人肝肾""},{""label"":""禁忌"",""text"":""令人呆闷""},{""label"":""食材"",""text"":""琥珀粉""},{""label"":""病症"",""text"":""脾肺客热""},{""label"":""功效"",""text"":""凉心""},{""label"":""功效"",""text"":""润肺""},{""label"":""功效"",""text"":""消壅""},{""label"":""食疗方"",""text"":""枇杷叶散""},{""label"":""食材"",""text"":""枇杷叶""},{""label"":""食材"",""text"":""白术""},{""label"":""食材"",""text"":""羌活""},{""label"":""食材"",""text"":""黄芪""},{""label"":""食材"",""text"":""甘草""},{""label"":""食材"",""text"":""半夏""},{""label"":""食材"",""text"":""生姜""},{""label"":""烹饪方法"",""text"":""煎""},{""label"":""病症"",""text"":""老人气虚外感咳嗽""},{""label"":""食疗方"",""text"":""四君子汤""},{""label"":""食材"",""text"":""参""},{""label"":""食材"",""text"":""术""},{""label"":""食材"",""text"":""苓""},{""label"":""食材"",""text"":""草""},{""label"":""食材"",""text"":""芜活""},{""label"":""食材"",""text"":""制半夏""},{""label"":""功效"",""text"":""除脾胃气逆痰壅""},{""label"":""功效"",""text"":""开中焦之痞结""},{""label"":""烹饪方法"",""text"":""煎服""},{""label"":""病症"",""text"":""老人气虚外感""}]"
77,54,47,54,54,"[{""label"":""病症"",""text"":""脾胃虚寒""},{""label"":""病症"",""text"":""呕逆""},{""label"":""病症"",""text"":""泻痢""},{""label"":""食材"",""text"":""半夏""},{""label"":""食材"",""text"":""生姜""},{""label"":""功效"",""text"":""化饮降逆""},{""label"":""功效"",""text"":""暖胃散寒""},{""label"":""食材"",""text"":""白术""},{""label"":""功效"",""text"":""健脾和中""},{""label"":""功效"",""text"":""除湿止泻""},{""label"":""食材"",""text"":""丁香""},{""label"":""功效"",""text"":""温脾消胀""},{""label"":""功效"",""text"":""止呕定痛""},{""label"":""病症"",""text"":""少食腹胀""},{""label"":""病症"",""text"":""呕吐""},{""label"":""病症"",""text"":""泻痢""},{""label"":""病症"",""text"":""妇人血气""},{""label"":""病症"",""text"":""筋骨风""},{""label"":""病症"",""text"":""四肢软弱""},{""label"":""病症"",""text"":""卒中急风""},{""label"":""病症"",""text"":""寸白虫""},{""label"":""病症"",""text"":""伤寒""},{""label"":""医家"",""text"":""孟相公""},{""label"":""食材"",""text"":""藁本""},{""label"":""食材"",""text"":""牛膝""},{""label"":""烹饪方法"",""text"":""酒浸""},{""label"":""烹饪方法"",""text"":""焙乾""},{""label"":""食材"",""text"":""当归""},{""label"":""食材"",""text"":""麻黄""},{""label"":""食材"",""text"":""羌活""},{""label"":""食材"",""text"":""独活""},{""label"":""食材"",""text"":""防风""},{""label"":""食材"",""text"":""肉桂""},{""label"":""食材"",""text"":""芍药""},{""label"":""食材"",""text"":""菊花""},{""label"":""食材"",""text"":""续断""},{""label"":""食材"",""text"":""芎劳""},{""label"":""食材"",""text"":""甘草""},{""label"":""食材"",""text"":""赤箭""},{""label"":""食材"",""text"":""枳壳""},{""label"":""烹饪方法"",""text"":""麸炮""},{""label"":""食材"",""text"":""五加皮""},{""label"":""烹饪方法"",""text"":""炮""},{""label"":""食材"",""text"":""黑附子""},{""label"":""烹饪方法"",""text"":""炮制""},{""label"":""食材"",""text"":""细辛""},{""label"":""烹饪方法"",""text"":""水洗""},{""label"":""烹饪方法"",""text"":""细锉""},{""label"":""烹饪方法"",""text"":""焙乾""},{""label"":""烹饪方法"",""text"":""捣罗为末""},{""label"":""烹饪方法"",""text"":""温酒下""},{""label"":""烹饪方法"",""text"":""薄荷汤下""},{""label"":""烹饪方法"",""text"":""葱白酒下""},{""label"":""烹饪方法"",""text"":""服""}]"
78,75,84,75,75,"[{""label"":""食疗方"",""text"":""龟鹿二仙胶""},{""label"":""医家"",""text"":""王肯堂""},{""label"":""古籍来源"",""text"":""《证治准绳》""},{""label"":""功效"",""text"":""大补精髓""},{""label"":""功效"",""text"":""益气养神""},{""label"":""病症"",""text"":""视物不清""},{""label"":""食材"",""text"":""龟板""},{""label"":""食材"",""text"":""鹿角""},{""label"":""食材"",""text"":""枸杞子""},{""label"":""食材"",""text"":""人参""},{""label"":""食材"",""text"":""桂圆肉""},{""label"":""烹饪方法"",""text"":""浸""},{""label"":""烹饪方法"",""text"":""刮""},{""label"":""烹饪方法"",""text"":""煮""},{""label"":""烹饪方法"",""text"":""晒干""},{""label"":""烹饪方法"",""text"":""碾""},{""label"":""烹饪方法"",""text"":""熬""},{""label"":""烹饪方法"",""text"":""收贮""},{""label"":""食疗方"",""text"":""温中丸""},{""label"":""医家"",""text"":""许叔微""},{""label"":""古籍来源"",""text"":""《类证普济本事方》""},{""label"":""功效"",""text"":""治妇人冲任虚损""},{""label"":""病症"",""text"":""血气亏伤""},{""label"":""病症"",""text"":""月水断续""},{""label"":""病症"",""text"":""腹中疗痛""},{""label"":""病症"",""text"":""寒热烦壅""},{""label"":""病症"",""text"":""口燥舌干""},{""label"":""病症"",""text"":""心神忪悸""},{""label"":""病症"",""text"":""头目眩晕""},{""label"":""病症"",""text"":""肢体倦怠""},{""label"":""病症"",""text"":""腰背引痛""},{""label"":""病症"",""text"":""筋脉拘急""},{""label"":""病症"",""text"":""带下赤白""},{""label"":""食材"",""text"":""生地黄""},{""label"":""食材"",""text"":""生姜""},{""label"":""食材"",""text"":""白芍药""},{""label"":""食材"",""text"":""人参""},{""label"":""食材"",""text"":""蒲黄""},{""label"":""食材"",""text"":""当归""},{""label"":""食材"",""text"":""琥珀""},{""label"":""食材"",""text"":""自茯苓""},{""label"":""食材"",""text"":""黄芪""},{""label"":""食材"",""text"":""延胡索""},{""label"":""食材"",""text"":""麦门冬""},{""label"":""食材"",""text"":""鸟梅肉""},{""label"":""烹饪方法"",""text"":""研""},{""label"":""烹饪方法"",""text"":""炒""},{""label"":""烹饪方法"",""text"":""煎""},{""label"":""烹饪方法"",""text"":""熬""},{""label"":""烹饪方法"",""text"":""为丸""},{""label"":""食材"",""text"":""白艾叶""},{""label"":""食疗方"",""text"":""扶桑丸""},{""label"":""医家"",""text"":""汪诃庵""},{""label"":""古籍来源"",""text"":""《医方集解》""},{""label"":""功效"",""text"":""除风湿""},{""label"":""功效"",""text"":""起羸廷""},{""label"":""功效"",""text"":""驻容颜""},{""label"":""功效"",""text"":""乌髭发""},{""label"":""功效"",""text"":""却病延年""},{""label"":""食材"",""text"":""嫩桑叶""},{""label"":""食材"",""text"":""巨胜子""},{""label"":""食材"",""text"":""黑芝麻""},{""label"":""食材"",""text"":""白蜜""},{""label"":""烹饪方法"",""text"":""擂碎""},{""label"":""烹饪方法"",""text"":""熬""},{""label"":""烹饪方法"",""text"":""炼""},{""label"":""烹饪方法"",""text"":""为丸""},{""label"":""食疗方"",""text"":""延寿丹方""},{""label"":""古籍来源"",""text"":""《世补斋医书》""},{""label"":""功效"",""text"":""滋阴补肾""},{""label"":""功效"",""text"":""壮水清火""},{""label"":""医家"",""text"":""陆九芝""},{""label"":""医家"",""text"":""陆氏""},{""label"":""病症"",""text"":""须发白而复黑""},{""label"":""病症"",""text"":""精力耗而复强""}]"
79,104,94,101,101,"[{""label"":""病症"",""text"":""噫呕腹逆""},{""label"":""病症"",""text"":""喘嗽""},{""label"":""病症"",""text"":""消渴""},{""label"":""病症"",""text"":""大便不实""},{""label"":""病症"",""text"":""久泻""},{""label"":""病症"",""text"":""痈疽溃后不思食""},{""label"":""食材"",""text"":""人参""},{""label"":""食材"",""text"":""自茯苓""},{""label"":""食材"",""text"":""于术""},{""label"":""食材"",""text"":""干山药""},{""label"":""食材"",""text"":""石莲肉""},{""label"":""食材"",""text"":""白扁豆""},{""label"":""食材"",""text"":""桔梗""},{""label"":""食材"",""text"":""砂仁""},{""label"":""食材"",""text"":""薏苡仁""},{""label"":""食材"",""text"":""甘草""},{""label"":""食材"",""text"":""陈皮""},{""label"":""食材"",""text"":""神籼""},{""label"":""烹饪方法"",""text"":""炒""},{""label"":""烹饪方法"",""text"":""炙""},{""label"":""烹饪方法"",""text"":""研""},{""label"":""烹饪方法"",""text"":""煎""},{""label"":""烹饪方法"",""text"":""丸""},{""label"":""烹饪方法"",""text"":""泛丸""},{""label"":""烹饪方法"",""text"":""炼蜜""},{""label"":""烹饪方法"",""text"":""化""},{""label"":""食材"",""text"":""米汤""},{""label"":""食材"",""text"":""枣汤""},{""label"":""食材"",""text"":""熟汤""},{""label"":""食材"",""text"":""生姜""},{""label"":""食材"",""text"":""大枣""},{""label"":""食材"",""text"":""枣肉""},{""label"":""食材"",""text"":""蜜""},{""label"":""食疗方"",""text"":""右归丸""},{""label"":""医家"",""text"":""张介宾""},{""label"":""古籍来源"",""text"":""《景岳全书》""},{""label"":""功效"",""text"":""益火之源""},{""label"":""功效"",""text"":""以消阴翳""},{""label"":""病症"",""text"":""命门火衰""},{""label"":""病症"",""text"":""脾胃虚寒""},{""label"":""病症"",""text"":""呕恶膨胀""},{""label"":""病症"",""text"":""翻胃噎膈""},{""label"":""病症"",""text"":""脐腹多痛""},{""label"":""病症"",""text"":""虚淋""},{""label"":""病症"",""text"":""寒疝""},{""label"":""病症"",""text"":""便溏泄泻""},{""label"":""病症"",""text"":""肢节瘘痛""},{""label"":""病症"",""text"":""水邪浮肿""},{""label"":""病症"",""text"":""眼见邪祟""},{""label"":""病症"",""text"":""阳衰无子""},{""label"":""食材"",""text"":""大熟地""},{""label"":""食材"",""text"":""肉桂""},{""label"":""食材"",""text"":""川附子""},{""label"":""食材"",""text"":""山茱萸肉""},{""label"":""食材"",""text"":""淮山药""},{""label"":""食材"",""text"":""川杜仲""},{""label"":""食材"",""text"":""枸杞子""},{""label"":""食材"",""text"":""菟丝子""},{""label"":""食材"",""text"":""鹿角胶""},{""label"":""食材"",""text"":""全当归""},{""label"":""食材"",""text"":""茯苓""},{""label"":""食材"",""text"":""补骨脂""},{""label"":""烹饪方法"",""text"":""炒""},{""label"":""烹饪方法"",""text"":""制""},{""label"":""烹饪方法"",""text"":""研""},{""label"":""烹饪方法"",""text"":""和丸""},{""label"":""烹饪方法"",""text"":""嚼""},{""label"":""烹饪方法"",""text"":""送""},{""label"":""食疗方"",""text"":""四神丸""},{""label"":""医家"",""text"":""王肯堂""},{""label"":""古籍来源"",""text"":""《证治准绳》""},{""label"":""功效"",""text"":""温补脾肾""},{""label"":""功效"",""text"":""收涩止泻""},{""label"":""病症"",""text"":""脾肾虚寒""},{""label"":""病症"",""text"":""五更泄泻""},{""label"":""病症"",""text"":""不思饮食""},{""label"":""病症"",""text"":""久痢虚痛""},{""label"":""病症"",""text"":""腰酸肢衿""},{""label"":""食材"",""text"":""肉豆蔻""},{""label"":""食材"",""text"":""五味子""},{""label"":""食材"",""text"":""补骨脂""},{""label"":""食材"",""text"":""吴茱萸""},{""label"":""食材"",""text"":""生姜""},{""label"":""食材"",""text"":""红枣""},{""label"":""烹饪方法"",""text"":""煨""},{""label"":""烹饪方法"",""text"":""炒""},{""label"":""烹饪方法"",""text"":""浸""},{""label"":""烹饪方法"",""text"":""泡""},{""label"":""烹饪方法"",""text"":""研""},{""label"":""烹饪方法"",""text"":""煮""},{""label"":""烹饪方法"",""text"":""捣""},{""label"":""烹饪方法"",""text"":""和丸""},{""label"":""食材"",""text"":""米饮""},{""label"":""食材"",""text"":""盐汤""},{""label"":""食疗方"",""text"":""七成汤""},{""label"":""医家"",""text"":""吴又可""},{""label"":""古籍来源"",""text"":""《瘟疫论》""},{""label"":""功效"",""text"":""益气安神""},{""label"":""功效"",""text"":""温肾止泻""},{""label"":""病症"",""text"":""黎明或夜半作泻""},{""label"":""病症"",""text"":""脉迟细弱""}]"
80,103,95,88,88,"[{""label"":""病症"",""text"":""五劳七伤""},{""label"":""病症"",""text"":""腰脚痛重""},{""label"":""病症"",""text"":""行立不任""},{""label"":""病症"",""text"":""吐逆少食""},{""label"":""病症"",""text"":""不成肌肤""},{""label"":""病症"",""text"":""发燥而面无精光""},{""label"":""病症"",""text"":""咳嗽气逆""},{""label"":""病症"",""text"":""目暗""},{""label"":""病症"",""text"":""筋骨挛痛""},{""label"":""病症"",""text"":""阴寒""},{""label"":""病症"",""text"":""阴痿""},{""label"":""病症"",""text"":""里急""},{""label"":""病症"",""text"":""精连连而不绝""},{""label"":""病症"",""text"":""精少囊下湿""},{""label"":""病症"",""text"":""精清""},{""label"":""病症"",""text"":""小便苦数""},{""label"":""病症"",""text"":""忽忽善忘""},{""label"":""病症"",""text"":""悲伤不乐""},{""label"":""病症"",""text"":""夺色黧黑""},{""label"":""病症"",""text"":""饮食不生肌肤""},{""label"":""病症"",""text"":""色无润泽""},{""label"":""病症"",""text"":""发白枯槁""},{""label"":""病症"",""text"":""牙齿不坚""},{""label"":""病症"",""text"":""目黄泪出""},{""label"":""病症"",""text"":""远视肮肮""},{""label"":""病症"",""text"":""见风泪下""},{""label"":""病症"",""text"":""咽焦""},{""label"":""病症"",""text"":""消渴""},{""label"":""病症"",""text"":""鼻衄""},{""label"":""病症"",""text"":""唾血""},{""label"":""病症"",""text"":""喉中介介不利""},{""label"":""病症"",""text"":""胸中噎塞""},{""label"":""病症"",""text"":""食饮不下""},{""label"":""病症"",""text"":""身寒汗出""},{""label"":""病症"",""text"":""肌肉酸瘠""},{""label"":""病症"",""text"":""四肢沉重""},{""label"":""病症"",""text"":""不欲动作""},{""label"":""病症"",""text"":""膝胫苦寒""},{""label"":""病症"",""text"":""不能远行""},{""label"":""病症"",""text"":""上重下轻""},{""label"":""病症"",""text"":""久立腰背苦痛""},{""label"":""病症"",""text"":""难以倪仰""},{""label"":""病症"",""text"":""绕脐急痛""},{""label"":""病症"",""text"":""饥则心下虚悬""},{""label"":""病症"",""text"":""唇干口燥""},{""label"":""病症"",""text"":""腹里雷鸣""},{""label"":""病症"",""text"":""胸背相引痛""},{""label"":""病症"",""text"":""呕逆不食""},{""label"":""病症"",""text"":""娈吐""},{""label"":""病症"",""text"":""小便赤热""},{""label"":""病症"",""text"":""乍数乍难""},{""label"":""病症"",""text"":""或时伤多""},{""label"":""病症"",""text"":""或如针刺""},{""label"":""病症"",""text"":""大便坚涩""},{""label"":""病症"",""text"":""时泄下血""},{""label"":""病症"",""text"":""身体瘙痒""},{""label"":""病症"",""text"":""阴下常湿""},{""label"":""病症"",""text"":""黄汗自出""},{""label"":""病症"",""text"":""阴痿消小""},{""label"":""病症"",""text"":""临事不起""},{""label"":""病症"",""text"":""精清而少""},{""label"":""病症"",""text"":""连连独泄""},{""label"":""病症"",""text"":""阴端寒衿""},{""label"":""病症"",""text"":""茎中疼痛""},{""label"":""病症"",""text"":""小便余沥""},{""label"":""病症"",""text"":""卵肿而大""},{""label"":""病症"",""text"":""缩入腹中""},{""label"":""病症"",""text"":""四肢浮肿""},{""label"":""病症"",""text"":""虚热烦痛""},{""label"":""病症"",""text"":""乍热乍寒""},{""label"":""病症"",""text"":""卧不安席""},{""label"":""病症"",""text"":""心如杵春""},{""label"":""病症"",""text"":""惊悸失脉""},{""label"":""病症"",""text"":""呼吸乏短""},{""label"":""病症"",""text"":""时时噩梦""},{""label"":""病症"",""text"":""房劳""},{""label"":""脏腑"",""text"":""肾""},{""label"":""脏腑"",""text"":""脾""},{""label"":""脏腑"",""text"":""心""},{""label"":""脏腑"",""text"":""肺""},{""label"":""脏腑"",""text"":""肝""},{""label"":""功效"",""text"":""补五脏""},{""label"":""功效"",""text"":""补肝肾""},{""label"":""功效"",""text"":""益下元""},{""label"":""功效"",""text"":""清湿热""},{""label"":""功效"",""text"":""散风""},{""label"":""功效"",""text"":""化瘀""},{""label"":""古籍来源"",""text"":""《千金翼方》""}]"
81,39,36,36,36,"[{""label"":""食材"",""text"":""粳米""},{""label"":""食材"",""text"":""桂心""},{""label"":""食材"",""text"":""白蜜""},{""label"":""食材"",""text"":""熟汤""},{""label"":""食材"",""text"":""姜""},{""label"":""食材"",""text"":""橘""},{""label"":""食性"",""text"":""大热""},{""label"":""食味"",""text"":""辛""},{""label"":""食味"",""text"":""甘""},{""label"":""功效"",""text"":""健脾气""},{""label"":""功效"",""text"":""补命门相火之不足""},{""label"":""功效"",""text"":""破阴寒痼衿之凝结""},{""label"":""功效"",""text"":""生津润燥""},{""label"":""功效"",""text"":""补中益气""},{""label"":""功效"",""text"":""散结解毒止痛""},{""label"":""病症"",""text"":""噎塞""},{""label"":""病症"",""text"":""噎病""},{""label"":""病症"",""text"":""食饮不下""},{""label"":""病症"",""text"":""气塞不通""},{""label"":""病症"",""text"":""心痛满闷""},{""label"":""病症"",""text"":""口干咽燥""},{""label"":""病症"",""text"":""大便艰涩""},{""label"":""病症"",""text"":""气短""},{""label"":""病症"",""text"":""心悸""},{""label"":""病症"",""text"":""乏力""},{""label"":""病症"",""text"":""自汗""},{""label"":""脏腑"",""text"":""脾""},{""label"":""脏腑"",""text"":""肾""},{""label"":""脏腑"",""text"":""心""},{""label"":""脏腑"",""text"":""胃""},{""label"":""脏腑"",""text"":""大肠""},{""label"":""食疗方"",""text"":""蜜浆方""},{""label"":""烹饪方法"",""text"":""煮""},{""label"":""烹饪方法"",""text"":""调""},{""label"":""古籍来源"",""text"":""《经钮堂抄本》""},{""label"":""古籍来源"",""text"":""《文津阁本》""}]"
82,81,67,80,80,"[{""label"":""烹饪方法"",""text"":""煎""},{""label"":""食疗方"",""text"":""麻杏石甘汤""},{""label"":""医家"",""text"":""张仲景""},{""label"":""古籍来源"",""text"":""《伤寒论》""},{""label"":""功效"",""text"":""宣肺清热""},{""label"":""病症"",""text"":""发汗或下后""},{""label"":""病症"",""text"":""汗出而喘""},{""label"":""病症"",""text"":""肌表无大热""},{""label"":""食材"",""text"":""麻黄""},{""label"":""食材"",""text"":""杏仁""},{""label"":""食材"",""text"":""甘草""},{""label"":""食材"",""text"":""石膏""},{""label"":""烹饪方法"",""text"":""煮""},{""label"":""烹饪方法"",""text"":""温服""},{""label"":""食疗方"",""text"":""六安煎""},{""label"":""古籍来源"",""text"":""《景岳全书》""},{""label"":""功效"",""text"":""宣肺降气""},{""label"":""功效"",""text"":""燥湿化痰""},{""label"":""病症"",""text"":""风寒咳嗽""},{""label"":""病症"",""text"":""非风初感""},{""label"":""病症"",""text"":""痰滞气逆""},{""label"":""食材"",""text"":""杏仁""},{""label"":""食材"",""text"":""白芥子""},{""label"":""食材"",""text"":""半夏""},{""label"":""食材"",""text"":""陈皮""},{""label"":""食材"",""text"":""茯苓""},{""label"":""食材"",""text"":""甘草""},{""label"":""食材"",""text"":""生姜""},{""label"":""烹饪方法"",""text"":""煎""},{""label"":""烹饪方法"",""text"":""食远服""},{""label"":""病症"",""text"":""外感风邪咳嗽""},{""label"":""病症"",""text"":""寒气盛""},{""label"":""食材"",""text"":""北细辛""},{""label"":""食疗方"",""text"":""六君子汤""},{""label"":""古籍来源"",""text"":""《妇人良方》""},{""label"":""功效"",""text"":""益气健脾""},{""label"":""功效"",""text"":""化痰除湿""},{""label"":""病症"",""text"":""脾胃气虚而兼痰湿""},{""label"":""病症"",""text"":""气短咳嗽""},{""label"":""病症"",""text"":""痰白清稀""},{""label"":""病症"",""text"":""饮食不思""},{""label"":""病症"",""text"":""大便不实""},{""label"":""病症"",""text"":""慢性气管炎""},{""label"":""食材"",""text"":""陈皮""},{""label"":""食材"",""text"":""半夏""},{""label"":""食材"",""text"":""茯苓""},{""label"":""食材"",""text"":""甘草""},{""label"":""食材"",""text"":""人参""},{""label"":""食材"",""text"":""自术""},{""label"":""烹饪方法"",""text"":""水煎服""},{""label"":""食疗方"",""text"":""三子养亲汤""},{""label"":""医家"",""text"":""韩悉""},{""label"":""古籍来源"",""text"":""《韩氏医通》""},{""label"":""功效"",""text"":""顺气降逆""},{""label"":""功效"",""text"":""化痰消滞""},{""label"":""病症"",""text"":""老人气实痰盛""},{""label"":""病症"",""text"":""喘满懒食""},{""label"":""病症"",""text"":""舌苔腻""},{""label"":""病症"",""text"":""脉滑""},{""label"":""食材"",""text"":""紫苏子""},{""label"":""食材"",""text"":""白芥子""},{""label"":""食材"",""text"":""莱菔子""},{""label"":""烹饪方法"",""text"":""微炒""},{""label"":""烹饪方法"",""text"":""研""},{""label"":""烹饪方法"",""text"":""煎服""},{""label"":""病症"",""text"":""咳喘""},{""label"":""病症"",""text"":""痰多""},{""label"":""病症"",""text"":""食滞""},{""label"":""食疗方"",""text"":""黑锡丹""},{""label"":""古籍来源"",""text"":""《太平惠民和剂局方》""},{""label"":""功效"",""text"":""温壮下元""},{""label"":""功效"",""text"":""镇纳浮阳""},{""label"":""病症"",""text"":""真元不足""},{""label"":""病症"",""text"":""上盛下虚""},{""label"":""病症"",""text"":""痰壅气喘""},{""label"":""病症"",""text"":""汗出肢厥""},{""label"":""病症"",""text"":""脉沉微""},{""label"":""病症"",""text"":""尺脉无或小""},{""label"":""病症"",""text"":""寒疝腹痛""},{""label"":""病症"",""text"":""阳痿遗精""}]"
83,37,64,32,32,"[{""label"":""食材"",""text"":""生姜""},{""label"":""食材"",""text"":""杏""},{""label"":""食材"",""text"":""桃仁""},{""label"":""食材"",""text"":""盐""},{""label"":""食材"",""text"":""甘草""},{""label"":""食材"",""text"":""川鸟头""},{""label"":""食材"",""text"":""厚朴""},{""label"":""食材"",""text"":""干姜""},{""label"":""病症"",""text"":""痰嗽""},{""label"":""病症"",""text"":""脾胃虚弱""},{""label"":""病症"",""text"":""痰饮""},{""label"":""病症"",""text"":""咳嗽痰多""},{""label"":""病症"",""text"":""咳痰清稀""},{""label"":""病症"",""text"":""恶寒发热""},{""label"":""病症"",""text"":""脉浮而弦""},{""label"":""病症"",""text"":""泄泻""},{""label"":""病症"",""text"":""久泻""},{""label"":""病症"",""text"":""中寒泄泻""},{""label"":""病症"",""text"":""下利清谷""},{""label"":""病症"",""text"":""腹部作胀""},{""label"":""病症"",""text"":""绵绵而痛""},{""label"":""病症"",""text"":""口吐涎沫""},{""label"":""病症"",""text"":""舌淡苔白滑""},{""label"":""病症"",""text"":""脉沉细而迟""},{""label"":""脏腑"",""text"":""肺""},{""label"":""脏腑"",""text"":""脾胃""},{""label"":""脏腑"",""text"":""中焦""},{""label"":""食疗方"",""text"":""健脾散""},{""label"":""烹饪方法"",""text"":""炮""},{""label"":""烹饪方法"",""text"":""炙""},{""label"":""烹饪方法"",""text"":""煎""},{""label"":""古籍来源"",""text"":""《遵生八笺》""}]"
84,26,24,20,20,"[{""label"":""食味"",""text"":""酸""},{""label"":""食味"",""text"":""甘""},{""label"":""脏腑"",""text"":""肝""},{""label"":""脏腑"",""text"":""脾""},{""label"":""脏腑"",""text"":""肺""},{""label"":""脏腑"",""text"":""心""},{""label"":""病症"",""text"":""腹痛""},{""label"":""病症"",""text"":""呕吐""},{""label"":""病症"",""text"":""泄泻""},{""label"":""病症"",""text"":""肢冷""},{""label"":""病症"",""text"":""脉伏""},{""label"":""病症"",""text"":""宿疾""},{""label"":""病症"",""text"":""精神昏倦""},{""label"":""病症"",""text"":""体热头昏""},{""label"":""病症"",""text"":""膈壅涎嗽""},{""label"":""病症"",""text"":""四肢劳倦""},{""label"":""病症"",""text"":""腰脚不""},{""label"":""养生原则"",""text"":""减酸益甘以养脾气""},{""label"":""养生原则"",""text"":""调气导引""},{""label"":""古籍来源"",""text"":""《类经》""}]"
85,84,46,80,80,"[{""label"":""食材"",""text"":""人参""},{""label"":""食材"",""text"":""茯苓""},{""label"":""食材"",""text"":""熟附子""},{""label"":""食材"",""text"":""破故纸""},{""label"":""食材"",""text"":""辽五味""},{""label"":""食材"",""text"":""甘草""},{""label"":""食材"",""text"":""白术""},{""label"":""食材"",""text"":""白芍""},{""label"":""食材"",""text"":""陈皮""},{""label"":""食材"",""text"":""防风""},{""label"":""食材"",""text"":""升麻""},{""label"":""食材"",""text"":""猪苓""},{""label"":""食材"",""text"":""泽泻""},{""label"":""食材"",""text"":""党参""},{""label"":""食材"",""text"":""小米""},{""label"":""食材"",""text"":""大黄""},{""label"":""食材"",""text"":""厚朴""},{""label"":""食材"",""text"":""枳壳""},{""label"":""食材"",""text"":""麻子仁""},{""label"":""食材"",""text"":""蜜""},{""label"":""食材"",""text"":""川当归""},{""label"":""食材"",""text"":""生地黄""},{""label"":""食材"",""text"":""桃仁""},{""label"":""食材"",""text"":""麻仁""},{""label"":""食材"",""text"":""黄芩""},{""label"":""食材"",""text"":""半夏""},{""label"":""食材"",""text"":""硫黄""},{""label"":""食材"",""text"":""柳木""},{""label"":""食疗方"",""text"":""八味丸""},{""label"":""食疗方"",""text"":""痛泻要方""},{""label"":""食疗方"",""text"":""春泽汤""},{""label"":""食疗方"",""text"":""脾约丸""},{""label"":""食疗方"",""text"":""润肠丸""},{""label"":""食疗方"",""text"":""半硫丸""},{""label"":""功效"",""text"":""泻肝补脾""},{""label"":""功效"",""text"":""补气健脾""},{""label"":""功效"",""text"":""利湿清热""},{""label"":""功效"",""text"":""润肠通便""},{""label"":""功效"",""text"":""行气清热""},{""label"":""功效"",""text"":""养血清热""},{""label"":""功效"",""text"":""滋燥通便""},{""label"":""功效"",""text"":""温肾逐寒""},{""label"":""功效"",""text"":""通阳泄浊""},{""label"":""病症"",""text"":""肠鸣腹痛""},{""label"":""病症"",""text"":""大便泄泻""},{""label"":""病症"",""text"":""泻必腹痛""},{""label"":""病症"",""text"":""脉两关不调""},{""label"":""病症"",""text"":""弦而缓""},{""label"":""病症"",""text"":""水泻""},{""label"":""病症"",""text"":""无病而渴""},{""label"":""病症"",""text"":""病瘥后渴""},{""label"":""病症"",""text"":""小便不通利""},{""label"":""病症"",""text"":""脉弱""},{""label"":""病症"",""text"":""下肢浮肿""},{""label"":""病症"",""text"":""老人津液少""},{""label"":""病症"",""text"":""大便燥""},{""label"":""病症"",""text"":""小便涩""},{""label"":""病症"",""text"":""其脾为约""},{""label"":""病症"",""text"":""血燥挟热便秘""},{""label"":""病症"",""text"":""老年虚衿便秘""},{""label"":""病症"",""text"":""寒湿久泻""},{""label"":""烹饪方法"",""text"":""炒""},{""label"":""烹饪方法"",""text"":""煎""},{""label"":""烹饪方法"",""text"":""丸""},{""label"":""烹饪方法"",""text"":""散""},{""label"":""烹饪方法"",""text"":""焙""},{""label"":""烹饪方法"",""text"":""研""},{""label"":""烹饪方法"",""text"":""炼蜜为丸""},{""label"":""烹饪方法"",""text"":""汤浸""},{""label"":""烹饪方法"",""text"":""研令极细""},{""label"":""古籍来源"",""text"":""《景岳全书》""},{""label"":""古籍来源"",""text"":""《医方集解》""},{""label"":""古籍来源"",""text"":""《寿亲养老新书》""},{""label"":""古籍来源"",""text"":""《沈氏尊生书》""},{""label"":""古籍来源"",""text"":""《太平惠民和剂局方》""},{""label"":""医家"",""text"":""刘草窗""},{""label"":""医家"",""text"":""汪切庵""},{""label"":""医家"",""text"":""岳美中""},{""label"":""医家"",""text"":""邹铉""},{""label"":""医家"",""text"":""沈金鳌""}]"
86,58,61,55,55,"[{""label"":""食材"",""text"":""干山药""},{""label"":""食材"",""text"":""麦芽""},{""label"":""食材"",""text"":""芡实""},{""label"":""食材"",""text"":""泽泻""},{""label"":""食材"",""text"":""砂仁""},{""label"":""烹饪方法"",""text"":""炒""},{""label"":""烹饪方法"",""text"":""研""},{""label"":""烹饪方法"",""text"":""炼蜜为丸""},{""label"":""烹饪方法"",""text"":""水泛为丸""},{""label"":""烹饪方法"",""text"":""水煎""},{""label"":""烹饪方法"",""text"":""煮""},{""label"":""烹饪方法"",""text"":""面糊为丸""},{""label"":""食材"",""text"":""姜汤""},{""label"":""食材"",""text"":""别直参""},{""label"":""食材"",""text"":""炙黄芪""},{""label"":""食材"",""text"":""毛鹿茸""},{""label"":""食材"",""text"":""党参""},{""label"":""食材"",""text"":""炙甘草""},{""label"":""食材"",""text"":""续断""},{""label"":""食材"",""text"":""炒冬术""},{""label"":""食材"",""text"":""茯苓""},{""label"":""食材"",""text"":""肉桂""},{""label"":""食材"",""text"":""陈皮""},{""label"":""食材"",""text"":""炒白芍""},{""label"":""食材"",""text"":""当归""},{""label"":""食材"",""text"":""熟地""},{""label"":""食材"",""text"":""炒远志""},{""label"":""食材"",""text"":""枸杞子""},{""label"":""食材"",""text"":""肉苁蓉""},{""label"":""食材"",""text"":""河车""},{""label"":""食材"",""text"":""云茯苓""},{""label"":""食材"",""text"":""人参""},{""label"":""食材"",""text"":""麝香""},{""label"":""食材"",""text"":""米饮""},{""label"":""食材"",""text"":""温酒""},{""label"":""食材"",""text"":""盐汤""},{""label"":""食材"",""text"":""五味子汤""},{""label"":""食疗方"",""text"":""参桂鹿茸丸""},{""label"":""功效"",""text"":""治虚损乏力""},{""label"":""功效"",""text"":""畏寒肢冷""},{""label"":""功效"",""text"":""腰膝酸软""},{""label"":""功效"",""text"":""食减便溏""},{""label"":""功效"",""text"":""治劳嗽""},{""label"":""病症"",""text"":""劳瘵""},{""label"":""医家"",""text"":""岳美中""},{""label"":""医家"",""text"":""王肯堂""},{""label"":""古籍来源"",""text"":""《证治准绳》""},{""label"":""古籍来源"",""text"":""《内经》""},{""label"":""古籍来源"",""text"":""《千金方》""},{""label"":""养生原则"",""text"":""饮食有节""},{""label"":""养生原则"",""text"":""起居有常""},{""label"":""养生原则"",""text"":""不妄作劳""},{""label"":""养生原则"",""text"":""形与神俱""},{""label"":""养生原则"",""text"":""尽终其天年""},{""label"":""养生原则"",""text"":""度百岁乃去""}]"
87,63,36,62,63,"[{""label"":""食材"",""text"":""羌活""},{""label"":""食材"",""text"":""黑白二附子""},{""label"":""食材"",""text"":""黄芪""},{""label"":""食材"",""text"":""巴戟""},{""label"":""食材"",""text"":""青盐""},{""label"":""食材"",""text"":""沙苑""},{""label"":""食材"",""text"":""自蒺藜""},{""label"":""食材"",""text"":""牛膝""},{""label"":""食材"",""text"":""茴香""},{""label"":""食材"",""text"":""川楝""},{""label"":""食材"",""text"":""白附""},{""label"":""食材"",""text"":""木香""},{""label"":""食材"",""text"":""茯苓""},{""label"":""食材"",""text"":""自术""},{""label"":""食材"",""text"":""肉豆蔻""},{""label"":""食材"",""text"":""枇杷叶""},{""label"":""食材"",""text"":""厚朴""},{""label"":""食材"",""text"":""丁香""},{""label"":""食材"",""text"":""藿香蕖""},{""label"":""食材"",""text"":""甘草""},{""label"":""食材"",""text"":""乾姜""},{""label"":""食材"",""text"":""陈皮""},{""label"":""食材"",""text"":""生姜""},{""label"":""食材"",""text"":""枣""},{""label"":""食性"",""text"":""大热""},{""label"":""食性"",""text"":""甘温""},{""label"":""食味"",""text"":""辛甘""},{""label"":""功效"",""text"":""发汗解表""},{""label"":""功效"",""text"":""搜风胜湿""},{""label"":""功效"",""text"":""逐寒湿""},{""label"":""功效"",""text"":""祛风痰""},{""label"":""功效"",""text"":""补命门火""},{""label"":""功效"",""text"":""补气实表""},{""label"":""功效"",""text"":""扶正气""},{""label"":""功效"",""text"":""补益肝肾""},{""label"":""功效"",""text"":""强壮筋骨""},{""label"":""功效"",""text"":""行气理腰""},{""label"":""功效"",""text"":""缩尿固精""},{""label"":""功效"",""text"":""和脾胃气""},{""label"":""功效"",""text"":""进饮食""},{""label"":""功效"",""text"":""止痰逆""},{""label"":""功效"",""text"":""疗腹痛气""},{""label"":""病症"",""text"":""走注疼痛""},{""label"":""病症"",""text"":""腰痛""},{""label"":""病症"",""text"":""疝气""},{""label"":""病症"",""text"":""五更泄泻""},{""label"":""病症"",""text"":""阳萎滑精""},{""label"":""病症"",""text"":""舌淡白""},{""label"":""病症"",""text"":""脉微细""},{""label"":""病症"",""text"":""舌红""},{""label"":""病症"",""text"":""脉数""},{""label"":""病症"",""text"":""口渴""},{""label"":""病症"",""text"":""心烦""},{""label"":""脏腑"",""text"":""肝肾""},{""label"":""脏腑"",""text"":""筋骨""},{""label"":""脏腑"",""text"":""血脉""},{""label"":""脏腑"",""text"":""脾胃""},{""label"":""食疗方"",""text"":""羌活丸""},{""label"":""烹饪方法"",""text"":""捣""},{""label"":""烹饪方法"",""text"":""煎""},{""label"":""禁忌"",""text"":""慎勿乱投此方""},{""label"":""医家"",""text"":""《瓶花本》""},{""label"":""医家"",""text"":""《文津阁本》""}]"
88,61,47,60,60,"[{""label"":""病症"",""text"":""肾气衰弱""},{""label"":""病症"",""text"":""中气不足""},{""label"":""病症"",""text"":""阴火上乘""},{""label"":""病症"",""text"":""九窍不利""},{""label"":""食材"",""text"":""鸡头实""},{""label"":""食材"",""text"":""芡实""},{""label"":""食味"",""text"":""淡""},{""label"":""食味"",""text"":""甘""},{""label"":""食性"",""text"":""平""},{""label"":""功效"",""text"":""固肾涩精""},{""label"":""功效"",""text"":""补脾止泻""},{""label"":""病症"",""text"":""湿痹腰脊膝痛""},{""label"":""功效"",""text"":""补中除暴疾""},{""label"":""功效"",""text"":""益精气""},{""label"":""功效"",""text"":""强志""},{""label"":""功效"",""text"":""令耳目聪明""},{""label"":""食材"",""text"":""水硫黄""},{""label"":""医家"",""text"":""张杲""},{""label"":""古籍来源"",""text"":""《医说》""},{""label"":""功效"",""text"":""却病延年""},{""label"":""功效"",""text"":""补中""},{""label"":""功效"",""text"":""明目""},{""label"":""功效"",""text"":""利小便""},{""label"":""食疗方"",""text"":""蔓菁粥""},{""label"":""食材"",""text"":""蔓菁子""},{""label"":""食材"",""text"":""粳米""},{""label"":""烹饪方法"",""text"":""捣碎""},{""label"":""烹饪方法"",""text"":""绞滤取汁""},{""label"":""烹饪方法"",""text"":""煮""},{""label"":""病症"",""text"":""老人肝虚目不明""},{""label"":""医家"",""text"":""孙思邈""},{""label"":""古籍来源"",""text"":""《备急千金要方》""},{""label"":""病症"",""text"":""眼暗""},{""label"":""食疗方"",""text"":""泻肝汤""},{""label"":""病症"",""text"":""肝中有风热""},{""label"":""病症"",""text"":""目昏暗""},{""label"":""功效"",""text"":""补肝""},{""label"":""食疗方"",""text"":""补肝芜菁子散""},{""label"":""功效"",""text"":""明目""},{""label"":""医家"",""text"":""陈直""},{""label"":""古籍来源"",""text"":""《太平圣惠方》""},{""label"":""古籍来源"",""text"":""《养老奉亲书》""},{""label"":""食材"",""text"":""芫菁子""},{""label"":""食材"",""text"":""芫菁""},{""label"":""食味"",""text"":""辛""},{""label"":""食性"",""text"":""平""},{""label"":""归经"",""text"":""入肝""},{""label"":""归经"",""text"":""脾两经""},{""label"":""功效"",""text"":""益肝明目""},{""label"":""功效"",""text"":""行气除湿""},{""label"":""功效"",""text"":""清郁热""},{""label"":""功效"",""text"":""利小便""},{""label"":""功效"",""text"":""攻积聚""},{""label"":""功效"",""text"":""杀虫毒""},{""label"":""病症"",""text"":""青盲眼障""},{""label"":""病症"",""text"":""目暗不明""},{""label"":""病症"",""text"":""眼黄如金""},{""label"":""病症"",""text"":""痢疾""},{""label"":""病症"",""text"":""小便不利""},{""label"":""古籍来源"",""text"":""《千金要方》""}]"
89,51,45,47,47,"[{""label"":""食材"",""text"":""川厚朴""},{""label"":""食材"",""text"":""陈橘皮""},{""label"":""食材"",""text"":""甘草""},{""label"":""食材"",""text"":""南京小枣""},{""label"":""食材"",""text"":""生姜""},{""label"":""食材"",""text"":""茅山苍术""},{""label"":""食材"",""text"":""盐""},{""label"":""食材"",""text"":""鸟梅""},{""label"":""食材"",""text"":""山楂肉""},{""label"":""食材"",""text"":""半夏""},{""label"":""食材"",""text"":""橘红""},{""label"":""食材"",""text"":""神籼""},{""label"":""食材"",""text"":""麦芽""},{""label"":""食材"",""text"":""自茯苓""},{""label"":""食材"",""text"":""连翘壳""},{""label"":""食材"",""text"":""萝卜子""},{""label"":""食材"",""text"":""黄连""},{""label"":""食材"",""text"":""伏神""},{""label"":""食材"",""text"":""香附子""},{""label"":""烹饪方法"",""text"":""锉""},{""label"":""烹饪方法"",""text"":""煮""},{""label"":""烹饪方法"",""text"":""捣""},{""label"":""烹饪方法"",""text"":""焙""},{""label"":""烹饪方法"",""text"":""碾""},{""label"":""烹饪方法"",""text"":""研""},{""label"":""烹饪方法"",""text"":""炒""},{""label"":""烹饪方法"",""text"":""浸""},{""label"":""烹饪方法"",""text"":""炼蜜丸""},{""label"":""烹饪方法"",""text"":""炙""},{""label"":""病症"",""text"":""泄泻""},{""label"":""病症"",""text"":""食积""},{""label"":""病症"",""text"":""酒积""},{""label"":""病症"",""text"":""痰饮""},{""label"":""病症"",""text"":""胸膈痞满""},{""label"":""病症"",""text"":""嗳气吞酸""},{""label"":""病症"",""text"":""泄泻腹痛""},{""label"":""病症"",""text"":""疟痢""},{""label"":""功效"",""text"":""和血""},{""label"":""功效"",""text"":""补血""},{""label"":""功效"",""text"":""大有补益""},{""label"":""食疗方"",""text"":""保和丸""},{""label"":""食疗方"",""text"":""交感丹""},{""label"":""食疗方"",""text"":""降气汤""},{""label"":""医家"",""text"":""朱震亨""},{""label"":""医家"",""text"":""邹铉""},{""label"":""古籍来源"",""text"":""《丹溪心法》""},{""label"":""古籍来源"",""text"":""《寿亲养老新书》""}]"
90,66,56,51,51,"[{""label"":""食材"",""text"":""枸杞根""},{""label"":""食材"",""text"":""白羊脊骨""},{""label"":""食材"",""text"":""羊头蹄""},{""label"":""食材"",""text"":""胡椒""},{""label"":""食材"",""text"":""荜芟""},{""label"":""食材"",""text"":""葱白""},{""label"":""食材"",""text"":""豆豉""},{""label"":""食性"",""text"":""寒""},{""label"":""食味"",""text"":""甘""},{""label"":""食味"",""text"":""微苦""},{""label"":""食味"",""text"":""热""},{""label"":""食味"",""text"":""无毒""},{""label"":""功效"",""text"":""清其虚热""},{""label"":""功效"",""text"":""补其精髓""},{""label"":""功效"",""text"":""外祛无定虚邪""},{""label"":""功效"",""text"":""内除有汗骨蒸""},{""label"":""功效"",""text"":""上理头风客热""},{""label"":""功效"",""text"":""中去胸胁气滞""},{""label"":""功效"",""text"":""下利肠间湿邪""},{""label"":""功效"",""text"":""久服强阴""},{""label"":""功效"",""text"":""坚筋骨""},{""label"":""功效"",""text"":""止消渴""},{""label"":""功效"",""text"":""除周痹风湿""},{""label"":""功效"",""text"":""补肾虚""},{""label"":""功效"",""text"":""通督脉""},{""label"":""功效"",""text"":""主虚劳寒中羸瘦""},{""label"":""功效"",""text"":""补中兼清""},{""label"":""功效"",""text"":""通行血脉""},{""label"":""病症"",""text"":""体虚消瘦""},{""label"":""病症"",""text"":""五心烦热""},{""label"":""病症"",""text"":""夜寐盗汗""},{""label"":""病症"",""text"":""腰脊酸痛""},{""label"":""病症"",""text"":""弱不禁风""},{""label"":""病症"",""text"":""舌干少苔""},{""label"":""病症"",""text"":""脉细无力""},{""label"":""病症"",""text"":""男女伤中""},{""label"":""病症"",""text"":""阴气不足""},{""label"":""病症"",""text"":""腰痛下痢""},{""label"":""病症"",""text"":""五劳七伤""},{""label"":""病症"",""text"":""虚损""},{""label"":""脏腑"",""text"":""肾""},{""label"":""脏腑"",""text"":""肝肾""},{""label"":""食疗方"",""text"":""枸杞煎方""},{""label"":""食疗方"",""text"":""法煮羊头方""},{""label"":""烹饪方法"",""text"":""煮""},{""label"":""烹饪方法"",""text"":""烧""},{""label"":""烹饪方法"",""text"":""切""},{""label"":""禁忌"",""text"":""慎生冷酢滑油腻七日""},{""label"":""养生原则"",""text"":""食治""},{""label"":""古籍来源"",""text"":""《千金翼方》""},{""label"":""古籍来源"",""text"":""《太平圣惠方》""}]"
91,8,0,3,3,"[{""label"":""病症"",""text"":""褥疮""},{""label"":""病症"",""text"":""多愁善悲""},{""label"":""病症"",""text"":""精神忧郁""}]"
92,31,21,23,23,"[{""label"":""功效"",""text"":""养阳散风""},{""label"":""功效"",""text"":""解肌止痉""},{""label"":""功效"",""text"":""清热生津""},{""label"":""食材"",""text"":""荆芥""},{""label"":""功效"",""text"":""理血解痉""},{""label"":""功效"",""text"":""发表祛风""},{""label"":""食材"",""text"":""香豉""},{""label"":""功效"",""text"":""散胸中之烦热""},{""label"":""病症"",""text"":""风痱""},{""label"":""食材"",""text"":""葛根""},{""label"":""病症"",""text"":""高血压动脉粥样硬化""},{""label"":""病症"",""text"":""中风""},{""label"":""食材"",""text"":""青粱米""},{""label"":""食材"",""text"":""薄荷叶""},{""label"":""食材"",""text"":""豉""},{""label"":""烹饪方法"",""text"":""煮""},{""label"":""烹饪方法"",""text"":""作粥""},{""label"":""食材"",""text"":""盐""},{""label"":""食材"",""text"":""醋""},{""label"":""养生原则"",""text"":""空心食之""},{""label"":""养生原则"",""text"":""常服佳""},{""label"":""古籍来源"",""text"":""《太平圣惠方》""},{""label"":""古籍来源"",""text"":""《经钮堂抄本》""}]"
93,32,29,29,29,"[{""label"":""食材"",""text"":""熊肉""},{""label"":""食性"",""text"":""甘平偏温""},{""label"":""食味"",""text"":""甘""},{""label"":""功效"",""text"":""补虚羸""},{""label"":""功效"",""text"":""强筋骨""},{""label"":""病症"",""text"":""风瘅不仁""},{""label"":""病症"",""text"":""筋急五缓""},{""label"":""病症"",""text"":""脚气""},{""label"":""病症"",""text"":""中风心肺热""},{""label"":""病症"",""text"":""手足不随""},{""label"":""病症"",""text"":""恍惚烦躁""},{""label"":""病症"",""text"":""皮肤不仁""},{""label"":""病症"",""text"":""筋脉弛缓""},{""label"":""病症"",""text"":""脚气冲心""},{""label"":""病症"",""text"":""腰痛无力""},{""label"":""病症"",""text"":""困乏""},{""label"":""病症"",""text"":""腹瘅着不仁""},{""label"":""病症"",""text"":""小便不利""},{""label"":""脏腑"",""text"":""肾""},{""label"":""食材"",""text"":""生栗""},{""label"":""功效"",""text"":""补肾""},{""label"":""功效"",""text"":""强腰脚""},{""label"":""功效"",""text"":""壮筋骨""},{""label"":""古籍来源"",""text"":""备急千金要方""},{""label"":""古籍来源"",""text"":""食医心镜""},{""label"":""食疗方"",""text"":""生栗方""},{""label"":""烹饪方法"",""text"":""蒸熟""},{""label"":""烹饪方法"",""text"":""风干""},{""label"":""烹饪方法"",""text"":""细咀""}]"
94,53,49,50,50,"[{""label"":""食材"",""text"":""竹叶""},{""label"":""食味"",""text"":""辛""},{""label"":""食味"",""text"":""淡""},{""label"":""食味"",""text"":""甘""},{""label"":""食性"",""text"":""寒""},{""label"":""归经"",""text"":""心""},{""label"":""归经"",""text"":""肺""},{""label"":""功效"",""text"":""清上焦风热""},{""label"":""功效"",""text"":""解渴除烦""},{""label"":""食材"",""text"":""生石膏""},{""label"":""食味"",""text"":""辛""},{""label"":""食味"",""text"":""甘""},{""label"":""食性"",""text"":""寒""},{""label"":""归经"",""text"":""肺""},{""label"":""归经"",""text"":""胃""},{""label"":""归经"",""text"":""三焦""},{""label"":""功效"",""text"":""清热降火""},{""label"":""食材"",""text"":""砂糖""},{""label"":""食材"",""text"":""粳米""},{""label"":""古籍来源"",""text"":""仲景""},{""label"":""食疗方"",""text"":""竹叶石膏汤""},{""label"":""病症"",""text"":""时行眼疾""},{""label"":""病症"",""text"":""白睛红赤""},{""label"":""病症"",""text"":""虚羸少气""},{""label"":""病症"",""text"":""病后余热未尽""},{""label"":""食材"",""text"":""荆芥""},{""label"":""食材"",""text"":""薄荷""},{""label"":""食疗方"",""text"":""竹叶粥""},{""label"":""病症"",""text"":""时行眼疾之轻证""},{""label"":""病症"",""text"":""燥热疫""},{""label"":""病症"",""text"":""头痛目痛""},{""label"":""病症"",""text"":""红丝绕目""},{""label"":""病症"",""text"":""伤寒""},{""label"":""医家"",""text"":""余师愚""},{""label"":""古籍来源"",""text"":""《疫诊一得》""},{""label"":""病症"",""text"":""膈上风热之目疾""},{""label"":""病症"",""text"":""热发""},{""label"":""病症"",""text"":""眼赤涩痛""},{""label"":""食疗方"",""text"":""栀子仁粥方""},{""label"":""食材"",""text"":""栀子仁""},{""label"":""食材"",""text"":""米""},{""label"":""烹饪方法"",""text"":""煮粥""},{""label"":""食材"",""text"":""栀子末""},{""label"":""古籍来源"",""text"":""《太平圣惠方》""},{""label"":""古籍来源"",""text"":""《经钮堂抄本》""},{""label"":""病症"",""text"":""内热上攻目赤病""},{""label"":""食疗方"",""text"":""栀子仁粥""},{""label"":""病症"",""text"":""三焦实热""},{""label"":""病症"",""text"":""内热发动""},{""label"":""脏腑"",""text"":""心火""}]"
95,40,38,34,35,"[{""label"":""食材"",""text"":""鲤鱼""},{""label"":""食疗方"",""text"":""白煮鲤鱼方""},{""label"":""病症"",""text"":""气滞肿胀""},{""label"":""病症"",""text"":""水肿""},{""label"":""病症"",""text"":""气滞""},{""label"":""病症"",""text"":""心腹气机壅塞""},{""label"":""病症"",""text"":""胀满""},{""label"":""病症"",""text"":""四肢经气不畅""},{""label"":""病症"",""text"":""烦疼无力""},{""label"":""功效"",""text"":""下气利水""},{""label"":""食材"",""text"":""橘皮""},{""label"":""功效"",""text"":""和胃气""},{""label"":""功效"",""text"":""畅气机""},{""label"":""病症"",""text"":""水气""},{""label"":""病症"",""text"":""身体虚肿""},{""label"":""病症"",""text"":""面自虚瘀""},{""label"":""食材"",""text"":""水牛皮""},{""label"":""烹饪方法"",""text"":""煮""},{""label"":""食材"",""text"":""生姜""},{""label"":""食味"",""text"":""五味""},{""label"":""病症"",""text"":""面目虚胀""},{""label"":""病症"",""text"":""脾肺气滞""},{""label"":""病症"",""text"":""上焦不能宣通""},{""label"":""功效"",""text"":""理肺气""},{""label"":""功效"",""text"":""利水道""},{""label"":""古籍来源"",""text"":""《食医心镜》""},{""label"":""病症"",""text"":""水气大腹浮肿""},{""label"":""病症"",""text"":""小便涩少""},{""label"":""功效"",""text"":""理气和脾胃""},{""label"":""食疗方"",""text"":""鲤鱼臃方""},{""label"":""食疗方"",""text"":""麻子仁粥方""},{""label"":""食疗方"",""text"":""大豆方""},{""label"":""食疗方"",""text"":""水牛肉方""},{""label"":""食疗方"",""text"":""端肉羹方""},{""label"":""食材"",""text"":""麻子仁""}]"
96,45,44,44,44,"[{""label"":""食材"",""text"":""薄荷""},{""label"":""食材"",""text"":""干薄荷""},{""label"":""食材"",""text"":""龙脑薄荷""},{""label"":""食材"",""text"":""水苏""},{""label"":""食材"",""text"":""葳灵仙丸""},{""label"":""食材"",""text"":""高良姜""},{""label"":""食材"",""text"":""青木香""},{""label"":""食材"",""text"":""枣肉""},{""label"":""食材"",""text"":""干姜""},{""label"":""食材"",""text"":""广木香""},{""label"":""食疗方"",""text"":""保救丹""},{""label"":""功效"",""text"":""理血下气""},{""label"":""功效"",""text"":""清肺辟恶消谷""},{""label"":""功效"",""text"":""疏利""},{""label"":""功效"",""text"":""温中散寒""},{""label"":""功效"",""text"":""止泻除呕""},{""label"":""功效"",""text"":""行气疏肝""},{""label"":""功效"",""text"":""利肠止痛""},{""label"":""功效"",""text"":""健脾""},{""label"":""功效"",""text"":""温中散寒止痛止泻""},{""label"":""病症"",""text"":""脾脏泄泻""},{""label"":""病症"",""text"":""中心气不和""},{""label"":""病症"",""text"":""精神倦怠""},{""label"":""病症"",""text"":""不思饮食""},{""label"":""病症"",""text"":""中寒气滞泄泻""},{""label"":""病症"",""text"":""泄泻""},{""label"":""病症"",""text"":""肠鸣切痛""},{""label"":""病症"",""text"":""腹胀呕逆""},{""label"":""病症"",""text"":""嗽""},{""label"":""病症"",""text"":""远年一切嗽疾""},{""label"":""病症"",""text"":""劳嗽痰壅""},{""label"":""脏腑"",""text"":""脾""},{""label"":""脏腑"",""text"":""肝""},{""label"":""脏腑"",""text"":""胃""},{""label"":""脏腑"",""text"":""肾脏""},{""label"":""食疗方"",""text"":""高青丸""},{""label"":""烹饪方法"",""text"":""煮""},{""label"":""禁忌"",""text"":""久服恐损人真气""},{""label"":""禁忌"",""text"":""只可暂用""},{""label"":""禁忌"",""text"":""中病即止""},{""label"":""禁忌"",""text"":""不宜久服""},{""label"":""医家"",""text"":""李时珍""},{""label"":""古籍来源"",""text"":""《唐成之家本》""},{""label"":""古籍来源"",""text"":""《遵生八笺》""}]"
97,31,20,28,28,"[{""label"":""食材"",""text"":""桃仁""},{""label"":""食材"",""text"":""青粱米""},{""label"":""病症"",""text"":""冷气""},{""label"":""病症"",""text"":""心痛""},{""label"":""病症"",""text"":""腹痛""},{""label"":""病症"",""text"":""真心痛""},{""label"":""病症"",""text"":""胸瘅""},{""label"":""病症"",""text"":""衿气心痛""},{""label"":""病症"",""text"":""脾心痛""},{""label"":""病症"",""text"":""胃心痛""},{""label"":""病症"",""text"":""不能食""},{""label"":""病症"",""text"":""腹胀""},{""label"":""病症"",""text"":""手足厥衿""},{""label"":""病症"",""text"":""通身衿汗出""},{""label"":""病症"",""text"":""脉沉细无力""},{""label"":""脏腑"",""text"":""心""},{""label"":""脏腑"",""text"":""脾""},{""label"":""脏腑"",""text"":""胃""},{""label"":""医家"",""text"":""巢元方""},{""label"":""医家"",""text"":""王怀隐""},{""label"":""古籍来源"",""text"":""《诸病源候论》""},{""label"":""古籍来源"",""text"":""《太平圣惠方》""},{""label"":""烹饪方法"",""text"":""煮""},{""label"":""烹饪方法"",""text"":""研""},{""label"":""烹饪方法"",""text"":""淘""},{""label"":""功效"",""text"":""温通""},{""label"":""功效"",""text"":""除衿温中""},{""label"":""养生原则"",""text"":""空心食之""}]"
98,84,74,79,79,"[{""label"":""古籍来源"",""text"":""《文津阁本》""},{""label"":""病症"",""text"":""老人久积虚损""},{""label"":""食疗方"",""text"":""北庭丸""},{""label"":""病症"",""text"":""老人久积成癞""},{""label"":""病症"",""text"":""肚腹胀大""},{""label"":""病症"",""text"":""骨瘦如柴""},{""label"":""脏腑"",""text"":""五脏""},{""label"":""食材"",""text"":""北庭砂""},{""label"":""食材"",""text"":""硇砂""},{""label"":""食性"",""text"":""大热""},{""label"":""功效"",""text"":""化积聚""},{""label"":""功效"",""text"":""破结血""},{""label"":""功效"",""text"":""去恶肉""},{""label"":""功效"",""text"":""除痰癖食积""},{""label"":""食材"",""text"":""阿魏""},{""label"":""食材"",""text"":""青盐""},{""label"":""食材"",""text"":""米醋""},{""label"":""功效"",""text"":""破血消积""},{""label"":""功效"",""text"":""除五脏癞结""},{""label"":""功效"",""text"":""心腹积聚""},{""label"":""食材"",""text"":""归芎""},{""label"":""食材"",""text"":""肉桂""},{""label"":""功效"",""text"":""益血温通""},{""label"":""食材"",""text"":""姜附""},{""label"":""功效"",""text"":""回阳救逆""},{""label"":""食材"",""text"":""茯苓""},{""label"":""功效"",""text"":""补心气""},{""label"":""功效"",""text"":""渗湿而化饮""},{""label"":""食材"",""text"":""白术""},{""label"":""功效"",""text"":""益脾阳""},{""label"":""功效"",""text"":""燥湿而和中""},{""label"":""食材"",""text"":""五味子""},{""label"":""功效"",""text"":""敛肺滋肾""},{""label"":""功效"",""text"":""补肝兼生津""},{""label"":""食材"",""text"":""缩砂""},{""label"":""食材"",""text"":""椒""},{""label"":""食材"",""text"":""朴""},{""label"":""功效"",""text"":""暖胃消食""},{""label"":""功效"",""text"":""理气以止痛""},{""label"":""病症"",""text"":""积聚""},{""label"":""病症"",""text"":""癜疲""},{""label"":""养生原则"",""text"":""却病延寿""},{""label"":""禁忌"",""text"":""体质偏实有寒者用之较好""},{""label"":""禁忌"",""text"":""若患者虚而挟热。恐不相宜""},{""label"":""病症"",""text"":""妇女病患瘸积""},{""label"":""食疗方"",""text"":""鸟犀丸""},{""label"":""食材"",""text"":""天麻""},{""label"":""食材"",""text"":""地榆""},{""label"":""食材"",""text"":""元寝""},{""label"":""食材"",""text"":""川鸟头""},{""label"":""烹饪方法"",""text"":""炮制""},{""label"":""食材"",""text"":""龙脑薄荷""},{""label"":""食材"",""text"":""藿香叶""},{""label"":""食材"",""text"":""龙脑""},{""label"":""食材"",""text"":""麝香""},{""label"":""烹饪方法"",""text"":""炼蜜为膏""},{""label"":""病症"",""text"":""一切风""},{""label"":""病症"",""text"":""风癔""},{""label"":""病症"",""text"":""风痱""},{""label"":""病症"",""text"":""风偏枯""},{""label"":""病症"",""text"":""风口喁""},{""label"":""病症"",""text"":""风不语""},{""label"":""病症"",""text"":""风痉""},{""label"":""病症"",""text"":""风角弓反张""},{""label"":""病症"",""text"":""风弹曳""},{""label"":""病症"",""text"":""风不仁""},{""label"":""病症"",""text"":""风惊悸""},{""label"":""病症"",""text"":""风人腹拘急""},{""label"":""病症"",""text"":""风经五脏恍惚""},{""label"":""病症"",""text"":""风头眩""},{""label"":""病症"",""text"":""风癫""},{""label"":""病症"",""text"":""蛊风""},{""label"":""病症"",""text"":""风狂""},{""label"":""病症"",""text"":""恶风须眉堕落""},{""label"":""病症"",""text"":""风瘙痒""},{""label"":""病症"",""text"":""风腮退""},{""label"":""病症"",""text"":""风湿痹""},{""label"":""病症"",""text"":""历节风""},{""label"":""病症"",""text"":""风入腹急切痛""}]"
99,43,29,27,27,"[{""label"":""食材"",""text"":""葛粉""},{""label"":""食材"",""text"":""荆芥""},{""label"":""食材"",""text"":""豉""},{""label"":""食材"",""text"":""葱椒""},{""label"":""食材"",""text"":""猪肉""},{""label"":""食材"",""text"":""荞面""},{""label"":""病症"",""text"":""中风""},{""label"":""病症"",""text"":""精神昏愦""},{""label"":""病症"",""text"":""手足不仁""},{""label"":""病症"",""text"":""缓弱不遂""},{""label"":""病症"",""text"":""风痱""},{""label"":""病症"",""text"":""肌肤不仁""},{""label"":""病症"",""text"":""重不胜""},{""label"":""病症"",""text"":""身无痛""},{""label"":""病症"",""text"":""四肢不收""},{""label"":""病症"",""text"":""智乱不甚""},{""label"":""病症"",""text"":""言微""},{""label"":""烹饪方法"",""text"":""煮""},{""label"":""烹饪方法"",""text"":""煎""},{""label"":""烹饪方法"",""text"":""作""},{""label"":""食疗方"",""text"":""葛粉索饼方""},{""label"":""禁忌"",""text"":""忌猪肉荞面""},{""label"":""古籍来源"",""text"":""太平圣惠方""},{""label"":""古籍来源"",""text"":""经钮堂抄本""},{""label"":""古籍来源"",""text"":""万历本""},{""label"":""古籍来源"",""text"":""文津阁本""},{""label"":""古籍来源"",""text"":""金匮要略""}]"
100,81,56,69,72,"[{""label"":""食材"",""text"":""炙黄芪""},{""label"":""食材"",""text"":""党参""},{""label"":""食材"",""text"":""炒白术""},{""label"":""食材"",""text"":""龙眼肉""},{""label"":""食材"",""text"":""苡米""},{""label"":""食材"",""text"":""山药""},{""label"":""食材"",""text"":""蔻仁""},{""label"":""食材"",""text"":""干姜""},{""label"":""食材"",""text"":""炮附子""},{""label"":""食材"",""text"":""陈皮""},{""label"":""食材"",""text"":""牛膝""},{""label"":""食材"",""text"":""生姜""},{""label"":""食材"",""text"":""大枣""},{""label"":""食材"",""text"":""猪苓""},{""label"":""食材"",""text"":""泽泻""},{""label"":""食材"",""text"":""白术""},{""label"":""食材"",""text"":""茯苓""},{""label"":""食材"",""text"":""桂枝""},{""label"":""食材"",""text"":""白饮""},{""label"":""食材"",""text"":""桑白皮""},{""label"":""食材"",""text"":""陈橘皮""},{""label"":""食材"",""text"":""生姜皮""},{""label"":""食材"",""text"":""大腹皮""},{""label"":""食材"",""text"":""茯苓皮""},{""label"":""食材"",""text"":""防己""},{""label"":""食材"",""text"":""黄芪""},{""label"":""食材"",""text"":""甘草""},{""label"":""烹饪方法"",""text"":""水煎服""},{""label"":""烹饪方法"",""text"":""捣为散""},{""label"":""烹饪方法"",""text"":""和服""},{""label"":""烹饪方法"",""text"":""煎""},{""label"":""烹饪方法"",""text"":""煮""},{""label"":""烹饪方法"",""text"":""锉""},{""label"":""功效"",""text"":""化气利水""},{""label"":""功效"",""text"":""健脾化湿""},{""label"":""功效"",""text"":""理气消肿""},{""label"":""功效"",""text"":""利水补气通阳""},{""label"":""功效"",""text"":""益气行水""},{""label"":""病症"",""text"":""外有表证""},{""label"":""病症"",""text"":""内有蓄水""},{""label"":""病症"",""text"":""头痛发热""},{""label"":""病症"",""text"":""水人则吐""},{""label"":""病症"",""text"":""小便不利""},{""label"":""病症"",""text"":""霍乱""},{""label"":""病症"",""text"":""呕吐泄泻交作""},{""label"":""病症"",""text"":""烦渴引饮""},{""label"":""病症"",""text"":""水肿身重""},{""label"":""病症"",""text"":""痰饮""},{""label"":""病症"",""text"":""脐下有动悸""},{""label"":""病症"",""text"":""吐涎沫""},{""label"":""病症"",""text"":""头眩""},{""label"":""病症"",""text"":""水肿""},{""label"":""病症"",""text"":""头面四肢悉肿""},{""label"":""病症"",""text"":""心腹胀满""},{""label"":""病症"",""text"":""上气促急""},{""label"":""病症"",""text"":""皮水为病""},{""label"":""病症"",""text"":""四肢肿""},{""label"":""病症"",""text"":""水气在皮肤中""},{""label"":""病症"",""text"":""四肢聂聂动""},{""label"":""病症"",""text"":""风水""},{""label"":""病症"",""text"":""脉浮身重""},{""label"":""病症"",""text"":""汗出恶风""},{""label"":""禁忌"",""text"":""忌生衿油腻硬物""},{""label"":""医家"",""text"":""张仲景""},{""label"":""医家"",""text"":""华氏""},{""label"":""古籍来源"",""text"":""《伤寒论》""},{""label"":""古籍来源"",""text"":""《华氏中藏经》""},{""label"":""古籍来源"",""text"":""《金匮要略》""},{""label"":""食疗方"",""text"":""五苓散""},{""label"":""食疗方"",""text"":""五皮饮""},{""label"":""食疗方"",""text"":""防己茯苓汤""},{""label"":""食疗方"",""text"":""防己黄芪汤""}]"
101,51,53,48,48,"[{""label"":""食材"",""text"":""鲫鱼""},{""label"":""食材"",""text"":""干姜""},{""label"":""食材"",""text"":""橘皮""},{""label"":""食材"",""text"":""豉汁""},{""label"":""食材"",""text"":""赤石脂""},{""label"":""食材"",""text"":""白面""},{""label"":""食材"",""text"":""葱""},{""label"":""食材"",""text"":""酱""},{""label"":""食性"",""text"":""辛热""},{""label"":""食性"",""text"":""温""},{""label"":""归经"",""text"":""心""},{""label"":""归经"",""text"":""肾""},{""label"":""归经"",""text"":""脾""},{""label"":""归经"",""text"":""胃""},{""label"":""归经"",""text"":""大小肠""},{""label"":""功效"",""text"":""温中下气""},{""label"":""功效"",""text"":""健脾利湿""},{""label"":""功效"",""text"":""温脾逐寒""},{""label"":""功效"",""text"":""疏利带脉""},{""label"":""功效"",""text"":""暖腰脊""},{""label"":""功效"",""text"":""主腹胀吐泻""},{""label"":""功效"",""text"":""止血痢腹痛""},{""label"":""功效"",""text"":""涩肠止血""},{""label"":""功效"",""text"":""收湿生肌""},{""label"":""功效"",""text"":""补益心""},{""label"":""功效"",""text"":""涩肠固脱""},{""label"":""病症"",""text"":""腰脊疼痛""},{""label"":""病症"",""text"":""痢疾""},{""label"":""病症"",""text"":""痢下赤白""},{""label"":""病症"",""text"":""肠胃冷气""},{""label"":""病症"",""text"":""痢下不止""},{""label"":""病症"",""text"":""久痢滑脱不止""},{""label"":""病症"",""text"":""大便不固""},{""label"":""病症"",""text"":""滑脱不禁""},{""label"":""病症"",""text"":""但欲寐""},{""label"":""病症"",""text"":""脉微细""},{""label"":""病症"",""text"":""下痢便脓血""},{""label"":""病症"",""text"":""新病下痢""},{""label"":""病症"",""text"":""湿热未清""},{""label"":""脏腑"",""text"":""脾""},{""label"":""脏腑"",""text"":""肾""},{""label"":""脏腑"",""text"":""心""},{""label"":""脏腑"",""text"":""胃""},{""label"":""食疗方"",""text"":""桃花汤""},{""label"":""烹饪方法"",""text"":""煮""},{""label"":""禁忌"",""text"":""收涩之品有留邪之弊""},{""label"":""古籍来源"",""text"":""金匮要略.五藏风寒积聚篇""},{""label"":""古籍来源"",""text"":""伤寒论.少阴篇""}]"
102,57,31,56,56,"[{""label"":""食材"",""text"":""粳米""},{""label"":""食性"",""text"":""甘平""},{""label"":""归经"",""text"":""脾""},{""label"":""归经"",""text"":""胃""},{""label"":""功效"",""text"":""补中益气""},{""label"":""功效"",""text"":""和脾胃""},{""label"":""功效"",""text"":""除烦""},{""label"":""食材"",""text"":""葱""},{""label"":""食性"",""text"":""辛温""},{""label"":""功效"",""text"":""发汗通阳""},{""label"":""食疗方"",""text"":""鸟鸡羹""},{""label"":""古籍来源"",""text"":""《太平圣惠方》""},{""label"":""食疗方"",""text"":""乌雌鸡羹""},{""label"":""病症"",""text"":""中风湿瘅""},{""label"":""病症"",""text"":""五缓六急""},{""label"":""病症"",""text"":""骨中疼痛""},{""label"":""病症"",""text"":""不能踏地""},{""label"":""病症"",""text"":""脚气""},{""label"":""食疗方"",""text"":""猪肾粥""},{""label"":""病症"",""text"":""老人脚气烦痹""},{""label"":""病症"",""text"":""缓弱不随""},{""label"":""病症"",""text"":""行履不能""},{""label"":""食材"",""text"":""猪肾""},{""label"":""食材"",""text"":""粳米""},{""label"":""食材"",""text"":""葱白""},{""label"":""烹饪方法"",""text"":""煮""},{""label"":""烹饪方法"",""text"":""作粥""},{""label"":""食材"",""text"":""五味""},{""label"":""食材"",""text"":""椒""},{""label"":""食材"",""text"":""姜""},{""label"":""禁忌"",""text"":""空心食之""},{""label"":""禁忌"",""text"":""日一服""},{""label"":""病症"",""text"":""老人脚气""},{""label"":""病症"",""text"":""湿热伤肾""},{""label"":""脏腑"",""text"":""肾""},{""label"":""脏腑"",""text"":""肾足少阴之脉""},{""label"":""病症"",""text"":""足部疼瘅""},{""label"":""病症"",""text"":""缓弱不遂""},{""label"":""病症"",""text"":""行履维艰""},{""label"":""病症"",""text"":""心烦""},{""label"":""功效"",""text"":""清湿热""},{""label"":""功效"",""text"":""调肾气""},{""label"":""食材"",""text"":""猪肾""},{""label"":""食性"",""text"":""咸衿无毒""},{""label"":""功效"",""text"":""理肾气""},{""label"":""功效"",""text"":""通膀胱""},{""label"":""食材"",""text"":""葱白""},{""label"":""食材"",""text"":""粳米""},{""label"":""功效"",""text"":""扶正通阳""},{""label"":""脏腑"",""text"":""肾气""},{""label"":""脏腑"",""text"":""膀胱""},{""label"":""功效"",""text"":""气化功能增强""},{""label"":""病症"",""text"":""湿热""},{""label"":""古籍来源"",""text"":""《备急千金要方》""},{""label"":""病症"",""text"":""脚气之疾""},{""label"":""禁忌"",""text"":""皆不得大补""}]"
103,21,15,12,12,"[{""label"":""食材"",""text"":""葱白""},{""label"":""食材"",""text"":""枣""},{""label"":""食材"",""text"":""蜀椒""},{""label"":""烹饪方法"",""text"":""浸渍""},{""label"":""烹饪方法"",""text"":""煮""},{""label"":""烹饪方法"",""text"":""烤""},{""label"":""食疗方"",""text"":""煮剂""},{""label"":""食疗方"",""text"":""燠梨剂""},{""label"":""养生原则"",""text"":""因人""},{""label"":""养生原则"",""text"":""因时""},{""label"":""养生原则"",""text"":""因病制宜""},{""label"":""古籍来源"",""text"":""本书""}]"
104,24,40,23,23,"[{""label"":""病症"",""text"":""脾胃气弱""},{""label"":""病症"",""text"":""胃气不足""},{""label"":""病症"",""text"":""食少脘胀""},{""label"":""病症"",""text"":""嗳气呕吐""},{""label"":""病症"",""text"":""脾气不足""},{""label"":""病症"",""text"":""腹满时减复如故""},{""label"":""病症"",""text"":""肠鸣泻痢""},{""label"":""病症"",""text"":""肌肉羸瘦""},{""label"":""病症"",""text"":""四肢无力""},{""label"":""病症"",""text"":""诸脏气竭""},{""label"":""病症"",""text"":""久虚不复""},{""label"":""养生原则"",""text"":""饮食和益脾胃之气""},{""label"":""养生原则"",""text"":""滋润脏腑""},{""label"":""医家"",""text"":""岳美中""},{""label"":""食疗方"",""text"":""羊肉索饼方""},{""label"":""食材"",""text"":""白羊肉""},{""label"":""食材"",""text"":""白面""},{""label"":""食材"",""text"":""生姜汁""},{""label"":""烹饪方法"",""text"":""溲""},{""label"":""烹饪方法"",""text"":""切""},{""label"":""烹饪方法"",""text"":""煮熟""},{""label"":""食材"",""text"":""椒""},{""label"":""食材"",""text"":""葱""}]"
105,52,49,50,50,"[{""label"":""食材"",""text"":""猪羊血""},{""label"":""食材"",""text"":""葵莱""},{""label"":""食材"",""text"":""杏仁""},{""label"":""食材"",""text"":""麻子""},{""label"":""食材"",""text"":""芝麻""},{""label"":""食性"",""text"":""咸平""},{""label"":""食性"",""text"":""酸热""},{""label"":""食性"",""text"":""甘苦温""},{""label"":""食味"",""text"":""甘""},{""label"":""功效"",""text"":""峻补""},{""label"":""功效"",""text"":""温补""},{""label"":""功效"",""text"":""疏利""},{""label"":""功效"",""text"":""通利""},{""label"":""功效"",""text"":""滑利大便""},{""label"":""功效"",""text"":""通便秘""},{""label"":""功效"",""text"":""益脾利胃气滑大肠""},{""label"":""功效"",""text"":""滑肠""},{""label"":""功效"",""text"":""补脏""},{""label"":""功效"",""text"":""扶正通便""},{""label"":""功效"",""text"":""止渴生津""},{""label"":""功效"",""text"":""润肺燥""},{""label"":""功效"",""text"":""消食积""},{""label"":""功效"",""text"":""散滞气""},{""label"":""功效"",""text"":""通大便""},{""label"":""病症"",""text"":""肾虚""},{""label"":""病症"",""text"":""无力""},{""label"":""病症"",""text"":""夜多小溲""},{""label"":""病症"",""text"":""足痿""},{""label"":""病症"",""text"":""喘嗽""},{""label"":""病症"",""text"":""停饮""},{""label"":""病症"",""text"":""痞闷""},{""label"":""病症"",""text"":""脚重""},{""label"":""病症"",""text"":""膝胫转重""},{""label"":""病症"",""text"":""脏腑结燥""},{""label"":""病症"",""text"":""大便秘涩""},{""label"":""病症"",""text"":""便秘""},{""label"":""病症"",""text"":""气秘""},{""label"":""脏腑"",""text"":""肾""},{""label"":""脏腑"",""text"":""心""},{""label"":""脏腑"",""text"":""肺""},{""label"":""脏腑"",""text"":""脬囊""},{""label"":""脏腑"",""text"":""大肠""},{""label"":""食疗方"",""text"":""葵莱血脏羹""},{""label"":""食疗方"",""text"":""杏汤""},{""label"":""食疗方"",""text"":""杏仁板儿""},{""label"":""烹饪方法"",""text"":""炒""},{""label"":""烹饪方法"",""text"":""煮""},{""label"":""禁忌"",""text"":""不可补""},{""label"":""古籍来源"",""text"":""《本草纲目》""},{""label"":""医家"",""text"":""张从正""}]"
106,19,13,18,18,"[{""label"":""古籍来源"",""text"":""《黄帝阴符经》""},{""label"":""古籍来源"",""text"":""《类经》""},{""label"":""医家"",""text"":""张景岳""},{""label"":""养生原则"",""text"":""取法阴阳四时而行""},{""label"":""养生原则"",""text"":""防病延年""},{""label"":""养生原则"",""text"":""顺天之常道""},{""label"":""养生原则"",""text"":""阴阳平秘""},{""label"":""养生原则"",""text"":""五脏和调""},{""label"":""养生原则"",""text"":""气血流畅""},{""label"":""养生原则"",""text"":""阴精上奉""},{""label"":""养生原则"",""text"":""腠理固密""},{""label"":""病症"",""text"":""疾疠""},{""label"":""病症"",""text"":""疾病""},{""label"":""病症"",""text"":""瘟疫""},{""label"":""病症"",""text"":""危瘵""},{""label"":""脏腑"",""text"":""五脏""},{""label"":""养生原则"",""text"":""依四时摄养之方""},{""label"":""养生原则"",""text"":""顺五行休旺之气""}]"
107,14,3,2,2,"[{""label"":""古籍来源"",""text"":""《素问》""},{""label"":""养生原则"",""text"":""执天道生杀之理""}]"
108,87,77,77,77,"[{""label"":""功效"",""text"":""凉血退蒸""},{""label"":""病症"",""text"":""烦渴热""},{""label"":""病症"",""text"":""烦渴不止""},{""label"":""食疗方"",""text"":""大麦汤""},{""label"":""功效"",""text"":""益气生津""},{""label"":""功效"",""text"":""润燥清热调中""},{""label"":""古籍来源"",""text"":""《太平圣惠方》""},{""label"":""食疗方"",""text"":""栝蒌粉方""},{""label"":""功效"",""text"":""清热解毒""},{""label"":""功效"",""text"":""生津止渴""},{""label"":""病症"",""text"":""消渴热中""},{""label"":""食疗方"",""text"":""青豆汤方""},{""label"":""功效"",""text"":""除烦止渴""},{""label"":""病症"",""text"":""肺胃热盛""},{""label"":""病症"",""text"":""心烦欲呕""},{""label"":""食疗方"",""text"":""芦根饮子""},{""label"":""功效"",""text"":""清热生津""},{""label"":""功效"",""text"":""除烦止呕""},{""label"":""病症"",""text"":""消渴壮热""},{""label"":""病症"",""text"":""烦躁不安""},{""label"":""食疗方"",""text"":""青粱米饮方""},{""label"":""功效"",""text"":""补中益气""},{""label"":""功效"",""text"":""除烦止渴""},{""label"":""病症"",""text"":""内热壅盛""},{""label"":""病症"",""text"":""消渴烦热""},{""label"":""病症"",""text"":""心神狂乱""},{""label"":""病症"",""text"":""躁闷不安""},{""label"":""食疗方"",""text"":""冬瓜羹方""},{""label"":""功效"",""text"":""清热解毒""},{""label"":""功效"",""text"":""除烦生津""},{""label"":""病症"",""text"":""吐血""},{""label"":""病症"",""text"":""衄血""},{""label"":""古籍来源"",""text"":""《太平圣惠方》""},{""label"":""食疗方"",""text"":""藕蜜汁方""},{""label"":""功效"",""text"":""凉血散瘀""},{""label"":""功效"",""text"":""清热止渴""},{""label"":""病症"",""text"":""气阴耗伤""},{""label"":""病症"",""text"":""精气亏损""},{""label"":""食疗方"",""text"":""猪肚方""},{""label"":""功效"",""text"":""补益气阴""},{""label"":""功效"",""text"":""生津除烦""},{""label"":""病症"",""text"":""消渴热中""},{""label"":""病症"",""text"":""饮水不止""},{""label"":""病症"",""text"":""小便无度""},{""label"":""病症"",""text"":""烦热""},{""label"":""食疗方"",""text"":""兔头饮""},{""label"":""功效"",""text"":""补气生津""},{""label"":""功效"",""text"":""除烦止渴""},{""label"":""病症"",""text"":""烦渴""},{""label"":""病症"",""text"":""饮水不足""},{""label"":""病症"",""text"":""日渐羸瘦困弱""},{""label"":""食疗方"",""text"":""野鸡臃方""},{""label"":""功效"",""text"":""补中益气""},{""label"":""功效"",""text"":""生津止渴""},{""label"":""病症"",""text"":""脏腑干枯""},{""label"":""食疗方"",""text"":""牛乳方""},{""label"":""功效"",""text"":""益气阴""},{""label"":""功效"",""text"":""补五脏""},{""label"":""功效"",""text"":""润枯燥""},{""label"":""病症"",""text"":""消渴烦闷""},{""label"":""病症"",""text"":""常热""},{""label"":""病症"",""text"":""身体枯燥""},{""label"":""病症"",""text"":""黄瘦""},{""label"":""食疗方"",""text"":""黄雌鸡羹方""},{""label"":""功效"",""text"":""添精补髓""},{""label"":""功效"",""text"":""益气固摄""},{""label"":""功效"",""text"":""和调脏腑""},{""label"":""病症"",""text"":""精损气虚""},{""label"":""病症"",""text"":""烦渴""},{""label"":""病症"",""text"":""小便黄色""},{""label"":""食疗方"",""text"":""鹿头方""},{""label"":""功效"",""text"":""平补精气""},{""label"":""功效"",""text"":""益阳滋阴""},{""label"":""病症"",""text"":""精气虚弱""},{""label"":""病症"",""text"":""消渴""},{""label"":""病症"",""text"":""诸药不瘥""},{""label"":""病症"",""text"":""黄瘦力弱""}]"
109,102,88,83,83,"[{""label"":""病症"",""text"":""风热上攻""},{""label"":""病症"",""text"":""头旋晕闷""},{""label"":""病症"",""text"":""外风走注疼痛""},{""label"":""病症"",""text"":""肠胃有风""},{""label"":""病症"",""text"":""肾脏有风""},{""label"":""病症"",""text"":""老人一切风""},{""label"":""病症"",""text"":""外感之风""},{""label"":""病症"",""text"":""真中之风""},{""label"":""病症"",""text"":""内动之风""},{""label"":""病症"",""text"":""痹痛之风""},{""label"":""病症"",""text"":""惊痫之风""},{""label"":""病症"",""text"":""四时伤寒""},{""label"":""病症"",""text"":""卒中急风""},{""label"":""病症"",""text"":""筋骨之风""},{""label"":""病症"",""text"":""肠寒便白""},{""label"":""病症"",""text"":""脾寒有积""},{""label"":""病症"",""text"":""心脾积热""},{""label"":""病症"",""text"":""流注脚膝疼痛""},{""label"":""病症"",""text"":""上焦客热""},{""label"":""病症"",""text"":""滞痰""},{""label"":""病症"",""text"":""老人痰涎多""},{""label"":""病症"",""text"":""痰厥头痛""},{""label"":""病症"",""text"":""癫痫""},{""label"":""病症"",""text"":""胸闷""},{""label"":""病症"",""text"":""咳逆""},{""label"":""病症"",""text"":""老人一切气闷""},{""label"":""病症"",""text"":""醋心腹胀""},{""label"":""病症"",""text"":""胸膈不利""},{""label"":""病症"",""text"":""积滞癜疲""},{""label"":""病症"",""text"":""元气不足""},{""label"":""病症"",""text"":""心腹诸疾作痛""},{""label"":""病症"",""text"":""气滞""},{""label"":""病症"",""text"":""妇人气瘰""},{""label"":""病症"",""text"":""老人不思饮食""},{""label"":""病症"",""text"":""胸膈走注""},{""label"":""病症"",""text"":""心腹刺痛""},{""label"":""食疗方"",""text"":""旋复花散""},{""label"":""食疗方"",""text"":""羌活丸""},{""label"":""食疗方"",""text"":""七圣散""},{""label"":""食疗方"",""text"":""藁本散""},{""label"":""食疗方"",""text"":""七圣丸""},{""label"":""食疗方"",""text"":""香枳汤""},{""label"":""食疗方"",""text"":""羌活散""},{""label"":""食疗方"",""text"":""乌犀丸""},{""label"":""食疗方"",""text"":""四顺散""},{""label"":""食疗方"",""text"":""香草散""},{""label"":""食疗方"",""text"":""北庭丸""},{""label"":""食疗方"",""text"":""黄芪散""},{""label"":""食疗方"",""text"":""枇杷叶散""},{""label"":""食疗方"",""text"":""人参半夏丸""},{""label"":""食疗方"",""text"":""调中人参木香散""},{""label"":""食疗方"",""text"":""丁香丸""},{""label"":""食疗方"",""text"":""橘皮煮散""},{""label"":""食疗方"",""text"":""匀气散""},{""label"":""食疗方"",""text"":""枳壳木香散""},{""label"":""功效"",""text"":""疏风清热""},{""label"":""功效"",""text"":""化痰降逆""},{""label"":""功效"",""text"":""养阴行血""},{""label"":""功效"",""text"":""搜风胜湿""},{""label"":""功效"",""text"":""益气助阳""},{""label"":""功效"",""text"":""散寒止痛""},{""label"":""功效"",""text"":""滋阴养血""},{""label"":""功效"",""text"":""除烦定惊""},{""label"":""功效"",""text"":""消痰止痛""},{""label"":""功效"",""text"":""熄风开窍""},{""label"":""功效"",""text"":""解表散寒""},{""label"":""功效"",""text"":""平喘止咳""},{""label"":""功效"",""text"":""除风胜湿""},{""label"":""功效"",""text"":""驱寒止痛""},{""label"":""功效"",""text"":""补益肝肾""},{""label"":""功效"",""text"":""强壮筋骨""},{""label"":""功效"",""text"":""益元气""},{""label"":""功效"",""text"":""清虚热""},{""label"":""功效"",""text"":""凉血解毒排脓""},{""label"":""功效"",""text"":""坠痰涎""},{""label"":""功效"",""text"":""和脾胃""},{""label"":""功效"",""text"":""温胃行气""},{""label"":""功效"",""text"":""散瘀软坚""},{""label"":""功效"",""text"":""消积通便""},{""label"":""功效"",""text"":""健脾温中""},{""label"":""功效"",""text"":""行气消积""},{""label"":""功效"",""text"":""散满止痛""},{""label"":""功效"",""text"":""调风顺气""}]"
110,19,19,16,16,"[{""label"":""食材"",""text"":""黄芪""},{""label"":""食味"",""text"":""甘""},{""label"":""食性"",""text"":""微温""},{""label"":""功效"",""text"":""补气固表""},{""label"":""功效"",""text"":""利尿强心""},{""label"":""医家"",""text"":""李时珍""},{""label"":""古籍来源"",""text"":""《本草纲目 .草一 .黄耆》""},{""label"":""食材"",""text"":""童子鸡""},{""label"":""烹饪方法"",""text"":""蒸""},{""label"":""功效"",""text"":""治疗体弱疾病""},{""label"":""食材"",""text"":""葱""},{""label"":""食材"",""text"":""茴香""},{""label"":""食材"",""text"":""酒""},{""label"":""食材"",""text"":""秋油""},{""label"":""食材"",""text"":""脂油""},{""label"":""烹饪方法"",""text"":""煨""}]"
111,11,15,14,14,"[{""label"":""食材"",""text"":""阳羡茶""},{""label"":""食材"",""text"":""雀舌""},{""label"":""食材"",""text"":""洞庭君山茶""},{""label"":""食材"",""text"":""龙井茶""},{""label"":""食材"",""text"":""六安""},{""label"":""食材"",""text"":""银针""},{""label"":""食材"",""text"":""毛尖""},{""label"":""食材"",""text"":""梅片""},{""label"":""食材"",""text"":""安化""},{""label"":""食材"",""text"":""君山茶""},{""label"":""食材"",""text"":""君山银针""},{""label"":""医家"",""text"":""方毓川""},{""label"":""医家"",""text"":""方世俊""},{""label"":""古籍来源"",""text"":""注释""}]"
112,27,15,23,23,"[{""label"":""食材"",""text"":""甲鱼""},{""label"":""烹饪方法"",""text"":""煮""},{""label"":""烹饪方法"",""text"":""去骨""},{""label"":""烹饪方法"",""text"":""起油锅""},{""label"":""烹饪方法"",""text"":""炮炒""},{""label"":""食材"",""text"":""酱水""},{""label"":""食材"",""text"":""葱""},{""label"":""食材"",""text"":""椒""},{""label"":""烹饪方法"",""text"":""收汤成卤""},{""label"":""烹饪方法"",""text"":""起锅""},{""label"":""食材"",""text"":""脂油""},{""label"":""烹饪方法"",""text"":""煎""},{""label"":""食材"",""text"":""水""},{""label"":""食材"",""text"":""秋油""},{""label"":""食材"",""text"":""酒""},{""label"":""烹饪方法"",""text"":""煨""},{""label"":""烹饪方法"",""text"":""武火""},{""label"":""烹饪方法"",""text"":""文火""},{""label"":""食材"",""text"":""蒜""},{""label"":""食材"",""text"":""姜""},{""label"":""食材"",""text"":""糖""},{""label"":""食材"",""text"":""甲鱼""},{""label"":""食材"",""text"":""童子脚鱼""}]"
113,35,27,27,27,"[{""label"":""食材"",""text"":""蘑菇""},{""label"":""食材"",""text"":""莱油""},{""label"":""食材"",""text"":""酒""},{""label"":""食材"",""text"":""鸡""},{""label"":""食材"",""text"":""甜酒""},{""label"":""食材"",""text"":""笋""},{""label"":""食材"",""text"":""葱""},{""label"":""食材"",""text"":""椒""},{""label"":""食材"",""text"":""冰糖""},{""label"":""食材"",""text"":""雏鸡胸肉""},{""label"":""食材"",""text"":""猪油""},{""label"":""食材"",""text"":""麻油""},{""label"":""食材"",""text"":""纤粉""},{""label"":""食材"",""text"":""盐花""},{""label"":""食材"",""text"":""姜汁""},{""label"":""食材"",""text"":""花椒末""},{""label"":""食材"",""text"":""雪梨""},{""label"":""食材"",""text"":""香蕈""},{""label"":""烹饪方法"",""text"":""泡发""},{""label"":""烹饪方法"",""text"":""漂""},{""label"":""烹饪方法"",""text"":""擦""},{""label"":""烹饪方法"",""text"":""爆炒""},{""label"":""烹饪方法"",""text"":""滚煮""},{""label"":""烹饪方法"",""text"":""煨煮""},{""label"":""烹饪方法"",""text"":""炒""},{""label"":""烹饪方法"",""text"":""熬熟""},{""label"":""烹饪方法"",""text"":""盛""}]"
114,9,7,7,7,"[{""label"":""食材"",""text"":""牛肉""},{""label"":""食材"",""text"":""牛舌""},{""label"":""食材"",""text"":""羊""},{""label"":""食材"",""text"":""鹿""},{""label"":""烹饪方法"",""text"":""清煨""},{""label"":""烹饪方法"",""text"":""收汤""},{""label"":""禁忌"",""text"":""不可加别物配搭""}]"
115,14,14,14,14,"[{""label"":""食材"",""text"":""猪肉""},{""label"":""食材"",""text"":""猪头""},{""label"":""食材"",""text"":""甜酒""},{""label"":""食材"",""text"":""葱""},{""label"":""食材"",""text"":""八角""},{""label"":""食材"",""text"":""秋油""},{""label"":""食材"",""text"":""糖""},{""label"":""食材"",""text"":""开水""},{""label"":""食材"",""text"":""八角茴香""},{""label"":""烹饪方法"",""text"":""煮""},{""label"":""烹饪方法"",""text"":""煨""},{""label"":""烹饪方法"",""text"":""蒸""},{""label"":""烹饪方法"",""text"":""焖""},{""label"":""古籍来源"",""text"":""《特牲单》""}]"
116,44,41,39,39,"[{""label"":""食材"",""text"":""燕窝""},{""label"":""食材"",""text"":""泉水""},{""label"":""食材"",""text"":""嫩鸡汤""},{""label"":""食材"",""text"":""火腿汤""},{""label"":""食材"",""text"":""新蘑菇""},{""label"":""食材"",""text"":""肉丝""},{""label"":""食材"",""text"":""鸡丝""},{""label"":""食材"",""text"":""生燕窝""},{""label"":""食材"",""text"":""蘑菇丝""},{""label"":""食材"",""text"":""笄尖丝""},{""label"":""食材"",""text"":""鲫鱼肚""},{""label"":""食材"",""text"":""嫩野鸡片""},{""label"":""食材"",""text"":""冬瓜""},{""label"":""食材"",""text"":""鸡汁""},{""label"":""食材"",""text"":""蘑菇汁""},{""label"":""食材"",""text"":""海参""},{""label"":""食材"",""text"":""小刺参""},{""label"":""食材"",""text"":""肉汤""},{""label"":""食材"",""text"":""鸡肉两汁""},{""label"":""食材"",""text"":""香蕈""},{""label"":""食材"",""text"":""木耳""},{""label"":""食材"",""text"":""芥末""},{""label"":""食材"",""text"":""冷海参丝""},{""label"":""食材"",""text"":""笋丁""},{""label"":""食材"",""text"":""香蕈丁""},{""label"":""食材"",""text"":""鸡汤""},{""label"":""食材"",""text"":""豆腐皮""},{""label"":""食材"",""text"":""鸡腿""},{""label"":""烹饪方法"",""text"":""泡""},{""label"":""烹饪方法"",""text"":""挑""},{""label"":""烹饪方法"",""text"":""烧煮""},{""label"":""烹饪方法"",""text"":""滚泡""},{""label"":""烹饪方法"",""text"":""煨""},{""label"":""烹饪方法"",""text"":""拌""},{""label"":""烹饪方法"",""text"":""切""},{""label"":""禁忌"",""text"":""不可与油腻的食物混杂""},{""label"":""禁忌"",""text"":""不可与质地较硬或带骨头的食物混配""},{""label"":""养生原则"",""text"":""以柔配柔""},{""label"":""养生原则"",""text"":""以清入清""}]"
117,12,9,10,10,"[{""label"":""食材"",""text"":""鲥鱼""},{""label"":""食材"",""text"":""边鱼""},{""label"":""烹饪方法"",""text"":""去鳞""},{""label"":""烹饪方法"",""text"":""蒸""},{""label"":""烹饪方法"",""text"":""煎""},{""label"":""食材"",""text"":""酒""},{""label"":""食材"",""text"":""秋油""},{""label"":""食材"",""text"":""香蕈""},{""label"":""食材"",""text"":""笋尖""},{""label"":""古籍来源"",""text"":""《水族有鳞单》""}]"
118,16,13,10,10,"[{""label"":""食材"",""text"":""麻雀""},{""label"":""食材"",""text"":""鹩鹑""},{""label"":""食材"",""text"":""黄雀""},{""label"":""食味"",""text"":""甘""},{""label"":""食味"",""text"":""鲜""},{""label"":""烹饪方法"",""text"":""煨煮""},{""label"":""烹饪方法"",""text"":""煨""},{""label"":""烹饪方法"",""text"":""炒""},{""label"":""禁忌"",""text"":""不要吃入间豢养的动物""},{""label"":""古籍来源"",""text"":""六合""}]"
119,9,0,0,0,[]
120,22,24,22,22,"[{""label"":""食材"",""text"":""鸡蛋""},{""label"":""食材"",""text"":""蛋清""},{""label"":""食材"",""text"":""鸡汁""},{""label"":""食材"",""text"":""茭瓜""},{""label"":""食材"",""text"":""笋脯""},{""label"":""食材"",""text"":""牛首""},{""label"":""烹饪方法"",""text"":""敲开""},{""label"":""烹饪方法"",""text"":""倒出""},{""label"":""烹饪方法"",""text"":""去掉""},{""label"":""烹饪方法"",""text"":""加入""},{""label"":""烹饪方法"",""text"":""搅拌""},{""label"":""烹饪方法"",""text"":""装回""},{""label"":""烹饪方法"",""text"":""封好""},{""label"":""烹饪方法"",""text"":""蒸熟""},{""label"":""烹饪方法"",""text"":""剥去""},{""label"":""烹饪方法"",""text"":""腌制""},{""label"":""烹饪方法"",""text"":""风干""},{""label"":""烹饪方法"",""text"":""切片""},{""label"":""烹饪方法"",""text"":""制""},{""label"":""烹饪方法"",""text"":""煨""},{""label"":""烹饪方法"",""text"":""僧制""},{""label"":""食味"",""text"":""鲜""}]"
121,11,13,10,10,"[{""label"":""烹饪方法"",""text"":""加热""},{""label"":""烹饪方法"",""text"":""调味""},{""label"":""烹饪方法"",""text"":""爆""},{""label"":""烹饪方法"",""text"":""熘""},{""label"":""烹饪方法"",""text"":""炸""},{""label"":""烹饪方法"",""text"":""炖""},{""label"":""烹饪方法"",""text"":""煨""},{""label"":""烹饪方法"",""text"":""焖""},{""label"":""烹饪方法"",""text"":""熬制""},{""label"":""养生原则"",""text"":""火候有度""}]"
122,18,15,13,13,"[{""label"":""古籍来源"",""text"":""《茶酒单》""},{""label"":""食材"",""text"":""泉水""},{""label"":""食材"",""text"":""河水""},{""label"":""食材"",""text"":""井水""},{""label"":""食材"",""text"":""湖水""},{""label"":""食材"",""text"":""茶叶""},{""label"":""食材"",""text"":""武夷茶""},{""label"":""食材"",""text"":""龙井茶""},{""label"":""食材"",""text"":""常州阳羡茶""},{""label"":""食材"",""text"":""洞庭君山茶""},{""label"":""烹饪方法"",""text"":""泡茶""},{""label"":""烹饪方法"",""text"":""保存""},{""label"":""医家"",""text"":""袁氏""}]"
123,4,0,0,0,[]
124,26,21,21,21,"[{""label"":""食材"",""text"":""鱼翅""},{""label"":""食材"",""text"":""火腿""},{""label"":""食材"",""text"":""鸡汤""},{""label"":""食材"",""text"":""鲜笄""},{""label"":""食材"",""text"":""冰糖""},{""label"":""食材"",""text"":""萝卜丝""},{""label"":""食材"",""text"":""海参""},{""label"":""食材"",""text"":""鳆鱼""},{""label"":""食材"",""text"":""豆腐""},{""label"":""食材"",""text"":""鸭""},{""label"":""烹饪方法"",""text"":""煮""},{""label"":""烹饪方法"",""text"":""煨""},{""label"":""烹饪方法"",""text"":""炒""},{""label"":""烹饪方法"",""text"":""削片""},{""label"":""烹饪方法"",""text"":""焯""},{""label"":""病症"",""text"":""生硬""},{""label"":""病症"",""text"":""硬直""},{""label"":""医家"",""text"":""吴道士""},{""label"":""医家"",""text"":""郭耕礼""},{""label"":""医家"",""text"":""杨中丞""},{""label"":""医家"",""text"":""庄太守""}]"
125,24,23,20,20,"[{""label"":""食材"",""text"":""山药""},{""label"":""食材"",""text"":""腐皮""},{""label"":""烹饪方法"",""text"":""煮""},{""label"":""烹饪方法"",""text"":""煎""},{""label"":""食材"",""text"":""秋油""},{""label"":""食材"",""text"":""酒""},{""label"":""食材"",""text"":""糖""},{""label"":""食材"",""text"":""瓜姜""},{""label"":""食材"",""text"":""珍珠菜""},{""label"":""食材"",""text"":""豆腐""},{""label"":""食材"",""text"":""猪油""},{""label"":""食材"",""text"":""盐花""},{""label"":""食材"",""text"":""甜酒""},{""label"":""食材"",""text"":""大虾米""},{""label"":""食材"",""text"":""小虾米""},{""label"":""烹饪方法"",""text"":""熬""},{""label"":""烹饪方法"",""text"":""滚泡""},{""label"":""烹饪方法"",""text"":""滚""},{""label"":""烹饪方法"",""text"":""起锅""},{""label"":""古籍来源"",""text"":""《素莱单》""}]"
126,11,32,11,11,"[{""label"":""食材"",""text"":""葱""},{""label"":""食材"",""text"":""笋""},{""label"":""食材"",""text"":""椒""},{""label"":""食材"",""text"":""豆粉""},{""label"":""食材"",""text"":""肉""},{""label"":""烹饪方法"",""text"":""切""},{""label"":""烹饪方法"",""text"":""捣""},{""label"":""烹饪方法"",""text"":""煎""},{""label"":""烹饪方法"",""text"":""炒""},{""label"":""烹饪方法"",""text"":""作羹""},{""label"":""古籍来源"",""text"":""《论语.卫灵公》""}]"
127,28,19,23,23,"[{""label"":""食材"",""text"":""蛏""},{""label"":""食材"",""text"":""五花肉""},{""label"":""食材"",""text"":""车螯""},{""label"":""食材"",""text"":""麻油""},{""label"":""食材"",""text"":""秋油""},{""label"":""食材"",""text"":""豆腐""},{""label"":""食材"",""text"":""猪油""},{""label"":""食材"",""text"":""鸡汤""},{""label"":""食材"",""text"":""蛏干""},{""label"":""食材"",""text"":""虾饼""},{""label"":""食材"",""text"":""蚶干""},{""label"":""烹饪方法"",""text"":""炒""},{""label"":""烹饪方法"",""text"":""煮""},{""label"":""烹饪方法"",""text"":""煨""},{""label"":""烹饪方法"",""text"":""煎制""},{""label"":""烹饪方法"",""text"":""泡""},{""label"":""烹饪方法"",""text"":""滚水煮""},{""label"":""烹饪方法"",""text"":""捶烂""},{""label"":""烹饪方法"",""text"":""晒""},{""label"":""烹饪方法"",""text"":""发""},{""label"":""烹饪方法"",""text"":""焖""},{""label"":""烹饪方法"",""text"":""烹煮""},{""label"":""医家"",""text"":""程泽弓""}]"
128,6,0,0,0,[]
129,1,0,0,0,[]
130,16,16,16,16,"[{""label"":""食材"",""text"":""鳗鱼""},{""label"":""食材"",""text"":""河鳗""},{""label"":""食材"",""text"":""秋油""},{""label"":""食材"",""text"":""葱""},{""label"":""食材"",""text"":""姜""},{""label"":""食材"",""text"":""芡粉""},{""label"":""食材"",""text"":""山药""},{""label"":""烹饪方法"",""text"":""清煨""},{""label"":""烹饪方法"",""text"":""煨""},{""label"":""烹饪方法"",""text"":""蒸""},{""label"":""烹饪方法"",""text"":""红煨""},{""label"":""禁忌"",""text"":""最忌剔出骨头烹制""},{""label"":""禁忌"",""text"":""不可去鳞""},{""label"":""医家"",""text"":""顾比部""},{""label"":""医家"",""text"":""袁致华""},{""label"":""古籍来源"",""text"":""译文1""}]"
131,29,26,29,29,"[{""label"":""食材"",""text"":""甲鱼""},{""label"":""食材"",""text"":""裙""},{""label"":""食材"",""text"":""鳗鱼""},{""label"":""食材"",""text"":""河鳗""},{""label"":""食材"",""text"":""秋油""},{""label"":""食材"",""text"":""冬腌新芥菜""},{""label"":""食材"",""text"":""葱""},{""label"":""食材"",""text"":""姜""},{""label"":""食材"",""text"":""纤粉""},{""label"":""食材"",""text"":""山药""},{""label"":""食材"",""text"":""酒""},{""label"":""食材"",""text"":""水""},{""label"":""食材"",""text"":""桂""},{""label"":""食材"",""text"":""鲥鱼""},{""label"":""烹饪方法"",""text"":""煨""},{""label"":""烹饪方法"",""text"":""蒸""},{""label"":""烹饪方法"",""text"":""斩""},{""label"":""烹饪方法"",""text"":""洗""},{""label"":""烹饪方法"",""text"":""去""},{""label"":""烹饪方法"",""text"":""摆布""},{""label"":""烹饪方法"",""text"":""起锅""},{""label"":""烹饪方法"",""text"":""干煨""},{""label"":""烹饪方法"",""text"":""蒸""},{""label"":""烹饪方法"",""text"":""煨烂""},{""label"":""烹饪方法"",""text"":""杀""},{""label"":""烹饪方法"",""text"":""兑""},{""label"":""烹饪方法"",""text"":""起笼""},{""label"":""医家"",""text"":""袁氏""},{""label"":""古籍来源"",""text"":""《水族无鳞单》""}]"
132,20,11,10,10,"[{""label"":""食材"",""text"":""瓢莱心""},{""label"":""食材"",""text"":""菠菜""},{""label"":""食材"",""text"":""豆腐""},{""label"":""食材"",""text"":""笋尖""},{""label"":""食材"",""text"":""香蕈""},{""label"":""烹饪方法"",""text"":""炒""},{""label"":""烹饪方法"",""text"":""煮""},{""label"":""食疗方"",""text"":""金镶自玉板""},{""label"":""医家"",""text"":""壬孟亭""},{""label"":""医家"",""text"":""壬箴舆""}]"
133,43,32,40,40,"[{""label"":""古籍来源"",""text"":""袁氏《点心单》""},{""label"":""食材"",""text"":""栗""},{""label"":""食材"",""text"":""纯糯粉""},{""label"":""食材"",""text"":""糖""},{""label"":""食材"",""text"":""瓜仁""},{""label"":""食材"",""text"":""松子""},{""label"":""食味"",""text"":""咸""},{""label"":""食味"",""text"":""甜""},{""label"":""食材"",""text"":""韭菜""},{""label"":""食材"",""text"":""肉""},{""label"":""食材"",""text"":""面皮""},{""label"":""食材"",""text"":""油""},{""label"":""食材"",""text"":""酥""},{""label"":""食材"",""text"":""鸡豆""},{""label"":""食材"",""text"":""微粉""},{""label"":""食材"",""text"":""鸡蛋清""},{""label"":""食材"",""text"":""飞面""},{""label"":""食材"",""text"":""冰糖""},{""label"":""食材"",""text"":""松仁屑子""},{""label"":""食材"",""text"":""胡桃仁""},{""label"":""食材"",""text"":""糖屑""},{""label"":""食材"",""text"":""脂油""},{""label"":""食材"",""text"":""面""},{""label"":""食材"",""text"":""芝麻""},{""label"":""食材"",""text"":""奶酥""},{""label"":""烹饪方法"",""text"":""蒸""},{""label"":""烹饪方法"",""text"":""煮""},{""label"":""烹饪方法"",""text"":""包""},{""label"":""烹饪方法"",""text"":""灼""},{""label"":""烹饪方法"",""text"":""研碎""},{""label"":""烹饪方法"",""text"":""烘""},{""label"":""烹饪方法"",""text"":""炙""},{""label"":""烹饪方法"",""text"":""和""},{""label"":""烹饪方法"",""text"":""罗""},{""label"":""食疗方"",""text"":""粉衣""},{""label"":""食疗方"",""text"":""韭合""},{""label"":""食疗方"",""text"":""杨中丞西洋饼""},{""label"":""食疗方"",""text"":""烧饼""},{""label"":""食疗方"",""text"":""陶方伯十景点心""},{""label"":""医家"",""text"":""袁氏""}]"
134,16,17,14,14,"[{""label"":""医家"",""text"":""郭璞""},{""label"":""食材"",""text"":""刀鱼""},{""label"":""食材"",""text"":""蜜酒""},{""label"":""食材"",""text"":""清酱""},{""label"":""烹饪方法"",""text"":""蒸""},{""label"":""烹饪方法"",""text"":""刮""},{""label"":""烹饪方法"",""text"":""抽""},{""label"":""食材"",""text"":""火腿汤""},{""label"":""食材"",""text"":""鸡汤""},{""label"":""食材"",""text"":""笄汤""},{""label"":""烹饪方法"",""text"":""煨""},{""label"":""烹饪方法"",""text"":""煎""},{""label"":""烹饪方法"",""text"":""切""},{""label"":""古籍来源"",""text"":""江赋""}]"
135,11,5,5,5,"[{""label"":""食材"",""text"":""糯米""},{""label"":""古籍来源"",""text"":""《周官》""},{""label"":""医家"",""text"":""郑康成""},{""label"":""医家"",""text"":""郑玄""},{""label"":""古籍来源"",""text"":""《周礼.天官.酒正》""}]"
136,20,18,18,18,"[{""label"":""食材"",""text"":""鸡""},{""label"":""食材"",""text"":""鸭""},{""label"":""食材"",""text"":""猪""},{""label"":""食材"",""text"":""鹅""},{""label"":""食材"",""text"":""腰子""},{""label"":""食材"",""text"":""鸡蛋""},{""label"":""食材"",""text"":""鲜鱼""},{""label"":""食材"",""text"":""蚶""},{""label"":""食材"",""text"":""蛤""},{""label"":""食味"",""text"":""咸""},{""label"":""食味"",""text"":""淡""},{""label"":""烹饪方法"",""text"":""煎""},{""label"":""烹饪方法"",""text"":""炒""},{""label"":""烹饪方法"",""text"":""煨""},{""label"":""烹饪方法"",""text"":""煮""},{""label"":""古籍来源"",""text"":""《须知单》""},{""label"":""古籍来源"",""text"":""《随园食单》""},{""label"":""医家"",""text"":""袁氏""}]"
137,10,12,10,10,"[{""label"":""食材"",""text"":""燕窝""},{""label"":""食材"",""text"":""海参""},{""label"":""食材"",""text"":""鱼翅""},{""label"":""食材"",""text"":""鹿筋""},{""label"":""食材"",""text"":""鸭""},{""label"":""食材"",""text"":""鱼""},{""label"":""食材"",""text"":""鳗""},{""label"":""食材"",""text"":""韭""},{""label"":""食材"",""text"":""莱""},{""label"":""食材"",""text"":""鳖""}]"
138,18,14,12,12,"[{""label"":""食材"",""text"":""猪油""},{""label"":""食材"",""text"":""燕窝""},{""label"":""食材"",""text"":""豆腐""},{""label"":""食材"",""text"":""海菜""},{""label"":""食材"",""text"":""蔬笋""},{""label"":""食材"",""text"":""鸡""},{""label"":""食材"",""text"":""猪""},{""label"":""食材"",""text"":""鱼""},{""label"":""食材"",""text"":""鸭""},{""label"":""食材"",""text"":""海参""},{""label"":""烹饪方法"",""text"":""熬""},{""label"":""烹饪方法"",""text"":""煮""}]"
139,5,0,0,0,[]
140,13,9,10,10,"[{""label"":""食材"",""text"":""鱼""},{""label"":""食材"",""text"":""鳗""},{""label"":""食材"",""text"":""韭""},{""label"":""食材"",""text"":""莱""},{""label"":""食材"",""text"":""葱""},{""label"":""食材"",""text"":""椒""},{""label"":""烹饪方法"",""text"":""切""},{""label"":""烹饪方法"",""text"":""捣""},{""label"":""古籍来源"",""text"":""《内则》""},{""label"":""古籍来源"",""text"":""《随园食单》""}]"
141,86,66,74,74,"[{""label"":""食材"",""text"":""菱实""},{""label"":""食材"",""text"":""蜜""},{""label"":""食材"",""text"":""姜""},{""label"":""食材"",""text"":""荔枝""},{""label"":""食味"",""text"":""甘""},{""label"":""食味"",""text"":""微酸""},{""label"":""食性"",""text"":""温""},{""label"":""功效"",""text"":""主烦渴""},{""label"":""功效"",""text"":""美颜色""},{""label"":""功效"",""text"":""通神健""},{""label"":""功效"",""text"":""益人""},{""label"":""功效"",""text"":""解丹石毒""},{""label"":""功效"",""text"":""消瘤赘""},{""label"":""功效"",""text"":""治心痛""},{""label"":""病症"",""text"":""赤胂""},{""label"":""烹饪方法"",""text"":""烧""},{""label"":""食材"",""text"":""酒""},{""label"":""病症"",""text"":""小肠气""},{""label"":""食材"",""text"":""圆眼""},{""label"":""食味"",""text"":""甘""},{""label"":""食性"",""text"":""平""},{""label"":""功效"",""text"":""主五脏邪气""},{""label"":""功效"",""text"":""安志""},{""label"":""功效"",""text"":""压食""},{""label"":""功效"",""text"":""除蛊毒""},{""label"":""功效"",""text"":""轻身不老""},{""label"":""功效"",""text"":""通神明""},{""label"":""食材"",""text"":""松子""},{""label"":""食味"",""text"":""甘""},{""label"":""食性"",""text"":""温""},{""label"":""功效"",""text"":""主风寒气""},{""label"":""功效"",""text"":""虚羸少气""},{""label"":""功效"",""text"":""补不足""},{""label"":""食材"",""text"":""海松子""},{""label"":""功效"",""text"":""主骨节风""},{""label"":""功效"",""text"":""头眩""},{""label"":""功效"",""text"":""去死肌白发""},{""label"":""功效"",""text"":""散水气""},{""label"":""功效"",""text"":""润五脏""},{""label"":""食材"",""text"":""榛子""},{""label"":""食味"",""text"":""甘""},{""label"":""食性"",""text"":""平""},{""label"":""功效"",""text"":""益气力""},{""label"":""功效"",""text"":""实肠胃""},{""label"":""功效"",""text"":""调中""},{""label"":""功效"",""text"":""不饥""},{""label"":""功效"",""text"":""健行""},{""label"":""食材"",""text"":""槟榔""},{""label"":""食味"",""text"":""辛""},{""label"":""食性"",""text"":""温""},{""label"":""功效"",""text"":""消谷逐水""},{""label"":""功效"",""text"":""除痰癖""},{""label"":""功效"",""text"":""泄满""},{""label"":""功效"",""text"":""下气""},{""label"":""功效"",""text"":""宜脏腑壅滞""},{""label"":""功效"",""text"":""坠诸药下行""},{""label"":""功效"",""text"":""杀三虫""},{""label"":""禁忌"",""text"":""多食伤真气""},{""label"":""食材"",""text"":""葫酱叶""},{""label"":""食材"",""text"":""蚬灰""},{""label"":""病症"",""text"":""吐红""},{""label"":""食材"",""text"":""黄精""},{""label"":""食味"",""text"":""甘""},{""label"":""食性"",""text"":""平""},{""label"":""功效"",""text"":""补中益气""},{""label"":""功效"",""text"":""除风湿""},{""label"":""功效"",""text"":""益脾润肺""},{""label"":""烹饪方法"",""text"":""九蒸九暴""},{""label"":""禁忌"",""text"":""多食令脏腑冷""},{""label"":""禁忌"",""text"":""损阳气""},{""label"":""禁忌"",""text"":""阴不强""},{""label"":""禁忌"",""text"":""不益脾""},{""label"":""禁忌"",""text"":""且难化""},{""label"":""功效"",""text"":""长生""}]"
142,96,88,96,96,"[{""label"":""食材"",""text"":""白马肉""},{""label"":""食味"",""text"":""辛苦""},{""label"":""食性"",""text"":""冷""},{""label"":""功效"",""text"":""主热下气""},{""label"":""功效"",""text"":""长筋""},{""label"":""功效"",""text"":""强腰脊""},{""label"":""功效"",""text"":""强志""},{""label"":""功效"",""text"":""轻身不饥""},{""label"":""食材"",""text"":""茎""},{""label"":""食味"",""text"":""咸""},{""label"":""食性"",""text"":""平""},{""label"":""功效"",""text"":""无毒""},{""label"":""功效"",""text"":""主伤中绝脉""},{""label"":""病症"",""text"":""男子阴痿不起""},{""label"":""功效"",""text"":""坚长""},{""label"":""功效"",""text"":""益气""},{""label"":""功效"",""text"":""长肌肉""},{""label"":""功效"",""text"":""肥健生子""},{""label"":""病症"",""text"":""小儿惊痫""},{""label"":""食材"",""text"":""肺""},{""label"":""食性"",""text"":""寒""},{""label"":""脏腑"",""text"":""心""},{""label"":""功效"",""text"":""主喜志""},{""label"":""病症"",""text"":""痢""},{""label"":""食材"",""text"":""眼""},{""label"":""病症"",""text"":""惊痼""},{""label"":""病症"",""text"":""腹满""},{""label"":""病症"",""text"":""疟疾""},{""label"":""食材"",""text"":""悬蹄""},{""label"":""病症"",""text"":""惊邪""},{""label"":""病症"",""text"":""瘼疯""},{""label"":""病症"",""text"":""乳难""},{""label"":""病症"",""text"":""衄血""},{""label"":""病症"",""text"":""内漏崩""},{""label"":""功效"",""text"":""辟恶气鬼毒""},{""label"":""功效"",""text"":""蛊疰不祥""},{""label"":""食材"",""text"":""齿""},{""label"":""病症"",""text"":""小儿马痫""},{""label"":""烹饪方法"",""text"":""水磨服""},{""label"":""食材"",""text"":""头骨""},{""label"":""功效"",""text"":""令人不睡""},{""label"":""食材"",""text"":""髻毛""},{""label"":""病症"",""text"":""女子崩中赤自""},{""label"":""食材"",""text"":""膏""},{""label"":""功效"",""text"":""主生发""},{""label"":""食材"",""text"":""脯""},{""label"":""食材"",""text"":""溺""},{""label"":""食味"",""text"":""辛""},{""label"":""食性"",""text"":""微寒""},{""label"":""功效"",""text"":""主消渴""},{""label"":""功效"",""text"":""破癜坚积聚""},{""label"":""病症"",""text"":""男子伏梁积疝""},{""label"":""病症"",""text"":""妇人疲疾""},{""label"":""烹饪方法"",""text"":""铜器盛饮之""},{""label"":""病症"",""text"":""鳖疲""},{""label"":""病症"",""text"":""头疮自秃""},{""label"":""食材"",""text"":""屎""},{""label"":""食材"",""text"":""马通""},{""label"":""食性"",""text"":""微温""},{""label"":""功效"",""text"":""主妇人崩中""},{""label"":""功效"",""text"":""止渴""},{""label"":""功效"",""text"":""吐下血""},{""label"":""病症"",""text"":""鼻衄""},{""label"":""病症"",""text"":""金创""},{""label"":""功效"",""text"":""止血""},{""label"":""食材"",""text"":""肝""},{""label"":""食性"",""text"":""大毒""},{""label"":""禁忌"",""text"":""食而死者多矣""},{""label"":""禁忌"",""text"":""食马留肝""},{""label"":""食材"",""text"":""马肉""},{""label"":""食材"",""text"":""苍耳""},{""label"":""食材"",""text"":""生姜""},{""label"":""禁忌"",""text"":""不可与仓米同食""},{""label"":""食材"",""text"":""仓米""},{""label"":""禁忌"",""text"":""自马黑蹄""},{""label"":""禁忌"",""text"":""头青蹄黑""},{""label"":""禁忌"",""text"":""脊而斑""},{""label"":""食材"",""text"":""牝马""},{""label"":""食材"",""text"":""豹肉""},{""label"":""食味"",""text"":""酸""},{""label"":""食性"",""text"":""平""},{""label"":""功效"",""text"":""无毒""},{""label"":""功效"",""text"":""主安五脏""},{""label"":""功效"",""text"":""补绝伤""},{""label"":""功效"",""text"":""轻身益气""},{""label"":""功效"",""text"":""久服利人""},{""label"":""功效"",""text"":""耐寒暑""},{""label"":""食材"",""text"":""脂""},{""label"":""烹饪方法"",""text"":""合生发膏""},{""label"":""食材"",""text"":""齿骨""},{""label"":""食材"",""text"":""象肉""},{""label"":""食味"",""text"":""淡""},{""label"":""禁忌"",""text"":""多食令人体重""},{""label"":""食材"",""text"":""牙""},{""label"":""功效"",""text"":""无毒""},{""label"":""功效"",""text"":""主诸铁及杂物""}]"
143,63,86,62,63,"[{""label"":""食材"",""text"":""水芹""},{""label"":""食材"",""text"":""荞莱""},{""label"":""食味"",""text"":""甘""},{""label"":""食味"",""text"":""苦""},{""label"":""食性"",""text"":""大寒""},{""label"":""病症"",""text"":""时行壮热""},{""label"":""病症"",""text"":""风热毒""},{""label"":""病症"",""text"":""热毒痢""},{""label"":""功效"",""text"":""开胃通膈""},{""label"":""病症"",""text"":""小儿热""},{""label"":""食材"",""text"":""茼蒿""},{""label"":""食性"",""text"":""平""},{""label"":""功效"",""text"":""安气""},{""label"":""功效"",""text"":""养脾胃""},{""label"":""功效"",""text"":""消水饮""},{""label"":""禁忌"",""text"":""多食动风气薰心""},{""label"":""禁忌"",""text"":""令气满""},{""label"":""食材"",""text"":""蕨""},{""label"":""食味"",""text"":""甘""},{""label"":""食性"",""text"":""寒滑""},{""label"":""功效"",""text"":""去暴热""},{""label"":""功效"",""text"":""利水道""},{""label"":""功效"",""text"":""令人睡""},{""label"":""食性"",""text"":""寒""},{""label"":""功效"",""text"":""补五脏不足""},{""label"":""病症"",""text"":""气壅经络""},{""label"":""病症"",""text"":""筋骨间青气""},{""label"":""禁忌"",""text"":""令人消阳事""},{""label"":""禁忌"",""text"":""令眼暗""},{""label"":""禁忌"",""text"":""鼻中塞""},{""label"":""禁忌"",""text"":""发落""},{""label"":""古籍来源"",""text"":""《搜神记》""},{""label"":""食材"",""text"":""茭白""},{""label"":""食味"",""text"":""甘""},{""label"":""功效"",""text"":""去烦热""},{""label"":""功效"",""text"":""主五脏邪气""},{""label"":""病症"",""text"":""肠胃痼热""},{""label"":""病症"",""text"":""心胸浮热""},{""label"":""病症"",""text"":""消渴""},{""label"":""功效"",""text"":""利小便""},{""label"":""禁忌"",""text"":""多食令人下焦冷""},{""label"":""禁忌"",""text"":""发冷气""},{""label"":""禁忌"",""text"":""伤阻道""},{""label"":""禁忌"",""text"":""不可同蜜食""},{""label"":""食材"",""text"":""紫菜""},{""label"":""食味"",""text"":""甘""},{""label"":""食性"",""text"":""寒""},{""label"":""功效"",""text"":""下热解烦""},{""label"":""病症"",""text"":""瘿瘤结气""},{""label"":""禁忌"",""text"":""不可多食""},{""label"":""禁忌"",""text"":""令人腹痛""},{""label"":""食材"",""text"":""鹿角莱""},{""label"":""食性"",""text"":""大寒""},{""label"":""功效"",""text"":""下热风气""},{""label"":""病症"",""text"":""小儿骨蒸""},{""label"":""功效"",""text"":""解面热""},{""label"":""禁忌"",""text"":""不可久食""},{""label"":""禁忌"",""text"":""发痼疾""},{""label"":""禁忌"",""text"":""损经络血气""},{""label"":""禁忌"",""text"":""令脚冷痹""},{""label"":""禁忌"",""text"":""损腰肾""},{""label"":""禁忌"",""text"":""少颜色""},{""label"":""食材"",""text"":""薹菹""}]"
144,57,37,55,55,"[{""label"":""食性"",""text"":""平""},{""label"":""功效"",""text"":""益脾胃""},{""label"":""食材"",""text"":""昌侯鱼""},{""label"":""食味"",""text"":""甘""},{""label"":""食性"",""text"":""平""},{""label"":""功效"",""text"":""益气肥健""},{""label"":""禁忌"",""text"":""有毒""},{""label"":""禁忌"",""text"":""令人痢下""},{""label"":""食材"",""text"":""鲸鱼""},{""label"":""食性"",""text"":""平""},{""label"":""功效"",""text"":""补五脏""},{""label"":""功效"",""text"":""益筋骨""},{""label"":""功效"",""text"":""和脾胃""},{""label"":""食材"",""text"":""嘉鱼""},{""label"":""食味"",""text"":""甘""},{""label"":""食性"",""text"":""温""},{""label"":""功效"",""text"":""令人肥健悦泽""},{""label"":""功效"",""text"":""益人""},{""label"":""食材"",""text"":""鸟贼鱼""},{""label"":""食味"",""text"":""咸""},{""label"":""食性"",""text"":""平""},{""label"":""功效"",""text"":""主益气强志""},{""label"":""功效"",""text"":""通月经""},{""label"":""古籍来源"",""text"":""《素问》""},{""label"":""食材"",""text"":""章举鱼""},{""label"":""食材"",""text"":""石矩""},{""label"":""食材"",""text"":""黄颊鱼""},{""label"":""食味"",""text"":""甘""},{""label"":""食性"",""text"":""平""},{""label"":""功效"",""text"":""醒酒""},{""label"":""功效"",""text"":""不益人""},{""label"":""功效"",""text"":""能祛风""},{""label"":""食材"",""text"":""比目鱼""},{""label"":""食性"",""text"":""平""},{""label"":""功效"",""text"":""补虚""},{""label"":""功效"",""text"":""益气力""},{""label"":""禁忌"",""text"":""多食稍动气""},{""label"":""食材"",""text"":""鲺鱼""},{""label"":""食材"",""text"":""邵阳鱼""},{""label"":""功效"",""text"":""主瘴疟""},{""label"":""禁忌"",""text"":""有毒""},{""label"":""禁忌"",""text"":""人犯之至死""},{""label"":""食材"",""text"":""艄鱼""},{""label"":""食味"",""text"":""甘""},{""label"":""食性"",""text"":""平""},{""label"":""功效"",""text"":""主五野鸡痔下血""},{""label"":""病症"",""text"":""瘀血""},{""label"":""食材"",""text"":""鳢鱼""},{""label"":""食材"",""text"":""肝""},{""label"":""功效"",""text"":""主恶疮癣疥""},{""label"":""古籍来源"",""text"":""《诗》""},{""label"":""食材"",""text"":""鲨鱼""},{""label"":""功效"",""text"":""补五脏""},{""label"":""功效"",""text"":""主蛊气蛊疰""},{""label"":""食材"",""text"":""鲛鱼""}]"
145,2,0,0,0,[]
146,89,73,89,89,"[{""label"":""病症"",""text"":""脚痹""},{""label"":""病症"",""text"":""破癀疲结血""},{""label"":""禁忌"",""text"":""多食损阻气""},{""label"":""病症"",""text"":""发疮""},{""label"":""病症"",""text"":""口齿痛""},{""label"":""病症"",""text"":""生腹中诸虫""},{""label"":""食材"",""text"":""董莱""},{""label"":""食味"",""text"":""甘""},{""label"":""食性"",""text"":""寒""},{""label"":""功效"",""text"":""无毒""},{""label"":""功效"",""text"":""主蛇蝎毒及痈肿""},{""label"":""功效"",""text"":""除心烦热""},{""label"":""禁忌"",""text"":""令人身体懈堕多睡""},{""label"":""食味"",""text"":""苦""},{""label"":""功效"",""text"":""主寒热""},{""label"":""食材"",""text"":""苜蓿""},{""label"":""食味"",""text"":""甘""},{""label"":""食味"",""text"":""淡""},{""label"":""功效"",""text"":""利大小肠""},{""label"":""烹饪方法"",""text"":""煮羹""},{""label"":""功效"",""text"":""益人""},{""label"":""食材"",""text"":""落葵""},{""label"":""食味"",""text"":""酸""},{""label"":""食性"",""text"":""寒""},{""label"":""功效"",""text"":""无毒""},{""label"":""功效"",""text"":""主滑中""},{""label"":""功效"",""text"":""散热""},{""label"":""功效"",""text"":""主悦泽人面""},{""label"":""病症"",""text"":""犬咬""},{""label"":""禁忌"",""text"":""终身不差""},{""label"":""食材"",""text"":""秦荻梨""},{""label"":""食味"",""text"":""辛""},{""label"":""食性"",""text"":""温""},{""label"":""功效"",""text"":""无毒""},{""label"":""功效"",""text"":""主心腹冷胀""},{""label"":""功效"",""text"":""下气消食""},{""label"":""功效"",""text"":""破气""},{""label"":""食材"",""text"":""甘蓝""},{""label"":""食性"",""text"":""平""},{""label"":""功效"",""text"":""补骨髓""},{""label"":""功效"",""text"":""利脏腑并关节""},{""label"":""功效"",""text"":""通经络中结气""},{""label"":""功效"",""text"":""明耳目""},{""label"":""功效"",""text"":""健人少睡""},{""label"":""功效"",""text"":""益心力""},{""label"":""功效"",""text"":""壮筋骨""},{""label"":""病症"",""text"":""黄毒""},{""label"":""烹饪方法"",""text"":""煮作菹""},{""label"":""功效"",""text"":""去心结火气""},{""label"":""食材"",""text"":""翘摇莱""},{""label"":""食味"",""text"":""辛""},{""label"":""食性"",""text"":""平""},{""label"":""功效"",""text"":""无毒""},{""label"":""功效"",""text"":""主破血""},{""label"":""功效"",""text"":""止血生肌""},{""label"":""功效"",""text"":""主五种黄病""},{""label"":""烹饪方法"",""text"":""煮热""},{""label"":""功效"",""text"":""益人""},{""label"":""功效"",""text"":""和五脏""},{""label"":""功效"",""text"":""明耳目""},{""label"":""功效"",""text"":""去热风""},{""label"":""功效"",""text"":""令人轻健""},{""label"":""食材"",""text"":""荏莱""},{""label"":""食味"",""text"":""辛""},{""label"":""食性"",""text"":""温""},{""label"":""功效"",""text"":""无毒""},{""label"":""功效"",""text"":""主调中""},{""label"":""功效"",""text"":""去臭气""},{""label"":""功效"",""text"":""主咳逆下气""},{""label"":""功效"",""text"":""温中补体""},{""label"":""烹饪方法"",""text"":""榨油""},{""label"":""功效"",""text"":""止渴润肺""},{""label"":""食材"",""text"":""萝勒菜""},{""label"":""食味"",""text"":""辛""},{""label"":""食性"",""text"":""温""},{""label"":""功效"",""text"":""微毒""},{""label"":""功效"",""text"":""调中消食""},{""label"":""功效"",""text"":""去恶气""},{""label"":""功效"",""text"":""消水气""},{""label"":""禁忌"",""text"":""多食壅关节""},{""label"":""禁忌"",""text"":""涩荣卫""},{""label"":""禁忌"",""text"":""令血脉不行""},{""label"":""禁忌"",""text"":""动风""},{""label"":""禁忌"",""text"":""发脚气""},{""label"":""病症"",""text"":""齿根烂疮""},{""label"":""功效"",""text"":""主目翳""},{""label"":""病症"",""text"":""风赤眵泪""},{""label"":""功效"",""text"":""主小儿黄烂疮""},{""label"":""医家"",""text"":""丹溪""}]"
147,74,79,64,64,"[{""label"":""食材"",""text"":""龟""},{""label"":""食材"",""text"":""蛙""},{""label"":""食材"",""text"":""蛤蚧""},{""label"":""食材"",""text"":""水母""},{""label"":""食材"",""text"":""鲮鱼""},{""label"":""食材"",""text"":""贝子""},{""label"":""食材"",""text"":""鼋""},{""label"":""食材"",""text"":""鼍肉""},{""label"":""食材"",""text"":""玳瑁""},{""label"":""食材"",""text"":""海蛤""},{""label"":""食材"",""text"":""虾蟆""},{""label"":""食味"",""text"":""咸""},{""label"":""食味"",""text"":""甘""},{""label"":""食味"",""text"":""辛""},{""label"":""食性"",""text"":""寒""},{""label"":""食性"",""text"":""平""},{""label"":""功效"",""text"":""补阴""},{""label"":""功效"",""text"":""去瘀血""},{""label"":""功效"",""text"":""续筋骨""},{""label"":""功效"",""text"":""补阴血亏""},{""label"":""功效"",""text"":""补心""},{""label"":""功效"",""text"":""主飞尸蛊毒""},{""label"":""功效"",""text"":""止痛""},{""label"":""功效"",""text"":""主久肺劳""},{""label"":""功效"",""text"":""传尸""},{""label"":""功效"",""text"":""杀鬼邪""},{""label"":""功效"",""text"":""疗嗽""},{""label"":""功效"",""text"":""下淋""},{""label"":""功效"",""text"":""通水道""},{""label"":""功效"",""text"":""主生气""},{""label"":""功效"",""text"":""主五邪惊啼悲伤""},{""label"":""功效"",""text"":""疗蚁瘘""},{""label"":""功效"",""text"":""主目翳""},{""label"":""功效"",""text"":""下血""},{""label"":""功效"",""text"":""利水道""},{""label"":""功效"",""text"":""解肌""},{""label"":""功效"",""text"":""明目去热毒""},{""label"":""功效"",""text"":""补虚""},{""label"":""功效"",""text"":""主少气""},{""label"":""功效"",""text"":""主解百药毒""},{""label"":""功效"",""text"":""主效逆上气""},{""label"":""功效"",""text"":""疗阴痿""},{""label"":""功效"",""text"":""主邪气""},{""label"":""功效"",""text"":""破癀坚血""},{""label"":""病症"",""text"":""劳倦""},{""label"":""病症"",""text"":""蛊毒""},{""label"":""病症"",""text"":""瘴疟""},{""label"":""病症"",""text"":""肌疮脐伤""},{""label"":""病症"",""text"":""妇人劳损""},{""label"":""病症"",""text"":""血带""},{""label"":""病症"",""text"":""小儿风疾""},{""label"":""病症"",""text"":""丹毒""},{""label"":""病症"",""text"":""鬼疰""},{""label"":""病症"",""text"":""腹痛""},{""label"":""病症"",""text"":""五癃""},{""label"":""病症"",""text"":""结热""},{""label"":""病症"",""text"":""喘息烦满""},{""label"":""病症"",""text"":""胸膈寒热""},{""label"":""病症"",""text"":""痈肿阴疮""},{""label"":""烹饪方法"",""text"":""腌""},{""label"":""烹饪方法"",""text"":""炙""},{""label"":""烹饪方法"",""text"":""酒食""},{""label"":""禁忌"",""text"":""有毒""},{""label"":""禁忌"",""text"":""小毒""}]"
148,54,51,54,54,"[{""label"":""食材"",""text"":""决明莱""},{""label"":""功效"",""text"":""明目清心""},{""label"":""病症"",""text"":""头眩风""},{""label"":""食味"",""text"":""甘""},{""label"":""食性"",""text"":""温""},{""label"":""食材"",""text"":""芎苗""},{""label"":""食味"",""text"":""辛""},{""label"":""食性"",""text"":""温""},{""label"":""功效"",""text"":""主咳逆""},{""label"":""功效"",""text"":""定惊风""},{""label"":""功效"",""text"":""辟邪恶""},{""label"":""功效"",""text"":""除蛊毒鬼疰""},{""label"":""功效"",""text"":""去三虫""},{""label"":""功效"",""text"":""久服通神""},{""label"":""食材"",""text"":""禅@莱""},{""label"":""食味"",""text"":""辛""},{""label"":""食材"",""text"":""荇莱""},{""label"":""烹饪方法"",""text"":""淹""},{""label"":""食材"",""text"":""羊蹄菜""},{""label"":""食味"",""text"":""苦""},{""label"":""食性"",""text"":""寒""},{""label"":""功效"",""text"":""治疬疡风""},{""label"":""病症"",""text"":""大便卒涩结不通""},{""label"":""病症"",""text"":""喉@痹卒不能语""},{""label"":""病症"",""text"":""肠风痔泻血""},{""label"":""病症"",""text"":""产后风""},{""label"":""烹饪方法"",""text"":""煎""},{""label"":""古籍来源"",""text"":""《诗》""},{""label"":""食材"",""text"":""葫翥@""},{""label"":""食味"",""text"":""辛""},{""label"":""食性"",""text"":""寒""},{""label"":""病症"",""text"":""消渴""},{""label"":""烹饪方法"",""text"":""捣碎""},{""label"":""烹饪方法"",""text"":""煮""},{""label"":""烹饪方法"",""text"":""为茹""},{""label"":""食材"",""text"":""地蚕""},{""label"":""烹饪方法"",""text"":""瀹""},{""label"":""食材"",""text"":""假苏""},{""label"":""食味"",""text"":""辛""},{""label"":""食性"",""text"":""温""},{""label"":""功效"",""text"":""主除寒热""},{""label"":""病症"",""text"":""鼠瘘瘰疬""},{""label"":""病症"",""text"":""生疮""},{""label"":""功效"",""text"":""破结聚气""},{""label"":""功效"",""text"":""下瘀血""},{""label"":""功效"",""text"":""除湿痹""},{""label"":""功效"",""text"":""辟邪气""},{""label"":""功效"",""text"":""通利血脉""},{""label"":""脏腑"",""text"":""五脏""},{""label"":""功效"",""text"":""发汗""},{""label"":""病症"",""text"":""渴消""},{""label"":""功效"",""text"":""除冷风""},{""label"":""病症"",""text"":""头风眩晕""},{""label"":""病症"",""text"":""妇人血风""}]"
149,29,13,11,11,"[{""label"":""古籍来源"",""text"":""政和本草""},{""label"":""古籍来源"",""text"":""食物本草""},{""label"":""医家"",""text"":""李杲""},{""label"":""医家"",""text"":""李肘珍""},{""label"":""医家"",""text"":""姚可成""},{""label"":""医家"",""text"":""卢和""},{""label"":""医家"",""text"":""朱丹溪""},{""label"":""医家"",""text"":""程充""},{""label"":""古籍来源"",""text"":""丹溪纂要""},{""label"":""古籍来源"",""text"":""格致余论""},{""label"":""古籍来源"",""text"":""丹溪心法""}]"
150,84,90,82,82,"[{""label"":""食材"",""text"":""葱""},{""label"":""食材"",""text"":""蔓菁""},{""label"":""食材"",""text"":""菘莱""},{""label"":""食材"",""text"":""芥莱""},{""label"":""食味"",""text"":""辛""},{""label"":""食味"",""text"":""甘""},{""label"":""食性"",""text"":""温""},{""label"":""食性"",""text"":""寒""},{""label"":""归经"",""text"":""归鼻""},{""label"":""功效"",""text"":""益瞳精""},{""label"":""功效"",""text"":""杀百药毒""},{""label"":""功效"",""text"":""通大小肠""},{""label"":""功效"",""text"":""疗霍乱转筋""},{""label"":""功效"",""text"":""奔豚气""},{""label"":""功效"",""text"":""脚气""},{""label"":""功效"",""text"":""心腹痛""},{""label"":""功效"",""text"":""目眩及心迷闷""},{""label"":""功效"",""text"":""止衄""},{""label"":""功效"",""text"":""杀一切鱼肉毒""},{""label"":""功效"",""text"":""治打扑损并刀杖疮""},{""label"":""功效"",""text"":""贴蛇虫伤""},{""label"":""功效"",""text"":""治蚯蚓毒""},{""label"":""功效"",""text"":""发散""},{""label"":""功效"",""text"":""利五脏""},{""label"":""功效"",""text"":""消食益气""},{""label"":""功效"",""text"":""令人肥健""},{""label"":""功效"",""text"":""利肠胃""},{""label"":""功效"",""text"":""除烦""},{""label"":""功效"",""text"":""解酒渴""},{""label"":""功效"",""text"":""去鱼腥""},{""label"":""功效"",""text"":""消食下气""},{""label"":""功效"",""text"":""治瘴""},{""label"":""功效"",""text"":""止热嗽胸膈闷""},{""label"":""功效"",""text"":""行风气""},{""label"":""功效"",""text"":""去邪热""},{""label"":""功效"",""text"":""除肾邪""},{""label"":""功效"",""text"":""利九窍""},{""label"":""功效"",""text"":""明耳目""},{""label"":""功效"",""text"":""安中""},{""label"":""功效"",""text"":""除邪气""},{""label"":""功效"",""text"":""止咳嗽冷气""},{""label"":""功效"",""text"":""去头面风""},{""label"":""功效"",""text"":""发汗""},{""label"":""功效"",""text"":""治骨节痛""},{""label"":""病症"",""text"":""皮肤风痒""},{""label"":""病症"",""text"":""恶疮""},{""label"":""病症"",""text"":""水肿""},{""label"":""病症"",""text"":""射工""},{""label"":""病症"",""text"":""疰气""},{""label"":""病症"",""text"":""疝气""},{""label"":""病症"",""text"":""胸膈痰冷""},{""label"":""病症"",""text"":""面黄""},{""label"":""病症"",""text"":""游肿""},{""label"":""禁忌"",""text"":""忌与蜜同食""},{""label"":""禁忌"",""text"":""多食昏人神""},{""label"":""禁忌"",""text"":""不益人""},{""label"":""禁忌"",""text"":""食之觉冷""},{""label"":""禁忌"",""text"":""夏至前食""},{""label"":""禁忌"",""text"":""动气发病""},{""label"":""禁忌"",""text"":""服甘草勿食""},{""label"":""禁忌"",""text"":""令病不愈""},{""label"":""禁忌"",""text"":""北人往南患足疾者勿食""},{""label"":""禁忌"",""text"":""多食动风气""},{""label"":""禁忌"",""text"":""发丹石""},{""label"":""禁忌"",""text"":""不可同兔肉食""},{""label"":""烹饪方法"",""text"":""研""},{""label"":""烹饪方法"",""text"":""糟食""},{""label"":""烹饪方法"",""text"":""和药为膏""},{""label"":""烹饪方法"",""text"":""为末""},{""label"":""烹饪方法"",""text"":""敷""},{""label"":""医家"",""text"":""丹溪""},{""label"":""食材"",""text"":""姜""},{""label"":""食材"",""text"":""猪胆""},{""label"":""食材"",""text"":""青芥""},{""label"":""食材"",""text"":""胡葱""},{""label"":""食材"",""text"":""汉葱""},{""label"":""食材"",""text"":""楼葱""},{""label"":""食材"",""text"":""龙角葱""},{""label"":""食材"",""text"":""紫花菘""},{""label"":""食材"",""text"":""牛肚菘""},{""label"":""食材"",""text"":""紫菘""},{""label"":""食材"",""text"":""自菘""}]"
151,55,38,54,54,"[{""label"":""食材"",""text"":""鹳""},{""label"":""食味"",""text"":""咸""},{""label"":""食性"",""text"":""平""},{""label"":""功效"",""text"":""无毒""},{""label"":""病症"",""text"":""头风眩""},{""label"":""病症"",""text"":""颠倒痫疾""},{""label"":""食材"",""text"":""鹘鹇""},{""label"":""食材"",""text"":""鸠""},{""label"":""食味"",""text"":""咸""},{""label"":""食性"",""text"":""平""},{""label"":""功效"",""text"":""无毒""},{""label"":""功效"",""text"":""助气益脾胃""},{""label"":""烹饪方法"",""text"":""煮""},{""label"":""烹饪方法"",""text"":""炙""},{""label"":""食材"",""text"":""啄木鸟""},{""label"":""食性"",""text"":""平""},{""label"":""功效"",""text"":""无毒""},{""label"":""病症"",""text"":""痔瘘""},{""label"":""烹饪方法"",""text"":""烧""},{""label"":""病症"",""text"":""牙齿疳璧""},{""label"":""烹饪方法"",""text"":""烧""},{""label"":""食材"",""text"":""黄鸟""},{""label"":""食味"",""text"":""甘""},{""label"":""食性"",""text"":""温""},{""label"":""功效"",""text"":""补阳益脾""},{""label"":""食材"",""text"":""天鹅""},{""label"":""食味"",""text"":""甘""},{""label"":""食性"",""text"":""平""},{""label"":""功效"",""text"":""无毒""},{""label"":""烹饪方法"",""text"":""腌""},{""label"":""烹饪方法"",""text"":""炙""},{""label"":""食材"",""text"":""绒毛""},{""label"":""病症"",""text"":""刀杖疮""},{""label"":""食材"",""text"":""鹬""},{""label"":""食性"",""text"":""暖""},{""label"":""功效"",""text"":""补虚""},{""label"":""食材"",""text"":""鹗""},{""label"":""烹饪方法"",""text"":""炙""},{""label"":""病症"",""text"":""鼠瘘""},{""label"":""食材"",""text"":""目""},{""label"":""功效"",""text"":""令人夜中见物""},{""label"":""食材"",""text"":""百舌""},{""label"":""病症"",""text"":""虫咬""},{""label"":""烹饪方法"",""text"":""炙""},{""label"":""病症"",""text"":""小儿久不语""},{""label"":""食材"",""text"":""鹭鸶""},{""label"":""食味"",""text"":""咸""},{""label"":""食性"",""text"":""平""},{""label"":""功效"",""text"":""无毒""},{""label"":""病症"",""text"":""瘦虚""},{""label"":""功效"",""text"":""益脾补气""},{""label"":""烹饪方法"",""text"":""炙""},{""label"":""古籍来源"",""text"":""《本草》""},{""label"":""古籍来源"",""text"":""《淮南子》""}]"
152,74,65,71,74,"[{""label"":""食材"",""text"":""葱""},{""label"":""食材"",""text"":""川鸟""},{""label"":""食材"",""text"":""红豆""},{""label"":""食材"",""text"":""姜汁""},{""label"":""食材"",""text"":""浮饭""},{""label"":""食材"",""text"":""蓼汁""},{""label"":""食材"",""text"":""麸面""},{""label"":""食材"",""text"":""红曲""},{""label"":""食材"",""text"":""檀香""},{""label"":""食材"",""text"":""枸杞""},{""label"":""食材"",""text"":""菊花""},{""label"":""食材"",""text"":""葡萄""},{""label"":""食材"",""text"":""桑椹""},{""label"":""食材"",""text"":""狗肉""},{""label"":""食材"",""text"":""黑豆""},{""label"":""食材"",""text"":""乳""},{""label"":""食材"",""text"":""牛肉""},{""label"":""食味"",""text"":""辛""},{""label"":""食味"",""text"":""酸""},{""label"":""食性"",""text"":""热""},{""label"":""食性"",""text"":""温""},{""label"":""食性"",""text"":""寒""},{""label"":""功效"",""text"":""解毒""},{""label"":""功效"",""text"":""破血""},{""label"":""功效"",""text"":""杀毒""},{""label"":""功效"",""text"":""疗打扑伤""},{""label"":""功效"",""text"":""补虚损""},{""label"":""功效"",""text"":""去劳热""},{""label"":""功效"",""text"":""长肌肉""},{""label"":""功效"",""text"":""益颜色""},{""label"":""功效"",""text"":""肥健人""},{""label"":""功效"",""text"":""止肝虚且泪""},{""label"":""功效"",""text"":""清头风""},{""label"":""功效"",""text"":""明耳目""},{""label"":""功效"",""text"":""去痿痹""},{""label"":""功效"",""text"":""开胃健脾""},{""label"":""功效"",""text"":""暖阴起阳""},{""label"":""功效"",""text"":""消百病""},{""label"":""功效"",""text"":""补气调中""},{""label"":""功效"",""text"":""补五脏""},{""label"":""功效"",""text"":""大补""},{""label"":""功效"",""text"":""疗男妇诸风""},{""label"":""功效"",""text"":""产后一切恶疾""},{""label"":""病症"",""text"":""头痛""},{""label"":""病症"",""text"":""口渴""},{""label"":""病症"",""text"":""脚气""},{""label"":""病症"",""text"":""肠风下血""},{""label"":""病症"",""text"":""痔瘘""},{""label"":""病症"",""text"":""哮喘""},{""label"":""病症"",""text"":""劾嗽""},{""label"":""病症"",""text"":""蛊""},{""label"":""病症"",""text"":""阴虚""},{""label"":""病症"",""text"":""冷病""},{""label"":""病症"",""text"":""气急""},{""label"":""病症"",""text"":""腹内生虫""},{""label"":""病症"",""text"":""湿中""},{""label"":""病症"",""text"":""发热""},{""label"":""病症"",""text"":""相火""},{""label"":""病症"",""text"":""痰""},{""label"":""脏腑"",""text"":""肺""},{""label"":""食疗方"",""text"":""豆淋酒""},{""label"":""食疗方"",""text"":""暹罗酒""},{""label"":""烹饪方法"",""text"":""造""},{""label"":""烹饪方法"",""text"":""酿""},{""label"":""烹饪方法"",""text"":""拌""},{""label"":""烹饪方法"",""text"":""炒""},{""label"":""烹饪方法"",""text"":""淋""},{""label"":""禁忌"",""text"":""南人多不宜也""},{""label"":""禁忌"",""text"":""酒不可与乳同饮""},{""label"":""禁忌"",""text"":""白酒同牛肉食""},{""label"":""养生原则"",""text"":""醇酒宜冷饮""},{""label"":""养生原则"",""text"":""先得温中之寒以润""},{""label"":""医家"",""text"":""丹溪""},{""label"":""古籍来源"",""text"":""《事林广记》""}]"
153,115,123,112,112,"[{""label"":""食材"",""text"":""榫柿""},{""label"":""食材"",""text"":""绿柿""},{""label"":""食性"",""text"":""寒""},{""label"":""功效"",""text"":""去胃热""},{""label"":""功效"",""text"":""压丹石药""},{""label"":""功效"",""text"":""利水""},{""label"":""功效"",""text"":""解酒毒""},{""label"":""医家"",""text"":""丹溪""},{""label"":""食材"",""text"":""柿""},{""label"":""功效"",""text"":""止血治嗽""},{""label"":""禁忌"",""text"":""同蟹食即腹痛大泻""},{""label"":""食材"",""text"":""桃""},{""label"":""食味"",""text"":""甘酸""},{""label"":""食性"",""text"":""热""},{""label"":""禁忌"",""text"":""微毒""},{""label"":""功效"",""text"":""益色辟邪""},{""label"":""禁忌"",""text"":""发丹石毒""},{""label"":""禁忌"",""text"":""多食令人有热""},{""label"":""禁忌"",""text"":""服术人忌食""},{""label"":""禁忌"",""text"":""不可与鳖同食""},{""label"":""禁忌"",""text"":""食之浴水成淋病""},{""label"":""食材"",""text"":""仁""},{""label"":""食味"",""text"":""苦甘""},{""label"":""食性"",""text"":""平""},{""label"":""归经"",""text"":""手足厥阴经""},{""label"":""功效"",""text"":""主瘀血血闭""},{""label"":""功效"",""text"":""血结血燥""},{""label"":""功效"",""text"":""癜疲邪气""},{""label"":""功效"",""text"":""杀小虫""},{""label"":""功效"",""text"":""通润大便""},{""label"":""功效"",""text"":""除卒暴击血""},{""label"":""功效"",""text"":""通月水""},{""label"":""功效"",""text"":""止痛""},{""label"":""功效"",""text"":""苦以破滞血""},{""label"":""功效"",""text"":""甘以生新血""},{""label"":""食材"",""text"":""花""},{""label"":""食味"",""text"":""苦""},{""label"":""功效"",""text"":""杀疰恶鬼""},{""label"":""功效"",""text"":""令人好颜色""},{""label"":""功效"",""text"":""除水肿石淋""},{""label"":""功效"",""text"":""利大小便""},{""label"":""功效"",""text"":""杀三虫""},{""label"":""烹饪方法"",""text"":""酒浸""},{""label"":""功效"",""text"":""除百病""},{""label"":""食材"",""text"":""桃枭""},{""label"":""食材"",""text"":""桃实""},{""label"":""功效"",""text"":""主杀百鬼精物""},{""label"":""功效"",""text"":""五毒不祥""},{""label"":""功效"",""text"":""疗中恶腹痛""},{""label"":""功效"",""text"":""破血""},{""label"":""病症"",""text"":""吐血""},{""label"":""烹饪方法"",""text"":""烧灰存性""},{""label"":""烹饪方法"",""text"":""米汤调服""},{""label"":""食材"",""text"":""桃虫""},{""label"":""功效"",""text"":""杀鬼邪恶不祥""},{""label"":""食材"",""text"":""叶""},{""label"":""食味"",""text"":""苦""},{""label"":""功效"",""text"":""主除尸虫""},{""label"":""功效"",""text"":""出疮中虫""},{""label"":""食材"",""text"":""桃胶""},{""label"":""功效"",""text"":""下石淋""},{""label"":""功效"",""text"":""破血""},{""label"":""烹饪方法"",""text"":""炼""},{""label"":""功效"",""text"":""保中不饥""},{""label"":""功效"",""text"":""轻身""},{""label"":""功效"",""text"":""忍风寒""},{""label"":""食材"",""text"":""茎与皮""},{""label"":""食味"",""text"":""苦辛""},{""label"":""功效"",""text"":""除邪鬼中恶腹痛""},{""label"":""功效"",""text"":""去胃中热""},{""label"":""食材"",""text"":""杏""},{""label"":""食味"",""text"":""甘酸""},{""label"":""食性"",""text"":""热""},{""label"":""禁忌"",""text"":""有毒""},{""label"":""禁忌"",""text"":""多食伤筋骨""},{""label"":""禁忌"",""text"":""伤神""},{""label"":""禁忌"",""text"":""盲目""},{""label"":""禁忌"",""text"":""小儿尤不可食""},{""label"":""禁忌"",""text"":""致疡痈及上膈热""},{""label"":""食材"",""text"":""仁""},{""label"":""食味"",""text"":""甘苦""},{""label"":""食性"",""text"":""温""},{""label"":""禁忌"",""text"":""有小毒""},{""label"":""归经"",""text"":""手太阴经""},{""label"":""功效"",""text"":""主咳逆""},{""label"":""病症"",""text"":""上气雷鸣""},{""label"":""病症"",""text"":""喉痹""},{""label"":""功效"",""text"":""下气定喘""},{""label"":""功效"",""text"":""润心肺""},{""label"":""功效"",""text"":""散肺经风寒咳嗽""},{""label"":""功效"",""text"":""消心下急满痛""},{""label"":""功效"",""text"":""散结润燥""},{""label"":""功效"",""text"":""产乳金疮""},{""label"":""病症"",""text"":""寒心奔豚""},{""label"":""医家"",""text"":""丹溪""},{""label"":""医家"",""text"":""东垣""},{""label"":""食材"",""text"":""花""},{""label"":""食味"",""text"":""苦""},{""label"":""功效"",""text"":""主补不足""},{""label"":""病症"",""text"":""女子伤中""},{""label"":""病症"",""text"":""寒热痹""},{""label"":""病症"",""text"":""厥逆""},{""label"":""食材"",""text"":""石榴""},{""label"":""食味"",""text"":""酸""},{""label"":""禁忌"",""text"":""无毒""},{""label"":""功效"",""text"":""主疗咽燥渴""},{""label"":""禁忌"",""text"":""多食损人肺""},{""label"":""禁忌"",""text"":""齿令黑""},{""label"":""食材"",""text"":""榫""},{""label"":""食材"",""text"":""柿""},{""label"":""食材"",""text"":""实似柿而青""},{""label"":""功效"",""text"":""汁可制漆""}]"
154,96,100,96,96,"[{""label"":""食材"",""text"":""饭""},{""label"":""食材"",""text"":""蕹""},{""label"":""食材"",""text"":""甜瓜""},{""label"":""食性"",""text"":""寒""},{""label"":""食味"",""text"":""甘""},{""label"":""功效"",""text"":""止渴""},{""label"":""功效"",""text"":""除烦热""},{""label"":""功效"",""text"":""利小便""},{""label"":""功效"",""text"":""通三焦壅塞气""},{""label"":""病症"",""text"":""中暑气""},{""label"":""病症"",""text"":""口鼻疮""},{""label"":""禁忌"",""text"":""多食令阴下湿痒生疮""},{""label"":""禁忌"",""text"":""动宿冷病""},{""label"":""病症"",""text"":""虚热""},{""label"":""病症"",""text"":""手脚无力""},{""label"":""禁忌"",""text"":""破腹落水沉者""},{""label"":""禁忌"",""text"":""双顶双蒂者""},{""label"":""禁忌"",""text"":""有毒""},{""label"":""禁忌"",""text"":""切不可食""},{""label"":""食材"",""text"":""瓜蒂""},{""label"":""功效"",""text"":""主身面四肢浮肿""},{""label"":""功效"",""text"":""下水""},{""label"":""功效"",""text"":""杀蛊毒""},{""label"":""病症"",""text"":""咳逆上气""},{""label"":""病症"",""text"":""风痫喉风""},{""label"":""病症"",""text"":""痰涎暴塞""},{""label"":""病症"",""text"":""食诸果病在胸腹中""},{""label"":""功效"",""text"":""吐下之""},{""label"":""功效"",""text"":""去鼻中息肉""},{""label"":""功效"",""text"":""疗黄疸""},{""label"":""病症"",""text"":""暴急黄""},{""label"":""食材"",""text"":""花""},{""label"":""功效"",""text"":""主心痛咳逆""},{""label"":""食材"",""text"":""黄瓜""},{""label"":""食味"",""text"":""甘""},{""label"":""食性"",""text"":""寒""},{""label"":""禁忌"",""text"":""有毒""},{""label"":""禁忌"",""text"":""不可多食""},{""label"":""禁忌"",""text"":""动蹇热""},{""label"":""禁忌"",""text"":""多疟疾""},{""label"":""禁忌"",""text"":""发百病""},{""label"":""禁忌"",""text"":""积瘀热""},{""label"":""禁忌"",""text"":""发疰气""},{""label"":""禁忌"",""text"":""令人虚热上逆""},{""label"":""禁忌"",""text"":""发脚气疮疥""},{""label"":""禁忌"",""text"":""不益人""},{""label"":""禁忌"",""text"":""小儿尤忌""},{""label"":""禁忌"",""text"":""滑中生疳虫""},{""label"":""禁忌"",""text"":""不可与醋同食""},{""label"":""食材"",""text"":""丝瓜""},{""label"":""古籍来源"",""text"":""《本草》""},{""label"":""病症"",""text"":""痘疮""},{""label"":""病症"",""text"":""脚痈""},{""label"":""烹饪方法"",""text"":""烧灰""},{""label"":""食性"",""text"":""冷""},{""label"":""功效"",""text"":""解毒""},{""label"":""烹饪方法"",""text"":""煮""},{""label"":""食材"",""text"":""姜""},{""label"":""食材"",""text"":""醋""},{""label"":""烹饪方法"",""text"":""炒""},{""label"":""食材"",""text"":""鸡""},{""label"":""食材"",""text"":""鸭""},{""label"":""食材"",""text"":""猪肉""},{""label"":""食材"",""text"":""瓠子""},{""label"":""食性"",""text"":""寒""},{""label"":""禁忌"",""text"":""有毒""},{""label"":""功效"",""text"":""主大水面目四肢浮肿""},{""label"":""功效"",""text"":""下水""},{""label"":""功效"",""text"":""令人吐""},{""label"":""食性"",""text"":""冷""},{""label"":""禁忌"",""text"":""无毒""},{""label"":""禁忌"",""text"":""微毒""},{""label"":""功效"",""text"":""除烦止渴""},{""label"":""功效"",""text"":""治心热""},{""label"":""功效"",""text"":""利水道""},{""label"":""功效"",""text"":""调心肺""},{""label"":""功效"",""text"":""治石淋""},{""label"":""功效"",""text"":""吐蛔虫""},{""label"":""功效"",""text"":""压丹石""},{""label"":""病症"",""text"":""脚气虚胀""},{""label"":""病症"",""text"":""冷气""},{""label"":""禁忌"",""text"":""食之病增""},{""label"":""食材"",""text"":""葫芦""},{""label"":""食材"",""text"":""莼""},{""label"":""食性"",""text"":""寒""},{""label"":""禁忌"",""text"":""无毒""},{""label"":""功效"",""text"":""主消渴热脾""},{""label"":""食材"",""text"":""鲫鱼""},{""label"":""烹饪方法"",""text"":""作羹""},{""label"":""功效"",""text"":""下水""},{""label"":""功效"",""text"":""利小便""},{""label"":""功效"",""text"":""解百药毒""},{""label"":""功效"",""text"":""下气止呕""},{""label"":""禁忌"",""text"":""其性滑不益脾""},{""label"":""禁忌"",""text"":""多食发痔""},{""label"":""禁忌"",""text"":""损胃及齿发面色""}]"
155,114,105,95,95,"[{""label"":""食材"",""text"":""白狗""},{""label"":""食材"",""text"":""黄狗""},{""label"":""食材"",""text"":""犬肉""},{""label"":""食材"",""text"":""山狗獾""},{""label"":""食材"",""text"":""猪肉""},{""label"":""食材"",""text"":""豚卵""},{""label"":""食材"",""text"":""悬蹄""},{""label"":""食材"",""text"":""心""},{""label"":""食材"",""text"":""肚""},{""label"":""食材"",""text"":""肺""},{""label"":""食材"",""text"":""肝""},{""label"":""食材"",""text"":""肾""},{""label"":""食材"",""text"":""脾""},{""label"":""食材"",""text"":""舌""},{""label"":""食材"",""text"":""头""},{""label"":""食材"",""text"":""脑""},{""label"":""食材"",""text"":""脂膏""},{""label"":""食材"",""text"":""皮""},{""label"":""食材"",""text"":""肠脏""},{""label"":""食性"",""text"":""微寒""},{""label"":""食性"",""text"":""温""},{""label"":""食性"",""text"":""微温""},{""label"":""食味"",""text"":""苦""},{""label"":""食味"",""text"":""甘""},{""label"":""功效"",""text"":""大补""},{""label"":""功效"",""text"":""补阳""},{""label"":""功效"",""text"":""主闭血脉""},{""label"":""功效"",""text"":""弱筋骨""},{""label"":""功效"",""text"":""主惊痫癫病""},{""label"":""功效"",""text"":""奔豚五癃""},{""label"":""功效"",""text"":""邪气挛缩""},{""label"":""功效"",""text"":""主五痔""},{""label"":""功效"",""text"":""伏热在肠""},{""label"":""功效"",""text"":""肠痈内蚀""},{""label"":""功效"",""text"":""主伤挞""},{""label"":""功效"",""text"":""诸败疮""},{""label"":""功效"",""text"":""下乳汁""},{""label"":""功效"",""text"":""主惊邪忧恚""},{""label"":""功效"",""text"":""血不足""},{""label"":""功效"",""text"":""补虚劳""},{""label"":""功效"",""text"":""补中益气""},{""label"":""功效"",""text"":""止渴利""},{""label"":""功效"",""text"":""主骨蒸热劳""},{""label"":""功效"",""text"":""杀劳虫""},{""label"":""功效"",""text"":""补羸""},{""label"":""功效"",""text"":""助血脉""},{""label"":""功效"",""text"":""止痢""},{""label"":""功效"",""text"":""补肺""},{""label"":""功效"",""text"":""主脚气""},{""label"":""功效"",""text"":""冷泄赤白""},{""label"":""功效"",""text"":""藏虚""},{""label"":""功效"",""text"":""和理肾气""},{""label"":""功效"",""text"":""通利膀胱""},{""label"":""功效"",""text"":""消积滞""},{""label"":""功效"",""text"":""主脾胃虚热""},{""label"":""功效"",""text"":""健脾""},{""label"":""功效"",""text"":""补不足""},{""label"":""功效"",""text"":""令人能食""},{""label"":""功效"",""text"":""补虚乏""},{""label"":""功效"",""text"":""去惊痫五痔""},{""label"":""功效"",""text"":""主生发""},{""label"":""功效"",""text"":""主恶疮""},{""label"":""功效"",""text"":""利血脉""},{""label"":""功效"",""text"":""解风热""},{""label"":""功效"",""text"":""皮肤风热""},{""label"":""功效"",""text"":""解斑蝥""},{""label"":""功效"",""text"":""芫菁毒""},{""label"":""功效"",""text"":""杀虫""},{""label"":""功效"",""text"":""解少阴客热""},{""label"":""功效"",""text"":""润燥除烦""},{""label"":""功效"",""text"":""益气断痢""},{""label"":""功效"",""text"":""主下焦虚""},{""label"":""病症"",""text"":""女子带下十二疾""},{""label"":""病症"",""text"":""阴虚发热""},{""label"":""病症"",""text"":""消渴""},{""label"":""病症"",""text"":""阴虚""},{""label"":""病症"",""text"":""疟病""},{""label"":""病症"",""text"":""金疮""},{""label"":""病症"",""text"":""热风""},{""label"":""病症"",""text"":""鬼疰蛊毒""},{""label"":""脏腑"",""text"":""肝""},{""label"":""脏腑"",""text"":""肾""},{""label"":""禁忌"",""text"":""妊娠勿食""},{""label"":""禁忌"",""text"":""不可炙食""},{""label"":""禁忌"",""text"":""不可与蒜同食""},{""label"":""禁忌"",""text"":""顿损人""},{""label"":""禁忌"",""text"":""不可同牛肉煮食""},{""label"":""禁忌"",""text"":""同荞麦食""},{""label"":""禁忌"",""text"":""不可同茱萸食""},{""label"":""禁忌"",""text"":""不可同白花莱食""},{""label"":""禁忌"",""text"":""不可同鱼子食""},{""label"":""禁忌"",""text"":""冬不可食""},{""label"":""禁忌"",""text"":""忌食鸟梅""},{""label"":""烹饪方法"",""text"":""煮""},{""label"":""食材"",""text"":""米粉""}]"
156,63,54,61,61,"[{""label"":""食材"",""text"":""桑耳""},{""label"":""食味"",""text"":""甘""},{""label"":""食性"",""text"":""有毒""},{""label"":""病症"",""text"":""女子赤白带下""},{""label"":""病症"",""text"":""癜癜""},{""label"":""病症"",""text"":""阴痛""},{""label"":""病症"",""text"":""阴阳寒热""},{""label"":""病症"",""text"":""无子""},{""label"":""病症"",""text"":""月水不调""},{""label"":""功效"",""text"":""止泄""},{""label"":""功效"",""text"":""益气""},{""label"":""食材"",""text"":""黄熟白者""},{""label"":""功效"",""text"":""治癖饮积聚""},{""label"":""食性"",""text"":""寒""},{""label"":""食性"",""text"":""无毒""},{""label"":""病症"",""text"":""消渴""},{""label"":""食味"",""text"":""甘辛""},{""label"":""食性"",""text"":""温""},{""label"":""食性"",""text"":""微毒""},{""label"":""功效"",""text"":""止肠风泻血""},{""label"":""病症"",""text"":""妇人心腹痛""},{""label"":""病症"",""text"":""五痔""},{""label"":""食材"",""text"":""柘木上者""},{""label"":""食材"",""text"":""桑槐耳""},{""label"":""病症"",""text"":""五痔心痛""},{""label"":""病症"",""text"":""女子阴中疮痛""},{""label"":""功效"",""text"":""治风破血""},{""label"":""功效"",""text"":""益力""},{""label"":""食材"",""text"":""楮耳""},{""label"":""食材"",""text"":""榆柳耳""},{""label"":""食材"",""text"":""蒌蒿""},{""label"":""食味"",""text"":""甘辛""},{""label"":""食材"",""text"":""莪蒿""},{""label"":""食材"",""text"":""邪蒿""},{""label"":""食材"",""text"":""苦莱""},{""label"":""食味"",""text"":""苦""},{""label"":""食性"",""text"":""褰""},{""label"":""食性"",""text"":""无毒""},{""label"":""脏腑"",""text"":""五脏""},{""label"":""病症"",""text"":""邪气""},{""label"":""病症"",""text"":""谷胃痹""},{""label"":""病症"",""text"":""肠癖""},{""label"":""病症"",""text"":""渴热中疾""},{""label"":""病症"",""text"":""恶疮""},{""label"":""功效"",""text"":""安心益气""},{""label"":""功效"",""text"":""聪察少卧""},{""label"":""功效"",""text"":""轻身耐老""},{""label"":""功效"",""text"":""耐饥""},{""label"":""古籍来源"",""text"":""《月令》""},{""label"":""食材"",""text"":""马兰""},{""label"":""食味"",""text"":""辛""},{""label"":""食性"",""text"":""温""},{""label"":""食材"",""text"":""蘩蒌""},{""label"":""食味"",""text"":""酸""},{""label"":""食性"",""text"":""气平""},{""label"":""食性"",""text"":""无毒""},{""label"":""病症"",""text"":""积年恶疮不愈""},{""label"":""功效"",""text"":""破血""},{""label"":""病症"",""text"":""淋""},{""label"":""烹饪方法"",""text"":""煮""},{""label"":""食材"",""text"":""鸡肠草""}]"
157,95,71,94,94,"[{""label"":""古籍来源"",""text"":""《衍义》""},{""label"":""食材"",""text"":""鸡""},{""label"":""病症"",""text"":""风""},{""label"":""食材"",""text"":""鹜""},{""label"":""食材"",""text"":""肪""},{""label"":""食味"",""text"":""甘""},{""label"":""功效"",""text"":""无毒""},{""label"":""病症"",""text"":""风虚寒热""},{""label"":""古籍来源"",""text"":""《礼》""},{""label"":""食材"",""text"":""野鸭""},{""label"":""食材"",""text"":""凫""},{""label"":""食材"",""text"":""鹜""},{""label"":""古籍来源"",""text"":""《别录》""},{""label"":""食材"",""text"":""鸭肪""},{""label"":""病症"",""text"":""水肿""},{""label"":""医家"",""text"":""陶隐居""},{""label"":""食材"",""text"":""鹜""},{""label"":""食材"",""text"":""家鸭肪""},{""label"":""食材"",""text"":""野鸭""},{""label"":""食性"",""text"":""凉""},{""label"":""功效"",""text"":""无毒""},{""label"":""功效"",""text"":""补中益气""},{""label"":""功效"",""text"":""助力""},{""label"":""功效"",""text"":""大益病人""},{""label"":""功效"",""text"":""消食""},{""label"":""功效"",""text"":""杀十二种虫""},{""label"":""病症"",""text"":""多年小热疮""},{""label"":""食材"",""text"":""刀鸭""},{""label"":""功效"",""text"":""补人虚""},{""label"":""食材"",""text"":""家鸭""},{""label"":""食材"",""text"":""木耳""},{""label"":""食材"",""text"":""胡桃""},{""label"":""食材"",""text"":""豆豉""},{""label"":""食材"",""text"":""油鸭""},{""label"":""食味"",""text"":""味更佳""},{""label"":""食材"",""text"":""鸠""},{""label"":""食味"",""text"":""甘""},{""label"":""食性"",""text"":""平""},{""label"":""功效"",""text"":""无毒""},{""label"":""功效"",""text"":""主明目""},{""label"":""功效"",""text"":""补气""},{""label"":""功效"",""text"":""助阴阳""},{""label"":""古籍来源"",""text"":""《诗》""},{""label"":""食材"",""text"":""鸡""},{""label"":""食材"",""text"":""睢鸠""},{""label"":""食材"",""text"":""水鸟""},{""label"":""食材"",""text"":""黄褐侯""},{""label"":""食材"",""text"":""鸠类""},{""label"":""病症"",""text"":""蚁瘘恶疮""},{""label"":""脏腑"",""text"":""五脏""},{""label"":""功效"",""text"":""助气虚损""},{""label"":""功效"",""text"":""排脓血并一切痈疖""},{""label"":""烹饪方法"",""text"":""五味醯炙""},{""label"":""食材"",""text"":""青鸠""},{""label"":""食材"",""text"":""鹁鸽""},{""label"":""食材"",""text"":""肉""},{""label"":""食性"",""text"":""暖""},{""label"":""功效"",""text"":""无毒""},{""label"":""功效"",""text"":""调精益气""},{""label"":""功效"",""text"":""解一切药毒""},{""label"":""功效"",""text"":""食之益人""},{""label"":""禁忌"",""text"":""若服药人食之。减药力。无效""},{""label"":""病症"",""text"":""恶疮疥癣""},{""label"":""病症"",""text"":""风瘙白癞""},{""label"":""病症"",""text"":""疬疡风""},{""label"":""烹饪方法"",""text"":""炒""},{""label"":""烹饪方法"",""text"":""酒服""},{""label"":""食材"",""text"":""雁""},{""label"":""食味"",""text"":""甘""},{""label"":""食性"",""text"":""平""},{""label"":""功效"",""text"":""无毒""},{""label"":""病症"",""text"":""风挛拘""},{""label"":""病症"",""text"":""偏枯气不通利""},{""label"":""功效"",""text"":""久服益气""},{""label"":""功效"",""text"":""不饥""},{""label"":""功效"",""text"":""轻身耐老""},{""label"":""禁忌"",""text"":""六月勿食""},{""label"":""病症"",""text"":""伤神气""},{""label"":""食材"",""text"":""鸨""},{""label"":""食材"",""text"":""雁类""},{""label"":""食材"",""text"":""鹌鹑""},{""label"":""食味"",""text"":""甘""},{""label"":""食性"",""text"":""平""},{""label"":""功效"",""text"":""补五脏""},{""label"":""功效"",""text"":""益中""},{""label"":""功效"",""text"":""续气""},{""label"":""功效"",""text"":""实筋骨耐寒温""},{""label"":""功效"",""text"":""消结热""},{""label"":""食材"",""text"":""小豆""},{""label"":""食材"",""text"":""生姜""},{""label"":""烹饪方法"",""text"":""煮""},{""label"":""功效"",""text"":""止泄痢""},{""label"":""烹饪方法"",""text"":""酥煎""},{""label"":""功效"",""text"":""令人下焦肥""}]"
158,45,40,44,44,"[{""label"":""食材"",""text"":""乳腐""},{""label"":""功效"",""text"":""润五脏""},{""label"":""功效"",""text"":""利大小便""},{""label"":""功效"",""text"":""益十二经脉""},{""label"":""食材"",""text"":""牛乳""},{""label"":""食材"",""text"":""羊乳""},{""label"":""食材"",""text"":""马乳""},{""label"":""食材"",""text"":""驴乳""},{""label"":""食材"",""text"":""人乳""},{""label"":""医家"",""text"":""张苍""},{""label"":""食材"",""text"":""辣莱""},{""label"":""食味"",""text"":""辛辣""},{""label"":""功效"",""text"":""破气""},{""label"":""功效"",""text"":""烧脾""},{""label"":""病症"",""text"":""五痔""},{""label"":""病症"",""text"":""痈疡""},{""label"":""病症"",""text"":""昏耳目""},{""label"":""病症"",""text"":""浮肿""},{""label"":""病症"",""text"":""虚恚""},{""label"":""食材"",""text"":""子""},{""label"":""食材"",""text"":""油""},{""label"":""食味"",""text"":""甘""},{""label"":""食性"",""text"":""温""},{""label"":""功效"",""text"":""愈百病""},{""label"":""古籍来源"",""text"":""《素问》""},{""label"":""脏腑"",""text"":""五脏""},{""label"":""食味"",""text"":""甘""},{""label"":""脏腑"",""text"":""脾""},{""label"":""食味"",""text"":""苦""},{""label"":""脏腑"",""text"":""心""},{""label"":""食味"",""text"":""咸""},{""label"":""脏腑"",""text"":""肾""},{""label"":""食味"",""text"":""酸""},{""label"":""脏腑"",""text"":""肝""},{""label"":""食味"",""text"":""辛""},{""label"":""脏腑"",""text"":""肺""},{""label"":""禁忌"",""text"":""过食甘则脾伤""},{""label"":""禁忌"",""text"":""过食苦则心伤""},{""label"":""禁忌"",""text"":""过食咸则肾伤""},{""label"":""禁忌"",""text"":""过食酸则肝伤""},{""label"":""禁忌"",""text"":""过食辛则肺伤""},{""label"":""禁忌"",""text"":""厚味发热""},{""label"":""养生原则"",""text"":""饮食无节""},{""label"":""养生原则"",""text"":""养心莫善于寡欲""}]"
160,95,90,92,93,"[{""label"":""食材"",""text"":""野猪肉""},{""label"":""食味"",""text"":""甘""},{""label"":""功效"",""text"":""补肌肤""},{""label"":""功效"",""text"":""令人肥腻""},{""label"":""功效"",""text"":""补五脏""},{""label"":""功效"",""text"":""止肠风下血""},{""label"":""病症"",""text"":""癫痫病""},{""label"":""功效"",""text"":""不发风气""},{""label"":""食材"",""text"":""家猪""},{""label"":""功效"",""text"":""微动风""},{""label"":""禁忌"",""text"":""青蹄者勿食""},{""label"":""食材"",""text"":""肪膏""},{""label"":""烹饪方法"",""text"":""酒浸""},{""label"":""功效"",""text"":""令妇人多乳""},{""label"":""食材"",""text"":""胆""},{""label"":""食味"",""text"":""辛""},{""label"":""食味"",""text"":""甘""},{""label"":""食性"",""text"":""平""},{""label"":""功效"",""text"":""无毒""},{""label"":""功效"",""text"":""主金疮""},{""label"":""功效"",""text"":""止血生肌""},{""label"":""功效"",""text"":""疗癫痫及鬼疰""},{""label"":""食材"",""text"":""麂""},{""label"":""食味"",""text"":""甘""},{""label"":""食性"",""text"":""平""},{""label"":""功效"",""text"":""无毒""},{""label"":""功效"",""text"":""主五痔病""},{""label"":""烹饪方法"",""text"":""燥出""},{""label"":""烹饪方法"",""text"":""以姜醋进之""},{""label"":""禁忌"",""text"":""多食动痼疾""},{""label"":""食性"",""text"":""凉""},{""label"":""功效"",""text"":""有毒""},{""label"":""功效"",""text"":""能堕胎""},{""label"":""病症"",""text"":""发疥疮""},{""label"":""食材"",""text"":""廪""},{""label"":""食材"",""text"":""獐肉""},{""label"":""食味"",""text"":""甘""},{""label"":""食性"",""text"":""温""},{""label"":""功效"",""text"":""无毒""},{""label"":""功效"",""text"":""补益五脏""},{""label"":""禁忌"",""text"":""余月食之动气""},{""label"":""病症"",""text"":""瘦悲疮""},{""label"":""禁忌"",""text"":""食之发痼疾""},{""label"":""禁忌"",""text"":""心粗豪人宜食之""},{""label"":""功效"",""text"":""减其性""},{""label"":""禁忌"",""text"":""胆小人食之愈怯""},{""label"":""禁忌"",""text"":""与鸽食""},{""label"":""病症"",""text"":""成癜髓""},{""label"":""功效"",""text"":""益气力""},{""label"":""功效"",""text"":""悦泽人面""},{""label"":""食材"",""text"":""脐下麝香""},{""label"":""食味"",""text"":""辛""},{""label"":""食性"",""text"":""温""},{""label"":""功效"",""text"":""无毒""},{""label"":""功效"",""text"":""主辟恶气""},{""label"":""功效"",""text"":""杀鬼精物""},{""label"":""病症"",""text"":""瘟疟""},{""label"":""病症"",""text"":""蛊毒""},{""label"":""病症"",""text"":""痫瘗""},{""label"":""功效"",""text"":""去三虫""},{""label"":""功效"",""text"":""疗诸凶邪鬼气""},{""label"":""病症"",""text"":""中恶""},{""label"":""病症"",""text"":""心腹暴痛胀急痞满""},{""label"":""病症"",""text"":""风毒""},{""label"":""病症"",""text"":""妇人产难""},{""label"":""功效"",""text"":""堕胎""},{""label"":""功效"",""text"":""疗蛇毒""},{""label"":""功效"",""text"":""益气补中""},{""label"":""功效"",""text"":""治腰脚""},{""label"":""功效"",""text"":""微补五脏不足""},{""label"":""禁忌"",""text"":""多食令人弱房事""},{""label"":""病症"",""text"":""发脚气""},{""label"":""禁忌"",""text"":""不可近阴""},{""label"":""功效"",""text"":""令痿""},{""label"":""食材"",""text"":""脂""},{""label"":""食味"",""text"":""辛""},{""label"":""食性"",""text"":""温""},{""label"":""功效"",""text"":""主疮肿死肌""},{""label"":""病症"",""text"":""寒风湿痹""},{""label"":""病症"",""text"":""四肢拘缓不收""},{""label"":""病症"",""text"":""风头肿气""},{""label"":""功效"",""text"":""通腠理""},{""label"":""食材"",""text"":""角""},{""label"":""食味"",""text"":""甘""},{""label"":""功效"",""text"":""主脾""},{""label"":""功效"",""text"":""止血""},{""label"":""功效"",""text"":""补虚劳""},{""label"":""功效"",""text"":""益气力""},{""label"":""功效"",""text"":""填骨髓""},{""label"":""功效"",""text"":""暖腰膝""},{""label"":""功效"",""text"":""壮阳道""},{""label"":""食材"",""text"":""茸""},{""label"":""古籍来源"",""text"":""《月令》""}]"
161,48,46,47,47,"[{""label"":""食材"",""text"":""石榴花""},{""label"":""食材"",""text"":""木瓜""},{""label"":""食味"",""text"":""酸""},{""label"":""食性"",""text"":""无毒""},{""label"":""病症"",""text"":""湿痹邪气""},{""label"":""病症"",""text"":""霍乱转筋不止""},{""label"":""病症"",""text"":""脚气上攻腿膝疼痛""},{""label"":""功效"",""text"":""止渴消肿""},{""label"":""医家"",""text"":""雷公""},{""label"":""食材"",""text"":""蔓子""},{""label"":""食材"",""text"":""土伏子""},{""label"":""食味"",""text"":""酸""},{""label"":""食味"",""text"":""涩""},{""label"":""功效"",""text"":""调荣卫""},{""label"":""功效"",""text"":""助谷气""},{""label"":""食味"",""text"":""咸""},{""label"":""功效"",""text"":""伤人气""},{""label"":""食材"",""text"":""黄牛乳汁""},{""label"":""烹饪方法"",""text"":""蒸""},{""label"":""食材"",""text"":""桃子""},{""label"":""食味"",""text"":""甘""},{""label"":""食味"",""text"":""酸""},{""label"":""食性"",""text"":""有小毒""},{""label"":""功效"",""text"":""除鬼祟""},{""label"":""功效"",""text"":""益颜色""},{""label"":""禁忌"",""text"":""多食生热""},{""label"":""食材"",""text"":""花""},{""label"":""食味"",""text"":""苦""},{""label"":""食性"",""text"":""平""},{""label"":""食性"",""text"":""无毒""},{""label"":""功效"",""text"":""杀鬼邪""},{""label"":""病症"",""text"":""石淋""},{""label"":""功效"",""text"":""利大小便""},{""label"":""功效"",""text"":""下三尸虫""},{""label"":""功效"",""text"":""悦人容面""},{""label"":""功效"",""text"":""好颜色""},{""label"":""食材"",""text"":""仁""},{""label"":""食味"",""text"":""苦""},{""label"":""食味"",""text"":""甘""},{""label"":""食性"",""text"":""平""},{""label"":""食性"",""text"":""无毒""},{""label"":""功效"",""text"":""破血瘸""},{""label"":""功效"",""text"":""血疲""},{""label"":""功效"",""text"":""化瘀血""},{""label"":""功效"",""text"":""通经水""},{""label"":""功效"",""text"":""止腹痛""},{""label"":""古籍来源"",""text"":""雷公炮制药性解""}]"
162,48,42,48,48,"[{""label"":""古籍来源"",""text"":""《灵苑方》""},{""label"":""病症"",""text"":""血痢""},{""label"":""食材"",""text"":""蜜""},{""label"":""烹饪方法"",""text"":""捣""},{""label"":""烹饪方法"",""text"":""温饮""},{""label"":""古籍来源"",""text"":""《产宝方》""},{""label"":""病症"",""text"":""产后血痢""},{""label"":""病症"",""text"":""脐腹疼痛""},{""label"":""病症"",""text"":""小便不利""},{""label"":""烹饪方法"",""text"":""捣""},{""label"":""烹饪方法"",""text"":""煎""},{""label"":""食材"",""text"":""蜜""},{""label"":""烹饪方法"",""text"":""搅服""},{""label"":""古籍来源"",""text"":""《广利方》""},{""label"":""病症"",""text"":""一切无名肿毒""},{""label"":""病症"",""text"":""火丹恶疮""},{""label"":""烹饪方法"",""text"":""捣""},{""label"":""烹饪方法"",""text"":""傅""},{""label"":""医家"",""text"":""雷公""},{""label"":""食材"",""text"":""芹""},{""label"":""食味"",""text"":""甘""},{""label"":""食性"",""text"":""平""},{""label"":""功效"",""text"":""养精神""},{""label"":""功效"",""text"":""益气血""},{""label"":""功效"",""text"":""利口齿""},{""label"":""功效"",""text"":""令人肥健""},{""label"":""功效"",""text"":""嗜食""},{""label"":""病症"",""text"":""妇人赤自带下""},{""label"":""食材"",""text"":""鹿角莱""},{""label"":""食性"",""text"":""大寒""},{""label"":""功效"",""text"":""散风热邪气""},{""label"":""病症"",""text"":""小儿骨蒸劳热""},{""label"":""禁忌"",""text"":""大人不可久食""},{""label"":""禁忌"",""text"":""有损腰肾""},{""label"":""禁忌"",""text"":""少颜色""},{""label"":""禁忌"",""text"":""下石力也""},{""label"":""食材"",""text"":""芸苔莱""},{""label"":""食味"",""text"":""辛""},{""label"":""食性"",""text"":""温""},{""label"":""功效"",""text"":""散游风丹毒""},{""label"":""功效"",""text"":""消乳痈""},{""label"":""功效"",""text"":""破血癜""},{""label"":""功效"",""text"":""下产后瘀血""},{""label"":""古籍来源"",""text"":""《野人闲话》""},{""label"":""病症"",""text"":""女人吹乳""},{""label"":""病症"",""text"":""小儿火丹""},{""label"":""烹饪方法"",""text"":""捣""},{""label"":""烹饪方法"",""text"":""傅""}]"
163,68,49,68,68,"[{""label"":""食材"",""text"":""鹿肉""},{""label"":""食性"",""text"":""温""},{""label"":""功效"",""text"":""补中""},{""label"":""脏腑"",""text"":""五脏""},{""label"":""功效"",""text"":""益气力""},{""label"":""食材"",""text"":""血""},{""label"":""食味"",""text"":""甘""},{""label"":""食性"",""text"":""平""},{""label"":""功效"",""text"":""补阴""},{""label"":""功效"",""text"":""益荣气""},{""label"":""食材"",""text"":""肾""},{""label"":""功效"",""text"":""补腰肾""},{""label"":""食材"",""text"":""茸""},{""label"":""食味"",""text"":""甘""},{""label"":""食味"",""text"":""酸""},{""label"":""食性"",""text"":""温""},{""label"":""病症"",""text"":""漏下恶血""},{""label"":""病症"",""text"":""虚劳羸瘦""},{""label"":""病症"",""text"":""骨中寒热""},{""label"":""病症"",""text"":""洒洒如疟""},{""label"":""病症"",""text"":""四肢酸疼""},{""label"":""病症"",""text"":""腰脊疼痛""},{""label"":""病症"",""text"":""遗精溺血""},{""label"":""食材"",""text"":""石淋角""},{""label"":""食味"",""text"":""咸""},{""label"":""功效"",""text"":""补腰脊""},{""label"":""功效"",""text"":""续筋胥损伤""},{""label"":""功效"",""text"":""消恶毒痈瘙""},{""label"":""古籍来源"",""text"":""《千金方》""},{""label"":""病症"",""text"":""妇人吹乳妒乳""},{""label"":""病症"",""text"":""结瘙疼""},{""label"":""病症"",""text"":""欲成脓者""},{""label"":""烹饪方法"",""text"":""磨""},{""label"":""食材"",""text"":""鹿角""},{""label"":""烹饪方法"",""text"":""敷""},{""label"":""古籍来源"",""text"":""秘方""},{""label"":""病症"",""text"":""鱼骨鲠""},{""label"":""食材"",""text"":""鹿角""},{""label"":""烹饪方法"",""text"":""剡屑""},{""label"":""烹饪方法"",""text"":""含""},{""label"":""烹饪方法"",""text"":""咽""},{""label"":""古籍来源"",""text"":""《鲁般方》""},{""label"":""病症"",""text"":""竹木刺入皮肉中不出""},{""label"":""食材"",""text"":""鹿角""},{""label"":""烹饪方法"",""text"":""烧""},{""label"":""烹饪方法"",""text"":""末""},{""label"":""烹饪方法"",""text"":""调""},{""label"":""烹饪方法"",""text"":""敷""},{""label"":""食材"",""text"":""獐肉""},{""label"":""食味"",""text"":""甘""},{""label"":""食性"",""text"":""温""},{""label"":""功效"",""text"":""平补五脏""},{""label"":""食材"",""text"":""骨""},{""label"":""食味"",""text"":""咸""},{""label"":""食性"",""text"":""平""},{""label"":""功效"",""text"":""补虚损泄精""},{""label"":""功效"",""text"":""补下之功""},{""label"":""病症"",""text"":""痈潼""},{""label"":""病症"",""text"":""痈肿""},{""label"":""古籍来源"",""text"":""《证类本草》""},{""label"":""食材"",""text"":""鹿角""},{""label"":""病症"",""text"":""恶疮痈肿""},{""label"":""病症"",""text"":""妒乳""},{""label"":""病症"",""text"":""乳痈""},{""label"":""病症"",""text"":""乳汁不得泄""},{""label"":""古籍来源"",""text"":""《内经》""},{""label"":""病症"",""text"":""炻乳""},{""label"":""病症"",""text"":""痈""}]"
164,46,45,43,43,"[{""label"":""食材"",""text"":""雀""},{""label"":""食性"",""text"":""温""},{""label"":""病症"",""text"":""男子阴痿不起""},{""label"":""功效"",""text"":""益精有子""},{""label"":""食材"",""text"":""卵""},{""label"":""食材"",""text"":""粪""},{""label"":""食材"",""text"":""白丁香""},{""label"":""病症"",""text"":""雀斑酒刺""},{""label"":""病症"",""text"":""目中瘀肉赤筋""},{""label"":""食材"",""text"":""头生男子乳""},{""label"":""食材"",""text"":""雉""},{""label"":""食味"",""text"":""酸""},{""label"":""食性"",""text"":""微寒""},{""label"":""功效"",""text"":""补中益气""},{""label"":""病症"",""text"":""痰气上喘""},{""label"":""病症"",""text"":""五痔""},{""label"":""病症"",""text"":""疮疥""},{""label"":""食材"",""text"":""鸳鸯""},{""label"":""食味"",""text"":""咸""},{""label"":""食性"",""text"":""平""},{""label"":""病症"",""text"":""痔瘘""},{""label"":""病症"",""text"":""疥癣""},{""label"":""烹饪方法"",""text"":""酒浸炙食""},{""label"":""烹饪方法"",""text"":""热傅""},{""label"":""医家"",""text"":""陶隐君""},{""label"":""功效"",""text"":""令人容颜常美""},{""label"":""食材"",""text"":""雁""},{""label"":""食味"",""text"":""甘""},{""label"":""食性"",""text"":""平""},{""label"":""病症"",""text"":""风拘急偏枯""},{""label"":""病症"",""text"":""气不通利""},{""label"":""功效"",""text"":""益气力""},{""label"":""功效"",""text"":""长须眉毛发""},{""label"":""功效"",""text"":""轻身耐老""},{""label"":""功效"",""text"":""杀诸石药毒""},{""label"":""食材"",""text"":""鸭""},{""label"":""食味"",""text"":""甘""},{""label"":""食性"",""text"":""微凉""},{""label"":""病症"",""text"":""风虚寒热""},{""label"":""功效"",""text"":""和脏腑""},{""label"":""功效"",""text"":""利水道""},{""label"":""古籍来源"",""text"":""《证类本草》""},{""label"":""古籍来源"",""text"":""《食疗本草》""}]"
165,49,47,48,48,"[{""label"":""食材"",""text"":""菱角""},{""label"":""食味"",""text"":""甘""},{""label"":""食性"",""text"":""寒""},{""label"":""病症"",""text"":""伤脾胃""},{""label"":""病症"",""text"":""发痼疾""},{""label"":""病症"",""text"":""损阳事""},{""label"":""古籍来源"",""text"":""《仙家方》""},{""label"":""病症"",""text"":""腹胀满而痛""},{""label"":""烹饪方法"",""text"":""热酒和姜饮""},{""label"":""食材"",""text"":""孛荠""},{""label"":""食味"",""text"":""甘""},{""label"":""食性"",""text"":""微寒""},{""label"":""食材"",""text"":""鸟芋""},{""label"":""食材"",""text"":""凫茨""},{""label"":""食材"",""text"":""猪薪脐""},{""label"":""食材"",""text"":""羊薪脐""},{""label"":""禁忌"",""text"":""损多益少而能发病""},{""label"":""禁忌"",""text"":""孕妇忌之""},{""label"":""古籍来源"",""text"":""《日华子》""},{""label"":""功效"",""text"":""消风毒""},{""label"":""功效"",""text"":""泻胃热""},{""label"":""病症"",""text"":""黄疽""},{""label"":""病症"",""text"":""下五麻""},{""label"":""食材"",""text"":""莲子""},{""label"":""食味"",""text"":""甘""},{""label"":""食性"",""text"":""平""},{""label"":""功效"",""text"":""助心气""},{""label"":""功效"",""text"":""止烦渴""},{""label"":""功效"",""text"":""洽痢""},{""label"":""功效"",""text"":""补十二经气血""},{""label"":""功效"",""text"":""理腰疼""},{""label"":""病症"",""text"":""泄精自浊""},{""label"":""医家"",""text"":""孙真人""},{""label"":""禁忌"",""text"":""须去心食""},{""label"":""病症"",""text"":""霍乱""},{""label"":""古籍来源"",""text"":""《得效方》""},{""label"":""病症"",""text"":""久痢不止""},{""label"":""烹饪方法"",""text"":""为末""},{""label"":""食材"",""text"":""陈米汤""},{""label"":""食材"",""text"":""荷叶""},{""label"":""功效"",""text"":""除烦闷""},{""label"":""功效"",""text"":""止焦渴""},{""label"":""功效"",""text"":""治呕血""},{""label"":""功效"",""text"":""吐血""},{""label"":""功效"",""text"":""杀蕈毒""},{""label"":""古籍来源"",""text"":""《验应方》""},{""label"":""病症"",""text"":""吐血""},{""label"":""食材"",""text"":""清米汤""}]"
166,46,48,46,46,"[{""label"":""古籍来源"",""text"":""《百一选方》""},{""label"":""病症"",""text"":""霍乱吐泻不止""},{""label"":""食材"",""text"":""广陈皮""},{""label"":""食材"",""text"":""真藿香""},{""label"":""烹饪方法"",""text"":""煎""},{""label"":""古籍来源"",""text"":""《活人方》""},{""label"":""病症"",""text"":""伤寒""},{""label"":""病症"",""text"":""一切杂病""},{""label"":""病症"",""text"":""呕哕""},{""label"":""病症"",""text"":""手足逆冷""},{""label"":""食材"",""text"":""橘红""},{""label"":""食材"",""text"":""生姜""},{""label"":""烹饪方法"",""text"":""煎""},{""label"":""古籍来源"",""text"":""张氏方""},{""label"":""病症"",""text"":""妇人吹乳""},{""label"":""病症"",""text"":""结核肿痛不可忍者""},{""label"":""食材"",""text"":""广陈皮""},{""label"":""烹饪方法"",""text"":""炒""},{""label"":""烹饪方法"",""text"":""研""},{""label"":""食材"",""text"":""麝香""},{""label"":""病症"",""text"":""小肠疝气偏坠""},{""label"":""病症"",""text"":""坚大疼痛""},{""label"":""病症"",""text"":""腰疼""},{""label"":""烹饪方法"",""text"":""炒""},{""label"":""食材"",""text"":""橙子瓤""},{""label"":""食味"",""text"":""酸""},{""label"":""功效"",""text"":""止恶心""},{""label"":""食味"",""text"":""辛""},{""label"":""食味"",""text"":""甘""},{""label"":""食性"",""text"":""平""},{""label"":""功效"",""text"":""散肠胃中恶气""},{""label"":""功效"",""text"":""顺气""},{""label"":""功效"",""text"":""除胃中浮风气""},{""label"":""功效"",""text"":""消食""},{""label"":""食材"",""text"":""梨""},{""label"":""食味"",""text"":""甘""},{""label"":""食味"",""text"":""酸""},{""label"":""食性"",""text"":""平""},{""label"":""功效"",""text"":""解热""},{""label"":""功效"",""text"":""止渴""},{""label"":""功效"",""text"":""利大小肠""},{""label"":""功效"",""text"":""治火嗽""},{""label"":""禁忌"",""text"":""多食发金疮""},{""label"":""禁忌"",""text"":""成衿痢""},{""label"":""禁忌"",""text"":""产妇乳母忌食之""},{""label"":""古籍来源"",""text"":""《是斋百-选方》""}]"
167,43,34,33,33,"[{""label"":""食材"",""text"":""鲈鱼""},{""label"":""食味"",""text"":""甘""},{""label"":""食性"",""text"":""平""},{""label"":""功效"",""text"":""补五脏""},{""label"":""功效"",""text"":""益筋骨""},{""label"":""功效"",""text"":""和肠胃""},{""label"":""功效"",""text"":""下水气""},{""label"":""病症"",""text"":""痃癖""},{""label"":""病症"",""text"":""疮肿""},{""label"":""烹饪方法"",""text"":""作鲱""},{""label"":""烹饪方法"",""text"":""暴干""},{""label"":""食性"",""text"":""小毒""},{""label"":""食材"",""text"":""鲫鱼""},{""label"":""食味"",""text"":""甘""},{""label"":""食性"",""text"":""温""},{""label"":""功效"",""text"":""补脾胃""},{""label"":""病症"",""text"":""泄痢久不愈""},{""label"":""功效"",""text"":""治诸疮""},{""label"":""烹饪方法"",""text"":""烧焦""},{""label"":""烹饪方法"",""text"":""调涂""},{""label"":""功效"",""text"":""治胃弱不下食""},{""label"":""病症"",""text"":""劳症""},{""label"":""病症"",""text"":""发热咳嗽""},{""label"":""烹饪方法"",""text"":""刮去鳞""},{""label"":""烹饪方法"",""text"":""剖去肠""},{""label"":""烹饪方法"",""text"":""洗净""},{""label"":""烹饪方法"",""text"":""煨令熟""},{""label"":""医家"",""text"":""沈存中""},{""label"":""医家"",""text"":""丹溪""},{""label"":""古籍来源"",""text"":""千金方""},{""label"":""古籍来源"",""text"":""本草""},{""label"":""古籍来源"",""text"":""钱氏方""},{""label"":""古籍来源"",""text"":""证类本草""}]"
168,52,42,50,50,"[{""label"":""食味"",""text"":""苦""},{""label"":""食性"",""text"":""寒""},{""label"":""功效"",""text"":""除心腹邪热烦渴""},{""label"":""功效"",""text"":""治口舌焦燥""},{""label"":""功效"",""text"":""益目""},{""label"":""病症"",""text"":""小儿惊风痰热""},{""label"":""功效"",""text"":""清心化热""},{""label"":""功效"",""text"":""利痰凉惊""},{""label"":""食材"",""text"":""黄""},{""label"":""病症"",""text"":""大人小儿惊痫搐搦烦热之疾""},{""label"":""食材"",""text"":""马肉""},{""label"":""食味"",""text"":""苦辛""},{""label"":""食性"",""text"":""衿""},{""label"":""禁忌"",""text"":""有小毒""},{""label"":""功效"",""text"":""壮筋骨""},{""label"":""功效"",""text"":""强腰脊""},{""label"":""功效"",""text"":""强志轻身""},{""label"":""功效"",""text"":""消热下气""},{""label"":""食材"",""text"":""茎""},{""label"":""食味"",""text"":""酸甘""},{""label"":""食性"",""text"":""平""},{""label"":""禁忌"",""text"":""无毒""},{""label"":""功效"",""text"":""主男子阴痿不起""},{""label"":""功效"",""text"":""益精气""},{""label"":""食材"",""text"":""骡肉""},{""label"":""食味"",""text"":""辛""},{""label"":""食性"",""text"":""温""},{""label"":""禁忌"",""text"":""有小毒""},{""label"":""禁忌"",""text"":""食之不益人""},{""label"":""禁忌"",""text"":""孕妇忌食""},{""label"":""食材"",""text"":""驴肉""},{""label"":""食味"",""text"":""甘""},{""label"":""食性"",""text"":""微凉""},{""label"":""禁忌"",""text"":""无毒""},{""label"":""功效"",""text"":""疗风狂""},{""label"":""功效"",""text"":""解心烦""},{""label"":""功效"",""text"":""治忧愁不乐""},{""label"":""食材"",""text"":""头""},{""label"":""食味"",""text"":""甘""},{""label"":""食性"",""text"":""微凉""},{""label"":""功效"",""text"":""治头风眩晕""},{""label"":""病症"",""text"":""口眼喁斜""},{""label"":""病症"",""text"":""语言蹇涩""},{""label"":""病症"",""text"":""一身动摇""},{""label"":""病症"",""text"":""筋骨酸疼""},{""label"":""病症"",""text"":""心肺浮热""},{""label"":""烹饪方法"",""text"":""焊""},{""label"":""烹饪方法"",""text"":""洗""},{""label"":""烹饪方法"",""text"":""蒸""},{""label"":""烹饪方法"",""text"":""细切""}]"
169,55,57,55,55,"[{""label"":""古籍来源"",""text"":""伤寒论类方""},{""label"":""古籍来源"",""text"":""脉义简摩""},{""label"":""古籍来源"",""text"":""伤寒论特解""},{""label"":""古籍来源"",""text"":""脉诀汇辨""},{""label"":""古籍来源"",""text"":""伤寒论集注""},{""label"":""古籍来源"",""text"":""脉学辑要""},{""label"":""古籍来源"",""text"":""伤塞论集注""},{""label"":""古籍来源"",""text"":""脉经直指""},{""label"":""古籍来源"",""text"":""伤寒微旨论""},{""label"":""古籍来源"",""text"":""脉理正义""},{""label"":""古籍来源"",""text"":""伤寒溯源集""},{""label"":""古籍来源"",""text"":""脉理存真""},{""label"":""古籍来源"",""text"":""订正医圣全集""},{""label"":""古籍来源"",""text"":""脉理宗经""},{""label"":""古籍来源"",""text"":""伤寒启蒙集稿""},{""label"":""古籍来源"",""text"":""脉镜须知""},{""label"":""古籍来源"",""text"":""伤寒尚论辨似""},{""label"":""古籍来源"",""text"":""察病指南""},{""label"":""古籍来源"",""text"":""伤寒兼证析义""},{""label"":""古籍来源"",""text"":""崔真人脉诀""},{""label"":""古籍来源"",""text"":""张卿子伤寒论""},{""label"":""古籍来源"",""text"":""四诊脉鉴大全""},{""label"":""古籍来源"",""text"":""金匮要略正义""},{""label"":""古籍来源"",""text"":""删注脉诀规正""},{""label"":""古籍来源"",""text"":""金匮要略直解""},{""label"":""古籍来源"",""text"":""图注脉诀辨真""},{""label"":""古籍来源"",""text"":""高注金匮要略""},{""label"":""古籍来源"",""text"":""脉诀刊误集解""},{""label"":""古籍来源"",""text"":""伤寒论大方图解""},{""label"":""古籍来源"",""text"":""重订诊家直诀""},{""label"":""古籍来源"",""text"":""伤寒论辨证广注""},{""label"":""古籍来源"",""text"":""人元脉影归措图说""},{""label"":""古籍来源"",""text"":""伤寒活人指掌图""},{""label"":""古籍来源"",""text"":""脉诀指掌病式图说""},{""label"":""古籍来源"",""text"":""张仲景金匮要略""},{""label"":""古籍来源"",""text"":""脉学注释汇参证治""},{""label"":""古籍来源"",""text"":""伤寒六书纂要辨疑""},{""label"":""古籍来源"",""text"":""针灸推拿""},{""label"":""古籍来源"",""text"":""伤寒六经辨证治法""},{""label"":""古籍来源"",""text"":""针灸节要""},{""label"":""古籍来源"",""text"":""伤寒类书活人总括""},{""label"":""古籍来源"",""text"":""针灸全生""},{""label"":""古籍来源"",""text"":""张仲景伤寒原文点精""},{""label"":""古籍来源"",""text"":""针灸逢源""},{""label"":""古籍来源"",""text"":""伤寒活人指掌补注辨疑""},{""label"":""古籍来源"",""text"":""备急灸法""},{""label"":""古籍来源"",""text"":""神灸经纶""},{""label"":""古籍来源"",""text"":""传悟灵济录""},{""label"":""古籍来源"",""text"":""玉函经""},{""label"":""古籍来源"",""text"":""小儿推拿广意""},{""label"":""古籍来源"",""text"":""小儿推拿秘诀""},{""label"":""古籍来源"",""text"":""舌鉴辨正""},{""label"":""古籍来源"",""text"":""太乙神针心法""},{""label"":""古籍来源"",""text"":""医学辑要""},{""label"":""古籍来源"",""text"":""杨敬斋针灸全书""}]"
170,27,23,27,27,"[{""label"":""食材"",""text"":""虾""},{""label"":""食味"",""text"":""辛""},{""label"":""食味"",""text"":""甘""},{""label"":""病症"",""text"":""小儿赤毒热疮""},{""label"":""病症"",""text"":""脐肠腹痛""},{""label"":""病症"",""text"":""胃气虚乏""},{""label"":""古籍来源"",""text"":""《食疗》""},{""label"":""病症"",""text"":""小儿疳瘦肚大""},{""label"":""病症"",""text"":""虚劳烦热""},{""label"":""病症"",""text"":""心中邪热""},{""label"":""病症"",""text"":""腹内水气""},{""label"":""食材"",""text"":""鲥鱼""},{""label"":""食味"",""text"":""甘""},{""label"":""食性"",""text"":""温""},{""label"":""食性"",""text"":""平""},{""label"":""功效"",""text"":""快胃气""},{""label"":""功效"",""text"":""补虚劳""},{""label"":""禁忌"",""text"":""忌食之""},{""label"":""古籍来源"",""text"":""《渔翁口诀》""},{""label"":""烹饪方法"",""text"":""煎""},{""label"":""烹饪方法"",""text"":""蒸""},{""label"":""食材"",""text"":""鲚鱼""},{""label"":""食味"",""text"":""甘""},{""label"":""食味"",""text"":""辛""},{""label"":""禁忌"",""text"":""食之不益人""},{""label"":""病症"",""text"":""助火动痰""},{""label"":""病症"",""text"":""发疮疥""}]"
171,81,81,79,80,"[{""label"":""食材"",""text"":""羊肉""},{""label"":""食味"",""text"":""甘""},{""label"":""食性"",""text"":""大热""},{""label"":""病症"",""text"":""五劳七伤""},{""label"":""病症"",""text"":""脏气虚寒""},{""label"":""病症"",""text"":""腰膝羸弱""},{""label"":""功效"",""text"":""壮筋骨""},{""label"":""功效"",""text"":""厚肠胃""},{""label"":""食材"",""text"":""头""},{""label"":""食性"",""text"":""微凉""},{""label"":""病症"",""text"":""骨蒸脑热""},{""label"":""病症"",""text"":""头眩目昏""},{""label"":""病症"",""text"":""小儿惊痫""},{""label"":""食材"",""text"":""乳""},{""label"":""食味"",""text"":""甘""},{""label"":""食性"",""text"":""温""},{""label"":""功效"",""text"":""润心肺""},{""label"":""功效"",""text"":""补虚劳""},{""label"":""功效"",""text"":""止消渴""},{""label"":""食材"",""text"":""肝""},{""label"":""食味"",""text"":""甘""},{""label"":""食性"",""text"":""凉""},{""label"":""功效"",""text"":""治目中诸疾""},{""label"":""食材"",""text"":""肾""},{""label"":""功效"",""text"":""补肾气""},{""label"":""功效"",""text"":""益精髓""},{""label"":""食材"",""text"":""绿豆粉""},{""label"":""食味"",""text"":""甘""},{""label"":""食性"",""text"":""凉""},{""label"":""食性"",""text"":""平""},{""label"":""功效"",""text"":""解诸热""},{""label"":""禁忌"",""text"":""脾胃虚弱人痛者忌之""},{""label"":""食材"",""text"":""冬瓜""},{""label"":""食味"",""text"":""甘""},{""label"":""食性"",""text"":""微寒""},{""label"":""功效"",""text"":""下热毒""},{""label"":""功效"",""text"":""解消渴""},{""label"":""功效"",""text"":""差五淋""},{""label"":""功效"",""text"":""消小腹水胀""},{""label"":""功效"",""text"":""利小便""},{""label"":""功效"",""text"":""压丹石毒""},{""label"":""禁忌"",""text"":""久病与阴虚人忌食之""},{""label"":""食材"",""text"":""梨""},{""label"":""食味"",""text"":""甘""},{""label"":""食味"",""text"":""酸""},{""label"":""食性"",""text"":""平""},{""label"":""功效"",""text"":""解热止渴""},{""label"":""功效"",""text"":""利大小肠""},{""label"":""病症"",""text"":""火嗽热喘""},{""label"":""禁忌"",""text"":""多食发金疮""},{""label"":""禁忌"",""text"":""成冷痢""},{""label"":""禁忌"",""text"":""产妇乳母忌食之""},{""label"":""食材"",""text"":""木耳""},{""label"":""食性"",""text"":""衿""},{""label"":""功效"",""text"":""治肠癖下血""},{""label"":""功效"",""text"":""凉血""},{""label"":""禁忌"",""text"":""勿与小儿食""},{""label"":""食材"",""text"":""鹿角莱""},{""label"":""食性"",""text"":""大寒""},{""label"":""功效"",""text"":""散风热邪气""},{""label"":""病症"",""text"":""小儿骨蒸劳热""},{""label"":""禁忌"",""text"":""大人不可久食""},{""label"":""禁忌"",""text"":""有损少颜色""},{""label"":""食材"",""text"":""樱桃""},{""label"":""食味"",""text"":""甘""},{""label"":""食性"",""text"":""温""},{""label"":""食性"",""text"":""热""},{""label"":""功效"",""text"":""调中气""},{""label"":""功效"",""text"":""益脾气""},{""label"":""功效"",""text"":""令人美颜色""},{""label"":""禁忌"",""text"":""小儿尤忌之""},{""label"":""食材"",""text"":""鳖肉""},{""label"":""食味"",""text"":""甘""},{""label"":""食性"",""text"":""平""},{""label"":""功效"",""text"":""补劳伤""},{""label"":""功效"",""text"":""壮阳气""},{""label"":""功效"",""text"":""峻补阴不足""},{""label"":""禁忌"",""text"":""恶矾石""},{""label"":""食材"",""text"":""青鱼""},{""label"":""食味"",""text"":""甘""}]"
172,32,48,32,32,"[{""label"":""食材"",""text"":""酱""},{""label"":""食味"",""text"":""咸""},{""label"":""食味"",""text"":""甘""},{""label"":""食性"",""text"":""平""},{""label"":""功效"",""text"":""除热止烦满""},{""label"":""食材"",""text"":""醋""},{""label"":""食味"",""text"":""酸""},{""label"":""食性"",""text"":""温""},{""label"":""食性"",""text"":""平""},{""label"":""功效"",""text"":""消肿毒""},{""label"":""功效"",""text"":""散水气""},{""label"":""功效"",""text"":""杀邪毒""},{""label"":""功效"",""text"":""消癖块""},{""label"":""功效"",""text"":""破血迷""},{""label"":""古籍来源"",""text"":""《救急方》""},{""label"":""病症"",""text"":""产后血虚眩运不醒""},{""label"":""食材"",""text"":""酒""},{""label"":""食味"",""text"":""苦""},{""label"":""食味"",""text"":""甘""},{""label"":""食味"",""text"":""辛""},{""label"":""食性"",""text"":""温""},{""label"":""食性"",""text"":""大热""},{""label"":""功效"",""text"":""杀百邪""},{""label"":""功效"",""text"":""敌寒气""},{""label"":""功效"",""text"":""驱恶毒""},{""label"":""功效"",""text"":""通血脉""},{""label"":""功效"",""text"":""厚肠胃""},{""label"":""医家"",""text"":""孙真人""},{""label"":""医家"",""text"":""朱丹溪""},{""label"":""病症"",""text"":""恶寒战栗""},{""label"":""病症"",""text"":""呕吐""},{""label"":""病症"",""text"":""疼痒""}]"
173,48,47,43,43,"[{""label"":""食材"",""text"":""芋梗""},{""label"":""食材"",""text"":""山药""},{""label"":""食味"",""text"":""甘""},{""label"":""食性"",""text"":""温""},{""label"":""食性"",""text"":""平""},{""label"":""功效"",""text"":""补诸虚百损""},{""label"":""病症"",""text"":""面上游风""},{""label"":""病症"",""text"":""腰间衿气""},{""label"":""功效"",""text"":""强阴益精气""},{""label"":""食材"",""text"":""生姜""},{""label"":""食性"",""text"":""温""},{""label"":""食味"",""text"":""辛""},{""label"":""病症"",""text"":""伤寒""},{""label"":""病症"",""text"":""伤风头疼""},{""label"":""病症"",""text"":""九窍不利""},{""label"":""归经"",""text"":""入肺""},{""label"":""功效"",""text"":""开胃""},{""label"":""功效"",""text"":""止呕吐""},{""label"":""病症"",""text"":""咳嗽喘急""},{""label"":""功效"",""text"":""去腹中寒气""},{""label"":""功效"",""text"":""解臭秽""},{""label"":""功效"",""text"":""散风寒""},{""label"":""功效"",""text"":""通神明""},{""label"":""古籍来源"",""text"":""《经验方》""},{""label"":""病症"",""text"":""霍乱吐泻转筋欲死者""},{""label"":""食材"",""text"":""生姜""},{""label"":""烹饪方法"",""text"":""捣碎""},{""label"":""食材"",""text"":""清酒""},{""label"":""烹饪方法"",""text"":""煎""},{""label"":""古籍来源"",""text"":""《活人书》""},{""label"":""病症"",""text"":""一切咳呃欲死者""},{""label"":""食材"",""text"":""生姜""},{""label"":""食材"",""text"":""半夏""},{""label"":""烹饪方法"",""text"":""煎""},{""label"":""食材"",""text"":""胡椒""},{""label"":""食味"",""text"":""辛""},{""label"":""食性"",""text"":""热""},{""label"":""功效"",""text"":""温中下气""},{""label"":""病症"",""text"":""心腹冷积""},{""label"":""医家"",""text"":""丹溪""},{""label"":""功效"",""text"":""快膈""},{""label"":""功效"",""text"":""燥肠胃""},{""label"":""古籍来源"",""text"":""《本草衍义补遗》""}]"
174,42,30,28,28,"[{""label"":""食材"",""text"":""鳖甲""},{""label"":""食材"",""text"":""胡黄连""},{""label"":""食材"",""text"":""青蒿""},{""label"":""食材"",""text"":""螃蟹""},{""label"":""食材"",""text"":""紫苏汁""},{""label"":""食材"",""text"":""冬瓜汁""},{""label"":""食味"",""text"":""甘""},{""label"":""食味"",""text"":""寒""},{""label"":""食味"",""text"":""咸""},{""label"":""功效"",""text"":""大补阴之不足""},{""label"":""功效"",""text"":""破血""},{""label"":""功效"",""text"":""养筋益气""},{""label"":""功效"",""text"":""通气散血""},{""label"":""病症"",""text"":""难产""},{""label"":""病症"",""text"":""骨热劳瘦""},{""label"":""病症"",""text"":""胸中邪热结聚""},{""label"":""病症"",""text"":""火气炽郁""},{""label"":""病症"",""text"":""口喁面偏""},{""label"":""病症"",""text"":""漆疮""},{""label"":""病症"",""text"":""疥疮湿癣久不愈""},{""label"":""禁忌"",""text"":""孕妇忌食""},{""label"":""禁忌"",""text"":""蟹莫与红柿同食""},{""label"":""古籍来源"",""text"":""《子母秘录》""},{""label"":""古籍来源"",""text"":""《左传》""},{""label"":""古籍来源"",""text"":""《日华子》""},{""label"":""古籍来源"",""text"":""《图经》""},{""label"":""古籍来源"",""text"":""《百一方》""},{""label"":""古籍来源"",""text"":""《食忌》""}]"
175,43,42,38,38,"[{""label"":""古籍来源"",""text"":""《急救方》""},{""label"":""病症"",""text"":""鱼骨鲠""},{""label"":""食材"",""text"":""银条鱼""},{""label"":""食味"",""text"":""甘""},{""label"":""食性"",""text"":""平""},{""label"":""功效"",""text"":""宽中健胃""},{""label"":""食材"",""text"":""生姜""},{""label"":""烹饪方法"",""text"":""作羹""},{""label"":""食材"",""text"":""少阳鱼""},{""label"":""食味"",""text"":""甘""},{""label"":""食味"",""text"":""咸""},{""label"":""食性"",""text"":""寒""},{""label"":""病症"",""text"":""男子自浊膏淋""},{""label"":""病症"",""text"":""玉茎涩痛""},{""label"":""食材"",""text"":""河豚鱼""},{""label"":""食味"",""text"":""甘""},{""label"":""食性"",""text"":""肥""},{""label"":""禁忌"",""text"":""食之不得法,亦杀人""},{""label"":""医家"",""text"":""孙真人""},{""label"":""病症"",""text"":""中河豚毒""},{""label"":""食材"",""text"":""芦根""},{""label"":""烹饪方法"",""text"":""杵汁""},{""label"":""食材"",""text"":""蓝锭""},{""label"":""食材"",""text"":""陈粪青""},{""label"":""食材"",""text"":""黑鲤鱼""},{""label"":""禁忌"",""text"":""人不宜食之""},{""label"":""古籍来源"",""text"":""《诸鱼论》""},{""label"":""禁忌"",""text"":""凡鱼头有自色如连珠至脊上者,腹中无胆者。头中无鳃者,并杀人""},{""label"":""禁忌"",""text"":""鱼汁不可合鸬鹚肉食之""},{""label"":""食材"",""text"":""鲫鱼""},{""label"":""禁忌"",""text"":""不可合猴""},{""label"":""食材"",""text"":""雉肉""},{""label"":""禁忌"",""text"":""鳅鳍不可和自犬血食之""},{""label"":""食材"",""text"":""鲤鱼子""},{""label"":""食材"",""text"":""青鱼鲱""},{""label"":""禁忌"",""text"":""不可合生胡荽及生葵并麦酱食之""},{""label"":""食材"",""text"":""虾""},{""label"":""禁忌"",""text"":""无须及腹中通黑及煮之反自者""}]"
176,55,59,54,54,"[{""label"":""食材"",""text"":""酒""},{""label"":""食味"",""text"":""甘""},{""label"":""食性"",""text"":""温""},{""label"":""功效"",""text"":""除湿调中利小便""},{""label"":""禁忌"",""text"":""多饮亦能动痰火""},{""label"":""食材"",""text"":""柑子""},{""label"":""食味"",""text"":""甘""},{""label"":""食味"",""text"":""酸""},{""label"":""食性"",""text"":""平""},{""label"":""古籍来源"",""text"":""《衍义》""},{""label"":""食材"",""text"":""蜜陀柑""},{""label"":""食材"",""text"":""木柑""},{""label"":""食材"",""text"":""黄柑""},{""label"":""食材"",""text"":""乳柑""},{""label"":""食材"",""text"":""石柑""},{""label"":""食材"",""text"":""沙柑""},{""label"":""食材"",""text"":""青柑""},{""label"":""食材"",""text"":""山柑""},{""label"":""病症"",""text"":""喉咽痛""},{""label"":""食材"",""text"":""朱橘""},{""label"":""食材"",""text"":""乳橘""},{""label"":""食材"",""text"":""山橘""},{""label"":""食材"",""text"":""金橘""},{""label"":""食味"",""text"":""甘酸""},{""label"":""功效"",""text"":""止渴润燥生津""},{""label"":""禁忌"",""text"":""多则恋膈生痰滞肺气""},{""label"":""禁忌"",""text"":""病者忌之""},{""label"":""古籍来源"",""text"":""《吕氏春秋》""},{""label"":""食材"",""text"":""橘皮""},{""label"":""功效"",""text"":""治胸中疲热""},{""label"":""功效"",""text"":""下气止吐逆""},{""label"":""病症"",""text"":""呕吐""},{""label"":""病症"",""text"":""霍乱""},{""label"":""功效"",""text"":""消痰饮""},{""label"":""功效"",""text"":""逐水化谷""},{""label"":""功效"",""text"":""刻除膀胱停流热水""},{""label"":""功效"",""text"":""顺气和中""},{""label"":""功效"",""text"":""快膈通神""},{""label"":""医家"",""text"":""刘禹锡""},{""label"":""食味"",""text"":""辛""},{""label"":""食味"",""text"":""苦""},{""label"":""食味"",""text"":""甘""},{""label"":""食性"",""text"":""平""},{""label"":""功效"",""text"":""能散""},{""label"":""功效"",""text"":""能泻""},{""label"":""功效"",""text"":""能温""},{""label"":""功效"",""text"":""能补""},{""label"":""功效"",""text"":""能和益""},{""label"":""功效"",""text"":""能消膈气""},{""label"":""功效"",""text"":""化痰涎""},{""label"":""功效"",""text"":""和脾止咳嗽""},{""label"":""功效"",""text"":""通五淋""},{""label"":""病症"",""text"":""中酒呕吐恶心""},{""label"":""烹饪方法"",""text"":""煎饮""}]"
177,38,40,40,40,"[{""label"":""医家"",""text"":""傅滋""},{""label"":""医家"",""text"":""刘以仁""},{""label"":""医家"",""text"":""刘仕廉""},{""label"":""古籍来源"",""text"":""养性轩临证医案""},{""label"":""古籍来源"",""text"":""医学集成""},{""label"":""古籍来源"",""text"":""养新堂医论读本""},{""label"":""古籍来源"",""text"":""医学辩害""},{""label"":""古籍来源"",""text"":""祝茹穹先生医印""},{""label"":""古籍来源"",""text"":""医经允中""},{""label"":""古籍来源"",""text"":""谦益斋外科医案""},{""label"":""古籍来源"",""text"":""医钞类编""},{""label"":""古籍来源"",""text"":""太医局诸科程文格""},{""label"":""古籍来源"",""text"":""证治合参""},{""label"":""古籍来源"",""text"":""古今医家经论汇编""},{""label"":""古籍来源"",""text"":""宝命真诠""},{""label"":""古籍来源"",""text"":""莲斋医意立斋案疏""},{""label"":""古籍来源"",""text"":""活人心法""},{""label"":""古籍来源"",""text"":""家藏蒙筌""},{""label"":""古籍来源"",""text"":""心印绀珠经""},{""label"":""古籍来源"",""text"":""医学读书志""},{""label"":""古籍来源"",""text"":""雪潭居医约""},{""label"":""古籍来源"",""text"":""医学读书附志""},{""label"":""古籍来源"",""text"":""嵩匡尊生书""},{""label"":""古籍来源"",""text"":""医书汇参辑成""},{""label"":""古籍来源"",""text"":""元汇医镜""},{""label"":""古籍来源"",""text"":""罗氏会约医镜""},{""label"":""古籍来源"",""text"":""平法寓言""},{""label"":""古籍来源"",""text"":""罗浩医书二种""},{""label"":""古籍来源"",""text"":""寿芝医略""},{""label"":""古籍来源"",""text"":""景岳全书发挥""},{""label"":""古籍来源"",""text"":""杏苑生春""},{""label"":""古籍来源"",""text"":""寿身小补家藏""},{""label"":""古籍来源"",""text"":""医林正印""},{""label"":""古籍来源"",""text"":""胡文焕医书三种""},{""label"":""古籍来源"",""text"":""医法青篇""},{""label"":""古籍来源"",""text"":""铁如意轩医书四种""},{""label"":""古籍来源"",""text"":""医学五则""},{""label"":""古籍来源"",""text"":""脉药联珠药性食物考""},{""label"":""古籍来源"",""text"":""医学汇函""},{""label"":""古籍来源"",""text"":""汉阳叶氏丛刻医集二种""}]"
178,26,22,19,19,"[{""label"":""食材"",""text"":""面筋""},{""label"":""食材"",""text"":""甘草""},{""label"":""食材"",""text"":""酒""},{""label"":""食材"",""text"":""桔皮""},{""label"":""食材"",""text"":""生姜""},{""label"":""食材"",""text"":""熟油""},{""label"":""食材"",""text"":""豆酱""},{""label"":""食材"",""text"":""花椒""},{""label"":""食材"",""text"":""胡椒""},{""label"":""食材"",""text"":""杏仁""},{""label"":""食材"",""text"":""蚶子""},{""label"":""烹饪方法"",""text"":""蒸""},{""label"":""烹饪方法"",""text"":""煮""},{""label"":""烹饪方法"",""text"":""晒""},{""label"":""烹饪方法"",""text"":""劈""},{""label"":""烹饪方法"",""text"":""烹""},{""label"":""烹饪方法"",""text"":""拌""},{""label"":""烹饪方法"",""text"":""揉""},{""label"":""烹饪方法"",""text"":""封""}]"
179,18,6,4,4,"[{""label"":""食材"",""text"":""蛤蜊""},{""label"":""食材"",""text"":""葱""},{""label"":""食材"",""text"":""桔皮""},{""label"":""食材"",""text"":""花椒""}]"
180,27,25,23,23,"[{""label"":""食材"",""text"":""熟螃蟹""},{""label"":""食材"",""text"":""蟹肉""},{""label"":""食材"",""text"":""花椒""},{""label"":""食材"",""text"":""粉皮""},{""label"":""食材"",""text"":""干荷叶""},{""label"":""食材"",""text"":""鸡蛋""},{""label"":""食材"",""text"":""野鸭蛋""},{""label"":""食材"",""text"":""盐""},{""label"":""食材"",""text"":""蟹油""},{""label"":""食材"",""text"":""蟹黄""},{""label"":""食材"",""text"":""生姜""},{""label"":""食材"",""text"":""淀粉""},{""label"":""食材"",""text"":""螃蟹壳""},{""label"":""食材"",""text"":""细馅馒头""},{""label"":""食材"",""text"":""黄草布""},{""label"":""烹饪方法"",""text"":""蒸""},{""label"":""烹饪方法"",""text"":""熬""},{""label"":""烹饪方法"",""text"":""捣""},{""label"":""烹饪方法"",""text"":""包裹""},{""label"":""烹饪方法"",""text"":""铺""},{""label"":""烹饪方法"",""text"":""切""},{""label"":""烹饪方法"",""text"":""勾芡""},{""label"":""食疗方"",""text"":""蟹鳖""}]"
181,60,31,21,21,"[{""label"":""食材"",""text"":""米""},{""label"":""食材"",""text"":""曲""},{""label"":""食材"",""text"":""桑灰""},{""label"":""食材"",""text"":""粟灰""},{""label"":""食材"",""text"":""生粟炭灰""},{""label"":""烹饪方法"",""text"":""捣碎""},{""label"":""烹饪方法"",""text"":""拌和""},{""label"":""烹饪方法"",""text"":""浇""},{""label"":""烹饪方法"",""text"":""煅""},{""label"":""烹饪方法"",""text"":""筛""},{""label"":""烹饪方法"",""text"":""榨""},{""label"":""烹饪方法"",""text"":""澄清""},{""label"":""烹饪方法"",""text"":""煮""},{""label"":""烹饪方法"",""text"":""覆""},{""label"":""烹饪方法"",""text"":""打""},{""label"":""烹饪方法"",""text"":""解""},{""label"":""烹饪方法"",""text"":""捞""},{""label"":""烹饪方法"",""text"":""装""},{""label"":""烹饪方法"",""text"":""舀""},{""label"":""烹饪方法"",""text"":""盖""},{""label"":""烹饪方法"",""text"":""试""}]"
182,5,1,4,4,"[{""label"":""古籍来源"",""text"":""《云林堂巢饮食制度》""},{""label"":""医家"",""text"":""何胤""},{""label"":""医家"",""text"":""苏东坡""},{""label"":""医家"",""text"":""姚咨""}]"
183,16,29,15,18,"[{""label"":""食材"",""text"":""烧鹅""},{""label"":""食材"",""text"":""蜜酿蝤蛑""},{""label"":""食材"",""text"":""煮麸千""},{""label"":""食材"",""text"":""雪簋菜""},{""label"":""食材"",""text"":""青虾卷熘""},{""label"":""医家"",""text"":""袁枚""},{""label"":""古籍来源"",""text"":""《随园食单》""},{""label"":""医家"",""text"":""倪瓒""},{""label"":""食材"",""text"":""云林鹅""},{""label"":""古籍来源"",""text"":""《养小录》""},{""label"":""食材"",""text"":""芙蓉蟹斗""},{""label"":""食材"",""text"":""雪花蟹斗""},{""label"":""古籍来源"",""text"":""《云林堂饮食制度巢》""},{""label"":""医家"",""text"":""王利器""},{""label"":""烹饪方法"",""text"":""烧""},{""label"":""烹饪方法"",""text"":""煮""},{""label"":""烹饪方法"",""text"":""熘""},{""label"":""烹饪方法"",""text"":""酿""}]"
184,20,13,11,11,"[{""label"":""食材"",""text"":""真粉""},{""label"":""食材"",""text"":""蜜""},{""label"":""食材"",""text"":""麝香""},{""label"":""食材"",""text"":""藕""},{""label"":""食材"",""text"":""茉莉""},{""label"":""食材"",""text"":""芽茶""},{""label"":""烹饪方法"",""text"":""灌""},{""label"":""烹饪方法"",""text"":""煮""},{""label"":""烹饪方法"",""text"":""晒""},{""label"":""烹饪方法"",""text"":""蒸""},{""label"":""烹饪方法"",""text"":""啖""}]"
185,1,0,0,0,[]
187,13,14,8,8,"[{""label"":""食材"",""text"":""鱼肉""},{""label"":""食材"",""text"":""鱼头""},{""label"":""食材"",""text"":""肉""},{""label"":""食材"",""text"":""蔬素""},{""label"":""烹饪方法"",""text"":""熬""},{""label"":""古籍来源"",""text"":""《云林堂集饮食制度》""},{""label"":""医家"",""text"":""何胤""},{""label"":""医家"",""text"":""东坡""}]"
188,20,27,16,16,"[{""label"":""食材"",""text"":""黄梅""},{""label"":""食材"",""text"":""乌梅""},{""label"":""食材"",""text"":""甘草""},{""label"":""食材"",""text"":""花椒""},{""label"":""食材"",""text"":""茴香""},{""label"":""食材"",""text"":""生姜""},{""label"":""烹饪方法"",""text"":""蒸""},{""label"":""烹饪方法"",""text"":""煎""},{""label"":""烹饪方法"",""text"":""杵""},{""label"":""烹饪方法"",""text"":""捣""},{""label"":""烹饪方法"",""text"":""焙""},{""label"":""烹饪方法"",""text"":""晒""},{""label"":""烹饪方法"",""text"":""切""},{""label"":""烹饪方法"",""text"":""拌""},{""label"":""食疗方"",""text"":""黄梅汤""},{""label"":""食疗方"",""text"":""凤池汤""}]"
189,38,20,20,20,"[{""label"":""食材"",""text"":""蛤蜊""},{""label"":""食材"",""text"":""新韭""},{""label"":""食材"",""text"":""胡葱""},{""label"":""食材"",""text"":""莱心""},{""label"":""食材"",""text"":""猪腰子""},{""label"":""食材"",""text"":""茭白""},{""label"":""食材"",""text"":""鸡""},{""label"":""食材"",""text"":""鲥鱼""},{""label"":""食材"",""text"":""花椒""},{""label"":""食材"",""text"":""砂仁""},{""label"":""食材"",""text"":""葱白""},{""label"":""食材"",""text"":""绿豆粉""},{""label"":""食材"",""text"":""面水""},{""label"":""食材"",""text"":""酒""},{""label"":""食材"",""text"":""盐""},{""label"":""食材"",""text"":""醋""},{""label"":""烹饪方法"",""text"":""煮""},{""label"":""烹饪方法"",""text"":""炒""},{""label"":""烹饪方法"",""text"":""蒸""},{""label"":""烹饪方法"",""text"":""烹""}]"
190,24,24,22,22,"[{""label"":""食材"",""text"":""糯米""},{""label"":""食材"",""text"":""薄荷""},{""label"":""食材"",""text"":""粳米""},{""label"":""食材"",""text"":""芡实""},{""label"":""食材"",""text"":""人参""},{""label"":""食材"",""text"":""白术""},{""label"":""食材"",""text"":""茯苓""},{""label"":""食材"",""text"":""白沙糖""},{""label"":""食材"",""text"":""茴香""},{""label"":""食材"",""text"":""赤豆""},{""label"":""食材"",""text"":""豆沙""},{""label"":""烹饪方法"",""text"":""蒸""},{""label"":""烹饪方法"",""text"":""磨""},{""label"":""烹饪方法"",""text"":""煮""},{""label"":""烹饪方法"",""text"":""擦""},{""label"":""烹饪方法"",""text"":""沥""},{""label"":""烹饪方法"",""text"":""淘""},{""label"":""烹饪方法"",""text"":""浸""},{""label"":""食疗方"",""text"":""五香糕""},{""label"":""食疗方"",""text"":""水团""},{""label"":""食疗方"",""text"":""松糕""},{""label"":""食疗方"",""text"":""生糖糕""}]"
191,41,43,40,40,"[{""label"":""食疗方"",""text"":""瑞香汤""},{""label"":""食材"",""text"":""山药""},{""label"":""食材"",""text"":""鸟梅""},{""label"":""食材"",""text"":""甘草""},{""label"":""食材"",""text"":""丁皮""},{""label"":""食材"",""text"":""木香""},{""label"":""烹饪方法"",""text"":""为末""},{""label"":""食疗方"",""text"":""桂仙汤""},{""label"":""食材"",""text"":""木樨花""},{""label"":""食材"",""text"":""炒盐""},{""label"":""烹饪方法"",""text"":""擂细""},{""label"":""食材"",""text"":""甘草末""},{""label"":""烹饪方法"",""text"":""滚汤""},{""label"":""烹饪方法"",""text"":""泡""},{""label"":""烹饪方法"",""text"":""和""},{""label"":""烹饪方法"",""text"":""蒸""},{""label"":""食材"",""text"":""炒盐""},{""label"":""烹饪方法"",""text"":""和""},{""label"":""烹饪方法"",""text"":""作末""},{""label"":""烹饪方法"",""text"":""加汤""},{""label"":""烹饪方法"",""text"":""作膏子""},{""label"":""食疗方"",""text"":""香澄汤""},{""label"":""食疗方"",""text"":""紫云汤""},{""label"":""食材"",""text"":""甘草""},{""label"":""食材"",""text"":""良姜""},{""label"":""食材"",""text"":""桂皮""},{""label"":""食材"",""text"":""砂仁""},{""label"":""食材"",""text"":""千姜""},{""label"":""食材"",""text"":""甘松""},{""label"":""食材"",""text"":""檀香""},{""label"":""烹饪方法"",""text"":""煎""},{""label"":""烹饪方法"",""text"":""去渣""},{""label"":""烹饪方法"",""text"":""调和""},{""label"":""食材"",""text"":""良姜""},{""label"":""烹饪方法"",""text"":""切碎""},{""label"":""烹饪方法"",""text"":""炒""},{""label"":""食材"",""text"":""茴香""},{""label"":""烹饪方法"",""text"":""炒黄""},{""label"":""食材"",""text"":""甘草""},{""label"":""食材"",""text"":""炒盐""}]"
192,12,13,11,11,"[{""label"":""食材"",""text"":""姜丝""},{""label"":""食材"",""text"":""桔皮丝""},{""label"":""食材"",""text"":""白芷""},{""label"":""食材"",""text"":""菘莱""},{""label"":""食材"",""text"":""芥子""},{""label"":""烹饪方法"",""text"":""煎""},{""label"":""烹饪方法"",""text"":""炒""},{""label"":""烹饪方法"",""text"":""研""},{""label"":""烹饪方法"",""text"":""泡""},{""label"":""烹饪方法"",""text"":""滤""},{""label"":""食味"",""text"":""淡""}]"
193,17,14,13,13,"[{""label"":""食材"",""text"":""甘松""},{""label"":""食材"",""text"":""藿香""},{""label"":""食材"",""text"":""檀香""},{""label"":""食材"",""text"":""丁皮""},{""label"":""食材"",""text"":""砂仁""},{""label"":""食材"",""text"":""白豆蔻""},{""label"":""食材"",""text"":""桔皮""},{""label"":""食材"",""text"":""茯苓""},{""label"":""食材"",""text"":""甘草""},{""label"":""烹饪方法"",""text"":""煮""},{""label"":""烹饪方法"",""text"":""煎""},{""label"":""烹饪方法"",""text"":""捣""},{""label"":""烹饪方法"",""text"":""熬""}]"
194,31,20,26,27,"[{""label"":""食材"",""text"":""孩儿茶""},{""label"":""食材"",""text"":""芽茶""},{""label"":""食材"",""text"":""白豆蔻""},{""label"":""食材"",""text"":""射香""},{""label"":""食材"",""text"":""檀香""},{""label"":""食材"",""text"":""片脑""},{""label"":""食材"",""text"":""甘草""},{""label"":""食材"",""text"":""硼砂""},{""label"":""食材"",""text"":""寒水石""},{""label"":""食材"",""text"":""磔砂""},{""label"":""食材"",""text"":""朱砂""},{""label"":""食材"",""text"":""丹砂""},{""label"":""食味"",""text"":""辛""},{""label"":""食味"",""text"":""咸""},{""label"":""食味"",""text"":""甘""},{""label"":""食性"",""text"":""寒""},{""label"":""功效"",""text"":""清热解毒""},{""label"":""功效"",""text"":""镇静""},{""label"":""功效"",""text"":""安神""},{""label"":""功效"",""text"":""防腐""},{""label"":""病症"",""text"":""嗾科""},{""label"":""食疗方"",""text"":""透顶香""},{""label"":""食疗方"",""text"":""硼砂丸""},{""label"":""烹饪方法"",""text"":""丸""},{""label"":""烹饪方法"",""text"":""搓成丸状""},{""label"":""烹饪方法"",""text"":""为衣""},{""label"":""禁忌"",""text"":""防止丸药霉腐娈质""}]"
195,71,36,57,57,"[{""label"":""食材"",""text"":""萸""},{""label"":""食材"",""text"":""光鸟""},{""label"":""食材"",""text"":""陈皮""},{""label"":""食材"",""text"":""柏""},{""label"":""食材"",""text"":""香附""},{""label"":""食材"",""text"":""苍术""},{""label"":""食材"",""text"":""千姜""},{""label"":""食材"",""text"":""野菊花""},{""label"":""食材"",""text"":""杏仁""},{""label"":""食材"",""text"":""姜黄""},{""label"":""食材"",""text"":""薄荷""},{""label"":""食材"",""text"":""粳米粉""},{""label"":""食材"",""text"":""羰蓼""},{""label"":""食材"",""text"":""水姜""},{""label"":""食材"",""text"":""潸石末""},{""label"":""食材"",""text"":""荜拨""},{""label"":""食材"",""text"":""丁香""},{""label"":""食材"",""text"":""细辛""},{""label"":""食材"",""text"":""三赖""},{""label"":""食材"",""text"":""益智""},{""label"":""食材"",""text"":""丁皮""},{""label"":""食材"",""text"":""砂仁""},{""label"":""食材"",""text"":""桑椹""},{""label"":""食材"",""text"":""松枝""},{""label"":""食材"",""text"":""桔皮""},{""label"":""食材"",""text"":""沉香""},{""label"":""食材"",""text"":""木香""},{""label"":""食材"",""text"":""鸟头""},{""label"":""食性"",""text"":""温热""},{""label"":""食性"",""text"":""寒""},{""label"":""食性"",""text"":""热""},{""label"":""食味"",""text"":""苦""},{""label"":""食味"",""text"":""辛""},{""label"":""功效"",""text"":""清火""},{""label"":""功效"",""text"":""解毒""},{""label"":""功效"",""text"":""调经""},{""label"":""功效"",""text"":""止痛""},{""label"":""功效"",""text"":""化湿""},{""label"":""功效"",""text"":""祛风""},{""label"":""功效"",""text"":""治疗目疾""},{""label"":""功效"",""text"":""行气活血""},{""label"":""病症"",""text"":""风湿痛""},{""label"":""病症"",""text"":""跌打伤痛""},{""label"":""病症"",""text"":""胃寒腹痛""},{""label"":""病症"",""text"":""呕吐泄泻""},{""label"":""烹饪方法"",""text"":""舂汁""},{""label"":""烹饪方法"",""text"":""炮制""},{""label"":""禁忌"",""text"":""凡酒内止可用砂仁,余药皆不可用""},{""label"":""古籍来源"",""text"":""光鸟:""},{""label"":""古籍来源"",""text"":""费怕:""},{""label"":""古籍来源"",""text"":""香附:""},{""label"":""古籍来源"",""text"":""苍术:""},{""label"":""古籍来源"",""text"":""千姜:""},{""label"":""古籍来源"",""text"":""姜黄;""},{""label"":""古籍来源"",""text"":""辣塞。""},{""label"":""古籍来源"",""text"":""荜拨:""},{""label"":""古籍来源"",""text"":""三赖:""}]"
196,22,11,16,16,"[{""label"":""食材"",""text"":""白糯米""},{""label"":""食材"",""text"":""细曲""},{""label"":""食材"",""text"":""红曲""},{""label"":""食材"",""text"":""发糟""},{""label"":""食材"",""text"":""面""},{""label"":""烹饪方法"",""text"":""煮""},{""label"":""烹饪方法"",""text"":""打碎""},{""label"":""烹饪方法"",""text"":""和""},{""label"":""烹饪方法"",""text"":""滤""},{""label"":""烹饪方法"",""text"":""擀""},{""label"":""烹饪方法"",""text"":""包""},{""label"":""烹饪方法"",""text"":""发酵""},{""label"":""烹饪方法"",""text"":""滤粕取酵""},{""label"":""烹饪方法"",""text"":""和酵成剂""},{""label"":""烹饪方法"",""text"":""摒匀""},{""label"":""禁忌"",""text"":""天寒水冻则一周时过半盖""}]"
197,22,15,23,23,"[{""label"":""食材"",""text"":""芝麻""},{""label"":""食材"",""text"":""沙糖""},{""label"":""食材"",""text"":""饧糖""},{""label"":""食材"",""text"":""炒面""},{""label"":""食材"",""text"":""薄荷末""},{""label"":""食材"",""text"":""大黄豆""},{""label"":""食材"",""text"":""干沙糖""},{""label"":""食材"",""text"":""白沙糖""},{""label"":""食材"",""text"":""白面""},{""label"":""食材"",""text"":""胡桃仁""},{""label"":""烹饪方法"",""text"":""炒""},{""label"":""烹饪方法"",""text"":""熬""},{""label"":""烹饪方法"",""text"":""淘""},{""label"":""烹饪方法"",""text"":""磨""},{""label"":""烹饪方法"",""text"":""筛""},{""label"":""烹饪方法"",""text"":""拌""},{""label"":""烹饪方法"",""text"":""和""},{""label"":""烹饪方法"",""text"":""切片""},{""label"":""烹饪方法"",""text"":""脱""},{""label"":""烹饪方法"",""text"":""溶开""},{""label"":""烹饪方法"",""text"":""搜摒""},{""label"":""食疗方"",""text"":""麻糖""},{""label"":""食疗方"",""text"":""玛瑙团""}]"
198,48,0,35,35,"[{""label"":""烹饪方法"",""text"":""蒸""},{""label"":""烹饪方法"",""text"":""搜""},{""label"":""烹饪方法"",""text"":""和""},{""label"":""烹饪方法"",""text"":""烧""},{""label"":""食材"",""text"":""酵""},{""label"":""食材"",""text"":""碱""},{""label"":""食材"",""text"":""水""},{""label"":""食材"",""text"":""汤""},{""label"":""食材"",""text"":""面""},{""label"":""食材"",""text"":""饼""},{""label"":""烹饪方法"",""text"":""点水""},{""label"":""烹饪方法"",""text"":""滚汤""},{""label"":""烹饪方法"",""text"":""沸汤""},{""label"":""烹饪方法"",""text"":""冷水""},{""label"":""烹饪方法"",""text"":""胆冷""},{""label"":""烹饪方法"",""text"":""沸汤便搜""},{""label"":""烹饪方法"",""text"":""包馅""},{""label"":""烹饪方法"",""text"":""盖住""},{""label"":""烹饪方法"",""text"":""生火""},{""label"":""烹饪方法"",""text"":""和面""},{""label"":""烹饪方法"",""text"":""发火""},{""label"":""烹饪方法"",""text"":""烧火""},{""label"":""烹饪方法"",""text"":""上笼""},{""label"":""烹饪方法"",""text"":""猛烧""},{""label"":""烹饪方法"",""text"":""笼顶盖""},{""label"":""烹饪方法"",""text"":""一发火即定""},{""label"":""烹饪方法"",""text"":""再发火""},{""label"":""食材"",""text"":""搭酵""},{""label"":""食材"",""text"":""小酵""},{""label"":""食材"",""text"":""大酵""},{""label"":""烹饪方法"",""text"":""搜面""},{""label"":""烹饪方法"",""text"":""点水便搜""},{""label"":""烹饪方法"",""text"":""停火""},{""label"":""烹饪方法"",""text"":""定""},{""label"":""烹饪方法"",""text"":""发酵""}]"
199,14,0,12,12,"[{""label"":""古籍来源"",""text"":""《易牙遗意》""},{""label"":""古籍来源"",""text"":""《中馈录》""},{""label"":""古籍来源"",""text"":""《多能鄙事》""},{""label"":""古籍来源"",""text"":""《四库全书总目提要》""},{""label"":""古籍来源"",""text"":""《西湖游览志余》""},{""label"":""古籍来源"",""text"":""《夷门广读》""},{""label"":""医家"",""text"":""韩奕""},{""label"":""医家"",""text"":""倪瓒""},{""label"":""医家"",""text"":""袁枚""},{""label"":""医家"",""text"":""黄省曾""},{""label"":""医家"",""text"":""田妆成""},{""label"":""医家"",""text"":""金家瑞""}]"
200,6,0,6,6,"[{""label"":""食材"",""text"":""盐豉""},{""label"":""食材"",""text"":""醇酒""},{""label"":""食材"",""text"":""酱""},{""label"":""医家"",""text"":""周履靖""},{""label"":""古籍来源"",""text"":""《夷门广读》""},{""label"":""古籍来源"",""text"":""《梅颠选稿》""}]"
201,10,9,9,9,"[{""label"":""食材"",""text"":""大麦""},{""label"":""食材"",""text"":""黄豆""},{""label"":""烹饪方法"",""text"":""打""},{""label"":""烹饪方法"",""text"":""磨粉""},{""label"":""烹饪方法"",""text"":""投""},{""label"":""烹饪方法"",""text"":""揉搓""},{""label"":""禁忌"",""text"":""过则味减矣""},{""label"":""禁忌"",""text"":""酱止宜周岁""},{""label"":""古籍来源"",""text"":""按""}]"
202,24,19,19,19,"[{""label"":""食材"",""text"":""猪肉""},{""label"":""食材"",""text"":""胰脂""},{""label"":""食材"",""text"":""香椒""},{""label"":""食材"",""text"":""砂仁""},{""label"":""食材"",""text"":""葱白""},{""label"":""食材"",""text"":""绿豆粉""},{""label"":""食材"",""text"":""白面""},{""label"":""食材"",""text"":""盐""},{""label"":""烹饪方法"",""text"":""煮""},{""label"":""烹饪方法"",""text"":""研""},{""label"":""烹饪方法"",""text"":""调和""},{""label"":""烹饪方法"",""text"":""切""},{""label"":""烹饪方法"",""text"":""下""},{""label"":""烹饪方法"",""text"":""调""},{""label"":""烹饪方法"",""text"":""搜""},{""label"":""烹饪方法"",""text"":""作""},{""label"":""食疗方"",""text"":""汤饼类""},{""label"":""食疗方"",""text"":""馄饨""},{""label"":""禁忌"",""text"":""不可多""}]"
203,15,19,13,13,"[{""label"":""食材"",""text"":""大蚕豆""},{""label"":""食材"",""text"":""红辣椒""},{""label"":""食材"",""text"":""甜酒""},{""label"":""食材"",""text"":""大黄豆""},{""label"":""烹饪方法"",""text"":""泡""},{""label"":""烹饪方法"",""text"":""磨""},{""label"":""烹饪方法"",""text"":""烫洗""},{""label"":""烹饪方法"",""text"":""晒""},{""label"":""烹饪方法"",""text"":""露""},{""label"":""烹饪方法"",""text"":""煮""},{""label"":""烹饪方法"",""text"":""捞""},{""label"":""食疗方"",""text"":""制辣豆瓣法""},{""label"":""食疗方"",""text"":""制豆豉法""}]"
204,23,0,0,0,[]
205,31,29,22,22,"[{""label"":""食材"",""text"":""盐""},{""label"":""食材"",""text"":""酱油""},{""label"":""食材"",""text"":""酒""},{""label"":""食材"",""text"":""白糖""},{""label"":""食材"",""text"":""硝水""},{""label"":""食材"",""text"":""花椒""},{""label"":""食材"",""text"":""小茴""},{""label"":""食材"",""text"":""大茴""},{""label"":""食材"",""text"":""葱""},{""label"":""食材"",""text"":""肉""},{""label"":""食材"",""text"":""姜""},{""label"":""食材"",""text"":""香料""},{""label"":""烹饪方法"",""text"":""炒""},{""label"":""烹饪方法"",""text"":""研""},{""label"":""烹饪方法"",""text"":""切碎""},{""label"":""烹饪方法"",""text"":""红烧""},{""label"":""烹饪方法"",""text"":""熬""},{""label"":""烹饪方法"",""text"":""捡去""},{""label"":""烹饪方法"",""text"":""搅""},{""label"":""烹饪方法"",""text"":""旋搅旋熬""},{""label"":""烹饪方法"",""text"":""揉炒""},{""label"":""烹饪方法"",""text"":""焙干""}]"
206,5,0,0,0,[]
207,20,20,13,13,"[{""label"":""食材"",""text"":""鸭蛋""},{""label"":""食材"",""text"":""烧酒""},{""label"":""食材"",""text"":""甜酒糟""},{""label"":""食材"",""text"":""盐""},{""label"":""食材"",""text"":""炭灰""},{""label"":""食材"",""text"":""石灰""},{""label"":""食材"",""text"":""浓茶""},{""label"":""食材"",""text"":""稻糠""},{""label"":""烹饪方法"",""text"":""滚""},{""label"":""烹饪方法"",""text"":""泡""},{""label"":""烹饪方法"",""text"":""贮""},{""label"":""烹饪方法"",""text"":""封固""},{""label"":""烹饪方法"",""text"":""日晒夜露""}]"
208,15,18,12,12,"[{""label"":""食材"",""text"":""霜蟹""},{""label"":""食材"",""text"":""花椒""},{""label"":""食材"",""text"":""细盐""},{""label"":""食材"",""text"":""麻皮""},{""label"":""食材"",""text"":""皂角""},{""label"":""食材"",""text"":""酒""},{""label"":""食材"",""text"":""酱油""},{""label"":""食材"",""text"":""醋""},{""label"":""食材"",""text"":""饴糖""},{""label"":""烹饪方法"",""text"":""炒""},{""label"":""烹饪方法"",""text"":""浸""},{""label"":""食疗方"",""text"":""制醉蟹法""}]"
209,23,18,23,23,"[{""label"":""食材"",""text"":""大南枣""},{""label"":""食材"",""text"":""人参""},{""label"":""烹饪方法"",""text"":""蒸""},{""label"":""烹饪方法"",""text"":""捣""},{""label"":""功效"",""text"":""补气""},{""label"":""食材"",""text"":""柿饼""},{""label"":""食材"",""text"":""芝麻""},{""label"":""食材"",""text"":""糯米粉""},{""label"":""烹饪方法"",""text"":""炒""},{""label"":""烹饪方法"",""text"":""研""},{""label"":""烹饪方法"",""text"":""蒸""},{""label"":""烹饪方法"",""text"":""捣""},{""label"":""食材"",""text"":""糯米""},{""label"":""烹饪方法"",""text"":""炒""},{""label"":""烹饪方法"",""text"":""研""},{""label"":""食材"",""text"":""红枣肉""},{""label"":""烹饪方法"",""text"":""蒸""},{""label"":""烹饪方法"",""text"":""捣""},{""label"":""烹饪方法"",""text"":""晒干""},{""label"":""食味"",""text"":""咸""},{""label"":""功效"",""text"":""不饥""},{""label"":""食疗方"",""text"":""耐饥丸""},{""label"":""古籍来源"",""text"":""制南枣法""}]"
210,24,19,20,20,"[{""label"":""食材"",""text"":""鸡鸭""},{""label"":""食材"",""text"":""甜酱""},{""label"":""食材"",""text"":""好酒""},{""label"":""食材"",""text"":""花椒""},{""label"":""食材"",""text"":""猪油""},{""label"":""食材"",""text"":""鸡汤""},{""label"":""食材"",""text"":""肉汤""},{""label"":""烹饪方法"",""text"":""烧""},{""label"":""烹饪方法"",""text"":""烹""},{""label"":""烹饪方法"",""text"":""煮""},{""label"":""烹饪方法"",""text"":""烧干""},{""label"":""烹饪方法"",""text"":""翻转""},{""label"":""烹饪方法"",""text"":""剥""},{""label"":""烹饪方法"",""text"":""切""},{""label"":""烹饪方法"",""text"":""晾""},{""label"":""烹饪方法"",""text"":""取出""},{""label"":""烹饪方法"",""text"":""装""},{""label"":""烹饪方法"",""text"":""取出再晾""},{""label"":""烹饪方法"",""text"":""埯""},{""label"":""禁忌"",""text"":""勿使粘锅""}]"
211,51,37,36,36,"[{""label"":""食材"",""text"":""猪肉""},{""label"":""食材"",""text"":""豆酱""},{""label"":""食材"",""text"":""火腿""},{""label"":""食材"",""text"":""香油""},{""label"":""食材"",""text"":""甜酱""},{""label"":""食材"",""text"":""白糖""},{""label"":""食材"",""text"":""甜酒""},{""label"":""食材"",""text"":""松子""},{""label"":""食材"",""text"":""核桃""},{""label"":""食材"",""text"":""瓜子""},{""label"":""食材"",""text"":""面酱""},{""label"":""食材"",""text"":""核桃仁""},{""label"":""食材"",""text"":""花生仁""},{""label"":""食材"",""text"":""松子仁""},{""label"":""食材"",""text"":""瓜子仁""},{""label"":""食材"",""text"":""桂皮""},{""label"":""食材"",""text"":""砂仁""},{""label"":""食材"",""text"":""猪板油""},{""label"":""食材"",""text"":""鸡蛋黄""},{""label"":""食材"",""text"":""绿豆粉""},{""label"":""食材"",""text"":""酱油""},{""label"":""食材"",""text"":""酒""},{""label"":""烹饪方法"",""text"":""煮""},{""label"":""烹饪方法"",""text"":""晒""},{""label"":""烹饪方法"",""text"":""烧""},{""label"":""烹饪方法"",""text"":""下""},{""label"":""烹饪方法"",""text"":""泡""},{""label"":""烹饪方法"",""text"":""炒""},{""label"":""烹饪方法"",""text"":""收""},{""label"":""烹饪方法"",""text"":""切""},{""label"":""烹饪方法"",""text"":""腌""},{""label"":""烹饪方法"",""text"":""捏丸""},{""label"":""烹饪方法"",""text"":""调匀""},{""label"":""食疗方"",""text"":""酱肉法""},{""label"":""食疗方"",""text"":""火腿酱法""},{""label"":""食疗方"",""text"":""猪油丸法""}]"
212,32,26,19,19,"[{""label"":""食材"",""text"":""香菰""},{""label"":""食材"",""text"":""冬笄""},{""label"":""食材"",""text"":""葱白""},{""label"":""食材"",""text"":""油丸""},{""label"":""食材"",""text"":""猪头""},{""label"":""食材"",""text"":""大蒜""},{""label"":""食材"",""text"":""柑花""},{""label"":""食材"",""text"":""芥末""},{""label"":""食材"",""text"":""甜酱""},{""label"":""食材"",""text"":""猪后脚""},{""label"":""食材"",""text"":""香蕈""},{""label"":""食材"",""text"":""白糖""},{""label"":""烹饪方法"",""text"":""煮""},{""label"":""烹饪方法"",""text"":""蒸""},{""label"":""烹饪方法"",""text"":""炒""},{""label"":""烹饪方法"",""text"":""擦""},{""label"":""烹饪方法"",""text"":""切""},{""label"":""烹饪方法"",""text"":""塞""},{""label"":""烹饪方法"",""text"":""扯碎""}]"
215,21,40,20,20,"[{""label"":""食材"",""text"":""牛肉""},{""label"":""食材"",""text"":""鹿肉""},{""label"":""食材"",""text"":""盐""},{""label"":""烹饪方法"",""text"":""晒""},{""label"":""烹饪方法"",""text"":""压""},{""label"":""烹饪方法"",""text"":""滚""},{""label"":""食材"",""text"":""鸭""},{""label"":""食材"",""text"":""鸡""},{""label"":""烹饪方法"",""text"":""宰洗""},{""label"":""烹饪方法"",""text"":""烘""},{""label"":""食材"",""text"":""甜酱""},{""label"":""烹饪方法"",""text"":""烹""},{""label"":""烹饪方法"",""text"":""煮""},{""label"":""食材"",""text"":""甜酒""},{""label"":""食材"",""text"":""清酱""},{""label"":""食材"",""text"":""椒""},{""label"":""食材"",""text"":""八角""},{""label"":""烹饪方法"",""text"":""墩""},{""label"":""食材"",""text"":""椒末""},{""label"":""食材"",""text"":""葱珠""}]"
216,27,17,15,15,"[{""label"":""食材"",""text"":""盐""},{""label"":""食材"",""text"":""冰糖""},{""label"":""食材"",""text"":""甜姜""},{""label"":""食材"",""text"":""梅杏""},{""label"":""食材"",""text"":""蒜头""},{""label"":""食味"",""text"":""咸""},{""label"":""食味"",""text"":""辛辣""},{""label"":""食味"",""text"":""甜""},{""label"":""烹饪方法"",""text"":""腌""},{""label"":""烹饪方法"",""text"":""煎""},{""label"":""烹饪方法"",""text"":""晒""},{""label"":""烹饪方法"",""text"":""泡""},{""label"":""烹饪方法"",""text"":""压""},{""label"":""烹饪方法"",""text"":""封贮""},{""label"":""禁忌"",""text"":""切勿伤破其皮""}]"
217,24,21,18,18,"[{""label"":""食材"",""text"":""虾""},{""label"":""食材"",""text"":""鸡蛋""},{""label"":""食材"",""text"":""蓑豆粉""},{""label"":""食材"",""text"":""香圆丝""},{""label"":""食材"",""text"":""香菇丝""},{""label"":""食材"",""text"":""瓜子仁""},{""label"":""食材"",""text"":""豆油""},{""label"":""食材"",""text"":""猪油""},{""label"":""食材"",""text"":""蒜""},{""label"":""食材"",""text"":""鱼肉""},{""label"":""食材"",""text"":""香油""},{""label"":""食材"",""text"":""梗灰""},{""label"":""烹饪方法"",""text"":""煮""},{""label"":""烹饪方法"",""text"":""炙""},{""label"":""烹饪方法"",""text"":""烧热""},{""label"":""禁忌"",""text"":""不可太熟""},{""label"":""禁忌"",""text"":""勿令透风走气""},{""label"":""禁忌"",""text"":""若少停。便娈味""}]"
218,1,0,0,0,[]
219,40,14,14,14,"[{""label"":""食材"",""text"":""芥""},{""label"":""食材"",""text"":""莱""},{""label"":""食材"",""text"":""白莱""},{""label"":""食材"",""text"":""白粜""},{""label"":""烹饪方法"",""text"":""煮""},{""label"":""烹饪方法"",""text"":""烫""},{""label"":""烹饪方法"",""text"":""煎""},{""label"":""烹饪方法"",""text"":""切""},{""label"":""烹饪方法"",""text"":""披""},{""label"":""烹饪方法"",""text"":""泡""},{""label"":""烹饪方法"",""text"":""收贮""},{""label"":""烹饪方法"",""text"":""灌""},{""label"":""烹饪方法"",""text"":""掩""},{""label"":""食疗方"",""text"":""做酸白莱法""}]"
220,20,22,17,17,"[{""label"":""食材"",""text"":""鸡蛋""},{""label"":""食材"",""text"":""酱""},{""label"":""食材"",""text"":""猪肉""},{""label"":""食材"",""text"":""豆粉""},{""label"":""食材"",""text"":""鸡蛋清""},{""label"":""食材"",""text"":""豆油""},{""label"":""食材"",""text"":""甜酒""},{""label"":""食材"",""text"":""花椒""},{""label"":""食材"",""text"":""八角""},{""label"":""食材"",""text"":""葱""},{""label"":""食材"",""text"":""落花生""},{""label"":""烹饪方法"",""text"":""腌""},{""label"":""烹饪方法"",""text"":""煮""},{""label"":""烹饪方法"",""text"":""煎""},{""label"":""烹饪方法"",""text"":""蒸""},{""label"":""烹饪方法"",""text"":""卷""},{""label"":""食疗方"",""text"":""白煮蛋法""}]"
221,27,24,19,19,"[{""label"":""食材"",""text"":""芝""},{""label"":""食材"",""text"":""葱藻""},{""label"":""食材"",""text"":""枣""},{""label"":""食材"",""text"":""栗""},{""label"":""食材"",""text"":""瓜""},{""label"":""食材"",""text"":""鱼""},{""label"":""食材"",""text"":""豚""},{""label"":""食材"",""text"":""熊""},{""label"":""食材"",""text"":""盐""},{""label"":""食材"",""text"":""梅""},{""label"":""古籍来源"",""text"":""《易》""},{""label"":""古籍来源"",""text"":""《书》""},{""label"":""古籍来源"",""text"":""《诗》""},{""label"":""古籍来源"",""text"":""《传》""},{""label"":""古籍来源"",""text"":""《礼记》""},{""label"":""烹饪方法"",""text"":""削""},{""label"":""烹饪方法"",""text"":""钻""},{""label"":""烹饪方法"",""text"":""烹""},{""label"":""烹饪方法"",""text"":""煮""}]"
222,23,26,20,20,"[{""label"":""食材"",""text"":""乳""},{""label"":""食材"",""text"":""乳皮""},{""label"":""食材"",""text"":""芝麻""},{""label"":""食材"",""text"":""胡桃仁""},{""label"":""食材"",""text"":""米醋""},{""label"":""烹饪方法"",""text"":""烫洗""},{""label"":""烹饪方法"",""text"":""挤""},{""label"":""烹饪方法"",""text"":""装""},{""label"":""烹饪方法"",""text"":""烫滚""},{""label"":""烹饪方法"",""text"":""取""},{""label"":""烹饪方法"",""text"":""煎化""},{""label"":""烹饪方法"",""text"":""研""},{""label"":""烹饪方法"",""text"":""筛过""},{""label"":""烹饪方法"",""text"":""调匀""},{""label"":""烹饪方法"",""text"":""捏""},{""label"":""烹饪方法"",""text"":""成饼""},{""label"":""烹饪方法"",""text"":""烫热""},{""label"":""功效"",""text"":""补益之功更大""},{""label"":""食味"",""text"":""咸""},{""label"":""古籍来源"",""text"":""原书""}]"
223,39,35,26,26,"[{""label"":""食材"",""text"":""荔枝肉""},{""label"":""食材"",""text"":""荚油""},{""label"":""食材"",""text"":""酒""},{""label"":""食材"",""text"":""清酱""},{""label"":""食材"",""text"":""八宝肉""},{""label"":""食材"",""text"":""鹰爪""},{""label"":""食材"",""text"":""香蕈""},{""label"":""食材"",""text"":""花海蜇""},{""label"":""食材"",""text"":""胡桃肉""},{""label"":""食材"",""text"":""笋片""},{""label"":""食材"",""text"":""火腿""},{""label"":""食材"",""text"":""麻油""},{""label"":""食材"",""text"":""秋油""},{""label"":""食材"",""text"":""夹心肉""},{""label"":""食材"",""text"":""鸡蛋""},{""label"":""食材"",""text"":""糖醋蕃茄卤汁""},{""label"":""食材"",""text"":""茶芽""},{""label"":""食材"",""text"":""嫩茶""},{""label"":""烹饪方法"",""text"":""煮""},{""label"":""烹饪方法"",""text"":""炮""},{""label"":""烹饪方法"",""text"":""煨""},{""label"":""烹饪方法"",""text"":""炸""},{""label"":""烹饪方法"",""text"":""拌炒""},{""label"":""烹饪方法"",""text"":""切""},{""label"":""烹饪方法"",""text"":""撩起""},{""label"":""古籍来源"",""text"":""负暄杂录""}]"
224,14,13,14,14,"[{""label"":""食材"",""text"":""鸡""},{""label"":""食材"",""text"":""鱼""},{""label"":""食材"",""text"":""鹅""},{""label"":""食材"",""text"":""鸭""},{""label"":""食材"",""text"":""甲鱼""},{""label"":""烹饪方法"",""text"":""烹""},{""label"":""烹饪方法"",""text"":""烧""},{""label"":""烹饪方法"",""text"":""蒸""},{""label"":""烹饪方法"",""text"":""杀""},{""label"":""烹饪方法"",""text"":""熟""},{""label"":""烹饪方法"",""text"":""吃""},{""label"":""养生原则"",""text"":""不恤人功""},{""label"":""养生原则"",""text"":""不懵物力""},{""label"":""古籍来源"",""text"":""尚书""}]"
225,37,31,32,32,"[{""label"":""食材"",""text"":""白莱""},{""label"":""食材"",""text"":""肉""},{""label"":""食材"",""text"":""秋油""},{""label"":""食材"",""text"":""酒""},{""label"":""食材"",""text"":""木屑""},{""label"":""食材"",""text"":""精肉""},{""label"":""食材"",""text"":""清酱""},{""label"":""食材"",""text"":""大虾肉""},{""label"":""食材"",""text"":""猪油""},{""label"":""食材"",""text"":""莱油""},{""label"":""食材"",""text"":""鸡汤""},{""label"":""食材"",""text"":""蒸粉""},{""label"":""食材"",""text"":""葱""},{""label"":""食材"",""text"":""椒""},{""label"":""食材"",""text"":""猪里脊肉""},{""label"":""食材"",""text"":""熟火腿末""},{""label"":""食材"",""text"":""绿豆""},{""label"":""食材"",""text"":""粉""},{""label"":""烹饪方法"",""text"":""煨""},{""label"":""烹饪方法"",""text"":""熏""},{""label"":""烹饪方法"",""text"":""切""},{""label"":""烹饪方法"",""text"":""敲扁""},{""label"":""烹饪方法"",""text"":""煮""},{""label"":""烹饪方法"",""text"":""撩起""},{""label"":""烹饪方法"",""text"":""熬""},{""label"":""烹饪方法"",""text"":""灌熟""},{""label"":""烹饪方法"",""text"":""熬滚""},{""label"":""烹饪方法"",""text"":""糁""},{""label"":""烹饪方法"",""text"":""濯熟""},{""label"":""烹饪方法"",""text"":""沉淀""},{""label"":""烹饪方法"",""text"":""沥干""},{""label"":""食疗方"",""text"":""芙蓉肉""}]"
226,42,26,25,25,"[{""label"":""食材"",""text"":""燕窝""},{""label"":""食材"",""text"":""鸡汁""},{""label"":""食材"",""text"":""蘑菇汁""},{""label"":""食材"",""text"":""海参""},{""label"":""食材"",""text"":""肉汤""},{""label"":""食材"",""text"":""香蕈""},{""label"":""食材"",""text"":""木耳""},{""label"":""食材"",""text"":""芥末""},{""label"":""食材"",""text"":""笋丁""},{""label"":""食材"",""text"":""豆腐皮""},{""label"":""食材"",""text"":""鸡腿""},{""label"":""食材"",""text"":""蘑菇""},{""label"":""食材"",""text"":""鱼翅""},{""label"":""食材"",""text"":""虾子""},{""label"":""食材"",""text"":""香鼙""},{""label"":""烹饪方法"",""text"":""煨""},{""label"":""烹饪方法"",""text"":""煮""},{""label"":""烹饪方法"",""text"":""拌""},{""label"":""烹饪方法"",""text"":""红烧""},{""label"":""烹饪方法"",""text"":""泡""},{""label"":""烹饪方法"",""text"":""滚泡""},{""label"":""烹饪方法"",""text"":""切""},{""label"":""古籍来源"",""text"":""观8""},{""label"":""医家"",""text"":""钱观察""},{""label"":""医家"",""text"":""蒋侍郎""}]"
227,2,0,0,0,[]
228,35,29,25,25,"[{""label"":""食材"",""text"":""清酱""},{""label"":""食材"",""text"":""酒娘""},{""label"":""食材"",""text"":""鸡炀""},{""label"":""食材"",""text"":""鲟鱼""},{""label"":""食材"",""text"":""鳇鱼""},{""label"":""食材"",""text"":""瓜羡""},{""label"":""食材"",""text"":""葱花""},{""label"":""食材"",""text"":""明骨""},{""label"":""食材"",""text"":""鸡汤""},{""label"":""食材"",""text"":""葱椒韭""},{""label"":""食材"",""text"":""姜汁""},{""label"":""食材"",""text"":""黄鱼""},{""label"":""食材"",""text"":""酱酒""},{""label"":""烹饪方法"",""text"":""煎""},{""label"":""烹饪方法"",""text"":""煨""},{""label"":""烹饪方法"",""text"":""炒""},{""label"":""烹饪方法"",""text"":""切片""},{""label"":""烹饪方法"",""text"":""油炮""},{""label"":""烹饪方法"",""text"":""爆炒""},{""label"":""烹饪方法"",""text"":""煮""},{""label"":""禁忌"",""text"":""或去其背""},{""label"":""禁忌"",""text"":""专取肚皮""},{""label"":""禁忌"",""text"":""则真味全失矣""},{""label"":""医家"",""text"":""尹文端公""},{""label"":""医家"",""text"":""尹继菁""}]"
229,14,11,8,8,"[{""label"":""食材"",""text"":""豆粉""},{""label"":""食材"",""text"":""绿豆粉""},{""label"":""食材"",""text"":""酒""},{""label"":""食材"",""text"":""盐""},{""label"":""食材"",""text"":""味精""},{""label"":""食材"",""text"":""淀粉""},{""label"":""食材"",""text"":""麸""},{""label"":""古籍来源"",""text"":""《汉制考》""}]"
231,31,23,23,23,"[{""label"":""食材"",""text"":""甲鱼""},{""label"":""烹饪方法"",""text"":""炒""},{""label"":""烹饪方法"",""text"":""煮""},{""label"":""烹饪方法"",""text"":""煎""},{""label"":""烹饪方法"",""text"":""煨""},{""label"":""食材"",""text"":""麻油""},{""label"":""食材"",""text"":""秋油""},{""label"":""食材"",""text"":""鸡汁""},{""label"":""食材"",""text"":""酱""},{""label"":""食材"",""text"":""葱""},{""label"":""食材"",""text"":""椒""},{""label"":""食材"",""text"":""脂油""},{""label"":""食材"",""text"":""酒""},{""label"":""食材"",""text"":""蒜""},{""label"":""食材"",""text"":""姜""},{""label"":""食材"",""text"":""糖""},{""label"":""食材"",""text"":""大回香""},{""label"":""食材"",""text"":""盐""},{""label"":""食材"",""text"":""笋尖""},{""label"":""食疗方"",""text"":""带骨甲鱼""},{""label"":""古籍来源"",""text"":""真定魏太守家法""},{""label"":""古籍来源"",""text"":""杭州法""},{""label"":""古籍来源"",""text"":""苏州唐静涵家祛""}]"
232,110,28,29,29,"[{""label"":""食材"",""text"":""淡莱""},{""label"":""食材"",""text"":""海螅""},{""label"":""食材"",""text"":""鸟鱼蛋""},{""label"":""食材"",""text"":""贻贝""},{""label"":""食材"",""text"":""海螺""},{""label"":""食材"",""text"":""海蜒""},{""label"":""食材"",""text"":""鸟鱼""},{""label"":""食材"",""text"":""蠡鱼""},{""label"":""烹饪方法"",""text"":""煨""},{""label"":""烹饪方法"",""text"":""炒""},{""label"":""烹饪方法"",""text"":""蒸""},{""label"":""烹饪方法"",""text"":""炖""},{""label"":""烹饪方法"",""text"":""煨烂""},{""label"":""烹饪方法"",""text"":""浸泡""},{""label"":""烹饪方法"",""text"":""洗""},{""label"":""烹饪方法"",""text"":""剥""},{""label"":""烹饪方法"",""text"":""制汤""},{""label"":""食材"",""text"":""肉""},{""label"":""食材"",""text"":""汤""},{""label"":""食材"",""text"":""虾米""},{""label"":""食材"",""text"":""蛋""},{""label"":""食材"",""text"":""蘑菇""},{""label"":""食材"",""text"":""鸡汤""},{""label"":""食材"",""text"":""水""},{""label"":""食材"",""text"":""酒""},{""label"":""食材"",""text"":""黑翳""},{""label"":""脏腑"",""text"":""心""},{""label"":""医家"",""text"":""龚云岩""},{""label"":""古籍来源"",""text"":""司马""}]"
233,18,25,16,16,"[{""label"":""食材"",""text"":""萝卜""},{""label"":""食材"",""text"":""山笄""},{""label"":""食材"",""text"":""刀鱼""},{""label"":""食材"",""text"":""鲚鱼""},{""label"":""食材"",""text"":""肉""},{""label"":""食材"",""text"":""鸡""},{""label"":""食材"",""text"":""鱼""},{""label"":""食材"",""text"":""白煮肉""},{""label"":""食材"",""text"":""粥""},{""label"":""食材"",""text"":""米""},{""label"":""食材"",""text"":""鸭""},{""label"":""食材"",""text"":""笄蔬""},{""label"":""烹饪方法"",""text"":""煎炒""},{""label"":""烹饪方法"",""text"":""炒""},{""label"":""烹饪方法"",""text"":""白煮""},{""label"":""烹饪方法"",""text"":""煮""}]"
234,13,11,7,7,"[{""label"":""食材"",""text"":""羊肉""},{""label"":""食材"",""text"":""猪肉""},{""label"":""食材"",""text"":""核桃""},{""label"":""烹饪方法"",""text"":""煨""},{""label"":""烹饪方法"",""text"":""炒""},{""label"":""烹饪方法"",""text"":""烧""},{""label"":""烹饪方法"",""text"":""拌""}]"
235,28,16,13,13,"[{""label"":""食材"",""text"":""青鱼""},{""label"":""食材"",""text"":""芝麻""},{""label"":""食材"",""text"":""鳐鱼""},{""label"":""食材"",""text"":""黄姑鱼""},{""label"":""食材"",""text"":""小鱼""},{""label"":""烹饪方法"",""text"":""煎""},{""label"":""烹饪方法"",""text"":""炒""},{""label"":""烹饪方法"",""text"":""滚""},{""label"":""烹饪方法"",""text"":""蒸""},{""label"":""烹饪方法"",""text"":""腌""},{""label"":""烹饪方法"",""text"":""压扁""},{""label"":""烹饪方法"",""text"":""收汤""},{""label"":""食疗方"",""text"":""家常煎鱼""}]"
236,15,20,15,15,"[{""label"":""食材"",""text"":""燕窝""},{""label"":""食材"",""text"":""天泉""},{""label"":""食材"",""text"":""嫩鸡汤""},{""label"":""食材"",""text"":""好火腿汤""},{""label"":""食材"",""text"":""新蘑菇""},{""label"":""食材"",""text"":""肉丝""},{""label"":""食材"",""text"":""鸡丝""},{""label"":""食材"",""text"":""蘑菇丝""},{""label"":""食材"",""text"":""笋尖丝""},{""label"":""食材"",""text"":""鲫鱼肚""},{""label"":""食材"",""text"":""野鸡嫩片""},{""label"":""食材"",""text"":""冬瓜""},{""label"":""烹饪方法"",""text"":""泡""},{""label"":""烹饪方法"",""text"":""挑去""},{""label"":""烹饪方法"",""text"":""滚""}]"
237,33,25,22,22,"[{""label"":""食材"",""text"":""面筋""},{""label"":""食材"",""text"":""鸡汤""},{""label"":""食材"",""text"":""蘑菇""},{""label"":""食材"",""text"":""冬笄""},{""label"":""食材"",""text"":""天花""},{""label"":""食材"",""text"":""虾米""},{""label"":""食材"",""text"":""甜酱""},{""label"":""食材"",""text"":""茄子""},{""label"":""食材"",""text"":""猪油""},{""label"":""食材"",""text"":""秋油""},{""label"":""食材"",""text"":""麻油""},{""label"":""食材"",""text"":""米醭""},{""label"":""烹饪方法"",""text"":""炙""},{""label"":""烹饪方法"",""text"":""煨""},{""label"":""烹饪方法"",""text"":""炒""},{""label"":""烹饪方法"",""text"":""泡""},{""label"":""烹饪方法"",""text"":""切""},{""label"":""烹饪方法"",""text"":""蒸""},{""label"":""烹饪方法"",""text"":""灼""},{""label"":""烹饪方法"",""text"":""炮炒""},{""label"":""烹饪方法"",""text"":""拌""},{""label"":""烹饪方法"",""text"":""氽""}]"
238,32,22,22,22,"[{""label"":""食材"",""text"":""糖""},{""label"":""食材"",""text"":""盐""},{""label"":""食材"",""text"":""竹叶""},{""label"":""食材"",""text"":""白糯米""},{""label"":""食材"",""text"":""葱""},{""label"":""食材"",""text"":""麻油""},{""label"":""食材"",""text"":""韭菜""},{""label"":""食材"",""text"":""水粉""},{""label"":""食材"",""text"":""松仁""},{""label"":""食材"",""text"":""核桃""},{""label"":""食材"",""text"":""嫩肉""},{""label"":""食材"",""text"":""糯米""},{""label"":""烹饪方法"",""text"":""煮""},{""label"":""烹饪方法"",""text"":""滚熟""},{""label"":""烹饪方法"",""text"":""拌""},{""label"":""烹饪方法"",""text"":""灼""},{""label"":""烹饪方法"",""text"":""浸""},{""label"":""烹饪方法"",""text"":""磨""},{""label"":""烹饪方法"",""text"":""捶烂""},{""label"":""食疗方"",""text"":""竹叶粽""},{""label"":""食疗方"",""text"":""野鸡饼""},{""label"":""古籍来源"",""text"":""眷圃方""}]"
239,8,12,6,6,"[{""label"":""食材"",""text"":""鸡蛋清""},{""label"":""食材"",""text"":""蜜""},{""label"":""食材"",""text"":""酒娘""},{""label"":""食材"",""text"":""鹿尾""},{""label"":""食材"",""text"":""茶叶""},{""label"":""烹饪方法"",""text"":""蒸""}]"
240,22,19,17,17,"[{""label"":""古籍来源"",""text"":""诗经""},{""label"":""古籍来源"",""text"":""易""},{""label"":""古籍来源"",""text"":""书""},{""label"":""古籍来源"",""text"":""乡党""},{""label"":""古籍来源"",""text"":""内则""},{""label"":""古籍来源"",""text"":""孟子""},{""label"":""古籍来源"",""text"":""中庸""},{""label"":""古籍来源"",""text"":""典论""},{""label"":""古籍来源"",""text"":""仪礼""},{""label"":""古籍来源"",""text"":""礼记""},{""label"":""食材"",""text"":""盐""},{""label"":""食材"",""text"":""梅""},{""label"":""食材"",""text"":""鱼""},{""label"":""食材"",""text"":""肺""},{""label"":""医家"",""text"":""周公""},{""label"":""医家"",""text"":""凡伯""},{""label"":""医家"",""text"":""袁枚""}]"
241,25,18,19,19,"[{""label"":""食材"",""text"":""台鲞""},{""label"":""食材"",""text"":""鲜肉""},{""label"":""食材"",""text"":""大鲤鱼""},{""label"":""食材"",""text"":""酒糟""},{""label"":""食材"",""text"":""虾子""},{""label"":""食材"",""text"":""白糖""},{""label"":""食材"",""text"":""勒鲞""},{""label"":""食材"",""text"":""鳓鱼""},{""label"":""食材"",""text"":""绘鱼""},{""label"":""食材"",""text"":""白鳞鱼""},{""label"":""烹饪方法"",""text"":""煮食""},{""label"":""烹饪方法"",""text"":""煨""},{""label"":""烹饪方法"",""text"":""冻""},{""label"":""烹饪方法"",""text"":""腌""},{""label"":""烹饪方法"",""text"":""泡""},{""label"":""烹饪方法"",""text"":""晒干""},{""label"":""烹饪方法"",""text"":""油煎""},{""label"":""烹饪方法"",""text"":""蒸""},{""label"":""禁忌"",""text"":""用烧酒者不无辣味""}]"
242,20,14,11,11,"[{""label"":""古籍来源"",""text"":""《诗》""},{""label"":""食材"",""text"":""香稻""},{""label"":""食材"",""text"":""冬霜""},{""label"":""食材"",""text"":""晚米""},{""label"":""食材"",""text"":""观音籼""},{""label"":""食材"",""text"":""桃花籼""},{""label"":""烹饪方法"",""text"":""煮""},{""label"":""烹饪方法"",""text"":""蒸""},{""label"":""烹饪方法"",""text"":""淘""},{""label"":""烹饪方法"",""text"":""揉擦""},{""label"":""烹饪方法"",""text"":""闷""}]"
243,26,25,23,23,"[{""label"":""食材"",""text"":""落花生""},{""label"":""烹饪方法"",""text"":""煮""},{""label"":""食材"",""text"":""糖""},{""label"":""食材"",""text"":""莲子""},{""label"":""食材"",""text"":""大枣""},{""label"":""烹饪方法"",""text"":""煮熟""},{""label"":""食材"",""text"":""澄沙""},{""label"":""食材"",""text"":""扁豆""},{""label"":""食材"",""text"":""薏米""},{""label"":""食材"",""text"":""核桃仁""},{""label"":""烹饪方法"",""text"":""蒸""},{""label"":""食材"",""text"":""山药""},{""label"":""食材"",""text"":""莱蔬""},{""label"":""食材"",""text"":""瓜兢""},{""label"":""食材"",""text"":""豆腐""},{""label"":""食材"",""text"":""豆腐皮""},{""label"":""食材"",""text"":""面筋""},{""label"":""食材"",""text"":""粉条""},{""label"":""烹饪方法"",""text"":""香油炸""},{""label"":""烹饪方法"",""text"":""闷""},{""label"":""食材"",""text"":""罗汉莱""},{""label"":""医家"",""text"":""鲜于枢""},{""label"":""古籍来源"",""text"":""太乙诸寺""}]"
244,31,30,29,29,"[{""label"":""食材"",""text"":""莱菔""},{""label"":""食材"",""text"":""生姜""},{""label"":""食材"",""text"":""玉瓜""},{""label"":""食材"",""text"":""豇豆""},{""label"":""食材"",""text"":""刀豆""},{""label"":""食材"",""text"":""茄子""},{""label"":""食材"",""text"":""辣椒""},{""label"":""食材"",""text"":""豆腐""},{""label"":""食材"",""text"":""花椒""},{""label"":""食材"",""text"":""八角""},{""label"":""食材"",""text"":""莳萝""},{""label"":""食材"",""text"":""草果""},{""label"":""食材"",""text"":""盐""},{""label"":""食材"",""text"":""陈酒""},{""label"":""食材"",""text"":""香油""},{""label"":""食材"",""text"":""皂矾""},{""label"":""烹饪方法"",""text"":""浸""},{""label"":""烹饪方法"",""text"":""揉搓""},{""label"":""烹饪方法"",""text"":""烧滚""},{""label"":""烹饪方法"",""text"":""蒸""},{""label"":""烹饪方法"",""text"":""晾""},{""label"":""烹饪方法"",""text"":""切""},{""label"":""烹饪方法"",""text"":""撒""},{""label"":""烹饪方法"",""text"":""铺""},{""label"":""烹饪方法"",""text"":""封""},{""label"":""食疗方"",""text"":""醋浸莱""},{""label"":""食疗方"",""text"":""豆腐乳""},{""label"":""病症"",""text"":""蛇咬伤""},{""label"":""古籍来源"",""text"":""原注""}]"
245,17,10,6,6,"[{""label"":""食材"",""text"":""蚕豆""},{""label"":""食材"",""text"":""黄豆""},{""label"":""食材"",""text"":""萝卜""},{""label"":""食材"",""text"":""酒""},{""label"":""烹饪方法"",""text"":""煮""},{""label"":""烹饪方法"",""text"":""烹调""}]"
246,13,13,13,13,"[{""label"":""食材"",""text"":""大豆""},{""label"":""食材"",""text"":""麦面""},{""label"":""食材"",""text"":""盐""},{""label"":""食材"",""text"":""水""},{""label"":""食材"",""text"":""茴香""},{""label"":""食材"",""text"":""花椒末""},{""label"":""烹饪方法"",""text"":""煮""},{""label"":""烹饪方法"",""text"":""拌匀""},{""label"":""烹饪方法"",""text"":""晒""},{""label"":""烹饪方法"",""text"":""浸""},{""label"":""烹饪方法"",""text"":""取起""},{""label"":""烹饪方法"",""text"":""收""},{""label"":""古籍来源"",""text"":""《荆楚岁时记》""}]"
248,49,24,40,40,"[{""label"":""食材"",""text"":""鹑""},{""label"":""食材"",""text"":""肉食""},{""label"":""食材"",""text"":""瓠瓜""},{""label"":""食材"",""text"":""腐""},{""label"":""食材"",""text"":""肥腻的食品""},{""label"":""食材"",""text"":""大块的肉""},{""label"":""食材"",""text"":""水陆生灵""},{""label"":""食材"",""text"":""肥美的肉食""},{""label"":""食材"",""text"":""清谈的素食""},{""label"":""食材"",""text"":""蓁菜""},{""label"":""食材"",""text"":""儆莱""},{""label"":""食材"",""text"":""禁脔""},{""label"":""食材"",""text"":""五侯鲭""},{""label"":""食材"",""text"":""蔬莱""},{""label"":""食材"",""text"":""素席""},{""label"":""食材"",""text"":""肉类""},{""label"":""食材"",""text"":""美馔佳肴""},{""label"":""食材"",""text"":""萝卜""},{""label"":""食材"",""text"":""芥菜""},{""label"":""食材"",""text"":""莱苗""},{""label"":""食材"",""text"":""野鸭羹""},{""label"":""食材"",""text"":""熊掌""},{""label"":""食材"",""text"":""白菜""},{""label"":""食材"",""text"":""苋粜""},{""label"":""食材"",""text"":""禽鱼""},{""label"":""烹饪方法"",""text"":""蒸""},{""label"":""烹饪方法"",""text"":""烹煮""},{""label"":""烹饪方法"",""text"":""烹调""},{""label"":""功效"",""text"":""充饥""},{""label"":""功效"",""text"":""保养身体""},{""label"":""功效"",""text"":""使齿牙芬芳""},{""label"":""功效"",""text"":""使肠胃为之一清""},{""label"":""养生原则"",""text"":""生命重在养活""},{""label"":""养生原则"",""text"":""杀生应当禁止""},{""label"":""古籍来源"",""text"":""韦巨源《食谱》""},{""label"":""医家"",""text"":""陆游""},{""label"":""医家"",""text"":""时戢""},{""label"":""医家"",""text"":""何曾""},{""label"":""医家"",""text"":""薛包""},{""label"":""医家"",""text"":""杨万里""}]"
249,29,17,11,11,"[{""label"":""食材"",""text"":""鲜蚕豆""},{""label"":""食材"",""text"":""干蚕豆""},{""label"":""食材"",""text"":""白糖""},{""label"":""食材"",""text"":""白扁豆""},{""label"":""食材"",""text"":""洋薏米""},{""label"":""烹饪方法"",""text"":""炒""},{""label"":""烹饪方法"",""text"":""煮""},{""label"":""烹饪方法"",""text"":""压碎""},{""label"":""烹饪方法"",""text"":""研碎""},{""label"":""烹饪方法"",""text"":""收""},{""label"":""烹饪方法"",""text"":""拌匀""}]"
250,29,16,19,19,"[{""label"":""食材"",""text"":""莱菔""},{""label"":""食材"",""text"":""水莱菔""},{""label"":""烹饪方法"",""text"":""烧""},{""label"":""烹饪方法"",""text"":""切""},{""label"":""烹饪方法"",""text"":""香油炸""},{""label"":""烹饪方法"",""text"":""炙""},{""label"":""烹饪方法"",""text"":""炒""},{""label"":""烹饪方法"",""text"":""烀""},{""label"":""食材"",""text"":""莱花""},{""label"":""食材"",""text"":""姜""},{""label"":""食材"",""text"":""豆粉""},{""label"":""食材"",""text"":""觅粉""},{""label"":""食材"",""text"":""陕酉天红弹莱菔""},{""label"":""烹饪方法"",""text"":""切片""},{""label"":""烹饪方法"",""text"":""煮烂""},{""label"":""烹饪方法"",""text"":""揉碎""},{""label"":""烹饪方法"",""text"":""为丸""},{""label"":""烹饪方法"",""text"":""糁""},{""label"":""烹饪方法"",""text"":""炸""}]"
251,30,21,30,30,"[{""label"":""食材"",""text"":""豆腐""},{""label"":""食材"",""text"":""高汤""},{""label"":""食材"",""text"":""料酒""},{""label"":""食材"",""text"":""酱油""},{""label"":""食材"",""text"":""蘑菇""},{""label"":""食材"",""text"":""腐皮""},{""label"":""食材"",""text"":""腐竹""},{""label"":""食材"",""text"":""笄尖""},{""label"":""食材"",""text"":""笄片""},{""label"":""食材"",""text"":""笄丁""},{""label"":""食材"",""text"":""小芥莱丁""},{""label"":""食材"",""text"":""盐""},{""label"":""食材"",""text"":""豆腐丝""},{""label"":""食材"",""text"":""千张""},{""label"":""食材"",""text"":""笄丝""},{""label"":""食材"",""text"":""醋""},{""label"":""食材"",""text"":""泡儿豆腐""},{""label"":""食材"",""text"":""冷豆腐""},{""label"":""食材"",""text"":""油""},{""label"":""烹饪方法"",""text"":""煨""},{""label"":""烹饪方法"",""text"":""炒""},{""label"":""烹饪方法"",""text"":""蒸""},{""label"":""烹饪方法"",""text"":""炸""},{""label"":""烹饪方法"",""text"":""拌""},{""label"":""烹饪方法"",""text"":""浸""},{""label"":""烹饪方法"",""text"":""切""},{""label"":""烹饪方法"",""text"":""磨""},{""label"":""烹饪方法"",""text"":""点""},{""label"":""烹饪方法"",""text"":""晾凉""},{""label"":""烹饪方法"",""text"":""发开""}]"
252,16,18,16,16,"[{""label"":""食材"",""text"":""肥脓""},{""label"":""食材"",""text"":""蔬飧""},{""label"":""食材"",""text"":""露苗""},{""label"":""食材"",""text"":""雨甲""},{""label"":""食材"",""text"":""莼莱""},{""label"":""食材"",""text"":""雍莱""},{""label"":""食材"",""text"":""罗勒""},{""label"":""食材"",""text"":""桃""},{""label"":""食材"",""text"":""梨""},{""label"":""食材"",""text"":""桔""},{""label"":""食材"",""text"":""柑""},{""label"":""食材"",""text"":""蒲桃""},{""label"":""食材"",""text"":""苹果""},{""label"":""烹饪方法"",""text"":""油炸""},{""label"":""烹饪方法"",""text"":""糖""},{""label"":""古籍来源"",""text"":""《晋书`孝武带纪》""}]"
253,18,22,18,18,"[{""label"":""食材"",""text"":""树花莱""},{""label"":""食材"",""text"":""葛仙米""},{""label"":""食材"",""text"":""竹松""},{""label"":""食味"",""text"":""辛""},{""label"":""烹饪方法"",""text"":""滚水浸软""},{""label"":""烹饪方法"",""text"":""翦去粗裉""},{""label"":""烹饪方法"",""text"":""以高汤煨之""},{""label"":""烹饪方法"",""text"":""以水发开""},{""label"":""烹饪方法"",""text"":""沥去水""},{""label"":""烹饪方法"",""text"":""滚水淬过""},{""label"":""烹饪方法"",""text"":""以汤煨之""},{""label"":""食材"",""text"":""小豆腐丁""},{""label"":""食材"",""text"":""嫩豆腐""},{""label"":""食材"",""text"":""玉兰片""},{""label"":""食材"",""text"":""芡""},{""label"":""病症"",""text"":""高血压""},{""label"":""病症"",""text"":""胆固醇高""},{""label"":""病症"",""text"":""肥胖症""}]"
254,14,11,10,10,"[{""label"":""食材"",""text"":""蕨菜""},{""label"":""食材"",""text"":""小儿拳""},{""label"":""食材"",""text"":""笋衣""},{""label"":""食材"",""text"":""玉兰片""},{""label"":""食材"",""text"":""石花""},{""label"":""烹饪方法"",""text"":""浸""},{""label"":""烹饪方法"",""text"":""煨""},{""label"":""烹饪方法"",""text"":""煮""},{""label"":""烹饪方法"",""text"":""淬""},{""label"":""古籍来源"",""text"":""《随园食单》""}]"
255,20,17,14,14,"[{""label"":""食材"",""text"":""栗""},{""label"":""食材"",""text"":""莲子""},{""label"":""食材"",""text"":""银杏""},{""label"":""食材"",""text"":""白果""},{""label"":""食材"",""text"":""山药""},{""label"":""食材"",""text"":""票子""},{""label"":""食材"",""text"":""落花生""},{""label"":""食味"",""text"":""甘""},{""label"":""食味"",""text"":""咸""},{""label"":""烹饪方法"",""text"":""炙""},{""label"":""烹饪方法"",""text"":""煮""},{""label"":""烹饪方法"",""text"":""煨""},{""label"":""食疗方"",""text"":""金玉羹""},{""label"":""古籍来源"",""text"":""《山家清供》""}]"
256,25,25,24,24,"[{""label"":""食材"",""text"":""面条""},{""label"":""食材"",""text"":""索饼""},{""label"":""食材"",""text"":""汤饼""},{""label"":""食材"",""text"":""碱""},{""label"":""食材"",""text"":""盐""},{""label"":""食材"",""text"":""清油""},{""label"":""食材"",""text"":""水""},{""label"":""食材"",""text"":""桢条面""},{""label"":""食材"",""text"":""挂面""},{""label"":""食材"",""text"":""面片""},{""label"":""食材"",""text"":""面旗""},{""label"":""食材"",""text"":""高汤""},{""label"":""食材"",""text"":""玉米""},{""label"":""食疗方"",""text"":""玉米粥""},{""label"":""食材"",""text"":""生菠莱""},{""label"":""烹饪方法"",""text"":""煮""},{""label"":""烹饪方法"",""text"":""揉""},{""label"":""烹饪方法"",""text"":""扯""},{""label"":""烹饪方法"",""text"":""切""},{""label"":""烹饪方法"",""text"":""炸""},{""label"":""烹饪方法"",""text"":""煨""},{""label"":""烹饪方法"",""text"":""碾""},{""label"":""古籍来源"",""text"":""《玉篇》""},{""label"":""医家"",""text"":""袁文诚""}]"
257,23,19,19,19,"[{""label"":""食材"",""text"":""山药""},{""label"":""食材"",""text"":""冰糖""},{""label"":""食材"",""text"":""白糖""},{""label"":""食材"",""text"":""山芋""},{""label"":""食材"",""text"":""酱油""},{""label"":""烹饪方法"",""text"":""去皮""},{""label"":""烹饪方法"",""text"":""切""},{""label"":""烹饪方法"",""text"":""油灼""},{""label"":""烹饪方法"",""text"":""炒""},{""label"":""烹饪方法"",""text"":""煮熟""},{""label"":""烹饪方法"",""text"":""捣碎""},{""label"":""烹饪方法"",""text"":""蒸""},{""label"":""烹饪方法"",""text"":""蒸熟""},{""label"":""烹饪方法"",""text"":""捣""},{""label"":""烹饪方法"",""text"":""烹""},{""label"":""烹饪方法"",""text"":""煨熟""},{""label"":""食材"",""text"":""澄沙""},{""label"":""食疗方"",""text"":""拔丝山药""},{""label"":""食疗方"",""text"":""山芋圆""}]"
259,9,0,0,0,[]
260,43,28,43,43,"[{""label"":""烹饪方法"",""text"":""武火""},{""label"":""烹饪方法"",""text"":""文火""},{""label"":""食味"",""text"":""甘""},{""label"":""食味"",""text"":""酸""},{""label"":""食味"",""text"":""苦""},{""label"":""食味"",""text"":""辛""},{""label"":""食味"",""text"":""咸""},{""label"":""食材"",""text"":""猩猩的嘴唇""},{""label"":""食材"",""text"":""獾獾鸟做的烤肉""},{""label"":""食材"",""text"":""隽燕尾部朐肉""},{""label"":""食材"",""text"":""述荡的肘子""},{""label"":""食材"",""text"":""旄牛尾巴""},{""label"":""食材"",""text"":""大象的鼻子""},{""label"":""食材"",""text"":""凤凰的卵""},{""label"":""食材"",""text"":""洞庭湖的鳟鱼""},{""label"":""食材"",""text"":""东海的鲡鱼""},{""label"":""食材"",""text"":""朱鳖""},{""label"":""食材"",""text"":""鳐""},{""label"":""食材"",""text"":""昆仑山的蓣草""},{""label"":""食材"",""text"":""寿树鞠果实""},{""label"":""食材"",""text"":""赤木""},{""label"":""食材"",""text"":""玄木树上长饷叶子""},{""label"":""食材"",""text"":""嘉树""},{""label"":""食材"",""text"":""华阳山的芸莱""},{""label"":""食材"",""text"":""云梦洚的芹莱""},{""label"":""食材"",""text"":""太湖的膂粜""},{""label"":""食材"",""text"":""土英""},{""label"":""食材"",""text"":""四川阴朴出产的生姜""},{""label"":""食材"",""text"":""桂阳招摇山出产的桂皮""},{""label"":""食材"",""text"":""越骆国出产的篱桂""},{""label"":""食材"",""text"":""鳢鱼""},{""label"":""食材"",""text"":""鲔鱼肉儆的酱""},{""label"":""食材"",""text"":""大夏出产的盐""},{""label"":""食材"",""text"":""宰揭出产的甘露""},{""label"":""食材"",""text"":""长洚出产的大鸟的卵""},{""label"":""食材"",""text"":""玄山出的谷子""},{""label"":""食材"",""text"":""不周山出的小米""},{""label"":""食材"",""text"":""阴山出的襟子""},{""label"":""食材"",""text"":""南海出的黑黍""},{""label"":""食材"",""text"":""三危山出的甘露""},{""label"":""食材"",""text"":""昆仑山上的泉水""},{""label"":""食材"",""text"":""沮江地区的摇水""},{""label"":""食材"",""text"":""白山的泉水""}]"
261,8,0,0,0,[]
262,27,0,0,0,[]
263,4,0,0,0,[]
264,2,0,0,0,[]
266,43,32,30,30,"[{""label"":""烹饪方法"",""text"":""武火""},{""label"":""烹饪方法"",""text"":""文火""},{""label"":""食味"",""text"":""甘""},{""label"":""食味"",""text"":""酸""},{""label"":""食味"",""text"":""苦""},{""label"":""食味"",""text"":""辛""},{""label"":""食味"",""text"":""咸""},{""label"":""食材"",""text"":""猩猩的嘴唇""},{""label"":""食材"",""text"":""獾獾鸟做的烤肉""},{""label"":""食材"",""text"":""隽燕尾部朐肉""},{""label"":""食材"",""text"":""述荡的肘子""},{""label"":""食材"",""text"":""旄牛尾巴""},{""label"":""食材"",""text"":""大象的鼻子""},{""label"":""食材"",""text"":""凤凰的卵""},{""label"":""食材"",""text"":""洞庭湖的鳟鱼""},{""label"":""食材"",""text"":""东海的鲡鱼""},{""label"":""食材"",""text"":""昆仑山的蓣草""},{""label"":""食材"",""text"":""寿树鞠果实""},{""label"":""食材"",""text"":""华阳山的芸莱""},{""label"":""食材"",""text"":""云梦洚的芹莱""},{""label"":""食材"",""text"":""太湖的膂粜""},{""label"":""食材"",""text"":""鳢鱼""},{""label"":""食材"",""text"":""鲔鱼肉儆的酱""},{""label"":""功效"",""text"":""久而不败""},{""label"":""功效"",""text"":""熟而不烂""},{""label"":""功效"",""text"":""甜而不过头""},{""label"":""功效"",""text"":""酸而不强烈""},{""label"":""功效"",""text"":""咸而不涩嘴""},{""label"":""功效"",""text"":""辛而不刺激""},{""label"":""功效"",""text"":""肥而不腻口""}]"
267,33,33,17,17,"[{""label"":""食材"",""text"":""莱""},{""label"":""食材"",""text"":""芸""},{""label"":""食材"",""text"":""芹""},{""label"":""食材"",""text"":""菁""},{""label"":""食材"",""text"":""草""},{""label"":""食材"",""text"":""姜""},{""label"":""食材"",""text"":""桂""},{""label"":""食材"",""text"":""菡""},{""label"":""食材"",""text"":""醢""},{""label"":""食材"",""text"":""盐""},{""label"":""食材"",""text"":""露""},{""label"":""食材"",""text"":""卵""},{""label"":""食材"",""text"":""禾""},{""label"":""食材"",""text"":""粟""},{""label"":""食材"",""text"":""襟""},{""label"":""食材"",""text"":""矩""},{""label"":""食材"",""text"":""若磐""}]"
268,23,0,13,13,"[{""label"":""古籍来源"",""text"":""《尸子》""},{""label"":""古籍来源"",""text"":""《御览》""},{""label"":""古籍来源"",""text"":""《书钞》""},{""label"":""古籍来源"",""text"":""《当染篇》""},{""label"":""古籍来源"",""text"":""《隶续》""},{""label"":""古籍来源"",""text"":""《太平御览》""},{""label"":""古籍来源"",""text"":""《鬻子》""},{""label"":""古籍来源"",""text"":""《文馆词林》""},{""label"":""古籍来源"",""text"":""《魏略》""},{""label"":""医家"",""text"":""毕沅""},{""label"":""医家"",""text"":""宋慈抱""},{""label"":""医家"",""text"":""马叙伦""},{""label"":""医家"",""text"":""高诱""}]"
269,29,0,0,0,[]
270,25,13,12,12,"[{""label"":""食材"",""text"":""盐""},{""label"":""食材"",""text"":""花根""},{""label"":""食材"",""text"":""醋""},{""label"":""食材"",""text"":""黄米""},{""label"":""食材"",""text"":""干糟""},{""label"":""烹饪方法"",""text"":""炒""},{""label"":""烹饪方法"",""text"":""煮""},{""label"":""烹饪方法"",""text"":""蒸""},{""label"":""烹饪方法"",""text"":""拌""},{""label"":""烹饪方法"",""text"":""榨""},{""label"":""烹饪方法"",""text"":""压""},{""label"":""食疗方"",""text"":""七七醑""}]"
271,37,21,35,35,"[{""label"":""食材"",""text"":""霜夭小茄""},{""label"":""食材"",""text"":""嫩黑茄""},{""label"":""食材"",""text"":""嫩大茄""},{""label"":""食材"",""text"":""白糖""},{""label"":""食材"",""text"":""椒末""},{""label"":""食材"",""text"":""肉""},{""label"":""食材"",""text"":""油""},{""label"":""食材"",""text"":""酱""},{""label"":""烹饪方法"",""text"":""笼蒸""},{""label"":""烹饪方法"",""text"":""压干""},{""label"":""烹饪方法"",""text"":""烧熟""},{""label"":""烹饪方法"",""text"":""拌匀""},{""label"":""烹饪方法"",""text"":""挖出""},{""label"":""烹饪方法"",""text"":""迭入""},{""label"":""烹饪方法"",""text"":""入汁汤""},{""label"":""烹饪方法"",""text"":""取起""},{""label"":""烹饪方法"",""text"":""布拭""},{""label"":""烹饪方法"",""text"":""入瓷盆""},{""label"":""烹饪方法"",""text"":""人罐""},{""label"":""烹饪方法"",""text"":""封""},{""label"":""烹饪方法"",""text"":""笼蒸一炷香""},{""label"":""烹饪方法"",""text"":""取出""},{""label"":""烹饪方法"",""text"":""晾去水气""},{""label"":""烹饪方法"",""text"":""层迭""},{""label"":""烹饪方法"",""text"":""灌满""},{""label"":""烹饪方法"",""text"":""切开""},{""label"":""烹饪方法"",""text"":""调和""},{""label"":""烹饪方法"",""text"":""揉掣""},{""label"":""烹饪方法"",""text"":""封罐""},{""label"":""烹饪方法"",""text"":""留蒂""},{""label"":""烹饪方法"",""text"":""切作饼子料""},{""label"":""食材"",""text"":""原糟水""},{""label"":""食材"",""text"":""原油""},{""label"":""食材"",""text"":""肉馅""},{""label"":""食疗方"",""text"":""蝙蝠茄""}]"
272,24,23,22,22,"[{""label"":""食材"",""text"":""秋柿""},{""label"":""食材"",""text"":""盐""},{""label"":""食材"",""text"":""杏仁""},{""label"":""食材"",""text"":""香油""},{""label"":""食材"",""text"":""核桃""},{""label"":""食材"",""text"":""莱油""},{""label"":""食材"",""text"":""厚酱""},{""label"":""食材"",""text"":""白糖""},{""label"":""食材"",""text"":""砂仁""},{""label"":""食材"",""text"":""茴香""},{""label"":""食材"",""text"":""酒""},{""label"":""食材"",""text"":""天茄儿""},{""label"":""食材"",""text"":""糖""},{""label"":""食材"",""text"":""酱""},{""label"":""食材"",""text"":""醋""},{""label"":""烹饪方法"",""text"":""腌""},{""label"":""烹饪方法"",""text"":""炸""},{""label"":""烹饪方法"",""text"":""炒""},{""label"":""烹饪方法"",""text"":""烧""},{""label"":""烹饪方法"",""text"":""焯""},{""label"":""烹饪方法"",""text"":""制""},{""label"":""烹饪方法"",""text"":""拌""}]"
273,19,12,12,12,"[{""label"":""食材"",""text"":""胡桃肉""},{""label"":""食材"",""text"":""白糖""},{""label"":""食材"",""text"":""江米饭""},{""label"":""食材"",""text"":""黄橙""},{""label"":""食材"",""text"":""生面""},{""label"":""食材"",""text"":""绿豆粉""},{""label"":""食材"",""text"":""薄荷末""},{""label"":""烹饪方法"",""text"":""捣""},{""label"":""烹饪方法"",""text"":""蒸""},{""label"":""烹饪方法"",""text"":""煮""},{""label"":""烹饪方法"",""text"":""烘烤""},{""label"":""烹饪方法"",""text"":""炖""}]"
274,35,21,26,26,"[{""label"":""食材"",""text"":""芥莱""},{""label"":""食材"",""text"":""姜丝""},{""label"":""食材"",""text"":""茴香""},{""label"":""食材"",""text"":""椒末""},{""label"":""食材"",""text"":""香油""},{""label"":""食材"",""text"":""白莱""},{""label"":""食材"",""text"":""花椒""},{""label"":""食材"",""text"":""盐""},{""label"":""食材"",""text"":""冷水""},{""label"":""食材"",""text"":""莱嫩心""},{""label"":""烹饪方法"",""text"":""晒""},{""label"":""烹饪方法"",""text"":""阴干""},{""label"":""烹饪方法"",""text"":""揉""},{""label"":""烹饪方法"",""text"":""晾""},{""label"":""烹饪方法"",""text"":""拌""},{""label"":""烹饪方法"",""text"":""装""},{""label"":""烹饪方法"",""text"":""筑实""},{""label"":""烹饪方法"",""text"":""覆""},{""label"":""烹饪方法"",""text"":""倒""},{""label"":""烹饪方法"",""text"":""泥头""},{""label"":""烹饪方法"",""text"":""裹""},{""label"":""烹饪方法"",""text"":""迭""},{""label"":""烹饪方法"",""text"":""筑""},{""label"":""烹饪方法"",""text"":""灌""},{""label"":""烹饪方法"",""text"":""泥封""},{""label"":""烹饪方法"",""text"":""炒""}]"
275,16,13,10,10,"[{""label"":""食材"",""text"":""豆""},{""label"":""食材"",""text"":""罗卜丁""},{""label"":""食材"",""text"":""笋""},{""label"":""食材"",""text"":""酱油""},{""label"":""食材"",""text"":""糟""},{""label"":""食材"",""text"":""上白江米""},{""label"":""食味"",""text"":""甜""},{""label"":""烹饪方法"",""text"":""煮""},{""label"":""烹饪方法"",""text"":""晒""},{""label"":""烹饪方法"",""text"":""蒸""}]"
276,32,15,15,15,"[{""label"":""食材"",""text"":""牛乳""},{""label"":""食材"",""text"":""核祧""},{""label"":""食材"",""text"":""盐""},{""label"":""食材"",""text"":""酒""},{""label"":""食材"",""text"":""鸡子""},{""label"":""食材"",""text"":""小麦""},{""label"":""食材"",""text"":""羊牛肉""},{""label"":""食材"",""text"":""胡祧""},{""label"":""烹饪方法"",""text"":""蒸""},{""label"":""烹饪方法"",""text"":""煮""},{""label"":""烹饪方法"",""text"":""炒""},{""label"":""烹饪方法"",""text"":""捞""},{""label"":""烹饪方法"",""text"":""沥""},{""label"":""禁忌"",""text"":""不堪食""},{""label"":""古籍来源"",""text"":""籀($ 山)""}]"
277,16,13,13,13,"[{""label"":""食材"",""text"":""青梅""},{""label"":""食材"",""text"":""生甘草""},{""label"":""食材"",""text"":""盐""},{""label"":""食材"",""text"":""生姜""},{""label"":""食材"",""text"":""青椒""},{""label"":""食材"",""text"":""红干椒""},{""label"":""烹饪方法"",""text"":""炒""},{""label"":""烹饪方法"",""text"":""捣碎""},{""label"":""烹饪方法"",""text"":""炒拌""},{""label"":""烹饪方法"",""text"":""纳""},{""label"":""食材"",""text"":""矾""},{""label"":""食材"",""text"":""粗麻布""},{""label"":""食材"",""text"":""锡瓶""}]"
278,8,0,0,0,[]
279,13,23,10,10,"[{""label"":""食材"",""text"":""官桂""},{""label"":""食材"",""text"":""良姜""},{""label"":""食材"",""text"":""荜拨""},{""label"":""食材"",""text"":""陈皮""},{""label"":""食材"",""text"":""草蔻""},{""label"":""食材"",""text"":""香砂""},{""label"":""食性"",""text"":""热""},{""label"":""食味"",""text"":""辛""},{""label"":""烹饪方法"",""text"":""去腥""},{""label"":""烹饪方法"",""text"":""增味""}]"
280,26,25,22,22,"[{""label"":""食材"",""text"":""笋""},{""label"":""食材"",""text"":""笋肉""},{""label"":""食材"",""text"":""饼子料肉""},{""label"":""食材"",""text"":""箬""},{""label"":""食材"",""text"":""砻糠""},{""label"":""食材"",""text"":""盐""},{""label"":""烹饪方法"",""text"":""磨粉""},{""label"":""烹饪方法"",""text"":""调汤""},{""label"":""烹饪方法"",""text"":""顿蛋""},{""label"":""烹饪方法"",""text"":""拌肉""},{""label"":""烹饪方法"",""text"":""煨热""},{""label"":""烹饪方法"",""text"":""煮熟""},{""label"":""烹饪方法"",""text"":""熏""},{""label"":""烹饪方法"",""text"":""揉""},{""label"":""烹饪方法"",""text"":""晒千""},{""label"":""烹饪方法"",""text"":""挖""},{""label"":""烹饪方法"",""text"":""切""},{""label"":""烹饪方法"",""text"":""包""},{""label"":""烹饪方法"",""text"":""装""},{""label"":""烹饪方法"",""text"":""剥""},{""label"":""烹饪方法"",""text"":""擘""},{""label"":""烹饪方法"",""text"":""剖""}]"
281,63,15,12,12,"[{""label"":""食材"",""text"":""麻姑""},{""label"":""食材"",""text"":""香蕈""},{""label"":""食材"",""text"":""笋""},{""label"":""食材"",""text"":""甜酒娘""},{""label"":""食材"",""text"":""酱油""},{""label"":""烹饪方法"",""text"":""蒸""},{""label"":""烹饪方法"",""text"":""泡""},{""label"":""烹饪方法"",""text"":""炒""},{""label"":""烹饪方法"",""text"":""切""},{""label"":""烹饪方法"",""text"":""晒""},{""label"":""烹饪方法"",""text"":""沥干""},{""label"":""烹饪方法"",""text"":""醉""}]"
282,36,13,32,32,"[{""label"":""食材"",""text"":""桃""},{""label"":""食材"",""text"":""杏""},{""label"":""食材"",""text"":""李""},{""label"":""食材"",""text"":""黄李""},{""label"":""食材"",""text"":""麦面""},{""label"":""食材"",""text"":""盐""},{""label"":""食材"",""text"":""鲜桃""},{""label"":""食材"",""text"":""熟杏""},{""label"":""食材"",""text"":""面""},{""label"":""食材"",""text"":""饼""},{""label"":""烹饪方法"",""text"":""煮""},{""label"":""烹饪方法"",""text"":""研""},{""label"":""烹饪方法"",""text"":""绞""},{""label"":""烹饪方法"",""text"":""晒""},{""label"":""烹饪方法"",""text"":""收贮""},{""label"":""烹饪方法"",""text"":""和""},{""label"":""烹饪方法"",""text"":""作""},{""label"":""烹饪方法"",""text"":""去汁""},{""label"":""烹饪方法"",""text"":""晒千""},{""label"":""烹饪方法"",""text"":""去核""},{""label"":""烹饪方法"",""text"":""复晒千""},{""label"":""烹饪方法"",""text"":""汤冼""},{""label"":""烹饪方法"",""text"":""滤""},{""label"":""烹饪方法"",""text"":""密封""},{""label"":""烹饪方法"",""text"":""封口""},{""label"":""食疗方"",""text"":""藏桃法""},{""label"":""食材"",""text"":""粥""},{""label"":""食材"",""text"":""糊""},{""label"":""食材"",""text"":""水""},{""label"":""食材"",""text"":""酒""},{""label"":""食材"",""text"":""醋""},{""label"":""食材"",""text"":""酢""}]"
283,12,0,0,0,[]
284,11,17,9,9,"[{""label"":""食材"",""text"":""蟹""},{""label"":""食材"",""text"":""稻""},{""label"":""食材"",""text"":""山药""},{""label"":""食材"",""text"":""百合""},{""label"":""食材"",""text"":""羊眼豆""},{""label"":""食材"",""text"":""鳖""},{""label"":""烹饪方法"",""text"":""煮""},{""label"":""烹饪方法"",""text"":""蒸""},{""label"":""病症"",""text"":""腹痛""}]"
285,18,14,17,17,"[{""label"":""古籍来源"",""text"":""《食宪》""},{""label"":""古籍来源"",""text"":""《养小录》""},{""label"":""古籍来源"",""text"":""《清异录》""},{""label"":""古籍来源"",""text"":""《食经》""},{""label"":""古籍来源"",""text"":""《邹平公食宪章》""},{""label"":""古籍来源"",""text"":""《明遒杂志》""},{""label"":""医家"",""text"":""虞惊""},{""label"":""医家"",""text"":""段文昌""},{""label"":""食材"",""text"":""扁米栅""},{""label"":""食材"",""text"":""鲭""},{""label"":""烹饪方法"",""text"":""脍""},{""label"":""养生原则"",""text"":""中节""},{""label"":""养生原则"",""text"":""以卫生为本""},{""label"":""养生原则"",""text"":""勿多戕物命""},{""label"":""养生原则"",""text"":""勿暴殄天物""},{""label"":""禁忌"",""text"":""戒宰割""},{""label"":""禁忌"",""text"":""戒奢费""}]"
286,13,16,11,11,"[{""label"":""食材"",""text"":""白盐""},{""label"":""食材"",""text"":""葱""},{""label"":""食材"",""text"":""韭""},{""label"":""食材"",""text"":""子母蔗""},{""label"":""食材"",""text"":""龙须莱""},{""label"":""食材"",""text"":""瓮莱""},{""label"":""烹饪方法"",""text"":""捣""},{""label"":""烹饪方法"",""text"":""炼熟""},{""label"":""烹饪方法"",""text"":""泼""},{""label"":""病症"",""text"":""百毒""},{""label"":""医家"",""text"":""余杭寿禅师""}]"
287,11,12,12,12,"[{""label"":""食材"",""text"":""莲""},{""label"":""食材"",""text"":""鲫鱼肉""},{""label"":""食材"",""text"":""鲤鱼子""},{""label"":""食材"",""text"":""碧箭""},{""label"":""食材"",""text"":""菊苗""},{""label"":""食材"",""text"":""鱼""},{""label"":""食疗方"",""text"":""莲花饼馅""},{""label"":""食疗方"",""text"":""缕子脍""},{""label"":""食疗方"",""text"":""自然羹""},{""label"":""医家"",""text"":""郭进""},{""label"":""医家"",""text"":""宋龟""},{""label"":""古籍来源"",""text"":""瓜蔬疏""}]"
288,9,0,9,9,"[{""label"":""食材"",""text"":""乌贼""},{""label"":""食材"",""text"":""墨鱼""},{""label"":""食材"",""text"":""鸟贼骨""},{""label"":""食材"",""text"":""海鲧蛸""},{""label"":""功效"",""text"":""治目""},{""label"":""病症"",""text"":""目""},{""label"":""医家"",""text"":""甘盘""},{""label"":""医家"",""text"":""元介卿""},{""label"":""古籍来源"",""text"":""元介卿""}]"
289,44,30,29,29,"[{""label"":""食材"",""text"":""鱼白""},{""label"":""食材"",""text"":""鲤鱼""},{""label"":""食材"",""text"":""黄鱼""},{""label"":""食材"",""text"":""羊胃""},{""label"":""食材"",""text"":""鱼""},{""label"":""食材"",""text"":""羊肉""},{""label"":""食材"",""text"":""乳""},{""label"":""食材"",""text"":""丁子香""},{""label"":""食材"",""text"":""葱""},{""label"":""食材"",""text"":""醋""},{""label"":""食材"",""text"":""吴兴鲤鱼""},{""label"":""食材"",""text"":""彘""},{""label"":""食材"",""text"":""夹心肉""},{""label"":""烹饪方法"",""text"":""拌""},{""label"":""烹饪方法"",""text"":""烹制""},{""label"":""烹饪方法"",""text"":""酿制""},{""label"":""烹饪方法"",""text"":""淋""},{""label"":""烹饪方法"",""text"":""腌制""},{""label"":""烹饪方法"",""text"":""蒸""},{""label"":""烹饪方法"",""text"":""剁碎""},{""label"":""食疗方"",""text"":""凤凰胎""},{""label"":""食疗方"",""text"":""羊皮花丝""},{""label"":""食疗方"",""text"":""逡巡酱""},{""label"":""食疗方"",""text"":""乳酿鱼""},{""label"":""食疗方"",""text"":""丁子香淋脍""},{""label"":""食疗方"",""text"":""葱醋鸡""},{""label"":""食疗方"",""text"":""吴兴连带鲱""},{""label"":""食疗方"",""text"":""西江料""},{""label"":""古籍来源"",""text"":""腊别""}]"
290,28,34,29,29,"[{""label"":""食材"",""text"":""酱""},{""label"":""食材"",""text"":""醋""},{""label"":""食材"",""text"":""醍醐""},{""label"":""食材"",""text"":""盾沆""},{""label"":""食材"",""text"":""野驼蹄""},{""label"":""食材"",""text"":""鹿唇""},{""label"":""食材"",""text"":""驼乳糜""},{""label"":""食材"",""text"":""天鹅炙""},{""label"":""食材"",""text"":""紫玉浆""},{""label"":""食材"",""text"":""玄玉浆""},{""label"":""食材"",""text"":""马奶子""},{""label"":""食材"",""text"":""龙肝""},{""label"":""食材"",""text"":""凤髓""},{""label"":""食材"",""text"":""豹胎""},{""label"":""食材"",""text"":""鲤尾""},{""label"":""食材"",""text"":""鹗炙""},{""label"":""食材"",""text"":""猩唇""},{""label"":""食材"",""text"":""熊掌""},{""label"":""食材"",""text"":""酥酪蝉""},{""label"":""古籍来源"",""text"":""周礼 .夭官.膳夫""},{""label"":""古籍来源"",""text"":""辍耕录""},{""label"":""医家"",""text"":""郑玄""},{""label"":""医家"",""text"":""陶宗仪""},{""label"":""烹饪方法"",""text"":""熬""},{""label"":""烹饪方法"",""text"":""炮""},{""label"":""烹饪方法"",""text"":""捣""},{""label"":""烹饪方法"",""text"":""溃""},{""label"":""禁忌"",""text"":""恶酱为厨司大耗""},{""label"":""禁忌"",""text"":""恶醋为小耗""}]"
291,13,10,10,10,"[{""label"":""食材"",""text"":""双弓米""},{""label"":""食材"",""text"":""糜""},{""label"":""食材"",""text"":""麦穗生""},{""label"":""食材"",""text"":""卷子生""},{""label"":""食材"",""text"":""肥崭""},{""label"":""食材"",""text"":""散竹""},{""label"":""医家"",""text"":""单公洁""},{""label"":""医家"",""text"":""萧琏""},{""label"":""古籍来源"",""text"":""虞惊""},{""label"":""古籍来源"",""text"":""谢讽""}]"
292,47,28,41,41,"[{""label"":""食材"",""text"":""鹑子""},{""label"":""食材"",""text"":""羊""},{""label"":""食材"",""text"":""豕""},{""label"":""食材"",""text"":""牛""},{""label"":""食材"",""text"":""熊""},{""label"":""食材"",""text"":""鹿""},{""label"":""食材"",""text"":""羊肉""},{""label"":""食材"",""text"":""肠脏""},{""label"":""食材"",""text"":""豆英""},{""label"":""食材"",""text"":""驴肉""},{""label"":""食材"",""text"":""牛犊肉""},{""label"":""食材"",""text"":""豆粉""},{""label"":""食材"",""text"":""网油""},{""label"":""食材"",""text"":""肘肉""},{""label"":""烹饪方法"",""text"":""烤""},{""label"":""烹饪方法"",""text"":""煎炸""},{""label"":""烹饪方法"",""text"":""蒸""},{""label"":""烹饪方法"",""text"":""清炖""},{""label"":""烹饪方法"",""text"":""细切""},{""label"":""烹饪方法"",""text"":""裹""},{""label"":""烹饪方法"",""text"":""炙""},{""label"":""烹饪方法"",""text"":""烹""},{""label"":""烹饪方法"",""text"":""缠裹""},{""label"":""烹饪方法"",""text"":""卷压""},{""label"":""烹饪方法"",""text"":""煮熬""},{""label"":""烹饪方法"",""text"":""切片""},{""label"":""烹饪方法"",""text"":""酿制""},{""label"":""烹饪方法"",""text"":""切""},{""label"":""烹饪方法"",""text"":""腌""},{""label"":""食疗方"",""text"":""箸头春""},{""label"":""食疗方"",""text"":""暖寒花酿酽蒸""},{""label"":""食疗方"",""text"":""水炼犊""},{""label"":""食疗方"",""text"":""五生蓝""},{""label"":""食疗方"",""text"":""格食""},{""label"":""食疗方"",""text"":""过门香""},{""label"":""食疗方"",""text"":""红罗竹""},{""label"":""食疗方"",""text"":""缠花云梦肉""},{""label"":""古籍来源"",""text"":""《开元夭宝遗事》""},{""label"":""医家"",""text"":""高诱""},{""label"":""病症"",""text"":""暖蹇""},{""label"":""病症"",""text"":""消蹇""}]"
293,17,13,10,10,"[{""label"":""食材"",""text"":""鱼""},{""label"":""食材"",""text"":""荔枝仁""},{""label"":""食材"",""text"":""脯""},{""label"":""食材"",""text"":""鲱""},{""label"":""病症"",""text"":""时疫""},{""label"":""医家"",""text"":""仇士良""},{""label"":""烹饪方法"",""text"":""罔""},{""label"":""烹饪方法"",""text"":""切""},{""label"":""烹饪方法"",""text"":""腌制""},{""label"":""烹饪方法"",""text"":""装缸发酵""}]"
295,16,0,0,0,[]
296,6,2,2,2,"[{""label"":""医家"",""text"":""胡适""},{""label"":""医家"",""text"":""释法常""}]"
298,29,1,8,8,"[{""label"":""食材"",""text"":""茶""},{""label"":""食材"",""text"":""泉水""},{""label"":""烹饪方法"",""text"":""水煎服""},{""label"":""病症"",""text"":""病冷""},{""label"":""病症"",""text"":""宿疾""},{""label"":""病症"",""text"":""病瘥""},{""label"":""医家"",""text"":""孙樵""},{""label"":""医家"",""text"":""毛文锡""}]"
299,4,0,0,0,[]
300,5,5,4,4,"[{""label"":""食材"",""text"":""韭""},{""label"":""食材"",""text"":""葱""},{""label"":""食材"",""text"":""甘草""},{""label"":""古籍来源"",""text"":""文言""}]"
301,21,0,13,13,"[{""label"":""食材"",""text"":""茶""},{""label"":""烹饪方法"",""text"":""煮汤""},{""label"":""烹饪方法"",""text"":""作汤""},{""label"":""烹饪方法"",""text"":""泛茶""},{""label"":""烹饪方法"",""text"":""燃""},{""label"":""禁忌"",""text"":""水忌停""},{""label"":""禁忌"",""text"":""薪忌薰""},{""label"":""养生原则"",""text"":""在茶家亦有法律""},{""label"":""养生原则"",""text"":""汤乖则茶殆矣""},{""label"":""养生原则"",""text"":""木体虽尽而性且浮""},{""label"":""养生原则"",""text"":""性浮则汤有终嫩之嫌""},{""label"":""养生原则"",""text"":""炭则不然,实汤之友""},{""label"":""养生原则"",""text"":""茶本灵草""}]"
302,5,0,0,0,[]
303,15,19,9,9,"[{""label"":""食材"",""text"":""韭""},{""label"":""食材"",""text"":""葱""},{""label"":""食材"",""text"":""蒜""},{""label"":""食材"",""text"":""香椿头""},{""label"":""食材"",""text"":""萝卜""},{""label"":""烹饪方法"",""text"":""切丝""},{""label"":""烹饪方法"",""text"":""拌""},{""label"":""病症"",""text"":""打嗳""},{""label"":""病症"",""text"":""秽气""}]"
304,35,25,24,24,"[{""label"":""食材"",""text"":""米饭""},{""label"":""食材"",""text"":""面食""},{""label"":""食材"",""text"":""饼子""},{""label"":""食材"",""text"":""面条""},{""label"":""食材"",""text"":""油""},{""label"":""食材"",""text"":""盐""},{""label"":""食材"",""text"":""酱""},{""label"":""食材"",""text"":""醋""},{""label"":""食材"",""text"":""椒末""},{""label"":""食材"",""text"":""芝麻屑""},{""label"":""食材"",""text"":""笋""},{""label"":""食材"",""text"":""蕈""},{""label"":""食材"",""text"":""虾""},{""label"":""功效"",""text"":""养脾""},{""label"":""功效"",""text"":""补心""},{""label"":""脏腑"",""text"":""脾""},{""label"":""脏腑"",""text"":""心""},{""label"":""食疗方"",""text"":""五香面""},{""label"":""食疗方"",""text"":""八珍面""},{""label"":""烹饪方法"",""text"":""煮""},{""label"":""烹饪方法"",""text"":""擀""},{""label"":""烹饪方法"",""text"":""切""},{""label"":""烹饪方法"",""text"":""搅拌""},{""label"":""古籍来源"",""text"":""本草""}]"
305,10,0,8,8,"[{""label"":""食材"",""text"":""蔬笋""},{""label"":""食材"",""text"":""虾鱼""},{""label"":""养生原则"",""text"":""重蔬食""},{""label"":""养生原则"",""text"":""崇俭约""},{""label"":""养生原则"",""text"":""尚真味""},{""label"":""养生原则"",""text"":""主清淡""},{""label"":""养生原则"",""text"":""忌油腻""},{""label"":""养生原则"",""text"":""慎杀生""}]"
306,11,0,0,0,[]
307,29,24,23,23,"[{""label"":""食材"",""text"":""鸡""},{""label"":""食材"",""text"":""鱼""},{""label"":""食材"",""text"":""虾""},{""label"":""食材"",""text"":""鲜笄""},{""label"":""食材"",""text"":""香蕈""},{""label"":""食材"",""text"":""芝麻""},{""label"":""食材"",""text"":""花椒""},{""label"":""食材"",""text"":""酱""},{""label"":""食材"",""text"":""醋""},{""label"":""食材"",""text"":""笋""},{""label"":""食材"",""text"":""藕""},{""label"":""食材"",""text"":""葛""},{""label"":""食材"",""text"":""蕨""},{""label"":""食材"",""text"":""绿豆""},{""label"":""食材"",""text"":""鸡蛋清""},{""label"":""烹饪方法"",""text"":""晒""},{""label"":""烹饪方法"",""text"":""捣""},{""label"":""烹饪方法"",""text"":""碾""},{""label"":""烹饪方法"",""text"":""煮""},{""label"":""烹饪方法"",""text"":""调""},{""label"":""食疗方"",""text"":""八珍""},{""label"":""食疗方"",""text"":""五香""},{""label"":""禁忌"",""text"":""忌讳油""}]"
308,15,20,14,14,"[{""label"":""食材"",""text"":""米""},{""label"":""食材"",""text"":""粥""},{""label"":""食材"",""text"":""饭""},{""label"":""食材"",""text"":""鲜花露""},{""label"":""食材"",""text"":""香橼""},{""label"":""食材"",""text"":""桂花""},{""label"":""食材"",""text"":""玫瑰""},{""label"":""烹饪方法"",""text"":""煮""},{""label"":""烹饪方法"",""text"":""熬""},{""label"":""烹饪方法"",""text"":""烧""},{""label"":""烹饪方法"",""text"":""拌匀""},{""label"":""烹饪方法"",""text"":""浇""},{""label"":""烹饪方法"",""text"":""闷""},{""label"":""养生原则"",""text"":""火候调得均匀""}]"
309,4,0,0,0,[]
311,12,10,8,8,"[{""label"":""食材"",""text"":""羊肉""},{""label"":""食材"",""text"":""人参""},{""label"":""食材"",""text"":""黄芪""},{""label"":""功效"",""text"":""补气""},{""label"":""功效"",""text"":""补形""},{""label"":""病症"",""text"":""伤脾""},{""label"":""病症"",""text"":""坏腹""},{""label"":""古籍来源"",""text"":""《本草》""}]"
312,16,17,12,12,"[{""label"":""食材"",""text"":""鱼""},{""label"":""食材"",""text"":""酱瓜""},{""label"":""食材"",""text"":""生姜""},{""label"":""食材"",""text"":""竹笋""},{""label"":""食材"",""text"":""虾""},{""label"":""食材"",""text"":""甘草""},{""label"":""食材"",""text"":""笋""},{""label"":""烹饪方法"",""text"":""烧""},{""label"":""烹饪方法"",""text"":""蒸""},{""label"":""烹饪方法"",""text"":""焯""},{""label"":""烹饪方法"",""text"":""醉""},{""label"":""烹饪方法"",""text"":""糟""}]"
313,6,0,0,0,[]
314,25,20,16,16,"[{""label"":""食材"",""text"":""雄鸭""},{""label"":""食材"",""text"":""雉""},{""label"":""食材"",""text"":""雁""},{""label"":""食材"",""text"":""鸠""},{""label"":""食材"",""text"":""鸽""},{""label"":""食材"",""text"":""黄雀""},{""label"":""食材"",""text"":""鹩鹑""},{""label"":""食材"",""text"":""兔""},{""label"":""食材"",""text"":""麝""},{""label"":""食材"",""text"":""鹿""},{""label"":""食材"",""text"":""熊""},{""label"":""食材"",""text"":""虎""},{""label"":""功效"",""text"":""保养身体""},{""label"":""烹饪方法"",""text"":""食""},{""label"":""烹饪方法"",""text"":""尝""},{""label"":""古籍来源"",""text"":""易.颐""}]"
315,24,15,10,10,"[{""label"":""食材"",""text"":""蔷薇""},{""label"":""食材"",""text"":""香橼""},{""label"":""食材"",""text"":""桂花""},{""label"":""食材"",""text"":""饭""},{""label"":""食材"",""text"":""羹""},{""label"":""食材"",""text"":""汤""},{""label"":""食材"",""text"":""肴馔""},{""label"":""食材"",""text"":""小莱""},{""label"":""养生原则"",""text"":""吃饭不可无羹""},{""label"":""养生原则"",""text"":""宁可食无馔,不可饭无汤""}]"
316,13,10,8,8,"[{""label"":""食材"",""text"":""米""},{""label"":""食材"",""text"":""麦""},{""label"":""食材"",""text"":""粉面""},{""label"":""功效"",""text"":""养脾""},{""label"":""功效"",""text"":""补心""},{""label"":""脏腑"",""text"":""脾""},{""label"":""脏腑"",""text"":""心""},{""label"":""古籍来源"",""text"":""《本草》""}]"
317,1,0,0,0,[]
318,49,50,44,44,"[{""label"":""食材"",""text"":""鸫肉""},{""label"":""食材"",""text"":""鹎肉""},{""label"":""食材"",""text"":""獐肉""},{""label"":""食材"",""text"":""鹿肉""},{""label"":""食材"",""text"":""猪肉""},{""label"":""食材"",""text"":""羊肉""},{""label"":""食材"",""text"":""面粉""},{""label"":""食材"",""text"":""鸡鸭蛋蛋白""},{""label"":""食材"",""text"":""蛋白""},{""label"":""食材"",""text"":""鸭蛋黄""},{""label"":""食材"",""text"":""鸡蛋黄""},{""label"":""食材"",""text"":""银朱""},{""label"":""食材"",""text"":""芦荻""},{""label"":""食材"",""text"":""白鱼""},{""label"":""食材"",""text"":""鲇鱼""},{""label"":""食材"",""text"":""鳢鱼""},{""label"":""食材"",""text"":""姜""},{""label"":""食材"",""text"":""花椒""},{""label"":""食材"",""text"":""桔皮""},{""label"":""食材"",""text"":""豆豉""},{""label"":""食材"",""text"":""油""},{""label"":""食材"",""text"":""绢""},{""label"":""烹饪方法"",""text"":""炙""},{""label"":""烹饪方法"",""text"":""烤""},{""label"":""烹饪方法"",""text"":""斫碎""},{""label"":""烹饪方法"",""text"":""炒""},{""label"":""烹饪方法"",""text"":""削""},{""label"":""烹饪方法"",""text"":""涂""},{""label"":""烹饪方法"",""text"":""刷""},{""label"":""烹饪方法"",""text"":""切""},{""label"":""烹饪方法"",""text"":""包""},{""label"":""烹饪方法"",""text"":""铺""},{""label"":""烹饪方法"",""text"":""片""},{""label"":""烹饪方法"",""text"":""割""},{""label"":""烹饪方法"",""text"":""洗""},{""label"":""烹饪方法"",""text"":""舂""},{""label"":""烹饪方法"",""text"":""和""},{""label"":""烹饪方法"",""text"":""垫""},{""label"":""食疗方"",""text"":""筒炙""},{""label"":""食疗方"",""text"":""黄炙""},{""label"":""食疗方"",""text"":""陷炙""},{""label"":""食疗方"",""text"":""饼炙""},{""label"":""禁忌"",""text"":""面多了,味酸""},{""label"":""禁忌"",""text"":""少了,环相黏""}]"
319,23,35,23,23,"[{""label"":""古籍来源"",""text"":""《食经》""},{""label"":""食材"",""text"":""豆子""},{""label"":""烹饪方法"",""text"":""蒸""},{""label"":""食材"",""text"":""青茅""},{""label"":""食材"",""text"":""糯米小曲""},{""label"":""食材"",""text"":""盐""},{""label"":""食材"",""text"":""豉""},{""label"":""食材"",""text"":""桑叶""},{""label"":""烹饪方法"",""text"":""晒""},{""label"":""烹饪方法"",""text"":""蒸""},{""label"":""烹饪方法"",""text"":""炊""},{""label"":""食材"",""text"":""芥草""},{""label"":""烹饪方法"",""text"":""簸""},{""label"":""烹饪方法"",""text"":""按""},{""label"":""食材"",""text"":""麦豉""},{""label"":""食材"",""text"":""小麦""},{""label"":""烹饪方法"",""text"":""磨""},{""label"":""烹饪方法"",""text"":""拌""},{""label"":""烹饪方法"",""text"":""蒸""},{""label"":""烹饪方法"",""text"":""按碎""},{""label"":""烹饪方法"",""text"":""簸扬""},{""label"":""烹饪方法"",""text"":""洒""},{""label"":""烹饪方法"",""text"":""蒸""}]"
320,14,0,0,0,[]
321,36,27,27,27,"[{""label"":""食材"",""text"":""鱼""},{""label"":""食材"",""text"":""鹅""},{""label"":""食材"",""text"":""雁""},{""label"":""食材"",""text"":""鸡""},{""label"":""食材"",""text"":""鸭""},{""label"":""食材"",""text"":""鸽""},{""label"":""食材"",""text"":""鹘""},{""label"":""食材"",""text"":""野鸭""},{""label"":""食材"",""text"":""野鸡""},{""label"":""食材"",""text"":""兔""},{""label"":""食材"",""text"":""鹌鹑""},{""label"":""食材"",""text"":""牛""},{""label"":""食材"",""text"":""羊""},{""label"":""食材"",""text"":""鲇""},{""label"":""食材"",""text"":""鳢""},{""label"":""食味"",""text"":""酸""},{""label"":""食味"",""text"":""甜""},{""label"":""烹饪方法"",""text"":""煨""},{""label"":""烹饪方法"",""text"":""捶""},{""label"":""烹饪方法"",""text"":""煮""},{""label"":""烹饪方法"",""text"":""浸""},{""label"":""烹饪方法"",""text"":""烤""},{""label"":""烹饪方法"",""text"":""阴干""},{""label"":""烹饪方法"",""text"":""煮熟""},{""label"":""食疗方"",""text"":""五味脯""},{""label"":""食疗方"",""text"":""胞脯""},{""label"":""食疗方"",""text"":""挹鱼""}]"
322,21,26,15,15,"[{""label"":""食材"",""text"":""芜菁""},{""label"":""食材"",""text"":""蜀芥""},{""label"":""食材"",""text"":""黍米""},{""label"":""食材"",""text"":""麦锐""},{""label"":""食材"",""text"":""菘莱""},{""label"":""食材"",""text"":""脂麻油""},{""label"":""食材"",""text"":""干蔓菁""},{""label"":""烹饪方法"",""text"":""煮""},{""label"":""烹饪方法"",""text"":""捣""},{""label"":""烹饪方法"",""text"":""烫""},{""label"":""烹饪方法"",""text"":""浸""},{""label"":""烹饪方法"",""text"":""封""},{""label"":""食疗方"",""text"":""汤菹""},{""label"":""食疗方"",""text"":""藤菹""},{""label"":""食味"",""text"":""咸""}]"
323,19,16,10,10,"[{""label"":""古籍来源"",""text"":""《食次》""},{""label"":""食材"",""text"":""糗""},{""label"":""食材"",""text"":""折米""},{""label"":""食材"",""text"":""白饮""},{""label"":""食材"",""text"":""盐""},{""label"":""烹饪方法"",""text"":""煮""},{""label"":""烹饪方法"",""text"":""漉""},{""label"":""烹饪方法"",""text"":""投""},{""label"":""烹饪方法"",""text"":""淋""},{""label"":""食疗方"",""text"":""煮糗""}]"
324,38,34,31,31,"[{""label"":""食材"",""text"":""姜""},{""label"":""食材"",""text"":""肉""},{""label"":""食材"",""text"":""肾""},{""label"":""食材"",""text"":""葱""},{""label"":""食材"",""text"":""椒""},{""label"":""食材"",""text"":""梏皮""},{""label"":""食材"",""text"":""胡芹""},{""label"":""食材"",""text"":""小蒜""},{""label"":""食材"",""text"":""盐""},{""label"":""食材"",""text"":""醋""},{""label"":""食材"",""text"":""猪肉""},{""label"":""食材"",""text"":""羊肉""},{""label"":""食材"",""text"":""芋""},{""label"":""食材"",""text"":""葱白""},{""label"":""食材"",""text"":""粳米""},{""label"":""食材"",""text"":""豉汁""},{""label"":""食材"",""text"":""苦酒""},{""label"":""食材"",""text"":""鸭""},{""label"":""食材"",""text"":""木兰皮""},{""label"":""食材"",""text"":""酒""},{""label"":""食材"",""text"":""鳖""},{""label"":""食材"",""text"":""豉""},{""label"":""食味"",""text"":""咸""},{""label"":""烹饪方法"",""text"":""煮""},{""label"":""烹饪方法"",""text"":""切""},{""label"":""烹饪方法"",""text"":""蒸""},{""label"":""烹饪方法"",""text"":""细切""},{""label"":""烹饪方法"",""text"":""锻""},{""label"":""烹饪方法"",""text"":""煮熟""},{""label"":""烹饪方法"",""text"":""调和""},{""label"":""古籍来源"",""text"":""《食经》""}]"
325,35,34,23,23,"[{""label"":""食材"",""text"":""羊板油""},{""label"":""食材"",""text"":""羊肉""},{""label"":""食材"",""text"":""葱白""},{""label"":""食材"",""text"":""盐""},{""label"":""食材"",""text"":""豉汁""},{""label"":""食材"",""text"":""姜""},{""label"":""食材"",""text"":""花椒末""},{""label"":""食材"",""text"":""猪肉""},{""label"":""食材"",""text"":""橘皮""},{""label"":""食材"",""text"":""酱瓜""},{""label"":""食材"",""text"":""小猪""},{""label"":""食材"",""text"":""肥鸭子肉""},{""label"":""食材"",""text"":""鱼酱汁""},{""label"":""食材"",""text"":""葱""},{""label"":""食材"",""text"":""蜜""},{""label"":""烹饪方法"",""text"":""烤""},{""label"":""烹饪方法"",""text"":""煮""},{""label"":""烹饪方法"",""text"":""捣""},{""label"":""食疗方"",""text"":""牛胲炙""},{""label"":""食疗方"",""text"":""灌肠""},{""label"":""食疗方"",""text"":""跳丸炙""},{""label"":""食疗方"",""text"":""膦炙怼""},{""label"":""古籍来源"",""text"":""《食经》""}]"
326,26,0,23,23,"[{""label"":""食材"",""text"":""牛猪肉""},{""label"":""食材"",""text"":""鸡子白""},{""label"":""食材"",""text"":""藿叶""},{""label"":""食材"",""text"":""生鹅子""},{""label"":""食材"",""text"":""姜""},{""label"":""食材"",""text"":""桔""},{""label"":""食材"",""text"":""驴肉""},{""label"":""食材"",""text"":""马肉""},{""label"":""食材"",""text"":""猪肉""},{""label"":""食材"",""text"":""盐""},{""label"":""食材"",""text"":""曲""},{""label"":""食材"",""text"":""麦莸""},{""label"":""烹饪方法"",""text"":""煮""},{""label"":""烹饪方法"",""text"":""切""},{""label"":""烹饪方法"",""text"":""蒸""},{""label"":""烹饪方法"",""text"":""破""},{""label"":""烹饪方法"",""text"":""细切""},{""label"":""烹饪方法"",""text"":""和""},{""label"":""烹饪方法"",""text"":""蒸苞""},{""label"":""烹饪方法"",""text"":""斫""},{""label"":""烹饪方法"",""text"":""和匀""},{""label"":""烹饪方法"",""text"":""密封""},{""label"":""烹饪方法"",""text"":""厮""}]"
327,27,37,23,23,"[{""label"":""食材"",""text"":""醋""},{""label"":""食材"",""text"":""葵""},{""label"":""食材"",""text"":""糯米饭""},{""label"":""食材"",""text"":""小麦""},{""label"":""食材"",""text"":""白米""},{""label"":""食材"",""text"":""瓜""},{""label"":""食材"",""text"":""小瓜""},{""label"":""食材"",""text"":""豆豉""},{""label"":""食材"",""text"":""越瓜""},{""label"":""食材"",""text"":""酒糟""},{""label"":""食材"",""text"":""白冬瓜""},{""label"":""食材"",""text"":""杌皮""},{""label"":""食材"",""text"":""鸟梅""},{""label"":""烹饪方法"",""text"":""煮""},{""label"":""烹饪方法"",""text"":""淹""},{""label"":""烹饪方法"",""text"":""切""},{""label"":""烹饪方法"",""text"":""筛""},{""label"":""烹饪方法"",""text"":""铺""},{""label"":""烹饪方法"",""text"":""盖""},{""label"":""古籍来源"",""text"":""《四民月令》""},{""label"":""古籍来源"",""text"":""《食经》""},{""label"":""食材"",""text"":""菘""},{""label"":""食材"",""text"":""鲱""}]"
328,27,23,23,23,"[{""label"":""食材"",""text"":""狗肉""},{""label"":""食材"",""text"":""小麦""},{""label"":""食材"",""text"":""白酒""},{""label"":""食材"",""text"":""鸡蛋""},{""label"":""食材"",""text"":""牛头""},{""label"":""食材"",""text"":""鹿头""},{""label"":""食材"",""text"":""小猪脚""},{""label"":""食材"",""text"":""猪蹄""},{""label"":""食材"",""text"":""鸡鸭蛋""},{""label"":""食材"",""text"":""姜""},{""label"":""食材"",""text"":""花椒""},{""label"":""食材"",""text"":""盐""},{""label"":""食材"",""text"":""生鸭蛋""},{""label"":""食材"",""text"":""茅""},{""label"":""烹饪方法"",""text"":""煮""},{""label"":""烹饪方法"",""text"":""蒸""},{""label"":""烹饪方法"",""text"":""压榨""},{""label"":""烹饪方法"",""text"":""绑""},{""label"":""烹饪方法"",""text"":""打""},{""label"":""食疗方"",""text"":""犬牒""},{""label"":""食疗方"",""text"":""苞牒""},{""label"":""古籍来源"",""text"":""《食经》""},{""label"":""古籍来源"",""text"":""《食次》""}]"
329,38,23,21,21,"[{""label"":""食材"",""text"":""猪""},{""label"":""食材"",""text"":""鸡""},{""label"":""食材"",""text"":""鸭肉""},{""label"":""食材"",""text"":""葱""},{""label"":""食材"",""text"":""姜""},{""label"":""食材"",""text"":""橘皮""},{""label"":""食材"",""text"":""胡芹""},{""label"":""食材"",""text"":""小蒜""},{""label"":""食材"",""text"":""醋""},{""label"":""食材"",""text"":""小猪""},{""label"":""食材"",""text"":""酸浆水""},{""label"":""食材"",""text"":""面粉""},{""label"":""烹饪方法"",""text"":""煮""},{""label"":""烹饪方法"",""text"":""炒""},{""label"":""烹饪方法"",""text"":""烫""},{""label"":""烹饪方法"",""text"":""拔""},{""label"":""烹饪方法"",""text"":""剃""},{""label"":""烹饪方法"",""text"":""刮削""},{""label"":""烹饪方法"",""text"":""揩擦""},{""label"":""烹饪方法"",""text"":""斩""},{""label"":""烹饪方法"",""text"":""浸""}]"
330,25,23,25,25,"[{""label"":""食材"",""text"":""米""},{""label"":""食材"",""text"":""酒""},{""label"":""食材"",""text"":""姜""},{""label"":""食材"",""text"":""桂""},{""label"":""食材"",""text"":""蜜""},{""label"":""食材"",""text"":""胆""},{""label"":""食材"",""text"":""黍酒""},{""label"":""食材"",""text"":""秫酒""},{""label"":""食材"",""text"":""曲""},{""label"":""食材"",""text"":""笨曲""},{""label"":""食材"",""text"":""神曲""},{""label"":""食材"",""text"":""米粉""},{""label"":""食味"",""text"":""辛""},{""label"":""食味"",""text"":""辣""},{""label"":""食味"",""text"":""甜""},{""label"":""食味"",""text"":""苦""},{""label"":""烹饪方法"",""text"":""炊""},{""label"":""烹饪方法"",""text"":""蒸""},{""label"":""烹饪方法"",""text"":""煮""},{""label"":""烹饪方法"",""text"":""捣""},{""label"":""烹饪方法"",""text"":""筛""},{""label"":""烹饪方法"",""text"":""舂""},{""label"":""烹饪方法"",""text"":""搅拌""},{""label"":""烹饪方法"",""text"":""打""},{""label"":""食疗方"",""text"":""酿礤米酎""}]"
331,57,50,60,61,"[{""label"":""古籍来源"",""text"":""《食经》""},{""label"":""食材"",""text"":""芋子""},{""label"":""食材"",""text"":""猪羊肉""},{""label"":""烹饪方法"",""text"":""煮""},{""label"":""食材"",""text"":""葱白""},{""label"":""食材"",""text"":""粳米""},{""label"":""食材"",""text"":""盐""},{""label"":""食材"",""text"":""豉""},{""label"":""食材"",""text"":""苦酒""},{""label"":""食材"",""text"":""小鸭""},{""label"":""食材"",""text"":""大鸭""},{""label"":""食材"",""text"":""葱""},{""label"":""食材"",""text"":""芊""},{""label"":""食材"",""text"":""梏皮""},{""label"":""食材"",""text"":""木兰""},{""label"":""食材"",""text"":""生姜""},{""label"":""食材"",""text"":""豉汁""},{""label"":""食材"",""text"":""米""},{""label"":""食材"",""text"":""酒""},{""label"":""食材"",""text"":""鳖""},{""label"":""烹饪方法"",""text"":""煮""},{""label"":""食材"",""text"":""羊肉""},{""label"":""食材"",""text"":""葱""},{""label"":""食材"",""text"":""豉""},{""label"":""食材"",""text"":""粳米""},{""label"":""食材"",""text"":""羡""},{""label"":""食材"",""text"":""木兰""},{""label"":""食材"",""text"":""酒""},{""label"":""烹饪方法"",""text"":""煮""},{""label"":""食材"",""text"":""盐""},{""label"":""食材"",""text"":""苦酒""},{""label"":""食材"",""text"":""猪蹄""},{""label"":""烹饪方法"",""text"":""煮""},{""label"":""食材"",""text"":""葱""},{""label"":""食材"",""text"":""豉""},{""label"":""食材"",""text"":""苦酒""},{""label"":""食材"",""text"":""盐""},{""label"":""食材"",""text"":""饧""},{""label"":""食材"",""text"":""羊蹄""},{""label"":""食材"",""text"":""羊肉""},{""label"":""食材"",""text"":""葱""},{""label"":""食材"",""text"":""豉""},{""label"":""食材"",""text"":""米""},{""label"":""食材"",""text"":""生姜""},{""label"":""食材"",""text"":""桔皮""},{""label"":""食材"",""text"":""兔""},{""label"":""食材"",""text"":""水""},{""label"":""食材"",""text"":""酒""},{""label"":""食材"",""text"":""葱""},{""label"":""食材"",""text"":""米""},{""label"":""食材"",""text"":""盐""},{""label"":""食材"",""text"":""豉""},{""label"":""食材"",""text"":""苦酒""},{""label"":""食材"",""text"":""肉葵""},{""label"":""食材"",""text"":""猪蹄""},{""label"":""烹饪方法"",""text"":""煮""},{""label"":""烹饪方法"",""text"":""蒸""},{""label"":""烹饪方法"",""text"":""合煮""},{""label"":""烹饪方法"",""text"":""调其味""},{""label"":""烹饪方法"",""text"":""煮令烂""},{""label"":""烹饪方法"",""text"":""擘去""}]"
333,38,7,27,28,"[{""label"":""食材"",""text"":""麦曲""},{""label"":""食材"",""text"":""神曲""},{""label"":""食材"",""text"":""米""},{""label"":""烹饪方法"",""text"":""浸""},{""label"":""烹饪方法"",""text"":""酿""},{""label"":""烹饪方法"",""text"":""淘""},{""label"":""烹饪方法"",""text"":""曝""},{""label"":""烹饪方法"",""text"":""收""},{""label"":""禁忌"",""text"":""勿使漏气""},{""label"":""禁忌"",""text"":""勿令见日""},{""label"":""禁忌"",""text"":""不须覆盖""},{""label"":""禁忌"",""text"":""不用被丽""},{""label"":""禁忌"",""text"":""太厚则伤热""},{""label"":""禁忌"",""text"":""恐不耐久""},{""label"":""禁忌"",""text"":""咸则不佳""},{""label"":""禁忌"",""text"":""澜湿则酒恶""},{""label"":""禁忌"",""text"":""斧刃则杀小""},{""label"":""禁忌"",""text"":""恐土污及丽润""},{""label"":""养生原则"",""text"":""受霜露""},{""label"":""养生原则"",""text"":""寒暖有早晚""},{""label"":""养生原则"",""text"":""取极甘井水""},{""label"":""养生原则"",""text"":""河水笫一好""},{""label"":""养生原则"",""text"":""秋以九月九日或十九日收水""},{""label"":""养生原则"",""text"":""此四日为上时""},{""label"":""养生原则"",""text"":""籴日非不得作""},{""label"":""养生原则"",""text"":""陈者弥好""},{""label"":""古籍来源"",""text"":""神曲滔方""},{""label"":""食疗方"",""text"":""清曲祛""}]"
334,71,29,20,20,"[{""label"":""食材"",""text"":""杏酪""},{""label"":""食材"",""text"":""饧""},{""label"":""食材"",""text"":""地黄粱""},{""label"":""食材"",""text"":""醴""},{""label"":""食材"",""text"":""杏仁""},{""label"":""食材"",""text"":""稻麦""},{""label"":""烹饪方法"",""text"":""煮""},{""label"":""烹饪方法"",""text"":""研""},{""label"":""烹饪方法"",""text"":""滤""},{""label"":""烹饪方法"",""text"":""搅""},{""label"":""烹饪方法"",""text"":""曝""},{""label"":""烹饪方法"",""text"":""打""},{""label"":""烹饪方法"",""text"":""脱""},{""label"":""烹饪方法"",""text"":""燃""},{""label"":""烹饪方法"",""text"":""沸""},{""label"":""烹饪方法"",""text"":""覆""},{""label"":""烹饪方法"",""text"":""和""},{""label"":""食味"",""text"":""甘""},{""label"":""食味"",""text"":""苦""},{""label"":""古籍来源"",""text"":""傅日""}]"
335,38,17,36,36,"[{""label"":""食材"",""text"":""鱼""},{""label"":""食材"",""text"":""糁""},{""label"":""食材"",""text"":""菰""},{""label"":""食材"",""text"":""芦叶""},{""label"":""食材"",""text"":""苇""},{""label"":""食材"",""text"":""竹""},{""label"":""食材"",""text"":""荆""},{""label"":""食材"",""text"":""荷叶""},{""label"":""食材"",""text"":""茱萸""},{""label"":""食材"",""text"":""橘皮""},{""label"":""食材"",""text"":""姜""},{""label"":""食材"",""text"":""盐""},{""label"":""食材"",""text"":""饭""},{""label"":""食材"",""text"":""糈米""},{""label"":""食材"",""text"":""干鱼""},{""label"":""食材"",""text"":""白饭""},{""label"":""烹饪方法"",""text"":""腌""},{""label"":""烹饪方法"",""text"":""炊""},{""label"":""烹饪方法"",""text"":""洗""},{""label"":""烹饪方法"",""text"":""斩""},{""label"":""烹饪方法"",""text"":""擘""},{""label"":""烹饪方法"",""text"":""切""},{""label"":""烹饪方法"",""text"":""裹""},{""label"":""烹饪方法"",""text"":""酿""},{""label"":""烹饪方法"",""text"":""浸""},{""label"":""烹饪方法"",""text"":""漉""},{""label"":""烹饪方法"",""text"":""劐""},{""label"":""烹饪方法"",""text"":""截""},{""label"":""烹饪方法"",""text"":""去鳞""},{""label"":""烹饪方法"",""text"":""抑""},{""label"":""食疗方"",""text"":""鱼鲱祛""},{""label"":""食疗方"",""text"":""长沙蒲鲱法""},{""label"":""食疗方"",""text"":""夏月鱼蚱祛""},{""label"":""禁忌"",""text"":""患臭而不美""},{""label"":""禁忌"",""text"":""一穿破则虫入""},{""label"":""禁忌"",""text"":""烂者不中""}]"
336,30,16,14,14,"[{""label"":""食材"",""text"":""肉""},{""label"":""食材"",""text"":""盐""},{""label"":""食材"",""text"":""曲""},{""label"":""食材"",""text"":""麦""},{""label"":""食材"",""text"":""猪""},{""label"":""食材"",""text"":""脂""},{""label"":""食材"",""text"":""酒""},{""label"":""食材"",""text"":""韭""},{""label"":""食材"",""text"":""酒糟""},{""label"":""烹饪方法"",""text"":""煮""},{""label"":""烹饪方法"",""text"":""熘""},{""label"":""烹饪方法"",""text"":""炒""},{""label"":""烹饪方法"",""text"":""炙""},{""label"":""烹饪方法"",""text"":""曝""}]"
337,23,20,15,16,"[{""label"":""食材"",""text"":""鲤鱼""},{""label"":""烹饪方法"",""text"":""作脔""},{""label"":""烹饪方法"",""text"":""片斩""},{""label"":""烹饪方法"",""text"":""浸冼""},{""label"":""烹饪方法"",""text"":""炙""},{""label"":""烹饪方法"",""text"":""炊""},{""label"":""烹饪方法"",""text"":""合和""},{""label"":""烹饪方法"",""text"":""搅""},{""label"":""烹饪方法"",""text"":""迮""},{""label"":""食材"",""text"":""盐""},{""label"":""食材"",""text"":""米饭""},{""label"":""食材"",""text"":""糁""},{""label"":""食材"",""text"":""茱萸""},{""label"":""食材"",""text"":""橘皮""},{""label"":""食材"",""text"":""酒""},{""label"":""食味"",""text"":""咸""}]"
338,26,10,19,19,"[{""label"":""食材"",""text"":""小麦""},{""label"":""烹饪方法"",""text"":""炒""},{""label"":""烹饪方法"",""text"":""曝""},{""label"":""烹饪方法"",""text"":""捣""},{""label"":""烹饪方法"",""text"":""磨""},{""label"":""烹饪方法"",""text"":""簸""},{""label"":""烹饪方法"",""text"":""择""},{""label"":""烹饪方法"",""text"":""溲""},{""label"":""烹饪方法"",""text"":""覆""},{""label"":""烹饪方法"",""text"":""晒""},{""label"":""烹饪方法"",""text"":""积""},{""label"":""烹饪方法"",""text"":""剡""},{""label"":""烹饪方法"",""text"":""淘""},{""label"":""烹饪方法"",""text"":""踏""},{""label"":""烹饪方法"",""text"":""刺""},{""label"":""烹饪方法"",""text"":""卧""},{""label"":""烹饪方法"",""text"":""出""},{""label"":""烹饪方法"",""text"":""停""},{""label"":""食疗方"",""text"":""春酒曲""}]"
339,31,23,15,15,"[{""label"":""食材"",""text"":""葵崧""},{""label"":""食材"",""text"":""芜菁""},{""label"":""食材"",""text"":""蜀芥""},{""label"":""食材"",""text"":""黍米""},{""label"":""食材"",""text"":""麦贽""},{""label"":""食材"",""text"":""干蔓菁""},{""label"":""烹饪方法"",""text"":""煮""},{""label"":""烹饪方法"",""text"":""炸""},{""label"":""烹饪方法"",""text"":""熬""},{""label"":""烹饪方法"",""text"":""浸""},{""label"":""烹饪方法"",""text"":""洗""},{""label"":""烹饪方法"",""text"":""濯""},{""label"":""食味"",""text"":""咸""},{""label"":""食疗方"",""text"":""汤菹""},{""label"":""食疗方"",""text"":""蘸菹""}]"
340,17,14,15,15,"[{""label"":""食材"",""text"":""小麦""},{""label"":""食材"",""text"":""胡臬""},{""label"":""食材"",""text"":""大麦""},{""label"":""烹饪方法"",""text"":""淘""},{""label"":""烹饪方法"",""text"":""浸""},{""label"":""烹饪方法"",""text"":""蒸""},{""label"":""烹饪方法"",""text"":""曝""},{""label"":""烹饪方法"",""text"":""扬""},{""label"":""烹饪方法"",""text"":""簸""},{""label"":""烹饪方法"",""text"":""溲""},{""label"":""烹饪方法"",""text"":""熬""},{""label"":""烹饪方法"",""text"":""覆""},{""label"":""烹饪方法"",""text"":""摊""},{""label"":""烹饪方法"",""text"":""散收""},{""label"":""古籍来源"",""text"":""《盂子》""}]"
341,32,36,33,33,"[{""label"":""食材"",""text"":""鸡鸭白""},{""label"":""食材"",""text"":""鸭子黄""},{""label"":""食材"",""text"":""鸡子黄""},{""label"":""食材"",""text"":""芦狨""},{""label"":""食材"",""text"":""面""},{""label"":""食材"",""text"":""生鱼""},{""label"":""食材"",""text"":""白鱼""},{""label"":""食材"",""text"":""鲇""},{""label"":""食材"",""text"":""鳢""},{""label"":""食材"",""text"":""蒜""},{""label"":""食材"",""text"":""姜""},{""label"":""食材"",""text"":""椒""},{""label"":""食材"",""text"":""桔皮""},{""label"":""食材"",""text"":""盐""},{""label"":""食材"",""text"":""豉""},{""label"":""烹饪方法"",""text"":""炙""},{""label"":""烹饪方法"",""text"":""灌""},{""label"":""烹饪方法"",""text"":""刷""},{""label"":""烹饪方法"",""text"":""春""},{""label"":""烹饪方法"",""text"":""煎""},{""label"":""烹饪方法"",""text"":""按""},{""label"":""烹饪方法"",""text"":""翻""},{""label"":""烹饪方法"",""text"":""断""},{""label"":""烹饪方法"",""text"":""束""},{""label"":""烹饪方法"",""text"":""削""},{""label"":""烹饪方法"",""text"":""挣洗""},{""label"":""烹饪方法"",""text"":""涂""},{""label"":""烹饪方法"",""text"":""藉""},{""label"":""烹饪方法"",""text"":""装""},{""label"":""烹饪方法"",""text"":""倒""},{""label"":""烹饪方法"",""text"":""置""},{""label"":""古籍来源"",""text"":""竹筒""},{""label"":""古籍来源"",""text"":""饼炙""}]"
342,20,11,13,13,"[{""label"":""食材"",""text"":""醴""},{""label"":""食材"",""text"":""酪""},{""label"":""食材"",""text"":""粥""},{""label"":""食材"",""text"":""蒿""},{""label"":""食材"",""text"":""干牛屎""},{""label"":""食材"",""text"":""肥猎肉""},{""label"":""食材"",""text"":""脂""},{""label"":""烹饪方法"",""text"":""煮""},{""label"":""烹饪方法"",""text"":""燃""},{""label"":""烹饪方法"",""text"":""揩拭""},{""label"":""烹饪方法"",""text"":""洗""},{""label"":""食疗方"",""text"":""謇食""},{""label"":""养生原则"",""text"":""不必耍茌褰食""}]"
343,28,9,24,24,"[{""label"":""食材"",""text"":""豆""},{""label"":""食材"",""text"":""黍""},{""label"":""食材"",""text"":""豉""},{""label"":""食材"",""text"":""桑叶""},{""label"":""食材"",""text"":""小麦""},{""label"":""烹饪方法"",""text"":""蒸""},{""label"":""烹饪方法"",""text"":""曝""},{""label"":""烹饪方法"",""text"":""煮""},{""label"":""烹饪方法"",""text"":""炊""},{""label"":""烹饪方法"",""text"":""浸""},{""label"":""烹饪方法"",""text"":""覆""},{""label"":""烹饪方法"",""text"":""画""},{""label"":""烹饪方法"",""text"":""洒""},{""label"":""烹饪方法"",""text"":""溲""},{""label"":""烹饪方法"",""text"":""搏""},{""label"":""烹饪方法"",""text"":""内""},{""label"":""烹饪方法"",""text"":""泥""},{""label"":""烹饪方法"",""text"":""排""},{""label"":""烹饪方法"",""text"":""簸""},{""label"":""烹饪方法"",""text"":""按""},{""label"":""古籍来源"",""text"":""《食经》""},{""label"":""食疗方"",""text"":""作麦豉""},{""label"":""禁忌"",""text"":""勿令泄其暖热之气""},{""label"":""禁忌"",""text"":""勿抑""}]"
344,7,12,7,7,"[{""label"":""食材"",""text"":""王瓜""},{""label"":""食材"",""text"":""壬瓜""},{""label"":""食材"",""text"":""生玉瓜""},{""label"":""食材"",""text"":""茄子""},{""label"":""食材"",""text"":""黄瓜""},{""label"":""烹饪方法"",""text"":""酱""},{""label"":""古籍来源"",""text"":""《月令》""}]"
345,26,25,22,22,"[{""label"":""食材"",""text"":""香橼""},{""label"":""食材"",""text"":""白果""},{""label"":""食材"",""text"":""小芋""},{""label"":""食材"",""text"":""黄腊""},{""label"":""食材"",""text"":""白糖""},{""label"":""食材"",""text"":""橙子""},{""label"":""食材"",""text"":""生姜""},{""label"":""食材"",""text"":""甘草""},{""label"":""食材"",""text"":""檀香""},{""label"":""食材"",""text"":""橙皮""},{""label"":""食材"",""text"":""干山药""},{""label"":""食材"",""text"":""白梅肉""},{""label"":""烹饪方法"",""text"":""剪""},{""label"":""烹饪方法"",""text"":""浸""},{""label"":""烹饪方法"",""text"":""煮""},{""label"":""烹饪方法"",""text"":""蒸""},{""label"":""烹饪方法"",""text"":""捣""},{""label"":""烹饪方法"",""text"":""切""},{""label"":""烹饪方法"",""text"":""焙""},{""label"":""烹饪方法"",""text"":""绞""},{""label"":""食疗方"",""text"":""香橼膏""},{""label"":""食疗方"",""text"":""橙饼""}]"
346,51,47,39,39,"[{""label"":""食材"",""text"":""官桂""},{""label"":""食材"",""text"":""陈皮""},{""label"":""食材"",""text"":""鲜桔皮""},{""label"":""食材"",""text"":""橙皮""},{""label"":""食材"",""text"":""良姜""},{""label"":""食材"",""text"":""干姜""},{""label"":""食材"",""text"":""生姜""},{""label"":""食材"",""text"":""姜汁""},{""label"":""食材"",""text"":""姜粉""},{""label"":""食材"",""text"":""胡椒""},{""label"":""食材"",""text"":""砂仁""},{""label"":""食材"",""text"":""川椒""},{""label"":""食材"",""text"":""花椒""},{""label"":""食材"",""text"":""地椒""},{""label"":""食材"",""text"":""辣椒""},{""label"":""食材"",""text"":""小茴""},{""label"":""食材"",""text"":""大茴""},{""label"":""食材"",""text"":""草果""},{""label"":""食材"",""text"":""荜拨""},{""label"":""食材"",""text"":""甘草""},{""label"":""食材"",""text"":""肉豆蔻""},{""label"":""食材"",""text"":""白芷""},{""label"":""食材"",""text"":""桂皮""},{""label"":""食材"",""text"":""红曲""},{""label"":""食材"",""text"":""神曲""},{""label"":""食材"",""text"":""甘松""},{""label"":""食材"",""text"":""草豆蔻""},{""label"":""食材"",""text"":""檀香""},{""label"":""食材"",""text"":""白糖""},{""label"":""食材"",""text"":""黑泌糟""},{""label"":""食材"",""text"":""葱""},{""label"":""食材"",""text"":""元荽""},{""label"":""食材"",""text"":""莳萝""},{""label"":""食材"",""text"":""蒜""},{""label"":""食材"",""text"":""韭""},{""label"":""食材"",""text"":""红豆""},{""label"":""食材"",""text"":""豆豉""},{""label"":""烹饪方法"",""text"":""研""},{""label"":""烹饪方法"",""text"":""拌匀""}]"
347,19,17,11,11,"[{""label"":""食材"",""text"":""白莱""},{""label"":""食材"",""text"":""白菜""},{""label"":""食材"",""text"":""梅菜""},{""label"":""食材"",""text"":""黄芽莱""},{""label"":""食材"",""text"":""盐""},{""label"":""烹饪方法"",""text"":""腌""},{""label"":""烹饪方法"",""text"":""晒""},{""label"":""烹饪方法"",""text"":""烧""},{""label"":""烹饪方法"",""text"":""蒸""},{""label"":""烹饪方法"",""text"":""醯""},{""label"":""禁忌"",""text"":""勿见水""}]"
348,36,26,22,22,"[{""label"":""食材"",""text"":""鹅""},{""label"":""食材"",""text"":""姜""},{""label"":""食材"",""text"":""椒""},{""label"":""食材"",""text"":""茴香""},{""label"":""食材"",""text"":""猪蹄""},{""label"":""食材"",""text"":""鸡""},{""label"":""食材"",""text"":""香油""},{""label"":""食材"",""text"":""葱""},{""label"":""食材"",""text"":""黄雀""},{""label"":""食材"",""text"":""笋芽""},{""label"":""食材"",""text"":""嫩姜""},{""label"":""食材"",""text"":""糟油""},{""label"":""食材"",""text"":""酱醋""},{""label"":""烹饪方法"",""text"":""煮""},{""label"":""烹饪方法"",""text"":""切""},{""label"":""烹饪方法"",""text"":""装""},{""label"":""烹饪方法"",""text"":""扎""},{""label"":""烹饪方法"",""text"":""裹缠""},{""label"":""烹饪方法"",""text"":""挖""},{""label"":""烹饪方法"",""text"":""漂净""},{""label"":""烹饪方法"",""text"":""炖""},{""label"":""烹饪方法"",""text"":""重汤煮""}]"
349,33,36,31,31,"[{""label"":""食材"",""text"":""面""},{""label"":""食材"",""text"":""麸""},{""label"":""食材"",""text"":""面筋""},{""label"":""食材"",""text"":""虾""},{""label"":""食材"",""text"":""虾米""},{""label"":""食材"",""text"":""白糖""},{""label"":""食材"",""text"":""酒酿""},{""label"":""食材"",""text"":""糯米""},{""label"":""食材"",""text"":""酒曲""},{""label"":""食味"",""text"":""甘""},{""label"":""食味"",""text"":""辛""},{""label"":""食性"",""text"":""温""},{""label"":""功效"",""text"":""益气""},{""label"":""功效"",""text"":""生津""},{""label"":""功效"",""text"":""活血""},{""label"":""功效"",""text"":""发痘""},{""label"":""烹饪方法"",""text"":""蒸""},{""label"":""烹饪方法"",""text"":""煮""},{""label"":""烹饪方法"",""text"":""煎""},{""label"":""烹饪方法"",""text"":""炸""},{""label"":""烹饪方法"",""text"":""熏""},{""label"":""烹饪方法"",""text"":""烘""},{""label"":""烹饪方法"",""text"":""浸""},{""label"":""烹饪方法"",""text"":""炖""},{""label"":""烹饪方法"",""text"":""榨""},{""label"":""烹饪方法"",""text"":""抹""},{""label"":""烹饪方法"",""text"":""晾""},{""label"":""烹饪方法"",""text"":""制""},{""label"":""禁忌"",""text"":""不经猪油。不能坚脆也""},{""label"":""食材"",""text"":""面脯""},{""label"":""食材"",""text"":""面筋干""}]"
350,10,15,9,9,"[{""label"":""食材"",""text"":""盐""},{""label"":""食材"",""text"":""梅""},{""label"":""食味"",""text"":""咸""},{""label"":""烹饪方法"",""text"":""煮""},{""label"":""烹饪方法"",""text"":""晒""},{""label"":""烹饪方法"",""text"":""磨""},{""label"":""烹饪方法"",""text"":""蒸""},{""label"":""古籍来源"",""text"":""尚书""},{""label"":""古籍来源"",""text"":""说命下""}]"
351,15,14,10,10,"[{""label"":""食材"",""text"":""桃""},{""label"":""食材"",""text"":""麦面""},{""label"":""食材"",""text"":""盐""},{""label"":""食材"",""text"":""乌鸡血""},{""label"":""食材"",""text"":""桃花""},{""label"":""食材"",""text"":""圆眼""},{""label"":""烹饪方法"",""text"":""煮""},{""label"":""烹饪方法"",""text"":""涂""},{""label"":""功效"",""text"":""光白""},{""label"":""功效"",""text"":""润泽如玉""}]"
352,37,25,33,33,"[{""label"":""食材"",""text"":""猪肚""},{""label"":""食材"",""text"":""小肠""},{""label"":""食材"",""text"":""香蕈""},{""label"":""食材"",""text"":""莲肉""},{""label"":""食材"",""text"":""百合""},{""label"":""食材"",""text"":""白糯米""},{""label"":""食材"",""text"":""薏米""},{""label"":""食材"",""text"":""猪腿精肉""},{""label"":""食材"",""text"":""砂仁""},{""label"":""食材"",""text"":""椒末""},{""label"":""食材"",""text"":""醋""},{""label"":""食材"",""text"":""熟香油""},{""label"":""食材"",""text"":""羊肉""},{""label"":""食材"",""text"":""核桃""},{""label"":""食材"",""text"":""桑叶""},{""label"":""烹饪方法"",""text"":""煮""},{""label"":""烹饪方法"",""text"":""焯""},{""label"":""烹饪方法"",""text"":""拌""},{""label"":""烹饪方法"",""text"":""槌""},{""label"":""烹饪方法"",""text"":""切""},{""label"":""烹饪方法"",""text"":""磨""},{""label"":""烹饪方法"",""text"":""装""},{""label"":""烹饪方法"",""text"":""缝""},{""label"":""烹饪方法"",""text"":""纽干""},{""label"":""烹饪方法"",""text"":""滚""},{""label"":""烹饪方法"",""text"":""击碎""},{""label"":""烹饪方法"",""text"":""排列""},{""label"":""烹饪方法"",""text"":""换水""},{""label"":""烹饪方法"",""text"":""调和""},{""label"":""烹饪方法"",""text"":""下锅""},{""label"":""食疗方"",""text"":""熟蚱""},{""label"":""食疗方"",""text"":""镡羊肉""},{""label"":""食疗方"",""text"":""煮羊肉""}]"
353,22,22,20,20,"[{""label"":""食材"",""text"":""火腿""},{""label"":""烹饪方法"",""text"":""笼蒸""},{""label"":""烹饪方法"",""text"":""煮""},{""label"":""食材"",""text"":""笋""},{""label"":""烹饪方法"",""text"":""蒸""},{""label"":""食材"",""text"":""椒盐""},{""label"":""食材"",""text"":""香料""},{""label"":""食材"",""text"":""香油""},{""label"":""食材"",""text"":""莴笋""},{""label"":""食材"",""text"":""盐""},{""label"":""烹饪方法"",""text"":""揉""},{""label"":""食材"",""text"":""茴香""},{""label"":""食材"",""text"":""花椒""},{""label"":""食材"",""text"":""白酒""},{""label"":""食材"",""text"":""糟笋""},{""label"":""食材"",""text"":""冬笋""},{""label"":""烹饪方法"",""text"":""刷""},{""label"":""食材"",""text"":""腊香糟""},{""label"":""食材"",""text"":""米粉""},{""label"":""食材"",""text"":""面粉""}]"
354,50,45,42,42,"[{""label"":""食材"",""text"":""羊肉""},{""label"":""食材"",""text"":""核桃""},{""label"":""食材"",""text"":""桑叶""},{""label"":""食材"",""text"":""稻草""},{""label"":""食材"",""text"":""猪头""},{""label"":""食材"",""text"":""酒""},{""label"":""食材"",""text"":""酱油""},{""label"":""食材"",""text"":""葱""},{""label"":""食材"",""text"":""椒""},{""label"":""食材"",""text"":""桂皮""},{""label"":""食材"",""text"":""瓦片""},{""label"":""食材"",""text"":""兔""},{""label"":""食材"",""text"":""米泔""},{""label"":""食材"",""text"":""酒脚""},{""label"":""食材"",""text"":""大小茴香""},{""label"":""食材"",""text"":""胡椒""},{""label"":""食材"",""text"":""花椒""},{""label"":""食材"",""text"":""葱花""},{""label"":""食材"",""text"":""油""},{""label"":""食材"",""text"":""醋""},{""label"":""烹饪方法"",""text"":""蒸""},{""label"":""烹饪方法"",""text"":""切""},{""label"":""烹饪方法"",""text"":""擦""},{""label"":""烹饪方法"",""text"":""包""},{""label"":""烹饪方法"",""text"":""击碎""},{""label"":""烹饪方法"",""text"":""按实""},{""label"":""烹饪方法"",""text"":""去骨""},{""label"":""烹饪方法"",""text"":""磨光""},{""label"":""烹饪方法"",""text"":""凑满""},{""label"":""烹饪方法"",""text"":""下肉""},{""label"":""烹饪方法"",""text"":""密封""},{""label"":""烹饪方法"",""text"":""烧""},{""label"":""烹饪方法"",""text"":""煮过""},{""label"":""烹饪方法"",""text"":""浸""},{""label"":""烹饪方法"",""text"":""捏冼""},{""label"":""烹饪方法"",""text"":""浸洗""},{""label"":""烹饪方法"",""text"":""漂""},{""label"":""烹饪方法"",""text"":""沥干""},{""label"":""烹饪方法"",""text"":""烧滚""},{""label"":""烹饪方法"",""text"":""熬""},{""label"":""食疗方"",""text"":""蒸猪头""},{""label"":""禁忌"",""text"":""令肉不近铁""}]"
355,14,13,11,11,"[{""label"":""食材"",""text"":""米谷""},{""label"":""食材"",""text"":""稗谷""},{""label"":""食材"",""text"":""籼糠""},{""label"":""食材"",""text"":""砂砾""},{""label"":""食材"",""text"":""粗粝""},{""label"":""食味"",""text"":""甘""},{""label"":""功效"",""text"":""养阴""},{""label"":""功效"",""text"":""补气""},{""label"":""功效"",""text"":""养血""},{""label"":""养生原则"",""text"":""食不厌精""},{""label"":""古籍来源"",""text"":""论语.乡党""}]"
356,34,27,27,27,"[{""label"":""食材"",""text"":""茄""},{""label"":""食材"",""text"":""梅""},{""label"":""食材"",""text"":""糖""},{""label"":""食材"",""text"":""姜""},{""label"":""食材"",""text"":""桔""},{""label"":""食材"",""text"":""苏丝""},{""label"":""食材"",""text"":""山药""},{""label"":""食材"",""text"":""肉""},{""label"":""烹饪方法"",""text"":""去皮""},{""label"":""烹饪方法"",""text"":""挂""},{""label"":""烹饪方法"",""text"":""蒸过""},{""label"":""烹饪方法"",""text"":""压干""},{""label"":""烹饪方法"",""text"":""切""},{""label"":""烹饪方法"",""text"":""滚汤焯过""},{""label"":""烹饪方法"",""text"":""榨干""},{""label"":""烹饪方法"",""text"":""盐腌""},{""label"":""烹饪方法"",""text"":""拌匀""},{""label"":""烹饪方法"",""text"":""泼""},{""label"":""烹饪方法"",""text"":""干""},{""label"":""烹饪方法"",""text"":""收贮""},{""label"":""烹饪方法"",""text"":""蒸烂""},{""label"":""烹饪方法"",""text"":""搅""},{""label"":""烹饪方法"",""text"":""煮""},{""label"":""烹饪方法"",""text"":""切片""},{""label"":""烹饪方法"",""text"":""配""},{""label"":""食材"",""text"":""白糖""},{""label"":""食材"",""text"":""梅卤""}]"
357,29,34,25,25,"[{""label"":""食材"",""text"":""鲞""},{""label"":""食材"",""text"":""宁波淡白豢""},{""label"":""食材"",""text"":""真黄鱼""},{""label"":""食材"",""text"":""鲜鲫""},{""label"":""食材"",""text"":""甜酱""},{""label"":""食材"",""text"":""茴""},{""label"":""食材"",""text"":""椒""},{""label"":""食材"",""text"":""柘枝""},{""label"":""食材"",""text"":""紫蔗皮""},{""label"":""食材"",""text"":""荔壳""},{""label"":""食材"",""text"":""松壳碎末""},{""label"":""食材"",""text"":""鲜鱼""},{""label"":""食材"",""text"":""好肉汤""},{""label"":""食材"",""text"":""糟""},{""label"":""食材"",""text"":""盐""},{""label"":""食材"",""text"":""酒""},{""label"":""烹饪方法"",""text"":""蒸熟""},{""label"":""烹饪方法"",""text"":""酥炙""},{""label"":""烹饪方法"",""text"":""焙燥""},{""label"":""烹饪方法"",""text"":""研粉""},{""label"":""烹饪方法"",""text"":""薰""},{""label"":""烹饪方法"",""text"":""煮熟""},{""label"":""烹饪方法"",""text"":""和匀""},{""label"":""食疗方"",""text"":""熏鲫""},{""label"":""禁忌"",""text"":""黄枯鲞不堪用""}]"
358,11,23,8,10,"[{""label"":""食材"",""text"":""香椿""},{""label"":""食味"",""text"":""甘""},{""label"":""食性"",""text"":""平""},{""label"":""功效"",""text"":""健胃理气""},{""label"":""禁忌"",""text"":""赤芥有毒""},{""label"":""禁忌"",""text"":""食之杀人""},{""label"":""禁忌"",""text"":""三月食陈菹至夏生热病恶疮""},{""label"":""禁忌"",""text"":""十月食霜打黄叶令人面枯无光""},{""label"":""食材"",""text"":""陈菹""},{""label"":""食材"",""text"":""霜打黄叶""}]"
359,20,13,12,12,"[{""label"":""食材"",""text"":""海蜇""},{""label"":""食材"",""text"":""豆腐""},{""label"":""食材"",""text"":""鲈鱼""},{""label"":""食材"",""text"":""香柔花叶""},{""label"":""烹饪方法"",""text"":""煮""},{""label"":""烹饪方法"",""text"":""拌""},{""label"":""烹饪方法"",""text"":""浸""},{""label"":""烹饪方法"",""text"":""切""},{""label"":""烹饪方法"",""text"":""醉""},{""label"":""烹饪方法"",""text"":""劈""},{""label"":""食疗方"",""text"":""金齑玉鲩""},{""label"":""古籍来源"",""text"":""大业拾遗""}]"
360,1,0,0,0,[]
361,15,14,10,10,"[{""label"":""食材"",""text"":""井水""},{""label"":""食材"",""text"":""白滚水""},{""label"":""食材"",""text"":""盐汤""},{""label"":""食材"",""text"":""白糖""},{""label"":""食材"",""text"":""香露""},{""label"":""功效"",""text"":""润泽益颜""},{""label"":""病症"",""text"":""黄瘦""},{""label"":""病症"",""text"":""肿痈""},{""label"":""禁忌"",""text"":""不宜即供饮""},{""label"":""禁忌"",""text"":""忌之""}]"
363,31,23,21,21,"[{""label"":""食材"",""text"":""六谷""},{""label"":""食材"",""text"":""六牲""},{""label"":""食材"",""text"":""稻""},{""label"":""食材"",""text"":""黍""},{""label"":""食材"",""text"":""稷""},{""label"":""食材"",""text"":""粱""},{""label"":""食材"",""text"":""麦""},{""label"":""食材"",""text"":""菰米""},{""label"":""食材"",""text"":""马""},{""label"":""食材"",""text"":""牛""},{""label"":""食材"",""text"":""羊""},{""label"":""食材"",""text"":""豕""},{""label"":""食材"",""text"":""犬""},{""label"":""食材"",""text"":""鸡""},{""label"":""食材"",""text"":""百羞""},{""label"":""食材"",""text"":""百酱""},{""label"":""食材"",""text"":""鹅尾肉""},{""label"":""食材"",""text"":""鸡肝""},{""label"":""古籍来源"",""text"":""周礼""},{""label"":""古籍来源"",""text"":""三字经""},{""label"":""古籍来源"",""text"":""礼记""}]"
364,36,28,27,27,"[{""label"":""食材"",""text"":""酒""},{""label"":""食材"",""text"":""生姜""},{""label"":""食材"",""text"":""烧酒""},{""label"":""食材"",""text"":""生酒""},{""label"":""食材"",""text"":""冷酒""},{""label"":""食材"",""text"":""茶""},{""label"":""食性"",""text"":""寒""},{""label"":""归经"",""text"":""肾藏""},{""label"":""功效"",""text"":""消食""},{""label"":""功效"",""text"":""去肥浓煎爝之毒""},{""label"":""病症"",""text"":""烁精耗血""},{""label"":""病症"",""text"":""助火伤目""},{""label"":""病症"",""text"":""须发早枯白""},{""label"":""病症"",""text"":""两腿肤裂""},{""label"":""病症"",""text"":""出水疯獐肿""},{""label"":""病症"",""text"":""损目""},{""label"":""病症"",""text"":""渴""},{""label"":""病症"",""text"":""腰脚重坠""},{""label"":""病症"",""text"":""膀胱冷痛""},{""label"":""病症"",""text"":""水肿""},{""label"":""病症"",""text"":""消渴""},{""label"":""病症"",""text"":""孪蹙""},{""label"":""病症"",""text"":""下焦虚令""},{""label"":""禁忌"",""text"":""不可多饮""},{""label"":""禁忌"",""text"":""空心尤忌之""},{""label"":""禁忌"",""text"":""饮冷茶未有不成疾者""},{""label"":""古籍来源"",""text"":""孟子.告子章句""}]"
365,14,19,12,12,"[{""label"":""食材"",""text"":""猪""},{""label"":""食材"",""text"":""鱼""},{""label"":""食材"",""text"":""鸡""},{""label"":""食材"",""text"":""蟹""},{""label"":""食材"",""text"":""山药""},{""label"":""食材"",""text"":""百合""},{""label"":""食材"",""text"":""羊眼豆""},{""label"":""烹饪方法"",""text"":""煮""},{""label"":""烹饪方法"",""text"":""蒸""},{""label"":""病症"",""text"":""腹痛""},{""label"":""禁忌"",""text"":""不可多食""},{""label"":""古籍来源"",""text"":""《混俗颐生论》""}]"
366,18,12,8,8,"[{""label"":""食材"",""text"":""饭""},{""label"":""食材"",""text"":""米""},{""label"":""食材"",""text"":""麸""},{""label"":""食味"",""text"":""甜""},{""label"":""食味"",""text"":""酸""},{""label"":""烹饪方法"",""text"":""酿""},{""label"":""古籍来源"",""text"":""《说文》""},{""label"":""古籍来源"",""text"":""《齐民要术》""}]"
367,61,50,61,61,"[{""label"":""古籍来源"",""text"":""《痘疹论》""},{""label"":""病症"",""text"":""痘疮倒陷""},{""label"":""病症"",""text"":""风寒外袭""},{""label"":""病症"",""text"":""身痛肢厥""},{""label"":""功效"",""text"":""温肌散邪""},{""label"":""食材"",""text"":""霜后荷叶""},{""label"":""食材"",""text"":""紫背者""},{""label"":""烹饪方法"",""text"":""炙""},{""label"":""烹饪方法"",""text"":""炒去丝""},{""label"":""功效"",""text"":""升发阴气""},{""label"":""功效"",""text"":""散瘀血""},{""label"":""功效"",""text"":""留好血""},{""label"":""功效"",""text"":""解结滞之气""},{""label"":""食疗方"",""text"":""南金散""},{""label"":""病症"",""text"":""阳水浮肿""},{""label"":""食材"",""text"":""败荷叶""},{""label"":""烹饪方法"",""text"":""烧存性""},{""label"":""烹饪方法"",""text"":""研""},{""label"":""食材"",""text"":""米饮""},{""label"":""病症"",""text"":""谈般痈肿""},{""label"":""食材"",""text"":""荷叶蒂""},{""label"":""烹饪方法"",""text"":""煎汤""},{""label"":""烹饪方法"",""text"":""淋洗""},{""label"":""食材"",""text"":""寒水石""},{""label"":""食材"",""text"":""腊猪脂""},{""label"":""病症"",""text"":""孕妇伤寒""},{""label"":""病症"",""text"":""大热烦渴""},{""label"":""病症"",""text"":""恐伤胎气""},{""label"":""食材"",""text"":""卷荷叶""},{""label"":""食材"",""text"":""蚌粉""},{""label"":""烹饪方法"",""text"":""研""},{""label"":""食材"",""text"":""新汲水""},{""label"":""食材"",""text"":""蜜""},{""label"":""食疗方"",""text"":""罩胎散""},{""label"":""病症"",""text"":""胎动巳见黄水""},{""label"":""食材"",""text"":""干荷蒂""},{""label"":""烹饪方法"",""text"":""炙研""},{""label"":""食材"",""text"":""稷米淘汁""},{""label"":""病症"",""text"":""赤白痢""},{""label"":""食材"",""text"":""荷叶""},{""label"":""烹饪方法"",""text"":""煅研""},{""label"":""食材"",""text"":""糖汤""},{""label"":""病症"",""text"":""脱肛""},{""label"":""食材"",""text"":""贴水荷""},{""label"":""烹饪方法"",""text"":""焙研""},{""label"":""食材"",""text"":""酒""},{""label"":""食材"",""text"":""荷叶""},{""label"":""病症"",""text"":""赤迸火丹""},{""label"":""食材"",""text"":""新生荷叶""},{""label"":""烹饪方法"",""text"":""杵烂""},{""label"":""食材"",""text"":""盐""},{""label"":""病症"",""text"":""阴肿痛痒""},{""label"":""食材"",""text"":""荷叶""},{""label"":""食材"",""text"":""浮萍""},{""label"":""食材"",""text"":""蛇床""},{""label"":""烹饪方法"",""text"":""煎汤""},{""label"":""食材"",""text"":""龙脑""},{""label"":""食材"",""text"":""冰片""},{""label"":""食材"",""text"":""蛇床""},{""label"":""功效"",""text"":""温肾阳""},{""label"":""病症"",""text"":""阴痿""}]"
368,1,0,1,1,"[{""label"":""食材"",""text"":""麸皮""}]"
369,37,28,37,37,"[{""label"":""食材"",""text"":""葱""},{""label"":""食性"",""text"":""平""},{""label"":""食味"",""text"":""甘""},{""label"":""食味"",""text"":""辛""},{""label"":""功效"",""text"":""利肺逋肠""},{""label"":""功效"",""text"":""散痈肿""},{""label"":""功效"",""text"":""祛风达表""},{""label"":""功效"",""text"":""安胎止痛""},{""label"":""功效"",""text"":""通乳和莺""},{""label"":""病症"",""text"":""霍乱转筋""},{""label"":""病症"",""text"":""脚气""},{""label"":""功效"",""text"":""调二便""},{""label"":""功效"",""text"":""杀诸虫""},{""label"":""功效"",""text"":""理跌扑金港""},{""label"":""功效"",""text"":""制鱼肉诸莓""},{""label"":""禁忌"",""text"":""忌同蜜食""},{""label"":""病症"",""text"":""胎动下血""},{""label"":""食材"",""text"":""葱白""},{""label"":""烹饪方法"",""text"":""煎""},{""label"":""病症"",""text"":""中恶""},{""label"":""食材"",""text"":""葱心黄""},{""label"":""烹饪方法"",""text"":""刺""},{""label"":""病症"",""text"":""自缢垂死""},{""label"":""病症"",""text"":""小儿无故卒死""},{""label"":""食材"",""text"":""葱白""},{""label"":""烹饪方法"",""text"":""纳""},{""label"":""病症"",""text"":""小儿盘肠内钓腹痈""},{""label"":""烹饪方法"",""text"":""拷""},{""label"":""病症"",""text"":""小便闭胀""},{""label"":""烹饪方法"",""text"":""炒""},{""label"":""烹饪方法"",""text"":""熨""},{""label"":""病症"",""text"":""陟煲龇蒲""},{""label"":""烹饪方法"",""text"":""煨""},{""label"":""食材"",""text"":""盐""},{""label"":""烹饪方法"",""text"":""杵烂""},{""label"":""烹饪方法"",""text"":""涂""},{""label"":""古籍来源"",""text"":""蔬食类""}]"
370,70,75,65,65,"[{""label"":""食材"",""text"":""羊脂""},{""label"":""食味"",""text"":""甘""},{""label"":""食性"",""text"":""温""},{""label"":""功效"",""text"":""润燥""},{""label"":""病症"",""text"":""劳痢""},{""label"":""功效"",""text"":""泽肌肤""},{""label"":""功效"",""text"":""补胃耐饥""},{""label"":""功效"",""text"":""御风褰""},{""label"":""病症"",""text"":""痿""},{""label"":""病症"",""text"":""瘅""},{""label"":""功效"",""text"":""杀虫""},{""label"":""病症"",""text"":""癣""},{""label"":""功效"",""text"":""利产舒筋""},{""label"":""禁忌"",""text"":""多食襟湿酿痰""},{""label"":""禁忌"",""text"":""外感不清""},{""label"":""病症"",""text"":""妇人阴脱""},{""label"":""病症"",""text"":""赤丹如疥""},{""label"":""烹饪方法"",""text"":""煎""},{""label"":""烹饪方法"",""text"":""涂""},{""label"":""病症"",""text"":""发背初起""},{""label"":""烹饪方法"",""text"":""切片""},{""label"":""烹饪方法"",""text"":""浸贴""},{""label"":""病症"",""text"":""误吞针铁""},{""label"":""食材"",""text"":""羊脑""},{""label"":""食味"",""text"":""甘""},{""label"":""食性"",""text"":""温""},{""label"":""病症"",""text"":""风寒入脑""},{""label"":""病症"",""text"":""头疼久不愈""},{""label"":""禁忌"",""text"":""多食发风生热""},{""label"":""禁忌"",""text"":""馀病皆忌""},{""label"":""食材"",""text"":""羊骨髓""},{""label"":""食味"",""text"":""甘""},{""label"":""食性"",""text"":""温""},{""label"":""功效"",""text"":""润五肫""},{""label"":""功效"",""text"":""充液""},{""label"":""功效"",""text"":""补诸虚""},{""label"":""功效"",""text"":""调养菅阴""},{""label"":""功效"",""text"":""滑利经脉""},{""label"":""功效"",""text"":""填髓耐饥""},{""label"":""食材"",""text"":""羊血""},{""label"":""食味"",""text"":""咸""},{""label"":""食性"",""text"":""平""},{""label"":""功效"",""text"":""生饮止诸血""},{""label"":""功效"",""text"":""解诸莓""},{""label"":""病症"",""text"":""崩衄""},{""label"":""病症"",""text"":""死胎不下""},{""label"":""病症"",""text"":""产后血闷欲绝""},{""label"":""病症"",""text"":""胎衣不落""},{""label"":""病症"",""text"":""肠风""},{""label"":""病症"",""text"":""痔血""},{""label"":""食材"",""text"":""羊脊骨""},{""label"":""食味"",""text"":""甘""},{""label"":""食性"",""text"":""温""},{""label"":""功效"",""text"":""补肾""},{""label"":""功效"",""text"":""利督强腰""},{""label"":""功效"",""text"":""胫骨磨铜""},{""label"":""功效"",""text"":""头骨消铁""},{""label"":""病症"",""text"":""羸老胃弱""},{""label"":""烹饪方法"",""text"":""槌碎""},{""label"":""烹饪方法"",""text"":""熬取浓汁""},{""label"":""烹饪方法"",""text"":""煮粥""},{""label"":""病症"",""text"":""肾箧腰痛""},{""label"":""烹饪方法"",""text"":""槌碎""},{""label"":""烹饪方法"",""text"":""熬取浓汁""},{""label"":""食材"",""text"":""盐料""}]"
371,56,41,35,35,"[{""label"":""食材"",""text"":""猪胆""},{""label"":""食材"",""text"":""黑豆""},{""label"":""食材"",""text"":""麝香""},{""label"":""食材"",""text"":""生姜""},{""label"":""食材"",""text"":""生葱""},{""label"":""食材"",""text"":""黄檗""},{""label"":""食材"",""text"":""猪腰子""},{""label"":""食材"",""text"":""猪石子""},{""label"":""食材"",""text"":""猪脾""},{""label"":""食材"",""text"":""猪胃""},{""label"":""食味"",""text"":""甘""},{""label"":""食味"",""text"":""咸""},{""label"":""食性"",""text"":""平""},{""label"":""食性"",""text"":""温""},{""label"":""功效"",""text"":""消痞""},{""label"":""功效"",""text"":""补胃""},{""label"":""功效"",""text"":""益气充饥""},{""label"":""功效"",""text"":""通肾""},{""label"":""病症"",""text"":""五癃""},{""label"":""病症"",""text"":""奔豚茎痛""},{""label"":""病症"",""text"":""阴阴易""},{""label"":""病症"",""text"":""少腹急痛""},{""label"":""病症"",""text"":""颠摘惊恐""},{""label"":""病症"",""text"":""鬼蛀蛊薛""},{""label"":""病症"",""text"":""赤白痢""},{""label"":""病症"",""text"":""疔疮恶毒""},{""label"":""病症"",""text"":""烫火伤""},{""label"":""病症"",""text"":""腰痛""},{""label"":""病症"",""text"":""痈疽发背初起""},{""label"":""禁忌"",""text"":""诸病皆忌""},{""label"":""禁忌"",""text"":""小儿尤不可食""},{""label"":""烹饪方法"",""text"":""煮""},{""label"":""烹饪方法"",""text"":""研""},{""label"":""烹饪方法"",""text"":""敷""},{""label"":""烹饪方法"",""text"":""杵""}]"
372,49,51,43,43,"[{""label"":""食材"",""text"":""醋""},{""label"":""食材"",""text"":""糟""},{""label"":""食材"",""text"":""蜜""},{""label"":""食性"",""text"":""温""},{""label"":""食性"",""text"":""凉""},{""label"":""食性"",""text"":""平""},{""label"":""食味"",""text"":""甘""},{""label"":""食味"",""text"":""辛""},{""label"":""功效"",""text"":""下气""},{""label"":""功效"",""text"":""收敛""},{""label"":""功效"",""text"":""醒脾消食""},{""label"":""功效"",""text"":""调脏腑""},{""label"":""功效"",""text"":""补中益气""},{""label"":""功效"",""text"":""养液安神""},{""label"":""功效"",""text"":""杀虫解毒""},{""label"":""病症"",""text"":""风寒咳嗽""},{""label"":""病症"",""text"":""外感疟痢""},{""label"":""病症"",""text"":""产后血运""},{""label"":""病症"",""text"":""热病神昏""},{""label"":""病症"",""text"":""惊恐""},{""label"":""病症"",""text"":""客忤""},{""label"":""病症"",""text"":""中恶""},{""label"":""病症"",""text"":""汤火伤""},{""label"":""病症"",""text"":""发风动疾""},{""label"":""病症"",""text"":""痧痘""},{""label"":""病症"",""text"":""产后咽喉""},{""label"":""病症"",""text"":""目疾""},{""label"":""病症"",""text"":""血崧""},{""label"":""病症"",""text"":""疮疟""},{""label"":""病症"",""text"":""蛇虫蜂螯""},{""label"":""病症"",""text"":""痰湿""},{""label"":""病症"",""text"":""肉盛""},{""label"":""病症"",""text"":""胀满呕吐""},{""label"":""烹饪方法"",""text"":""煮""},{""label"":""烹饪方法"",""text"":""熬""},{""label"":""烹饪方法"",""text"":""渍""},{""label"":""禁忌"",""text"":""忌同葱食""},{""label"":""禁忌"",""text"":""均忌之""},{""label"":""禁忌"",""text"":""非病人所宜""},{""label"":""古籍来源"",""text"":""《续文献》""},{""label"":""食材"",""text"":""大黄""},{""label"":""食材"",""text"":""酒糟""},{""label"":""食材"",""text"":""油""}]"
373,33,35,28,28,"[{""label"":""食材"",""text"":""白面""},{""label"":""食材"",""text"":""栀子""},{""label"":""食材"",""text"":""飞罗面""},{""label"":""食材"",""text"":""白沙糟""},{""label"":""食材"",""text"":""炒盐""},{""label"":""食性"",""text"":""甘温""},{""label"":""功效"",""text"":""补箧乏""},{""label"":""功效"",""text"":""实皮肤""},{""label"":""功效"",""text"":""厚肠胃""},{""label"":""功效"",""text"":""强筋力""},{""label"":""病症"",""text"":""湿热""},{""label"":""病症"",""text"":""时感""},{""label"":""病症"",""text"":""疟痢""},{""label"":""病症"",""text"":""疳疽肿胀""},{""label"":""病症"",""text"":""脚气""},{""label"":""病症"",""text"":""痞满""},{""label"":""病症"",""text"":""痧胀""},{""label"":""病症"",""text"":""肝胃痛""},{""label"":""病症"",""text"":""身体疼痛""},{""label"":""病症"",""text"":""疮疡溃烂""},{""label"":""病症"",""text"":""跌打挫肭""},{""label"":""病症"",""text"":""脚跣成疱""},{""label"":""病症"",""text"":""大衄血出""},{""label"":""病症"",""text"":""大便久犸""},{""label"":""古籍来源"",""text"":""本草""},{""label"":""医家"",""text"":""汪谢城""},{""label"":""医家"",""text"":""程瑶田""},{""label"":""医家"",""text"":""翟氏""}]"
374,61,52,58,58,"[{""label"":""食材"",""text"":""丝瓜""},{""label"":""食性"",""text"":""甘平""},{""label"":""功效"",""text"":""祛风热""},{""label"":""病症"",""text"":""皮肤浮胂""},{""label"":""病症"",""text"":""跌扑诸伤""},{""label"":""功效"",""text"":""清暑""},{""label"":""病症"",""text"":""疟痢泄泻""},{""label"":""功效"",""text"":""止渴""},{""label"":""病症"",""text"":""蜂螫""},{""label"":""病症"",""text"":""恶疮""},{""label"":""功效"",""text"":""治肺热痰火内痈""},{""label"":""功效"",""text"":""安胎行乳""},{""label"":""功效"",""text"":""调营补阳""},{""label"":""功效"",""text"":""通络杀虫""},{""label"":""功效"",""text"":""理疝消肿""},{""label"":""功效"",""text"":""化痰""},{""label"":""功效"",""text"":""化湿除黄""},{""label"":""功效"",""text"":""息风止血""},{""label"":""病症"",""text"":""痘疮不快""},{""label"":""食材"",""text"":""老丝瓜""},{""label"":""烹饪方法"",""text"":""烧存性""},{""label"":""烹饪方法"",""text"":""研""},{""label"":""食材"",""text"":""沙糖汤""},{""label"":""病症"",""text"":""喉瘅""},{""label"":""烹饪方法"",""text"":""持汁""},{""label"":""病症"",""text"":""痈疽不敛""},{""label"":""烹饪方法"",""text"":""挎汁""},{""label"":""病症"",""text"":""酒痢""},{""label"":""病症"",""text"":""便血腹痛""},{""label"":""病症"",""text"":""肛门崽痔""},{""label"":""食材"",""text"":""干丝瓜""},{""label"":""烹饪方法"",""text"":""煅存性""},{""label"":""烹饪方法"",""text"":""研""},{""label"":""食材"",""text"":""酒""},{""label"":""功效"",""text"":""兼治乳汁不通""},{""label"":""病症"",""text"":""经阻气痛""},{""label"":""病症"",""text"":""腰痛""},{""label"":""病症"",""text"":""疝痛""},{""label"":""病症"",""text"":""酒积""},{""label"":""病症"",""text"":""疽""},{""label"":""功效"",""text"":""化痰止嗽""},{""label"":""食材"",""text"":""枣肉""},{""label"":""烹饪方法"",""text"":""丸""},{""label"":""病症"",""text"":""风热牙疼""},{""label"":""食材"",""text"":""盐""},{""label"":""烹饪方法"",""text"":""煅存性""},{""label"":""烹饪方法"",""text"":""研""},{""label"":""病症"",""text"":""腮肿""},{""label"":""病症"",""text"":""小儿浮肿""},{""label"":""食材"",""text"":""灯薪""},{""label"":""食材"",""text"":""葱""},{""label"":""烹饪方法"",""text"":""煎""},{""label"":""食材"",""text"":""叶""},{""label"":""功效"",""text"":""消暑""},{""label"":""病症"",""text"":""痧秽""},{""label"":""病症"",""text"":""腹痛""},{""label"":""病症"",""text"":""肠痈""},{""label"":""烹饪方法"",""text"":""煅""}]"
375,64,23,64,64,"[{""label"":""食材"",""text"":""肝阴""},{""label"":""功效"",""text"":""充骨液""},{""label"":""功效"",""text"":""养筋活血""},{""label"":""病症"",""text"":""疽""},{""label"":""病症"",""text"":""跌打""},{""label"":""病症"",""text"":""筋断""},{""label"":""病症"",""text"":""诸伤""},{""label"":""食材"",""text"":""鲜鱼""},{""label"":""食材"",""text"":""茛菪""},{""label"":""食材"",""text"":""漆""},{""label"":""功效"",""text"":""辟邪""},{""label"":""功效"",""text"":""破血""},{""label"":""食材"",""text"":""爪""},{""label"":""功效"",""text"":""催产堕胎""},{""label"":""食材"",""text"":""姜""},{""label"":""食材"",""text"":""醋""},{""label"":""禁忌"",""text"":""多食""},{""label"":""病症"",""text"":""风积泠""},{""label"":""病症"",""text"":""中气箧塞""},{""label"":""病症"",""text"":""时感未清""},{""label"":""病症"",""text"":""痰嗽""},{""label"":""病症"",""text"":""便泻""},{""label"":""禁忌"",""text"":""均忌""},{""label"":""食材"",""text"":""紫苏""},{""label"":""食材"",""text"":""冬瓜""},{""label"":""食材"",""text"":""芦根""},{""label"":""食材"",""text"":""蒜汁""},{""label"":""禁忌"",""text"":""反荆芥""},{""label"":""禁忌"",""text"":""忌同柿食""},{""label"":""病症"",""text"":""腹痛""},{""label"":""病症"",""text"":""吐利""},{""label"":""食材"",""text"":""丁香""},{""label"":""食材"",""text"":""木香""},{""label"":""食材"",""text"":""梅""},{""label"":""烹饪方法"",""text"":""盐渍""},{""label"":""烹饪方法"",""text"":""酒浸""},{""label"":""烹饪方法"",""text"":""糟""},{""label"":""烹饪方法"",""text"":""酱""},{""label"":""食材"",""text"":""皂荚""},{""label"":""食材"",""text"":""蜜""},{""label"":""食味"",""text"":""辛""},{""label"":""食味"",""text"":""咸""},{""label"":""食性"",""text"":""平""},{""label"":""功效"",""text"":""杀虫""},{""label"":""功效"",""text"":""疗痔""},{""label"":""禁忌"",""text"":""多食发嗽""},{""label"":""病症"",""text"":""癣疮""},{""label"":""食材"",""text"":""蛎黄""},{""label"":""食味"",""text"":""甘""},{""label"":""食性"",""text"":""平""},{""label"":""功效"",""text"":""补五脏""},{""label"":""功效"",""text"":""调中""},{""label"":""功效"",""text"":""解丹毒""},{""label"":""功效"",""text"":""析酲""},{""label"":""功效"",""text"":""止渴""},{""label"":""功效"",""text"":""活血""},{""label"":""功效"",""text"":""充肌""},{""label"":""食材"",""text"":""蚌""},{""label"":""食味"",""text"":""甘""},{""label"":""食味"",""text"":""咸""},{""label"":""食性"",""text"":""寒""},{""label"":""功效"",""text"":""请热滋阴""},{""label"":""功效"",""text"":""养肝凉血""},{""label"":""功效"",""text"":""息风解""}]"
376,58,46,36,36,"[{""label"":""食材"",""text"":""乌梅""},{""label"":""食材"",""text"":""轻粉""},{""label"":""食材"",""text"":""麻油""},{""label"":""食材"",""text"":""米饮""},{""label"":""食材"",""text"":""鱼鲜""},{""label"":""食材"",""text"":""蜜""},{""label"":""食材"",""text"":""杏""},{""label"":""食材"",""text"":""杏仁""},{""label"":""食性"",""text"":""温""},{""label"":""食味"",""text"":""甘酸""},{""label"":""功效"",""text"":""润肺生津""},{""label"":""功效"",""text"":""舒肝解郁""},{""label"":""功效"",""text"":""清火稀痘""},{""label"":""功效"",""text"":""解水毒""},{""label"":""病症"",""text"":""乳痈肿毒""},{""label"":""病症"",""text"":""诸疮努肉""},{""label"":""病症"",""text"":""久崩""},{""label"":""病症"",""text"":""久痢""},{""label"":""病症"",""text"":""便血日久""},{""label"":""病症"",""text"":""鱿结腹痛""},{""label"":""病症"",""text"":""指头肿痛""},{""label"":""病症"",""text"":""阴疮烂痛""},{""label"":""病症"",""text"":""阴户虫痒""},{""label"":""病症"",""text"":""小儿脐烂成风""},{""label"":""烹饪方法"",""text"":""煅""},{""label"":""烹饪方法"",""text"":""研""},{""label"":""烹饪方法"",""text"":""烧存性""},{""label"":""烹饪方法"",""text"":""煎汤""},{""label"":""烹饪方法"",""text"":""拷封""},{""label"":""烹饪方法"",""text"":""蜜渍""},{""label"":""烹饪方法"",""text"":""烧黑""},{""label"":""烹饪方法"",""text"":""研膏""},{""label"":""烹饪方法"",""text"":""杵膏""},{""label"":""烹饪方法"",""text"":""去皮研""},{""label"":""禁忌"",""text"":""多食生痰热""},{""label"":""禁忌"",""text"":""动宿疾""}]"
377,37,43,36,36,"[{""label"":""食材"",""text"":""鲱""},{""label"":""食材"",""text"":""青鱼""},{""label"":""功效"",""text"":""补胃醒脾""},{""label"":""功效"",""text"":""温营化食""},{""label"":""病症"",""text"":""疥""},{""label"":""病症"",""text"":""动风""},{""label"":""禁忌"",""text"":""诸病人均忌""},{""label"":""食材"",""text"":""鳟鱼""},{""label"":""食味"",""text"":""甘""},{""label"":""食性"",""text"":""温""},{""label"":""禁忌"",""text"":""多食动风生热""},{""label"":""食材"",""text"":""鲻鱼""},{""label"":""食味"",""text"":""甘""},{""label"":""食性"",""text"":""平""},{""label"":""功效"",""text"":""补五脏""},{""label"":""功效"",""text"":""开胃""},{""label"":""功效"",""text"":""肥健人""},{""label"":""食材"",""text"":""白鱼""},{""label"":""食味"",""text"":""甘""},{""label"":""食性"",""text"":""温""},{""label"":""功效"",""text"":""开胃下气""},{""label"":""功效"",""text"":""行水助脾""},{""label"":""功效"",""text"":""发痘排脓""},{""label"":""禁忌"",""text"":""多食发疥""},{""label"":""禁忌"",""text"":""动气生痰""},{""label"":""食材"",""text"":""鳐鱼""},{""label"":""食味"",""text"":""甘""},{""label"":""食性"",""text"":""温""},{""label"":""功效"",""text"":""暖胃""},{""label"":""食材"",""text"":""石首鱼""},{""label"":""食味"",""text"":""甘""},{""label"":""食性"",""text"":""温""},{""label"":""功效"",""text"":""开胃补气""},{""label"":""功效"",""text"":""填精""},{""label"":""禁忌"",""text"":""多食发疮助燕""},{""label"":""禁忌"",""text"":""病入忌之""}]"
378,73,85,72,72,"[{""label"":""食材"",""text"":""雄""},{""label"":""食材"",""text"":""火腱""},{""label"":""食材"",""text"":""簿参""},{""label"":""烹饪方法"",""text"":""煨食""},{""label"":""功效"",""text"":""补力""},{""label"":""禁忌"",""text"":""多食滞气滑肠""},{""label"":""病症"",""text"":""虚脾弱""},{""label"":""病症"",""text"":""外感未清""},{""label"":""病症"",""text"":""痞胀""},{""label"":""病症"",""text"":""脚气""},{""label"":""病症"",""text"":""便泻""},{""label"":""病症"",""text"":""肠风""},{""label"":""食材"",""text"":""血""},{""label"":""烹饪方法"",""text"":""热饮""},{""label"":""功效"",""text"":""救中恶溺死""},{""label"":""食材"",""text"":""金银""},{""label"":""食材"",""text"":""丹石""},{""label"":""食材"",""text"":""砒霜""},{""label"":""食材"",""text"":""野葛""},{""label"":""食材"",""text"":""亚片""},{""label"":""病症"",""text"":""蛊毒""},{""label"":""食材"",""text"":""卵""},{""label"":""食性"",""text"":""纯阴""},{""label"":""食性"",""text"":""性褰""},{""label"":""禁忌"",""text"":""难熟""},{""label"":""禁忌"",""text"":""滞气""},{""label"":""禁忌"",""text"":""甚于鸡子""},{""label"":""禁忌"",""text"":""诸病皆不可食""},{""label"":""食材"",""text"":""醯""},{""label"":""烹饪方法"",""text"":""煮食""},{""label"":""功效"",""text"":""愈泻痢""},{""label"":""食材"",""text"":""皮蛋""},{""label"":""食材"",""text"":""糟蛋""},{""label"":""食味"",""text"":""香""},{""label"":""食味"",""text"":""美""},{""label"":""禁忌"",""text"":""非病人所宜""},{""label"":""食材"",""text"":""雉""},{""label"":""食味"",""text"":""甘""},{""label"":""食性"",""text"":""温""},{""label"":""功效"",""text"":""补中益气""},{""label"":""功效"",""text"":""止泄痢""},{""label"":""功效"",""text"":""除蚁瘘""},{""label"":""禁忌"",""text"":""冬月无毒""},{""label"":""禁忌"",""text"":""多食损人""},{""label"":""病症"",""text"":""发痔""},{""label"":""禁忌"",""text"":""诸病人忌之""},{""label"":""禁忌"",""text"":""勿与竣麦胡桃木耳菌覃同食""},{""label"":""禁忌"",""text"":""春夏秋皆毒""},{""label"":""食材"",""text"":""鸪""},{""label"":""食味"",""text"":""甘""},{""label"":""食性"",""text"":""温""},{""label"":""功效"",""text"":""利五肫开胃""},{""label"":""功效"",""text"":""益心神""},{""label"":""食材"",""text"":""菌蕈""},{""label"":""食材"",""text"":""生金""},{""label"":""病症"",""text"":""蛊毒""},{""label"":""禁忌"",""text"":""多食发脑痛""},{""label"":""病症"",""text"":""喉痈""},{""label"":""食材"",""text"":""竹鸡""},{""label"":""食味"",""text"":""甘""},{""label"":""食性"",""text"":""平""},{""label"":""功效"",""text"":""杀腹内诸虫""},{""label"":""食材"",""text"":""鹈""},{""label"":""食味"",""text"":""甘""},{""label"":""食性"",""text"":""平""},{""label"":""功效"",""text"":""和胃消结热""},{""label"":""功效"",""text"":""利水化湿""},{""label"":""功效"",""text"":""止疳痢""},{""label"":""功效"",""text"":""除膨胀""},{""label"":""功效"",""text"":""愈久泻""},{""label"":""食材"",""text"":""鹧鸪""},{""label"":""食材"",""text"":""鸫""}]"
379,50,48,39,39,"[{""label"":""食材"",""text"":""猸肉""},{""label"":""食味"",""text"":""甘""},{""label"":""食性"",""text"":""平""},{""label"":""功效"",""text"":""下气杀虫""},{""label"":""病症"",""text"":""反胃""},{""label"":""病症"",""text"":""痔漏""},{""label"":""功效"",""text"":""治遗精""},{""label"":""食材"",""text"":""鸡""},{""label"":""食味"",""text"":""甘""},{""label"":""食性"",""text"":""温""},{""label"":""功效"",""text"":""补虚暖胃""},{""label"":""功效"",""text"":""强筋骨""},{""label"":""功效"",""text"":""续绝伤""},{""label"":""功效"",""text"":""调经""},{""label"":""功效"",""text"":""拓痈疽""},{""label"":""功效"",""text"":""止崩带""},{""label"":""功效"",""text"":""节小便频数""},{""label"":""功效"",""text"":""主娩后虚羸""},{""label"":""食材"",""text"":""丹雄鸡""},{""label"":""功效"",""text"":""治无故卒死""},{""label"":""病症"",""text"":""中恶昏愦""},{""label"":""病症"",""text"":""卒缢垂死""},{""label"":""病症"",""text"":""卒然忤死""},{""label"":""禁忌"",""text"":""多食生热动风""},{""label"":""禁忌"",""text"":""时感前后""},{""label"":""禁忌"",""text"":""痘疹后""},{""label"":""禁忌"",""text"":""疮疡后""},{""label"":""禁忌"",""text"":""疟痢""},{""label"":""禁忌"",""text"":""疳疽""},{""label"":""禁忌"",""text"":""肝气目疾""},{""label"":""禁忌"",""text"":""喉症""},{""label"":""禁忌"",""text"":""脚气""},{""label"":""禁忌"",""text"":""诸风病""},{""label"":""禁忌"",""text"":""愈老愈毒""},{""label"":""禁忌"",""text"":""诸病均不可食""},{""label"":""烹饪方法"",""text"":""刺""},{""label"":""烹饪方法"",""text"":""涂""},{""label"":""烹饪方法"",""text"":""丸""},{""label"":""烹饪方法"",""text"":""纳""}]"
380,38,38,33,33,"[{""label"":""食材"",""text"":""麻油""},{""label"":""食材"",""text"":""葱""},{""label"":""食材"",""text"":""茶油""},{""label"":""食材"",""text"":""豆油""},{""label"":""食材"",""text"":""莱油""},{""label"":""食性"",""text"":""甘凉""},{""label"":""食性"",""text"":""甘辛温""},{""label"":""功效"",""text"":""润燥""},{""label"":""功效"",""text"":""清热息风""},{""label"":""功效"",""text"":""解莓杀虫""},{""label"":""功效"",""text"":""止利头目""},{""label"":""功效"",""text"":""解毒杀虫""},{""label"":""功效"",""text"":""润燥杀虫""},{""label"":""功效"",""text"":""散火丹""},{""label"":""功效"",""text"":""消肿毒""},{""label"":""病症"",""text"":""肿毒初起""},{""label"":""病症"",""text"":""打扑伤肿""},{""label"":""病症"",""text"":""时感""},{""label"":""病症"",""text"":""痧胀""},{""label"":""病症"",""text"":""目疾""},{""label"":""病症"",""text"":""喉症""},{""label"":""病症"",""text"":""效血""},{""label"":""病症"",""text"":""疮伤""},{""label"":""病症"",""text"":""痧痘""},{""label"":""病症"",""text"":""疟疾""},{""label"":""病症"",""text"":""汤火伤""},{""label"":""禁忌"",""text"":""产后并忌之""},{""label"":""禁忌"",""text"":""有微毒而能发风动疾也""},{""label"":""烹饪方法"",""text"":""煎""},{""label"":""烹饪方法"",""text"":""熬熟""},{""label"":""烹饪方法"",""text"":""蒸熟""},{""label"":""烹饪方法"",""text"":""涂""},{""label"":""烹饪方法"",""text"":""调""}]"
381,37,50,36,36,"[{""label"":""食材"",""text"":""猪油""},{""label"":""食材"",""text"":""肥猪脂""},{""label"":""食材"",""text"":""猪脂""},{""label"":""食材"",""text"":""猪脑""},{""label"":""食材"",""text"":""猪雁""},{""label"":""食材"",""text"":""猪肺""},{""label"":""食味"",""text"":""甘""},{""label"":""食性"",""text"":""平""},{""label"":""功效"",""text"":""润燥""},{""label"":""功效"",""text"":""涤垢化痰""},{""label"":""功效"",""text"":""运食""},{""label"":""功效"",""text"":""清胎""},{""label"":""功效"",""text"":""泽颜止嗽""},{""label"":""功效"",""text"":""消积滞""},{""label"":""功效"",""text"":""补肫""},{""label"":""功效"",""text"":""止虚嗽""},{""label"":""功效"",""text"":""治肺痿咳血""},{""label"":""病症"",""text"":""痘疮""},{""label"":""病症"",""text"":""便秘""},{""label"":""病症"",""text"":""乳痈""},{""label"":""病症"",""text"":""发背诸肿毒""},{""label"":""病症"",""text"":""误吞铁钉""},{""label"":""病症"",""text"":""诸痈肿""},{""label"":""病症"",""text"":""手足皲裂""},{""label"":""病症"",""text"":""筋软阴痿""},{""label"":""病症"",""text"":""子宫不挣""},{""label"":""病症"",""text"":""疳黄诸病""},{""label"":""病症"",""text"":""上消诸症""},{""label"":""脏腑"",""text"":""肺""},{""label"":""脏腑"",""text"":""子宫""},{""label"":""烹饪方法"",""text"":""煮""},{""label"":""烹饪方法"",""text"":""蒸煮""},{""label"":""烹饪方法"",""text"":""和米作粥""},{""label"":""烹饪方法"",""text"":""同苡仁末为羹""},{""label"":""禁忌"",""text"":""多食损人""},{""label"":""养生原则"",""text"":""虽频食亦无害也""}]"
382,33,32,27,27,"[{""label"":""食材"",""text"":""胡荽""},{""label"":""食材"",""text"":""芥""},{""label"":""食材"",""text"":""芥子""},{""label"":""食味"",""text"":""辛""},{""label"":""食味"",""text"":""甘""},{""label"":""食性"",""text"":""温""},{""label"":""食性"",""text"":""平""},{""label"":""功效"",""text"":""止痛""},{""label"":""功效"",""text"":""卞气""},{""label"":""功效"",""text"":""通肠""},{""label"":""功效"",""text"":""杀鱼腥""},{""label"":""功效"",""text"":""发痘疹""},{""label"":""功效"",""text"":""御风湿""},{""label"":""功效"",""text"":""补元阳""},{""label"":""功效"",""text"":""利肺豁痰""},{""label"":""功效"",""text"":""和中通窍""},{""label"":""功效"",""text"":""开胃""},{""label"":""病症"",""text"":""痘疹""},{""label"":""病症"",""text"":""痘疹不快""},{""label"":""病症"",""text"":""黑陷""},{""label"":""禁忌"",""text"":""多食损自""},{""label"":""禁忌"",""text"":""凡病忌之""},{""label"":""烹饪方法"",""text"":""煎""},{""label"":""烹饪方法"",""text"":""醯""},{""label"":""烹饪方法"",""text"":""压实""},{""label"":""医家"",""text"":""扬士瀛""},{""label"":""古籍来源"",""text"":""直指方""}]"
383,46,45,37,37,"[{""label"":""食材"",""text"":""脂麻""},{""label"":""食材"",""text"":""白蜜""},{""label"":""食材"",""text"":""麻油""},{""label"":""食味"",""text"":""甘""},{""label"":""食性"",""text"":""凉""},{""label"":""功效"",""text"":""润燥""},{""label"":""功效"",""text"":""补液""},{""label"":""功效"",""text"":""息风""},{""label"":""功效"",""text"":""解毒""},{""label"":""功效"",""text"":""杀虫""},{""label"":""功效"",""text"":""消诸疮肿""},{""label"":""功效"",""text"":""醒胃""},{""label"":""功效"",""text"":""润可泽枯""},{""label"":""功效"",""text"":""滋孺化毒""},{""label"":""病症"",""text"":""溺血""},{""label"":""病症"",""text"":""头面诸疮""},{""label"":""病症"",""text"":""妇人乳疮""},{""label"":""病症"",""text"":""阴疮""},{""label"":""病症"",""text"":""谷贼""},{""label"":""病症"",""text"":""汤火伤""},{""label"":""病症"",""text"":""诸虫蛟伤""},{""label"":""病症"",""text"":""漏胎难产""},{""label"":""病症"",""text"":""小儿丹毒""},{""label"":""病症"",""text"":""汤火灼伤""},{""label"":""病症"",""text"":""小儿发热""},{""label"":""病症"",""text"":""时行痘疹""},{""label"":""禁忌"",""text"":""大便滑泻者禁之""},{""label"":""烹饪方法"",""text"":""杵末""},{""label"":""烹饪方法"",""text"":""浸""},{""label"":""烹饪方法"",""text"":""绞汁""},{""label"":""烹饪方法"",""text"":""煎""},{""label"":""烹饪方法"",""text"":""嚼烂""},{""label"":""烹饪方法"",""text"":""炒研""},{""label"":""烹饪方法"",""text"":""生研""},{""label"":""烹饪方法"",""text"":""磨""},{""label"":""烹饪方法"",""text"":""涂浸""},{""label"":""烹饪方法"",""text"":""饮""}]"
385,36,37,31,31,"[{""label"":""食材"",""text"":""茶""},{""label"":""食味"",""text"":""微苦""},{""label"":""食味"",""text"":""甘""},{""label"":""食性"",""text"":""凉""},{""label"":""功效"",""text"":""清心神""},{""label"":""功效"",""text"":""醒睡除烦""},{""label"":""功效"",""text"":""凉肝胆""},{""label"":""功效"",""text"":""涤燕消痰""},{""label"":""脏腑"",""text"":""肺胃""},{""label"":""病症"",""text"":""不渴""},{""label"":""食材"",""text"":""普洱""},{""label"":""功效"",""text"":""善吐风痰""},{""label"":""功效"",""text"":""消肉食""},{""label"":""病症"",""text"":""暑秽痧兵""},{""label"":""病症"",""text"":""腹痛""},{""label"":""病症"",""text"":""乾霍乱""},{""label"":""病症"",""text"":""痢疾""},{""label"":""食材"",""text"":""诸露""},{""label"":""食材"",""text"":""谷莱果蔽""},{""label"":""食材"",""text"":""草木花叶""},{""label"":""烹饪方法"",""text"":""蒸馏""},{""label"":""食材"",""text"":""露""},{""label"":""功效"",""text"":""运胜诸药""},{""label"":""食材"",""text"":""陈米""},{""label"":""食材"",""text"":""地黄""},{""label"":""食材"",""text"":""枸杞""},{""label"":""烹饪方法"",""text"":""煎""},{""label"":""烹饪方法"",""text"":""作丸散""},{""label"":""禁忌"",""text"":""冰麝忌火""},{""label"":""古籍来源"",""text"":""五苓""},{""label"":""古籍来源"",""text"":""六一""}]"
386,10,2,1,1,"[{""label"":""古籍来源"",""text"":""《医碥》""}]"
387,12,0,10,10,"[{""label"":""食材"",""text"":""砒""},{""label"":""食味"",""text"":""辛""},{""label"":""食性"",""text"":""大热""},{""label"":""病症"",""text"":""蹇热""},{""label"":""病症"",""text"":""鼠瘘""},{""label"":""病症"",""text"":""蚀创死肌""},{""label"":""病症"",""text"":""风瘅""},{""label"":""病症"",""text"":""腹中坚""},{""label"":""古籍来源"",""text"":""神农本草经""},{""label"":""烹饪方法"",""text"":""煮""}]"
388,4,0,0,0,[]
389,43,41,31,31,"[{""label"":""食材"",""text"":""饴糖""},{""label"":""食材"",""text"":""稻芒""},{""label"":""食材"",""text"":""鱼骨""},{""label"":""食材"",""text"":""竹木""},{""label"":""食材"",""text"":""钱铋""},{""label"":""食材"",""text"":""附子""},{""label"":""食材"",""text"":""草乌""},{""label"":""食材"",""text"":""麻油""},{""label"":""食材"",""text"":""粟米""},{""label"":""食材"",""text"":""粱""},{""label"":""食材"",""text"":""小米""},{""label"":""食材"",""text"":""秫""},{""label"":""食材"",""text"":""黍米""},{""label"":""食材"",""text"":""稷米""},{""label"":""食材"",""text"":""商粱""},{""label"":""食材"",""text"":""芦襟""},{""label"":""食材"",""text"":""鹅鸭""},{""label"":""食性"",""text"":""凉""},{""label"":""食性"",""text"":""温""},{""label"":""食味"",""text"":""甘""},{""label"":""功效"",""text"":""补气养脾""},{""label"":""功效"",""text"":""治阴盛阴虚""},{""label"":""病症"",""text"":""鱼脐""},{""label"":""病症"",""text"":""疽""},{""label"":""病症"",""text"":""搞疮""},{""label"":""病症"",""text"":""银黝毒""},{""label"":""病症"",""text"":""火烧成疮""},{""label"":""烹饪方法"",""text"":""作小丸""},{""label"":""烹饪方法"",""text"":""吞下""},{""label"":""烹饪方法"",""text"":""酿酒""},{""label"":""医家"",""text"":""汪谢城""}]"
390,24,23,20,20,"[{""label"":""食材"",""text"":""砂仁""},{""label"":""食材"",""text"":""白糖""},{""label"":""食材"",""text"":""陈粳米""},{""label"":""食材"",""text"":""砂糖""},{""label"":""食材"",""text"":""蜜""},{""label"":""食材"",""text"":""糯米""},{""label"":""食材"",""text"":""箬叶""},{""label"":""食材"",""text"":""大蒜""},{""label"":""食材"",""text"":""葱白""},{""label"":""食材"",""text"":""生姜""},{""label"":""食材"",""text"":""麝香""},{""label"":""食材"",""text"":""花箬""},{""label"":""食材"",""text"":""油单纸""},{""label"":""烹饪方法"",""text"":""春""},{""label"":""烹饪方法"",""text"":""蒸""},{""label"":""烹饪方法"",""text"":""裹""},{""label"":""烹饪方法"",""text"":""煮""},{""label"":""烹饪方法"",""text"":""封""},{""label"":""食疗方"",""text"":""松糕方""},{""label"":""食疗方"",""text"":""凡用香头法""}]"
391,36,34,35,35,"[{""label"":""食疗方"",""text"":""地仙煎""},{""label"":""病症"",""text"":""腰膝疼痛""},{""label"":""病症"",""text"":""腹内冷病""},{""label"":""功效"",""text"":""令人颜色悦泽""},{""label"":""功效"",""text"":""骨髓坚固""},{""label"":""食材"",""text"":""山药""},{""label"":""食材"",""text"":""杏仁""},{""label"":""食材"",""text"":""生牛乳""},{""label"":""烹饪方法"",""text"":""研""},{""label"":""烹饪方法"",""text"":""绞取汁""},{""label"":""烹饪方法"",""text"":""密封""},{""label"":""烹饪方法"",""text"":""煮""},{""label"":""禁忌"",""text"":""空心酒调服一匙头""},{""label"":""食疗方"",""text"":""金水煎""},{""label"":""功效"",""text"":""延年益寿""},{""label"":""功效"",""text"":""填精补髓""},{""label"":""功效"",""text"":""发自娈黑""},{""label"":""功效"",""text"":""返老还童""},{""label"":""食材"",""text"":""枸杞子""},{""label"":""食材"",""text"":""无灰酒""},{""label"":""烹饪方法"",""text"":""浸""},{""label"":""烹饪方法"",""text"":""研""},{""label"":""烹饪方法"",""text"":""绞取汁""},{""label"":""烹饪方法"",""text"":""熬成膏""},{""label"":""烹饪方法"",""text"":""封贮""},{""label"":""烹饪方法"",""text"":""重汤煮""},{""label"":""食材"",""text"":""酥油""},{""label"":""禁忌"",""text"":""温酒调下""},{""label"":""食疗方"",""text"":""天门冬膏""},{""label"":""功效"",""text"":""去积聚风痰癫疾""},{""label"":""病症"",""text"":""三虿伏尸""},{""label"":""功效"",""text"":""除瘟疫""},{""label"":""功效"",""text"":""轻身益气""},{""label"":""功效"",""text"":""令人不饥""},{""label"":""功效"",""text"":""延年不老""}]"
392,23,19,17,17,"[{""label"":""食材"",""text"":""面""},{""label"":""食材"",""text"":""鸟梅""},{""label"":""食材"",""text"":""盐""},{""label"":""食材"",""text"":""甘草""},{""label"":""食材"",""text"":""紫苏叶""},{""label"":""食材"",""text"":""白太樨""},{""label"":""食材"",""text"":""盐梅""},{""label"":""食材"",""text"":""梅花""},{""label"":""烹饪方法"",""text"":""末""},{""label"":""烹饪方法"",""text"":""炒""},{""label"":""烹饪方法"",""text"":""捣""},{""label"":""烹饪方法"",""text"":""榨""},{""label"":""烹饪方法"",""text"":""点服""},{""label"":""食疗方"",""text"":""梅苏汤""},{""label"":""食疗方"",""text"":""天香汤""},{""label"":""食疗方"",""text"":""暗香汤""},{""label"":""古籍来源"",""text"":""灵隐寺""}]"
393,38,32,38,38,"[{""label"":""食材"",""text"":""酥""},{""label"":""食材"",""text"":""油酥""},{""label"":""食材"",""text"":""蜜""},{""label"":""食材"",""text"":""白面""},{""label"":""食材"",""text"":""猪油""},{""label"":""食材"",""text"":""糯米""},{""label"":""食材"",""text"":""白饧""},{""label"":""食材"",""text"":""酒醅""},{""label"":""食材"",""text"":""白糖""},{""label"":""食材"",""text"":""炒面""},{""label"":""食材"",""text"":""麻布""},{""label"":""食材"",""text"":""米粉""},{""label"":""食材"",""text"":""芋末""},{""label"":""食材"",""text"":""熟油""},{""label"":""食材"",""text"":""猪脂""},{""label"":""食材"",""text"":""酒""},{""label"":""食材"",""text"":""精肉""},{""label"":""烹饪方法"",""text"":""搜""},{""label"":""烹饪方法"",""text"":""入印作饼""},{""label"":""烹饪方法"",""text"":""止炉""},{""label"":""烹饪方法"",""text"":""捣""},{""label"":""烹饪方法"",""text"":""和""},{""label"":""烹饪方法"",""text"":""煮""},{""label"":""烹饪方法"",""text"":""擀""},{""label"":""烹饪方法"",""text"":""爝""},{""label"":""烹饪方法"",""text"":""煤""},{""label"":""烹饪方法"",""text"":""拌""},{""label"":""烹饪方法"",""text"":""糁""},{""label"":""烹饪方法"",""text"":""捍扯""},{""label"":""烹饪方法"",""text"":""摊""},{""label"":""烹饪方法"",""text"":""晒""},{""label"":""烹饪方法"",""text"":""切""},{""label"":""烹饪方法"",""text"":""搜和""},{""label"":""烹饪方法"",""text"":""擀开""},{""label"":""烹饪方法"",""text"":""裹""},{""label"":""烹饪方法"",""text"":""炉内爝熟""},{""label"":""食疗方"",""text"":""风消饼方""},{""label"":""食疗方"",""text"":""肉油饼方""}]"
394,28,25,22,22,"[{""label"":""食材"",""text"":""山药""},{""label"":""食材"",""text"":""酥油""},{""label"":""食材"",""text"":""莲肉""},{""label"":""食材"",""text"":""葡萄子""},{""label"":""食材"",""text"":""蜜""},{""label"":""食材"",""text"":""黄精""},{""label"":""食材"",""text"":""松针""},{""label"":""食材"",""text"":""白术""},{""label"":""食材"",""text"":""枸杞""},{""label"":""烹饪方法"",""text"":""研""},{""label"":""烹饪方法"",""text"":""煮""},{""label"":""烹饪方法"",""text"":""煎""},{""label"":""烹饪方法"",""text"":""浸""},{""label"":""食疗方"",""text"":""葡萄酒""},{""label"":""食疗方"",""text"":""黄精酒""},{""label"":""功效"",""text"":""有益""},{""label"":""功效"",""text"":""百脉流畅""},{""label"":""功效"",""text"":""气运无滞""},{""label"":""功效"",""text"":""除百病""},{""label"":""功效"",""text"":""延年""},{""label"":""功效"",""text"":""娈须发""},{""label"":""功效"",""text"":""生牙齿""}]"
395,40,32,29,29,"[{""label"":""食材"",""text"":""槐实""},{""label"":""食材"",""text"":""牛胆""},{""label"":""食材"",""text"":""莲花""},{""label"":""食材"",""text"":""莲根""},{""label"":""食材"",""text"":""莲子""},{""label"":""食材"",""text"":""松根""},{""label"":""食材"",""text"":""茯苓""},{""label"":""食材"",""text"":""术""},{""label"":""食材"",""text"":""天门冬""},{""label"":""烹饪方法"",""text"":""浸""},{""label"":""烹饪方法"",""text"":""阴干""},{""label"":""烹饪方法"",""text"":""采""},{""label"":""烹饪方法"",""text"":""剥取""},{""label"":""烹饪方法"",""text"":""曝燥""},{""label"":""烹饪方法"",""text"":""削去""},{""label"":""烹饪方法"",""text"":""捣末""},{""label"":""烹饪方法"",""text"":""渍""},{""label"":""烹饪方法"",""text"":""发""},{""label"":""烹饪方法"",""text"":""造饼""},{""label"":""烹饪方法"",""text"":""屑服""},{""label"":""烹饪方法"",""text"":""溃""},{""label"":""烹饪方法"",""text"":""煮""},{""label"":""功效"",""text"":""身轻""},{""label"":""功效"",""text"":""通明""},{""label"":""功效"",""text"":""令人不老""},{""label"":""功效"",""text"":""可绝谷""},{""label"":""功效"",""text"":""不饥渴""},{""label"":""功效"",""text"":""除病延年""},{""label"":""病症"",""text"":""渴""}]"
396,25,25,26,26,"[{""label"":""食材"",""text"":""人参""},{""label"":""食材"",""text"":""黄精""},{""label"":""食材"",""text"":""茯苓""},{""label"":""食材"",""text"":""远志""},{""label"":""食材"",""text"":""当归""},{""label"":""食材"",""text"":""鹿茸""},{""label"":""食材"",""text"":""麋萁""},{""label"":""食材"",""text"":""琥珀""},{""label"":""食材"",""text"":""酸枣仁""},{""label"":""食材"",""text"":""拍子仁""},{""label"":""烹饪方法"",""text"":""炼""},{""label"":""烹饪方法"",""text"":""熬""},{""label"":""烹饪方法"",""text"":""煎""},{""label"":""烹饪方法"",""text"":""熬膏""},{""label"":""烹饪方法"",""text"":""研""},{""label"":""食疗方"",""text"":""长生神芝膏""},{""label"":""食疗方"",""text"":""三台益算膏""},{""label"":""食疗方"",""text"":""四仙求志育""},{""label"":""食疗方"",""text"":""五老朝元膏""},{""label"":""食疗方"",""text"":""六龙御天膏""},{""label"":""食疗方"",""text"":""七元归真膏""},{""label"":""食疗方"",""text"":""八神卫护膏""},{""label"":""食疗方"",""text"":""九龙扶寿丹""},{""label"":""功效"",""text"":""轻身延年""},{""label"":""功效"",""text"":""悦泽颜色""},{""label"":""禁忌"",""text"":""忌食桃""}]"
397,36,31,26,26,"[{""label"":""食材"",""text"":""鲚鱼""},{""label"":""食材"",""text"":""鲤鱼""},{""label"":""食材"",""text"":""蟹""},{""label"":""食材"",""text"":""麻油""},{""label"":""食材"",""text"":""草果""},{""label"":""食材"",""text"":""茴香""},{""label"":""食材"",""text"":""砂仁""},{""label"":""食材"",""text"":""花椒""},{""label"":""食材"",""text"":""水姜""},{""label"":""食材"",""text"":""胡椒""},{""label"":""食材"",""text"":""葱""},{""label"":""食材"",""text"":""盐""},{""label"":""食材"",""text"":""醋""},{""label"":""烹饪方法"",""text"":""炙""},{""label"":""烹饪方法"",""text"":""煎""},{""label"":""烹饪方法"",""text"":""炒""},{""label"":""烹饪方法"",""text"":""擦""},{""label"":""烹饪方法"",""text"":""腌""},{""label"":""烹饪方法"",""text"":""酿""},{""label"":""烹饪方法"",""text"":""剁碎""},{""label"":""烹饪方法"",""text"":""熬熟""},{""label"":""烹饪方法"",""text"":""切""},{""label"":""烹饪方法"",""text"":""盛""},{""label"":""烹饪方法"",""text"":""封""},{""label"":""烹饪方法"",""text"":""涂""},{""label"":""食疗方"",""text"":""水醯鱼""}]"
398,20,17,14,14,"[{""label"":""食材"",""text"":""枸杞子""},{""label"":""食材"",""text"":""黄精""},{""label"":""食材"",""text"":""白蜜""},{""label"":""食材"",""text"":""天门冬""},{""label"":""烹饪方法"",""text"":""熬""},{""label"":""烹饪方法"",""text"":""蒸""},{""label"":""功效"",""text"":""明目驻颜""},{""label"":""功效"",""text"":""壮元气""},{""label"":""功效"",""text"":""渖肌肤""},{""label"":""功效"",""text"":""助气固褙""},{""label"":""功效"",""text"":""补镇丹田""},{""label"":""功效"",""text"":""活血驻颜""},{""label"":""功效"",""text"":""长生不老""},{""label"":""食疗方"",""text"":""二精丸方""}]"
399,31,26,30,30,"[{""label"":""食材"",""text"":""红花子""},{""label"":""烹饪方法"",""text"":""淘""},{""label"":""烹饪方法"",""text"":""捣碎""},{""label"":""烹饪方法"",""text"":""煎""},{""label"":""烹饪方法"",""text"":""挹""},{""label"":""食材"",""text"":""醋""},{""label"":""食材"",""text"":""金雀花""},{""label"":""烹饪方法"",""text"":""焯""},{""label"":""食材"",""text"":""糖霜""},{""label"":""食材"",""text"":""油醋""},{""label"":""烹饪方法"",""text"":""拌""},{""label"":""食材"",""text"":""寒豆""},{""label"":""烹饪方法"",""text"":""淘净""},{""label"":""烹饪方法"",""text"":""包裹""},{""label"":""烹饪方法"",""text"":""喷""},{""label"":""烹饪方法"",""text"":""焯""},{""label"":""食材"",""text"":""黄豆芽""},{""label"":""食材"",""text"":""大黄豆""},{""label"":""烹饪方法"",""text"":""淘""},{""label"":""食材"",""text"":""香荩""},{""label"":""食材"",""text"":""橙丝""},{""label"":""食材"",""text"":""木耳""},{""label"":""食材"",""text"":""佛手柑丝""},{""label"":""烹饪方法"",""text"":""拌""},{""label"":""食材"",""text"":""麻油""},{""label"":""食材"",""text"":""糟霜""},{""label"":""食材"",""text"":""醋""},{""label"":""食材"",""text"":""褰豆""},{""label"":""食材"",""text"":""豌豆""},{""label"":""食材"",""text"":""蚕豆""}]"
400,23,26,23,23,"[{""label"":""食材"",""text"":""半夏""},{""label"":""食材"",""text"":""晋州降香""},{""label"":""食材"",""text"":""丁皮""},{""label"":""食材"",""text"":""草豆蔻""},{""label"":""食材"",""text"":""生姜""},{""label"":""食材"",""text"":""桔皮""},{""label"":""功效"",""text"":""开骨健脾""},{""label"":""功效"",""text"":""止呕吐""},{""label"":""功效"",""text"":""去脑中焱满""},{""label"":""功效"",""text"":""下肺气""},{""label"":""功效"",""text"":""消痰""},{""label"":""功效"",""text"":""止嗽""},{""label"":""功效"",""text"":""破癞魑痃癖""},{""label"":""病症"",""text"":""癞""},{""label"":""病症"",""text"":""痃""},{""label"":""烹饪方法"",""text"":""洗""},{""label"":""烹饪方法"",""text"":""焙干""},{""label"":""烹饪方法"",""text"":""粗挫""},{""label"":""烹饪方法"",""text"":""煎""},{""label"":""烹饪方法"",""text"":""浸""},{""label"":""烹饪方法"",""text"":""水洗""},{""label"":""烹饪方法"",""text"":""细嚼""},{""label"":""古籍来源"",""text"":""《日华子》""}]"
401,39,25,32,32,"[{""label"":""食材"",""text"":""牛奶茄""},{""label"":""食材"",""text"":""盐""},{""label"":""食材"",""text"":""薄荷""},{""label"":""食材"",""text"":""茴香""},{""label"":""食材"",""text"":""砂糖""},{""label"":""食材"",""text"":""醋""},{""label"":""食材"",""text"":""青硬梅子""},{""label"":""食材"",""text"":""大蒜""},{""label"":""食材"",""text"":""炒盐""},{""label"":""食材"",""text"":""青瓜""},{""label"":""食材"",""text"":""生姜""},{""label"":""食材"",""text"":""陈皮""},{""label"":""食材"",""text"":""紧苏""},{""label"":""食材"",""text"":""砂仁""},{""label"":""烹饪方法"",""text"":""蒸""},{""label"":""烹饪方法"",""text"":""切""},{""label"":""烹饪方法"",""text"":""拌匀""},{""label"":""烹饪方法"",""text"":""焯""},{""label"":""烹饪方法"",""text"":""沥干""},{""label"":""烹饪方法"",""text"":""浸""},{""label"":""烹饪方法"",""text"":""晒干""},{""label"":""烹饪方法"",""text"":""压扁""},{""label"":""烹饪方法"",""text"":""收藏""},{""label"":""烹饪方法"",""text"":""煎""},{""label"":""烹饪方法"",""text"":""入瓶""},{""label"":""烹饪方法"",""text"":""去穰""},{""label"":""烹饪方法"",""text"":""切作丝""},{""label"":""烹饪方法"",""text"":""炒""},{""label"":""烹饪方法"",""text"":""扎定""},{""label"":""烹饪方法"",""text"":""收贮""},{""label"":""烹饪方法"",""text"":""切碎""},{""label"":""烹饪方法"",""text"":""晒""}]"
402,14,14,12,12,"[{""label"":""食材"",""text"":""芡实""},{""label"":""食材"",""text"":""粳米""},{""label"":""烹饪方法"",""text"":""煮""},{""label"":""功效"",""text"":""益精气""},{""label"":""功效"",""text"":""强智力""},{""label"":""功效"",""text"":""聪耳目""},{""label"":""食材"",""text"":""莲肉""},{""label"":""食材"",""text"":""糯米""},{""label"":""食疗方"",""text"":""莲子粥""},{""label"":""食材"",""text"":""竹叶""},{""label"":""食材"",""text"":""石膏""},{""label"":""食疗方"",""text"":""竹叶粥""}]"
403,28,20,19,19,"[{""label"":""食材"",""text"":""茶叶""},{""label"":""食材"",""text"":""木樨""},{""label"":""食材"",""text"":""茉莉""},{""label"":""食材"",""text"":""玫瑰""},{""label"":""食材"",""text"":""蔷薇""},{""label"":""食材"",""text"":""兰蕙""},{""label"":""食材"",""text"":""橘花""},{""label"":""食材"",""text"":""栀子""},{""label"":""食材"",""text"":""木香""},{""label"":""食材"",""text"":""梅花""},{""label"":""烹饪方法"",""text"":""焙干""},{""label"":""烹饪方法"",""text"":""煮""},{""label"":""烹饪方法"",""text"":""煎""},{""label"":""病症"",""text"":""颈疾""},{""label"":""古籍来源"",""text"":""吴山第一泉""},{""label"":""古籍来源"",""text"":""郭璞井""},{""label"":""古籍来源"",""text"":""虎跑泉""},{""label"":""古籍来源"",""text"":""龙井""},{""label"":""古籍来源"",""text"":""葛仙翁井""}]"
404,25,10,23,23,"[{""label"":""食材"",""text"":""枸杞子""},{""label"":""食材"",""text"":""干面""},{""label"":""食材"",""text"":""红茶""},{""label"":""食材"",""text"":""酥油""},{""label"":""食材"",""text"":""香油""},{""label"":""食材"",""text"":""盐""},{""label"":""食材"",""text"":""黄牛乳""},{""label"":""食性"",""text"":""平""},{""label"":""功效"",""text"":""明目""},{""label"":""功效"",""text"":""补血脉""},{""label"":""功效"",""text"":""益心气""},{""label"":""功效"",""text"":""长肌肉""},{""label"":""功效"",""text"":""润泽面目光""},{""label"":""功效"",""text"":""悦志不衰""},{""label"":""食疗方"",""text"":""枸杞茶""},{""label"":""食疗方"",""text"":""益气牛乳方""},{""label"":""烹饪方法"",""text"":""拌和""},{""label"":""烹饪方法"",""text"":""捍""},{""label"":""烹饪方法"",""text"":""晒""},{""label"":""烹饪方法"",""text"":""研""},{""label"":""烹饪方法"",""text"":""炼化""},{""label"":""烹饪方法"",""text"":""煎""},{""label"":""养生原则"",""text"":""恒使恣意充足为度""}]"
406,17,35,14,14,"[{""label"":""食材"",""text"":""茶""},{""label"":""食材"",""text"":""芽茶""},{""label"":""食材"",""text"":""细茶""},{""label"":""食材"",""text"":""橙茶""},{""label"":""食材"",""text"":""莲花茶""},{""label"":""食材"",""text"":""莲花""},{""label"":""食材"",""text"":""箬竹叶""},{""label"":""烹饪方法"",""text"":""炒""},{""label"":""烹饪方法"",""text"":""焙""},{""label"":""烹饪方法"",""text"":""烹""},{""label"":""禁忌"",""text"":""畏香药""},{""label"":""禁忌"",""text"":""忌令湿""},{""label"":""养生原则"",""text"":""盛贮如法""},{""label"":""养生原则"",""text"":""终不脱俗""}]"
407,46,33,39,39,"[{""label"":""食材"",""text"":""蒜""},{""label"":""食材"",""text"":""冬瓜""},{""label"":""食材"",""text"":""白矾""},{""label"":""食材"",""text"":""石灰""},{""label"":""食材"",""text"":""盐""},{""label"":""食材"",""text"":""蒜瓣""},{""label"":""食材"",""text"":""醋""},{""label"":""食材"",""text"":""韭""},{""label"":""食材"",""text"":""小黄瓜""},{""label"":""食材"",""text"":""小茄儿""},{""label"":""食材"",""text"":""春不老菜薹""},{""label"":""食材"",""text"":""萎丝""},{""label"":""食材"",""text"":""黄豆""},{""label"":""食材"",""text"":""食香""},{""label"":""烹饪方法"",""text"":""焯过""},{""label"":""烹饪方法"",""text"":""晒干""},{""label"":""烹饪方法"",""text"":""浸""},{""label"":""烹饪方法"",""text"":""压干""},{""label"":""烹饪方法"",""text"":""拌匀""},{""label"":""烹饪方法"",""text"":""蒸过""},{""label"":""烹饪方法"",""text"":""切""},{""label"":""烹饪方法"",""text"":""煎汤""},{""label"":""烹饪方法"",""text"":""漉出""},{""label"":""烹饪方法"",""text"":""控干""},{""label"":""烹饪方法"",""text"":""捣砗""},{""label"":""烹饪方法"",""text"":""腌""},{""label"":""烹饪方法"",""text"":""冼""},{""label"":""烹饪方法"",""text"":""铺""},{""label"":""烹饪方法"",""text"":""糁""},{""label"":""烹饪方法"",""text"":""翻""},{""label"":""烹饪方法"",""text"":""去水""},{""label"":""烹饪方法"",""text"":""收贮""},{""label"":""烹饪方法"",""text"":""去叶""},{""label"":""烹饪方法"",""text"":""冼净""},{""label"":""烹饪方法"",""text"":""炒""},{""label"":""烹饪方法"",""text"":""揉""},{""label"":""烹饪方法"",""text"":""装""},{""label"":""烹饪方法"",""text"":""候熟""},{""label"":""烹饪方法"",""text"":""用""}]"
408,26,27,20,20,"[{""label"":""食材"",""text"":""茶""},{""label"":""食材"",""text"":""天池""},{""label"":""食材"",""text"":""龙井""},{""label"":""食材"",""text"":""天竺""},{""label"":""食材"",""text"":""灵隐""},{""label"":""食材"",""text"":""临安""},{""label"":""食材"",""text"":""于潜""},{""label"":""食材"",""text"":""掰州""},{""label"":""食材"",""text"":""闽广""},{""label"":""食材"",""text"":""岭南""},{""label"":""烹饪方法"",""text"":""炒""},{""label"":""烹饪方法"",""text"":""焙""},{""label"":""烹饪方法"",""text"":""碾""},{""label"":""功效"",""text"":""消除垢腻""},{""label"":""功效"",""text"":""去积""},{""label"":""病症"",""text"":""瘴疠之气""},{""label"":""病症"",""text"":""成疾""},{""label"":""禁忌"",""text"":""当慎之""},{""label"":""古籍来源"",""text"":""茶经""},{""label"":""医家"",""text"":""陆羽""}]"
409,17,21,13,13,"[{""label"":""食材"",""text"":""饭""},{""label"":""食材"",""text"":""羹""},{""label"":""食材"",""text"":""蔬""},{""label"":""食材"",""text"":""紧菱""},{""label"":""食材"",""text"":""红芡""},{""label"":""食材"",""text"":""牛心绿蒂之柿""},{""label"":""食味"",""text"":""甘""},{""label"":""养生原则"",""text"":""淡食""},{""label"":""医家"",""text"":""倪正父""},{""label"":""医家"",""text"":""鲁苴""},{""label"":""医家"",""text"":""壬逢原""},{""label"":""古籍来源"",""text"":""《食时五观》""},{""label"":""古籍来源"",""text"":""《思归赋》""}]"
410,9,0,0,0,[]
411,23,14,19,19,"[{""label"":""古籍来源"",""text"":""《楚辞》""},{""label"":""古籍来源"",""text"":""《博物志》""},{""label"":""食材"",""text"":""石泉""},{""label"":""食材"",""text"":""山泉""},{""label"":""食材"",""text"":""瀑""},{""label"":""食材"",""text"":""蕨山水""},{""label"":""医家"",""text"":""皇甫曾""},{""label"":""医家"",""text"":""梅尧臣""},{""label"":""医家"",""text"":""张华""},{""label"":""医家"",""text"":""张曲江""},{""label"":""病症"",""text"":""瘿""},{""label"":""病症"",""text"":""瘼""},{""label"":""禁忌"",""text"":""不可食""},{""label"":""烹饪方法"",""text"":""煮""},{""label"":""烹饪方法"",""text"":""酿酒""},{""label"":""养生原则"",""text"":""幽期山寺远。野饭石泉清""},{""label"":""养生原则"",""text"":""烹处石泉嘉""},{""label"":""养生原则"",""text"":""小石冷泉留早眯""},{""label"":""养生原则"",""text"":""流远则味淡,须深潭停蕃, .以复其味乃可食""}]"
413,78,62,60,60,"[{""label"":""食材"",""text"":""盐""},{""label"":""食材"",""text"":""茶""},{""label"":""食材"",""text"":""榧""},{""label"":""食材"",""text"":""蒙茶""},{""label"":""食材"",""text"":""湘潭茶""},{""label"":""食材"",""text"":""松茗""},{""label"":""食材"",""text"":""酒""},{""label"":""食材"",""text"":""牛肉""},{""label"":""食材"",""text"":""乳""},{""label"":""食材"",""text"":""胡桃""},{""label"":""食材"",""text"":""猪肉""},{""label"":""食材"",""text"":""芥""},{""label"":""食材"",""text"":""丹砂""},{""label"":""食材"",""text"":""雄黄""},{""label"":""食材"",""text"":""蕨灵仙""},{""label"":""食材"",""text"":""士茯苓""},{""label"":""食材"",""text"":""虫君子""},{""label"":""食材"",""text"":""荼子""},{""label"":""食性"",""text"":""温""},{""label"":""食性"",""text"":""平""},{""label"":""食性"",""text"":""热""},{""label"":""食味"",""text"":""咸""},{""label"":""食味"",""text"":""甘""},{""label"":""食味"",""text"":""苦""},{""label"":""食味"",""text"":""酸""},{""label"":""食味"",""text"":""辛""},{""label"":""食味"",""text"":""涩""},{""label"":""功效"",""text"":""去油腻""},{""label"":""病症"",""text"":""腰脚膀胱衿痛""},{""label"":""病症"",""text"":""水肿""},{""label"":""病症"",""text"":""挛瘐""},{""label"":""病症"",""text"":""发黄成癖""},{""label"":""病症"",""text"":""泻""},{""label"":""病症"",""text"":""胃冷""},{""label"":""病症"",""text"":""昏神软体""},{""label"":""病症"",""text"":""损筋骨""},{""label"":""病症"",""text"":""伤脾胃""},{""label"":""病症"",""text"":""耗肺气""},{""label"":""病症"",""text"":""夭人寿""},{""label"":""病症"",""text"":""生虫""},{""label"":""病症"",""text"":""气结""},{""label"":""病症"",""text"":""略血""},{""label"":""病症"",""text"":""患大风""},{""label"":""病症"",""text"":""缓人筋骨""},{""label"":""病症"",""text"":""伤肾聚痰""},{""label"":""病症"",""text"":""水肿及挛痛""},{""label"":""病症"",""text"":""腰脚重坠""},{""label"":""病症"",""text"":""膀胱疝证""},{""label"":""病症"",""text"":""腹下令痛""},{""label"":""病症"",""text"":""消褐痰饮""},{""label"":""病症"",""text"":""精薄无孑""},{""label"":""病症"",""text"":""瘢风""},{""label"":""病症"",""text"":""瘫痪""},{""label"":""病症"",""text"":""痈瘵""},{""label"":""病症"",""text"":""白癞风""},{""label"":""脏腑"",""text"":""肾""},{""label"":""烹饪方法"",""text"":""捣""},{""label"":""禁忌"",""text"":""空心切不可饮""},{""label"":""禁忌"",""text"":""宜少勿多""},{""label"":""禁忌"",""text"":""不饮更妙""}]"
414,64,63,56,56,"[{""label"":""食材"",""text"":""生姜""},{""label"":""食材"",""text"":""芥莱""},{""label"":""食味"",""text"":""辛""},{""label"":""食性"",""text"":""温""},{""label"":""禁忌"",""text"":""多食昏月""},{""label"":""禁忌"",""text"":""动风发气""},{""label"":""禁忌"",""text"":""司鲫鱼食,;患水肿""},{""label"":""禁忌"",""text"":""同兔肉鳖肉食。成恶疮病""},{""label"":""病症"",""text"":""疮疡痔疾便血""},{""label"":""禁忌"",""text"":""生食发丹石药莓""},{""label"":""禁忌"",""text"":""细叶有毛者害人""},{""label"":""食材"",""text"":""芥薹""},{""label"":""禁忌"",""text"":""多食。助火生痰。发疮动血""},{""label"":""禁忌"",""text"":""酒后食多。缓人筋骨""},{""label"":""食材"",""text"":""芥子""},{""label"":""食味"",""text"":""辛""},{""label"":""食性"",""text"":""热""},{""label"":""禁忌"",""text"":""多食动火昏目""},{""label"":""禁忌"",""text"":""泄气伤精""},{""label"":""禁忌"",""text"":""勿同鸡肉食""},{""label"":""食材"",""text"":""苋莱""},{""label"":""食味"",""text"":""甘""},{""label"":""食性"",""text"":""令利""},{""label"":""禁忌"",""text"":""多食发风动气""},{""label"":""病症"",""text"":""烦闷""},{""label"":""禁忌"",""text"":""冷中损腹""},{""label"":""病症"",""text"":""脾胃泄泻""},{""label"":""禁忌"",""text"":""同蕨粉食。生癜""},{""label"":""禁忌"",""text"":""妊妇食之滑胎""},{""label"":""禁忌"",""text"":""临月食之易产""},{""label"":""禁忌"",""text"":""不可与鳖同食""},{""label"":""病症"",""text"":""鳖疲""},{""label"":""食材"",""text"":""菠菜""},{""label"":""食味"",""text"":""甘""},{""label"":""食性"",""text"":""冷滑""},{""label"":""禁忌"",""text"":""多食令人脚弱""},{""label"":""病症"",""text"":""腰痛""},{""label"":""禁忌"",""text"":""动冷气""},{""label"":""禁忌"",""text"":""先患腹冷者必破腹""},{""label"":""病症"",""text"":""霍乱""},{""label"":""食材"",""text"":""莴苣菜""},{""label"":""食味"",""text"":""甘苦""},{""label"":""食性"",""text"":""令""},{""label"":""禁忌"",""text"":""多食昏人目""},{""label"":""禁忌"",""text"":""瘘阴道""},{""label"":""禁忌"",""text"":""患冷人不宜食""},{""label"":""禁忌"",""text"":""紫色者有毒""},{""label"":""食材"",""text"":""萎""},{""label"":""食材"",""text"":""崧""},{""label"":""食材"",""text"":""苍术""},{""label"":""食材"",""text"":""白术""},{""label"":""食味"",""text"":""甘""},{""label"":""食性"",""text"":""温""},{""label"":""功效"",""text"":""健脾益气""},{""label"":""病症"",""text"":""脾虚泄泻""},{""label"":""病症"",""text"":""水肿凝饮""}]"
415,64,49,42,42,"[{""label"":""食材"",""text"":""莱菔""},{""label"":""食材"",""text"":""汉椒""},{""label"":""食材"",""text"":""面""},{""label"":""食材"",""text"":""新麦""},{""label"":""食材"",""text"":""陈芰""},{""label"":""食材"",""text"":""土茯苓""},{""label"":""食材"",""text"":""葳灵仙""},{""label"":""食材"",""text"":""当归""},{""label"":""食材"",""text"":""面筋""},{""label"":""食材"",""text"":""荞麦""},{""label"":""食材"",""text"":""雉肉""},{""label"":""食材"",""text"":""黄鱼""},{""label"":""食材"",""text"":""苦荞""},{""label"":""食味"",""text"":""甘""},{""label"":""食性"",""text"":""热""},{""label"":""食性"",""text"":""平和""},{""label"":""食性"",""text"":""凉""},{""label"":""食性"",""text"":""温""},{""label"":""功效"",""text"":""利尿""},{""label"":""功效"",""text"":""镇静""},{""label"":""功效"",""text"":""治痛风""},{""label"":""功效"",""text"":""补血和血""},{""label"":""功效"",""text"":""调经止痛""},{""label"":""功效"",""text"":""润燥滑肠""},{""label"":""功效"",""text"":""治月经不调""},{""label"":""病症"",""text"":""伤窖""},{""label"":""病症"",""text"":""脱元气""},{""label"":""病症"",""text"":""落屑发""},{""label"":""病症"",""text"":""动风气""},{""label"":""病症"",""text"":""头眩""},{""label"":""病症"",""text"":""热风""},{""label"":""病症"",""text"":""眉领脱落""},{""label"":""病症"",""text"":""腹痛""},{""label"":""病症"",""text"":""伤胃""},{""label"":""病症"",""text"":""发风动气""},{""label"":""脏腑"",""text"":""脾胃""},{""label"":""烹饪方法"",""text"":""炒煎""},{""label"":""禁忌"",""text"":""忌湿""},{""label"":""禁忌"",""text"":""多食难化""},{""label"":""禁忌"",""text"":""小儿病人勿食""},{""label"":""禁忌"",""text"":""忌之""},{""label"":""养生原则"",""text"":""数十年久留不坏""}]"
416,58,49,48,48,"[{""label"":""食材"",""text"":""槟榔""},{""label"":""食材"",""text"":""大腹皮""},{""label"":""食材"",""text"":""扶留蔗""},{""label"":""食材"",""text"":""瓦垄子""},{""label"":""食材"",""text"":""蕙肉""},{""label"":""食材"",""text"":""莲子""},{""label"":""食材"",""text"":""荷硬""},{""label"":""食材"",""text"":""莲花""},{""label"":""食材"",""text"":""蕊须""},{""label"":""食材"",""text"":""地黄""},{""label"":""食材"",""text"":""葱""},{""label"":""食材"",""text"":""蒜""},{""label"":""食材"",""text"":""桐油""},{""label"":""食材"",""text"":""葡""},{""label"":""食材"",""text"":""盐水""},{""label"":""食材"",""text"":""油煤""},{""label"":""食材"",""text"":""米面果""},{""label"":""食材"",""text"":""荽""},{""label"":""食材"",""text"":""姜汁酒""},{""label"":""食材"",""text"":""吴茱萸""},{""label"":""食材"",""text"":""蜂蜜""},{""label"":""食味"",""text"":""甘""},{""label"":""食性"",""text"":""平""},{""label"":""食性"",""text"":""热""},{""label"":""功效"",""text"":""益口齿""},{""label"":""功效"",""text"":""温中止痛""},{""label"":""病症"",""text"":""霍乱""},{""label"":""病症"",""text"":""大便闭燥""},{""label"":""病症"",""text"":""冷中""},{""label"":""病症"",""text"":""脏腑""},{""label"":""病症"",""text"":""阴气""},{""label"":""病症"",""text"":""痿茎""},{""label"":""病症"",""text"":""蛲虫""},{""label"":""病症"",""text"":""腹滞气""},{""label"":""病症"",""text"":""腹胀""},{""label"":""病症"",""text"":""胃寒腹痛""},{""label"":""病症"",""text"":""呕吐""},{""label"":""病症"",""text"":""泻泄""},{""label"":""禁忌"",""text"":""勿同橙""},{""label"":""禁忌"",""text"":""桔食""},{""label"":""禁忌"",""text"":""令人作吐""},{""label"":""禁忌"",""text"":""多生食者徽动伶气胀人""},{""label"":""禁忌"",""text"":""生食过多""},{""label"":""禁忌"",""text"":""忌铁器""},{""label"":""烹饪方法"",""text"":""煎""},{""label"":""烹饪方法"",""text"":""饮""},{""label"":""烹饪方法"",""text"":""含""},{""label"":""烹饪方法"",""text"":""咽""}]"
417,66,85,61,61,"[{""label"":""食材"",""text"":""黄大豆""},{""label"":""食性"",""text"":""生性温""},{""label"":""食性"",""text"":""炒性热""},{""label"":""禁忌"",""text"":""多食壅气""},{""label"":""禁忌"",""text"":""生痰动嗽""},{""label"":""禁忌"",""text"":""发疥疮""},{""label"":""禁忌"",""text"":""令人面黄俸重""},{""label"":""禁忌"",""text"":""不可同猪肉食""},{""label"":""食材"",""text"":""小青豆""},{""label"":""食材"",""text"":""赤臼豆""},{""label"":""食性"",""text"":""性味相似""},{""label"":""禁忌"",""text"":""不可与鱼及羊肉同食""},{""label"":""食材"",""text"":""赤豆""},{""label"":""食味"",""text"":""甘酸""},{""label"":""食性"",""text"":""性平""},{""label"":""禁忌"",""text"":""同鲤鱼鲱食,令肝黄,成消渴""},{""label"":""禁忌"",""text"":""同米煮饭及作酱,食久发口疮""},{""label"":""功效"",""text"":""逐精波""},{""label"":""功效"",""text"":""令肌瘦肤燥也""},{""label"":""食材"",""text"":""赤小豆""},{""label"":""食味"",""text"":""甘辛""},{""label"":""食性"",""text"":""性乎下行""},{""label"":""禁忌"",""text"":""不可同鱼鲱食""},{""label"":""禁忌"",""text"":""久服则降令太过""},{""label"":""禁忌"",""text"":""使津血渗泄""},{""label"":""禁忌"",""text"":""令人肌瘦身重""},{""label"":""禁忌"",""text"":""凡色赤者食之,助热损人""},{""label"":""食材"",""text"":""花名腐婢""},{""label"":""功效"",""text"":""解酒毒""},{""label"":""功效"",""text"":""食之令人多饮不醉""},{""label"":""食材"",""text"":""莱豆""},{""label"":""食味"",""text"":""甘""},{""label"":""食性"",""text"":""性蹇""},{""label"":""烹饪方法"",""text"":""宜途皮用""},{""label"":""禁忌"",""text"":""去皮则令人少雍气""},{""label"":""食性"",""text"":""皮寒而肉平也""},{""label"":""禁忌"",""text"":""反榧子""},{""label"":""禁忌"",""text"":""害人""},{""label"":""禁忌"",""text"":""合鲤鱼鲱食久,令入胙黄,成渴病""},{""label"":""功效"",""text"":""花解酒毒""},{""label"":""食材"",""text"":""扁豆""},{""label"":""食味"",""text"":""甘""},{""label"":""食性"",""text"":""性徽温""},{""label"":""禁忌"",""text"":""患冷气及寒热病者勿食""},{""label"":""食材"",""text"":""蚕豆""},{""label"":""食味"",""text"":""甘徽辛""},{""label"":""食性"",""text"":""性平""},{""label"":""禁忌"",""text"":""多食滞气成积""},{""label"":""禁忌"",""text"":""发胀作痛""},{""label"":""食材"",""text"":""云南豆""},{""label"":""食味"",""text"":""甘""},{""label"":""食性"",""text"":""性温""},{""label"":""功效"",""text"":""有莓""},{""label"":""烹饪方法"",""text"":""煮食""},{""label"":""功效"",""text"":""味颇佳""},{""label"":""禁忌"",""text"":""多食令人寒热""},{""label"":""禁忌"",""text"":""手足心发麻""},{""label"":""烹饪方法"",""text"":""急嚼生姜解之""},{""label"":""病症"",""text"":""消渴""},{""label"":""病症"",""text"":""糖尿病""},{""label"":""病症"",""text"":""尿崩症""}]"
418,120,100,119,119,"[{""label"":""食材"",""text"":""百花菜""},{""label"":""食材"",""text"":""吴茱萸""},{""label"":""病症"",""text"":""痔瘘""},{""label"":""食材"",""text"":""龟鳖肉""},{""label"":""食材"",""text"":""鹿""},{""label"":""食材"",""text"":""驴""},{""label"":""食材"",""text"":""马肉""},{""label"":""食材"",""text"":""虾子""},{""label"":""禁忌"",""text"":""多食令人暴肥""},{""label"":""食材"",""text"":""头肉""},{""label"":""禁忌"",""text"":""有毒""},{""label"":""禁忌"",""text"":""多食动风发疾""},{""label"":""食材"",""text"":""猪肉""},{""label"":""禁忌"",""text"":""有病者忌之""},{""label"":""食材"",""text"":""项肉""},{""label"":""食材"",""text"":""槽头肉""},{""label"":""功效"",""text"":""肥脆能动风""},{""label"":""食材"",""text"":""脂""},{""label"":""禁忌"",""text"":""勿令中水""},{""label"":""食材"",""text"":""腊月者""},{""label"":""食材"",""text"":""反鸟梅""},{""label"":""食材"",""text"":""梅子""},{""label"":""禁忌"",""text"":""忌千漆""},{""label"":""食材"",""text"":""脑""},{""label"":""食味"",""text"":""甘""},{""label"":""食性"",""text"":""寒""},{""label"":""禁忌"",""text"":""有毒""},{""label"":""古籍来源"",""text"":""《礼记》""},{""label"":""食材"",""text"":""食豚""},{""label"":""禁忌"",""text"":""能损男子闲逍""},{""label"":""病症"",""text"":""临房不能行事""},{""label"":""禁忌"",""text"":""酒后尤不可食""},{""label"":""食材"",""text"":""猪脑""},{""label"":""食材"",""text"":""血""},{""label"":""食味"",""text"":""咸""},{""label"":""食性"",""text"":""平""},{""label"":""食材"",""text"":""地黄""},{""label"":""食材"",""text"":""祁骨脂""},{""label"":""食材"",""text"":""何首鸟""},{""label"":""禁忌"",""text"":""忌之""},{""label"":""功效"",""text"":""能损阳""},{""label"":""食材"",""text"":""黄豆""},{""label"":""功效"",""text"":""猾气""},{""label"":""食材"",""text"":""心""},{""label"":""食味"",""text"":""甘咸""},{""label"":""食性"",""text"":""平""},{""label"":""禁忌"",""text"":""多食耗心气""},{""label"":""禁忌"",""text"":""不可合吴茱萸食""},{""label"":""食材"",""text"":""肝""},{""label"":""食味"",""text"":""苦""},{""label"":""食性"",""text"":""温""},{""label"":""食材"",""text"":""猪""},{""label"":""禁忌"",""text"":""俱不可多食""},{""label"":""禁忌"",""text"":""服药人勿食""},{""label"":""禁忌"",""text"":""不可合雉肉""},{""label"":""食材"",""text"":""鲎肉""},{""label"":""食材"",""text"":""鱼脍""},{""label"":""病症"",""text"":""生痈疽""},{""label"":""食材"",""text"":""鲤鱼""},{""label"":""食材"",""text"":""卿鱼""},{""label"":""功效"",""text"":""伤神""},{""label"":""食材"",""text"":""鹌鹑""},{""label"":""病症"",""text"":""生面黝""},{""label"":""食材"",""text"":""肺""},{""label"":""食味"",""text"":""甘""},{""label"":""食性"",""text"":""微蹇""},{""label"":""食材"",""text"":""白花菜""},{""label"":""功效"",""text"":""令人气滞发罨乱""},{""label"":""食材"",""text"":""饴""},{""label"":""病症"",""text"":""发疽""},{""label"":""食材"",""text"":""肾""},{""label"":""食味"",""text"":""咸""},{""label"":""食性"",""text"":""衿""},{""label"":""食材"",""text"":""腰子""},{""label"":""禁忌"",""text"":""久食令人伤肾""},{""label"":""禁忌"",""text"":""虚褰者尤忌""},{""label"":""禁忌"",""text"":""冬月食之""},{""label"":""功效"",""text"":""损真气""},{""label"":""功效"",""text"":""发箧壅""},{""label"":""食材"",""text"":""艋脂""},{""label"":""禁忌"",""text"":""微莓""},{""label"":""禁忌"",""text"":""男子多食损阳""},{""label"":""食材"",""text"":""猪鼻""},{""label"":""食材"",""text"":""唇""},{""label"":""禁忌"",""text"":""多食动风气""},{""label"":""食材"",""text"":""花猪""},{""label"":""食材"",""text"":""病猪""},{""label"":""食材"",""text"":""白睇猪""},{""label"":""食材"",""text"":""自死猪""},{""label"":""食材"",""text"":""黄镰猪""},{""label"":""食材"",""text"":""肉中有米星""},{""label"":""禁忌"",""text"":""俱不可食""},{""label"":""禁忌"",""text"":""烧肉忌桑柴""},{""label"":""食材"",""text"":""皂荚子""},{""label"":""食材"",""text"":""桑白皮""},{""label"":""食材"",""text"":""高良姜""},{""label"":""食材"",""text"":""黄蜡""},{""label"":""功效"",""text"":""不发风气""},{""label"":""食材"",""text"":""旧篱筏""},{""label"":""食材"",""text"":""楮实子""},{""label"":""烹饪方法"",""text"":""煮""},{""label"":""烹饪方法"",""text"":""封锅""},{""label"":""食材"",""text"":""醋""},{""label"":""烹饪方法"",""text"":""煮腊肉""},{""label"":""食材"",""text"":""红炭""},{""label"":""食材"",""text"":""面""},{""label"":""烹饪方法"",""text"":""冼猪肚""},{""label"":""食材"",""text"":""砂糖""},{""label"":""功效"",""text"":""能去秽气""},{""label"":""食材"",""text"":""猪屎""},{""label"":""烹饪方法"",""text"":""烧""},{""label"":""食材"",""text"":""末""},{""label"":""烹饪方法"",""text"":""水服""},{""label"":""病症"",""text"":""过食猪肉伤""},{""label"":""食材"",""text"":""猪骨""},{""label"":""食材"",""text"":""芫荽汁""},{""label"":""食材"",""text"":""生黜""},{""label"":""病症"",""text"":""生黑斑点""},{""label"":""食材"",""text"":""耶胰子""}]"
419,43,34,38,38,"[{""label"":""食材"",""text"":""鲨""},{""label"":""食味"",""text"":""甘""},{""label"":""食性"",""text"":""平""},{""label"":""病症"",""text"":""疮疥""},{""label"":""禁忌"",""text"":""多食发疮疥""},{""label"":""禁忌"",""text"":""忌甘草""},{""label"":""食材"",""text"":""鳐残鱼""},{""label"":""食味"",""text"":""甘""},{""label"":""食性"",""text"":""平""},{""label"":""病症"",""text"":""疮疥""},{""label"":""病症"",""text"":""小儿赤游风""},{""label"":""食材"",""text"":""籁鱼""},{""label"":""食材"",""text"":""鳙鱼""},{""label"":""食味"",""text"":""甘""},{""label"":""食性"",""text"":""温""},{""label"":""病症"",""text"":""风热""},{""label"":""病症"",""text"":""痣瘀""},{""label"":""食材"",""text"":""剿鱼""},{""label"":""食味"",""text"":""甘""},{""label"":""食性"",""text"":""温""},{""label"":""病症"",""text"":""风气""},{""label"":""病症"",""text"":""湿""},{""label"":""病症"",""text"":""热""},{""label"":""病症"",""text"":""疮疖癣疥""},{""label"":""病症"",""text"":""瘸疾""},{""label"":""禁忌"",""text"":""热""},{""label"":""食材"",""text"":""钞光鱼""},{""label"":""食材"",""text"":""甘草""},{""label"":""食材"",""text"":""鲦殁鱼""},{""label"":""病症"",""text"":""赤巅""},{""label"":""病症"",""text"":""赤裢丹""},{""label"":""病症"",""text"":""新生儿丹盏""},{""label"":""病症"",""text"":""发淼""},{""label"":""病症"",""text"":""伯冷焕臊笋""},{""label"":""病症"",""text"":""蠡气内攻""},{""label"":""病症"",""text"":""神昏""},{""label"":""病症"",""text"":""抽摘""},{""label"":""古籍来源"",""text"":""礼记""}]"
420,71,46,65,65,"[{""label"":""食材"",""text"":""革豆蔻""},{""label"":""食味"",""text"":""辛""},{""label"":""食性"",""text"":""温""},{""label"":""功效"",""text"":""助脾热""},{""label"":""病症"",""text"":""伤肺损目""},{""label"":""食材"",""text"":""缩砂仁""},{""label"":""食材"",""text"":""白豆蔻""},{""label"":""食材"",""text"":""红豆魑""},{""label"":""食味"",""text"":""芊""},{""label"":""食性"",""text"":""温""},{""label"":""病症"",""text"":""舌粗""},{""label"":""病症"",""text"":""不思饮食""},{""label"":""病症"",""text"":""动火""},{""label"":""病症"",""text"":""伤目致衄""},{""label"":""食材"",""text"":""食茱萸""},{""label"":""食味"",""text"":""辛苦""},{""label"":""食性"",""text"":""大热""},{""label"":""病症"",""text"":""动脾火""},{""label"":""病症"",""text"":""发浮肿虚恚""},{""label"":""病症"",""text"":""发疮痔""},{""label"":""病症"",""text"":""目疾""},{""label"":""病症"",""text"":""火证""},{""label"":""禁忌"",""text"":""忌食""},{""label"":""食材"",""text"":""莰菇""},{""label"":""食材"",""text"":""川椒""},{""label"":""食味"",""text"":""辛""},{""label"":""食性"",""text"":""热""},{""label"":""禁忌"",""text"":""令人乏气伤血脉""},{""label"":""病症"",""text"":""实热""},{""label"":""食材"",""text"":""草豆蔻""},{""label"":""食味"",""text"":""辛""},{""label"":""食性"",""text"":""温""},{""label"":""功效"",""text"":""燥湿除寒""},{""label"":""功效"",""text"":""消食化积""},{""label"":""功效"",""text"":""止呕""},{""label"":""功效"",""text"":""补胃""},{""label"":""功效"",""text"":""下气""},{""label"":""病症"",""text"":""腹痛痞胀""},{""label"":""病症"",""text"":""胃呆食潴""},{""label"":""病症"",""text"":""嗝噎呕吐""},{""label"":""食材"",""text"":""白蔻""},{""label"":""食材"",""text"":""多骨""},{""label"":""食材"",""text"":""壳蔻""},{""label"":""食味"",""text"":""辛""},{""label"":""食性"",""text"":""温""},{""label"":""功效"",""text"":""消食""},{""label"":""功效"",""text"":""宽中""},{""label"":""病症"",""text"":""气滞""},{""label"":""病症"",""text"":""食梏""},{""label"":""病症"",""text"":""胸闷""},{""label"":""病症"",""text"":""腹胀""},{""label"":""病症"",""text"":""吐逆""},{""label"":""病症"",""text"":""反胃""},{""label"":""食材"",""text"":""红蔻""},{""label"":""食材"",""text"":""良姜子""},{""label"":""食味"",""text"":""辛""},{""label"":""食性"",""text"":""温""},{""label"":""功效"",""text"":""散笨""},{""label"":""功效"",""text"":""消食""},{""label"":""病症"",""text"":""腹脘衿痈""},{""label"":""病症"",""text"":""呕吐泄泻""},{""label"":""食材"",""text"":""越椒""},{""label"":""古籍来源"",""text"":""本草圉经""},{""label"":""食材"",""text"":""艾子""},{""label"":""古籍来源"",""text"":""礼记""}]"
421,65,50,63,63,"[{""label"":""食材"",""text"":""老鼠肉""},{""label"":""食味"",""text"":""甘""},{""label"":""食性"",""text"":""热""},{""label"":""病症"",""text"":""瘦""},{""label"":""病症"",""text"":""鼠瘘""},{""label"":""病症"",""text"":""黄如金""},{""label"":""病症"",""text"":""目黄成疸""},{""label"":""禁忌"",""text"":""令人瘦""},{""label"":""禁忌"",""text"":""人忌食之""},{""label"":""食材"",""text"":""土狻鼠肉""},{""label"":""食味"",""text"":""甘""},{""label"":""食性"",""text"":""平""},{""label"":""禁忌"",""text"":""多食难克化""},{""label"":""禁忌"",""text"":""微动风""},{""label"":""食材"",""text"":""貂鼠肉""},{""label"":""食味"",""text"":""甘""},{""label"":""食性"",""text"":""平""},{""label"":""禁忌"",""text"":""能发疮""},{""label"":""食材"",""text"":""萁鼠猴肉""},{""label"":""食味"",""text"":""甘""},{""label"":""食味"",""text"":""羰臭""},{""label"":""食性"",""text"":""温""},{""label"":""禁忌"",""text"":""有小毒""},{""label"":""禁忌"",""text"":""不堪食""},{""label"":""食材"",""text"":""猸肉""},{""label"":""食味"",""text"":""甘""},{""label"":""食性"",""text"":""平""},{""label"":""禁忌"",""text"":""误食其骨""},{""label"":""禁忌"",""text"":""诸节渐小""},{""label"":""禁忌"",""text"":""诸内有莓""},{""label"":""禁忌"",""text"":""六蓄自死首北向""},{""label"":""禁忌"",""text"":""诸畜带龙形""},{""label"":""禁忌"",""text"":""犬蓄疫病疔疮死""},{""label"":""禁忌"",""text"":""兽战尾""},{""label"":""禁忌"",""text"":""诸兽赤足""},{""label"":""禁忌"",""text"":""诸兽肉中有米星""},{""label"":""禁忌"",""text"":""兽并头""},{""label"":""禁忌"",""text"":""禽曾肝青""},{""label"":""禁忌"",""text"":""诸兽中莓及药箭死""},{""label"":""禁忌"",""text"":""脯沾屋漏""},{""label"":""禁忌"",""text"":""米瓮中肉脯""},{""label"":""禁忌"",""text"":""六畜肉热血不断""},{""label"":""禁忌"",""text"":""祭肉自动""},{""label"":""禁忌"",""text"":""诸肉经宿未煮""},{""label"":""禁忌"",""text"":""六畜五脏著草自动""},{""label"":""禁忌"",""text"":""脯曝不燥""},{""label"":""禁忌"",""text"":""生肉不敛水""},{""label"":""禁忌"",""text"":""肉煮熟不敛水""},{""label"":""禁忌"",""text"":""肉煮不熟""},{""label"":""禁忌"",""text"":""六蓄肉堕地不沾尘""},{""label"":""禁忌"",""text"":""肉落水浮""},{""label"":""禁忌"",""text"":""肉升器盛闭气""},{""label"":""禁忌"",""text"":""乳酪煎脍""},{""label"":""禁忌"",""text"":""六畜肉与犬不食者""},{""label"":""禁忌"",""text"":""不可食""},{""label"":""禁忌"",""text"":""杀人""},{""label"":""禁忌"",""text"":""轻则病人""},{""label"":""病症"",""text"":""痈肿疔毒""},{""label"":""禁忌"",""text"":""诸脑损阴猾精""},{""label"":""病症"",""text"":""水病""},{""label"":""禁忌"",""text"":""诸脂燃灯损目""},{""label"":""禁忌"",""text"":""食本生命肉""},{""label"":""病症"",""text"":""黄鼠""}]"
422,68,68,67,67,"[{""label"":""食材"",""text"":""白狗血""},{""label"":""食材"",""text"":""鸡肉""},{""label"":""食材"",""text"":""鸟鸡肉""},{""label"":""食材"",""text"":""白鸡肝""},{""label"":""食材"",""text"":""白羊肉""},{""label"":""食材"",""text"":""蒲子羹""},{""label"":""食材"",""text"":""白犬乳""},{""label"":""食材"",""text"":""犬肾""},{""label"":""食材"",""text"":""犬肉""},{""label"":""食材"",""text"":""马肉""},{""label"":""食味"",""text"":""辛苦""},{""label"":""食性"",""text"":""冷""},{""label"":""食材"",""text"":""仓米""},{""label"":""食材"",""text"":""稷米""},{""label"":""食材"",""text"":""卷耳""},{""label"":""病症"",""text"":""恶病""},{""label"":""食材"",""text"":""姜""},{""label"":""病症"",""text"":""气嗷""},{""label"":""食材"",""text"":""猪肉""},{""label"":""病症"",""text"":""霍乱""},{""label"":""病症"",""text"":""疥疮""},{""label"":""病症"",""text"":""下痢""},{""label"":""禁忌"",""text"":""食必加剧""},{""label"":""禁忌"",""text"":""妊妇食之。令子过月难产""},{""label"":""禁忌"",""text"":""乳妇食之。令子疳瘦""},{""label"":""禁忌"",""text"":""不可食""},{""label"":""病症"",""text"":""巅""},{""label"":""禁忌"",""text"":""有毒""},{""label"":""禁忌"",""text"":""食之杀人""},{""label"":""食材"",""text"":""马乳""},{""label"":""食味"",""text"":""甘""},{""label"":""食性"",""text"":""冷利""},{""label"":""食材"",""text"":""鱼脍""},{""label"":""食材"",""text"":""马肝""},{""label"":""食材"",""text"":""鞍下肉""},{""label"":""禁忌"",""text"":""有大毒""},{""label"":""食材"",""text"":""马尾""},{""label"":""禁忌"",""text"":""令齿疏损""},{""label"":""食材"",""text"":""马脑""},{""label"":""禁忌"",""text"":""有毒""},{""label"":""病症"",""text"":""发癞""},{""label"":""食材"",""text"":""马血""},{""label"":""禁忌"",""text"":""有大毒""},{""label"":""病症"",""text"":""肿起""},{""label"":""病症"",""text"":""连心即死""},{""label"":""病症"",""text"":""疔胂""},{""label"":""病症"",""text"":""疮""},{""label"":""禁忌"",""text"":""触马汗""},{""label"":""食材"",""text"":""马气""},{""label"":""食材"",""text"":""马毛""},{""label"":""食材"",""text"":""马尿""},{""label"":""食材"",""text"":""马屎""},{""label"":""禁忌"",""text"":""并令加剧""},{""label"":""病症"",""text"":""毒攻心""},{""label"":""食材"",""text"":""粟秆灰""},{""label"":""烹饪方法"",""text"":""淋汁""},{""label"":""烹饪方法"",""text"":""冼浸""},{""label"":""病症"",""text"":""毒去""},{""label"":""病症"",""text"":""食马肉毒发而心闷""},{""label"":""食材"",""text"":""清酒""},{""label"":""食材"",""text"":""浊酒""},{""label"":""食材"",""text"":""芦根""},{""label"":""食材"",""text"":""杏仁""},{""label"":""食材"",""text"":""甘草汤""},{""label"":""病症"",""text"":""中马肝毒""},{""label"":""食材"",""text"":""猪""},{""label"":""古籍来源"",""text"":""《内则》""}]"
423,70,46,66,68,"[{""label"":""病症"",""text"":""疽""},{""label"":""病症"",""text"":""阴下湿痒生疮""},{""label"":""病症"",""text"":""宿疾症""},{""label"":""病症"",""text"":""下利""},{""label"":""病症"",""text"":""手足乏力""},{""label"":""病症"",""text"":""气弱""},{""label"":""病症"",""text"":""泻""},{""label"":""病症"",""text"":""反胃""},{""label"":""病症"",""text"":""脚气""},{""label"":""病症"",""text"":""痢""},{""label"":""病症"",""text"":""思冷病""},{""label"":""病症"",""text"":""寒热""},{""label"":""食材"",""text"":""瓜""},{""label"":""食性"",""text"":""寒""},{""label"":""禁忌"",""text"":""曝而食之尤冷""},{""label"":""古籍来源"",""text"":""张华《博物志》""},{""label"":""病症"",""text"":""食瓜伤腹胀""},{""label"":""食材"",""text"":""食盐花""},{""label"":""食材"",""text"":""酒""},{""label"":""食材"",""text"":""麝香""},{""label"":""食材"",""text"":""西瓜""},{""label"":""食味"",""text"":""甘""},{""label"":""食性"",""text"":""寒""},{""label"":""病症"",""text"":""胃弱""},{""label"":""禁忌"",""text"":""不可食""},{""label"":""病症"",""text"":""吐利""},{""label"":""病症"",""text"":""寒疝""},{""label"":""病症"",""text"":""霍乱冷病""},{""label"":""食材"",""text"":""油饼""},{""label"":""病症"",""text"":""损脾气""},{""label"":""食材"",""text"":""瓜子""},{""label"":""食材"",""text"":""糯米""},{""label"":""食材"",""text"":""葡萄""},{""label"":""食味"",""text"":""甘酸""},{""label"":""病症"",""text"":""烦闷""},{""label"":""病症"",""text"":""昏目""},{""label"":""食材"",""text"":""甘草""},{""label"":""食材"",""text"":""麝香""},{""label"":""食材"",""text"":""枣树""},{""label"":""禁忌"",""text"":""葡萄架下不可饮酒""},{""label"":""食材"",""text"":""甘蔗""},{""label"":""食味"",""text"":""甘""},{""label"":""食性"",""text"":""微寒""},{""label"":""病症"",""text"":""虚热""},{""label"":""病症"",""text"":""衄血""},{""label"":""食材"",""text"":""酒""},{""label"":""病症"",""text"":""痪""},{""label"":""食材"",""text"":""榧子""},{""label"":""食材"",""text"":""蔗渣""},{""label"":""食材"",""text"":""落花生""},{""label"":""食味"",""text"":""甘""},{""label"":""食性"",""text"":""平""},{""label"":""食材"",""text"":""香芋""},{""label"":""病症"",""text"":""小儿多食""},{""label"":""病症"",""text"":""气难消""},{""label"":""食材"",""text"":""长生果""},{""label"":""食味"",""text"":""辛苦甘""},{""label"":""食性"",""text"":""平""},{""label"":""食材"",""text"":""生黄瓜""},{""label"":""食材"",""text"":""鸭蛋""},{""label"":""禁忌"",""text"":""往往杀人""},{""label"":""病症"",""text"":""精寒阳痿""},{""label"":""食材"",""text"":""香芋""},{""label"":""食味"",""text"":""甘淡""},{""label"":""食性"",""text"":""平""},{""label"":""病症"",""text"":""泥腑滞气""},{""label"":""病症"",""text"":""忧愁不安""},{""label"":""烹饪方法"",""text"":""曝""}]"
424,28,34,26,26,"[{""label"":""食材"",""text"":""皤鱼""},{""label"":""食味"",""text"":""甘""},{""label"":""食性"",""text"":""平""},{""label"":""食材"",""text"":""金鱼""},{""label"":""食味"",""text"":""甘咸""},{""label"":""食性"",""text"":""平""},{""label"":""食材"",""text"":""比目鱼""},{""label"":""食味"",""text"":""甘""},{""label"":""食性"",""text"":""平""},{""label"":""病症"",""text"":""风湿病""},{""label"":""禁忌"",""text"":""多食动风气""},{""label"":""食材"",""text"":""鳓量""},{""label"":""食味"",""text"":""甘""},{""label"":""食性"",""text"":""平""},{""label"":""病症"",""text"":""痈疽""},{""label"":""食材"",""text"":""皎惫""},{""label"":""食味"",""text"":""甘""},{""label"":""食性"",""text"":""平""},{""label"":""食材"",""text"":""钞鱼""},{""label"":""禁忌"",""text"":""忌甘草""},{""label"":""食材"",""text"":""岛贬黛""},{""label"":""食味"",""text"":""咸""},{""label"":""食性"",""text"":""平""},{""label"":""食材"",""text"":""鄙留鱼""},{""label"":""食味"",""text"":""甘咸""},{""label"":""食性"",""text"":""平""}]"
425,60,46,39,39,"[{""label"":""食材"",""text"":""骨灰""},{""label"":""食材"",""text"":""牡鼠屎""},{""label"":""食材"",""text"":""豆豉""},{""label"":""食材"",""text"":""狗屎灰""},{""label"":""食材"",""text"":""人头垢""},{""label"":""食材"",""text"":""洚兰根汁""},{""label"":""食材"",""text"":""猪牙灰""},{""label"":""食材"",""text"":""甘菊汁""},{""label"":""食材"",""text"":""生菖蒲酒""},{""label"":""食材"",""text"":""杜蘅""},{""label"":""食材"",""text"":""稻""},{""label"":""食材"",""text"":""鼠屎""},{""label"":""食材"",""text"":""鸡屎""},{""label"":""食材"",""text"":""僵蚕""},{""label"":""食材"",""text"":""乌梅""},{""label"":""食材"",""text"":""桑叶""},{""label"":""食材"",""text"":""死马骨""},{""label"":""食材"",""text"":""驴肉""},{""label"":""食材"",""text"":""荆芥""},{""label"":""食材"",""text"":""茶""},{""label"":""食材"",""text"":""凫茈""},{""label"":""食材"",""text"":""麻油""},{""label"":""食材"",""text"":""猪肉""},{""label"":""食味"",""text"":""甘""},{""label"":""食性"",""text"":""平""},{""label"":""食味"",""text"":""辛苦""},{""label"":""食性"",""text"":""温""},{""label"":""病症"",""text"":""疔疥""},{""label"":""病症"",""text"":""腹胀""},{""label"":""病症"",""text"":""骨眼""},{""label"":""病症"",""text"":""马病""},{""label"":""病症"",""text"":""难产""},{""label"":""病症"",""text"":""健忘""},{""label"":""禁忌"",""text"":""同食杀人""},{""label"":""禁忌"",""text"":""多食动风""},{""label"":""功效"",""text"":""镇咳""},{""label"":""功效"",""text"":""祛痰""},{""label"":""功效"",""text"":""利尿""},{""label"":""烹饪方法"",""text"":""煮""}]"
426,58,60,54,54,"[{""label"":""食材"",""text"":""海蛇""},{""label"":""食味"",""text"":""咸""},{""label"":""食性"",""text"":""温""},{""label"":""食材"",""text"":""虾肉""},{""label"":""食味"",""text"":""甘咸""},{""label"":""食性"",""text"":""温""},{""label"":""禁忌"",""text"":""多食动风助火""},{""label"":""禁忌"",""text"":""发疮疾""},{""label"":""禁忌"",""text"":""有病人及患冷积者勿食""},{""label"":""禁忌"",""text"":""小儿食之。令脚软""},{""label"":""禁忌"",""text"":""鸡犬食之,亦令脚屈弱""},{""label"":""禁忌"",""text"":""切勿以热饭璧密器内作鲱食。毒人至死""},{""label"":""禁忌"",""text"":""虾无须者""},{""label"":""禁忌"",""text"":""腹下通黑及煮#色娈白肴,并有誊。不可食""},{""label"":""禁忌"",""text"":""勿与腌。摩肉。猎肉。鸡肉同食""},{""label"":""禁忌"",""text"":""妊妇食之。令子难产""},{""label"":""食材"",""text"":""海虾""},{""label"":""食味"",""text"":""甘咸""},{""label"":""食性"",""text"":""平""},{""label"":""禁忌"",""text"":""同猪肉食,令人多睡""},{""label"":""食材"",""text"":""蛙""},{""label"":""食味"",""text"":""甘""},{""label"":""食性"",""text"":""寒""},{""label"":""食材"",""text"":""田鸡""},{""label"":""禁忌"",""text"":""其骨热食之。令小便滁""},{""label"":""禁忌"",""text"":""妊妇食之。令子声哑寿天""},{""label"":""禁忌"",""text"":""小蛙食多。令人尿闭,脐下酸痛""},{""label"":""禁忌"",""text"":""有至死者""},{""label"":""烹饪方法"",""text"":""擂""},{""label"":""食材"",""text"":""车前水""},{""label"":""禁忌"",""text"":""正月出者名黄蛤。不可食""},{""label"":""食材"",""text"":""海鸯""},{""label"":""食味"",""text"":""甘咸""},{""label"":""食性"",""text"":""寒滑""},{""label"":""禁忌"",""text"":""患泄犸痢下者勿食""},{""label"":""食材"",""text"":""恭窝""},{""label"":""食味"",""text"":""甘""},{""label"":""食性"",""text"":""平""},{""label"":""禁忌"",""text"":""黄。黑。徽烂者有毒。勿食""},{""label"":""食材"",""text"":""牡粝肉""},{""label"":""食味"",""text"":""甘""},{""label"":""食性"",""text"":""温""},{""label"":""食材"",""text"":""鲍鱼""},{""label"":""食材"",""text"":""海牡粝""},{""label"":""禁忌"",""text"":""丈夫服之。令人无髭""},{""label"":""食材"",""text"":""梅蛰""},{""label"":""食材"",""text"":""五色虾""},{""label"":""食材"",""text"":""龙虾""},{""label"":""食材"",""text"":""蝽蜍""},{""label"":""食材"",""text"":""癞始蟆""},{""label"":""食材"",""text"":""疥蛤蟆""},{""label"":""食材"",""text"":""石诀明""},{""label"":""食材"",""text"":""鳆鱼""},{""label"":""食材"",""text"":""大鲍""}]"
427,57,46,46,46,"[{""label"":""食味"",""text"":""甘""},{""label"":""食性"",""text"":""平""},{""label"":""食材"",""text"":""乌鸦肉""},{""label"":""食味"",""text"":""酸""},{""label"":""食性"",""text"":""平""},{""label"":""食材"",""text"":""喜鹊肉""},{""label"":""食味"",""text"":""甘""},{""label"":""食性"",""text"":""寒""},{""label"":""禁忌"",""text"":""妇人不可食""},{""label"":""食材"",""text"":""蒸肉""},{""label"":""食味"",""text"":""酸""},{""label"":""食性"",""text"":""平""},{""label"":""禁忌"",""text"":""有毒。不可食""},{""label"":""禁忌"",""text"":""损人神气""},{""label"":""禁忌"",""text"":""不宜杀""},{""label"":""食材"",""text"":""燕肉""},{""label"":""病症"",""text"":""昏忘""},{""label"":""食材"",""text"":""刺毛莺肉""},{""label"":""食味"",""text"":""甘""},{""label"":""食性"",""text"":""平""},{""label"":""禁忌"",""text"":""有疮疥者少食""},{""label"":""食材"",""text"":""孔答肉""},{""label"":""食味"",""text"":""咸""},{""label"":""食性"",""text"":""微毒""},{""label"":""禁忌"",""text"":""食其肉者自后服药必不效""},{""label"":""禁忌"",""text"":""尾有毒。不可人月""},{""label"":""禁忌"",""text"":""令人昏翳""},{""label"":""食材"",""text"":""鸱""},{""label"":""禁忌"",""text"":""脑有毒""},{""label"":""禁忌"",""text"":""同酒食,令人久醉健忘""},{""label"":""食材"",""text"":""鹤肉""},{""label"":""禁忌"",""text"":""有纛""},{""label"":""禁忌"",""text"":""顶血饮之立死""},{""label"":""食材"",""text"":""鹳肉""},{""label"":""禁忌"",""text"":""有毒不可食""},{""label"":""禁忌"",""text"":""其骨人沐汤裕头,令发尽脱""},{""label"":""禁忌"",""text"":""更不生也""},{""label"":""禁忌"",""text"":""又能杀树木""},{""label"":""食材"",""text"":""簋鸯肉""},{""label"":""食味"",""text"":""咸""},{""label"":""食性"",""text"":""平""},{""label"":""禁忌"",""text"":""有小蠢""},{""label"":""禁忌"",""text"":""多食令人患大风病""},{""label"":""食材"",""text"":""鹬鹆""},{""label"":""食材"",""text"":""燕肉""},{""label"":""病症"",""text"":""大风病""}]"
428,47,56,46,46,"[{""label"":""食材"",""text"":""魔肉""},{""label"":""食味"",""text"":""甘""},{""label"":""食性"",""text"":""性遏""},{""label"":""禁忌"",""text"":""二月至八月不可食""},{""label"":""病症"",""text"":""衿痛""},{""label"":""禁忌"",""text"":""白臆者。豹文者并不可食""},{""label"":""食材"",""text"":""鹿肉""},{""label"":""烹饪方法"",""text"":""炙""},{""label"":""禁忌"",""text"":""同雉肉,蒲白,飨鱼@。玷鱼,鸡肉生菜。鳟鱼。虾食""},{""label"":""病症"",""text"":""恶疮""},{""label"":""古籍来源"",""text"":""《礼记》""},{""label"":""禁忌"",""text"":""食鹿去冒""},{""label"":""食材"",""text"":""鹿茸""},{""label"":""禁忌"",""text"":""不可以鼻嗅之""},{""label"":""禁忌"",""text"":""不可近丈夫阴""},{""label"":""病症"",""text"":""娄""},{""label"":""禁忌"",""text"":""鹿脂赤不可近阴""},{""label"":""禁忌"",""text"":""久食鹿肉。服药必不得力""},{""label"":""禁忌"",""text"":""勿同猪肉食""},{""label"":""食材"",""text"":""麋肉""},{""label"":""食味"",""text"":""甘""},{""label"":""食性"",""text"":""性温""},{""label"":""禁忌"",""text"":""多食令人弱房""},{""label"":""病症"",""text"":""脚气""},{""label"":""禁忌"",""text"":""妊妇食之,令孑目病""},{""label"":""禁忌"",""text"":""不可合猪肉,雉肉。鳐鱼。鸡肉,菰蒲食""},{""label"":""病症"",""text"":""瘌疾""},{""label"":""禁忌"",""text"":""同虾及生莱。梅。李食""},{""label"":""禁忌"",""text"":""损男子精气""},{""label"":""禁忌"",""text"":""糜脂不可近阴""},{""label"":""病症"",""text"":""瘘""},{""label"":""禁忌"",""text"":""亦不可同桃李食""},{""label"":""古籍来源"",""text"":""《淮南子》""},{""label"":""食材"",""text"":""虎肉""},{""label"":""食味"",""text"":""昧酸""},{""label"":""食性"",""text"":""性热""},{""label"":""禁忌"",""text"":""正月食虎伤神""},{""label"":""禁忌"",""text"":""热食虎肉伤人齿""},{""label"":""禁忌"",""text"":""多有药箭伤者食者馍之""},{""label"":""食材"",""text"":""虎鼻""},{""label"":""烹饪方法"",""text"":""熬""},{""label"":""禁忌"",""text"":""勿令人及妇匆。知则不灵""},{""label"":""禁忌"",""text"":""虎豹皮上睡。令人神惊""},{""label"":""禁忌"",""text"":""其毛人疮有大毒""},{""label"":""食材"",""text"":""虎骨""},{""label"":""禁忌"",""text"":""勿用中毒药箭""}]"
429,78,78,77,77,"[{""label"":""食材"",""text"":""胡桃""},{""label"":""食材"",""text"":""莱菔""},{""label"":""食材"",""text"":""铜器""},{""label"":""病症"",""text"":""损阴""},{""label"":""病症"",""text"":""暴下""},{""label"":""食材"",""text"":""白羊""},{""label"":""食材"",""text"":""黄羊""},{""label"":""食材"",""text"":""独角""},{""label"":""病症"",""text"":""生痈""},{""label"":""病症"",""text"":""中羊肉莓""},{""label"":""食材"",""text"":""甘草汤""},{""label"":""病症"",""text"":""过食羊肉伤""},{""label"":""食材"",""text"":""枣子""},{""label"":""食材"",""text"":""草果""},{""label"":""食材"",""text"":""牛肉""},{""label"":""食味"",""text"":""甘""},{""label"":""食性"",""text"":""温""},{""label"":""病症"",""text"":""发药幕""},{""label"":""病症"",""text"":""能病人""},{""label"":""病症"",""text"":""夜鸣则痞""},{""label"":""病症"",""text"":""生疔""},{""label"":""病症"",""text"":""暴亡""},{""label"":""病症"",""text"":""发痼疾""},{""label"":""病症"",""text"":""痃瓣""},{""label"":""病症"",""text"":""裥下""},{""label"":""病症"",""text"":""疰病""},{""label"":""病症"",""text"":""瘟牛暴死""},{""label"":""食材"",""text"":""独肝""},{""label"":""病症"",""text"":""瘌血至死""},{""label"":""食材"",""text"":""蛇""},{""label"":""食材"",""text"":""水牛""},{""label"":""食材"",""text"":""人乳""},{""label"":""病症"",""text"":""自死白首""},{""label"":""病症"",""text"":""疥牛""},{""label"":""病症"",""text"":""发痒""},{""label"":""食材"",""text"":""黄牛""},{""label"":""食材"",""text"":""猪肉""},{""label"":""食材"",""text"":""忝米酒""},{""label"":""病症"",""text"":""寸白虫""},{""label"":""食材"",""text"":""韭薤""},{""label"":""食材"",""text"":""生姜""},{""label"":""病症"",""text"":""损齿""},{""label"":""食材"",""text"":""栗子""},{""label"":""食材"",""text"":""幂牛""},{""label"":""食材"",""text"":""水牛肉""},{""label"":""食味"",""text"":""甘""},{""label"":""食性"",""text"":""平""},{""label"":""禁忌"",""text"":""忌同黄牛""},{""label"":""病症"",""text"":""患衿人""},{""label"":""食材"",""text"":""蹄中巨筋""},{""label"":""病症"",""text"":""生肉刺""},{""label"":""食材"",""text"":""牛乳""},{""label"":""食味"",""text"":""甘""},{""label"":""禁忌"",""text"":""生饮令人利""},{""label"":""禁忌"",""text"":""热饮令人口千气壅""},{""label"":""禁忌"",""text"":""不宜顿服""},{""label"":""禁忌"",""text"":""与酸物相反""},{""label"":""病症"",""text"":""患冷气人""},{""label"":""禁忌"",""text"":""同鱼食""},{""label"":""病症"",""text"":""成积""},{""label"":""禁忌"",""text"":""同醋食""},{""label"":""病症"",""text"":""生疲""},{""label"":""食材"",""text"":""牛脂""},{""label"":""食味"",""text"":""甘""},{""label"":""食性"",""text"":""温""},{""label"":""病症"",""text"":""发痼疾""},{""label"":""病症"",""text"":""疮疡""},{""label"":""食材"",""text"":""牛脑""},{""label"":""食味"",""text"":""甘""},{""label"":""食性"",""text"":""温""},{""label"":""病症"",""text"":""热病死者""},{""label"":""病症"",""text"":""生肠痈""},{""label"":""食材"",""text"":""竹髓""},{""label"":""食材"",""text"":""竹鼠""},{""label"":""食材"",""text"":""竹鼬""},{""label"":""食材"",""text"":""竹根""},{""label"":""食材"",""text"":""草豆蔻""}]"
430,35,41,34,34,"[{""label"":""食材"",""text"":""豇互""},{""label"":""食味"",""text"":""甘""},{""label"":""食味"",""text"":""咸""},{""label"":""食性"",""text"":""平""},{""label"":""禁忌"",""text"":""水种者勿食""},{""label"":""病症"",""text"":""中鼠莽""},{""label"":""烹饪方法"",""text"":""煮""},{""label"":""食材"",""text"":""豌豆""},{""label"":""食味"",""text"":""甘""},{""label"":""食性"",""text"":""平""},{""label"":""禁忌"",""text"":""多食发气病""},{""label"":""食材"",""text"":""薇""},{""label"":""食味"",""text"":""甘""},{""label"":""食性"",""text"":""寒""},{""label"":""食材"",""text"":""御米""},{""label"":""食味"",""text"":""甘""},{""label"":""食性"",""text"":""平""},{""label"":""禁忌"",""text"":""多食利二便""},{""label"":""禁忌"",""text"":""动膀胱气""},{""label"":""食材"",""text"":""苡仁""},{""label"":""食味"",""text"":""甘""},{""label"":""病症"",""text"":""筋急""},{""label"":""禁忌"",""text"":""不可食用""},{""label"":""禁忌"",""text"":""妊妇食之坠胎""},{""label"":""食材"",""text"":""蕨粉""},{""label"":""食味"",""text"":""甘""},{""label"":""禁忌"",""text"":""生山中者有毒""},{""label"":""禁忌"",""text"":""多食令目暗""},{""label"":""病症"",""text"":""邪气壅经络筋骨""},{""label"":""禁忌"",""text"":""生食蕨粉成蛇疲""},{""label"":""禁忌"",""text"":""能消人阴事""},{""label"":""禁忌"",""text"":""勿同苋莱食""},{""label"":""食材"",""text"":""鼠莽""},{""label"":""食材"",""text"":""豇豆""}]"
431,21,17,12,12,"[{""label"":""古籍来源"",""text"":""《西溪丛话》""},{""label"":""古籍来源"",""text"":""《嘉祜杂志》""},{""label"":""食材"",""text"":""莲子""},{""label"":""食材"",""text"":""盐""},{""label"":""食材"",""text"":""稻草灰""},{""label"":""食材"",""text"":""面""},{""label"":""食味"",""text"":""咸""},{""label"":""医家"",""text"":""江邻几""},{""label"":""医家"",""text"":""吴春卿""},{""label"":""医家"",""text"":""范淳甫""},{""label"":""烹饪方法"",""text"":""煮""},{""label"":""烹饪方法"",""text"":""煎""}]"
432,20,12,10,10,"[{""label"":""食材"",""text"":""汤饼""},{""label"":""食材"",""text"":""水引饼""},{""label"":""食材"",""text"":""面""},{""label"":""食材"",""text"":""菱羹""},{""label"":""食材"",""text"":""盐豉""},{""label"":""食材"",""text"":""鲈脍""},{""label"":""古籍来源"",""text"":""《世说新语》""},{""label"":""古籍来源"",""text"":""《荆楚岁时记》""},{""label"":""古籍来源"",""text"":""《倦游杂录》""},{""label"":""古籍来源"",""text"":""《汤饼赋》""}]"
433,14,0,6,6,"[{""label"":""食材"",""text"":""鳊鱼""},{""label"":""食材"",""text"":""槎头鳊""},{""label"":""食材"",""text"":""缩项鳊""},{""label"":""古籍来源"",""text"":""《尔雅.释器》""},{""label"":""古籍来源"",""text"":""《襄阳耆旧传》""},{""label"":""古籍来源"",""text"":""《杜诗补遗正谬》""}]"
434,10,0,0,0,[]
435,11,0,0,0,[]
436,16,11,12,12,"[{""label"":""医家"",""text"":""张鳖""},{""label"":""古籍来源"",""text"":""《朝野佥载》""},{""label"":""医家"",""text"":""张文仲""},{""label"":""古籍来源"",""text"":""《本草》""},{""label"":""病症"",""text"":""应病""},{""label"":""病症"",""text"":""应声虫""},{""label"":""医家"",""text"":""陈正敏""},{""label"":""古籍来源"",""text"":""《遐斋闲览》""},{""label"":""医家"",""text"":""张文成""},{""label"":""古籍来源"",""text"":""《朝野佥载》""},{""label"":""食材"",""text"":""雷丸""},{""label"":""烹饪方法"",""text"":""调制成丸""}]"
437,12,13,8,8,"[{""label"":""古籍来源"",""text"":""《食医心镜》""},{""label"":""食材"",""text"":""鲫鱼""},{""label"":""食材"",""text"":""胡椒""},{""label"":""食材"",""text"":""干姜""},{""label"":""病症"",""text"":""脾胃气冷""},{""label"":""病症"",""text"":""不能下食""},{""label"":""病症"",""text"":""虚弱无力""},{""label"":""食疗方"",""text"":""鹘突羹""}]"
438,19,10,8,8,"[{""label"":""食材"",""text"":""茶""},{""label"":""古籍来源"",""text"":""《满庭芳》""},{""label"":""古籍来源"",""text"":""《辞谱》""},{""label"":""古籍来源"",""text"":""《负随杂录》""},{""label"":""古籍来源"",""text"":""《茶录》""},{""label"":""医家"",""text"":""豫章先生""},{""label"":""医家"",""text"":""杨万里""},{""label"":""医家"",""text"":""司马相如""}]"
439,24,7,7,7,"[{""label"":""食材"",""text"":""荔枝""},{""label"":""食材"",""text"":""椰子花""},{""label"":""食材"",""text"":""酥酪""},{""label"":""病症"",""text"":""头痛""},{""label"":""病症"",""text"":""风痒""},{""label"":""古籍来源"",""text"":""蔡君谟任福唐县知事时,将闽中荔枝编成谱""},{""label"":""古籍来源"",""text"":""郑熊也曾记录过广中所产荔枝""}]"
440,11,28,8,8,"[{""label"":""古籍来源"",""text"":""《本草》""},{""label"":""古籍来源"",""text"":""《陋斋闲览》""},{""label"":""食材"",""text"":""雷丸""},{""label"":""病症"",""text"":""岸疾""},{""label"":""病症"",""text"":""应声虫""},{""label"":""医家"",""text"":""陈正敏""},{""label"":""医家"",""text"":""杨劭""},{""label"":""烹饪方法"",""text"":""饵""}]"
441,6,0,0,0,[]
443,34,20,32,32,"[{""label"":""食材"",""text"":""盐""},{""label"":""食材"",""text"":""豉""},{""label"":""食材"",""text"":""盐豉""},{""label"":""古籍来源"",""text"":""《礼记。内则》""},{""label"":""古籍来源"",""text"":""《尚书.说命篇》""},{""label"":""古籍来源"",""text"":""《左传》""},{""label"":""医家"",""text"":""晏子""},{""label"":""古籍来源"",""text"":""《楚辞.招魂》""},{""label"":""食材"",""text"":""豆豉""},{""label"":""食材"",""text"":""豆类""},{""label"":""烹饪方法"",""text"":""泡""},{""label"":""烹饪方法"",""text"":""蒸""},{""label"":""烹饪方法"",""text"":""发酵""},{""label"":""烹饪方法"",""text"":""腌""},{""label"":""食材"",""text"":""酱油""},{""label"":""食材"",""text"":""豚""},{""label"":""食材"",""text"":""小猪""},{""label"":""食材"",""text"":""猪""},{""label"":""食材"",""text"":""醯""},{""label"":""食材"",""text"":""醋""},{""label"":""食材"",""text"":""醢""},{""label"":""食材"",""text"":""肉""},{""label"":""食材"",""text"":""鱼""},{""label"":""食材"",""text"":""酱""},{""label"":""古籍来源"",""text"":""《尚书》""},{""label"":""医家"",""text"":""孔子""},{""label"":""食材"",""text"":""梅""},{""label"":""食材"",""text"":""酸梅""},{""label"":""医家"",""text"":""晏婴""},{""label"":""医家"",""text"":""刘向""},{""label"":""医家"",""text"":""屈原""},{""label"":""医家"",""text"":""刘安""}]"
444,6,6,5,5,"[{""label"":""食材"",""text"":""肉""},{""label"":""食材"",""text"":""姜豉""},{""label"":""食材"",""text"":""猪肉""},{""label"":""烹饪方法"",""text"":""细抹""},{""label"":""烹饪方法"",""text"":""冻""}]"
445,6,0,0,0,[]
446,15,9,8,8,"[{""label"":""食材"",""text"":""粟""},{""label"":""古籍来源"",""text"":""杜甫《茅堂检莜收稻诗》""},{""label"":""古籍来源"",""text"":""《汉书》""},{""label"":""古籍来源"",""text"":""《海贼》""},{""label"":""古籍来源"",""text"":""《文选》""},{""label"":""医家"",""text"":""颜之推""},{""label"":""医家"",""text"":""百里奚""},{""label"":""医家"",""text"":""李善""}]"
447,10,10,10,10,"[{""label"":""食味"",""text"":""酸""},{""label"":""食味"",""text"":""苦""},{""label"":""食味"",""text"":""辛""},{""label"":""食味"",""text"":""咸""},{""label"":""食味"",""text"":""甘""},{""label"":""古籍来源"",""text"":""《内则》""},{""label"":""养生原则"",""text"":""调和五味""},{""label"":""养生原则"",""text"":""春多酸""},{""label"":""养生原则"",""text"":""夏多苦""},{""label"":""养生原则"",""text"":""秋多辛""}]"
448,8,0,0,0,[]
449,40,37,37,37,"[{""label"":""食材"",""text"":""肉""},{""label"":""食材"",""text"":""酒""},{""label"":""食材"",""text"":""醯""},{""label"":""食材"",""text"":""醢""},{""label"":""食材"",""text"":""桂""},{""label"":""食材"",""text"":""姜""},{""label"":""食材"",""text"":""盐""},{""label"":""食材"",""text"":""羊肉""},{""label"":""食材"",""text"":""麋""},{""label"":""食材"",""text"":""鹿""},{""label"":""食材"",""text"":""魔肉""},{""label"":""食材"",""text"":""牛""},{""label"":""食材"",""text"":""羊""},{""label"":""食材"",""text"":""猪肉""},{""label"":""食材"",""text"":""稻米""},{""label"":""食材"",""text"":""狗肝""},{""label"":""食材"",""text"":""狗网油""},{""label"":""烹饪方法"",""text"":""浸泡""},{""label"":""烹饪方法"",""text"":""腌""},{""label"":""烹饪方法"",""text"":""煎""},{""label"":""烹饪方法"",""text"":""捣捶""},{""label"":""烹饪方法"",""text"":""摊放""},{""label"":""烹饪方法"",""text"":""洒""},{""label"":""烹饪方法"",""text"":""润开""},{""label"":""烹饪方法"",""text"":""切细""},{""label"":""烹饪方法"",""text"":""合起来做成饼""},{""label"":""烹饪方法"",""text"":""煎着吃""},{""label"":""烹饪方法"",""text"":""覆盖""},{""label"":""烹饪方法"",""text"":""架举在火匕烧烤""},{""label"":""烹饪方法"",""text"":""烤干""},{""label"":""烹饪方法"",""text"":""溲""},{""label"":""烹饪方法"",""text"":""小切""},{""label"":""烹饪方法"",""text"":""煮""},{""label"":""烹饪方法"",""text"":""调和""},{""label"":""烹饪方法"",""text"":""切成小块""},{""label"":""古籍来源"",""text"":""《内则》""},{""label"":""古籍来源"",""text"":""《少仪》""}]"
450,14,8,8,8,"[{""label"":""食材"",""text"":""牛""},{""label"":""食材"",""text"":""羊""},{""label"":""食材"",""text"":""犬""},{""label"":""食材"",""text"":""鸟""},{""label"":""食材"",""text"":""豕""},{""label"":""食材"",""text"":""马""},{""label"":""禁忌"",""text"":""不可食""},{""label"":""古籍来源"",""text"":""礼记""}]"
451,7,6,6,6,"[{""label"":""食材"",""text"":""狼""},{""label"":""食材"",""text"":""麋""},{""label"":""食性"",""text"":""温""},{""label"":""功效"",""text"":""补""},{""label"":""病症"",""text"":""季节胀寒苦""},{""label"":""古籍来源"",""text"":""《官冢宰》""}]"
452,14,0,0,0,[]
453,34,33,18,18,"[{""label"":""食材"",""text"":""牛""},{""label"":""食材"",""text"":""羊""},{""label"":""食材"",""text"":""豕""},{""label"":""食材"",""text"":""犬""},{""label"":""食材"",""text"":""鸡""},{""label"":""食材"",""text"":""姜""},{""label"":""食材"",""text"":""桂""},{""label"":""食材"",""text"":""干肉""},{""label"":""食材"",""text"":""夹脊肉""},{""label"":""食材"",""text"":""干鱼""},{""label"":""病症"",""text"":""病牛肉""},{""label"":""烹饪方法"",""text"":""烹煮""},{""label"":""烹饪方法"",""text"":""煎熬""},{""label"":""烹饪方法"",""text"":""调好味""},{""label"":""烹饪方法"",""text"":""切""},{""label"":""禁忌"",""text"":""不可以食用""},{""label"":""养生原则"",""text"":""辨别牲禽的好丑""},{""label"":""养生原则"",""text"":""食物卫生""}]"
454,36,34,34,34,"[{""label"":""食材"",""text"":""醢""},{""label"":""食材"",""text"":""蜃""},{""label"":""食材"",""text"":""蚍醢""},{""label"":""食材"",""text"":""豚拍""},{""label"":""食材"",""text"":""鱼巍""},{""label"":""食材"",""text"":""芹菹""},{""label"":""食材"",""text"":""篼醢""},{""label"":""食材"",""text"":""深蒲""},{""label"":""食材"",""text"":""醯醢""},{""label"":""食材"",""text"":""箔菹""},{""label"":""食材"",""text"":""雁醢""},{""label"":""食材"",""text"":""笋菹""},{""label"":""食材"",""text"":""鱼醢""},{""label"":""食材"",""text"":""酏食""},{""label"":""食材"",""text"":""糁食""},{""label"":""食材"",""text"":""蜃蛤""},{""label"":""食材"",""text"":""蚁""},{""label"":""食材"",""text"":""豚""},{""label"":""食材"",""text"":""小猪""},{""label"":""食材"",""text"":""鱼""},{""label"":""食材"",""text"":""芹""},{""label"":""食材"",""text"":""兔肉""},{""label"":""食材"",""text"":""蒲""},{""label"":""食材"",""text"":""水苔""},{""label"":""食材"",""text"":""雁鸟肉""},{""label"":""食材"",""text"":""韬米""},{""label"":""食材"",""text"":""狼胸肌""},{""label"":""食材"",""text"":""牛""},{""label"":""食材"",""text"":""豕肉""},{""label"":""食材"",""text"":""猾米""},{""label"":""食味"",""text"":""甘甜""},{""label"":""烹饪方法"",""text"":""煮""},{""label"":""烹饪方法"",""text"":""熬""},{""label"":""烹饪方法"",""text"":""煎""}]"
455,5,0,4,4,"[{""label"":""食材"",""text"":""黑黍""},{""label"":""食材"",""text"":""香草""},{""label"":""烹饪方法"",""text"":""煮""},{""label"":""古籍来源"",""text"":""《僖公二十八年》""}]"
456,17,0,9,9,"[{""label"":""食材"",""text"":""牛""},{""label"":""食材"",""text"":""羊""},{""label"":""食材"",""text"":""豕""},{""label"":""食材"",""text"":""鱼""},{""label"":""烹饪方法"",""text"":""烹""},{""label"":""烹饪方法"",""text"":""熬""},{""label"":""烹饪方法"",""text"":""炮""},{""label"":""烹饪方法"",""text"":""渍""},{""label"":""古籍来源"",""text"":""《关官冢宰》""}]"
457,15,14,14,14,"[{""label"":""食材"",""text"":""小鳖""},{""label"":""食材"",""text"":""狼""},{""label"":""食材"",""text"":""狗肾""},{""label"":""食材"",""text"":""狸""},{""label"":""食材"",""text"":""兔""},{""label"":""食材"",""text"":""狐""},{""label"":""食材"",""text"":""猪""},{""label"":""食材"",""text"":""鱼""},{""label"":""食材"",""text"":""枣""},{""label"":""食材"",""text"":""栗""},{""label"":""食材"",""text"":""桃""},{""label"":""食材"",""text"":""相梨""},{""label"":""古籍来源"",""text"":""《内则》""},{""label"":""古籍来源"",""text"":""《肉则》""}]"
458,8,0,0,0,[]
459,17,9,7,7,"[{""label"":""食材"",""text"":""菽藿""},{""label"":""食材"",""text"":""旄""},{""label"":""食材"",""text"":""象""},{""label"":""食材"",""text"":""豹胎""},{""label"":""食材"",""text"":""肉""},{""label"":""食材"",""text"":""酒""},{""label"":""古籍来源"",""text"":""《喻老》""}]"
460,6,0,0,0,[]
461,19,16,14,14,"[{""label"":""古籍来源"",""text"":""《夭官冢宰》""},{""label"":""食材"",""text"":""酒""},{""label"":""食材"",""text"":""事酒""},{""label"":""食材"",""text"":""昔酒""},{""label"":""食材"",""text"":""清酒""},{""label"":""食材"",""text"":""医""},{""label"":""食材"",""text"":""浆""},{""label"":""食材"",""text"":""酏""},{""label"":""食味"",""text"":""酸""},{""label"":""食味"",""text"":""甜""},{""label"":""功效"",""text"":""治病""},{""label"":""烹饪方法"",""text"":""酿""},{""label"":""烹饪方法"",""text"":""煮""},{""label"":""烹饪方法"",""text"":""滤""}]"
462,11,13,7,7,"[{""label"":""食材"",""text"":""草芽""},{""label"":""食材"",""text"":""苹草""},{""label"":""食材"",""text"":""白蒿""},{""label"":""食材"",""text"":""水藻""},{""label"":""食材"",""text"":""肉汁""},{""label"":""烹饪方法"",""text"":""煮""},{""label"":""古籍来源"",""text"":""《桓公二年》""}]"
463,9,8,7,7,"[{""label"":""食材"",""text"":""鱼""},{""label"":""食味"",""text"":""咸""},{""label"":""病症"",""text"":""热中""},{""label"":""病症"",""text"":""痈疡""},{""label"":""医家"",""text"":""黄帝""},{""label"":""医家"",""text"":""岐伯""},{""label"":""古籍来源"",""text"":""《异法方宜论篇第十二》""}]"
464,3,0,0,0,[]
465,6,0,0,0,[]
466,8,0,0,0,[]
467,27,31,23,23,"[{""label"":""烹饪方法"",""text"":""蒸""},{""label"":""烹饪方法"",""text"":""拌""},{""label"":""烹饪方法"",""text"":""煮""},{""label"":""食材"",""text"":""白面""},{""label"":""食材"",""text"":""盐""},{""label"":""食材"",""text"":""绿豆粉""},{""label"":""食材"",""text"":""麻腻""},{""label"":""食材"",""text"":""杏仁腻""},{""label"":""食材"",""text"":""酱""},{""label"":""食材"",""text"":""煎肉""},{""label"":""食材"",""text"":""腌韭""},{""label"":""食材"",""text"":""瓜丝""},{""label"":""食材"",""text"":""白糖""},{""label"":""食材"",""text"":""清油""},{""label"":""食材"",""text"":""水""},{""label"":""食材"",""text"":""酥油""},{""label"":""食材"",""text"":""椒盐""},{""label"":""烹饪方法"",""text"":""搜""},{""label"":""烹饪方法"",""text"":""揉""},{""label"":""烹饪方法"",""text"":""捍""},{""label"":""烹饪方法"",""text"":""抽""},{""label"":""烹饪方法"",""text"":""拽""},{""label"":""古籍来源"",""text"":""古今厨书巢成""}]"
468,42,35,32,33,"[{""label"":""食材"",""text"":""酥油""},{""label"":""食材"",""text"":""上白糯米""},{""label"":""食材"",""text"":""粳米""},{""label"":""食材"",""text"":""芡实""},{""label"":""食材"",""text"":""人参""},{""label"":""食材"",""text"":""茯苓""},{""label"":""食材"",""text"":""砂仁""},{""label"":""食材"",""text"":""沙糖""},{""label"":""食材"",""text"":""赤豆""},{""label"":""食材"",""text"":""绿豆""},{""label"":""食材"",""text"":""生糯米粉""},{""label"":""食材"",""text"":""糯米""},{""label"":""食材"",""text"":""枣""},{""label"":""食材"",""text"":""栗""},{""label"":""食材"",""text"":""柿干""},{""label"":""食材"",""text"":""银杏""},{""label"":""食材"",""text"":""茭叶""},{""label"":""食材"",""text"":""箬叶""},{""label"":""食材"",""text"":""艾叶""},{""label"":""食材"",""text"":""真粉""},{""label"":""食材"",""text"":""油饼""},{""label"":""食材"",""text"":""芝麻""},{""label"":""食材"",""text"":""松子""},{""label"":""食材"",""text"":""胡桃""},{""label"":""食材"",""text"":""茴香""},{""label"":""烹饪方法"",""text"":""炸""},{""label"":""烹饪方法"",""text"":""煮""},{""label"":""烹饪方法"",""text"":""蒸""},{""label"":""烹饪方法"",""text"":""裹""},{""label"":""烹饪方法"",""text"":""拌""},{""label"":""食疗方"",""text"":""畚糕方""},{""label"":""食疗方"",""text"":""粽子法""},{""label"":""古籍来源"",""text"":""《山家清供》""}]"
469,22,0,0,0,[]
470,1,0,0,0,[]
471,34,23,32,32,"[{""label"":""食材"",""text"":""鹅""},{""label"":""食材"",""text"":""粳肉""},{""label"":""食材"",""text"":""瓠""},{""label"":""食材"",""text"":""匏""},{""label"":""食材"",""text"":""鳝鱼""},{""label"":""食材"",""text"":""鳐鲠""},{""label"":""食材"",""text"":""石首鱼""},{""label"":""食材"",""text"":""鲈鱼""},{""label"":""食材"",""text"":""鲻鱼""},{""label"":""食材"",""text"":""姜""},{""label"":""食味"",""text"":""咸""},{""label"":""烹饪方法"",""text"":""熟""},{""label"":""烹饪方法"",""text"":""酿酒""},{""label"":""烹饪方法"",""text"":""蜜渍""},{""label"":""烹饪方法"",""text"":""炙""},{""label"":""烹饪方法"",""text"":""碎""},{""label"":""烹饪方法"",""text"":""密封""},{""label"":""烹饪方法"",""text"":""置日中""},{""label"":""食疗方"",""text"":""浑羊设""},{""label"":""食疗方"",""text"":""蛇罐汤法""},{""label"":""食疗方"",""text"":""花无忧腊""},{""label"":""食疗方"",""text"":""连珠起肉""},{""label"":""食疗方"",""text"":""鳐鲠法""},{""label"":""古籍来源"",""text"":""《酉阴杂俎》""},{""label"":""古籍来源"",""text"":""《梦溪笔谈》""},{""label"":""医家"",""text"":""韦琳""},{""label"":""医家"",""text"":""谢眺""},{""label"":""医家"",""text"":""贾锵""},{""label"":""医家"",""text"":""宋明帝""},{""label"":""医家"",""text"":""沈括""},{""label"":""医家"",""text"":""谢灵运""},{""label"":""医家"",""text"":""李白""}]"
472,16,8,8,8,"[{""label"":""食材"",""text"":""竹笄""},{""label"":""食材"",""text"":""鞭笋""},{""label"":""食材"",""text"":""蛋藕""},{""label"":""食材"",""text"":""莲根""},{""label"":""食材"",""text"":""芦菔""},{""label"":""食材"",""text"":""菜根""},{""label"":""古籍来源"",""text"":""《竹谱》""},{""label"":""古籍来源"",""text"":""《东莱吕紫薇师友杂志》""}]"
473,38,18,14,14,"[{""label"":""食材"",""text"":""佛手""},{""label"":""食材"",""text"":""香橼""},{""label"":""食材"",""text"":""梨子""},{""label"":""食材"",""text"":""石花""},{""label"":""食材"",""text"":""面筋""},{""label"":""食材"",""text"":""茄子""},{""label"":""食材"",""text"":""萝卜""},{""label"":""食材"",""text"":""琮枝""},{""label"":""食材"",""text"":""草珊瑚""},{""label"":""食材"",""text"":""胶蜞麟莱""},{""label"":""食材"",""text"":""琼枝""},{""label"":""烹饪方法"",""text"":""酱""},{""label"":""烹饪方法"",""text"":""糟""},{""label"":""烹饪方法"",""text"":""拌""}]"
474,27,9,13,13,"[{""label"":""食材"",""text"":""枸杞""},{""label"":""食材"",""text"":""荞菜""},{""label"":""食材"",""text"":""荠""},{""label"":""食材"",""text"":""芋""},{""label"":""食材"",""text"":""蹲鸱""},{""label"":""食材"",""text"":""大芋""},{""label"":""食味"",""text"":""甘""},{""label"":""食味"",""text"":""苦""},{""label"":""功效"",""text"":""养心目""},{""label"":""古籍来源"",""text"":""《华阳囤志》""},{""label"":""医家"",""text"":""李肘珍""},{""label"":""医家"",""text"":""东坡""},{""label"":""烹饪方法"",""text"":""饵""}]"
475,13,17,11,11,"[{""label"":""食材"",""text"":""秫粉""},{""label"":""食材"",""text"":""蔗霜""},{""label"":""食材"",""text"":""沉水""},{""label"":""食材"",""text"":""笋""},{""label"":""食材"",""text"":""鞭笋""},{""label"":""食材"",""text"":""玉兰片""},{""label"":""食味"",""text"":""甘""},{""label"":""食味"",""text"":""香""},{""label"":""烹饪方法"",""text"":""浴煮""},{""label"":""古籍来源"",""text"":""《本草纲目》""},{""label"":""古籍来源"",""text"":""《诗经:卫风:淇臾》""}]"
476,17,30,11,11,"[{""label"":""食材"",""text"":""绿豆""},{""label"":""食材"",""text"":""菌""},{""label"":""食材"",""text"":""紫芝""},{""label"":""古籍来源"",""text"":""《诗经》""},{""label"":""古籍来源"",""text"":""《本草》""},{""label"":""烹饪方法"",""text"":""碾""},{""label"":""烹饪方法"",""text"":""撒""},{""label"":""烹饪方法"",""text"":""煮""},{""label"":""功效"",""text"":""热蠲金石""},{""label"":""功效"",""text"":""清澈肺腑""},{""label"":""养生原则"",""text"":""山居隐士""}]"
477,25,18,16,16,"[{""label"":""食材"",""text"":""鸡""},{""label"":""食材"",""text"":""鲋鱼""},{""label"":""食材"",""text"":""花椒""},{""label"":""食材"",""text"":""砂仁""},{""label"":""食材"",""text"":""酱""},{""label"":""食材"",""text"":""酒""},{""label"":""烹饪方法"",""text"":""煮""},{""label"":""烹饪方法"",""text"":""炒""},{""label"":""烹饪方法"",""text"":""蒸""},{""label"":""烹饪方法"",""text"":""焙""},{""label"":""烹饪方法"",""text"":""剁作小块""},{""label"":""烹饪方法"",""text"":""拌匀""},{""label"":""烹饪方法"",""text"":""烘""},{""label"":""烹饪方法"",""text"":""烧热""},{""label"":""食疗方"",""text"":""炉焙鸡""},{""label"":""古籍来源"",""text"":""《说文解字》""}]"
478,8,0,0,0,[]
479,38,32,33,34,"[{""label"":""食材"",""text"":""鱼""},{""label"":""食材"",""text"":""羊肥肋""},{""label"":""食材"",""text"":""白粳米""},{""label"":""食材"",""text"":""葱""},{""label"":""食材"",""text"":""山药""},{""label"":""食材"",""text"":""酒""},{""label"":""食材"",""text"":""盐""},{""label"":""食材"",""text"":""干姜""},{""label"":""食材"",""text"":""醋""},{""label"":""食材"",""text"":""乳饼""},{""label"":""食材"",""text"":""笄""},{""label"":""食材"",""text"":""蕈""},{""label"":""食材"",""text"":""鸡""},{""label"":""食材"",""text"":""鹅""},{""label"":""食材"",""text"":""鸭""},{""label"":""食材"",""text"":""鸽""},{""label"":""食材"",""text"":""羊肉""},{""label"":""食材"",""text"":""萝卜""},{""label"":""食材"",""text"":""川椒""},{""label"":""食材"",""text"":""羊精肉""},{""label"":""食材"",""text"":""肾肤""},{""label"":""烹饪方法"",""text"":""煮""},{""label"":""烹饪方法"",""text"":""慢火""},{""label"":""烹饪方法"",""text"":""切""},{""label"":""烹饪方法"",""text"":""搅匀""},{""label"":""烹饪方法"",""text"":""炒""},{""label"":""烹饪方法"",""text"":""浸""},{""label"":""烹饪方法"",""text"":""慢火煮""},{""label"":""烹饪方法"",""text"":""慢火养""},{""label"":""烹饪方法"",""text"":""骰块切""},{""label"":""烹饪方法"",""text"":""切如缕""},{""label"":""食疗方"",""text"":""肉羹""},{""label"":""食疗方"",""text"":""骨插羹""},{""label"":""食疗方"",""text"":""萝卜羹""}]"
480,27,22,21,21,"[{""label"":""食材"",""text"":""猪""},{""label"":""食材"",""text"":""羊""},{""label"":""食材"",""text"":""大牢""},{""label"":""食材"",""text"":""马芹""},{""label"":""食材"",""text"":""莳萝""},{""label"":""食材"",""text"":""白盐""},{""label"":""食材"",""text"":""羊肉""},{""label"":""食材"",""text"":""糟""},{""label"":""食材"",""text"":""鹿""},{""label"":""食材"",""text"":""獐""},{""label"":""食材"",""text"":""肉""},{""label"":""食味"",""text"":""甘""},{""label"":""烹饪方法"",""text"":""切""},{""label"":""烹饪方法"",""text"":""腌""},{""label"":""烹饪方法"",""text"":""拌""},{""label"":""烹饪方法"",""text"":""熏""},{""label"":""烹饪方法"",""text"":""洗""},{""label"":""烹饪方法"",""text"":""煮""},{""label"":""烹饪方法"",""text"":""熬""},{""label"":""古籍来源"",""text"":""大戴礼记""},{""label"":""古籍来源"",""text"":""论语""}]"
481,43,17,18,18,"[{""label"":""食材"",""text"":""酱""},{""label"":""食材"",""text"":""醋""},{""label"":""食材"",""text"":""蟹""},{""label"":""食材"",""text"":""麻皮""},{""label"":""食材"",""text"":""盐""},{""label"":""食材"",""text"":""酒""},{""label"":""食材"",""text"":""香油""},{""label"":""食材"",""text"":""葱""},{""label"":""食材"",""text"":""榆仁酱""},{""label"":""食材"",""text"":""面酱""},{""label"":""食材"",""text"":""茴香""},{""label"":""食材"",""text"":""椒""},{""label"":""食材"",""text"":""姜""},{""label"":""食材"",""text"":""桔""},{""label"":""食材"",""text"":""皂角""},{""label"":""食材"",""text"":""麦黄""},{""label"":""食材"",""text"":""曲""},{""label"":""烹饪方法"",""text"":""炒""}]"
482,46,46,37,37,"[{""label"":""食材"",""text"":""硬肉""},{""label"":""食材"",""text"":""脑砂""},{""label"":""食材"",""text"":""桑白皮""},{""label"":""食材"",""text"":""楷实""},{""label"":""食材"",""text"":""败肉""},{""label"":""食材"",""text"":""阿魏""},{""label"":""食材"",""text"":""胡桃""},{""label"":""食材"",""text"":""驴马肠""},{""label"":""食材"",""text"":""香油""},{""label"":""食材"",""text"":""葱椒""},{""label"":""食材"",""text"":""麸盘肉""},{""label"":""食材"",""text"":""芝族花""},{""label"":""食材"",""text"":""茄花""},{""label"":""食材"",""text"":""肥肉""},{""label"":""食材"",""text"":""獐肺""},{""label"":""食材"",""text"":""兔肺""},{""label"":""食材"",""text"":""山羊肺""},{""label"":""食材"",""text"":""韭汁""},{""label"":""食材"",""text"":""蒜泥""},{""label"":""食材"",""text"":""酪""},{""label"":""食材"",""text"":""生姜""},{""label"":""食性"",""text"":""温""},{""label"":""食性"",""text"":""寒""},{""label"":""食味"",""text"":""咸""},{""label"":""食味"",""text"":""苦""},{""label"":""食味"",""text"":""辛""},{""label"":""食味"",""text"":""甘""},{""label"":""功效"",""text"":""消积软坚""},{""label"":""功效"",""text"":""泻肺平喘""},{""label"":""功效"",""text"":""行水消肿""},{""label"":""功效"",""text"":""滋肾""},{""label"":""功效"",""text"":""明目""},{""label"":""烹饪方法"",""text"":""煮""},{""label"":""烹饪方法"",""text"":""炙""},{""label"":""烹饪方法"",""text"":""滤""},{""label"":""禁忌"",""text"":""有粪""},{""label"":""脏腑"",""text"":""肺""}]"
483,35,39,30,30,"[{""label"":""食材"",""text"":""榆仁""},{""label"":""食材"",""text"":""蓼汁""},{""label"":""食材"",""text"":""面曲""},{""label"":""食材"",""text"":""盐""},{""label"":""食材"",""text"":""黑豆""},{""label"":""食材"",""text"":""大麦面""},{""label"":""食材"",""text"":""羊肉""},{""label"":""食材"",""text"":""精肉""},{""label"":""食材"",""text"":""酱曲""},{""label"":""食材"",""text"":""葱白""},{""label"":""食材"",""text"":""良姜""},{""label"":""食材"",""text"":""小椒""},{""label"":""食材"",""text"":""芜荑""},{""label"":""食材"",""text"":""陈皮""},{""label"":""烹饪方法"",""text"":""淘挣""},{""label"":""烹饪方法"",""text"":""浸""},{""label"":""烹饪方法"",""text"":""搓洗""},{""label"":""烹饪方法"",""text"":""揉洗""},{""label"":""烹饪方法"",""text"":""晒""},{""label"":""烹饪方法"",""text"":""拌""},{""label"":""烹饪方法"",""text"":""炒""},{""label"":""烹饪方法"",""text"":""煮""},{""label"":""烹饪方法"",""text"":""筛""},{""label"":""烹饪方法"",""text"":""和搜""},{""label"":""烹饪方法"",""text"":""切""},{""label"":""烹饪方法"",""text"":""蒸""},{""label"":""烹饪方法"",""text"":""摊""},{""label"":""烹饪方法"",""text"":""捣""},{""label"":""食疗方"",""text"":""大麦酱方""},{""label"":""食疗方"",""text"":""造肉酱法""}]"
484,29,33,18,18,"[{""label"":""食材"",""text"":""精羊肉""},{""label"":""食材"",""text"":""盐""},{""label"":""食材"",""text"":""酒""},{""label"":""食材"",""text"":""醋""},{""label"":""食材"",""text"":""砂仁""},{""label"":""食材"",""text"":""良姜""},{""label"":""食材"",""text"":""椒""},{""label"":""食材"",""text"":""葱""},{""label"":""食材"",""text"":""桔皮""},{""label"":""烹饪方法"",""text"":""煮""},{""label"":""烹饪方法"",""text"":""晒干""},{""label"":""食材"",""text"":""羊肺""},{""label"":""食材"",""text"":""生姜""},{""label"":""食材"",""text"":""羊肚""},{""label"":""食材"",""text"":""托胎""},{""label"":""食材"",""text"":""硬髓""},{""label"":""烹饪方法"",""text"":""煨""},{""label"":""烹饪方法"",""text"":""蒸""}]"
485,27,39,26,26,"[{""label"":""食材"",""text"":""陈仓米""},{""label"":""食材"",""text"":""糯米""},{""label"":""食材"",""text"":""粗曲""},{""label"":""食材"",""text"":""小芨""},{""label"":""食材"",""text"":""炒麦""},{""label"":""食材"",""text"":""小麦""},{""label"":""食材"",""text"":""大麦仁""},{""label"":""食材"",""text"":""白面""},{""label"":""烹饪方法"",""text"":""浸""},{""label"":""烹饪方法"",""text"":""炊""},{""label"":""烹饪方法"",""text"":""捣""},{""label"":""烹饪方法"",""text"":""焙""},{""label"":""烹饪方法"",""text"":""拌""},{""label"":""烹饪方法"",""text"":""擂""},{""label"":""烹饪方法"",""text"":""捺平""},{""label"":""烹饪方法"",""text"":""密封""},{""label"":""烹饪方法"",""text"":""炒焦""},{""label"":""烹饪方法"",""text"":""煎沸""},{""label"":""烹饪方法"",""text"":""蒸""},{""label"":""烹饪方法"",""text"":""晒干""},{""label"":""烹饪方法"",""text"":""簸""},{""label"":""食性"",""text"":""热""},{""label"":""食性"",""text"":""平""},{""label"":""食材"",""text"":""米醋""},{""label"":""食材"",""text"":""麦黄""},{""label"":""食材"",""text"":""大麦醋""}]"
486,31,30,31,31,"[{""label"":""食疗方"",""text"":""湿枣汤""},{""label"":""古籍来源"",""text"":""夸氏方""},{""label"":""食材"",""text"":""大枣""},{""label"":""烹饪方法"",""text"":""熬""},{""label"":""食材"",""text"":""蜜""},{""label"":""食材"",""text"":""生姜汁""},{""label"":""烹饪方法"",""text"":""调停""},{""label"":""烹饪方法"",""text"":""和""},{""label"":""烹饪方法"",""text"":""煎""},{""label"":""食材"",""text"":""麝香""},{""label"":""烹饪方法"",""text"":""点服""},{""label"":""食疗方"",""text"":""香苏汤""},{""label"":""古籍来源"",""text"":""李氏方""},{""label"":""食材"",""text"":""千枣""},{""label"":""烹饪方法"",""text"":""擘碎""},{""label"":""食材"",""text"":""紧苏叶""},{""label"":""食材"",""text"":""木瓜""},{""label"":""烹饪方法"",""text"":""捣碎""},{""label"":""烹饪方法"",""text"":""捣匀""},{""label"":""烹饪方法"",""text"":""泼""},{""label"":""烹饪方法"",""text"":""熬""},{""label"":""烹饪方法"",""text"":""淋""},{""label"":""食疗方"",""text"":""地黄膏子汤""},{""label"":""食材"",""text"":""生地黄""},{""label"":""烹饪方法"",""text"":""洗""},{""label"":""烹饪方法"",""text"":""捣烂""},{""label"":""烹饪方法"",""text"":""榨取汁""},{""label"":""烹饪方法"",""text"":""熬""},{""label"":""烹饪方法"",""text"":""煎""},{""label"":""食材"",""text"":""脑麝""},{""label"":""烹饪方法"",""text"":""点服""}]"
487,56,51,43,43,"[{""label"":""食材"",""text"":""田螺""},{""label"":""食材"",""text"":""鸭子""},{""label"":""食材"",""text"":""盐""},{""label"":""食材"",""text"":""酱""},{""label"":""食材"",""text"":""椒未""},{""label"":""食材"",""text"":""梏丝""},{""label"":""食材"",""text"":""茴香""},{""label"":""食材"",""text"":""粉皮""},{""label"":""食材"",""text"":""生粉丝""},{""label"":""食材"",""text"":""螺肉""},{""label"":""食材"",""text"":""粉丝""},{""label"":""食材"",""text"":""五辣醋""},{""label"":""食材"",""text"":""虾升""},{""label"":""食材"",""text"":""肉升""},{""label"":""食材"",""text"":""姜丝""},{""label"":""食材"",""text"":""熟笋""},{""label"":""食材"",""text"":""蘑菇升""},{""label"":""食材"",""text"":""鲥鱼""},{""label"":""食材"",""text"":""讧茶""},{""label"":""食材"",""text"":""薤""},{""label"":""食材"",""text"":""茭什""},{""label"":""食材"",""text"":""笄片""},{""label"":""食材"",""text"":""酒""},{""label"":""食材"",""text"":""醋""},{""label"":""食材"",""text"":""花飙""},{""label"":""食材"",""text"":""油""},{""label"":""食材"",""text"":""鸦子黄""},{""label"":""食材"",""text"":""蛋黄""},{""label"":""食材"",""text"":""绿豆粉""},{""label"":""食材"",""text"":""鲍鱼""},{""label"":""食材"",""text"":""鳆鱼""},{""label"":""烹饪方法"",""text"":""蒸""},{""label"":""烹饪方法"",""text"":""煮""},{""label"":""烹饪方法"",""text"":""切""},{""label"":""烹饪方法"",""text"":""熬""},{""label"":""烹饪方法"",""text"":""糁""},{""label"":""烹饪方法"",""text"":""冼净""},{""label"":""烹饪方法"",""text"":""镝""},{""label"":""烹饪方法"",""text"":""化""},{""label"":""烹饪方法"",""text"":""顿熟""},{""label"":""烹饪方法"",""text"":""煎""},{""label"":""食疗方"",""text"":""假香螺羹""},{""label"":""病症"",""text"":""腥""}]"
488,30,25,24,24,"[{""label"":""食材"",""text"":""糯米""},{""label"":""食材"",""text"":""白檀""},{""label"":""食材"",""text"":""白木犀""},{""label"":""食材"",""text"":""川百药煎""},{""label"":""食材"",""text"":""梅花片脑""},{""label"":""食材"",""text"":""米脑""},{""label"":""食材"",""text"":""寒水石""},{""label"":""食味"",""text"":""苦""},{""label"":""食味"",""text"":""酸""},{""label"":""食性"",""text"":""平""},{""label"":""功效"",""text"":""收敛""},{""label"":""功效"",""text"":""杀虫""},{""label"":""烹饪方法"",""text"":""煮""},{""label"":""烹饪方法"",""text"":""擂""},{""label"":""烹饪方法"",""text"":""绞""},{""label"":""烹饪方法"",""text"":""捶""},{""label"":""烹饪方法"",""text"":""研""},{""label"":""烹饪方法"",""text"":""焙""},{""label"":""烹饪方法"",""text"":""煎""},{""label"":""烹饪方法"",""text"":""抹""},{""label"":""食疗方"",""text"":""千捶膏""},{""label"":""食疗方"",""text"":""天香汤""},{""label"":""食疗方"",""text"":""山桂汤""},{""label"":""食疗方"",""text"":""木犀汤""}]"
489,1,0,0,0,[]
490,18,20,20,20,"[{""label"":""食材"",""text"":""白面""},{""label"":""食材"",""text"":""桃仁""},{""label"":""食材"",""text"":""二桑叶""},{""label"":""食材"",""text"":""杏仁""},{""label"":""食材"",""text"":""莲花""},{""label"":""食材"",""text"":""苍耳心""},{""label"":""食材"",""text"":""川乌""},{""label"":""食材"",""text"":""绿豆""},{""label"":""食材"",""text"":""谈竹叶""},{""label"":""食材"",""text"":""熟甜瓜""},{""label"":""食材"",""text"":""竦母艨嫩头""},{""label"":""食疗方"",""text"":""东阳酒曲方""},{""label"":""烹饪方法"",""text"":""浸""},{""label"":""烹饪方法"",""text"":""晒""},{""label"":""烹饪方法"",""text"":""打下""},{""label"":""烹饪方法"",""text"":""漉""},{""label"":""烹饪方法"",""text"":""煮""},{""label"":""烹饪方法"",""text"":""擂""},{""label"":""病症"",""text"":""跌打伤痛""},{""label"":""古籍来源"",""text"":""周颂:载芟""}]"
491,22,17,14,14,"[{""label"":""食材"",""text"":""蔚木香""},{""label"":""食材"",""text"":""蜜""},{""label"":""食材"",""text"":""果子""},{""label"":""食材"",""text"":""朴硝""},{""label"":""食材"",""text"":""冬瓜""},{""label"":""食材"",""text"":""梅肉""},{""label"":""食味"",""text"":""酸""},{""label"":""食味"",""text"":""咸""},{""label"":""功效"",""text"":""益精壮阳""},{""label"":""烹饪方法"",""text"":""煎""},{""label"":""烹饪方法"",""text"":""浸""},{""label"":""烹饪方法"",""text"":""焯""},{""label"":""禁忌"",""text"":""不可尽述""},{""label"":""医家"",""text"":""赵菊山""}]"
492,30,15,13,13,"[{""label"":""食材"",""text"":""牛乳""},{""label"":""食材"",""text"":""酪""},{""label"":""食材"",""text"":""浆水""},{""label"":""烹饪方法"",""text"":""炙""},{""label"":""烹饪方法"",""text"":""炒""},{""label"":""烹饪方法"",""text"":""曝""},{""label"":""烹饪方法"",""text"":""煎""},{""label"":""烹饪方法"",""text"":""烧""},{""label"":""烹饪方法"",""text"":""滤""},{""label"":""烹饪方法"",""text"":""压""},{""label"":""烹饪方法"",""text"":""团搦""},{""label"":""食疗方"",""text"":""晒干酪""},{""label"":""食疗方"",""text"":""就乳困""}]"
493,28,40,27,27,"[{""label"":""食材"",""text"":""瓜""},{""label"":""食材"",""text"":""酱""},{""label"":""食材"",""text"":""盐""},{""label"":""食材"",""text"":""瓜茄""},{""label"":""食材"",""text"":""酱黄""},{""label"":""食材"",""text"":""枸杞""},{""label"":""食材"",""text"":""地潢""},{""label"":""食材"",""text"":""甘菊""},{""label"":""食材"",""text"":""青襄""},{""label"":""食材"",""text"":""牛膝""},{""label"":""食材"",""text"":""槐芽""},{""label"":""食材"",""text"":""白术""},{""label"":""食材"",""text"":""椿芽""},{""label"":""食材"",""text"":""车前""},{""label"":""食材"",""text"":""黄精""},{""label"":""食材"",""text"":""合欢""},{""label"":""食材"",""text"":""步陆""},{""label"":""食材"",""text"":""决期""},{""label"":""食材"",""text"":""穴蓼""},{""label"":""食味"",""text"":""苦""},{""label"":""功效"",""text"":""燥湿""},{""label"":""功效"",""text"":""杀虫""},{""label"":""功效"",""text"":""止血""},{""label"":""烹饪方法"",""text"":""晒""},{""label"":""烹饪方法"",""text"":""腌""},{""label"":""食疗方"",""text"":""酱瓜茄法""},{""label"":""古籍来源"",""text"":""收干药莱法""}]"
494,40,22,32,32,"[{""label"":""食材"",""text"":""豉""},{""label"":""食材"",""text"":""熟油""},{""label"":""食材"",""text"":""巨盐""},{""label"":""食材"",""text"":""川椒""},{""label"":""食材"",""text"":""胡椒末""},{""label"":""食材"",""text"":""干姜末""},{""label"":""食材"",""text"":""桔皮""},{""label"":""食材"",""text"":""葱白""},{""label"":""食材"",""text"":""小麦""},{""label"":""食材"",""text"":""面""},{""label"":""烹饪方法"",""text"":""造""},{""label"":""烹饪方法"",""text"":""煎""},{""label"":""烹饪方法"",""text"":""拌""},{""label"":""烹饪方法"",""text"":""蒸""},{""label"":""烹饪方法"",""text"":""曝干""},{""label"":""烹饪方法"",""text"":""捣""},{""label"":""烹饪方法"",""text"":""淋""},{""label"":""烹饪方法"",""text"":""贮""},{""label"":""烹饪方法"",""text"":""磨""},{""label"":""烹饪方法"",""text"":""摊""},{""label"":""烹饪方法"",""text"":""接令碎""},{""label"":""烹饪方法"",""text"":""覆盖""},{""label"":""烹饪方法"",""text"":""燠""},{""label"":""烹饪方法"",""text"":""抟""},{""label"":""烹饪方法"",""text"":""悬""},{""label"":""烹饪方法"",""text"":""盛""},{""label"":""烹饪方法"",""text"":""煮""},{""label"":""烹饪方法"",""text"":""漉出""},{""label"":""烹饪方法"",""text"":""削去皮""},{""label"":""禁忌"",""text"":""不得湿物近之""},{""label"":""禁忌"",""text"":""防青蝇""},{""label"":""禁忌"",""text"":""尘垢之污""}]"
496,27,13,10,10,"[{""label"":""食材"",""text"":""牛乳""},{""label"":""烹饪方法"",""text"":""煎""},{""label"":""烹饪方法"",""text"":""扬""},{""label"":""烹饪方法"",""text"":""搅""},{""label"":""烹饪方法"",""text"":""吹""},{""label"":""烹饪方法"",""text"":""滤""},{""label"":""烹饪方法"",""text"":""卧""},{""label"":""烹饪方法"",""text"":""炙""},{""label"":""食疗方"",""text"":""造酪法""},{""label"":""古籍来源"",""text"":""齐民要术""}]"
497,38,0,32,32,"[{""label"":""古籍来源"",""text"":""居家必用事类全集""},{""label"":""食材"",""text"":""荼""},{""label"":""食材"",""text"":""汤""},{""label"":""食材"",""text"":""渴水""},{""label"":""食材"",""text"":""熟水""},{""label"":""食材"",""text"":""浆水""},{""label"":""食材"",""text"":""香药""},{""label"":""食材"",""text"":""果实""},{""label"":""食材"",""text"":""酒曲""},{""label"":""食材"",""text"":""醋""},{""label"":""食材"",""text"":""酱""},{""label"":""食材"",""text"":""豉""},{""label"":""食材"",""text"":""蔬食""},{""label"":""食材"",""text"":""肉食""},{""label"":""食材"",""text"":""腌藏肉品""},{""label"":""食材"",""text"":""腌藏鱼品""},{""label"":""食材"",""text"":""鲱品""},{""label"":""食材"",""text"":""烧肉品""},{""label"":""食材"",""text"":""煮肉品""},{""label"":""食材"",""text"":""肉下酒""},{""label"":""食材"",""text"":""肉灌肠红丝品""},{""label"":""食材"",""text"":""肉下饭品""},{""label"":""食材"",""text"":""肉羹食品""},{""label"":""食材"",""text"":""回回食品""},{""label"":""食材"",""text"":""女苴食品""},{""label"":""食材"",""text"":""温面食品""},{""label"":""食材"",""text"":""千面食品""},{""label"":""食材"",""text"":""素食""},{""label"":""食材"",""text"":""煎酥乳酪品""},{""label"":""食材"",""text"":""造诸粉品""},{""label"":""烹饪方法"",""text"":""造""},{""label"":""烹饪方法"",""text"":""腌藏""}]"
498,23,6,5,5,"[{""label"":""食材"",""text"":""茶""},{""label"":""食味"",""text"":""甘""},{""label"":""食味"",""text"":""滑""},{""label"":""古籍来源"",""text"":""《北苑别录》""},{""label"":""古籍来源"",""text"":""《茶录》""}]"
501,64,0,15,15,"[{""label"":""食材"",""text"":""牛奶""},{""label"":""食材"",""text"":""糖""},{""label"":""食材"",""text"":""蛋黄""},{""label"":""食材"",""text"":""蛋白""},{""label"":""食材"",""text"":""水果""},{""label"":""食材"",""text"":""葡萄酒""},{""label"":""烹饪方法"",""text"":""烧""},{""label"":""烹饪方法"",""text"":""煮""},{""label"":""烹饪方法"",""text"":""打碎""},{""label"":""烹饪方法"",""text"":""拌""},{""label"":""烹饪方法"",""text"":""调和""},{""label"":""烹饪方法"",""text"":""滚""},{""label"":""烹饪方法"",""text"":""冻""},{""label"":""烹饪方法"",""text"":""切""},{""label"":""烹饪方法"",""text"":""铺""}]"
502,35,23,21,21,"[{""label"":""食材"",""text"":""盐""},{""label"":""食材"",""text"":""丁香""},{""label"":""食材"",""text"":""羊肉""},{""label"":""食材"",""text"":""牛肉""},{""label"":""食材"",""text"":""小猪""},{""label"":""食材"",""text"":""馒头屑""},{""label"":""食材"",""text"":""猪肉""},{""label"":""食材"",""text"":""胡椒""},{""label"":""食材"",""text"":""牛奶""},{""label"":""食材"",""text"":""鸡蛋""},{""label"":""食材"",""text"":""奶油""},{""label"":""食材"",""text"":""猪肝""},{""label"":""食材"",""text"":""葱花""},{""label"":""食材"",""text"":""肉蔻""},{""label"":""食材"",""text"":""橄榄油""},{""label"":""食材"",""text"":""火腿""},{""label"":""食材"",""text"":""地蛋""},{""label"":""烹饪方法"",""text"":""烘""},{""label"":""烹饪方法"",""text"":""炒""},{""label"":""烹饪方法"",""text"":""熏""},{""label"":""烹饪方法"",""text"":""煎""}]"
503,83,32,82,82,"[{""label"":""食材"",""text"":""萝卜""},{""label"":""食材"",""text"":""茄子""},{""label"":""食材"",""text"":""黄瓜""},{""label"":""食材"",""text"":""葱头""},{""label"":""食材"",""text"":""红萝卜""},{""label"":""食材"",""text"":""瓜""},{""label"":""食材"",""text"":""荫瓜""},{""label"":""食材"",""text"":""北瓜""},{""label"":""食材"",""text"":""玉瓜""},{""label"":""食材"",""text"":""冬瓜""},{""label"":""食材"",""text"":""小瓜""},{""label"":""食材"",""text"":""大瓜""},{""label"":""食材"",""text"":""鲱豆""},{""label"":""食材"",""text"":""陈虿""},{""label"":""食材"",""text"":""盐肉""},{""label"":""食材"",""text"":""奶油""},{""label"":""食材"",""text"":""胡椒""},{""label"":""食材"",""text"":""盐""},{""label"":""食材"",""text"":""醋""},{""label"":""食材"",""text"":""冰糖""},{""label"":""食材"",""text"":""干面""},{""label"":""烹饪方法"",""text"":""煮""},{""label"":""烹饪方法"",""text"":""煎""},{""label"":""烹饪方法"",""text"":""烘""},{""label"":""烹饪方法"",""text"":""浸""},{""label"":""烹饪方法"",""text"":""剥皮""},{""label"":""烹饪方法"",""text"":""切""},{""label"":""烹饪方法"",""text"":""打碎""},{""label"":""烹饪方法"",""text"":""漏去水""},{""label"":""烹饪方法"",""text"":""洗净""},{""label"":""烹饪方法"",""text"":""去老叶""},{""label"":""烹饪方法"",""text"":""去子""},{""label"":""烹饪方法"",""text"":""去皮""},{""label"":""烹饪方法"",""text"":""烧憋""},{""label"":""烹饪方法"",""text"":""整煮""},{""label"":""烹饪方法"",""text"":""切开""},{""label"":""烹饪方法"",""text"":""煮熟""},{""label"":""烹饪方法"",""text"":""浸一夜""},{""label"":""烹饪方法"",""text"":""放深盆内""},{""label"":""烹饪方法"",""text"":""凉水内浸""},{""label"":""烹饪方法"",""text"":""取出""},{""label"":""烹饪方法"",""text"":""放""},{""label"":""烹饪方法"",""text"":""加""},{""label"":""烹饪方法"",""text"":""调和""},{""label"":""烹饪方法"",""text"":""瓷上吃""},{""label"":""烹饪方法"",""text"":""吃""},{""label"":""烹饪方法"",""text"":""作祛""},{""label"":""烹饪方法"",""text"":""作引子""},{""label"":""烹饪方法"",""text"":""同煮""},{""label"":""烹饪方法"",""text"":""取""},{""label"":""烹饪方法"",""text"":""切成棋子块""},{""label"":""烹饪方法"",""text"":""放在盆内""},{""label"":""烹饪方法"",""text"":""汤与豆取平""},{""label"":""烹饪方法"",""text"":""冼诤""},{""label"":""烹饪方法"",""text"":""看莱上虫子""},{""label"":""烹饪方法"",""text"":""用开水快滚""},{""label"":""烹饪方法"",""text"":""粜叶""},{""label"":""烹饪方法"",""text"":""不用刃割""},{""label"":""烹饪方法"",""text"":""加一些盐""},{""label"":""烹饪方法"",""text"":""煮熟后""},{""label"":""烹饪方法"",""text"":""盐""},{""label"":""烹饪方法"",""text"":""胡椒""},{""label"":""烹饪方法"",""text"":""煮熟后漏去水""},{""label"":""烹饪方法"",""text"":""用奶油""},{""label"":""烹饪方法"",""text"":""胡椒盐吃""},{""label"":""烹饪方法"",""text"":""另有切成片""},{""label"":""烹饪方法"",""text"":""等冷时""},{""label"":""烹饪方法"",""text"":""用不多开水加盐煮""},{""label"":""烹饪方法"",""text"":""煮一点半饰或二三十分时候""},{""label"":""烹饪方法"",""text"":""熙豆朐老嫩""},{""label"":""烹饪方法"",""text"":""盐吃""},{""label"":""烹饪方法"",""text"":""明日去水""},{""label"":""烹饪方法"",""text"":""再加开水煮时""},{""label"":""烹饪方法"",""text"":""加一些原汤""},{""label"":""烹饪方法"",""text"":""煎茄子""},{""label"":""烹饪方法"",""text"":""茄子切成片""},{""label"":""烹饪方法"",""text"":""加胡椒盐煎""},{""label"":""烹饪方法"",""text"":""冼净了""},{""label"":""烹饪方法"",""text"":""囫""},{""label"":""烹饪方法"",""text"":""蹩个""},{""label"":""烹饪方法"",""text"":""般轮""},{""label"":""烹饪方法"",""text"":""即车轮""}]"
504,39,14,13,13,"[{""label"":""食材"",""text"":""桃叶""},{""label"":""食材"",""text"":""糖""},{""label"":""食材"",""text"":""奶油""},{""label"":""食材"",""text"":""葡萄酒""},{""label"":""食材"",""text"":""白面""},{""label"":""食材"",""text"":""玉果""},{""label"":""食材"",""text"":""牛奶""},{""label"":""食材"",""text"":""鸡蛋""},{""label"":""食材"",""text"":""桔皮""},{""label"":""食材"",""text"":""奶皮""},{""label"":""食材"",""text"":""冰""},{""label"":""食材"",""text"":""盐""},{""label"":""食材"",""text"":""阿萝萝""}]"
505,2,0,0,0,[]
506,27,23,24,24,"[{""label"":""食材"",""text"":""牛肉""},{""label"":""食材"",""text"":""盐""},{""label"":""食材"",""text"":""猪肉""},{""label"":""食材"",""text"":""胡椒""},{""label"":""食材"",""text"":""丁香""},{""label"":""食材"",""text"":""葱花""},{""label"":""食材"",""text"":""鸡蛋""},{""label"":""食材"",""text"":""馒头屑""},{""label"":""食材"",""text"":""牛心""},{""label"":""食材"",""text"":""牛油""},{""label"":""食材"",""text"":""奶油""},{""label"":""烹饪方法"",""text"":""熏""},{""label"":""烹饪方法"",""text"":""烘""},{""label"":""烹饪方法"",""text"":""烤""},{""label"":""烹饪方法"",""text"":""腌""},{""label"":""烹饪方法"",""text"":""割""},{""label"":""烹饪方法"",""text"":""填""},{""label"":""烹饪方法"",""text"":""滚""},{""label"":""烹饪方法"",""text"":""调和""},{""label"":""烹饪方法"",""text"":""擦""},{""label"":""烹饪方法"",""text"":""挂""},{""label"":""烹饪方法"",""text"":""浇""},{""label"":""烹饪方法"",""text"":""撒""},{""label"":""烹饪方法"",""text"":""洗""}]"
507,47,45,46,46,"[{""label"":""食材"",""text"":""花红""},{""label"":""食材"",""text"":""苹果""},{""label"":""食材"",""text"":""生梨""},{""label"":""烹饪方法"",""text"":""煮""},{""label"":""食材"",""text"":""崧""},{""label"":""烹饪方法"",""text"":""打碎""},{""label"":""烹饪方法"",""text"":""过出""},{""label"":""食材"",""text"":""糖""},{""label"":""食材"",""text"":""玉果""},{""label"":""食材"",""text"":""桂皮""},{""label"":""食材"",""text"":""橙汁""},{""label"":""食材"",""text"":""桃""},{""label"":""烹饪方法"",""text"":""去皮核""},{""label"":""烹饪方法"",""text"":""切碎""},{""label"":""食材"",""text"":""糖""},{""label"":""烹饪方法"",""text"":""煮""},{""label"":""食材"",""text"":""桃叶""},{""label"":""烹饪方法"",""text"":""煮熟""},{""label"":""烹饪方法"",""text"":""取出""},{""label"":""食材"",""text"":""牛奶""},{""label"":""食材"",""text"":""大米""},{""label"":""食材"",""text"":""糖""},{""label"":""烹饪方法"",""text"":""煮熟""},{""label"":""食材"",""text"":""糯米""},{""label"":""食材"",""text"":""樱桃""},{""label"":""食材"",""text"":""糟""},{""label"":""食材"",""text"":""鸡蛋清""},{""label"":""食材"",""text"":""白糖""},{""label"":""烹饪方法"",""text"":""烘""},{""label"":""食材"",""text"":""饭瓜""},{""label"":""食材"",""text"":""方瓜""},{""label"":""烹饪方法"",""text"":""去皮去子""},{""label"":""烹饪方法"",""text"":""煮熟""},{""label"":""烹饪方法"",""text"":""打碎""},{""label"":""烹饪方法"",""text"":""过出""},{""label"":""食材"",""text"":""牛奶""},{""label"":""食材"",""text"":""鸡蛋""},{""label"":""食材"",""text"":""糖""},{""label"":""食材"",""text"":""桂皮""},{""label"":""食材"",""text"":""姜末""},{""label"":""食材"",""text"":""盐""},{""label"":""烹饪方法"",""text"":""烘""},{""label"":""食材"",""text"":""自面""},{""label"":""食材"",""text"":""奶油""},{""label"":""食材"",""text"":""南瓜""},{""label"":""食材"",""text"":""晋瓜""}]"
508,65,20,18,18,"[{""label"":""食材"",""text"":""桃""},{""label"":""食材"",""text"":""糖""},{""label"":""食材"",""text"":""鸡蛋白""},{""label"":""食材"",""text"":""丁香""},{""label"":""食材"",""text"":""酒""},{""label"":""食材"",""text"":""梨""},{""label"":""食材"",""text"":""洋菜""},{""label"":""烹饪方法"",""text"":""去皮""},{""label"":""烹饪方法"",""text"":""去核""},{""label"":""烹饪方法"",""text"":""煮""},{""label"":""烹饪方法"",""text"":""熬""},{""label"":""烹饪方法"",""text"":""晒""},{""label"":""烹饪方法"",""text"":""烧""},{""label"":""烹饪方法"",""text"":""刺""},{""label"":""烹饪方法"",""text"":""装瓶""},{""label"":""烹饪方法"",""text"":""封口""},{""label"":""食疗方"",""text"":""糖桃""},{""label"":""食疗方"",""text"":""酒桃""}]"
509,36,24,24,24,"[{""label"":""食材"",""text"":""肉""},{""label"":""食材"",""text"":""白糖""},{""label"":""食材"",""text"":""牛肉""},{""label"":""食材"",""text"":""牛前小腿骨""},{""label"":""食材"",""text"":""盐""},{""label"":""食材"",""text"":""葱头""},{""label"":""食材"",""text"":""红萝卜""},{""label"":""食材"",""text"":""地蛋""},{""label"":""食材"",""text"":""茛面""},{""label"":""食材"",""text"":""鸡""},{""label"":""食材"",""text"":""大米""},{""label"":""食材"",""text"":""胡椒""},{""label"":""食材"",""text"":""鸡蛋""},{""label"":""食材"",""text"":""干豆""},{""label"":""烹饪方法"",""text"":""煮""},{""label"":""烹饪方法"",""text"":""烘""},{""label"":""烹饪方法"",""text"":""浸""},{""label"":""烹饪方法"",""text"":""切""},{""label"":""烹饪方法"",""text"":""割""},{""label"":""烹饪方法"",""text"":""打碎""},{""label"":""烹饪方法"",""text"":""洗净""},{""label"":""烹饪方法"",""text"":""热吃""},{""label"":""食疗方"",""text"":""鸡汤""},{""label"":""食疗方"",""text"":""豆汤""}]"
510,19,18,17,17,"[{""label"":""食材"",""text"":""牛奶""},{""label"":""食材"",""text"":""白面""},{""label"":""食材"",""text"":""盐""},{""label"":""食材"",""text"":""地蛋""},{""label"":""食材"",""text"":""黄糖""},{""label"":""食材"",""text"":""奶油""},{""label"":""食材"",""text"":""鸡蛋""},{""label"":""烹饪方法"",""text"":""烘""},{""label"":""烹饪方法"",""text"":""揉""},{""label"":""烹饪方法"",""text"":""调和""},{""label"":""烹饪方法"",""text"":""打碎""},{""label"":""烹饪方法"",""text"":""过罗""},{""label"":""烹饪方法"",""text"":""发酵""},{""label"":""食疗方"",""text"":""花酵馒头""},{""label"":""食疗方"",""text"":""呖啦馒头""},{""label"":""食疗方"",""text"":""地蛋馒头""},{""label"":""食疗方"",""text"":""甜馒头""}]"
511,39,20,19,19,"[{""label"":""食材"",""text"":""杏""},{""label"":""食材"",""text"":""糖""},{""label"":""食材"",""text"":""桃""},{""label"":""食材"",""text"":""樱桃""},{""label"":""食材"",""text"":""李子""},{""label"":""食材"",""text"":""奈子""},{""label"":""食材"",""text"":""葡萄""},{""label"":""食材"",""text"":""番柿""},{""label"":""食材"",""text"":""牛肉""},{""label"":""食材"",""text"":""猪肉""},{""label"":""食材"",""text"":""火腿""},{""label"":""食材"",""text"":""红糖""},{""label"":""食材"",""text"":""盐""},{""label"":""烹饪方法"",""text"":""煮""},{""label"":""烹饪方法"",""text"":""装""},{""label"":""烹饪方法"",""text"":""封""},{""label"":""烹饪方法"",""text"":""压""},{""label"":""烹饪方法"",""text"":""搅和""},{""label"":""烹饪方法"",""text"":""腌""}]"
512,10,7,12,12,"[{""label"":""食材"",""text"":""鸡""},{""label"":""食材"",""text"":""茄子""},{""label"":""病症"",""text"":""腹胀""},{""label"":""病症"",""text"":""中蛊""},{""label"":""食材"",""text"":""鱼""},{""label"":""食材"",""text"":""蛇""},{""label"":""食材"",""text"":""虾蟆""},{""label"":""烹饪方法"",""text"":""解""},{""label"":""烹饪方法"",""text"":""吐出""},{""label"":""医家"",""text"":""耿清惠""},{""label"":""医家"",""text"":""杨文贞""},{""label"":""古籍来源"",""text"":""《尸子君治》""}]"
513,11,0,0,0,[]
514,16,12,11,11,"[{""label"":""食材"",""text"":""猪肉""},{""label"":""食材"",""text"":""馒头""},{""label"":""食材"",""text"":""葡匏""},{""label"":""食材"",""text"":""一面一饭""},{""label"":""食材"",""text"":""罗卜""},{""label"":""食材"",""text"":""匏瓜""},{""label"":""医家"",""text"":""韩公亿""},{""label"":""医家"",""text"":""李公若谷""},{""label"":""医家"",""text"":""赵太守""},{""label"":""医家"",""text"":""杜祁公""},{""label"":""古籍来源"",""text"":""唐高钱侍郎兄弟三人""}]"
515,16,0,15,15,"[{""label"":""食材"",""text"":""烧饼""},{""label"":""食材"",""text"":""麦子""},{""label"":""食材"",""text"":""豆子""},{""label"":""食材"",""text"":""糙米饭""},{""label"":""食材"",""text"":""梨""},{""label"":""食材"",""text"":""栗""},{""label"":""食材"",""text"":""枣""},{""label"":""食材"",""text"":""柿""},{""label"":""食材"",""text"":""干肉酱""},{""label"":""医家"",""text"":""李德裕""},{""label"":""医家"",""text"":""寇准""},{""label"":""医家"",""text"":""司马邋公""},{""label"":""医家"",""text"":""司马光""},{""label"":""医家"",""text"":""文彦博""},{""label"":""医家"",""text"":""范纯仁""}]"
516,11,8,8,8,"[{""label"":""食材"",""text"":""牛""},{""label"":""食材"",""text"":""羊""},{""label"":""食材"",""text"":""狗""},{""label"":""食材"",""text"":""猪""},{""label"":""食材"",""text"":""蚬蛤""},{""label"":""食材"",""text"":""螃蟹""},{""label"":""食材"",""text"":""蛤蜊""},{""label"":""古籍来源"",""text"":""《礼记》""}]"
517,31,0,0,0,[]
519,12,4,11,11,"[{""label"":""食材"",""text"":""酒""},{""label"":""禁忌"",""text"":""不要喝酒""},{""label"":""禁忌"",""text"":""不要叫客人喝到醉""},{""label"":""禁忌"",""text"":""不要贪酒""},{""label"":""禁忌"",""text"":""过分地喜好美酒""},{""label"":""禁忌"",""text"":""以嘴不离酒杯为高尚的情趣""},{""label"":""禁忌"",""text"":""长期逸乐过度""},{""label"":""病症"",""text"":""因喝酒而引起的过失""},{""label"":""病症"",""text"":""败坏道德的事例""},{""label"":""养生原则"",""text"":""勤劳俭朴""},{""label"":""古籍来源"",""text"":""《酒训》""}]"
520,10,0,0,0,[]
521,9,7,9,9,"[{""label"":""食材"",""text"":""盐""},{""label"":""食材"",""text"":""水晶盐""},{""label"":""食材"",""text"":""盐根""},{""label"":""食材"",""text"":""青盐""},{""label"":""食材"",""text"":""黄盐""},{""label"":""食材"",""text"":""红盐""},{""label"":""食味"",""text"":""咸""},{""label"":""烹饪方法"",""text"":""煮""},{""label"":""烹饪方法"",""text"":""割""}]"
522,14,8,8,8,"[{""label"":""食材"",""text"":""芝麻""},{""label"":""食材"",""text"":""米""},{""label"":""食材"",""text"":""黄鼠""},{""label"":""食材"",""text"":""松居鼠""},{""label"":""烹饪方法"",""text"":""煮""},{""label"":""烹饪方法"",""text"":""啮""},{""label"":""医家"",""text"":""刘邕""},{""label"":""医家"",""text"":""赵辉""}]"
523,3,0,0,0,[]
524,11,11,10,10,"[{""label"":""食材"",""text"":""荞麦""},{""label"":""古籍来源"",""text"":""《本草》""},{""label"":""古籍来源"",""text"":""《道藏》""},{""label"":""古籍来源"",""text"":""《药石尔雅》""},{""label"":""医家"",""text"":""梅彪""},{""label"":""食材"",""text"":""粟""},{""label"":""食材"",""text"":""黍""},{""label"":""食材"",""text"":""豆""},{""label"":""食材"",""text"":""麦""},{""label"":""医家"",""text"":""李时珍""}]"
525,26,23,17,17,"[{""label"":""食材"",""text"":""糯米粉""},{""label"":""食材"",""text"":""麦面""},{""label"":""食材"",""text"":""糖""},{""label"":""食材"",""text"":""蜜""},{""label"":""食材"",""text"":""米""},{""label"":""食材"",""text"":""黍""},{""label"":""食材"",""text"":""半粉""},{""label"":""烹饪方法"",""text"":""搓揉""},{""label"":""烹饪方法"",""text"":""煎""},{""label"":""烹饪方法"",""text"":""熬煎""},{""label"":""烹饪方法"",""text"":""捣""},{""label"":""食疗方"",""text"":""寒具""},{""label"":""食疗方"",""text"":""馓子""},{""label"":""食疗方"",""text"":""蜜饵""},{""label"":""古籍来源"",""text"":""《楚辞》""},{""label"":""医家"",""text"":""朱子""},{""label"":""医家"",""text"":""朱熹""}]"
526,9,0,6,6,"[{""label"":""食材"",""text"":""水母""},{""label"":""食材"",""text"":""虾""},{""label"":""食材"",""text"":""海蛰""},{""label"":""古籍来源"",""text"":""《松江志》""},{""label"":""古籍来源"",""text"":""《翰墨大全》""},{""label"":""古籍来源"",""text"":""《本草》""}]"
527,5,5,3,3,"[{""label"":""食材"",""text"":""鸡肉""},{""label"":""烹饪方法"",""text"":""炒""},{""label"":""病症"",""text"":""脑痛""}]"
528,7,8,5,5,"[{""label"":""食材"",""text"":""粱米""},{""label"":""食材"",""text"":""南天烛""},{""label"":""食材"",""text"":""墨饭草""},{""label"":""食疗方"",""text"":""青精饭""},{""label"":""古籍来源"",""text"":""《仙经》""}]"
529,16,11,11,11,"[{""label"":""食材"",""text"":""粲""},{""label"":""食材"",""text"":""粝""},{""label"":""食材"",""text"":""稗""},{""label"":""食材"",""text"":""檠""},{""label"":""食材"",""text"":""侍御""},{""label"":""食材"",""text"":""御米""},{""label"":""食材"",""text"":""谷子""},{""label"":""古籍来源"",""text"":""《左佟》""},{""label"":""古籍来源"",""text"":""《九章箅法》""},{""label"":""医家"",""text"":""郑玄""},{""label"":""医家"",""text"":""皇象""}]"
530,15,4,4,4,"[{""label"":""食材"",""text"":""石首鱼""},{""label"":""食材"",""text"":""龟脚""},{""label"":""食材"",""text"":""鹿角莱""},{""label"":""古籍来源"",""text"":""译文""}]"
531,3,1,2,2,"[{""label"":""古籍来源"",""text"":""《本草衍义补》""},{""label"":""医家"",""text"":""朱震草""}]"
532,31,24,24,24,"[{""label"":""食材"",""text"":""姜""},{""label"":""食材"",""text"":""葱""},{""label"":""食材"",""text"":""韭子""},{""label"":""食材"",""text"":""薤白""},{""label"":""食材"",""text"":""独蒜""},{""label"":""食材"",""text"":""小蒜""},{""label"":""食材"",""text"":""生笺""},{""label"":""食疗方"",""text"":""薤白粥""},{""label"":""功效"",""text"":""温中""},{""label"":""功效"",""text"":""化痪""},{""label"":""功效"",""text"":""和中""},{""label"":""功效"",""text"":""通气""},{""label"":""功效"",""text"":""活血""},{""label"":""功效"",""text"":""散謇""},{""label"":""功效"",""text"":""樯精""},{""label"":""功效"",""text"":""暧下""},{""label"":""功效"",""text"":""通滞""},{""label"":""功效"",""text"":""治冷痢""},{""label"":""功效"",""text"":""辟瘟""},{""label"":""功效"",""text"":""解诸毒""},{""label"":""功效"",""text"":""固精""},{""label"":""脏腑"",""text"":""肾""},{""label"":""烹饪方法"",""text"":""调""},{""label"":""烹饪方法"",""text"":""煮""}]"
533,32,27,29,29,"[{""label"":""食疗方"",""text"":""谷芽粥""},{""label"":""烹饪方法"",""text"":""炒研""},{""label"":""功效"",""text"":""消食""},{""label"":""功效"",""text"":""除闷胀""},{""label"":""禁忌"",""text"":""久食伐脾""},{""label"":""食疗方"",""text"":""麦芽粥""},{""label"":""禁忌"",""text"":""久食消肾""},{""label"":""食材"",""text"":""谷芽""},{""label"":""食疗方"",""text"":""豆芽粥""},{""label"":""食材"",""text"":""黄豆""},{""label"":""功效"",""text"":""荣粥补不足""},{""label"":""食材"",""text"":""绿豆芽""},{""label"":""功效"",""text"":""去火""},{""label"":""功效"",""text"":""助生气""},{""label"":""烹饪方法"",""text"":""切细取汤""},{""label"":""食疗方"",""text"":""饧粥""},{""label"":""功效"",""text"":""缓中""},{""label"":""功效"",""text"":""温肺止嗽""},{""label"":""功效"",""text"":""和胃""},{""label"":""食材"",""text"":""饴糖""},{""label"":""食疗方"",""text"":""豆豉粥""},{""label"":""功效"",""text"":""发汗""},{""label"":""功效"",""text"":""止恣汗""},{""label"":""烹饪方法"",""text"":""炒""},{""label"":""功效"",""text"":""止血""},{""label"":""食材"",""text"":""葱""},{""label"":""病症"",""text"":""表邪""},{""label"":""脏腑"",""text"":""脾""},{""label"":""脏腑"",""text"":""肾""}]"
534,37,34,36,36,"[{""label"":""古籍来源"",""text"":""《奉亲养老#》""},{""label"":""病症"",""text"":""耳聋""},{""label"":""食材"",""text"":""猪肾""},{""label"":""烹饪方法"",""text"":""煮粥""},{""label"":""古籍来源"",""text"":""《养老书》""},{""label"":""食材"",""text"":""白石英""},{""label"":""烹饪方法"",""text"":""浸""},{""label"":""烹饪方法"",""text"":""作粥""},{""label"":""功效"",""text"":""气力强健""},{""label"":""功效"",""text"":""颜如童子""},{""label"":""病症"",""text"":""周痹风湿""},{""label"":""功效"",""text"":""通关芍""},{""label"":""功效"",""text"":""明目""},{""label"":""食疗方"",""text"":""滑石粥""},{""label"":""古籍来源"",""text"":""《圣惠方》""},{""label"":""病症"",""text"":""膈_匕烦热""},{""label"":""食材"",""text"":""滑石""},{""label"":""烹饪方法"",""text"":""煎水""},{""label"":""食材"",""text"":""米""},{""label"":""烹饪方法"",""text"":""同煮""},{""label"":""功效"",""text"":""利小便""},{""label"":""功效"",""text"":""荡胸中积聚""},{""label"":""病症"",""text"":""黄胆""},{""label"":""病症"",""text"":""石淋""},{""label"":""病症"",""text"":""水肿""},{""label"":""古籍来源"",""text"":""《炮炙论》""},{""label"":""烹饪方法"",""text"":""研粉""},{""label"":""食材"",""text"":""牡丹皮""},{""label"":""烹饪方法"",""text"":""同煮""},{""label"":""烹饪方法"",""text"":""水淘""},{""label"":""烹饪方法"",""text"":""曝干""},{""label"":""古籍来源"",""text"":""《子母秘录》""},{""label"":""病症"",""text"":""水痢不止""},{""label"":""食材"",""text"":""白石脂""},{""label"":""烹饪方法"",""text"":""研粉""},{""label"":""烹饪方法"",""text"":""和粥""}]"
535,41,38,41,41,"[{""label"":""古籍来源"",""text"":""《多能鄙事》""},{""label"":""病症"",""text"":""目不能远视""},{""label"":""食材"",""text"":""羊肝""},{""label"":""食材"",""text"":""韭子""},{""label"":""烹饪方法"",""text"":""炒""},{""label"":""烹饪方法"",""text"":""研""},{""label"":""烹饪方法"",""text"":""煎""},{""label"":""烹饪方法"",""text"":""煮""},{""label"":""食材"",""text"":""米""},{""label"":""病症"",""text"":""肝风虚热""},{""label"":""病症"",""text"":""目赤""},{""label"":""病症"",""text"":""病后失明""},{""label"":""功效"",""text"":""明目""},{""label"":""食材"",""text"":""青羊肝""},{""label"":""病症"",""text"":""胃弱""},{""label"":""食材"",""text"":""骨""},{""label"":""烹饪方法"",""text"":""槌碎""},{""label"":""烹饪方法"",""text"":""煎""},{""label"":""食材"",""text"":""青粱米""},{""label"":""烹饪方法"",""text"":""煮""},{""label"":""病症"",""text"":""寒中羸瘦""},{""label"":""病症"",""text"":""痢""},{""label"":""功效"",""text"":""补肾""},{""label"":""病症"",""text"":""腰痛""},{""label"":""脏腑"",""text"":""肾""},{""label"":""古籍来源"",""text"":""《食医心镜》""},{""label"":""病症"",""text"":""水气鼓胀""},{""label"":""食材"",""text"":""犬肉""},{""label"":""食材"",""text"":""米""},{""label"":""烹饪方法"",""text"":""煮""},{""label"":""功效"",""text"":""安五脏""},{""label"":""功效"",""text"":""补艴伤""},{""label"":""功效"",""text"":""益阴事""},{""label"":""功效"",""text"":""厚肠胃""},{""label"":""功效"",""text"":""填精髓""},{""label"":""功效"",""text"":""暖腰膝""},{""label"":""食材"",""text"":""黄狗肉""},{""label"":""功效"",""text"":""补益虚劳""},{""label"":""禁忌"",""text"":""不可去血""},{""label"":""医家"",""text"":""刘基""},{""label"":""医家"",""text"":""孙思邈""}]"
536,23,19,22,22,"[{""label"":""病症"",""text"":""热咳""},{""label"":""病症"",""text"":""心热""},{""label"":""病症"",""text"":""翻胃""},{""label"":""病症"",""text"":""口渴""},{""label"":""功效"",""text"":""补卫气""},{""label"":""食疗方"",""text"":""鸟苓粥""},{""label"":""功效"",""text"":""益人""},{""label"":""食材"",""text"":""兔丝根""},{""label"":""食材"",""text"":""白苓""},{""label"":""食材"",""text"":""鸡肾子""},{""label"":""功效"",""text"":""补肾""},{""label"":""食材"",""text"":""天冬""},{""label"":""食材"",""text"":""麦冬""},{""label"":""食材"",""text"":""兔丝子""},{""label"":""功效"",""text"":""补肾固精""},{""label"":""功效"",""text"":""养肝明目""},{""label"":""食材"",""text"":""鸡肾草""},{""label"":""食材"",""text"":""腰子草""},{""label"":""食材"",""text"":""双草""},{""label"":""食材"",""text"":""肾经卓""},{""label"":""食性"",""text"":""温""},{""label"":""功效"",""text"":""补肾壮阳""}]"
537,28,28,27,27,"[{""label"":""食疗方"",""text"":""防风粥""},{""label"":""病症"",""text"":""风邪头疼""},{""label"":""食材"",""text"":""防风""},{""label"":""病症"",""text"":""风寒咳嗽""},{""label"":""病症"",""text"":""烦渴""},{""label"":""食材"",""text"":""葛根""},{""label"":""功效"",""text"":""安胃解热""},{""label"":""食疗方"",""text"":""大麻仁粥""},{""label"":""病症"",""text"":""秘""},{""label"":""病症"",""text"":""通淋""},{""label"":""食材"",""text"":""粳米""},{""label"":""食材"",""text"":""椒""},{""label"":""食材"",""text"":""盐""},{""label"":""食材"",""text"":""豉""},{""label"":""功效"",""text"":""开胃通襟""},{""label"":""功效"",""text"":""发汗""},{""label"":""功效"",""text"":""祛风""},{""label"":""功效"",""text"":""止痛""},{""label"":""功效"",""text"":""解痉""},{""label"":""食材"",""text"":""紫菀""},{""label"":""功效"",""text"":""祛痰""},{""label"":""功效"",""text"":""止咳""},{""label"":""功效"",""text"":""解热""},{""label"":""功效"",""text"":""解渴""},{""label"":""病症"",""text"":""便秘""},{""label"":""医家"",""text"":""白乐天""},{""label"":""古籍来源"",""text"":""云仙杂记""}]"
538,38,29,38,38,"[{""label"":""功效"",""text"":""除湿逐风止痢""},{""label"":""古籍来源"",""text"":""《风土记》""},{""label"":""食材"",""text"":""茱萸""},{""label"":""功效"",""text"":""辟恶""},{""label"":""古籍来源"",""text"":""《肘后方》""},{""label"":""病症"",""text"":""老年久疟""},{""label"":""食材"",""text"":""秫米""},{""label"":""烹饪方法"",""text"":""煮""},{""label"":""病症"",""text"":""水胀""},{""label"":""病症"",""text"":""胸中痰结""},{""label"":""功效"",""text"":""截疟""},{""label"":""食性"",""text"":""暴悍""},{""label"":""功效"",""text"":""发吐""},{""label"":""食材"",""text"":""甘草末""},{""label"":""烹饪方法"",""text"":""拌蒸""},{""label"":""食材"",""text"":""米""},{""label"":""烹饪方法"",""text"":""煮""},{""label"":""古籍来源"",""text"":""《千金翼方》""},{""label"":""烹饪方法"",""text"":""槌碎""},{""label"":""烹饪方法"",""text"":""水浸""},{""label"":""烹饪方法"",""text"":""澄清""},{""label"":""烹饪方法"",""text"":""煮粥""},{""label"":""功效"",""text"":""轻身延年""},{""label"":""病症"",""text"":""肺痿""},{""label"":""病症"",""text"":""湿痹""},{""label"":""病症"",""text"":""胆黄""},{""label"":""脏腑"",""text"":""大肠""},{""label"":""古籍来源"",""text"":""《本草衍义》""},{""label"":""功效"",""text"":""攻疾""},{""label"":""禁忌"",""text"":""可暂用""},{""label"":""禁忌"",""text"":""未闻久服之益""},{""label"":""食疗方"",""text"":""紫石英粥""},{""label"":""古籍来源"",""text"":""《备急方》""},{""label"":""病症"",""text"":""虚劳惊悸""},{""label"":""食材"",""text"":""紫石英""},{""label"":""烹饪方法"",""text"":""打如豆""},{""label"":""烹饪方法"",""text"":""煮""},{""label"":""烹饪方法"",""text"":""取汁""}]"
539,43,37,36,36,"[{""label"":""食材"",""text"":""牛膝""},{""label"":""食材"",""text"":""嫩苗叶""},{""label"":""病症"",""text"":""血淋""},{""label"":""病症"",""text"":""老人热淋""},{""label"":""食材"",""text"":""车前子""},{""label"":""烹饪方法"",""text"":""煮汁""},{""label"":""食材"",""text"":""青秣米""},{""label"":""烹饪方法"",""text"":""作粥""},{""label"":""食材"",""text"":""决明子""},{""label"":""烹饪方法"",""text"":""为末""},{""label"":""病症"",""text"":""久失明""},{""label"":""烹饪方法"",""text"":""瀹过""},{""label"":""烹饪方法"",""text"":""作粥""},{""label"":""功效"",""text"":""明目""},{""label"":""病症"",""text"":""喘嗽""},{""label"":""病症"",""text"":""息有声""},{""label"":""病症"",""text"":""唾粘""},{""label"":""食材"",""text"":""叶""},{""label"":""烹饪方法"",""text"":""浸""},{""label"":""烹饪方法"",""text"":""捣汁""},{""label"":""食材"",""text"":""杏仁泥""},{""label"":""食材"",""text"":""车前""},{""label"":""食材"",""text"":""车前草""},{""label"":""食材"",""text"":""车前子""},{""label"":""功效"",""text"":""利尿""},{""label"":""功效"",""text"":""渗利水湿""},{""label"":""功效"",""text"":""清泄湿热""},{""label"":""食材"",""text"":""决明子""},{""label"":""功效"",""text"":""清热明目""},{""label"":""功效"",""text"":""利尿""},{""label"":""食材"",""text"":""蓝""},{""label"":""食材"",""text"":""蓝实""},{""label"":""食材"",""text"":""蓝子""},{""label"":""食性"",""text"":""寒""},{""label"":""食味"",""text"":""甘""},{""label"":""功效"",""text"":""清热解毒""}]"
540,25,25,25,25,"[{""label"":""食疗方"",""text"":""桂花粥""},{""label"":""功效"",""text"":""悦神""},{""label"":""食疗方"",""text"":""木樨糖点粥""},{""label"":""功效"",""text"":""开胃畅膈""},{""label"":""食疗方"",""text"":""桂浆粥""},{""label"":""食材"",""text"":""官桂""},{""label"":""烹饪方法"",""text"":""熬""},{""label"":""食材"",""text"":""水""},{""label"":""烹饪方法"",""text"":""煮""},{""label"":""食材"",""text"":""粥""},{""label"":""功效"",""text"":""祛寒""},{""label"":""食材"",""text"":""蜜""},{""label"":""功效"",""text"":""和中""},{""label"":""食疗方"",""text"":""桂子粥""},{""label"":""功效"",""text"":""暖脏""},{""label"":""食疗方"",""text"":""椿芽粥""},{""label"":""功效"",""text"":""畅气""},{""label"":""功效"",""text"":""去头风""},{""label"":""禁忌"",""text"":""食之多睡""},{""label"":""食材"",""text"":""榆钱""},{""label"":""食材"",""text"":""面""},{""label"":""古籍来源"",""text"":""《唐书》""},{""label"":""古籍来源"",""text"":""《本草纲目.木部二》""},{""label"":""食材"",""text"":""榆皮""},{""label"":""烹饪方法"",""text"":""捣""}]"
541,8,5,5,5,"[{""label"":""食材"",""text"":""粥""},{""label"":""食材"",""text"":""白粲""},{""label"":""古籍来源"",""text"":""《月令》""},{""label"":""古籍来源"",""text"":""《檀弓》""},{""label"":""古籍来源"",""text"":""《左传》""}]"
542,37,36,32,32,"[{""label"":""食材"",""text"":""淡竹叶""},{""label"":""功效"",""text"":""除烦热""},{""label"":""功效"",""text"":""利小便""},{""label"":""功效"",""text"":""清心""},{""label"":""古籍来源"",""text"":""《纲目》""},{""label"":""烹饪方法"",""text"":""煎汤""},{""label"":""烹饪方法"",""text"":""煮饭""},{""label"":""功效"",""text"":""辟暑""},{""label"":""烹饪方法"",""text"":""煮粥""},{""label"":""食疗方"",""text"":""贝母粥""},{""label"":""古籍来源"",""text"":""资生录""},{""label"":""功效"",""text"":""化痰止嗽""},{""label"":""功效"",""text"":""止血""},{""label"":""烹饪方法"",""text"":""研""},{""label"":""病症"",""text"":""喉痹""},{""label"":""病症"",""text"":""目眩""},{""label"":""功效"",""text"":""开郁""},{""label"":""食材"",""text"":""贝母""},{""label"":""古籍来源"",""text"":""《尔雅》""},{""label"":""食疗方"",""text"":""竹叶粥""},{""label"":""古籍来源"",""text"":""《奉亲养老书》""},{""label"":""病症"",""text"":""内热""},{""label"":""病症"",""text"":""月赤""},{""label"":""病症"",""text"":""头痛""},{""label"":""食材"",""text"":""石膏""},{""label"":""烹饪方法"",""text"":""同煮""},{""label"":""食材"",""text"":""沙糖""},{""label"":""医家"",""text"":""仲景""},{""label"":""古籍来源"",""text"":""竹叶石膏汤""},{""label"":""病症"",""text"":""时邪发热""},{""label"":""功效"",""text"":""解渴""},{""label"":""功效"",""text"":""解郁""}]"
543,45,41,41,41,"[{""label"":""食材"",""text"":""淡莱""},{""label"":""古籍来源"",""text"":""《行厨纪要》""},{""label"":""功效"",""text"":""止泄泻""},{""label"":""功效"",""text"":""补肾""},{""label"":""病症"",""text"":""劳伤""},{""label"":""病症"",""text"":""精血衰少""},{""label"":""病症"",""text"":""吐血""},{""label"":""病症"",""text"":""腰痈""},{""label"":""病症"",""text"":""瘿""},{""label"":""古籍来源"",""text"":""《刊石药验》""},{""label"":""食材"",""text"":""萝卜""},{""label"":""食材"",""text"":""冬瓜""},{""label"":""食材"",""text"":""米""},{""label"":""食疗方"",""text"":""鸡汁粥""},{""label"":""古籍来源"",""text"":""《食医心镜》""},{""label"":""病症"",""text"":""狂疾""},{""label"":""食材"",""text"":""雄鸡""},{""label"":""古籍来源"",""text"":""《奉亲养老书》""},{""label"":""病症"",""text"":""脚气""},{""label"":""食材"",""text"":""乌骨雄鸡""},{""label"":""功效"",""text"":""补虚养血""},{""label"":""禁忌"",""text"":""风病忌食""},{""label"":""医家"",""text"":""陶弘景""},{""label"":""古籍来源"",""text"":""《真诰》""},{""label"":""食材"",""text"":""白雄鸡""},{""label"":""功效"",""text"":""辟邪""},{""label"":""食材"",""text"":""野鸡""},{""label"":""食疗方"",""text"":""鸭汁粥""},{""label"":""病症"",""text"":""水病垂死""},{""label"":""食材"",""text"":""青头鸭""},{""label"":""烹饪方法"",""text"":""煮""},{""label"":""功效"",""text"":""补旋除热""},{""label"":""功效"",""text"":""利水道""},{""label"":""功效"",""text"":""止热痢""},{""label"":""古籍来源"",""text"":""《禽经》""},{""label"":""古籍来源"",""text"":""《别录》""},{""label"":""古籍来源"",""text"":""《名医别录》""},{""label"":""病症"",""text"":""瘘""},{""label"":""古籍来源"",""text"":""《行盱纪要》""},{""label"":""医家"",""text"":""冯耘庐""},{""label"":""养生原则"",""text"":""最益老人""}]"
544,30,33,23,23,"[{""label"":""食性"",""text"":""平""},{""label"":""食性"",""text"":""热""},{""label"":""病症"",""text"":""渴""},{""label"":""古籍来源"",""text"":""《梵书》""},{""label"":""食材"",""text"":""腐浆""},{""label"":""食材"",""text"":""豆""},{""label"":""功效"",""text"":""润肺""},{""label"":""功效"",""text"":""消胀满""},{""label"":""功效"",""text"":""下大肠浊气""},{""label"":""功效"",""text"":""利小便""},{""label"":""禁忌"",""text"":""暑月入人汗有毒""},{""label"":""食材"",""text"":""甜浆粥""},{""label"":""功效"",""text"":""解煤毒""},{""label"":""食材"",""text"":""龙眼肉""},{""label"":""功效"",""text"":""开胃悦智""},{""label"":""功效"",""text"":""养心益智""},{""label"":""功效"",""text"":""通神明""},{""label"":""古籍来源"",""text"":""《本草衍义》""},{""label"":""功效"",""text"":""治邪气""},{""label"":""功效"",""text"":""久服强魂""},{""label"":""功效"",""text"":""轻身不老""},{""label"":""食材"",""text"":""大枣""},{""label"":""功效"",""text"":""皮利肉""}]"
545,29,27,27,27,"[{""label"":""食材"",""text"":""松实""},{""label"":""食材"",""text"":""菊苗""},{""label"":""食材"",""text"":""菊花""},{""label"":""食味"",""text"":""甘""},{""label"":""食味"",""text"":""苦""},{""label"":""功效"",""text"":""清头目""},{""label"":""功效"",""text"":""除胸中烦热""},{""label"":""功效"",""text"":""去风眩""},{""label"":""功效"",""text"":""安肠胃""},{""label"":""功效"",""text"":""养肝血""},{""label"":""功效"",""text"":""悦颜色""},{""label"":""功效"",""text"":""清风眩""},{""label"":""功效"",""text"":""除热""},{""label"":""功效"",""text"":""解渴""},{""label"":""功效"",""text"":""明目""},{""label"":""功效"",""text"":""治诸疮毒""},{""label"":""古籍来源"",""text"":""《列仙传》""},{""label"":""古籍来源"",""text"":""《夭宝单方》""},{""label"":""古籍来源"",""text"":""《花谱》""},{""label"":""古籍来源"",""text"":""《采珍集》""},{""label"":""医家"",""text"":""刘向""},{""label"":""医家"",""text"":""陈枚""},{""label"":""烹饪方法"",""text"":""煮粥""},{""label"":""烹饪方法"",""text"":""晒干""},{""label"":""烹饪方法"",""text"":""磨粉""},{""label"":""烹饪方法"",""text"":""点茶""},{""label"":""食疗方"",""text"":""梅花粥""}]"
546,15,10,9,9,"[{""label"":""古籍来源"",""text"":""《韩诗外传》""},{""label"":""古籍来源"",""text"":""《左传.昭公七年》""},{""label"":""古籍来源"",""text"":""《粥谱》""},{""label"":""食材"",""text"":""粥""},{""label"":""食材"",""text"":""陈粟""},{""label"":""食材"",""text"":""陈仓米""},{""label"":""烹饪方法"",""text"":""煮""},{""label"":""养生原则"",""text"":""养老""},{""label"":""医家"",""text"":""韩婴""}]"
547,21,20,21,21,"[{""label"":""食材"",""text"":""粳米""},{""label"":""食材"",""text"":""晚稻""},{""label"":""食材"",""text"":""早稻""},{""label"":""食材"",""text"":""陈藻米""},{""label"":""食材"",""text"":""秋谷""},{""label"":""食材"",""text"":""炒舟米""},{""label"":""食材"",""text"":""焦锅笆""},{""label"":""古籍来源"",""text"":""《本草纲目》""},{""label"":""食材"",""text"":""籼米""},{""label"":""食材"",""text"":""粟米""},{""label"":""食材"",""text"":""粱米""},{""label"":""功效"",""text"":""利小便""},{""label"":""功效"",""text"":""止烦渴""},{""label"":""功效"",""text"":""养脾胃""},{""label"":""食材"",""text"":""糯米""},{""label"":""食材"",""text"":""秫米""},{""label"":""食材"",""text"":""黍米""},{""label"":""功效"",""text"":""益气""},{""label"":""病症"",""text"":""庞寒泄痢吐逆""},{""label"":""食材"",""text"":""陈麇米""},{""label"":""食材"",""text"":""陈仓米""}]"
548,10,10,9,9,"[{""label"":""古籍来源"",""text"":""《食疗》""},{""label"":""古籍来源"",""text"":""《食治》""},{""label"":""古籍来源"",""text"":""《食医》""},{""label"":""古籍来源"",""text"":""《服食经》""},{""label"":""古籍来源"",""text"":""《饮膳正要》""},{""label"":""食疗方"",""text"":""人参粥""},{""label"":""功效"",""text"":""补元气""},{""label"":""食材"",""text"":""珍珠""},{""label"":""养生原则"",""text"":""颐养""}]"
549,12,12,10,10,"[{""label"":""古籍来源"",""text"":""《粥谱》""},{""label"":""食材"",""text"":""米""},{""label"":""食材"",""text"":""水""},{""label"":""烹饪方法"",""text"":""煮""},{""label"":""功效"",""text"":""益人""},{""label"":""功效"",""text"":""调养""},{""label"":""功效"",""text"":""治疾""},{""label"":""养生原则"",""text"":""气味轻清香美适口者为上品""},{""label"":""养生原则"",""text"":""少逊者为中品""},{""label"":""养生原则"",""text"":""重浊者为下品""}]"
550,27,27,23,23,"[{""label"":""食材"",""text"":""玫瑰片""},{""label"":""食材"",""text"":""梅酱""},{""label"":""食材"",""text"":""梅干""},{""label"":""食材"",""text"":""桂花""},{""label"":""食材"",""text"":""鸟梅肉""},{""label"":""食材"",""text"":""洋糖""},{""label"":""食材"",""text"":""生姜""},{""label"":""食材"",""text"":""甘草""},{""label"":""食材"",""text"":""乌梅""},{""label"":""食材"",""text"":""沙糖""},{""label"":""食材"",""text"":""红梅""},{""label"":""食材"",""text"":""白矾""},{""label"":""烹饪方法"",""text"":""切碎""},{""label"":""烹饪方法"",""text"":""焯""},{""label"":""烹饪方法"",""text"":""捣烂""},{""label"":""烹饪方法"",""text"":""煎""},{""label"":""烹饪方法"",""text"":""捶碎""},{""label"":""烹饪方法"",""text"":""煮""},{""label"":""烹饪方法"",""text"":""拌""},{""label"":""烹饪方法"",""text"":""泡""},{""label"":""食疗方"",""text"":""鸟梅饼""},{""label"":""食疗方"",""text"":""鸟梅膏""},{""label"":""食疗方"",""text"":""鸟梅酱""}]"
551,33,21,19,19,"[{""label"":""食材"",""text"":""猪头""},{""label"":""食材"",""text"":""酒""},{""label"":""食材"",""text"":""酱油""},{""label"":""食材"",""text"":""盐""},{""label"":""食材"",""text"":""葱姜""},{""label"":""食材"",""text"":""桂皮""},{""label"":""食材"",""text"":""瓦片""},{""label"":""食材"",""text"":""竹架""},{""label"":""食材"",""text"":""松鲞""},{""label"":""食材"",""text"":""粟丁""},{""label"":""食材"",""text"":""香子仁""},{""label"":""食材"",""text"":""香蕈丝""},{""label"":""食材"",""text"":""木耳丝""},{""label"":""食材"",""text"":""笋丁""},{""label"":""烹饪方法"",""text"":""蒸""},{""label"":""烹饪方法"",""text"":""烧""},{""label"":""烹饪方法"",""text"":""煨""},{""label"":""烹饪方法"",""text"":""煮""},{""label"":""烹饪方法"",""text"":""切""}]"
552,47,34,27,27,"[{""label"":""食材"",""text"":""醋""},{""label"":""食材"",""text"":""猪肚""},{""label"":""食材"",""text"":""盐""},{""label"":""食材"",""text"":""酒""},{""label"":""食材"",""text"":""矾""},{""label"":""食材"",""text"":""糯米""},{""label"":""食材"",""text"":""火腿""},{""label"":""食材"",""text"":""百合""},{""label"":""食材"",""text"":""建莲""},{""label"":""食材"",""text"":""芡仁""},{""label"":""食材"",""text"":""葱""},{""label"":""食材"",""text"":""蜜""},{""label"":""食材"",""text"":""蛋清""},{""label"":""食材"",""text"":""香蕈粉""},{""label"":""食材"",""text"":""肉汁""},{""label"":""烹饪方法"",""text"":""煮""},{""label"":""烹饪方法"",""text"":""煨""},{""label"":""烹饪方法"",""text"":""炒""},{""label"":""烹饪方法"",""text"":""炮炒""},{""label"":""烹饪方法"",""text"":""粘""},{""label"":""烹饪方法"",""text"":""压""},{""label"":""烹饪方法"",""text"":""灌""},{""label"":""烹饪方法"",""text"":""切""},{""label"":""烹饪方法"",""text"":""切丁""},{""label"":""烹饪方法"",""text"":""切块""},{""label"":""烹饪方法"",""text"":""切段""},{""label"":""烹饪方法"",""text"":""缝""}]"
553,26,29,20,20,"[{""label"":""食材"",""text"":""大茴""},{""label"":""食材"",""text"":""花椒""},{""label"":""食材"",""text"":""大葱头""},{""label"":""食材"",""text"":""醋""},{""label"":""食材"",""text"":""牛肉""},{""label"":""食材"",""text"":""盐""},{""label"":""食材"",""text"":""稻草""},{""label"":""食材"",""text"":""甜酱""},{""label"":""食材"",""text"":""酒""},{""label"":""食材"",""text"":""莱油""},{""label"":""食材"",""text"":""牛舌""},{""label"":""烹饪方法"",""text"":""晒""},{""label"":""烹饪方法"",""text"":""压""},{""label"":""烹饪方法"",""text"":""煮""},{""label"":""烹饪方法"",""text"":""煨""},{""label"":""烹饪方法"",""text"":""腌""},{""label"":""烹饪方法"",""text"":""风干""},{""label"":""烹饪方法"",""text"":""切""},{""label"":""烹饪方法"",""text"":""拆""},{""label"":""食疗方"",""text"":""牛肉脯""}]"
554,31,21,27,27,"[{""label"":""食材"",""text"":""曲末""},{""label"":""食材"",""text"":""米""},{""label"":""食材"",""text"":""白面""},{""label"":""食材"",""text"":""糯米粉""},{""label"":""食材"",""text"":""糯米""},{""label"":""食材"",""text"":""黄米""},{""label"":""食材"",""text"":""绿豆""},{""label"":""食材"",""text"":""莲花""},{""label"":""烹饪方法"",""text"":""炊""},{""label"":""烹饪方法"",""text"":""煎""},{""label"":""烹饪方法"",""text"":""投""},{""label"":""烹饪方法"",""text"":""踏""},{""label"":""烹饪方法"",""text"":""晒""},{""label"":""烹饪方法"",""text"":""露""},{""label"":""烹饪方法"",""text"":""磨""},{""label"":""烹饪方法"",""text"":""簸""},{""label"":""烹饪方法"",""text"":""浸""},{""label"":""烹饪方法"",""text"":""和""},{""label"":""烹饪方法"",""text"":""跨""},{""label"":""功效"",""text"":""去风劳令气""},{""label"":""功效"",""text"":""身中积滞宿疾""},{""label"":""功效"",""text"":""令人肥健""},{""label"":""功效"",""text"":""行如奔马""},{""label"":""禁忌"",""text"":""不可多放""},{""label"":""食疗方"",""text"":""白曲""},{""label"":""食疗方"",""text"":""内府秘传曲""},{""label"":""食疗方"",""text"":""莲花曲""}]"
555,22,20,20,20,"[{""label"":""食材"",""text"":""蛋""},{""label"":""食材"",""text"":""丁香""},{""label"":""食材"",""text"":""桂皮""},{""label"":""食材"",""text"":""酱油""},{""label"":""食材"",""text"":""老酒""},{""label"":""食材"",""text"":""火腿""},{""label"":""食材"",""text"":""鲜肉""},{""label"":""食材"",""text"":""鸡""},{""label"":""食材"",""text"":""鸭""},{""label"":""食材"",""text"":""牛乳""},{""label"":""食材"",""text"":""胡桃仁""},{""label"":""食材"",""text"":""冰糖""},{""label"":""食材"",""text"":""姜汁""},{""label"":""烹饪方法"",""text"":""煮""},{""label"":""烹饪方法"",""text"":""煨""},{""label"":""烹饪方法"",""text"":""蒸""},{""label"":""烹饪方法"",""text"":""研""},{""label"":""功效"",""text"":""补益""},{""label"":""病症"",""text"":""气燥""},{""label"":""病症"",""text"":""有痰""}]"
556,29,30,27,27,"[{""label"":""食材"",""text"":""盐""},{""label"":""食材"",""text"":""水""},{""label"":""食材"",""text"":""榛仁""},{""label"":""烹饪方法"",""text"":""炒""},{""label"":""食材"",""text"":""脂油""},{""label"":""烹饪方法"",""text"":""炸""},{""label"":""食材"",""text"":""洋糖""},{""label"":""食材"",""text"":""松仁""},{""label"":""烹饪方法"",""text"":""摊""},{""label"":""烹饪方法"",""text"":""焙""},{""label"":""食材"",""text"":""松子""},{""label"":""食材"",""text"":""防风""},{""label"":""食材"",""text"":""酥油""},{""label"":""食材"",""text"":""白面""},{""label"":""烹饪方法"",""text"":""化开""},{""label"":""烹饪方法"",""text"":""搅匀""},{""label"":""烹饪方法"",""text"":""揉擦""},{""label"":""烹饪方法"",""text"":""擀平""},{""label"":""烹饪方法"",""text"":""印""},{""label"":""食材"",""text"":""松仁""},{""label"":""烹饪方法"",""text"":""炙""},{""label"":""食性"",""text"":""微温""},{""label"":""食味"",""text"":""辛""},{""label"":""食味"",""text"":""甘""},{""label"":""功效"",""text"":""发表""},{""label"":""功效"",""text"":""祛风""},{""label"":""功效"",""text"":""胜湿""}]"
557,36,28,28,28,"[{""label"":""食材"",""text"":""鹌鹑""},{""label"":""食材"",""text"":""竹鸡""},{""label"":""食材"",""text"":""鸽子""},{""label"":""食材"",""text"":""黄雀""},{""label"":""食材"",""text"":""野鸡""},{""label"":""食材"",""text"":""麻雀""},{""label"":""食材"",""text"":""山禽""},{""label"":""食材"",""text"":""鱼""},{""label"":""食材"",""text"":""椒盐""},{""label"":""食材"",""text"":""酒""},{""label"":""食材"",""text"":""葱""},{""label"":""食材"",""text"":""茶油""},{""label"":""食材"",""text"":""芝麻油""},{""label"":""食材"",""text"":""脂油""},{""label"":""食材"",""text"":""熟饭""},{""label"":""食材"",""text"":""姜丝""},{""label"":""食材"",""text"":""甜酱瓜""},{""label"":""食材"",""text"":""甜酒""},{""label"":""食材"",""text"":""莱油""},{""label"":""烹饪方法"",""text"":""洗净""},{""label"":""烹饪方法"",""text"":""煮""},{""label"":""烹饪方法"",""text"":""晒干""},{""label"":""烹饪方法"",""text"":""炒""},{""label"":""烹饪方法"",""text"":""炙""},{""label"":""烹饪方法"",""text"":""滚""},{""label"":""烹饪方法"",""text"":""捞""},{""label"":""烹饪方法"",""text"":""配""},{""label"":""烹饪方法"",""text"":""和匀""}]"
559,29,23,20,20,"[{""label"":""食材"",""text"":""松菌""},{""label"":""食材"",""text"":""熟肚""},{""label"":""食材"",""text"":""鱼翅""},{""label"":""食材"",""text"":""生肚""},{""label"":""食材"",""text"":""豆粉""},{""label"":""食材"",""text"":""鸡汤""},{""label"":""食材"",""text"":""肚""},{""label"":""食材"",""text"":""肺""},{""label"":""食材"",""text"":""火腿""},{""label"":""食材"",""text"":""小红萝卜""},{""label"":""食材"",""text"":""笋片""},{""label"":""食材"",""text"":""香蕈""},{""label"":""食材"",""text"":""木耳""},{""label"":""食材"",""text"":""鸡片""},{""label"":""烹饪方法"",""text"":""切丝""},{""label"":""烹饪方法"",""text"":""拌""},{""label"":""烹饪方法"",""text"":""煮""},{""label"":""烹饪方法"",""text"":""炒""},{""label"":""烹饪方法"",""text"":""煨""},{""label"":""烹饪方法"",""text"":""切小方块""}]"
560,32,33,31,32,"[{""label"":""食材"",""text"":""鲟鱼""},{""label"":""食材"",""text"":""冬笋""},{""label"":""食材"",""text"":""酒娘""},{""label"":""食材"",""text"":""洋糖""},{""label"":""食材"",""text"":""鲱""},{""label"":""食材"",""text"":""盐""},{""label"":""食材"",""text"":""椒""},{""label"":""食材"",""text"":""麻油""},{""label"":""食材"",""text"":""鹅卵石""},{""label"":""食材"",""text"":""鳇鱼""},{""label"":""食材"",""text"":""火腿""},{""label"":""食材"",""text"":""鸡油""},{""label"":""食材"",""text"":""香蕈""},{""label"":""食材"",""text"":""青笄""},{""label"":""食材"",""text"":""黄酒""},{""label"":""食材"",""text"":""酱油""},{""label"":""食材"",""text"":""茴香""},{""label"":""食材"",""text"":""姜""},{""label"":""烹饪方法"",""text"":""切骰子块""},{""label"":""烹饪方法"",""text"":""煮熟""},{""label"":""烹饪方法"",""text"":""煮""},{""label"":""烹饪方法"",""text"":""盐腌""},{""label"":""烹饪方法"",""text"":""拌""},{""label"":""烹饪方法"",""text"":""压""},{""label"":""烹饪方法"",""text"":""煨""},{""label"":""烹饪方法"",""text"":""切方块""},{""label"":""烹饪方法"",""text"":""下锅""},{""label"":""烹饪方法"",""text"":""煮透""},{""label"":""烹饪方法"",""text"":""切大方块""},{""label"":""烹饪方法"",""text"":""滚""},{""label"":""烹饪方法"",""text"":""起锅""},{""label"":""烹饪方法"",""text"":""装""}]"
561,25,23,22,23,"[{""label"":""食材"",""text"":""肥鸡""},{""label"":""食材"",""text"":""虾油""},{""label"":""食材"",""text"":""糟酒""},{""label"":""食材"",""text"":""酱油""},{""label"":""食材"",""text"":""脯""},{""label"":""食材"",""text"":""腐皮""},{""label"":""食材"",""text"":""海参""},{""label"":""食材"",""text"":""青莱心""},{""label"":""烹饪方法"",""text"":""片取""},{""label"":""烹饪方法"",""text"":""煮熟""},{""label"":""烹饪方法"",""text"":""沥干""},{""label"":""烹饪方法"",""text"":""蘸""},{""label"":""烹饪方法"",""text"":""晒干""},{""label"":""烹饪方法"",""text"":""煮""},{""label"":""烹饪方法"",""text"":""切块""},{""label"":""烹饪方法"",""text"":""划开""},{""label"":""烹饪方法"",""text"":""油炸""},{""label"":""烹饪方法"",""text"":""煨""},{""label"":""烹饪方法"",""text"":""裹""},{""label"":""烹饪方法"",""text"":""切段""},{""label"":""食材"",""text"":""葱""},{""label"":""食材"",""text"":""姜汁""},{""label"":""古籍来源"",""text"":""《礼记》""}]"
562,58,44,38,38,"[{""label"":""食材"",""text"":""石耳""},{""label"":""食材"",""text"":""鸭""},{""label"":""食材"",""text"":""鱼肚""},{""label"":""食材"",""text"":""黄酒""},{""label"":""食材"",""text"":""糟鸭""},{""label"":""食材"",""text"":""火腿""},{""label"":""食材"",""text"":""鸭舌""},{""label"":""食材"",""text"":""鸡""},{""label"":""食材"",""text"":""鸭肫肝""},{""label"":""食材"",""text"":""瓤肉""},{""label"":""食材"",""text"":""苡仁""},{""label"":""食材"",""text"":""莲肉""},{""label"":""食材"",""text"":""杂果""},{""label"":""食材"",""text"":""山药""},{""label"":""食材"",""text"":""百合""},{""label"":""食材"",""text"":""糟鱼""},{""label"":""食材"",""text"":""洋糖""},{""label"":""食材"",""text"":""火酒""},{""label"":""食材"",""text"":""鱼酱""},{""label"":""食材"",""text"":""芷果叶""},{""label"":""食材"",""text"":""鲫鱼""},{""label"":""食材"",""text"":""鲞鱼""},{""label"":""食材"",""text"":""鲢鱼""},{""label"":""食材"",""text"":""酱油""},{""label"":""烹饪方法"",""text"":""煨""},{""label"":""烹饪方法"",""text"":""煮""},{""label"":""烹饪方法"",""text"":""浸""},{""label"":""烹饪方法"",""text"":""切""},{""label"":""烹饪方法"",""text"":""烧""},{""label"":""烹饪方法"",""text"":""油炸""},{""label"":""烹饪方法"",""text"":""红烧""},{""label"":""烹饪方法"",""text"":""焖""},{""label"":""烹饪方法"",""text"":""炒""},{""label"":""烹饪方法"",""text"":""烘""},{""label"":""烹饪方法"",""text"":""晒干""},{""label"":""烹饪方法"",""text"":""煮干""},{""label"":""食疗方"",""text"":""八宝鸭""},{""label"":""古籍来源"",""text"":""抄本""}]"
563,23,30,21,21,"[{""label"":""食材"",""text"":""猪头""},{""label"":""食材"",""text"":""甜酒""},{""label"":""食材"",""text"":""葱""},{""label"":""食材"",""text"":""八角""},{""label"":""食材"",""text"":""酱油""},{""label"":""食材"",""text"":""糖""},{""label"":""食材"",""text"":""开水""},{""label"":""食材"",""text"":""大蒜""},{""label"":""食材"",""text"":""鲜柑花""},{""label"":""食材"",""text"":""芥末""},{""label"":""食材"",""text"":""花椒""},{""label"":""食材"",""text"":""醋""},{""label"":""烹饪方法"",""text"":""煨""},{""label"":""烹饪方法"",""text"":""煮""},{""label"":""烹饪方法"",""text"":""烧""},{""label"":""烹饪方法"",""text"":""蒸""},{""label"":""烹饪方法"",""text"":""泡洗""},{""label"":""烹饪方法"",""text"":""擦""},{""label"":""烹饪方法"",""text"":""捣""},{""label"":""烹饪方法"",""text"":""拌""},{""label"":""食疗方"",""text"":""蒸猪头""}]"
564,33,34,28,29,"[{""label"":""食材"",""text"":""鳊鱼""},{""label"":""食材"",""text"":""脂油""},{""label"":""食材"",""text"":""姜汁""},{""label"":""食材"",""text"":""葱条""},{""label"":""食材"",""text"":""酱油""},{""label"":""食材"",""text"":""酒""},{""label"":""食材"",""text"":""姜""},{""label"":""食材"",""text"":""醋""},{""label"":""食材"",""text"":""盐""},{""label"":""烹饪方法"",""text"":""炖""},{""label"":""烹饪方法"",""text"":""剖洗""},{""label"":""烹饪方法"",""text"":""切丁""},{""label"":""烹饪方法"",""text"":""铺面""},{""label"":""烹饪方法"",""text"":""重汤炖""},{""label"":""烹饪方法"",""text"":""蒸""},{""label"":""烹饪方法"",""text"":""拆碎""},{""label"":""烹饪方法"",""text"":""拌""},{""label"":""烹饪方法"",""text"":""腌""},{""label"":""烹饪方法"",""text"":""油煎""},{""label"":""烹饪方法"",""text"":""烹""},{""label"":""烹饪方法"",""text"":""煨""},{""label"":""烹饪方法"",""text"":""摊饼""},{""label"":""烹饪方法"",""text"":""裹""},{""label"":""烹饪方法"",""text"":""烧""},{""label"":""烹饪方法"",""text"":""去面""},{""label"":""烹饪方法"",""text"":""釜烹""},{""label"":""烹饪方法"",""text"":""取置""},{""label"":""烹饪方法"",""text"":""添入""},{""label"":""食疗方"",""text"":""面煨鳊鱼""}]"
566,23,35,17,17,"[{""label"":""食材"",""text"":""梅仁""},{""label"":""食材"",""text"":""酸浆""},{""label"":""食材"",""text"":""杏仁""},{""label"":""食材"",""text"":""梅卤""},{""label"":""食材"",""text"":""乌梅肉""},{""label"":""食材"",""text"":""干葛""},{""label"":""食材"",""text"":""檀香""},{""label"":""食材"",""text"":""紫苏叶""},{""label"":""食材"",""text"":""盐""},{""label"":""食材"",""text"":""洋糖""},{""label"":""食材"",""text"":""蜜""},{""label"":""食材"",""text"":""薄荷""},{""label"":""食材"",""text"":""青梅""},{""label"":""食材"",""text"":""矾""},{""label"":""烹饪方法"",""text"":""捣""},{""label"":""烹饪方法"",""text"":""研""},{""label"":""烹饪方法"",""text"":""焯""}]"
568,36,30,29,29,"[{""label"":""食材"",""text"":""蛋""},{""label"":""食材"",""text"":""豆腐""},{""label"":""食材"",""text"":""瓜丁""},{""label"":""食材"",""text"":""姜""},{""label"":""食材"",""text"":""麻油""},{""label"":""食材"",""text"":""酱油""},{""label"":""食材"",""text"":""醋""},{""label"":""食材"",""text"":""蛋黄""},{""label"":""食材"",""text"":""木瓜酒""},{""label"":""食材"",""text"":""米粉""},{""label"":""食材"",""text"":""胡桃仁""},{""label"":""食材"",""text"":""洋糖""},{""label"":""食材"",""text"":""脂油""},{""label"":""食材"",""text"":""鸭蛋""},{""label"":""食材"",""text"":""栗柴灰""},{""label"":""食材"",""text"":""石灰""},{""label"":""食材"",""text"":""豆楷灰""},{""label"":""食材"",""text"":""芝麻楷灰""},{""label"":""食材"",""text"":""盐""},{""label"":""烹饪方法"",""text"":""拌""},{""label"":""烹饪方法"",""text"":""捣碎""},{""label"":""烹饪方法"",""text"":""腌""},{""label"":""烹饪方法"",""text"":""捺碎""},{""label"":""烹饪方法"",""text"":""煮""},{""label"":""烹饪方法"",""text"":""炒""},{""label"":""烹饪方法"",""text"":""揉""},{""label"":""烹饪方法"",""text"":""包""},{""label"":""烹饪方法"",""text"":""洗挣""},{""label"":""食味"",""text"":""咸""}]"
569,19,25,18,18,"[{""label"":""食材"",""text"":""莱""},{""label"":""食材"",""text"":""河豚""},{""label"":""食材"",""text"":""蛑""},{""label"":""食材"",""text"":""鲚鱼""},{""label"":""食材"",""text"":""酱油""},{""label"":""食材"",""text"":""盐""},{""label"":""食材"",""text"":""石灰泥渣""},{""label"":""食材"",""text"":""芝麻""},{""label"":""食味"",""text"":""苦""},{""label"":""食味"",""text"":""鲜""},{""label"":""烹饪方法"",""text"":""化""},{""label"":""烹饪方法"",""text"":""煮""},{""label"":""烹饪方法"",""text"":""下锅""},{""label"":""烹饪方法"",""text"":""澄""},{""label"":""烹饪方法"",""text"":""泡""},{""label"":""烹饪方法"",""text"":""炙""},{""label"":""烹饪方法"",""text"":""取肉""},{""label"":""古籍来源"",""text"":""《本草纲目》""}]"
570,14,14,11,11,"[{""label"":""食材"",""text"":""椒""},{""label"":""食材"",""text"":""花椒""},{""label"":""烹饪方法"",""text"":""研""},{""label"":""烹饪方法"",""text"":""焙""},{""label"":""烹饪方法"",""text"":""筛""},{""label"":""烹饪方法"",""text"":""装袋同煮""},{""label"":""食材"",""text"":""椒盐""},{""label"":""烹饪方法"",""text"":""炒研""},{""label"":""食材"",""text"":""胡椒""},{""label"":""食材"",""text"":""盐""},{""label"":""食材"",""text"":""葱叶""}]"
571,21,16,15,15,"[{""label"":""食材"",""text"":""香稻米""},{""label"":""食材"",""text"":""红枣""},{""label"":""食材"",""text"":""井水""},{""label"":""食材"",""text"":""河水""},{""label"":""食材"",""text"":""绿豆""},{""label"":""食材"",""text"":""黍米""},{""label"":""食材"",""text"":""鸭""},{""label"":""烹饪方法"",""text"":""煨""},{""label"":""烹饪方法"",""text"":""煮""},{""label"":""烹饪方法"",""text"":""搅转""},{""label"":""食疗方"",""text"":""香稻粥""},{""label"":""食疗方"",""text"":""井水粥""},{""label"":""养生原则"",""text"":""五更时用""},{""label"":""养生原则"",""text"":""最益人""},{""label"":""禁忌"",""text"":""宁入等粥,毋粥等人""}]"
572,34,32,29,29,"[{""label"":""食材"",""text"":""鱼""},{""label"":""食材"",""text"":""河水""},{""label"":""食材"",""text"":""陈酒""},{""label"":""食材"",""text"":""酱油""},{""label"":""食材"",""text"":""瓜""},{""label"":""食材"",""text"":""姜""},{""label"":""食材"",""text"":""蕈""},{""label"":""食材"",""text"":""笋""},{""label"":""食材"",""text"":""木香""},{""label"":""食材"",""text"":""薄荷""},{""label"":""食材"",""text"":""香油""},{""label"":""食材"",""text"":""胡椒""},{""label"":""食材"",""text"":""紫苏""},{""label"":""食材"",""text"":""葱""},{""label"":""食材"",""text"":""香橼皮""},{""label"":""食材"",""text"":""桔皮""},{""label"":""食材"",""text"":""菊花""},{""label"":""食材"",""text"":""河鱼""},{""label"":""食材"",""text"":""江梅鱼""},{""label"":""食材"",""text"":""鲤鱼""},{""label"":""烹饪方法"",""text"":""煮""},{""label"":""烹饪方法"",""text"":""蒸""},{""label"":""烹饪方法"",""text"":""剖""},{""label"":""烹饪方法"",""text"":""洗""},{""label"":""烹饪方法"",""text"":""烧""},{""label"":""烹饪方法"",""text"":""捶""},{""label"":""烹饪方法"",""text"":""洗擦""},{""label"":""禁忌"",""text"":""大忌""},{""label"":""古籍来源"",""text"":""诗经.陈风.衡门""}]"
573,13,14,9,9,"[{""label"":""食材"",""text"":""白糯米""},{""label"":""食材"",""text"":""糯米""},{""label"":""食材"",""text"":""麦""},{""label"":""烹饪方法"",""text"":""煎""},{""label"":""烹饪方法"",""text"":""炊""},{""label"":""烹饪方法"",""text"":""蒸""},{""label"":""烹饪方法"",""text"":""压""},{""label"":""食疗方"",""text"":""桃源酒""},{""label"":""古籍来源"",""text"":""五陵""}]"
574,8,3,3,3,"[{""label"":""食材"",""text"":""猪肉""},{""label"":""食材"",""text"":""豚""},{""label"":""古籍来源"",""text"":""《论语.乡党篇》""}]"
575,23,13,13,13,"[{""label"":""食材"",""text"":""盐花""},{""label"":""食材"",""text"":""洋糟""},{""label"":""食材"",""text"":""香霹""},{""label"":""烹饪方法"",""text"":""澄清""},{""label"":""烹饪方法"",""text"":""覆""},{""label"":""烹饪方法"",""text"":""露""},{""label"":""烹饪方法"",""text"":""煮滚""},{""label"":""烹饪方法"",""text"":""煅炼""},{""label"":""烹饪方法"",""text"":""贮""},{""label"":""病症"",""text"":""噎症""},{""label"":""养生原则"",""text"":""凡有湖水池浸处皆可取贮""},{""label"":""养生原则"",""text"":""去积久""},{""label"":""养生原则"",""text"":""雪为珏谷之精""}]"
576,10,7,5,5,"[{""label"":""食材"",""text"":""蒌蒿""},{""label"":""食材"",""text"":""莴苣""},{""label"":""烹饪方法"",""text"":""腌""},{""label"":""烹饪方法"",""text"":""晒干""},{""label"":""烹饪方法"",""text"":""切""}]"
577,40,25,41,43,"[{""label"":""食材"",""text"":""驴腰""},{""label"":""食材"",""text"":""猪腰""},{""label"":""食材"",""text"":""猪脑""},{""label"":""食材"",""text"":""生豆腐""},{""label"":""食材"",""text"":""松仁""},{""label"":""食材"",""text"":""火腿丁""},{""label"":""烹饪方法"",""text"":""烩""},{""label"":""食材"",""text"":""栗肉""},{""label"":""烹饪方法"",""text"":""烧""},{""label"":""食材"",""text"":""羊""},{""label"":""食材"",""text"":""羊腹""},{""label"":""食材"",""text"":""烧红石子""},{""label"":""食材"",""text"":""画眉头""},{""label"":""食材"",""text"":""黑头""},{""label"":""食材"",""text"":""饽饽""},{""label"":""食材"",""text"":""蒲扇尾""},{""label"":""食材"",""text"":""羯羊""},{""label"":""食材"",""text"":""臊羯羊""},{""label"":""食材"",""text"":""柳叶尾""},{""label"":""食材"",""text"":""种羊""},{""label"":""食材"",""text"":""母羊""},{""label"":""食材"",""text"":""水羊""},{""label"":""食材"",""text"":""豆楷""},{""label"":""食材"",""text"":""芝麻油""},{""label"":""食材"",""text"":""羊头""},{""label"":""食材"",""text"":""假画眉头""},{""label"":""食材"",""text"":""五倍子""},{""label"":""食材"",""text"":""皂矾""},{""label"":""食材"",""text"":""桐油""},{""label"":""食材"",""text"":""去皮荸荠""},{""label"":""食材"",""text"":""羊肉""},{""label"":""食材"",""text"":""红萝卜""},{""label"":""食材"",""text"":""荸荠""},{""label"":""食材"",""text"":""白萝卜""},{""label"":""烹饪方法"",""text"":""捣烂""},{""label"":""烹饪方法"",""text"":""烧红""},{""label"":""烹饪方法"",""text"":""填满""},{""label"":""烹饪方法"",""text"":""染色""},{""label"":""烹饪方法"",""text"":""染之""},{""label"":""烹饪方法"",""text"":""去皮""},{""label"":""烹饪方法"",""text"":""削""},{""label"":""烹饪方法"",""text"":""煨""},{""label"":""禁忌"",""text"":""擅臭不可食""}]"
578,1,0,0,0,[]
579,44,17,30,30,"[{""label"":""食材"",""text"":""白晚米""},{""label"":""食材"",""text"":""糯米""},{""label"":""食材"",""text"":""大米""},{""label"":""食材"",""text"":""小米""},{""label"":""食材"",""text"":""米""},{""label"":""食材"",""text"":""冬舂""},{""label"":""食材"",""text"":""砻糠""},{""label"":""食材"",""text"":""草灰""},{""label"":""食材"",""text"":""楝树叶""},{""label"":""食材"",""text"":""租稻米""},{""label"":""食材"",""text"":""白米""},{""label"":""食材"",""text"":""千草""},{""label"":""食材"",""text"":""仓底板""},{""label"":""食材"",""text"":""芦席""},{""label"":""食材"",""text"":""松毛""},{""label"":""食材"",""text"":""蟹壳""},{""label"":""食材"",""text"":""银条米""},{""label"":""食材"",""text"":""湖田白""},{""label"":""烹饪方法"",""text"":""煮""},{""label"":""烹饪方法"",""text"":""晒""},{""label"":""烹饪方法"",""text"":""铺""},{""label"":""烹饪方法"",""text"":""贮""},{""label"":""烹饪方法"",""text"":""盖""},{""label"":""烹饪方法"",""text"":""踏""},{""label"":""烹饪方法"",""text"":""架""},{""label"":""烹饪方法"",""text"":""垫""},{""label"":""病症"",""text"":""体虚""},{""label"":""功效"",""text"":""补益""},{""label"":""养生原则"",""text"":""五更食""},{""label"":""养生原则"",""text"":""居家用之最为合宜""}]"
580,35,26,20,20,"[{""label"":""食材"",""text"":""青梅""},{""label"":""食材"",""text"":""石灰水""},{""label"":""食材"",""text"":""盐""},{""label"":""食材"",""text"":""冰糠水""},{""label"":""食材"",""text"":""洋糖""},{""label"":""食材"",""text"":""姜""},{""label"":""食材"",""text"":""杏子""},{""label"":""食材"",""text"":""蒜""},{""label"":""食材"",""text"":""紫苏""},{""label"":""食味"",""text"":""酸涩""},{""label"":""烹饪方法"",""text"":""腌""},{""label"":""烹饪方法"",""text"":""泡""},{""label"":""烹饪方法"",""text"":""洗净""},{""label"":""烹饪方法"",""text"":""晾""},{""label"":""烹饪方法"",""text"":""风干""},{""label"":""烹饪方法"",""text"":""煎""},{""label"":""烹饪方法"",""text"":""晒""},{""label"":""烹饪方法"",""text"":""压""},{""label"":""禁忌"",""text"":""不可太干,以致绉缩""},{""label"":""禁忌"",""text"":""发徽0""}]"
581,35,34,32,32,"[{""label"":""食材"",""text"":""鸡""},{""label"":""食材"",""text"":""鱼""},{""label"":""食材"",""text"":""虾""},{""label"":""食材"",""text"":""笄片""},{""label"":""食材"",""text"":""芝麻""},{""label"":""食材"",""text"":""花椒""},{""label"":""食材"",""text"":""香蕈""},{""label"":""食材"",""text"":""干面""},{""label"":""食材"",""text"":""鲜汁""},{""label"":""食材"",""text"":""酱""},{""label"":""食材"",""text"":""醋""},{""label"":""食材"",""text"":""真粉""},{""label"":""食材"",""text"":""蕃茄粉""},{""label"":""食材"",""text"":""鸡蛋清""},{""label"":""食材"",""text"":""盐""},{""label"":""食材"",""text"":""蜜""},{""label"":""食材"",""text"":""鸡脯""},{""label"":""食材"",""text"":""虾子""},{""label"":""食材"",""text"":""鳗鲡粉""},{""label"":""烹饪方法"",""text"":""晒干""},{""label"":""烹饪方法"",""text"":""磨""},{""label"":""烹饪方法"",""text"":""和""},{""label"":""烹饪方法"",""text"":""切""},{""label"":""烹饪方法"",""text"":""擀""},{""label"":""烹饪方法"",""text"":""煮""},{""label"":""烹饪方法"",""text"":""拌""},{""label"":""烹饪方法"",""text"":""去皮""},{""label"":""烹饪方法"",""text"":""磨粉""},{""label"":""烹饪方法"",""text"":""收贮""},{""label"":""烹饪方法"",""text"":""做汤""},{""label"":""烹饪方法"",""text"":""下""},{""label"":""禁忌"",""text"":""忌油""}]"
582,34,35,31,31,"[{""label"":""食材"",""text"":""荔枝""},{""label"":""食材"",""text"":""壳""},{""label"":""食材"",""text"":""苦瓜""},{""label"":""食材"",""text"":""蜜""},{""label"":""食材"",""text"":""盐""},{""label"":""食材"",""text"":""肉""},{""label"":""食材"",""text"":""烧酒""},{""label"":""食材"",""text"":""梅卤""},{""label"":""食材"",""text"":""柴苏""},{""label"":""食材"",""text"":""榧子""},{""label"":""食材"",""text"":""蔗""},{""label"":""食材"",""text"":""洋糖""},{""label"":""食材"",""text"":""蕨""},{""label"":""食性"",""text"":""热""},{""label"":""病症"",""text"":""醉""},{""label"":""病症"",""text"":""龈肿""},{""label"":""病症"",""text"":""痛""},{""label"":""病症"",""text"":""衄""},{""label"":""烹饪方法"",""text"":""浸""},{""label"":""烹饪方法"",""text"":""饮""},{""label"":""烹饪方法"",""text"":""蒸""},{""label"":""烹饪方法"",""text"":""取""},{""label"":""烹饪方法"",""text"":""去壳""},{""label"":""烹饪方法"",""text"":""切""},{""label"":""烹饪方法"",""text"":""拌""},{""label"":""烹饪方法"",""text"":""腌""},{""label"":""烹饪方法"",""text"":""烘干""},{""label"":""禁忌"",""text"":""食多而醉""},{""label"":""禁忌"",""text"":""鲜者食多""},{""label"":""古籍来源"",""text"":""时珍《本草纲艮》""},{""label"":""古籍来源"",""text"":""赞宁《犍类榀感志》""}]"
583,31,9,31,31,"[{""label"":""食材"",""text"":""山泉""},{""label"":""食材"",""text"":""雨泉""},{""label"":""食材"",""text"":""天泉""},{""label"":""食材"",""text"":""暴雨水""},{""label"":""食材"",""text"":""霹水""},{""label"":""食材"",""text"":""长流湖水""},{""label"":""食材"",""text"":""霉水""},{""label"":""食材"",""text"":""井水""},{""label"":""食味"",""text"":""甘""},{""label"":""食味"",""text"":""淡""},{""label"":""食性"",""text"":""碱""},{""label"":""功效"",""text"":""无毒""},{""label"":""功效"",""text"":""精洁""},{""label"":""病症"",""text"":""伤人""},{""label"":""烹饪方法"",""text"":""烹茶""},{""label"":""烹饪方法"",""text"":""煎茶""},{""label"":""烹饪方法"",""text"":""研墨""},{""label"":""烹饪方法"",""text"":""着色""},{""label"":""烹饪方法"",""text"":""炖胶""},{""label"":""烹饪方法"",""text"":""制画绢""},{""label"":""烹饪方法"",""text"":""洗旧画""},{""label"":""烹饪方法"",""text"":""沉漂泥金""},{""label"":""禁忌"",""text"":""着衣上即黩烂""},{""label"":""养生原则"",""text"":""以泉远流长者为佳""},{""label"":""养生原则"",""text"":""贵久宿澄清""},{""label"":""养生原则"",""text"":""用炭火淬两三次,即无毒""},{""label"":""养生原则"",""text"":""用蓝布于天井中四角悬起,中垂一石,任其滴入大缸,另装小坛""},{""label"":""养生原则"",""text"":""用磁罐最净者,布空处盛之""},{""label"":""养生原则"",""text"":""贮处热高""},{""label"":""养生原则"",""text"":""用炭火淬三四次,不生孑孓虫""},{""label"":""养生原则"",""text"":""善于品泉者,入口即能辨其年分,历历不爽""}]"
584,8,8,7,7,"[{""label"":""食材"",""text"":""黄芽莱""},{""label"":""食材"",""text"":""花椒""},{""label"":""烹饪方法"",""text"":""炒""},{""label"":""食材"",""text"":""鸡""},{""label"":""食材"",""text"":""醋""},{""label"":""烹饪方法"",""text"":""醋搂之""},{""label"":""古籍来源"",""text"":""《闲情偶寄》""}]"
585,22,21,19,19,"[{""label"":""食材"",""text"":""黄牛乳""},{""label"":""食性"",""text"":""平""},{""label"":""功效"",""text"":""补血脉""},{""label"":""功效"",""text"":""益心气""},{""label"":""功效"",""text"":""长肌肉""},{""label"":""食材"",""text"":""乳饼""},{""label"":""食材"",""text"":""乳酥""},{""label"":""食材"",""text"":""冰糖""},{""label"":""禁忌"",""text"":""不啜茶""},{""label"":""禁忌"",""text"":""不食他物""},{""label"":""禁忌"",""text"":""即不作泻""},{""label"":""食材"",""text"":""黄牛骨髓""},{""label"":""烹饪方法"",""text"":""熬油""},{""label"":""烹饪方法"",""text"":""拌炒""},{""label"":""食材"",""text"":""熟面""},{""label"":""食材"",""text"":""百果""},{""label"":""食材"",""text"":""乳皮""},{""label"":""烹饪方法"",""text"":""烫""},{""label"":""烹饪方法"",""text"":""扇""}]"
586,15,15,11,11,"[{""label"":""食材"",""text"":""盐""},{""label"":""食材"",""text"":""梅""},{""label"":""食材"",""text"":""酒醴""},{""label"":""食材"",""text"":""曲蘖""},{""label"":""古籍来源"",""text"":""《孟子.万章下篇》""},{""label"":""古籍来源"",""text"":""《尚书.说命下》""},{""label"":""古籍来源"",""text"":""《道德经》""},{""label"":""医家"",""text"":""伊尹""},{""label"":""医家"",""text"":""傅说""},{""label"":""医家"",""text"":""老子""},{""label"":""烹饪方法"",""text"":""割烹""}]"
587,13,9,9,9,"[{""label"":""食材"",""text"":""鲫鱼""},{""label"":""食性"",""text"":""土""},{""label"":""功效"",""text"":""补胃""},{""label"":""食味"",""text"":""鲜""},{""label"":""烹饪方法"",""text"":""蒸""},{""label"":""烹饪方法"",""text"":""煎""},{""label"":""烹饪方法"",""text"":""作羹""},{""label"":""烹饪方法"",""text"":""煨""},{""label"":""病症"",""text"":""小儿食""}]"
588,7,3,3,3,"[{""label"":""食材"",""text"":""绍酒""},{""label"":""病症"",""text"":""发渴""},{""label"":""病症"",""text"":""停中满闷""}]"
589,35,18,33,33,"[{""label"":""食材"",""text"":""虾仁""},{""label"":""食材"",""text"":""鱼""},{""label"":""食材"",""text"":""鸡""},{""label"":""食材"",""text"":""鱼翅""},{""label"":""食材"",""text"":""大鲫鱼""},{""label"":""食材"",""text"":""鸡皮""},{""label"":""食材"",""text"":""火腿""},{""label"":""食材"",""text"":""蘑菇""},{""label"":""食材"",""text"":""红肉""},{""label"":""食材"",""text"":""白肉""},{""label"":""食材"",""text"":""鸡丝""},{""label"":""食材"",""text"":""麻酱""},{""label"":""食材"",""text"":""香油""},{""label"":""食材"",""text"":""胡椒面""},{""label"":""食材"",""text"":""鳝鱼丝""},{""label"":""食材"",""text"":""韭菜头""},{""label"":""烹饪方法"",""text"":""蒸""},{""label"":""烹饪方法"",""text"":""红烧""},{""label"":""烹饪方法"",""text"":""收干""},{""label"":""烹饪方法"",""text"":""去骨""},{""label"":""烹饪方法"",""text"":""拌""},{""label"":""烹饪方法"",""text"":""下锅""},{""label"":""烹饪方法"",""text"":""勾芡""},{""label"":""烹饪方法"",""text"":""烩""},{""label"":""烹饪方法"",""text"":""切丝""},{""label"":""烹饪方法"",""text"":""走油""},{""label"":""烹饪方法"",""text"":""挂卤""},{""label"":""古籍来源"",""text"":""《通览》""},{""label"":""古籍来源"",""text"":""《摘录》""},{""label"":""食疗方"",""text"":""荷花鱼翅""},{""label"":""食疗方"",""text"":""麻辣鱼翅""},{""label"":""食疗方"",""text"":""鳍丝鱼翅""},{""label"":""食疗方"",""text"":""麻腐鱼翅""}]"
591,79,28,77,77,"[{""label"":""食材"",""text"":""花肉""},{""label"":""食材"",""text"":""糯米""},{""label"":""烹饪方法"",""text"":""酿""},{""label"":""烹饪方法"",""text"":""蒸""},{""label"":""食材"",""text"":""哈耳巴0肉""},{""label"":""食材"",""text"":""大肪肉""},{""label"":""烹饪方法"",""text"":""出水""},{""label"":""烹饪方法"",""text"":""白炖""},{""label"":""烹饪方法"",""text"":""切""},{""label"":""烹饪方法"",""text"":""蒸""},{""label"":""食材"",""text"":""娆金钱肉""},{""label"":""食材"",""text"":""肥肉""},{""label"":""食材"",""text"":""火腿""},{""label"":""烹饪方法"",""text"":""煮""},{""label"":""烹饪方法"",""text"":""切片""},{""label"":""烹饪方法"",""text"":""烧""},{""label"":""食材"",""text"":""椒盐""},{""label"":""食材"",""text"":""一品烷猪""},{""label"":""食材"",""text"":""猪儿""},{""label"":""烹饪方法"",""text"":""出水""},{""label"":""烹饪方法"",""text"":""晾干""},{""label"":""食材"",""text"":""红酱油""},{""label"":""烹饪方法"",""text"":""抹面""},{""label"":""烹饪方法"",""text"":""上叉""},{""label"":""食材"",""text"":""香油""},{""label"":""烹饪方法"",""text"":""抹扫""},{""label"":""烹饪方法"",""text"":""切""},{""label"":""食材"",""text"":""生烧大方""},{""label"":""食材"",""text"":""花椒""},{""label"":""食材"",""text"":""盐""},{""label"":""烹饪方法"",""text"":""生码""},{""label"":""烹饪方法"",""text"":""生烧""},{""label"":""烹饪方法"",""text"":""刮皮""},{""label"":""烹饪方法"",""text"":""治诤""},{""label"":""烹饪方法"",""text"":""匕火""},{""label"":""烹饪方法"",""text"":""匕叉子""},{""label"":""食材"",""text"":""香油""},{""label"":""烹饪方法"",""text"":""切""},{""label"":""食材"",""text"":""烷喇嘛肉""},{""label"":""食材"",""text"":""方肉""},{""label"":""烹饪方法"",""text"":""去皮""},{""label"":""食材"",""text"":""蛋黄""},{""label"":""食材"",""text"":""豆粉""},{""label"":""食材"",""text"":""灰面""},{""label"":""食材"",""text"":""欠(芡)""},{""label"":""烹饪方法"",""text"":""调匀""},{""label"":""烹饪方法"",""text"":""火烧""},{""label"":""烹饪方法"",""text"":""上色""},{""label"":""烹饪方法"",""text"":""切""},{""label"":""食材"",""text"":""生烧南腿""},{""label"":""食材"",""text"":""花椒""},{""label"":""食材"",""text"":""盐""},{""label"":""烹饪方法"",""text"":""生码""},{""label"":""食材"",""text"":""荷叶""},{""label"":""烹饪方法"",""text"":""包果(裹)""},{""label"":""烹饪方法"",""text"":""上叉子""},{""label"":""古籍来源"",""text"":""《通览》""},{""label"":""古籍来源"",""text"":""《摘录》""},{""label"":""食材"",""text"":""离丽肉""},{""label"":""烹饪方法"",""text"":""煮熟""},{""label"":""食材"",""text"":""长条""},{""label"":""食材"",""text"":""灰面""},{""label"":""食材"",""text"":""蛋黄""},{""label"":""烹饪方法"",""text"":""下红锅""},{""label"":""烹饪方法"",""text"":""走油""},{""label"":""食材"",""text"":""肉""},{""label"":""烹饪方法"",""text"":""去皮""},{""label"":""烹饪方法"",""text"":""打片""},{""label"":""食材"",""text"":""鸡蛋""},{""label"":""食材"",""text"":""灰面""},{""label"":""烹饪方法"",""text"":""走油""},{""label"":""食材"",""text"":""白糟""},{""label"":""食材"",""text"":""羊略""},{""label"":""食材"",""text"":""羊遐籀""},{""label"":""食材"",""text"":""毛""},{""label"":""烹饪方法"",""text"":""烙""},{""label"":""烹饪方法"",""text"":""水氽""}]"
592,50,29,26,26,"[{""label"":""食材"",""text"":""鲢鱼""},{""label"":""食材"",""text"":""肉""},{""label"":""食材"",""text"":""大蒜""},{""label"":""食材"",""text"":""贲鲎鱼""},{""label"":""食材"",""text"":""鸡蛋""},{""label"":""食材"",""text"":""豆粉""},{""label"":""食材"",""text"":""鲫鱼""},{""label"":""食材"",""text"":""肥肉""},{""label"":""食材"",""text"":""蟹""},{""label"":""食材"",""text"":""虾料""},{""label"":""食材"",""text"":""鸽蛋""},{""label"":""食材"",""text"":""荔枝""},{""label"":""食材"",""text"":""火腿""},{""label"":""食材"",""text"":""松仁""},{""label"":""食材"",""text"":""豆腐""},{""label"":""食材"",""text"":""盐蛋""},{""label"":""烹饪方法"",""text"":""红烧""},{""label"":""烹饪方法"",""text"":""走油""},{""label"":""烹饪方法"",""text"":""酿""},{""label"":""烹饪方法"",""text"":""烹炒""},{""label"":""烹饪方法"",""text"":""蒸""},{""label"":""烹饪方法"",""text"":""爆""},{""label"":""烹饪方法"",""text"":""炒""},{""label"":""烹饪方法"",""text"":""烩""},{""label"":""古籍来源"",""text"":""通览""},{""label"":""古籍来源"",""text"":""摘录""}]"
593,41,33,40,40,"[{""label"":""食材"",""text"":""豆尖""},{""label"":""食材"",""text"":""肉丝""},{""label"":""烹饪方法"",""text"":""鲜炒""},{""label"":""食材"",""text"":""假晾干肉""},{""label"":""食材"",""text"":""老面舢""},{""label"":""食材"",""text"":""琵琶郫子""},{""label"":""烹饪方法"",""text"":""炸""},{""label"":""食材"",""text"":""冬瓜块""},{""label"":""烹饪方法"",""text"":""红烧""},{""label"":""食材"",""text"":""肉元""},{""label"":""食材"",""text"":""麻酱赓衣""},{""label"":""烹饪方法"",""text"":""拌""},{""label"":""食材"",""text"":""菱角""},{""label"":""食材"",""text"":""鸡""},{""label"":""烹饪方法"",""text"":""黄焖""},{""label"":""食材"",""text"":""育椒""},{""label"":""食材"",""text"":""豇豆""},{""label"":""烹饪方法"",""text"":""走油""},{""label"":""食材"",""text"":""白煮肉丝""},{""label"":""烹饪方法"",""text"":""拌""},{""label"":""食材"",""text"":""茄子""},{""label"":""烹饪方法"",""text"":""锅烧""},{""label"":""食材"",""text"":""鲢鱼""},{""label"":""烹饪方法"",""text"":""烧焖""},{""label"":""食材"",""text"":""玫瑰荷花""},{""label"":""烹饪方法"",""text"":""炸""},{""label"":""食材"",""text"":""麻花肉""},{""label"":""食材"",""text"":""肉""},{""label"":""食材"",""text"":""冬瓜""},{""label"":""烹饪方法"",""text"":""粉渗""},{""label"":""食材"",""text"":""冬瓜燕""},{""label"":""食材"",""text"":""冬瓜""},{""label"":""烹饪方法"",""text"":""切丝""},{""label"":""烹饪方法"",""text"":""扑细干豆粉""},{""label"":""烹饪方法"",""text"":""氽""},{""label"":""食材"",""text"":""京吊子""},{""label"":""烹饪方法"",""text"":""走油""},{""label"":""烹饪方法"",""text"":""炖""},{""label"":""食材"",""text"":""老脯茄子""},{""label"":""食材"",""text"":""韭菜""}]"
594,31,37,23,23,"[{""label"":""食材"",""text"":""鸽蛋""},{""label"":""食材"",""text"":""鹅蛋""},{""label"":""食材"",""text"":""椒盐""},{""label"":""食材"",""text"":""豆蔻""},{""label"":""食材"",""text"":""荼""},{""label"":""食材"",""text"":""蟹""},{""label"":""食材"",""text"":""笋""},{""label"":""烹饪方法"",""text"":""酿""},{""label"":""烹饪方法"",""text"":""蒸""},{""label"":""烹饪方法"",""text"":""炸""},{""label"":""烹饪方法"",""text"":""熏""},{""label"":""烹饪方法"",""text"":""熘""},{""label"":""烹饪方法"",""text"":""炒""},{""label"":""烹饪方法"",""text"":""红烧""},{""label"":""烹饪方法"",""text"":""煮""},{""label"":""食疗方"",""text"":""悛鸽蛋饺""},{""label"":""食疗方"",""text"":""刘海鸽蛋""},{""label"":""食疗方"",""text"":""兰香鸽蛋""},{""label"":""食疗方"",""text"":""全酿鸽蛋""},{""label"":""食疗方"",""text"":""茶兼鸽蛋""},{""label"":""食疗方"",""text"":""金银鸽蛋""},{""label"":""食疗方"",""text"":""荷包鸽蛋""},{""label"":""古籍来源"",""text"":""《摘录》""}]"
595,45,50,50,50,"[{""label"":""食材"",""text"":""豆腐""},{""label"":""食材"",""text"":""盐卤""},{""label"":""食材"",""text"":""石膏""},{""label"":""食性"",""text"":""平""},{""label"":""食味"",""text"":""清香""},{""label"":""烹饪方法"",""text"":""法制""},{""label"":""烹饪方法"",""text"":""去渣""},{""label"":""烹饪方法"",""text"":""留浆""},{""label"":""烹饪方法"",""text"":""点""},{""label"":""烹饪方法"",""text"":""烹熘""},{""label"":""食疗方"",""text"":""杏酪豆瞒""},{""label"":""食疗方"",""text"":""桃儿豆腐""},{""label"":""食疗方"",""text"":""玻蚺豆瞒""},{""label"":""食疗方"",""text"":""箱子豆腐""},{""label"":""食疗方"",""text"":""销唣豆膪""},{""label"":""食疗方"",""text"":""珍珠豆腐""},{""label"":""食疗方"",""text"":""米屋豆腐""},{""label"":""食疗方"",""text"":""蟹螯豆腐""},{""label"":""食疗方"",""text"":""马蹄豆腐""},{""label"":""食疗方"",""text"":""纹丝豆腐""},{""label"":""食疗方"",""text"":""菱角豆膪""},{""label"":""食疗方"",""text"":""灌香豆腐""},{""label"":""食疗方"",""text"":""吉样豆腐""},{""label"":""食疗方"",""text"":""糟油瓦腐""},{""label"":""食疗方"",""text"":""蜂蛀豆腐""},{""label"":""食疗方"",""text"":""雪花豆腐""},{""label"":""食疗方"",""text"":""桂花腐""},{""label"":""食疗方"",""text"":""卷尖豆腐""},{""label"":""食疗方"",""text"":""芙蓉豆腐""},{""label"":""食疗方"",""text"":""丹凤豆腐""},{""label"":""食疗方"",""text"":""口蘑豆腐""},{""label"":""食疗方"",""text"":""金钱豆瞒""},{""label"":""食疗方"",""text"":""鲫鳞豆腐""},{""label"":""食疗方"",""text"":""祥云豆膪""},{""label"":""食疗方"",""text"":""百合瓦腐""},{""label"":""食疗方"",""text"":""各髓豆腐""},{""label"":""食疗方"",""text"":""芹昏豆腐""},{""label"":""食疗方"",""text"":""牡丹豆腐""},{""label"":""食疗方"",""text"":""八宝豆膪""},{""label"":""食疗方"",""text"":""孩食豆蠃""},{""label"":""食疗方"",""text"":""虾泥豆膪""},{""label"":""食疗方"",""text"":""虾皮豆腐""},{""label"":""食疗方"",""text"":""百页豆腐""},{""label"":""食疗方"",""text"":""春秋豆腐""},{""label"":""食疗方"",""text"":""银合亘腐""},{""label"":""食疗方"",""text"":""虾油瓦膪""},{""label"":""食疗方"",""text"":""发丝豆腐""},{""label"":""食疗方"",""text"":""青笋裒牖""},{""label"":""食疗方"",""text"":""太极瓦雁""},{""label"":""古籍来源"",""text"":""景生方""}]"
596,1,0,0,0,[]
597,13,11,9,9,"[{""label"":""食材"",""text"":""火腿""},{""label"":""食材"",""text"":""鸭""},{""label"":""食材"",""text"":""鸡""},{""label"":""烹饪方法"",""text"":""蒸""},{""label"":""烹饪方法"",""text"":""烹煮""},{""label"":""烹饪方法"",""text"":""熘""},{""label"":""烹饪方法"",""text"":""爆""},{""label"":""烹饪方法"",""text"":""炸""},{""label"":""古籍来源"",""text"":""韩诗外传""}]"
598,69,57,56,56,"[{""label"":""食材"",""text"":""鸡""},{""label"":""食材"",""text"":""虾""},{""label"":""食材"",""text"":""饼""},{""label"":""食材"",""text"":""洋莱""},{""label"":""食材"",""text"":""锅巴""},{""label"":""食材"",""text"":""海参""},{""label"":""食材"",""text"":""抄手""},{""label"":""食材"",""text"":""面""},{""label"":""食材"",""text"":""椒盐""},{""label"":""食材"",""text"":""肘子""},{""label"":""食材"",""text"":""紫盖""},{""label"":""食材"",""text"":""姜""},{""label"":""食材"",""text"":""鸡片""},{""label"":""食材"",""text"":""椒麻鸡""},{""label"":""食材"",""text"":""包肉片""},{""label"":""食材"",""text"":""油鱼丝""},{""label"":""食材"",""text"":""麻酱""},{""label"":""食材"",""text"":""鱼肚""},{""label"":""食材"",""text"":""金钩""},{""label"":""食材"",""text"":""冬笋""},{""label"":""食材"",""text"":""豌豆""},{""label"":""食材"",""text"":""春笋尖""},{""label"":""食材"",""text"":""白莱""},{""label"":""食材"",""text"":""鳍鱼""},{""label"":""食材"",""text"":""蒜""},{""label"":""食材"",""text"":""连鱼""},{""label"":""食材"",""text"":""瓦块鱼""},{""label"":""食材"",""text"":""香花""},{""label"":""食材"",""text"":""鸡丝""},{""label"":""食材"",""text"":""橥蒿""},{""label"":""食材"",""text"":""肉圆子""},{""label"":""食材"",""text"":""玉兰片""},{""label"":""食材"",""text"":""冬粜""},{""label"":""食材"",""text"":""肉丝""},{""label"":""食材"",""text"":""冰糖""},{""label"":""食材"",""text"":""肘子""},{""label"":""食材"",""text"":""鸡""},{""label"":""食材"",""text"":""漪参""},{""label"":""烹饪方法"",""text"":""炒""},{""label"":""烹饪方法"",""text"":""炸""},{""label"":""烹饪方法"",""text"":""生闷""},{""label"":""烹饪方法"",""text"":""凉拌""},{""label"":""烹饪方法"",""text"":""闷""},{""label"":""烹饪方法"",""text"":""烧""},{""label"":""烹饪方法"",""text"":""黄闷""},{""label"":""烹饪方法"",""text"":""火炮""},{""label"":""烹饪方法"",""text"":""火爆""},{""label"":""食材"",""text"":""鱿鱼""},{""label"":""食材"",""text"":""饺子""},{""label"":""食材"",""text"":""包子""},{""label"":""食材"",""text"":""汤元""},{""label"":""食材"",""text"":""点心""},{""label"":""食材"",""text"":""蛋黄糕""},{""label"":""食材"",""text"":""绍酒""},{""label"":""食材"",""text"":""席面""},{""label"":""食材"",""text"":""米酥""}]"
599,60,0,56,56,"[{""label"":""食材"",""text"":""野鸭""},{""label"":""食材"",""text"":""鹑""},{""label"":""食材"",""text"":""雉""},{""label"":""食材"",""text"":""山鸡""},{""label"":""食材"",""text"":""鸡""},{""label"":""食材"",""text"":""雉脯""},{""label"":""食材"",""text"":""野鸡""},{""label"":""食材"",""text"":""酸莱""},{""label"":""食材"",""text"":""韭菜""},{""label"":""食材"",""text"":""油果""},{""label"":""食材"",""text"":""椒盐""},{""label"":""食材"",""text"":""桁仁""},{""label"":""食材"",""text"":""白榆仁""},{""label"":""食材"",""text"":""华虫""},{""label"":""食材"",""text"":""仓庚""},{""label"":""食材"",""text"":""莺""},{""label"":""食材"",""text"":""水凫""},{""label"":""食材"",""text"":""鹈鹅""},{""label"":""食材"",""text"":""鹚""},{""label"":""食材"",""text"":""锦鸡""},{""label"":""食材"",""text"":""鹩耶实厥鸟""},{""label"":""食材"",""text"":""沙鸡""},{""label"":""食材"",""text"":""驾""},{""label"":""食材"",""text"":""鹌""},{""label"":""食材"",""text"":""雕""},{""label"":""食材"",""text"":""怀崖莺""},{""label"":""食材"",""text"":""疏趾""},{""label"":""食材"",""text"":""疏耻""},{""label"":""食材"",""text"":""飞奴""},{""label"":""食材"",""text"":""火鸠""},{""label"":""食材"",""text"":""鹰""},{""label"":""食材"",""text"":""鸠""},{""label"":""食材"",""text"":""田鼠""},{""label"":""食材"",""text"":""野鸡片""},{""label"":""烹饪方法"",""text"":""投""},{""label"":""烹饪方法"",""text"":""化""},{""label"":""烹饪方法"",""text"":""腌""},{""label"":""烹饪方法"",""text"":""潸""},{""label"":""烹饪方法"",""text"":""搭""},{""label"":""烹饪方法"",""text"":""茸""},{""label"":""烹饪方法"",""text"":""走油""},{""label"":""烹饪方法"",""text"":""签子""},{""label"":""烹饪方法"",""text"":""烧""},{""label"":""烹饪方法"",""text"":""炸""},{""label"":""烹饪方法"",""text"":""裹""},{""label"":""烹饪方法"",""text"":""炙""},{""label"":""烹饪方法"",""text"":""加""},{""label"":""烹饪方法"",""text"":""枥""},{""label"":""烹饪方法"",""text"":""求""},{""label"":""古籍来源"",""text"":""礼记""},{""label"":""古籍来源"",""text"":""月令""},{""label"":""古籍来源"",""text"":""书""},{""label"":""古籍来源"",""text"":""益稷""},{""label"":""古籍来源"",""text"":""曲礼""},{""label"":""古籍来源"",""text"":""传""},{""label"":""医家"",""text"":""九龄""}]"
600,65,31,30,30,"[{""label"":""食材"",""text"":""肉""},{""label"":""食材"",""text"":""笋干""},{""label"":""食材"",""text"":""云耳""},{""label"":""食材"",""text"":""冬笋""},{""label"":""食材"",""text"":""山药""},{""label"":""食材"",""text"":""香油""},{""label"":""食材"",""text"":""冬笄""},{""label"":""食材"",""text"":""桃仁""},{""label"":""食材"",""text"":""鱼""},{""label"":""食材"",""text"":""千张""},{""label"":""食材"",""text"":""冰糖""},{""label"":""食材"",""text"":""醪糟""},{""label"":""食材"",""text"":""白糖""},{""label"":""食材"",""text"":""硝盐""},{""label"":""食材"",""text"":""鲞""},{""label"":""食材"",""text"":""盐莱""},{""label"":""食材"",""text"":""板栗""},{""label"":""食材"",""text"":""大头莱""},{""label"":""食材"",""text"":""胭脂水""},{""label"":""烹饪方法"",""text"":""红烧""},{""label"":""烹饪方法"",""text"":""煮""},{""label"":""烹饪方法"",""text"":""切片""},{""label"":""烹饪方法"",""text"":""蒸""},{""label"":""烹饪方法"",""text"":""烩""},{""label"":""烹饪方法"",""text"":""走油""},{""label"":""烹饪方法"",""text"":""打花""},{""label"":""烹饪方法"",""text"":""摸""},{""label"":""烹饪方法"",""text"":""刮""},{""label"":""烹饪方法"",""text"":""抹""},{""label"":""烹饪方法"",""text"":""收""}]"
601,61,30,59,59,"[{""label"":""食材"",""text"":""佟鱼""},{""label"":""食材"",""text"":""冻鱼""},{""label"":""食材"",""text"":""异味鼐鱼""},{""label"":""食材"",""text"":""丁香""},{""label"":""食材"",""text"":""豆蔻""},{""label"":""食材"",""text"":""西洋松鱼""},{""label"":""烹饪方法"",""text"":""炕""},{""label"":""烹饪方法"",""text"":""焙""},{""label"":""烹饪方法"",""text"":""氽""},{""label"":""食材"",""text"":""鱼卷""},{""label"":""烹饪方法"",""text"":""剞刀""},{""label"":""食材"",""text"":""肉果""},{""label"":""食材"",""text"":""肉馅""},{""label"":""烹饪方法"",""text"":""潸焕""},{""label"":""食材"",""text"":""红白鱼丝""},{""label"":""食材"",""text"":""酱""},{""label"":""食材"",""text"":""花嫩鱼脯""},{""label"":""食材"",""text"":""火腿丁""},{""label"":""食材"",""text"":""生虾仁""},{""label"":""食材"",""text"":""日蘑""},{""label"":""食材"",""text"":""香菰""},{""label"":""食材"",""text"":""鲜灸鳗鱼""},{""label"":""烹饪方法"",""text"":""火烧""},{""label"":""食材"",""text"":""独蒜""},{""label"":""食材"",""text"":""缦鱼""},{""label"":""食材"",""text"":""青鳍""},{""label"":""食材"",""text"":""白鳝""},{""label"":""食材"",""text"":""蒜头""},{""label"":""食材"",""text"":""炙东坡鱼""},{""label"":""食材"",""text"":""鸡蛋""},{""label"":""食材"",""text"":""面""},{""label"":""烹饪方法"",""text"":""炸""},{""label"":""烹饪方法"",""text"":""红烧""},{""label"":""食材"",""text"":""鱼面""},{""label"":""食材"",""text"":""鱼元""},{""label"":""食材"",""text"":""娆炙墨鱼""},{""label"":""食材"",""text"":""瓜""},{""label"":""烹饪方法"",""text"":""煎烧""},{""label"":""食材"",""text"":""暨鱼""},{""label"":""食材"",""text"":""蜃头鱼""},{""label"":""食材"",""text"":""东坡鱼""},{""label"":""食材"",""text"":""烩墨鱼片""},{""label"":""食材"",""text"":""杂件""},{""label"":""食材"",""text"":""酱灸绌鱼""},{""label"":""烹饪方法"",""text"":""生焖""},{""label"":""烹饪方法"",""text"":""酱炙""},{""label"":""食材"",""text"":""鳅鱼""},{""label"":""食材"",""text"":""拙鱼""},{""label"":""古籍来源"",""text"":""益州记""},{""label"":""食材"",""text"":""幕鱼""},{""label"":""食材"",""text"":""萧鱼""},{""label"":""食材"",""text"":""丙穴鱼""},{""label"":""食材"",""text"":""卷日鱼""},{""label"":""食材"",""text"":""滴蒸鳜鱼""},{""label"":""烹饪方法"",""text"":""清蒸""},{""label"":""烹饪方法"",""text"":""去骨""},{""label"":""食材"",""text"":""鲜酿鳟鱼""},{""label"":""烹饪方法"",""text"":""抽骨""},{""label"":""烹饪方法"",""text"":""全酿""}]"
602,65,71,47,47,"[{""label"":""食材"",""text"":""萝卜""},{""label"":""食材"",""text"":""五桷鱼""},{""label"":""食材"",""text"":""肉丝""},{""label"":""食材"",""text"":""鱼""},{""label"":""食材"",""text"":""姜""},{""label"":""食材"",""text"":""盐""},{""label"":""食材"",""text"":""醋""},{""label"":""食材"",""text"":""糟鱼""},{""label"":""食材"",""text"":""蒜片""},{""label"":""食材"",""text"":""豆豉""},{""label"":""食材"",""text"":""香油""},{""label"":""食材"",""text"":""鲫鱼""},{""label"":""食材"",""text"":""椒盐""},{""label"":""食材"",""text"":""豆粉""},{""label"":""食材"",""text"":""鸡蛋""},{""label"":""食材"",""text"":""灰面""},{""label"":""食材"",""text"":""肉块""},{""label"":""食材"",""text"":""大蒜""},{""label"":""食材"",""text"":""鸡块""},{""label"":""食材"",""text"":""火腿""},{""label"":""食材"",""text"":""笋片""},{""label"":""食材"",""text"":""葱""},{""label"":""食材"",""text"":""老盐莱""},{""label"":""烹饪方法"",""text"":""炖""},{""label"":""烹饪方法"",""text"":""捞起""},{""label"":""烹饪方法"",""text"":""糅""},{""label"":""烹饪方法"",""text"":""蒸""},{""label"":""烹饪方法"",""text"":""煎""},{""label"":""烹饪方法"",""text"":""焖""},{""label"":""烹饪方法"",""text"":""走油""},{""label"":""烹饪方法"",""text"":""收""},{""label"":""烹饪方法"",""text"":""炸""},{""label"":""烹饪方法"",""text"":""炒""},{""label"":""烹饪方法"",""text"":""砍""},{""label"":""烹饪方法"",""text"":""烧""},{""label"":""烹饪方法"",""text"":""包""},{""label"":""烹饪方法"",""text"":""裹""},{""label"":""食疗方"",""text"":""煤糟鱼""},{""label"":""食疗方"",""text"":""裾醋鱼""},{""label"":""食疗方"",""text"":""脆皮鱼""},{""label"":""食疗方"",""text"":""瓦块鱼""},{""label"":""食疗方"",""text"":""锅贴鱼""},{""label"":""食疗方"",""text"":""红烷鲫鱼""},{""label"":""食疗方"",""text"":""红鱼元""},{""label"":""食疗方"",""text"":""软木鱼""},{""label"":""食疗方"",""text"":""生烧大鱼""},{""label"":""古籍来源"",""text"":""摘录""}]"
603,35,44,35,35,"[{""label"":""食材"",""text"":""醋""},{""label"":""食味"",""text"":""酸""},{""label"":""食性"",""text"":""温""},{""label"":""功效"",""text"":""消痈肿""},{""label"":""功效"",""text"":""散水气""},{""label"":""功效"",""text"":""杀邪毒""},{""label"":""功效"",""text"":""破血晕""},{""label"":""功效"",""text"":""除症块坚积""},{""label"":""食材"",""text"":""酒醋""},{""label"":""食材"",""text"":""桃醋""},{""label"":""食材"",""text"":""麦醋""},{""label"":""食材"",""text"":""葡萄醋""},{""label"":""食材"",""text"":""枣醋""},{""label"":""食材"",""text"":""米醋""},{""label"":""食味"",""text"":""苦""},{""label"":""食材"",""text"":""苦酒""},{""label"":""食材"",""text"":""淳酢""},{""label"":""食材"",""text"":""醯""},{""label"":""食材"",""text"":""食醋""},{""label"":""食材"",""text"":""香醋""},{""label"":""食材"",""text"":""卤""},{""label"":""功效"",""text"":""醒酒""},{""label"":""功效"",""text"":""消食""},{""label"":""功效"",""text"":""下气""},{""label"":""功效"",""text"":""辟邪""},{""label"":""功效"",""text"":""调味""},{""label"":""功效"",""text"":""助消化""},{""label"":""功效"",""text"":""增加风味""},{""label"":""功效"",""text"":""防腐""},{""label"":""功效"",""text"":""治体癣""},{""label"":""功效"",""text"":""预防流感""},{""label"":""病症"",""text"":""足癣""},{""label"":""病症"",""text"":""流感""},{""label"":""病症"",""text"":""流脑""},{""label"":""病症"",""text"":""上呼吸道传染病""}]"
604,49,51,48,48,"[{""label"":""食材"",""text"":""甲香""},{""label"":""食材"",""text"":""甘松""},{""label"":""食材"",""text"":""哈昔泥""},{""label"":""食材"",""text"":""酥油""},{""label"":""食材"",""text"":""羊摩裆肉""},{""label"":""食材"",""text"":""羊胸脯肉""},{""label"":""食材"",""text"":""羊头""},{""label"":""食材"",""text"":""芊蹄子""},{""label"":""食材"",""text"":""草果""},{""label"":""食材"",""text"":""肉桂""},{""label"":""食材"",""text"":""生姜""},{""label"":""食材"",""text"":""阿魏""},{""label"":""食材"",""text"":""石榴子""},{""label"":""食材"",""text"":""胡椒""},{""label"":""食材"",""text"":""食盐""},{""label"":""食材"",""text"":""素油""},{""label"":""食材"",""text"":""水云母""},{""label"":""食材"",""text"":""海月""},{""label"":""食材"",""text"":""催生子""},{""label"":""食材"",""text"":""生茅香""},{""label"":""食材"",""text"":""皂角""},{""label"":""食味"",""text"":""咸""},{""label"":""食性"",""text"":""平""},{""label"":""食味"",""text"":""辛""},{""label"":""食味"",""text"":""甘""},{""label"":""归经"",""text"":""脾""},{""label"":""归经"",""text"":""胃经""},{""label"":""功效"",""text"":""和气清神""},{""label"":""功效"",""text"":""理气止痛""},{""label"":""功效"",""text"":""醒脾开胃""},{""label"":""病症"",""text"":""脘腹痛""},{""label"":""病症"",""text"":""痢疾""},{""label"":""病症"",""text"":""淋病""},{""label"":""病症"",""text"":""痔瘘""},{""label"":""病症"",""text"":""疥癣""},{""label"":""病症"",""text"":""骨痛""},{""label"":""病症"",""text"":""心腹胀满""},{""label"":""病症"",""text"":""头痛""},{""label"":""病症"",""text"":""港病""},{""label"":""病症"",""text"":""脚气""},{""label"":""烹饪方法"",""text"":""烧""},{""label"":""烹饪方法"",""text"":""熬""},{""label"":""烹饪方法"",""text"":""炒""},{""label"":""烹饪方法"",""text"":""捣""},{""label"":""烹饪方法"",""text"":""筛""},{""label"":""烹饪方法"",""text"":""煮""},{""label"":""烹饪方法"",""text"":""薰""},{""label"":""医家"",""text"":""雷毂""}]"
605,18,14,13,13,"[{""label"":""食材"",""text"":""豹肉""},{""label"":""食味"",""text"":""酸""},{""label"":""食性"",""text"":""平""},{""label"":""功效"",""text"":""安定人的五脏""},{""label"":""功效"",""text"":""补人的绝伤""},{""label"":""功效"",""text"":""强壮筋骨""},{""label"":""功效"",""text"":""增强人的心志""},{""label"":""功效"",""text"":""使人勇猛""},{""label"":""功效"",""text"":""使人耐严寒和暑热""},{""label"":""病症"",""text"":""腰疼""},{""label"":""禁忌"",""text"":""不要吃豹肉""},{""label"":""古籍来源"",""text"":""《新修本草》""},{""label"":""医家"",""text"":""苏恭""}]"
606,38,25,28,28,"[{""label"":""食材"",""text"":""胡椒""},{""label"":""食材"",""text"":""白面""},{""label"":""食材"",""text"":""葵菜""},{""label"":""食材"",""text"":""葱""},{""label"":""食材"",""text"":""盐""},{""label"":""食材"",""text"":""醋""},{""label"":""食材"",""text"":""羊(摩裆)肉""},{""label"":""食材"",""text"":""草果""},{""label"":""食材"",""text"":""良姜""},{""label"":""食材"",""text"":""羊肚子""},{""label"":""食材"",""text"":""羊肺""},{""label"":""食材"",""text"":""蘑菇""},{""label"":""食材"",""text"":""瓠子""},{""label"":""食材"",""text"":""羊肉""},{""label"":""食材"",""text"":""生姜汁""},{""label"":""食性"",""text"":""寒""},{""label"":""功效"",""text"":""去消渴""},{""label"":""功效"",""text"":""利水""},{""label"":""病症"",""text"":""消渴""},{""label"":""烹饪方法"",""text"":""炒""},{""label"":""烹饪方法"",""text"":""熬""},{""label"":""烹饪方法"",""text"":""煮""},{""label"":""烹饪方法"",""text"":""切""},{""label"":""烹饪方法"",""text"":""拌""},{""label"":""烹饪方法"",""text"":""卸割""},{""label"":""烹饪方法"",""text"":""搅""},{""label"":""烹饪方法"",""text"":""滤""},{""label"":""食疗方"",""text"":""鸡爪面""}]"
607,30,23,23,23,"[{""label"":""食材"",""text"":""羊头""},{""label"":""食材"",""text"":""姜末""},{""label"":""食材"",""text"":""胡椒粉""},{""label"":""食材"",""text"":""葱花""},{""label"":""食材"",""text"":""食盐""},{""label"":""食材"",""text"":""醋""},{""label"":""食材"",""text"":""牛蹄""},{""label"":""食材"",""text"":""马蹄""},{""label"":""食材"",""text"":""熊掌""},{""label"":""食材"",""text"":""羊肉""},{""label"":""食材"",""text"":""萝卜""},{""label"":""食材"",""text"":""羊尾""},{""label"":""烹饪方法"",""text"":""煮""},{""label"":""烹饪方法"",""text"":""炒""},{""label"":""烹饪方法"",""text"":""切""},{""label"":""烹饪方法"",""text"":""攒""},{""label"":""食性"",""text"":""凉""},{""label"":""病症"",""text"":""崩中""},{""label"":""病症"",""text"":""漏下赤白""},{""label"":""食疗方"",""text"":""攒牛蹄""},{""label"":""食疗方"",""text"":""攒马蹄""},{""label"":""食疗方"",""text"":""攒熊掌""},{""label"":""食疗方"",""text"":""细乞思哥""}]"
608,54,20,40,40,"[{""label"":""食材"",""text"":""羊肉""},{""label"":""食材"",""text"":""草果""},{""label"":""食材"",""text"":""回回豆子""},{""label"":""食材"",""text"":""香粳米""},{""label"":""食材"",""text"":""胡萝卜""},{""label"":""食材"",""text"":""羊后脚肉""},{""label"":""食材"",""text"":""肋枝""},{""label"":""食材"",""text"":""姜黄""},{""label"":""食材"",""text"":""姜末""},{""label"":""食材"",""text"":""咱夫兰""},{""label"":""食材"",""text"":""芫荽叶""},{""label"":""食材"",""text"":""盐""},{""label"":""食材"",""text"":""醋""},{""label"":""食材"",""text"":""羊的肋骨""},{""label"":""食材"",""text"":""食盐""},{""label"":""食材"",""text"":""姜米""},{""label"":""食材"",""text"":""香焱米""},{""label"":""食材"",""text"":""羊后腿肉""},{""label"":""食材"",""text"":""昏莱""},{""label"":""食材"",""text"":""醭""},{""label"":""食材"",""text"":""苯肉""},{""label"":""食材"",""text"":""挲果""},{""label"":""食材"",""text"":""良娑""},{""label"":""食材"",""text"":""姜""},{""label"":""食材"",""text"":""郁金""},{""label"":""烹饪方法"",""text"":""熬""},{""label"":""烹饪方法"",""text"":""煮""},{""label"":""烹饪方法"",""text"":""切""},{""label"":""烹饪方法"",""text"":""捣""},{""label"":""烹饪方法"",""text"":""碎""},{""label"":""烹饪方法"",""text"":""去皮""},{""label"":""烹饪方法"",""text"":""滤""},{""label"":""烹饪方法"",""text"":""丸""},{""label"":""烹饪方法"",""text"":""剁""},{""label"":""烹饪方法"",""text"":""下""},{""label"":""烹饪方法"",""text"":""撒""},{""label"":""烹饪方法"",""text"":""加""},{""label"":""烹饪方法"",""text"":""调和""},{""label"":""食疗方"",""text"":""三下锅""},{""label"":""功效"",""text"":""补中益气""}]"
609,23,21,21,21,"[{""label"":""食材"",""text"":""羊肉""},{""label"":""食材"",""text"":""草果""},{""label"":""食材"",""text"":""回回豆子""},{""label"":""食材"",""text"":""芜菁""},{""label"":""食材"",""text"":""香粳米""},{""label"":""食材"",""text"":""苦豆""},{""label"":""食性"",""text"":""温""},{""label"":""食味"",""text"":""苦""},{""label"":""功效"",""text"":""补下元""},{""label"":""功效"",""text"":""理腰膝""},{""label"":""脏腑"",""text"":""肾""},{""label"":""食疗方"",""text"":""苦豆子汤""},{""label"":""烹饪方法"",""text"":""拆割""},{""label"":""烹饪方法"",""text"":""捣碎""},{""label"":""烹饪方法"",""text"":""洗挣""},{""label"":""烹饪方法"",""text"":""熬""},{""label"":""烹饪方法"",""text"":""过滤""},{""label"":""烹饪方法"",""text"":""切碎""},{""label"":""烹饪方法"",""text"":""切成""},{""label"":""烹饪方法"",""text"":""调和""},{""label"":""古籍来源"",""text"":""料物性味""}]"
611,35,20,30,30,"[{""label"":""病症"",""text"":""风痹不仁""},{""label"":""病症"",""text"":""脚气""},{""label"":""食材"",""text"":""熊肉""},{""label"":""烹饪方法"",""text"":""煮熟""},{""label"":""烹饪方法"",""text"":""切块""},{""label"":""食材"",""text"":""草果""},{""label"":""食材"",""text"":""胡椒""},{""label"":""食材"",""text"":""哈昔泥""},{""label"":""食材"",""text"":""姜黄""},{""label"":""食材"",""text"":""缩砂""},{""label"":""食材"",""text"":""咱夫兰""},{""label"":""食材"",""text"":""葱""},{""label"":""食材"",""text"":""盐""},{""label"":""食材"",""text"":""酱""},{""label"":""烹饪方法"",""text"":""调和""},{""label"":""食疗方"",""text"":""鲤鱼汤""},{""label"":""病症"",""text"":""黄疸""},{""label"":""功效"",""text"":""止渴""},{""label"":""功效"",""text"":""安胎""},{""label"":""病症"",""text"":""缓风""},{""label"":""病症"",""text"":""脚弱""},{""label"":""功效"",""text"":""行气调中""},{""label"":""功效"",""text"":""和骨""},{""label"":""功效"",""text"":""醒脾""},{""label"":""古籍来源"",""text"":""本书卷三《鱼品`鲤鱼》""},{""label"":""病症"",""text"":""黄瘅""},{""label"":""病症"",""text"":""身黄""},{""label"":""病症"",""text"":""目黄""},{""label"":""病症"",""text"":""小便黄""},{""label"":""病症"",""text"":""有宿癜者""}]"
612,29,24,23,23,"[{""label"":""食味"",""text"":""辛""},{""label"":""食性"",""text"":""温""},{""label"":""病症"",""text"":""产后忽然井鲥""},{""label"":""病症"",""text"":""不省人事""},{""label"":""病症"",""text"":""心绞痛""},{""label"":""病症"",""text"":""肚子绞痛""},{""label"":""病症"",""text"":""皮肤出现游觯舸病""},{""label"":""食味"",""text"":""苦""},{""label"":""食性"",""text"":""寒""},{""label"":""功效"",""text"":""利小便""},{""label"":""功效"",""text"":""通利小便""},{""label"":""食材"",""text"":""木丹""},{""label"":""食材"",""text"":""鲜支""},{""label"":""食材"",""text"":""趱枢""},{""label"":""食材"",""text"":""小厄子""},{""label"":""食材"",""text"":""椐子""},{""label"":""食材"",""text"":""山栀子""},{""label"":""食材"",""text"":""黄鸡子""},{""label"":""食材"",""text"":""筻子""},{""label"":""食材"",""text"":""山枝干""},{""label"":""食材"",""text"":""水棋枝""},{""label"":""食材"",""text"":""林兰""},{""label"":""脏腑"",""text"":""五脏""}]"
613,59,38,46,46,"[{""label"":""食材"",""text"":""蘑菰""},{""label"":""食材"",""text"":""杏泥""},{""label"":""食材"",""text"":""胡桃仁""},{""label"":""食材"",""text"":""必思答仁""},{""label"":""食材"",""text"":""胭脂""},{""label"":""食材"",""text"":""栀子""},{""label"":""食材"",""text"":""小油""},{""label"":""食材"",""text"":""生姜""},{""label"":""食材"",""text"":""豆粉""},{""label"":""食材"",""text"":""山药""},{""label"":""食材"",""text"":""羊肚""},{""label"":""食材"",""text"":""肺""},{""label"":""食材"",""text"":""苦肠""},{""label"":""食材"",""text"":""葱""},{""label"":""食材"",""text"":""醋""},{""label"":""食材"",""text"":""芫荽叶""},{""label"":""食材"",""text"":""羊肉""},{""label"":""食材"",""text"":""羊尾巴""},{""label"":""食材"",""text"":""羊苦肠""},{""label"":""食材"",""text"":""甜八旦杏仁""},{""label"":""食材"",""text"":""鸡头仁""},{""label"":""食材"",""text"":""鸡蛋""},{""label"":""食材"",""text"":""蒹油""},{""label"":""食材"",""text"":""食盐""},{""label"":""食材"",""text"":""酱""},{""label"":""食材"",""text"":""香莱叶""},{""label"":""食材"",""text"":""松黄""},{""label"":""食材"",""text"":""白面""},{""label"":""食材"",""text"":""牛奶子""},{""label"":""食材"",""text"":""酥油""},{""label"":""食材"",""text"":""黑子儿""},{""label"":""食材"",""text"":""盐""},{""label"":""食材"",""text"":""碱""},{""label"":""食材"",""text"":""八旦仁""},{""label"":""烹饪方法"",""text"":""蒸""},{""label"":""烹饪方法"",""text"":""炒""},{""label"":""烹饪方法"",""text"":""烧""},{""label"":""烹饪方法"",""text"":""切""},{""label"":""烹饪方法"",""text"":""拌""},{""label"":""烹饪方法"",""text"":""和""},{""label"":""烹饪方法"",""text"":""作""},{""label"":""食疗方"",""text"":""黑子儿烧饼""},{""label"":""古籍来源"",""text"":""本书卷三《果品:八澹仁》""},{""label"":""古籍来源"",""text"":""本书卷三《果品'胡桃》""},{""label"":""古籍来源"",""text"":""本书卷三《果品'必思答》""},{""label"":""古籍来源"",""text"":""卷三《料物性味'黑子儿》""}]"
614,14,21,12,12,"[{""label"":""食材"",""text"":""青羊肉""},{""label"":""食味"",""text"":""甘""},{""label"":""食性"",""text"":""温""},{""label"":""功效"",""text"":""补脾胃之气""},{""label"":""病症"",""text"":""久病而成的劳伤""},{""label"":""禁忌"",""text"":""不可以食用""},{""label"":""功效"",""text"":""补养人""},{""label"":""烹饪方法"",""text"":""煮汤""},{""label"":""食性"",""text"":""平""},{""label"":""功效"",""text"":""补益人""},{""label"":""功效"",""text"":""补养人体""},{""label"":""功效"",""text"":""补虚助阳""}]"
615,15,10,8,8,"[{""label"":""食材"",""text"":""胡椒""},{""label"":""食味"",""text"":""辛""},{""label"":""食性"",""text"":""温""},{""label"":""功效"",""text"":""主下气""},{""label"":""功效"",""text"":""除脏腑风冷""},{""label"":""功效"",""text"":""杀肉毒""},{""label"":""脏腑"",""text"":""脏腑""},{""label"":""病症"",""text"":""痰""}]"
616,32,30,31,31,"[{""label"":""食疗方"",""text"":""茯苓酒""},{""label"":""古籍来源"",""text"":""《仙方》""},{""label"":""食材"",""text"":""茯苓""},{""label"":""烹饪方法"",""text"":""酿酒""},{""label"":""病症"",""text"":""腿劳""},{""label"":""功效"",""text"":""强壮筋骨""},{""label"":""功效"",""text"":""延年益寿""},{""label"":""食疗方"",""text"":""松根酒""},{""label"":""食材"",""text"":""松根""},{""label"":""烹饪方法"",""text"":""酿酒""},{""label"":""病症"",""text"":""风""},{""label"":""功效"",""text"":""壮筋骨""},{""label"":""食材"",""text"":""曲""},{""label"":""食材"",""text"":""米""},{""label"":""食材"",""text"":""云苓""},{""label"":""食材"",""text"":""白茯苓""},{""label"":""食材"",""text"":""赤茯苓""},{""label"":""食味"",""text"":""甘""},{""label"":""食味"",""text"":""淡""},{""label"":""食性"",""text"":""平""},{""label"":""功效"",""text"":""利水渗湿""},{""label"":""功效"",""text"":""健脾和胃""},{""label"":""功效"",""text"":""宁心安神""},{""label"":""古籍来源"",""text"":""《本草纲目》""},{""label"":""古籍来源"",""text"":""《张氏医通》""},{""label"":""病症"",""text"":""风痹""},{""label"":""病症"",""text"":""行痹""},{""label"":""病症"",""text"":""走注""},{""label"":""病症"",""text"":""痛风""},{""label"":""病症"",""text"":""肢节疼痈""},{""label"":""病症"",""text"":""游走不定""}]"
617,22,14,17,17,"[{""label"":""食材"",""text"":""雁""},{""label"":""食材"",""text"":""葱末""},{""label"":""食材"",""text"":""芫萎""},{""label"":""食材"",""text"":""食盐""},{""label"":""食材"",""text"":""羊肚子""},{""label"":""食材"",""text"":""水札""},{""label"":""食材"",""text"":""芜荽末""},{""label"":""食材"",""text"":""葱""},{""label"":""食材"",""text"":""肥面""},{""label"":""食材"",""text"":""酥油""},{""label"":""烹饪方法"",""text"":""烧""},{""label"":""烹饪方法"",""text"":""蒸""},{""label"":""烹饪方法"",""text"":""炉熟""},{""label"":""烹饪方法"",""text"":""包""},{""label"":""烹饪方法"",""text"":""烤""},{""label"":""烹饪方法"",""text"":""蒸熟""},{""label"":""古籍来源"",""text"":""《禽品〈水札》""}]"
618,66,40,62,64,"[{""label"":""古籍来源"",""text"":""《神仙传》""},{""label"":""食材"",""text"":""槐实""},{""label"":""食材"",""text"":""牛胆""},{""label"":""烹饪方法"",""text"":""渍浸""},{""label"":""烹饪方法"",""text"":""阴干""},{""label"":""烹饪方法"",""text"":""吞""},{""label"":""功效"",""text"":""身轻""},{""label"":""功效"",""text"":""白发再黑""},{""label"":""功效"",""text"":""通神""},{""label"":""古籍来源"",""text"":""《食疗》""},{""label"":""食材"",""text"":""枸杞叶""},{""label"":""功效"",""text"":""筋骨壮""},{""label"":""功效"",""text"":""除风""},{""label"":""功效"",""text"":""益""},{""label"":""功效"",""text"":""去盛劳""},{""label"":""功效"",""text"":""益阴事""},{""label"":""食材"",""text"":""松节""},{""label"":""病症"",""text"":""百节疼痛""},{""label"":""病症"",""text"":""周身关节痛疼""},{""label"":""食材"",""text"":""黄松太节""},{""label"":""食材"",""text"":""油松节""},{""label"":""食材"",""text"":""松郎头""},{""label"":""食味"",""text"":""苦""},{""label"":""食性"",""text"":""温""},{""label"":""食材"",""text"":""槐角""},{""label"":""食材"",""text"":""槐子""},{""label"":""食材"",""text"":""槐豆""},{""label"":""食材"",""text"":""槐连灯""},{""label"":""食材"",""text"":""九连灯""},{""label"":""食材"",""text"":""夭豆""},{""label"":""食材"",""text"":""槐连豆""},{""label"":""食材"",""text"":""槐树豆子""},{""label"":""食味"",""text"":""苦""},{""label"":""食性"",""text"":""寒""},{""label"":""功效"",""text"":""清热""},{""label"":""功效"",""text"":""润肝""},{""label"":""功效"",""text"":""止血""},{""label"":""食味"",""text"":""苦""},{""label"":""食性"",""text"":""大寒""},{""label"":""功效"",""text"":""潸肝明目""},{""label"":""功效"",""text"":""利胆通肠""},{""label"":""功效"",""text"":""解毒消肿""},{""label"":""古籍来源"",""text"":""《证类本草》""},{""label"":""古籍来源"",""text"":""《医心方》""},{""label"":""食材"",""text"":""地仙苗""},{""label"":""食材"",""text"":""甜莱""},{""label"":""食材"",""text"":""枸杞尖""},{""label"":""食材"",""text"":""天精草""},{""label"":""食材"",""text"":""枸杞苗""},{""label"":""食材"",""text"":""枸杞莱""},{""label"":""食材"",""text"":""枸杞头""},{""label"":""食味"",""text"":""甘""},{""label"":""食性"",""text"":""谅""},{""label"":""功效"",""text"":""补虚益精""},{""label"":""功效"",""text"":""潸热""},{""label"":""功效"",""text"":""止渴""},{""label"":""功效"",""text"":""祛风明目""},{""label"":""脏腑"",""text"":""肝""},{""label"":""脏腑"",""text"":""胆""},{""label"":""食疗方"",""text"":""松节酒""},{""label"":""烹饪方法"",""text"":""采""},{""label"":""禁忌"",""text"":""凡医书均无服此百日可通神之说""},{""label"":""医家"",""text"":""孟诜""},{""label"":""医家"",""text"":""张鼎""}]"
619,43,29,23,23,"[{""label"":""食材"",""text"":""羊肉""},{""label"":""食材"",""text"":""良姜""},{""label"":""食材"",""text"":""羊肝""},{""label"":""食材"",""text"":""胡椒""},{""label"":""食材"",""text"":""鸡头粉""},{""label"":""食材"",""text"":""豆粉""},{""label"":""食材"",""text"":""陈皮""},{""label"":""食材"",""text"":""生姜""},{""label"":""食性"",""text"":""温""},{""label"":""食味"",""text"":""辛""},{""label"":""归经"",""text"":""肺""},{""label"":""归经"",""text"":""胃""},{""label"":""归经"",""text"":""脾""},{""label"":""功效"",""text"":""补中益气""},{""label"":""功效"",""text"":""去湿""},{""label"":""功效"",""text"":""消焱""},{""label"":""病症"",""text"":""湿""},{""label"":""烹饪方法"",""text"":""熬""},{""label"":""烹饪方法"",""text"":""滤""},{""label"":""烹饪方法"",""text"":""切""},{""label"":""烹饪方法"",""text"":""捣""},{""label"":""烹饪方法"",""text"":""煮""},{""label"":""古籍来源"",""text"":""《药性类阴》""}]"
620,69,31,65,65,"[{""label"":""病症"",""text"":""脾病""},{""label"":""禁忌"",""text"":""禁食酸""},{""label"":""食材"",""text"":""大豆""},{""label"":""食材"",""text"":""豕肉""},{""label"":""食材"",""text"":""栗""},{""label"":""食材"",""text"":""藿""},{""label"":""病症"",""text"":""肺病""},{""label"":""禁忌"",""text"":""禁食苦""},{""label"":""食材"",""text"":""小麦""},{""label"":""食材"",""text"":""羊肉""},{""label"":""食材"",""text"":""杏""},{""label"":""食材"",""text"":""薤""},{""label"":""病症"",""text"":""肾病""},{""label"":""禁忌"",""text"":""禁食甘""},{""label"":""食材"",""text"":""黄黍""},{""label"":""食材"",""text"":""鸡肉""},{""label"":""食材"",""text"":""桃""},{""label"":""食材"",""text"":""葱""},{""label"":""食味"",""text"":""酸""},{""label"":""脏腑"",""text"":""肝气""},{""label"":""病症"",""text"":""脾气乃绝""},{""label"":""病症"",""text"":""肉胝髑而唇揭""},{""label"":""食味"",""text"":""咸""},{""label"":""病症"",""text"":""骨气劳短""},{""label"":""病症"",""text"":""肥气折""},{""label"":""病症"",""text"":""脉凝沌而变色""},{""label"":""古籍来源"",""text"":""《内经.生气通夭论》""},{""label"":""食味"",""text"":""酸""},{""label"":""脏腑"",""text"":""肝气""},{""label"":""脏腑"",""text"":""脾气""},{""label"":""食味"",""text"":""酸""},{""label"":""脏腑"",""text"":""肝""},{""label"":""病症"",""text"":""木郁克士""},{""label"":""病症"",""text"":""脾气不运""},{""label"":""病症"",""text"":""肉胝脂阿唇揭""},{""label"":""古籍来源"",""text"":""《内经'五脏生成论》""},{""label"":""食味"",""text"":""酸""},{""label"":""古籍来源"",""text"":""《千金》""},{""label"":""病症"",""text"":""肉胝而唇褰""},{""label"":""病症"",""text"":""肉厚而唇缩""},{""label"":""病症"",""text"":""皮肉坚厚皱缩""},{""label"":""病症"",""text"":""口蓐掀起""},{""label"":""食味"",""text"":""咸""},{""label"":""病症"",""text"":""骨气劳短""},{""label"":""古籍来源"",""text"":""《内经`生气通天论》""},{""label"":""食味"",""text"":""咸""},{""label"":""病症"",""text"":""大骨气劳""},{""label"":""病症"",""text"":""短肌""},{""label"":""病症"",""text"":""心气抑""},{""label"":""古籍来源"",""text"":""《太素》""},{""label"":""古籍来源"",""text"":""《云笈七签》""},{""label"":""食味"",""text"":""咸""},{""label"":""病症"",""text"":""则骨气劳""},{""label"":""食味"",""text"":""咸""},{""label"":""病症"",""text"":""饬骨""},{""label"":""病症"",""text"":""伤骨""},{""label"":""病症"",""text"":""肥气折""},{""label"":""病症"",""text"":""变色""},{""label"":""病症"",""text"":""脉凝泣而娈色""},{""label"":""古籍来源"",""text"":""《内经`五脏生成论》""},{""label"":""食味"",""text"":""咸""},{""label"":""病症"",""text"":""脉焱拉而娈色""},{""label"":""病症"",""text"":""凝迹""},{""label"":""病症"",""text"":""血脉疑滞""},{""label"":""病症"",""text"":""面色失去光泽""}]"
621,18,9,10,10,"[{""label"":""食材"",""text"":""鲣鱼肉""},{""label"":""食性"",""text"":""寒""},{""label"":""食味"",""text"":""甜""},{""label"":""功效"",""text"":""治咳嗽喘息""},{""label"":""功效"",""text"":""安胎""},{""label"":""病症"",""text"":""黄疸病""},{""label"":""病症"",""text"":""脚部浮肿病""},{""label"":""病症"",""text"":""水肿脚气""},{""label"":""病症"",""text"":""天行病""},{""label"":""禁忌"",""text"":""不可食""}]"
622,27,26,27,27,"[{""label"":""食材"",""text"":""羊肉""},{""label"":""食材"",""text"":""羊脂""},{""label"":""食材"",""text"":""羊尾子""},{""label"":""食材"",""text"":""新韭莱""},{""label"":""食材"",""text"":""盐""},{""label"":""食材"",""text"":""酱""},{""label"":""食材"",""text"":""白面""},{""label"":""食材"",""text"":""酥油""},{""label"":""食材"",""text"":""蜜""},{""label"":""食材"",""text"":""葫芦""},{""label"":""食材"",""text"":""瓠子""},{""label"":""食材"",""text"":""葱""},{""label"":""食材"",""text"":""陈皮""},{""label"":""食材"",""text"":""生姜""},{""label"":""食材"",""text"":""小油""},{""label"":""烹饪方法"",""text"":""拌匀""},{""label"":""烹饪方法"",""text"":""作皮""},{""label"":""烹饪方法"",""text"":""炮熟""},{""label"":""烹饪方法"",""text"":""烙熟""},{""label"":""烹饪方法"",""text"":""蒸""},{""label"":""烹饪方法"",""text"":""切细""},{""label"":""烹饪方法"",""text"":""搅熟""},{""label"":""烹饪方法"",""text"":""烫熟""},{""label"":""烹饪方法"",""text"":""和""},{""label"":""食疗方"",""text"":""撇列角儿""},{""label"":""食疗方"",""text"":""莳萝角儿""},{""label"":""古籍来源"",""text"":""本书卷三《莱品'瓠'葫芦》""}]"
623,18,18,16,16,"[{""label"":""食材"",""text"":""木瓜""},{""label"":""食味"",""text"":""酸""},{""label"":""食性"",""text"":""温""},{""label"":""病症"",""text"":""湿痹邪气""},{""label"":""食材"",""text"":""梅实""},{""label"":""食味"",""text"":""酸""},{""label"":""食性"",""text"":""平""},{""label"":""功效"",""text"":""下气""},{""label"":""功效"",""text"":""除烦热""},{""label"":""功效"",""text"":""安心""},{""label"":""食材"",""text"":""黧梅""},{""label"":""食材"",""text"":""桔梅肉""},{""label"":""食材"",""text"":""酸梅""},{""label"":""食味"",""text"":""酸""},{""label"":""功效"",""text"":""去暑解渴""},{""label"":""功效"",""text"":""助消化""}]"
624,15,13,9,9,"[{""label"":""食材"",""text"":""海红""},{""label"":""食材"",""text"":""海棠""},{""label"":""食材"",""text"":""海棠果""},{""label"":""食材"",""text"":""海棠梨""},{""label"":""食材"",""text"":""棠蒸梨""},{""label"":""食味"",""text"":""酸""},{""label"":""食味"",""text"":""甘""},{""label"":""食性"",""text"":""平""},{""label"":""病症"",""text"":""泄痢""}]"
625,22,13,14,14,"[{""label"":""食材"",""text"":""天鹅""},{""label"":""食味"",""text"":""甘""},{""label"":""食性"",""text"":""热""},{""label"":""功效"",""text"":""补中益气""},{""label"":""烹饪方法"",""text"":""清蒸""},{""label"":""烹饪方法"",""text"":""炖""},{""label"":""烹饪方法"",""text"":""烤""},{""label"":""烹饪方法"",""text"":""烧""},{""label"":""医家"",""text"":""李时珍""},{""label"":""医家"",""text"":""汪颖""},{""label"":""食性"",""text"":""平""},{""label"":""食性"",""text"":""冷""},{""label"":""功效"",""text"":""益人气力""},{""label"":""功效"",""text"":""利脏腑""}]"
626,36,11,12,15,"[{""label"":""食材"",""text"":""桂""},{""label"":""食味"",""text"":""甘""},{""label"":""食味"",""text"":""辛""},{""label"":""食性"",""text"":""大热""},{""label"":""病症"",""text"":""心腹寒热""},{""label"":""病症"",""text"":""冷痰""},{""label"":""脏腑"",""text"":""肝""},{""label"":""脏腑"",""text"":""肺""},{""label"":""功效"",""text"":""补元阳""},{""label"":""功效"",""text"":""通血脉""},{""label"":""功效"",""text"":""治心腹寒热""},{""label"":""功效"",""text"":""利肝""},{""label"":""功效"",""text"":""肺气""},{""label"":""禁忌"",""text"":""用量不宜过大""},{""label"":""古籍来源"",""text"":""《本草》""}]"
627,10,9,8,8,"[{""label"":""食材"",""text"":""山丹根""},{""label"":""食味"",""text"":""甘""},{""label"":""食性"",""text"":""平""},{""label"":""功效"",""text"":""主邪气腹胀""},{""label"":""病症"",""text"":""疮肿""},{""label"":""烹饪方法"",""text"":""蒸""},{""label"":""烹饪方法"",""text"":""煮""},{""label"":""烹饪方法"",""text"":""捣""}]"
628,41,11,10,10,"[{""label"":""食材"",""text"":""苦苴莱""},{""label"":""食味"",""text"":""苦""},{""label"":""食性"",""text"":""平""},{""label"":""病症"",""text"":""面目发蚩的费疸病""},{""label"":""功效"",""text"":""清爽精神""},{""label"":""功效"",""text"":""通利五脏""},{""label"":""食材"",""text"":""嫩叶""},{""label"":""食材"",""text"":""根""},{""label"":""食材"",""text"":""花""},{""label"":""食材"",""text"":""种孓""}]"
629,27,15,18,18,"[{""label"":""食材"",""text"":""麦""},{""label"":""食性"",""text"":""温""},{""label"":""病症"",""text"":""寒变""},{""label"":""脏腑"",""text"":""肝""},{""label"":""脏腑"",""text"":""心""},{""label"":""脏腑"",""text"":""脾""},{""label"":""脏腑"",""text"":""肺""},{""label"":""脏腑"",""text"":""肾""},{""label"":""病症"",""text"":""饱闷""},{""label"":""病症"",""text"":""狐疑""},{""label"":""病症"",""text"":""下利奔迫""},{""label"":""病症"",""text"":""惨然不乐""},{""label"":""养生原则"",""text"":""禁温饮食及热衣服""},{""label"":""医家"",""text"":""喻昌""},{""label"":""医家"",""text"":""蕃多村直宽""},{""label"":""古籍来源"",""text"":""《素问札记》""},{""label"":""医家"",""text"":""张景岳""},{""label"":""古籍来源"",""text"":""《脉要精徵论》""}]"
630,25,12,15,15,"[{""label"":""食材"",""text"":""咱夫兰""},{""label"":""食材"",""text"":""羊心""},{""label"":""食材"",""text"":""羊腰""},{""label"":""食材"",""text"":""肥鸡儿""},{""label"":""食材"",""text"":""葱""},{""label"":""烹饪方法"",""text"":""烤""},{""label"":""烹饪方法"",""text"":""炙""},{""label"":""烹饪方法"",""text"":""切""},{""label"":""功效"",""text"":""心气安宁""},{""label"":""功效"",""text"":""心情愉快""},{""label"":""功效"",""text"":""欢喜""},{""label"":""病症"",""text"":""腰眼疼痛""},{""label"":""食疗方"",""text"":""炙羊腰""},{""label"":""食疗方"",""text"":""攒鸡儿""},{""label"":""古籍来源"",""text"":""《曾品.羊肉》""}]"
631,21,11,11,11,"[{""label"":""食材"",""text"":""黄瓜""},{""label"":""食味"",""text"":""甘""},{""label"":""食性"",""text"":""平""},{""label"":""食性"",""text"":""寒""},{""label"":""禁忌"",""text"":""动气发瓣""},{""label"":""禁忌"",""text"":""令人虚热""},{""label"":""禁忌"",""text"":""不可盗食""},{""label"":""禁忌"",""text"":""不可以多吃""},{""label"":""功效"",""text"":""除热利水""},{""label"":""功效"",""text"":""解莓""},{""label"":""病症"",""text"":""烦渴""}]"
632,23,21,17,17,"[{""label"":""食材"",""text"":""鲂鱼""},{""label"":""食味"",""text"":""甜""},{""label"":""食性"",""text"":""温""},{""label"":""食性"",""text"":""平""},{""label"":""功效"",""text"":""补益""},{""label"":""功效"",""text"":""助脾""},{""label"":""病症"",""text"":""疳痢""},{""label"":""食材"",""text"":""鲟""},{""label"":""食材"",""text"":""耶鱼""},{""label"":""烹饪方法"",""text"":""薄切""},{""label"":""食材"",""text"":""蒜齑""},{""label"":""食材"",""text"":""姜""},{""label"":""食材"",""text"":""醋""},{""label"":""禁忌"",""text"":""不可与疳痢人食""},{""label"":""古籍来源"",""text"":""《本草纲目》""},{""label"":""医家"",""text"":""孟诜""},{""label"":""古籍来源"",""text"":""《食品巢》""}]"
633,55,17,10,10,"[{""label"":""食材"",""text"":""犀角""},{""label"":""食味"",""text"":""苦""},{""label"":""食味"",""text"":""咸""},{""label"":""食性"",""text"":""微寒""},{""label"":""病症"",""text"":""蛊毒病""},{""label"":""病症"",""text"":""山岚瘴气""},{""label"":""病症"",""text"":""蛇""},{""label"":""病症"",""text"":""份蹇""},{""label"":""病症"",""text"":""瘟疫""},{""label"":""古籍来源"",""text"":""《医学正传》""}]"
634,30,14,13,13,"[{""label"":""病症"",""text"":""漏风""},{""label"":""食材"",""text"":""黍穰""},{""label"":""病症"",""text"":""癞疾""},{""label"":""病症"",""text"":""痈疽""},{""label"":""病症"",""text"":""咳嗽""},{""label"":""病症"",""text"":""痔疾""},{""label"":""病症"",""text"":""疮""},{""label"":""病症"",""text"":""气疾""},{""label"":""古籍来源"",""text"":""内经""},{""label"":""病症"",""text"":""酒风""},{""label"":""病症"",""text"":""麻风""},{""label"":""病症"",""text"":""黄癣""},{""label"":""古籍来源"",""text"":""内经:素问""}]"
635,29,23,24,24,"[{""label"":""食疗方"",""text"":""鹿角酒""},{""label"":""病症"",""text"":""卒思腰痛""},{""label"":""食材"",""text"":""鹿角""},{""label"":""烹饪方法"",""text"":""烧""},{""label"":""烹饪方法"",""text"":""浸""},{""label"":""烹饪方法"",""text"":""饮""},{""label"":""食疗方"",""text"":""黑牛髓煎""},{""label"":""病症"",""text"":""肾旋弱""},{""label"":""病症"",""text"":""骨伤败""},{""label"":""病症"",""text"":""瘦弱无力""},{""label"":""食材"",""text"":""黑牛髓""},{""label"":""食材"",""text"":""生地黄汁""},{""label"":""食材"",""text"":""白汹蜜""},{""label"":""烹饪方法"",""text"":""炼""},{""label"":""烹饪方法"",""text"":""煎""},{""label"":""烹饪方法"",""text"":""调服""},{""label"":""食味"",""text"":""咸""},{""label"":""食性"",""text"":""温""},{""label"":""归经"",""text"":""入肝""},{""label"":""归经"",""text"":""肾经""},{""label"":""功效"",""text"":""行血""},{""label"":""功效"",""text"":""消肿""},{""label"":""功效"",""text"":""益肾""},{""label"":""古籍来源"",""text"":""本书卷三《兽品:鹿:鹿角》""}]"
636,24,27,16,16,"[{""label"":""食味"",""text"":""甜""},{""label"":""食性"",""text"":""平""},{""label"":""病症"",""text"":""惊邪症""},{""label"":""食材"",""text"":""鹁鸽""},{""label"":""食味"",""text"":""咸""},{""label"":""食性"",""text"":""平""},{""label"":""功效"",""text"":""调精""},{""label"":""功效"",""text"":""益气""},{""label"":""功效"",""text"":""解诸药毒""},{""label"":""食材"",""text"":""鸽""},{""label"":""食材"",""text"":""鸽子""},{""label"":""食材"",""text"":""原鸽""},{""label"":""食材"",""text"":""家鸽""},{""label"":""食材"",""text"":""野鸽""},{""label"":""食材"",""text"":""鸽肉""},{""label"":""功效"",""text"":""滋肾益气""}]"
637,29,15,9,9,"[{""label"":""食材"",""text"":""薇莱""},{""label"":""食材"",""text"":""大巢莱""},{""label"":""食味"",""text"":""甘""},{""label"":""食性"",""text"":""平""},{""label"":""功效"",""text"":""益气""},{""label"":""功效"",""text"":""润肌""},{""label"":""功效"",""text"":""清神强志""},{""label"":""功效"",""text"":""和血祛痰""},{""label"":""医家"",""text"":""苏东坡""}]"
638,30,14,14,14,"[{""label"":""食材"",""text"":""小椒""},{""label"":""食味"",""text"":""辛""},{""label"":""食性"",""text"":""热""},{""label"":""功效"",""text"":""主邪气咳逆""},{""label"":""功效"",""text"":""温中""},{""label"":""功效"",""text"":""下冷气""},{""label"":""功效"",""text"":""除湿痹""},{""label"":""食材"",""text"":""花椒""},{""label"":""病症"",""text"":""咳逆""},{""label"":""病症"",""text"":""呃逆""},{""label"":""病症"",""text"":""吃逆""},{""label"":""病症"",""text"":""痹""},{""label"":""脏腑"",""text"":""胃""},{""label"":""古籍来源"",""text"":""唐易""}]"
639,16,15,16,16,"[{""label"":""食材"",""text"":""醍醐油""},{""label"":""食材"",""text"":""酥油""},{""label"":""食材"",""text"":""马思哥油""},{""label"":""食材"",""text"":""白酥油""},{""label"":""食材"",""text"":""牛奶子""},{""label"":""食材"",""text"":""净牛奶子""},{""label"":""食味"",""text"":""甘""},{""label"":""食性"",""text"":""平""},{""label"":""功效"",""text"":""养营""},{""label"":""功效"",""text"":""滋阴""},{""label"":""功效"",""text"":""润燥""},{""label"":""功效"",""text"":""止渴""},{""label"":""禁忌"",""text"":""中虚湿盛者忌之""},{""label"":""烹饪方法"",""text"":""煎熬""},{""label"":""烹饪方法"",""text"":""过滤""},{""label"":""烹饪方法"",""text"":""打取""}]"
640,27,14,12,12,"[{""label"":""食材"",""text"":""青鱼肉""},{""label"":""食味"",""text"":""甜""},{""label"":""食性"",""text"":""平""},{""label"":""食材"",""text"":""青鱼""},{""label"":""食材"",""text"":""鲇鱼""},{""label"":""食味"",""text"":""甘""},{""label"":""食性"",""text"":""寒""},{""label"":""禁忌"",""text"":""勿多食""},{""label"":""病症"",""text"":""目赤""},{""label"":""烹饪方法"",""text"":""炖""},{""label"":""烹饪方法"",""text"":""烧""},{""label"":""食疗方"",""text"":""红烧鲇鱼""}]"
641,31,13,13,13,"[{""label"":""食材"",""text"":""蒲黄""},{""label"":""食味"",""text"":""甘""},{""label"":""食性"",""text"":""平""},{""label"":""功效"",""text"":""治心腹蹇热""},{""label"":""功效"",""text"":""利小便""},{""label"":""功效"",""text"":""止血疾""},{""label"":""病症"",""text"":""出血""},{""label"":""食材"",""text"":""回回青""},{""label"":""食味"",""text"":""甘""},{""label"":""食性"",""text"":""寒""},{""label"":""功效"",""text"":""解诸药毒""},{""label"":""功效"",""text"":""欺热毒疮肿""},{""label"":""古籍来源"",""text"":""本书卷三《菜品'蒲笄》""}]"
642,30,20,15,15,"[{""label"":""食材"",""text"":""黄精""},{""label"":""食材"",""text"":""枣""},{""label"":""食性"",""text"":""平""},{""label"":""食味"",""text"":""甘""},{""label"":""功效"",""text"":""宽中益气""},{""label"":""功效"",""text"":""补五脏""},{""label"":""功效"",""text"":""调良饥肉""},{""label"":""功效"",""text"":""充实骨体""},{""label"":""功效"",""text"":""坚强筋骨""},{""label"":""功效"",""text"":""延年不老""},{""label"":""功效"",""text"":""颜色鲜朋""},{""label"":""功效"",""text"":""发白再黑""},{""label"":""功效"",""text"":""齿落更生""},{""label"":""病症"",""text"":""痞满气塞""},{""label"":""古籍来源"",""text"":""神枕法""}]"
643,31,21,23,23,"[{""label"":""食材"",""text"":""羊肾""},{""label"":""功效"",""text"":""补肾虚""},{""label"":""功效"",""text"":""益精髓""},{""label"":""食材"",""text"":""羊骨""},{""label"":""食性"",""text"":""热""},{""label"":""病症"",""text"":""寒中""},{""label"":""病症"",""text"":""羸瘦""},{""label"":""食材"",""text"":""羊髓""},{""label"":""食味"",""text"":""甘""},{""label"":""食性"",""text"":""温""},{""label"":""病症"",""text"":""阴气不足""},{""label"":""功效"",""text"":""利血脉""},{""label"":""功效"",""text"":""益经气""},{""label"":""食材"",""text"":""羊脑""},{""label"":""禁忌"",""text"":""不可多食""},{""label"":""食材"",""text"":""羊酪""},{""label"":""病症"",""text"":""消渴""},{""label"":""功效"",""text"":""补盛乏""},{""label"":""食味"",""text"":""甘""},{""label"":""食味"",""text"":""咸""},{""label"":""食性"",""text"":""温""},{""label"":""禁忌"",""text"":""多食发风生热""},{""label"":""禁忌"",""text"":""余病筲忌""}]"
644,34,31,21,21,"[{""label"":""古籍来源"",""text"":""《礼》""},{""label"":""古籍来源"",""text"":""《诗》""},{""label"":""古籍来源"",""text"":""《小雅:楚莰》""},{""label"":""古籍来源"",""text"":""《鲁颂.困宫》""},{""label"":""古籍来源"",""text"":""《小雅.瓠叶》""},{""label"":""古籍来源"",""text"":""《神仙传》""},{""label"":""古籍来源"",""text"":""《遵生八膪》""},{""label"":""古籍来源"",""text"":""《山家清供》""},{""label"":""医家"",""text"":""苏轼""},{""label"":""医家"",""text"":""葛洪""},{""label"":""医家"",""text"":""高濂""},{""label"":""医家"",""text"":""苏易简""},{""label"":""食材"",""text"":""猪肉""},{""label"":""烹饪方法"",""text"":""煮""},{""label"":""烹饪方法"",""text"":""燔""},{""label"":""烹饪方法"",""text"":""炮""},{""label"":""烹饪方法"",""text"":""炙""},{""label"":""病症"",""text"":""翕翕热""},{""label"":""病症"",""text"":""肝肺热""},{""label"":""养生原则"",""text"":""尊生""},{""label"":""养生原则"",""text"":""适口者珍""}]"
645,30,26,18,18,"[{""label"":""养生原则"",""text"":""早""},{""label"":""养生原则"",""text"":""少""},{""label"":""养生原则"",""text"":""烂""},{""label"":""养生原则"",""text"":""热""},{""label"":""食材"",""text"":""粗茶""},{""label"":""食材"",""text"":""熊掌""},{""label"":""食材"",""text"":""羊胃""},{""label"":""烹饪方法"",""text"":""煮""},{""label"":""烹饪方法"",""text"":""烂""},{""label"":""医家"",""text"":""苏东坡""},{""label"":""医家"",""text"":""司马光""},{""label"":""医家"",""text"":""何曾""},{""label"":""医家"",""text"":""韩桂令""},{""label"":""医家"",""text"":""石琢堂""},{""label"":""医家"",""text"":""朱兰坡""},{""label"":""医家"",""text"":""郎仁宝""},{""label"":""古籍来源"",""text"":""《周礼》""},{""label"":""古籍来源"",""text"":""《诗经》""}]"
646,34,14,18,18,"[{""label"":""食材"",""text"":""鲟""},{""label"":""食材"",""text"":""蟹""},{""label"":""食材"",""text"":""蝤蛑""},{""label"":""食材"",""text"":""蝤蠓""},{""label"":""食材"",""text"":""蜉""},{""label"":""食材"",""text"":""蛸蛑""},{""label"":""医家"",""text"":""苏东坡""},{""label"":""古籍来源"",""text"":""《蟹图记》""},{""label"":""食材"",""text"":""蛾""},{""label"":""烹饪方法"",""text"":""炝拌""},{""label"":""食材"",""text"":""蛇血""},{""label"":""食材"",""text"":""梅蜇蛇血""},{""label"":""食材"",""text"":""水母""},{""label"":""古籍来源"",""text"":""《食单》""},{""label"":""食材"",""text"":""鸟贼""},{""label"":""食材"",""text"":""墨鱼""},{""label"":""食性"",""text"":""甘平""},{""label"":""食性"",""text"":""寒""}]"
647,16,19,11,11,"[{""label"":""食材"",""text"":""熊蹯""},{""label"":""食材"",""text"":""羊胃""},{""label"":""烹饪方法"",""text"":""食""},{""label"":""烹饪方法"",""text"":""饮""},{""label"":""古籍来源"",""text"":""杜甫诗句""},{""label"":""古籍来源"",""text"":""孟子.尽心""},{""label"":""古籍来源"",""text"":""宋司马光""},{""label"":""古籍来源"",""text"":""宋书.陶潜传""},{""label"":""古籍来源"",""text"":""庚溪诗话""},{""label"":""古籍来源"",""text"":""左传文元年""},{""label"":""古籍来源"",""text"":""后汊书:刘玄传""}]"
648,9,8,8,8,"[{""label"":""古籍来源"",""text"":""随园食单""},{""label"":""食材"",""text"":""海参""},{""label"":""食材"",""text"":""鱼翅""},{""label"":""食材"",""text"":""鸡汤""},{""label"":""食材"",""text"":""萝卜丝""},{""label"":""食材"",""text"":""肉刺""},{""label"":""烹饪方法"",""text"":""煨""},{""label"":""烹饪方法"",""text"":""搀和""}]"
649,14,12,12,12,"[{""label"":""古籍来源"",""text"":""《随园食单》""},{""label"":""食材"",""text"":""牛肉""},{""label"":""食材"",""text"":""犬肉""},{""label"":""食材"",""text"":""水鸡""},{""label"":""食材"",""text"":""石鳞""},{""label"":""食材"",""text"":""骨拣""},{""label"":""食材"",""text"":""鸟皮""},{""label"":""食材"",""text"":""脚鱼""},{""label"":""食材"",""text"":""山莱""},{""label"":""食材"",""text"":""白鳝""},{""label"":""食材"",""text"":""黄鳝""},{""label"":""食材"",""text"":""鳇鱼""}]"
650,18,21,13,13,"[{""label"":""食材"",""text"":""鲥鱼""},{""label"":""食材"",""text"":""带鱼""},{""label"":""食材"",""text"":""白糟猪油""},{""label"":""食材"",""text"":""`鱼""},{""label"":""食材"",""text"":""河豚白""},{""label"":""食材"",""text"":""稣残鱼""},{""label"":""食材"",""text"":""龙头鲥""},{""label"":""食材"",""text"":""鲎""},{""label"":""烹饪方法"",""text"":""清蒸""},{""label"":""烹饪方法"",""text"":""烹调""},{""label"":""烹饪方法"",""text"":""晒干""},{""label"":""古籍来源"",""text"":""《正字通》""},{""label"":""古籍来源"",""text"":""《方言》""}]"
651,4,2,2,2,"[{""label"":""古籍来源"",""text"":""《随园食单》""},{""label"":""食材"",""text"":""鹿尾""}]"
652,11,10,8,8,"[{""label"":""食材"",""text"":""瓢儿莱""},{""label"":""食材"",""text"":""白莱""},{""label"":""古籍来源"",""text"":""《随园食单》""},{""label"":""烹饪方法"",""text"":""干炒""},{""label"":""食材"",""text"":""莱心""},{""label"":""烹饪方法"",""text"":""煨""},{""label"":""烹饪方法"",""text"":""煨""},{""label"":""烹饪方法"",""text"":""煅""}]"
653,10,0,10,10,"[{""label"":""食材"",""text"":""冬瓜""},{""label"":""食材"",""text"":""燕窝""},{""label"":""食材"",""text"":""鸽蛋""},{""label"":""食材"",""text"":""肉丝""},{""label"":""食材"",""text"":""火腿汤""},{""label"":""食材"",""text"":""蘑菇汤""},{""label"":""食材"",""text"":""鸡汤""},{""label"":""烹饪方法"",""text"":""煮""},{""label"":""医家"",""text"":""袁枚""},{""label"":""古籍来源"",""text"":""随园食单""}]"
654,18,10,14,14,"[{""label"":""食材"",""text"":""核桃""},{""label"":""功效"",""text"":""补下焦之火""},{""label"":""功效"",""text"":""扶上焦之脾""},{""label"":""食材"",""text"":""高粱烧酒""},{""label"":""烹饪方法"",""text"":""嚼""},{""label"":""烹饪方法"",""text"":""呷""},{""label"":""功效"",""text"":""滋润之功""},{""label"":""病症"",""text"":""性急""},{""label"":""功效"",""text"":""益气健脾""},{""label"":""医家"",""text"":""曾宾谷""},{""label"":""脏腑"",""text"":""下焦""},{""label"":""脏腑"",""text"":""上焦""},{""label"":""古籍来源"",""text"":""西域""},{""label"":""古籍来源"",""text"":""中土""}]"
655,10,0,0,0,[]
656,20,13,13,13,"[{""label"":""食材"",""text"":""火腿""},{""label"":""食材"",""text"":""风蹄""},{""label"":""食材"",""text"":""谈腿""},{""label"":""食材"",""text"":""狗腿""},{""label"":""食材"",""text"":""花猪肉""},{""label"":""食材"",""text"":""兰薰""},{""label"":""食味"",""text"":""淡""},{""label"":""功效"",""text"":""止血痢""},{""label"":""功效"",""text"":""开胃""},{""label"":""古籍来源"",""text"":""《本草纲目拾遗》""},{""label"":""医家"",""text"":""陈达夫""},{""label"":""医家"",""text"":""赵学敏""},{""label"":""医家"",""text"":""吴巢松""}]"
657,7,10,7,7,"[{""label"":""食材"",""text"":""燕窝""},{""label"":""食材"",""text"":""鸡汤""},{""label"":""食材"",""text"":""火腿汤""},{""label"":""食材"",""text"":""蘑菇汤""},{""label"":""食材"",""text"":""冬瓜""},{""label"":""烹饪方法"",""text"":""瀹""},{""label"":""古籍来源"",""text"":""《食单》""}]"
659,10,4,4,4,"[{""label"":""食材"",""text"":""新粳米""},{""label"":""食材"",""text"":""枯松枝""},{""label"":""食材"",""text"":""鲜白莱""},{""label"":""食材"",""text"":""寒露蕈""}]"
660,13,0,12,12,"[{""label"":""食材"",""text"":""桃花饭""},{""label"":""食材"",""text"":""竹叶醅""},{""label"":""食材"",""text"":""浊酒""},{""label"":""食材"",""text"":""连展""},{""label"":""食材"",""text"":""黎祁""},{""label"":""食材"",""text"":""麦饵""},{""label"":""烹饪方法"",""text"":""煮""},{""label"":""烹饪方法"",""text"":""洗""},{""label"":""烹饪方法"",""text"":""磨""},{""label"":""烹饪方法"",""text"":""烧烤""},{""label"":""医家"",""text"":""陆游""},{""label"":""医家"",""text"":""张翰""}]"
661,9,3,3,3,"[{""label"":""食材"",""text"":""茶叶""},{""label"":""古籍来源"",""text"":""日铸""},{""label"":""古籍来源"",""text"":""顾诸""}]"
662,3,0,0,0,[]
664,10,0,10,10,"[{""label"":""食材"",""text"":""梨""},{""label"":""食材"",""text"":""莼莱""},{""label"":""食材"",""text"":""豆豉""},{""label"":""食材"",""text"":""海簋""},{""label"":""食材"",""text"":""海蛤""},{""label"":""食材"",""text"":""桑叶""},{""label"":""烹饪方法"",""text"":""煮""},{""label"":""烹饪方法"",""text"":""煎熬""},{""label"":""食味"",""text"":""甜""},{""label"":""食味"",""text"":""鲜""}]"
665,12,13,11,11,"[{""label"":""食材"",""text"":""香蔬""},{""label"":""食材"",""text"":""山药""},{""label"":""食材"",""text"":""芋头""},{""label"":""食材"",""text"":""胡萝卜""},{""label"":""烹饪方法"",""text"":""炊""},{""label"":""烹饪方法"",""text"":""煮""},{""label"":""烹饪方法"",""text"":""煨""},{""label"":""食味"",""text"":""甜""},{""label"":""食味"",""text"":""酸""},{""label"":""医家"",""text"":""陆游""},{""label"":""古籍来源"",""text"":""山厨薪桂""}]"
667,10,0,0,0,[]
668,1,0,0,0,[]
669,5,0,5,5,"[{""label"":""食材"",""text"":""芋魁""},{""label"":""食材"",""text"":""菰首""},{""label"":""食材"",""text"":""茭白""},{""label"":""烹饪方法"",""text"":""煮粥""},{""label"":""烹饪方法"",""text"":""笔羹""}]"
670,22,18,15,15,"[{""label"":""病症"",""text"":""消渴""},{""label"":""食材"",""text"":""长鱼""},{""label"":""食材"",""text"":""大肉""},{""label"":""食材"",""text"":""冻齑""},{""label"":""食材"",""text"":""狐泉""},{""label"":""食材"",""text"":""槐叶""},{""label"":""食材"",""text"":""咸齑""},{""label"":""食味"",""text"":""咸""},{""label"":""病症"",""text"":""宿醉""},{""label"":""医家"",""text"":""刘伶""},{""label"":""医家"",""text"":""司马相如""},{""label"":""医家"",""text"":""鲍照""},{""label"":""医家"",""text"":""姚崇""},{""label"":""医家"",""text"":""苏易简""},{""label"":""古籍来源"",""text"":""冰壶诫""}]"
671,24,12,10,10,"[{""label"":""食材"",""text"":""大米""},{""label"":""食材"",""text"":""豆腐干""},{""label"":""食材"",""text"":""药苗""},{""label"":""食材"",""text"":""野莱""},{""label"":""食材"",""text"":""荠""},{""label"":""食材"",""text"":""椿""},{""label"":""食材"",""text"":""荞糁""},{""label"":""食材"",""text"":""莼羹""},{""label"":""食材"",""text"":""牛乳""},{""label"":""食材"",""text"":""酥""}]"
672,7,4,4,4,"[{""label"":""食材"",""text"":""蚕蛹""},{""label"":""食材"",""text"":""麦仁""},{""label"":""烹饪方法"",""text"":""煮""},{""label"":""烹饪方法"",""text"":""烹调""}]"
673,4,3,2,2,"[{""label"":""食材"",""text"":""山药""},{""label"":""烹饪方法"",""text"":""煮""}]"
674,9,3,3,3,"[{""label"":""食材"",""text"":""茶叶""},{""label"":""古籍来源"",""text"":""日铸""},{""label"":""古籍来源"",""text"":""顾诸""}]"
675,6,0,0,0,[]
676,9,0,0,0,[]
677,13,7,8,8,"[{""label"":""食材"",""text"":""晚崧""},{""label"":""食材"",""text"":""芜菁""},{""label"":""食材"",""text"":""麦饭""},{""label"":""食材"",""text"":""青蔬""},{""label"":""食材"",""text"":""大官葱""},{""label"":""食材"",""text"":""葱""},{""label"":""医家"",""text"":""陆游""},{""label"":""古籍来源"",""text"":""蔬园杂咏""}]"
678,29,23,29,29,"[{""label"":""古籍来源"",""text"":""《雨航杂录》""},{""label"":""食材"",""text"":""竹蛎""},{""label"":""古籍来源"",""text"":""《文选》""},{""label"":""食材"",""text"":""梅花蛎""},{""label"":""食材"",""text"":""蛎黄酱""},{""label"":""古籍来源"",""text"":""《齐民要术》""},{""label"":""食材"",""text"":""蚶""},{""label"":""烹饪方法"",""text"":""炙""},{""label"":""食材"",""text"":""蛎""},{""label"":""烹饪方法"",""text"":""炙""},{""label"":""古籍来源"",""text"":""《谱》""},{""label"":""食味"",""text"":""甘""},{""label"":""食性"",""text"":""平""},{""label"":""功效"",""text"":""补五脏""},{""label"":""功效"",""text"":""调中""},{""label"":""功效"",""text"":""解丹毒""},{""label"":""功效"",""text"":""折酲止渴""},{""label"":""功效"",""text"":""活血""},{""label"":""功效"",""text"":""充饥""},{""label"":""食材"",""text"":""鱼皮""},{""label"":""烹饪方法"",""text"":""煨""},{""label"":""古籍来源"",""text"":""《本草》""},{""label"":""医家"",""text"":""李时珍""},{""label"":""食材"",""text"":""鲨鱼""},{""label"":""食材"",""text"":""白沙""},{""label"":""烹饪方法"",""text"":""煎""},{""label"":""食材"",""text"":""鱼唇""},{""label"":""烹饪方法"",""text"":""煨""},{""label"":""古籍来源"",""text"":""《文选》""}]"
679,37,34,30,30,"[{""label"":""食材"",""text"":""醋""},{""label"":""食材"",""text"":""芡粉""},{""label"":""食材"",""text"":""童鸡""},{""label"":""食材"",""text"":""黄芪""},{""label"":""食材"",""text"":""葱""},{""label"":""食材"",""text"":""茴香""},{""label"":""食材"",""text"":""秋油""},{""label"":""食材"",""text"":""脂油""},{""label"":""食材"",""text"":""水""},{""label"":""食材"",""text"":""熟术""},{""label"":""食材"",""text"":""盐""},{""label"":""食材"",""text"":""料皮""},{""label"":""食材"",""text"":""小茴""},{""label"":""食材"",""text"":""花椒""},{""label"":""食材"",""text"":""鸡""},{""label"":""食材"",""text"":""鸭""},{""label"":""食材"",""text"":""肚肺""},{""label"":""食材"",""text"":""猪头""},{""label"":""食材"",""text"":""猪蹄""},{""label"":""食材"",""text"":""井水""},{""label"":""烹饪方法"",""text"":""炒""},{""label"":""烹饪方法"",""text"":""蒸""},{""label"":""烹饪方法"",""text"":""煨""},{""label"":""烹饪方法"",""text"":""煮""},{""label"":""烹饪方法"",""text"":""烧""},{""label"":""烹饪方法"",""text"":""撇""},{""label"":""食疗方"",""text"":""黄芪蒸鸡""},{""label"":""食疗方"",""text"":""卤鸡""},{""label"":""病症"",""text"":""弱症""},{""label"":""古籍来源"",""text"":""《古今秘苑》""}]"
681,55,50,48,49,"[{""label"":""古籍来源"",""text"":""《事物绀珠》""},{""label"":""食材"",""text"":""蟹""},{""label"":""食材"",""text"":""鲟鲱""},{""label"":""烹饪方法"",""text"":""炒""},{""label"":""食材"",""text"":""班鱼""},{""label"":""食材"",""text"":""芡""},{""label"":""食材"",""text"":""蟹腐""},{""label"":""食材"",""text"":""白莱""},{""label"":""烹饪方法"",""text"":""炒""},{""label"":""食材"",""text"":""蟹黄""},{""label"":""食材"",""text"":""螯""},{""label"":""烹饪方法"",""text"":""蒸""},{""label"":""食材"",""text"":""蟹""},{""label"":""食材"",""text"":""鳘""},{""label"":""烹饪方法"",""text"":""剥壳""},{""label"":""烹饪方法"",""text"":""蒸""},{""label"":""食材"",""text"":""生鸡蛋""},{""label"":""烹饪方法"",""text"":""蒸""},{""label"":""食材"",""text"":""蟹粉""},{""label"":""食材"",""text"":""南瓜肉""},{""label"":""食材"",""text"":""蛤蜊""},{""label"":""烹饪方法"",""text"":""剥""},{""label"":""食材"",""text"":""蛤蜊肉""},{""label"":""食材"",""text"":""韭莱""},{""label"":""烹饪方法"",""text"":""炒""},{""label"":""食材"",""text"":""蛤蜊""},{""label"":""烹饪方法"",""text"":""剖""},{""label"":""古籍来源"",""text"":""《本草》""},{""label"":""医家"",""text"":""汪机""},{""label"":""食材"",""text"":""蛤蜊""},{""label"":""食材"",""text"":""萁肉""},{""label"":""古籍来源"",""text"":""《正字通》""},{""label"":""古籍来源"",""text"":""《淮南子》""},{""label"":""食材"",""text"":""蛤梨""},{""label"":""古籍来源"",""text"":""《三围志〈欲正传》""},{""label"":""食材"",""text"":""蛤蜊""},{""label"":""古籍来源"",""text"":""《本草》""},{""label"":""古籍来源"",""text"":""《穴书略》""},{""label"":""食材"",""text"":""蛤蜊""},{""label"":""食材"",""text"":""海蚌""},{""label"":""古籍来源"",""text"":""《续见阐近录》""},{""label"":""食材"",""text"":""蚬蛤""},{""label"":""食材"",""text"":""蛤蜊""},{""label"":""食材"",""text"":""海错""},{""label"":""古籍来源"",""text"":""《清异录》""},{""label"":""古籍来源"",""text"":""《淮甫》""},{""label"":""食材"",""text"":""蚬""},{""label"":""食材"",""text"":""蛤""},{""label"":""食材"",""text"":""蚬""}]"
682,56,38,52,52,"[{""label"":""病症"",""text"":""胀""},{""label"":""病症"",""text"":""溺赤""},{""label"":""病症"",""text"":""便秘""},{""label"":""病症"",""text"":""食不运化""},{""label"":""禁忌"",""text"":""新产后,皆忌之""},{""label"":""食材"",""text"":""山楂""},{""label"":""烹饪方法"",""text"":""捣烂""},{""label"":""食材"",""text"":""粉""},{""label"":""食材"",""text"":""松仁屑""},{""label"":""食材"",""text"":""白糖""},{""label"":""烹饪方法"",""text"":""蒸""},{""label"":""食味"",""text"":""酸""},{""label"":""食味"",""text"":""甘""},{""label"":""功效"",""text"":""醒酒""},{""label"":""古籍来源"",""text"":""《本草》""},{""label"":""医家"",""text"":""李时珍""},{""label"":""古籍来源"",""text"":""《唐本草》""},{""label"":""食材"",""text"":""赤爪木""},{""label"":""古籍来源"",""text"":""《宋图经》""},{""label"":""食材"",""text"":""棠球子""},{""label"":""古籍来源"",""text"":""《丹溪补遗》""},{""label"":""食材"",""text"":""山榱""},{""label"":""食材"",""text"":""茅楂""},{""label"":""食材"",""text"":""猴揸""},{""label"":""食材"",""text"":""鼠楂""},{""label"":""食材"",""text"":""赤枣""},{""label"":""食材"",""text"":""赤枣子""},{""label"":""食材"",""text"":""山里纸米""},{""label"":""食材"",""text"":""酸枣""},{""label"":""食材"",""text"":""鼻涕罚""},{""label"":""食性"",""text"":""温""},{""label"":""功效"",""text"":""消肉食""},{""label"":""功效"",""text"":""破瘀血""},{""label"":""功效"",""text"":""散结消胀""},{""label"":""功效"",""text"":""解酒化痰""},{""label"":""功效"",""text"":""除疳积""},{""label"":""功效"",""text"":""己泻痢""},{""label"":""禁忌"",""text"":""多食耗气""},{""label"":""禁忌"",""text"":""损齿""},{""label"":""禁忌"",""text"":""易饥""},{""label"":""禁忌"",""text"":""空腹及羸弱人,或虚病后。忌之""},{""label"":""食疗方"",""text"":""楂糕拌梨丝""},{""label"":""食材"",""text"":""楂糕""},{""label"":""食材"",""text"":""鸦梨""},{""label"":""烹饪方法"",""text"":""切丝""},{""label"":""食材"",""text"":""梨""},{""label"":""食材"",""text"":""快果""},{""label"":""食材"",""text"":""果宗""},{""label"":""食材"",""text"":""玉乳""},{""label"":""食材"",""text"":""蜜父""},{""label"":""食材"",""text"":""林桷""},{""label"":""食材"",""text"":""花红""}]"
683,41,20,34,34,"[{""label"":""食材"",""text"":""梨""},{""label"":""食材"",""text"":""棠梨""},{""label"":""食材"",""text"":""杜""},{""label"":""食材"",""text"":""乳梨""},{""label"":""食材"",""text"":""雪梨""},{""label"":""食材"",""text"":""鹅梨""},{""label"":""食材"",""text"":""绵梨""},{""label"":""食材"",""text"":""消梨""},{""label"":""食材"",""text"":""香水梨""},{""label"":""食材"",""text"":""御儿梨""},{""label"":""食材"",""text"":""玉乳梨""},{""label"":""食材"",""text"":""青皮""},{""label"":""食材"",""text"":""早毅""},{""label"":""食材"",""text"":""半斤""},{""label"":""食材"",""text"":""沙糜""},{""label"":""食材"",""text"":""醋梨""},{""label"":""食味"",""text"":""甘""},{""label"":""食味"",""text"":""酸""},{""label"":""功效"",""text"":""治病""},{""label"":""功效"",""text"":""解烦""},{""label"":""病症"",""text"":""惕""},{""label"":""烹饪方法"",""text"":""蒸""},{""label"":""烹饪方法"",""text"":""煮""},{""label"":""烹饪方法"",""text"":""切""},{""label"":""烹饪方法"",""text"":""烘""},{""label"":""烹饪方法"",""text"":""为脯""},{""label"":""烹饪方法"",""text"":""水煮熟""},{""label"":""古籍来源"",""text"":""《汉书》""},{""label"":""古籍来源"",""text"":""《史记》""},{""label"":""古籍来源"",""text"":""《三秦记》""},{""label"":""医家"",""text"":""贯思勰""},{""label"":""医家"",""text"":""司马迂""},{""label"":""医家"",""text"":""魏文弟""},{""label"":""医家"",""text"":""辛氏""}]"
684,56,34,45,45,"[{""label"":""食材"",""text"":""鳗""},{""label"":""食材"",""text"":""鳙鱼""},{""label"":""古籍来源"",""text"":""《野莱谱》""},{""label"":""食材"",""text"":""雪里获""},{""label"":""食材"",""text"":""砹硪衲""},{""label"":""食材"",""text"":""抓抓儿""},{""label"":""食材"",""text"":""丝荞荞""},{""label"":""食材"",""text"":""板荞苯""},{""label"":""食材"",""text"":""猪殃硖""},{""label"":""食材"",""text"":""油灼灼""},{""label"":""食材"",""text"":""看麦娘""},{""label"":""食材"",""text"":""燕子不来香""},{""label"":""食材"",""text"":""灯嫩儿""},{""label"":""食材"",""text"":""天藕儿""},{""label"":""食材"",""text"":""狗脚迹""},{""label"":""食材"",""text"":""猫耳朵""},{""label"":""食材"",""text"":""雁肠子""},{""label"":""食材"",""text"":""老鹳筋""},{""label"":""古籍来源"",""text"":""《谱》""},{""label"":""烹饪方法"",""text"":""腌""},{""label"":""烹饪方法"",""text"":""泡""},{""label"":""烹饪方法"",""text"":""压实""},{""label"":""烹饪方法"",""text"":""装""},{""label"":""烹饪方法"",""text"":""灌""},{""label"":""烹饪方法"",""text"":""加""},{""label"":""烹饪方法"",""text"":""封""},{""label"":""烹饪方法"",""text"":""炒""},{""label"":""烹饪方法"",""text"":""作汤""},{""label"":""烹饪方法"",""text"":""风干""},{""label"":""烹饪方法"",""text"":""斩碎""},{""label"":""烹饪方法"",""text"":""腌熟""},{""label"":""烹饪方法"",""text"":""切片""},{""label"":""食材"",""text"":""芥心""},{""label"":""食材"",""text"":""芥头""},{""label"":""食材"",""text"":""芥根""},{""label"":""古籍来源"",""text"":""《群芳谱》""},{""label"":""食疗方"",""text"":""造黑肫莓法""},{""label"":""食材"",""text"":""白莱""},{""label"":""烹饪方法"",""text"":""腌透""},{""label"":""烹饪方法"",""text"":""取出""},{""label"":""烹饪方法"",""text"":""拊于桁""},{""label"":""烹饪方法"",""text"":""眄极干""},{""label"":""烹饪方法"",""text"":""上甑蒸熬""},{""label"":""烹饪方法"",""text"":""再陋干""},{""label"":""烹饪方法"",""text"":""收之""}]"
685,28,21,30,30,"[{""label"":""食材"",""text"":""核桃""},{""label"":""食材"",""text"":""杏仁""},{""label"":""食材"",""text"":""榛子""},{""label"":""烹饪方法"",""text"":""炒""},{""label"":""烹饪方法"",""text"":""炮""},{""label"":""烹饪方法"",""text"":""酱""},{""label"":""古籍来源"",""text"":""陆玑《诗疏》""},{""label"":""古籍来源"",""text"":""《本草》""},{""label"":""医家"",""text"":""李时珍""},{""label"":""古籍来源"",""text"":""《志》""},{""label"":""医家"",""text"":""郑玄""},{""label"":""古籍来源"",""text"":""《谮》""},{""label"":""食味"",""text"":""甘""},{""label"":""食性"",""text"":""平""},{""label"":""功效"",""text"":""补气开胃""},{""label"":""功效"",""text"":""耐饥长力""},{""label"":""功效"",""text"":""厚肠""},{""label"":""病症"",""text"":""虚人""},{""label"":""食材"",""text"":""蠡石花""},{""label"":""食材"",""text"":""衣花""},{""label"":""食材"",""text"":""麒麟莱""},{""label"":""古籍来源"",""text"":""《汇苑》""},{""label"":""食材"",""text"":""石花莱""},{""label"":""食材"",""text"":""璃枝""},{""label"":""食材"",""text"":""鹿角莱""},{""label"":""食材"",""text"":""舌耳茗""},{""label"":""食材"",""text"":""琼枝""},{""label"":""食材"",""text"":""猴葵""},{""label"":""禁忌"",""text"":""不可太焦""},{""label"":""禁忌"",""text"":""久留亦易油坏""}]"
686,55,42,43,43,"[{""label"":""食材"",""text"":""麝香珠子""},{""label"":""古籍来源"",""text"":""《本草别录》""},{""label"":""食材"",""text"":""百合""},{""label"":""食材"",""text"":""大蒜""},{""label"":""烹饪方法"",""text"":""蒸""},{""label"":""烹饪方法"",""text"":""煮""},{""label"":""医家"",""text"":""陶弘景""},{""label"":""医家"",""text"":""吴普""},{""label"":""医家"",""text"":""李时珍""},{""label"":""食材"",""text"":""山丹""},{""label"":""古籍来源"",""text"":""《谮》""},{""label"":""食味"",""text"":""甘""},{""label"":""食性"",""text"":""平""},{""label"":""功效"",""text"":""润肺""},{""label"":""功效"",""text"":""补胃""},{""label"":""功效"",""text"":""清心""},{""label"":""功效"",""text"":""定魄息惊""},{""label"":""功效"",""text"":""泽肤通乳""},{""label"":""功效"",""text"":""祛风涤热""},{""label"":""功效"",""text"":""化湿散痈""},{""label"":""病症"",""text"":""急黄""},{""label"":""病症"",""text"":""虚嗷""},{""label"":""病症"",""text"":""盅毒""},{""label"":""病症"",""text"":""悲哀""},{""label"":""病症"",""text"":""脚气""},{""label"":""病症"",""text"":""咽喉""},{""label"":""烹饪方法"",""text"":""蒸""},{""label"":""烹饪方法"",""text"":""煮""},{""label"":""病症"",""text"":""虚火劳嗷""},{""label"":""烹饪方法"",""text"":""煮粥""},{""label"":""烹饪方法"",""text"":""煨肉""},{""label"":""烹饪方法"",""text"":""澄粉""},{""label"":""功效"",""text"":""补虚嬴""},{""label"":""食材"",""text"":""藕粉""},{""label"":""食材"",""text"":""白莲""},{""label"":""食材"",""text"":""糯粉""},{""label"":""烹饪方法"",""text"":""作饺""},{""label"":""食材"",""text"":""肉圆""},{""label"":""食材"",""text"":""麻团""},{""label"":""食材"",""text"":""芝麻屑""},{""label"":""食材"",""text"":""糖""},{""label"":""古籍来源"",""text"":""《辜物绀珠》""},{""label"":""医家"",""text"":""公刘""}]"
687,39,42,38,38,"[{""label"":""食材"",""text"":""松子""},{""label"":""食味"",""text"":""甘""},{""label"":""食性"",""text"":""平""},{""label"":""功效"",""text"":""润燥补气""},{""label"":""功效"",""text"":""充饥养液""},{""label"":""功效"",""text"":""息风耐饥""},{""label"":""功效"",""text"":""温胃通肠""},{""label"":""功效"",""text"":""辟浊下气""},{""label"":""功效"",""text"":""香身""},{""label"":""食材"",""text"":""榧子""},{""label"":""食味"",""text"":""甘""},{""label"":""食性"",""text"":""温""},{""label"":""功效"",""text"":""润肺""},{""label"":""功效"",""text"":""止嗽""},{""label"":""功效"",""text"":""化痰""},{""label"":""功效"",""text"":""开胃""},{""label"":""功效"",""text"":""杀虫""},{""label"":""功效"",""text"":""滑肠消谷""},{""label"":""禁忌"",""text"":""多食助火""},{""label"":""禁忌"",""text"":""热嗽非宜""},{""label"":""食材"",""text"":""榛子""},{""label"":""食味"",""text"":""甘""},{""label"":""食性"",""text"":""平""},{""label"":""功效"",""text"":""补气""},{""label"":""功效"",""text"":""开胃""},{""label"":""功效"",""text"":""耐饥""},{""label"":""功效"",""text"":""长力""},{""label"":""功效"",""text"":""厚肠""},{""label"":""食材"",""text"":""桔饼""},{""label"":""食材"",""text"":""桔""},{""label"":""食材"",""text"":""冰糖""},{""label"":""古籍来源"",""text"":""《说文》""},{""label"":""古籍来源"",""text"":""《玉篇》""},{""label"":""古籍来源"",""text"":""《南方革木状》""},{""label"":""古籍来源"",""text"":""《异物志》""},{""label"":""古籍来源"",""text"":""《元和志》""},{""label"":""古籍来源"",""text"":""《事类合璧》""},{""label"":""古籍来源"",""text"":""《桔谱》""}]"
688,38,37,36,36,"[{""label"":""古籍来源"",""text"":""《同寿录》""},{""label"":""食疗方"",""text"":""制桔饼法""},{""label"":""食材"",""text"":""柽""},{""label"":""食材"",""text"":""橙子""},{""label"":""食材"",""text"":""水""},{""label"":""食材"",""text"":""酸涩水""},{""label"":""食材"",""text"":""洁白洋糖""},{""label"":""烹饪方法"",""text"":""煮""},{""label"":""烹饪方法"",""text"":""晒""},{""label"":""烹饪方法"",""text"":""压扁""},{""label"":""食材"",""text"":""金桔""},{""label"":""烹饪方法"",""text"":""打扁""},{""label"":""食材"",""text"":""冰糖""},{""label"":""烹饪方法"",""text"":""熬""},{""label"":""食材"",""text"":""卤""},{""label"":""功效"",""text"":""淞脾""},{""label"":""烹饪方法"",""text"":""生腌""},{""label"":""古籍来源"",""text"":""魏王《花木志》""},{""label"":""食材"",""text"":""给客橙""},{""label"":""食材"",""text"":""卢桔""},{""label"":""食材"",""text"":""桔""},{""label"":""食材"",""text"":""柚""},{""label"":""食材"",""text"":""樱桃""},{""label"":""古籍来源"",""text"":""《岭表录昃》""},{""label"":""食材"",""text"":""山桔子""},{""label"":""食材"",""text"":""土瓜""},{""label"":""食材"",""text"":""金柑""},{""label"":""古籍来源"",""text"":""《桔谱》""},{""label"":""食材"",""text"":""绿豆""},{""label"":""食性"",""text"":""凉""},{""label"":""食材"",""text"":""山金桔""},{""label"":""食材"",""text"":""金豆""},{""label"":""食材"",""text"":""樱桃""},{""label"":""烹饪方法"",""text"":""蜜渍""},{""label"":""古籍来源"",""text"":""《本草》""},{""label"":""医家"",""text"":""李时珍""}]"
689,69,38,41,41,"[{""label"":""食材"",""text"":""桃""},{""label"":""食材"",""text"":""梅""},{""label"":""食材"",""text"":""桃脯""},{""label"":""食材"",""text"":""杏脯""},{""label"":""食材"",""text"":""金杏""},{""label"":""食材"",""text"":""木杏""},{""label"":""食材"",""text"":""杏仁""},{""label"":""食味"",""text"":""甘""},{""label"":""食味"",""text"":""酸""},{""label"":""食性"",""text"":""温""},{""label"":""功效"",""text"":""补心活血""},{""label"":""功效"",""text"":""解渴充饥""},{""label"":""功效"",""text"":""生津涤热""},{""label"":""病症"",""text"":""痈疮""},{""label"":""病症"",""text"":""疟""},{""label"":""病症"",""text"":""痢""},{""label"":""病症"",""text"":""虫""},{""label"":""病症"",""text"":""疳""},{""label"":""禁忌"",""text"":""凡食桃不消""},{""label"":""烹饪方法"",""text"":""曝干""},{""label"":""烹饪方法"",""text"":""瀹""},{""label"":""烹饪方法"",""text"":""纳瓮中""},{""label"":""烹饪方法"",""text"":""盖口""},{""label"":""烹饪方法"",""text"":""漉去皮""},{""label"":""烹饪方法"",""text"":""密封""},{""label"":""烹饪方法"",""text"":""晒脯""},{""label"":""烹饪方法"",""text"":""制酱""},{""label"":""烹饪方法"",""text"":""造醋""},{""label"":""烹饪方法"",""text"":""烧灰""},{""label"":""烹饪方法"",""text"":""糖腌""},{""label"":""烹饪方法"",""text"":""劈开""},{""label"":""烹饪方法"",""text"":""熬""},{""label"":""古籍来源"",""text"":""《周礼》""},{""label"":""古籍来源"",""text"":""《本草》""},{""label"":""古籍来源"",""text"":""《玉篇》""},{""label"":""古籍来源"",""text"":""《谮》""},{""label"":""医家"",""text"":""李时珍""},{""label"":""医家"",""text"":""苏颂""},{""label"":""医家"",""text"":""寇宗免""},{""label"":""医家"",""text"":""王肃""},{""label"":""医家"",""text"":""郑云""}]"
690,28,18,24,24,"[{""label"":""食材"",""text"":""钉头螺""},{""label"":""古籍来源"",""text"":""《食物本草》""},{""label"":""烹饪方法"",""text"":""治""},{""label"":""食材"",""text"":""盐""},{""label"":""食材"",""text"":""酒""},{""label"":""烹饪方法"",""text"":""掰""},{""label"":""烹饪方法"",""text"":""吸""},{""label"":""古籍来源"",""text"":""《谱》""},{""label"":""食味"",""text"":""咸""},{""label"":""食性"",""text"":""凉""},{""label"":""功效"",""text"":""舒郁""},{""label"":""功效"",""text"":""散结热""},{""label"":""功效"",""text"":""消瘰疬""},{""label"":""食材"",""text"":""蟛蜞""},{""label"":""食材"",""text"":""蟹""},{""label"":""食材"",""text"":""酱""},{""label"":""食材"",""text"":""葱""},{""label"":""烹饪方法"",""text"":""炒""},{""label"":""烹饪方法"",""text"":""腌""},{""label"":""烹饪方法"",""text"":""醉""},{""label"":""古籍来源"",""text"":""《尔雅》""},{""label"":""古籍来源"",""text"":""《古今注》""},{""label"":""古籍来源"",""text"":""《容斋四笔》""},{""label"":""古籍来源"",""text"":""《北户录》""}]"
691,61,44,40,40,"[{""label"":""食味"",""text"":""甘""},{""label"":""食味"",""text"":""辛""},{""label"":""食性"",""text"":""温""},{""label"":""功效"",""text"":""醒脾消食""},{""label"":""功效"",""text"":""调脏腑""},{""label"":""功效"",""text"":""除冷气""},{""label"":""功效"",""text"":""杀鱼腥毒""},{""label"":""食材"",""text"":""杭""},{""label"":""食材"",""text"":""绍白糯米""},{""label"":""食材"",""text"":""盐""},{""label"":""禁忌"",""text"":""发风动疾""},{""label"":""禁忌"",""text"":""痧痘""},{""label"":""禁忌"",""text"":""产后""},{""label"":""禁忌"",""text"":""咽喉""},{""label"":""禁忌"",""text"":""目疾""},{""label"":""禁忌"",""text"":""血症""},{""label"":""禁忌"",""text"":""疮疟""},{""label"":""食材"",""text"":""糖""},{""label"":""食材"",""text"":""冰糖""},{""label"":""食材"",""text"":""鲥鱼""},{""label"":""食材"",""text"":""燕""},{""label"":""食材"",""text"":""蕉""},{""label"":""食材"",""text"":""芋蔗""},{""label"":""食材"",""text"":""干蔗""},{""label"":""食材"",""text"":""甘蔗""},{""label"":""食材"",""text"":""都蔗""},{""label"":""食材"",""text"":""橙""},{""label"":""食材"",""text"":""饴饧""},{""label"":""食材"",""text"":""石蜜""},{""label"":""食材"",""text"":""沙饴""},{""label"":""食材"",""text"":""沙糖""},{""label"":""古籍来源"",""text"":""《齐民要术》""},{""label"":""古籍来源"",""text"":""《说穴》""},{""label"":""古籍来源"",""text"":""《书浅》""},{""label"":""古籍来源"",""text"":""《集韵》""},{""label"":""古籍来源"",""text"":""《屏物志》""},{""label"":""古籍来源"",""text"":""《演綮客》""},{""label"":""古籍来源"",""text"":""《七辨》""},{""label"":""古籍来源"",""text"":""《西域志》""},{""label"":""古籍来源"",""text"":""《糖霜谮》""}]"
692,60,49,60,60,"[{""label"":""古籍来源"",""text"":""《事物绀珠》""},{""label"":""食疗方"",""text"":""水晶脍""},{""label"":""食材"",""text"":""猪皮""},{""label"":""烹饪方法"",""text"":""熬""},{""label"":""烹饪方法"",""text"":""滤""},{""label"":""烹饪方法"",""text"":""凝""},{""label"":""烹饪方法"",""text"":""切""},{""label"":""食材"",""text"":""肉鲱""},{""label"":""食材"",""text"":""干肉皮""},{""label"":""烹饪方法"",""text"":""煮""},{""label"":""烹饪方法"",""text"":""刮""},{""label"":""烹饪方法"",""text"":""铯""},{""label"":""烹饪方法"",""text"":""暴燥""},{""label"":""食材"",""text"":""凉开水""},{""label"":""食材"",""text"":""盐花""},{""label"":""食材"",""text"":""麻油""},{""label"":""食材"",""text"":""芝麻""},{""label"":""古籍来源"",""text"":""《谱》""},{""label"":""食材"",""text"":""猪肤""},{""label"":""食味"",""text"":""甘""},{""label"":""食性"",""text"":""凉""},{""label"":""功效"",""text"":""清虚热""},{""label"":""病症"",""text"":""下痢""},{""label"":""病症"",""text"":""心烦""},{""label"":""病症"",""text"":""咽痛""},{""label"":""食材"",""text"":""猪肉""},{""label"":""烹饪方法"",""text"":""切""},{""label"":""食材"",""text"":""干莱""},{""label"":""烹饪方法"",""text"":""煨""},{""label"":""食材"",""text"":""冬笋""},{""label"":""烹饪方法"",""text"":""煨""},{""label"":""食材"",""text"":""芊艿""},{""label"":""食材"",""text"":""面筋""},{""label"":""食材"",""text"":""鸡旦""},{""label"":""食材"",""text"":""千层""},{""label"":""烹饪方法"",""text"":""煨""},{""label"":""食疗方"",""text"":""大蒜烤肉""},{""label"":""食疗方"",""text"":""樱桃肉""},{""label"":""食材"",""text"":""肉""},{""label"":""烹饪方法"",""text"":""切""},{""label"":""食材"",""text"":""笋干""},{""label"":""食材"",""text"":""新蒜头""},{""label"":""食材"",""text"":""酱水""},{""label"":""烹饪方法"",""text"":""煨""},{""label"":""食材"",""text"":""萝卜""},{""label"":""烹饪方法"",""text"":""煨""},{""label"":""食疗方"",""text"":""梅子肉""},{""label"":""食材"",""text"":""肉""},{""label"":""烹饪方法"",""text"":""斩碎""},{""label"":""食材"",""text"":""网油""},{""label"":""烹饪方法"",""text"":""灼""},{""label"":""食材"",""text"":""作料""},{""label"":""食材"",""text"":""芡粉""},{""label"":""食材"",""text"":""醋""},{""label"":""烹饪方法"",""text"":""起锅""},{""label"":""食疗方"",""text"":""肉松""},{""label"":""食材"",""text"":""鱼松""},{""label"":""食材"",""text"":""精肉""},{""label"":""烹饪方法"",""text"":""炒""},{""label"":""食材"",""text"":""肉""}]"
693,56,61,48,48,"[{""label"":""食材"",""text"":""辣茄""},{""label"":""食味"",""text"":""辛""},{""label"":""食味"",""text"":""甘""},{""label"":""功效"",""text"":""安胎止痛""},{""label"":""功效"",""text"":""通乳和营""},{""label"":""病症"",""text"":""霍乱""},{""label"":""病症"",""text"":""转筋""},{""label"":""病症"",""text"":""脚气""},{""label"":""功效"",""text"":""杀诸虫""},{""label"":""功效"",""text"":""理跌朴""},{""label"":""功效"",""text"":""制鱼""},{""label"":""功效"",""text"":""肉诸毒""},{""label"":""禁忌"",""text"":""气虚易汗者,不可单食""},{""label"":""禁忌"",""text"":""忌同蜜食""},{""label"":""烹饪方法"",""text"":""油炸""},{""label"":""古籍来源"",""text"":""《内则》""},{""label"":""古籍来源"",""text"":""《尔雅》""},{""label"":""古籍来源"",""text"":""《博雅》""},{""label"":""古籍来源"",""text"":""《通志》""},{""label"":""古籍来源"",""text"":""《礼记》""},{""label"":""古籍来源"",""text"":""《本草》""},{""label"":""古籍来源"",""text"":""《吴越春秋》""},{""label"":""医家"",""text"":""李巡""},{""label"":""医家"",""text"":""曹宪""},{""label"":""医家"",""text"":""李时珍""},{""label"":""食材"",""text"":""榄子""},{""label"":""食材"",""text"":""食茱萸""},{""label"":""食材"",""text"":""吴茱萸""},{""label"":""食材"",""text"":""艾子""},{""label"":""食材"",""text"":""辣子""},{""label"":""食材"",""text"":""艾油""},{""label"":""食材"",""text"":""辣米油""},{""label"":""食材"",""text"":""辣椒""},{""label"":""食材"",""text"":""番椒""},{""label"":""食材"",""text"":""大敬""},{""label"":""食材"",""text"":""薮""},{""label"":""食材"",""text"":""茱萸""},{""label"":""食材"",""text"":""山茱萸""},{""label"":""食材"",""text"":""食茱萸""},{""label"":""食材"",""text"":""吴茱萸""},{""label"":""食材"",""text"":""榇""},{""label"":""食材"",""text"":""莱""},{""label"":""食材"",""text"":""榄""},{""label"":""食材"",""text"":""樗""},{""label"":""食味"",""text"":""辣""},{""label"":""食味"",""text"":""苦""},{""label"":""烹饪方法"",""text"":""捣滤取汁""},{""label"":""烹饪方法"",""text"":""搅成""}]"
694,18,29,13,13,"[{""label"":""古籍来源"",""text"":""《武夷杂记》""},{""label"":""食材"",""text"":""武夷茶""},{""label"":""医家"",""text"":""蔡君谟""},{""label"":""古籍来源"",""text"":""《茶疏》""},{""label"":""古籍来源"",""text"":""《茶考》""},{""label"":""古籍来源"",""text"":""《武夷山志》""},{""label"":""食材"",""text"":""茶""},{""label"":""食性"",""text"":""寒""},{""label"":""食性"",""text"":""温""},{""label"":""食材"",""text"":""岩茶""},{""label"":""食材"",""text"":""洲茶""},{""label"":""食材"",""text"":""小种""},{""label"":""烹饪方法"",""text"":""焙""}]"
695,5,6,0,0,[]
696,22,11,10,10,"[{""label"":""古籍来源"",""text"":""《药鉴》""},{""label"":""食材"",""text"":""辽参""},{""label"":""食材"",""text"":""广参""},{""label"":""食材"",""text"":""肥皂参""},{""label"":""食材"",""text"":""光参""},{""label"":""食材"",""text"":""瓜皮参""},{""label"":""古籍来源"",""text"":""《本草纲目拾遗》""},{""label"":""食材"",""text"":""海参""},{""label"":""古籍来源"",""text"":""《闽小纪》""},{""label"":""医家"",""text"":""陈良翰""}]"
697,33,27,28,28,"[{""label"":""食材"",""text"":""牛乳""},{""label"":""食材"",""text"":""酪""},{""label"":""食材"",""text"":""酥""},{""label"":""食材"",""text"":""醍醐""},{""label"":""食材"",""text"":""乳饼""},{""label"":""食材"",""text"":""乳团""},{""label"":""食材"",""text"":""乳线""},{""label"":""古籍来源"",""text"":""《饮菩正要》""},{""label"":""古籍来源"",""text"":""《臃仙神隐书》""},{""label"":""古籍来源"",""text"":""《本草》""},{""label"":""医家"",""text"":""李时珍""},{""label"":""医家"",""text"":""苏恭""},{""label"":""医家"",""text"":""雷教""},{""label"":""医家"",""text"":""陈藏器""},{""label"":""烹饪方法"",""text"":""炒""},{""label"":""烹饪方法"",""text"":""熬""},{""label"":""烹饪方法"",""text"":""煎""},{""label"":""烹饪方法"",""text"":""晒""},{""label"":""烹饪方法"",""text"":""滤""},{""label"":""烹饪方法"",""text"":""捣""},{""label"":""烹饪方法"",""text"":""压""},{""label"":""烹饪方法"",""text"":""搦""},{""label"":""食性"",""text"":""滑""},{""label"":""食材"",""text"":""鸡子壳""},{""label"":""食材"",""text"":""壶卢""},{""label"":""食材"",""text"":""盐""},{""label"":""食材"",""text"":""醋""},{""label"":""食材"",""text"":""浆水""}]"
698,20,19,15,15,"[{""label"":""食材"",""text"":""鸽子""},{""label"":""食材"",""text"":""火腿""},{""label"":""食味"",""text"":""甘""},{""label"":""食性"",""text"":""平""},{""label"":""功效"",""text"":""清热解毒""},{""label"":""功效"",""text"":""愈疮""},{""label"":""功效"",""text"":""止渴""},{""label"":""功效"",""text"":""息风""},{""label"":""病症"",""text"":""瘿""},{""label"":""古籍来源"",""text"":""《山堂肆考》""},{""label"":""古籍来源"",""text"":""《本草》""},{""label"":""古籍来源"",""text"":""《清异录》""},{""label"":""古籍来源"",""text"":""《南唐近事》""},{""label"":""古籍来源"",""text"":""《集韵》""},{""label"":""医家"",""text"":""段成式""}]"
699,27,28,17,17,"[{""label"":""古籍来源"",""text"":""《谮》""},{""label"":""食性"",""text"":""热""},{""label"":""食味"",""text"":""甘""},{""label"":""食味"",""text"":""苦""},{""label"":""食味"",""text"":""辛""},{""label"":""食味"",""text"":""酸""},{""label"":""功效"",""text"":""壮胆""},{""label"":""功效"",""text"":""辟謇""},{""label"":""功效"",""text"":""和血养气""},{""label"":""功效"",""text"":""行药势""},{""label"":""禁忌"",""text"":""多饮必病""},{""label"":""食材"",""text"":""酒""},{""label"":""食材"",""text"":""绍兴酒""},{""label"":""食材"",""text"":""郫筒酒""},{""label"":""食材"",""text"":""郫箭酒""},{""label"":""食味"",""text"":""甜""},{""label"":""食味"",""text"":""涩""}]"
700,16,22,22,22,"[{""label"":""古籍来源"",""text"":""《宋虫〈食货志》""},{""label"":""古籍来源"",""text"":""《周官》""},{""label"":""古籍来源"",""text"":""《周礼》""},{""label"":""古籍来源"",""text"":""《群书考索》""},{""label"":""食材"",""text"":""盐""},{""label"":""食材"",""text"":""颗盐""},{""label"":""食材"",""text"":""末盐""},{""label"":""食材"",""text"":""苦盐""},{""label"":""食材"",""text"":""形盐""},{""label"":""食材"",""text"":""印盐""},{""label"":""食材"",""text"":""池盐""},{""label"":""食材"",""text"":""青州盐""},{""label"":""食材"",""text"":""岭南盐""},{""label"":""食材"",""text"":""并州盐""},{""label"":""食材"",""text"":""胡中盐""},{""label"":""食材"",""text"":""陕西盐""},{""label"":""食材"",""text"":""碱""},{""label"":""食味"",""text"":""咸""},{""label"":""食味"",""text"":""苦""},{""label"":""烹饪方法"",""text"":""煮""},{""label"":""烹饪方法"",""text"":""煎""},{""label"":""烹饪方法"",""text"":""炼""}]"
701,27,25,20,20,"[{""label"":""食材"",""text"":""甲鱼""},{""label"":""食材"",""text"":""脂油""},{""label"":""食材"",""text"":""蒜""},{""label"":""食材"",""text"":""葱""},{""label"":""食材"",""text"":""姜""},{""label"":""食材"",""text"":""糖""},{""label"":""食材"",""text"":""酒""},{""label"":""食材"",""text"":""盐""},{""label"":""食材"",""text"":""笋尖""},{""label"":""食材"",""text"":""椒""},{""label"":""食材"",""text"":""鸡汤""},{""label"":""食材"",""text"":""秋油""},{""label"":""烹饪方法"",""text"":""煮""},{""label"":""烹饪方法"",""text"":""煎""},{""label"":""烹饪方法"",""text"":""煨""},{""label"":""烹饪方法"",""text"":""炮""},{""label"":""烹饪方法"",""text"":""白煮""},{""label"":""烹饪方法"",""text"":""切""},{""label"":""烹饪方法"",""text"":""拆""},{""label"":""烹饪方法"",""text"":""覆""}]"
702,47,30,31,31,"[{""label"":""古籍来源"",""text"":""《齐民要术》""},{""label"":""食材"",""text"":""单螯""},{""label"":""烹饪方法"",""text"":""炙""},{""label"":""食材"",""text"":""蛎""},{""label"":""食材"",""text"":""姜""},{""label"":""食材"",""text"":""桔屑""},{""label"":""古籍来源"",""text"":""《饮食谱》""},{""label"":""食材"",""text"":""西施舌""},{""label"":""食材"",""text"":""蛏干""},{""label"":""烹饪方法"",""text"":""泡""},{""label"":""烹饪方法"",""text"":""煮""},{""label"":""烹饪方法"",""text"":""煨""},{""label"":""古籍来源"",""text"":""《正字通》""},{""label"":""食材"",""text"":""小蚌""},{""label"":""食材"",""text"":""蚬""},{""label"":""古籍来源"",""text"":""《山堂肆考》""},{""label"":""食材"",""text"":""蛏""},{""label"":""食性"",""text"":""寒""},{""label"":""功效"",""text"":""消渴""},{""label"":""古籍来源"",""text"":""《艺苑卮言》""},{""label"":""食材"",""text"":""蛭""},{""label"":""古籍来源"",""text"":""《本草》""},{""label"":""医家"",""text"":""陈藏器""},{""label"":""医家"",""text"":""李时珍""},{""label"":""食材"",""text"":""蛤蜊""},{""label"":""食材"",""text"":""蜮""},{""label"":""食材"",""text"":""蛤""},{""label"":""食材"",""text"":""马刀""},{""label"":""食材"",""text"":""蛤鼠""},{""label"":""食材"",""text"":""生蛙""},{""label"":""食材"",""text"":""蛟始""}]"
703,41,36,23,23,"[{""label"":""食材"",""text"":""鲜蛏""},{""label"":""食材"",""text"":""蛏""},{""label"":""食材"",""text"":""蛑""},{""label"":""食材"",""text"":""豆腐""},{""label"":""食材"",""text"":""蛤蜊""},{""label"":""食材"",""text"":""水鸡""},{""label"":""食材"",""text"":""蛙""},{""label"":""食材"",""text"":""虾蟆""},{""label"":""食材"",""text"":""田鸡""},{""label"":""食材"",""text"":""土鸭""},{""label"":""食材"",""text"":""蛤子""},{""label"":""食材"",""text"":""坐鱼""},{""label"":""食材"",""text"":""蛤""},{""label"":""烹饪方法"",""text"":""炒""},{""label"":""烹饪方法"",""text"":""炝""},{""label"":""烹饪方法"",""text"":""油灼""},{""label"":""医家"",""text"":""陶弘景""},{""label"":""医家"",""text"":""李时珍""},{""label"":""古籍来源"",""text"":""《本草》""},{""label"":""古籍来源"",""text"":""《尔雅》""},{""label"":""古籍来源"",""text"":""《岭表录异》""},{""label"":""古籍来源"",""text"":""《清异录》""},{""label"":""古籍来源"",""text"":""《南楚新闻》""}]"
704,1,0,0,0,[]
705,37,34,30,30,"[{""label"":""食材"",""text"":""黄芽莱""},{""label"":""食材"",""text"":""火腿""},{""label"":""食材"",""text"":""鸡汤""},{""label"":""食材"",""text"":""豆渣""},{""label"":""食材"",""text"":""糠屑""},{""label"":""食材"",""text"":""瓜皮""},{""label"":""食材"",""text"":""莱叶""},{""label"":""食味"",""text"":""甘""},{""label"":""食味"",""text"":""咸""},{""label"":""食性"",""text"":""温""},{""label"":""功效"",""text"":""补脾开胃""},{""label"":""功效"",""text"":""滋肾生津""},{""label"":""功效"",""text"":""益气血""},{""label"":""功效"",""text"":""充精髓""},{""label"":""功效"",""text"":""治虚劳怔忡""},{""label"":""功效"",""text"":""止虚痢泄泻""},{""label"":""功效"",""text"":""健腰脚""},{""label"":""功效"",""text"":""愈疮漏""},{""label"":""烹饪方法"",""text"":""煨""},{""label"":""烹饪方法"",""text"":""蒸""},{""label"":""烹饪方法"",""text"":""腌""},{""label"":""烹饪方法"",""text"":""晒""},{""label"":""烹饪方法"",""text"":""煮""},{""label"":""禁忌"",""text"":""否则非咸则鞭""},{""label"":""养生原则"",""text"":""调其饥饱""},{""label"":""养生原则"",""text"":""察其冷暖""},{""label"":""养生原则"",""text"":""冬食必热食""},{""label"":""古籍来源"",""text"":""《东阳县志》""},{""label"":""古籍来源"",""text"":""《本草纲目拾遗》""},{""label"":""古籍来源"",""text"":""《谱》""}]"
706,26,29,26,26,"[{""label"":""食材"",""text"":""表螵""},{""label"":""食材"",""text"":""梅螺""},{""label"":""食材"",""text"":""泥酆""},{""label"":""食材"",""text"":""吐铁""},{""label"":""食材"",""text"":""麦嫘""},{""label"":""食材"",""text"":""桄花吐铁""},{""label"":""食材"",""text"":""海蜇""},{""label"":""食材"",""text"":""鲱鱼""},{""label"":""食味"",""text"":""咸""},{""label"":""食性"",""text"":""寒""},{""label"":""功效"",""text"":""补肾""},{""label"":""功效"",""text"":""明目""},{""label"":""功效"",""text"":""析酲""},{""label"":""烹饪方法"",""text"":""盐渍""},{""label"":""烹饪方法"",""text"":""腌蔽""},{""label"":""烹饪方法"",""text"":""糟浸""},{""label"":""烹饪方法"",""text"":""煮""},{""label"":""烹饪方法"",""text"":""醉""},{""label"":""烹饪方法"",""text"":""浸""},{""label"":""烹饪方法"",""text"":""拌""},{""label"":""禁忌"",""text"":""令人头重""},{""label"":""古籍来源"",""text"":""《海味索隐》""},{""label"":""古籍来源"",""text"":""《见咫编》""},{""label"":""古籍来源"",""text"":""《海州志》""},{""label"":""古籍来源"",""text"":""《博物志》""},{""label"":""古籍来源"",""text"":""《岭表录异》""}]"
707,22,17,20,20,"[{""label"":""古籍来源"",""text"":""《谱》""},{""label"":""食味"",""text"":""微苦""},{""label"":""食味"",""text"":""甘""},{""label"":""食性"",""text"":""凉""},{""label"":""功效"",""text"":""清心神""},{""label"":""功效"",""text"":""醒睡除烦""},{""label"":""功效"",""text"":""凉肝胆""},{""label"":""功效"",""text"":""涤热消痰""},{""label"":""功效"",""text"":""肃肺胃""},{""label"":""功效"",""text"":""明目解渴""},{""label"":""病症"",""text"":""不渴""},{""label"":""食材"",""text"":""茶""},{""label"":""烹饪方法"",""text"":""炒""},{""label"":""烹饪方法"",""text"":""焙""},{""label"":""烹饪方法"",""text"":""切""},{""label"":""烹饪方法"",""text"":""熬""},{""label"":""食材"",""text"":""武夷茶""},{""label"":""食味"",""text"":""浓苦""},{""label"":""功效"",""text"":""清""},{""label"":""功效"",""text"":""情悦性""}]"
708,52,13,34,34,"[{""label"":""古籍来源"",""text"":""《尔雅翼》""},{""label"":""食材"",""text"":""鲇鱼""},{""label"":""食材"",""text"":""缇鱼""},{""label"":""古籍来源"",""text"":""《本草》""},{""label"":""医家"",""text"":""陶弘景""},{""label"":""食材"",""text"":""鳐""},{""label"":""烹饪方法"",""text"":""臃""},{""label"":""功效"",""text"":""补""},{""label"":""食材"",""text"":""镬""},{""label"":""食材"",""text"":""鲲""},{""label"":""食材"",""text"":""人鱼""},{""label"":""食材"",""text"":""鲩""},{""label"":""食材"",""text"":""河兆""},{""label"":""医家"",""text"":""时珍""},{""label"":""食材"",""text"":""鲴鱼""},{""label"":""古籍来源"",""text"":""《说文》""},{""label"":""古籍来源"",""text"":""《山海经》""},{""label"":""食材"",""text"":""绋""},{""label"":""古籍来源"",""text"":""《玉篇》""},{""label"":""食材"",""text"":""鳆""},{""label"":""古籍来源"",""text"":""《广韵》""},{""label"":""食材"",""text"":""鳏""},{""label"":""食材"",""text"":""鲢""},{""label"":""食材"",""text"":""鹱""},{""label"":""食材"",""text"":""鱿""},{""label"":""古籍来源"",""text"":""《广雅》""},{""label"":""食材"",""text"":""鲅""},{""label"":""食材"",""text"":""鳢""},{""label"":""食材"",""text"":""儒艮""},{""label"":""食材"",""text"":""鲴""},{""label"":""食材"",""text"":""啼""},{""label"":""食材"",""text"":""鲱""},{""label"":""食材"",""text"":""鲔""},{""label"":""食材"",""text"":""鲤""}]"
709,26,22,22,22,"[{""label"":""食材"",""text"":""豆腐""},{""label"":""食材"",""text"":""瓜茄""},{""label"":""食材"",""text"":""鱼""},{""label"":""食材"",""text"":""鹅""},{""label"":""食材"",""text"":""鸭""},{""label"":""食材"",""text"":""甲鱼""},{""label"":""食材"",""text"":""鲥鱼""},{""label"":""食材"",""text"":""腌蛋""},{""label"":""食材"",""text"":""羊头""},{""label"":""食材"",""text"":""羊头肉""},{""label"":""食材"",""text"":""跑羊""},{""label"":""食材"",""text"":""鹅掌""},{""label"":""食材"",""text"":""鳖""},{""label"":""烹饪方法"",""text"":""蒸""},{""label"":""烹饪方法"",""text"":""炙""},{""label"":""烹饪方法"",""text"":""煨""},{""label"":""烹饪方法"",""text"":""烧""},{""label"":""烹饪方法"",""text"":""跑""},{""label"":""烹饪方法"",""text"":""生炙""},{""label"":""食疗方"",""text"":""羊头签""},{""label"":""古籍来源"",""text"":""《肠谷漫录》""},{""label"":""古籍来源"",""text"":""《善书》""}]"
710,33,31,29,29,"[{""label"":""食材"",""text"":""石首鱼""},{""label"":""食材"",""text"":""石头鱼""},{""label"":""食材"",""text"":""梅鱼""},{""label"":""食材"",""text"":""梅黛""},{""label"":""食材"",""text"":""纨鱼""},{""label"":""食材"",""text"":""鲞鱼""},{""label"":""食材"",""text"":""黄炙鱼""},{""label"":""食材"",""text"":""小首鱼""},{""label"":""食材"",""text"":""鳐""},{""label"":""食材"",""text"":""鲤""},{""label"":""食材"",""text"":""螋鱼""},{""label"":""食材"",""text"":""兜鲇""},{""label"":""食材"",""text"":""姝鱼""},{""label"":""食材"",""text"":""蝤鱼""},{""label"":""食材"",""text"":""梅骨""},{""label"":""食材"",""text"":""梅童""},{""label"":""食材"",""text"":""春来""},{""label"":""古籍来源"",""text"":""《游览志》""},{""label"":""古籍来源"",""text"":""《临海异物志》""},{""label"":""古籍来源"",""text"":""《正字通》""},{""label"":""古籍来源"",""text"":""《岭表录》""},{""label"":""古籍来源"",""text"":""《浙志》""},{""label"":""古籍来源"",""text"":""《温海志》""},{""label"":""古籍来源"",""text"":""《函史物性志》""},{""label"":""古籍来源"",""text"":""《广舆记》""},{""label"":""古籍来源"",""text"":""《博雅》""},{""label"":""古籍来源"",""text"":""《江赋》""},{""label"":""古籍来源"",""text"":""《博物志》""},{""label"":""古籍来源"",""text"":""《雨航杂录》""}]"
711,29,29,20,20,"[{""label"":""食材"",""text"":""秦椒""},{""label"":""食材"",""text"":""蜀椒""},{""label"":""食材"",""text"":""花椒""},{""label"":""食材"",""text"":""胡椒""},{""label"":""食材"",""text"":""虾""},{""label"":""食材"",""text"":""蚶""},{""label"":""食材"",""text"":""鱼""},{""label"":""食味"",""text"":""辛""},{""label"":""食性"",""text"":""温""},{""label"":""功效"",""text"":""调中下气""},{""label"":""功效"",""text"":""除湿杀虫""},{""label"":""功效"",""text"":""止痛行瘀""},{""label"":""功效"",""text"":""振味助鲜""},{""label"":""医家"",""text"":""李时珍""},{""label"":""古籍来源"",""text"":""《六书故》""},{""label"":""古籍来源"",""text"":""《本革》""},{""label"":""古籍来源"",""text"":""《范子计然》""},{""label"":""古籍来源"",""text"":""《酉阳杂俎》""},{""label"":""古籍来源"",""text"":""《本蕈》""},{""label"":""古籍来源"",""text"":""《清异录》""}]"
712,55,31,28,28,"[{""label"":""食材"",""text"":""芋粉""},{""label"":""食材"",""text"":""米粉""},{""label"":""食材"",""text"":""野鸡""},{""label"":""食材"",""text"":""藕""},{""label"":""食材"",""text"":""米""},{""label"":""食材"",""text"":""蜜""},{""label"":""食材"",""text"":""苏面""},{""label"":""食材"",""text"":""栗""},{""label"":""食材"",""text"":""松子仁""},{""label"":""食材"",""text"":""菱""},{""label"":""食材"",""text"":""糖""},{""label"":""食材"",""text"":""桂花""},{""label"":""食材"",""text"":""水红菱""},{""label"":""食材"",""text"":""馄饨菱角团""},{""label"":""食材"",""text"":""建莲""},{""label"":""食材"",""text"":""湖莲""},{""label"":""烹饪方法"",""text"":""磨""},{""label"":""烹饪方法"",""text"":""煮""},{""label"":""烹饪方法"",""text"":""蒸""},{""label"":""烹饪方法"",""text"":""煨""},{""label"":""烹饪方法"",""text"":""灌""},{""label"":""烹饪方法"",""text"":""封""},{""label"":""烹饪方法"",""text"":""削""},{""label"":""烹饪方法"",""text"":""截""},{""label"":""烹饪方法"",""text"":""抽""},{""label"":""烹饪方法"",""text"":""闷""},{""label"":""烹饪方法"",""text"":""煮熟""},{""label"":""古籍来源"",""text"":""《齐民卖术》""}]"
713,11,0,7,7,"[{""label"":""古籍来源"",""text"":""《清嘉录》""},{""label"":""古籍来源"",""text"":""《吴门风土纪》""},{""label"":""古籍来源"",""text"":""《桐桥倚棹录》""},{""label"":""古籍来源"",""text"":""《清史稿》""},{""label"":""古籍来源"",""text"":""《潸史列传》""},{""label"":""古籍来源"",""text"":""《阐见阐幽录》""},{""label"":""古籍来源"",""text"":""《适园丛稿》""}]"
714,10,0,0,0,[]
716,48,0,0,0,[]
718,35,8,8,8,"[{""label"":""古籍来源"",""text"":""《酉阳杂俎》""},{""label"":""古籍来源"",""text"":""《月令》""},{""label"":""古籍来源"",""text"":""《孔氏正义》""},{""label"":""古籍来源"",""text"":""《白虎通》""},{""label"":""古籍来源"",""text"":""《搜神记》""},{""label"":""古籍来源"",""text"":""《五行书》""},{""label"":""古籍来源"",""text"":""《图经》""},{""label"":""古籍来源"",""text"":""《篦新合志》""}]"
719,14,0,12,12,"[{""label"":""食材"",""text"":""菊""},{""label"":""食材"",""text"":""甘菊""},{""label"":""食材"",""text"":""黄雀""},{""label"":""烹饪方法"",""text"":""掇""},{""label"":""古籍来源"",""text"":""《菊谱略》""},{""label"":""古籍来源"",""text"":""《艺菊说》""},{""label"":""古籍来源"",""text"":""《艺菊须知》""},{""label"":""古籍来源"",""text"":""《网见阐幽爽》""},{""label"":""医家"",""text"":""范成大""},{""label"":""医家"",""text"":""顾铁卿""},{""label"":""医家"",""text"":""韦涟怀""},{""label"":""医家"",""text"":""贝三泉""}]"
721,5,0,0,0,[]
722,9,7,4,4,"[{""label"":""食材"",""text"":""茶""},{""label"":""病症"",""text"":""注夏""},{""label"":""病症"",""text"":""苦夏""},{""label"":""古籍来源"",""text"":""《吴骶》""}]"
723,17,0,11,11,"[{""label"":""古籍来源"",""text"":""《老学庵笔记》""},{""label"":""古籍来源"",""text"":""《释氏要览》""},{""label"":""古籍来源"",""text"":""《颜之推家训.终制篇》""},{""label"":""古籍来源"",""text"":""《广异记》""},{""label"":""医家"",""text"":""陆放翁""},{""label"":""医家"",""text"":""晏殊""},{""label"":""食材"",""text"":""素馔""},{""label"":""食材"",""text"":""酒""},{""label"":""烹饪方法"",""text"":""焚""},{""label"":""禁忌"",""text"":""不可量""},{""label"":""病症"",""text"":""饿鬼之苦""}]"
724,5,0,0,0,[]
725,12,0,0,0,[]
726,27,18,17,17,"[{""label"":""食材"",""text"":""馒首""},{""label"":""食材"",""text"":""胶牙饧""},{""label"":""食材"",""text"":""米粉""},{""label"":""食材"",""text"":""豆沙馅""},{""label"":""食材"",""text"":""白米""},{""label"":""食材"",""text"":""青豆""},{""label"":""烹饪方法"",""text"":""造""},{""label"":""烹饪方法"",""text"":""裹""},{""label"":""烹饪方法"",""text"":""作""},{""label"":""烹饪方法"",""text"":""缚""},{""label"":""烹饪方法"",""text"":""翦""},{""label"":""烹饪方法"",""text"":""糊""},{""label"":""烹饪方法"",""text"":""撒""},{""label"":""烹饪方法"",""text"":""出磨""},{""label"":""烹饪方法"",""text"":""作饼""},{""label"":""古籍来源"",""text"":""蔡云《吴觖》""},{""label"":""古籍来源"",""text"":""郭廪《送灶词》""}]"
727,32,0,0,0,[]
728,2,0,0,0,[]
729,9,5,4,4,"[{""label"":""食材"",""text"":""糖""},{""label"":""食材"",""text"":""茶""},{""label"":""食材"",""text"":""果""},{""label"":""食材"",""text"":""饭""}]"
730,6,0,0,0,[]
731,2,0,0,0,[]
732,30,15,21,22,"[{""label"":""食材"",""text"":""熊胆""},{""label"":""食性"",""text"":""寒""},{""label"":""病症"",""text"":""时气盛热""},{""label"":""病症"",""text"":""疳""},{""label"":""病症"",""text"":""小儿惊痈""},{""label"":""禁忌"",""text"":""十月勿食""},{""label"":""禁忌"",""text"":""伤神""},{""label"":""病症"",""text"":""小儿惊痼""},{""label"":""病症"",""text"":""瘼疯""},{""label"":""食材"",""text"":""乳汁""},{""label"":""食材"",""text"":""竹沥""},{""label"":""功效"",""text"":""去心中涎""},{""label"":""医家"",""text"":""张鼎""},{""label"":""食味"",""text"":""苦""},{""label"":""归经"",""text"":""入心肝脾胆大肠经""},{""label"":""功效"",""text"":""清热镇痛""},{""label"":""功效"",""text"":""明目平肝""},{""label"":""功效"",""text"":""杀虫""},{""label"":""病症"",""text"":""时气热盛娈为黄疸""},{""label"":""病症"",""text"":""暑月久利""},{""label"":""病症"",""text"":""疳暨心痛""},{""label"":""古籍来源"",""text"":""《唐本草》""}]"
733,75,53,62,62,"[{""label"":""食材"",""text"":""酒""},{""label"":""食疗方"",""text"":""紫酒""},{""label"":""病症"",""text"":""角弓风""},{""label"":""病症"",""text"":""偏风中恶""},{""label"":""食材"",""text"":""桑椹""},{""label"":""功效"",""text"":""补五脏""},{""label"":""功效"",""text"":""明耳目""},{""label"":""功效"",""text"":""解烦热""},{""label"":""功效"",""text"":""补虚劳""},{""label"":""食疗方"",""text"":""蜜酒""},{""label"":""病症"",""text"":""风疹""},{""label"":""食材"",""text"":""地黄""},{""label"":""食材"",""text"":""牛膝""},{""label"":""食材"",""text"":""虎骨""},{""label"":""食材"",""text"":""仙灵脾""},{""label"":""食材"",""text"":""通草""},{""label"":""食材"",""text"":""姜""},{""label"":""食材"",""text"":""葱豉""},{""label"":""烹饪方法"",""text"":""煎汁""},{""label"":""食材"",""text"":""麸米""},{""label"":""烹饪方法"",""text"":""酿酒""},{""label"":""烹饪方法"",""text"":""切碎""},{""label"":""烹饪方法"",""text"":""浸""},{""label"":""烹饪方法"",""text"":""煮饮""},{""label"":""食疗方"",""text"":""牛膝酒""},{""label"":""功效"",""text"":""壮筋骨""},{""label"":""病症"",""text"":""痿痹""},{""label"":""功效"",""text"":""补虚损""},{""label"":""功效"",""text"":""除久疟""},{""label"":""食材"",""text"":""怀牛膝""},{""label"":""食材"",""text"":""川牛膝""},{""label"":""食味"",""text"":""苦""},{""label"":""食味"",""text"":""酸""},{""label"":""食性"",""text"":""平""},{""label"":""归经"",""text"":""入肝""},{""label"":""归经"",""text"":""肾二经""},{""label"":""古籍来源"",""text"":""《本经》""},{""label"":""病症"",""text"":""寒湿痿痹""},{""label"":""病症"",""text"":""四肢拘挛""},{""label"":""病症"",""text"":""膝痛不可厢""},{""label"":""功效"",""text"":""逐血气""},{""label"":""病症"",""text"":""伤热火烂""},{""label"":""功效"",""text"":""堕胎""},{""label"":""古籍来源"",""text"":""《别录》""},{""label"":""病症"",""text"":""伤中少气""},{""label"":""病症"",""text"":""男肾阴消""},{""label"":""病症"",""text"":""老人失溺""},{""label"":""功效"",""text"":""补中续绝""},{""label"":""功效"",""text"":""填骨""},{""label"":""病症"",""text"":""脑中痛""},{""label"":""病症"",""text"":""腰脊痛""},{""label"":""病症"",""text"":""妇人月水不通""},{""label"":""病症"",""text"":""血结""},{""label"":""功效"",""text"":""益精""},{""label"":""功效"",""text"":""利阴气""},{""label"":""功效"",""text"":""止发臼""},{""label"":""食材"",""text"":""甜牛膝""},{""label"":""食味"",""text"":""甘""},{""label"":""食味"",""text"":""微苦""},{""label"":""食性"",""text"":""平""},{""label"":""食材"",""text"":""麻牛膝""},{""label"":""食材"",""text"":""头花蒽草""}]"
734,12,11,8,8,"[{""label"":""古籍来源"",""text"":""《食疗本草》""},{""label"":""医家"",""text"":""孟诜""},{""label"":""医家"",""text"":""张鼎""},{""label"":""食材"",""text"":""瓜果""},{""label"":""食材"",""text"":""莱蔬""},{""label"":""食材"",""text"":""草木""},{""label"":""食材"",""text"":""动物""},{""label"":""食材"",""text"":""米谷""}]"
735,72,62,55,55,"[{""label"":""食材"",""text"":""苦笋""},{""label"":""食材"",""text"":""淡竹沥""},{""label"":""食材"",""text"":""淡竹茹""},{""label"":""食材"",""text"":""竹实""},{""label"":""食材"",""text"":""筻""},{""label"":""食性"",""text"":""大寒""},{""label"":""食性"",""text"":""寒""},{""label"":""食性"",""text"":""凉""},{""label"":""食性"",""text"":""平""},{""label"":""食味"",""text"":""甘""},{""label"":""食味"",""text"":""苦""},{""label"":""归经"",""text"":""入心""},{""label"":""归经"",""text"":""胃经""},{""label"":""功效"",""text"":""不发痰""},{""label"":""功效"",""text"":""通神明""},{""label"":""功效"",""text"":""轻身""},{""label"":""功效"",""text"":""益气""},{""label"":""功效"",""text"":""提神助兴""},{""label"":""功效"",""text"":""清热利湿""},{""label"":""功效"",""text"":""除热气""},{""label"":""功效"",""text"":""止消渴""},{""label"":""功效"",""text"":""明目""},{""label"":""功效"",""text"":""解酒毒""},{""label"":""功效"",""text"":""去面目及口腔热""},{""label"":""功效"",""text"":""清热滑痰""},{""label"":""功效"",""text"":""镇惊利窍""},{""label"":""功效"",""text"":""化痰止渴""},{""label"":""功效"",""text"":""补虚下气""},{""label"":""病症"",""text"":""中风""},{""label"":""病症"",""text"":""烦闷""},{""label"":""病症"",""text"":""劳复""},{""label"":""病症"",""text"":""噎膈""},{""label"":""病症"",""text"":""鼻衄""},{""label"":""病症"",""text"":""风痉""},{""label"":""病症"",""text"":""胃热噎膈""},{""label"":""病症"",""text"":""胃虚干呕""},{""label"":""病症"",""text"":""热呃咳逆""},{""label"":""病症"",""text"":""痰热恶心""},{""label"":""病症"",""text"":""滔伤呕吐""},{""label"":""病症"",""text"":""痰涎酸水""},{""label"":""病症"",""text"":""惊悸怔忡""},{""label"":""病症"",""text"":""心烦躁乱""},{""label"":""病症"",""text"":""睡卧不宁""},{""label"":""病症"",""text"":""咳逆上气""},{""label"":""病症"",""text"":""筋急恶疡""},{""label"":""病症"",""text"":""喉痹""},{""label"":""病症"",""text"":""呕吐""},{""label"":""脏腑"",""text"":""心""},{""label"":""烹饪方法"",""text"":""劈开""},{""label"":""烹饪方法"",""text"":""火烤""},{""label"":""禁忌"",""text"":""不宜人""},{""label"":""古籍来源"",""text"":""《本草图经》""},{""label"":""古籍来源"",""text"":""《本经》""},{""label"":""古籍来源"",""text"":""《别录》""},{""label"":""医家"",""text"":""陶弘景""}]"
736,13,0,0,0,[]
737,63,49,54,54,"[{""label"":""食材"",""text"":""甘菊""},{""label"":""食性"",""text"":""平""},{""label"":""食材"",""text"":""叶""},{""label"":""烹饪方法"",""text"":""揉""},{""label"":""烹饪方法"",""text"":""作羹""},{""label"":""食材"",""text"":""茎""},{""label"":""食材"",""text"":""花""},{""label"":""病症"",""text"":""头风目眩""},{""label"":""病症"",""text"":""泪出""},{""label"":""功效"",""text"":""去烦热""},{""label"":""功效"",""text"":""利五藏""},{""label"":""食材"",""text"":""野生苦菊""},{""label"":""禁忌"",""text"":""不堪用""},{""label"":""食材"",""text"":""菊花""},{""label"":""食材"",""text"":""白菊""},{""label"":""食材"",""text"":""滁菊""},{""label"":""食材"",""text"":""贡菊""},{""label"":""食材"",""text"":""杭白菊""},{""label"":""食材"",""text"":""杭黄菊""},{""label"":""古籍来源"",""text"":""《别录》""},{""label"":""食材"",""text"":""根""},{""label"":""食材"",""text"":""实""},{""label"":""烹饪方法"",""text"":""阴干""},{""label"":""食材"",""text"":""叶""},{""label"":""食味"",""text"":""甘""},{""label"":""食味"",""text"":""辛""},{""label"":""食性"",""text"":""平""},{""label"":""病症"",""text"":""痈疽""},{""label"":""食材"",""text"":""茎""},{""label"":""食味"",""text"":""甘""},{""label"":""食味"",""text"":""微苦""},{""label"":""食性"",""text"":""凉""},{""label"":""功效"",""text"":""清肝利胆""},{""label"":""功效"",""text"":""明目宁心""},{""label"":""病症"",""text"":""头风眩晕""},{""label"":""病症"",""text"":""目翳""},{""label"":""功效"",""text"":""去胸中痰饮""},{""label"":""烹饪方法"",""text"":""煎汤""},{""label"":""烹饪方法"",""text"":""煮粥""},{""label"":""烹饪方法"",""text"":""作羹""},{""label"":""食材"",""text"":""花""},{""label"":""食味"",""text"":""甘""},{""label"":""食味"",""text"":""苦""},{""label"":""食性"",""text"":""凉""},{""label"":""功效"",""text"":""疏风清热""},{""label"":""功效"",""text"":""明目宁心""},{""label"":""功效"",""text"":""解毒消肿""},{""label"":""古籍来源"",""text"":""《本草纲目》""},{""label"":""古籍来源"",""text"":""《牧竖闲谈》""},{""label"":""食材"",""text"":""诸菊""},{""label"":""食材"",""text"":""田野菊""},{""label"":""食材"",""text"":""苦薏""},{""label"":""功效"",""text"":""延龄""},{""label"":""功效"",""text"":""泄人""}]"
738,34,30,29,29,"[{""label"":""食材"",""text"":""青小豆""},{""label"":""食性"",""text"":""寒""},{""label"":""功效"",""text"":""疗热中""},{""label"":""病症"",""text"":""消渴""},{""label"":""功效"",""text"":""止痢""},{""label"":""功效"",""text"":""下胀满""},{""label"":""食材"",""text"":""豌豆""},{""label"":""食材"",""text"":""睥豆""},{""label"":""食材"",""text"":""蹇豆""},{""label"":""食材"",""text"":""毕豆""},{""label"":""食材"",""text"":""麻累""},{""label"":""食味"",""text"":""甘""},{""label"":""食性"",""text"":""平""},{""label"":""古籍来源"",""text"":""《千金方.食治》""},{""label"":""食味"",""text"":""咸""},{""label"":""食性"",""text"":""温""},{""label"":""功效"",""text"":""主寒热""},{""label"":""功效"",""text"":""热中""},{""label"":""病症"",""text"":""消渴""},{""label"":""功效"",""text"":""止泄利""},{""label"":""功效"",""text"":""利小便""},{""label"":""功效"",""text"":""除吐逆""},{""label"":""功效"",""text"":""卒溉""},{""label"":""功效"",""text"":""下腹胀满""},{""label"":""食材"",""text"":""胡豆""},{""label"":""食材"",""text"":""鲤鱼鲱""},{""label"":""禁忌"",""text"":""令人肝至五年成干疳病""},{""label"":""食材"",""text"":""绿豆""},{""label"":""古籍来源"",""text"":""《太平圣惠方》""}]"
739,24,10,17,17,"[{""label"":""古籍来源"",""text"":""《政和经史证类本草》""},{""label"":""古籍来源"",""text"":""《食疗》""},{""label"":""医家"",""text"":""孟诜""},{""label"":""医家"",""text"":""张鼎""},{""label"":""古籍来源"",""text"":""《嘉祜本草》""},{""label"":""古籍来源"",""text"":""《医心方》""},{""label"":""医家"",""text"":""晤玄子张""},{""label"":""病症"",""text"":""头面热风""},{""label"":""禁忌"",""text"":""患冷人勿食之""},{""label"":""禁忌"",""text"":""令人益瘦""},{""label"":""古籍来源"",""text"":""《敦煌》""},{""label"":""烹饪方法"",""text"":""投""},{""label"":""烹饪方法"",""text"":""曝干""},{""label"":""烹饪方法"",""text"":""纳""},{""label"":""烹饪方法"",""text"":""渍""},{""label"":""烹饪方法"",""text"":""浸""},{""label"":""烹饪方法"",""text"":""服""}]"
740,35,23,21,21,"[{""label"":""食材"",""text"":""牛髓""},{""label"":""食味"",""text"":""甘""},{""label"":""食性"",""text"":""温""},{""label"":""归经"",""text"":""心""},{""label"":""归经"",""text"":""脾""},{""label"":""功效"",""text"":""安五脏""},{""label"":""功效"",""text"":""平三焦""},{""label"":""功效"",""text"":""温中""},{""label"":""功效"",""text"":""久服增年""},{""label"":""功效"",""text"":""补气养血""},{""label"":""功效"",""text"":""润肺生精""},{""label"":""功效"",""text"":""填补骨髓""},{""label"":""脏腑"",""text"":""心""},{""label"":""脏腑"",""text"":""肝""},{""label"":""脏腑"",""text"":""脾""},{""label"":""脏腑"",""text"":""肺""},{""label"":""脏腑"",""text"":""肾""},{""label"":""脏腑"",""text"":""胃""},{""label"":""脏腑"",""text"":""胆""},{""label"":""脏腑"",""text"":""膀胱""},{""label"":""脏腑"",""text"":""肛门""}]"
741,35,36,36,36,"[{""label"":""食材"",""text"":""驴皮""},{""label"":""病症"",""text"":""疟""},{""label"":""烹饪方法"",""text"":""煎""},{""label"":""食味"",""text"":""甘""},{""label"":""食性"",""text"":""平""},{""label"":""归经"",""text"":""肺""},{""label"":""归经"",""text"":""肝""},{""label"":""归经"",""text"":""肾经""},{""label"":""功效"",""text"":""滋阴补血""},{""label"":""功效"",""text"":""益气安神""},{""label"":""功效"",""text"":""添精固肾""},{""label"":""功效"",""text"":""强坚筋骨""},{""label"":""病症"",""text"":""风毒""},{""label"":""病症"",""text"":""骨节痛""},{""label"":""病症"",""text"":""呻吟不止""},{""label"":""古籍来源"",""text"":""《嘉裕本草》""},{""label"":""医家"",""text"":""孟诜""},{""label"":""食疗方"",""text"":""驴皮胶""},{""label"":""食疗方"",""text"":""傅致胶""},{""label"":""食疗方"",""text"":""盆覆胶""},{""label"":""食疗方"",""text"":""阿胶""},{""label"":""病症"",""text"":""下血""},{""label"":""病症"",""text"":""腹内崩""},{""label"":""病症"",""text"":""劳极洒洒如疟状""},{""label"":""病症"",""text"":""腰腹痛""},{""label"":""病症"",""text"":""四肢酸疼""},{""label"":""病症"",""text"":""胎不安""},{""label"":""病症"",""text"":""少腹痛""},{""label"":""病症"",""text"":""虚劳羸瘦""},{""label"":""病症"",""text"":""阴气不足""},{""label"":""病症"",""text"":""脚酸不能久立""},{""label"":""病症"",""text"":""精血虚""},{""label"":""病症"",""text"":""肝肾不足""},{""label"":""烹饪方法"",""text"":""作胶""},{""label"":""烹饪方法"",""text"":""消和酒服""},{""label"":""古籍来源"",""text"":""《本草经疏》""}]"
742,59,25,54,54,"[{""label"":""食材"",""text"":""罗勒""},{""label"":""食味"",""text"":""辛""},{""label"":""食性"",""text"":""温""},{""label"":""功效"",""text"":""调中消食""},{""label"":""功效"",""text"":""去恶气""},{""label"":""功效"",""text"":""消水气""},{""label"":""病症"",""text"":""齿根烂疮""},{""label"":""禁忌"",""text"":""壅关节""},{""label"":""禁忌"",""text"":""涩荣卫""},{""label"":""禁忌"",""text"":""令血脉不行""},{""label"":""禁忌"",""text"":""动风发脚气""},{""label"":""病症"",""text"":""患畹""},{""label"":""烹饪方法"",""text"":""煮""},{""label"":""食材"",""text"":""子""},{""label"":""病症"",""text"":""目臀及物入目""},{""label"":""病症"",""text"":""风赤眵泪""},{""label"":""食材"",""text"":""根""},{""label"":""病症"",""text"":""小儿黄烂疮""},{""label"":""烹饪方法"",""text"":""烧灰""},{""label"":""食材"",""text"":""香莱""},{""label"":""食材"",""text"":""翳子草""},{""label"":""食材"",""text"":""九层塔""},{""label"":""食材"",""text"":""苏薄荷""},{""label"":""食材"",""text"":""省头草""},{""label"":""食性"",""text"":""温""},{""label"":""功效"",""text"":""疏风行气""},{""label"":""功效"",""text"":""消食除哕""},{""label"":""功效"",""text"":""活血化""},{""label"":""功效"",""text"":""解毒""},{""label"":""医家"",""text"":""罗天益""},{""label"":""食材"",""text"":""兰香""},{""label"":""食味"",""text"":""辛""},{""label"":""食性"",""text"":""温""},{""label"":""功效"",""text"":""和血润燥""},{""label"":""医家"",""text"":""掌禹锡""},{""label"":""医家"",""text"":""东垣李氏""},{""label"":""病症"",""text"":""牙疼口臭""},{""label"":""食疗方"",""text"":""神功丸""},{""label"":""功效"",""text"":""辟腥气""},{""label"":""食材"",""text"":""子""},{""label"":""食材"",""text"":""罗勒子""},{""label"":""食材"",""text"":""兰香子""},{""label"":""食材"",""text"":""光明子""},{""label"":""食味"",""text"":""甘辛""},{""label"":""食性"",""text"":""凉""},{""label"":""病症"",""text"":""目昏浮翳""},{""label"":""病症"",""text"":""拳毛倒睫""},{""label"":""病症"",""text"":""多眵""},{""label"":""病症"",""text"":""口腔臭""},{""label"":""病症"",""text"":""齿黑""},{""label"":""病症"",""text"":""走马牙疳""},{""label"":""古籍来源"",""text"":""《饮膳正要》""},{""label"":""古籍来源"",""text"":""《邺中记》""},{""label"":""食材"",""text"":""香菜""}]"
743,22,26,21,21,"[{""label"":""食材"",""text"":""婿脂""},{""label"":""食味"",""text"":""甘""},{""label"":""食性"",""text"":""平""},{""label"":""病症"",""text"":""耳聋""},{""label"":""病症"",""text"":""肠风鸨血""},{""label"":""食材"",""text"":""桔梗""},{""label"":""食味"",""text"":""苦辛""},{""label"":""食性"",""text"":""平""},{""label"":""归经"",""text"":""肺""},{""label"":""归经"",""text"":""胃经""},{""label"":""功效"",""text"":""宣通肺气""},{""label"":""功效"",""text"":""祛痰排脓""},{""label"":""食材"",""text"":""麦门冬""},{""label"":""食味"",""text"":""甘""},{""label"":""食味"",""text"":""徵苦""},{""label"":""食性"",""text"":""褰""},{""label"":""功效"",""text"":""养阴润肺""},{""label"":""功效"",""text"":""除烦清心""},{""label"":""功效"",""text"":""益胃生津""},{""label"":""古籍来源"",""text"":""《本草拾遗》""},{""label"":""古籍来源"",""text"":""《日华子本草》""}]"
744,56,52,45,45,"[{""label"":""食材"",""text"":""天门冬""},{""label"":""食味"",""text"":""甘""},{""label"":""食味"",""text"":""苦""},{""label"":""食性"",""text"":""寒""},{""label"":""归经"",""text"":""入肺""},{""label"":""归经"",""text"":""肾经""},{""label"":""功效"",""text"":""补虚劳""},{""label"":""功效"",""text"":""治肺劳""},{""label"":""功效"",""text"":""止渴""},{""label"":""功效"",""text"":""去热风""},{""label"":""功效"",""text"":""滋阴""},{""label"":""功效"",""text"":""润燥""},{""label"":""功效"",""text"":""清肺""},{""label"":""功效"",""text"":""降火""},{""label"":""病症"",""text"":""虚劳绝伤""},{""label"":""病症"",""text"":""老年衰损羸瘦""},{""label"":""病症"",""text"":""偏枯不随""},{""label"":""病症"",""text"":""风湿不仁""},{""label"":""病症"",""text"":""冷痹""},{""label"":""病症"",""text"":""心腹积聚""},{""label"":""病症"",""text"":""恶疮""},{""label"":""病症"",""text"":""痈疽肿癞""},{""label"":""病症"",""text"":""阴痿""},{""label"":""病症"",""text"":""耳聋""},{""label"":""病症"",""text"":""目暗""},{""label"":""病症"",""text"":""肺气咳逆""},{""label"":""病症"",""text"":""喘息促急""},{""label"":""病症"",""text"":""肺痿生痈吐脓""},{""label"":""病症"",""text"":""湿疥""},{""label"":""病症"",""text"":""消渴""},{""label"":""病症"",""text"":""热中风""},{""label"":""病症"",""text"":""心病嗌干""},{""label"":""病症"",""text"":""心痛""},{""label"":""病症"",""text"":""渴而欲饮""},{""label"":""病症"",""text"":""痿飚嗜卧""},{""label"":""病症"",""text"":""足下热痛""},{""label"":""病症"",""text"":""五劳七伤""},{""label"":""病症"",""text"":""肺气并嗽""},{""label"":""病症"",""text"":""消痰""},{""label"":""病症"",""text"":""风痹热毒""},{""label"":""病症"",""text"":""游风""},{""label"":""病症"",""text"":""烦闷吐血""},{""label"":""古籍来源"",""text"":""《千金方》""},{""label"":""古籍来源"",""text"":""《药性论》""},{""label"":""古籍来源"",""text"":""《日华子本草》""}]"
745,20,12,11,11,"[{""label"":""食性"",""text"":""平""},{""label"":""食材"",""text"":""决明子""},{""label"":""脏腑"",""text"":""肝""},{""label"":""病症"",""text"":""热毒气""},{""label"":""病症"",""text"":""风眼赤泪""},{""label"":""功效"",""text"":""明目""},{""label"":""功效"",""text"":""通便利水""},{""label"":""病症"",""text"":""高血压""},{""label"":""病症"",""text"":""肝炎""},{""label"":""病症"",""text"":""肝硬化腹水""},{""label"":""功效"",""text"":""降低血清胆甾醇""}]"
746,19,10,16,16,"[{""label"":""食材"",""text"":""鳜鲼鱼""},{""label"":""食材"",""text"":""芦根""},{""label"":""烹饪方法"",""text"":""煮""},{""label"":""食材"",""text"":""鲈鱼""},{""label"":""古籍来源"",""text"":""《幕祜本草》""},{""label"":""食材"",""text"":""河豚""},{""label"":""食材"",""text"":""赤鲑""},{""label"":""食材"",""text"":""鲧鲐""},{""label"":""食材"",""text"":""嫩鱼""},{""label"":""食材"",""text"":""鲂鱼""},{""label"":""食材"",""text"":""吹肚鱼""},{""label"":""食材"",""text"":""气泡鱼""},{""label"":""食材"",""text"":""胡夷鱼""},{""label"":""禁忌"",""text"":""不可食之""},{""label"":""禁忌"",""text"":""食用时应除去内脏""},{""label"":""禁忌"",""text"":""以不吃为宜""}]"
747,22,23,21,21,"[{""label"":""食材"",""text"":""野鸭""},{""label"":""功效"",""text"":""补中""},{""label"":""功效"",""text"":""益气""},{""label"":""功效"",""text"":""消食""},{""label"":""食性"",""text"":""寒""},{""label"":""功效"",""text"":""不动气""},{""label"":""功效"",""text"":""消十二种虫""},{""label"":""功效"",""text"":""平胃气""},{""label"":""功效"",""text"":""调中""},{""label"":""功效"",""text"":""轻身""},{""label"":""病症"",""text"":""身上诸小热疮""},{""label"":""病症"",""text"":""多年不可者""},{""label"":""功效"",""text"":""补虚""},{""label"":""功效"",""text"":""助力""},{""label"":""功效"",""text"":""和胃气""},{""label"":""功效"",""text"":""治热毒风及恶疮疬""},{""label"":""功效"",""text"":""杀腹藏一切虫""},{""label"":""古籍来源"",""text"":""《嘉祜本草》""},{""label"":""医家"",""text"":""盂诜""},{""label"":""古籍来源"",""text"":""《尸子》""},{""label"":""古籍来源"",""text"":""《日华子本草》""}]"
748,59,39,52,55,"[{""label"":""食材"",""text"":""艾""},{""label"":""食材"",""text"":""干者并煎者""},{""label"":""病症"",""text"":""金疮""},{""label"":""病症"",""text"":""崩中""},{""label"":""病症"",""text"":""霍乱""},{""label"":""病症"",""text"":""胎漏""},{""label"":""食材"",""text"":""生姜""},{""label"":""病症"",""text"":""泻痢""},{""label"":""食材"",""text"":""艾叶""},{""label"":""食材"",""text"":""冰台""},{""label"":""食材"",""text"":""艾蒿""},{""label"":""食材"",""text"":""医草""},{""label"":""食材"",""text"":""灸草""},{""label"":""食材"",""text"":""野莲头""},{""label"":""食材"",""text"":""狼尾蒿子""},{""label"":""食材"",""text"":""野艾""},{""label"":""食材"",""text"":""火艾""},{""label"":""食材"",""text"":""五月艾""},{""label"":""食味"",""text"":""苦辛""},{""label"":""食性"",""text"":""温""},{""label"":""归经"",""text"":""脾肝肾经""},{""label"":""功效"",""text"":""理气血""},{""label"":""功效"",""text"":""温经逐寒湿""},{""label"":""功效"",""text"":""止血止痢""},{""label"":""功效"",""text"":""安胎""},{""label"":""功效"",""text"":""治带下""},{""label"":""功效"",""text"":""疗皮肤疥癣""},{""label"":""病症"",""text"":""慢性胃炎""},{""label"":""病症"",""text"":""胃寒作痛""},{""label"":""病症"",""text"":""慢性肠炎""},{""label"":""病症"",""text"":""腹胀不思食""},{""label"":""病症"",""text"":""寒腿痛""},{""label"":""病症"",""text"":""钩蚴皮炎""},{""label"":""病症"",""text"":""慢性皮炎""},{""label"":""病症"",""text"":""寻常疣""},{""label"":""病症"",""text"":""急性菡痢""},{""label"":""病症"",""text"":""间日疟""},{""label"":""病症"",""text"":""慢性气管炎""},{""label"":""病症"",""text"":""慢性肝炎""},{""label"":""病症"",""text"":""黄疸""},{""label"":""古籍来源"",""text"":""《养生必用方》""},{""label"":""病症"",""text"":""妇人崩中连日不止""},{""label"":""食材"",""text"":""熟艾""},{""label"":""食材"",""text"":""阿胶""},{""label"":""食材"",""text"":""干姜""},{""label"":""烹饪方法"",""text"":""煮""},{""label"":""烹饪方法"",""text"":""烊化""},{""label"":""古籍来源"",""text"":""《肘后方》""},{""label"":""病症"",""text"":""妊娠率胎动不安""},{""label"":""病症"",""text"":""腰痛""},{""label"":""病症"",""text"":""胎转抢心""},{""label"":""病症"",""text"":""下血不止""},{""label"":""食疗方"",""text"":""熟艾如鸡子大。阿胶(炒为末)半两。干姜一钱。水五盏。先煮艾。姜至二盏半,入胶烊化。分三服。空腹服,一日尽""},{""label"":""食疗方"",""text"":""艾叶-鸡子大,以酒四升。煮取二升。分为二服""},{""label"":""烹饪方法"",""text"":""煎""}]"
749,18,21,17,17,"[{""label"":""食材"",""text"":""胡椒""},{""label"":""食性"",""text"":""热""},{""label"":""食味"",""text"":""辛""},{""label"":""功效"",""text"":""温中下气""},{""label"":""功效"",""text"":""驱寒止痛""},{""label"":""功效"",""text"":""解毒""},{""label"":""功效"",""text"":""和气""},{""label"":""禁忌"",""text"":""不可过服""},{""label"":""病症"",""text"":""五脏风冷""},{""label"":""病症"",""text"":""冷气心腹痛""},{""label"":""病症"",""text"":""胃口气虚冷""},{""label"":""病症"",""text"":""宿食不消""},{""label"":""病症"",""text"":""霍乱气逆""},{""label"":""病症"",""text"":""心腹卒痛""},{""label"":""病症"",""text"":""冷气上冲""},{""label"":""古籍来源"",""text"":""《唐本草》""},{""label"":""古籍来源"",""text"":""《海药本草》""}]"
750,47,39,38,40,"[{""label"":""食材"",""text"":""盐""},{""label"":""食材"",""text"":""槐白皮""},{""label"":""食材"",""text"":""皂荚""},{""label"":""食味"",""text"":""咸""},{""label"":""食味"",""text"":""苦""},{""label"":""食味"",""text"":""辛""},{""label"":""食性"",""text"":""寒""},{""label"":""食性"",""text"":""平""},{""label"":""食性"",""text"":""湿""},{""label"":""归经"",""text"":""胃""},{""label"":""归经"",""text"":""肾""},{""label"":""归经"",""text"":""大小肠经""},{""label"":""功效"",""text"":""消肿止痛""},{""label"":""功效"",""text"":""祛风邪""},{""label"":""功效"",""text"":""除湿毒""},{""label"":""功效"",""text"":""杀虫""},{""label"":""功效"",""text"":""止心腹卒痛""},{""label"":""功效"",""text"":""坚肌骨""},{""label"":""功效"",""text"":""主肠胃结热""},{""label"":""病症"",""text"":""蠼螋尿疮""},{""label"":""病症"",""text"":""一切气""},{""label"":""病症"",""text"":""脚气""},{""label"":""病症"",""text"":""下部鳘疮""},{""label"":""病症"",""text"":""伤寒寒热""},{""label"":""病症"",""text"":""吐胸中痰癖""},{""label"":""病症"",""text"":""心腹卒痛""},{""label"":""病症"",""text"":""肠胃结热""},{""label"":""病症"",""text"":""喘逆""},{""label"":""病症"",""text"":""胸中满""},{""label"":""病症"",""text"":""中风皮肤不仁""},{""label"":""病症"",""text"":""口齿风疳""},{""label"":""病症"",""text"":""喉痹""},{""label"":""病症"",""text"":""肠风下血""},{""label"":""病症"",""text"":""阴部搔痒""},{""label"":""病症"",""text"":""阴囊坠肿""},{""label"":""病症"",""text"":""痔疮""},{""label"":""病症"",""text"":""恶疮""},{""label"":""病症"",""text"":""汤火烫伤""},{""label"":""烹饪方法"",""text"":""煮""},{""label"":""古籍来源"",""text"":""《别录》""}]"
751,32,23,19,21,"[{""label"":""食材"",""text"":""薏苡仁""},{""label"":""食性"",""text"":""平""},{""label"":""食性"",""text"":""凉""},{""label"":""食味"",""text"":""甘""},{""label"":""归经"",""text"":""入脾肺肾经""},{""label"":""功效"",""text"":""去千湿脚气""},{""label"":""功效"",""text"":""健脾利湿""},{""label"":""功效"",""text"":""补肺清热""},{""label"":""功效"",""text"":""去风胜湿""},{""label"":""功效"",""text"":""利筋脉""},{""label"":""功效"",""text"":""治疗风湿性关节炎""},{""label"":""功效"",""text"":""消水肿""},{""label"":""功效"",""text"":""除胸中邪气""},{""label"":""功效"",""text"":""通筋络""},{""label"":""功效"",""text"":""活血脉""},{""label"":""功效"",""text"":""健脾胃""},{""label"":""食材"",""text"":""粳米""},{""label"":""烹饪方法"",""text"":""煮粥""},{""label"":""烹饪方法"",""text"":""酿滔""},{""label"":""养生原则"",""text"":""食疗上品""},{""label"":""古籍来源"",""text"":""嘉祜本草""}]"
752,22,22,21,21,"[{""label"":""食材"",""text"":""狗胆""},{""label"":""食味"",""text"":""苦""},{""label"":""食性"",""text"":""寒""},{""label"":""归经"",""text"":""足少阳胆""},{""label"":""归经"",""text"":""足厥阴肝经""},{""label"":""功效"",""text"":""止血消肿""},{""label"":""功效"",""text"":""清肝明目""},{""label"":""功效"",""text"":""去诸疥癣疮疾""},{""label"":""病症"",""text"":""痞块疳积""},{""label"":""病症"",""text"":""跌扑损伤""},{""label"":""病症"",""text"":""刀箭伤""},{""label"":""病症"",""text"":""眼痒急赤涩""},{""label"":""病症"",""text"":""醇耳脓水不止""},{""label"":""食材"",""text"":""白矾""},{""label"":""食材"",""text"":""猪脂""},{""label"":""烹饪方法"",""text"":""烧""},{""label"":""烹饪方法"",""text"":""研""},{""label"":""烹饪方法"",""text"":""调和""},{""label"":""古籍来源"",""text"":""《嘉祜本草》""},{""label"":""医家"",""text"":""孟诜""},{""label"":""古籍来源"",""text"":""《圣惠方》""}]"
753,26,16,24,24,"[{""label"":""食材"",""text"":""鹅""},{""label"":""食性"",""text"":""冷""},{""label"":""禁忌"",""text"":""不可多食""},{""label"":""禁忌"",""text"":""令人易霍乱""},{""label"":""病症"",""text"":""痼疾""},{""label"":""古籍来源"",""text"":""《嘉祜本草》""},{""label"":""医家"",""text"":""孟诜""},{""label"":""食材"",""text"":""鹅又名舒雁""},{""label"":""食材"",""text"":""家雁""},{""label"":""食材"",""text"":""苍鹅""},{""label"":""食材"",""text"":""白鹅""},{""label"":""古籍来源"",""text"":""《日华子本草》""},{""label"":""食性"",""text"":""凉""},{""label"":""归经"",""text"":""脾""},{""label"":""归经"",""text"":""肺经""},{""label"":""功效"",""text"":""益气补虚""},{""label"":""功效"",""text"":""和胃止渴""},{""label"":""病症"",""text"":""虚羸""},{""label"":""古籍来源"",""text"":""《本草求真》""},{""label"":""食味"",""text"":""甘""},{""label"":""食味"",""text"":""辛""},{""label"":""食性"",""text"":""平""},{""label"":""脏腑"",""text"":""五脏""},{""label"":""病症"",""text"":""体实气燥""}]"
754,27,26,27,27,"[{""label"":""食材"",""text"":""猪肚""},{""label"":""食味"",""text"":""甘""},{""label"":""食性"",""text"":""温""},{""label"":""食性"",""text"":""微寒""},{""label"":""功效"",""text"":""补中益气""},{""label"":""功效"",""text"":""止渴""},{""label"":""病症"",""text"":""暴利虚弱""},{""label"":""病症"",""text"":""骨蒸热劳""},{""label"":""病症"",""text"":""血脉不行""},{""label"":""功效"",""text"":""补羸助气""},{""label"":""病症"",""text"":""带""},{""label"":""病症"",""text"":""浊""},{""label"":""病症"",""text"":""遗精""},{""label"":""功效"",""text"":""补脾胃""},{""label"":""脏腑"",""text"":""脾胃""},{""label"":""功效"",""text"":""补虚损""},{""label"":""病症"",""text"":""骨蒸劳热""},{""label"":""功效"",""text"":""补益脾胃""},{""label"":""病症"",""text"":""虚劳""},{""label"":""脏腑"",""text"":""五脏""},{""label"":""古籍来源"",""text"":""《嘉祜本草》""},{""label"":""医家"",""text"":""孟诜""},{""label"":""古籍来源"",""text"":""《本草图经》""},{""label"":""古籍来源"",""text"":""《随息居饮食谱》""},{""label"":""古籍来源"",""text"":""《本草经疏》""},{""label"":""古籍来源"",""text"":""《日华子》""},{""label"":""医家"",""text"":""苏颂""}]"
756,47,25,38,38,"[{""label"":""食材"",""text"":""白鸭肉""},{""label"":""功效"",""text"":""补虚""},{""label"":""功效"",""text"":""消毒热""},{""label"":""功效"",""text"":""利水道""},{""label"":""病症"",""text"":""小儿热惊痈""},{""label"":""病症"",""text"":""头生疮肿""},{""label"":""食材"",""text"":""葱""},{""label"":""食材"",""text"":""豉""},{""label"":""烹饪方法"",""text"":""作汁""},{""label"":""烹饪方法"",""text"":""饮汁""},{""label"":""病症"",""text"":""卒烦热""},{""label"":""食材"",""text"":""黑鸭肉""},{""label"":""功效"",""text"":""滑中""},{""label"":""病症"",""text"":""冷痢""},{""label"":""病症"",""text"":""脚气""},{""label"":""禁忌"",""text"":""不可食之""},{""label"":""古籍来源"",""text"":""《嘉祜本草》""},{""label"":""医家"",""text"":""孟诜""},{""label"":""食味"",""text"":""甘""},{""label"":""食味"",""text"":""咸""},{""label"":""食性"",""text"":""平""},{""label"":""病症"",""text"":""痨热骨蒸""},{""label"":""病症"",""text"":""咳嗽""},{""label"":""病症"",""text"":""水肿""},{""label"":""功效"",""text"":""温中补虚""},{""label"":""功效"",""text"":""扶阳利水""},{""label"":""病症"",""text"":""男子阳气不振""},{""label"":""病症"",""text"":""患水肿人""},{""label"":""功效"",""text"":""泻肾中之积水妄热""},{""label"":""功效"",""text"":""行脉中之邪湿痪沫""},{""label"":""病症"",""text"":""劳热骨蒸之真阴有亏""},{""label"":""病症"",""text"":""邪遢之生热""},{""label"":""功效"",""text"":""滋阴行水""},{""label"":""功效"",""text"":""去劳热""},{""label"":""病症"",""text"":""热痢""},{""label"":""古籍来源"",""text"":""《本经逢原》""},{""label"":""古籍来源"",""text"":""《医林纂要》""},{""label"":""古籍来源"",""text"":""《本草纲目》""}]"
757,18,18,17,17,"[{""label"":""食材"",""text"":""紫苏""},{""label"":""食味"",""text"":""辛""},{""label"":""食性"",""text"":""温""},{""label"":""归经"",""text"":""肺""},{""label"":""归经"",""text"":""脾经""},{""label"":""功效"",""text"":""补中益气""},{""label"":""功效"",""text"":""治心腹胀满""},{""label"":""功效"",""text"":""止霍乱转筋""},{""label"":""功效"",""text"":""开胃下食""},{""label"":""病症"",""text"":""寒热""},{""label"":""病症"",""text"":""冷气""},{""label"":""病症"",""text"":""慢性气管炎""},{""label"":""功效"",""text"":""止咳""},{""label"":""功效"",""text"":""平喘""},{""label"":""功效"",""text"":""祛痰""},{""label"":""古籍来源"",""text"":""《日华子本草》""},{""label"":""古籍来源"",""text"":""《嘉祜本草》""}]"
759,6,0,4,4,"[{""label"":""食材"",""text"":""乳酪""},{""label"":""食材"",""text"":""油饼""},{""label"":""食材"",""text"":""葵""},{""label"":""食材"",""text"":""酒""}]"
760,3,0,0,0,[]
761,64,4,0,0,[]
762,79,0,0,0,[]
763,1,0,0,0,[]
764,1,0,0,0,[]
767,12,0,12,12,"[{""label"":""食材"",""text"":""环饼""},{""label"":""食材"",""text"":""油饼""},{""label"":""食材"",""text"":""枣塔""},{""label"":""食材"",""text"":""猪""},{""label"":""食材"",""text"":""羊""},{""label"":""食材"",""text"":""鸡""},{""label"":""食材"",""text"":""鹅""},{""label"":""食材"",""text"":""葱""},{""label"":""食材"",""text"":""韭""},{""label"":""食材"",""text"":""蒜""},{""label"":""食材"",""text"":""醋""},{""label"":""食材"",""text"":""浆水饭""}]"
768,4,0,0,0,[]
769,6,0,0,0,[]
770,4,0,0,0,[]
771,33,27,18,18,"[{""label"":""食材"",""text"":""果食""},{""label"":""食材"",""text"":""种生花果""},{""label"":""食材"",""text"":""练叶""},{""label"":""食材"",""text"":""麻谷窠儿""},{""label"":""食材"",""text"":""鸡冠花""},{""label"":""食材"",""text"":""襟米饭""},{""label"":""食材"",""text"":""转明菜""},{""label"":""食材"",""text"":""花花油饼""},{""label"":""食材"",""text"":""竣赚""},{""label"":""食材"",""text"":""沙搛""},{""label"":""食材"",""text"":""楸叶""},{""label"":""食材"",""text"":""灵枣""},{""label"":""食材"",""text"":""牙枣""},{""label"":""食材"",""text"":""青州枣""},{""label"":""食材"",""text"":""亳州枣""},{""label"":""食材"",""text"":""鸡头""},{""label"":""食材"",""text"":""荷叶""},{""label"":""古籍来源"",""text"":""《尊胜目连经》""}]"
772,1,0,0,0,[]
773,60,62,57,58,"[{""label"":""食材"",""text"":""茶""},{""label"":""食材"",""text"":""宝云茶""},{""label"":""食材"",""text"":""香林茶""},{""label"":""食材"",""text"":""白云茶""},{""label"":""食材"",""text"":""盐""},{""label"":""食材"",""text"":""蜜""},{""label"":""食材"",""text"":""蜡""},{""label"":""食材"",""text"":""纸""},{""label"":""食材"",""text"":""藤纸""},{""label"":""食材"",""text"":""小井纸""},{""label"":""食材"",""text"":""赤亭纸""},{""label"":""食材"",""text"":""苔心矮黄""},{""label"":""食材"",""text"":""大白头""},{""label"":""食材"",""text"":""小白头""},{""label"":""食材"",""text"":""夏菘""},{""label"":""食材"",""text"":""黄芽""},{""label"":""食材"",""text"":""芥菜""},{""label"":""食材"",""text"":""生莱""},{""label"":""食材"",""text"":""菠裱莱""},{""label"":""食材"",""text"":""莴苣""},{""label"":""食材"",""text"":""苦荬""},{""label"":""食材"",""text"":""葱""},{""label"":""食材"",""text"":""薤""},{""label"":""食材"",""text"":""韭""},{""label"":""食材"",""text"":""大蒜""},{""label"":""食材"",""text"":""小蒜""},{""label"":""食材"",""text"":""紫痂""},{""label"":""食材"",""text"":""水茆""},{""label"":""食材"",""text"":""梢瓜""},{""label"":""食材"",""text"":""赘瓜""},{""label"":""食材"",""text"":""葫芦""},{""label"":""食材"",""text"":""冬瓜""},{""label"":""食材"",""text"":""瓠子""},{""label"":""食材"",""text"":""芋""},{""label"":""食材"",""text"":""山药""},{""label"":""食材"",""text"":""牛蒡""},{""label"":""食材"",""text"":""茭白""},{""label"":""食材"",""text"":""蕨莱""},{""label"":""食材"",""text"":""萝卜""},{""label"":""食材"",""text"":""甘髂子""},{""label"":""食材"",""text"":""水芹""},{""label"":""食材"",""text"":""芦笋""},{""label"":""食材"",""text"":""鸡头莱""},{""label"":""食材"",""text"":""藕条菜""},{""label"":""食材"",""text"":""葚""},{""label"":""食材"",""text"":""葚芽""},{""label"":""食材"",""text"":""新簋""},{""label"":""食材"",""text"":""菌""},{""label"":""食材"",""text"":""黄耳蕈""},{""label"":""食材"",""text"":""玉蕈""},{""label"":""食材"",""text"":""茅蕈""},{""label"":""食材"",""text"":""竹菇""},{""label"":""食材"",""text"":""桔""},{""label"":""食材"",""text"":""橙""},{""label"":""食材"",""text"":""梅""},{""label"":""食材"",""text"":""蒲芦""},{""label"":""烹饪方法"",""text"":""煮""},{""label"":""古籍来源"",""text"":""东坡诗""}]"
774,1,0,0,0,[]
775,45,0,0,0,[]
776,31,0,9,9,"[{""label"":""食材"",""text"":""环饼""},{""label"":""食材"",""text"":""油饼""},{""label"":""食材"",""text"":""枣塔""},{""label"":""食材"",""text"":""猪羊鸡鹅兔""},{""label"":""食材"",""text"":""迮骨熟肉""},{""label"":""食材"",""text"":""生葱""},{""label"":""食材"",""text"":""韭崧""},{""label"":""食材"",""text"":""醋""},{""label"":""食材"",""text"":""浆水""}]"
777,6,0,0,0,[]
778,16,0,0,0,[]
779,20,19,20,20,"[{""label"":""食材"",""text"":""菊花""},{""label"":""食材"",""text"":""茱萸""},{""label"":""食材"",""text"":""酒""},{""label"":""食材"",""text"":""猪羊肉""},{""label"":""食材"",""text"":""鸭子""},{""label"":""食材"",""text"":""糖面""},{""label"":""食材"",""text"":""熟栗子肉""},{""label"":""食材"",""text"":""麝香""},{""label"":""食材"",""text"":""糖蜜""},{""label"":""食材"",""text"":""韵果""},{""label"":""食材"",""text"":""糖霜""},{""label"":""食材"",""text"":""米粉""},{""label"":""食疗方"",""text"":""虿阳糕""},{""label"":""食疗方"",""text"":""狮蛮粟糕""},{""label"":""烹饪方法"",""text"":""蒸""},{""label"":""烹饪方法"",""text"":""杵""},{""label"":""烹饪方法"",""text"":""捏""},{""label"":""病症"",""text"":""阳九之厄""},{""label"":""古籍来源"",""text"":""开宝""},{""label"":""古籍来源"",""text"":""仁壬""}]"
780,5,0,0,0,[]
781,2,0,0,0,[]
783,87,85,83,84,"[{""label"":""食材"",""text"":""菊花""},{""label"":""食材"",""text"":""薄荷叶""},{""label"":""食味"",""text"":""辛""},{""label"":""食味"",""text"":""甘""},{""label"":""食味"",""text"":""苦""},{""label"":""食性"",""text"":""温""},{""label"":""功效"",""text"":""散风热""},{""label"":""病症"",""text"":""咽喉齿诸病""},{""label"":""功效"",""text"":""下气""},{""label"":""功效"",""text"":""消食化痰""},{""label"":""功效"",""text"":""开音声""},{""label"":""功效"",""text"":""舒郁懑""},{""label"":""功效"",""text"":""辟秽恶邪气""},{""label"":""病症"",""text"":""霍乱""},{""label"":""病症"",""text"":""疬""},{""label"":""烹饪方法"",""text"":""酿""},{""label"":""烹饪方法"",""text"":""蒸""},{""label"":""烹饪方法"",""text"":""熬""},{""label"":""病症"",""text"":""鼻衄""},{""label"":""烹饪方法"",""text"":""塞""},{""label"":""病症"",""text"":""血""},{""label"":""烹饪方法"",""text"":""煎服""},{""label"":""病症"",""text"":""蛇伤""},{""label"":""病症"",""text"":""猫伤""},{""label"":""烹饪方法"",""text"":""绞汁涂""},{""label"":""医家"",""text"":""汪谢城""},{""label"":""禁忌"",""text"":""薄荷多服。耗散真气,致生百病""},{""label"":""食材"",""text"":""紫苏叶""},{""label"":""食味"",""text"":""辛""},{""label"":""食味"",""text"":""甘""},{""label"":""食性"",""text"":""温""},{""label"":""功效"",""text"":""下气""},{""label"":""功效"",""text"":""安胎""},{""label"":""功效"",""text"":""活血定痛""},{""label"":""功效"",""text"":""和中开胃""},{""label"":""功效"",""text"":""止嗽""},{""label"":""功效"",""text"":""消焱""},{""label"":""功效"",""text"":""化食""},{""label"":""功效"",""text"":""散风寒""},{""label"":""病症"",""text"":""藿乱""},{""label"":""病症"",""text"":""脚气""},{""label"":""功效"",""text"":""制一切鱼,肉。 虾。蟹毒""},{""label"":""禁忌"",""text"":""气弱多汗;脾虚易泻者忌食""},{""label"":""病症"",""text"":""干霍乱""},{""label"":""烹饪方法"",""text"":""煎服""},{""label"":""病症"",""text"":""中鳘毒""},{""label"":""病症"",""text"":""乳痈肿痛""},{""label"":""烹饪方法"",""text"":""频饮""},{""label"":""烹饪方法"",""text"":""杵烂敷""},{""label"":""病症"",""text"":""金疮""},{""label"":""病症"",""text"":""跌打出血""},{""label"":""病症"",""text"":""猁犬咬""},{""label"":""食材"",""text"":""茴香""},{""label"":""食味"",""text"":""辛""},{""label"":""食味"",""text"":""甘""},{""label"":""食性"",""text"":""温""},{""label"":""功效"",""text"":""调中开胃""},{""label"":""功效"",""text"":""止痛散赛""},{""label"":""病症"",""text"":""霍乱""},{""label"":""病症"",""text"":""癞疝""},{""label"":""病症"",""text"":""脚气""},{""label"":""功效"",""text"":""杀虫""},{""label"":""功效"",""text"":""辟秽""},{""label"":""功效"",""text"":""制鱼肉腥臊""},{""label"":""功效"",""text"":""拎滞诸毒""},{""label"":""病症"",""text"":""小便频数""},{""label"":""病症"",""text"":""雨色请不渴者""},{""label"":""烹饪方法"",""text"":""淘""},{""label"":""烹饪方法"",""text"":""炒""},{""label"":""烹饪方法"",""text"":""研末""},{""label"":""烹饪方法"",""text"":""炙""},{""label"":""食材"",""text"":""糯米糕""},{""label"":""食材"",""text"":""莳萝""},{""label"":""食味"",""text"":""辛""},{""label"":""食味"",""text"":""甘""},{""label"":""食性"",""text"":""温""},{""label"":""功效"",""text"":""开厝腱脾""},{""label"":""功效"",""text"":""散褰止痛""},{""label"":""功效"",""text"":""杀虫""},{""label"":""功效"",""text"":""消食""},{""label"":""功效"",""text"":""调气止呕""},{""label"":""功效"",""text"":""定腰""},{""label"":""病症"",""text"":""齿之疼""},{""label"":""功效"",""text"":""解鱼。 肉之毒""}]"
784,22,0,0,0,[]
785,92,79,76,76,"[{""label"":""食材"",""text"":""葱""},{""label"":""食味"",""text"":""辛""},{""label"":""食味"",""text"":""甘""},{""label"":""食性"",""text"":""平""},{""label"":""功效"",""text"":""利肺通阳""},{""label"":""功效"",""text"":""散痈肿""},{""label"":""功效"",""text"":""祛风达表""},{""label"":""功效"",""text"":""安胎止痈""},{""label"":""功效"",""text"":""通乳和营""},{""label"":""病症"",""text"":""霍乱转筋""},{""label"":""病症"",""text"":""夼豚脚气""},{""label"":""功效"",""text"":""杀诸虫""},{""label"":""功效"",""text"":""理跌扑金疮""},{""label"":""功效"",""text"":""制鱼,肉诸毒""},{""label"":""禁忌"",""text"":""气虚易汗者不可单食""},{""label"":""禁忌"",""text"":""忌同蜜食""},{""label"":""病症"",""text"":""胎动下血""},{""label"":""烹饪方法"",""text"":""煎""},{""label"":""病症"",""text"":""中恶卒死""},{""label"":""烹饪方法"",""text"":""刺""},{""label"":""病症"",""text"":""自缢垂死""},{""label"":""病症"",""text"":""小儿无故卒死""},{""label"":""病症"",""text"":""小儿盘肠内钓腹痛""},{""label"":""烹饪方法"",""text"":""洗""},{""label"":""烹饪方法"",""text"":""捣""},{""label"":""病症"",""text"":""小便闭胀""},{""label"":""烹饪方法"",""text"":""炒""},{""label"":""烹饪方法"",""text"":""熨""},{""label"":""病症"",""text"":""阴襄胂痛""},{""label"":""烹饪方法"",""text"":""煨""},{""label"":""食材"",""text"":""盐""},{""label"":""烹饪方法"",""text"":""杵烂""},{""label"":""病症"",""text"":""赤白瘌""},{""label"":""烹饪方法"",""text"":""煮粥""},{""label"":""病症"",""text"":""一切肿毒""},{""label"":""烹饪方法"",""text"":""杵烂""},{""label"":""病症"",""text"":""跌打杖伤""},{""label"":""病症"",""text"":""金疮挫肭""},{""label"":""病症"",""text"":""流注走痛""},{""label"":""病症"",""text"":""筋骨痹疼""},{""label"":""病症"",""text"":""脑破血流""},{""label"":""病症"",""text"":""痈毒初起""},{""label"":""病症"",""text"":""乳痈初起""},{""label"":""功效"",""text"":""解金银毒""},{""label"":""食材"",""text"":""韭""},{""label"":""食味"",""text"":""辛""},{""label"":""食味"",""text"":""甘""},{""label"":""功效"",""text"":""暖胃补肾""},{""label"":""功效"",""text"":""下气调菅""},{""label"":""功效"",""text"":""芏胸腹腰膝诸疼""},{""label"":""功效"",""text"":""治噎膈""},{""label"":""功效"",""text"":""经.产诸证""},{""label"":""功效"",""text"":""理打扑伤损""},{""label"":""功效"",""text"":""疗蛇,狗,虫伤""},{""label"":""食材"",""text"":""韭花""},{""label"":""禁忌"",""text"":""多食昏神""},{""label"":""禁忌"",""text"":""耳证""},{""label"":""禁忌"",""text"":""疟疾""},{""label"":""禁忌"",""text"":""疮家""},{""label"":""禁忌"",""text"":""痧痘后均忌""},{""label"":""病症"",""text"":""产后血运""},{""label"":""食材"",""text"":""热醋""},{""label"":""病症"",""text"":""产后怒哭份肝""},{""label"":""病症"",""text"":""呕青绿水""},{""label"":""食材"",""text"":""韭汁""},{""label"":""病症"",""text"":""卒然中恶""},{""label"":""病症"",""text"":""漏""},{""label"":""病症"",""text"":""诸食物毒""},{""label"":""食材"",""text"":""薤""},{""label"":""食味"",""text"":""辛""},{""label"":""功效"",""text"":""散结定痛""},{""label"":""功效"",""text"":""宽胸止带""},{""label"":""功效"",""text"":""安胎活血""},{""label"":""功效"",""text"":""治痢""},{""label"":""禁忌"",""text"":""多食发热""},{""label"":""禁忌"",""text"":""忌与韭同""}]"
786,21,0,9,9,"[{""label"":""古籍来源"",""text"":""饮食谱""},{""label"":""医家"",""text"":""士雄""},{""label"":""医家"",""text"":""孟英""},{""label"":""医家"",""text"":""金膻思""},{""label"":""医家"",""text"":""俞公桂庭""},{""label"":""医家"",""text"":""周君光远""},{""label"":""医家"",""text"":""季述""},{""label"":""医家"",""text"":""毕痴""},{""label"":""医家"",""text"":""孟隐""}]"
787,122,98,91,91,"[{""label"":""食材"",""text"":""薤""},{""label"":""食材"",""text"":""薤白""},{""label"":""食材"",""text"":""米""},{""label"":""食材"",""text"":""蜜""},{""label"":""食材"",""text"":""蒜""},{""label"":""食材"",""text"":""葫""},{""label"":""食材"",""text"":""芸苔""},{""label"":""食材"",""text"":""子""},{""label"":""食材"",""text"":""苗""},{""label"":""食材"",""text"":""叶""},{""label"":""食材"",""text"":""油菜""},{""label"":""食材"",""text"":""芫荽""},{""label"":""食材"",""text"":""胡荽""},{""label"":""食性"",""text"":""辛温""},{""label"":""食性"",""text"":""生辛热""},{""label"":""食性"",""text"":""熟甘温""},{""label"":""食性"",""text"":""辛滑甘温""},{""label"":""食性"",""text"":""辛温""},{""label"":""食味"",""text"":""咸""},{""label"":""功效"",""text"":""下气""},{""label"":""功效"",""text"":""止痛""},{""label"":""功效"",""text"":""杀虫""},{""label"":""功效"",""text"":""辟阴邪""},{""label"":""功效"",""text"":""暖中""},{""label"":""功效"",""text"":""破恶血""},{""label"":""功效"",""text"":""治暴泻腹痛""},{""label"":""功效"",""text"":""辟秽解毒""},{""label"":""功效"",""text"":""消痞""},{""label"":""功效"",""text"":""外灸痈疽""},{""label"":""功效"",""text"":""散血消肿""},{""label"":""功效"",""text"":""破结通肠""},{""label"":""功效"",""text"":""散寒""},{""label"":""功效"",""text"":""辟邪解秽""},{""label"":""功效"",""text"":""杀鱼腥""},{""label"":""功效"",""text"":""发痘疹""},{""label"":""病症"",""text"":""气痛""},{""label"":""病症"",""text"":""赤门痢""},{""label"":""病症"",""text"":""小儿疳痢""},{""label"":""病症"",""text"":""汤火伤""},{""label"":""病症"",""text"":""霍乱""},{""label"":""病症"",""text"":""转筋""},{""label"":""病症"",""text"":""噤口痢""},{""label"":""病症"",""text"":""鼻渊""},{""label"":""病症"",""text"":""鼻衄不止""},{""label"":""病症"",""text"":""水肿""},{""label"":""病症"",""text"":""喉痹肿痛""},{""label"":""病症"",""text"":""诸物鲠喉""},{""label"":""病症"",""text"":""阴疽""},{""label"":""病症"",""text"":""阴毒""},{""label"":""病症"",""text"":""蜈蚣咬""},{""label"":""病症"",""text"":""游风丹毒""},{""label"":""病症"",""text"":""妇人乳吹""},{""label"":""病症"",""text"":""腰脚""},{""label"":""病症"",""text"":""口齿""},{""label"":""病症"",""text"":""痧痘""},{""label"":""病症"",""text"":""疮家""},{""label"":""病症"",""text"":""魍疾""},{""label"":""病症"",""text"":""目证""},{""label"":""病症"",""text"":""时感""},{""label"":""病症"",""text"":""瘟证不达""},{""label"":""病症"",""text"":""痘症不快""},{""label"":""脏腑"",""text"":""心""},{""label"":""食疗方"",""text"":""陈年醋浸大蒜""},{""label"":""烹饪方法"",""text"":""煮""},{""label"":""烹饪方法"",""text"":""煎""},{""label"":""烹饪方法"",""text"":""捣""},{""label"":""烹饪方法"",""text"":""杵""},{""label"":""烹饪方法"",""text"":""涂""},{""label"":""烹饪方法"",""text"":""贴""},{""label"":""烹饪方法"",""text"":""灸""},{""label"":""烹饪方法"",""text"":""封""},{""label"":""烹饪方法"",""text"":""茹""},{""label"":""烹饪方法"",""text"":""拥""},{""label"":""烹饪方法"",""text"":""洗""},{""label"":""烹饪方法"",""text"":""含喷""},{""label"":""禁忌"",""text"":""病后忌之""},{""label"":""禁忌"",""text"":""不宜多食""},{""label"":""禁忌"",""text"":""阴虚内热""},{""label"":""禁忌"",""text"":""胎产""},{""label"":""禁忌"",""text"":""痧痘""},{""label"":""禁忌"",""text"":""疮疟""},{""label"":""禁忌"",""text"":""血证""},{""label"":""禁忌"",""text"":""目疾""},{""label"":""禁忌"",""text"":""喉""},{""label"":""禁忌"",""text"":""舌""},{""label"":""禁忌"",""text"":""凡病忌之""},{""label"":""禁忌"",""text"":""多食损目""},{""label"":""禁忌"",""text"":""发风动气""},{""label"":""禁忌"",""text"":""产后""},{""label"":""养生原则"",""text"":""损性灵""},{""label"":""古籍来源"",""text"":""直指方""}]"
788,2,0,0,0,[]
789,126,74,123,123,"[{""label"":""食材"",""text"":""冬瓜""},{""label"":""病症"",""text"":""渴""},{""label"":""病症"",""text"":""痢""},{""label"":""烹饪方法"",""text"":""煮""},{""label"":""病症"",""text"":""水肿""},{""label"":""功效"",""text"":""消暑湿""},{""label"":""禁忌"",""text"":""孕妇常食""},{""label"":""功效"",""text"":""泽胎化毒""},{""label"":""功效"",""text"":""令儿无病""},{""label"":""食材"",""text"":""芦菔""},{""label"":""病症"",""text"":""发背""},{""label"":""病症"",""text"":""疮""},{""label"":""食材"",""text"":""瓜""},{""label"":""食材"",""text"":""练瓜瓤""},{""label"":""食性"",""text"":""甘平""},{""label"":""烹饪方法"",""text"":""绞汁""},{""label"":""病症"",""text"":""消渴""},{""label"":""病症"",""text"":""淋""},{""label"":""功效"",""text"":""解热毒""},{""label"":""食材"",""text"":""瓜干""},{""label"":""食性"",""text"":""甘平""},{""label"":""功效"",""text"":""润肺""},{""label"":""功效"",""text"":""化痰浊""},{""label"":""病症"",""text"":""肠痈""},{""label"":""食材"",""text"":""皮""},{""label"":""食性"",""text"":""甘平""},{""label"":""功效"",""text"":""祛风热""},{""label"":""病症"",""text"":""皮肤浮肿""},{""label"":""病症"",""text"":""跌扑诸伤""},{""label"":""食材"",""text"":""叶""},{""label"":""病症"",""text"":""痄""},{""label"":""病症"",""text"":""泄漪""},{""label"":""功效"",""text"":""止渴""},{""label"":""病症"",""text"":""蜂螫""},{""label"":""病症"",""text"":""恶疮""},{""label"":""食材"",""text"":""藤""},{""label"":""烹饪方法"",""text"":""取少服""},{""label"":""病症"",""text"":""肺热焱火内痈""},{""label"":""食材"",""text"":""丝瓜""},{""label"":""食性"",""text"":""甘凉""},{""label"":""功效"",""text"":""清热解毒""},{""label"":""功效"",""text"":""安笳""},{""label"":""功效"",""text"":""行乳""},{""label"":""功效"",""text"":""调营""},{""label"":""功效"",""text"":""补阳""},{""label"":""功效"",""text"":""通络""},{""label"":""功效"",""text"":""杀虫""},{""label"":""功效"",""text"":""理籼""},{""label"":""功效"",""text"":""消肿""},{""label"":""功效"",""text"":""化痰""},{""label"":""功效"",""text"":""化阉除黄""},{""label"":""功效"",""text"":""息风止血""},{""label"":""病症"",""text"":""痘疮不快""},{""label"":""食材"",""text"":""老丝瓜""},{""label"":""烹饪方法"",""text"":""烧存性""},{""label"":""烹饪方法"",""text"":""研""},{""label"":""食材"",""text"":""沙糖""},{""label"":""烹饪方法"",""text"":""汤调""},{""label"":""病症"",""text"":""喉痹""},{""label"":""食材"",""text"":""丝瓜""},{""label"":""烹饪方法"",""text"":""捣汁""},{""label"":""病症"",""text"":""痈疽不敛""},{""label"":""食材"",""text"":""丝瓜""},{""label"":""烹饪方法"",""text"":""捣汁""},{""label"":""病症"",""text"":""酒瘌""},{""label"":""病症"",""text"":""便血腹痛""},{""label"":""病症"",""text"":""肛门患瘃""},{""label"":""食材"",""text"":""干丝低""},{""label"":""烹饪方法"",""text"":""煅存怄""},{""label"":""烹饪方法"",""text"":""研""},{""label"":""烹饪方法"",""text"":""酒服""},{""label"":""病症"",""text"":""经阻气痛""},{""label"":""病症"",""text"":""腰痛""},{""label"":""病症"",""text"":""疝痛""},{""label"":""病症"",""text"":""滔积""},{""label"":""病症"",""text"":""黄痕""},{""label"":""功效"",""text"":""化焱止嗽""},{""label"":""食材"",""text"":""丝瓜""},{""label"":""烹饪方法"",""text"":""煅存性""},{""label"":""烹饪方法"",""text"":""研末""},{""label"":""食材"",""text"":""枣肉""},{""label"":""病症"",""text"":""风热牙痛""},{""label"":""食材"",""text"":""丝瓜""},{""label"":""食材"",""text"":""盐""},{""label"":""烹饪方法"",""text"":""砑""},{""label"":""病症"",""text"":""腮腴""},{""label"":""烹饪方法"",""text"":""水调敷""},{""label"":""病症"",""text"":""小儿浮肿""},{""label"":""食材"",""text"":""丝瓜""},{""label"":""食材"",""text"":""灯芯""},{""label"":""食材"",""text"":""葱白""},{""label"":""烹饪方法"",""text"":""煎浓汁""},{""label"":""食材"",""text"":""叶""},{""label"":""烹饪方法"",""text"":""绞汁服""},{""label"":""病症"",""text"":""痧秽腹痛""},{""label"":""功效"",""text"":""消暑解毒""},{""label"":""病症"",""text"":""疔肌""},{""label"":""病症"",""text"":""虫癣""},{""label"":""食材"",""text"":""丝瓜""},{""label"":""禁忌"",""text"":""鱼发物""},{""label"":""病症"",""text"":""睾丸偏坠""},{""label"":""食材"",""text"":""丝瓜叶""},{""label"":""烹饪方法"",""text"":""煅性""},{""label"":""食材"",""text"":""鸡子壳""},{""label"":""烹饪方法"",""text"":""烧灰""},{""label"":""烹饪方法"",""text"":""研""},{""label"":""烹饪方法"",""text"":""温滔下""},{""label"":""病症"",""text"":""汤火伤""},{""label"":""烹饪方法"",""text"":""捣""},{""label"":""食材"",""text"":""丝瓜叶""},{""label"":""食材"",""text"":""苦瓜""},{""label"":""食性"",""text"":""苦寒""},{""label"":""功效"",""text"":""涤热""},{""label"":""功效"",""text"":""明耳""},{""label"":""功效"",""text"":""潸心""},{""label"":""烹饪方法"",""text"":""酱""},{""label"":""烹饪方法"",""text"":""腌""},{""label"":""烹饪方法"",""text"":""烧肉""},{""label"":""烹饪方法"",""text"":""瀹""},{""label"":""禁忌"",""text"":""中蹇者刎食""},{""label"":""食性"",""text"":""甘""},{""label"":""功效"",""text"":""养血滋肝""},{""label"":""功效"",""text"":""涸脾补肾""}]"
790,93,69,93,93,"[{""label"":""食材"",""text"":""鲫鱼""},{""label"":""食材"",""text"":""鲂鱼""},{""label"":""食材"",""text"":""鳊鱼""},{""label"":""食性"",""text"":""平""},{""label"":""食味"",""text"":""甘""},{""label"":""功效"",""text"":""补胥""},{""label"":""功效"",""text"":""养脾""},{""label"":""功效"",""text"":""去风""},{""label"":""功效"",""text"":""运食""},{""label"":""食材"",""text"":""鳜鱼""},{""label"":""食材"",""text"":""鲦笆""},{""label"":""食性"",""text"":""平""},{""label"":""食味"",""text"":""甘""},{""label"":""功效"",""text"":""益脾胃""},{""label"":""功效"",""text"":""养血""},{""label"":""功效"",""text"":""补虚劳""},{""label"":""功效"",""text"":""杀劳虫""},{""label"":""功效"",""text"":""消恶血""},{""label"":""功效"",""text"":""运饮食""},{""label"":""功效"",""text"":""肥键人""},{""label"":""食材"",""text"":""鳓鱼""},{""label"":""食材"",""text"":""渡父鱼""},{""label"":""食材"",""text"":""鳅""},{""label"":""食材"",""text"":""菜花鱼""},{""label"":""食性"",""text"":""温""},{""label"":""食味"",""text"":""甘""},{""label"":""功效"",""text"":""暖冒""},{""label"":""功效"",""text"":""运食""},{""label"":""功效"",""text"":""补虚""},{""label"":""食材"",""text"":""鲦鱼""},{""label"":""食材"",""text"":""白条""},{""label"":""食材"",""text"":""条""},{""label"":""食性"",""text"":""温""},{""label"":""食味"",""text"":""甘""},{""label"":""功效"",""text"":""暧胃""},{""label"":""禁忌"",""text"":""助火发疮""},{""label"":""禁忌"",""text"":""诸病人勿食""},{""label"":""食材"",""text"":""银鱼""},{""label"":""食材"",""text"":""磐残鱼""},{""label"":""食性"",""text"":""平""},{""label"":""食味"",""text"":""甘""},{""label"":""功效"",""text"":""养胃阴""},{""label"":""功效"",""text"":""和经脉""},{""label"":""食材"",""text"":""蠡鱼""},{""label"":""食材"",""text"":""黑鳢""},{""label"":""食材"",""text"":""鸟鳢""},{""label"":""食材"",""text"":""黑鱼""},{""label"":""食材"",""text"":""七星鱼""},{""label"":""食性"",""text"":""寒""},{""label"":""食味"",""text"":""甘""},{""label"":""功效"",""text"":""行水""},{""label"":""功效"",""text"":""化湿""},{""label"":""功效"",""text"":""祛风""},{""label"":""功效"",""text"":""稀瘟""},{""label"":""功效"",""text"":""愈疮""},{""label"":""功效"",""text"":""下大腹水肿""},{""label"":""病症"",""text"":""脚气""},{""label"":""功效"",""text"":""逋肠""},{""label"":""功效"",""text"":""疔痔""},{""label"":""病症"",""text"":""妊娠有水肤殍""},{""label"":""功效"",""text"":""稀痘""},{""label"":""烹饪方法"",""text"":""煮""},{""label"":""食材"",""text"":""黑鱼""},{""label"":""烹饪方法"",""text"":""煮汤""},{""label"":""病症"",""text"":""水气垂死""},{""label"":""病症"",""text"":""肠痔下血""},{""label"":""食材"",""text"":""黑鱼""},{""label"":""食材"",""text"":""冬瓜""},{""label"":""食材"",""text"":""葱白""},{""label"":""烹饪方法"",""text"":""作羹""},{""label"":""病症"",""text"":""偏正头风""},{""label"":""食材"",""text"":""陈黑鱼头""},{""label"":""烹饪方法"",""text"":""煎汤""},{""label"":""食材"",""text"":""鲟鱼""},{""label"":""食性"",""text"":""温""},{""label"":""食味"",""text"":""甘""},{""label"":""功效"",""text"":""补冒""},{""label"":""功效"",""text"":""活血""},{""label"":""功效"",""text"":""通淋""},{""label"":""禁忌"",""text"":""多食发疥""},{""label"":""禁忌"",""text"":""思癞""},{""label"":""食材"",""text"":""鳇鱼""},{""label"":""食材"",""text"":""黄""},{""label"":""食材"",""text"":""鳆""},{""label"":""食材"",""text"":""蜡鱼""},{""label"":""食材"",""text"":""玉版鱼""},{""label"":""食性"",""text"":""温""},{""label"":""食味"",""text"":""甘""},{""label"":""功效"",""text"":""令人肥腱""},{""label"":""禁忌"",""text"":""多食难化""},{""label"":""禁忌"",""text"":""发疥""},{""label"":""禁忌"",""text"":""生痰""},{""label"":""禁忌"",""text"":""反荆芥""}]"
791,82,130,82,82,"[{""label"":""食材"",""text"":""丁香""},{""label"":""食性"",""text"":""辛温""},{""label"":""功效"",""text"":""暖胃""},{""label"":""功效"",""text"":""去湿""},{""label"":""功效"",""text"":""散寒""},{""label"":""功效"",""text"":""辟恶""},{""label"":""功效"",""text"":""杀虫""},{""label"":""功效"",""text"":""消痞""},{""label"":""功效"",""text"":""解秽""},{""label"":""病症"",""text"":""冷痢""},{""label"":""病症"",""text"":""冷痛""},{""label"":""病症"",""text"":""痄箧哕""},{""label"":""功效"",""text"":""补虚阳""},{""label"":""功效"",""text"":""制酒肉""},{""label"":""病症"",""text"":""口臭""},{""label"":""食材"",""text"":""川椒""},{""label"":""病症"",""text"":""过食蟹""},{""label"":""病症"",""text"":""蚌""},{""label"":""病症"",""text"":""瓜果致病""},{""label"":""病症"",""text"":""乳头裂破""},{""label"":""病症"",""text"":""痈疽恶肉""},{""label"":""病症"",""text"":""阴冷""},{""label"":""食材"",""text"":""母丁香""},{""label"":""病症"",""text"":""反胃""},{""label"":""食材"",""text"":""盐梅肉""},{""label"":""病症"",""text"":""胃寒吐泻""},{""label"":""食材"",""text"":""橘红""},{""label"":""食材"",""text"":""桂皮""},{""label"":""食性"",""text"":""辛温""},{""label"":""功效"",""text"":""下气""},{""label"":""功效"",""text"":""去风""},{""label"":""功效"",""text"":""杀虫止痛""},{""label"":""病症"",""text"":""血虚内热""},{""label"":""食材"",""text"":""桂花""},{""label"":""食性"",""text"":""辛温""},{""label"":""功效"",""text"":""辟臭""},{""label"":""功效"",""text"":""化痰""},{""label"":""烹饪方法"",""text"":""蒸露""},{""label"":""烹饪方法"",""text"":""浸酒""},{""label"":""烹饪方法"",""text"":""盐渍""},{""label"":""烹饪方法"",""text"":""糟收""},{""label"":""烹饪方法"",""text"":""造点""},{""label"":""烹饪方法"",""text"":""作馅""},{""label"":""食材"",""text"":""松花""},{""label"":""食材"",""text"":""白沙糖""},{""label"":""烹饪方法"",""text"":""作糕饵""},{""label"":""功效"",""text"":""养血息风""},{""label"":""禁忌"",""text"":""多食亦能助热""},{""label"":""病症"",""text"":""泻痢""},{""label"":""食材"",""text"":""椿芽""},{""label"":""功效"",""text"":""祛风""},{""label"":""功效"",""text"":""解毒""},{""label"":""烹饪方法"",""text"":""瀹熟腌焙为脯""},{""label"":""禁忌"",""text"":""多食壅气动风""},{""label"":""食材"",""text"":""玫瑰花""},{""label"":""功效"",""text"":""调中""},{""label"":""功效"",""text"":""活血""},{""label"":""功效"",""text"":""舒郁结""},{""label"":""功效"",""text"":""辟秽""},{""label"":""功效"",""text"":""和肝""},{""label"":""烹饪方法"",""text"":""蒸露""},{""label"":""烹饪方法"",""text"":""熏茶""},{""label"":""烹饪方法"",""text"":""糖""},{""label"":""烹饪方法"",""text"":""作馅""},{""label"":""烹饪方法"",""text"":""烘粉悦颜""},{""label"":""烹饪方法"",""text"":""酿酒""},{""label"":""食材"",""text"":""茉莉花""},{""label"":""功效"",""text"":""和中下气""},{""label"":""功效"",""text"":""辟秽浊""},{""label"":""病症"",""text"":""下痢腹痛""},{""label"":""烹饪方法"",""text"":""蒸露""},{""label"":""食材"",""text"":""珍珠兰""},{""label"":""食材"",""text"":""甜菊花""},{""label"":""功效"",""text"":""消疔肿""},{""label"":""烹饪方法"",""text"":""点茶""},{""label"":""烹饪方法"",""text"":""蒸露""},{""label"":""烹饪方法"",""text"":""酿酒""},{""label"":""禁忌"",""text"":""苦者勿用""},{""label"":""食材"",""text"":""野蔷薇""},{""label"":""病症"",""text"":""头风""},{""label"":""食材"",""text"":""甘菊花""},{""label"":""病症"",""text"":""疔肿垂死""}]"
792,19,18,7,8,"[{""label"":""医家"",""text"":""王士雄""},{""label"":""古籍来源"",""text"":""《随息居饮食谱》""},{""label"":""古籍来源"",""text"":""《重庆堂随笔》""},{""label"":""古籍来源"",""text"":""《医砭》""},{""label"":""古籍来源"",""text"":""《愿体医话》""},{""label"":""古籍来源"",""text"":""《女科辑要》""},{""label"":""古籍来源"",""text"":""《音医述评》""},{""label"":""古籍来源"",""text"":""《柳州医话》""}]"
793,103,104,97,97,"[{""label"":""病症"",""text"":""水胀""},{""label"":""病症"",""text"":""久猁""},{""label"":""食材"",""text"":""獾肉""},{""label"":""功效"",""text"":""杀蛸虫""},{""label"":""病症"",""text"":""蓣搜""},{""label"":""病症"",""text"":""疳臌""},{""label"":""食材"",""text"":""狼肉""},{""label"":""食性"",""text"":""咸温""},{""label"":""功效"",""text"":""补丘肫""},{""label"":""功效"",""text"":""御风寒""},{""label"":""功效"",""text"":""暖胃摩肠""},{""label"":""功效"",""text"":""壮阳填髓""},{""label"":""食材"",""text"":""其脂""},{""label"":""功效"",""text"":""润燥""},{""label"":""病症"",""text"":""诸恶疮""},{""label"":""禁忌"",""text"":""食狼去肠""},{""label"":""病症"",""text"":""腹有冷积""},{""label"":""禁忌"",""text"":""阴箧内热人忌食""},{""label"":""古籍来源"",""text"":""食疗""},{""label"":""禁忌"",""text"":""食貅令人瘦""},{""label"":""食材"",""text"":""兔肉""},{""label"":""食性"",""text"":""甘冷""},{""label"":""功效"",""text"":""凉血""},{""label"":""功效"",""text"":""祛遢""},{""label"":""功效"",""text"":""疗疮""},{""label"":""功效"",""text"":""解热毒""},{""label"":""功效"",""text"":""利长肠""},{""label"":""禁忌"",""text"":""多食元附""},{""label"":""病症"",""text"":""令人痿黄""},{""label"":""禁忌"",""text"":""冬坌后癸耿分""},{""label"":""禁忌"",""text"":""食之伤人忡气""},{""label"":""禁忌"",""text"":""孕妇及阳虚者尤忌""},{""label"":""禁忌"",""text"":""兔死而眼合者""},{""label"":""禁忌"",""text"":""误食杀人""},{""label"":""食材"",""text"":""水獭肉""},{""label"":""食性"",""text"":""甘咸凉""},{""label"":""功效"",""text"":""理肾蒸""},{""label"":""功效"",""text"":""下水通经""},{""label"":""功效"",""text"":""祛毒风""},{""label"":""功效"",""text"":""利大小便""},{""label"":""禁忌"",""text"":""多食消男子阴气""},{""label"":""食材"",""text"":""其肝""},{""label"":""食性"",""text"":""性热""},{""label"":""功效"",""text"":""辟蛊""},{""label"":""功效"",""text"":""杀虫""},{""label"":""功效"",""text"":""朴产虚""},{""label"":""功效"",""text"":""已劳嗽""},{""label"":""功效"",""text"":""治传尸鬼疰""},{""label"":""病症"",""text"":""鱼骨鲠喉""},{""label"":""病症"",""text"":""疟久不瘳""},{""label"":""病症"",""text"":""心腹积聚""},{""label"":""病症"",""text"":""肠痔下血""},{""label"":""病症"",""text"":""寒疝攻疼""},{""label"":""食材"",""text"":""其爪""},{""label"":""功效"",""text"":""搔喉""},{""label"":""功效"",""text"":""洽骨鲠""},{""label"":""食材"",""text"":""猬肉""},{""label"":""食性"",""text"":""甘平""},{""label"":""功效"",""text"":""下气""},{""label"":""功效"",""text"":""杀虫""},{""label"":""功效"",""text"":""治反胃""},{""label"":""功效"",""text"":""痔漏""},{""label"":""禁忌"",""text"":""误食令人瘦劣""},{""label"":""食材"",""text"":""其皮""},{""label"":""烹饪方法"",""text"":""煅研服""},{""label"":""功效"",""text"":""治遗精甚效""},{""label"":""食材"",""text"":""鸡""},{""label"":""食性"",""text"":""甘温""},{""label"":""功效"",""text"":""补虚""},{""label"":""功效"",""text"":""暖胄""},{""label"":""功效"",""text"":""强筋骨""},{""label"":""功效"",""text"":""续绝伤""},{""label"":""功效"",""text"":""活血调经""},{""label"":""功效"",""text"":""止崩带""},{""label"":""功效"",""text"":""节小便频数""},{""label"":""功效"",""text"":""主娩后箧羸""},{""label"":""食材"",""text"":""肥大雌鸡""},{""label"":""食材"",""text"":""老雌鸡""},{""label"":""烹饪方法"",""text"":""熬汁""},{""label"":""食材"",""text"":""乌骨鸦""},{""label"":""功效"",""text"":""滋补功优""},{""label"":""禁忌"",""text"":""多食生热""},{""label"":""禁忌"",""text"":""动风""},{""label"":""病症"",""text"":""时感前后""},{""label"":""病症"",""text"":""痘疹后""},{""label"":""病症"",""text"":""疮疡后""},{""label"":""病症"",""text"":""狯痢疳疸""},{""label"":""病症"",""text"":""肝气月疾""},{""label"":""病症"",""text"":""喉证""},{""label"":""病症"",""text"":""脚气""},{""label"":""病症"",""text"":""诸风病""},{""label"":""禁忌"",""text"":""皆忌之""},{""label"":""禁忌"",""text"":""末骟者""},{""label"":""禁忌"",""text"":""愈老愈毒""},{""label"":""禁忌"",""text"":""诸病均不可食""},{""label"":""食材"",""text"":""丹雄鸡""},{""label"":""功效"",""text"":""辟邪""}]"
794,96,71,96,96,"[{""label"":""食材"",""text"":""牛肉""},{""label"":""食材"",""text"":""马肉""},{""label"":""食味"",""text"":""辛""},{""label"":""食味"",""text"":""苦""},{""label"":""食性"",""text"":""冷""},{""label"":""食材"",""text"":""杏仁""},{""label"":""食材"",""text"":""芦根汁""},{""label"":""食材"",""text"":""肝""},{""label"":""食材"",""text"":""驯肉""},{""label"":""食味"",""text"":""酸""},{""label"":""食性"",""text"":""平""},{""label"":""食材"",""text"":""芥""},{""label"":""食材"",""text"":""骡肉""},{""label"":""食味"",""text"":""辛""},{""label"":""食味"",""text"":""苦""},{""label"":""食性"",""text"":""温""},{""label"":""病症"",""text"":""难产""},{""label"":""食材"",""text"":""野猪肉""},{""label"":""食味"",""text"":""甘""},{""label"":""食性"",""text"":""平""},{""label"":""功效"",""text"":""补五脏""},{""label"":""功效"",""text"":""润肌肤""},{""label"":""病症"",""text"":""颠痫""},{""label"":""病症"",""text"":""肠风""},{""label"":""病症"",""text"":""痔血""},{""label"":""禁忌"",""text"":""禁忌与猎肉同""},{""label"":""食材"",""text"":""蹄爪""},{""label"":""病症"",""text"":""痈疽不敛""},{""label"":""病症"",""text"":""多年潺疮""},{""label"":""烹饪方法"",""text"":""煨""},{""label"":""食材"",""text"":""脂""},{""label"":""烹饪方法"",""text"":""炼""},{""label"":""烹饪方法"",""text"":""收藏""},{""label"":""功效"",""text"":""和酒服""},{""label"":""功效"",""text"":""令妇人多乳""},{""label"":""病症"",""text"":""素无乳""},{""label"":""功效"",""text"":""狳肿毒""},{""label"":""病症"",""text"":""疥癣""},{""label"":""食材"",""text"":""熹猜肉""},{""label"":""食材"",""text"":""箭猪""},{""label"":""食味"",""text"":""甘""},{""label"":""食性"",""text"":""寒""},{""label"":""功效"",""text"":""多膏潸肠""},{""label"":""功效"",""text"":""发风虚""},{""label"":""禁忌"",""text"":""阿可多食""},{""label"":""食材"",""text"":""虎肉""},{""label"":""食味"",""text"":""酸""},{""label"":""食味"",""text"":""咸""},{""label"":""食性"",""text"":""邋""},{""label"":""烹饪方法"",""text"":""腌""},{""label"":""功效"",""text"":""补脾胃""},{""label"":""功效"",""text"":""益气力""},{""label"":""功效"",""text"":""止多唾菁呕区""},{""label"":""功效"",""text"":""辟精魅鬼疟""},{""label"":""食材"",""text"":""脂""},{""label"":""病症"",""text"":""反胄""},{""label"":""病症"",""text"":""白秃""},{""label"":""病症"",""text"":""拣疮""},{""label"":""病症"",""text"":""痔疮""},{""label"":""病症"",""text"":""狗皎疮""},{""label"":""食材"",""text"":""豹肉""},{""label"":""食味"",""text"":""酸""},{""label"":""食性"",""text"":""温""},{""label"":""功效"",""text"":""安五脏""},{""label"":""功效"",""text"":""补绝份""},{""label"":""功效"",""text"":""御风寒""},{""label"":""功效"",""text"":""辟鬼魅""},{""label"":""功效"",""text"":""壮觞骨""},{""label"":""功效"",""text"":""强健人""},{""label"":""食材"",""text"":""熊肉""},{""label"":""食味"",""text"":""甘""},{""label"":""食性"",""text"":""湿""},{""label"":""功效"",""text"":""补盥损""},{""label"":""功效"",""text"":""杀劳虫""},{""label"":""功效"",""text"":""治风痹""},{""label"":""病症"",""text"":""筋骨不仁""},{""label"":""禁忌"",""text"":""有锢疾者忌食""},{""label"":""食材"",""text"":""蹯""},{""label"":""食材"",""text"":""熊掌""},{""label"":""功效"",""text"":""益气力""},{""label"":""功效"",""text"":""御风褰""},{""label"":""烹饪方法"",""text"":""煮""},{""label"":""食材"",""text"":""背上脂""},{""label"":""食材"",""text"":""熊臼""},{""label"":""食材"",""text"":""胆""},{""label"":""病症"",""text"":""疔疽""},{""label"":""病症"",""text"":""去翳""},{""label"":""病症"",""text"":""息惊""},{""label"":""食材"",""text"":""象肉""},{""label"":""食味"",""text"":""甘""},{""label"":""食性"",""text"":""平""},{""label"":""功效"",""text"":""不益人""},{""label"":""禁忌"",""text"":""多食则体重""},{""label"":""烹饪方法"",""text"":""潦汁饮""},{""label"":""功效"",""text"":""通小便""},{""label"":""烹饪方法"",""text"":""煅灰""}]"
796,85,63,74,74,"[{""label"":""食材"",""text"":""槟榔""},{""label"":""食性"",""text"":""温""},{""label"":""食味"",""text"":""涩""},{""label"":""功效"",""text"":""消痰""},{""label"":""功效"",""text"":""辟獐""},{""label"":""功效"",""text"":""杀虫""},{""label"":""功效"",""text"":""析醒化食""},{""label"":""功效"",""text"":""除胀泻满""},{""label"":""功效"",""text"":""宣滞破坚""},{""label"":""功效"",""text"":""通肠遂水""},{""label"":""功效"",""text"":""制肥甘之毒""},{""label"":""功效"",""text"":""坚齿""},{""label"":""功效"",""text"":""解口气""},{""label"":""食材"",""text"":""无花果""},{""label"":""食性"",""text"":""寒""},{""label"":""食味"",""text"":""甘""},{""label"":""功效"",""text"":""润肠""},{""label"":""功效"",""text"":""上利咽喉""},{""label"":""食材"",""text"":""蒲桃""},{""label"":""食性"",""text"":""平""},{""label"":""食味"",""text"":""甘""},{""label"":""功效"",""text"":""补气""},{""label"":""功效"",""text"":""滋肾液""},{""label"":""功效"",""text"":""益肝阴""},{""label"":""功效"",""text"":""养胃耐饥""},{""label"":""功效"",""text"":""御风褰""},{""label"":""功效"",""text"":""通淋逶水""},{""label"":""病症"",""text"":""胎匕冲心""},{""label"":""食疗方"",""text"":""蒲桃煎汤""},{""label"":""食材"",""text"":""藤叶""},{""label"":""病症"",""text"":""呕哕""},{""label"":""病症"",""text"":""罨乱""},{""label"":""病症"",""text"":""溺闭""},{""label"":""病症"",""text"":""小肠气痈""},{""label"":""烹饪方法"",""text"":""煎""},{""label"":""烹饪方法"",""text"":""淋冼""},{""label"":""病症"",""text"":""腰脚腿痛""},{""label"":""食材"",""text"":""落花生""},{""label"":""食材"",""text"":""长生果""},{""label"":""烹饪方法"",""text"":""煮""},{""label"":""食性"",""text"":""平""},{""label"":""食味"",""text"":""甘""},{""label"":""功效"",""text"":""润肺""},{""label"":""功效"",""text"":""解毒""},{""label"":""功效"",""text"":""化痰""},{""label"":""烹饪方法"",""text"":""炒""},{""label"":""食性"",""text"":""温""},{""label"":""食味"",""text"":""甘""},{""label"":""功效"",""text"":""养胃调气""},{""label"":""功效"",""text"":""耐饥""},{""label"":""食材"",""text"":""西瓜""},{""label"":""食性"",""text"":""寒""},{""label"":""食味"",""text"":""甘""},{""label"":""功效"",""text"":""清肺胃""},{""label"":""功效"",""text"":""解暑热""},{""label"":""功效"",""text"":""除烦止渴""},{""label"":""功效"",""text"":""醒酒凉菅""},{""label"":""功效"",""text"":""疗喉痹""},{""label"":""病症"",""text"":""口疮""},{""label"":""功效"",""text"":""治火毒""},{""label"":""病症"",""text"":""时证""},{""label"":""病症"",""text"":""霍乱泻痢""},{""label"":""禁忌"",""text"":""多食积寒助湿""},{""label"":""病症"",""text"":""秋病""},{""label"":""病症"",""text"":""食瓜腹胀""},{""label"":""食材"",""text"":""冬腌干莱""},{""label"":""烹饪方法"",""text"":""瀹汤""},{""label"":""食材"",""text"":""瓜肉""},{""label"":""烹饪方法"",""text"":""曝乾腌""},{""label"":""烹饪方法"",""text"":""酱渍""},{""label"":""功效"",""text"":""已目赤""},{""label"":""病症"",""text"":""口疮""},{""label"":""食材"",""text"":""西瓜翠衣""},{""label"":""功效"",""text"":""涤暑""}]"
798,80,69,77,78,"[{""label"":""食材"",""text"":""籁猪肉""},{""label"":""食味"",""text"":""甘""},{""label"":""食味"",""text"":""咸""},{""label"":""功效"",""text"":""补肾液""},{""label"":""功效"",""text"":""充胃汁""},{""label"":""功效"",""text"":""滋肝阴""},{""label"":""功效"",""text"":""润肌肤""},{""label"":""功效"",""text"":""利二便""},{""label"":""功效"",""text"":""止消渴""},{""label"":""功效"",""text"":""起挺羸""},{""label"":""食材"",""text"":""花猪""},{""label"":""烹饪方法"",""text"":""蒸""},{""label"":""食材"",""text"":""糠霜""},{""label"":""功效"",""text"":""补益""},{""label"":""食材"",""text"":""豚""},{""label"":""食材"",""text"":""蹄肘""},{""label"":""烹饪方法"",""text"":""煨化""},{""label"":""禁忌"",""text"":""多食助湿热""},{""label"":""禁忌"",""text"":""酿痰饮""},{""label"":""禁忌"",""text"":""招外感""},{""label"":""禁忌"",""text"":""昏神智""},{""label"":""禁忌"",""text"":""令人鄙俗""},{""label"":""养生原则"",""text"":""勿使胜食气""},{""label"":""食材"",""text"":""肉""},{""label"":""病症"",""text"":""外感""},{""label"":""病症"",""text"":""哮嗽""},{""label"":""病症"",""text"":""疟痢""},{""label"":""病症"",""text"":""痧疝""},{""label"":""病症"",""text"":""胀满""},{""label"":""病症"",""text"":""脚气""},{""label"":""病症"",""text"":""时毒""},{""label"":""病症"",""text"":""喉痹""},{""label"":""病症"",""text"":""疔痈""},{""label"":""禁忌"",""text"":""切总之""},{""label"":""禁忌"",""text"":""其头肉尤总""},{""label"":""病症"",""text"":""痧痘""},{""label"":""病症"",""text"":""时病""},{""label"":""禁忌"",""text"":""须过弥月始可食""},{""label"":""食材"",""text"":""新鲜之肉""},{""label"":""古籍来源"",""text"":""《论语》""},{""label"":""食材"",""text"":""鲜""},{""label"":""食材"",""text"":""腥""},{""label"":""食材"",""text"":""猥猪肉""},{""label"":""食材"",""text"":""娄猪肉""},{""label"":""食材"",""text"":""黄曛猪肉""},{""label"":""食材"",""text"":""瘟猪肉""},{""label"":""禁忌"",""text"":""有毒""},{""label"":""禁忌"",""text"":""虽平人亦忌之""},{""label"":""食材"",""text"":""芭蕉根""},{""label"":""病症"",""text"":""小儿火丹""},{""label"":""病症"",""text"":""打饬青肿""},{""label"":""病症"",""text"":""破伤风""},{""label"":""食材"",""text"":""新宰猪肉""},{""label"":""烹饪方法"",""text"":""片贴""},{""label"":""病症"",""text"":""液干难产""},{""label"":""病症"",""text"":""津枯血夺""},{""label"":""病症"",""text"":""火灼燥渴""},{""label"":""病症"",""text"":""乾嗽""},{""label"":""病症"",""text"":""便秘""},{""label"":""食材"",""text"":""猜肉""},{""label"":""烹饪方法"",""text"":""煮汤""},{""label"":""食材"",""text"":""猪皮""},{""label"":""食材"",""text"":""干肉皮""},{""label"":""烹饪方法"",""text"":""煮熟""},{""label"":""烹饪方法"",""text"":""刮去油""},{""label"":""烹饪方法"",""text"":""刨为簿片""},{""label"":""烹饪方法"",""text"":""暴燥""},{""label"":""食材"",""text"":""肉酢""},{""label"":""烹饪方法"",""text"":""浸""},{""label"":""食材"",""text"":""麻油""},{""label"":""食材"",""text"":""盐料""},{""label"":""烹饪方法"",""text"":""拌食""},{""label"":""食材"",""text"":""猪肤""},{""label"":""食味"",""text"":""甘""},{""label"":""功效"",""text"":""清虑热""},{""label"":""功效"",""text"":""治下痢""},{""label"":""病症"",""text"":""心烦""},{""label"":""病症"",""text"":""咽痛""}]"
799,19,0,0,0,[]
