record_id,detail_index,label,entity_text
2,1,食材,薄荷
2,2,食材,白糖
2,3,食材,荚豆粉
2,4,食材,白檀末
2,5,食材,面
2,6,食材,香油
2,7,食材,玫瑰糖
2,8,食材,胡桃白仁
2,9,食材,杏仁
2,10,食材,小茴香末
2,11,食材,松子仁
2,12,食材,干葛
2,13,食材,桔梗
2,14,食材,玫瑰花
2,15,食材,榛子仁
2,16,食材,瓜子仁
2,17,烹饪方法,煮
2,18,烹饪方法,烙
2,19,烹饪方法,煎
2,20,烹饪方法,炒
2,21,烹饪方法,熬
2,22,食疗方,内府玫瑰火饼
2,23,古籍来源,玉躇痛
3,1,食材,白糖霜
3,2,烹饪方法,煮
3,3,烹饪方法,煎
3,4,烹饪方法,熬
3,5,烹饪方法,澄漂
3,6,禁忌,饮之损人
3,7,禁忌,着衣服上即霉烂
3,8,养生原则,多备大缸贮下
3,9,养生原则,急旋成窝耶住手
3,10,养生原则,勿触动
3,11,养生原则,舀至七分耶止
3,12,养生原则,其周围白滓及底下泥连水淘冼
3,13,养生原则,然后将别缸水如前法舀过
3,14,养生原则,逐缸搬运毕
3,15,养生原则,三日后舀过缸
3,16,养生原则,剩去泥滓
3,17,养生原则,如此三遍
3,18,养生原则,人水煮滚透
3,19,养生原则,舀取入坛
3,20,养生原则,然后人水
3,21,养生原则,盖好
3,22,养生原则,亦须以绵绸滤去水中细
3,23,养生原则,秋冬水清
3,24,养生原则,山泉亦以源远流长者为佳
3,25,养生原则,若深潭停蓄之水
3,26,养生原则,无有来源
3,27,养生原则,且不流出
3,28,养生原则,但从凹山聚入者亦防有毒
3,29,养生原则,故必久宿乃妙
4,1,食材,麻菇
4,2,食材,鲜笋
4,3,食材,海蜇
4,4,食材,蹄爪
4,5,食材,石花莱
4,6,食材,大蹄
4,7,食材,核桃
4,8,食材,松仁
4,9,食材,肉
4,10,烹饪方法,煮
4,11,烹饪方法,切
4,12,烹饪方法,煨
4,13,烹饪方法,糟
4,14,烹饪方法,挂
4,15,烹饪方法,填
4,16,烹饪方法,扎
4,17,烹饪方法,捞
4,18,烹饪方法,切片
4,19,烹饪方法,蘸
5,1,食材,豆腐
5,2,食材,水酱
5,3,食材,赤酱
5,4,食材,香蕈
5,5,食材,丁香
5,6,食材,白芷
5,7,食材,大茴香
5,8,食材,桧皮
5,9,食材,虾米
5,10,烹饪方法,煎
5,11,烹饪方法,煮
5,12,烹饪方法,油煎
5,13,烹饪方法,炸
5,14,烹饪方法,烧
5,15,烹饪方法,浸
5,16,烹饪方法,布沥汁
5,17,烹饪方法,去渣
5,18,烹饪方法,滚油内沸
5,19,烹饪方法,调味得所
5,20,烹饪方法,浸开饭锅顿过
5,21,食疗方,豆腐脯
5,22,食疗方,豆腐汤
5,23,食疗方,煎豆腐
6,1,食材,太湖沙
6,2,食材,海沙
6,3,食材,豆
6,4,食材,香油
6,5,食材,盐
6,6,食材,砂仁
6,7,食材,糖卤
6,8,食材,豆腐
6,9,食材,千豆
6,10,食材,黑豆
6,11,食材,黄豆
6,12,食材,白豆
6,13,食材,泥豆
6,14,食材,豌豆
6,15,食材,绿豆
6,16,食材,山矾叶
6,17,食材,醋浆
6,18,食材,醋淀
6,19,食材,石膏
6,20,烹饪方法,炒
6,21,烹饪方法,熬
6,22,烹饪方法,磨
6,23,烹饪方法,沥
6,24,烹饪方法,绞
6,25,烹饪方法,煮
6,26,功效,去火
6,27,古籍来源,本草纲目
6,28,医家,刘安
6,29,医家,苏东坡
7,1,食材,梅
7,2,食材,盐
7,3,食材,紫苏
7,4,食材,白糖
7,5,食材,青梅
7,6,食材,大黑豆
7,7,食材,大黄豆
7,8,食材,大青豆
7,9,食材,面
7,10,食材,苦瓜皮
7,11,食材,杏仁
7,12,烹饪方法,晒
7,13,烹饪方法,煮
7,14,烹饪方法,腌
7,15,烹饪方法,拌
7,16,烹饪方法,顿
7,17,功效,消暑
7,18,食味,咸
7,19,食味,甜
8,1,食材,枸杞
8,2,食材,白糖
8,3,食材,松仁
8,4,食材,黄甘菊
8,5,食材,梅卤
8,6,食材,山查
8,7,食材,红花膏
8,8,食材,蜂蜜
8,9,食材,梨
8,10,食味,苦
8,11,功效,清热
8,12,烹饪方法,拌捣
8,13,烹饪方法,捣
8,14,烹饪方法,蒸
8,15,烹饪方法,熬
8,16,食疗方,杞饼
8,17,食疗方,菊饼
8,18,食疗方,山查膏
9,1,食材,生面
9,2,食材,蒸面
9,3,食材,脂油
9,4,食材,豆粉
9,5,食材,蜜
9,6,食材,油
9,7,食材,天花粉
9,8,食材,干葛
9,9,食材,桔梗
9,10,食材,薄荷
9,11,食材,瓜蒌
9,12,食材,葛根
9,13,食味,甜
9,14,功效,清热
9,15,功效,解渴
9,16,功效,解莓
9,17,功效,消肿
9,18,功效,发汗
9,19,功效,解热
9,20,功效,止泻
9,21,功效,祛痰
9,22,功效,排脓
9,23,病症,发热
9,24,病症,口渴
9,25,病症,疮
9,26,病症,疡
9,27,病症,痈
9,28,病症,肿
9,29,病症,头痛
9,30,病症,热痢
9,31,病症,泄泻
9,32,病症,麻疹发高热
9,33,病症,疹子透发不畅
9,34,病症,咳嗽痰多
9,35,病症,咳痰不爽
9,36,病症,咽喉肿痛
9,37,病症,痢疾腹痛
9,38,病症,里怠后重
9,39,病症,疮疡化脓肿痛
9,40,烹饪方法,包馅
9,41,烹饪方法,入炉
9,42,烹饪方法,研成细粉
10,1,食材,猪肚
10,2,食材,小肠
10,3,食材,莲肉
10,4,食材,百合
10,5,食材,薏米
10,6,食材,猪腿精肉
10,7,食材,羊肉
10,8,食材,核桃
10,9,烹饪方法,煮
10,10,烹饪方法,焯
10,11,烹饪方法,拌
10,12,烹饪方法,槌
10,13,烹饪方法,切
10,14,烹饪方法,装
10,15,烹饪方法,缝
10,16,烹饪方法,磨粉
11,1,食材,鸡
11,2,食材,茴香
11,3,食材,花椒
11,4,食材,面饼
11,5,食材,香糟
11,6,食材,豆粉
11,7,食材,酱油
11,8,食材,鹅
11,9,食材,鸭
11,10,食材,鱼
11,11,食材,豆
11,12,食材,桂皮
11,13,食材,黄酒
11,14,食材,葱
11,15,食材,肉
11,16,食材,牛
11,17,烹饪方法,煮
11,18,烹饪方法,蒸
11,19,烹饪方法,炒
11,20,烹饪方法,烹
11,21,烹饪方法,擂
11,22,食疗方,鸡醢
12,1,食材,水
12,2,食材,米
12,3,食材,谷
12,4,食材,鱼肉
12,5,烹饪方法,炙
12,6,烹饪方法,爆
12,7,养生原则,调节颐养
12,8,养生原则,以和于身
12,9,脏腑,五脏
12,10,禁忌,食不须多味
13,1,食材,蟹
13,2,食材,酱蟹
13,3,食材,糟蟹
13,4,食材,醉蟹
13,5,食材,麻丝
13,6,食材,酱
13,7,食材,酒
13,8,烹饪方法,制
13,9,烹饪方法,腌
13,10,禁忌,忌火照
15,1,食材,蟹
15,2,食材,椒粒
15,3,食材,姜
15,4,食材,桔皮
15,5,食材,盐
15,6,食材,橙
15,7,食材,醋
15,8,食材,紫苏
15,9,食材,冬瓜汁
15,10,食材,柿子
15,11,食材,苦酒
15,12,食材,水莨
15,13,烹饪方法,煮
15,14,烹饪方法,捣
15,15,功效,消食
15,16,功效,治胃气
15,17,功效,理经络
15,18,功效,通利支节
15,19,病症,霍乱
15,20,病症,腹泻
15,21,禁忌,蟹目相向者不可食
15,22,禁忌,用酒者断不宜用酱
15,23,医家,孟诜
15,24,医家,陶隐居
15,25,古籍来源,《食疗本草》
16,1,古籍来源,《尔雅》
16,2,古籍来源,《说文》
16,3,古籍来源,《齐民要术》
16,4,医家,许慎
16,5,医家,年希尧
16,6,食材,野蔌山肴
16,7,烹饪方法,和
17,1,古籍来源,《周礼》
17,2,养生原则,饮以养阴
17,3,养生原则,食以养阴
17,4,食材,汗水
17,5,食材,浊水
17,6,食材,冰雪水
17,7,食材,雪水
17,8,禁忌,"俱能伤人,不可饮"
17,9,食材,山泉
17,10,食材,江湖水
17,11,养生原则,水要无土性
17,12,养生原则,得太阴亦多
17,13,养生原则,故为养生第一
17,14,食材,扬子江心
17,15,食材,暴取水
17,16,禁忌,赤不佳
17,17,烹饪方法,藏水法
18,1,食材,鲞
18,2,食材,宁波淡白鲞
18,3,食材,黄鱼
18,4,食材,虾粉
18,5,食材,鲜鲫
18,6,食材,甜酱
18,7,食材,茴
18,8,食材,椒末
18,9,食材,柘枝
18,10,食材,紫蔗皮
18,11,食材,荔壳
18,12,食材,松壳
18,13,食材,鲜鱼
18,14,食材,好肉汤
18,15,食材,糟
18,16,食材,酒
18,17,食味,咸
18,18,烹饪方法,切块
18,19,烹饪方法,蒸熟
18,20,烹饪方法,剃肉
18,21,烹饪方法,细剿
18,22,烹饪方法,珉骨
18,23,烹饪方法,酥炙
18,24,烹饪方法,焙燥
18,25,烹饪方法,研粉
18,26,烹饪方法,酱过
18,27,烹饪方法,挣油烹
18,28,烹饪方法,微晾
18,29,烹饪方法,揩匀
18,30,烹饪方法,薰之
18,31,烹饪方法,煮熟
18,32,烹饪方法,擦薰
18,33,烹饪方法,腌过
18,34,烹饪方法,日晒
18,35,禁忌,黄枯鲞不堪用
19,1,病症,伤脾
19,2,病症,伤血
20,1,食材,猪
20,2,食材,鱼
20,3,食材,鸡
20,4,食材,蟹
20,5,食材,山药
20,6,食材,百合
20,7,食材,羊眼豆
20,8,食性,寒
20,9,病症,腹痛
20,10,烹饪方法,煮
20,11,烹饪方法,蒸
20,12,禁忌,不可多食
20,13,古籍来源,《混俗颐生论》
21,1,医家,朱彝尊
21,2,古籍来源,《食宪鸿秘》
21,3,古籍来源,《曝书亭集》
21,4,食材,金华火腿
21,5,食材,笋
21,6,食材,乳制品
21,7,食材,面筋
21,8,食材,笄豆
21,9,食材,鱼
21,10,食材,鲫鱼
21,11,食材,鸭
21,12,食材,鸡
21,13,食材,熊掌
21,14,食材,松子
21,15,食材,海嘤嘶
21,16,食材,黄雀
21,17,食材,鹅蛋
21,18,食材,蟹
21,19,烹饪方法,煮
21,20,烹饪方法,糟
21,21,烹饪方法,辣拌
21,22,烹饪方法,制
21,23,食疗方,煮火飓
21,24,食疗方,东坡腿
21,25,食疗方,熟火腿
21,26,食疗方,鱼饼
21,27,食疗方,蔡肉丸
22,1,古籍来源,周礼
22,2,古籍来源,礼记
22,3,食材,六谷
22,4,食材,六牲
22,5,食材,黍
22,6,食材,稷
22,7,食材,粱
22,8,食材,麦
22,9,食材,稻
22,10,食材,菰米
22,11,食材,菽
22,12,食材,马
22,13,食材,牛
22,14,食材,羊
22,15,食材,豕
22,16,食材,犬
22,17,食材,鸡
22,18,食材,百羞
22,19,食材,百酱
22,20,食材,雁翠
22,21,食材,鸡肝
22,22,医家,郑玄
22,23,医家,郑众
22,24,养生原则,饮食和季书结合起来
22,25,禁忌,雏尾不盈握。弗食
23,1,食材,含桃
23,2,食材,黍
23,3,食材,韭
23,4,食材,鲭
23,5,食材,人乳
23,6,古籍来源,礼记
23,7,古籍来源,论语
23,8,古籍来源,南齐书
23,9,古籍来源,晋书
23,10,医家,朱彝尊
24,1,病症,中暑
24,2,病症,昏迷
24,3,病症,虚脱
24,4,病症,昏厥
24,5,病症,狂躁
24,6,病症,急性扭伤
24,7,病症,体温高
24,8,病症,四肢疲乏
24,9,病症,胸闷
24,10,病症,恶心
24,11,功效,开窍醒神
24,12,功效,镇静宁神
26,1,病症,恶寒
26,2,病症,无汗
26,3,病症,紧脉
26,4,病症,筋脉拘急
26,5,病症,关节屈伸不利
26,6,病症,伤寒
26,7,病症,发热
26,8,病症,头项强痛
26,9,病症,身痛
26,10,病症,脉浮紧
26,11,病症,寒痹
26,12,病症,关节疼痛
26,13,病症,四肢拘急
26,14,病症,屈伸不利
26,15,病症,中寒
26,16,病症,腹痛腹泻
26,17,病症,肠鸣
26,18,病症,呕吐清水
26,19,病症,内寒
26,20,病症,畏寒肢冷
26,21,病症,气短
26,22,病症,唇青
26,23,病症,纳差
26,24,病症,小便频数
26,25,病症,腹胀便溏
26,26,病症,阳痿
26,27,病症,带下清稀
26,28,病症,脘腹冷痛
26,29,病症,呕吐
26,30,病症,脉微细
26,31,养生原则,阴盛则寒
26,32,养生原则,阴盛则阳病
26,33,脏腑,脾
26,34,脏腑,心
26,35,脏腑,肾
26,36,脏腑,胃
26,37,食性,寒
26,38,食性,热
26,39,食性,温
26,40,食性,辛
27,1,病症,喜则气缓
27,2,病症,神不守舍
27,3,病症,精神无法集中
27,4,病症,心神恍惚
27,5,病症,怒则气上
27,6,病症,眩晕头痛
27,7,病症,面赤
27,8,病症,耳鸣
27,9,病症,昏厥
27,10,病症,悲则气消
27,11,病症,形体憔悴
27,12,病症,毛发枯萎
27,13,病症,精神不振
27,14,病症,生气索然
27,15,病症,恐则气下
27,16,病症,气泄于下
27,17,病症,精滑遗泄
27,18,病症,惊则气乱
27,19,病症,惊厥
27,20,病症,失精
27,21,病症,思则气结
27,22,病症,气机郁结
27,23,病症,心悸少寐
27,24,病症,不欲饮食
27,25,脏腑,心
27,26,脏腑,肝
27,27,脏腑,肺
27,28,脏腑,肾
27,29,脏腑,脾
27,30,古籍来源,《内经》
28,1,功效,醒脑开窍
28,2,功效,疏风清热
28,3,功效,镇痈通络
28,4,病症,头面五官疾患
28,5,病症,热疖
28,6,病症,无汗
28,7,病症,自汗
28,8,病症,盗汗
28,9,病症,经闭
28,10,病症,滞产
28,11,病症,昏迷
28,12,病症,癫痫
28,13,病症,痹症
28,14,功效,清热利湿
28,15,功效,祛风解表
28,16,功效,调和蒈卫
28,17,病症,上肢不遂
28,18,病症,高血压
28,19,病症,咽喉肿痛
28,20,功效,清热散风
28,21,功效,通鼻窍
29,1,病症,气盛
29,2,病症,阴气盛
29,3,病症,阳气盛
29,4,病症,阴阳俱盛
29,5,病症,上盛
29,6,病症,下盛
29,7,病症,甚饥
29,8,病症,甚饱
29,9,病症,肝气盛
29,10,病症,肺气盛
29,11,病症,心气盛
29,12,病症,脾气盛
29,13,病症,肾气盛
29,14,病症,短虫多
29,15,病症,长虫多
29,16,古籍来源,《内经》
29,17,古籍来源,《灵枢.淫邪发梦篇》
29,18,病症,梦涉大水
29,19,病症,梦大火燔灼
29,20,病症,梦相杀
29,21,病症,梦飞
29,22,病症,梦堕
29,23,病症,梦予
29,24,病症,眩晕
29,25,病症,耳鸣
29,26,病症,头痛
29,27,病症,梦见哭泣
29,28,病症,恐惧
29,29,病症,梦见喜笑畏怯
29,30,病症,梦见腰脊分离而又相连接
29,31,病症,梦见众人聚集
29,32,病症,梦见打架
29,33,病症,损伤
29,34,病症,梦怒
29,35,病症,飞扬
29,36,病症,梦歌乐
29,37,病症,身体重不举
29,38,病症,梦腰脊两解不属
29,39,脏腑,五脏
29,40,病症,心血不足
29,41,病症,心肾不交
29,42,病症,心虚胆怯
29,43,病症,心火旺盛
29,44,功效,益气安神
29,45,功效,养血安神
29,46,功效,交通心肾
29,47,功效,壮胆镇惊
29,48,功效,安神定志
29,49,功效,清心泻火
30,1,病症,急痛症
30,2,病症,心痛
30,3,病症,胆痛
30,4,病症,蛔厥
30,5,病症,胃疼
30,6,病症,腹痛
30,7,病症,肾痛
30,8,病症,出血
30,9,病症,咳血
30,10,病症,肝火犯肺
30,11,病症,阴虚火旺
30,12,病症,肺热
30,13,病症,胃热
30,14,病症,肝火
30,15,病症,胃中积热
30,16,病症,吐血
30,17,病症,肝火犯胃
30,18,病症,脾气虚弱
30,19,病症,便血
30,20,病症,大肠湿热
30,21,病症,尿血
30,22,病症,心火亢盛
30,23,归经,任脉
30,24,归经,膀胱经
30,25,归经,厥阴经
30,26,归经,足少阳
30,27,归经,手阳明
30,28,归经,阳明
30,29,归经,手足阳明经
30,30,归经,手足厥阴
30,31,归经,心包经
30,32,归经,肝经
30,33,归经,手太阴
30,34,归经,手太阴肺经
30,35,归经,足少阴肾经
30,36,归经,督脉
30,37,归经,手太阴经脉
30,38,归经,足厥阴
30,39,归经,少阴经
30,40,归经,足阳明
30,41,归经,厥阴经
30,42,归经,足太阴
30,43,归经,足太阳
30,44,归经,足阳明
30,45,归经,足太阴经
30,46,归经,足少阴
31,1,病症,感冒
31,2,病症,肺炎
31,3,病症,支气管炎
31,4,病症,肺结核
31,5,病症,心动过速
31,6,病症,心动过缓
31,7,病症,心绞痛
31,8,病症,肠炎
31,9,病症,痢疾
31,10,病症,胃炎
31,11,病症,消化不良
31,12,病症,溃疡病
31,13,病症,胃下垂
31,14,病症,胆绞痛
31,15,病症,胆囊炎
31,16,病症,肝炎
31,17,病症,遗精
31,18,病症,遗尿
31,19,病症,阳痿
31,20,病症,闭经
31,21,病症,痛经
31,22,病症,月经不调
31,23,病症,肾炎
31,24,病症,肾绞痛
31,25,病症,盆腔炎
31,26,病症,胎位不正
31,27,病症,难产
31,28,病症,癔病
31,29,病症,神经衰弱
31,30,病症,脱肛
31,31,病症,痔疮
31,32,病症,头痛
31,33,病症,眼痛
31,34,病症,颈背痛
31,35,病症,腰痛
31,36,病症,坐骨神经痛
31,37,病症,瘫痪
31,38,病症,风湿性关节炎
31,39,古籍来源,足太阳膀胱经图解
32,1,古籍来源,《黄帝内经》
32,2,古籍来源,《周易》
32,3,脏腑,大肠
32,4,脏腑,肺
32,5,脏腑,胃
32,6,病症,上呼吸道感染
32,7,病症,头面五官疾病
32,8,病症,过敏性皮肤病
33,1,病症,痛经
33,2,病症,寒凝血瘀
33,3,病症,经行腹痛
33,4,养生原则,注意经期卫生
33,5,养生原则,保持阴部清洁
33,6,养生原则,在经期应注意下身保暖
33,7,养生原则,避免受寒
33,8,养生原则,保持心情舒畅
33,9,养生原则,避免精神刺激
33,10,养生原则,注意休息
33,11,养生原则,保证睡眠
33,12,养生原则,减轻体力劳动
33,13,养生原则,避免剧烈运动
33,14,养生原则,经期要注意饮食调理
33,15,养生原则,经前和经期忌食生冷寒凉之物
33,16,功效,温经通络
33,17,烹饪方法,摩法
33,18,烹饪方法,按揉
33,19,烹饪方法,按摩
34,1,脏腑,心
34,2,脏腑,脑
34,3,脏腑,肺
35,1,病症,肾气虚
35,2,病症,肝气虚
35,3,病症,心气虚
35,4,病症,脾气虚
35,5,病症,气虚
35,6,病症,阴阳偏衰
35,7,病症,阴虚
35,8,病症,阳虚
35,9,病症,阴阳两虚
35,10,病症,少气之厥
35,11,病症,妄梦
35,12,医家,张景岳
35,13,古籍来源,《内经》
35,14,古籍来源,《类经.梦寐》
35,15,病症,阴虚阳亢
35,16,病症,虚热梦证
35,17,病症,阴寒偏盛
35,18,病症,梦证
35,19,病症,肺气虚
35,20,功效,补其偏衰
35,21,功效,补其不足
35,22,功效,补阴以制阳
35,23,功效,阴阳双补
36,1,养生原则,秋冬养阴
36,2,养生原则,无扰乎阳
36,3,养生原则,"虚者补之,寒者温之"
36,4,病症,寒邪
36,5,禁忌,少食生冷
36,6,脏腑,脾胃
36,7,养生原则,滋阴潜阳
36,8,食材,新鲜蔬莱
36,9,养生原则,养藏
36,10,古籍来源,《内经》
36,11,医家,孙思邈
37,1,养生原则,道家追求健康
37,2,养生原则,延年益寿
37,3,养生原则,服食
37,4,养生原则,修练内丹
37,5,养生原则,静功
37,6,养生原则,动功
37,7,养生原则,五禽戏
37,8,养生原则,太极拳
37,9,古籍来源,《内经图》
37,10,养生原则,道家静养功
37,11,养生原则,性功
37,12,养生原则,命功
37,13,养生原则,修持方法
38,1,脏腑,小肠
38,2,脏腑,肾
38,3,古籍来源,《内经》
38,4,古籍来源,《素问.水热穴论》
38,5,古籍来源,《素问 .金匮真言论》
38,6,脏腑,膀胱
38,7,脏腑,三焦
40,1,病症,中暑
40,2,病症,虚脱型
40,3,病症,高热型
40,4,病症,大量出汗
40,5,病症,脱水
40,6,病症,血压下降
40,7,病症,脑缺血
40,8,病症,晕厥
40,9,病症,昏迷
40,10,病症,休克
40,11,食材,淡盐水
40,12,烹饪方法,点刺
40,13,养生原则,预防胜于治疗
41,1,古籍来源,《黄帝内经》
41,2,古籍来源,《内经图》
41,3,脏腑,五脏六腑
42,1,古籍来源,五行与主要人体器官关系表
42,2,脏腑,肝
42,3,脏腑,胆
42,4,脏腑,心
42,5,脏腑,小肠
42,6,脏腑,脾
42,7,脏腑,胃
42,8,脏腑,肺
42,9,脏腑,大肠
42,10,脏腑,肾
42,11,脏腑,膀胱
42,12,养生原则,"肝的特性是怕郁结 ,要像树木般得到舒展"
42,13,养生原则,"心推动气血,温暖整个人"
42,14,养生原则,"脾主消化吸收。滋润身体,如大地孕育万物"
42,15,养生原则,"肺主声 ,肺气宜清,如金属般铿锵"
42,16,养生原则,"生命的本源来自水,而肾属先天的本源"
42,17,养生原则,相克: 互相制约和克服
42,18,养生原则,金坚硬妨碍树木生长一一金克木
42,19,养生原则,植树以防泥土松脱一一木克土
42,20,养生原则,泛滥时用沙包挡水一一土克水
42,21,养生原则,用水来灭火一一水克火
42,22,养生原则,用火可熔化金一一火克金
43,1,食材,茶叶
43,2,归经,肝经
43,3,功效,明目清肝
43,4,食材,无花果
43,5,归经,肺。胃。大肠经
43,6,食材,马齿苋
43,7,归经,心及大肠经
43,8,食材,杞子
43,9,归经,肝。肾经
43,10,食材,桑寄生
43,11,归经,肝。肾经
43,12,食材,莲子
43,13,归经,脾经
43,14,养生原则,不同体质的饮食要求
43,15,病症,阴虚之体质
43,16,食材,芝麻
43,17,食材,糯米
43,18,食材,蜂蜜
43,19,食材,乳品
43,20,食材,甘蔗
43,21,食材,蔬莱
43,22,食材,水果
43,23,食材,豆腐
43,24,食材,鱼类
43,25,食味,辛
43,26,病症,阳虚之体质
43,27,食材,羊肉
43,28,食材,狗肉
43,29,食材,鹿肉
43,30,食疗方,附子粥
43,31,食疗方,羊肉附子汤
43,32,病症,气虚之体质
43,33,功效,补气
43,34,食疗方,入参莲肉汤
43,35,食材,粳米
43,36,食材,糯米
43,37,食材,小米
43,38,食材,黄米
43,39,食材,大麦
43,40,食材,山药
43,41,食材,大枣
43,42,功效,补气
43,43,病症,血虚之体质
43,44,食材,桑葚
43,45,食材,荔枝
43,46,食材,松子
43,47,食材,黑木耳
43,48,食材,甲鱼
43,49,食材,羊肝
43,50,食材,海参
43,51,功效,补血养血
43,52,病症,阳盛之体质
43,53,禁忌,忌辛辣燥烈食物
43,54,食材,辣椒
43,55,食材,姜
43,56,食材,葱
43,57,食材,蒜
43,58,食材,牛肉
43,59,食材,鸡肉
43,60,食材,水果
43,61,食材,蔬菜
43,62,食材,苦瓜
43,63,食性,辛热
43,64,禁忌,戒酒
46,1,古籍来源,《内经》
46,2,养生原则,顺势
46,3,养生原则,顺应自然之势
46,4,养生原则,针道必须合于天道
46,5,养生原则,天道即自然之道
46,6,病症,形体粗壮
46,7,病症,形体瘦削
46,8,病症,气血外浮
46,9,病症,气血内沉
47,1,食材,淡竹沥
47,2,食性,大寒
47,3,病症,中风
47,4,病症,烦闷
47,5,病症,劳复
47,6,食材,谈竹筇
47,7,病症,噎膈
47,8,病症,鼻衄
47,9,食材,竹实
47,10,功效,通神明
47,11,功效,轻身
47,12,功效,益气
47,13,食材,筻
47,14,食味,淡
47,15,食味,苦
47,16,食味,甘
47,17,食材,苦笋
47,18,食味,甘
47,19,食味,苦
47,20,食性,寒
47,21,古籍来源,本草图经
47,22,食材,苦竹
47,23,功效,清热利湿
47,24,功效,除热气
47,25,功效,止消渴
47,26,功效,明目
47,27,功效,解酒毒
47,28,食材,锬竹沥
47,29,食材,竹汁
47,30,食材,竹油
47,31,食材,苦竹沥
47,32,食材,筻竹沥
47,33,病症,风痊
47,34,食味,甘
47,35,食味,苦
47,36,食性,蹇
47,37,归经,入心
47,38,归经,胃经
47,39,功效,清热滑痰
47,40,功效,镇惊利窍
47,41,功效,清心火
47,42,功效,化痰止渴
47,43,病症,脑血管意外后遗症
47,44,食材,淡竹茹
47,45,食材,竹皮
47,46,食材,麻巴
47,47,食材,竹二青
47,48,食味,甘
47,49,食性,凉
47,50,病症,胃热噎膈
47,51,病症,胃虚干呕
47,52,病症,痰热恶心
47,53,病症,酒伤呕吐
47,54,病症,痰涎酸水
47,55,病症,惊悸怔忡
47,56,病症,睡卧不宁
47,57,食材,竹米
47,58,医家,陶弘景
47,59,古籍来源,本经
47,60,功效,益气
47,61,食材,筮竹叶
47,62,食味,苦
47,63,食性,平
47,64,古籍来源,本经
47,65,病症,咳逆上气溢
47,66,病症,筋急恶疡
47,67,病症,小虫
47,68,古籍来源,别录
47,69,病症,烦热风痉
47,70,病症,喉痹
47,71,病症,呕吐
47,72,食材,筻竹根
47,73,功效,益气止渴
47,74,功效,补虚下气
48,1,医家,孟诜
48,2,古籍来源,《敦煌》
48,3,古籍来源,《卷子》
48,4,古籍来源,《医心方》
48,5,古籍来源,《食经》
48,6,食材,胡桃
48,7,食材,胡粉
48,8,病症,一切痔病
48,9,烹饪方法,烧
48,10,烹饪方法,研
48,11,烹饪方法,傅
49,1,食材,鲈鱼
49,2,食性,平
49,3,功效,安胎
49,4,功效,补中
49,5,功效,补五脏
49,6,功效,益筋骨
49,7,功效,和肠胃
49,8,病症,水气
49,9,病症,瘃癖及疮肿
49,10,禁忌,不可与乳酪同食
49,11,食材,花寨
49,12,食味,甘
49,13,食性,平
49,14,食味,咸
49,15,功效,补益脾胃
49,16,功效,滋润肝肾
49,17,古籍来源,嘉裕本草
49,18,医家,孟诜
51,1,食材,薏苡仁
51,2,食性,平
51,3,病症,千湿脚气
51,4,食味,甘
51,5,食性,凉
51,6,归经,脾
51,7,归经,肺
51,8,功效,健脾利湿
51,9,功效,补肺清热
51,10,功效,去风胜湿
51,11,功效,利筋脉
51,12,食材,粳米
51,13,烹饪方法,煮
51,14,烹饪方法,酿
51,15,病症,风湿性关节炎
51,16,病症,胸中邪气
51,17,功效,通筋络
51,18,功效,活血脉
51,19,功效,健脾胃
51,20,古籍来源,《嘉祜本草》
52,1,食材,罗勒
52,2,食味,辛
52,3,食性,温
52,4,功效,调中消食
52,5,功效,去恶气
52,6,功效,消水气
52,7,病症,齿根烂疮
52,8,禁忌,壅关节
52,9,禁忌,涩荣卫
52,10,禁忌,令血脉不行
52,11,病症,脚气
52,12,病症,畹
52,13,烹饪方法,煮
52,14,食材,子
52,15,病症,目臀及物入目
52,16,病症,风赤眵泪
52,17,食材,根
52,18,病症,小儿黄烂疮
52,19,烹饪方法,烧灰
52,20,古籍来源,邺中记
52,21,医家,罗天益
52,22,食材,兰香
52,23,食味,辛
52,24,食性,温
52,25,功效,和血润燥
52,26,禁忌,多食涩营卫
52,27,禁忌,血脉不行
52,28,医家,东垣李氏
52,29,病症,牙疼口臭
52,30,食疗方,神功丸
52,31,食材,兰香
52,32,功效,去恶气
52,33,古籍来源,饮膳正要
52,34,食材,罗勒子
52,35,食材,兰香子
52,36,食材,光明子
52,37,食味,甘辛
52,38,食性,凉
52,39,病症,目昏浮赂
52,40,病症,拳毛倒睫
52,41,病症,多眵
52,42,病症,口腔臭
52,43,病症,齿黑
52,44,医家,石勒
52,45,食材,香莱
52,46,食材,翳子草
52,47,食材,九层塔
52,48,食材,苏薄荷
52,49,食材,省头草
52,50,功效,疏风行气
52,51,功效,消食除哕
52,52,功效,活血化
52,53,功效,解毒
53,1,食材,蜩脂
53,2,食味,甘
53,3,食性,平
53,4,功效,主肠风痔瘘
53,5,病症,耳聋
53,6,病症,肠风
53,7,病症,鸨血
53,8,古籍来源,本草拾遗
53,9,古籍来源,日华子本草
53,10,食材,桔梗
53,11,食味,苦辛
53,12,食性,平
53,13,归经,肺
53,14,归经,胃
53,15,功效,宣通肺气
53,16,功效,祛痰排脓
53,17,食材,麦门冬
53,18,食味,甘
53,19,食味,微苦
53,20,食性,寒
53,21,功效,养阴润肺
53,22,功效,除烦清心
53,23,功效,益胃生津
54,1,食材,猪膏
54,2,食材,大豆
54,3,食材,青竹筹子
54,4,功效,肥健人
54,5,烹饪方法,煮熟
54,6,功效,瘥
54,7,功效,令人长生
54,8,功效,益阳
54,9,食性,平
54,10,病症,霍乱吐逆
54,11,功效,疗一切毒
54,12,食材,猪肪
54,13,功效,长肌肤
54,14,功效,益颜色
54,15,功效,填骨髓
54,16,功效,加气力
54,17,功效,补虚能食
54,18,古籍来源,政类本草
54,19,古籍来源,嘉佑本草
54,20,古籍来源,医心方
54,21,古籍来源,本草经疏
54,22,古籍来源,延年秘录方
55,1,食材,青小豆
55,2,食性,寒
55,3,功效,疗热中
55,4,病症,消渴
55,5,功效,止痢
55,6,功效,下胀满
55,7,食材,豌豆
55,8,食材,睥亘
55,9,食材,寒豆
55,10,食材,毕豆
55,11,食材,麻累
55,12,食味,甘
55,13,食性,平
55,14,古籍来源,《千金方.食治》
55,15,食味,咸
55,16,食性,温
55,17,食性,无毒
55,18,病症,寒热
55,19,病症,热中
55,20,病症,消渴
55,21,功效,止泄利
55,22,功效,利小便
55,23,功效,除吐逆
55,24,功效,卒溉
55,25,功效,下腹胀满
55,26,食材,胡豆
55,27,食材,绿豆
55,28,古籍来源,《太平圣惠方》
56,1,食材,蚌
56,2,食材,河蛤蜊
56,3,食材,蛤蜊
56,4,食性,寒
56,5,食性,冷
56,6,食味,甘
56,7,食味,咸
56,8,归经,肾二经
56,9,功效,清热滋阴
56,10,功效,明目解毒
56,11,功效,养肝熄风
56,12,功效,凉血定惊
56,13,病症,大热
56,14,病症,酒毒
56,15,病症,渴
56,16,病症,眼赤
56,17,病症,红眼
56,18,病症,砂眼
56,19,病症,冷热气
56,20,病症,发风
56,21,病症,寒中
56,22,病症,外感未清
56,23,病症,脾虚便滑
56,24,脏腑,肝
56,25,禁忌,动冷气
56,26,古籍来源,《本草衍义》
57,1,食性,平
57,2,食材,甘菊
57,3,食材,菊花
57,4,食材,白菊
57,5,食材,滁菊
57,6,食材,贡菊
57,7,食材,杭白菊
57,8,食材,杭黄菊
57,9,古籍来源,别录
57,10,食味,甘
57,11,食味,辛
57,12,食性,平
57,13,病症,头风
57,14,病症,目眩
57,15,病症,痈疽
57,16,食材,茎
57,17,食材,玉英
57,18,食味,甘
57,19,食味,微苦
57,20,食性,凉
57,21,功效,清肝利胆
57,22,功效,明目宁心
57,23,病症,头风眩晕
57,24,病症,目翳
57,25,病症,胸中痰饮
57,26,烹饪方法,煎汤
57,27,烹饪方法,煮粥
57,28,食材,花
57,29,食材,节华
57,30,食材,金精
57,31,食材,金蕊
57,32,食材,药菊
57,33,食味,甘
57,34,食味,苦
57,35,食性,凉
57,36,功效,明目宁心
57,37,功效,解毒消肿
57,38,食材,野生苦菊
57,39,古籍来源,本草纲目
57,40,食味,甘
57,41,食味,苦
57,42,食材,甘菊
57,43,食材,诸菊
57,44,食材,田野菊
57,45,食材,苦薏
57,46,古籍来源,牧竖闲谈
57,47,禁忌,田野菊
57,48,禁忌,苦薏
57,49,病症,泪出
57,50,病症,烦热
57,51,功效,利五藏
57,52,功效,疏风清热
57,53,烹饪方法,作羹
58,1,食材,天门冬
58,2,食味,甘
58,3,食味,苦
58,4,食性,寒
58,5,归经,入肺
58,6,归经,肾经
58,7,功效,补虚劳
58,8,功效,治肺劳
58,9,功效,止渴
58,10,功效,去热风
58,11,功效,滋阴
58,12,功效,降火
58,13,功效,清肺
58,14,功效,润五脏
58,15,功效,益皮肤
58,16,功效,悦颜色
58,17,功效,补五劳七伤
58,18,功效,治肺气并嗽
58,19,功效,消焱
58,20,病症,虚劳绝伤
58,21,病症,老年衰损羸瘦
58,22,病症,偏枯不随
58,23,病症,风湿不仁
58,24,病症,冷痹
58,25,病症,心腹积聚
58,26,病症,恶疮
58,27,病症,痈疽肿癞
58,28,病症,阴痿
58,29,病症,目暗
58,30,病症,肺气咳逆
58,31,病症,喘息促急
58,32,病症,肺痿生痈吐脓
58,33,病症,湿疥
58,34,病症,消渴
58,35,病症,热中风
58,36,病症,心病嗌干
58,37,病症,心痛
58,38,病症,渴而欲饮
58,39,病症,足下热痛
58,40,脏腑,肺
58,41,脏腑,肾
58,42,古籍来源,千金方
58,43,古籍来源,药性论
58,44,古籍来源,日华子本草
58,45,医家,王好古
59,1,食材,酒
59,2,食疗方,紫酒
59,3,病症,角弓风
59,4,食材,姜
59,5,病症,偏风中恶
59,6,食材,桑椹
59,7,功效,补五脏
59,8,功效,明耳目
59,9,食材,葱豉
59,10,功效,解烦热
59,11,功效,补虚劳
59,12,食材,蜜
59,13,病症,风疹
59,14,食材,地黄
59,15,食材,牛膝
59,16,食材,虎骨
59,17,食材,仙灵脾
59,18,食材,通草
59,19,烹饪方法,煎
59,20,食材,掬米
59,21,烹饪方法,酿酒
59,22,烹饪方法,切碎
59,23,烹饪方法,浸
59,24,烹饪方法,煮
59,25,食疗方,牛膝酒
59,26,功效,壮筋骨
59,27,病症,痿痹
59,28,功效,补虚损
59,29,功效,除久疟
59,30,食材,怀牛膝
59,31,食材,川牛膝
59,32,食味,苦
59,33,食味,酸
59,34,食性,平
59,35,归经,入肝
59,36,古籍来源,本经
59,37,病症,寒湿痿痹
59,38,病症,膝痛不可屈
59,39,功效,逐血气
59,40,病症,伤热火烂
59,41,功效,堕胎
59,42,古籍来源,别录
59,43,病症,伤中少气
59,44,病症,男肾阴消
59,45,病症,老人失溺
59,46,功效,补中续绝
59,47,功效,填骨髓
59,48,病症,腰脊痛
59,49,病症,妇人月水不通
59,50,病症,血结
59,51,功效,益精
59,52,功效,利阴气
59,53,功效,止发白
59,54,食味,甘
59,55,食味,微苦
59,56,食材,麻牛膝
59,57,食材,头花蒽草
60,1,食材,荆芥
60,2,食材,析莫
60,3,古籍来源,本草拾遗
60,4,医家,陈藏器
60,5,古籍来源,食疗
60,6,医家,张鼎
60,7,古籍来源,本经
60,8,食材,大荠
60,9,食材,葶苈子
60,10,医家,陶
60,11,医家,苏
60,12,食材,假苏
60,13,古籍来源,尔雅
60,14,古籍来源,吴普本草
60,15,食材,析目
60,16,古籍来源,植物名实图考
60,17,食材,花叶荠
60,18,食材,水荠
60,19,食材,老鼓草
60,20,食材,瓜子草
60,21,食材,洋辣罐
60,22,食材,遏蓝莱
60,23,食材,菥莫
60,24,食材,菥莫子
60,25,食材,葶历子
60,26,食味,甘
60,27,食性,平
60,28,功效,利肝明目
60,29,功效,和中益气
60,30,病症,产后子官内膜炎
60,31,食味,辛
60,32,食性,微温
60,33,功效,明目
60,34,病症,目痛泪出
60,35,病症,痹
60,36,功效,补五脏
60,37,古籍来源,别录
60,38,病症,心腹腰痛
61,1,食材,淡竹
61,2,食材,甘竹
61,3,食材,苦竹叶
61,4,食材,苦竹笳
61,5,食材,苦竹根
61,6,食材,焱竹
61,7,食性,寒
61,8,食性,凉
61,9,食味,甘
61,10,食味,苦
61,11,功效,消渴
61,12,功效,痰饮
61,13,功效,喉痹
61,14,功效,鬼痊
61,15,功效,恶气
61,16,功效,杀小虫
61,17,功效,除烦热
61,18,功效,口疮
61,19,功效,目热
61,20,功效,喑哑
61,21,功效,下热壅
61,22,功效,清心火
61,23,功效,利小便
61,24,功效,温气寒热
61,25,功效,吐血
61,26,功效,崩中
61,27,功效,清心热
61,28,功效,明目开窍
61,29,功效,杀虫解毒
61,30,功效,止尿血
61,31,归经,入胃
61,32,归经,胆经
61,33,古籍来源,别录
61,34,古籍来源,纲目
62,1,食材,决明子
62,2,食性,平
62,3,功效,主肝家热毒气
62,4,病症,风眼赤泪
62,5,食味,微苦
62,6,归经,走肝肾两经
62,7,功效,通便利水
62,8,病症,高血压
62,9,病症,肝炎
62,10,病症,肝硬化腹水
62,11,古籍来源,大观本草
62,12,古籍来源,敦煌
63,1,食材,山樱桃
63,2,食性,温
63,3,功效,令人好颜色
63,4,功效,美志
63,5,功效,补中益气
63,6,病症,水谷痢
63,7,病症,泄精
63,8,禁忌,不可多食
63,9,禁忌,令人发阍风
63,10,古籍来源,嘉祜本草
63,11,医家,孟诜
63,12,医家,苏颂
63,13,古籍来源,别录
64,1,食材,大麦
64,2,食味,甘
64,3,食味,咸
64,4,食性,凉
64,5,功效,消渴除热
64,6,功效,宽胸下气
64,7,功效,和脾胃
64,8,功效,止泄泻
64,9,功效,利小便
64,10,功效,益气补中
64,11,功效,实五脏
64,12,功效,厚肠胃
64,13,病症,脚弱
64,14,功效,下气
64,15,食材,设石子
64,16,食味,苦
64,17,食味,涩
64,18,食性,温
64,19,功效,温中固气
64,20,功效,益血生精
64,21,功效,和气安神
64,22,古籍来源,《广雅》
65,1,食材,蓼实
65,2,食材,蓼子
65,3,食材,水蓼子
65,4,食材,蓼
65,5,食材,蔷
65,6,食材,虞蓼
65,7,食材,泽蓼
65,8,食材,辣蓼
65,9,食材,水红花
65,10,食材,药蓼子草
65,11,食材,痛骨消
65,12,食材,斑蕉草
65,13,食性,温
65,14,食性,平
65,15,食味,辛
65,16,功效,明目
65,17,功效,温中
65,18,功效,耐风寒
65,19,功效,下水气
65,20,功效,温中利水
65,21,功效,破瘀散结
65,22,功效,祛风消肿
65,23,功效,化遢行滞
65,24,病症,吐水
65,25,病症,拥气
65,26,病症,蛇咬
65,27,病症,面目浮肿
65,28,病症,痈疡
65,29,病症,浮肿
65,30,病症,腹痛
65,31,病症,腹胀
65,32,病症,吐泻
65,33,病症,皮肤疮疡
65,34,病症,痈肿
65,35,病症,瘰疬
65,36,禁忌,多食吐水
65,37,禁忌,拥气损阳
65,38,烹饪方法,捣
65,39,古籍来源,《延寿类要》
65,40,古籍来源,《本经》
65,41,古籍来源,《药性论》
66,1,食材,芜菁子
66,2,食材,蔓菁子
66,3,食味,辛
66,4,食性,平
66,5,功效,清热解毒
66,6,功效,益肝行气
66,7,功效,消黄疽
66,8,功效,明目
66,9,功效,利小便
66,10,功效,杀虫积
66,11,烹饪方法,九蒸九曝
66,12,烹饪方法,捣
66,13,烹饪方法,研
66,14,病症,热黄
66,15,病症,结实不通
66,16,古籍来源,《嘉祜本草》
66,17,古籍来源,《敦煌》
67,1,食材,乳
67,2,食性,微寒
67,3,功效,润五脏
67,4,功效,利大小便
67,5,功效,益十二经脉
67,6,食材,乳腐
67,7,食材,乳饼
67,8,食材,奶豆腐
67,9,食材,牛乳
67,10,烹饪方法,煎
67,11,烹饪方法,点
67,12,烹饪方法,漉
67,13,烹饪方法,压
67,14,食味,甘
67,15,食性,微寒
67,16,功效,滋润五脏
67,17,功效,益十二经脉
67,18,古籍来源,《幕祜本草》
67,19,医家,孟冼
67,20,医家,萧炳
68,1,食材,乌梅
68,2,食材,白梅
68,3,食味,酸
68,4,食性,平
68,5,食性,温
68,6,归经,肝
68,7,归经,脾
68,8,归经,肺
68,9,归经,大肠
68,10,功效,止渴
68,11,功效,治疟
68,12,功效,除闷
68,13,功效,安神
68,14,功效,止血
68,15,病症,霍乱
68,16,病症,心腹不安
68,17,病症,痢赤
68,18,病症,大便不通
68,19,病症,气奔欲死
68,20,病症,骨蒸
68,21,病症,烦闷
68,22,烹饪方法,水渍
68,23,烹饪方法,杵为丸
68,24,禁忌,多食损齿
68,25,古籍来源,《日华子本草》
69,1,食材,鸡
69,2,食材,鱼肉汁
69,3,食材,鸡肉
69,4,食材,黄雌鸡
69,5,食材,黄雄鸡
69,6,食材,鸟雌鸡
69,7,食材,鸡子
69,8,食味,甘
69,9,食性,温
69,10,归经,脾胃两经
69,11,功效,补中益气
69,12,功效,增精添髓
69,13,病症,心瘢
69,14,病症,泄痢
69,15,病症,狂
69,16,禁忌,食并害人
69,17,古籍来源,本草纲目
70,1,食材,鸡肝
70,2,食味,甘
70,3,食性,温
70,4,功效,补肝肾
70,5,食材,鸡冠血
70,6,食材,天雄
70,7,食味,辛
70,8,食性,热
70,9,食材,太阳粉
70,10,古籍来源,《本经》
70,11,病症,大风
70,12,病症,蹇湿痹
70,13,病症,历节痛
70,14,病症,拘挛缓急
70,15,病症,破积聚邪气
70,16,病症,金疮
70,17,功效,强筋骨
70,18,功效,轻身健行
70,19,功效,养精神
70,20,功效,安魂魄
70,21,功效,益气
70,22,功效,明目
70,23,功效,通神明不老
70,24,食材,千姜
70,25,食材,附子
70,26,食材,草乌头
70,27,食材,殊砂粉
70,28,医家,孟诜
70,29,古籍来源,《嘉祜本草》
70,30,古籍来源,《日华子本草》
70,31,古籍来源,《敦煌》
70,32,病症,白虎风
70,33,病症,风痛
71,1,食材,青蒿
71,2,食性,寒
71,3,食味,苦
71,4,食味,微辛
71,5,归经,入肝
71,6,归经,胆经
71,7,功效,益气
71,8,功效,长发
71,9,功效,轻身
71,10,功效,补中
71,11,功效,不老
71,12,功效,明目
71,13,功效,煞风毒
71,14,功效,止血生肉
71,15,功效,清热解暑
71,16,功效,止痢疾
71,17,功效,除黄疸
71,18,功效,治疗皮肤疥疮
71,19,功效,明目退翳
71,20,功效,清暑解热
71,21,功效,辟恶秽
71,22,病症,关节风湿症
71,23,病症,虚痨发热
71,24,病症,大便下血
71,25,病症,低烧虚热
71,26,病症,盗汗
71,27,病症,疟疾
71,28,病症,行经腹痛胀满
71,29,病症,四肢发热
71,30,病症,心烦体怠
71,31,病症,心痛
71,32,病症,热黄
71,33,病症,金疮
71,34,病症,失肉
71,35,病症,疼痛
71,36,脏腑,肝
71,37,脏腑,胆
71,38,烹饪方法,捣
71,39,烹饪方法,傅
71,40,烹饪方法,敷
71,41,烹饪方法,蒸馏
71,42,古籍来源,《日华子本草》
71,43,古籍来源,《唐本草》
72,1,食材,苜蓿
72,2,食材,根
72,3,食材,土黄耆
72,4,功效,安中
72,5,功效,利五脏
72,6,烹饪方法,煮
72,7,烹饪方法,作羹
72,8,病症,疸黄
72,9,烹饪方法,生捣
72,10,烹饪方法,绞汁
72,11,功效,轻身
72,12,功效,冼去脾胃间邪气
72,13,病症,诸恶热毒
72,14,禁忌,多食当冷气入筋中
72,15,禁忌,即瘦人
72,16,功效,轻身健人
72,17,食材,木粟
72,18,食材,怀风
72,19,食材,光风金花莱
72,20,食材,黄花菜
72,21,食材,连枝草
72,22,食味,苦
72,23,食性,平
72,24,食材,苜蓿根
72,25,食味,苦
72,26,食性,寒
72,27,古籍来源,《本草纲目》
72,28,医家,孟诜
72,29,古籍来源,《嘉祜本草》
73,1,病症,藏腑虚衿
73,2,病症,猾泄不定
73,3,食疗方,摄脾丸
73,4,食材,木香
73,5,食材,诃子
73,6,烹饪方法,炮
73,7,食材,厚朴
73,8,烹饪方法,炙
73,9,食材,五倍子
73,10,食材,白术
73,11,食材,烧粟米饭
73,12,烹饪方法,丸
73,13,烹饪方法,服
73,14,烹饪方法,送下
73,15,病症,脾虚滑泄
73,16,病症,秋肺壅滞
73,17,病症,胃脘痰滞
73,18,食疗方,葳灵仙丸
73,19,食材,葳灵仙
73,20,烹饪方法,焙干
73,21,烹饪方法,末
73,22,食材,皂角
73,23,烹饪方法,浸洗
73,24,烹饪方法,去黑皮
73,25,烹饪方法,揉
73,26,烹饪方法,去滓
73,27,烹饪方法,滤
73,28,烹饪方法,熬成膏
73,29,烹饪方法,溲
73,30,烹饪方法,丸
73,31,烹饪方法,服
73,32,食材,生姜
73,33,烹饪方法,汤
73,34,病症,胀满久嗽
73,35,病症,脏腑虚冷
73,36,食材,炮姜
73,37,食材,肉桂
73,38,古籍来源,《遵生八笺》
74,1,食材,薄荷
74,2,食材,茶叶
74,3,食材,清酒
74,4,食材,蜜
74,5,功效,疏风解表
74,6,功效,理血下气
74,7,功效,辟恶进食
74,8,功效,逐风胜湿
74,9,功效,祛寒止痛
74,10,功效,滋阴降火
74,11,功效,凉血清热
74,12,功效,熄内风
74,13,功效,辟秽通经
74,14,功效,豁痰开窍
74,15,功效,疗惊痫
74,16,功效,开痰清音
74,17,功效,清脑提神
74,18,功效,行血通络
74,19,功效,令不健忘
74,20,功效,聪耳明目
74,21,功效,益心气养神
74,22,病症,中风失音吐痰
74,23,病症,中风昏溃
74,24,病症,多睡不醒
74,25,病症,风寒湿痹
74,26,病症,半身不遂
74,27,病症,健忘
74,28,病症,少寐
74,29,病症,心肾不交
74,30,脏腑,心
74,31,脏腑,肾
74,32,食疗方,鸟犀丸
74,33,食疗方,镇心丸
74,34,烹饪方法,为末
74,35,烹饪方法,丸
74,36,养生原则,常服
74,37,古籍来源,《文津阁本》
75,1,食材,白蒺藜
75,2,食材,鲜茅根
75,3,食材,粳米
75,4,烹饪方法,煎
75,5,烹饪方法,煮
75,6,病症,热淋
75,7,病症,石淋
75,8,病症,尿急
75,9,病症,尿频
75,10,病症,少腹疼痛
75,11,病症,小便黏稠有结块
75,12,病症,时下砂粒
75,13,病症,舌苔自滑
75,14,病症,脉沉弦
75,15,病症,膀胱炎
75,16,病症,尿道炎
75,17,病症,尿路结石
75,18,病症,五淋
75,19,病症,小便痛
75,20,病症,小便茎中痛
75,21,病症,小便涩痛
75,22,病症,热淋秘涩
75,23,病症,烦热燥痛
75,24,病症,四肢寒栗
75,25,病症,小便不通利
75,26,病症,小便下血
75,27,病症,身体热甚
75,28,病症,淋病尿血
75,29,病症,小便涩而不利
75,30,病症,痛闷极
75,31,病症,小便禁痛
75,32,功效,清热通淋
75,33,功效,清热利尿
75,34,功效,扶正祛邪
75,35,功效,清热解毒除烦
75,36,功效,调气血
75,37,功效,通淋闭
75,38,功效,滑利下行
75,39,功效,通淋活血
75,40,功效,清热解毒
75,41,功效,利窍通淋
75,42,功效,渗湿清热
75,43,功效,补肾益精
75,44,功效,止血排石
75,45,功效,滋阴凉血
75,46,功效,润燥通淋
75,47,功效,生津解毒
75,48,功效,凉血散瘀
75,49,功效,调中通淋
75,50,食疗方,浆水饮
75,51,食疗方,青豆方
75,52,食疗方,麻子粥方
75,53,食疗方,葵菜羹方
75,54,食疗方,榆皮索饼方
75,55,食疗方,车前子饮
75,56,食疗方,酥蜜煎方
75,57,食疗方,蒲桃浆方
75,58,古籍来源,经验方
76,1,病症,健忘少寐
76,2,病症,心悸怔忡
76,3,病症,脑转耳鸣
76,4,病症,目无所见
76,5,病症,气血阴阳俱虚
76,6,功效,补益
76,7,食疗方,镇心丸
76,8,医家,仲景
76,9,食疗方,炙甘草汤
76,10,食材,人参
76,11,食材,地黄
76,12,食材,麦冬
76,13,食材,桂
76,14,功效,补心气
76,15,功效,养心阴
76,16,功效,助心阳
76,17,功效,通心脉
76,18,功效,滋肾
76,19,食材,茯苓
76,20,功效,补心脾
76,21,功效,宁神益智
76,22,食材,远志
76,23,食材,菖蒲
76,24,功效,散郁化痰
76,25,功效,辟秽通窍
76,26,食材,辰砂
76,27,功效,安神定惊
76,28,功效,镇心除烦
76,29,脏腑,心
76,30,脏腑,肾
76,31,食材,薄荷
76,32,食材,清酒
76,33,功效,舒郁通经
76,34,禁忌,不宜常服久服
76,35,禁忌,损人肝肾
76,36,禁忌,令人呆闷
76,37,食材,琥珀粉
76,38,病症,脾肺客热
76,39,功效,凉心
76,40,功效,润肺
76,41,功效,消壅
76,42,食疗方,枇杷叶散
76,43,食材,枇杷叶
76,44,食材,白术
76,45,食材,羌活
76,46,食材,黄芪
76,47,食材,甘草
76,48,食材,半夏
76,49,食材,生姜
76,50,烹饪方法,煎
76,51,病症,老人气虚外感咳嗽
76,52,食疗方,四君子汤
76,53,食材,参
76,54,食材,术
76,55,食材,苓
76,56,食材,草
76,57,食材,芜活
76,58,食材,制半夏
76,59,功效,除脾胃气逆痰壅
76,60,功效,开中焦之痞结
76,61,烹饪方法,煎服
76,62,病症,老人气虚外感
77,1,病症,脾胃虚寒
77,2,病症,呕逆
77,3,病症,泻痢
77,4,食材,半夏
77,5,食材,生姜
77,6,功效,化饮降逆
77,7,功效,暖胃散寒
77,8,食材,白术
77,9,功效,健脾和中
77,10,功效,除湿止泻
77,11,食材,丁香
77,12,功效,温脾消胀
77,13,功效,止呕定痛
77,14,病症,少食腹胀
77,15,病症,呕吐
77,16,病症,泻痢
77,17,病症,妇人血气
77,18,病症,筋骨风
77,19,病症,四肢软弱
77,20,病症,卒中急风
77,21,病症,寸白虫
77,22,病症,伤寒
77,23,医家,孟相公
77,24,食材,藁本
77,25,食材,牛膝
77,26,烹饪方法,酒浸
77,27,烹饪方法,焙乾
77,28,食材,当归
77,29,食材,麻黄
77,30,食材,羌活
77,31,食材,独活
77,32,食材,防风
77,33,食材,肉桂
77,34,食材,芍药
77,35,食材,菊花
77,36,食材,续断
77,37,食材,芎劳
77,38,食材,甘草
77,39,食材,赤箭
77,40,食材,枳壳
77,41,烹饪方法,麸炮
77,42,食材,五加皮
77,43,烹饪方法,炮
77,44,食材,黑附子
77,45,烹饪方法,炮制
77,46,食材,细辛
77,47,烹饪方法,水洗
77,48,烹饪方法,细锉
77,49,烹饪方法,焙乾
77,50,烹饪方法,捣罗为末
77,51,烹饪方法,温酒下
77,52,烹饪方法,薄荷汤下
77,53,烹饪方法,葱白酒下
77,54,烹饪方法,服
78,1,食疗方,龟鹿二仙胶
78,2,医家,王肯堂
78,3,古籍来源,《证治准绳》
78,4,功效,大补精髓
78,5,功效,益气养神
78,6,病症,视物不清
78,7,食材,龟板
78,8,食材,鹿角
78,9,食材,枸杞子
78,10,食材,人参
78,11,食材,桂圆肉
78,12,烹饪方法,浸
78,13,烹饪方法,刮
78,14,烹饪方法,煮
78,15,烹饪方法,晒干
78,16,烹饪方法,碾
78,17,烹饪方法,熬
78,18,烹饪方法,收贮
78,19,食疗方,温中丸
78,20,医家,许叔微
78,21,古籍来源,《类证普济本事方》
78,22,功效,治妇人冲任虚损
78,23,病症,血气亏伤
78,24,病症,月水断续
78,25,病症,腹中疗痛
78,26,病症,寒热烦壅
78,27,病症,口燥舌干
78,28,病症,心神忪悸
78,29,病症,头目眩晕
78,30,病症,肢体倦怠
78,31,病症,腰背引痛
78,32,病症,筋脉拘急
78,33,病症,带下赤白
78,34,食材,生地黄
78,35,食材,生姜
78,36,食材,白芍药
78,37,食材,人参
78,38,食材,蒲黄
78,39,食材,当归
78,40,食材,琥珀
78,41,食材,自茯苓
78,42,食材,黄芪
78,43,食材,延胡索
78,44,食材,麦门冬
78,45,食材,鸟梅肉
78,46,烹饪方法,研
78,47,烹饪方法,炒
78,48,烹饪方法,煎
78,49,烹饪方法,熬
78,50,烹饪方法,为丸
78,51,食材,白艾叶
78,52,食疗方,扶桑丸
78,53,医家,汪诃庵
78,54,古籍来源,《医方集解》
78,55,功效,除风湿
78,56,功效,起羸廷
78,57,功效,驻容颜
78,58,功效,乌髭发
78,59,功效,却病延年
78,60,食材,嫩桑叶
78,61,食材,巨胜子
78,62,食材,黑芝麻
78,63,食材,白蜜
78,64,烹饪方法,擂碎
78,65,烹饪方法,熬
78,66,烹饪方法,炼
78,67,烹饪方法,为丸
78,68,食疗方,延寿丹方
78,69,古籍来源,《世补斋医书》
78,70,功效,滋阴补肾
78,71,功效,壮水清火
78,72,医家,陆九芝
78,73,医家,陆氏
78,74,病症,须发白而复黑
78,75,病症,精力耗而复强
79,1,病症,噫呕腹逆
79,2,病症,喘嗽
79,3,病症,消渴
79,4,病症,大便不实
79,5,病症,久泻
79,6,病症,痈疽溃后不思食
79,7,食材,人参
79,8,食材,自茯苓
79,9,食材,于术
79,10,食材,干山药
79,11,食材,石莲肉
79,12,食材,白扁豆
79,13,食材,桔梗
79,14,食材,砂仁
79,15,食材,薏苡仁
79,16,食材,甘草
79,17,食材,陈皮
79,18,食材,神籼
79,19,烹饪方法,炒
79,20,烹饪方法,炙
79,21,烹饪方法,研
79,22,烹饪方法,煎
79,23,烹饪方法,丸
79,24,烹饪方法,泛丸
79,25,烹饪方法,炼蜜
79,26,烹饪方法,化
79,27,食材,米汤
79,28,食材,枣汤
79,29,食材,熟汤
79,30,食材,生姜
79,31,食材,大枣
79,32,食材,枣肉
79,33,食材,蜜
79,34,食疗方,右归丸
79,35,医家,张介宾
79,36,古籍来源,《景岳全书》
79,37,功效,益火之源
79,38,功效,以消阴翳
79,39,病症,命门火衰
79,40,病症,脾胃虚寒
79,41,病症,呕恶膨胀
79,42,病症,翻胃噎膈
79,43,病症,脐腹多痛
79,44,病症,虚淋
79,45,病症,寒疝
79,46,病症,便溏泄泻
79,47,病症,肢节瘘痛
79,48,病症,水邪浮肿
79,49,病症,眼见邪祟
79,50,病症,阳衰无子
79,51,食材,大熟地
79,52,食材,肉桂
79,53,食材,川附子
79,54,食材,山茱萸肉
79,55,食材,淮山药
79,56,食材,川杜仲
79,57,食材,枸杞子
79,58,食材,菟丝子
79,59,食材,鹿角胶
79,60,食材,全当归
79,61,食材,茯苓
79,62,食材,补骨脂
79,63,烹饪方法,炒
79,64,烹饪方法,制
79,65,烹饪方法,研
79,66,烹饪方法,和丸
79,67,烹饪方法,嚼
79,68,烹饪方法,送
79,69,食疗方,四神丸
79,70,医家,王肯堂
79,71,古籍来源,《证治准绳》
79,72,功效,温补脾肾
79,73,功效,收涩止泻
79,74,病症,脾肾虚寒
79,75,病症,五更泄泻
79,76,病症,不思饮食
79,77,病症,久痢虚痛
79,78,病症,腰酸肢衿
79,79,食材,肉豆蔻
79,80,食材,五味子
79,81,食材,补骨脂
79,82,食材,吴茱萸
79,83,食材,生姜
79,84,食材,红枣
79,85,烹饪方法,煨
79,86,烹饪方法,炒
79,87,烹饪方法,浸
79,88,烹饪方法,泡
79,89,烹饪方法,研
79,90,烹饪方法,煮
79,91,烹饪方法,捣
79,92,烹饪方法,和丸
79,93,食材,米饮
79,94,食材,盐汤
79,95,食疗方,七成汤
79,96,医家,吴又可
79,97,古籍来源,《瘟疫论》
79,98,功效,益气安神
79,99,功效,温肾止泻
79,100,病症,黎明或夜半作泻
79,101,病症,脉迟细弱
80,1,病症,五劳七伤
80,2,病症,腰脚痛重
80,3,病症,行立不任
80,4,病症,吐逆少食
80,5,病症,不成肌肤
80,6,病症,发燥而面无精光
80,7,病症,咳嗽气逆
80,8,病症,目暗
80,9,病症,筋骨挛痛
80,10,病症,阴寒
80,11,病症,阴痿
80,12,病症,里急
80,13,病症,精连连而不绝
80,14,病症,精少囊下湿
80,15,病症,精清
80,16,病症,小便苦数
80,17,病症,忽忽善忘
80,18,病症,悲伤不乐
80,19,病症,夺色黧黑
80,20,病症,饮食不生肌肤
80,21,病症,色无润泽
80,22,病症,发白枯槁
80,23,病症,牙齿不坚
80,24,病症,目黄泪出
80,25,病症,远视肮肮
80,26,病症,见风泪下
80,27,病症,咽焦
80,28,病症,消渴
80,29,病症,鼻衄
80,30,病症,唾血
80,31,病症,喉中介介不利
80,32,病症,胸中噎塞
80,33,病症,食饮不下
80,34,病症,身寒汗出
80,35,病症,肌肉酸瘠
80,36,病症,四肢沉重
80,37,病症,不欲动作
80,38,病症,膝胫苦寒
80,39,病症,不能远行
80,40,病症,上重下轻
80,41,病症,久立腰背苦痛
80,42,病症,难以倪仰
80,43,病症,绕脐急痛
80,44,病症,饥则心下虚悬
80,45,病症,唇干口燥
80,46,病症,腹里雷鸣
80,47,病症,胸背相引痛
80,48,病症,呕逆不食
80,49,病症,娈吐
80,50,病症,小便赤热
80,51,病症,乍数乍难
80,52,病症,或时伤多
80,53,病症,或如针刺
80,54,病症,大便坚涩
80,55,病症,时泄下血
80,56,病症,身体瘙痒
80,57,病症,阴下常湿
80,58,病症,黄汗自出
80,59,病症,阴痿消小
80,60,病症,临事不起
80,61,病症,精清而少
80,62,病症,连连独泄
80,63,病症,阴端寒衿
80,64,病症,茎中疼痛
80,65,病症,小便余沥
80,66,病症,卵肿而大
80,67,病症,缩入腹中
80,68,病症,四肢浮肿
80,69,病症,虚热烦痛
80,70,病症,乍热乍寒
80,71,病症,卧不安席
80,72,病症,心如杵春
80,73,病症,惊悸失脉
80,74,病症,呼吸乏短
80,75,病症,时时噩梦
80,76,病症,房劳
80,77,脏腑,肾
80,78,脏腑,脾
80,79,脏腑,心
80,80,脏腑,肺
80,81,脏腑,肝
80,82,功效,补五脏
80,83,功效,补肝肾
80,84,功效,益下元
80,85,功效,清湿热
80,86,功效,散风
80,87,功效,化瘀
80,88,古籍来源,《千金翼方》
81,1,食材,粳米
81,2,食材,桂心
81,3,食材,白蜜
81,4,食材,熟汤
81,5,食材,姜
81,6,食材,橘
81,7,食性,大热
81,8,食味,辛
81,9,食味,甘
81,10,功效,健脾气
81,11,功效,补命门相火之不足
81,12,功效,破阴寒痼衿之凝结
81,13,功效,生津润燥
81,14,功效,补中益气
81,15,功效,散结解毒止痛
81,16,病症,噎塞
81,17,病症,噎病
81,18,病症,食饮不下
81,19,病症,气塞不通
81,20,病症,心痛满闷
81,21,病症,口干咽燥
81,22,病症,大便艰涩
81,23,病症,气短
81,24,病症,心悸
81,25,病症,乏力
81,26,病症,自汗
81,27,脏腑,脾
81,28,脏腑,肾
81,29,脏腑,心
81,30,脏腑,胃
81,31,脏腑,大肠
81,32,食疗方,蜜浆方
81,33,烹饪方法,煮
81,34,烹饪方法,调
81,35,古籍来源,《经钮堂抄本》
81,36,古籍来源,《文津阁本》
82,1,烹饪方法,煎
82,2,食疗方,麻杏石甘汤
82,3,医家,张仲景
82,4,古籍来源,《伤寒论》
82,5,功效,宣肺清热
82,6,病症,发汗或下后
82,7,病症,汗出而喘
82,8,病症,肌表无大热
82,9,食材,麻黄
82,10,食材,杏仁
82,11,食材,甘草
82,12,食材,石膏
82,13,烹饪方法,煮
82,14,烹饪方法,温服
82,15,食疗方,六安煎
82,16,古籍来源,《景岳全书》
82,17,功效,宣肺降气
82,18,功效,燥湿化痰
82,19,病症,风寒咳嗽
82,20,病症,非风初感
82,21,病症,痰滞气逆
82,22,食材,杏仁
82,23,食材,白芥子
82,24,食材,半夏
82,25,食材,陈皮
82,26,食材,茯苓
82,27,食材,甘草
82,28,食材,生姜
82,29,烹饪方法,煎
82,30,烹饪方法,食远服
82,31,病症,外感风邪咳嗽
82,32,病症,寒气盛
82,33,食材,北细辛
82,34,食疗方,六君子汤
82,35,古籍来源,《妇人良方》
82,36,功效,益气健脾
82,37,功效,化痰除湿
82,38,病症,脾胃气虚而兼痰湿
82,39,病症,气短咳嗽
82,40,病症,痰白清稀
82,41,病症,饮食不思
82,42,病症,大便不实
82,43,病症,慢性气管炎
82,44,食材,陈皮
82,45,食材,半夏
82,46,食材,茯苓
82,47,食材,甘草
82,48,食材,人参
82,49,食材,自术
82,50,烹饪方法,水煎服
82,51,食疗方,三子养亲汤
82,52,医家,韩悉
82,53,古籍来源,《韩氏医通》
82,54,功效,顺气降逆
82,55,功效,化痰消滞
82,56,病症,老人气实痰盛
82,57,病症,喘满懒食
82,58,病症,舌苔腻
82,59,病症,脉滑
82,60,食材,紫苏子
82,61,食材,白芥子
82,62,食材,莱菔子
82,63,烹饪方法,微炒
82,64,烹饪方法,研
82,65,烹饪方法,煎服
82,66,病症,咳喘
82,67,病症,痰多
82,68,病症,食滞
82,69,食疗方,黑锡丹
82,70,古籍来源,《太平惠民和剂局方》
82,71,功效,温壮下元
82,72,功效,镇纳浮阳
82,73,病症,真元不足
82,74,病症,上盛下虚
82,75,病症,痰壅气喘
82,76,病症,汗出肢厥
82,77,病症,脉沉微
82,78,病症,尺脉无或小
82,79,病症,寒疝腹痛
82,80,病症,阳痿遗精
83,1,食材,生姜
83,2,食材,杏
83,3,食材,桃仁
83,4,食材,盐
83,5,食材,甘草
83,6,食材,川鸟头
83,7,食材,厚朴
83,8,食材,干姜
83,9,病症,痰嗽
83,10,病症,脾胃虚弱
83,11,病症,痰饮
83,12,病症,咳嗽痰多
83,13,病症,咳痰清稀
83,14,病症,恶寒发热
83,15,病症,脉浮而弦
83,16,病症,泄泻
83,17,病症,久泻
83,18,病症,中寒泄泻
83,19,病症,下利清谷
83,20,病症,腹部作胀
83,21,病症,绵绵而痛
83,22,病症,口吐涎沫
83,23,病症,舌淡苔白滑
83,24,病症,脉沉细而迟
83,25,脏腑,肺
83,26,脏腑,脾胃
83,27,脏腑,中焦
83,28,食疗方,健脾散
83,29,烹饪方法,炮
83,30,烹饪方法,炙
83,31,烹饪方法,煎
83,32,古籍来源,《遵生八笺》
84,1,食味,酸
84,2,食味,甘
84,3,脏腑,肝
84,4,脏腑,脾
84,5,脏腑,肺
84,6,脏腑,心
84,7,病症,腹痛
84,8,病症,呕吐
84,9,病症,泄泻
84,10,病症,肢冷
84,11,病症,脉伏
84,12,病症,宿疾
84,13,病症,精神昏倦
84,14,病症,体热头昏
84,15,病症,膈壅涎嗽
84,16,病症,四肢劳倦
84,17,病症,腰脚不
84,18,养生原则,减酸益甘以养脾气
84,19,养生原则,调气导引
84,20,古籍来源,《类经》
85,1,食材,人参
85,2,食材,茯苓
85,3,食材,熟附子
85,4,食材,破故纸
85,5,食材,辽五味
85,6,食材,甘草
85,7,食材,白术
85,8,食材,白芍
85,9,食材,陈皮
85,10,食材,防风
85,11,食材,升麻
85,12,食材,猪苓
85,13,食材,泽泻
85,14,食材,党参
85,15,食材,小米
85,16,食材,大黄
85,17,食材,厚朴
85,18,食材,枳壳
85,19,食材,麻子仁
85,20,食材,蜜
85,21,食材,川当归
85,22,食材,生地黄
85,23,食材,桃仁
85,24,食材,麻仁
85,25,食材,黄芩
85,26,食材,半夏
85,27,食材,硫黄
85,28,食材,柳木
85,29,食疗方,八味丸
85,30,食疗方,痛泻要方
85,31,食疗方,春泽汤
85,32,食疗方,脾约丸
85,33,食疗方,润肠丸
85,34,食疗方,半硫丸
85,35,功效,泻肝补脾
85,36,功效,补气健脾
85,37,功效,利湿清热
85,38,功效,润肠通便
85,39,功效,行气清热
85,40,功效,养血清热
85,41,功效,滋燥通便
85,42,功效,温肾逐寒
85,43,功效,通阳泄浊
85,44,病症,肠鸣腹痛
85,45,病症,大便泄泻
85,46,病症,泻必腹痛
85,47,病症,脉两关不调
85,48,病症,弦而缓
85,49,病症,水泻
85,50,病症,无病而渴
85,51,病症,病瘥后渴
85,52,病症,小便不通利
85,53,病症,脉弱
85,54,病症,下肢浮肿
85,55,病症,老人津液少
85,56,病症,大便燥
85,57,病症,小便涩
85,58,病症,其脾为约
85,59,病症,血燥挟热便秘
85,60,病症,老年虚衿便秘
85,61,病症,寒湿久泻
85,62,烹饪方法,炒
85,63,烹饪方法,煎
85,64,烹饪方法,丸
85,65,烹饪方法,散
85,66,烹饪方法,焙
85,67,烹饪方法,研
85,68,烹饪方法,炼蜜为丸
85,69,烹饪方法,汤浸
85,70,烹饪方法,研令极细
85,71,古籍来源,《景岳全书》
85,72,古籍来源,《医方集解》
85,73,古籍来源,《寿亲养老新书》
85,74,古籍来源,《沈氏尊生书》
85,75,古籍来源,《太平惠民和剂局方》
85,76,医家,刘草窗
85,77,医家,汪切庵
85,78,医家,岳美中
85,79,医家,邹铉
85,80,医家,沈金鳌
86,1,食材,干山药
86,2,食材,麦芽
86,3,食材,芡实
86,4,食材,泽泻
86,5,食材,砂仁
86,6,烹饪方法,炒
86,7,烹饪方法,研
86,8,烹饪方法,炼蜜为丸
86,9,烹饪方法,水泛为丸
86,10,烹饪方法,水煎
86,11,烹饪方法,煮
86,12,烹饪方法,面糊为丸
86,13,食材,姜汤
86,14,食材,别直参
86,15,食材,炙黄芪
86,16,食材,毛鹿茸
86,17,食材,党参
86,18,食材,炙甘草
86,19,食材,续断
86,20,食材,炒冬术
86,21,食材,茯苓
86,22,食材,肉桂
86,23,食材,陈皮
86,24,食材,炒白芍
86,25,食材,当归
86,26,食材,熟地
86,27,食材,炒远志
86,28,食材,枸杞子
86,29,食材,肉苁蓉
86,30,食材,河车
86,31,食材,云茯苓
86,32,食材,人参
86,33,食材,麝香
86,34,食材,米饮
86,35,食材,温酒
86,36,食材,盐汤
86,37,食材,五味子汤
86,38,食疗方,参桂鹿茸丸
86,39,功效,治虚损乏力
86,40,功效,畏寒肢冷
86,41,功效,腰膝酸软
86,42,功效,食减便溏
86,43,功效,治劳嗽
86,44,病症,劳瘵
86,45,医家,岳美中
86,46,医家,王肯堂
86,47,古籍来源,《证治准绳》
86,48,古籍来源,《内经》
86,49,古籍来源,《千金方》
86,50,养生原则,饮食有节
86,51,养生原则,起居有常
86,52,养生原则,不妄作劳
86,53,养生原则,形与神俱
86,54,养生原则,尽终其天年
86,55,养生原则,度百岁乃去
87,1,食材,羌活
87,2,食材,黑白二附子
87,3,食材,黄芪
87,4,食材,巴戟
87,5,食材,青盐
87,6,食材,沙苑
87,7,食材,自蒺藜
87,8,食材,牛膝
87,9,食材,茴香
87,10,食材,川楝
87,11,食材,白附
87,12,食材,木香
87,13,食材,茯苓
87,14,食材,自术
87,15,食材,肉豆蔻
87,16,食材,枇杷叶
87,17,食材,厚朴
87,18,食材,丁香
87,19,食材,藿香蕖
87,20,食材,甘草
87,21,食材,乾姜
87,22,食材,陈皮
87,23,食材,生姜
87,24,食材,枣
87,25,食性,大热
87,26,食性,甘温
87,27,食味,辛甘
87,28,功效,发汗解表
87,29,功效,搜风胜湿
87,30,功效,逐寒湿
87,31,功效,祛风痰
87,32,功效,补命门火
87,33,功效,补气实表
87,34,功效,扶正气
87,35,功效,补益肝肾
87,36,功效,强壮筋骨
87,37,功效,行气理腰
87,38,功效,缩尿固精
87,39,功效,和脾胃气
87,40,功效,进饮食
87,41,功效,止痰逆
87,42,功效,疗腹痛气
87,43,病症,走注疼痛
87,44,病症,腰痛
87,45,病症,疝气
87,46,病症,五更泄泻
87,47,病症,阳萎滑精
87,48,病症,舌淡白
87,49,病症,脉微细
87,50,病症,舌红
87,51,病症,脉数
87,52,病症,口渴
87,53,病症,心烦
87,54,脏腑,肝肾
87,55,脏腑,筋骨
87,56,脏腑,血脉
87,57,脏腑,脾胃
87,58,食疗方,羌活丸
87,59,烹饪方法,捣
87,60,烹饪方法,煎
87,61,禁忌,慎勿乱投此方
87,62,医家,《瓶花本》
87,63,医家,《文津阁本》
88,1,病症,肾气衰弱
88,2,病症,中气不足
88,3,病症,阴火上乘
88,4,病症,九窍不利
88,5,食材,鸡头实
88,6,食材,芡实
88,7,食味,淡
88,8,食味,甘
88,9,食性,平
88,10,功效,固肾涩精
88,11,功效,补脾止泻
88,12,病症,湿痹腰脊膝痛
88,13,功效,补中除暴疾
88,14,功效,益精气
88,15,功效,强志
88,16,功效,令耳目聪明
88,17,食材,水硫黄
88,18,医家,张杲
88,19,古籍来源,《医说》
88,20,功效,却病延年
88,21,功效,补中
88,22,功效,明目
88,23,功效,利小便
88,24,食疗方,蔓菁粥
88,25,食材,蔓菁子
88,26,食材,粳米
88,27,烹饪方法,捣碎
88,28,烹饪方法,绞滤取汁
88,29,烹饪方法,煮
88,30,病症,老人肝虚目不明
88,31,医家,孙思邈
88,32,古籍来源,《备急千金要方》
88,33,病症,眼暗
88,34,食疗方,泻肝汤
88,35,病症,肝中有风热
88,36,病症,目昏暗
88,37,功效,补肝
88,38,食疗方,补肝芜菁子散
88,39,功效,明目
88,40,医家,陈直
88,41,古籍来源,《太平圣惠方》
88,42,古籍来源,《养老奉亲书》
88,43,食材,芫菁子
88,44,食材,芫菁
88,45,食味,辛
88,46,食性,平
88,47,归经,入肝
88,48,归经,脾两经
88,49,功效,益肝明目
88,50,功效,行气除湿
88,51,功效,清郁热
88,52,功效,利小便
88,53,功效,攻积聚
88,54,功效,杀虫毒
88,55,病症,青盲眼障
88,56,病症,目暗不明
88,57,病症,眼黄如金
88,58,病症,痢疾
88,59,病症,小便不利
88,60,古籍来源,《千金要方》
89,1,食材,川厚朴
89,2,食材,陈橘皮
89,3,食材,甘草
89,4,食材,南京小枣
89,5,食材,生姜
89,6,食材,茅山苍术
89,7,食材,盐
89,8,食材,鸟梅
89,9,食材,山楂肉
89,10,食材,半夏
89,11,食材,橘红
89,12,食材,神籼
89,13,食材,麦芽
89,14,食材,自茯苓
89,15,食材,连翘壳
89,16,食材,萝卜子
89,17,食材,黄连
89,18,食材,伏神
89,19,食材,香附子
89,20,烹饪方法,锉
89,21,烹饪方法,煮
89,22,烹饪方法,捣
89,23,烹饪方法,焙
89,24,烹饪方法,碾
89,25,烹饪方法,研
89,26,烹饪方法,炒
89,27,烹饪方法,浸
89,28,烹饪方法,炼蜜丸
89,29,烹饪方法,炙
89,30,病症,泄泻
89,31,病症,食积
89,32,病症,酒积
89,33,病症,痰饮
89,34,病症,胸膈痞满
89,35,病症,嗳气吞酸
89,36,病症,泄泻腹痛
89,37,病症,疟痢
89,38,功效,和血
89,39,功效,补血
89,40,功效,大有补益
89,41,食疗方,保和丸
89,42,食疗方,交感丹
89,43,食疗方,降气汤
89,44,医家,朱震亨
89,45,医家,邹铉
89,46,古籍来源,《丹溪心法》
89,47,古籍来源,《寿亲养老新书》
90,1,食材,枸杞根
90,2,食材,白羊脊骨
90,3,食材,羊头蹄
90,4,食材,胡椒
90,5,食材,荜芟
90,6,食材,葱白
90,7,食材,豆豉
90,8,食性,寒
90,9,食味,甘
90,10,食味,微苦
90,11,食味,热
90,12,食味,无毒
90,13,功效,清其虚热
90,14,功效,补其精髓
90,15,功效,外祛无定虚邪
90,16,功效,内除有汗骨蒸
90,17,功效,上理头风客热
90,18,功效,中去胸胁气滞
90,19,功效,下利肠间湿邪
90,20,功效,久服强阴
90,21,功效,坚筋骨
90,22,功效,止消渴
90,23,功效,除周痹风湿
90,24,功效,补肾虚
90,25,功效,通督脉
90,26,功效,主虚劳寒中羸瘦
90,27,功效,补中兼清
90,28,功效,通行血脉
90,29,病症,体虚消瘦
90,30,病症,五心烦热
90,31,病症,夜寐盗汗
90,32,病症,腰脊酸痛
90,33,病症,弱不禁风
90,34,病症,舌干少苔
90,35,病症,脉细无力
90,36,病症,男女伤中
90,37,病症,阴气不足
90,38,病症,腰痛下痢
90,39,病症,五劳七伤
90,40,病症,虚损
90,41,脏腑,肾
90,42,脏腑,肝肾
90,43,食疗方,枸杞煎方
90,44,食疗方,法煮羊头方
90,45,烹饪方法,煮
90,46,烹饪方法,烧
90,47,烹饪方法,切
90,48,禁忌,慎生冷酢滑油腻七日
90,49,养生原则,食治
90,50,古籍来源,《千金翼方》
90,51,古籍来源,《太平圣惠方》
91,1,病症,褥疮
91,2,病症,多愁善悲
91,3,病症,精神忧郁
92,1,功效,养阳散风
92,2,功效,解肌止痉
92,3,功效,清热生津
92,4,食材,荆芥
92,5,功效,理血解痉
92,6,功效,发表祛风
92,7,食材,香豉
92,8,功效,散胸中之烦热
92,9,病症,风痱
92,10,食材,葛根
92,11,病症,高血压动脉粥样硬化
92,12,病症,中风
92,13,食材,青粱米
92,14,食材,薄荷叶
92,15,食材,豉
92,16,烹饪方法,煮
92,17,烹饪方法,作粥
92,18,食材,盐
92,19,食材,醋
92,20,养生原则,空心食之
92,21,养生原则,常服佳
92,22,古籍来源,《太平圣惠方》
92,23,古籍来源,《经钮堂抄本》
93,1,食材,熊肉
93,2,食性,甘平偏温
93,3,食味,甘
93,4,功效,补虚羸
93,5,功效,强筋骨
93,6,病症,风瘅不仁
93,7,病症,筋急五缓
93,8,病症,脚气
93,9,病症,中风心肺热
93,10,病症,手足不随
93,11,病症,恍惚烦躁
93,12,病症,皮肤不仁
93,13,病症,筋脉弛缓
93,14,病症,脚气冲心
93,15,病症,腰痛无力
93,16,病症,困乏
93,17,病症,腹瘅着不仁
93,18,病症,小便不利
93,19,脏腑,肾
93,20,食材,生栗
93,21,功效,补肾
93,22,功效,强腰脚
93,23,功效,壮筋骨
93,24,古籍来源,备急千金要方
93,25,古籍来源,食医心镜
93,26,食疗方,生栗方
93,27,烹饪方法,蒸熟
93,28,烹饪方法,风干
93,29,烹饪方法,细咀
94,1,食材,竹叶
94,2,食味,辛
94,3,食味,淡
94,4,食味,甘
94,5,食性,寒
94,6,归经,心
94,7,归经,肺
94,8,功效,清上焦风热
94,9,功效,解渴除烦
94,10,食材,生石膏
94,11,食味,辛
94,12,食味,甘
94,13,食性,寒
94,14,归经,肺
94,15,归经,胃
94,16,归经,三焦
94,17,功效,清热降火
94,18,食材,砂糖
94,19,食材,粳米
94,20,古籍来源,仲景
94,21,食疗方,竹叶石膏汤
94,22,病症,时行眼疾
94,23,病症,白睛红赤
94,24,病症,虚羸少气
94,25,病症,病后余热未尽
94,26,食材,荆芥
94,27,食材,薄荷
94,28,食疗方,竹叶粥
94,29,病症,时行眼疾之轻证
94,30,病症,燥热疫
94,31,病症,头痛目痛
94,32,病症,红丝绕目
94,33,病症,伤寒
94,34,医家,余师愚
94,35,古籍来源,《疫诊一得》
94,36,病症,膈上风热之目疾
94,37,病症,热发
94,38,病症,眼赤涩痛
94,39,食疗方,栀子仁粥方
94,40,食材,栀子仁
94,41,食材,米
94,42,烹饪方法,煮粥
94,43,食材,栀子末
94,44,古籍来源,《太平圣惠方》
94,45,古籍来源,《经钮堂抄本》
94,46,病症,内热上攻目赤病
94,47,食疗方,栀子仁粥
94,48,病症,三焦实热
94,49,病症,内热发动
94,50,脏腑,心火
95,1,食材,鲤鱼
95,2,食疗方,白煮鲤鱼方
95,3,病症,气滞肿胀
95,4,病症,水肿
95,5,病症,气滞
95,6,病症,心腹气机壅塞
95,7,病症,胀满
95,8,病症,四肢经气不畅
95,9,病症,烦疼无力
95,10,功效,下气利水
95,11,食材,橘皮
95,12,功效,和胃气
95,13,功效,畅气机
95,14,病症,水气
95,15,病症,身体虚肿
95,16,病症,面自虚瘀
95,17,食材,水牛皮
95,18,烹饪方法,煮
95,19,食材,生姜
95,20,食味,五味
95,21,病症,面目虚胀
95,22,病症,脾肺气滞
95,23,病症,上焦不能宣通
95,24,功效,理肺气
95,25,功效,利水道
95,26,古籍来源,《食医心镜》
95,27,病症,水气大腹浮肿
95,28,病症,小便涩少
95,29,功效,理气和脾胃
95,30,食疗方,鲤鱼臃方
95,31,食疗方,麻子仁粥方
95,32,食疗方,大豆方
95,33,食疗方,水牛肉方
95,34,食疗方,端肉羹方
95,35,食材,麻子仁
96,1,食材,薄荷
96,2,食材,干薄荷
96,3,食材,龙脑薄荷
96,4,食材,水苏
96,5,食材,葳灵仙丸
96,6,食材,高良姜
96,7,食材,青木香
96,8,食材,枣肉
96,9,食材,干姜
96,10,食材,广木香
96,11,食疗方,保救丹
96,12,功效,理血下气
96,13,功效,清肺辟恶消谷
96,14,功效,疏利
96,15,功效,温中散寒
96,16,功效,止泻除呕
96,17,功效,行气疏肝
96,18,功效,利肠止痛
96,19,功效,健脾
96,20,功效,温中散寒止痛止泻
96,21,病症,脾脏泄泻
96,22,病症,中心气不和
96,23,病症,精神倦怠
96,24,病症,不思饮食
96,25,病症,中寒气滞泄泻
96,26,病症,泄泻
96,27,病症,肠鸣切痛
96,28,病症,腹胀呕逆
96,29,病症,嗽
96,30,病症,远年一切嗽疾
96,31,病症,劳嗽痰壅
96,32,脏腑,脾
96,33,脏腑,肝
96,34,脏腑,胃
96,35,脏腑,肾脏
96,36,食疗方,高青丸
96,37,烹饪方法,煮
96,38,禁忌,久服恐损人真气
96,39,禁忌,只可暂用
96,40,禁忌,中病即止
96,41,禁忌,不宜久服
96,42,医家,李时珍
96,43,古籍来源,《唐成之家本》
96,44,古籍来源,《遵生八笺》
97,1,食材,桃仁
97,2,食材,青粱米
97,3,病症,冷气
97,4,病症,心痛
97,5,病症,腹痛
97,6,病症,真心痛
97,7,病症,胸瘅
97,8,病症,衿气心痛
97,9,病症,脾心痛
97,10,病症,胃心痛
97,11,病症,不能食
97,12,病症,腹胀
97,13,病症,手足厥衿
97,14,病症,通身衿汗出
97,15,病症,脉沉细无力
97,16,脏腑,心
97,17,脏腑,脾
97,18,脏腑,胃
97,19,医家,巢元方
97,20,医家,王怀隐
97,21,古籍来源,《诸病源候论》
97,22,古籍来源,《太平圣惠方》
97,23,烹饪方法,煮
97,24,烹饪方法,研
97,25,烹饪方法,淘
97,26,功效,温通
97,27,功效,除衿温中
97,28,养生原则,空心食之
98,1,古籍来源,《文津阁本》
98,2,病症,老人久积虚损
98,3,食疗方,北庭丸
98,4,病症,老人久积成癞
98,5,病症,肚腹胀大
98,6,病症,骨瘦如柴
98,7,脏腑,五脏
98,8,食材,北庭砂
98,9,食材,硇砂
98,10,食性,大热
98,11,功效,化积聚
98,12,功效,破结血
98,13,功效,去恶肉
98,14,功效,除痰癖食积
98,15,食材,阿魏
98,16,食材,青盐
98,17,食材,米醋
98,18,功效,破血消积
98,19,功效,除五脏癞结
98,20,功效,心腹积聚
98,21,食材,归芎
98,22,食材,肉桂
98,23,功效,益血温通
98,24,食材,姜附
98,25,功效,回阳救逆
98,26,食材,茯苓
98,27,功效,补心气
98,28,功效,渗湿而化饮
98,29,食材,白术
98,30,功效,益脾阳
98,31,功效,燥湿而和中
98,32,食材,五味子
98,33,功效,敛肺滋肾
98,34,功效,补肝兼生津
98,35,食材,缩砂
98,36,食材,椒
98,37,食材,朴
98,38,功效,暖胃消食
98,39,功效,理气以止痛
98,40,病症,积聚
98,41,病症,癜疲
98,42,养生原则,却病延寿
98,43,禁忌,体质偏实有寒者用之较好
98,44,禁忌,若患者虚而挟热。恐不相宜
98,45,病症,妇女病患瘸积
98,46,食疗方,鸟犀丸
98,47,食材,天麻
98,48,食材,地榆
98,49,食材,元寝
98,50,食材,川鸟头
98,51,烹饪方法,炮制
98,52,食材,龙脑薄荷
98,53,食材,藿香叶
98,54,食材,龙脑
98,55,食材,麝香
98,56,烹饪方法,炼蜜为膏
98,57,病症,一切风
98,58,病症,风癔
98,59,病症,风痱
98,60,病症,风偏枯
98,61,病症,风口喁
98,62,病症,风不语
98,63,病症,风痉
98,64,病症,风角弓反张
98,65,病症,风弹曳
98,66,病症,风不仁
98,67,病症,风惊悸
98,68,病症,风人腹拘急
98,69,病症,风经五脏恍惚
98,70,病症,风头眩
98,71,病症,风癫
98,72,病症,蛊风
98,73,病症,风狂
98,74,病症,恶风须眉堕落
98,75,病症,风瘙痒
98,76,病症,风腮退
98,77,病症,风湿痹
98,78,病症,历节风
98,79,病症,风入腹急切痛
99,1,食材,葛粉
99,2,食材,荆芥
99,3,食材,豉
99,4,食材,葱椒
99,5,食材,猪肉
99,6,食材,荞面
99,7,病症,中风
99,8,病症,精神昏愦
99,9,病症,手足不仁
99,10,病症,缓弱不遂
99,11,病症,风痱
99,12,病症,肌肤不仁
99,13,病症,重不胜
99,14,病症,身无痛
99,15,病症,四肢不收
99,16,病症,智乱不甚
99,17,病症,言微
99,18,烹饪方法,煮
99,19,烹饪方法,煎
99,20,烹饪方法,作
99,21,食疗方,葛粉索饼方
99,22,禁忌,忌猪肉荞面
99,23,古籍来源,太平圣惠方
99,24,古籍来源,经钮堂抄本
99,25,古籍来源,万历本
99,26,古籍来源,文津阁本
99,27,古籍来源,金匮要略
100,1,食材,炙黄芪
100,2,食材,党参
100,3,食材,炒白术
100,4,食材,龙眼肉
100,5,食材,苡米
100,6,食材,山药
100,7,食材,蔻仁
100,8,食材,干姜
100,9,食材,炮附子
100,10,食材,陈皮
100,11,食材,牛膝
100,12,食材,生姜
100,13,食材,大枣
100,14,食材,猪苓
100,15,食材,泽泻
100,16,食材,白术
100,17,食材,茯苓
100,18,食材,桂枝
100,19,食材,白饮
100,20,食材,桑白皮
100,21,食材,陈橘皮
100,22,食材,生姜皮
100,23,食材,大腹皮
100,24,食材,茯苓皮
100,25,食材,防己
100,26,食材,黄芪
100,27,食材,甘草
100,28,烹饪方法,水煎服
100,29,烹饪方法,捣为散
100,30,烹饪方法,和服
100,31,烹饪方法,煎
100,32,烹饪方法,煮
100,33,烹饪方法,锉
100,34,功效,化气利水
100,35,功效,健脾化湿
100,36,功效,理气消肿
100,37,功效,利水补气通阳
100,38,功效,益气行水
100,39,病症,外有表证
100,40,病症,内有蓄水
100,41,病症,头痛发热
100,42,病症,水人则吐
100,43,病症,小便不利
100,44,病症,霍乱
100,45,病症,呕吐泄泻交作
100,46,病症,烦渴引饮
100,47,病症,水肿身重
100,48,病症,痰饮
100,49,病症,脐下有动悸
100,50,病症,吐涎沫
100,51,病症,头眩
100,52,病症,水肿
100,53,病症,头面四肢悉肿
100,54,病症,心腹胀满
100,55,病症,上气促急
100,56,病症,皮水为病
100,57,病症,四肢肿
100,58,病症,水气在皮肤中
100,59,病症,四肢聂聂动
100,60,病症,风水
100,61,病症,脉浮身重
100,62,病症,汗出恶风
100,63,禁忌,忌生衿油腻硬物
100,64,医家,张仲景
100,65,医家,华氏
100,66,古籍来源,《伤寒论》
100,67,古籍来源,《华氏中藏经》
100,68,古籍来源,《金匮要略》
100,69,食疗方,五苓散
100,70,食疗方,五皮饮
100,71,食疗方,防己茯苓汤
100,72,食疗方,防己黄芪汤
101,1,食材,鲫鱼
101,2,食材,干姜
101,3,食材,橘皮
101,4,食材,豉汁
101,5,食材,赤石脂
101,6,食材,白面
101,7,食材,葱
101,8,食材,酱
101,9,食性,辛热
101,10,食性,温
101,11,归经,心
101,12,归经,肾
101,13,归经,脾
101,14,归经,胃
101,15,归经,大小肠
101,16,功效,温中下气
101,17,功效,健脾利湿
101,18,功效,温脾逐寒
101,19,功效,疏利带脉
101,20,功效,暖腰脊
101,21,功效,主腹胀吐泻
101,22,功效,止血痢腹痛
101,23,功效,涩肠止血
101,24,功效,收湿生肌
101,25,功效,补益心
101,26,功效,涩肠固脱
101,27,病症,腰脊疼痛
101,28,病症,痢疾
101,29,病症,痢下赤白
101,30,病症,肠胃冷气
101,31,病症,痢下不止
101,32,病症,久痢滑脱不止
101,33,病症,大便不固
101,34,病症,滑脱不禁
101,35,病症,但欲寐
101,36,病症,脉微细
101,37,病症,下痢便脓血
101,38,病症,新病下痢
101,39,病症,湿热未清
101,40,脏腑,脾
101,41,脏腑,肾
101,42,脏腑,心
101,43,脏腑,胃
101,44,食疗方,桃花汤
101,45,烹饪方法,煮
101,46,禁忌,收涩之品有留邪之弊
101,47,古籍来源,金匮要略.五藏风寒积聚篇
101,48,古籍来源,伤寒论.少阴篇
102,1,食材,粳米
102,2,食性,甘平
102,3,归经,脾
102,4,归经,胃
102,5,功效,补中益气
102,6,功效,和脾胃
102,7,功效,除烦
102,8,食材,葱
102,9,食性,辛温
102,10,功效,发汗通阳
102,11,食疗方,鸟鸡羹
102,12,古籍来源,《太平圣惠方》
102,13,食疗方,乌雌鸡羹
102,14,病症,中风湿瘅
102,15,病症,五缓六急
102,16,病症,骨中疼痛
102,17,病症,不能踏地
102,18,病症,脚气
102,19,食疗方,猪肾粥
102,20,病症,老人脚气烦痹
102,21,病症,缓弱不随
102,22,病症,行履不能
102,23,食材,猪肾
102,24,食材,粳米
102,25,食材,葱白
102,26,烹饪方法,煮
102,27,烹饪方法,作粥
102,28,食材,五味
102,29,食材,椒
102,30,食材,姜
102,31,禁忌,空心食之
102,32,禁忌,日一服
102,33,病症,老人脚气
102,34,病症,湿热伤肾
102,35,脏腑,肾
102,36,脏腑,肾足少阴之脉
102,37,病症,足部疼瘅
102,38,病症,缓弱不遂
102,39,病症,行履维艰
102,40,病症,心烦
102,41,功效,清湿热
102,42,功效,调肾气
102,43,食材,猪肾
102,44,食性,咸衿无毒
102,45,功效,理肾气
102,46,功效,通膀胱
102,47,食材,葱白
102,48,食材,粳米
102,49,功效,扶正通阳
102,50,脏腑,肾气
102,51,脏腑,膀胱
102,52,功效,气化功能增强
102,53,病症,湿热
102,54,古籍来源,《备急千金要方》
102,55,病症,脚气之疾
102,56,禁忌,皆不得大补
103,1,食材,葱白
103,2,食材,枣
103,3,食材,蜀椒
103,4,烹饪方法,浸渍
103,5,烹饪方法,煮
103,6,烹饪方法,烤
103,7,食疗方,煮剂
103,8,食疗方,燠梨剂
103,9,养生原则,因人
103,10,养生原则,因时
103,11,养生原则,因病制宜
103,12,古籍来源,本书
104,1,病症,脾胃气弱
104,2,病症,胃气不足
104,3,病症,食少脘胀
104,4,病症,嗳气呕吐
104,5,病症,脾气不足
104,6,病症,腹满时减复如故
104,7,病症,肠鸣泻痢
104,8,病症,肌肉羸瘦
104,9,病症,四肢无力
104,10,病症,诸脏气竭
104,11,病症,久虚不复
104,12,养生原则,饮食和益脾胃之气
104,13,养生原则,滋润脏腑
104,14,医家,岳美中
104,15,食疗方,羊肉索饼方
104,16,食材,白羊肉
104,17,食材,白面
104,18,食材,生姜汁
104,19,烹饪方法,溲
104,20,烹饪方法,切
104,21,烹饪方法,煮熟
104,22,食材,椒
104,23,食材,葱
105,1,食材,猪羊血
105,2,食材,葵莱
105,3,食材,杏仁
105,4,食材,麻子
105,5,食材,芝麻
105,6,食性,咸平
105,7,食性,酸热
105,8,食性,甘苦温
105,9,食味,甘
105,10,功效,峻补
105,11,功效,温补
105,12,功效,疏利
105,13,功效,通利
105,14,功效,滑利大便
105,15,功效,通便秘
105,16,功效,益脾利胃气滑大肠
105,17,功效,滑肠
105,18,功效,补脏
105,19,功效,扶正通便
105,20,功效,止渴生津
105,21,功效,润肺燥
105,22,功效,消食积
105,23,功效,散滞气
105,24,功效,通大便
105,25,病症,肾虚
105,26,病症,无力
105,27,病症,夜多小溲
105,28,病症,足痿
105,29,病症,喘嗽
105,30,病症,停饮
105,31,病症,痞闷
105,32,病症,脚重
105,33,病症,膝胫转重
105,34,病症,脏腑结燥
105,35,病症,大便秘涩
105,36,病症,便秘
105,37,病症,气秘
105,38,脏腑,肾
105,39,脏腑,心
105,40,脏腑,肺
105,41,脏腑,脬囊
105,42,脏腑,大肠
105,43,食疗方,葵莱血脏羹
105,44,食疗方,杏汤
105,45,食疗方,杏仁板儿
105,46,烹饪方法,炒
105,47,烹饪方法,煮
105,48,禁忌,不可补
105,49,古籍来源,《本草纲目》
105,50,医家,张从正
106,1,古籍来源,《黄帝阴符经》
106,2,古籍来源,《类经》
106,3,医家,张景岳
106,4,养生原则,取法阴阳四时而行
106,5,养生原则,防病延年
106,6,养生原则,顺天之常道
106,7,养生原则,阴阳平秘
106,8,养生原则,五脏和调
106,9,养生原则,气血流畅
106,10,养生原则,阴精上奉
106,11,养生原则,腠理固密
106,12,病症,疾疠
106,13,病症,疾病
106,14,病症,瘟疫
106,15,病症,危瘵
106,16,脏腑,五脏
106,17,养生原则,依四时摄养之方
106,18,养生原则,顺五行休旺之气
107,1,古籍来源,《素问》
107,2,养生原则,执天道生杀之理
108,1,功效,凉血退蒸
108,2,病症,烦渴热
108,3,病症,烦渴不止
108,4,食疗方,大麦汤
108,5,功效,益气生津
108,6,功效,润燥清热调中
108,7,古籍来源,《太平圣惠方》
108,8,食疗方,栝蒌粉方
108,9,功效,清热解毒
108,10,功效,生津止渴
108,11,病症,消渴热中
108,12,食疗方,青豆汤方
108,13,功效,除烦止渴
108,14,病症,肺胃热盛
108,15,病症,心烦欲呕
108,16,食疗方,芦根饮子
108,17,功效,清热生津
108,18,功效,除烦止呕
108,19,病症,消渴壮热
108,20,病症,烦躁不安
108,21,食疗方,青粱米饮方
108,22,功效,补中益气
108,23,功效,除烦止渴
108,24,病症,内热壅盛
108,25,病症,消渴烦热
108,26,病症,心神狂乱
108,27,病症,躁闷不安
108,28,食疗方,冬瓜羹方
108,29,功效,清热解毒
108,30,功效,除烦生津
108,31,病症,吐血
108,32,病症,衄血
108,33,古籍来源,《太平圣惠方》
108,34,食疗方,藕蜜汁方
108,35,功效,凉血散瘀
108,36,功效,清热止渴
108,37,病症,气阴耗伤
108,38,病症,精气亏损
108,39,食疗方,猪肚方
108,40,功效,补益气阴
108,41,功效,生津除烦
108,42,病症,消渴热中
108,43,病症,饮水不止
108,44,病症,小便无度
108,45,病症,烦热
108,46,食疗方,兔头饮
108,47,功效,补气生津
108,48,功效,除烦止渴
108,49,病症,烦渴
108,50,病症,饮水不足
108,51,病症,日渐羸瘦困弱
108,52,食疗方,野鸡臃方
108,53,功效,补中益气
108,54,功效,生津止渴
108,55,病症,脏腑干枯
108,56,食疗方,牛乳方
108,57,功效,益气阴
108,58,功效,补五脏
108,59,功效,润枯燥
108,60,病症,消渴烦闷
108,61,病症,常热
108,62,病症,身体枯燥
108,63,病症,黄瘦
108,64,食疗方,黄雌鸡羹方
108,65,功效,添精补髓
108,66,功效,益气固摄
108,67,功效,和调脏腑
108,68,病症,精损气虚
108,69,病症,烦渴
108,70,病症,小便黄色
108,71,食疗方,鹿头方
108,72,功效,平补精气
108,73,功效,益阳滋阴
108,74,病症,精气虚弱
108,75,病症,消渴
108,76,病症,诸药不瘥
108,77,病症,黄瘦力弱
109,1,病症,风热上攻
109,2,病症,头旋晕闷
109,3,病症,外风走注疼痛
109,4,病症,肠胃有风
109,5,病症,肾脏有风
109,6,病症,老人一切风
109,7,病症,外感之风
109,8,病症,真中之风
109,9,病症,内动之风
109,10,病症,痹痛之风
109,11,病症,惊痫之风
109,12,病症,四时伤寒
109,13,病症,卒中急风
109,14,病症,筋骨之风
109,15,病症,肠寒便白
109,16,病症,脾寒有积
109,17,病症,心脾积热
109,18,病症,流注脚膝疼痛
109,19,病症,上焦客热
109,20,病症,滞痰
109,21,病症,老人痰涎多
109,22,病症,痰厥头痛
109,23,病症,癫痫
109,24,病症,胸闷
109,25,病症,咳逆
109,26,病症,老人一切气闷
109,27,病症,醋心腹胀
109,28,病症,胸膈不利
109,29,病症,积滞癜疲
109,30,病症,元气不足
109,31,病症,心腹诸疾作痛
109,32,病症,气滞
109,33,病症,妇人气瘰
109,34,病症,老人不思饮食
109,35,病症,胸膈走注
109,36,病症,心腹刺痛
109,37,食疗方,旋复花散
109,38,食疗方,羌活丸
109,39,食疗方,七圣散
109,40,食疗方,藁本散
109,41,食疗方,七圣丸
109,42,食疗方,香枳汤
109,43,食疗方,羌活散
109,44,食疗方,乌犀丸
109,45,食疗方,四顺散
109,46,食疗方,香草散
109,47,食疗方,北庭丸
109,48,食疗方,黄芪散
109,49,食疗方,枇杷叶散
109,50,食疗方,人参半夏丸
109,51,食疗方,调中人参木香散
109,52,食疗方,丁香丸
109,53,食疗方,橘皮煮散
109,54,食疗方,匀气散
109,55,食疗方,枳壳木香散
109,56,功效,疏风清热
109,57,功效,化痰降逆
109,58,功效,养阴行血
109,59,功效,搜风胜湿
109,60,功效,益气助阳
109,61,功效,散寒止痛
109,62,功效,滋阴养血
109,63,功效,除烦定惊
109,64,功效,消痰止痛
109,65,功效,熄风开窍
109,66,功效,解表散寒
109,67,功效,平喘止咳
109,68,功效,除风胜湿
109,69,功效,驱寒止痛
109,70,功效,补益肝肾
109,71,功效,强壮筋骨
109,72,功效,益元气
109,73,功效,清虚热
109,74,功效,凉血解毒排脓
109,75,功效,坠痰涎
109,76,功效,和脾胃
109,77,功效,温胃行气
109,78,功效,散瘀软坚
109,79,功效,消积通便
109,80,功效,健脾温中
109,81,功效,行气消积
109,82,功效,散满止痛
109,83,功效,调风顺气
110,1,食材,黄芪
110,2,食味,甘
110,3,食性,微温
110,4,功效,补气固表
110,5,功效,利尿强心
110,6,医家,李时珍
110,7,古籍来源,《本草纲目 .草一 .黄耆》
110,8,食材,童子鸡
110,9,烹饪方法,蒸
110,10,功效,治疗体弱疾病
110,11,食材,葱
110,12,食材,茴香
110,13,食材,酒
110,14,食材,秋油
110,15,食材,脂油
110,16,烹饪方法,煨
111,1,食材,阳羡茶
111,2,食材,雀舌
111,3,食材,洞庭君山茶
111,4,食材,龙井茶
111,5,食材,六安
111,6,食材,银针
111,7,食材,毛尖
111,8,食材,梅片
111,9,食材,安化
111,10,食材,君山茶
111,11,食材,君山银针
111,12,医家,方毓川
111,13,医家,方世俊
111,14,古籍来源,注释
112,1,食材,甲鱼
112,2,烹饪方法,煮
112,3,烹饪方法,去骨
112,4,烹饪方法,起油锅
112,5,烹饪方法,炮炒
112,6,食材,酱水
112,7,食材,葱
112,8,食材,椒
112,9,烹饪方法,收汤成卤
112,10,烹饪方法,起锅
112,11,食材,脂油
112,12,烹饪方法,煎
112,13,食材,水
112,14,食材,秋油
112,15,食材,酒
112,16,烹饪方法,煨
112,17,烹饪方法,武火
112,18,烹饪方法,文火
112,19,食材,蒜
112,20,食材,姜
112,21,食材,糖
112,22,食材,甲鱼
112,23,食材,童子脚鱼
113,1,食材,蘑菇
113,2,食材,莱油
113,3,食材,酒
113,4,食材,鸡
113,5,食材,甜酒
113,6,食材,笋
113,7,食材,葱
113,8,食材,椒
113,9,食材,冰糖
113,10,食材,雏鸡胸肉
113,11,食材,猪油
113,12,食材,麻油
113,13,食材,纤粉
113,14,食材,盐花
113,15,食材,姜汁
113,16,食材,花椒末
113,17,食材,雪梨
113,18,食材,香蕈
113,19,烹饪方法,泡发
113,20,烹饪方法,漂
113,21,烹饪方法,擦
113,22,烹饪方法,爆炒
113,23,烹饪方法,滚煮
113,24,烹饪方法,煨煮
113,25,烹饪方法,炒
113,26,烹饪方法,熬熟
113,27,烹饪方法,盛
114,1,食材,牛肉
114,2,食材,牛舌
114,3,食材,羊
114,4,食材,鹿
114,5,烹饪方法,清煨
114,6,烹饪方法,收汤
114,7,禁忌,不可加别物配搭
115,1,食材,猪肉
115,2,食材,猪头
115,3,食材,甜酒
115,4,食材,葱
115,5,食材,八角
115,6,食材,秋油
115,7,食材,糖
115,8,食材,开水
115,9,食材,八角茴香
115,10,烹饪方法,煮
115,11,烹饪方法,煨
115,12,烹饪方法,蒸
115,13,烹饪方法,焖
115,14,古籍来源,《特牲单》
116,1,食材,燕窝
116,2,食材,泉水
116,3,食材,嫩鸡汤
116,4,食材,火腿汤
116,5,食材,新蘑菇
116,6,食材,肉丝
116,7,食材,鸡丝
116,8,食材,生燕窝
116,9,食材,蘑菇丝
116,10,食材,笄尖丝
116,11,食材,鲫鱼肚
116,12,食材,嫩野鸡片
116,13,食材,冬瓜
116,14,食材,鸡汁
116,15,食材,蘑菇汁
116,16,食材,海参
116,17,食材,小刺参
116,18,食材,肉汤
116,19,食材,鸡肉两汁
116,20,食材,香蕈
116,21,食材,木耳
116,22,食材,芥末
116,23,食材,冷海参丝
116,24,食材,笋丁
116,25,食材,香蕈丁
116,26,食材,鸡汤
116,27,食材,豆腐皮
116,28,食材,鸡腿
116,29,烹饪方法,泡
116,30,烹饪方法,挑
116,31,烹饪方法,烧煮
116,32,烹饪方法,滚泡
116,33,烹饪方法,煨
116,34,烹饪方法,拌
116,35,烹饪方法,切
116,36,禁忌,不可与油腻的食物混杂
116,37,禁忌,不可与质地较硬或带骨头的食物混配
116,38,养生原则,以柔配柔
116,39,养生原则,以清入清
117,1,食材,鲥鱼
117,2,食材,边鱼
117,3,烹饪方法,去鳞
117,4,烹饪方法,蒸
117,5,烹饪方法,煎
117,6,食材,酒
117,7,食材,秋油
117,8,食材,香蕈
117,9,食材,笋尖
117,10,古籍来源,《水族有鳞单》
118,1,食材,麻雀
118,2,食材,鹩鹑
118,3,食材,黄雀
118,4,食味,甘
118,5,食味,鲜
118,6,烹饪方法,煨煮
118,7,烹饪方法,煨
118,8,烹饪方法,炒
118,9,禁忌,不要吃入间豢养的动物
118,10,古籍来源,六合
120,1,食材,鸡蛋
120,2,食材,蛋清
120,3,食材,鸡汁
120,4,食材,茭瓜
120,5,食材,笋脯
120,6,食材,牛首
120,7,烹饪方法,敲开
120,8,烹饪方法,倒出
120,9,烹饪方法,去掉
120,10,烹饪方法,加入
120,11,烹饪方法,搅拌
120,12,烹饪方法,装回
120,13,烹饪方法,封好
120,14,烹饪方法,蒸熟
120,15,烹饪方法,剥去
120,16,烹饪方法,腌制
120,17,烹饪方法,风干
120,18,烹饪方法,切片
120,19,烹饪方法,制
120,20,烹饪方法,煨
120,21,烹饪方法,僧制
120,22,食味,鲜
121,1,烹饪方法,加热
121,2,烹饪方法,调味
121,3,烹饪方法,爆
121,4,烹饪方法,熘
121,5,烹饪方法,炸
121,6,烹饪方法,炖
121,7,烹饪方法,煨
121,8,烹饪方法,焖
121,9,烹饪方法,熬制
121,10,养生原则,火候有度
122,1,古籍来源,《茶酒单》
122,2,食材,泉水
122,3,食材,河水
122,4,食材,井水
122,5,食材,湖水
122,6,食材,茶叶
122,7,食材,武夷茶
122,8,食材,龙井茶
122,9,食材,常州阳羡茶
122,10,食材,洞庭君山茶
122,11,烹饪方法,泡茶
122,12,烹饪方法,保存
122,13,医家,袁氏
124,1,食材,鱼翅
124,2,食材,火腿
124,3,食材,鸡汤
124,4,食材,鲜笄
124,5,食材,冰糖
124,6,食材,萝卜丝
124,7,食材,海参
124,8,食材,鳆鱼
124,9,食材,豆腐
124,10,食材,鸭
124,11,烹饪方法,煮
124,12,烹饪方法,煨
124,13,烹饪方法,炒
124,14,烹饪方法,削片
124,15,烹饪方法,焯
124,16,病症,生硬
124,17,病症,硬直
124,18,医家,吴道士
124,19,医家,郭耕礼
124,20,医家,杨中丞
124,21,医家,庄太守
125,1,食材,山药
125,2,食材,腐皮
125,3,烹饪方法,煮
125,4,烹饪方法,煎
125,5,食材,秋油
125,6,食材,酒
125,7,食材,糖
125,8,食材,瓜姜
125,9,食材,珍珠菜
125,10,食材,豆腐
125,11,食材,猪油
125,12,食材,盐花
125,13,食材,甜酒
125,14,食材,大虾米
125,15,食材,小虾米
125,16,烹饪方法,熬
125,17,烹饪方法,滚泡
125,18,烹饪方法,滚
125,19,烹饪方法,起锅
125,20,古籍来源,《素莱单》
126,1,食材,葱
126,2,食材,笋
126,3,食材,椒
126,4,食材,豆粉
126,5,食材,肉
126,6,烹饪方法,切
126,7,烹饪方法,捣
126,8,烹饪方法,煎
126,9,烹饪方法,炒
126,10,烹饪方法,作羹
126,11,古籍来源,《论语.卫灵公》
127,1,食材,蛏
127,2,食材,五花肉
127,3,食材,车螯
127,4,食材,麻油
127,5,食材,秋油
127,6,食材,豆腐
127,7,食材,猪油
127,8,食材,鸡汤
127,9,食材,蛏干
127,10,食材,虾饼
127,11,食材,蚶干
127,12,烹饪方法,炒
127,13,烹饪方法,煮
127,14,烹饪方法,煨
127,15,烹饪方法,煎制
127,16,烹饪方法,泡
127,17,烹饪方法,滚水煮
127,18,烹饪方法,捶烂
127,19,烹饪方法,晒
127,20,烹饪方法,发
127,21,烹饪方法,焖
127,22,烹饪方法,烹煮
127,23,医家,程泽弓
130,1,食材,鳗鱼
130,2,食材,河鳗
130,3,食材,秋油
130,4,食材,葱
130,5,食材,姜
130,6,食材,芡粉
130,7,食材,山药
130,8,烹饪方法,清煨
130,9,烹饪方法,煨
130,10,烹饪方法,蒸
130,11,烹饪方法,红煨
130,12,禁忌,最忌剔出骨头烹制
130,13,禁忌,不可去鳞
130,14,医家,顾比部
130,15,医家,袁致华
130,16,古籍来源,译文1
131,1,食材,甲鱼
131,2,食材,裙
131,3,食材,鳗鱼
131,4,食材,河鳗
131,5,食材,秋油
131,6,食材,冬腌新芥菜
131,7,食材,葱
131,8,食材,姜
131,9,食材,纤粉
131,10,食材,山药
131,11,食材,酒
131,12,食材,水
131,13,食材,桂
131,14,食材,鲥鱼
131,15,烹饪方法,煨
131,16,烹饪方法,蒸
131,17,烹饪方法,斩
131,18,烹饪方法,洗
131,19,烹饪方法,去
131,20,烹饪方法,摆布
131,21,烹饪方法,起锅
131,22,烹饪方法,干煨
131,23,烹饪方法,蒸
131,24,烹饪方法,煨烂
131,25,烹饪方法,杀
131,26,烹饪方法,兑
131,27,烹饪方法,起笼
131,28,医家,袁氏
131,29,古籍来源,《水族无鳞单》
132,1,食材,瓢莱心
132,2,食材,菠菜
132,3,食材,豆腐
132,4,食材,笋尖
132,5,食材,香蕈
132,6,烹饪方法,炒
132,7,烹饪方法,煮
132,8,食疗方,金镶自玉板
132,9,医家,壬孟亭
132,10,医家,壬箴舆
133,1,古籍来源,袁氏《点心单》
133,2,食材,栗
133,3,食材,纯糯粉
133,4,食材,糖
133,5,食材,瓜仁
133,6,食材,松子
133,7,食味,咸
133,8,食味,甜
133,9,食材,韭菜
133,10,食材,肉
133,11,食材,面皮
133,12,食材,油
133,13,食材,酥
133,14,食材,鸡豆
133,15,食材,微粉
133,16,食材,鸡蛋清
133,17,食材,飞面
133,18,食材,冰糖
133,19,食材,松仁屑子
133,20,食材,胡桃仁
133,21,食材,糖屑
133,22,食材,脂油
133,23,食材,面
133,24,食材,芝麻
133,25,食材,奶酥
133,26,烹饪方法,蒸
133,27,烹饪方法,煮
133,28,烹饪方法,包
133,29,烹饪方法,灼
133,30,烹饪方法,研碎
133,31,烹饪方法,烘
133,32,烹饪方法,炙
133,33,烹饪方法,和
133,34,烹饪方法,罗
133,35,食疗方,粉衣
133,36,食疗方,韭合
133,37,食疗方,杨中丞西洋饼
133,38,食疗方,烧饼
133,39,食疗方,陶方伯十景点心
133,40,医家,袁氏
134,1,医家,郭璞
134,2,食材,刀鱼
134,3,食材,蜜酒
134,4,食材,清酱
134,5,烹饪方法,蒸
134,6,烹饪方法,刮
134,7,烹饪方法,抽
134,8,食材,火腿汤
134,9,食材,鸡汤
134,10,食材,笄汤
134,11,烹饪方法,煨
134,12,烹饪方法,煎
134,13,烹饪方法,切
134,14,古籍来源,江赋
135,1,食材,糯米
135,2,古籍来源,《周官》
135,3,医家,郑康成
135,4,医家,郑玄
135,5,古籍来源,《周礼.天官.酒正》
136,1,食材,鸡
136,2,食材,鸭
136,3,食材,猪
136,4,食材,鹅
136,5,食材,腰子
136,6,食材,鸡蛋
136,7,食材,鲜鱼
136,8,食材,蚶
136,9,食材,蛤
136,10,食味,咸
136,11,食味,淡
136,12,烹饪方法,煎
136,13,烹饪方法,炒
136,14,烹饪方法,煨
136,15,烹饪方法,煮
136,16,古籍来源,《须知单》
136,17,古籍来源,《随园食单》
136,18,医家,袁氏
137,1,食材,燕窝
137,2,食材,海参
137,3,食材,鱼翅
137,4,食材,鹿筋
137,5,食材,鸭
137,6,食材,鱼
137,7,食材,鳗
137,8,食材,韭
137,9,食材,莱
137,10,食材,鳖
138,1,食材,猪油
138,2,食材,燕窝
138,3,食材,豆腐
138,4,食材,海菜
138,5,食材,蔬笋
138,6,食材,鸡
138,7,食材,猪
138,8,食材,鱼
138,9,食材,鸭
138,10,食材,海参
138,11,烹饪方法,熬
138,12,烹饪方法,煮
140,1,食材,鱼
140,2,食材,鳗
140,3,食材,韭
140,4,食材,莱
140,5,食材,葱
140,6,食材,椒
140,7,烹饪方法,切
140,8,烹饪方法,捣
140,9,古籍来源,《内则》
140,10,古籍来源,《随园食单》
141,1,食材,菱实
141,2,食材,蜜
141,3,食材,姜
141,4,食材,荔枝
141,5,食味,甘
141,6,食味,微酸
141,7,食性,温
141,8,功效,主烦渴
141,9,功效,美颜色
141,10,功效,通神健
141,11,功效,益人
141,12,功效,解丹石毒
141,13,功效,消瘤赘
141,14,功效,治心痛
141,15,病症,赤胂
141,16,烹饪方法,烧
141,17,食材,酒
141,18,病症,小肠气
141,19,食材,圆眼
141,20,食味,甘
141,21,食性,平
141,22,功效,主五脏邪气
141,23,功效,安志
141,24,功效,压食
141,25,功效,除蛊毒
141,26,功效,轻身不老
141,27,功效,通神明
141,28,食材,松子
141,29,食味,甘
141,30,食性,温
141,31,功效,主风寒气
141,32,功效,虚羸少气
141,33,功效,补不足
141,34,食材,海松子
141,35,功效,主骨节风
141,36,功效,头眩
141,37,功效,去死肌白发
141,38,功效,散水气
141,39,功效,润五脏
141,40,食材,榛子
141,41,食味,甘
141,42,食性,平
141,43,功效,益气力
141,44,功效,实肠胃
141,45,功效,调中
141,46,功效,不饥
141,47,功效,健行
141,48,食材,槟榔
141,49,食味,辛
141,50,食性,温
141,51,功效,消谷逐水
141,52,功效,除痰癖
141,53,功效,泄满
141,54,功效,下气
141,55,功效,宜脏腑壅滞
141,56,功效,坠诸药下行
141,57,功效,杀三虫
141,58,禁忌,多食伤真气
141,59,食材,葫酱叶
141,60,食材,蚬灰
141,61,病症,吐红
141,62,食材,黄精
141,63,食味,甘
141,64,食性,平
141,65,功效,补中益气
141,66,功效,除风湿
141,67,功效,益脾润肺
141,68,烹饪方法,九蒸九暴
141,69,禁忌,多食令脏腑冷
141,70,禁忌,损阳气
141,71,禁忌,阴不强
141,72,禁忌,不益脾
141,73,禁忌,且难化
141,74,功效,长生
142,1,食材,白马肉
142,2,食味,辛苦
142,3,食性,冷
142,4,功效,主热下气
142,5,功效,长筋
142,6,功效,强腰脊
142,7,功效,强志
142,8,功效,轻身不饥
142,9,食材,茎
142,10,食味,咸
142,11,食性,平
142,12,功效,无毒
142,13,功效,主伤中绝脉
142,14,病症,男子阴痿不起
142,15,功效,坚长
142,16,功效,益气
142,17,功效,长肌肉
142,18,功效,肥健生子
142,19,病症,小儿惊痫
142,20,食材,肺
142,21,食性,寒
142,22,脏腑,心
142,23,功效,主喜志
142,24,病症,痢
142,25,食材,眼
142,26,病症,惊痼
142,27,病症,腹满
142,28,病症,疟疾
142,29,食材,悬蹄
142,30,病症,惊邪
142,31,病症,瘼疯
142,32,病症,乳难
142,33,病症,衄血
142,34,病症,内漏崩
142,35,功效,辟恶气鬼毒
142,36,功效,蛊疰不祥
142,37,食材,齿
142,38,病症,小儿马痫
142,39,烹饪方法,水磨服
142,40,食材,头骨
142,41,功效,令人不睡
142,42,食材,髻毛
142,43,病症,女子崩中赤自
142,44,食材,膏
142,45,功效,主生发
142,46,食材,脯
142,47,食材,溺
142,48,食味,辛
142,49,食性,微寒
142,50,功效,主消渴
142,51,功效,破癜坚积聚
142,52,病症,男子伏梁积疝
142,53,病症,妇人疲疾
142,54,烹饪方法,铜器盛饮之
142,55,病症,鳖疲
142,56,病症,头疮自秃
142,57,食材,屎
142,58,食材,马通
142,59,食性,微温
142,60,功效,主妇人崩中
142,61,功效,止渴
142,62,功效,吐下血
142,63,病症,鼻衄
142,64,病症,金创
142,65,功效,止血
142,66,食材,肝
142,67,食性,大毒
142,68,禁忌,食而死者多矣
142,69,禁忌,食马留肝
142,70,食材,马肉
142,71,食材,苍耳
142,72,食材,生姜
142,73,禁忌,不可与仓米同食
142,74,食材,仓米
142,75,禁忌,自马黑蹄
142,76,禁忌,头青蹄黑
142,77,禁忌,脊而斑
142,78,食材,牝马
142,79,食材,豹肉
142,80,食味,酸
142,81,食性,平
142,82,功效,无毒
142,83,功效,主安五脏
142,84,功效,补绝伤
142,85,功效,轻身益气
142,86,功效,久服利人
142,87,功效,耐寒暑
142,88,食材,脂
142,89,烹饪方法,合生发膏
142,90,食材,齿骨
142,91,食材,象肉
142,92,食味,淡
142,93,禁忌,多食令人体重
142,94,食材,牙
142,95,功效,无毒
142,96,功效,主诸铁及杂物
143,1,食材,水芹
143,2,食材,荞莱
143,3,食味,甘
143,4,食味,苦
143,5,食性,大寒
143,6,病症,时行壮热
143,7,病症,风热毒
143,8,病症,热毒痢
143,9,功效,开胃通膈
143,10,病症,小儿热
143,11,食材,茼蒿
143,12,食性,平
143,13,功效,安气
143,14,功效,养脾胃
143,15,功效,消水饮
143,16,禁忌,多食动风气薰心
143,17,禁忌,令气满
143,18,食材,蕨
143,19,食味,甘
143,20,食性,寒滑
143,21,功效,去暴热
143,22,功效,利水道
143,23,功效,令人睡
143,24,食性,寒
143,25,功效,补五脏不足
143,26,病症,气壅经络
143,27,病症,筋骨间青气
143,28,禁忌,令人消阳事
143,29,禁忌,令眼暗
143,30,禁忌,鼻中塞
143,31,禁忌,发落
143,32,古籍来源,《搜神记》
143,33,食材,茭白
143,34,食味,甘
143,35,功效,去烦热
143,36,功效,主五脏邪气
143,37,病症,肠胃痼热
143,38,病症,心胸浮热
143,39,病症,消渴
143,40,功效,利小便
143,41,禁忌,多食令人下焦冷
143,42,禁忌,发冷气
143,43,禁忌,伤阻道
143,44,禁忌,不可同蜜食
143,45,食材,紫菜
143,46,食味,甘
143,47,食性,寒
143,48,功效,下热解烦
143,49,病症,瘿瘤结气
143,50,禁忌,不可多食
143,51,禁忌,令人腹痛
143,52,食材,鹿角莱
143,53,食性,大寒
143,54,功效,下热风气
143,55,病症,小儿骨蒸
143,56,功效,解面热
143,57,禁忌,不可久食
143,58,禁忌,发痼疾
143,59,禁忌,损经络血气
143,60,禁忌,令脚冷痹
143,61,禁忌,损腰肾
143,62,禁忌,少颜色
143,63,食材,薹菹
144,1,食性,平
144,2,功效,益脾胃
144,3,食材,昌侯鱼
144,4,食味,甘
144,5,食性,平
144,6,功效,益气肥健
144,7,禁忌,有毒
144,8,禁忌,令人痢下
144,9,食材,鲸鱼
144,10,食性,平
144,11,功效,补五脏
144,12,功效,益筋骨
144,13,功效,和脾胃
144,14,食材,嘉鱼
144,15,食味,甘
144,16,食性,温
144,17,功效,令人肥健悦泽
144,18,功效,益人
144,19,食材,鸟贼鱼
144,20,食味,咸
144,21,食性,平
144,22,功效,主益气强志
144,23,功效,通月经
144,24,古籍来源,《素问》
144,25,食材,章举鱼
144,26,食材,石矩
144,27,食材,黄颊鱼
144,28,食味,甘
144,29,食性,平
144,30,功效,醒酒
144,31,功效,不益人
144,32,功效,能祛风
144,33,食材,比目鱼
144,34,食性,平
144,35,功效,补虚
144,36,功效,益气力
144,37,禁忌,多食稍动气
144,38,食材,鲺鱼
144,39,食材,邵阳鱼
144,40,功效,主瘴疟
144,41,禁忌,有毒
144,42,禁忌,人犯之至死
144,43,食材,艄鱼
144,44,食味,甘
144,45,食性,平
144,46,功效,主五野鸡痔下血
144,47,病症,瘀血
144,48,食材,鳢鱼
144,49,食材,肝
144,50,功效,主恶疮癣疥
144,51,古籍来源,《诗》
144,52,食材,鲨鱼
144,53,功效,补五脏
144,54,功效,主蛊气蛊疰
144,55,食材,鲛鱼
146,1,病症,脚痹
146,2,病症,破癀疲结血
146,3,禁忌,多食损阻气
146,4,病症,发疮
146,5,病症,口齿痛
146,6,病症,生腹中诸虫
146,7,食材,董莱
146,8,食味,甘
146,9,食性,寒
146,10,功效,无毒
146,11,功效,主蛇蝎毒及痈肿
146,12,功效,除心烦热
146,13,禁忌,令人身体懈堕多睡
146,14,食味,苦
146,15,功效,主寒热
146,16,食材,苜蓿
146,17,食味,甘
146,18,食味,淡
146,19,功效,利大小肠
146,20,烹饪方法,煮羹
146,21,功效,益人
146,22,食材,落葵
146,23,食味,酸
146,24,食性,寒
146,25,功效,无毒
146,26,功效,主滑中
146,27,功效,散热
146,28,功效,主悦泽人面
146,29,病症,犬咬
146,30,禁忌,终身不差
146,31,食材,秦荻梨
146,32,食味,辛
146,33,食性,温
146,34,功效,无毒
146,35,功效,主心腹冷胀
146,36,功效,下气消食
146,37,功效,破气
146,38,食材,甘蓝
146,39,食性,平
146,40,功效,补骨髓
146,41,功效,利脏腑并关节
146,42,功效,通经络中结气
146,43,功效,明耳目
146,44,功效,健人少睡
146,45,功效,益心力
146,46,功效,壮筋骨
146,47,病症,黄毒
146,48,烹饪方法,煮作菹
146,49,功效,去心结火气
146,50,食材,翘摇莱
146,51,食味,辛
146,52,食性,平
146,53,功效,无毒
146,54,功效,主破血
146,55,功效,止血生肌
146,56,功效,主五种黄病
146,57,烹饪方法,煮热
146,58,功效,益人
146,59,功效,和五脏
146,60,功效,明耳目
146,61,功效,去热风
146,62,功效,令人轻健
146,63,食材,荏莱
146,64,食味,辛
146,65,食性,温
146,66,功效,无毒
146,67,功效,主调中
146,68,功效,去臭气
146,69,功效,主咳逆下气
146,70,功效,温中补体
146,71,烹饪方法,榨油
146,72,功效,止渴润肺
146,73,食材,萝勒菜
146,74,食味,辛
146,75,食性,温
146,76,功效,微毒
146,77,功效,调中消食
146,78,功效,去恶气
146,79,功效,消水气
146,80,禁忌,多食壅关节
146,81,禁忌,涩荣卫
146,82,禁忌,令血脉不行
146,83,禁忌,动风
146,84,禁忌,发脚气
146,85,病症,齿根烂疮
146,86,功效,主目翳
146,87,病症,风赤眵泪
146,88,功效,主小儿黄烂疮
146,89,医家,丹溪
147,1,食材,龟
147,2,食材,蛙
147,3,食材,蛤蚧
147,4,食材,水母
147,5,食材,鲮鱼
147,6,食材,贝子
147,7,食材,鼋
147,8,食材,鼍肉
147,9,食材,玳瑁
147,10,食材,海蛤
147,11,食材,虾蟆
147,12,食味,咸
147,13,食味,甘
147,14,食味,辛
147,15,食性,寒
147,16,食性,平
147,17,功效,补阴
147,18,功效,去瘀血
147,19,功效,续筋骨
147,20,功效,补阴血亏
147,21,功效,补心
147,22,功效,主飞尸蛊毒
147,23,功效,止痛
147,24,功效,主久肺劳
147,25,功效,传尸
147,26,功效,杀鬼邪
147,27,功效,疗嗽
147,28,功效,下淋
147,29,功效,通水道
147,30,功效,主生气
147,31,功效,主五邪惊啼悲伤
147,32,功效,疗蚁瘘
147,33,功效,主目翳
147,34,功效,下血
147,35,功效,利水道
147,36,功效,解肌
147,37,功效,明目去热毒
147,38,功效,补虚
147,39,功效,主少气
147,40,功效,主解百药毒
147,41,功效,主效逆上气
147,42,功效,疗阴痿
147,43,功效,主邪气
147,44,功效,破癀坚血
147,45,病症,劳倦
147,46,病症,蛊毒
147,47,病症,瘴疟
147,48,病症,肌疮脐伤
147,49,病症,妇人劳损
147,50,病症,血带
147,51,病症,小儿风疾
147,52,病症,丹毒
147,53,病症,鬼疰
147,54,病症,腹痛
147,55,病症,五癃
147,56,病症,结热
147,57,病症,喘息烦满
147,58,病症,胸膈寒热
147,59,病症,痈肿阴疮
147,60,烹饪方法,腌
147,61,烹饪方法,炙
147,62,烹饪方法,酒食
147,63,禁忌,有毒
147,64,禁忌,小毒
148,1,食材,决明莱
148,2,功效,明目清心
148,3,病症,头眩风
148,4,食味,甘
148,5,食性,温
148,6,食材,芎苗
148,7,食味,辛
148,8,食性,温
148,9,功效,主咳逆
148,10,功效,定惊风
148,11,功效,辟邪恶
148,12,功效,除蛊毒鬼疰
148,13,功效,去三虫
148,14,功效,久服通神
148,15,食材,禅@莱
148,16,食味,辛
148,17,食材,荇莱
148,18,烹饪方法,淹
148,19,食材,羊蹄菜
148,20,食味,苦
148,21,食性,寒
148,22,功效,治疬疡风
148,23,病症,大便卒涩结不通
148,24,病症,喉@痹卒不能语
148,25,病症,肠风痔泻血
148,26,病症,产后风
148,27,烹饪方法,煎
148,28,古籍来源,《诗》
148,29,食材,葫翥@
148,30,食味,辛
148,31,食性,寒
148,32,病症,消渴
148,33,烹饪方法,捣碎
148,34,烹饪方法,煮
148,35,烹饪方法,为茹
148,36,食材,地蚕
148,37,烹饪方法,瀹
148,38,食材,假苏
148,39,食味,辛
148,40,食性,温
148,41,功效,主除寒热
148,42,病症,鼠瘘瘰疬
148,43,病症,生疮
148,44,功效,破结聚气
148,45,功效,下瘀血
148,46,功效,除湿痹
148,47,功效,辟邪气
148,48,功效,通利血脉
148,49,脏腑,五脏
148,50,功效,发汗
148,51,病症,渴消
148,52,功效,除冷风
148,53,病症,头风眩晕
148,54,病症,妇人血风
149,1,古籍来源,政和本草
149,2,古籍来源,食物本草
149,3,医家,李杲
149,4,医家,李肘珍
149,5,医家,姚可成
149,6,医家,卢和
149,7,医家,朱丹溪
149,8,医家,程充
149,9,古籍来源,丹溪纂要
149,10,古籍来源,格致余论
149,11,古籍来源,丹溪心法
150,1,食材,葱
150,2,食材,蔓菁
150,3,食材,菘莱
150,4,食材,芥莱
150,5,食味,辛
150,6,食味,甘
150,7,食性,温
150,8,食性,寒
150,9,归经,归鼻
150,10,功效,益瞳精
150,11,功效,杀百药毒
150,12,功效,通大小肠
150,13,功效,疗霍乱转筋
150,14,功效,奔豚气
150,15,功效,脚气
150,16,功效,心腹痛
150,17,功效,目眩及心迷闷
150,18,功效,止衄
150,19,功效,杀一切鱼肉毒
150,20,功效,治打扑损并刀杖疮
150,21,功效,贴蛇虫伤
150,22,功效,治蚯蚓毒
150,23,功效,发散
150,24,功效,利五脏
150,25,功效,消食益气
150,26,功效,令人肥健
150,27,功效,利肠胃
150,28,功效,除烦
150,29,功效,解酒渴
150,30,功效,去鱼腥
150,31,功效,消食下气
150,32,功效,治瘴
150,33,功效,止热嗽胸膈闷
150,34,功效,行风气
150,35,功效,去邪热
150,36,功效,除肾邪
150,37,功效,利九窍
150,38,功效,明耳目
150,39,功效,安中
150,40,功效,除邪气
150,41,功效,止咳嗽冷气
150,42,功效,去头面风
150,43,功效,发汗
150,44,功效,治骨节痛
150,45,病症,皮肤风痒
150,46,病症,恶疮
150,47,病症,水肿
150,48,病症,射工
150,49,病症,疰气
150,50,病症,疝气
150,51,病症,胸膈痰冷
150,52,病症,面黄
150,53,病症,游肿
150,54,禁忌,忌与蜜同食
150,55,禁忌,多食昏人神
150,56,禁忌,不益人
150,57,禁忌,食之觉冷
150,58,禁忌,夏至前食
150,59,禁忌,动气发病
150,60,禁忌,服甘草勿食
150,61,禁忌,令病不愈
150,62,禁忌,北人往南患足疾者勿食
150,63,禁忌,多食动风气
150,64,禁忌,发丹石
150,65,禁忌,不可同兔肉食
150,66,烹饪方法,研
150,67,烹饪方法,糟食
150,68,烹饪方法,和药为膏
150,69,烹饪方法,为末
150,70,烹饪方法,敷
150,71,医家,丹溪
150,72,食材,姜
150,73,食材,猪胆
150,74,食材,青芥
150,75,食材,胡葱
150,76,食材,汉葱
150,77,食材,楼葱
150,78,食材,龙角葱
150,79,食材,紫花菘
150,80,食材,牛肚菘
150,81,食材,紫菘
150,82,食材,自菘
151,1,食材,鹳
151,2,食味,咸
151,3,食性,平
151,4,功效,无毒
151,5,病症,头风眩
151,6,病症,颠倒痫疾
151,7,食材,鹘鹇
151,8,食材,鸠
151,9,食味,咸
151,10,食性,平
151,11,功效,无毒
151,12,功效,助气益脾胃
151,13,烹饪方法,煮
151,14,烹饪方法,炙
151,15,食材,啄木鸟
151,16,食性,平
151,17,功效,无毒
151,18,病症,痔瘘
151,19,烹饪方法,烧
151,20,病症,牙齿疳璧
151,21,烹饪方法,烧
151,22,食材,黄鸟
151,23,食味,甘
151,24,食性,温
151,25,功效,补阳益脾
151,26,食材,天鹅
151,27,食味,甘
151,28,食性,平
151,29,功效,无毒
151,30,烹饪方法,腌
151,31,烹饪方法,炙
151,32,食材,绒毛
151,33,病症,刀杖疮
151,34,食材,鹬
151,35,食性,暖
151,36,功效,补虚
151,37,食材,鹗
151,38,烹饪方法,炙
151,39,病症,鼠瘘
151,40,食材,目
151,41,功效,令人夜中见物
151,42,食材,百舌
151,43,病症,虫咬
151,44,烹饪方法,炙
151,45,病症,小儿久不语
151,46,食材,鹭鸶
151,47,食味,咸
151,48,食性,平
151,49,功效,无毒
151,50,病症,瘦虚
151,51,功效,益脾补气
151,52,烹饪方法,炙
151,53,古籍来源,《本草》
151,54,古籍来源,《淮南子》
152,1,食材,葱
152,2,食材,川鸟
152,3,食材,红豆
152,4,食材,姜汁
152,5,食材,浮饭
152,6,食材,蓼汁
152,7,食材,麸面
152,8,食材,红曲
152,9,食材,檀香
152,10,食材,枸杞
152,11,食材,菊花
152,12,食材,葡萄
152,13,食材,桑椹
152,14,食材,狗肉
152,15,食材,黑豆
152,16,食材,乳
152,17,食材,牛肉
152,18,食味,辛
152,19,食味,酸
152,20,食性,热
152,21,食性,温
152,22,食性,寒
152,23,功效,解毒
152,24,功效,破血
152,25,功效,杀毒
152,26,功效,疗打扑伤
152,27,功效,补虚损
152,28,功效,去劳热
152,29,功效,长肌肉
152,30,功效,益颜色
152,31,功效,肥健人
152,32,功效,止肝虚且泪
152,33,功效,清头风
152,34,功效,明耳目
152,35,功效,去痿痹
152,36,功效,开胃健脾
152,37,功效,暖阴起阳
152,38,功效,消百病
152,39,功效,补气调中
152,40,功效,补五脏
152,41,功效,大补
152,42,功效,疗男妇诸风
152,43,功效,产后一切恶疾
152,44,病症,头痛
152,45,病症,口渴
152,46,病症,脚气
152,47,病症,肠风下血
152,48,病症,痔瘘
152,49,病症,哮喘
152,50,病症,劾嗽
152,51,病症,蛊
152,52,病症,阴虚
152,53,病症,冷病
152,54,病症,气急
152,55,病症,腹内生虫
152,56,病症,湿中
152,57,病症,发热
152,58,病症,相火
152,59,病症,痰
152,60,脏腑,肺
152,61,食疗方,豆淋酒
152,62,食疗方,暹罗酒
152,63,烹饪方法,造
152,64,烹饪方法,酿
152,65,烹饪方法,拌
152,66,烹饪方法,炒
152,67,烹饪方法,淋
152,68,禁忌,南人多不宜也
152,69,禁忌,酒不可与乳同饮
152,70,禁忌,白酒同牛肉食
152,71,养生原则,醇酒宜冷饮
152,72,养生原则,先得温中之寒以润
152,73,医家,丹溪
152,74,古籍来源,《事林广记》
153,1,食材,榫柿
153,2,食材,绿柿
153,3,食性,寒
153,4,功效,去胃热
153,5,功效,压丹石药
153,6,功效,利水
153,7,功效,解酒毒
153,8,医家,丹溪
153,9,食材,柿
153,10,功效,止血治嗽
153,11,禁忌,同蟹食即腹痛大泻
153,12,食材,桃
153,13,食味,甘酸
153,14,食性,热
153,15,禁忌,微毒
153,16,功效,益色辟邪
153,17,禁忌,发丹石毒
153,18,禁忌,多食令人有热
153,19,禁忌,服术人忌食
153,20,禁忌,不可与鳖同食
153,21,禁忌,食之浴水成淋病
153,22,食材,仁
153,23,食味,苦甘
153,24,食性,平
153,25,归经,手足厥阴经
153,26,功效,主瘀血血闭
153,27,功效,血结血燥
153,28,功效,癜疲邪气
153,29,功效,杀小虫
153,30,功效,通润大便
153,31,功效,除卒暴击血
153,32,功效,通月水
153,33,功效,止痛
153,34,功效,苦以破滞血
153,35,功效,甘以生新血
153,36,食材,花
153,37,食味,苦
153,38,功效,杀疰恶鬼
153,39,功效,令人好颜色
153,40,功效,除水肿石淋
153,41,功效,利大小便
153,42,功效,杀三虫
153,43,烹饪方法,酒浸
153,44,功效,除百病
153,45,食材,桃枭
153,46,食材,桃实
153,47,功效,主杀百鬼精物
153,48,功效,五毒不祥
153,49,功效,疗中恶腹痛
153,50,功效,破血
153,51,病症,吐血
153,52,烹饪方法,烧灰存性
153,53,烹饪方法,米汤调服
153,54,食材,桃虫
153,55,功效,杀鬼邪恶不祥
153,56,食材,叶
153,57,食味,苦
153,58,功效,主除尸虫
153,59,功效,出疮中虫
153,60,食材,桃胶
153,61,功效,下石淋
153,62,功效,破血
153,63,烹饪方法,炼
153,64,功效,保中不饥
153,65,功效,轻身
153,66,功效,忍风寒
153,67,食材,茎与皮
153,68,食味,苦辛
153,69,功效,除邪鬼中恶腹痛
153,70,功效,去胃中热
153,71,食材,杏
153,72,食味,甘酸
153,73,食性,热
153,74,禁忌,有毒
153,75,禁忌,多食伤筋骨
153,76,禁忌,伤神
153,77,禁忌,盲目
153,78,禁忌,小儿尤不可食
153,79,禁忌,致疡痈及上膈热
153,80,食材,仁
153,81,食味,甘苦
153,82,食性,温
153,83,禁忌,有小毒
153,84,归经,手太阴经
153,85,功效,主咳逆
153,86,病症,上气雷鸣
153,87,病症,喉痹
153,88,功效,下气定喘
153,89,功效,润心肺
153,90,功效,散肺经风寒咳嗽
153,91,功效,消心下急满痛
153,92,功效,散结润燥
153,93,功效,产乳金疮
153,94,病症,寒心奔豚
153,95,医家,丹溪
153,96,医家,东垣
153,97,食材,花
153,98,食味,苦
153,99,功效,主补不足
153,100,病症,女子伤中
153,101,病症,寒热痹
153,102,病症,厥逆
153,103,食材,石榴
153,104,食味,酸
153,105,禁忌,无毒
153,106,功效,主疗咽燥渴
153,107,禁忌,多食损人肺
153,108,禁忌,齿令黑
153,109,食材,榫
153,110,食材,柿
153,111,食材,实似柿而青
153,112,功效,汁可制漆
154,1,食材,饭
154,2,食材,蕹
154,3,食材,甜瓜
154,4,食性,寒
154,5,食味,甘
154,6,功效,止渴
154,7,功效,除烦热
154,8,功效,利小便
154,9,功效,通三焦壅塞气
154,10,病症,中暑气
154,11,病症,口鼻疮
154,12,禁忌,多食令阴下湿痒生疮
154,13,禁忌,动宿冷病
154,14,病症,虚热
154,15,病症,手脚无力
154,16,禁忌,破腹落水沉者
154,17,禁忌,双顶双蒂者
154,18,禁忌,有毒
154,19,禁忌,切不可食
154,20,食材,瓜蒂
154,21,功效,主身面四肢浮肿
154,22,功效,下水
154,23,功效,杀蛊毒
154,24,病症,咳逆上气
154,25,病症,风痫喉风
154,26,病症,痰涎暴塞
154,27,病症,食诸果病在胸腹中
154,28,功效,吐下之
154,29,功效,去鼻中息肉
154,30,功效,疗黄疸
154,31,病症,暴急黄
154,32,食材,花
154,33,功效,主心痛咳逆
154,34,食材,黄瓜
154,35,食味,甘
154,36,食性,寒
154,37,禁忌,有毒
154,38,禁忌,不可多食
154,39,禁忌,动蹇热
154,40,禁忌,多疟疾
154,41,禁忌,发百病
154,42,禁忌,积瘀热
154,43,禁忌,发疰气
154,44,禁忌,令人虚热上逆
154,45,禁忌,发脚气疮疥
154,46,禁忌,不益人
154,47,禁忌,小儿尤忌
154,48,禁忌,滑中生疳虫
154,49,禁忌,不可与醋同食
154,50,食材,丝瓜
154,51,古籍来源,《本草》
154,52,病症,痘疮
154,53,病症,脚痈
154,54,烹饪方法,烧灰
154,55,食性,冷
154,56,功效,解毒
154,57,烹饪方法,煮
154,58,食材,姜
154,59,食材,醋
154,60,烹饪方法,炒
154,61,食材,鸡
154,62,食材,鸭
154,63,食材,猪肉
154,64,食材,瓠子
154,65,食性,寒
154,66,禁忌,有毒
154,67,功效,主大水面目四肢浮肿
154,68,功效,下水
154,69,功效,令人吐
154,70,食性,冷
154,71,禁忌,无毒
154,72,禁忌,微毒
154,73,功效,除烦止渴
154,74,功效,治心热
154,75,功效,利水道
154,76,功效,调心肺
154,77,功效,治石淋
154,78,功效,吐蛔虫
154,79,功效,压丹石
154,80,病症,脚气虚胀
154,81,病症,冷气
154,82,禁忌,食之病增
154,83,食材,葫芦
154,84,食材,莼
154,85,食性,寒
154,86,禁忌,无毒
154,87,功效,主消渴热脾
154,88,食材,鲫鱼
154,89,烹饪方法,作羹
154,90,功效,下水
154,91,功效,利小便
154,92,功效,解百药毒
154,93,功效,下气止呕
154,94,禁忌,其性滑不益脾
154,95,禁忌,多食发痔
154,96,禁忌,损胃及齿发面色
155,1,食材,白狗
155,2,食材,黄狗
155,3,食材,犬肉
155,4,食材,山狗獾
155,5,食材,猪肉
155,6,食材,豚卵
155,7,食材,悬蹄
155,8,食材,心
155,9,食材,肚
155,10,食材,肺
155,11,食材,肝
155,12,食材,肾
155,13,食材,脾
155,14,食材,舌
155,15,食材,头
155,16,食材,脑
155,17,食材,脂膏
155,18,食材,皮
155,19,食材,肠脏
155,20,食性,微寒
155,21,食性,温
155,22,食性,微温
155,23,食味,苦
155,24,食味,甘
155,25,功效,大补
155,26,功效,补阳
155,27,功效,主闭血脉
155,28,功效,弱筋骨
155,29,功效,主惊痫癫病
155,30,功效,奔豚五癃
155,31,功效,邪气挛缩
155,32,功效,主五痔
155,33,功效,伏热在肠
155,34,功效,肠痈内蚀
155,35,功效,主伤挞
155,36,功效,诸败疮
155,37,功效,下乳汁
155,38,功效,主惊邪忧恚
155,39,功效,血不足
155,40,功效,补虚劳
155,41,功效,补中益气
155,42,功效,止渴利
155,43,功效,主骨蒸热劳
155,44,功效,杀劳虫
155,45,功效,补羸
155,46,功效,助血脉
155,47,功效,止痢
155,48,功效,补肺
155,49,功效,主脚气
155,50,功效,冷泄赤白
155,51,功效,藏虚
155,52,功效,和理肾气
155,53,功效,通利膀胱
155,54,功效,消积滞
155,55,功效,主脾胃虚热
155,56,功效,健脾
155,57,功效,补不足
155,58,功效,令人能食
155,59,功效,补虚乏
155,60,功效,去惊痫五痔
155,61,功效,主生发
155,62,功效,主恶疮
155,63,功效,利血脉
155,64,功效,解风热
155,65,功效,皮肤风热
155,66,功效,解斑蝥
155,67,功效,芫菁毒
155,68,功效,杀虫
155,69,功效,解少阴客热
155,70,功效,润燥除烦
155,71,功效,益气断痢
155,72,功效,主下焦虚
155,73,病症,女子带下十二疾
155,74,病症,阴虚发热
155,75,病症,消渴
155,76,病症,阴虚
155,77,病症,疟病
155,78,病症,金疮
155,79,病症,热风
155,80,病症,鬼疰蛊毒
155,81,脏腑,肝
155,82,脏腑,肾
155,83,禁忌,妊娠勿食
155,84,禁忌,不可炙食
155,85,禁忌,不可与蒜同食
155,86,禁忌,顿损人
155,87,禁忌,不可同牛肉煮食
155,88,禁忌,同荞麦食
155,89,禁忌,不可同茱萸食
155,90,禁忌,不可同白花莱食
155,91,禁忌,不可同鱼子食
155,92,禁忌,冬不可食
155,93,禁忌,忌食鸟梅
155,94,烹饪方法,煮
155,95,食材,米粉
156,1,食材,桑耳
156,2,食味,甘
156,3,食性,有毒
156,4,病症,女子赤白带下
156,5,病症,癜癜
156,6,病症,阴痛
156,7,病症,阴阳寒热
156,8,病症,无子
156,9,病症,月水不调
156,10,功效,止泄
156,11,功效,益气
156,12,食材,黄熟白者
156,13,功效,治癖饮积聚
156,14,食性,寒
156,15,食性,无毒
156,16,病症,消渴
156,17,食味,甘辛
156,18,食性,温
156,19,食性,微毒
156,20,功效,止肠风泻血
156,21,病症,妇人心腹痛
156,22,病症,五痔
156,23,食材,柘木上者
156,24,食材,桑槐耳
156,25,病症,五痔心痛
156,26,病症,女子阴中疮痛
156,27,功效,治风破血
156,28,功效,益力
156,29,食材,楮耳
156,30,食材,榆柳耳
156,31,食材,蒌蒿
156,32,食味,甘辛
156,33,食材,莪蒿
156,34,食材,邪蒿
156,35,食材,苦莱
156,36,食味,苦
156,37,食性,褰
156,38,食性,无毒
156,39,脏腑,五脏
156,40,病症,邪气
156,41,病症,谷胃痹
156,42,病症,肠癖
156,43,病症,渴热中疾
156,44,病症,恶疮
156,45,功效,安心益气
156,46,功效,聪察少卧
156,47,功效,轻身耐老
156,48,功效,耐饥
156,49,古籍来源,《月令》
156,50,食材,马兰
156,51,食味,辛
156,52,食性,温
156,53,食材,蘩蒌
156,54,食味,酸
156,55,食性,气平
156,56,食性,无毒
156,57,病症,积年恶疮不愈
156,58,功效,破血
156,59,病症,淋
156,60,烹饪方法,煮
156,61,食材,鸡肠草
157,1,古籍来源,《衍义》
157,2,食材,鸡
157,3,病症,风
157,4,食材,鹜
157,5,食材,肪
157,6,食味,甘
157,7,功效,无毒
157,8,病症,风虚寒热
157,9,古籍来源,《礼》
157,10,食材,野鸭
157,11,食材,凫
157,12,食材,鹜
157,13,古籍来源,《别录》
157,14,食材,鸭肪
157,15,病症,水肿
157,16,医家,陶隐居
157,17,食材,鹜
157,18,食材,家鸭肪
157,19,食材,野鸭
157,20,食性,凉
157,21,功效,无毒
157,22,功效,补中益气
157,23,功效,助力
157,24,功效,大益病人
157,25,功效,消食
157,26,功效,杀十二种虫
157,27,病症,多年小热疮
157,28,食材,刀鸭
157,29,功效,补人虚
157,30,食材,家鸭
157,31,食材,木耳
157,32,食材,胡桃
157,33,食材,豆豉
157,34,食材,油鸭
157,35,食味,味更佳
157,36,食材,鸠
157,37,食味,甘
157,38,食性,平
157,39,功效,无毒
157,40,功效,主明目
157,41,功效,补气
157,42,功效,助阴阳
157,43,古籍来源,《诗》
157,44,食材,鸡
157,45,食材,睢鸠
157,46,食材,水鸟
157,47,食材,黄褐侯
157,48,食材,鸠类
157,49,病症,蚁瘘恶疮
157,50,脏腑,五脏
157,51,功效,助气虚损
157,52,功效,排脓血并一切痈疖
157,53,烹饪方法,五味醯炙
157,54,食材,青鸠
157,55,食材,鹁鸽
157,56,食材,肉
157,57,食性,暖
157,58,功效,无毒
157,59,功效,调精益气
157,60,功效,解一切药毒
157,61,功效,食之益人
157,62,禁忌,若服药人食之。减药力。无效
157,63,病症,恶疮疥癣
157,64,病症,风瘙白癞
157,65,病症,疬疡风
157,66,烹饪方法,炒
157,67,烹饪方法,酒服
157,68,食材,雁
157,69,食味,甘
157,70,食性,平
157,71,功效,无毒
157,72,病症,风挛拘
157,73,病症,偏枯气不通利
157,74,功效,久服益气
157,75,功效,不饥
157,76,功效,轻身耐老
157,77,禁忌,六月勿食
157,78,病症,伤神气
157,79,食材,鸨
157,80,食材,雁类
157,81,食材,鹌鹑
157,82,食味,甘
157,83,食性,平
157,84,功效,补五脏
157,85,功效,益中
157,86,功效,续气
157,87,功效,实筋骨耐寒温
157,88,功效,消结热
157,89,食材,小豆
157,90,食材,生姜
157,91,烹饪方法,煮
157,92,功效,止泄痢
157,93,烹饪方法,酥煎
157,94,功效,令人下焦肥
158,1,食材,乳腐
158,2,功效,润五脏
158,3,功效,利大小便
158,4,功效,益十二经脉
158,5,食材,牛乳
158,6,食材,羊乳
158,7,食材,马乳
158,8,食材,驴乳
158,9,食材,人乳
158,10,医家,张苍
158,11,食材,辣莱
158,12,食味,辛辣
158,13,功效,破气
158,14,功效,烧脾
158,15,病症,五痔
158,16,病症,痈疡
158,17,病症,昏耳目
158,18,病症,浮肿
158,19,病症,虚恚
158,20,食材,子
158,21,食材,油
158,22,食味,甘
158,23,食性,温
158,24,功效,愈百病
158,25,古籍来源,《素问》
158,26,脏腑,五脏
158,27,食味,甘
158,28,脏腑,脾
158,29,食味,苦
158,30,脏腑,心
158,31,食味,咸
158,32,脏腑,肾
158,33,食味,酸
158,34,脏腑,肝
158,35,食味,辛
158,36,脏腑,肺
158,37,禁忌,过食甘则脾伤
158,38,禁忌,过食苦则心伤
158,39,禁忌,过食咸则肾伤
158,40,禁忌,过食酸则肝伤
158,41,禁忌,过食辛则肺伤
158,42,禁忌,厚味发热
158,43,养生原则,饮食无节
158,44,养生原则,养心莫善于寡欲
160,1,食材,野猪肉
160,2,食味,甘
160,3,功效,补肌肤
160,4,功效,令人肥腻
160,5,功效,补五脏
160,6,功效,止肠风下血
160,7,病症,癫痫病
160,8,功效,不发风气
160,9,食材,家猪
160,10,功效,微动风
160,11,禁忌,青蹄者勿食
160,12,食材,肪膏
160,13,烹饪方法,酒浸
160,14,功效,令妇人多乳
160,15,食材,胆
160,16,食味,辛
160,17,食味,甘
160,18,食性,平
160,19,功效,无毒
160,20,功效,主金疮
160,21,功效,止血生肌
160,22,功效,疗癫痫及鬼疰
160,23,食材,麂
160,24,食味,甘
160,25,食性,平
160,26,功效,无毒
160,27,功效,主五痔病
160,28,烹饪方法,燥出
160,29,烹饪方法,以姜醋进之
160,30,禁忌,多食动痼疾
160,31,食性,凉
160,32,功效,有毒
160,33,功效,能堕胎
160,34,病症,发疥疮
160,35,食材,廪
160,36,食材,獐肉
160,37,食味,甘
160,38,食性,温
160,39,功效,无毒
160,40,功效,补益五脏
160,41,禁忌,余月食之动气
160,42,病症,瘦悲疮
160,43,禁忌,食之发痼疾
160,44,禁忌,心粗豪人宜食之
160,45,功效,减其性
160,46,禁忌,胆小人食之愈怯
160,47,禁忌,与鸽食
160,48,病症,成癜髓
160,49,功效,益气力
160,50,功效,悦泽人面
160,51,食材,脐下麝香
160,52,食味,辛
160,53,食性,温
160,54,功效,无毒
160,55,功效,主辟恶气
160,56,功效,杀鬼精物
160,57,病症,瘟疟
160,58,病症,蛊毒
160,59,病症,痫瘗
160,60,功效,去三虫
160,61,功效,疗诸凶邪鬼气
160,62,病症,中恶
160,63,病症,心腹暴痛胀急痞满
160,64,病症,风毒
160,65,病症,妇人产难
160,66,功效,堕胎
160,67,功效,疗蛇毒
160,68,功效,益气补中
160,69,功效,治腰脚
160,70,功效,微补五脏不足
160,71,禁忌,多食令人弱房事
160,72,病症,发脚气
160,73,禁忌,不可近阴
160,74,功效,令痿
160,75,食材,脂
160,76,食味,辛
160,77,食性,温
160,78,功效,主疮肿死肌
160,79,病症,寒风湿痹
160,80,病症,四肢拘缓不收
160,81,病症,风头肿气
160,82,功效,通腠理
160,83,食材,角
160,84,食味,甘
160,85,功效,主脾
160,86,功效,止血
160,87,功效,补虚劳
160,88,功效,益气力
160,89,功效,填骨髓
160,90,功效,暖腰膝
160,91,功效,壮阳道
160,92,食材,茸
160,93,古籍来源,《月令》
161,1,食材,石榴花
161,2,食材,木瓜
161,3,食味,酸
161,4,食性,无毒
161,5,病症,湿痹邪气
161,6,病症,霍乱转筋不止
161,7,病症,脚气上攻腿膝疼痛
161,8,功效,止渴消肿
161,9,医家,雷公
161,10,食材,蔓子
161,11,食材,土伏子
161,12,食味,酸
161,13,食味,涩
161,14,功效,调荣卫
161,15,功效,助谷气
161,16,食味,咸
161,17,功效,伤人气
161,18,食材,黄牛乳汁
161,19,烹饪方法,蒸
161,20,食材,桃子
161,21,食味,甘
161,22,食味,酸
161,23,食性,有小毒
161,24,功效,除鬼祟
161,25,功效,益颜色
161,26,禁忌,多食生热
161,27,食材,花
161,28,食味,苦
161,29,食性,平
161,30,食性,无毒
161,31,功效,杀鬼邪
161,32,病症,石淋
161,33,功效,利大小便
161,34,功效,下三尸虫
161,35,功效,悦人容面
161,36,功效,好颜色
161,37,食材,仁
161,38,食味,苦
161,39,食味,甘
161,40,食性,平
161,41,食性,无毒
161,42,功效,破血瘸
161,43,功效,血疲
161,44,功效,化瘀血
161,45,功效,通经水
161,46,功效,止腹痛
161,47,古籍来源,雷公炮制药性解
162,1,古籍来源,《灵苑方》
162,2,病症,血痢
162,3,食材,蜜
162,4,烹饪方法,捣
162,5,烹饪方法,温饮
162,6,古籍来源,《产宝方》
162,7,病症,产后血痢
162,8,病症,脐腹疼痛
162,9,病症,小便不利
162,10,烹饪方法,捣
162,11,烹饪方法,煎
162,12,食材,蜜
162,13,烹饪方法,搅服
162,14,古籍来源,《广利方》
162,15,病症,一切无名肿毒
162,16,病症,火丹恶疮
162,17,烹饪方法,捣
162,18,烹饪方法,傅
162,19,医家,雷公
162,20,食材,芹
162,21,食味,甘
162,22,食性,平
162,23,功效,养精神
162,24,功效,益气血
162,25,功效,利口齿
162,26,功效,令人肥健
162,27,功效,嗜食
162,28,病症,妇人赤自带下
162,29,食材,鹿角莱
162,30,食性,大寒
162,31,功效,散风热邪气
162,32,病症,小儿骨蒸劳热
162,33,禁忌,大人不可久食
162,34,禁忌,有损腰肾
162,35,禁忌,少颜色
162,36,禁忌,下石力也
162,37,食材,芸苔莱
162,38,食味,辛
162,39,食性,温
162,40,功效,散游风丹毒
162,41,功效,消乳痈
162,42,功效,破血癜
162,43,功效,下产后瘀血
162,44,古籍来源,《野人闲话》
162,45,病症,女人吹乳
162,46,病症,小儿火丹
162,47,烹饪方法,捣
162,48,烹饪方法,傅
163,1,食材,鹿肉
163,2,食性,温
163,3,功效,补中
163,4,脏腑,五脏
163,5,功效,益气力
163,6,食材,血
163,7,食味,甘
163,8,食性,平
163,9,功效,补阴
163,10,功效,益荣气
163,11,食材,肾
163,12,功效,补腰肾
163,13,食材,茸
163,14,食味,甘
163,15,食味,酸
163,16,食性,温
163,17,病症,漏下恶血
163,18,病症,虚劳羸瘦
163,19,病症,骨中寒热
163,20,病症,洒洒如疟
163,21,病症,四肢酸疼
163,22,病症,腰脊疼痛
163,23,病症,遗精溺血
163,24,食材,石淋角
163,25,食味,咸
163,26,功效,补腰脊
163,27,功效,续筋胥损伤
163,28,功效,消恶毒痈瘙
163,29,古籍来源,《千金方》
163,30,病症,妇人吹乳妒乳
163,31,病症,结瘙疼
163,32,病症,欲成脓者
163,33,烹饪方法,磨
163,34,食材,鹿角
163,35,烹饪方法,敷
163,36,古籍来源,秘方
163,37,病症,鱼骨鲠
163,38,食材,鹿角
163,39,烹饪方法,剡屑
163,40,烹饪方法,含
163,41,烹饪方法,咽
163,42,古籍来源,《鲁般方》
163,43,病症,竹木刺入皮肉中不出
163,44,食材,鹿角
163,45,烹饪方法,烧
163,46,烹饪方法,末
163,47,烹饪方法,调
163,48,烹饪方法,敷
163,49,食材,獐肉
163,50,食味,甘
163,51,食性,温
163,52,功效,平补五脏
163,53,食材,骨
163,54,食味,咸
163,55,食性,平
163,56,功效,补虚损泄精
163,57,功效,补下之功
163,58,病症,痈潼
163,59,病症,痈肿
163,60,古籍来源,《证类本草》
163,61,食材,鹿角
163,62,病症,恶疮痈肿
163,63,病症,妒乳
163,64,病症,乳痈
163,65,病症,乳汁不得泄
163,66,古籍来源,《内经》
163,67,病症,炻乳
163,68,病症,痈
164,1,食材,雀
164,2,食性,温
164,3,病症,男子阴痿不起
164,4,功效,益精有子
164,5,食材,卵
164,6,食材,粪
164,7,食材,白丁香
164,8,病症,雀斑酒刺
164,9,病症,目中瘀肉赤筋
164,10,食材,头生男子乳
164,11,食材,雉
164,12,食味,酸
164,13,食性,微寒
164,14,功效,补中益气
164,15,病症,痰气上喘
164,16,病症,五痔
164,17,病症,疮疥
164,18,食材,鸳鸯
164,19,食味,咸
164,20,食性,平
164,21,病症,痔瘘
164,22,病症,疥癣
164,23,烹饪方法,酒浸炙食
164,24,烹饪方法,热傅
164,25,医家,陶隐君
164,26,功效,令人容颜常美
164,27,食材,雁
164,28,食味,甘
164,29,食性,平
164,30,病症,风拘急偏枯
164,31,病症,气不通利
164,32,功效,益气力
164,33,功效,长须眉毛发
164,34,功效,轻身耐老
164,35,功效,杀诸石药毒
164,36,食材,鸭
164,37,食味,甘
164,38,食性,微凉
164,39,病症,风虚寒热
164,40,功效,和脏腑
164,41,功效,利水道
164,42,古籍来源,《证类本草》
164,43,古籍来源,《食疗本草》
165,1,食材,菱角
165,2,食味,甘
165,3,食性,寒
165,4,病症,伤脾胃
165,5,病症,发痼疾
165,6,病症,损阳事
165,7,古籍来源,《仙家方》
165,8,病症,腹胀满而痛
165,9,烹饪方法,热酒和姜饮
165,10,食材,孛荠
165,11,食味,甘
165,12,食性,微寒
165,13,食材,鸟芋
165,14,食材,凫茨
165,15,食材,猪薪脐
165,16,食材,羊薪脐
165,17,禁忌,损多益少而能发病
165,18,禁忌,孕妇忌之
165,19,古籍来源,《日华子》
165,20,功效,消风毒
165,21,功效,泻胃热
165,22,病症,黄疽
165,23,病症,下五麻
165,24,食材,莲子
165,25,食味,甘
165,26,食性,平
165,27,功效,助心气
165,28,功效,止烦渴
165,29,功效,洽痢
165,30,功效,补十二经气血
165,31,功效,理腰疼
165,32,病症,泄精自浊
165,33,医家,孙真人
165,34,禁忌,须去心食
165,35,病症,霍乱
165,36,古籍来源,《得效方》
165,37,病症,久痢不止
165,38,烹饪方法,为末
165,39,食材,陈米汤
165,40,食材,荷叶
165,41,功效,除烦闷
165,42,功效,止焦渴
165,43,功效,治呕血
165,44,功效,吐血
165,45,功效,杀蕈毒
165,46,古籍来源,《验应方》
165,47,病症,吐血
165,48,食材,清米汤
166,1,古籍来源,《百一选方》
166,2,病症,霍乱吐泻不止
166,3,食材,广陈皮
166,4,食材,真藿香
166,5,烹饪方法,煎
166,6,古籍来源,《活人方》
166,7,病症,伤寒
166,8,病症,一切杂病
166,9,病症,呕哕
166,10,病症,手足逆冷
166,11,食材,橘红
166,12,食材,生姜
166,13,烹饪方法,煎
166,14,古籍来源,张氏方
166,15,病症,妇人吹乳
166,16,病症,结核肿痛不可忍者
166,17,食材,广陈皮
166,18,烹饪方法,炒
166,19,烹饪方法,研
166,20,食材,麝香
166,21,病症,小肠疝气偏坠
166,22,病症,坚大疼痛
166,23,病症,腰疼
166,24,烹饪方法,炒
166,25,食材,橙子瓤
166,26,食味,酸
166,27,功效,止恶心
166,28,食味,辛
166,29,食味,甘
166,30,食性,平
166,31,功效,散肠胃中恶气
166,32,功效,顺气
166,33,功效,除胃中浮风气
166,34,功效,消食
166,35,食材,梨
166,36,食味,甘
166,37,食味,酸
166,38,食性,平
166,39,功效,解热
166,40,功效,止渴
166,41,功效,利大小肠
166,42,功效,治火嗽
166,43,禁忌,多食发金疮
166,44,禁忌,成衿痢
166,45,禁忌,产妇乳母忌食之
166,46,古籍来源,《是斋百-选方》
167,1,食材,鲈鱼
167,2,食味,甘
167,3,食性,平
167,4,功效,补五脏
167,5,功效,益筋骨
167,6,功效,和肠胃
167,7,功效,下水气
167,8,病症,痃癖
167,9,病症,疮肿
167,10,烹饪方法,作鲱
167,11,烹饪方法,暴干
167,12,食性,小毒
167,13,食材,鲫鱼
167,14,食味,甘
167,15,食性,温
167,16,功效,补脾胃
167,17,病症,泄痢久不愈
167,18,功效,治诸疮
167,19,烹饪方法,烧焦
167,20,烹饪方法,调涂
167,21,功效,治胃弱不下食
167,22,病症,劳症
167,23,病症,发热咳嗽
167,24,烹饪方法,刮去鳞
167,25,烹饪方法,剖去肠
167,26,烹饪方法,洗净
167,27,烹饪方法,煨令熟
167,28,医家,沈存中
167,29,医家,丹溪
167,30,古籍来源,千金方
167,31,古籍来源,本草
167,32,古籍来源,钱氏方
167,33,古籍来源,证类本草
168,1,食味,苦
168,2,食性,寒
168,3,功效,除心腹邪热烦渴
168,4,功效,治口舌焦燥
168,5,功效,益目
168,6,病症,小儿惊风痰热
168,7,功效,清心化热
168,8,功效,利痰凉惊
168,9,食材,黄
168,10,病症,大人小儿惊痫搐搦烦热之疾
168,11,食材,马肉
168,12,食味,苦辛
168,13,食性,衿
168,14,禁忌,有小毒
168,15,功效,壮筋骨
168,16,功效,强腰脊
168,17,功效,强志轻身
168,18,功效,消热下气
168,19,食材,茎
168,20,食味,酸甘
168,21,食性,平
168,22,禁忌,无毒
168,23,功效,主男子阴痿不起
168,24,功效,益精气
168,25,食材,骡肉
168,26,食味,辛
168,27,食性,温
168,28,禁忌,有小毒
168,29,禁忌,食之不益人
168,30,禁忌,孕妇忌食
168,31,食材,驴肉
168,32,食味,甘
168,33,食性,微凉
168,34,禁忌,无毒
168,35,功效,疗风狂
168,36,功效,解心烦
168,37,功效,治忧愁不乐
168,38,食材,头
168,39,食味,甘
168,40,食性,微凉
168,41,功效,治头风眩晕
168,42,病症,口眼喁斜
168,43,病症,语言蹇涩
168,44,病症,一身动摇
168,45,病症,筋骨酸疼
168,46,病症,心肺浮热
168,47,烹饪方法,焊
168,48,烹饪方法,洗
168,49,烹饪方法,蒸
168,50,烹饪方法,细切
169,1,古籍来源,伤寒论类方
169,2,古籍来源,脉义简摩
169,3,古籍来源,伤寒论特解
169,4,古籍来源,脉诀汇辨
169,5,古籍来源,伤寒论集注
169,6,古籍来源,脉学辑要
169,7,古籍来源,伤塞论集注
169,8,古籍来源,脉经直指
169,9,古籍来源,伤寒微旨论
169,10,古籍来源,脉理正义
169,11,古籍来源,伤寒溯源集
169,12,古籍来源,脉理存真
169,13,古籍来源,订正医圣全集
169,14,古籍来源,脉理宗经
169,15,古籍来源,伤寒启蒙集稿
169,16,古籍来源,脉镜须知
169,17,古籍来源,伤寒尚论辨似
169,18,古籍来源,察病指南
169,19,古籍来源,伤寒兼证析义
169,20,古籍来源,崔真人脉诀
169,21,古籍来源,张卿子伤寒论
169,22,古籍来源,四诊脉鉴大全
169,23,古籍来源,金匮要略正义
169,24,古籍来源,删注脉诀规正
169,25,古籍来源,金匮要略直解
169,26,古籍来源,图注脉诀辨真
169,27,古籍来源,高注金匮要略
169,28,古籍来源,脉诀刊误集解
169,29,古籍来源,伤寒论大方图解
169,30,古籍来源,重订诊家直诀
169,31,古籍来源,伤寒论辨证广注
169,32,古籍来源,人元脉影归措图说
169,33,古籍来源,伤寒活人指掌图
169,34,古籍来源,脉诀指掌病式图说
169,35,古籍来源,张仲景金匮要略
169,36,古籍来源,脉学注释汇参证治
169,37,古籍来源,伤寒六书纂要辨疑
169,38,古籍来源,针灸推拿
169,39,古籍来源,伤寒六经辨证治法
169,40,古籍来源,针灸节要
169,41,古籍来源,伤寒类书活人总括
169,42,古籍来源,针灸全生
169,43,古籍来源,张仲景伤寒原文点精
169,44,古籍来源,针灸逢源
169,45,古籍来源,伤寒活人指掌补注辨疑
169,46,古籍来源,备急灸法
169,47,古籍来源,神灸经纶
169,48,古籍来源,传悟灵济录
169,49,古籍来源,玉函经
169,50,古籍来源,小儿推拿广意
169,51,古籍来源,小儿推拿秘诀
169,52,古籍来源,舌鉴辨正
169,53,古籍来源,太乙神针心法
169,54,古籍来源,医学辑要
169,55,古籍来源,杨敬斋针灸全书
170,1,食材,虾
170,2,食味,辛
170,3,食味,甘
170,4,病症,小儿赤毒热疮
170,5,病症,脐肠腹痛
170,6,病症,胃气虚乏
170,7,古籍来源,《食疗》
170,8,病症,小儿疳瘦肚大
170,9,病症,虚劳烦热
170,10,病症,心中邪热
170,11,病症,腹内水气
170,12,食材,鲥鱼
170,13,食味,甘
170,14,食性,温
170,15,食性,平
170,16,功效,快胃气
170,17,功效,补虚劳
170,18,禁忌,忌食之
170,19,古籍来源,《渔翁口诀》
170,20,烹饪方法,煎
170,21,烹饪方法,蒸
170,22,食材,鲚鱼
170,23,食味,甘
170,24,食味,辛
170,25,禁忌,食之不益人
170,26,病症,助火动痰
170,27,病症,发疮疥
171,1,食材,羊肉
171,2,食味,甘
171,3,食性,大热
171,4,病症,五劳七伤
171,5,病症,脏气虚寒
171,6,病症,腰膝羸弱
171,7,功效,壮筋骨
171,8,功效,厚肠胃
171,9,食材,头
171,10,食性,微凉
171,11,病症,骨蒸脑热
171,12,病症,头眩目昏
171,13,病症,小儿惊痫
171,14,食材,乳
171,15,食味,甘
171,16,食性,温
171,17,功效,润心肺
171,18,功效,补虚劳
171,19,功效,止消渴
171,20,食材,肝
171,21,食味,甘
171,22,食性,凉
171,23,功效,治目中诸疾
171,24,食材,肾
171,25,功效,补肾气
171,26,功效,益精髓
171,27,食材,绿豆粉
171,28,食味,甘
171,29,食性,凉
171,30,食性,平
171,31,功效,解诸热
171,32,禁忌,脾胃虚弱人痛者忌之
171,33,食材,冬瓜
171,34,食味,甘
171,35,食性,微寒
171,36,功效,下热毒
171,37,功效,解消渴
171,38,功效,差五淋
171,39,功效,消小腹水胀
171,40,功效,利小便
171,41,功效,压丹石毒
171,42,禁忌,久病与阴虚人忌食之
171,43,食材,梨
171,44,食味,甘
171,45,食味,酸
171,46,食性,平
171,47,功效,解热止渴
171,48,功效,利大小肠
171,49,病症,火嗽热喘
171,50,禁忌,多食发金疮
171,51,禁忌,成冷痢
171,52,禁忌,产妇乳母忌食之
171,53,食材,木耳
171,54,食性,衿
171,55,功效,治肠癖下血
171,56,功效,凉血
171,57,禁忌,勿与小儿食
171,58,食材,鹿角莱
171,59,食性,大寒
171,60,功效,散风热邪气
171,61,病症,小儿骨蒸劳热
171,62,禁忌,大人不可久食
171,63,禁忌,有损少颜色
171,64,食材,樱桃
171,65,食味,甘
171,66,食性,温
171,67,食性,热
171,68,功效,调中气
171,69,功效,益脾气
171,70,功效,令人美颜色
171,71,禁忌,小儿尤忌之
171,72,食材,鳖肉
171,73,食味,甘
171,74,食性,平
171,75,功效,补劳伤
171,76,功效,壮阳气
171,77,功效,峻补阴不足
171,78,禁忌,恶矾石
171,79,食材,青鱼
171,80,食味,甘
172,1,食材,酱
172,2,食味,咸
172,3,食味,甘
172,4,食性,平
172,5,功效,除热止烦满
172,6,食材,醋
172,7,食味,酸
172,8,食性,温
172,9,食性,平
172,10,功效,消肿毒
172,11,功效,散水气
172,12,功效,杀邪毒
172,13,功效,消癖块
172,14,功效,破血迷
172,15,古籍来源,《救急方》
172,16,病症,产后血虚眩运不醒
172,17,食材,酒
172,18,食味,苦
172,19,食味,甘
172,20,食味,辛
172,21,食性,温
172,22,食性,大热
172,23,功效,杀百邪
172,24,功效,敌寒气
172,25,功效,驱恶毒
172,26,功效,通血脉
172,27,功效,厚肠胃
172,28,医家,孙真人
172,29,医家,朱丹溪
172,30,病症,恶寒战栗
172,31,病症,呕吐
172,32,病症,疼痒
173,1,食材,芋梗
173,2,食材,山药
173,3,食味,甘
173,4,食性,温
173,5,食性,平
173,6,功效,补诸虚百损
173,7,病症,面上游风
173,8,病症,腰间衿气
173,9,功效,强阴益精气
173,10,食材,生姜
173,11,食性,温
173,12,食味,辛
173,13,病症,伤寒
173,14,病症,伤风头疼
173,15,病症,九窍不利
173,16,归经,入肺
173,17,功效,开胃
173,18,功效,止呕吐
173,19,病症,咳嗽喘急
173,20,功效,去腹中寒气
173,21,功效,解臭秽
173,22,功效,散风寒
173,23,功效,通神明
173,24,古籍来源,《经验方》
173,25,病症,霍乱吐泻转筋欲死者
173,26,食材,生姜
173,27,烹饪方法,捣碎
173,28,食材,清酒
173,29,烹饪方法,煎
173,30,古籍来源,《活人书》
173,31,病症,一切咳呃欲死者
173,32,食材,生姜
173,33,食材,半夏
173,34,烹饪方法,煎
173,35,食材,胡椒
173,36,食味,辛
173,37,食性,热
173,38,功效,温中下气
173,39,病症,心腹冷积
173,40,医家,丹溪
173,41,功效,快膈
173,42,功效,燥肠胃
173,43,古籍来源,《本草衍义补遗》
174,1,食材,鳖甲
174,2,食材,胡黄连
174,3,食材,青蒿
174,4,食材,螃蟹
174,5,食材,紫苏汁
174,6,食材,冬瓜汁
174,7,食味,甘
174,8,食味,寒
174,9,食味,咸
174,10,功效,大补阴之不足
174,11,功效,破血
174,12,功效,养筋益气
174,13,功效,通气散血
174,14,病症,难产
174,15,病症,骨热劳瘦
174,16,病症,胸中邪热结聚
174,17,病症,火气炽郁
174,18,病症,口喁面偏
174,19,病症,漆疮
174,20,病症,疥疮湿癣久不愈
174,21,禁忌,孕妇忌食
174,22,禁忌,蟹莫与红柿同食
174,23,古籍来源,《子母秘录》
174,24,古籍来源,《左传》
174,25,古籍来源,《日华子》
174,26,古籍来源,《图经》
174,27,古籍来源,《百一方》
174,28,古籍来源,《食忌》
175,1,古籍来源,《急救方》
175,2,病症,鱼骨鲠
175,3,食材,银条鱼
175,4,食味,甘
175,5,食性,平
175,6,功效,宽中健胃
175,7,食材,生姜
175,8,烹饪方法,作羹
175,9,食材,少阳鱼
175,10,食味,甘
175,11,食味,咸
175,12,食性,寒
175,13,病症,男子自浊膏淋
175,14,病症,玉茎涩痛
175,15,食材,河豚鱼
175,16,食味,甘
175,17,食性,肥
175,18,禁忌,"食之不得法,亦杀人"
175,19,医家,孙真人
175,20,病症,中河豚毒
175,21,食材,芦根
175,22,烹饪方法,杵汁
175,23,食材,蓝锭
175,24,食材,陈粪青
175,25,食材,黑鲤鱼
175,26,禁忌,人不宜食之
175,27,古籍来源,《诸鱼论》
175,28,禁忌,"凡鱼头有自色如连珠至脊上者,腹中无胆者。头中无鳃者,并杀人"
175,29,禁忌,鱼汁不可合鸬鹚肉食之
175,30,食材,鲫鱼
175,31,禁忌,不可合猴
175,32,食材,雉肉
175,33,禁忌,鳅鳍不可和自犬血食之
175,34,食材,鲤鱼子
175,35,食材,青鱼鲱
175,36,禁忌,不可合生胡荽及生葵并麦酱食之
175,37,食材,虾
175,38,禁忌,无须及腹中通黑及煮之反自者
176,1,食材,酒
176,2,食味,甘
176,3,食性,温
176,4,功效,除湿调中利小便
176,5,禁忌,多饮亦能动痰火
176,6,食材,柑子
176,7,食味,甘
176,8,食味,酸
176,9,食性,平
176,10,古籍来源,《衍义》
176,11,食材,蜜陀柑
176,12,食材,木柑
176,13,食材,黄柑
176,14,食材,乳柑
176,15,食材,石柑
176,16,食材,沙柑
176,17,食材,青柑
176,18,食材,山柑
176,19,病症,喉咽痛
176,20,食材,朱橘
176,21,食材,乳橘
176,22,食材,山橘
176,23,食材,金橘
176,24,食味,甘酸
176,25,功效,止渴润燥生津
176,26,禁忌,多则恋膈生痰滞肺气
176,27,禁忌,病者忌之
176,28,古籍来源,《吕氏春秋》
176,29,食材,橘皮
176,30,功效,治胸中疲热
176,31,功效,下气止吐逆
176,32,病症,呕吐
176,33,病症,霍乱
176,34,功效,消痰饮
176,35,功效,逐水化谷
176,36,功效,刻除膀胱停流热水
176,37,功效,顺气和中
176,38,功效,快膈通神
176,39,医家,刘禹锡
176,40,食味,辛
176,41,食味,苦
176,42,食味,甘
176,43,食性,平
176,44,功效,能散
176,45,功效,能泻
176,46,功效,能温
176,47,功效,能补
176,48,功效,能和益
176,49,功效,能消膈气
176,50,功效,化痰涎
176,51,功效,和脾止咳嗽
176,52,功效,通五淋
176,53,病症,中酒呕吐恶心
176,54,烹饪方法,煎饮
177,1,医家,傅滋
177,2,医家,刘以仁
177,3,医家,刘仕廉
177,4,古籍来源,养性轩临证医案
177,5,古籍来源,医学集成
177,6,古籍来源,养新堂医论读本
177,7,古籍来源,医学辩害
177,8,古籍来源,祝茹穹先生医印
177,9,古籍来源,医经允中
177,10,古籍来源,谦益斋外科医案
177,11,古籍来源,医钞类编
177,12,古籍来源,太医局诸科程文格
177,13,古籍来源,证治合参
177,14,古籍来源,古今医家经论汇编
177,15,古籍来源,宝命真诠
177,16,古籍来源,莲斋医意立斋案疏
177,17,古籍来源,活人心法
177,18,古籍来源,家藏蒙筌
177,19,古籍来源,心印绀珠经
177,20,古籍来源,医学读书志
177,21,古籍来源,雪潭居医约
177,22,古籍来源,医学读书附志
177,23,古籍来源,嵩匡尊生书
177,24,古籍来源,医书汇参辑成
177,25,古籍来源,元汇医镜
177,26,古籍来源,罗氏会约医镜
177,27,古籍来源,平法寓言
177,28,古籍来源,罗浩医书二种
177,29,古籍来源,寿芝医略
177,30,古籍来源,景岳全书发挥
177,31,古籍来源,杏苑生春
177,32,古籍来源,寿身小补家藏
177,33,古籍来源,医林正印
177,34,古籍来源,胡文焕医书三种
177,35,古籍来源,医法青篇
177,36,古籍来源,铁如意轩医书四种
177,37,古籍来源,医学五则
177,38,古籍来源,脉药联珠药性食物考
177,39,古籍来源,医学汇函
177,40,古籍来源,汉阳叶氏丛刻医集二种
178,1,食材,面筋
178,2,食材,甘草
178,3,食材,酒
178,4,食材,桔皮
178,5,食材,生姜
178,6,食材,熟油
178,7,食材,豆酱
178,8,食材,花椒
178,9,食材,胡椒
178,10,食材,杏仁
178,11,食材,蚶子
178,12,烹饪方法,蒸
178,13,烹饪方法,煮
178,14,烹饪方法,晒
178,15,烹饪方法,劈
178,16,烹饪方法,烹
178,17,烹饪方法,拌
178,18,烹饪方法,揉
178,19,烹饪方法,封
179,1,食材,蛤蜊
179,2,食材,葱
179,3,食材,桔皮
179,4,食材,花椒
180,1,食材,熟螃蟹
180,2,食材,蟹肉
180,3,食材,花椒
180,4,食材,粉皮
180,5,食材,干荷叶
180,6,食材,鸡蛋
180,7,食材,野鸭蛋
180,8,食材,盐
180,9,食材,蟹油
180,10,食材,蟹黄
180,11,食材,生姜
180,12,食材,淀粉
180,13,食材,螃蟹壳
180,14,食材,细馅馒头
180,15,食材,黄草布
180,16,烹饪方法,蒸
180,17,烹饪方法,熬
180,18,烹饪方法,捣
180,19,烹饪方法,包裹
180,20,烹饪方法,铺
180,21,烹饪方法,切
180,22,烹饪方法,勾芡
180,23,食疗方,蟹鳖
181,1,食材,米
181,2,食材,曲
181,3,食材,桑灰
181,4,食材,粟灰
181,5,食材,生粟炭灰
181,6,烹饪方法,捣碎
181,7,烹饪方法,拌和
181,8,烹饪方法,浇
181,9,烹饪方法,煅
181,10,烹饪方法,筛
181,11,烹饪方法,榨
181,12,烹饪方法,澄清
181,13,烹饪方法,煮
181,14,烹饪方法,覆
181,15,烹饪方法,打
181,16,烹饪方法,解
181,17,烹饪方法,捞
181,18,烹饪方法,装
181,19,烹饪方法,舀
181,20,烹饪方法,盖
181,21,烹饪方法,试
182,1,古籍来源,《云林堂巢饮食制度》
182,2,医家,何胤
182,3,医家,苏东坡
182,4,医家,姚咨
183,1,食材,烧鹅
183,2,食材,蜜酿蝤蛑
183,3,食材,煮麸千
183,4,食材,雪簋菜
183,5,食材,青虾卷熘
183,6,医家,袁枚
183,7,古籍来源,《随园食单》
183,8,医家,倪瓒
183,9,食材,云林鹅
183,10,古籍来源,《养小录》
183,11,食材,芙蓉蟹斗
183,12,食材,雪花蟹斗
183,13,古籍来源,《云林堂饮食制度巢》
183,14,医家,王利器
183,15,烹饪方法,烧
183,16,烹饪方法,煮
183,17,烹饪方法,熘
183,18,烹饪方法,酿
184,1,食材,真粉
184,2,食材,蜜
184,3,食材,麝香
184,4,食材,藕
184,5,食材,茉莉
184,6,食材,芽茶
184,7,烹饪方法,灌
184,8,烹饪方法,煮
184,9,烹饪方法,晒
184,10,烹饪方法,蒸
184,11,烹饪方法,啖
187,1,食材,鱼肉
187,2,食材,鱼头
187,3,食材,肉
187,4,食材,蔬素
187,5,烹饪方法,熬
187,6,古籍来源,《云林堂集饮食制度》
187,7,医家,何胤
187,8,医家,东坡
188,1,食材,黄梅
188,2,食材,乌梅
188,3,食材,甘草
188,4,食材,花椒
188,5,食材,茴香
188,6,食材,生姜
188,7,烹饪方法,蒸
188,8,烹饪方法,煎
188,9,烹饪方法,杵
188,10,烹饪方法,捣
188,11,烹饪方法,焙
188,12,烹饪方法,晒
188,13,烹饪方法,切
188,14,烹饪方法,拌
188,15,食疗方,黄梅汤
188,16,食疗方,凤池汤
189,1,食材,蛤蜊
189,2,食材,新韭
189,3,食材,胡葱
189,4,食材,莱心
189,5,食材,猪腰子
189,6,食材,茭白
189,7,食材,鸡
189,8,食材,鲥鱼
189,9,食材,花椒
189,10,食材,砂仁
189,11,食材,葱白
189,12,食材,绿豆粉
189,13,食材,面水
189,14,食材,酒
189,15,食材,盐
189,16,食材,醋
189,17,烹饪方法,煮
189,18,烹饪方法,炒
189,19,烹饪方法,蒸
189,20,烹饪方法,烹
190,1,食材,糯米
190,2,食材,薄荷
190,3,食材,粳米
190,4,食材,芡实
190,5,食材,人参
190,6,食材,白术
190,7,食材,茯苓
190,8,食材,白沙糖
190,9,食材,茴香
190,10,食材,赤豆
190,11,食材,豆沙
190,12,烹饪方法,蒸
190,13,烹饪方法,磨
190,14,烹饪方法,煮
190,15,烹饪方法,擦
190,16,烹饪方法,沥
190,17,烹饪方法,淘
190,18,烹饪方法,浸
190,19,食疗方,五香糕
190,20,食疗方,水团
190,21,食疗方,松糕
190,22,食疗方,生糖糕
191,1,食疗方,瑞香汤
191,2,食材,山药
191,3,食材,鸟梅
191,4,食材,甘草
191,5,食材,丁皮
191,6,食材,木香
191,7,烹饪方法,为末
191,8,食疗方,桂仙汤
191,9,食材,木樨花
191,10,食材,炒盐
191,11,烹饪方法,擂细
191,12,食材,甘草末
191,13,烹饪方法,滚汤
191,14,烹饪方法,泡
191,15,烹饪方法,和
191,16,烹饪方法,蒸
191,17,食材,炒盐
191,18,烹饪方法,和
191,19,烹饪方法,作末
191,20,烹饪方法,加汤
191,21,烹饪方法,作膏子
191,22,食疗方,香澄汤
191,23,食疗方,紫云汤
191,24,食材,甘草
191,25,食材,良姜
191,26,食材,桂皮
191,27,食材,砂仁
191,28,食材,千姜
191,29,食材,甘松
191,30,食材,檀香
191,31,烹饪方法,煎
191,32,烹饪方法,去渣
191,33,烹饪方法,调和
191,34,食材,良姜
191,35,烹饪方法,切碎
191,36,烹饪方法,炒
191,37,食材,茴香
191,38,烹饪方法,炒黄
191,39,食材,甘草
191,40,食材,炒盐
192,1,食材,姜丝
192,2,食材,桔皮丝
192,3,食材,白芷
192,4,食材,菘莱
192,5,食材,芥子
192,6,烹饪方法,煎
192,7,烹饪方法,炒
192,8,烹饪方法,研
192,9,烹饪方法,泡
192,10,烹饪方法,滤
192,11,食味,淡
193,1,食材,甘松
193,2,食材,藿香
193,3,食材,檀香
193,4,食材,丁皮
193,5,食材,砂仁
193,6,食材,白豆蔻
193,7,食材,桔皮
193,8,食材,茯苓
193,9,食材,甘草
193,10,烹饪方法,煮
193,11,烹饪方法,煎
193,12,烹饪方法,捣
193,13,烹饪方法,熬
194,1,食材,孩儿茶
194,2,食材,芽茶
194,3,食材,白豆蔻
194,4,食材,射香
194,5,食材,檀香
194,6,食材,片脑
194,7,食材,甘草
194,8,食材,硼砂
194,9,食材,寒水石
194,10,食材,磔砂
194,11,食材,朱砂
194,12,食材,丹砂
194,13,食味,辛
194,14,食味,咸
194,15,食味,甘
194,16,食性,寒
194,17,功效,清热解毒
194,18,功效,镇静
194,19,功效,安神
194,20,功效,防腐
194,21,病症,嗾科
194,22,食疗方,透顶香
194,23,食疗方,硼砂丸
194,24,烹饪方法,丸
194,25,烹饪方法,搓成丸状
194,26,烹饪方法,为衣
194,27,禁忌,防止丸药霉腐娈质
195,1,食材,萸
195,2,食材,光鸟
195,3,食材,陈皮
195,4,食材,柏
195,5,食材,香附
195,6,食材,苍术
195,7,食材,千姜
195,8,食材,野菊花
195,9,食材,杏仁
195,10,食材,姜黄
195,11,食材,薄荷
195,12,食材,粳米粉
195,13,食材,羰蓼
195,14,食材,水姜
195,15,食材,潸石末
195,16,食材,荜拨
195,17,食材,丁香
195,18,食材,细辛
195,19,食材,三赖
195,20,食材,益智
195,21,食材,丁皮
195,22,食材,砂仁
195,23,食材,桑椹
195,24,食材,松枝
195,25,食材,桔皮
195,26,食材,沉香
195,27,食材,木香
195,28,食材,鸟头
195,29,食性,温热
195,30,食性,寒
195,31,食性,热
195,32,食味,苦
195,33,食味,辛
195,34,功效,清火
195,35,功效,解毒
195,36,功效,调经
195,37,功效,止痛
195,38,功效,化湿
195,39,功效,祛风
195,40,功效,治疗目疾
195,41,功效,行气活血
195,42,病症,风湿痛
195,43,病症,跌打伤痛
195,44,病症,胃寒腹痛
195,45,病症,呕吐泄泻
195,46,烹饪方法,舂汁
195,47,烹饪方法,炮制
195,48,禁忌,"凡酒内止可用砂仁,余药皆不可用"
195,49,古籍来源,光鸟:
195,50,古籍来源,费怕:
195,51,古籍来源,香附:
195,52,古籍来源,苍术:
195,53,古籍来源,千姜:
195,54,古籍来源,姜黄;
195,55,古籍来源,辣塞。
195,56,古籍来源,荜拨:
195,57,古籍来源,三赖:
196,1,食材,白糯米
196,2,食材,细曲
196,3,食材,红曲
196,4,食材,发糟
196,5,食材,面
196,6,烹饪方法,煮
196,7,烹饪方法,打碎
196,8,烹饪方法,和
196,9,烹饪方法,滤
196,10,烹饪方法,擀
196,11,烹饪方法,包
196,12,烹饪方法,发酵
196,13,烹饪方法,滤粕取酵
196,14,烹饪方法,和酵成剂
196,15,烹饪方法,摒匀
196,16,禁忌,天寒水冻则一周时过半盖
197,1,食材,芝麻
197,2,食材,沙糖
197,3,食材,饧糖
197,4,食材,炒面
197,5,食材,薄荷末
197,6,食材,大黄豆
197,7,食材,干沙糖
197,8,食材,白沙糖
197,9,食材,白面
197,10,食材,胡桃仁
197,11,烹饪方法,炒
197,12,烹饪方法,熬
197,13,烹饪方法,淘
197,14,烹饪方法,磨
197,15,烹饪方法,筛
197,16,烹饪方法,拌
197,17,烹饪方法,和
197,18,烹饪方法,切片
197,19,烹饪方法,脱
197,20,烹饪方法,溶开
197,21,烹饪方法,搜摒
197,22,食疗方,麻糖
197,23,食疗方,玛瑙团
198,1,烹饪方法,蒸
198,2,烹饪方法,搜
198,3,烹饪方法,和
198,4,烹饪方法,烧
198,5,食材,酵
198,6,食材,碱
198,7,食材,水
198,8,食材,汤
198,9,食材,面
198,10,食材,饼
198,11,烹饪方法,点水
198,12,烹饪方法,滚汤
198,13,烹饪方法,沸汤
198,14,烹饪方法,冷水
198,15,烹饪方法,胆冷
198,16,烹饪方法,沸汤便搜
198,17,烹饪方法,包馅
198,18,烹饪方法,盖住
198,19,烹饪方法,生火
198,20,烹饪方法,和面
198,21,烹饪方法,发火
198,22,烹饪方法,烧火
198,23,烹饪方法,上笼
198,24,烹饪方法,猛烧
198,25,烹饪方法,笼顶盖
198,26,烹饪方法,一发火即定
198,27,烹饪方法,再发火
198,28,食材,搭酵
198,29,食材,小酵
198,30,食材,大酵
198,31,烹饪方法,搜面
198,32,烹饪方法,点水便搜
198,33,烹饪方法,停火
198,34,烹饪方法,定
198,35,烹饪方法,发酵
199,1,古籍来源,《易牙遗意》
199,2,古籍来源,《中馈录》
199,3,古籍来源,《多能鄙事》
199,4,古籍来源,《四库全书总目提要》
199,5,古籍来源,《西湖游览志余》
199,6,古籍来源,《夷门广读》
199,7,医家,韩奕
199,8,医家,倪瓒
199,9,医家,袁枚
199,10,医家,黄省曾
199,11,医家,田妆成
199,12,医家,金家瑞
200,1,食材,盐豉
200,2,食材,醇酒
200,3,食材,酱
200,4,医家,周履靖
200,5,古籍来源,《夷门广读》
200,6,古籍来源,《梅颠选稿》
201,1,食材,大麦
201,2,食材,黄豆
201,3,烹饪方法,打
201,4,烹饪方法,磨粉
201,5,烹饪方法,投
201,6,烹饪方法,揉搓
201,7,禁忌,过则味减矣
201,8,禁忌,酱止宜周岁
201,9,古籍来源,按
202,1,食材,猪肉
202,2,食材,胰脂
202,3,食材,香椒
202,4,食材,砂仁
202,5,食材,葱白
202,6,食材,绿豆粉
202,7,食材,白面
202,8,食材,盐
202,9,烹饪方法,煮
202,10,烹饪方法,研
202,11,烹饪方法,调和
202,12,烹饪方法,切
202,13,烹饪方法,下
202,14,烹饪方法,调
202,15,烹饪方法,搜
202,16,烹饪方法,作
202,17,食疗方,汤饼类
202,18,食疗方,馄饨
202,19,禁忌,不可多
203,1,食材,大蚕豆
203,2,食材,红辣椒
203,3,食材,甜酒
203,4,食材,大黄豆
203,5,烹饪方法,泡
203,6,烹饪方法,磨
203,7,烹饪方法,烫洗
203,8,烹饪方法,晒
203,9,烹饪方法,露
203,10,烹饪方法,煮
203,11,烹饪方法,捞
203,12,食疗方,制辣豆瓣法
203,13,食疗方,制豆豉法
205,1,食材,盐
205,2,食材,酱油
205,3,食材,酒
205,4,食材,白糖
205,5,食材,硝水
205,6,食材,花椒
205,7,食材,小茴
205,8,食材,大茴
205,9,食材,葱
205,10,食材,肉
205,11,食材,姜
205,12,食材,香料
205,13,烹饪方法,炒
205,14,烹饪方法,研
205,15,烹饪方法,切碎
205,16,烹饪方法,红烧
205,17,烹饪方法,熬
205,18,烹饪方法,捡去
205,19,烹饪方法,搅
205,20,烹饪方法,旋搅旋熬
205,21,烹饪方法,揉炒
205,22,烹饪方法,焙干
207,1,食材,鸭蛋
207,2,食材,烧酒
207,3,食材,甜酒糟
207,4,食材,盐
207,5,食材,炭灰
207,6,食材,石灰
207,7,食材,浓茶
207,8,食材,稻糠
207,9,烹饪方法,滚
207,10,烹饪方法,泡
207,11,烹饪方法,贮
207,12,烹饪方法,封固
207,13,烹饪方法,日晒夜露
208,1,食材,霜蟹
208,2,食材,花椒
208,3,食材,细盐
208,4,食材,麻皮
208,5,食材,皂角
208,6,食材,酒
208,7,食材,酱油
208,8,食材,醋
208,9,食材,饴糖
208,10,烹饪方法,炒
208,11,烹饪方法,浸
208,12,食疗方,制醉蟹法
209,1,食材,大南枣
209,2,食材,人参
209,3,烹饪方法,蒸
209,4,烹饪方法,捣
209,5,功效,补气
209,6,食材,柿饼
209,7,食材,芝麻
209,8,食材,糯米粉
209,9,烹饪方法,炒
209,10,烹饪方法,研
209,11,烹饪方法,蒸
209,12,烹饪方法,捣
209,13,食材,糯米
209,14,烹饪方法,炒
209,15,烹饪方法,研
209,16,食材,红枣肉
209,17,烹饪方法,蒸
209,18,烹饪方法,捣
209,19,烹饪方法,晒干
209,20,食味,咸
209,21,功效,不饥
209,22,食疗方,耐饥丸
209,23,古籍来源,制南枣法
210,1,食材,鸡鸭
210,2,食材,甜酱
210,3,食材,好酒
210,4,食材,花椒
210,5,食材,猪油
210,6,食材,鸡汤
210,7,食材,肉汤
210,8,烹饪方法,烧
210,9,烹饪方法,烹
210,10,烹饪方法,煮
210,11,烹饪方法,烧干
210,12,烹饪方法,翻转
210,13,烹饪方法,剥
210,14,烹饪方法,切
210,15,烹饪方法,晾
210,16,烹饪方法,取出
210,17,烹饪方法,装
210,18,烹饪方法,取出再晾
210,19,烹饪方法,埯
210,20,禁忌,勿使粘锅
211,1,食材,猪肉
211,2,食材,豆酱
211,3,食材,火腿
211,4,食材,香油
211,5,食材,甜酱
211,6,食材,白糖
211,7,食材,甜酒
211,8,食材,松子
211,9,食材,核桃
211,10,食材,瓜子
211,11,食材,面酱
211,12,食材,核桃仁
211,13,食材,花生仁
211,14,食材,松子仁
211,15,食材,瓜子仁
211,16,食材,桂皮
211,17,食材,砂仁
211,18,食材,猪板油
211,19,食材,鸡蛋黄
211,20,食材,绿豆粉
211,21,食材,酱油
211,22,食材,酒
211,23,烹饪方法,煮
211,24,烹饪方法,晒
211,25,烹饪方法,烧
211,26,烹饪方法,下
211,27,烹饪方法,泡
211,28,烹饪方法,炒
211,29,烹饪方法,收
211,30,烹饪方法,切
211,31,烹饪方法,腌
211,32,烹饪方法,捏丸
211,33,烹饪方法,调匀
211,34,食疗方,酱肉法
211,35,食疗方,火腿酱法
211,36,食疗方,猪油丸法
212,1,食材,香菰
212,2,食材,冬笄
212,3,食材,葱白
212,4,食材,油丸
212,5,食材,猪头
212,6,食材,大蒜
212,7,食材,柑花
212,8,食材,芥末
212,9,食材,甜酱
212,10,食材,猪后脚
212,11,食材,香蕈
212,12,食材,白糖
212,13,烹饪方法,煮
212,14,烹饪方法,蒸
212,15,烹饪方法,炒
212,16,烹饪方法,擦
212,17,烹饪方法,切
212,18,烹饪方法,塞
212,19,烹饪方法,扯碎
215,1,食材,牛肉
215,2,食材,鹿肉
215,3,食材,盐
215,4,烹饪方法,晒
215,5,烹饪方法,压
215,6,烹饪方法,滚
215,7,食材,鸭
215,8,食材,鸡
215,9,烹饪方法,宰洗
215,10,烹饪方法,烘
215,11,食材,甜酱
215,12,烹饪方法,烹
215,13,烹饪方法,煮
215,14,食材,甜酒
215,15,食材,清酱
215,16,食材,椒
215,17,食材,八角
215,18,烹饪方法,墩
215,19,食材,椒末
215,20,食材,葱珠
216,1,食材,盐
216,2,食材,冰糖
216,3,食材,甜姜
216,4,食材,梅杏
216,5,食材,蒜头
216,6,食味,咸
216,7,食味,辛辣
216,8,食味,甜
216,9,烹饪方法,腌
216,10,烹饪方法,煎
216,11,烹饪方法,晒
216,12,烹饪方法,泡
216,13,烹饪方法,压
216,14,烹饪方法,封贮
216,15,禁忌,切勿伤破其皮
217,1,食材,虾
217,2,食材,鸡蛋
217,3,食材,蓑豆粉
217,4,食材,香圆丝
217,5,食材,香菇丝
217,6,食材,瓜子仁
217,7,食材,豆油
217,8,食材,猪油
217,9,食材,蒜
217,10,食材,鱼肉
217,11,食材,香油
217,12,食材,梗灰
217,13,烹饪方法,煮
217,14,烹饪方法,炙
217,15,烹饪方法,烧热
217,16,禁忌,不可太熟
217,17,禁忌,勿令透风走气
217,18,禁忌,若少停。便娈味
219,1,食材,芥
219,2,食材,莱
219,3,食材,白莱
219,4,食材,白粜
219,5,烹饪方法,煮
219,6,烹饪方法,烫
219,7,烹饪方法,煎
219,8,烹饪方法,切
219,9,烹饪方法,披
219,10,烹饪方法,泡
219,11,烹饪方法,收贮
219,12,烹饪方法,灌
219,13,烹饪方法,掩
219,14,食疗方,做酸白莱法
220,1,食材,鸡蛋
220,2,食材,酱
220,3,食材,猪肉
220,4,食材,豆粉
220,5,食材,鸡蛋清
220,6,食材,豆油
220,7,食材,甜酒
220,8,食材,花椒
220,9,食材,八角
220,10,食材,葱
220,11,食材,落花生
220,12,烹饪方法,腌
220,13,烹饪方法,煮
220,14,烹饪方法,煎
220,15,烹饪方法,蒸
220,16,烹饪方法,卷
220,17,食疗方,白煮蛋法
221,1,食材,芝
221,2,食材,葱藻
221,3,食材,枣
221,4,食材,栗
221,5,食材,瓜
221,6,食材,鱼
221,7,食材,豚
221,8,食材,熊
221,9,食材,盐
221,10,食材,梅
221,11,古籍来源,《易》
221,12,古籍来源,《书》
221,13,古籍来源,《诗》
221,14,古籍来源,《传》
221,15,古籍来源,《礼记》
221,16,烹饪方法,削
221,17,烹饪方法,钻
221,18,烹饪方法,烹
221,19,烹饪方法,煮
222,1,食材,乳
222,2,食材,乳皮
222,3,食材,芝麻
222,4,食材,胡桃仁
222,5,食材,米醋
222,6,烹饪方法,烫洗
222,7,烹饪方法,挤
222,8,烹饪方法,装
222,9,烹饪方法,烫滚
222,10,烹饪方法,取
222,11,烹饪方法,煎化
222,12,烹饪方法,研
222,13,烹饪方法,筛过
222,14,烹饪方法,调匀
222,15,烹饪方法,捏
222,16,烹饪方法,成饼
222,17,烹饪方法,烫热
222,18,功效,补益之功更大
222,19,食味,咸
222,20,古籍来源,原书
223,1,食材,荔枝肉
223,2,食材,荚油
223,3,食材,酒
223,4,食材,清酱
223,5,食材,八宝肉
223,6,食材,鹰爪
223,7,食材,香蕈
223,8,食材,花海蜇
223,9,食材,胡桃肉
223,10,食材,笋片
223,11,食材,火腿
223,12,食材,麻油
223,13,食材,秋油
223,14,食材,夹心肉
223,15,食材,鸡蛋
223,16,食材,糖醋蕃茄卤汁
223,17,食材,茶芽
223,18,食材,嫩茶
223,19,烹饪方法,煮
223,20,烹饪方法,炮
223,21,烹饪方法,煨
223,22,烹饪方法,炸
223,23,烹饪方法,拌炒
223,24,烹饪方法,切
223,25,烹饪方法,撩起
223,26,古籍来源,负暄杂录
224,1,食材,鸡
224,2,食材,鱼
224,3,食材,鹅
224,4,食材,鸭
224,5,食材,甲鱼
224,6,烹饪方法,烹
224,7,烹饪方法,烧
224,8,烹饪方法,蒸
224,9,烹饪方法,杀
224,10,烹饪方法,熟
224,11,烹饪方法,吃
224,12,养生原则,不恤人功
224,13,养生原则,不懵物力
224,14,古籍来源,尚书
225,1,食材,白莱
225,2,食材,肉
225,3,食材,秋油
225,4,食材,酒
225,5,食材,木屑
225,6,食材,精肉
225,7,食材,清酱
225,8,食材,大虾肉
225,9,食材,猪油
225,10,食材,莱油
225,11,食材,鸡汤
225,12,食材,蒸粉
225,13,食材,葱
225,14,食材,椒
225,15,食材,猪里脊肉
225,16,食材,熟火腿末
225,17,食材,绿豆
225,18,食材,粉
225,19,烹饪方法,煨
225,20,烹饪方法,熏
225,21,烹饪方法,切
225,22,烹饪方法,敲扁
225,23,烹饪方法,煮
225,24,烹饪方法,撩起
225,25,烹饪方法,熬
225,26,烹饪方法,灌熟
225,27,烹饪方法,熬滚
225,28,烹饪方法,糁
225,29,烹饪方法,濯熟
225,30,烹饪方法,沉淀
225,31,烹饪方法,沥干
225,32,食疗方,芙蓉肉
226,1,食材,燕窝
226,2,食材,鸡汁
226,3,食材,蘑菇汁
226,4,食材,海参
226,5,食材,肉汤
226,6,食材,香蕈
226,7,食材,木耳
226,8,食材,芥末
226,9,食材,笋丁
226,10,食材,豆腐皮
226,11,食材,鸡腿
226,12,食材,蘑菇
226,13,食材,鱼翅
226,14,食材,虾子
226,15,食材,香鼙
226,16,烹饪方法,煨
226,17,烹饪方法,煮
226,18,烹饪方法,拌
226,19,烹饪方法,红烧
226,20,烹饪方法,泡
226,21,烹饪方法,滚泡
226,22,烹饪方法,切
226,23,古籍来源,观8
226,24,医家,钱观察
226,25,医家,蒋侍郎
228,1,食材,清酱
228,2,食材,酒娘
228,3,食材,鸡炀
228,4,食材,鲟鱼
228,5,食材,鳇鱼
228,6,食材,瓜羡
228,7,食材,葱花
228,8,食材,明骨
228,9,食材,鸡汤
228,10,食材,葱椒韭
228,11,食材,姜汁
228,12,食材,黄鱼
228,13,食材,酱酒
228,14,烹饪方法,煎
228,15,烹饪方法,煨
228,16,烹饪方法,炒
228,17,烹饪方法,切片
228,18,烹饪方法,油炮
228,19,烹饪方法,爆炒
228,20,烹饪方法,煮
228,21,禁忌,或去其背
228,22,禁忌,专取肚皮
228,23,禁忌,则真味全失矣
228,24,医家,尹文端公
228,25,医家,尹继菁
229,1,食材,豆粉
229,2,食材,绿豆粉
229,3,食材,酒
229,4,食材,盐
229,5,食材,味精
229,6,食材,淀粉
229,7,食材,麸
229,8,古籍来源,《汉制考》
231,1,食材,甲鱼
231,2,烹饪方法,炒
231,3,烹饪方法,煮
231,4,烹饪方法,煎
231,5,烹饪方法,煨
231,6,食材,麻油
231,7,食材,秋油
231,8,食材,鸡汁
231,9,食材,酱
231,10,食材,葱
231,11,食材,椒
231,12,食材,脂油
231,13,食材,酒
231,14,食材,蒜
231,15,食材,姜
231,16,食材,糖
231,17,食材,大回香
231,18,食材,盐
231,19,食材,笋尖
231,20,食疗方,带骨甲鱼
231,21,古籍来源,真定魏太守家法
231,22,古籍来源,杭州法
231,23,古籍来源,苏州唐静涵家祛
232,1,食材,淡莱
232,2,食材,海螅
232,3,食材,鸟鱼蛋
232,4,食材,贻贝
232,5,食材,海螺
232,6,食材,海蜒
232,7,食材,鸟鱼
232,8,食材,蠡鱼
232,9,烹饪方法,煨
232,10,烹饪方法,炒
232,11,烹饪方法,蒸
232,12,烹饪方法,炖
232,13,烹饪方法,煨烂
232,14,烹饪方法,浸泡
232,15,烹饪方法,洗
232,16,烹饪方法,剥
232,17,烹饪方法,制汤
232,18,食材,肉
232,19,食材,汤
232,20,食材,虾米
232,21,食材,蛋
232,22,食材,蘑菇
232,23,食材,鸡汤
232,24,食材,水
232,25,食材,酒
232,26,食材,黑翳
232,27,脏腑,心
232,28,医家,龚云岩
232,29,古籍来源,司马
233,1,食材,萝卜
233,2,食材,山笄
233,3,食材,刀鱼
233,4,食材,鲚鱼
233,5,食材,肉
233,6,食材,鸡
233,7,食材,鱼
233,8,食材,白煮肉
233,9,食材,粥
233,10,食材,米
233,11,食材,鸭
233,12,食材,笄蔬
233,13,烹饪方法,煎炒
233,14,烹饪方法,炒
233,15,烹饪方法,白煮
233,16,烹饪方法,煮
234,1,食材,羊肉
234,2,食材,猪肉
234,3,食材,核桃
234,4,烹饪方法,煨
234,5,烹饪方法,炒
234,6,烹饪方法,烧
234,7,烹饪方法,拌
235,1,食材,青鱼
235,2,食材,芝麻
235,3,食材,鳐鱼
235,4,食材,黄姑鱼
235,5,食材,小鱼
235,6,烹饪方法,煎
235,7,烹饪方法,炒
235,8,烹饪方法,滚
235,9,烹饪方法,蒸
235,10,烹饪方法,腌
235,11,烹饪方法,压扁
235,12,烹饪方法,收汤
235,13,食疗方,家常煎鱼
236,1,食材,燕窝
236,2,食材,天泉
236,3,食材,嫩鸡汤
236,4,食材,好火腿汤
236,5,食材,新蘑菇
236,6,食材,肉丝
236,7,食材,鸡丝
236,8,食材,蘑菇丝
236,9,食材,笋尖丝
236,10,食材,鲫鱼肚
236,11,食材,野鸡嫩片
236,12,食材,冬瓜
236,13,烹饪方法,泡
236,14,烹饪方法,挑去
236,15,烹饪方法,滚
237,1,食材,面筋
237,2,食材,鸡汤
237,3,食材,蘑菇
237,4,食材,冬笄
237,5,食材,天花
237,6,食材,虾米
237,7,食材,甜酱
237,8,食材,茄子
237,9,食材,猪油
237,10,食材,秋油
237,11,食材,麻油
237,12,食材,米醭
237,13,烹饪方法,炙
237,14,烹饪方法,煨
237,15,烹饪方法,炒
237,16,烹饪方法,泡
237,17,烹饪方法,切
237,18,烹饪方法,蒸
237,19,烹饪方法,灼
237,20,烹饪方法,炮炒
237,21,烹饪方法,拌
237,22,烹饪方法,氽
238,1,食材,糖
238,2,食材,盐
238,3,食材,竹叶
238,4,食材,白糯米
238,5,食材,葱
238,6,食材,麻油
238,7,食材,韭菜
238,8,食材,水粉
238,9,食材,松仁
238,10,食材,核桃
238,11,食材,嫩肉
238,12,食材,糯米
238,13,烹饪方法,煮
238,14,烹饪方法,滚熟
238,15,烹饪方法,拌
238,16,烹饪方法,灼
238,17,烹饪方法,浸
238,18,烹饪方法,磨
238,19,烹饪方法,捶烂
238,20,食疗方,竹叶粽
238,21,食疗方,野鸡饼
238,22,古籍来源,眷圃方
239,1,食材,鸡蛋清
239,2,食材,蜜
239,3,食材,酒娘
239,4,食材,鹿尾
239,5,食材,茶叶
239,6,烹饪方法,蒸
240,1,古籍来源,诗经
240,2,古籍来源,易
240,3,古籍来源,书
240,4,古籍来源,乡党
240,5,古籍来源,内则
240,6,古籍来源,孟子
240,7,古籍来源,中庸
240,8,古籍来源,典论
240,9,古籍来源,仪礼
240,10,古籍来源,礼记
240,11,食材,盐
240,12,食材,梅
240,13,食材,鱼
240,14,食材,肺
240,15,医家,周公
240,16,医家,凡伯
240,17,医家,袁枚
241,1,食材,台鲞
241,2,食材,鲜肉
241,3,食材,大鲤鱼
241,4,食材,酒糟
241,5,食材,虾子
241,6,食材,白糖
241,7,食材,勒鲞
241,8,食材,鳓鱼
241,9,食材,绘鱼
241,10,食材,白鳞鱼
241,11,烹饪方法,煮食
241,12,烹饪方法,煨
241,13,烹饪方法,冻
241,14,烹饪方法,腌
241,15,烹饪方法,泡
241,16,烹饪方法,晒干
241,17,烹饪方法,油煎
241,18,烹饪方法,蒸
241,19,禁忌,用烧酒者不无辣味
242,1,古籍来源,《诗》
242,2,食材,香稻
242,3,食材,冬霜
242,4,食材,晚米
242,5,食材,观音籼
242,6,食材,桃花籼
242,7,烹饪方法,煮
242,8,烹饪方法,蒸
242,9,烹饪方法,淘
242,10,烹饪方法,揉擦
242,11,烹饪方法,闷
243,1,食材,落花生
243,2,烹饪方法,煮
243,3,食材,糖
243,4,食材,莲子
243,5,食材,大枣
243,6,烹饪方法,煮熟
243,7,食材,澄沙
243,8,食材,扁豆
243,9,食材,薏米
243,10,食材,核桃仁
243,11,烹饪方法,蒸
243,12,食材,山药
243,13,食材,莱蔬
243,14,食材,瓜兢
243,15,食材,豆腐
243,16,食材,豆腐皮
243,17,食材,面筋
243,18,食材,粉条
243,19,烹饪方法,香油炸
243,20,烹饪方法,闷
243,21,食材,罗汉莱
243,22,医家,鲜于枢
243,23,古籍来源,太乙诸寺
244,1,食材,莱菔
244,2,食材,生姜
244,3,食材,玉瓜
244,4,食材,豇豆
244,5,食材,刀豆
244,6,食材,茄子
244,7,食材,辣椒
244,8,食材,豆腐
244,9,食材,花椒
244,10,食材,八角
244,11,食材,莳萝
244,12,食材,草果
244,13,食材,盐
244,14,食材,陈酒
244,15,食材,香油
244,16,食材,皂矾
244,17,烹饪方法,浸
244,18,烹饪方法,揉搓
244,19,烹饪方法,烧滚
244,20,烹饪方法,蒸
244,21,烹饪方法,晾
244,22,烹饪方法,切
244,23,烹饪方法,撒
244,24,烹饪方法,铺
244,25,烹饪方法,封
244,26,食疗方,醋浸莱
244,27,食疗方,豆腐乳
244,28,病症,蛇咬伤
244,29,古籍来源,原注
245,1,食材,蚕豆
245,2,食材,黄豆
245,3,食材,萝卜
245,4,食材,酒
245,5,烹饪方法,煮
245,6,烹饪方法,烹调
246,1,食材,大豆
246,2,食材,麦面
246,3,食材,盐
246,4,食材,水
246,5,食材,茴香
246,6,食材,花椒末
246,7,烹饪方法,煮
246,8,烹饪方法,拌匀
246,9,烹饪方法,晒
246,10,烹饪方法,浸
246,11,烹饪方法,取起
246,12,烹饪方法,收
246,13,古籍来源,《荆楚岁时记》
248,1,食材,鹑
248,2,食材,肉食
248,3,食材,瓠瓜
248,4,食材,腐
248,5,食材,肥腻的食品
248,6,食材,大块的肉
248,7,食材,水陆生灵
248,8,食材,肥美的肉食
248,9,食材,清谈的素食
248,10,食材,蓁菜
248,11,食材,儆莱
248,12,食材,禁脔
248,13,食材,五侯鲭
248,14,食材,蔬莱
248,15,食材,素席
248,16,食材,肉类
248,17,食材,美馔佳肴
248,18,食材,萝卜
248,19,食材,芥菜
248,20,食材,莱苗
248,21,食材,野鸭羹
248,22,食材,熊掌
248,23,食材,白菜
248,24,食材,苋粜
248,25,食材,禽鱼
248,26,烹饪方法,蒸
248,27,烹饪方法,烹煮
248,28,烹饪方法,烹调
248,29,功效,充饥
248,30,功效,保养身体
248,31,功效,使齿牙芬芳
248,32,功效,使肠胃为之一清
248,33,养生原则,生命重在养活
248,34,养生原则,杀生应当禁止
248,35,古籍来源,韦巨源《食谱》
248,36,医家,陆游
248,37,医家,时戢
248,38,医家,何曾
248,39,医家,薛包
248,40,医家,杨万里
249,1,食材,鲜蚕豆
249,2,食材,干蚕豆
249,3,食材,白糖
249,4,食材,白扁豆
249,5,食材,洋薏米
249,6,烹饪方法,炒
249,7,烹饪方法,煮
249,8,烹饪方法,压碎
249,9,烹饪方法,研碎
249,10,烹饪方法,收
249,11,烹饪方法,拌匀
250,1,食材,莱菔
250,2,食材,水莱菔
250,3,烹饪方法,烧
250,4,烹饪方法,切
250,5,烹饪方法,香油炸
250,6,烹饪方法,炙
250,7,烹饪方法,炒
250,8,烹饪方法,烀
250,9,食材,莱花
250,10,食材,姜
250,11,食材,豆粉
250,12,食材,觅粉
250,13,食材,陕酉天红弹莱菔
250,14,烹饪方法,切片
250,15,烹饪方法,煮烂
250,16,烹饪方法,揉碎
250,17,烹饪方法,为丸
250,18,烹饪方法,糁
250,19,烹饪方法,炸
251,1,食材,豆腐
251,2,食材,高汤
251,3,食材,料酒
251,4,食材,酱油
251,5,食材,蘑菇
251,6,食材,腐皮
251,7,食材,腐竹
251,8,食材,笄尖
251,9,食材,笄片
251,10,食材,笄丁
251,11,食材,小芥莱丁
251,12,食材,盐
251,13,食材,豆腐丝
251,14,食材,千张
251,15,食材,笄丝
251,16,食材,醋
251,17,食材,泡儿豆腐
251,18,食材,冷豆腐
251,19,食材,油
251,20,烹饪方法,煨
251,21,烹饪方法,炒
251,22,烹饪方法,蒸
251,23,烹饪方法,炸
251,24,烹饪方法,拌
251,25,烹饪方法,浸
251,26,烹饪方法,切
251,27,烹饪方法,磨
251,28,烹饪方法,点
251,29,烹饪方法,晾凉
251,30,烹饪方法,发开
252,1,食材,肥脓
252,2,食材,蔬飧
252,3,食材,露苗
252,4,食材,雨甲
252,5,食材,莼莱
252,6,食材,雍莱
252,7,食材,罗勒
252,8,食材,桃
252,9,食材,梨
252,10,食材,桔
252,11,食材,柑
252,12,食材,蒲桃
252,13,食材,苹果
252,14,烹饪方法,油炸
252,15,烹饪方法,糖
252,16,古籍来源,《晋书`孝武带纪》
253,1,食材,树花莱
253,2,食材,葛仙米
253,3,食材,竹松
253,4,食味,辛
253,5,烹饪方法,滚水浸软
253,6,烹饪方法,翦去粗裉
253,7,烹饪方法,以高汤煨之
253,8,烹饪方法,以水发开
253,9,烹饪方法,沥去水
253,10,烹饪方法,滚水淬过
253,11,烹饪方法,以汤煨之
253,12,食材,小豆腐丁
253,13,食材,嫩豆腐
253,14,食材,玉兰片
253,15,食材,芡
253,16,病症,高血压
253,17,病症,胆固醇高
253,18,病症,肥胖症
254,1,食材,蕨菜
254,2,食材,小儿拳
254,3,食材,笋衣
254,4,食材,玉兰片
254,5,食材,石花
254,6,烹饪方法,浸
254,7,烹饪方法,煨
254,8,烹饪方法,煮
254,9,烹饪方法,淬
254,10,古籍来源,《随园食单》
255,1,食材,栗
255,2,食材,莲子
255,3,食材,银杏
255,4,食材,白果
255,5,食材,山药
255,6,食材,票子
255,7,食材,落花生
255,8,食味,甘
255,9,食味,咸
255,10,烹饪方法,炙
255,11,烹饪方法,煮
255,12,烹饪方法,煨
255,13,食疗方,金玉羹
255,14,古籍来源,《山家清供》
256,1,食材,面条
256,2,食材,索饼
256,3,食材,汤饼
256,4,食材,碱
256,5,食材,盐
256,6,食材,清油
256,7,食材,水
256,8,食材,桢条面
256,9,食材,挂面
256,10,食材,面片
256,11,食材,面旗
256,12,食材,高汤
256,13,食材,玉米
256,14,食疗方,玉米粥
256,15,食材,生菠莱
256,16,烹饪方法,煮
256,17,烹饪方法,揉
256,18,烹饪方法,扯
256,19,烹饪方法,切
256,20,烹饪方法,炸
256,21,烹饪方法,煨
256,22,烹饪方法,碾
256,23,古籍来源,《玉篇》
256,24,医家,袁文诚
257,1,食材,山药
257,2,食材,冰糖
257,3,食材,白糖
257,4,食材,山芋
257,5,食材,酱油
257,6,烹饪方法,去皮
257,7,烹饪方法,切
257,8,烹饪方法,油灼
257,9,烹饪方法,炒
257,10,烹饪方法,煮熟
257,11,烹饪方法,捣碎
257,12,烹饪方法,蒸
257,13,烹饪方法,蒸熟
257,14,烹饪方法,捣
257,15,烹饪方法,烹
257,16,烹饪方法,煨熟
257,17,食材,澄沙
257,18,食疗方,拔丝山药
257,19,食疗方,山芋圆
260,1,烹饪方法,武火
260,2,烹饪方法,文火
260,3,食味,甘
260,4,食味,酸
260,5,食味,苦
260,6,食味,辛
260,7,食味,咸
260,8,食材,猩猩的嘴唇
260,9,食材,獾獾鸟做的烤肉
260,10,食材,隽燕尾部朐肉
260,11,食材,述荡的肘子
260,12,食材,旄牛尾巴
260,13,食材,大象的鼻子
260,14,食材,凤凰的卵
260,15,食材,洞庭湖的鳟鱼
260,16,食材,东海的鲡鱼
260,17,食材,朱鳖
260,18,食材,鳐
260,19,食材,昆仑山的蓣草
260,20,食材,寿树鞠果实
260,21,食材,赤木
260,22,食材,玄木树上长饷叶子
260,23,食材,嘉树
260,24,食材,华阳山的芸莱
260,25,食材,云梦洚的芹莱
260,26,食材,太湖的膂粜
260,27,食材,土英
260,28,食材,四川阴朴出产的生姜
260,29,食材,桂阳招摇山出产的桂皮
260,30,食材,越骆国出产的篱桂
260,31,食材,鳢鱼
260,32,食材,鲔鱼肉儆的酱
260,33,食材,大夏出产的盐
260,34,食材,宰揭出产的甘露
260,35,食材,长洚出产的大鸟的卵
260,36,食材,玄山出的谷子
260,37,食材,不周山出的小米
260,38,食材,阴山出的襟子
260,39,食材,南海出的黑黍
260,40,食材,三危山出的甘露
260,41,食材,昆仑山上的泉水
260,42,食材,沮江地区的摇水
260,43,食材,白山的泉水
266,1,烹饪方法,武火
266,2,烹饪方法,文火
266,3,食味,甘
266,4,食味,酸
266,5,食味,苦
266,6,食味,辛
266,7,食味,咸
266,8,食材,猩猩的嘴唇
266,9,食材,獾獾鸟做的烤肉
266,10,食材,隽燕尾部朐肉
266,11,食材,述荡的肘子
266,12,食材,旄牛尾巴
266,13,食材,大象的鼻子
266,14,食材,凤凰的卵
266,15,食材,洞庭湖的鳟鱼
266,16,食材,东海的鲡鱼
266,17,食材,昆仑山的蓣草
266,18,食材,寿树鞠果实
266,19,食材,华阳山的芸莱
266,20,食材,云梦洚的芹莱
266,21,食材,太湖的膂粜
266,22,食材,鳢鱼
266,23,食材,鲔鱼肉儆的酱
266,24,功效,久而不败
266,25,功效,熟而不烂
266,26,功效,甜而不过头
266,27,功效,酸而不强烈
266,28,功效,咸而不涩嘴
266,29,功效,辛而不刺激
266,30,功效,肥而不腻口
267,1,食材,莱
267,2,食材,芸
267,3,食材,芹
267,4,食材,菁
267,5,食材,草
267,6,食材,姜
267,7,食材,桂
267,8,食材,菡
267,9,食材,醢
267,10,食材,盐
267,11,食材,露
267,12,食材,卵
267,13,食材,禾
267,14,食材,粟
267,15,食材,襟
267,16,食材,矩
267,17,食材,若磐
268,1,古籍来源,《尸子》
268,2,古籍来源,《御览》
268,3,古籍来源,《书钞》
268,4,古籍来源,《当染篇》
268,5,古籍来源,《隶续》
268,6,古籍来源,《太平御览》
268,7,古籍来源,《鬻子》
268,8,古籍来源,《文馆词林》
268,9,古籍来源,《魏略》
268,10,医家,毕沅
268,11,医家,宋慈抱
268,12,医家,马叙伦
268,13,医家,高诱
270,1,食材,盐
270,2,食材,花根
270,3,食材,醋
270,4,食材,黄米
270,5,食材,干糟
270,6,烹饪方法,炒
270,7,烹饪方法,煮
270,8,烹饪方法,蒸
270,9,烹饪方法,拌
270,10,烹饪方法,榨
270,11,烹饪方法,压
270,12,食疗方,七七醑
271,1,食材,霜夭小茄
271,2,食材,嫩黑茄
271,3,食材,嫩大茄
271,4,食材,白糖
271,5,食材,椒末
271,6,食材,肉
271,7,食材,油
271,8,食材,酱
271,9,烹饪方法,笼蒸
271,10,烹饪方法,压干
271,11,烹饪方法,烧熟
271,12,烹饪方法,拌匀
271,13,烹饪方法,挖出
271,14,烹饪方法,迭入
271,15,烹饪方法,入汁汤
271,16,烹饪方法,取起
271,17,烹饪方法,布拭
271,18,烹饪方法,入瓷盆
271,19,烹饪方法,人罐
271,20,烹饪方法,封
271,21,烹饪方法,笼蒸一炷香
271,22,烹饪方法,取出
271,23,烹饪方法,晾去水气
271,24,烹饪方法,层迭
271,25,烹饪方法,灌满
271,26,烹饪方法,切开
271,27,烹饪方法,调和
271,28,烹饪方法,揉掣
271,29,烹饪方法,封罐
271,30,烹饪方法,留蒂
271,31,烹饪方法,切作饼子料
271,32,食材,原糟水
271,33,食材,原油
271,34,食材,肉馅
271,35,食疗方,蝙蝠茄
272,1,食材,秋柿
272,2,食材,盐
272,3,食材,杏仁
272,4,食材,香油
272,5,食材,核桃
272,6,食材,莱油
272,7,食材,厚酱
272,8,食材,白糖
272,9,食材,砂仁
272,10,食材,茴香
272,11,食材,酒
272,12,食材,天茄儿
272,13,食材,糖
272,14,食材,酱
272,15,食材,醋
272,16,烹饪方法,腌
272,17,烹饪方法,炸
272,18,烹饪方法,炒
272,19,烹饪方法,烧
272,20,烹饪方法,焯
272,21,烹饪方法,制
272,22,烹饪方法,拌
273,1,食材,胡桃肉
273,2,食材,白糖
273,3,食材,江米饭
273,4,食材,黄橙
273,5,食材,生面
273,6,食材,绿豆粉
273,7,食材,薄荷末
273,8,烹饪方法,捣
273,9,烹饪方法,蒸
273,10,烹饪方法,煮
273,11,烹饪方法,烘烤
273,12,烹饪方法,炖
274,1,食材,芥莱
274,2,食材,姜丝
274,3,食材,茴香
274,4,食材,椒末
274,5,食材,香油
274,6,食材,白莱
274,7,食材,花椒
274,8,食材,盐
274,9,食材,冷水
274,10,食材,莱嫩心
274,11,烹饪方法,晒
274,12,烹饪方法,阴干
274,13,烹饪方法,揉
274,14,烹饪方法,晾
274,15,烹饪方法,拌
274,16,烹饪方法,装
274,17,烹饪方法,筑实
274,18,烹饪方法,覆
274,19,烹饪方法,倒
274,20,烹饪方法,泥头
274,21,烹饪方法,裹
274,22,烹饪方法,迭
274,23,烹饪方法,筑
274,24,烹饪方法,灌
274,25,烹饪方法,泥封
274,26,烹饪方法,炒
275,1,食材,豆
275,2,食材,罗卜丁
275,3,食材,笋
275,4,食材,酱油
275,5,食材,糟
275,6,食材,上白江米
275,7,食味,甜
275,8,烹饪方法,煮
275,9,烹饪方法,晒
275,10,烹饪方法,蒸
276,1,食材,牛乳
276,2,食材,核祧
276,3,食材,盐
276,4,食材,酒
276,5,食材,鸡子
276,6,食材,小麦
276,7,食材,羊牛肉
276,8,食材,胡祧
276,9,烹饪方法,蒸
276,10,烹饪方法,煮
276,11,烹饪方法,炒
276,12,烹饪方法,捞
276,13,烹饪方法,沥
276,14,禁忌,不堪食
276,15,古籍来源,籀($ 山)
277,1,食材,青梅
277,2,食材,生甘草
277,3,食材,盐
277,4,食材,生姜
277,5,食材,青椒
277,6,食材,红干椒
277,7,烹饪方法,炒
277,8,烹饪方法,捣碎
277,9,烹饪方法,炒拌
277,10,烹饪方法,纳
277,11,食材,矾
277,12,食材,粗麻布
277,13,食材,锡瓶
279,1,食材,官桂
279,2,食材,良姜
279,3,食材,荜拨
279,4,食材,陈皮
279,5,食材,草蔻
279,6,食材,香砂
279,7,食性,热
279,8,食味,辛
279,9,烹饪方法,去腥
279,10,烹饪方法,增味
280,1,食材,笋
280,2,食材,笋肉
280,3,食材,饼子料肉
280,4,食材,箬
280,5,食材,砻糠
280,6,食材,盐
280,7,烹饪方法,磨粉
280,8,烹饪方法,调汤
280,9,烹饪方法,顿蛋
280,10,烹饪方法,拌肉
280,11,烹饪方法,煨热
280,12,烹饪方法,煮熟
280,13,烹饪方法,熏
280,14,烹饪方法,揉
280,15,烹饪方法,晒千
280,16,烹饪方法,挖
280,17,烹饪方法,切
280,18,烹饪方法,包
280,19,烹饪方法,装
280,20,烹饪方法,剥
280,21,烹饪方法,擘
280,22,烹饪方法,剖
281,1,食材,麻姑
281,2,食材,香蕈
281,3,食材,笋
281,4,食材,甜酒娘
281,5,食材,酱油
281,6,烹饪方法,蒸
281,7,烹饪方法,泡
281,8,烹饪方法,炒
281,9,烹饪方法,切
281,10,烹饪方法,晒
281,11,烹饪方法,沥干
281,12,烹饪方法,醉
282,1,食材,桃
282,2,食材,杏
282,3,食材,李
282,4,食材,黄李
282,5,食材,麦面
282,6,食材,盐
282,7,食材,鲜桃
282,8,食材,熟杏
282,9,食材,面
282,10,食材,饼
282,11,烹饪方法,煮
282,12,烹饪方法,研
282,13,烹饪方法,绞
282,14,烹饪方法,晒
282,15,烹饪方法,收贮
282,16,烹饪方法,和
282,17,烹饪方法,作
282,18,烹饪方法,去汁
282,19,烹饪方法,晒千
282,20,烹饪方法,去核
282,21,烹饪方法,复晒千
282,22,烹饪方法,汤冼
282,23,烹饪方法,滤
282,24,烹饪方法,密封
282,25,烹饪方法,封口
282,26,食疗方,藏桃法
282,27,食材,粥
282,28,食材,糊
282,29,食材,水
282,30,食材,酒
282,31,食材,醋
282,32,食材,酢
284,1,食材,蟹
284,2,食材,稻
284,3,食材,山药
284,4,食材,百合
284,5,食材,羊眼豆
284,6,食材,鳖
284,7,烹饪方法,煮
284,8,烹饪方法,蒸
284,9,病症,腹痛
285,1,古籍来源,《食宪》
285,2,古籍来源,《养小录》
285,3,古籍来源,《清异录》
285,4,古籍来源,《食经》
285,5,古籍来源,《邹平公食宪章》
285,6,古籍来源,《明遒杂志》
285,7,医家,虞惊
285,8,医家,段文昌
285,9,食材,扁米栅
285,10,食材,鲭
285,11,烹饪方法,脍
285,12,养生原则,中节
285,13,养生原则,以卫生为本
285,14,养生原则,勿多戕物命
285,15,养生原则,勿暴殄天物
285,16,禁忌,戒宰割
285,17,禁忌,戒奢费
286,1,食材,白盐
286,2,食材,葱
286,3,食材,韭
286,4,食材,子母蔗
286,5,食材,龙须莱
286,6,食材,瓮莱
286,7,烹饪方法,捣
286,8,烹饪方法,炼熟
286,9,烹饪方法,泼
286,10,病症,百毒
286,11,医家,余杭寿禅师
287,1,食材,莲
287,2,食材,鲫鱼肉
287,3,食材,鲤鱼子
287,4,食材,碧箭
287,5,食材,菊苗
287,6,食材,鱼
287,7,食疗方,莲花饼馅
287,8,食疗方,缕子脍
287,9,食疗方,自然羹
287,10,医家,郭进
287,11,医家,宋龟
287,12,古籍来源,瓜蔬疏
288,1,食材,乌贼
288,2,食材,墨鱼
288,3,食材,鸟贼骨
288,4,食材,海鲧蛸
288,5,功效,治目
288,6,病症,目
288,7,医家,甘盘
288,8,医家,元介卿
288,9,古籍来源,元介卿
289,1,食材,鱼白
289,2,食材,鲤鱼
289,3,食材,黄鱼
289,4,食材,羊胃
289,5,食材,鱼
289,6,食材,羊肉
289,7,食材,乳
289,8,食材,丁子香
289,9,食材,葱
289,10,食材,醋
289,11,食材,吴兴鲤鱼
289,12,食材,彘
289,13,食材,夹心肉
289,14,烹饪方法,拌
289,15,烹饪方法,烹制
289,16,烹饪方法,酿制
289,17,烹饪方法,淋
289,18,烹饪方法,腌制
289,19,烹饪方法,蒸
289,20,烹饪方法,剁碎
289,21,食疗方,凤凰胎
289,22,食疗方,羊皮花丝
289,23,食疗方,逡巡酱
289,24,食疗方,乳酿鱼
289,25,食疗方,丁子香淋脍
289,26,食疗方,葱醋鸡
289,27,食疗方,吴兴连带鲱
289,28,食疗方,西江料
289,29,古籍来源,腊别
290,1,食材,酱
290,2,食材,醋
290,3,食材,醍醐
290,4,食材,盾沆
290,5,食材,野驼蹄
290,6,食材,鹿唇
290,7,食材,驼乳糜
290,8,食材,天鹅炙
290,9,食材,紫玉浆
290,10,食材,玄玉浆
290,11,食材,马奶子
290,12,食材,龙肝
290,13,食材,凤髓
290,14,食材,豹胎
290,15,食材,鲤尾
290,16,食材,鹗炙
290,17,食材,猩唇
290,18,食材,熊掌
290,19,食材,酥酪蝉
290,20,古籍来源,周礼 .夭官.膳夫
290,21,古籍来源,辍耕录
290,22,医家,郑玄
290,23,医家,陶宗仪
290,24,烹饪方法,熬
290,25,烹饪方法,炮
290,26,烹饪方法,捣
290,27,烹饪方法,溃
290,28,禁忌,恶酱为厨司大耗
290,29,禁忌,恶醋为小耗
291,1,食材,双弓米
291,2,食材,糜
291,3,食材,麦穗生
291,4,食材,卷子生
291,5,食材,肥崭
291,6,食材,散竹
291,7,医家,单公洁
291,8,医家,萧琏
291,9,古籍来源,虞惊
291,10,古籍来源,谢讽
292,1,食材,鹑子
292,2,食材,羊
292,3,食材,豕
292,4,食材,牛
292,5,食材,熊
292,6,食材,鹿
292,7,食材,羊肉
292,8,食材,肠脏
292,9,食材,豆英
292,10,食材,驴肉
292,11,食材,牛犊肉
292,12,食材,豆粉
292,13,食材,网油
292,14,食材,肘肉
292,15,烹饪方法,烤
292,16,烹饪方法,煎炸
292,17,烹饪方法,蒸
292,18,烹饪方法,清炖
292,19,烹饪方法,细切
292,20,烹饪方法,裹
292,21,烹饪方法,炙
292,22,烹饪方法,烹
292,23,烹饪方法,缠裹
292,24,烹饪方法,卷压
292,25,烹饪方法,煮熬
292,26,烹饪方法,切片
292,27,烹饪方法,酿制
292,28,烹饪方法,切
292,29,烹饪方法,腌
292,30,食疗方,箸头春
292,31,食疗方,暖寒花酿酽蒸
292,32,食疗方,水炼犊
292,33,食疗方,五生蓝
292,34,食疗方,格食
292,35,食疗方,过门香
292,36,食疗方,红罗竹
292,37,食疗方,缠花云梦肉
292,38,古籍来源,《开元夭宝遗事》
292,39,医家,高诱
292,40,病症,暖蹇
292,41,病症,消蹇
293,1,食材,鱼
293,2,食材,荔枝仁
293,3,食材,脯
293,4,食材,鲱
293,5,病症,时疫
293,6,医家,仇士良
293,7,烹饪方法,罔
293,8,烹饪方法,切
293,9,烹饪方法,腌制
293,10,烹饪方法,装缸发酵
296,1,医家,胡适
296,2,医家,释法常
298,1,食材,茶
298,2,食材,泉水
298,3,烹饪方法,水煎服
298,4,病症,病冷
298,5,病症,宿疾
298,6,病症,病瘥
298,7,医家,孙樵
298,8,医家,毛文锡
300,1,食材,韭
300,2,食材,葱
300,3,食材,甘草
300,4,古籍来源,文言
301,1,食材,茶
301,2,烹饪方法,煮汤
301,3,烹饪方法,作汤
301,4,烹饪方法,泛茶
301,5,烹饪方法,燃
301,6,禁忌,水忌停
301,7,禁忌,薪忌薰
301,8,养生原则,在茶家亦有法律
301,9,养生原则,汤乖则茶殆矣
301,10,养生原则,木体虽尽而性且浮
301,11,养生原则,性浮则汤有终嫩之嫌
301,12,养生原则,"炭则不然,实汤之友"
301,13,养生原则,茶本灵草
303,1,食材,韭
303,2,食材,葱
303,3,食材,蒜
303,4,食材,香椿头
303,5,食材,萝卜
303,6,烹饪方法,切丝
303,7,烹饪方法,拌
303,8,病症,打嗳
303,9,病症,秽气
304,1,食材,米饭
304,2,食材,面食
304,3,食材,饼子
304,4,食材,面条
304,5,食材,油
304,6,食材,盐
304,7,食材,酱
304,8,食材,醋
304,9,食材,椒末
304,10,食材,芝麻屑
304,11,食材,笋
304,12,食材,蕈
304,13,食材,虾
304,14,功效,养脾
304,15,功效,补心
304,16,脏腑,脾
304,17,脏腑,心
304,18,食疗方,五香面
304,19,食疗方,八珍面
304,20,烹饪方法,煮
304,21,烹饪方法,擀
304,22,烹饪方法,切
304,23,烹饪方法,搅拌
304,24,古籍来源,本草
305,1,食材,蔬笋
305,2,食材,虾鱼
305,3,养生原则,重蔬食
305,4,养生原则,崇俭约
305,5,养生原则,尚真味
305,6,养生原则,主清淡
305,7,养生原则,忌油腻
305,8,养生原则,慎杀生
307,1,食材,鸡
307,2,食材,鱼
307,3,食材,虾
307,4,食材,鲜笄
307,5,食材,香蕈
307,6,食材,芝麻
307,7,食材,花椒
307,8,食材,酱
307,9,食材,醋
307,10,食材,笋
307,11,食材,藕
307,12,食材,葛
307,13,食材,蕨
307,14,食材,绿豆
307,15,食材,鸡蛋清
307,16,烹饪方法,晒
307,17,烹饪方法,捣
307,18,烹饪方法,碾
307,19,烹饪方法,煮
307,20,烹饪方法,调
307,21,食疗方,八珍
307,22,食疗方,五香
307,23,禁忌,忌讳油
308,1,食材,米
308,2,食材,粥
308,3,食材,饭
308,4,食材,鲜花露
308,5,食材,香橼
308,6,食材,桂花
308,7,食材,玫瑰
308,8,烹饪方法,煮
308,9,烹饪方法,熬
308,10,烹饪方法,烧
308,11,烹饪方法,拌匀
308,12,烹饪方法,浇
308,13,烹饪方法,闷
308,14,养生原则,火候调得均匀
311,1,食材,羊肉
311,2,食材,人参
311,3,食材,黄芪
311,4,功效,补气
311,5,功效,补形
311,6,病症,伤脾
311,7,病症,坏腹
311,8,古籍来源,《本草》
312,1,食材,鱼
312,2,食材,酱瓜
312,3,食材,生姜
312,4,食材,竹笋
312,5,食材,虾
312,6,食材,甘草
312,7,食材,笋
312,8,烹饪方法,烧
312,9,烹饪方法,蒸
312,10,烹饪方法,焯
312,11,烹饪方法,醉
312,12,烹饪方法,糟
314,1,食材,雄鸭
314,2,食材,雉
314,3,食材,雁
314,4,食材,鸠
314,5,食材,鸽
314,6,食材,黄雀
314,7,食材,鹩鹑
314,8,食材,兔
314,9,食材,麝
314,10,食材,鹿
314,11,食材,熊
314,12,食材,虎
314,13,功效,保养身体
314,14,烹饪方法,食
314,15,烹饪方法,尝
314,16,古籍来源,易.颐
315,1,食材,蔷薇
315,2,食材,香橼
315,3,食材,桂花
315,4,食材,饭
315,5,食材,羹
315,6,食材,汤
315,7,食材,肴馔
315,8,食材,小莱
315,9,养生原则,吃饭不可无羹
315,10,养生原则,"宁可食无馔,不可饭无汤"
316,1,食材,米
316,2,食材,麦
316,3,食材,粉面
316,4,功效,养脾
316,5,功效,补心
316,6,脏腑,脾
316,7,脏腑,心
316,8,古籍来源,《本草》
318,1,食材,鸫肉
318,2,食材,鹎肉
318,3,食材,獐肉
318,4,食材,鹿肉
318,5,食材,猪肉
318,6,食材,羊肉
318,7,食材,面粉
318,8,食材,鸡鸭蛋蛋白
318,9,食材,蛋白
318,10,食材,鸭蛋黄
318,11,食材,鸡蛋黄
318,12,食材,银朱
318,13,食材,芦荻
318,14,食材,白鱼
318,15,食材,鲇鱼
318,16,食材,鳢鱼
318,17,食材,姜
318,18,食材,花椒
318,19,食材,桔皮
318,20,食材,豆豉
318,21,食材,油
318,22,食材,绢
318,23,烹饪方法,炙
318,24,烹饪方法,烤
318,25,烹饪方法,斫碎
318,26,烹饪方法,炒
318,27,烹饪方法,削
318,28,烹饪方法,涂
318,29,烹饪方法,刷
318,30,烹饪方法,切
318,31,烹饪方法,包
318,32,烹饪方法,铺
318,33,烹饪方法,片
318,34,烹饪方法,割
318,35,烹饪方法,洗
318,36,烹饪方法,舂
318,37,烹饪方法,和
318,38,烹饪方法,垫
318,39,食疗方,筒炙
318,40,食疗方,黄炙
318,41,食疗方,陷炙
318,42,食疗方,饼炙
318,43,禁忌,"面多了,味酸"
318,44,禁忌,"少了,环相黏"
319,1,古籍来源,《食经》
319,2,食材,豆子
319,3,烹饪方法,蒸
319,4,食材,青茅
319,5,食材,糯米小曲
319,6,食材,盐
319,7,食材,豉
319,8,食材,桑叶
319,9,烹饪方法,晒
319,10,烹饪方法,蒸
319,11,烹饪方法,炊
319,12,食材,芥草
319,13,烹饪方法,簸
319,14,烹饪方法,按
319,15,食材,麦豉
319,16,食材,小麦
319,17,烹饪方法,磨
319,18,烹饪方法,拌
319,19,烹饪方法,蒸
319,20,烹饪方法,按碎
319,21,烹饪方法,簸扬
319,22,烹饪方法,洒
319,23,烹饪方法,蒸
321,1,食材,鱼
321,2,食材,鹅
321,3,食材,雁
321,4,食材,鸡
321,5,食材,鸭
321,6,食材,鸽
321,7,食材,鹘
321,8,食材,野鸭
321,9,食材,野鸡
321,10,食材,兔
321,11,食材,鹌鹑
321,12,食材,牛
321,13,食材,羊
321,14,食材,鲇
321,15,食材,鳢
321,16,食味,酸
321,17,食味,甜
321,18,烹饪方法,煨
321,19,烹饪方法,捶
321,20,烹饪方法,煮
321,21,烹饪方法,浸
321,22,烹饪方法,烤
321,23,烹饪方法,阴干
321,24,烹饪方法,煮熟
321,25,食疗方,五味脯
321,26,食疗方,胞脯
321,27,食疗方,挹鱼
322,1,食材,芜菁
322,2,食材,蜀芥
322,3,食材,黍米
322,4,食材,麦锐
322,5,食材,菘莱
322,6,食材,脂麻油
322,7,食材,干蔓菁
322,8,烹饪方法,煮
322,9,烹饪方法,捣
322,10,烹饪方法,烫
322,11,烹饪方法,浸
322,12,烹饪方法,封
322,13,食疗方,汤菹
322,14,食疗方,藤菹
322,15,食味,咸
323,1,古籍来源,《食次》
323,2,食材,糗
323,3,食材,折米
323,4,食材,白饮
323,5,食材,盐
323,6,烹饪方法,煮
323,7,烹饪方法,漉
323,8,烹饪方法,投
323,9,烹饪方法,淋
323,10,食疗方,煮糗
324,1,食材,姜
324,2,食材,肉
324,3,食材,肾
324,4,食材,葱
324,5,食材,椒
324,6,食材,梏皮
324,7,食材,胡芹
324,8,食材,小蒜
324,9,食材,盐
324,10,食材,醋
324,11,食材,猪肉
324,12,食材,羊肉
324,13,食材,芋
324,14,食材,葱白
324,15,食材,粳米
324,16,食材,豉汁
324,17,食材,苦酒
324,18,食材,鸭
324,19,食材,木兰皮
324,20,食材,酒
324,21,食材,鳖
324,22,食材,豉
324,23,食味,咸
324,24,烹饪方法,煮
324,25,烹饪方法,切
324,26,烹饪方法,蒸
324,27,烹饪方法,细切
324,28,烹饪方法,锻
324,29,烹饪方法,煮熟
324,30,烹饪方法,调和
324,31,古籍来源,《食经》
325,1,食材,羊板油
325,2,食材,羊肉
325,3,食材,葱白
325,4,食材,盐
325,5,食材,豉汁
325,6,食材,姜
325,7,食材,花椒末
325,8,食材,猪肉
325,9,食材,橘皮
325,10,食材,酱瓜
325,11,食材,小猪
325,12,食材,肥鸭子肉
325,13,食材,鱼酱汁
325,14,食材,葱
325,15,食材,蜜
325,16,烹饪方法,烤
325,17,烹饪方法,煮
325,18,烹饪方法,捣
325,19,食疗方,牛胲炙
325,20,食疗方,灌肠
325,21,食疗方,跳丸炙
325,22,食疗方,膦炙怼
325,23,古籍来源,《食经》
326,1,食材,牛猪肉
326,2,食材,鸡子白
326,3,食材,藿叶
326,4,食材,生鹅子
326,5,食材,姜
326,6,食材,桔
326,7,食材,驴肉
326,8,食材,马肉
326,9,食材,猪肉
326,10,食材,盐
326,11,食材,曲
326,12,食材,麦莸
326,13,烹饪方法,煮
326,14,烹饪方法,切
326,15,烹饪方法,蒸
326,16,烹饪方法,破
326,17,烹饪方法,细切
326,18,烹饪方法,和
326,19,烹饪方法,蒸苞
326,20,烹饪方法,斫
326,21,烹饪方法,和匀
326,22,烹饪方法,密封
326,23,烹饪方法,厮
327,1,食材,醋
327,2,食材,葵
327,3,食材,糯米饭
327,4,食材,小麦
327,5,食材,白米
327,6,食材,瓜
327,7,食材,小瓜
327,8,食材,豆豉
327,9,食材,越瓜
327,10,食材,酒糟
327,11,食材,白冬瓜
327,12,食材,杌皮
327,13,食材,鸟梅
327,14,烹饪方法,煮
327,15,烹饪方法,淹
327,16,烹饪方法,切
327,17,烹饪方法,筛
327,18,烹饪方法,铺
327,19,烹饪方法,盖
327,20,古籍来源,《四民月令》
327,21,古籍来源,《食经》
327,22,食材,菘
327,23,食材,鲱
328,1,食材,狗肉
328,2,食材,小麦
328,3,食材,白酒
328,4,食材,鸡蛋
328,5,食材,牛头
328,6,食材,鹿头
328,7,食材,小猪脚
328,8,食材,猪蹄
328,9,食材,鸡鸭蛋
328,10,食材,姜
328,11,食材,花椒
328,12,食材,盐
328,13,食材,生鸭蛋
328,14,食材,茅
328,15,烹饪方法,煮
328,16,烹饪方法,蒸
328,17,烹饪方法,压榨
328,18,烹饪方法,绑
328,19,烹饪方法,打
328,20,食疗方,犬牒
328,21,食疗方,苞牒
328,22,古籍来源,《食经》
328,23,古籍来源,《食次》
329,1,食材,猪
329,2,食材,鸡
329,3,食材,鸭肉
329,4,食材,葱
329,5,食材,姜
329,6,食材,橘皮
329,7,食材,胡芹
329,8,食材,小蒜
329,9,食材,醋
329,10,食材,小猪
329,11,食材,酸浆水
329,12,食材,面粉
329,13,烹饪方法,煮
329,14,烹饪方法,炒
329,15,烹饪方法,烫
329,16,烹饪方法,拔
329,17,烹饪方法,剃
329,18,烹饪方法,刮削
329,19,烹饪方法,揩擦
329,20,烹饪方法,斩
329,21,烹饪方法,浸
330,1,食材,米
330,2,食材,酒
330,3,食材,姜
330,4,食材,桂
330,5,食材,蜜
330,6,食材,胆
330,7,食材,黍酒
330,8,食材,秫酒
330,9,食材,曲
330,10,食材,笨曲
330,11,食材,神曲
330,12,食材,米粉
330,13,食味,辛
330,14,食味,辣
330,15,食味,甜
330,16,食味,苦
330,17,烹饪方法,炊
330,18,烹饪方法,蒸
330,19,烹饪方法,煮
330,20,烹饪方法,捣
330,21,烹饪方法,筛
330,22,烹饪方法,舂
330,23,烹饪方法,搅拌
330,24,烹饪方法,打
330,25,食疗方,酿礤米酎
331,1,古籍来源,《食经》
331,2,食材,芋子
331,3,食材,猪羊肉
331,4,烹饪方法,煮
331,5,食材,葱白
331,6,食材,粳米
331,7,食材,盐
331,8,食材,豉
331,9,食材,苦酒
331,10,食材,小鸭
331,11,食材,大鸭
331,12,食材,葱
331,13,食材,芊
331,14,食材,梏皮
331,15,食材,木兰
331,16,食材,生姜
331,17,食材,豉汁
331,18,食材,米
331,19,食材,酒
331,20,食材,鳖
331,21,烹饪方法,煮
331,22,食材,羊肉
331,23,食材,葱
331,24,食材,豉
331,25,食材,粳米
331,26,食材,羡
331,27,食材,木兰
331,28,食材,酒
331,29,烹饪方法,煮
331,30,食材,盐
331,31,食材,苦酒
331,32,食材,猪蹄
331,33,烹饪方法,煮
331,34,食材,葱
331,35,食材,豉
331,36,食材,苦酒
331,37,食材,盐
331,38,食材,饧
331,39,食材,羊蹄
331,40,食材,羊肉
331,41,食材,葱
331,42,食材,豉
331,43,食材,米
331,44,食材,生姜
331,45,食材,桔皮
331,46,食材,兔
331,47,食材,水
331,48,食材,酒
331,49,食材,葱
331,50,食材,米
331,51,食材,盐
331,52,食材,豉
331,53,食材,苦酒
331,54,食材,肉葵
331,55,食材,猪蹄
331,56,烹饪方法,煮
331,57,烹饪方法,蒸
331,58,烹饪方法,合煮
331,59,烹饪方法,调其味
331,60,烹饪方法,煮令烂
331,61,烹饪方法,擘去
333,1,食材,麦曲
333,2,食材,神曲
333,3,食材,米
333,4,烹饪方法,浸
333,5,烹饪方法,酿
333,6,烹饪方法,淘
333,7,烹饪方法,曝
333,8,烹饪方法,收
333,9,禁忌,勿使漏气
333,10,禁忌,勿令见日
333,11,禁忌,不须覆盖
333,12,禁忌,不用被丽
333,13,禁忌,太厚则伤热
333,14,禁忌,恐不耐久
333,15,禁忌,咸则不佳
333,16,禁忌,澜湿则酒恶
333,17,禁忌,斧刃则杀小
333,18,禁忌,恐土污及丽润
333,19,养生原则,受霜露
333,20,养生原则,寒暖有早晚
333,21,养生原则,取极甘井水
333,22,养生原则,河水笫一好
333,23,养生原则,秋以九月九日或十九日收水
333,24,养生原则,此四日为上时
333,25,养生原则,籴日非不得作
333,26,养生原则,陈者弥好
333,27,古籍来源,神曲滔方
333,28,食疗方,清曲祛
334,1,食材,杏酪
334,2,食材,饧
334,3,食材,地黄粱
334,4,食材,醴
334,5,食材,杏仁
334,6,食材,稻麦
334,7,烹饪方法,煮
334,8,烹饪方法,研
334,9,烹饪方法,滤
334,10,烹饪方法,搅
334,11,烹饪方法,曝
334,12,烹饪方法,打
334,13,烹饪方法,脱
334,14,烹饪方法,燃
334,15,烹饪方法,沸
334,16,烹饪方法,覆
334,17,烹饪方法,和
334,18,食味,甘
334,19,食味,苦
334,20,古籍来源,傅日
335,1,食材,鱼
335,2,食材,糁
335,3,食材,菰
335,4,食材,芦叶
335,5,食材,苇
335,6,食材,竹
335,7,食材,荆
335,8,食材,荷叶
335,9,食材,茱萸
335,10,食材,橘皮
335,11,食材,姜
335,12,食材,盐
335,13,食材,饭
335,14,食材,糈米
335,15,食材,干鱼
335,16,食材,白饭
335,17,烹饪方法,腌
335,18,烹饪方法,炊
335,19,烹饪方法,洗
335,20,烹饪方法,斩
335,21,烹饪方法,擘
335,22,烹饪方法,切
335,23,烹饪方法,裹
335,24,烹饪方法,酿
335,25,烹饪方法,浸
335,26,烹饪方法,漉
335,27,烹饪方法,劐
335,28,烹饪方法,截
335,29,烹饪方法,去鳞
335,30,烹饪方法,抑
335,31,食疗方,鱼鲱祛
335,32,食疗方,长沙蒲鲱法
335,33,食疗方,夏月鱼蚱祛
335,34,禁忌,患臭而不美
335,35,禁忌,一穿破则虫入
335,36,禁忌,烂者不中
336,1,食材,肉
336,2,食材,盐
336,3,食材,曲
336,4,食材,麦
336,5,食材,猪
336,6,食材,脂
336,7,食材,酒
336,8,食材,韭
336,9,食材,酒糟
336,10,烹饪方法,煮
336,11,烹饪方法,熘
336,12,烹饪方法,炒
336,13,烹饪方法,炙
336,14,烹饪方法,曝
337,1,食材,鲤鱼
337,2,烹饪方法,作脔
337,3,烹饪方法,片斩
337,4,烹饪方法,浸冼
337,5,烹饪方法,炙
337,6,烹饪方法,炊
337,7,烹饪方法,合和
337,8,烹饪方法,搅
337,9,烹饪方法,迮
337,10,食材,盐
337,11,食材,米饭
337,12,食材,糁
337,13,食材,茱萸
337,14,食材,橘皮
337,15,食材,酒
337,16,食味,咸
338,1,食材,小麦
338,2,烹饪方法,炒
338,3,烹饪方法,曝
338,4,烹饪方法,捣
338,5,烹饪方法,磨
338,6,烹饪方法,簸
338,7,烹饪方法,择
338,8,烹饪方法,溲
338,9,烹饪方法,覆
338,10,烹饪方法,晒
338,11,烹饪方法,积
338,12,烹饪方法,剡
338,13,烹饪方法,淘
338,14,烹饪方法,踏
338,15,烹饪方法,刺
338,16,烹饪方法,卧
338,17,烹饪方法,出
338,18,烹饪方法,停
338,19,食疗方,春酒曲
339,1,食材,葵崧
339,2,食材,芜菁
339,3,食材,蜀芥
339,4,食材,黍米
339,5,食材,麦贽
339,6,食材,干蔓菁
339,7,烹饪方法,煮
339,8,烹饪方法,炸
339,9,烹饪方法,熬
339,10,烹饪方法,浸
339,11,烹饪方法,洗
339,12,烹饪方法,濯
339,13,食味,咸
339,14,食疗方,汤菹
339,15,食疗方,蘸菹
340,1,食材,小麦
340,2,食材,胡臬
340,3,食材,大麦
340,4,烹饪方法,淘
340,5,烹饪方法,浸
340,6,烹饪方法,蒸
340,7,烹饪方法,曝
340,8,烹饪方法,扬
340,9,烹饪方法,簸
340,10,烹饪方法,溲
340,11,烹饪方法,熬
340,12,烹饪方法,覆
340,13,烹饪方法,摊
340,14,烹饪方法,散收
340,15,古籍来源,《盂子》
341,1,食材,鸡鸭白
341,2,食材,鸭子黄
341,3,食材,鸡子黄
341,4,食材,芦狨
341,5,食材,面
341,6,食材,生鱼
341,7,食材,白鱼
341,8,食材,鲇
341,9,食材,鳢
341,10,食材,蒜
341,11,食材,姜
341,12,食材,椒
341,13,食材,桔皮
341,14,食材,盐
341,15,食材,豉
341,16,烹饪方法,炙
341,17,烹饪方法,灌
341,18,烹饪方法,刷
341,19,烹饪方法,春
341,20,烹饪方法,煎
341,21,烹饪方法,按
341,22,烹饪方法,翻
341,23,烹饪方法,断
341,24,烹饪方法,束
341,25,烹饪方法,削
341,26,烹饪方法,挣洗
341,27,烹饪方法,涂
341,28,烹饪方法,藉
341,29,烹饪方法,装
341,30,烹饪方法,倒
341,31,烹饪方法,置
341,32,古籍来源,竹筒
341,33,古籍来源,饼炙
342,1,食材,醴
342,2,食材,酪
342,3,食材,粥
342,4,食材,蒿
342,5,食材,干牛屎
342,6,食材,肥猎肉
342,7,食材,脂
342,8,烹饪方法,煮
342,9,烹饪方法,燃
342,10,烹饪方法,揩拭
342,11,烹饪方法,洗
342,12,食疗方,謇食
342,13,养生原则,不必耍茌褰食
343,1,食材,豆
343,2,食材,黍
343,3,食材,豉
343,4,食材,桑叶
343,5,食材,小麦
343,6,烹饪方法,蒸
343,7,烹饪方法,曝
343,8,烹饪方法,煮
343,9,烹饪方法,炊
343,10,烹饪方法,浸
343,11,烹饪方法,覆
343,12,烹饪方法,画
343,13,烹饪方法,洒
343,14,烹饪方法,溲
343,15,烹饪方法,搏
343,16,烹饪方法,内
343,17,烹饪方法,泥
343,18,烹饪方法,排
343,19,烹饪方法,簸
343,20,烹饪方法,按
343,21,古籍来源,《食经》
343,22,食疗方,作麦豉
343,23,禁忌,勿令泄其暖热之气
343,24,禁忌,勿抑
344,1,食材,王瓜
344,2,食材,壬瓜
344,3,食材,生玉瓜
344,4,食材,茄子
344,5,食材,黄瓜
344,6,烹饪方法,酱
344,7,古籍来源,《月令》
345,1,食材,香橼
345,2,食材,白果
345,3,食材,小芋
345,4,食材,黄腊
345,5,食材,白糖
345,6,食材,橙子
345,7,食材,生姜
345,8,食材,甘草
345,9,食材,檀香
345,10,食材,橙皮
345,11,食材,干山药
345,12,食材,白梅肉
345,13,烹饪方法,剪
345,14,烹饪方法,浸
345,15,烹饪方法,煮
345,16,烹饪方法,蒸
345,17,烹饪方法,捣
345,18,烹饪方法,切
345,19,烹饪方法,焙
345,20,烹饪方法,绞
345,21,食疗方,香橼膏
345,22,食疗方,橙饼
346,1,食材,官桂
346,2,食材,陈皮
346,3,食材,鲜桔皮
346,4,食材,橙皮
346,5,食材,良姜
346,6,食材,干姜
346,7,食材,生姜
346,8,食材,姜汁
346,9,食材,姜粉
346,10,食材,胡椒
346,11,食材,砂仁
346,12,食材,川椒
346,13,食材,花椒
346,14,食材,地椒
346,15,食材,辣椒
346,16,食材,小茴
346,17,食材,大茴
346,18,食材,草果
346,19,食材,荜拨
346,20,食材,甘草
346,21,食材,肉豆蔻
346,22,食材,白芷
346,23,食材,桂皮
346,24,食材,红曲
346,25,食材,神曲
346,26,食材,甘松
346,27,食材,草豆蔻
346,28,食材,檀香
346,29,食材,白糖
346,30,食材,黑泌糟
346,31,食材,葱
346,32,食材,元荽
346,33,食材,莳萝
346,34,食材,蒜
346,35,食材,韭
346,36,食材,红豆
346,37,食材,豆豉
346,38,烹饪方法,研
346,39,烹饪方法,拌匀
347,1,食材,白莱
347,2,食材,白菜
347,3,食材,梅菜
347,4,食材,黄芽莱
347,5,食材,盐
347,6,烹饪方法,腌
347,7,烹饪方法,晒
347,8,烹饪方法,烧
347,9,烹饪方法,蒸
347,10,烹饪方法,醯
347,11,禁忌,勿见水
348,1,食材,鹅
348,2,食材,姜
348,3,食材,椒
348,4,食材,茴香
348,5,食材,猪蹄
348,6,食材,鸡
348,7,食材,香油
348,8,食材,葱
348,9,食材,黄雀
348,10,食材,笋芽
348,11,食材,嫩姜
348,12,食材,糟油
348,13,食材,酱醋
348,14,烹饪方法,煮
348,15,烹饪方法,切
348,16,烹饪方法,装
348,17,烹饪方法,扎
348,18,烹饪方法,裹缠
348,19,烹饪方法,挖
348,20,烹饪方法,漂净
348,21,烹饪方法,炖
348,22,烹饪方法,重汤煮
349,1,食材,面
349,2,食材,麸
349,3,食材,面筋
349,4,食材,虾
349,5,食材,虾米
349,6,食材,白糖
349,7,食材,酒酿
349,8,食材,糯米
349,9,食材,酒曲
349,10,食味,甘
349,11,食味,辛
349,12,食性,温
349,13,功效,益气
349,14,功效,生津
349,15,功效,活血
349,16,功效,发痘
349,17,烹饪方法,蒸
349,18,烹饪方法,煮
349,19,烹饪方法,煎
349,20,烹饪方法,炸
349,21,烹饪方法,熏
349,22,烹饪方法,烘
349,23,烹饪方法,浸
349,24,烹饪方法,炖
349,25,烹饪方法,榨
349,26,烹饪方法,抹
349,27,烹饪方法,晾
349,28,烹饪方法,制
349,29,禁忌,不经猪油。不能坚脆也
349,30,食材,面脯
349,31,食材,面筋干
350,1,食材,盐
350,2,食材,梅
350,3,食味,咸
350,4,烹饪方法,煮
350,5,烹饪方法,晒
350,6,烹饪方法,磨
350,7,烹饪方法,蒸
350,8,古籍来源,尚书
350,9,古籍来源,说命下
351,1,食材,桃
351,2,食材,麦面
351,3,食材,盐
351,4,食材,乌鸡血
351,5,食材,桃花
351,6,食材,圆眼
351,7,烹饪方法,煮
351,8,烹饪方法,涂
351,9,功效,光白
351,10,功效,润泽如玉
352,1,食材,猪肚
352,2,食材,小肠
352,3,食材,香蕈
352,4,食材,莲肉
352,5,食材,百合
352,6,食材,白糯米
352,7,食材,薏米
352,8,食材,猪腿精肉
352,9,食材,砂仁
352,10,食材,椒末
352,11,食材,醋
352,12,食材,熟香油
352,13,食材,羊肉
352,14,食材,核桃
352,15,食材,桑叶
352,16,烹饪方法,煮
352,17,烹饪方法,焯
352,18,烹饪方法,拌
352,19,烹饪方法,槌
352,20,烹饪方法,切
352,21,烹饪方法,磨
352,22,烹饪方法,装
352,23,烹饪方法,缝
352,24,烹饪方法,纽干
352,25,烹饪方法,滚
352,26,烹饪方法,击碎
352,27,烹饪方法,排列
352,28,烹饪方法,换水
352,29,烹饪方法,调和
352,30,烹饪方法,下锅
352,31,食疗方,熟蚱
352,32,食疗方,镡羊肉
352,33,食疗方,煮羊肉
353,1,食材,火腿
353,2,烹饪方法,笼蒸
353,3,烹饪方法,煮
353,4,食材,笋
353,5,烹饪方法,蒸
353,6,食材,椒盐
353,7,食材,香料
353,8,食材,香油
353,9,食材,莴笋
353,10,食材,盐
353,11,烹饪方法,揉
353,12,食材,茴香
353,13,食材,花椒
353,14,食材,白酒
353,15,食材,糟笋
353,16,食材,冬笋
353,17,烹饪方法,刷
353,18,食材,腊香糟
353,19,食材,米粉
353,20,食材,面粉
354,1,食材,羊肉
354,2,食材,核桃
354,3,食材,桑叶
354,4,食材,稻草
354,5,食材,猪头
354,6,食材,酒
354,7,食材,酱油
354,8,食材,葱
354,9,食材,椒
354,10,食材,桂皮
354,11,食材,瓦片
354,12,食材,兔
354,13,食材,米泔
354,14,食材,酒脚
354,15,食材,大小茴香
354,16,食材,胡椒
354,17,食材,花椒
354,18,食材,葱花
354,19,食材,油
354,20,食材,醋
354,21,烹饪方法,蒸
354,22,烹饪方法,切
354,23,烹饪方法,擦
354,24,烹饪方法,包
354,25,烹饪方法,击碎
354,26,烹饪方法,按实
354,27,烹饪方法,去骨
354,28,烹饪方法,磨光
354,29,烹饪方法,凑满
354,30,烹饪方法,下肉
354,31,烹饪方法,密封
354,32,烹饪方法,烧
354,33,烹饪方法,煮过
354,34,烹饪方法,浸
354,35,烹饪方法,捏冼
354,36,烹饪方法,浸洗
354,37,烹饪方法,漂
354,38,烹饪方法,沥干
354,39,烹饪方法,烧滚
354,40,烹饪方法,熬
354,41,食疗方,蒸猪头
354,42,禁忌,令肉不近铁
355,1,食材,米谷
355,2,食材,稗谷
355,3,食材,籼糠
355,4,食材,砂砾
355,5,食材,粗粝
355,6,食味,甘
355,7,功效,养阴
355,8,功效,补气
355,9,功效,养血
355,10,养生原则,食不厌精
355,11,古籍来源,论语.乡党
356,1,食材,茄
356,2,食材,梅
356,3,食材,糖
356,4,食材,姜
356,5,食材,桔
356,6,食材,苏丝
356,7,食材,山药
356,8,食材,肉
356,9,烹饪方法,去皮
356,10,烹饪方法,挂
356,11,烹饪方法,蒸过
356,12,烹饪方法,压干
356,13,烹饪方法,切
356,14,烹饪方法,滚汤焯过
356,15,烹饪方法,榨干
356,16,烹饪方法,盐腌
356,17,烹饪方法,拌匀
356,18,烹饪方法,泼
356,19,烹饪方法,干
356,20,烹饪方法,收贮
356,21,烹饪方法,蒸烂
356,22,烹饪方法,搅
356,23,烹饪方法,煮
356,24,烹饪方法,切片
356,25,烹饪方法,配
356,26,食材,白糖
356,27,食材,梅卤
357,1,食材,鲞
357,2,食材,宁波淡白豢
357,3,食材,真黄鱼
357,4,食材,鲜鲫
357,5,食材,甜酱
357,6,食材,茴
357,7,食材,椒
357,8,食材,柘枝
357,9,食材,紫蔗皮
357,10,食材,荔壳
357,11,食材,松壳碎末
357,12,食材,鲜鱼
357,13,食材,好肉汤
357,14,食材,糟
357,15,食材,盐
357,16,食材,酒
357,17,烹饪方法,蒸熟
357,18,烹饪方法,酥炙
357,19,烹饪方法,焙燥
357,20,烹饪方法,研粉
357,21,烹饪方法,薰
357,22,烹饪方法,煮熟
357,23,烹饪方法,和匀
357,24,食疗方,熏鲫
357,25,禁忌,黄枯鲞不堪用
358,1,食材,香椿
358,2,食味,甘
358,3,食性,平
358,4,功效,健胃理气
358,5,禁忌,赤芥有毒
358,6,禁忌,食之杀人
358,7,禁忌,三月食陈菹至夏生热病恶疮
358,8,禁忌,十月食霜打黄叶令人面枯无光
358,9,食材,陈菹
358,10,食材,霜打黄叶
359,1,食材,海蜇
359,2,食材,豆腐
359,3,食材,鲈鱼
359,4,食材,香柔花叶
359,5,烹饪方法,煮
359,6,烹饪方法,拌
359,7,烹饪方法,浸
359,8,烹饪方法,切
359,9,烹饪方法,醉
359,10,烹饪方法,劈
359,11,食疗方,金齑玉鲩
359,12,古籍来源,大业拾遗
361,1,食材,井水
361,2,食材,白滚水
361,3,食材,盐汤
361,4,食材,白糖
361,5,食材,香露
361,6,功效,润泽益颜
361,7,病症,黄瘦
361,8,病症,肿痈
361,9,禁忌,不宜即供饮
361,10,禁忌,忌之
363,1,食材,六谷
363,2,食材,六牲
363,3,食材,稻
363,4,食材,黍
363,5,食材,稷
363,6,食材,粱
363,7,食材,麦
363,8,食材,菰米
363,9,食材,马
363,10,食材,牛
363,11,食材,羊
363,12,食材,豕
363,13,食材,犬
363,14,食材,鸡
363,15,食材,百羞
363,16,食材,百酱
363,17,食材,鹅尾肉
363,18,食材,鸡肝
363,19,古籍来源,周礼
363,20,古籍来源,三字经
363,21,古籍来源,礼记
364,1,食材,酒
364,2,食材,生姜
364,3,食材,烧酒
364,4,食材,生酒
364,5,食材,冷酒
364,6,食材,茶
364,7,食性,寒
364,8,归经,肾藏
364,9,功效,消食
364,10,功效,去肥浓煎爝之毒
364,11,病症,烁精耗血
364,12,病症,助火伤目
364,13,病症,须发早枯白
364,14,病症,两腿肤裂
364,15,病症,出水疯獐肿
364,16,病症,损目
364,17,病症,渴
364,18,病症,腰脚重坠
364,19,病症,膀胱冷痛
364,20,病症,水肿
364,21,病症,消渴
364,22,病症,孪蹙
364,23,病症,下焦虚令
364,24,禁忌,不可多饮
364,25,禁忌,空心尤忌之
364,26,禁忌,饮冷茶未有不成疾者
364,27,古籍来源,孟子.告子章句
365,1,食材,猪
365,2,食材,鱼
365,3,食材,鸡
365,4,食材,蟹
365,5,食材,山药
365,6,食材,百合
365,7,食材,羊眼豆
365,8,烹饪方法,煮
365,9,烹饪方法,蒸
365,10,病症,腹痛
365,11,禁忌,不可多食
365,12,古籍来源,《混俗颐生论》
366,1,食材,饭
366,2,食材,米
366,3,食材,麸
366,4,食味,甜
366,5,食味,酸
366,6,烹饪方法,酿
366,7,古籍来源,《说文》
366,8,古籍来源,《齐民要术》
367,1,古籍来源,《痘疹论》
367,2,病症,痘疮倒陷
367,3,病症,风寒外袭
367,4,病症,身痛肢厥
367,5,功效,温肌散邪
367,6,食材,霜后荷叶
367,7,食材,紫背者
367,8,烹饪方法,炙
367,9,烹饪方法,炒去丝
367,10,功效,升发阴气
367,11,功效,散瘀血
367,12,功效,留好血
367,13,功效,解结滞之气
367,14,食疗方,南金散
367,15,病症,阳水浮肿
367,16,食材,败荷叶
367,17,烹饪方法,烧存性
367,18,烹饪方法,研
367,19,食材,米饮
367,20,病症,谈般痈肿
367,21,食材,荷叶蒂
367,22,烹饪方法,煎汤
367,23,烹饪方法,淋洗
367,24,食材,寒水石
367,25,食材,腊猪脂
367,26,病症,孕妇伤寒
367,27,病症,大热烦渴
367,28,病症,恐伤胎气
367,29,食材,卷荷叶
367,30,食材,蚌粉
367,31,烹饪方法,研
367,32,食材,新汲水
367,33,食材,蜜
367,34,食疗方,罩胎散
367,35,病症,胎动巳见黄水
367,36,食材,干荷蒂
367,37,烹饪方法,炙研
367,38,食材,稷米淘汁
367,39,病症,赤白痢
367,40,食材,荷叶
367,41,烹饪方法,煅研
367,42,食材,糖汤
367,43,病症,脱肛
367,44,食材,贴水荷
367,45,烹饪方法,焙研
367,46,食材,酒
367,47,食材,荷叶
367,48,病症,赤迸火丹
367,49,食材,新生荷叶
367,50,烹饪方法,杵烂
367,51,食材,盐
367,52,病症,阴肿痛痒
367,53,食材,荷叶
367,54,食材,浮萍
367,55,食材,蛇床
367,56,烹饪方法,煎汤
367,57,食材,龙脑
367,58,食材,冰片
367,59,食材,蛇床
367,60,功效,温肾阳
367,61,病症,阴痿
368,1,食材,麸皮
369,1,食材,葱
369,2,食性,平
369,3,食味,甘
369,4,食味,辛
369,5,功效,利肺逋肠
369,6,功效,散痈肿
369,7,功效,祛风达表
369,8,功效,安胎止痛
369,9,功效,通乳和莺
369,10,病症,霍乱转筋
369,11,病症,脚气
369,12,功效,调二便
369,13,功效,杀诸虫
369,14,功效,理跌扑金港
369,15,功效,制鱼肉诸莓
369,16,禁忌,忌同蜜食
369,17,病症,胎动下血
369,18,食材,葱白
369,19,烹饪方法,煎
369,20,病症,中恶
369,21,食材,葱心黄
369,22,烹饪方法,刺
369,23,病症,自缢垂死
369,24,病症,小儿无故卒死
369,25,食材,葱白
369,26,烹饪方法,纳
369,27,病症,小儿盘肠内钓腹痈
369,28,烹饪方法,拷
369,29,病症,小便闭胀
369,30,烹饪方法,炒
369,31,烹饪方法,熨
369,32,病症,陟煲龇蒲
369,33,烹饪方法,煨
369,34,食材,盐
369,35,烹饪方法,杵烂
369,36,烹饪方法,涂
369,37,古籍来源,蔬食类
370,1,食材,羊脂
370,2,食味,甘
370,3,食性,温
370,4,功效,润燥
370,5,病症,劳痢
370,6,功效,泽肌肤
370,7,功效,补胃耐饥
370,8,功效,御风褰
370,9,病症,痿
370,10,病症,瘅
370,11,功效,杀虫
370,12,病症,癣
370,13,功效,利产舒筋
370,14,禁忌,多食襟湿酿痰
370,15,禁忌,外感不清
370,16,病症,妇人阴脱
370,17,病症,赤丹如疥
370,18,烹饪方法,煎
370,19,烹饪方法,涂
370,20,病症,发背初起
370,21,烹饪方法,切片
370,22,烹饪方法,浸贴
370,23,病症,误吞针铁
370,24,食材,羊脑
370,25,食味,甘
370,26,食性,温
370,27,病症,风寒入脑
370,28,病症,头疼久不愈
370,29,禁忌,多食发风生热
370,30,禁忌,馀病皆忌
370,31,食材,羊骨髓
370,32,食味,甘
370,33,食性,温
370,34,功效,润五肫
370,35,功效,充液
370,36,功效,补诸虚
370,37,功效,调养菅阴
370,38,功效,滑利经脉
370,39,功效,填髓耐饥
370,40,食材,羊血
370,41,食味,咸
370,42,食性,平
370,43,功效,生饮止诸血
370,44,功效,解诸莓
370,45,病症,崩衄
370,46,病症,死胎不下
370,47,病症,产后血闷欲绝
370,48,病症,胎衣不落
370,49,病症,肠风
370,50,病症,痔血
370,51,食材,羊脊骨
370,52,食味,甘
370,53,食性,温
370,54,功效,补肾
370,55,功效,利督强腰
370,56,功效,胫骨磨铜
370,57,功效,头骨消铁
370,58,病症,羸老胃弱
370,59,烹饪方法,槌碎
370,60,烹饪方法,熬取浓汁
370,61,烹饪方法,煮粥
370,62,病症,肾箧腰痛
370,63,烹饪方法,槌碎
370,64,烹饪方法,熬取浓汁
370,65,食材,盐料
371,1,食材,猪胆
371,2,食材,黑豆
371,3,食材,麝香
371,4,食材,生姜
371,5,食材,生葱
371,6,食材,黄檗
371,7,食材,猪腰子
371,8,食材,猪石子
371,9,食材,猪脾
371,10,食材,猪胃
371,11,食味,甘
371,12,食味,咸
371,13,食性,平
371,14,食性,温
371,15,功效,消痞
371,16,功效,补胃
371,17,功效,益气充饥
371,18,功效,通肾
371,19,病症,五癃
371,20,病症,奔豚茎痛
371,21,病症,阴阴易
371,22,病症,少腹急痛
371,23,病症,颠摘惊恐
371,24,病症,鬼蛀蛊薛
371,25,病症,赤白痢
371,26,病症,疔疮恶毒
371,27,病症,烫火伤
371,28,病症,腰痛
371,29,病症,痈疽发背初起
371,30,禁忌,诸病皆忌
371,31,禁忌,小儿尤不可食
371,32,烹饪方法,煮
371,33,烹饪方法,研
371,34,烹饪方法,敷
371,35,烹饪方法,杵
372,1,食材,醋
372,2,食材,糟
372,3,食材,蜜
372,4,食性,温
372,5,食性,凉
372,6,食性,平
372,7,食味,甘
372,8,食味,辛
372,9,功效,下气
372,10,功效,收敛
372,11,功效,醒脾消食
372,12,功效,调脏腑
372,13,功效,补中益气
372,14,功效,养液安神
372,15,功效,杀虫解毒
372,16,病症,风寒咳嗽
372,17,病症,外感疟痢
372,18,病症,产后血运
372,19,病症,热病神昏
372,20,病症,惊恐
372,21,病症,客忤
372,22,病症,中恶
372,23,病症,汤火伤
372,24,病症,发风动疾
372,25,病症,痧痘
372,26,病症,产后咽喉
372,27,病症,目疾
372,28,病症,血崧
372,29,病症,疮疟
372,30,病症,蛇虫蜂螯
372,31,病症,痰湿
372,32,病症,肉盛
372,33,病症,胀满呕吐
372,34,烹饪方法,煮
372,35,烹饪方法,熬
372,36,烹饪方法,渍
372,37,禁忌,忌同葱食
372,38,禁忌,均忌之
372,39,禁忌,非病人所宜
372,40,古籍来源,《续文献》
372,41,食材,大黄
372,42,食材,酒糟
372,43,食材,油
373,1,食材,白面
373,2,食材,栀子
373,3,食材,飞罗面
373,4,食材,白沙糟
373,5,食材,炒盐
373,6,食性,甘温
373,7,功效,补箧乏
373,8,功效,实皮肤
373,9,功效,厚肠胃
373,10,功效,强筋力
373,11,病症,湿热
373,12,病症,时感
373,13,病症,疟痢
373,14,病症,疳疽肿胀
373,15,病症,脚气
373,16,病症,痞满
373,17,病症,痧胀
373,18,病症,肝胃痛
373,19,病症,身体疼痛
373,20,病症,疮疡溃烂
373,21,病症,跌打挫肭
373,22,病症,脚跣成疱
373,23,病症,大衄血出
373,24,病症,大便久犸
373,25,古籍来源,本草
373,26,医家,汪谢城
373,27,医家,程瑶田
373,28,医家,翟氏
374,1,食材,丝瓜
374,2,食性,甘平
374,3,功效,祛风热
374,4,病症,皮肤浮胂
374,5,病症,跌扑诸伤
374,6,功效,清暑
374,7,病症,疟痢泄泻
374,8,功效,止渴
374,9,病症,蜂螫
374,10,病症,恶疮
374,11,功效,治肺热痰火内痈
374,12,功效,安胎行乳
374,13,功效,调营补阳
374,14,功效,通络杀虫
374,15,功效,理疝消肿
374,16,功效,化痰
374,17,功效,化湿除黄
374,18,功效,息风止血
374,19,病症,痘疮不快
374,20,食材,老丝瓜
374,21,烹饪方法,烧存性
374,22,烹饪方法,研
374,23,食材,沙糖汤
374,24,病症,喉瘅
374,25,烹饪方法,持汁
374,26,病症,痈疽不敛
374,27,烹饪方法,挎汁
374,28,病症,酒痢
374,29,病症,便血腹痛
374,30,病症,肛门崽痔
374,31,食材,干丝瓜
374,32,烹饪方法,煅存性
374,33,烹饪方法,研
374,34,食材,酒
374,35,功效,兼治乳汁不通
374,36,病症,经阻气痛
374,37,病症,腰痛
374,38,病症,疝痛
374,39,病症,酒积
374,40,病症,疽
374,41,功效,化痰止嗽
374,42,食材,枣肉
374,43,烹饪方法,丸
374,44,病症,风热牙疼
374,45,食材,盐
374,46,烹饪方法,煅存性
374,47,烹饪方法,研
374,48,病症,腮肿
374,49,病症,小儿浮肿
374,50,食材,灯薪
374,51,食材,葱
374,52,烹饪方法,煎
374,53,食材,叶
374,54,功效,消暑
374,55,病症,痧秽
374,56,病症,腹痛
374,57,病症,肠痈
374,58,烹饪方法,煅
375,1,食材,肝阴
375,2,功效,充骨液
375,3,功效,养筋活血
375,4,病症,疽
375,5,病症,跌打
375,6,病症,筋断
375,7,病症,诸伤
375,8,食材,鲜鱼
375,9,食材,茛菪
375,10,食材,漆
375,11,功效,辟邪
375,12,功效,破血
375,13,食材,爪
375,14,功效,催产堕胎
375,15,食材,姜
375,16,食材,醋
375,17,禁忌,多食
375,18,病症,风积泠
375,19,病症,中气箧塞
375,20,病症,时感未清
375,21,病症,痰嗽
375,22,病症,便泻
375,23,禁忌,均忌
375,24,食材,紫苏
375,25,食材,冬瓜
375,26,食材,芦根
375,27,食材,蒜汁
375,28,禁忌,反荆芥
375,29,禁忌,忌同柿食
375,30,病症,腹痛
375,31,病症,吐利
375,32,食材,丁香
375,33,食材,木香
375,34,食材,梅
375,35,烹饪方法,盐渍
375,36,烹饪方法,酒浸
375,37,烹饪方法,糟
375,38,烹饪方法,酱
375,39,食材,皂荚
375,40,食材,蜜
375,41,食味,辛
375,42,食味,咸
375,43,食性,平
375,44,功效,杀虫
375,45,功效,疗痔
375,46,禁忌,多食发嗽
375,47,病症,癣疮
375,48,食材,蛎黄
375,49,食味,甘
375,50,食性,平
375,51,功效,补五脏
375,52,功效,调中
375,53,功效,解丹毒
375,54,功效,析酲
375,55,功效,止渴
375,56,功效,活血
375,57,功效,充肌
375,58,食材,蚌
375,59,食味,甘
375,60,食味,咸
375,61,食性,寒
375,62,功效,请热滋阴
375,63,功效,养肝凉血
375,64,功效,息风解
376,1,食材,乌梅
376,2,食材,轻粉
376,3,食材,麻油
376,4,食材,米饮
376,5,食材,鱼鲜
376,6,食材,蜜
376,7,食材,杏
376,8,食材,杏仁
376,9,食性,温
376,10,食味,甘酸
376,11,功效,润肺生津
376,12,功效,舒肝解郁
376,13,功效,清火稀痘
376,14,功效,解水毒
376,15,病症,乳痈肿毒
376,16,病症,诸疮努肉
376,17,病症,久崩
376,18,病症,久痢
376,19,病症,便血日久
376,20,病症,鱿结腹痛
376,21,病症,指头肿痛
376,22,病症,阴疮烂痛
376,23,病症,阴户虫痒
376,24,病症,小儿脐烂成风
376,25,烹饪方法,煅
376,26,烹饪方法,研
376,27,烹饪方法,烧存性
376,28,烹饪方法,煎汤
376,29,烹饪方法,拷封
376,30,烹饪方法,蜜渍
376,31,烹饪方法,烧黑
376,32,烹饪方法,研膏
376,33,烹饪方法,杵膏
376,34,烹饪方法,去皮研
376,35,禁忌,多食生痰热
376,36,禁忌,动宿疾
377,1,食材,鲱
377,2,食材,青鱼
377,3,功效,补胃醒脾
377,4,功效,温营化食
377,5,病症,疥
377,6,病症,动风
377,7,禁忌,诸病人均忌
377,8,食材,鳟鱼
377,9,食味,甘
377,10,食性,温
377,11,禁忌,多食动风生热
377,12,食材,鲻鱼
377,13,食味,甘
377,14,食性,平
377,15,功效,补五脏
377,16,功效,开胃
377,17,功效,肥健人
377,18,食材,白鱼
377,19,食味,甘
377,20,食性,温
377,21,功效,开胃下气
377,22,功效,行水助脾
377,23,功效,发痘排脓
377,24,禁忌,多食发疥
377,25,禁忌,动气生痰
377,26,食材,鳐鱼
377,27,食味,甘
377,28,食性,温
377,29,功效,暖胃
377,30,食材,石首鱼
377,31,食味,甘
377,32,食性,温
377,33,功效,开胃补气
377,34,功效,填精
377,35,禁忌,多食发疮助燕
377,36,禁忌,病入忌之
378,1,食材,雄
378,2,食材,火腱
378,3,食材,簿参
378,4,烹饪方法,煨食
378,5,功效,补力
378,6,禁忌,多食滞气滑肠
378,7,病症,虚脾弱
378,8,病症,外感未清
378,9,病症,痞胀
378,10,病症,脚气
378,11,病症,便泻
378,12,病症,肠风
378,13,食材,血
378,14,烹饪方法,热饮
378,15,功效,救中恶溺死
378,16,食材,金银
378,17,食材,丹石
378,18,食材,砒霜
378,19,食材,野葛
378,20,食材,亚片
378,21,病症,蛊毒
378,22,食材,卵
378,23,食性,纯阴
378,24,食性,性褰
378,25,禁忌,难熟
378,26,禁忌,滞气
378,27,禁忌,甚于鸡子
378,28,禁忌,诸病皆不可食
378,29,食材,醯
378,30,烹饪方法,煮食
378,31,功效,愈泻痢
378,32,食材,皮蛋
378,33,食材,糟蛋
378,34,食味,香
378,35,食味,美
378,36,禁忌,非病人所宜
378,37,食材,雉
378,38,食味,甘
378,39,食性,温
378,40,功效,补中益气
378,41,功效,止泄痢
378,42,功效,除蚁瘘
378,43,禁忌,冬月无毒
378,44,禁忌,多食损人
378,45,病症,发痔
378,46,禁忌,诸病人忌之
378,47,禁忌,勿与竣麦胡桃木耳菌覃同食
378,48,禁忌,春夏秋皆毒
378,49,食材,鸪
378,50,食味,甘
378,51,食性,温
378,52,功效,利五肫开胃
378,53,功效,益心神
378,54,食材,菌蕈
378,55,食材,生金
378,56,病症,蛊毒
378,57,禁忌,多食发脑痛
378,58,病症,喉痈
378,59,食材,竹鸡
378,60,食味,甘
378,61,食性,平
378,62,功效,杀腹内诸虫
378,63,食材,鹈
378,64,食味,甘
378,65,食性,平
378,66,功效,和胃消结热
378,67,功效,利水化湿
378,68,功效,止疳痢
378,69,功效,除膨胀
378,70,功效,愈久泻
378,71,食材,鹧鸪
378,72,食材,鸫
379,1,食材,猸肉
379,2,食味,甘
379,3,食性,平
379,4,功效,下气杀虫
379,5,病症,反胃
379,6,病症,痔漏
379,7,功效,治遗精
379,8,食材,鸡
379,9,食味,甘
379,10,食性,温
379,11,功效,补虚暖胃
379,12,功效,强筋骨
379,13,功效,续绝伤
379,14,功效,调经
379,15,功效,拓痈疽
379,16,功效,止崩带
379,17,功效,节小便频数
379,18,功效,主娩后虚羸
379,19,食材,丹雄鸡
379,20,功效,治无故卒死
379,21,病症,中恶昏愦
379,22,病症,卒缢垂死
379,23,病症,卒然忤死
379,24,禁忌,多食生热动风
379,25,禁忌,时感前后
379,26,禁忌,痘疹后
379,27,禁忌,疮疡后
379,28,禁忌,疟痢
379,29,禁忌,疳疽
379,30,禁忌,肝气目疾
379,31,禁忌,喉症
379,32,禁忌,脚气
379,33,禁忌,诸风病
379,34,禁忌,愈老愈毒
379,35,禁忌,诸病均不可食
379,36,烹饪方法,刺
379,37,烹饪方法,涂
379,38,烹饪方法,丸
379,39,烹饪方法,纳
380,1,食材,麻油
380,2,食材,葱
380,3,食材,茶油
380,4,食材,豆油
380,5,食材,莱油
380,6,食性,甘凉
380,7,食性,甘辛温
380,8,功效,润燥
380,9,功效,清热息风
380,10,功效,解莓杀虫
380,11,功效,止利头目
380,12,功效,解毒杀虫
380,13,功效,润燥杀虫
380,14,功效,散火丹
380,15,功效,消肿毒
380,16,病症,肿毒初起
380,17,病症,打扑伤肿
380,18,病症,时感
380,19,病症,痧胀
380,20,病症,目疾
380,21,病症,喉症
380,22,病症,效血
380,23,病症,疮伤
380,24,病症,痧痘
380,25,病症,疟疾
380,26,病症,汤火伤
380,27,禁忌,产后并忌之
380,28,禁忌,有微毒而能发风动疾也
380,29,烹饪方法,煎
380,30,烹饪方法,熬熟
380,31,烹饪方法,蒸熟
380,32,烹饪方法,涂
380,33,烹饪方法,调
381,1,食材,猪油
381,2,食材,肥猪脂
381,3,食材,猪脂
381,4,食材,猪脑
381,5,食材,猪雁
381,6,食材,猪肺
381,7,食味,甘
381,8,食性,平
381,9,功效,润燥
381,10,功效,涤垢化痰
381,11,功效,运食
381,12,功效,清胎
381,13,功效,泽颜止嗽
381,14,功效,消积滞
381,15,功效,补肫
381,16,功效,止虚嗽
381,17,功效,治肺痿咳血
381,18,病症,痘疮
381,19,病症,便秘
381,20,病症,乳痈
381,21,病症,发背诸肿毒
381,22,病症,误吞铁钉
381,23,病症,诸痈肿
381,24,病症,手足皲裂
381,25,病症,筋软阴痿
381,26,病症,子宫不挣
381,27,病症,疳黄诸病
381,28,病症,上消诸症
381,29,脏腑,肺
381,30,脏腑,子宫
381,31,烹饪方法,煮
381,32,烹饪方法,蒸煮
381,33,烹饪方法,和米作粥
381,34,烹饪方法,同苡仁末为羹
381,35,禁忌,多食损人
381,36,养生原则,虽频食亦无害也
382,1,食材,胡荽
382,2,食材,芥
382,3,食材,芥子
382,4,食味,辛
382,5,食味,甘
382,6,食性,温
382,7,食性,平
382,8,功效,止痛
382,9,功效,卞气
382,10,功效,通肠
382,11,功效,杀鱼腥
382,12,功效,发痘疹
382,13,功效,御风湿
382,14,功效,补元阳
382,15,功效,利肺豁痰
382,16,功效,和中通窍
382,17,功效,开胃
382,18,病症,痘疹
382,19,病症,痘疹不快
382,20,病症,黑陷
382,21,禁忌,多食损自
382,22,禁忌,凡病忌之
382,23,烹饪方法,煎
382,24,烹饪方法,醯
382,25,烹饪方法,压实
382,26,医家,扬士瀛
382,27,古籍来源,直指方
383,1,食材,脂麻
383,2,食材,白蜜
383,3,食材,麻油
383,4,食味,甘
383,5,食性,凉
383,6,功效,润燥
383,7,功效,补液
383,8,功效,息风
383,9,功效,解毒
383,10,功效,杀虫
383,11,功效,消诸疮肿
383,12,功效,醒胃
383,13,功效,润可泽枯
383,14,功效,滋孺化毒
383,15,病症,溺血
383,16,病症,头面诸疮
383,17,病症,妇人乳疮
383,18,病症,阴疮
383,19,病症,谷贼
383,20,病症,汤火伤
383,21,病症,诸虫蛟伤
383,22,病症,漏胎难产
383,23,病症,小儿丹毒
383,24,病症,汤火灼伤
383,25,病症,小儿发热
383,26,病症,时行痘疹
383,27,禁忌,大便滑泻者禁之
383,28,烹饪方法,杵末
383,29,烹饪方法,浸
383,30,烹饪方法,绞汁
383,31,烹饪方法,煎
383,32,烹饪方法,嚼烂
383,33,烹饪方法,炒研
383,34,烹饪方法,生研
383,35,烹饪方法,磨
383,36,烹饪方法,涂浸
383,37,烹饪方法,饮
385,1,食材,茶
385,2,食味,微苦
385,3,食味,甘
385,4,食性,凉
385,5,功效,清心神
385,6,功效,醒睡除烦
385,7,功效,凉肝胆
385,8,功效,涤燕消痰
385,9,脏腑,肺胃
385,10,病症,不渴
385,11,食材,普洱
385,12,功效,善吐风痰
385,13,功效,消肉食
385,14,病症,暑秽痧兵
385,15,病症,腹痛
385,16,病症,乾霍乱
385,17,病症,痢疾
385,18,食材,诸露
385,19,食材,谷莱果蔽
385,20,食材,草木花叶
385,21,烹饪方法,蒸馏
385,22,食材,露
385,23,功效,运胜诸药
385,24,食材,陈米
385,25,食材,地黄
385,26,食材,枸杞
385,27,烹饪方法,煎
385,28,烹饪方法,作丸散
385,29,禁忌,冰麝忌火
385,30,古籍来源,五苓
385,31,古籍来源,六一
386,1,古籍来源,《医碥》
387,1,食材,砒
387,2,食味,辛
387,3,食性,大热
387,4,病症,蹇热
387,5,病症,鼠瘘
387,6,病症,蚀创死肌
387,7,病症,风瘅
387,8,病症,腹中坚
387,9,古籍来源,神农本草经
387,10,烹饪方法,煮
389,1,食材,饴糖
389,2,食材,稻芒
389,3,食材,鱼骨
389,4,食材,竹木
389,5,食材,钱铋
389,6,食材,附子
389,7,食材,草乌
389,8,食材,麻油
389,9,食材,粟米
389,10,食材,粱
389,11,食材,小米
389,12,食材,秫
389,13,食材,黍米
389,14,食材,稷米
389,15,食材,商粱
389,16,食材,芦襟
389,17,食材,鹅鸭
389,18,食性,凉
389,19,食性,温
389,20,食味,甘
389,21,功效,补气养脾
389,22,功效,治阴盛阴虚
389,23,病症,鱼脐
389,24,病症,疽
389,25,病症,搞疮
389,26,病症,银黝毒
389,27,病症,火烧成疮
389,28,烹饪方法,作小丸
389,29,烹饪方法,吞下
389,30,烹饪方法,酿酒
389,31,医家,汪谢城
390,1,食材,砂仁
390,2,食材,白糖
390,3,食材,陈粳米
390,4,食材,砂糖
390,5,食材,蜜
390,6,食材,糯米
390,7,食材,箬叶
390,8,食材,大蒜
390,9,食材,葱白
390,10,食材,生姜
390,11,食材,麝香
390,12,食材,花箬
390,13,食材,油单纸
390,14,烹饪方法,春
390,15,烹饪方法,蒸
390,16,烹饪方法,裹
390,17,烹饪方法,煮
390,18,烹饪方法,封
390,19,食疗方,松糕方
390,20,食疗方,凡用香头法
391,1,食疗方,地仙煎
391,2,病症,腰膝疼痛
391,3,病症,腹内冷病
391,4,功效,令人颜色悦泽
391,5,功效,骨髓坚固
391,6,食材,山药
391,7,食材,杏仁
391,8,食材,生牛乳
391,9,烹饪方法,研
391,10,烹饪方法,绞取汁
391,11,烹饪方法,密封
391,12,烹饪方法,煮
391,13,禁忌,空心酒调服一匙头
391,14,食疗方,金水煎
391,15,功效,延年益寿
391,16,功效,填精补髓
391,17,功效,发自娈黑
391,18,功效,返老还童
391,19,食材,枸杞子
391,20,食材,无灰酒
391,21,烹饪方法,浸
391,22,烹饪方法,研
391,23,烹饪方法,绞取汁
391,24,烹饪方法,熬成膏
391,25,烹饪方法,封贮
391,26,烹饪方法,重汤煮
391,27,食材,酥油
391,28,禁忌,温酒调下
391,29,食疗方,天门冬膏
391,30,功效,去积聚风痰癫疾
391,31,病症,三虿伏尸
391,32,功效,除瘟疫
391,33,功效,轻身益气
391,34,功效,令人不饥
391,35,功效,延年不老
392,1,食材,面
392,2,食材,鸟梅
392,3,食材,盐
392,4,食材,甘草
392,5,食材,紫苏叶
392,6,食材,白太樨
392,7,食材,盐梅
392,8,食材,梅花
392,9,烹饪方法,末
392,10,烹饪方法,炒
392,11,烹饪方法,捣
392,12,烹饪方法,榨
392,13,烹饪方法,点服
392,14,食疗方,梅苏汤
392,15,食疗方,天香汤
392,16,食疗方,暗香汤
392,17,古籍来源,灵隐寺
393,1,食材,酥
393,2,食材,油酥
393,3,食材,蜜
393,4,食材,白面
393,5,食材,猪油
393,6,食材,糯米
393,7,食材,白饧
393,8,食材,酒醅
393,9,食材,白糖
393,10,食材,炒面
393,11,食材,麻布
393,12,食材,米粉
393,13,食材,芋末
393,14,食材,熟油
393,15,食材,猪脂
393,16,食材,酒
393,17,食材,精肉
393,18,烹饪方法,搜
393,19,烹饪方法,入印作饼
393,20,烹饪方法,止炉
393,21,烹饪方法,捣
393,22,烹饪方法,和
393,23,烹饪方法,煮
393,24,烹饪方法,擀
393,25,烹饪方法,爝
393,26,烹饪方法,煤
393,27,烹饪方法,拌
393,28,烹饪方法,糁
393,29,烹饪方法,捍扯
393,30,烹饪方法,摊
393,31,烹饪方法,晒
393,32,烹饪方法,切
393,33,烹饪方法,搜和
393,34,烹饪方法,擀开
393,35,烹饪方法,裹
393,36,烹饪方法,炉内爝熟
393,37,食疗方,风消饼方
393,38,食疗方,肉油饼方
394,1,食材,山药
394,2,食材,酥油
394,3,食材,莲肉
394,4,食材,葡萄子
394,5,食材,蜜
394,6,食材,黄精
394,7,食材,松针
394,8,食材,白术
394,9,食材,枸杞
394,10,烹饪方法,研
394,11,烹饪方法,煮
394,12,烹饪方法,煎
394,13,烹饪方法,浸
394,14,食疗方,葡萄酒
394,15,食疗方,黄精酒
394,16,功效,有益
394,17,功效,百脉流畅
394,18,功效,气运无滞
394,19,功效,除百病
394,20,功效,延年
394,21,功效,娈须发
394,22,功效,生牙齿
395,1,食材,槐实
395,2,食材,牛胆
395,3,食材,莲花
395,4,食材,莲根
395,5,食材,莲子
395,6,食材,松根
395,7,食材,茯苓
395,8,食材,术
395,9,食材,天门冬
395,10,烹饪方法,浸
395,11,烹饪方法,阴干
395,12,烹饪方法,采
395,13,烹饪方法,剥取
395,14,烹饪方法,曝燥
395,15,烹饪方法,削去
395,16,烹饪方法,捣末
395,17,烹饪方法,渍
395,18,烹饪方法,发
395,19,烹饪方法,造饼
395,20,烹饪方法,屑服
395,21,烹饪方法,溃
395,22,烹饪方法,煮
395,23,功效,身轻
395,24,功效,通明
395,25,功效,令人不老
395,26,功效,可绝谷
395,27,功效,不饥渴
395,28,功效,除病延年
395,29,病症,渴
396,1,食材,人参
396,2,食材,黄精
396,3,食材,茯苓
396,4,食材,远志
396,5,食材,当归
396,6,食材,鹿茸
396,7,食材,麋萁
396,8,食材,琥珀
396,9,食材,酸枣仁
396,10,食材,拍子仁
396,11,烹饪方法,炼
396,12,烹饪方法,熬
396,13,烹饪方法,煎
396,14,烹饪方法,熬膏
396,15,烹饪方法,研
396,16,食疗方,长生神芝膏
396,17,食疗方,三台益算膏
396,18,食疗方,四仙求志育
396,19,食疗方,五老朝元膏
396,20,食疗方,六龙御天膏
396,21,食疗方,七元归真膏
396,22,食疗方,八神卫护膏
396,23,食疗方,九龙扶寿丹
396,24,功效,轻身延年
396,25,功效,悦泽颜色
396,26,禁忌,忌食桃
397,1,食材,鲚鱼
397,2,食材,鲤鱼
397,3,食材,蟹
397,4,食材,麻油
397,5,食材,草果
397,6,食材,茴香
397,7,食材,砂仁
397,8,食材,花椒
397,9,食材,水姜
397,10,食材,胡椒
397,11,食材,葱
397,12,食材,盐
397,13,食材,醋
397,14,烹饪方法,炙
397,15,烹饪方法,煎
397,16,烹饪方法,炒
397,17,烹饪方法,擦
397,18,烹饪方法,腌
397,19,烹饪方法,酿
397,20,烹饪方法,剁碎
397,21,烹饪方法,熬熟
397,22,烹饪方法,切
397,23,烹饪方法,盛
397,24,烹饪方法,封
397,25,烹饪方法,涂
397,26,食疗方,水醯鱼
398,1,食材,枸杞子
398,2,食材,黄精
398,3,食材,白蜜
398,4,食材,天门冬
398,5,烹饪方法,熬
398,6,烹饪方法,蒸
398,7,功效,明目驻颜
398,8,功效,壮元气
398,9,功效,渖肌肤
398,10,功效,助气固褙
398,11,功效,补镇丹田
398,12,功效,活血驻颜
398,13,功效,长生不老
398,14,食疗方,二精丸方
399,1,食材,红花子
399,2,烹饪方法,淘
399,3,烹饪方法,捣碎
399,4,烹饪方法,煎
399,5,烹饪方法,挹
399,6,食材,醋
399,7,食材,金雀花
399,8,烹饪方法,焯
399,9,食材,糖霜
399,10,食材,油醋
399,11,烹饪方法,拌
399,12,食材,寒豆
399,13,烹饪方法,淘净
399,14,烹饪方法,包裹
399,15,烹饪方法,喷
399,16,烹饪方法,焯
399,17,食材,黄豆芽
399,18,食材,大黄豆
399,19,烹饪方法,淘
399,20,食材,香荩
399,21,食材,橙丝
399,22,食材,木耳
399,23,食材,佛手柑丝
399,24,烹饪方法,拌
399,25,食材,麻油
399,26,食材,糟霜
399,27,食材,醋
399,28,食材,褰豆
399,29,食材,豌豆
399,30,食材,蚕豆
400,1,食材,半夏
400,2,食材,晋州降香
400,3,食材,丁皮
400,4,食材,草豆蔻
400,5,食材,生姜
400,6,食材,桔皮
400,7,功效,开骨健脾
400,8,功效,止呕吐
400,9,功效,去脑中焱满
400,10,功效,下肺气
400,11,功效,消痰
400,12,功效,止嗽
400,13,功效,破癞魑痃癖
400,14,病症,癞
400,15,病症,痃
400,16,烹饪方法,洗
400,17,烹饪方法,焙干
400,18,烹饪方法,粗挫
400,19,烹饪方法,煎
400,20,烹饪方法,浸
400,21,烹饪方法,水洗
400,22,烹饪方法,细嚼
400,23,古籍来源,《日华子》
401,1,食材,牛奶茄
401,2,食材,盐
401,3,食材,薄荷
401,4,食材,茴香
401,5,食材,砂糖
401,6,食材,醋
401,7,食材,青硬梅子
401,8,食材,大蒜
401,9,食材,炒盐
401,10,食材,青瓜
401,11,食材,生姜
401,12,食材,陈皮
401,13,食材,紧苏
401,14,食材,砂仁
401,15,烹饪方法,蒸
401,16,烹饪方法,切
401,17,烹饪方法,拌匀
401,18,烹饪方法,焯
401,19,烹饪方法,沥干
401,20,烹饪方法,浸
401,21,烹饪方法,晒干
401,22,烹饪方法,压扁
401,23,烹饪方法,收藏
401,24,烹饪方法,煎
401,25,烹饪方法,入瓶
401,26,烹饪方法,去穰
401,27,烹饪方法,切作丝
401,28,烹饪方法,炒
401,29,烹饪方法,扎定
401,30,烹饪方法,收贮
401,31,烹饪方法,切碎
401,32,烹饪方法,晒
402,1,食材,芡实
402,2,食材,粳米
402,3,烹饪方法,煮
402,4,功效,益精气
402,5,功效,强智力
402,6,功效,聪耳目
402,7,食材,莲肉
402,8,食材,糯米
402,9,食疗方,莲子粥
402,10,食材,竹叶
402,11,食材,石膏
402,12,食疗方,竹叶粥
403,1,食材,茶叶
403,2,食材,木樨
403,3,食材,茉莉
403,4,食材,玫瑰
403,5,食材,蔷薇
403,6,食材,兰蕙
403,7,食材,橘花
403,8,食材,栀子
403,9,食材,木香
403,10,食材,梅花
403,11,烹饪方法,焙干
403,12,烹饪方法,煮
403,13,烹饪方法,煎
403,14,病症,颈疾
403,15,古籍来源,吴山第一泉
403,16,古籍来源,郭璞井
403,17,古籍来源,虎跑泉
403,18,古籍来源,龙井
403,19,古籍来源,葛仙翁井
404,1,食材,枸杞子
404,2,食材,干面
404,3,食材,红茶
404,4,食材,酥油
404,5,食材,香油
404,6,食材,盐
404,7,食材,黄牛乳
404,8,食性,平
404,9,功效,明目
404,10,功效,补血脉
404,11,功效,益心气
404,12,功效,长肌肉
404,13,功效,润泽面目光
404,14,功效,悦志不衰
404,15,食疗方,枸杞茶
404,16,食疗方,益气牛乳方
404,17,烹饪方法,拌和
404,18,烹饪方法,捍
404,19,烹饪方法,晒
404,20,烹饪方法,研
404,21,烹饪方法,炼化
404,22,烹饪方法,煎
404,23,养生原则,恒使恣意充足为度
406,1,食材,茶
406,2,食材,芽茶
406,3,食材,细茶
406,4,食材,橙茶
406,5,食材,莲花茶
406,6,食材,莲花
406,7,食材,箬竹叶
406,8,烹饪方法,炒
406,9,烹饪方法,焙
406,10,烹饪方法,烹
406,11,禁忌,畏香药
406,12,禁忌,忌令湿
406,13,养生原则,盛贮如法
406,14,养生原则,终不脱俗
407,1,食材,蒜
407,2,食材,冬瓜
407,3,食材,白矾
407,4,食材,石灰
407,5,食材,盐
407,6,食材,蒜瓣
407,7,食材,醋
407,8,食材,韭
407,9,食材,小黄瓜
407,10,食材,小茄儿
407,11,食材,春不老菜薹
407,12,食材,萎丝
407,13,食材,黄豆
407,14,食材,食香
407,15,烹饪方法,焯过
407,16,烹饪方法,晒干
407,17,烹饪方法,浸
407,18,烹饪方法,压干
407,19,烹饪方法,拌匀
407,20,烹饪方法,蒸过
407,21,烹饪方法,切
407,22,烹饪方法,煎汤
407,23,烹饪方法,漉出
407,24,烹饪方法,控干
407,25,烹饪方法,捣砗
407,26,烹饪方法,腌
407,27,烹饪方法,冼
407,28,烹饪方法,铺
407,29,烹饪方法,糁
407,30,烹饪方法,翻
407,31,烹饪方法,去水
407,32,烹饪方法,收贮
407,33,烹饪方法,去叶
407,34,烹饪方法,冼净
407,35,烹饪方法,炒
407,36,烹饪方法,揉
407,37,烹饪方法,装
407,38,烹饪方法,候熟
407,39,烹饪方法,用
408,1,食材,茶
408,2,食材,天池
408,3,食材,龙井
408,4,食材,天竺
408,5,食材,灵隐
408,6,食材,临安
408,7,食材,于潜
408,8,食材,掰州
408,9,食材,闽广
408,10,食材,岭南
408,11,烹饪方法,炒
408,12,烹饪方法,焙
408,13,烹饪方法,碾
408,14,功效,消除垢腻
408,15,功效,去积
408,16,病症,瘴疠之气
408,17,病症,成疾
408,18,禁忌,当慎之
408,19,古籍来源,茶经
408,20,医家,陆羽
409,1,食材,饭
409,2,食材,羹
409,3,食材,蔬
409,4,食材,紧菱
409,5,食材,红芡
409,6,食材,牛心绿蒂之柿
409,7,食味,甘
409,8,养生原则,淡食
409,9,医家,倪正父
409,10,医家,鲁苴
409,11,医家,壬逢原
409,12,古籍来源,《食时五观》
409,13,古籍来源,《思归赋》
411,1,古籍来源,《楚辞》
411,2,古籍来源,《博物志》
411,3,食材,石泉
411,4,食材,山泉
411,5,食材,瀑
411,6,食材,蕨山水
411,7,医家,皇甫曾
411,8,医家,梅尧臣
411,9,医家,张华
411,10,医家,张曲江
411,11,病症,瘿
411,12,病症,瘼
411,13,禁忌,不可食
411,14,烹饪方法,煮
411,15,烹饪方法,酿酒
411,16,养生原则,幽期山寺远。野饭石泉清
411,17,养生原则,烹处石泉嘉
411,18,养生原则,小石冷泉留早眯
411,19,养生原则,"流远则味淡,须深潭停蕃, .以复其味乃可食"
413,1,食材,盐
413,2,食材,茶
413,3,食材,榧
413,4,食材,蒙茶
413,5,食材,湘潭茶
413,6,食材,松茗
413,7,食材,酒
413,8,食材,牛肉
413,9,食材,乳
413,10,食材,胡桃
413,11,食材,猪肉
413,12,食材,芥
413,13,食材,丹砂
413,14,食材,雄黄
413,15,食材,蕨灵仙
413,16,食材,士茯苓
413,17,食材,虫君子
413,18,食材,荼子
413,19,食性,温
413,20,食性,平
413,21,食性,热
413,22,食味,咸
413,23,食味,甘
413,24,食味,苦
413,25,食味,酸
413,26,食味,辛
413,27,食味,涩
413,28,功效,去油腻
413,29,病症,腰脚膀胱衿痛
413,30,病症,水肿
413,31,病症,挛瘐
413,32,病症,发黄成癖
413,33,病症,泻
413,34,病症,胃冷
413,35,病症,昏神软体
413,36,病症,损筋骨
413,37,病症,伤脾胃
413,38,病症,耗肺气
413,39,病症,夭人寿
413,40,病症,生虫
413,41,病症,气结
413,42,病症,略血
413,43,病症,患大风
413,44,病症,缓人筋骨
413,45,病症,伤肾聚痰
413,46,病症,水肿及挛痛
413,47,病症,腰脚重坠
413,48,病症,膀胱疝证
413,49,病症,腹下令痛
413,50,病症,消褐痰饮
413,51,病症,精薄无孑
413,52,病症,瘢风
413,53,病症,瘫痪
413,54,病症,痈瘵
413,55,病症,白癞风
413,56,脏腑,肾
413,57,烹饪方法,捣
413,58,禁忌,空心切不可饮
413,59,禁忌,宜少勿多
413,60,禁忌,不饮更妙
414,1,食材,生姜
414,2,食材,芥莱
414,3,食味,辛
414,4,食性,温
414,5,禁忌,多食昏月
414,6,禁忌,动风发气
414,7,禁忌,"司鲫鱼食,;患水肿"
414,8,禁忌,同兔肉鳖肉食。成恶疮病
414,9,病症,疮疡痔疾便血
414,10,禁忌,生食发丹石药莓
414,11,禁忌,细叶有毛者害人
414,12,食材,芥薹
414,13,禁忌,多食。助火生痰。发疮动血
414,14,禁忌,酒后食多。缓人筋骨
414,15,食材,芥子
414,16,食味,辛
414,17,食性,热
414,18,禁忌,多食动火昏目
414,19,禁忌,泄气伤精
414,20,禁忌,勿同鸡肉食
414,21,食材,苋莱
414,22,食味,甘
414,23,食性,令利
414,24,禁忌,多食发风动气
414,25,病症,烦闷
414,26,禁忌,冷中损腹
414,27,病症,脾胃泄泻
414,28,禁忌,同蕨粉食。生癜
414,29,禁忌,妊妇食之滑胎
414,30,禁忌,临月食之易产
414,31,禁忌,不可与鳖同食
414,32,病症,鳖疲
414,33,食材,菠菜
414,34,食味,甘
414,35,食性,冷滑
414,36,禁忌,多食令人脚弱
414,37,病症,腰痛
414,38,禁忌,动冷气
414,39,禁忌,先患腹冷者必破腹
414,40,病症,霍乱
414,41,食材,莴苣菜
414,42,食味,甘苦
414,43,食性,令
414,44,禁忌,多食昏人目
414,45,禁忌,瘘阴道
414,46,禁忌,患冷人不宜食
414,47,禁忌,紫色者有毒
414,48,食材,萎
414,49,食材,崧
414,50,食材,苍术
414,51,食材,白术
414,52,食味,甘
414,53,食性,温
414,54,功效,健脾益气
414,55,病症,脾虚泄泻
414,56,病症,水肿凝饮
415,1,食材,莱菔
415,2,食材,汉椒
415,3,食材,面
415,4,食材,新麦
415,5,食材,陈芰
415,6,食材,土茯苓
415,7,食材,葳灵仙
415,8,食材,当归
415,9,食材,面筋
415,10,食材,荞麦
415,11,食材,雉肉
415,12,食材,黄鱼
415,13,食材,苦荞
415,14,食味,甘
415,15,食性,热
415,16,食性,平和
415,17,食性,凉
415,18,食性,温
415,19,功效,利尿
415,20,功效,镇静
415,21,功效,治痛风
415,22,功效,补血和血
415,23,功效,调经止痛
415,24,功效,润燥滑肠
415,25,功效,治月经不调
415,26,病症,伤窖
415,27,病症,脱元气
415,28,病症,落屑发
415,29,病症,动风气
415,30,病症,头眩
415,31,病症,热风
415,32,病症,眉领脱落
415,33,病症,腹痛
415,34,病症,伤胃
415,35,病症,发风动气
415,36,脏腑,脾胃
415,37,烹饪方法,炒煎
415,38,禁忌,忌湿
415,39,禁忌,多食难化
415,40,禁忌,小儿病人勿食
415,41,禁忌,忌之
415,42,养生原则,数十年久留不坏
416,1,食材,槟榔
416,2,食材,大腹皮
416,3,食材,扶留蔗
416,4,食材,瓦垄子
416,5,食材,蕙肉
416,6,食材,莲子
416,7,食材,荷硬
416,8,食材,莲花
416,9,食材,蕊须
416,10,食材,地黄
416,11,食材,葱
416,12,食材,蒜
416,13,食材,桐油
416,14,食材,葡
416,15,食材,盐水
416,16,食材,油煤
416,17,食材,米面果
416,18,食材,荽
416,19,食材,姜汁酒
416,20,食材,吴茱萸
416,21,食材,蜂蜜
416,22,食味,甘
416,23,食性,平
416,24,食性,热
416,25,功效,益口齿
416,26,功效,温中止痛
416,27,病症,霍乱
416,28,病症,大便闭燥
416,29,病症,冷中
416,30,病症,脏腑
416,31,病症,阴气
416,32,病症,痿茎
416,33,病症,蛲虫
416,34,病症,腹滞气
416,35,病症,腹胀
416,36,病症,胃寒腹痛
416,37,病症,呕吐
416,38,病症,泻泄
416,39,禁忌,勿同橙
416,40,禁忌,桔食
416,41,禁忌,令人作吐
416,42,禁忌,多生食者徽动伶气胀人
416,43,禁忌,生食过多
416,44,禁忌,忌铁器
416,45,烹饪方法,煎
416,46,烹饪方法,饮
416,47,烹饪方法,含
416,48,烹饪方法,咽
417,1,食材,黄大豆
417,2,食性,生性温
417,3,食性,炒性热
417,4,禁忌,多食壅气
417,5,禁忌,生痰动嗽
417,6,禁忌,发疥疮
417,7,禁忌,令人面黄俸重
417,8,禁忌,不可同猪肉食
417,9,食材,小青豆
417,10,食材,赤臼豆
417,11,食性,性味相似
417,12,禁忌,不可与鱼及羊肉同食
417,13,食材,赤豆
417,14,食味,甘酸
417,15,食性,性平
417,16,禁忌,"同鲤鱼鲱食,令肝黄,成消渴"
417,17,禁忌,"同米煮饭及作酱,食久发口疮"
417,18,功效,逐精波
417,19,功效,令肌瘦肤燥也
417,20,食材,赤小豆
417,21,食味,甘辛
417,22,食性,性乎下行
417,23,禁忌,不可同鱼鲱食
417,24,禁忌,久服则降令太过
417,25,禁忌,使津血渗泄
417,26,禁忌,令人肌瘦身重
417,27,禁忌,"凡色赤者食之,助热损人"
417,28,食材,花名腐婢
417,29,功效,解酒毒
417,30,功效,食之令人多饮不醉
417,31,食材,莱豆
417,32,食味,甘
417,33,食性,性蹇
417,34,烹饪方法,宜途皮用
417,35,禁忌,去皮则令人少雍气
417,36,食性,皮寒而肉平也
417,37,禁忌,反榧子
417,38,禁忌,害人
417,39,禁忌,"合鲤鱼鲱食久,令入胙黄,成渴病"
417,40,功效,花解酒毒
417,41,食材,扁豆
417,42,食味,甘
417,43,食性,性徽温
417,44,禁忌,患冷气及寒热病者勿食
417,45,食材,蚕豆
417,46,食味,甘徽辛
417,47,食性,性平
417,48,禁忌,多食滞气成积
417,49,禁忌,发胀作痛
417,50,食材,云南豆
417,51,食味,甘
417,52,食性,性温
417,53,功效,有莓
417,54,烹饪方法,煮食
417,55,功效,味颇佳
417,56,禁忌,多食令人寒热
417,57,禁忌,手足心发麻
417,58,烹饪方法,急嚼生姜解之
417,59,病症,消渴
417,60,病症,糖尿病
417,61,病症,尿崩症
418,1,食材,百花菜
418,2,食材,吴茱萸
418,3,病症,痔瘘
418,4,食材,龟鳖肉
418,5,食材,鹿
418,6,食材,驴
418,7,食材,马肉
418,8,食材,虾子
418,9,禁忌,多食令人暴肥
418,10,食材,头肉
418,11,禁忌,有毒
418,12,禁忌,多食动风发疾
418,13,食材,猪肉
418,14,禁忌,有病者忌之
418,15,食材,项肉
418,16,食材,槽头肉
418,17,功效,肥脆能动风
418,18,食材,脂
418,19,禁忌,勿令中水
418,20,食材,腊月者
418,21,食材,反鸟梅
418,22,食材,梅子
418,23,禁忌,忌千漆
418,24,食材,脑
418,25,食味,甘
418,26,食性,寒
418,27,禁忌,有毒
418,28,古籍来源,《礼记》
418,29,食材,食豚
418,30,禁忌,能损男子闲逍
418,31,病症,临房不能行事
418,32,禁忌,酒后尤不可食
418,33,食材,猪脑
418,34,食材,血
418,35,食味,咸
418,36,食性,平
418,37,食材,地黄
418,38,食材,祁骨脂
418,39,食材,何首鸟
418,40,禁忌,忌之
418,41,功效,能损阳
418,42,食材,黄豆
418,43,功效,猾气
418,44,食材,心
418,45,食味,甘咸
418,46,食性,平
418,47,禁忌,多食耗心气
418,48,禁忌,不可合吴茱萸食
418,49,食材,肝
418,50,食味,苦
418,51,食性,温
418,52,食材,猪
418,53,禁忌,俱不可多食
418,54,禁忌,服药人勿食
418,55,禁忌,不可合雉肉
418,56,食材,鲎肉
418,57,食材,鱼脍
418,58,病症,生痈疽
418,59,食材,鲤鱼
418,60,食材,卿鱼
418,61,功效,伤神
418,62,食材,鹌鹑
418,63,病症,生面黝
418,64,食材,肺
418,65,食味,甘
418,66,食性,微蹇
418,67,食材,白花菜
418,68,功效,令人气滞发罨乱
418,69,食材,饴
418,70,病症,发疽
418,71,食材,肾
418,72,食味,咸
418,73,食性,衿
418,74,食材,腰子
418,75,禁忌,久食令人伤肾
418,76,禁忌,虚褰者尤忌
418,77,禁忌,冬月食之
418,78,功效,损真气
418,79,功效,发箧壅
418,80,食材,艋脂
418,81,禁忌,微莓
418,82,禁忌,男子多食损阳
418,83,食材,猪鼻
418,84,食材,唇
418,85,禁忌,多食动风气
418,86,食材,花猪
418,87,食材,病猪
418,88,食材,白睇猪
418,89,食材,自死猪
418,90,食材,黄镰猪
418,91,食材,肉中有米星
418,92,禁忌,俱不可食
418,93,禁忌,烧肉忌桑柴
418,94,食材,皂荚子
418,95,食材,桑白皮
418,96,食材,高良姜
418,97,食材,黄蜡
418,98,功效,不发风气
418,99,食材,旧篱筏
418,100,食材,楮实子
418,101,烹饪方法,煮
418,102,烹饪方法,封锅
418,103,食材,醋
418,104,烹饪方法,煮腊肉
418,105,食材,红炭
418,106,食材,面
418,107,烹饪方法,冼猪肚
418,108,食材,砂糖
418,109,功效,能去秽气
418,110,食材,猪屎
418,111,烹饪方法,烧
418,112,食材,末
418,113,烹饪方法,水服
418,114,病症,过食猪肉伤
418,115,食材,猪骨
418,116,食材,芫荽汁
418,117,食材,生黜
418,118,病症,生黑斑点
418,119,食材,耶胰子
419,1,食材,鲨
419,2,食味,甘
419,3,食性,平
419,4,病症,疮疥
419,5,禁忌,多食发疮疥
419,6,禁忌,忌甘草
419,7,食材,鳐残鱼
419,8,食味,甘
419,9,食性,平
419,10,病症,疮疥
419,11,病症,小儿赤游风
419,12,食材,籁鱼
419,13,食材,鳙鱼
419,14,食味,甘
419,15,食性,温
419,16,病症,风热
419,17,病症,痣瘀
419,18,食材,剿鱼
419,19,食味,甘
419,20,食性,温
419,21,病症,风气
419,22,病症,湿
419,23,病症,热
419,24,病症,疮疖癣疥
419,25,病症,瘸疾
419,26,禁忌,热
419,27,食材,钞光鱼
419,28,食材,甘草
419,29,食材,鲦殁鱼
419,30,病症,赤巅
419,31,病症,赤裢丹
419,32,病症,新生儿丹盏
419,33,病症,发淼
419,34,病症,伯冷焕臊笋
419,35,病症,蠡气内攻
419,36,病症,神昏
419,37,病症,抽摘
419,38,古籍来源,礼记
420,1,食材,革豆蔻
420,2,食味,辛
420,3,食性,温
420,4,功效,助脾热
420,5,病症,伤肺损目
420,6,食材,缩砂仁
420,7,食材,白豆蔻
420,8,食材,红豆魑
420,9,食味,芊
420,10,食性,温
420,11,病症,舌粗
420,12,病症,不思饮食
420,13,病症,动火
420,14,病症,伤目致衄
420,15,食材,食茱萸
420,16,食味,辛苦
420,17,食性,大热
420,18,病症,动脾火
420,19,病症,发浮肿虚恚
420,20,病症,发疮痔
420,21,病症,目疾
420,22,病症,火证
420,23,禁忌,忌食
420,24,食材,莰菇
420,25,食材,川椒
420,26,食味,辛
420,27,食性,热
420,28,禁忌,令人乏气伤血脉
420,29,病症,实热
420,30,食材,草豆蔻
420,31,食味,辛
420,32,食性,温
420,33,功效,燥湿除寒
420,34,功效,消食化积
420,35,功效,止呕
420,36,功效,补胃
420,37,功效,下气
420,38,病症,腹痛痞胀
420,39,病症,胃呆食潴
420,40,病症,嗝噎呕吐
420,41,食材,白蔻
420,42,食材,多骨
420,43,食材,壳蔻
420,44,食味,辛
420,45,食性,温
420,46,功效,消食
420,47,功效,宽中
420,48,病症,气滞
420,49,病症,食梏
420,50,病症,胸闷
420,51,病症,腹胀
420,52,病症,吐逆
420,53,病症,反胃
420,54,食材,红蔻
420,55,食材,良姜子
420,56,食味,辛
420,57,食性,温
420,58,功效,散笨
420,59,功效,消食
420,60,病症,腹脘衿痈
420,61,病症,呕吐泄泻
420,62,食材,越椒
420,63,古籍来源,本草圉经
420,64,食材,艾子
420,65,古籍来源,礼记
421,1,食材,老鼠肉
421,2,食味,甘
421,3,食性,热
421,4,病症,瘦
421,5,病症,鼠瘘
421,6,病症,黄如金
421,7,病症,目黄成疸
421,8,禁忌,令人瘦
421,9,禁忌,人忌食之
421,10,食材,土狻鼠肉
421,11,食味,甘
421,12,食性,平
421,13,禁忌,多食难克化
421,14,禁忌,微动风
421,15,食材,貂鼠肉
421,16,食味,甘
421,17,食性,平
421,18,禁忌,能发疮
421,19,食材,萁鼠猴肉
421,20,食味,甘
421,21,食味,羰臭
421,22,食性,温
421,23,禁忌,有小毒
421,24,禁忌,不堪食
421,25,食材,猸肉
421,26,食味,甘
421,27,食性,平
421,28,禁忌,误食其骨
421,29,禁忌,诸节渐小
421,30,禁忌,诸内有莓
421,31,禁忌,六蓄自死首北向
421,32,禁忌,诸畜带龙形
421,33,禁忌,犬蓄疫病疔疮死
421,34,禁忌,兽战尾
421,35,禁忌,诸兽赤足
421,36,禁忌,诸兽肉中有米星
421,37,禁忌,兽并头
421,38,禁忌,禽曾肝青
421,39,禁忌,诸兽中莓及药箭死
421,40,禁忌,脯沾屋漏
421,41,禁忌,米瓮中肉脯
421,42,禁忌,六畜肉热血不断
421,43,禁忌,祭肉自动
421,44,禁忌,诸肉经宿未煮
421,45,禁忌,六畜五脏著草自动
421,46,禁忌,脯曝不燥
421,47,禁忌,生肉不敛水
421,48,禁忌,肉煮熟不敛水
421,49,禁忌,肉煮不熟
421,50,禁忌,六蓄肉堕地不沾尘
421,51,禁忌,肉落水浮
421,52,禁忌,肉升器盛闭气
421,53,禁忌,乳酪煎脍
421,54,禁忌,六畜肉与犬不食者
421,55,禁忌,不可食
421,56,禁忌,杀人
421,57,禁忌,轻则病人
421,58,病症,痈肿疔毒
421,59,禁忌,诸脑损阴猾精
421,60,病症,水病
421,61,禁忌,诸脂燃灯损目
421,62,禁忌,食本生命肉
421,63,病症,黄鼠
422,1,食材,白狗血
422,2,食材,鸡肉
422,3,食材,鸟鸡肉
422,4,食材,白鸡肝
422,5,食材,白羊肉
422,6,食材,蒲子羹
422,7,食材,白犬乳
422,8,食材,犬肾
422,9,食材,犬肉
422,10,食材,马肉
422,11,食味,辛苦
422,12,食性,冷
422,13,食材,仓米
422,14,食材,稷米
422,15,食材,卷耳
422,16,病症,恶病
422,17,食材,姜
422,18,病症,气嗷
422,19,食材,猪肉
422,20,病症,霍乱
422,21,病症,疥疮
422,22,病症,下痢
422,23,禁忌,食必加剧
422,24,禁忌,妊妇食之。令子过月难产
422,25,禁忌,乳妇食之。令子疳瘦
422,26,禁忌,不可食
422,27,病症,巅
422,28,禁忌,有毒
422,29,禁忌,食之杀人
422,30,食材,马乳
422,31,食味,甘
422,32,食性,冷利
422,33,食材,鱼脍
422,34,食材,马肝
422,35,食材,鞍下肉
422,36,禁忌,有大毒
422,37,食材,马尾
422,38,禁忌,令齿疏损
422,39,食材,马脑
422,40,禁忌,有毒
422,41,病症,发癞
422,42,食材,马血
422,43,禁忌,有大毒
422,44,病症,肿起
422,45,病症,连心即死
422,46,病症,疔胂
422,47,病症,疮
422,48,禁忌,触马汗
422,49,食材,马气
422,50,食材,马毛
422,51,食材,马尿
422,52,食材,马屎
422,53,禁忌,并令加剧
422,54,病症,毒攻心
422,55,食材,粟秆灰
422,56,烹饪方法,淋汁
422,57,烹饪方法,冼浸
422,58,病症,毒去
422,59,病症,食马肉毒发而心闷
422,60,食材,清酒
422,61,食材,浊酒
422,62,食材,芦根
422,63,食材,杏仁
422,64,食材,甘草汤
422,65,病症,中马肝毒
422,66,食材,猪
422,67,古籍来源,《内则》
423,1,病症,疽
423,2,病症,阴下湿痒生疮
423,3,病症,宿疾症
423,4,病症,下利
423,5,病症,手足乏力
423,6,病症,气弱
423,7,病症,泻
423,8,病症,反胃
423,9,病症,脚气
423,10,病症,痢
423,11,病症,思冷病
423,12,病症,寒热
423,13,食材,瓜
423,14,食性,寒
423,15,禁忌,曝而食之尤冷
423,16,古籍来源,张华《博物志》
423,17,病症,食瓜伤腹胀
423,18,食材,食盐花
423,19,食材,酒
423,20,食材,麝香
423,21,食材,西瓜
423,22,食味,甘
423,23,食性,寒
423,24,病症,胃弱
423,25,禁忌,不可食
423,26,病症,吐利
423,27,病症,寒疝
423,28,病症,霍乱冷病
423,29,食材,油饼
423,30,病症,损脾气
423,31,食材,瓜子
423,32,食材,糯米
423,33,食材,葡萄
423,34,食味,甘酸
423,35,病症,烦闷
423,36,病症,昏目
423,37,食材,甘草
423,38,食材,麝香
423,39,食材,枣树
423,40,禁忌,葡萄架下不可饮酒
423,41,食材,甘蔗
423,42,食味,甘
423,43,食性,微寒
423,44,病症,虚热
423,45,病症,衄血
423,46,食材,酒
423,47,病症,痪
423,48,食材,榧子
423,49,食材,蔗渣
423,50,食材,落花生
423,51,食味,甘
423,52,食性,平
423,53,食材,香芋
423,54,病症,小儿多食
423,55,病症,气难消
423,56,食材,长生果
423,57,食味,辛苦甘
423,58,食性,平
423,59,食材,生黄瓜
423,60,食材,鸭蛋
423,61,禁忌,往往杀人
423,62,病症,精寒阳痿
423,63,食材,香芋
423,64,食味,甘淡
423,65,食性,平
423,66,病症,泥腑滞气
423,67,病症,忧愁不安
423,68,烹饪方法,曝
424,1,食材,皤鱼
424,2,食味,甘
424,3,食性,平
424,4,食材,金鱼
424,5,食味,甘咸
424,6,食性,平
424,7,食材,比目鱼
424,8,食味,甘
424,9,食性,平
424,10,病症,风湿病
424,11,禁忌,多食动风气
424,12,食材,鳓量
424,13,食味,甘
424,14,食性,平
424,15,病症,痈疽
424,16,食材,皎惫
424,17,食味,甘
424,18,食性,平
424,19,食材,钞鱼
424,20,禁忌,忌甘草
424,21,食材,岛贬黛
424,22,食味,咸
424,23,食性,平
424,24,食材,鄙留鱼
424,25,食味,甘咸
424,26,食性,平
425,1,食材,骨灰
425,2,食材,牡鼠屎
425,3,食材,豆豉
425,4,食材,狗屎灰
425,5,食材,人头垢
425,6,食材,洚兰根汁
425,7,食材,猪牙灰
425,8,食材,甘菊汁
425,9,食材,生菖蒲酒
425,10,食材,杜蘅
425,11,食材,稻
425,12,食材,鼠屎
425,13,食材,鸡屎
425,14,食材,僵蚕
425,15,食材,乌梅
425,16,食材,桑叶
425,17,食材,死马骨
425,18,食材,驴肉
425,19,食材,荆芥
425,20,食材,茶
425,21,食材,凫茈
425,22,食材,麻油
425,23,食材,猪肉
425,24,食味,甘
425,25,食性,平
425,26,食味,辛苦
425,27,食性,温
425,28,病症,疔疥
425,29,病症,腹胀
425,30,病症,骨眼
425,31,病症,马病
425,32,病症,难产
425,33,病症,健忘
425,34,禁忌,同食杀人
425,35,禁忌,多食动风
425,36,功效,镇咳
425,37,功效,祛痰
425,38,功效,利尿
425,39,烹饪方法,煮
426,1,食材,海蛇
426,2,食味,咸
426,3,食性,温
426,4,食材,虾肉
426,5,食味,甘咸
426,6,食性,温
426,7,禁忌,多食动风助火
426,8,禁忌,发疮疾
426,9,禁忌,有病人及患冷积者勿食
426,10,禁忌,小儿食之。令脚软
426,11,禁忌,"鸡犬食之,亦令脚屈弱"
426,12,禁忌,切勿以热饭璧密器内作鲱食。毒人至死
426,13,禁忌,虾无须者
426,14,禁忌,"腹下通黑及煮#色娈白肴,并有誊。不可食"
426,15,禁忌,勿与腌。摩肉。猎肉。鸡肉同食
426,16,禁忌,妊妇食之。令子难产
426,17,食材,海虾
426,18,食味,甘咸
426,19,食性,平
426,20,禁忌,"同猪肉食,令人多睡"
426,21,食材,蛙
426,22,食味,甘
426,23,食性,寒
426,24,食材,田鸡
426,25,禁忌,其骨热食之。令小便滁
426,26,禁忌,妊妇食之。令子声哑寿天
426,27,禁忌,"小蛙食多。令人尿闭,脐下酸痛"
426,28,禁忌,有至死者
426,29,烹饪方法,擂
426,30,食材,车前水
426,31,禁忌,正月出者名黄蛤。不可食
426,32,食材,海鸯
426,33,食味,甘咸
426,34,食性,寒滑
426,35,禁忌,患泄犸痢下者勿食
426,36,食材,恭窝
426,37,食味,甘
426,38,食性,平
426,39,禁忌,黄。黑。徽烂者有毒。勿食
426,40,食材,牡粝肉
426,41,食味,甘
426,42,食性,温
426,43,食材,鲍鱼
426,44,食材,海牡粝
426,45,禁忌,丈夫服之。令人无髭
426,46,食材,梅蛰
426,47,食材,五色虾
426,48,食材,龙虾
426,49,食材,蝽蜍
426,50,食材,癞始蟆
426,51,食材,疥蛤蟆
426,52,食材,石诀明
426,53,食材,鳆鱼
426,54,食材,大鲍
427,1,食味,甘
427,2,食性,平
427,3,食材,乌鸦肉
427,4,食味,酸
427,5,食性,平
427,6,食材,喜鹊肉
427,7,食味,甘
427,8,食性,寒
427,9,禁忌,妇人不可食
427,10,食材,蒸肉
427,11,食味,酸
427,12,食性,平
427,13,禁忌,有毒。不可食
427,14,禁忌,损人神气
427,15,禁忌,不宜杀
427,16,食材,燕肉
427,17,病症,昏忘
427,18,食材,刺毛莺肉
427,19,食味,甘
427,20,食性,平
427,21,禁忌,有疮疥者少食
427,22,食材,孔答肉
427,23,食味,咸
427,24,食性,微毒
427,25,禁忌,食其肉者自后服药必不效
427,26,禁忌,尾有毒。不可人月
427,27,禁忌,令人昏翳
427,28,食材,鸱
427,29,禁忌,脑有毒
427,30,禁忌,"同酒食,令人久醉健忘"
427,31,食材,鹤肉
427,32,禁忌,有纛
427,33,禁忌,顶血饮之立死
427,34,食材,鹳肉
427,35,禁忌,有毒不可食
427,36,禁忌,"其骨人沐汤裕头,令发尽脱"
427,37,禁忌,更不生也
427,38,禁忌,又能杀树木
427,39,食材,簋鸯肉
427,40,食味,咸
427,41,食性,平
427,42,禁忌,有小蠢
427,43,禁忌,多食令人患大风病
427,44,食材,鹬鹆
427,45,食材,燕肉
427,46,病症,大风病
428,1,食材,魔肉
428,2,食味,甘
428,3,食性,性遏
428,4,禁忌,二月至八月不可食
428,5,病症,衿痛
428,6,禁忌,白臆者。豹文者并不可食
428,7,食材,鹿肉
428,8,烹饪方法,炙
428,9,禁忌,"同雉肉,蒲白,飨鱼@。玷鱼,鸡肉生菜。鳟鱼。虾食"
428,10,病症,恶疮
428,11,古籍来源,《礼记》
428,12,禁忌,食鹿去冒
428,13,食材,鹿茸
428,14,禁忌,不可以鼻嗅之
428,15,禁忌,不可近丈夫阴
428,16,病症,娄
428,17,禁忌,鹿脂赤不可近阴
428,18,禁忌,久食鹿肉。服药必不得力
428,19,禁忌,勿同猪肉食
428,20,食材,麋肉
428,21,食味,甘
428,22,食性,性温
428,23,禁忌,多食令人弱房
428,24,病症,脚气
428,25,禁忌,"妊妇食之,令孑目病"
428,26,禁忌,"不可合猪肉,雉肉。鳐鱼。鸡肉,菰蒲食"
428,27,病症,瘌疾
428,28,禁忌,同虾及生莱。梅。李食
428,29,禁忌,损男子精气
428,30,禁忌,糜脂不可近阴
428,31,病症,瘘
428,32,禁忌,亦不可同桃李食
428,33,古籍来源,《淮南子》
428,34,食材,虎肉
428,35,食味,昧酸
428,36,食性,性热
428,37,禁忌,正月食虎伤神
428,38,禁忌,热食虎肉伤人齿
428,39,禁忌,多有药箭伤者食者馍之
428,40,食材,虎鼻
428,41,烹饪方法,熬
428,42,禁忌,勿令人及妇匆。知则不灵
428,43,禁忌,虎豹皮上睡。令人神惊
428,44,禁忌,其毛人疮有大毒
428,45,食材,虎骨
428,46,禁忌,勿用中毒药箭
429,1,食材,胡桃
429,2,食材,莱菔
429,3,食材,铜器
429,4,病症,损阴
429,5,病症,暴下
429,6,食材,白羊
429,7,食材,黄羊
429,8,食材,独角
429,9,病症,生痈
429,10,病症,中羊肉莓
429,11,食材,甘草汤
429,12,病症,过食羊肉伤
429,13,食材,枣子
429,14,食材,草果
429,15,食材,牛肉
429,16,食味,甘
429,17,食性,温
429,18,病症,发药幕
429,19,病症,能病人
429,20,病症,夜鸣则痞
429,21,病症,生疔
429,22,病症,暴亡
429,23,病症,发痼疾
429,24,病症,痃瓣
429,25,病症,裥下
429,26,病症,疰病
429,27,病症,瘟牛暴死
429,28,食材,独肝
429,29,病症,瘌血至死
429,30,食材,蛇
429,31,食材,水牛
429,32,食材,人乳
429,33,病症,自死白首
429,34,病症,疥牛
429,35,病症,发痒
429,36,食材,黄牛
429,37,食材,猪肉
429,38,食材,忝米酒
429,39,病症,寸白虫
429,40,食材,韭薤
429,41,食材,生姜
429,42,病症,损齿
429,43,食材,栗子
429,44,食材,幂牛
429,45,食材,水牛肉
429,46,食味,甘
429,47,食性,平
429,48,禁忌,忌同黄牛
429,49,病症,患衿人
429,50,食材,蹄中巨筋
429,51,病症,生肉刺
429,52,食材,牛乳
429,53,食味,甘
429,54,禁忌,生饮令人利
429,55,禁忌,热饮令人口千气壅
429,56,禁忌,不宜顿服
429,57,禁忌,与酸物相反
429,58,病症,患冷气人
429,59,禁忌,同鱼食
429,60,病症,成积
429,61,禁忌,同醋食
429,62,病症,生疲
429,63,食材,牛脂
429,64,食味,甘
429,65,食性,温
429,66,病症,发痼疾
429,67,病症,疮疡
429,68,食材,牛脑
429,69,食味,甘
429,70,食性,温
429,71,病症,热病死者
429,72,病症,生肠痈
429,73,食材,竹髓
429,74,食材,竹鼠
429,75,食材,竹鼬
429,76,食材,竹根
429,77,食材,草豆蔻
430,1,食材,豇互
430,2,食味,甘
430,3,食味,咸
430,4,食性,平
430,5,禁忌,水种者勿食
430,6,病症,中鼠莽
430,7,烹饪方法,煮
430,8,食材,豌豆
430,9,食味,甘
430,10,食性,平
430,11,禁忌,多食发气病
430,12,食材,薇
430,13,食味,甘
430,14,食性,寒
430,15,食材,御米
430,16,食味,甘
430,17,食性,平
430,18,禁忌,多食利二便
430,19,禁忌,动膀胱气
430,20,食材,苡仁
430,21,食味,甘
430,22,病症,筋急
430,23,禁忌,不可食用
430,24,禁忌,妊妇食之坠胎
430,25,食材,蕨粉
430,26,食味,甘
430,27,禁忌,生山中者有毒
430,28,禁忌,多食令目暗
430,29,病症,邪气壅经络筋骨
430,30,禁忌,生食蕨粉成蛇疲
430,31,禁忌,能消人阴事
430,32,禁忌,勿同苋莱食
430,33,食材,鼠莽
430,34,食材,豇豆
431,1,古籍来源,《西溪丛话》
431,2,古籍来源,《嘉祜杂志》
431,3,食材,莲子
431,4,食材,盐
431,5,食材,稻草灰
431,6,食材,面
431,7,食味,咸
431,8,医家,江邻几
431,9,医家,吴春卿
431,10,医家,范淳甫
431,11,烹饪方法,煮
431,12,烹饪方法,煎
432,1,食材,汤饼
432,2,食材,水引饼
432,3,食材,面
432,4,食材,菱羹
432,5,食材,盐豉
432,6,食材,鲈脍
432,7,古籍来源,《世说新语》
432,8,古籍来源,《荆楚岁时记》
432,9,古籍来源,《倦游杂录》
432,10,古籍来源,《汤饼赋》
433,1,食材,鳊鱼
433,2,食材,槎头鳊
433,3,食材,缩项鳊
433,4,古籍来源,《尔雅.释器》
433,5,古籍来源,《襄阳耆旧传》
433,6,古籍来源,《杜诗补遗正谬》
436,1,医家,张鳖
436,2,古籍来源,《朝野佥载》
436,3,医家,张文仲
436,4,古籍来源,《本草》
436,5,病症,应病
436,6,病症,应声虫
436,7,医家,陈正敏
436,8,古籍来源,《遐斋闲览》
436,9,医家,张文成
436,10,古籍来源,《朝野佥载》
436,11,食材,雷丸
436,12,烹饪方法,调制成丸
437,1,古籍来源,《食医心镜》
437,2,食材,鲫鱼
437,3,食材,胡椒
437,4,食材,干姜
437,5,病症,脾胃气冷
437,6,病症,不能下食
437,7,病症,虚弱无力
437,8,食疗方,鹘突羹
438,1,食材,茶
438,2,古籍来源,《满庭芳》
438,3,古籍来源,《辞谱》
438,4,古籍来源,《负随杂录》
438,5,古籍来源,《茶录》
438,6,医家,豫章先生
438,7,医家,杨万里
438,8,医家,司马相如
439,1,食材,荔枝
439,2,食材,椰子花
439,3,食材,酥酪
439,4,病症,头痛
439,5,病症,风痒
439,6,古籍来源,"蔡君谟任福唐县知事时,将闽中荔枝编成谱"
439,7,古籍来源,郑熊也曾记录过广中所产荔枝
440,1,古籍来源,《本草》
440,2,古籍来源,《陋斋闲览》
440,3,食材,雷丸
440,4,病症,岸疾
440,5,病症,应声虫
440,6,医家,陈正敏
440,7,医家,杨劭
440,8,烹饪方法,饵
443,1,食材,盐
443,2,食材,豉
443,3,食材,盐豉
443,4,古籍来源,《礼记。内则》
443,5,古籍来源,《尚书.说命篇》
443,6,古籍来源,《左传》
443,7,医家,晏子
443,8,古籍来源,《楚辞.招魂》
443,9,食材,豆豉
443,10,食材,豆类
443,11,烹饪方法,泡
443,12,烹饪方法,蒸
443,13,烹饪方法,发酵
443,14,烹饪方法,腌
443,15,食材,酱油
443,16,食材,豚
443,17,食材,小猪
443,18,食材,猪
443,19,食材,醯
443,20,食材,醋
443,21,食材,醢
443,22,食材,肉
443,23,食材,鱼
443,24,食材,酱
443,25,古籍来源,《尚书》
443,26,医家,孔子
443,27,食材,梅
443,28,食材,酸梅
443,29,医家,晏婴
443,30,医家,刘向
443,31,医家,屈原
443,32,医家,刘安
444,1,食材,肉
444,2,食材,姜豉
444,3,食材,猪肉
444,4,烹饪方法,细抹
444,5,烹饪方法,冻
446,1,食材,粟
446,2,古籍来源,杜甫《茅堂检莜收稻诗》
446,3,古籍来源,《汉书》
446,4,古籍来源,《海贼》
446,5,古籍来源,《文选》
446,6,医家,颜之推
446,7,医家,百里奚
446,8,医家,李善
447,1,食味,酸
447,2,食味,苦
447,3,食味,辛
447,4,食味,咸
447,5,食味,甘
447,6,古籍来源,《内则》
447,7,养生原则,调和五味
447,8,养生原则,春多酸
447,9,养生原则,夏多苦
447,10,养生原则,秋多辛
449,1,食材,肉
449,2,食材,酒
449,3,食材,醯
449,4,食材,醢
449,5,食材,桂
449,6,食材,姜
449,7,食材,盐
449,8,食材,羊肉
449,9,食材,麋
449,10,食材,鹿
449,11,食材,魔肉
449,12,食材,牛
449,13,食材,羊
449,14,食材,猪肉
449,15,食材,稻米
449,16,食材,狗肝
449,17,食材,狗网油
449,18,烹饪方法,浸泡
449,19,烹饪方法,腌
449,20,烹饪方法,煎
449,21,烹饪方法,捣捶
449,22,烹饪方法,摊放
449,23,烹饪方法,洒
449,24,烹饪方法,润开
449,25,烹饪方法,切细
449,26,烹饪方法,合起来做成饼
449,27,烹饪方法,煎着吃
449,28,烹饪方法,覆盖
449,29,烹饪方法,架举在火匕烧烤
449,30,烹饪方法,烤干
449,31,烹饪方法,溲
449,32,烹饪方法,小切
449,33,烹饪方法,煮
449,34,烹饪方法,调和
449,35,烹饪方法,切成小块
449,36,古籍来源,《内则》
449,37,古籍来源,《少仪》
450,1,食材,牛
450,2,食材,羊
450,3,食材,犬
450,4,食材,鸟
450,5,食材,豕
450,6,食材,马
450,7,禁忌,不可食
450,8,古籍来源,礼记
451,1,食材,狼
451,2,食材,麋
451,3,食性,温
451,4,功效,补
451,5,病症,季节胀寒苦
451,6,古籍来源,《官冢宰》
453,1,食材,牛
453,2,食材,羊
453,3,食材,豕
453,4,食材,犬
453,5,食材,鸡
453,6,食材,姜
453,7,食材,桂
453,8,食材,干肉
453,9,食材,夹脊肉
453,10,食材,干鱼
453,11,病症,病牛肉
453,12,烹饪方法,烹煮
453,13,烹饪方法,煎熬
453,14,烹饪方法,调好味
453,15,烹饪方法,切
453,16,禁忌,不可以食用
453,17,养生原则,辨别牲禽的好丑
453,18,养生原则,食物卫生
454,1,食材,醢
454,2,食材,蜃
454,3,食材,蚍醢
454,4,食材,豚拍
454,5,食材,鱼巍
454,6,食材,芹菹
454,7,食材,篼醢
454,8,食材,深蒲
454,9,食材,醯醢
454,10,食材,箔菹
454,11,食材,雁醢
454,12,食材,笋菹
454,13,食材,鱼醢
454,14,食材,酏食
454,15,食材,糁食
454,16,食材,蜃蛤
454,17,食材,蚁
454,18,食材,豚
454,19,食材,小猪
454,20,食材,鱼
454,21,食材,芹
454,22,食材,兔肉
454,23,食材,蒲
454,24,食材,水苔
454,25,食材,雁鸟肉
454,26,食材,韬米
454,27,食材,狼胸肌
454,28,食材,牛
454,29,食材,豕肉
454,30,食材,猾米
454,31,食味,甘甜
454,32,烹饪方法,煮
454,33,烹饪方法,熬
454,34,烹饪方法,煎
455,1,食材,黑黍
455,2,食材,香草
455,3,烹饪方法,煮
455,4,古籍来源,《僖公二十八年》
456,1,食材,牛
456,2,食材,羊
456,3,食材,豕
456,4,食材,鱼
456,5,烹饪方法,烹
456,6,烹饪方法,熬
456,7,烹饪方法,炮
456,8,烹饪方法,渍
456,9,古籍来源,《关官冢宰》
457,1,食材,小鳖
457,2,食材,狼
457,3,食材,狗肾
457,4,食材,狸
457,5,食材,兔
457,6,食材,狐
457,7,食材,猪
457,8,食材,鱼
457,9,食材,枣
457,10,食材,栗
457,11,食材,桃
457,12,食材,相梨
457,13,古籍来源,《内则》
457,14,古籍来源,《肉则》
459,1,食材,菽藿
459,2,食材,旄
459,3,食材,象
459,4,食材,豹胎
459,5,食材,肉
459,6,食材,酒
459,7,古籍来源,《喻老》
461,1,古籍来源,《夭官冢宰》
461,2,食材,酒
461,3,食材,事酒
461,4,食材,昔酒
461,5,食材,清酒
461,6,食材,医
461,7,食材,浆
461,8,食材,酏
461,9,食味,酸
461,10,食味,甜
461,11,功效,治病
461,12,烹饪方法,酿
461,13,烹饪方法,煮
461,14,烹饪方法,滤
462,1,食材,草芽
462,2,食材,苹草
462,3,食材,白蒿
462,4,食材,水藻
462,5,食材,肉汁
462,6,烹饪方法,煮
462,7,古籍来源,《桓公二年》
463,1,食材,鱼
463,2,食味,咸
463,3,病症,热中
463,4,病症,痈疡
463,5,医家,黄帝
463,6,医家,岐伯
463,7,古籍来源,《异法方宜论篇第十二》
467,1,烹饪方法,蒸
467,2,烹饪方法,拌
467,3,烹饪方法,煮
467,4,食材,白面
467,5,食材,盐
467,6,食材,绿豆粉
467,7,食材,麻腻
467,8,食材,杏仁腻
467,9,食材,酱
467,10,食材,煎肉
467,11,食材,腌韭
467,12,食材,瓜丝
467,13,食材,白糖
467,14,食材,清油
467,15,食材,水
467,16,食材,酥油
467,17,食材,椒盐
467,18,烹饪方法,搜
467,19,烹饪方法,揉
467,20,烹饪方法,捍
467,21,烹饪方法,抽
467,22,烹饪方法,拽
467,23,古籍来源,古今厨书巢成
468,1,食材,酥油
468,2,食材,上白糯米
468,3,食材,粳米
468,4,食材,芡实
468,5,食材,人参
468,6,食材,茯苓
468,7,食材,砂仁
468,8,食材,沙糖
468,9,食材,赤豆
468,10,食材,绿豆
468,11,食材,生糯米粉
468,12,食材,糯米
468,13,食材,枣
468,14,食材,栗
468,15,食材,柿干
468,16,食材,银杏
468,17,食材,茭叶
468,18,食材,箬叶
468,19,食材,艾叶
468,20,食材,真粉
468,21,食材,油饼
468,22,食材,芝麻
468,23,食材,松子
468,24,食材,胡桃
468,25,食材,茴香
468,26,烹饪方法,炸
468,27,烹饪方法,煮
468,28,烹饪方法,蒸
468,29,烹饪方法,裹
468,30,烹饪方法,拌
468,31,食疗方,畚糕方
468,32,食疗方,粽子法
468,33,古籍来源,《山家清供》
471,1,食材,鹅
471,2,食材,粳肉
471,3,食材,瓠
471,4,食材,匏
471,5,食材,鳝鱼
471,6,食材,鳐鲠
471,7,食材,石首鱼
471,8,食材,鲈鱼
471,9,食材,鲻鱼
471,10,食材,姜
471,11,食味,咸
471,12,烹饪方法,熟
471,13,烹饪方法,酿酒
471,14,烹饪方法,蜜渍
471,15,烹饪方法,炙
471,16,烹饪方法,碎
471,17,烹饪方法,密封
471,18,烹饪方法,置日中
471,19,食疗方,浑羊设
471,20,食疗方,蛇罐汤法
471,21,食疗方,花无忧腊
471,22,食疗方,连珠起肉
471,23,食疗方,鳐鲠法
471,24,古籍来源,《酉阴杂俎》
471,25,古籍来源,《梦溪笔谈》
471,26,医家,韦琳
471,27,医家,谢眺
471,28,医家,贾锵
471,29,医家,宋明帝
471,30,医家,沈括
471,31,医家,谢灵运
471,32,医家,李白
472,1,食材,竹笄
472,2,食材,鞭笋
472,3,食材,蛋藕
472,4,食材,莲根
472,5,食材,芦菔
472,6,食材,菜根
472,7,古籍来源,《竹谱》
472,8,古籍来源,《东莱吕紫薇师友杂志》
473,1,食材,佛手
473,2,食材,香橼
473,3,食材,梨子
473,4,食材,石花
473,5,食材,面筋
473,6,食材,茄子
473,7,食材,萝卜
473,8,食材,琮枝
473,9,食材,草珊瑚
473,10,食材,胶蜞麟莱
473,11,食材,琼枝
473,12,烹饪方法,酱
473,13,烹饪方法,糟
473,14,烹饪方法,拌
474,1,食材,枸杞
474,2,食材,荞菜
474,3,食材,荠
474,4,食材,芋
474,5,食材,蹲鸱
474,6,食材,大芋
474,7,食味,甘
474,8,食味,苦
474,9,功效,养心目
474,10,古籍来源,《华阳囤志》
474,11,医家,李肘珍
474,12,医家,东坡
474,13,烹饪方法,饵
475,1,食材,秫粉
475,2,食材,蔗霜
475,3,食材,沉水
475,4,食材,笋
475,5,食材,鞭笋
475,6,食材,玉兰片
475,7,食味,甘
475,8,食味,香
475,9,烹饪方法,浴煮
475,10,古籍来源,《本草纲目》
475,11,古籍来源,《诗经:卫风:淇臾》
476,1,食材,绿豆
476,2,食材,菌
476,3,食材,紫芝
476,4,古籍来源,《诗经》
476,5,古籍来源,《本草》
476,6,烹饪方法,碾
476,7,烹饪方法,撒
476,8,烹饪方法,煮
476,9,功效,热蠲金石
476,10,功效,清澈肺腑
476,11,养生原则,山居隐士
477,1,食材,鸡
477,2,食材,鲋鱼
477,3,食材,花椒
477,4,食材,砂仁
477,5,食材,酱
477,6,食材,酒
477,7,烹饪方法,煮
477,8,烹饪方法,炒
477,9,烹饪方法,蒸
477,10,烹饪方法,焙
477,11,烹饪方法,剁作小块
477,12,烹饪方法,拌匀
477,13,烹饪方法,烘
477,14,烹饪方法,烧热
477,15,食疗方,炉焙鸡
477,16,古籍来源,《说文解字》
479,1,食材,鱼
479,2,食材,羊肥肋
479,3,食材,白粳米
479,4,食材,葱
479,5,食材,山药
479,6,食材,酒
479,7,食材,盐
479,8,食材,干姜
479,9,食材,醋
479,10,食材,乳饼
479,11,食材,笄
479,12,食材,蕈
479,13,食材,鸡
479,14,食材,鹅
479,15,食材,鸭
479,16,食材,鸽
479,17,食材,羊肉
479,18,食材,萝卜
479,19,食材,川椒
479,20,食材,羊精肉
479,21,食材,肾肤
479,22,烹饪方法,煮
479,23,烹饪方法,慢火
479,24,烹饪方法,切
479,25,烹饪方法,搅匀
479,26,烹饪方法,炒
479,27,烹饪方法,浸
479,28,烹饪方法,慢火煮
479,29,烹饪方法,慢火养
479,30,烹饪方法,骰块切
479,31,烹饪方法,切如缕
479,32,食疗方,肉羹
479,33,食疗方,骨插羹
479,34,食疗方,萝卜羹
480,1,食材,猪
480,2,食材,羊
480,3,食材,大牢
480,4,食材,马芹
480,5,食材,莳萝
480,6,食材,白盐
480,7,食材,羊肉
480,8,食材,糟
480,9,食材,鹿
480,10,食材,獐
480,11,食材,肉
480,12,食味,甘
480,13,烹饪方法,切
480,14,烹饪方法,腌
480,15,烹饪方法,拌
480,16,烹饪方法,熏
480,17,烹饪方法,洗
480,18,烹饪方法,煮
480,19,烹饪方法,熬
480,20,古籍来源,大戴礼记
480,21,古籍来源,论语
481,1,食材,酱
481,2,食材,醋
481,3,食材,蟹
481,4,食材,麻皮
481,5,食材,盐
481,6,食材,酒
481,7,食材,香油
481,8,食材,葱
481,9,食材,榆仁酱
481,10,食材,面酱
481,11,食材,茴香
481,12,食材,椒
481,13,食材,姜
481,14,食材,桔
481,15,食材,皂角
481,16,食材,麦黄
481,17,食材,曲
481,18,烹饪方法,炒
482,1,食材,硬肉
482,2,食材,脑砂
482,3,食材,桑白皮
482,4,食材,楷实
482,5,食材,败肉
482,6,食材,阿魏
482,7,食材,胡桃
482,8,食材,驴马肠
482,9,食材,香油
482,10,食材,葱椒
482,11,食材,麸盘肉
482,12,食材,芝族花
482,13,食材,茄花
482,14,食材,肥肉
482,15,食材,獐肺
482,16,食材,兔肺
482,17,食材,山羊肺
482,18,食材,韭汁
482,19,食材,蒜泥
482,20,食材,酪
482,21,食材,生姜
482,22,食性,温
482,23,食性,寒
482,24,食味,咸
482,25,食味,苦
482,26,食味,辛
482,27,食味,甘
482,28,功效,消积软坚
482,29,功效,泻肺平喘
482,30,功效,行水消肿
482,31,功效,滋肾
482,32,功效,明目
482,33,烹饪方法,煮
482,34,烹饪方法,炙
482,35,烹饪方法,滤
482,36,禁忌,有粪
482,37,脏腑,肺
483,1,食材,榆仁
483,2,食材,蓼汁
483,3,食材,面曲
483,4,食材,盐
483,5,食材,黑豆
483,6,食材,大麦面
483,7,食材,羊肉
483,8,食材,精肉
483,9,食材,酱曲
483,10,食材,葱白
483,11,食材,良姜
483,12,食材,小椒
483,13,食材,芜荑
483,14,食材,陈皮
483,15,烹饪方法,淘挣
483,16,烹饪方法,浸
483,17,烹饪方法,搓洗
483,18,烹饪方法,揉洗
483,19,烹饪方法,晒
483,20,烹饪方法,拌
483,21,烹饪方法,炒
483,22,烹饪方法,煮
483,23,烹饪方法,筛
483,24,烹饪方法,和搜
483,25,烹饪方法,切
483,26,烹饪方法,蒸
483,27,烹饪方法,摊
483,28,烹饪方法,捣
483,29,食疗方,大麦酱方
483,30,食疗方,造肉酱法
484,1,食材,精羊肉
484,2,食材,盐
484,3,食材,酒
484,4,食材,醋
484,5,食材,砂仁
484,6,食材,良姜
484,7,食材,椒
484,8,食材,葱
484,9,食材,桔皮
484,10,烹饪方法,煮
484,11,烹饪方法,晒干
484,12,食材,羊肺
484,13,食材,生姜
484,14,食材,羊肚
484,15,食材,托胎
484,16,食材,硬髓
484,17,烹饪方法,煨
484,18,烹饪方法,蒸
485,1,食材,陈仓米
485,2,食材,糯米
485,3,食材,粗曲
485,4,食材,小芨
485,5,食材,炒麦
485,6,食材,小麦
485,7,食材,大麦仁
485,8,食材,白面
485,9,烹饪方法,浸
485,10,烹饪方法,炊
485,11,烹饪方法,捣
485,12,烹饪方法,焙
485,13,烹饪方法,拌
485,14,烹饪方法,擂
485,15,烹饪方法,捺平
485,16,烹饪方法,密封
485,17,烹饪方法,炒焦
485,18,烹饪方法,煎沸
485,19,烹饪方法,蒸
485,20,烹饪方法,晒干
485,21,烹饪方法,簸
485,22,食性,热
485,23,食性,平
485,24,食材,米醋
485,25,食材,麦黄
485,26,食材,大麦醋
486,1,食疗方,湿枣汤
486,2,古籍来源,夸氏方
486,3,食材,大枣
486,4,烹饪方法,熬
486,5,食材,蜜
486,6,食材,生姜汁
486,7,烹饪方法,调停
486,8,烹饪方法,和
486,9,烹饪方法,煎
486,10,食材,麝香
486,11,烹饪方法,点服
486,12,食疗方,香苏汤
486,13,古籍来源,李氏方
486,14,食材,千枣
486,15,烹饪方法,擘碎
486,16,食材,紧苏叶
486,17,食材,木瓜
486,18,烹饪方法,捣碎
486,19,烹饪方法,捣匀
486,20,烹饪方法,泼
486,21,烹饪方法,熬
486,22,烹饪方法,淋
486,23,食疗方,地黄膏子汤
486,24,食材,生地黄
486,25,烹饪方法,洗
486,26,烹饪方法,捣烂
486,27,烹饪方法,榨取汁
486,28,烹饪方法,熬
486,29,烹饪方法,煎
486,30,食材,脑麝
486,31,烹饪方法,点服
487,1,食材,田螺
487,2,食材,鸭子
487,3,食材,盐
487,4,食材,酱
487,5,食材,椒未
487,6,食材,梏丝
487,7,食材,茴香
487,8,食材,粉皮
487,9,食材,生粉丝
487,10,食材,螺肉
487,11,食材,粉丝
487,12,食材,五辣醋
487,13,食材,虾升
487,14,食材,肉升
487,15,食材,姜丝
487,16,食材,熟笋
487,17,食材,蘑菇升
487,18,食材,鲥鱼
487,19,食材,讧茶
487,20,食材,薤
487,21,食材,茭什
487,22,食材,笄片
487,23,食材,酒
487,24,食材,醋
487,25,食材,花飙
487,26,食材,油
487,27,食材,鸦子黄
487,28,食材,蛋黄
487,29,食材,绿豆粉
487,30,食材,鲍鱼
487,31,食材,鳆鱼
487,32,烹饪方法,蒸
487,33,烹饪方法,煮
487,34,烹饪方法,切
487,35,烹饪方法,熬
487,36,烹饪方法,糁
487,37,烹饪方法,冼净
487,38,烹饪方法,镝
487,39,烹饪方法,化
487,40,烹饪方法,顿熟
487,41,烹饪方法,煎
487,42,食疗方,假香螺羹
487,43,病症,腥
488,1,食材,糯米
488,2,食材,白檀
488,3,食材,白木犀
488,4,食材,川百药煎
488,5,食材,梅花片脑
488,6,食材,米脑
488,7,食材,寒水石
488,8,食味,苦
488,9,食味,酸
488,10,食性,平
488,11,功效,收敛
488,12,功效,杀虫
488,13,烹饪方法,煮
488,14,烹饪方法,擂
488,15,烹饪方法,绞
488,16,烹饪方法,捶
488,17,烹饪方法,研
488,18,烹饪方法,焙
488,19,烹饪方法,煎
488,20,烹饪方法,抹
488,21,食疗方,千捶膏
488,22,食疗方,天香汤
488,23,食疗方,山桂汤
488,24,食疗方,木犀汤
490,1,食材,白面
490,2,食材,桃仁
490,3,食材,二桑叶
490,4,食材,杏仁
490,5,食材,莲花
490,6,食材,苍耳心
490,7,食材,川乌
490,8,食材,绿豆
490,9,食材,谈竹叶
490,10,食材,熟甜瓜
490,11,食材,竦母艨嫩头
490,12,食疗方,东阳酒曲方
490,13,烹饪方法,浸
490,14,烹饪方法,晒
490,15,烹饪方法,打下
490,16,烹饪方法,漉
490,17,烹饪方法,煮
490,18,烹饪方法,擂
490,19,病症,跌打伤痛
490,20,古籍来源,周颂:载芟
491,1,食材,蔚木香
491,2,食材,蜜
491,3,食材,果子
491,4,食材,朴硝
491,5,食材,冬瓜
491,6,食材,梅肉
491,7,食味,酸
491,8,食味,咸
491,9,功效,益精壮阳
491,10,烹饪方法,煎
491,11,烹饪方法,浸
491,12,烹饪方法,焯
491,13,禁忌,不可尽述
491,14,医家,赵菊山
492,1,食材,牛乳
492,2,食材,酪
492,3,食材,浆水
492,4,烹饪方法,炙
492,5,烹饪方法,炒
492,6,烹饪方法,曝
492,7,烹饪方法,煎
492,8,烹饪方法,烧
492,9,烹饪方法,滤
492,10,烹饪方法,压
492,11,烹饪方法,团搦
492,12,食疗方,晒干酪
492,13,食疗方,就乳困
493,1,食材,瓜
493,2,食材,酱
493,3,食材,盐
493,4,食材,瓜茄
493,5,食材,酱黄
493,6,食材,枸杞
493,7,食材,地潢
493,8,食材,甘菊
493,9,食材,青襄
493,10,食材,牛膝
493,11,食材,槐芽
493,12,食材,白术
493,13,食材,椿芽
493,14,食材,车前
493,15,食材,黄精
493,16,食材,合欢
493,17,食材,步陆
493,18,食材,决期
493,19,食材,穴蓼
493,20,食味,苦
493,21,功效,燥湿
493,22,功效,杀虫
493,23,功效,止血
493,24,烹饪方法,晒
493,25,烹饪方法,腌
493,26,食疗方,酱瓜茄法
493,27,古籍来源,收干药莱法
494,1,食材,豉
494,2,食材,熟油
494,3,食材,巨盐
494,4,食材,川椒
494,5,食材,胡椒末
494,6,食材,干姜末
494,7,食材,桔皮
494,8,食材,葱白
494,9,食材,小麦
494,10,食材,面
494,11,烹饪方法,造
494,12,烹饪方法,煎
494,13,烹饪方法,拌
494,14,烹饪方法,蒸
494,15,烹饪方法,曝干
494,16,烹饪方法,捣
494,17,烹饪方法,淋
494,18,烹饪方法,贮
494,19,烹饪方法,磨
494,20,烹饪方法,摊
494,21,烹饪方法,接令碎
494,22,烹饪方法,覆盖
494,23,烹饪方法,燠
494,24,烹饪方法,抟
494,25,烹饪方法,悬
494,26,烹饪方法,盛
494,27,烹饪方法,煮
494,28,烹饪方法,漉出
494,29,烹饪方法,削去皮
494,30,禁忌,不得湿物近之
494,31,禁忌,防青蝇
494,32,禁忌,尘垢之污
496,1,食材,牛乳
496,2,烹饪方法,煎
496,3,烹饪方法,扬
496,4,烹饪方法,搅
496,5,烹饪方法,吹
496,6,烹饪方法,滤
496,7,烹饪方法,卧
496,8,烹饪方法,炙
496,9,食疗方,造酪法
496,10,古籍来源,齐民要术
497,1,古籍来源,居家必用事类全集
497,2,食材,荼
497,3,食材,汤
497,4,食材,渴水
497,5,食材,熟水
497,6,食材,浆水
497,7,食材,香药
497,8,食材,果实
497,9,食材,酒曲
497,10,食材,醋
497,11,食材,酱
497,12,食材,豉
497,13,食材,蔬食
497,14,食材,肉食
497,15,食材,腌藏肉品
497,16,食材,腌藏鱼品
497,17,食材,鲱品
497,18,食材,烧肉品
497,19,食材,煮肉品
497,20,食材,肉下酒
497,21,食材,肉灌肠红丝品
497,22,食材,肉下饭品
497,23,食材,肉羹食品
497,24,食材,回回食品
497,25,食材,女苴食品
497,26,食材,温面食品
497,27,食材,千面食品
497,28,食材,素食
497,29,食材,煎酥乳酪品
497,30,食材,造诸粉品
497,31,烹饪方法,造
497,32,烹饪方法,腌藏
498,1,食材,茶
498,2,食味,甘
498,3,食味,滑
498,4,古籍来源,《北苑别录》
498,5,古籍来源,《茶录》
501,1,食材,牛奶
501,2,食材,糖
501,3,食材,蛋黄
501,4,食材,蛋白
501,5,食材,水果
501,6,食材,葡萄酒
501,7,烹饪方法,烧
501,8,烹饪方法,煮
501,9,烹饪方法,打碎
501,10,烹饪方法,拌
501,11,烹饪方法,调和
501,12,烹饪方法,滚
501,13,烹饪方法,冻
501,14,烹饪方法,切
501,15,烹饪方法,铺
502,1,食材,盐
502,2,食材,丁香
502,3,食材,羊肉
502,4,食材,牛肉
502,5,食材,小猪
502,6,食材,馒头屑
502,7,食材,猪肉
502,8,食材,胡椒
502,9,食材,牛奶
502,10,食材,鸡蛋
502,11,食材,奶油
502,12,食材,猪肝
502,13,食材,葱花
502,14,食材,肉蔻
502,15,食材,橄榄油
502,16,食材,火腿
502,17,食材,地蛋
502,18,烹饪方法,烘
502,19,烹饪方法,炒
502,20,烹饪方法,熏
502,21,烹饪方法,煎
503,1,食材,萝卜
503,2,食材,茄子
503,3,食材,黄瓜
503,4,食材,葱头
503,5,食材,红萝卜
503,6,食材,瓜
503,7,食材,荫瓜
503,8,食材,北瓜
503,9,食材,玉瓜
503,10,食材,冬瓜
503,11,食材,小瓜
503,12,食材,大瓜
503,13,食材,鲱豆
503,14,食材,陈虿
503,15,食材,盐肉
503,16,食材,奶油
503,17,食材,胡椒
503,18,食材,盐
503,19,食材,醋
503,20,食材,冰糖
503,21,食材,干面
503,22,烹饪方法,煮
503,23,烹饪方法,煎
503,24,烹饪方法,烘
503,25,烹饪方法,浸
503,26,烹饪方法,剥皮
503,27,烹饪方法,切
503,28,烹饪方法,打碎
503,29,烹饪方法,漏去水
503,30,烹饪方法,洗净
503,31,烹饪方法,去老叶
503,32,烹饪方法,去子
503,33,烹饪方法,去皮
503,34,烹饪方法,烧憋
503,35,烹饪方法,整煮
503,36,烹饪方法,切开
503,37,烹饪方法,煮熟
503,38,烹饪方法,浸一夜
503,39,烹饪方法,放深盆内
503,40,烹饪方法,凉水内浸
503,41,烹饪方法,取出
503,42,烹饪方法,放
503,43,烹饪方法,加
503,44,烹饪方法,调和
503,45,烹饪方法,瓷上吃
503,46,烹饪方法,吃
503,47,烹饪方法,作祛
503,48,烹饪方法,作引子
503,49,烹饪方法,同煮
503,50,烹饪方法,取
503,51,烹饪方法,切成棋子块
503,52,烹饪方法,放在盆内
503,53,烹饪方法,汤与豆取平
503,54,烹饪方法,冼诤
503,55,烹饪方法,看莱上虫子
503,56,烹饪方法,用开水快滚
503,57,烹饪方法,粜叶
503,58,烹饪方法,不用刃割
503,59,烹饪方法,加一些盐
503,60,烹饪方法,煮熟后
503,61,烹饪方法,盐
503,62,烹饪方法,胡椒
503,63,烹饪方法,煮熟后漏去水
503,64,烹饪方法,用奶油
503,65,烹饪方法,胡椒盐吃
503,66,烹饪方法,另有切成片
503,67,烹饪方法,等冷时
503,68,烹饪方法,用不多开水加盐煮
503,69,烹饪方法,煮一点半饰或二三十分时候
503,70,烹饪方法,熙豆朐老嫩
503,71,烹饪方法,盐吃
503,72,烹饪方法,明日去水
503,73,烹饪方法,再加开水煮时
503,74,烹饪方法,加一些原汤
503,75,烹饪方法,煎茄子
503,76,烹饪方法,茄子切成片
503,77,烹饪方法,加胡椒盐煎
503,78,烹饪方法,冼净了
503,79,烹饪方法,囫
503,80,烹饪方法,蹩个
503,81,烹饪方法,般轮
503,82,烹饪方法,即车轮
504,1,食材,桃叶
504,2,食材,糖
504,3,食材,奶油
504,4,食材,葡萄酒
504,5,食材,白面
504,6,食材,玉果
504,7,食材,牛奶
504,8,食材,鸡蛋
504,9,食材,桔皮
504,10,食材,奶皮
504,11,食材,冰
504,12,食材,盐
504,13,食材,阿萝萝
506,1,食材,牛肉
506,2,食材,盐
506,3,食材,猪肉
506,4,食材,胡椒
506,5,食材,丁香
506,6,食材,葱花
506,7,食材,鸡蛋
506,8,食材,馒头屑
506,9,食材,牛心
506,10,食材,牛油
506,11,食材,奶油
506,12,烹饪方法,熏
506,13,烹饪方法,烘
506,14,烹饪方法,烤
506,15,烹饪方法,腌
506,16,烹饪方法,割
506,17,烹饪方法,填
506,18,烹饪方法,滚
506,19,烹饪方法,调和
506,20,烹饪方法,擦
506,21,烹饪方法,挂
506,22,烹饪方法,浇
506,23,烹饪方法,撒
506,24,烹饪方法,洗
507,1,食材,花红
507,2,食材,苹果
507,3,食材,生梨
507,4,烹饪方法,煮
507,5,食材,崧
507,6,烹饪方法,打碎
507,7,烹饪方法,过出
507,8,食材,糖
507,9,食材,玉果
507,10,食材,桂皮
507,11,食材,橙汁
507,12,食材,桃
507,13,烹饪方法,去皮核
507,14,烹饪方法,切碎
507,15,食材,糖
507,16,烹饪方法,煮
507,17,食材,桃叶
507,18,烹饪方法,煮熟
507,19,烹饪方法,取出
507,20,食材,牛奶
507,21,食材,大米
507,22,食材,糖
507,23,烹饪方法,煮熟
507,24,食材,糯米
507,25,食材,樱桃
507,26,食材,糟
507,27,食材,鸡蛋清
507,28,食材,白糖
507,29,烹饪方法,烘
507,30,食材,饭瓜
507,31,食材,方瓜
507,32,烹饪方法,去皮去子
507,33,烹饪方法,煮熟
507,34,烹饪方法,打碎
507,35,烹饪方法,过出
507,36,食材,牛奶
507,37,食材,鸡蛋
507,38,食材,糖
507,39,食材,桂皮
507,40,食材,姜末
507,41,食材,盐
507,42,烹饪方法,烘
507,43,食材,自面
507,44,食材,奶油
507,45,食材,南瓜
507,46,食材,晋瓜
508,1,食材,桃
508,2,食材,糖
508,3,食材,鸡蛋白
508,4,食材,丁香
508,5,食材,酒
508,6,食材,梨
508,7,食材,洋菜
508,8,烹饪方法,去皮
508,9,烹饪方法,去核
508,10,烹饪方法,煮
508,11,烹饪方法,熬
508,12,烹饪方法,晒
508,13,烹饪方法,烧
508,14,烹饪方法,刺
508,15,烹饪方法,装瓶
508,16,烹饪方法,封口
508,17,食疗方,糖桃
508,18,食疗方,酒桃
509,1,食材,肉
509,2,食材,白糖
509,3,食材,牛肉
509,4,食材,牛前小腿骨
509,5,食材,盐
509,6,食材,葱头
509,7,食材,红萝卜
509,8,食材,地蛋
509,9,食材,茛面
509,10,食材,鸡
509,11,食材,大米
509,12,食材,胡椒
509,13,食材,鸡蛋
509,14,食材,干豆
509,15,烹饪方法,煮
509,16,烹饪方法,烘
509,17,烹饪方法,浸
509,18,烹饪方法,切
509,19,烹饪方法,割
509,20,烹饪方法,打碎
509,21,烹饪方法,洗净
509,22,烹饪方法,热吃
509,23,食疗方,鸡汤
509,24,食疗方,豆汤
510,1,食材,牛奶
510,2,食材,白面
510,3,食材,盐
510,4,食材,地蛋
510,5,食材,黄糖
510,6,食材,奶油
510,7,食材,鸡蛋
510,8,烹饪方法,烘
510,9,烹饪方法,揉
510,10,烹饪方法,调和
510,11,烹饪方法,打碎
510,12,烹饪方法,过罗
510,13,烹饪方法,发酵
510,14,食疗方,花酵馒头
510,15,食疗方,呖啦馒头
510,16,食疗方,地蛋馒头
510,17,食疗方,甜馒头
511,1,食材,杏
511,2,食材,糖
511,3,食材,桃
511,4,食材,樱桃
511,5,食材,李子
511,6,食材,奈子
511,7,食材,葡萄
511,8,食材,番柿
511,9,食材,牛肉
511,10,食材,猪肉
511,11,食材,火腿
511,12,食材,红糖
511,13,食材,盐
511,14,烹饪方法,煮
511,15,烹饪方法,装
511,16,烹饪方法,封
511,17,烹饪方法,压
511,18,烹饪方法,搅和
511,19,烹饪方法,腌
512,1,食材,鸡
512,2,食材,茄子
512,3,病症,腹胀
512,4,病症,中蛊
512,5,食材,鱼
512,6,食材,蛇
512,7,食材,虾蟆
512,8,烹饪方法,解
512,9,烹饪方法,吐出
512,10,医家,耿清惠
512,11,医家,杨文贞
512,12,古籍来源,《尸子君治》
514,1,食材,猪肉
514,2,食材,馒头
514,3,食材,葡匏
514,4,食材,一面一饭
514,5,食材,罗卜
514,6,食材,匏瓜
514,7,医家,韩公亿
514,8,医家,李公若谷
514,9,医家,赵太守
514,10,医家,杜祁公
514,11,古籍来源,唐高钱侍郎兄弟三人
515,1,食材,烧饼
515,2,食材,麦子
515,3,食材,豆子
515,4,食材,糙米饭
515,5,食材,梨
515,6,食材,栗
515,7,食材,枣
515,8,食材,柿
515,9,食材,干肉酱
515,10,医家,李德裕
515,11,医家,寇准
515,12,医家,司马邋公
515,13,医家,司马光
515,14,医家,文彦博
515,15,医家,范纯仁
516,1,食材,牛
516,2,食材,羊
516,3,食材,狗
516,4,食材,猪
516,5,食材,蚬蛤
516,6,食材,螃蟹
516,7,食材,蛤蜊
516,8,古籍来源,《礼记》
519,1,食材,酒
519,2,禁忌,不要喝酒
519,3,禁忌,不要叫客人喝到醉
519,4,禁忌,不要贪酒
519,5,禁忌,过分地喜好美酒
519,6,禁忌,以嘴不离酒杯为高尚的情趣
519,7,禁忌,长期逸乐过度
519,8,病症,因喝酒而引起的过失
519,9,病症,败坏道德的事例
519,10,养生原则,勤劳俭朴
519,11,古籍来源,《酒训》
521,1,食材,盐
521,2,食材,水晶盐
521,3,食材,盐根
521,4,食材,青盐
521,5,食材,黄盐
521,6,食材,红盐
521,7,食味,咸
521,8,烹饪方法,煮
521,9,烹饪方法,割
522,1,食材,芝麻
522,2,食材,米
522,3,食材,黄鼠
522,4,食材,松居鼠
522,5,烹饪方法,煮
522,6,烹饪方法,啮
522,7,医家,刘邕
522,8,医家,赵辉
524,1,食材,荞麦
524,2,古籍来源,《本草》
524,3,古籍来源,《道藏》
524,4,古籍来源,《药石尔雅》
524,5,医家,梅彪
524,6,食材,粟
524,7,食材,黍
524,8,食材,豆
524,9,食材,麦
524,10,医家,李时珍
525,1,食材,糯米粉
525,2,食材,麦面
525,3,食材,糖
525,4,食材,蜜
525,5,食材,米
525,6,食材,黍
525,7,食材,半粉
525,8,烹饪方法,搓揉
525,9,烹饪方法,煎
525,10,烹饪方法,熬煎
525,11,烹饪方法,捣
525,12,食疗方,寒具
525,13,食疗方,馓子
525,14,食疗方,蜜饵
525,15,古籍来源,《楚辞》
525,16,医家,朱子
525,17,医家,朱熹
526,1,食材,水母
526,2,食材,虾
526,3,食材,海蛰
526,4,古籍来源,《松江志》
526,5,古籍来源,《翰墨大全》
526,6,古籍来源,《本草》
527,1,食材,鸡肉
527,2,烹饪方法,炒
527,3,病症,脑痛
528,1,食材,粱米
528,2,食材,南天烛
528,3,食材,墨饭草
528,4,食疗方,青精饭
528,5,古籍来源,《仙经》
529,1,食材,粲
529,2,食材,粝
529,3,食材,稗
529,4,食材,檠
529,5,食材,侍御
529,6,食材,御米
529,7,食材,谷子
529,8,古籍来源,《左佟》
529,9,古籍来源,《九章箅法》
529,10,医家,郑玄
529,11,医家,皇象
530,1,食材,石首鱼
530,2,食材,龟脚
530,3,食材,鹿角莱
530,4,古籍来源,译文
531,1,古籍来源,《本草衍义补》
531,2,医家,朱震草
532,1,食材,姜
532,2,食材,葱
532,3,食材,韭子
532,4,食材,薤白
532,5,食材,独蒜
532,6,食材,小蒜
532,7,食材,生笺
532,8,食疗方,薤白粥
532,9,功效,温中
532,10,功效,化痪
532,11,功效,和中
532,12,功效,通气
532,13,功效,活血
532,14,功效,散謇
532,15,功效,樯精
532,16,功效,暧下
532,17,功效,通滞
532,18,功效,治冷痢
532,19,功效,辟瘟
532,20,功效,解诸毒
532,21,功效,固精
532,22,脏腑,肾
532,23,烹饪方法,调
532,24,烹饪方法,煮
533,1,食疗方,谷芽粥
533,2,烹饪方法,炒研
533,3,功效,消食
533,4,功效,除闷胀
533,5,禁忌,久食伐脾
533,6,食疗方,麦芽粥
533,7,禁忌,久食消肾
533,8,食材,谷芽
533,9,食疗方,豆芽粥
533,10,食材,黄豆
533,11,功效,荣粥补不足
533,12,食材,绿豆芽
533,13,功效,去火
533,14,功效,助生气
533,15,烹饪方法,切细取汤
533,16,食疗方,饧粥
533,17,功效,缓中
533,18,功效,温肺止嗽
533,19,功效,和胃
533,20,食材,饴糖
533,21,食疗方,豆豉粥
533,22,功效,发汗
533,23,功效,止恣汗
533,24,烹饪方法,炒
533,25,功效,止血
533,26,食材,葱
533,27,病症,表邪
533,28,脏腑,脾
533,29,脏腑,肾
534,1,古籍来源,《奉亲养老#》
534,2,病症,耳聋
534,3,食材,猪肾
534,4,烹饪方法,煮粥
534,5,古籍来源,《养老书》
534,6,食材,白石英
534,7,烹饪方法,浸
534,8,烹饪方法,作粥
534,9,功效,气力强健
534,10,功效,颜如童子
534,11,病症,周痹风湿
534,12,功效,通关芍
534,13,功效,明目
534,14,食疗方,滑石粥
534,15,古籍来源,《圣惠方》
534,16,病症,膈_匕烦热
534,17,食材,滑石
534,18,烹饪方法,煎水
534,19,食材,米
534,20,烹饪方法,同煮
534,21,功效,利小便
534,22,功效,荡胸中积聚
534,23,病症,黄胆
534,24,病症,石淋
534,25,病症,水肿
534,26,古籍来源,《炮炙论》
534,27,烹饪方法,研粉
534,28,食材,牡丹皮
534,29,烹饪方法,同煮
534,30,烹饪方法,水淘
534,31,烹饪方法,曝干
534,32,古籍来源,《子母秘录》
534,33,病症,水痢不止
534,34,食材,白石脂
534,35,烹饪方法,研粉
534,36,烹饪方法,和粥
535,1,古籍来源,《多能鄙事》
535,2,病症,目不能远视
535,3,食材,羊肝
535,4,食材,韭子
535,5,烹饪方法,炒
535,6,烹饪方法,研
535,7,烹饪方法,煎
535,8,烹饪方法,煮
535,9,食材,米
535,10,病症,肝风虚热
535,11,病症,目赤
535,12,病症,病后失明
535,13,功效,明目
535,14,食材,青羊肝
535,15,病症,胃弱
535,16,食材,骨
535,17,烹饪方法,槌碎
535,18,烹饪方法,煎
535,19,食材,青粱米
535,20,烹饪方法,煮
535,21,病症,寒中羸瘦
535,22,病症,痢
535,23,功效,补肾
535,24,病症,腰痛
535,25,脏腑,肾
535,26,古籍来源,《食医心镜》
535,27,病症,水气鼓胀
535,28,食材,犬肉
535,29,食材,米
535,30,烹饪方法,煮
535,31,功效,安五脏
535,32,功效,补艴伤
535,33,功效,益阴事
535,34,功效,厚肠胃
535,35,功效,填精髓
535,36,功效,暖腰膝
535,37,食材,黄狗肉
535,38,功效,补益虚劳
535,39,禁忌,不可去血
535,40,医家,刘基
535,41,医家,孙思邈
536,1,病症,热咳
536,2,病症,心热
536,3,病症,翻胃
536,4,病症,口渴
536,5,功效,补卫气
536,6,食疗方,鸟苓粥
536,7,功效,益人
536,8,食材,兔丝根
536,9,食材,白苓
536,10,食材,鸡肾子
536,11,功效,补肾
536,12,食材,天冬
536,13,食材,麦冬
536,14,食材,兔丝子
536,15,功效,补肾固精
536,16,功效,养肝明目
536,17,食材,鸡肾草
536,18,食材,腰子草
536,19,食材,双草
536,20,食材,肾经卓
536,21,食性,温
536,22,功效,补肾壮阳
537,1,食疗方,防风粥
537,2,病症,风邪头疼
537,3,食材,防风
537,4,病症,风寒咳嗽
537,5,病症,烦渴
537,6,食材,葛根
537,7,功效,安胃解热
537,8,食疗方,大麻仁粥
537,9,病症,秘
537,10,病症,通淋
537,11,食材,粳米
537,12,食材,椒
537,13,食材,盐
537,14,食材,豉
537,15,功效,开胃通襟
537,16,功效,发汗
537,17,功效,祛风
537,18,功效,止痛
537,19,功效,解痉
537,20,食材,紫菀
537,21,功效,祛痰
537,22,功效,止咳
537,23,功效,解热
537,24,功效,解渴
537,25,病症,便秘
537,26,医家,白乐天
537,27,古籍来源,云仙杂记
538,1,功效,除湿逐风止痢
538,2,古籍来源,《风土记》
538,3,食材,茱萸
538,4,功效,辟恶
538,5,古籍来源,《肘后方》
538,6,病症,老年久疟
538,7,食材,秫米
538,8,烹饪方法,煮
538,9,病症,水胀
538,10,病症,胸中痰结
538,11,功效,截疟
538,12,食性,暴悍
538,13,功效,发吐
538,14,食材,甘草末
538,15,烹饪方法,拌蒸
538,16,食材,米
538,17,烹饪方法,煮
538,18,古籍来源,《千金翼方》
538,19,烹饪方法,槌碎
538,20,烹饪方法,水浸
538,21,烹饪方法,澄清
538,22,烹饪方法,煮粥
538,23,功效,轻身延年
538,24,病症,肺痿
538,25,病症,湿痹
538,26,病症,胆黄
538,27,脏腑,大肠
538,28,古籍来源,《本草衍义》
538,29,功效,攻疾
538,30,禁忌,可暂用
538,31,禁忌,未闻久服之益
538,32,食疗方,紫石英粥
538,33,古籍来源,《备急方》
538,34,病症,虚劳惊悸
538,35,食材,紫石英
538,36,烹饪方法,打如豆
538,37,烹饪方法,煮
538,38,烹饪方法,取汁
539,1,食材,牛膝
539,2,食材,嫩苗叶
539,3,病症,血淋
539,4,病症,老人热淋
539,5,食材,车前子
539,6,烹饪方法,煮汁
539,7,食材,青秣米
539,8,烹饪方法,作粥
539,9,食材,决明子
539,10,烹饪方法,为末
539,11,病症,久失明
539,12,烹饪方法,瀹过
539,13,烹饪方法,作粥
539,14,功效,明目
539,15,病症,喘嗽
539,16,病症,息有声
539,17,病症,唾粘
539,18,食材,叶
539,19,烹饪方法,浸
539,20,烹饪方法,捣汁
539,21,食材,杏仁泥
539,22,食材,车前
539,23,食材,车前草
539,24,食材,车前子
539,25,功效,利尿
539,26,功效,渗利水湿
539,27,功效,清泄湿热
539,28,食材,决明子
539,29,功效,清热明目
539,30,功效,利尿
539,31,食材,蓝
539,32,食材,蓝实
539,33,食材,蓝子
539,34,食性,寒
539,35,食味,甘
539,36,功效,清热解毒
540,1,食疗方,桂花粥
540,2,功效,悦神
540,3,食疗方,木樨糖点粥
540,4,功效,开胃畅膈
540,5,食疗方,桂浆粥
540,6,食材,官桂
540,7,烹饪方法,熬
540,8,食材,水
540,9,烹饪方法,煮
540,10,食材,粥
540,11,功效,祛寒
540,12,食材,蜜
540,13,功效,和中
540,14,食疗方,桂子粥
540,15,功效,暖脏
540,16,食疗方,椿芽粥
540,17,功效,畅气
540,18,功效,去头风
540,19,禁忌,食之多睡
540,20,食材,榆钱
540,21,食材,面
540,22,古籍来源,《唐书》
540,23,古籍来源,《本草纲目.木部二》
540,24,食材,榆皮
540,25,烹饪方法,捣
541,1,食材,粥
541,2,食材,白粲
541,3,古籍来源,《月令》
541,4,古籍来源,《檀弓》
541,5,古籍来源,《左传》
542,1,食材,淡竹叶
542,2,功效,除烦热
542,3,功效,利小便
542,4,功效,清心
542,5,古籍来源,《纲目》
542,6,烹饪方法,煎汤
542,7,烹饪方法,煮饭
542,8,功效,辟暑
542,9,烹饪方法,煮粥
542,10,食疗方,贝母粥
542,11,古籍来源,资生录
542,12,功效,化痰止嗽
542,13,功效,止血
542,14,烹饪方法,研
542,15,病症,喉痹
542,16,病症,目眩
542,17,功效,开郁
542,18,食材,贝母
542,19,古籍来源,《尔雅》
542,20,食疗方,竹叶粥
542,21,古籍来源,《奉亲养老书》
542,22,病症,内热
542,23,病症,月赤
542,24,病症,头痛
542,25,食材,石膏
542,26,烹饪方法,同煮
542,27,食材,沙糖
542,28,医家,仲景
542,29,古籍来源,竹叶石膏汤
542,30,病症,时邪发热
542,31,功效,解渴
542,32,功效,解郁
543,1,食材,淡莱
543,2,古籍来源,《行厨纪要》
543,3,功效,止泄泻
543,4,功效,补肾
543,5,病症,劳伤
543,6,病症,精血衰少
543,7,病症,吐血
543,8,病症,腰痈
543,9,病症,瘿
543,10,古籍来源,《刊石药验》
543,11,食材,萝卜
543,12,食材,冬瓜
543,13,食材,米
543,14,食疗方,鸡汁粥
543,15,古籍来源,《食医心镜》
543,16,病症,狂疾
543,17,食材,雄鸡
543,18,古籍来源,《奉亲养老书》
543,19,病症,脚气
543,20,食材,乌骨雄鸡
543,21,功效,补虚养血
543,22,禁忌,风病忌食
543,23,医家,陶弘景
543,24,古籍来源,《真诰》
543,25,食材,白雄鸡
543,26,功效,辟邪
543,27,食材,野鸡
543,28,食疗方,鸭汁粥
543,29,病症,水病垂死
543,30,食材,青头鸭
543,31,烹饪方法,煮
543,32,功效,补旋除热
543,33,功效,利水道
543,34,功效,止热痢
543,35,古籍来源,《禽经》
543,36,古籍来源,《别录》
543,37,古籍来源,《名医别录》
543,38,病症,瘘
543,39,古籍来源,《行盱纪要》
543,40,医家,冯耘庐
543,41,养生原则,最益老人
544,1,食性,平
544,2,食性,热
544,3,病症,渴
544,4,古籍来源,《梵书》
544,5,食材,腐浆
544,6,食材,豆
544,7,功效,润肺
544,8,功效,消胀满
544,9,功效,下大肠浊气
544,10,功效,利小便
544,11,禁忌,暑月入人汗有毒
544,12,食材,甜浆粥
544,13,功效,解煤毒
544,14,食材,龙眼肉
544,15,功效,开胃悦智
544,16,功效,养心益智
544,17,功效,通神明
544,18,古籍来源,《本草衍义》
544,19,功效,治邪气
544,20,功效,久服强魂
544,21,功效,轻身不老
544,22,食材,大枣
544,23,功效,皮利肉
545,1,食材,松实
545,2,食材,菊苗
545,3,食材,菊花
545,4,食味,甘
545,5,食味,苦
545,6,功效,清头目
545,7,功效,除胸中烦热
545,8,功效,去风眩
545,9,功效,安肠胃
545,10,功效,养肝血
545,11,功效,悦颜色
545,12,功效,清风眩
545,13,功效,除热
545,14,功效,解渴
545,15,功效,明目
545,16,功效,治诸疮毒
545,17,古籍来源,《列仙传》
545,18,古籍来源,《夭宝单方》
545,19,古籍来源,《花谱》
545,20,古籍来源,《采珍集》
545,21,医家,刘向
545,22,医家,陈枚
545,23,烹饪方法,煮粥
545,24,烹饪方法,晒干
545,25,烹饪方法,磨粉
545,26,烹饪方法,点茶
545,27,食疗方,梅花粥
546,1,古籍来源,《韩诗外传》
546,2,古籍来源,《左传.昭公七年》
546,3,古籍来源,《粥谱》
546,4,食材,粥
546,5,食材,陈粟
546,6,食材,陈仓米
546,7,烹饪方法,煮
546,8,养生原则,养老
546,9,医家,韩婴
547,1,食材,粳米
547,2,食材,晚稻
547,3,食材,早稻
547,4,食材,陈藻米
547,5,食材,秋谷
547,6,食材,炒舟米
547,7,食材,焦锅笆
547,8,古籍来源,《本草纲目》
547,9,食材,籼米
547,10,食材,粟米
547,11,食材,粱米
547,12,功效,利小便
547,13,功效,止烦渴
547,14,功效,养脾胃
547,15,食材,糯米
547,16,食材,秫米
547,17,食材,黍米
547,18,功效,益气
547,19,病症,庞寒泄痢吐逆
547,20,食材,陈麇米
547,21,食材,陈仓米
548,1,古籍来源,《食疗》
548,2,古籍来源,《食治》
548,3,古籍来源,《食医》
548,4,古籍来源,《服食经》
548,5,古籍来源,《饮膳正要》
548,6,食疗方,人参粥
548,7,功效,补元气
548,8,食材,珍珠
548,9,养生原则,颐养
549,1,古籍来源,《粥谱》
549,2,食材,米
549,3,食材,水
549,4,烹饪方法,煮
549,5,功效,益人
549,6,功效,调养
549,7,功效,治疾
549,8,养生原则,气味轻清香美适口者为上品
549,9,养生原则,少逊者为中品
549,10,养生原则,重浊者为下品
550,1,食材,玫瑰片
550,2,食材,梅酱
550,3,食材,梅干
550,4,食材,桂花
550,5,食材,鸟梅肉
550,6,食材,洋糖
550,7,食材,生姜
550,8,食材,甘草
550,9,食材,乌梅
550,10,食材,沙糖
550,11,食材,红梅
550,12,食材,白矾
550,13,烹饪方法,切碎
550,14,烹饪方法,焯
550,15,烹饪方法,捣烂
550,16,烹饪方法,煎
550,17,烹饪方法,捶碎
550,18,烹饪方法,煮
550,19,烹饪方法,拌
550,20,烹饪方法,泡
550,21,食疗方,鸟梅饼
550,22,食疗方,鸟梅膏
550,23,食疗方,鸟梅酱
551,1,食材,猪头
551,2,食材,酒
551,3,食材,酱油
551,4,食材,盐
551,5,食材,葱姜
551,6,食材,桂皮
551,7,食材,瓦片
551,8,食材,竹架
551,9,食材,松鲞
551,10,食材,粟丁
551,11,食材,香子仁
551,12,食材,香蕈丝
551,13,食材,木耳丝
551,14,食材,笋丁
551,15,烹饪方法,蒸
551,16,烹饪方法,烧
551,17,烹饪方法,煨
551,18,烹饪方法,煮
551,19,烹饪方法,切
552,1,食材,醋
552,2,食材,猪肚
552,3,食材,盐
552,4,食材,酒
552,5,食材,矾
552,6,食材,糯米
552,7,食材,火腿
552,8,食材,百合
552,9,食材,建莲
552,10,食材,芡仁
552,11,食材,葱
552,12,食材,蜜
552,13,食材,蛋清
552,14,食材,香蕈粉
552,15,食材,肉汁
552,16,烹饪方法,煮
552,17,烹饪方法,煨
552,18,烹饪方法,炒
552,19,烹饪方法,炮炒
552,20,烹饪方法,粘
552,21,烹饪方法,压
552,22,烹饪方法,灌
552,23,烹饪方法,切
552,24,烹饪方法,切丁
552,25,烹饪方法,切块
552,26,烹饪方法,切段
552,27,烹饪方法,缝
553,1,食材,大茴
553,2,食材,花椒
553,3,食材,大葱头
553,4,食材,醋
553,5,食材,牛肉
553,6,食材,盐
553,7,食材,稻草
553,8,食材,甜酱
553,9,食材,酒
553,10,食材,莱油
553,11,食材,牛舌
553,12,烹饪方法,晒
553,13,烹饪方法,压
553,14,烹饪方法,煮
553,15,烹饪方法,煨
553,16,烹饪方法,腌
553,17,烹饪方法,风干
553,18,烹饪方法,切
553,19,烹饪方法,拆
553,20,食疗方,牛肉脯
554,1,食材,曲末
554,2,食材,米
554,3,食材,白面
554,4,食材,糯米粉
554,5,食材,糯米
554,6,食材,黄米
554,7,食材,绿豆
554,8,食材,莲花
554,9,烹饪方法,炊
554,10,烹饪方法,煎
554,11,烹饪方法,投
554,12,烹饪方法,踏
554,13,烹饪方法,晒
554,14,烹饪方法,露
554,15,烹饪方法,磨
554,16,烹饪方法,簸
554,17,烹饪方法,浸
554,18,烹饪方法,和
554,19,烹饪方法,跨
554,20,功效,去风劳令气
554,21,功效,身中积滞宿疾
554,22,功效,令人肥健
554,23,功效,行如奔马
554,24,禁忌,不可多放
554,25,食疗方,白曲
554,26,食疗方,内府秘传曲
554,27,食疗方,莲花曲
555,1,食材,蛋
555,2,食材,丁香
555,3,食材,桂皮
555,4,食材,酱油
555,5,食材,老酒
555,6,食材,火腿
555,7,食材,鲜肉
555,8,食材,鸡
555,9,食材,鸭
555,10,食材,牛乳
555,11,食材,胡桃仁
555,12,食材,冰糖
555,13,食材,姜汁
555,14,烹饪方法,煮
555,15,烹饪方法,煨
555,16,烹饪方法,蒸
555,17,烹饪方法,研
555,18,功效,补益
555,19,病症,气燥
555,20,病症,有痰
556,1,食材,盐
556,2,食材,水
556,3,食材,榛仁
556,4,烹饪方法,炒
556,5,食材,脂油
556,6,烹饪方法,炸
556,7,食材,洋糖
556,8,食材,松仁
556,9,烹饪方法,摊
556,10,烹饪方法,焙
556,11,食材,松子
556,12,食材,防风
556,13,食材,酥油
556,14,食材,白面
556,15,烹饪方法,化开
556,16,烹饪方法,搅匀
556,17,烹饪方法,揉擦
556,18,烹饪方法,擀平
556,19,烹饪方法,印
556,20,食材,松仁
556,21,烹饪方法,炙
556,22,食性,微温
556,23,食味,辛
556,24,食味,甘
556,25,功效,发表
556,26,功效,祛风
556,27,功效,胜湿
557,1,食材,鹌鹑
557,2,食材,竹鸡
557,3,食材,鸽子
557,4,食材,黄雀
557,5,食材,野鸡
557,6,食材,麻雀
557,7,食材,山禽
557,8,食材,鱼
557,9,食材,椒盐
557,10,食材,酒
557,11,食材,葱
557,12,食材,茶油
557,13,食材,芝麻油
557,14,食材,脂油
557,15,食材,熟饭
557,16,食材,姜丝
557,17,食材,甜酱瓜
557,18,食材,甜酒
557,19,食材,莱油
557,20,烹饪方法,洗净
557,21,烹饪方法,煮
557,22,烹饪方法,晒干
557,23,烹饪方法,炒
557,24,烹饪方法,炙
557,25,烹饪方法,滚
557,26,烹饪方法,捞
557,27,烹饪方法,配
557,28,烹饪方法,和匀
559,1,食材,松菌
559,2,食材,熟肚
559,3,食材,鱼翅
559,4,食材,生肚
559,5,食材,豆粉
559,6,食材,鸡汤
559,7,食材,肚
559,8,食材,肺
559,9,食材,火腿
559,10,食材,小红萝卜
559,11,食材,笋片
559,12,食材,香蕈
559,13,食材,木耳
559,14,食材,鸡片
559,15,烹饪方法,切丝
559,16,烹饪方法,拌
559,17,烹饪方法,煮
559,18,烹饪方法,炒
559,19,烹饪方法,煨
559,20,烹饪方法,切小方块
560,1,食材,鲟鱼
560,2,食材,冬笋
560,3,食材,酒娘
560,4,食材,洋糖
560,5,食材,鲱
560,6,食材,盐
560,7,食材,椒
560,8,食材,麻油
560,9,食材,鹅卵石
560,10,食材,鳇鱼
560,11,食材,火腿
560,12,食材,鸡油
560,13,食材,香蕈
560,14,食材,青笄
560,15,食材,黄酒
560,16,食材,酱油
560,17,食材,茴香
560,18,食材,姜
560,19,烹饪方法,切骰子块
560,20,烹饪方法,煮熟
560,21,烹饪方法,煮
560,22,烹饪方法,盐腌
560,23,烹饪方法,拌
560,24,烹饪方法,压
560,25,烹饪方法,煨
560,26,烹饪方法,切方块
560,27,烹饪方法,下锅
560,28,烹饪方法,煮透
560,29,烹饪方法,切大方块
560,30,烹饪方法,滚
560,31,烹饪方法,起锅
560,32,烹饪方法,装
561,1,食材,肥鸡
561,2,食材,虾油
561,3,食材,糟酒
561,4,食材,酱油
561,5,食材,脯
561,6,食材,腐皮
561,7,食材,海参
561,8,食材,青莱心
561,9,烹饪方法,片取
561,10,烹饪方法,煮熟
561,11,烹饪方法,沥干
561,12,烹饪方法,蘸
561,13,烹饪方法,晒干
561,14,烹饪方法,煮
561,15,烹饪方法,切块
561,16,烹饪方法,划开
561,17,烹饪方法,油炸
561,18,烹饪方法,煨
561,19,烹饪方法,裹
561,20,烹饪方法,切段
561,21,食材,葱
561,22,食材,姜汁
561,23,古籍来源,《礼记》
562,1,食材,石耳
562,2,食材,鸭
562,3,食材,鱼肚
562,4,食材,黄酒
562,5,食材,糟鸭
562,6,食材,火腿
562,7,食材,鸭舌
562,8,食材,鸡
562,9,食材,鸭肫肝
562,10,食材,瓤肉
562,11,食材,苡仁
562,12,食材,莲肉
562,13,食材,杂果
562,14,食材,山药
562,15,食材,百合
562,16,食材,糟鱼
562,17,食材,洋糖
562,18,食材,火酒
562,19,食材,鱼酱
562,20,食材,芷果叶
562,21,食材,鲫鱼
562,22,食材,鲞鱼
562,23,食材,鲢鱼
562,24,食材,酱油
562,25,烹饪方法,煨
562,26,烹饪方法,煮
562,27,烹饪方法,浸
562,28,烹饪方法,切
562,29,烹饪方法,烧
562,30,烹饪方法,油炸
562,31,烹饪方法,红烧
562,32,烹饪方法,焖
562,33,烹饪方法,炒
562,34,烹饪方法,烘
562,35,烹饪方法,晒干
562,36,烹饪方法,煮干
562,37,食疗方,八宝鸭
562,38,古籍来源,抄本
563,1,食材,猪头
563,2,食材,甜酒
563,3,食材,葱
563,4,食材,八角
563,5,食材,酱油
563,6,食材,糖
563,7,食材,开水
563,8,食材,大蒜
563,9,食材,鲜柑花
563,10,食材,芥末
563,11,食材,花椒
563,12,食材,醋
563,13,烹饪方法,煨
563,14,烹饪方法,煮
563,15,烹饪方法,烧
563,16,烹饪方法,蒸
563,17,烹饪方法,泡洗
563,18,烹饪方法,擦
563,19,烹饪方法,捣
563,20,烹饪方法,拌
563,21,食疗方,蒸猪头
564,1,食材,鳊鱼
564,2,食材,脂油
564,3,食材,姜汁
564,4,食材,葱条
564,5,食材,酱油
564,6,食材,酒
564,7,食材,姜
564,8,食材,醋
564,9,食材,盐
564,10,烹饪方法,炖
564,11,烹饪方法,剖洗
564,12,烹饪方法,切丁
564,13,烹饪方法,铺面
564,14,烹饪方法,重汤炖
564,15,烹饪方法,蒸
564,16,烹饪方法,拆碎
564,17,烹饪方法,拌
564,18,烹饪方法,腌
564,19,烹饪方法,油煎
564,20,烹饪方法,烹
564,21,烹饪方法,煨
564,22,烹饪方法,摊饼
564,23,烹饪方法,裹
564,24,烹饪方法,烧
564,25,烹饪方法,去面
564,26,烹饪方法,釜烹
564,27,烹饪方法,取置
564,28,烹饪方法,添入
564,29,食疗方,面煨鳊鱼
566,1,食材,梅仁
566,2,食材,酸浆
566,3,食材,杏仁
566,4,食材,梅卤
566,5,食材,乌梅肉
566,6,食材,干葛
566,7,食材,檀香
566,8,食材,紫苏叶
566,9,食材,盐
566,10,食材,洋糖
566,11,食材,蜜
566,12,食材,薄荷
566,13,食材,青梅
566,14,食材,矾
566,15,烹饪方法,捣
566,16,烹饪方法,研
566,17,烹饪方法,焯
568,1,食材,蛋
568,2,食材,豆腐
568,3,食材,瓜丁
568,4,食材,姜
568,5,食材,麻油
568,6,食材,酱油
568,7,食材,醋
568,8,食材,蛋黄
568,9,食材,木瓜酒
568,10,食材,米粉
568,11,食材,胡桃仁
568,12,食材,洋糖
568,13,食材,脂油
568,14,食材,鸭蛋
568,15,食材,栗柴灰
568,16,食材,石灰
568,17,食材,豆楷灰
568,18,食材,芝麻楷灰
568,19,食材,盐
568,20,烹饪方法,拌
568,21,烹饪方法,捣碎
568,22,烹饪方法,腌
568,23,烹饪方法,捺碎
568,24,烹饪方法,煮
568,25,烹饪方法,炒
568,26,烹饪方法,揉
568,27,烹饪方法,包
568,28,烹饪方法,洗挣
568,29,食味,咸
569,1,食材,莱
569,2,食材,河豚
569,3,食材,蛑
569,4,食材,鲚鱼
569,5,食材,酱油
569,6,食材,盐
569,7,食材,石灰泥渣
569,8,食材,芝麻
569,9,食味,苦
569,10,食味,鲜
569,11,烹饪方法,化
569,12,烹饪方法,煮
569,13,烹饪方法,下锅
569,14,烹饪方法,澄
569,15,烹饪方法,泡
569,16,烹饪方法,炙
569,17,烹饪方法,取肉
569,18,古籍来源,《本草纲目》
570,1,食材,椒
570,2,食材,花椒
570,3,烹饪方法,研
570,4,烹饪方法,焙
570,5,烹饪方法,筛
570,6,烹饪方法,装袋同煮
570,7,食材,椒盐
570,8,烹饪方法,炒研
570,9,食材,胡椒
570,10,食材,盐
570,11,食材,葱叶
571,1,食材,香稻米
571,2,食材,红枣
571,3,食材,井水
571,4,食材,河水
571,5,食材,绿豆
571,6,食材,黍米
571,7,食材,鸭
571,8,烹饪方法,煨
571,9,烹饪方法,煮
571,10,烹饪方法,搅转
571,11,食疗方,香稻粥
571,12,食疗方,井水粥
571,13,养生原则,五更时用
571,14,养生原则,最益人
571,15,禁忌,"宁入等粥,毋粥等人"
572,1,食材,鱼
572,2,食材,河水
572,3,食材,陈酒
572,4,食材,酱油
572,5,食材,瓜
572,6,食材,姜
572,7,食材,蕈
572,8,食材,笋
572,9,食材,木香
572,10,食材,薄荷
572,11,食材,香油
572,12,食材,胡椒
572,13,食材,紫苏
572,14,食材,葱
572,15,食材,香橼皮
572,16,食材,桔皮
572,17,食材,菊花
572,18,食材,河鱼
572,19,食材,江梅鱼
572,20,食材,鲤鱼
572,21,烹饪方法,煮
572,22,烹饪方法,蒸
572,23,烹饪方法,剖
572,24,烹饪方法,洗
572,25,烹饪方法,烧
572,26,烹饪方法,捶
572,27,烹饪方法,洗擦
572,28,禁忌,大忌
572,29,古籍来源,诗经.陈风.衡门
573,1,食材,白糯米
573,2,食材,糯米
573,3,食材,麦
573,4,烹饪方法,煎
573,5,烹饪方法,炊
573,6,烹饪方法,蒸
573,7,烹饪方法,压
573,8,食疗方,桃源酒
573,9,古籍来源,五陵
574,1,食材,猪肉
574,2,食材,豚
574,3,古籍来源,《论语.乡党篇》
575,1,食材,盐花
575,2,食材,洋糟
575,3,食材,香霹
575,4,烹饪方法,澄清
575,5,烹饪方法,覆
575,6,烹饪方法,露
575,7,烹饪方法,煮滚
575,8,烹饪方法,煅炼
575,9,烹饪方法,贮
575,10,病症,噎症
575,11,养生原则,凡有湖水池浸处皆可取贮
575,12,养生原则,去积久
575,13,养生原则,雪为珏谷之精
576,1,食材,蒌蒿
576,2,食材,莴苣
576,3,烹饪方法,腌
576,4,烹饪方法,晒干
576,5,烹饪方法,切
577,1,食材,驴腰
577,2,食材,猪腰
577,3,食材,猪脑
577,4,食材,生豆腐
577,5,食材,松仁
577,6,食材,火腿丁
577,7,烹饪方法,烩
577,8,食材,栗肉
577,9,烹饪方法,烧
577,10,食材,羊
577,11,食材,羊腹
577,12,食材,烧红石子
577,13,食材,画眉头
577,14,食材,黑头
577,15,食材,饽饽
577,16,食材,蒲扇尾
577,17,食材,羯羊
577,18,食材,臊羯羊
577,19,食材,柳叶尾
577,20,食材,种羊
577,21,食材,母羊
577,22,食材,水羊
577,23,食材,豆楷
577,24,食材,芝麻油
577,25,食材,羊头
577,26,食材,假画眉头
577,27,食材,五倍子
577,28,食材,皂矾
577,29,食材,桐油
577,30,食材,去皮荸荠
577,31,食材,羊肉
577,32,食材,红萝卜
577,33,食材,荸荠
577,34,食材,白萝卜
577,35,烹饪方法,捣烂
577,36,烹饪方法,烧红
577,37,烹饪方法,填满
577,38,烹饪方法,染色
577,39,烹饪方法,染之
577,40,烹饪方法,去皮
577,41,烹饪方法,削
577,42,烹饪方法,煨
577,43,禁忌,擅臭不可食
579,1,食材,白晚米
579,2,食材,糯米
579,3,食材,大米
579,4,食材,小米
579,5,食材,米
579,6,食材,冬舂
579,7,食材,砻糠
579,8,食材,草灰
579,9,食材,楝树叶
579,10,食材,租稻米
579,11,食材,白米
579,12,食材,千草
579,13,食材,仓底板
579,14,食材,芦席
579,15,食材,松毛
579,16,食材,蟹壳
579,17,食材,银条米
579,18,食材,湖田白
579,19,烹饪方法,煮
579,20,烹饪方法,晒
579,21,烹饪方法,铺
579,22,烹饪方法,贮
579,23,烹饪方法,盖
579,24,烹饪方法,踏
579,25,烹饪方法,架
579,26,烹饪方法,垫
579,27,病症,体虚
579,28,功效,补益
579,29,养生原则,五更食
579,30,养生原则,居家用之最为合宜
580,1,食材,青梅
580,2,食材,石灰水
580,3,食材,盐
580,4,食材,冰糠水
580,5,食材,洋糖
580,6,食材,姜
580,7,食材,杏子
580,8,食材,蒜
580,9,食材,紫苏
580,10,食味,酸涩
580,11,烹饪方法,腌
580,12,烹饪方法,泡
580,13,烹饪方法,洗净
580,14,烹饪方法,晾
580,15,烹饪方法,风干
580,16,烹饪方法,煎
580,17,烹饪方法,晒
580,18,烹饪方法,压
580,19,禁忌,"不可太干,以致绉缩"
580,20,禁忌,发徽0
581,1,食材,鸡
581,2,食材,鱼
581,3,食材,虾
581,4,食材,笄片
581,5,食材,芝麻
581,6,食材,花椒
581,7,食材,香蕈
581,8,食材,干面
581,9,食材,鲜汁
581,10,食材,酱
581,11,食材,醋
581,12,食材,真粉
581,13,食材,蕃茄粉
581,14,食材,鸡蛋清
581,15,食材,盐
581,16,食材,蜜
581,17,食材,鸡脯
581,18,食材,虾子
581,19,食材,鳗鲡粉
581,20,烹饪方法,晒干
581,21,烹饪方法,磨
581,22,烹饪方法,和
581,23,烹饪方法,切
581,24,烹饪方法,擀
581,25,烹饪方法,煮
581,26,烹饪方法,拌
581,27,烹饪方法,去皮
581,28,烹饪方法,磨粉
581,29,烹饪方法,收贮
581,30,烹饪方法,做汤
581,31,烹饪方法,下
581,32,禁忌,忌油
582,1,食材,荔枝
582,2,食材,壳
582,3,食材,苦瓜
582,4,食材,蜜
582,5,食材,盐
582,6,食材,肉
582,7,食材,烧酒
582,8,食材,梅卤
582,9,食材,柴苏
582,10,食材,榧子
582,11,食材,蔗
582,12,食材,洋糖
582,13,食材,蕨
582,14,食性,热
582,15,病症,醉
582,16,病症,龈肿
582,17,病症,痛
582,18,病症,衄
582,19,烹饪方法,浸
582,20,烹饪方法,饮
582,21,烹饪方法,蒸
582,22,烹饪方法,取
582,23,烹饪方法,去壳
582,24,烹饪方法,切
582,25,烹饪方法,拌
582,26,烹饪方法,腌
582,27,烹饪方法,烘干
582,28,禁忌,食多而醉
582,29,禁忌,鲜者食多
582,30,古籍来源,时珍《本草纲艮》
582,31,古籍来源,赞宁《犍类榀感志》
583,1,食材,山泉
583,2,食材,雨泉
583,3,食材,天泉
583,4,食材,暴雨水
583,5,食材,霹水
583,6,食材,长流湖水
583,7,食材,霉水
583,8,食材,井水
583,9,食味,甘
583,10,食味,淡
583,11,食性,碱
583,12,功效,无毒
583,13,功效,精洁
583,14,病症,伤人
583,15,烹饪方法,烹茶
583,16,烹饪方法,煎茶
583,17,烹饪方法,研墨
583,18,烹饪方法,着色
583,19,烹饪方法,炖胶
583,20,烹饪方法,制画绢
583,21,烹饪方法,洗旧画
583,22,烹饪方法,沉漂泥金
583,23,禁忌,着衣上即黩烂
583,24,养生原则,以泉远流长者为佳
583,25,养生原则,贵久宿澄清
583,26,养生原则,"用炭火淬两三次,即无毒"
583,27,养生原则,"用蓝布于天井中四角悬起,中垂一石,任其滴入大缸,另装小坛"
583,28,养生原则,"用磁罐最净者,布空处盛之"
583,29,养生原则,贮处热高
583,30,养生原则,"用炭火淬三四次,不生孑孓虫"
583,31,养生原则,"善于品泉者,入口即能辨其年分,历历不爽"
584,1,食材,黄芽莱
584,2,食材,花椒
584,3,烹饪方法,炒
584,4,食材,鸡
584,5,食材,醋
584,6,烹饪方法,醋搂之
584,7,古籍来源,《闲情偶寄》
585,1,食材,黄牛乳
585,2,食性,平
585,3,功效,补血脉
585,4,功效,益心气
585,5,功效,长肌肉
585,6,食材,乳饼
585,7,食材,乳酥
585,8,食材,冰糖
585,9,禁忌,不啜茶
585,10,禁忌,不食他物
585,11,禁忌,即不作泻
585,12,食材,黄牛骨髓
585,13,烹饪方法,熬油
585,14,烹饪方法,拌炒
585,15,食材,熟面
585,16,食材,百果
585,17,食材,乳皮
585,18,烹饪方法,烫
585,19,烹饪方法,扇
586,1,食材,盐
586,2,食材,梅
586,3,食材,酒醴
586,4,食材,曲蘖
586,5,古籍来源,《孟子.万章下篇》
586,6,古籍来源,《尚书.说命下》
586,7,古籍来源,《道德经》
586,8,医家,伊尹
586,9,医家,傅说
586,10,医家,老子
586,11,烹饪方法,割烹
587,1,食材,鲫鱼
587,2,食性,土
587,3,功效,补胃
587,4,食味,鲜
587,5,烹饪方法,蒸
587,6,烹饪方法,煎
587,7,烹饪方法,作羹
587,8,烹饪方法,煨
587,9,病症,小儿食
588,1,食材,绍酒
588,2,病症,发渴
588,3,病症,停中满闷
589,1,食材,虾仁
589,2,食材,鱼
589,3,食材,鸡
589,4,食材,鱼翅
589,5,食材,大鲫鱼
589,6,食材,鸡皮
589,7,食材,火腿
589,8,食材,蘑菇
589,9,食材,红肉
589,10,食材,白肉
589,11,食材,鸡丝
589,12,食材,麻酱
589,13,食材,香油
589,14,食材,胡椒面
589,15,食材,鳝鱼丝
589,16,食材,韭菜头
589,17,烹饪方法,蒸
589,18,烹饪方法,红烧
589,19,烹饪方法,收干
589,20,烹饪方法,去骨
589,21,烹饪方法,拌
589,22,烹饪方法,下锅
589,23,烹饪方法,勾芡
589,24,烹饪方法,烩
589,25,烹饪方法,切丝
589,26,烹饪方法,走油
589,27,烹饪方法,挂卤
589,28,古籍来源,《通览》
589,29,古籍来源,《摘录》
589,30,食疗方,荷花鱼翅
589,31,食疗方,麻辣鱼翅
589,32,食疗方,鳍丝鱼翅
589,33,食疗方,麻腐鱼翅
591,1,食材,花肉
591,2,食材,糯米
591,3,烹饪方法,酿
591,4,烹饪方法,蒸
591,5,食材,哈耳巴0肉
591,6,食材,大肪肉
591,7,烹饪方法,出水
591,8,烹饪方法,白炖
591,9,烹饪方法,切
591,10,烹饪方法,蒸
591,11,食材,娆金钱肉
591,12,食材,肥肉
591,13,食材,火腿
591,14,烹饪方法,煮
591,15,烹饪方法,切片
591,16,烹饪方法,烧
591,17,食材,椒盐
591,18,食材,一品烷猪
591,19,食材,猪儿
591,20,烹饪方法,出水
591,21,烹饪方法,晾干
591,22,食材,红酱油
591,23,烹饪方法,抹面
591,24,烹饪方法,上叉
591,25,食材,香油
591,26,烹饪方法,抹扫
591,27,烹饪方法,切
591,28,食材,生烧大方
591,29,食材,花椒
591,30,食材,盐
591,31,烹饪方法,生码
591,32,烹饪方法,生烧
591,33,烹饪方法,刮皮
591,34,烹饪方法,治诤
591,35,烹饪方法,匕火
591,36,烹饪方法,匕叉子
591,37,食材,香油
591,38,烹饪方法,切
591,39,食材,烷喇嘛肉
591,40,食材,方肉
591,41,烹饪方法,去皮
591,42,食材,蛋黄
591,43,食材,豆粉
591,44,食材,灰面
591,45,食材,欠(芡)
591,46,烹饪方法,调匀
591,47,烹饪方法,火烧
591,48,烹饪方法,上色
591,49,烹饪方法,切
591,50,食材,生烧南腿
591,51,食材,花椒
591,52,食材,盐
591,53,烹饪方法,生码
591,54,食材,荷叶
591,55,烹饪方法,包果(裹)
591,56,烹饪方法,上叉子
591,57,古籍来源,《通览》
591,58,古籍来源,《摘录》
591,59,食材,离丽肉
591,60,烹饪方法,煮熟
591,61,食材,长条
591,62,食材,灰面
591,63,食材,蛋黄
591,64,烹饪方法,下红锅
591,65,烹饪方法,走油
591,66,食材,肉
591,67,烹饪方法,去皮
591,68,烹饪方法,打片
591,69,食材,鸡蛋
591,70,食材,灰面
591,71,烹饪方法,走油
591,72,食材,白糟
591,73,食材,羊略
591,74,食材,羊遐籀
591,75,食材,毛
591,76,烹饪方法,烙
591,77,烹饪方法,水氽
592,1,食材,鲢鱼
592,2,食材,肉
592,3,食材,大蒜
592,4,食材,贲鲎鱼
592,5,食材,鸡蛋
592,6,食材,豆粉
592,7,食材,鲫鱼
592,8,食材,肥肉
592,9,食材,蟹
592,10,食材,虾料
592,11,食材,鸽蛋
592,12,食材,荔枝
592,13,食材,火腿
592,14,食材,松仁
592,15,食材,豆腐
592,16,食材,盐蛋
592,17,烹饪方法,红烧
592,18,烹饪方法,走油
592,19,烹饪方法,酿
592,20,烹饪方法,烹炒
592,21,烹饪方法,蒸
592,22,烹饪方法,爆
592,23,烹饪方法,炒
592,24,烹饪方法,烩
592,25,古籍来源,通览
592,26,古籍来源,摘录
593,1,食材,豆尖
593,2,食材,肉丝
593,3,烹饪方法,鲜炒
593,4,食材,假晾干肉
593,5,食材,老面舢
593,6,食材,琵琶郫子
593,7,烹饪方法,炸
593,8,食材,冬瓜块
593,9,烹饪方法,红烧
593,10,食材,肉元
593,11,食材,麻酱赓衣
593,12,烹饪方法,拌
593,13,食材,菱角
593,14,食材,鸡
593,15,烹饪方法,黄焖
593,16,食材,育椒
593,17,食材,豇豆
593,18,烹饪方法,走油
593,19,食材,白煮肉丝
593,20,烹饪方法,拌
593,21,食材,茄子
593,22,烹饪方法,锅烧
593,23,食材,鲢鱼
593,24,烹饪方法,烧焖
593,25,食材,玫瑰荷花
593,26,烹饪方法,炸
593,27,食材,麻花肉
593,28,食材,肉
593,29,食材,冬瓜
593,30,烹饪方法,粉渗
593,31,食材,冬瓜燕
593,32,食材,冬瓜
593,33,烹饪方法,切丝
593,34,烹饪方法,扑细干豆粉
593,35,烹饪方法,氽
593,36,食材,京吊子
593,37,烹饪方法,走油
593,38,烹饪方法,炖
593,39,食材,老脯茄子
593,40,食材,韭菜
594,1,食材,鸽蛋
594,2,食材,鹅蛋
594,3,食材,椒盐
594,4,食材,豆蔻
594,5,食材,荼
594,6,食材,蟹
594,7,食材,笋
594,8,烹饪方法,酿
594,9,烹饪方法,蒸
594,10,烹饪方法,炸
594,11,烹饪方法,熏
594,12,烹饪方法,熘
594,13,烹饪方法,炒
594,14,烹饪方法,红烧
594,15,烹饪方法,煮
594,16,食疗方,悛鸽蛋饺
594,17,食疗方,刘海鸽蛋
594,18,食疗方,兰香鸽蛋
594,19,食疗方,全酿鸽蛋
594,20,食疗方,茶兼鸽蛋
594,21,食疗方,金银鸽蛋
594,22,食疗方,荷包鸽蛋
594,23,古籍来源,《摘录》
595,1,食材,豆腐
595,2,食材,盐卤
595,3,食材,石膏
595,4,食性,平
595,5,食味,清香
595,6,烹饪方法,法制
595,7,烹饪方法,去渣
595,8,烹饪方法,留浆
595,9,烹饪方法,点
595,10,烹饪方法,烹熘
595,11,食疗方,杏酪豆瞒
595,12,食疗方,桃儿豆腐
595,13,食疗方,玻蚺豆瞒
595,14,食疗方,箱子豆腐
595,15,食疗方,销唣豆膪
595,16,食疗方,珍珠豆腐
595,17,食疗方,米屋豆腐
595,18,食疗方,蟹螯豆腐
595,19,食疗方,马蹄豆腐
595,20,食疗方,纹丝豆腐
595,21,食疗方,菱角豆膪
595,22,食疗方,灌香豆腐
595,23,食疗方,吉样豆腐
595,24,食疗方,糟油瓦腐
595,25,食疗方,蜂蛀豆腐
595,26,食疗方,雪花豆腐
595,27,食疗方,桂花腐
595,28,食疗方,卷尖豆腐
595,29,食疗方,芙蓉豆腐
595,30,食疗方,丹凤豆腐
595,31,食疗方,口蘑豆腐
595,32,食疗方,金钱豆瞒
595,33,食疗方,鲫鳞豆腐
595,34,食疗方,祥云豆膪
595,35,食疗方,百合瓦腐
595,36,食疗方,各髓豆腐
595,37,食疗方,芹昏豆腐
595,38,食疗方,牡丹豆腐
595,39,食疗方,八宝豆膪
595,40,食疗方,孩食豆蠃
595,41,食疗方,虾泥豆膪
595,42,食疗方,虾皮豆腐
595,43,食疗方,百页豆腐
595,44,食疗方,春秋豆腐
595,45,食疗方,银合亘腐
595,46,食疗方,虾油瓦膪
595,47,食疗方,发丝豆腐
595,48,食疗方,青笋裒牖
595,49,食疗方,太极瓦雁
595,50,古籍来源,景生方
597,1,食材,火腿
597,2,食材,鸭
597,3,食材,鸡
597,4,烹饪方法,蒸
597,5,烹饪方法,烹煮
597,6,烹饪方法,熘
597,7,烹饪方法,爆
597,8,烹饪方法,炸
597,9,古籍来源,韩诗外传
598,1,食材,鸡
598,2,食材,虾
598,3,食材,饼
598,4,食材,洋莱
598,5,食材,锅巴
598,6,食材,海参
598,7,食材,抄手
598,8,食材,面
598,9,食材,椒盐
598,10,食材,肘子
598,11,食材,紫盖
598,12,食材,姜
598,13,食材,鸡片
598,14,食材,椒麻鸡
598,15,食材,包肉片
598,16,食材,油鱼丝
598,17,食材,麻酱
598,18,食材,鱼肚
598,19,食材,金钩
598,20,食材,冬笋
598,21,食材,豌豆
598,22,食材,春笋尖
598,23,食材,白莱
598,24,食材,鳍鱼
598,25,食材,蒜
598,26,食材,连鱼
598,27,食材,瓦块鱼
598,28,食材,香花
598,29,食材,鸡丝
598,30,食材,橥蒿
598,31,食材,肉圆子
598,32,食材,玉兰片
598,33,食材,冬粜
598,34,食材,肉丝
598,35,食材,冰糖
598,36,食材,肘子
598,37,食材,鸡
598,38,食材,漪参
598,39,烹饪方法,炒
598,40,烹饪方法,炸
598,41,烹饪方法,生闷
598,42,烹饪方法,凉拌
598,43,烹饪方法,闷
598,44,烹饪方法,烧
598,45,烹饪方法,黄闷
598,46,烹饪方法,火炮
598,47,烹饪方法,火爆
598,48,食材,鱿鱼
598,49,食材,饺子
598,50,食材,包子
598,51,食材,汤元
598,52,食材,点心
598,53,食材,蛋黄糕
598,54,食材,绍酒
598,55,食材,席面
598,56,食材,米酥
599,1,食材,野鸭
599,2,食材,鹑
599,3,食材,雉
599,4,食材,山鸡
599,5,食材,鸡
599,6,食材,雉脯
599,7,食材,野鸡
599,8,食材,酸莱
599,9,食材,韭菜
599,10,食材,油果
599,11,食材,椒盐
599,12,食材,桁仁
599,13,食材,白榆仁
599,14,食材,华虫
599,15,食材,仓庚
599,16,食材,莺
599,17,食材,水凫
599,18,食材,鹈鹅
599,19,食材,鹚
599,20,食材,锦鸡
599,21,食材,鹩耶实厥鸟
599,22,食材,沙鸡
599,23,食材,驾
599,24,食材,鹌
599,25,食材,雕
599,26,食材,怀崖莺
599,27,食材,疏趾
599,28,食材,疏耻
599,29,食材,飞奴
599,30,食材,火鸠
599,31,食材,鹰
599,32,食材,鸠
599,33,食材,田鼠
599,34,食材,野鸡片
599,35,烹饪方法,投
599,36,烹饪方法,化
599,37,烹饪方法,腌
599,38,烹饪方法,潸
599,39,烹饪方法,搭
599,40,烹饪方法,茸
599,41,烹饪方法,走油
599,42,烹饪方法,签子
599,43,烹饪方法,烧
599,44,烹饪方法,炸
599,45,烹饪方法,裹
599,46,烹饪方法,炙
599,47,烹饪方法,加
599,48,烹饪方法,枥
599,49,烹饪方法,求
599,50,古籍来源,礼记
599,51,古籍来源,月令
599,52,古籍来源,书
599,53,古籍来源,益稷
599,54,古籍来源,曲礼
599,55,古籍来源,传
599,56,医家,九龄
600,1,食材,肉
600,2,食材,笋干
600,3,食材,云耳
600,4,食材,冬笋
600,5,食材,山药
600,6,食材,香油
600,7,食材,冬笄
600,8,食材,桃仁
600,9,食材,鱼
600,10,食材,千张
600,11,食材,冰糖
600,12,食材,醪糟
600,13,食材,白糖
600,14,食材,硝盐
600,15,食材,鲞
600,16,食材,盐莱
600,17,食材,板栗
600,18,食材,大头莱
600,19,食材,胭脂水
600,20,烹饪方法,红烧
600,21,烹饪方法,煮
600,22,烹饪方法,切片
600,23,烹饪方法,蒸
600,24,烹饪方法,烩
600,25,烹饪方法,走油
600,26,烹饪方法,打花
600,27,烹饪方法,摸
600,28,烹饪方法,刮
600,29,烹饪方法,抹
600,30,烹饪方法,收
601,1,食材,佟鱼
601,2,食材,冻鱼
601,3,食材,异味鼐鱼
601,4,食材,丁香
601,5,食材,豆蔻
601,6,食材,西洋松鱼
601,7,烹饪方法,炕
601,8,烹饪方法,焙
601,9,烹饪方法,氽
601,10,食材,鱼卷
601,11,烹饪方法,剞刀
601,12,食材,肉果
601,13,食材,肉馅
601,14,烹饪方法,潸焕
601,15,食材,红白鱼丝
601,16,食材,酱
601,17,食材,花嫩鱼脯
601,18,食材,火腿丁
601,19,食材,生虾仁
601,20,食材,日蘑
601,21,食材,香菰
601,22,食材,鲜灸鳗鱼
601,23,烹饪方法,火烧
601,24,食材,独蒜
601,25,食材,缦鱼
601,26,食材,青鳍
601,27,食材,白鳝
601,28,食材,蒜头
601,29,食材,炙东坡鱼
601,30,食材,鸡蛋
601,31,食材,面
601,32,烹饪方法,炸
601,33,烹饪方法,红烧
601,34,食材,鱼面
601,35,食材,鱼元
601,36,食材,娆炙墨鱼
601,37,食材,瓜
601,38,烹饪方法,煎烧
601,39,食材,暨鱼
601,40,食材,蜃头鱼
601,41,食材,东坡鱼
601,42,食材,烩墨鱼片
601,43,食材,杂件
601,44,食材,酱灸绌鱼
601,45,烹饪方法,生焖
601,46,烹饪方法,酱炙
601,47,食材,鳅鱼
601,48,食材,拙鱼
601,49,古籍来源,益州记
601,50,食材,幕鱼
601,51,食材,萧鱼
601,52,食材,丙穴鱼
601,53,食材,卷日鱼
601,54,食材,滴蒸鳜鱼
601,55,烹饪方法,清蒸
601,56,烹饪方法,去骨
601,57,食材,鲜酿鳟鱼
601,58,烹饪方法,抽骨
601,59,烹饪方法,全酿
602,1,食材,萝卜
602,2,食材,五桷鱼
602,3,食材,肉丝
602,4,食材,鱼
602,5,食材,姜
602,6,食材,盐
602,7,食材,醋
602,8,食材,糟鱼
602,9,食材,蒜片
602,10,食材,豆豉
602,11,食材,香油
602,12,食材,鲫鱼
602,13,食材,椒盐
602,14,食材,豆粉
602,15,食材,鸡蛋
602,16,食材,灰面
602,17,食材,肉块
602,18,食材,大蒜
602,19,食材,鸡块
602,20,食材,火腿
602,21,食材,笋片
602,22,食材,葱
602,23,食材,老盐莱
602,24,烹饪方法,炖
602,25,烹饪方法,捞起
602,26,烹饪方法,糅
602,27,烹饪方法,蒸
602,28,烹饪方法,煎
602,29,烹饪方法,焖
602,30,烹饪方法,走油
602,31,烹饪方法,收
602,32,烹饪方法,炸
602,33,烹饪方法,炒
602,34,烹饪方法,砍
602,35,烹饪方法,烧
602,36,烹饪方法,包
602,37,烹饪方法,裹
602,38,食疗方,煤糟鱼
602,39,食疗方,裾醋鱼
602,40,食疗方,脆皮鱼
602,41,食疗方,瓦块鱼
602,42,食疗方,锅贴鱼
602,43,食疗方,红烷鲫鱼
602,44,食疗方,红鱼元
602,45,食疗方,软木鱼
602,46,食疗方,生烧大鱼
602,47,古籍来源,摘录
603,1,食材,醋
603,2,食味,酸
603,3,食性,温
603,4,功效,消痈肿
603,5,功效,散水气
603,6,功效,杀邪毒
603,7,功效,破血晕
603,8,功效,除症块坚积
603,9,食材,酒醋
603,10,食材,桃醋
603,11,食材,麦醋
603,12,食材,葡萄醋
603,13,食材,枣醋
603,14,食材,米醋
603,15,食味,苦
603,16,食材,苦酒
603,17,食材,淳酢
603,18,食材,醯
603,19,食材,食醋
603,20,食材,香醋
603,21,食材,卤
603,22,功效,醒酒
603,23,功效,消食
603,24,功效,下气
603,25,功效,辟邪
603,26,功效,调味
603,27,功效,助消化
603,28,功效,增加风味
603,29,功效,防腐
603,30,功效,治体癣
603,31,功效,预防流感
603,32,病症,足癣
603,33,病症,流感
603,34,病症,流脑
603,35,病症,上呼吸道传染病
604,1,食材,甲香
604,2,食材,甘松
604,3,食材,哈昔泥
604,4,食材,酥油
604,5,食材,羊摩裆肉
604,6,食材,羊胸脯肉
604,7,食材,羊头
604,8,食材,芊蹄子
604,9,食材,草果
604,10,食材,肉桂
604,11,食材,生姜
604,12,食材,阿魏
604,13,食材,石榴子
604,14,食材,胡椒
604,15,食材,食盐
604,16,食材,素油
604,17,食材,水云母
604,18,食材,海月
604,19,食材,催生子
604,20,食材,生茅香
604,21,食材,皂角
604,22,食味,咸
604,23,食性,平
604,24,食味,辛
604,25,食味,甘
604,26,归经,脾
604,27,归经,胃经
604,28,功效,和气清神
604,29,功效,理气止痛
604,30,功效,醒脾开胃
604,31,病症,脘腹痛
604,32,病症,痢疾
604,33,病症,淋病
604,34,病症,痔瘘
604,35,病症,疥癣
604,36,病症,骨痛
604,37,病症,心腹胀满
604,38,病症,头痛
604,39,病症,港病
604,40,病症,脚气
604,41,烹饪方法,烧
604,42,烹饪方法,熬
604,43,烹饪方法,炒
604,44,烹饪方法,捣
604,45,烹饪方法,筛
604,46,烹饪方法,煮
604,47,烹饪方法,薰
604,48,医家,雷毂
605,1,食材,豹肉
605,2,食味,酸
605,3,食性,平
605,4,功效,安定人的五脏
605,5,功效,补人的绝伤
605,6,功效,强壮筋骨
605,7,功效,增强人的心志
605,8,功效,使人勇猛
605,9,功效,使人耐严寒和暑热
605,10,病症,腰疼
605,11,禁忌,不要吃豹肉
605,12,古籍来源,《新修本草》
605,13,医家,苏恭
606,1,食材,胡椒
606,2,食材,白面
606,3,食材,葵菜
606,4,食材,葱
606,5,食材,盐
606,6,食材,醋
606,7,食材,羊(摩裆)肉
606,8,食材,草果
606,9,食材,良姜
606,10,食材,羊肚子
606,11,食材,羊肺
606,12,食材,蘑菇
606,13,食材,瓠子
606,14,食材,羊肉
606,15,食材,生姜汁
606,16,食性,寒
606,17,功效,去消渴
606,18,功效,利水
606,19,病症,消渴
606,20,烹饪方法,炒
606,21,烹饪方法,熬
606,22,烹饪方法,煮
606,23,烹饪方法,切
606,24,烹饪方法,拌
606,25,烹饪方法,卸割
606,26,烹饪方法,搅
606,27,烹饪方法,滤
606,28,食疗方,鸡爪面
607,1,食材,羊头
607,2,食材,姜末
607,3,食材,胡椒粉
607,4,食材,葱花
607,5,食材,食盐
607,6,食材,醋
607,7,食材,牛蹄
607,8,食材,马蹄
607,9,食材,熊掌
607,10,食材,羊肉
607,11,食材,萝卜
607,12,食材,羊尾
607,13,烹饪方法,煮
607,14,烹饪方法,炒
607,15,烹饪方法,切
607,16,烹饪方法,攒
607,17,食性,凉
607,18,病症,崩中
607,19,病症,漏下赤白
607,20,食疗方,攒牛蹄
607,21,食疗方,攒马蹄
607,22,食疗方,攒熊掌
607,23,食疗方,细乞思哥
608,1,食材,羊肉
608,2,食材,草果
608,3,食材,回回豆子
608,4,食材,香粳米
608,5,食材,胡萝卜
608,6,食材,羊后脚肉
608,7,食材,肋枝
608,8,食材,姜黄
608,9,食材,姜末
608,10,食材,咱夫兰
608,11,食材,芫荽叶
608,12,食材,盐
608,13,食材,醋
608,14,食材,羊的肋骨
608,15,食材,食盐
608,16,食材,姜米
608,17,食材,香焱米
608,18,食材,羊后腿肉
608,19,食材,昏莱
608,20,食材,醭
608,21,食材,苯肉
608,22,食材,挲果
608,23,食材,良娑
608,24,食材,姜
608,25,食材,郁金
608,26,烹饪方法,熬
608,27,烹饪方法,煮
608,28,烹饪方法,切
608,29,烹饪方法,捣
608,30,烹饪方法,碎
608,31,烹饪方法,去皮
608,32,烹饪方法,滤
608,33,烹饪方法,丸
608,34,烹饪方法,剁
608,35,烹饪方法,下
608,36,烹饪方法,撒
608,37,烹饪方法,加
608,38,烹饪方法,调和
608,39,食疗方,三下锅
608,40,功效,补中益气
609,1,食材,羊肉
609,2,食材,草果
609,3,食材,回回豆子
609,4,食材,芜菁
609,5,食材,香粳米
609,6,食材,苦豆
609,7,食性,温
609,8,食味,苦
609,9,功效,补下元
609,10,功效,理腰膝
609,11,脏腑,肾
609,12,食疗方,苦豆子汤
609,13,烹饪方法,拆割
609,14,烹饪方法,捣碎
609,15,烹饪方法,洗挣
609,16,烹饪方法,熬
609,17,烹饪方法,过滤
609,18,烹饪方法,切碎
609,19,烹饪方法,切成
609,20,烹饪方法,调和
609,21,古籍来源,料物性味
611,1,病症,风痹不仁
611,2,病症,脚气
611,3,食材,熊肉
611,4,烹饪方法,煮熟
611,5,烹饪方法,切块
611,6,食材,草果
611,7,食材,胡椒
611,8,食材,哈昔泥
611,9,食材,姜黄
611,10,食材,缩砂
611,11,食材,咱夫兰
611,12,食材,葱
611,13,食材,盐
611,14,食材,酱
611,15,烹饪方法,调和
611,16,食疗方,鲤鱼汤
611,17,病症,黄疸
611,18,功效,止渴
611,19,功效,安胎
611,20,病症,缓风
611,21,病症,脚弱
611,22,功效,行气调中
611,23,功效,和骨
611,24,功效,醒脾
611,25,古籍来源,本书卷三《鱼品`鲤鱼》
611,26,病症,黄瘅
611,27,病症,身黄
611,28,病症,目黄
611,29,病症,小便黄
611,30,病症,有宿癜者
612,1,食味,辛
612,2,食性,温
612,3,病症,产后忽然井鲥
612,4,病症,不省人事
612,5,病症,心绞痛
612,6,病症,肚子绞痛
612,7,病症,皮肤出现游觯舸病
612,8,食味,苦
612,9,食性,寒
612,10,功效,利小便
612,11,功效,通利小便
612,12,食材,木丹
612,13,食材,鲜支
612,14,食材,趱枢
612,15,食材,小厄子
612,16,食材,椐子
612,17,食材,山栀子
612,18,食材,黄鸡子
612,19,食材,筻子
612,20,食材,山枝干
612,21,食材,水棋枝
612,22,食材,林兰
612,23,脏腑,五脏
613,1,食材,蘑菰
613,2,食材,杏泥
613,3,食材,胡桃仁
613,4,食材,必思答仁
613,5,食材,胭脂
613,6,食材,栀子
613,7,食材,小油
613,8,食材,生姜
613,9,食材,豆粉
613,10,食材,山药
613,11,食材,羊肚
613,12,食材,肺
613,13,食材,苦肠
613,14,食材,葱
613,15,食材,醋
613,16,食材,芫荽叶
613,17,食材,羊肉
613,18,食材,羊尾巴
613,19,食材,羊苦肠
613,20,食材,甜八旦杏仁
613,21,食材,鸡头仁
613,22,食材,鸡蛋
613,23,食材,蒹油
613,24,食材,食盐
613,25,食材,酱
613,26,食材,香莱叶
613,27,食材,松黄
613,28,食材,白面
613,29,食材,牛奶子
613,30,食材,酥油
613,31,食材,黑子儿
613,32,食材,盐
613,33,食材,碱
613,34,食材,八旦仁
613,35,烹饪方法,蒸
613,36,烹饪方法,炒
613,37,烹饪方法,烧
613,38,烹饪方法,切
613,39,烹饪方法,拌
613,40,烹饪方法,和
613,41,烹饪方法,作
613,42,食疗方,黑子儿烧饼
613,43,古籍来源,本书卷三《果品:八澹仁》
613,44,古籍来源,本书卷三《果品'胡桃》
613,45,古籍来源,本书卷三《果品'必思答》
613,46,古籍来源,卷三《料物性味'黑子儿》
614,1,食材,青羊肉
614,2,食味,甘
614,3,食性,温
614,4,功效,补脾胃之气
614,5,病症,久病而成的劳伤
614,6,禁忌,不可以食用
614,7,功效,补养人
614,8,烹饪方法,煮汤
614,9,食性,平
614,10,功效,补益人
614,11,功效,补养人体
614,12,功效,补虚助阳
615,1,食材,胡椒
615,2,食味,辛
615,3,食性,温
615,4,功效,主下气
615,5,功效,除脏腑风冷
615,6,功效,杀肉毒
615,7,脏腑,脏腑
615,8,病症,痰
616,1,食疗方,茯苓酒
616,2,古籍来源,《仙方》
616,3,食材,茯苓
616,4,烹饪方法,酿酒
616,5,病症,腿劳
616,6,功效,强壮筋骨
616,7,功效,延年益寿
616,8,食疗方,松根酒
616,9,食材,松根
616,10,烹饪方法,酿酒
616,11,病症,风
616,12,功效,壮筋骨
616,13,食材,曲
616,14,食材,米
616,15,食材,云苓
616,16,食材,白茯苓
616,17,食材,赤茯苓
616,18,食味,甘
616,19,食味,淡
616,20,食性,平
616,21,功效,利水渗湿
616,22,功效,健脾和胃
616,23,功效,宁心安神
616,24,古籍来源,《本草纲目》
616,25,古籍来源,《张氏医通》
616,26,病症,风痹
616,27,病症,行痹
616,28,病症,走注
616,29,病症,痛风
616,30,病症,肢节疼痈
616,31,病症,游走不定
617,1,食材,雁
617,2,食材,葱末
617,3,食材,芫萎
617,4,食材,食盐
617,5,食材,羊肚子
617,6,食材,水札
617,7,食材,芜荽末
617,8,食材,葱
617,9,食材,肥面
617,10,食材,酥油
617,11,烹饪方法,烧
617,12,烹饪方法,蒸
617,13,烹饪方法,炉熟
617,14,烹饪方法,包
617,15,烹饪方法,烤
617,16,烹饪方法,蒸熟
617,17,古籍来源,《禽品〈水札》
618,1,古籍来源,《神仙传》
618,2,食材,槐实
618,3,食材,牛胆
618,4,烹饪方法,渍浸
618,5,烹饪方法,阴干
618,6,烹饪方法,吞
618,7,功效,身轻
618,8,功效,白发再黑
618,9,功效,通神
618,10,古籍来源,《食疗》
618,11,食材,枸杞叶
618,12,功效,筋骨壮
618,13,功效,除风
618,14,功效,益
618,15,功效,去盛劳
618,16,功效,益阴事
618,17,食材,松节
618,18,病症,百节疼痛
618,19,病症,周身关节痛疼
618,20,食材,黄松太节
618,21,食材,油松节
618,22,食材,松郎头
618,23,食味,苦
618,24,食性,温
618,25,食材,槐角
618,26,食材,槐子
618,27,食材,槐豆
618,28,食材,槐连灯
618,29,食材,九连灯
618,30,食材,夭豆
618,31,食材,槐连豆
618,32,食材,槐树豆子
618,33,食味,苦
618,34,食性,寒
618,35,功效,清热
618,36,功效,润肝
618,37,功效,止血
618,38,食味,苦
618,39,食性,大寒
618,40,功效,潸肝明目
618,41,功效,利胆通肠
618,42,功效,解毒消肿
618,43,古籍来源,《证类本草》
618,44,古籍来源,《医心方》
618,45,食材,地仙苗
618,46,食材,甜莱
618,47,食材,枸杞尖
618,48,食材,天精草
618,49,食材,枸杞苗
618,50,食材,枸杞莱
618,51,食材,枸杞头
618,52,食味,甘
618,53,食性,谅
618,54,功效,补虚益精
618,55,功效,潸热
618,56,功效,止渴
618,57,功效,祛风明目
618,58,脏腑,肝
618,59,脏腑,胆
618,60,食疗方,松节酒
618,61,烹饪方法,采
618,62,禁忌,凡医书均无服此百日可通神之说
618,63,医家,孟诜
618,64,医家,张鼎
619,1,食材,羊肉
619,2,食材,良姜
619,3,食材,羊肝
619,4,食材,胡椒
619,5,食材,鸡头粉
619,6,食材,豆粉
619,7,食材,陈皮
619,8,食材,生姜
619,9,食性,温
619,10,食味,辛
619,11,归经,肺
619,12,归经,胃
619,13,归经,脾
619,14,功效,补中益气
619,15,功效,去湿
619,16,功效,消焱
619,17,病症,湿
619,18,烹饪方法,熬
619,19,烹饪方法,滤
619,20,烹饪方法,切
619,21,烹饪方法,捣
619,22,烹饪方法,煮
619,23,古籍来源,《药性类阴》
620,1,病症,脾病
620,2,禁忌,禁食酸
620,3,食材,大豆
620,4,食材,豕肉
620,5,食材,栗
620,6,食材,藿
620,7,病症,肺病
620,8,禁忌,禁食苦
620,9,食材,小麦
620,10,食材,羊肉
620,11,食材,杏
620,12,食材,薤
620,13,病症,肾病
620,14,禁忌,禁食甘
620,15,食材,黄黍
620,16,食材,鸡肉
620,17,食材,桃
620,18,食材,葱
620,19,食味,酸
620,20,脏腑,肝气
620,21,病症,脾气乃绝
620,22,病症,肉胝髑而唇揭
620,23,食味,咸
620,24,病症,骨气劳短
620,25,病症,肥气折
620,26,病症,脉凝沌而变色
620,27,古籍来源,《内经.生气通夭论》
620,28,食味,酸
620,29,脏腑,肝气
620,30,脏腑,脾气
620,31,食味,酸
620,32,脏腑,肝
620,33,病症,木郁克士
620,34,病症,脾气不运
620,35,病症,肉胝脂阿唇揭
620,36,古籍来源,《内经'五脏生成论》
620,37,食味,酸
620,38,古籍来源,《千金》
620,39,病症,肉胝而唇褰
620,40,病症,肉厚而唇缩
620,41,病症,皮肉坚厚皱缩
620,42,病症,口蓐掀起
620,43,食味,咸
620,44,病症,骨气劳短
620,45,古籍来源,《内经`生气通天论》
620,46,食味,咸
620,47,病症,大骨气劳
620,48,病症,短肌
620,49,病症,心气抑
620,50,古籍来源,《太素》
620,51,古籍来源,《云笈七签》
620,52,食味,咸
620,53,病症,则骨气劳
620,54,食味,咸
620,55,病症,饬骨
620,56,病症,伤骨
620,57,病症,肥气折
620,58,病症,变色
620,59,病症,脉凝泣而娈色
620,60,古籍来源,《内经`五脏生成论》
620,61,食味,咸
620,62,病症,脉焱拉而娈色
620,63,病症,凝迹
620,64,病症,血脉疑滞
620,65,病症,面色失去光泽
621,1,食材,鲣鱼肉
621,2,食性,寒
621,3,食味,甜
621,4,功效,治咳嗽喘息
621,5,功效,安胎
621,6,病症,黄疸病
621,7,病症,脚部浮肿病
621,8,病症,水肿脚气
621,9,病症,天行病
621,10,禁忌,不可食
622,1,食材,羊肉
622,2,食材,羊脂
622,3,食材,羊尾子
622,4,食材,新韭莱
622,5,食材,盐
622,6,食材,酱
622,7,食材,白面
622,8,食材,酥油
622,9,食材,蜜
622,10,食材,葫芦
622,11,食材,瓠子
622,12,食材,葱
622,13,食材,陈皮
622,14,食材,生姜
622,15,食材,小油
622,16,烹饪方法,拌匀
622,17,烹饪方法,作皮
622,18,烹饪方法,炮熟
622,19,烹饪方法,烙熟
622,20,烹饪方法,蒸
622,21,烹饪方法,切细
622,22,烹饪方法,搅熟
622,23,烹饪方法,烫熟
622,24,烹饪方法,和
622,25,食疗方,撇列角儿
622,26,食疗方,莳萝角儿
622,27,古籍来源,本书卷三《莱品'瓠'葫芦》
623,1,食材,木瓜
623,2,食味,酸
623,3,食性,温
623,4,病症,湿痹邪气
623,5,食材,梅实
623,6,食味,酸
623,7,食性,平
623,8,功效,下气
623,9,功效,除烦热
623,10,功效,安心
623,11,食材,黧梅
623,12,食材,桔梅肉
623,13,食材,酸梅
623,14,食味,酸
623,15,功效,去暑解渴
623,16,功效,助消化
624,1,食材,海红
624,2,食材,海棠
624,3,食材,海棠果
624,4,食材,海棠梨
624,5,食材,棠蒸梨
624,6,食味,酸
624,7,食味,甘
624,8,食性,平
624,9,病症,泄痢
625,1,食材,天鹅
625,2,食味,甘
625,3,食性,热
625,4,功效,补中益气
625,5,烹饪方法,清蒸
625,6,烹饪方法,炖
625,7,烹饪方法,烤
625,8,烹饪方法,烧
625,9,医家,李时珍
625,10,医家,汪颖
625,11,食性,平
625,12,食性,冷
625,13,功效,益人气力
625,14,功效,利脏腑
626,1,食材,桂
626,2,食味,甘
626,3,食味,辛
626,4,食性,大热
626,5,病症,心腹寒热
626,6,病症,冷痰
626,7,脏腑,肝
626,8,脏腑,肺
626,9,功效,补元阳
626,10,功效,通血脉
626,11,功效,治心腹寒热
626,12,功效,利肝
626,13,功效,肺气
626,14,禁忌,用量不宜过大
626,15,古籍来源,《本草》
627,1,食材,山丹根
627,2,食味,甘
627,3,食性,平
627,4,功效,主邪气腹胀
627,5,病症,疮肿
627,6,烹饪方法,蒸
627,7,烹饪方法,煮
627,8,烹饪方法,捣
628,1,食材,苦苴莱
628,2,食味,苦
628,3,食性,平
628,4,病症,面目发蚩的费疸病
628,5,功效,清爽精神
628,6,功效,通利五脏
628,7,食材,嫩叶
628,8,食材,根
628,9,食材,花
628,10,食材,种孓
629,1,食材,麦
629,2,食性,温
629,3,病症,寒变
629,4,脏腑,肝
629,5,脏腑,心
629,6,脏腑,脾
629,7,脏腑,肺
629,8,脏腑,肾
629,9,病症,饱闷
629,10,病症,狐疑
629,11,病症,下利奔迫
629,12,病症,惨然不乐
629,13,养生原则,禁温饮食及热衣服
629,14,医家,喻昌
629,15,医家,蕃多村直宽
629,16,古籍来源,《素问札记》
629,17,医家,张景岳
629,18,古籍来源,《脉要精徵论》
630,1,食材,咱夫兰
630,2,食材,羊心
630,3,食材,羊腰
630,4,食材,肥鸡儿
630,5,食材,葱
630,6,烹饪方法,烤
630,7,烹饪方法,炙
630,8,烹饪方法,切
630,9,功效,心气安宁
630,10,功效,心情愉快
630,11,功效,欢喜
630,12,病症,腰眼疼痛
630,13,食疗方,炙羊腰
630,14,食疗方,攒鸡儿
630,15,古籍来源,《曾品.羊肉》
631,1,食材,黄瓜
631,2,食味,甘
631,3,食性,平
631,4,食性,寒
631,5,禁忌,动气发瓣
631,6,禁忌,令人虚热
631,7,禁忌,不可盗食
631,8,禁忌,不可以多吃
631,9,功效,除热利水
631,10,功效,解莓
631,11,病症,烦渴
632,1,食材,鲂鱼
632,2,食味,甜
632,3,食性,温
632,4,食性,平
632,5,功效,补益
632,6,功效,助脾
632,7,病症,疳痢
632,8,食材,鲟
632,9,食材,耶鱼
632,10,烹饪方法,薄切
632,11,食材,蒜齑
632,12,食材,姜
632,13,食材,醋
632,14,禁忌,不可与疳痢人食
632,15,古籍来源,《本草纲目》
632,16,医家,孟诜
632,17,古籍来源,《食品巢》
633,1,食材,犀角
633,2,食味,苦
633,3,食味,咸
633,4,食性,微寒
633,5,病症,蛊毒病
633,6,病症,山岚瘴气
633,7,病症,蛇
633,8,病症,份蹇
633,9,病症,瘟疫
633,10,古籍来源,《医学正传》
634,1,病症,漏风
634,2,食材,黍穰
634,3,病症,癞疾
634,4,病症,痈疽
634,5,病症,咳嗽
634,6,病症,痔疾
634,7,病症,疮
634,8,病症,气疾
634,9,古籍来源,内经
634,10,病症,酒风
634,11,病症,麻风
634,12,病症,黄癣
634,13,古籍来源,内经:素问
635,1,食疗方,鹿角酒
635,2,病症,卒思腰痛
635,3,食材,鹿角
635,4,烹饪方法,烧
635,5,烹饪方法,浸
635,6,烹饪方法,饮
635,7,食疗方,黑牛髓煎
635,8,病症,肾旋弱
635,9,病症,骨伤败
635,10,病症,瘦弱无力
635,11,食材,黑牛髓
635,12,食材,生地黄汁
635,13,食材,白汹蜜
635,14,烹饪方法,炼
635,15,烹饪方法,煎
635,16,烹饪方法,调服
635,17,食味,咸
635,18,食性,温
635,19,归经,入肝
635,20,归经,肾经
635,21,功效,行血
635,22,功效,消肿
635,23,功效,益肾
635,24,古籍来源,本书卷三《兽品:鹿:鹿角》
636,1,食味,甜
636,2,食性,平
636,3,病症,惊邪症
636,4,食材,鹁鸽
636,5,食味,咸
636,6,食性,平
636,7,功效,调精
636,8,功效,益气
636,9,功效,解诸药毒
636,10,食材,鸽
636,11,食材,鸽子
636,12,食材,原鸽
636,13,食材,家鸽
636,14,食材,野鸽
636,15,食材,鸽肉
636,16,功效,滋肾益气
637,1,食材,薇莱
637,2,食材,大巢莱
637,3,食味,甘
637,4,食性,平
637,5,功效,益气
637,6,功效,润肌
637,7,功效,清神强志
637,8,功效,和血祛痰
637,9,医家,苏东坡
638,1,食材,小椒
638,2,食味,辛
638,3,食性,热
638,4,功效,主邪气咳逆
638,5,功效,温中
638,6,功效,下冷气
638,7,功效,除湿痹
638,8,食材,花椒
638,9,病症,咳逆
638,10,病症,呃逆
638,11,病症,吃逆
638,12,病症,痹
638,13,脏腑,胃
638,14,古籍来源,唐易
639,1,食材,醍醐油
639,2,食材,酥油
639,3,食材,马思哥油
639,4,食材,白酥油
639,5,食材,牛奶子
639,6,食材,净牛奶子
639,7,食味,甘
639,8,食性,平
639,9,功效,养营
639,10,功效,滋阴
639,11,功效,润燥
639,12,功效,止渴
639,13,禁忌,中虚湿盛者忌之
639,14,烹饪方法,煎熬
639,15,烹饪方法,过滤
639,16,烹饪方法,打取
640,1,食材,青鱼肉
640,2,食味,甜
640,3,食性,平
640,4,食材,青鱼
640,5,食材,鲇鱼
640,6,食味,甘
640,7,食性,寒
640,8,禁忌,勿多食
640,9,病症,目赤
640,10,烹饪方法,炖
640,11,烹饪方法,烧
640,12,食疗方,红烧鲇鱼
641,1,食材,蒲黄
641,2,食味,甘
641,3,食性,平
641,4,功效,治心腹蹇热
641,5,功效,利小便
641,6,功效,止血疾
641,7,病症,出血
641,8,食材,回回青
641,9,食味,甘
641,10,食性,寒
641,11,功效,解诸药毒
641,12,功效,欺热毒疮肿
641,13,古籍来源,本书卷三《菜品'蒲笄》
642,1,食材,黄精
642,2,食材,枣
642,3,食性,平
642,4,食味,甘
642,5,功效,宽中益气
642,6,功效,补五脏
642,7,功效,调良饥肉
642,8,功效,充实骨体
642,9,功效,坚强筋骨
642,10,功效,延年不老
642,11,功效,颜色鲜朋
642,12,功效,发白再黑
642,13,功效,齿落更生
642,14,病症,痞满气塞
642,15,古籍来源,神枕法
643,1,食材,羊肾
643,2,功效,补肾虚
643,3,功效,益精髓
643,4,食材,羊骨
643,5,食性,热
643,6,病症,寒中
643,7,病症,羸瘦
643,8,食材,羊髓
643,9,食味,甘
643,10,食性,温
643,11,病症,阴气不足
643,12,功效,利血脉
643,13,功效,益经气
643,14,食材,羊脑
643,15,禁忌,不可多食
643,16,食材,羊酪
643,17,病症,消渴
643,18,功效,补盛乏
643,19,食味,甘
643,20,食味,咸
643,21,食性,温
643,22,禁忌,多食发风生热
643,23,禁忌,余病筲忌
644,1,古籍来源,《礼》
644,2,古籍来源,《诗》
644,3,古籍来源,《小雅:楚莰》
644,4,古籍来源,《鲁颂.困宫》
644,5,古籍来源,《小雅.瓠叶》
644,6,古籍来源,《神仙传》
644,7,古籍来源,《遵生八膪》
644,8,古籍来源,《山家清供》
644,9,医家,苏轼
644,10,医家,葛洪
644,11,医家,高濂
644,12,医家,苏易简
644,13,食材,猪肉
644,14,烹饪方法,煮
644,15,烹饪方法,燔
644,16,烹饪方法,炮
644,17,烹饪方法,炙
644,18,病症,翕翕热
644,19,病症,肝肺热
644,20,养生原则,尊生
644,21,养生原则,适口者珍
645,1,养生原则,早
645,2,养生原则,少
645,3,养生原则,烂
645,4,养生原则,热
645,5,食材,粗茶
645,6,食材,熊掌
645,7,食材,羊胃
645,8,烹饪方法,煮
645,9,烹饪方法,烂
645,10,医家,苏东坡
645,11,医家,司马光
645,12,医家,何曾
645,13,医家,韩桂令
645,14,医家,石琢堂
645,15,医家,朱兰坡
645,16,医家,郎仁宝
645,17,古籍来源,《周礼》
645,18,古籍来源,《诗经》
646,1,食材,鲟
646,2,食材,蟹
646,3,食材,蝤蛑
646,4,食材,蝤蠓
646,5,食材,蜉
646,6,食材,蛸蛑
646,7,医家,苏东坡
646,8,古籍来源,《蟹图记》
646,9,食材,蛾
646,10,烹饪方法,炝拌
646,11,食材,蛇血
646,12,食材,梅蜇蛇血
646,13,食材,水母
646,14,古籍来源,《食单》
646,15,食材,鸟贼
646,16,食材,墨鱼
646,17,食性,甘平
646,18,食性,寒
647,1,食材,熊蹯
647,2,食材,羊胃
647,3,烹饪方法,食
647,4,烹饪方法,饮
647,5,古籍来源,杜甫诗句
647,6,古籍来源,孟子.尽心
647,7,古籍来源,宋司马光
647,8,古籍来源,宋书.陶潜传
647,9,古籍来源,庚溪诗话
647,10,古籍来源,左传文元年
647,11,古籍来源,后汊书:刘玄传
648,1,古籍来源,随园食单
648,2,食材,海参
648,3,食材,鱼翅
648,4,食材,鸡汤
648,5,食材,萝卜丝
648,6,食材,肉刺
648,7,烹饪方法,煨
648,8,烹饪方法,搀和
649,1,古籍来源,《随园食单》
649,2,食材,牛肉
649,3,食材,犬肉
649,4,食材,水鸡
649,5,食材,石鳞
649,6,食材,骨拣
649,7,食材,鸟皮
649,8,食材,脚鱼
649,9,食材,山莱
649,10,食材,白鳝
649,11,食材,黄鳝
649,12,食材,鳇鱼
650,1,食材,鲥鱼
650,2,食材,带鱼
650,3,食材,白糟猪油
650,4,食材,`鱼
650,5,食材,河豚白
650,6,食材,稣残鱼
650,7,食材,龙头鲥
650,8,食材,鲎
650,9,烹饪方法,清蒸
650,10,烹饪方法,烹调
650,11,烹饪方法,晒干
650,12,古籍来源,《正字通》
650,13,古籍来源,《方言》
651,1,古籍来源,《随园食单》
651,2,食材,鹿尾
652,1,食材,瓢儿莱
652,2,食材,白莱
652,3,古籍来源,《随园食单》
652,4,烹饪方法,干炒
652,5,食材,莱心
652,6,烹饪方法,煨
652,7,烹饪方法,煨
652,8,烹饪方法,煅
653,1,食材,冬瓜
653,2,食材,燕窝
653,3,食材,鸽蛋
653,4,食材,肉丝
653,5,食材,火腿汤
653,6,食材,蘑菇汤
653,7,食材,鸡汤
653,8,烹饪方法,煮
653,9,医家,袁枚
653,10,古籍来源,随园食单
654,1,食材,核桃
654,2,功效,补下焦之火
654,3,功效,扶上焦之脾
654,4,食材,高粱烧酒
654,5,烹饪方法,嚼
654,6,烹饪方法,呷
654,7,功效,滋润之功
654,8,病症,性急
654,9,功效,益气健脾
654,10,医家,曾宾谷
654,11,脏腑,下焦
654,12,脏腑,上焦
654,13,古籍来源,西域
654,14,古籍来源,中土
656,1,食材,火腿
656,2,食材,风蹄
656,3,食材,谈腿
656,4,食材,狗腿
656,5,食材,花猪肉
656,6,食材,兰薰
656,7,食味,淡
656,8,功效,止血痢
656,9,功效,开胃
656,10,古籍来源,《本草纲目拾遗》
656,11,医家,陈达夫
656,12,医家,赵学敏
656,13,医家,吴巢松
657,1,食材,燕窝
657,2,食材,鸡汤
657,3,食材,火腿汤
657,4,食材,蘑菇汤
657,5,食材,冬瓜
657,6,烹饪方法,瀹
657,7,古籍来源,《食单》
659,1,食材,新粳米
659,2,食材,枯松枝
659,3,食材,鲜白莱
659,4,食材,寒露蕈
660,1,食材,桃花饭
660,2,食材,竹叶醅
660,3,食材,浊酒
660,4,食材,连展
660,5,食材,黎祁
660,6,食材,麦饵
660,7,烹饪方法,煮
660,8,烹饪方法,洗
660,9,烹饪方法,磨
660,10,烹饪方法,烧烤
660,11,医家,陆游
660,12,医家,张翰
661,1,食材,茶叶
661,2,古籍来源,日铸
661,3,古籍来源,顾诸
664,1,食材,梨
664,2,食材,莼莱
664,3,食材,豆豉
664,4,食材,海簋
664,5,食材,海蛤
664,6,食材,桑叶
664,7,烹饪方法,煮
664,8,烹饪方法,煎熬
664,9,食味,甜
664,10,食味,鲜
665,1,食材,香蔬
665,2,食材,山药
665,3,食材,芋头
665,4,食材,胡萝卜
665,5,烹饪方法,炊
665,6,烹饪方法,煮
665,7,烹饪方法,煨
665,8,食味,甜
665,9,食味,酸
665,10,医家,陆游
665,11,古籍来源,山厨薪桂
669,1,食材,芋魁
669,2,食材,菰首
669,3,食材,茭白
669,4,烹饪方法,煮粥
669,5,烹饪方法,笔羹
670,1,病症,消渴
670,2,食材,长鱼
670,3,食材,大肉
670,4,食材,冻齑
670,5,食材,狐泉
670,6,食材,槐叶
670,7,食材,咸齑
670,8,食味,咸
670,9,病症,宿醉
670,10,医家,刘伶
670,11,医家,司马相如
670,12,医家,鲍照
670,13,医家,姚崇
670,14,医家,苏易简
670,15,古籍来源,冰壶诫
671,1,食材,大米
671,2,食材,豆腐干
671,3,食材,药苗
671,4,食材,野莱
671,5,食材,荠
671,6,食材,椿
671,7,食材,荞糁
671,8,食材,莼羹
671,9,食材,牛乳
671,10,食材,酥
672,1,食材,蚕蛹
672,2,食材,麦仁
672,3,烹饪方法,煮
672,4,烹饪方法,烹调
673,1,食材,山药
673,2,烹饪方法,煮
674,1,食材,茶叶
674,2,古籍来源,日铸
674,3,古籍来源,顾诸
677,1,食材,晚崧
677,2,食材,芜菁
677,3,食材,麦饭
677,4,食材,青蔬
677,5,食材,大官葱
677,6,食材,葱
677,7,医家,陆游
677,8,古籍来源,蔬园杂咏
678,1,古籍来源,《雨航杂录》
678,2,食材,竹蛎
678,3,古籍来源,《文选》
678,4,食材,梅花蛎
678,5,食材,蛎黄酱
678,6,古籍来源,《齐民要术》
678,7,食材,蚶
678,8,烹饪方法,炙
678,9,食材,蛎
678,10,烹饪方法,炙
678,11,古籍来源,《谱》
678,12,食味,甘
678,13,食性,平
678,14,功效,补五脏
678,15,功效,调中
678,16,功效,解丹毒
678,17,功效,折酲止渴
678,18,功效,活血
678,19,功效,充饥
678,20,食材,鱼皮
678,21,烹饪方法,煨
678,22,古籍来源,《本草》
678,23,医家,李时珍
678,24,食材,鲨鱼
678,25,食材,白沙
678,26,烹饪方法,煎
678,27,食材,鱼唇
678,28,烹饪方法,煨
678,29,古籍来源,《文选》
679,1,食材,醋
679,2,食材,芡粉
679,3,食材,童鸡
679,4,食材,黄芪
679,5,食材,葱
679,6,食材,茴香
679,7,食材,秋油
679,8,食材,脂油
679,9,食材,水
679,10,食材,熟术
679,11,食材,盐
679,12,食材,料皮
679,13,食材,小茴
679,14,食材,花椒
679,15,食材,鸡
679,16,食材,鸭
679,17,食材,肚肺
679,18,食材,猪头
679,19,食材,猪蹄
679,20,食材,井水
679,21,烹饪方法,炒
679,22,烹饪方法,蒸
679,23,烹饪方法,煨
679,24,烹饪方法,煮
679,25,烹饪方法,烧
679,26,烹饪方法,撇
679,27,食疗方,黄芪蒸鸡
679,28,食疗方,卤鸡
679,29,病症,弱症
679,30,古籍来源,《古今秘苑》
681,1,古籍来源,《事物绀珠》
681,2,食材,蟹
681,3,食材,鲟鲱
681,4,烹饪方法,炒
681,5,食材,班鱼
681,6,食材,芡
681,7,食材,蟹腐
681,8,食材,白莱
681,9,烹饪方法,炒
681,10,食材,蟹黄
681,11,食材,螯
681,12,烹饪方法,蒸
681,13,食材,蟹
681,14,食材,鳘
681,15,烹饪方法,剥壳
681,16,烹饪方法,蒸
681,17,食材,生鸡蛋
681,18,烹饪方法,蒸
681,19,食材,蟹粉
681,20,食材,南瓜肉
681,21,食材,蛤蜊
681,22,烹饪方法,剥
681,23,食材,蛤蜊肉
681,24,食材,韭莱
681,25,烹饪方法,炒
681,26,食材,蛤蜊
681,27,烹饪方法,剖
681,28,古籍来源,《本草》
681,29,医家,汪机
681,30,食材,蛤蜊
681,31,食材,萁肉
681,32,古籍来源,《正字通》
681,33,古籍来源,《淮南子》
681,34,食材,蛤梨
681,35,古籍来源,《三围志〈欲正传》
681,36,食材,蛤蜊
681,37,古籍来源,《本草》
681,38,古籍来源,《穴书略》
681,39,食材,蛤蜊
681,40,食材,海蚌
681,41,古籍来源,《续见阐近录》
681,42,食材,蚬蛤
681,43,食材,蛤蜊
681,44,食材,海错
681,45,古籍来源,《清异录》
681,46,古籍来源,《淮甫》
681,47,食材,蚬
681,48,食材,蛤
681,49,食材,蚬
682,1,病症,胀
682,2,病症,溺赤
682,3,病症,便秘
682,4,病症,食不运化
682,5,禁忌,"新产后,皆忌之"
682,6,食材,山楂
682,7,烹饪方法,捣烂
682,8,食材,粉
682,9,食材,松仁屑
682,10,食材,白糖
682,11,烹饪方法,蒸
682,12,食味,酸
682,13,食味,甘
682,14,功效,醒酒
682,15,古籍来源,《本草》
682,16,医家,李时珍
682,17,古籍来源,《唐本草》
682,18,食材,赤爪木
682,19,古籍来源,《宋图经》
682,20,食材,棠球子
682,21,古籍来源,《丹溪补遗》
682,22,食材,山榱
682,23,食材,茅楂
682,24,食材,猴揸
682,25,食材,鼠楂
682,26,食材,赤枣
682,27,食材,赤枣子
682,28,食材,山里纸米
682,29,食材,酸枣
682,30,食材,鼻涕罚
682,31,食性,温
682,32,功效,消肉食
682,33,功效,破瘀血
682,34,功效,散结消胀
682,35,功效,解酒化痰
682,36,功效,除疳积
682,37,功效,己泻痢
682,38,禁忌,多食耗气
682,39,禁忌,损齿
682,40,禁忌,易饥
682,41,禁忌,"空腹及羸弱人,或虚病后。忌之"
682,42,食疗方,楂糕拌梨丝
682,43,食材,楂糕
682,44,食材,鸦梨
682,45,烹饪方法,切丝
682,46,食材,梨
682,47,食材,快果
682,48,食材,果宗
682,49,食材,玉乳
682,50,食材,蜜父
682,51,食材,林桷
682,52,食材,花红
683,1,食材,梨
683,2,食材,棠梨
683,3,食材,杜
683,4,食材,乳梨
683,5,食材,雪梨
683,6,食材,鹅梨
683,7,食材,绵梨
683,8,食材,消梨
683,9,食材,香水梨
683,10,食材,御儿梨
683,11,食材,玉乳梨
683,12,食材,青皮
683,13,食材,早毅
683,14,食材,半斤
683,15,食材,沙糜
683,16,食材,醋梨
683,17,食味,甘
683,18,食味,酸
683,19,功效,治病
683,20,功效,解烦
683,21,病症,惕
683,22,烹饪方法,蒸
683,23,烹饪方法,煮
683,24,烹饪方法,切
683,25,烹饪方法,烘
683,26,烹饪方法,为脯
683,27,烹饪方法,水煮熟
683,28,古籍来源,《汉书》
683,29,古籍来源,《史记》
683,30,古籍来源,《三秦记》
683,31,医家,贯思勰
683,32,医家,司马迂
683,33,医家,魏文弟
683,34,医家,辛氏
684,1,食材,鳗
684,2,食材,鳙鱼
684,3,古籍来源,《野莱谱》
684,4,食材,雪里获
684,5,食材,砹硪衲
684,6,食材,抓抓儿
684,7,食材,丝荞荞
684,8,食材,板荞苯
684,9,食材,猪殃硖
684,10,食材,油灼灼
684,11,食材,看麦娘
684,12,食材,燕子不来香
684,13,食材,灯嫩儿
684,14,食材,天藕儿
684,15,食材,狗脚迹
684,16,食材,猫耳朵
684,17,食材,雁肠子
684,18,食材,老鹳筋
684,19,古籍来源,《谱》
684,20,烹饪方法,腌
684,21,烹饪方法,泡
684,22,烹饪方法,压实
684,23,烹饪方法,装
684,24,烹饪方法,灌
684,25,烹饪方法,加
684,26,烹饪方法,封
684,27,烹饪方法,炒
684,28,烹饪方法,作汤
684,29,烹饪方法,风干
684,30,烹饪方法,斩碎
684,31,烹饪方法,腌熟
684,32,烹饪方法,切片
684,33,食材,芥心
684,34,食材,芥头
684,35,食材,芥根
684,36,古籍来源,《群芳谱》
684,37,食疗方,造黑肫莓法
684,38,食材,白莱
684,39,烹饪方法,腌透
684,40,烹饪方法,取出
684,41,烹饪方法,拊于桁
684,42,烹饪方法,眄极干
684,43,烹饪方法,上甑蒸熬
684,44,烹饪方法,再陋干
684,45,烹饪方法,收之
685,1,食材,核桃
685,2,食材,杏仁
685,3,食材,榛子
685,4,烹饪方法,炒
685,5,烹饪方法,炮
685,6,烹饪方法,酱
685,7,古籍来源,陆玑《诗疏》
685,8,古籍来源,《本草》
685,9,医家,李时珍
685,10,古籍来源,《志》
685,11,医家,郑玄
685,12,古籍来源,《谮》
685,13,食味,甘
685,14,食性,平
685,15,功效,补气开胃
685,16,功效,耐饥长力
685,17,功效,厚肠
685,18,病症,虚人
685,19,食材,蠡石花
685,20,食材,衣花
685,21,食材,麒麟莱
685,22,古籍来源,《汇苑》
685,23,食材,石花莱
685,24,食材,璃枝
685,25,食材,鹿角莱
685,26,食材,舌耳茗
685,27,食材,琼枝
685,28,食材,猴葵
685,29,禁忌,不可太焦
685,30,禁忌,久留亦易油坏
686,1,食材,麝香珠子
686,2,古籍来源,《本草别录》
686,3,食材,百合
686,4,食材,大蒜
686,5,烹饪方法,蒸
686,6,烹饪方法,煮
686,7,医家,陶弘景
686,8,医家,吴普
686,9,医家,李时珍
686,10,食材,山丹
686,11,古籍来源,《谮》
686,12,食味,甘
686,13,食性,平
686,14,功效,润肺
686,15,功效,补胃
686,16,功效,清心
686,17,功效,定魄息惊
686,18,功效,泽肤通乳
686,19,功效,祛风涤热
686,20,功效,化湿散痈
686,21,病症,急黄
686,22,病症,虚嗷
686,23,病症,盅毒
686,24,病症,悲哀
686,25,病症,脚气
686,26,病症,咽喉
686,27,烹饪方法,蒸
686,28,烹饪方法,煮
686,29,病症,虚火劳嗷
686,30,烹饪方法,煮粥
686,31,烹饪方法,煨肉
686,32,烹饪方法,澄粉
686,33,功效,补虚嬴
686,34,食材,藕粉
686,35,食材,白莲
686,36,食材,糯粉
686,37,烹饪方法,作饺
686,38,食材,肉圆
686,39,食材,麻团
686,40,食材,芝麻屑
686,41,食材,糖
686,42,古籍来源,《辜物绀珠》
686,43,医家,公刘
687,1,食材,松子
687,2,食味,甘
687,3,食性,平
687,4,功效,润燥补气
687,5,功效,充饥养液
687,6,功效,息风耐饥
687,7,功效,温胃通肠
687,8,功效,辟浊下气
687,9,功效,香身
687,10,食材,榧子
687,11,食味,甘
687,12,食性,温
687,13,功效,润肺
687,14,功效,止嗽
687,15,功效,化痰
687,16,功效,开胃
687,17,功效,杀虫
687,18,功效,滑肠消谷
687,19,禁忌,多食助火
687,20,禁忌,热嗽非宜
687,21,食材,榛子
687,22,食味,甘
687,23,食性,平
687,24,功效,补气
687,25,功效,开胃
687,26,功效,耐饥
687,27,功效,长力
687,28,功效,厚肠
687,29,食材,桔饼
687,30,食材,桔
687,31,食材,冰糖
687,32,古籍来源,《说文》
687,33,古籍来源,《玉篇》
687,34,古籍来源,《南方革木状》
687,35,古籍来源,《异物志》
687,36,古籍来源,《元和志》
687,37,古籍来源,《事类合璧》
687,38,古籍来源,《桔谱》
688,1,古籍来源,《同寿录》
688,2,食疗方,制桔饼法
688,3,食材,柽
688,4,食材,橙子
688,5,食材,水
688,6,食材,酸涩水
688,7,食材,洁白洋糖
688,8,烹饪方法,煮
688,9,烹饪方法,晒
688,10,烹饪方法,压扁
688,11,食材,金桔
688,12,烹饪方法,打扁
688,13,食材,冰糖
688,14,烹饪方法,熬
688,15,食材,卤
688,16,功效,淞脾
688,17,烹饪方法,生腌
688,18,古籍来源,魏王《花木志》
688,19,食材,给客橙
688,20,食材,卢桔
688,21,食材,桔
688,22,食材,柚
688,23,食材,樱桃
688,24,古籍来源,《岭表录昃》
688,25,食材,山桔子
688,26,食材,土瓜
688,27,食材,金柑
688,28,古籍来源,《桔谱》
688,29,食材,绿豆
688,30,食性,凉
688,31,食材,山金桔
688,32,食材,金豆
688,33,食材,樱桃
688,34,烹饪方法,蜜渍
688,35,古籍来源,《本草》
688,36,医家,李时珍
689,1,食材,桃
689,2,食材,梅
689,3,食材,桃脯
689,4,食材,杏脯
689,5,食材,金杏
689,6,食材,木杏
689,7,食材,杏仁
689,8,食味,甘
689,9,食味,酸
689,10,食性,温
689,11,功效,补心活血
689,12,功效,解渴充饥
689,13,功效,生津涤热
689,14,病症,痈疮
689,15,病症,疟
689,16,病症,痢
689,17,病症,虫
689,18,病症,疳
689,19,禁忌,凡食桃不消
689,20,烹饪方法,曝干
689,21,烹饪方法,瀹
689,22,烹饪方法,纳瓮中
689,23,烹饪方法,盖口
689,24,烹饪方法,漉去皮
689,25,烹饪方法,密封
689,26,烹饪方法,晒脯
689,27,烹饪方法,制酱
689,28,烹饪方法,造醋
689,29,烹饪方法,烧灰
689,30,烹饪方法,糖腌
689,31,烹饪方法,劈开
689,32,烹饪方法,熬
689,33,古籍来源,《周礼》
689,34,古籍来源,《本草》
689,35,古籍来源,《玉篇》
689,36,古籍来源,《谮》
689,37,医家,李时珍
689,38,医家,苏颂
689,39,医家,寇宗免
689,40,医家,王肃
689,41,医家,郑云
690,1,食材,钉头螺
690,2,古籍来源,《食物本草》
690,3,烹饪方法,治
690,4,食材,盐
690,5,食材,酒
690,6,烹饪方法,掰
690,7,烹饪方法,吸
690,8,古籍来源,《谱》
690,9,食味,咸
690,10,食性,凉
690,11,功效,舒郁
690,12,功效,散结热
690,13,功效,消瘰疬
690,14,食材,蟛蜞
690,15,食材,蟹
690,16,食材,酱
690,17,食材,葱
690,18,烹饪方法,炒
690,19,烹饪方法,腌
690,20,烹饪方法,醉
690,21,古籍来源,《尔雅》
690,22,古籍来源,《古今注》
690,23,古籍来源,《容斋四笔》
690,24,古籍来源,《北户录》
691,1,食味,甘
691,2,食味,辛
691,3,食性,温
691,4,功效,醒脾消食
691,5,功效,调脏腑
691,6,功效,除冷气
691,7,功效,杀鱼腥毒
691,8,食材,杭
691,9,食材,绍白糯米
691,10,食材,盐
691,11,禁忌,发风动疾
691,12,禁忌,痧痘
691,13,禁忌,产后
691,14,禁忌,咽喉
691,15,禁忌,目疾
691,16,禁忌,血症
691,17,禁忌,疮疟
691,18,食材,糖
691,19,食材,冰糖
691,20,食材,鲥鱼
691,21,食材,燕
691,22,食材,蕉
691,23,食材,芋蔗
691,24,食材,干蔗
691,25,食材,甘蔗
691,26,食材,都蔗
691,27,食材,橙
691,28,食材,饴饧
691,29,食材,石蜜
691,30,食材,沙饴
691,31,食材,沙糖
691,32,古籍来源,《齐民要术》
691,33,古籍来源,《说穴》
691,34,古籍来源,《书浅》
691,35,古籍来源,《集韵》
691,36,古籍来源,《屏物志》
691,37,古籍来源,《演綮客》
691,38,古籍来源,《七辨》
691,39,古籍来源,《西域志》
691,40,古籍来源,《糖霜谮》
692,1,古籍来源,《事物绀珠》
692,2,食疗方,水晶脍
692,3,食材,猪皮
692,4,烹饪方法,熬
692,5,烹饪方法,滤
692,6,烹饪方法,凝
692,7,烹饪方法,切
692,8,食材,肉鲱
692,9,食材,干肉皮
692,10,烹饪方法,煮
692,11,烹饪方法,刮
692,12,烹饪方法,铯
692,13,烹饪方法,暴燥
692,14,食材,凉开水
692,15,食材,盐花
692,16,食材,麻油
692,17,食材,芝麻
692,18,古籍来源,《谱》
692,19,食材,猪肤
692,20,食味,甘
692,21,食性,凉
692,22,功效,清虚热
692,23,病症,下痢
692,24,病症,心烦
692,25,病症,咽痛
692,26,食材,猪肉
692,27,烹饪方法,切
692,28,食材,干莱
692,29,烹饪方法,煨
692,30,食材,冬笋
692,31,烹饪方法,煨
692,32,食材,芊艿
692,33,食材,面筋
692,34,食材,鸡旦
692,35,食材,千层
692,36,烹饪方法,煨
692,37,食疗方,大蒜烤肉
692,38,食疗方,樱桃肉
692,39,食材,肉
692,40,烹饪方法,切
692,41,食材,笋干
692,42,食材,新蒜头
692,43,食材,酱水
692,44,烹饪方法,煨
692,45,食材,萝卜
692,46,烹饪方法,煨
692,47,食疗方,梅子肉
692,48,食材,肉
692,49,烹饪方法,斩碎
692,50,食材,网油
692,51,烹饪方法,灼
692,52,食材,作料
692,53,食材,芡粉
692,54,食材,醋
692,55,烹饪方法,起锅
692,56,食疗方,肉松
692,57,食材,鱼松
692,58,食材,精肉
692,59,烹饪方法,炒
692,60,食材,肉
693,1,食材,辣茄
693,2,食味,辛
693,3,食味,甘
693,4,功效,安胎止痛
693,5,功效,通乳和营
693,6,病症,霍乱
693,7,病症,转筋
693,8,病症,脚气
693,9,功效,杀诸虫
693,10,功效,理跌朴
693,11,功效,制鱼
693,12,功效,肉诸毒
693,13,禁忌,"气虚易汗者,不可单食"
693,14,禁忌,忌同蜜食
693,15,烹饪方法,油炸
693,16,古籍来源,《内则》
693,17,古籍来源,《尔雅》
693,18,古籍来源,《博雅》
693,19,古籍来源,《通志》
693,20,古籍来源,《礼记》
693,21,古籍来源,《本草》
693,22,古籍来源,《吴越春秋》
693,23,医家,李巡
693,24,医家,曹宪
693,25,医家,李时珍
693,26,食材,榄子
693,27,食材,食茱萸
693,28,食材,吴茱萸
693,29,食材,艾子
693,30,食材,辣子
693,31,食材,艾油
693,32,食材,辣米油
693,33,食材,辣椒
693,34,食材,番椒
693,35,食材,大敬
693,36,食材,薮
693,37,食材,茱萸
693,38,食材,山茱萸
693,39,食材,食茱萸
693,40,食材,吴茱萸
693,41,食材,榇
693,42,食材,莱
693,43,食材,榄
693,44,食材,樗
693,45,食味,辣
693,46,食味,苦
693,47,烹饪方法,捣滤取汁
693,48,烹饪方法,搅成
694,1,古籍来源,《武夷杂记》
694,2,食材,武夷茶
694,3,医家,蔡君谟
694,4,古籍来源,《茶疏》
694,5,古籍来源,《茶考》
694,6,古籍来源,《武夷山志》
694,7,食材,茶
694,8,食性,寒
694,9,食性,温
694,10,食材,岩茶
694,11,食材,洲茶
694,12,食材,小种
694,13,烹饪方法,焙
696,1,古籍来源,《药鉴》
696,2,食材,辽参
696,3,食材,广参
696,4,食材,肥皂参
696,5,食材,光参
696,6,食材,瓜皮参
696,7,古籍来源,《本草纲目拾遗》
696,8,食材,海参
696,9,古籍来源,《闽小纪》
696,10,医家,陈良翰
697,1,食材,牛乳
697,2,食材,酪
697,3,食材,酥
697,4,食材,醍醐
697,5,食材,乳饼
697,6,食材,乳团
697,7,食材,乳线
697,8,古籍来源,《饮菩正要》
697,9,古籍来源,《臃仙神隐书》
697,10,古籍来源,《本草》
697,11,医家,李时珍
697,12,医家,苏恭
697,13,医家,雷教
697,14,医家,陈藏器
697,15,烹饪方法,炒
697,16,烹饪方法,熬
697,17,烹饪方法,煎
697,18,烹饪方法,晒
697,19,烹饪方法,滤
697,20,烹饪方法,捣
697,21,烹饪方法,压
697,22,烹饪方法,搦
697,23,食性,滑
697,24,食材,鸡子壳
697,25,食材,壶卢
697,26,食材,盐
697,27,食材,醋
697,28,食材,浆水
698,1,食材,鸽子
698,2,食材,火腿
698,3,食味,甘
698,4,食性,平
698,5,功效,清热解毒
698,6,功效,愈疮
698,7,功效,止渴
698,8,功效,息风
698,9,病症,瘿
698,10,古籍来源,《山堂肆考》
698,11,古籍来源,《本草》
698,12,古籍来源,《清异录》
698,13,古籍来源,《南唐近事》
698,14,古籍来源,《集韵》
698,15,医家,段成式
699,1,古籍来源,《谮》
699,2,食性,热
699,3,食味,甘
699,4,食味,苦
699,5,食味,辛
699,6,食味,酸
699,7,功效,壮胆
699,8,功效,辟謇
699,9,功效,和血养气
699,10,功效,行药势
699,11,禁忌,多饮必病
699,12,食材,酒
699,13,食材,绍兴酒
699,14,食材,郫筒酒
699,15,食材,郫箭酒
699,16,食味,甜
699,17,食味,涩
700,1,古籍来源,《宋虫〈食货志》
700,2,古籍来源,《周官》
700,3,古籍来源,《周礼》
700,4,古籍来源,《群书考索》
700,5,食材,盐
700,6,食材,颗盐
700,7,食材,末盐
700,8,食材,苦盐
700,9,食材,形盐
700,10,食材,印盐
700,11,食材,池盐
700,12,食材,青州盐
700,13,食材,岭南盐
700,14,食材,并州盐
700,15,食材,胡中盐
700,16,食材,陕西盐
700,17,食材,碱
700,18,食味,咸
700,19,食味,苦
700,20,烹饪方法,煮
700,21,烹饪方法,煎
700,22,烹饪方法,炼
701,1,食材,甲鱼
701,2,食材,脂油
701,3,食材,蒜
701,4,食材,葱
701,5,食材,姜
701,6,食材,糖
701,7,食材,酒
701,8,食材,盐
701,9,食材,笋尖
701,10,食材,椒
701,11,食材,鸡汤
701,12,食材,秋油
701,13,烹饪方法,煮
701,14,烹饪方法,煎
701,15,烹饪方法,煨
701,16,烹饪方法,炮
701,17,烹饪方法,白煮
701,18,烹饪方法,切
701,19,烹饪方法,拆
701,20,烹饪方法,覆
702,1,古籍来源,《齐民要术》
702,2,食材,单螯
702,3,烹饪方法,炙
702,4,食材,蛎
702,5,食材,姜
702,6,食材,桔屑
702,7,古籍来源,《饮食谱》
702,8,食材,西施舌
702,9,食材,蛏干
702,10,烹饪方法,泡
702,11,烹饪方法,煮
702,12,烹饪方法,煨
702,13,古籍来源,《正字通》
702,14,食材,小蚌
702,15,食材,蚬
702,16,古籍来源,《山堂肆考》
702,17,食材,蛏
702,18,食性,寒
702,19,功效,消渴
702,20,古籍来源,《艺苑卮言》
702,21,食材,蛭
702,22,古籍来源,《本草》
702,23,医家,陈藏器
702,24,医家,李时珍
702,25,食材,蛤蜊
702,26,食材,蜮
702,27,食材,蛤
702,28,食材,马刀
702,29,食材,蛤鼠
702,30,食材,生蛙
702,31,食材,蛟始
703,1,食材,鲜蛏
703,2,食材,蛏
703,3,食材,蛑
703,4,食材,豆腐
703,5,食材,蛤蜊
703,6,食材,水鸡
703,7,食材,蛙
703,8,食材,虾蟆
703,9,食材,田鸡
703,10,食材,土鸭
703,11,食材,蛤子
703,12,食材,坐鱼
703,13,食材,蛤
703,14,烹饪方法,炒
703,15,烹饪方法,炝
703,16,烹饪方法,油灼
703,17,医家,陶弘景
703,18,医家,李时珍
703,19,古籍来源,《本草》
703,20,古籍来源,《尔雅》
703,21,古籍来源,《岭表录异》
703,22,古籍来源,《清异录》
703,23,古籍来源,《南楚新闻》
705,1,食材,黄芽莱
705,2,食材,火腿
705,3,食材,鸡汤
705,4,食材,豆渣
705,5,食材,糠屑
705,6,食材,瓜皮
705,7,食材,莱叶
705,8,食味,甘
705,9,食味,咸
705,10,食性,温
705,11,功效,补脾开胃
705,12,功效,滋肾生津
705,13,功效,益气血
705,14,功效,充精髓
705,15,功效,治虚劳怔忡
705,16,功效,止虚痢泄泻
705,17,功效,健腰脚
705,18,功效,愈疮漏
705,19,烹饪方法,煨
705,20,烹饪方法,蒸
705,21,烹饪方法,腌
705,22,烹饪方法,晒
705,23,烹饪方法,煮
705,24,禁忌,否则非咸则鞭
705,25,养生原则,调其饥饱
705,26,养生原则,察其冷暖
705,27,养生原则,冬食必热食
705,28,古籍来源,《东阳县志》
705,29,古籍来源,《本草纲目拾遗》
705,30,古籍来源,《谱》
706,1,食材,表螵
706,2,食材,梅螺
706,3,食材,泥酆
706,4,食材,吐铁
706,5,食材,麦嫘
706,6,食材,桄花吐铁
706,7,食材,海蜇
706,8,食材,鲱鱼
706,9,食味,咸
706,10,食性,寒
706,11,功效,补肾
706,12,功效,明目
706,13,功效,析酲
706,14,烹饪方法,盐渍
706,15,烹饪方法,腌蔽
706,16,烹饪方法,糟浸
706,17,烹饪方法,煮
706,18,烹饪方法,醉
706,19,烹饪方法,浸
706,20,烹饪方法,拌
706,21,禁忌,令人头重
706,22,古籍来源,《海味索隐》
706,23,古籍来源,《见咫编》
706,24,古籍来源,《海州志》
706,25,古籍来源,《博物志》
706,26,古籍来源,《岭表录异》
707,1,古籍来源,《谱》
707,2,食味,微苦
707,3,食味,甘
707,4,食性,凉
707,5,功效,清心神
707,6,功效,醒睡除烦
707,7,功效,凉肝胆
707,8,功效,涤热消痰
707,9,功效,肃肺胃
707,10,功效,明目解渴
707,11,病症,不渴
707,12,食材,茶
707,13,烹饪方法,炒
707,14,烹饪方法,焙
707,15,烹饪方法,切
707,16,烹饪方法,熬
707,17,食材,武夷茶
707,18,食味,浓苦
707,19,功效,清
707,20,功效,情悦性
708,1,古籍来源,《尔雅翼》
708,2,食材,鲇鱼
708,3,食材,缇鱼
708,4,古籍来源,《本草》
708,5,医家,陶弘景
708,6,食材,鳐
708,7,烹饪方法,臃
708,8,功效,补
708,9,食材,镬
708,10,食材,鲲
708,11,食材,人鱼
708,12,食材,鲩
708,13,食材,河兆
708,14,医家,时珍
708,15,食材,鲴鱼
708,16,古籍来源,《说文》
708,17,古籍来源,《山海经》
708,18,食材,绋
708,19,古籍来源,《玉篇》
708,20,食材,鳆
708,21,古籍来源,《广韵》
708,22,食材,鳏
708,23,食材,鲢
708,24,食材,鹱
708,25,食材,鱿
708,26,古籍来源,《广雅》
708,27,食材,鲅
708,28,食材,鳢
708,29,食材,儒艮
708,30,食材,鲴
708,31,食材,啼
708,32,食材,鲱
708,33,食材,鲔
708,34,食材,鲤
709,1,食材,豆腐
709,2,食材,瓜茄
709,3,食材,鱼
709,4,食材,鹅
709,5,食材,鸭
709,6,食材,甲鱼
709,7,食材,鲥鱼
709,8,食材,腌蛋
709,9,食材,羊头
709,10,食材,羊头肉
709,11,食材,跑羊
709,12,食材,鹅掌
709,13,食材,鳖
709,14,烹饪方法,蒸
709,15,烹饪方法,炙
709,16,烹饪方法,煨
709,17,烹饪方法,烧
709,18,烹饪方法,跑
709,19,烹饪方法,生炙
709,20,食疗方,羊头签
709,21,古籍来源,《肠谷漫录》
709,22,古籍来源,《善书》
710,1,食材,石首鱼
710,2,食材,石头鱼
710,3,食材,梅鱼
710,4,食材,梅黛
710,5,食材,纨鱼
710,6,食材,鲞鱼
710,7,食材,黄炙鱼
710,8,食材,小首鱼
710,9,食材,鳐
710,10,食材,鲤
710,11,食材,螋鱼
710,12,食材,兜鲇
710,13,食材,姝鱼
710,14,食材,蝤鱼
710,15,食材,梅骨
710,16,食材,梅童
710,17,食材,春来
710,18,古籍来源,《游览志》
710,19,古籍来源,《临海异物志》
710,20,古籍来源,《正字通》
710,21,古籍来源,《岭表录》
710,22,古籍来源,《浙志》
710,23,古籍来源,《温海志》
710,24,古籍来源,《函史物性志》
710,25,古籍来源,《广舆记》
710,26,古籍来源,《博雅》
710,27,古籍来源,《江赋》
710,28,古籍来源,《博物志》
710,29,古籍来源,《雨航杂录》
711,1,食材,秦椒
711,2,食材,蜀椒
711,3,食材,花椒
711,4,食材,胡椒
711,5,食材,虾
711,6,食材,蚶
711,7,食材,鱼
711,8,食味,辛
711,9,食性,温
711,10,功效,调中下气
711,11,功效,除湿杀虫
711,12,功效,止痛行瘀
711,13,功效,振味助鲜
711,14,医家,李时珍
711,15,古籍来源,《六书故》
711,16,古籍来源,《本革》
711,17,古籍来源,《范子计然》
711,18,古籍来源,《酉阳杂俎》
711,19,古籍来源,《本蕈》
711,20,古籍来源,《清异录》
712,1,食材,芋粉
712,2,食材,米粉
712,3,食材,野鸡
712,4,食材,藕
712,5,食材,米
712,6,食材,蜜
712,7,食材,苏面
712,8,食材,栗
712,9,食材,松子仁
712,10,食材,菱
712,11,食材,糖
712,12,食材,桂花
712,13,食材,水红菱
712,14,食材,馄饨菱角团
712,15,食材,建莲
712,16,食材,湖莲
712,17,烹饪方法,磨
712,18,烹饪方法,煮
712,19,烹饪方法,蒸
712,20,烹饪方法,煨
712,21,烹饪方法,灌
712,22,烹饪方法,封
712,23,烹饪方法,削
712,24,烹饪方法,截
712,25,烹饪方法,抽
712,26,烹饪方法,闷
712,27,烹饪方法,煮熟
712,28,古籍来源,《齐民卖术》
713,1,古籍来源,《清嘉录》
713,2,古籍来源,《吴门风土纪》
713,3,古籍来源,《桐桥倚棹录》
713,4,古籍来源,《清史稿》
713,5,古籍来源,《潸史列传》
713,6,古籍来源,《阐见阐幽录》
713,7,古籍来源,《适园丛稿》
718,1,古籍来源,《酉阳杂俎》
718,2,古籍来源,《月令》
718,3,古籍来源,《孔氏正义》
718,4,古籍来源,《白虎通》
718,5,古籍来源,《搜神记》
718,6,古籍来源,《五行书》
718,7,古籍来源,《图经》
718,8,古籍来源,《篦新合志》
719,1,食材,菊
719,2,食材,甘菊
719,3,食材,黄雀
719,4,烹饪方法,掇
719,5,古籍来源,《菊谱略》
719,6,古籍来源,《艺菊说》
719,7,古籍来源,《艺菊须知》
719,8,古籍来源,《网见阐幽爽》
719,9,医家,范成大
719,10,医家,顾铁卿
719,11,医家,韦涟怀
719,12,医家,贝三泉
722,1,食材,茶
722,2,病症,注夏
722,3,病症,苦夏
722,4,古籍来源,《吴骶》
723,1,古籍来源,《老学庵笔记》
723,2,古籍来源,《释氏要览》
723,3,古籍来源,《颜之推家训.终制篇》
723,4,古籍来源,《广异记》
723,5,医家,陆放翁
723,6,医家,晏殊
723,7,食材,素馔
723,8,食材,酒
723,9,烹饪方法,焚
723,10,禁忌,不可量
723,11,病症,饿鬼之苦
726,1,食材,馒首
726,2,食材,胶牙饧
726,3,食材,米粉
726,4,食材,豆沙馅
726,5,食材,白米
726,6,食材,青豆
726,7,烹饪方法,造
726,8,烹饪方法,裹
726,9,烹饪方法,作
726,10,烹饪方法,缚
726,11,烹饪方法,翦
726,12,烹饪方法,糊
726,13,烹饪方法,撒
726,14,烹饪方法,出磨
726,15,烹饪方法,作饼
726,16,古籍来源,蔡云《吴觖》
726,17,古籍来源,郭廪《送灶词》
729,1,食材,糖
729,2,食材,茶
729,3,食材,果
729,4,食材,饭
732,1,食材,熊胆
732,2,食性,寒
732,3,病症,时气盛热
732,4,病症,疳
732,5,病症,小儿惊痈
732,6,禁忌,十月勿食
732,7,禁忌,伤神
732,8,病症,小儿惊痼
732,9,病症,瘼疯
732,10,食材,乳汁
732,11,食材,竹沥
732,12,功效,去心中涎
732,13,医家,张鼎
732,14,食味,苦
732,15,归经,入心肝脾胆大肠经
732,16,功效,清热镇痛
732,17,功效,明目平肝
732,18,功效,杀虫
732,19,病症,时气热盛娈为黄疸
732,20,病症,暑月久利
732,21,病症,疳暨心痛
732,22,古籍来源,《唐本草》
733,1,食材,酒
733,2,食疗方,紫酒
733,3,病症,角弓风
733,4,病症,偏风中恶
733,5,食材,桑椹
733,6,功效,补五脏
733,7,功效,明耳目
733,8,功效,解烦热
733,9,功效,补虚劳
733,10,食疗方,蜜酒
733,11,病症,风疹
733,12,食材,地黄
733,13,食材,牛膝
733,14,食材,虎骨
733,15,食材,仙灵脾
733,16,食材,通草
733,17,食材,姜
733,18,食材,葱豉
733,19,烹饪方法,煎汁
733,20,食材,麸米
733,21,烹饪方法,酿酒
733,22,烹饪方法,切碎
733,23,烹饪方法,浸
733,24,烹饪方法,煮饮
733,25,食疗方,牛膝酒
733,26,功效,壮筋骨
733,27,病症,痿痹
733,28,功效,补虚损
733,29,功效,除久疟
733,30,食材,怀牛膝
733,31,食材,川牛膝
733,32,食味,苦
733,33,食味,酸
733,34,食性,平
733,35,归经,入肝
733,36,归经,肾二经
733,37,古籍来源,《本经》
733,38,病症,寒湿痿痹
733,39,病症,四肢拘挛
733,40,病症,膝痛不可厢
733,41,功效,逐血气
733,42,病症,伤热火烂
733,43,功效,堕胎
733,44,古籍来源,《别录》
733,45,病症,伤中少气
733,46,病症,男肾阴消
733,47,病症,老人失溺
733,48,功效,补中续绝
733,49,功效,填骨
733,50,病症,脑中痛
733,51,病症,腰脊痛
733,52,病症,妇人月水不通
733,53,病症,血结
733,54,功效,益精
733,55,功效,利阴气
733,56,功效,止发臼
733,57,食材,甜牛膝
733,58,食味,甘
733,59,食味,微苦
733,60,食性,平
733,61,食材,麻牛膝
733,62,食材,头花蒽草
734,1,古籍来源,《食疗本草》
734,2,医家,孟诜
734,3,医家,张鼎
734,4,食材,瓜果
734,5,食材,莱蔬
734,6,食材,草木
734,7,食材,动物
734,8,食材,米谷
735,1,食材,苦笋
735,2,食材,淡竹沥
735,3,食材,淡竹茹
735,4,食材,竹实
735,5,食材,筻
735,6,食性,大寒
735,7,食性,寒
735,8,食性,凉
735,9,食性,平
735,10,食味,甘
735,11,食味,苦
735,12,归经,入心
735,13,归经,胃经
735,14,功效,不发痰
735,15,功效,通神明
735,16,功效,轻身
735,17,功效,益气
735,18,功效,提神助兴
735,19,功效,清热利湿
735,20,功效,除热气
735,21,功效,止消渴
735,22,功效,明目
735,23,功效,解酒毒
735,24,功效,去面目及口腔热
735,25,功效,清热滑痰
735,26,功效,镇惊利窍
735,27,功效,化痰止渴
735,28,功效,补虚下气
735,29,病症,中风
735,30,病症,烦闷
735,31,病症,劳复
735,32,病症,噎膈
735,33,病症,鼻衄
735,34,病症,风痉
735,35,病症,胃热噎膈
735,36,病症,胃虚干呕
735,37,病症,热呃咳逆
735,38,病症,痰热恶心
735,39,病症,滔伤呕吐
735,40,病症,痰涎酸水
735,41,病症,惊悸怔忡
735,42,病症,心烦躁乱
735,43,病症,睡卧不宁
735,44,病症,咳逆上气
735,45,病症,筋急恶疡
735,46,病症,喉痹
735,47,病症,呕吐
735,48,脏腑,心
735,49,烹饪方法,劈开
735,50,烹饪方法,火烤
735,51,禁忌,不宜人
735,52,古籍来源,《本草图经》
735,53,古籍来源,《本经》
735,54,古籍来源,《别录》
735,55,医家,陶弘景
737,1,食材,甘菊
737,2,食性,平
737,3,食材,叶
737,4,烹饪方法,揉
737,5,烹饪方法,作羹
737,6,食材,茎
737,7,食材,花
737,8,病症,头风目眩
737,9,病症,泪出
737,10,功效,去烦热
737,11,功效,利五藏
737,12,食材,野生苦菊
737,13,禁忌,不堪用
737,14,食材,菊花
737,15,食材,白菊
737,16,食材,滁菊
737,17,食材,贡菊
737,18,食材,杭白菊
737,19,食材,杭黄菊
737,20,古籍来源,《别录》
737,21,食材,根
737,22,食材,实
737,23,烹饪方法,阴干
737,24,食材,叶
737,25,食味,甘
737,26,食味,辛
737,27,食性,平
737,28,病症,痈疽
737,29,食材,茎
737,30,食味,甘
737,31,食味,微苦
737,32,食性,凉
737,33,功效,清肝利胆
737,34,功效,明目宁心
737,35,病症,头风眩晕
737,36,病症,目翳
737,37,功效,去胸中痰饮
737,38,烹饪方法,煎汤
737,39,烹饪方法,煮粥
737,40,烹饪方法,作羹
737,41,食材,花
737,42,食味,甘
737,43,食味,苦
737,44,食性,凉
737,45,功效,疏风清热
737,46,功效,明目宁心
737,47,功效,解毒消肿
737,48,古籍来源,《本草纲目》
737,49,古籍来源,《牧竖闲谈》
737,50,食材,诸菊
737,51,食材,田野菊
737,52,食材,苦薏
737,53,功效,延龄
737,54,功效,泄人
738,1,食材,青小豆
738,2,食性,寒
738,3,功效,疗热中
738,4,病症,消渴
738,5,功效,止痢
738,6,功效,下胀满
738,7,食材,豌豆
738,8,食材,睥豆
738,9,食材,蹇豆
738,10,食材,毕豆
738,11,食材,麻累
738,12,食味,甘
738,13,食性,平
738,14,古籍来源,《千金方.食治》
738,15,食味,咸
738,16,食性,温
738,17,功效,主寒热
738,18,功效,热中
738,19,病症,消渴
738,20,功效,止泄利
738,21,功效,利小便
738,22,功效,除吐逆
738,23,功效,卒溉
738,24,功效,下腹胀满
738,25,食材,胡豆
738,26,食材,鲤鱼鲱
738,27,禁忌,令人肝至五年成干疳病
738,28,食材,绿豆
738,29,古籍来源,《太平圣惠方》
739,1,古籍来源,《政和经史证类本草》
739,2,古籍来源,《食疗》
739,3,医家,孟诜
739,4,医家,张鼎
739,5,古籍来源,《嘉祜本草》
739,6,古籍来源,《医心方》
739,7,医家,晤玄子张
739,8,病症,头面热风
739,9,禁忌,患冷人勿食之
739,10,禁忌,令人益瘦
739,11,古籍来源,《敦煌》
739,12,烹饪方法,投
739,13,烹饪方法,曝干
739,14,烹饪方法,纳
739,15,烹饪方法,渍
739,16,烹饪方法,浸
739,17,烹饪方法,服
740,1,食材,牛髓
740,2,食味,甘
740,3,食性,温
740,4,归经,心
740,5,归经,脾
740,6,功效,安五脏
740,7,功效,平三焦
740,8,功效,温中
740,9,功效,久服增年
740,10,功效,补气养血
740,11,功效,润肺生精
740,12,功效,填补骨髓
740,13,脏腑,心
740,14,脏腑,肝
740,15,脏腑,脾
740,16,脏腑,肺
740,17,脏腑,肾
740,18,脏腑,胃
740,19,脏腑,胆
740,20,脏腑,膀胱
740,21,脏腑,肛门
741,1,食材,驴皮
741,2,病症,疟
741,3,烹饪方法,煎
741,4,食味,甘
741,5,食性,平
741,6,归经,肺
741,7,归经,肝
741,8,归经,肾经
741,9,功效,滋阴补血
741,10,功效,益气安神
741,11,功效,添精固肾
741,12,功效,强坚筋骨
741,13,病症,风毒
741,14,病症,骨节痛
741,15,病症,呻吟不止
741,16,古籍来源,《嘉裕本草》
741,17,医家,孟诜
741,18,食疗方,驴皮胶
741,19,食疗方,傅致胶
741,20,食疗方,盆覆胶
741,21,食疗方,阿胶
741,22,病症,下血
741,23,病症,腹内崩
741,24,病症,劳极洒洒如疟状
741,25,病症,腰腹痛
741,26,病症,四肢酸疼
741,27,病症,胎不安
741,28,病症,少腹痛
741,29,病症,虚劳羸瘦
741,30,病症,阴气不足
741,31,病症,脚酸不能久立
741,32,病症,精血虚
741,33,病症,肝肾不足
741,34,烹饪方法,作胶
741,35,烹饪方法,消和酒服
741,36,古籍来源,《本草经疏》
742,1,食材,罗勒
742,2,食味,辛
742,3,食性,温
742,4,功效,调中消食
742,5,功效,去恶气
742,6,功效,消水气
742,7,病症,齿根烂疮
742,8,禁忌,壅关节
742,9,禁忌,涩荣卫
742,10,禁忌,令血脉不行
742,11,禁忌,动风发脚气
742,12,病症,患畹
742,13,烹饪方法,煮
742,14,食材,子
742,15,病症,目臀及物入目
742,16,病症,风赤眵泪
742,17,食材,根
742,18,病症,小儿黄烂疮
742,19,烹饪方法,烧灰
742,20,食材,香莱
742,21,食材,翳子草
742,22,食材,九层塔
742,23,食材,苏薄荷
742,24,食材,省头草
742,25,食性,温
742,26,功效,疏风行气
742,27,功效,消食除哕
742,28,功效,活血化
742,29,功效,解毒
742,30,医家,罗天益
742,31,食材,兰香
742,32,食味,辛
742,33,食性,温
742,34,功效,和血润燥
742,35,医家,掌禹锡
742,36,医家,东垣李氏
742,37,病症,牙疼口臭
742,38,食疗方,神功丸
742,39,功效,辟腥气
742,40,食材,子
742,41,食材,罗勒子
742,42,食材,兰香子
742,43,食材,光明子
742,44,食味,甘辛
742,45,食性,凉
742,46,病症,目昏浮翳
742,47,病症,拳毛倒睫
742,48,病症,多眵
742,49,病症,口腔臭
742,50,病症,齿黑
742,51,病症,走马牙疳
742,52,古籍来源,《饮膳正要》
742,53,古籍来源,《邺中记》
742,54,食材,香菜
743,1,食材,婿脂
743,2,食味,甘
743,3,食性,平
743,4,病症,耳聋
743,5,病症,肠风鸨血
743,6,食材,桔梗
743,7,食味,苦辛
743,8,食性,平
743,9,归经,肺
743,10,归经,胃经
743,11,功效,宣通肺气
743,12,功效,祛痰排脓
743,13,食材,麦门冬
743,14,食味,甘
743,15,食味,徵苦
743,16,食性,褰
743,17,功效,养阴润肺
743,18,功效,除烦清心
743,19,功效,益胃生津
743,20,古籍来源,《本草拾遗》
743,21,古籍来源,《日华子本草》
744,1,食材,天门冬
744,2,食味,甘
744,3,食味,苦
744,4,食性,寒
744,5,归经,入肺
744,6,归经,肾经
744,7,功效,补虚劳
744,8,功效,治肺劳
744,9,功效,止渴
744,10,功效,去热风
744,11,功效,滋阴
744,12,功效,润燥
744,13,功效,清肺
744,14,功效,降火
744,15,病症,虚劳绝伤
744,16,病症,老年衰损羸瘦
744,17,病症,偏枯不随
744,18,病症,风湿不仁
744,19,病症,冷痹
744,20,病症,心腹积聚
744,21,病症,恶疮
744,22,病症,痈疽肿癞
744,23,病症,阴痿
744,24,病症,耳聋
744,25,病症,目暗
744,26,病症,肺气咳逆
744,27,病症,喘息促急
744,28,病症,肺痿生痈吐脓
744,29,病症,湿疥
744,30,病症,消渴
744,31,病症,热中风
744,32,病症,心病嗌干
744,33,病症,心痛
744,34,病症,渴而欲饮
744,35,病症,痿飚嗜卧
744,36,病症,足下热痛
744,37,病症,五劳七伤
744,38,病症,肺气并嗽
744,39,病症,消痰
744,40,病症,风痹热毒
744,41,病症,游风
744,42,病症,烦闷吐血
744,43,古籍来源,《千金方》
744,44,古籍来源,《药性论》
744,45,古籍来源,《日华子本草》
745,1,食性,平
745,2,食材,决明子
745,3,脏腑,肝
745,4,病症,热毒气
745,5,病症,风眼赤泪
745,6,功效,明目
745,7,功效,通便利水
745,8,病症,高血压
745,9,病症,肝炎
745,10,病症,肝硬化腹水
745,11,功效,降低血清胆甾醇
746,1,食材,鳜鲼鱼
746,2,食材,芦根
746,3,烹饪方法,煮
746,4,食材,鲈鱼
746,5,古籍来源,《幕祜本草》
746,6,食材,河豚
746,7,食材,赤鲑
746,8,食材,鲧鲐
746,9,食材,嫩鱼
746,10,食材,鲂鱼
746,11,食材,吹肚鱼
746,12,食材,气泡鱼
746,13,食材,胡夷鱼
746,14,禁忌,不可食之
746,15,禁忌,食用时应除去内脏
746,16,禁忌,以不吃为宜
747,1,食材,野鸭
747,2,功效,补中
747,3,功效,益气
747,4,功效,消食
747,5,食性,寒
747,6,功效,不动气
747,7,功效,消十二种虫
747,8,功效,平胃气
747,9,功效,调中
747,10,功效,轻身
747,11,病症,身上诸小热疮
747,12,病症,多年不可者
747,13,功效,补虚
747,14,功效,助力
747,15,功效,和胃气
747,16,功效,治热毒风及恶疮疬
747,17,功效,杀腹藏一切虫
747,18,古籍来源,《嘉祜本草》
747,19,医家,盂诜
747,20,古籍来源,《尸子》
747,21,古籍来源,《日华子本草》
748,1,食材,艾
748,2,食材,干者并煎者
748,3,病症,金疮
748,4,病症,崩中
748,5,病症,霍乱
748,6,病症,胎漏
748,7,食材,生姜
748,8,病症,泻痢
748,9,食材,艾叶
748,10,食材,冰台
748,11,食材,艾蒿
748,12,食材,医草
748,13,食材,灸草
748,14,食材,野莲头
748,15,食材,狼尾蒿子
748,16,食材,野艾
748,17,食材,火艾
748,18,食材,五月艾
748,19,食味,苦辛
748,20,食性,温
748,21,归经,脾肝肾经
748,22,功效,理气血
748,23,功效,温经逐寒湿
748,24,功效,止血止痢
748,25,功效,安胎
748,26,功效,治带下
748,27,功效,疗皮肤疥癣
748,28,病症,慢性胃炎
748,29,病症,胃寒作痛
748,30,病症,慢性肠炎
748,31,病症,腹胀不思食
748,32,病症,寒腿痛
748,33,病症,钩蚴皮炎
748,34,病症,慢性皮炎
748,35,病症,寻常疣
748,36,病症,急性菡痢
748,37,病症,间日疟
748,38,病症,慢性气管炎
748,39,病症,慢性肝炎
748,40,病症,黄疸
748,41,古籍来源,《养生必用方》
748,42,病症,妇人崩中连日不止
748,43,食材,熟艾
748,44,食材,阿胶
748,45,食材,干姜
748,46,烹饪方法,煮
748,47,烹饪方法,烊化
748,48,古籍来源,《肘后方》
748,49,病症,妊娠率胎动不安
748,50,病症,腰痛
748,51,病症,胎转抢心
748,52,病症,下血不止
748,53,食疗方,"熟艾如鸡子大。阿胶(炒为末)半两。干姜一钱。水五盏。先煮艾。姜至二盏半,入胶烊化。分三服。空腹服,一日尽"
748,54,食疗方,"艾叶-鸡子大,以酒四升。煮取二升。分为二服"
748,55,烹饪方法,煎
749,1,食材,胡椒
749,2,食性,热
749,3,食味,辛
749,4,功效,温中下气
749,5,功效,驱寒止痛
749,6,功效,解毒
749,7,功效,和气
749,8,禁忌,不可过服
749,9,病症,五脏风冷
749,10,病症,冷气心腹痛
749,11,病症,胃口气虚冷
749,12,病症,宿食不消
749,13,病症,霍乱气逆
749,14,病症,心腹卒痛
749,15,病症,冷气上冲
749,16,古籍来源,《唐本草》
749,17,古籍来源,《海药本草》
750,1,食材,盐
750,2,食材,槐白皮
750,3,食材,皂荚
750,4,食味,咸
750,5,食味,苦
750,6,食味,辛
750,7,食性,寒
750,8,食性,平
750,9,食性,湿
750,10,归经,胃
750,11,归经,肾
750,12,归经,大小肠经
750,13,功效,消肿止痛
750,14,功效,祛风邪
750,15,功效,除湿毒
750,16,功效,杀虫
750,17,功效,止心腹卒痛
750,18,功效,坚肌骨
750,19,功效,主肠胃结热
750,20,病症,蠼螋尿疮
750,21,病症,一切气
750,22,病症,脚气
750,23,病症,下部鳘疮
750,24,病症,伤寒寒热
750,25,病症,吐胸中痰癖
750,26,病症,心腹卒痛
750,27,病症,肠胃结热
750,28,病症,喘逆
750,29,病症,胸中满
750,30,病症,中风皮肤不仁
750,31,病症,口齿风疳
750,32,病症,喉痹
750,33,病症,肠风下血
750,34,病症,阴部搔痒
750,35,病症,阴囊坠肿
750,36,病症,痔疮
750,37,病症,恶疮
750,38,病症,汤火烫伤
750,39,烹饪方法,煮
750,40,古籍来源,《别录》
751,1,食材,薏苡仁
751,2,食性,平
751,3,食性,凉
751,4,食味,甘
751,5,归经,入脾肺肾经
751,6,功效,去千湿脚气
751,7,功效,健脾利湿
751,8,功效,补肺清热
751,9,功效,去风胜湿
751,10,功效,利筋脉
751,11,功效,治疗风湿性关节炎
751,12,功效,消水肿
751,13,功效,除胸中邪气
751,14,功效,通筋络
751,15,功效,活血脉
751,16,功效,健脾胃
751,17,食材,粳米
751,18,烹饪方法,煮粥
751,19,烹饪方法,酿滔
751,20,养生原则,食疗上品
751,21,古籍来源,嘉祜本草
752,1,食材,狗胆
752,2,食味,苦
752,3,食性,寒
752,4,归经,足少阳胆
752,5,归经,足厥阴肝经
752,6,功效,止血消肿
752,7,功效,清肝明目
752,8,功效,去诸疥癣疮疾
752,9,病症,痞块疳积
752,10,病症,跌扑损伤
752,11,病症,刀箭伤
752,12,病症,眼痒急赤涩
752,13,病症,醇耳脓水不止
752,14,食材,白矾
752,15,食材,猪脂
752,16,烹饪方法,烧
752,17,烹饪方法,研
752,18,烹饪方法,调和
752,19,古籍来源,《嘉祜本草》
752,20,医家,孟诜
752,21,古籍来源,《圣惠方》
753,1,食材,鹅
753,2,食性,冷
753,3,禁忌,不可多食
753,4,禁忌,令人易霍乱
753,5,病症,痼疾
753,6,古籍来源,《嘉祜本草》
753,7,医家,孟诜
753,8,食材,鹅又名舒雁
753,9,食材,家雁
753,10,食材,苍鹅
753,11,食材,白鹅
753,12,古籍来源,《日华子本草》
753,13,食性,凉
753,14,归经,脾
753,15,归经,肺经
753,16,功效,益气补虚
753,17,功效,和胃止渴
753,18,病症,虚羸
753,19,古籍来源,《本草求真》
753,20,食味,甘
753,21,食味,辛
753,22,食性,平
753,23,脏腑,五脏
753,24,病症,体实气燥
754,1,食材,猪肚
754,2,食味,甘
754,3,食性,温
754,4,食性,微寒
754,5,功效,补中益气
754,6,功效,止渴
754,7,病症,暴利虚弱
754,8,病症,骨蒸热劳
754,9,病症,血脉不行
754,10,功效,补羸助气
754,11,病症,带
754,12,病症,浊
754,13,病症,遗精
754,14,功效,补脾胃
754,15,脏腑,脾胃
754,16,功效,补虚损
754,17,病症,骨蒸劳热
754,18,功效,补益脾胃
754,19,病症,虚劳
754,20,脏腑,五脏
754,21,古籍来源,《嘉祜本草》
754,22,医家,孟诜
754,23,古籍来源,《本草图经》
754,24,古籍来源,《随息居饮食谱》
754,25,古籍来源,《本草经疏》
754,26,古籍来源,《日华子》
754,27,医家,苏颂
756,1,食材,白鸭肉
756,2,功效,补虚
756,3,功效,消毒热
756,4,功效,利水道
756,5,病症,小儿热惊痈
756,6,病症,头生疮肿
756,7,食材,葱
756,8,食材,豉
756,9,烹饪方法,作汁
756,10,烹饪方法,饮汁
756,11,病症,卒烦热
756,12,食材,黑鸭肉
756,13,功效,滑中
756,14,病症,冷痢
756,15,病症,脚气
756,16,禁忌,不可食之
756,17,古籍来源,《嘉祜本草》
756,18,医家,孟诜
756,19,食味,甘
756,20,食味,咸
756,21,食性,平
756,22,病症,痨热骨蒸
756,23,病症,咳嗽
756,24,病症,水肿
756,25,功效,温中补虚
756,26,功效,扶阳利水
756,27,病症,男子阳气不振
756,28,病症,患水肿人
756,29,功效,泻肾中之积水妄热
756,30,功效,行脉中之邪湿痪沫
756,31,病症,劳热骨蒸之真阴有亏
756,32,病症,邪遢之生热
756,33,功效,滋阴行水
756,34,功效,去劳热
756,35,病症,热痢
756,36,古籍来源,《本经逢原》
756,37,古籍来源,《医林纂要》
756,38,古籍来源,《本草纲目》
757,1,食材,紫苏
757,2,食味,辛
757,3,食性,温
757,4,归经,肺
757,5,归经,脾经
757,6,功效,补中益气
757,7,功效,治心腹胀满
757,8,功效,止霍乱转筋
757,9,功效,开胃下食
757,10,病症,寒热
757,11,病症,冷气
757,12,病症,慢性气管炎
757,13,功效,止咳
757,14,功效,平喘
757,15,功效,祛痰
757,16,古籍来源,《日华子本草》
757,17,古籍来源,《嘉祜本草》
759,1,食材,乳酪
759,2,食材,油饼
759,3,食材,葵
759,4,食材,酒
767,1,食材,环饼
767,2,食材,油饼
767,3,食材,枣塔
767,4,食材,猪
767,5,食材,羊
767,6,食材,鸡
767,7,食材,鹅
767,8,食材,葱
767,9,食材,韭
767,10,食材,蒜
767,11,食材,醋
767,12,食材,浆水饭
771,1,食材,果食
771,2,食材,种生花果
771,3,食材,练叶
771,4,食材,麻谷窠儿
771,5,食材,鸡冠花
771,6,食材,襟米饭
771,7,食材,转明菜
771,8,食材,花花油饼
771,9,食材,竣赚
771,10,食材,沙搛
771,11,食材,楸叶
771,12,食材,灵枣
771,13,食材,牙枣
771,14,食材,青州枣
771,15,食材,亳州枣
771,16,食材,鸡头
771,17,食材,荷叶
771,18,古籍来源,《尊胜目连经》
773,1,食材,茶
773,2,食材,宝云茶
773,3,食材,香林茶
773,4,食材,白云茶
773,5,食材,盐
773,6,食材,蜜
773,7,食材,蜡
773,8,食材,纸
773,9,食材,藤纸
773,10,食材,小井纸
773,11,食材,赤亭纸
773,12,食材,苔心矮黄
773,13,食材,大白头
773,14,食材,小白头
773,15,食材,夏菘
773,16,食材,黄芽
773,17,食材,芥菜
773,18,食材,生莱
773,19,食材,菠裱莱
773,20,食材,莴苣
773,21,食材,苦荬
773,22,食材,葱
773,23,食材,薤
773,24,食材,韭
773,25,食材,大蒜
773,26,食材,小蒜
773,27,食材,紫痂
773,28,食材,水茆
773,29,食材,梢瓜
773,30,食材,赘瓜
773,31,食材,葫芦
773,32,食材,冬瓜
773,33,食材,瓠子
773,34,食材,芋
773,35,食材,山药
773,36,食材,牛蒡
773,37,食材,茭白
773,38,食材,蕨莱
773,39,食材,萝卜
773,40,食材,甘髂子
773,41,食材,水芹
773,42,食材,芦笋
773,43,食材,鸡头莱
773,44,食材,藕条菜
773,45,食材,葚
773,46,食材,葚芽
773,47,食材,新簋
773,48,食材,菌
773,49,食材,黄耳蕈
773,50,食材,玉蕈
773,51,食材,茅蕈
773,52,食材,竹菇
773,53,食材,桔
773,54,食材,橙
773,55,食材,梅
773,56,食材,蒲芦
773,57,烹饪方法,煮
773,58,古籍来源,东坡诗
776,1,食材,环饼
776,2,食材,油饼
776,3,食材,枣塔
776,4,食材,猪羊鸡鹅兔
776,5,食材,迮骨熟肉
776,6,食材,生葱
776,7,食材,韭崧
776,8,食材,醋
776,9,食材,浆水
779,1,食材,菊花
779,2,食材,茱萸
779,3,食材,酒
779,4,食材,猪羊肉
779,5,食材,鸭子
779,6,食材,糖面
779,7,食材,熟栗子肉
779,8,食材,麝香
779,9,食材,糖蜜
779,10,食材,韵果
779,11,食材,糖霜
779,12,食材,米粉
779,13,食疗方,虿阳糕
779,14,食疗方,狮蛮粟糕
779,15,烹饪方法,蒸
779,16,烹饪方法,杵
779,17,烹饪方法,捏
779,18,病症,阳九之厄
779,19,古籍来源,开宝
779,20,古籍来源,仁壬
783,1,食材,菊花
783,2,食材,薄荷叶
783,3,食味,辛
783,4,食味,甘
783,5,食味,苦
783,6,食性,温
783,7,功效,散风热
783,8,病症,咽喉齿诸病
783,9,功效,下气
783,10,功效,消食化痰
783,11,功效,开音声
783,12,功效,舒郁懑
783,13,功效,辟秽恶邪气
783,14,病症,霍乱
783,15,病症,疬
783,16,烹饪方法,酿
783,17,烹饪方法,蒸
783,18,烹饪方法,熬
783,19,病症,鼻衄
783,20,烹饪方法,塞
783,21,病症,血
783,22,烹饪方法,煎服
783,23,病症,蛇伤
783,24,病症,猫伤
783,25,烹饪方法,绞汁涂
783,26,医家,汪谢城
783,27,禁忌,"薄荷多服。耗散真气,致生百病"
783,28,食材,紫苏叶
783,29,食味,辛
783,30,食味,甘
783,31,食性,温
783,32,功效,下气
783,33,功效,安胎
783,34,功效,活血定痛
783,35,功效,和中开胃
783,36,功效,止嗽
783,37,功效,消焱
783,38,功效,化食
783,39,功效,散风寒
783,40,病症,藿乱
783,41,病症,脚气
783,42,功效,"制一切鱼,肉。 虾。蟹毒"
783,43,禁忌,气弱多汗;脾虚易泻者忌食
783,44,病症,干霍乱
783,45,烹饪方法,煎服
783,46,病症,中鳘毒
783,47,病症,乳痈肿痛
783,48,烹饪方法,频饮
783,49,烹饪方法,杵烂敷
783,50,病症,金疮
783,51,病症,跌打出血
783,52,病症,猁犬咬
783,53,食材,茴香
783,54,食味,辛
783,55,食味,甘
783,56,食性,温
783,57,功效,调中开胃
783,58,功效,止痛散赛
783,59,病症,霍乱
783,60,病症,癞疝
783,61,病症,脚气
783,62,功效,杀虫
783,63,功效,辟秽
783,64,功效,制鱼肉腥臊
783,65,功效,拎滞诸毒
783,66,病症,小便频数
783,67,病症,雨色请不渴者
783,68,烹饪方法,淘
783,69,烹饪方法,炒
783,70,烹饪方法,研末
783,71,烹饪方法,炙
783,72,食材,糯米糕
783,73,食材,莳萝
783,74,食味,辛
783,75,食味,甘
783,76,食性,温
783,77,功效,开厝腱脾
783,78,功效,散褰止痛
783,79,功效,杀虫
783,80,功效,消食
783,81,功效,调气止呕
783,82,功效,定腰
783,83,病症,齿之疼
783,84,功效,解鱼。 肉之毒
785,1,食材,葱
785,2,食味,辛
785,3,食味,甘
785,4,食性,平
785,5,功效,利肺通阳
785,6,功效,散痈肿
785,7,功效,祛风达表
785,8,功效,安胎止痈
785,9,功效,通乳和营
785,10,病症,霍乱转筋
785,11,病症,夼豚脚气
785,12,功效,杀诸虫
785,13,功效,理跌扑金疮
785,14,功效,"制鱼,肉诸毒"
785,15,禁忌,气虚易汗者不可单食
785,16,禁忌,忌同蜜食
785,17,病症,胎动下血
785,18,烹饪方法,煎
785,19,病症,中恶卒死
785,20,烹饪方法,刺
785,21,病症,自缢垂死
785,22,病症,小儿无故卒死
785,23,病症,小儿盘肠内钓腹痛
785,24,烹饪方法,洗
785,25,烹饪方法,捣
785,26,病症,小便闭胀
785,27,烹饪方法,炒
785,28,烹饪方法,熨
785,29,病症,阴襄胂痛
785,30,烹饪方法,煨
785,31,食材,盐
785,32,烹饪方法,杵烂
785,33,病症,赤白瘌
785,34,烹饪方法,煮粥
785,35,病症,一切肿毒
785,36,烹饪方法,杵烂
785,37,病症,跌打杖伤
785,38,病症,金疮挫肭
785,39,病症,流注走痛
785,40,病症,筋骨痹疼
785,41,病症,脑破血流
785,42,病症,痈毒初起
785,43,病症,乳痈初起
785,44,功效,解金银毒
785,45,食材,韭
785,46,食味,辛
785,47,食味,甘
785,48,功效,暖胃补肾
785,49,功效,下气调菅
785,50,功效,芏胸腹腰膝诸疼
785,51,功效,治噎膈
785,52,功效,经.产诸证
785,53,功效,理打扑伤损
785,54,功效,"疗蛇,狗,虫伤"
785,55,食材,韭花
785,56,禁忌,多食昏神
785,57,禁忌,耳证
785,58,禁忌,疟疾
785,59,禁忌,疮家
785,60,禁忌,痧痘后均忌
785,61,病症,产后血运
785,62,食材,热醋
785,63,病症,产后怒哭份肝
785,64,病症,呕青绿水
785,65,食材,韭汁
785,66,病症,卒然中恶
785,67,病症,漏
785,68,病症,诸食物毒
785,69,食材,薤
785,70,食味,辛
785,71,功效,散结定痛
785,72,功效,宽胸止带
785,73,功效,安胎活血
785,74,功效,治痢
785,75,禁忌,多食发热
785,76,禁忌,忌与韭同
786,1,古籍来源,饮食谱
786,2,医家,士雄
786,3,医家,孟英
786,4,医家,金膻思
786,5,医家,俞公桂庭
786,6,医家,周君光远
786,7,医家,季述
786,8,医家,毕痴
786,9,医家,孟隐
787,1,食材,薤
787,2,食材,薤白
787,3,食材,米
787,4,食材,蜜
787,5,食材,蒜
787,6,食材,葫
787,7,食材,芸苔
787,8,食材,子
787,9,食材,苗
787,10,食材,叶
787,11,食材,油菜
787,12,食材,芫荽
787,13,食材,胡荽
787,14,食性,辛温
787,15,食性,生辛热
787,16,食性,熟甘温
787,17,食性,辛滑甘温
787,18,食性,辛温
787,19,食味,咸
787,20,功效,下气
787,21,功效,止痛
787,22,功效,杀虫
787,23,功效,辟阴邪
787,24,功效,暖中
787,25,功效,破恶血
787,26,功效,治暴泻腹痛
787,27,功效,辟秽解毒
787,28,功效,消痞
787,29,功效,外灸痈疽
787,30,功效,散血消肿
787,31,功效,破结通肠
787,32,功效,散寒
787,33,功效,辟邪解秽
787,34,功效,杀鱼腥
787,35,功效,发痘疹
787,36,病症,气痛
787,37,病症,赤门痢
787,38,病症,小儿疳痢
787,39,病症,汤火伤
787,40,病症,霍乱
787,41,病症,转筋
787,42,病症,噤口痢
787,43,病症,鼻渊
787,44,病症,鼻衄不止
787,45,病症,水肿
787,46,病症,喉痹肿痛
787,47,病症,诸物鲠喉
787,48,病症,阴疽
787,49,病症,阴毒
787,50,病症,蜈蚣咬
787,51,病症,游风丹毒
787,52,病症,妇人乳吹
787,53,病症,腰脚
787,54,病症,口齿
787,55,病症,痧痘
787,56,病症,疮家
787,57,病症,魍疾
787,58,病症,目证
787,59,病症,时感
787,60,病症,瘟证不达
787,61,病症,痘症不快
787,62,脏腑,心
787,63,食疗方,陈年醋浸大蒜
787,64,烹饪方法,煮
787,65,烹饪方法,煎
787,66,烹饪方法,捣
787,67,烹饪方法,杵
787,68,烹饪方法,涂
787,69,烹饪方法,贴
787,70,烹饪方法,灸
787,71,烹饪方法,封
787,72,烹饪方法,茹
787,73,烹饪方法,拥
787,74,烹饪方法,洗
787,75,烹饪方法,含喷
787,76,禁忌,病后忌之
787,77,禁忌,不宜多食
787,78,禁忌,阴虚内热
787,79,禁忌,胎产
787,80,禁忌,痧痘
787,81,禁忌,疮疟
787,82,禁忌,血证
787,83,禁忌,目疾
787,84,禁忌,喉
787,85,禁忌,舌
787,86,禁忌,凡病忌之
787,87,禁忌,多食损目
787,88,禁忌,发风动气
787,89,禁忌,产后
787,90,养生原则,损性灵
787,91,古籍来源,直指方
789,1,食材,冬瓜
789,2,病症,渴
789,3,病症,痢
789,4,烹饪方法,煮
789,5,病症,水肿
789,6,功效,消暑湿
789,7,禁忌,孕妇常食
789,8,功效,泽胎化毒
789,9,功效,令儿无病
789,10,食材,芦菔
789,11,病症,发背
789,12,病症,疮
789,13,食材,瓜
789,14,食材,练瓜瓤
789,15,食性,甘平
789,16,烹饪方法,绞汁
789,17,病症,消渴
789,18,病症,淋
789,19,功效,解热毒
789,20,食材,瓜干
789,21,食性,甘平
789,22,功效,润肺
789,23,功效,化痰浊
789,24,病症,肠痈
789,25,食材,皮
789,26,食性,甘平
789,27,功效,祛风热
789,28,病症,皮肤浮肿
789,29,病症,跌扑诸伤
789,30,食材,叶
789,31,病症,痄
789,32,病症,泄漪
789,33,功效,止渴
789,34,病症,蜂螫
789,35,病症,恶疮
789,36,食材,藤
789,37,烹饪方法,取少服
789,38,病症,肺热焱火内痈
789,39,食材,丝瓜
789,40,食性,甘凉
789,41,功效,清热解毒
789,42,功效,安笳
789,43,功效,行乳
789,44,功效,调营
789,45,功效,补阳
789,46,功效,通络
789,47,功效,杀虫
789,48,功效,理籼
789,49,功效,消肿
789,50,功效,化痰
789,51,功效,化阉除黄
789,52,功效,息风止血
789,53,病症,痘疮不快
789,54,食材,老丝瓜
789,55,烹饪方法,烧存性
789,56,烹饪方法,研
789,57,食材,沙糖
789,58,烹饪方法,汤调
789,59,病症,喉痹
789,60,食材,丝瓜
789,61,烹饪方法,捣汁
789,62,病症,痈疽不敛
789,63,食材,丝瓜
789,64,烹饪方法,捣汁
789,65,病症,酒瘌
789,66,病症,便血腹痛
789,67,病症,肛门患瘃
789,68,食材,干丝低
789,69,烹饪方法,煅存怄
789,70,烹饪方法,研
789,71,烹饪方法,酒服
789,72,病症,经阻气痛
789,73,病症,腰痛
789,74,病症,疝痛
789,75,病症,滔积
789,76,病症,黄痕
789,77,功效,化焱止嗽
789,78,食材,丝瓜
789,79,烹饪方法,煅存性
789,80,烹饪方法,研末
789,81,食材,枣肉
789,82,病症,风热牙痛
789,83,食材,丝瓜
789,84,食材,盐
789,85,烹饪方法,砑
789,86,病症,腮腴
789,87,烹饪方法,水调敷
789,88,病症,小儿浮肿
789,89,食材,丝瓜
789,90,食材,灯芯
789,91,食材,葱白
789,92,烹饪方法,煎浓汁
789,93,食材,叶
789,94,烹饪方法,绞汁服
789,95,病症,痧秽腹痛
789,96,功效,消暑解毒
789,97,病症,疔肌
789,98,病症,虫癣
789,99,食材,丝瓜
789,100,禁忌,鱼发物
789,101,病症,睾丸偏坠
789,102,食材,丝瓜叶
789,103,烹饪方法,煅性
789,104,食材,鸡子壳
789,105,烹饪方法,烧灰
789,106,烹饪方法,研
789,107,烹饪方法,温滔下
789,108,病症,汤火伤
789,109,烹饪方法,捣
789,110,食材,丝瓜叶
789,111,食材,苦瓜
789,112,食性,苦寒
789,113,功效,涤热
789,114,功效,明耳
789,115,功效,潸心
789,116,烹饪方法,酱
789,117,烹饪方法,腌
789,118,烹饪方法,烧肉
789,119,烹饪方法,瀹
789,120,禁忌,中蹇者刎食
789,121,食性,甘
789,122,功效,养血滋肝
789,123,功效,涸脾补肾
790,1,食材,鲫鱼
790,2,食材,鲂鱼
790,3,食材,鳊鱼
790,4,食性,平
790,5,食味,甘
790,6,功效,补胥
790,7,功效,养脾
790,8,功效,去风
790,9,功效,运食
790,10,食材,鳜鱼
790,11,食材,鲦笆
790,12,食性,平
790,13,食味,甘
790,14,功效,益脾胃
790,15,功效,养血
790,16,功效,补虚劳
790,17,功效,杀劳虫
790,18,功效,消恶血
790,19,功效,运饮食
790,20,功效,肥键人
790,21,食材,鳓鱼
790,22,食材,渡父鱼
790,23,食材,鳅
790,24,食材,菜花鱼
790,25,食性,温
790,26,食味,甘
790,27,功效,暖冒
790,28,功效,运食
790,29,功效,补虚
790,30,食材,鲦鱼
790,31,食材,白条
790,32,食材,条
790,33,食性,温
790,34,食味,甘
790,35,功效,暧胃
790,36,禁忌,助火发疮
790,37,禁忌,诸病人勿食
790,38,食材,银鱼
790,39,食材,磐残鱼
790,40,食性,平
790,41,食味,甘
790,42,功效,养胃阴
790,43,功效,和经脉
790,44,食材,蠡鱼
790,45,食材,黑鳢
790,46,食材,鸟鳢
790,47,食材,黑鱼
790,48,食材,七星鱼
790,49,食性,寒
790,50,食味,甘
790,51,功效,行水
790,52,功效,化湿
790,53,功效,祛风
790,54,功效,稀瘟
790,55,功效,愈疮
790,56,功效,下大腹水肿
790,57,病症,脚气
790,58,功效,逋肠
790,59,功效,疔痔
790,60,病症,妊娠有水肤殍
790,61,功效,稀痘
790,62,烹饪方法,煮
790,63,食材,黑鱼
790,64,烹饪方法,煮汤
790,65,病症,水气垂死
790,66,病症,肠痔下血
790,67,食材,黑鱼
790,68,食材,冬瓜
790,69,食材,葱白
790,70,烹饪方法,作羹
790,71,病症,偏正头风
790,72,食材,陈黑鱼头
790,73,烹饪方法,煎汤
790,74,食材,鲟鱼
790,75,食性,温
790,76,食味,甘
790,77,功效,补冒
790,78,功效,活血
790,79,功效,通淋
790,80,禁忌,多食发疥
790,81,禁忌,思癞
790,82,食材,鳇鱼
790,83,食材,黄
790,84,食材,鳆
790,85,食材,蜡鱼
790,86,食材,玉版鱼
790,87,食性,温
790,88,食味,甘
790,89,功效,令人肥腱
790,90,禁忌,多食难化
790,91,禁忌,发疥
790,92,禁忌,生痰
790,93,禁忌,反荆芥
791,1,食材,丁香
791,2,食性,辛温
791,3,功效,暖胃
791,4,功效,去湿
791,5,功效,散寒
791,6,功效,辟恶
791,7,功效,杀虫
791,8,功效,消痞
791,9,功效,解秽
791,10,病症,冷痢
791,11,病症,冷痛
791,12,病症,痄箧哕
791,13,功效,补虚阳
791,14,功效,制酒肉
791,15,病症,口臭
791,16,食材,川椒
791,17,病症,过食蟹
791,18,病症,蚌
791,19,病症,瓜果致病
791,20,病症,乳头裂破
791,21,病症,痈疽恶肉
791,22,病症,阴冷
791,23,食材,母丁香
791,24,病症,反胃
791,25,食材,盐梅肉
791,26,病症,胃寒吐泻
791,27,食材,橘红
791,28,食材,桂皮
791,29,食性,辛温
791,30,功效,下气
791,31,功效,去风
791,32,功效,杀虫止痛
791,33,病症,血虚内热
791,34,食材,桂花
791,35,食性,辛温
791,36,功效,辟臭
791,37,功效,化痰
791,38,烹饪方法,蒸露
791,39,烹饪方法,浸酒
791,40,烹饪方法,盐渍
791,41,烹饪方法,糟收
791,42,烹饪方法,造点
791,43,烹饪方法,作馅
791,44,食材,松花
791,45,食材,白沙糖
791,46,烹饪方法,作糕饵
791,47,功效,养血息风
791,48,禁忌,多食亦能助热
791,49,病症,泻痢
791,50,食材,椿芽
791,51,功效,祛风
791,52,功效,解毒
791,53,烹饪方法,瀹熟腌焙为脯
791,54,禁忌,多食壅气动风
791,55,食材,玫瑰花
791,56,功效,调中
791,57,功效,活血
791,58,功效,舒郁结
791,59,功效,辟秽
791,60,功效,和肝
791,61,烹饪方法,蒸露
791,62,烹饪方法,熏茶
791,63,烹饪方法,糖
791,64,烹饪方法,作馅
791,65,烹饪方法,烘粉悦颜
791,66,烹饪方法,酿酒
791,67,食材,茉莉花
791,68,功效,和中下气
791,69,功效,辟秽浊
791,70,病症,下痢腹痛
791,71,烹饪方法,蒸露
791,72,食材,珍珠兰
791,73,食材,甜菊花
791,74,功效,消疔肿
791,75,烹饪方法,点茶
791,76,烹饪方法,蒸露
791,77,烹饪方法,酿酒
791,78,禁忌,苦者勿用
791,79,食材,野蔷薇
791,80,病症,头风
791,81,食材,甘菊花
791,82,病症,疔肿垂死
792,1,医家,王士雄
792,2,古籍来源,《随息居饮食谱》
792,3,古籍来源,《重庆堂随笔》
792,4,古籍来源,《医砭》
792,5,古籍来源,《愿体医话》
792,6,古籍来源,《女科辑要》
792,7,古籍来源,《音医述评》
792,8,古籍来源,《柳州医话》
793,1,病症,水胀
793,2,病症,久猁
793,3,食材,獾肉
793,4,功效,杀蛸虫
793,5,病症,蓣搜
793,6,病症,疳臌
793,7,食材,狼肉
793,8,食性,咸温
793,9,功效,补丘肫
793,10,功效,御风寒
793,11,功效,暖胃摩肠
793,12,功效,壮阳填髓
793,13,食材,其脂
793,14,功效,润燥
793,15,病症,诸恶疮
793,16,禁忌,食狼去肠
793,17,病症,腹有冷积
793,18,禁忌,阴箧内热人忌食
793,19,古籍来源,食疗
793,20,禁忌,食貅令人瘦
793,21,食材,兔肉
793,22,食性,甘冷
793,23,功效,凉血
793,24,功效,祛遢
793,25,功效,疗疮
793,26,功效,解热毒
793,27,功效,利长肠
793,28,禁忌,多食元附
793,29,病症,令人痿黄
793,30,禁忌,冬坌后癸耿分
793,31,禁忌,食之伤人忡气
793,32,禁忌,孕妇及阳虚者尤忌
793,33,禁忌,兔死而眼合者
793,34,禁忌,误食杀人
793,35,食材,水獭肉
793,36,食性,甘咸凉
793,37,功效,理肾蒸
793,38,功效,下水通经
793,39,功效,祛毒风
793,40,功效,利大小便
793,41,禁忌,多食消男子阴气
793,42,食材,其肝
793,43,食性,性热
793,44,功效,辟蛊
793,45,功效,杀虫
793,46,功效,朴产虚
793,47,功效,已劳嗽
793,48,功效,治传尸鬼疰
793,49,病症,鱼骨鲠喉
793,50,病症,疟久不瘳
793,51,病症,心腹积聚
793,52,病症,肠痔下血
793,53,病症,寒疝攻疼
793,54,食材,其爪
793,55,功效,搔喉
793,56,功效,洽骨鲠
793,57,食材,猬肉
793,58,食性,甘平
793,59,功效,下气
793,60,功效,杀虫
793,61,功效,治反胃
793,62,功效,痔漏
793,63,禁忌,误食令人瘦劣
793,64,食材,其皮
793,65,烹饪方法,煅研服
793,66,功效,治遗精甚效
793,67,食材,鸡
793,68,食性,甘温
793,69,功效,补虚
793,70,功效,暖胄
793,71,功效,强筋骨
793,72,功效,续绝伤
793,73,功效,活血调经
793,74,功效,止崩带
793,75,功效,节小便频数
793,76,功效,主娩后箧羸
793,77,食材,肥大雌鸡
793,78,食材,老雌鸡
793,79,烹饪方法,熬汁
793,80,食材,乌骨鸦
793,81,功效,滋补功优
793,82,禁忌,多食生热
793,83,禁忌,动风
793,84,病症,时感前后
793,85,病症,痘疹后
793,86,病症,疮疡后
793,87,病症,狯痢疳疸
793,88,病症,肝气月疾
793,89,病症,喉证
793,90,病症,脚气
793,91,病症,诸风病
793,92,禁忌,皆忌之
793,93,禁忌,末骟者
793,94,禁忌,愈老愈毒
793,95,禁忌,诸病均不可食
793,96,食材,丹雄鸡
793,97,功效,辟邪
794,1,食材,牛肉
794,2,食材,马肉
794,3,食味,辛
794,4,食味,苦
794,5,食性,冷
794,6,食材,杏仁
794,7,食材,芦根汁
794,8,食材,肝
794,9,食材,驯肉
794,10,食味,酸
794,11,食性,平
794,12,食材,芥
794,13,食材,骡肉
794,14,食味,辛
794,15,食味,苦
794,16,食性,温
794,17,病症,难产
794,18,食材,野猪肉
794,19,食味,甘
794,20,食性,平
794,21,功效,补五脏
794,22,功效,润肌肤
794,23,病症,颠痫
794,24,病症,肠风
794,25,病症,痔血
794,26,禁忌,禁忌与猎肉同
794,27,食材,蹄爪
794,28,病症,痈疽不敛
794,29,病症,多年潺疮
794,30,烹饪方法,煨
794,31,食材,脂
794,32,烹饪方法,炼
794,33,烹饪方法,收藏
794,34,功效,和酒服
794,35,功效,令妇人多乳
794,36,病症,素无乳
794,37,功效,狳肿毒
794,38,病症,疥癣
794,39,食材,熹猜肉
794,40,食材,箭猪
794,41,食味,甘
794,42,食性,寒
794,43,功效,多膏潸肠
794,44,功效,发风虚
794,45,禁忌,阿可多食
794,46,食材,虎肉
794,47,食味,酸
794,48,食味,咸
794,49,食性,邋
794,50,烹饪方法,腌
794,51,功效,补脾胃
794,52,功效,益气力
794,53,功效,止多唾菁呕区
794,54,功效,辟精魅鬼疟
794,55,食材,脂
794,56,病症,反胄
794,57,病症,白秃
794,58,病症,拣疮
794,59,病症,痔疮
794,60,病症,狗皎疮
794,61,食材,豹肉
794,62,食味,酸
794,63,食性,温
794,64,功效,安五脏
794,65,功效,补绝份
794,66,功效,御风寒
794,67,功效,辟鬼魅
794,68,功效,壮觞骨
794,69,功效,强健人
794,70,食材,熊肉
794,71,食味,甘
794,72,食性,湿
794,73,功效,补盥损
794,74,功效,杀劳虫
794,75,功效,治风痹
794,76,病症,筋骨不仁
794,77,禁忌,有锢疾者忌食
794,78,食材,蹯
794,79,食材,熊掌
794,80,功效,益气力
794,81,功效,御风褰
794,82,烹饪方法,煮
794,83,食材,背上脂
794,84,食材,熊臼
794,85,食材,胆
794,86,病症,疔疽
794,87,病症,去翳
794,88,病症,息惊
794,89,食材,象肉
794,90,食味,甘
794,91,食性,平
794,92,功效,不益人
794,93,禁忌,多食则体重
794,94,烹饪方法,潦汁饮
794,95,功效,通小便
794,96,烹饪方法,煅灰
796,1,食材,槟榔
796,2,食性,温
796,3,食味,涩
796,4,功效,消痰
796,5,功效,辟獐
796,6,功效,杀虫
796,7,功效,析醒化食
796,8,功效,除胀泻满
796,9,功效,宣滞破坚
796,10,功效,通肠遂水
796,11,功效,制肥甘之毒
796,12,功效,坚齿
796,13,功效,解口气
796,14,食材,无花果
796,15,食性,寒
796,16,食味,甘
796,17,功效,润肠
796,18,功效,上利咽喉
796,19,食材,蒲桃
796,20,食性,平
796,21,食味,甘
796,22,功效,补气
796,23,功效,滋肾液
796,24,功效,益肝阴
796,25,功效,养胃耐饥
796,26,功效,御风褰
796,27,功效,通淋逶水
796,28,病症,胎匕冲心
796,29,食疗方,蒲桃煎汤
796,30,食材,藤叶
796,31,病症,呕哕
796,32,病症,罨乱
796,33,病症,溺闭
796,34,病症,小肠气痈
796,35,烹饪方法,煎
796,36,烹饪方法,淋冼
796,37,病症,腰脚腿痛
796,38,食材,落花生
796,39,食材,长生果
796,40,烹饪方法,煮
796,41,食性,平
796,42,食味,甘
796,43,功效,润肺
796,44,功效,解毒
796,45,功效,化痰
796,46,烹饪方法,炒
796,47,食性,温
796,48,食味,甘
796,49,功效,养胃调气
796,50,功效,耐饥
796,51,食材,西瓜
796,52,食性,寒
796,53,食味,甘
796,54,功效,清肺胃
796,55,功效,解暑热
796,56,功效,除烦止渴
796,57,功效,醒酒凉菅
796,58,功效,疗喉痹
796,59,病症,口疮
796,60,功效,治火毒
796,61,病症,时证
796,62,病症,霍乱泻痢
796,63,禁忌,多食积寒助湿
796,64,病症,秋病
796,65,病症,食瓜腹胀
796,66,食材,冬腌干莱
796,67,烹饪方法,瀹汤
796,68,食材,瓜肉
796,69,烹饪方法,曝乾腌
796,70,烹饪方法,酱渍
796,71,功效,已目赤
796,72,病症,口疮
796,73,食材,西瓜翠衣
796,74,功效,涤暑
798,1,食材,籁猪肉
798,2,食味,甘
798,3,食味,咸
798,4,功效,补肾液
798,5,功效,充胃汁
798,6,功效,滋肝阴
798,7,功效,润肌肤
798,8,功效,利二便
798,9,功效,止消渴
798,10,功效,起挺羸
798,11,食材,花猪
798,12,烹饪方法,蒸
798,13,食材,糠霜
798,14,功效,补益
798,15,食材,豚
798,16,食材,蹄肘
798,17,烹饪方法,煨化
798,18,禁忌,多食助湿热
798,19,禁忌,酿痰饮
798,20,禁忌,招外感
798,21,禁忌,昏神智
798,22,禁忌,令人鄙俗
798,23,养生原则,勿使胜食气
798,24,食材,肉
798,25,病症,外感
798,26,病症,哮嗽
798,27,病症,疟痢
798,28,病症,痧疝
798,29,病症,胀满
798,30,病症,脚气
798,31,病症,时毒
798,32,病症,喉痹
798,33,病症,疔痈
798,34,禁忌,切总之
798,35,禁忌,其头肉尤总
798,36,病症,痧痘
798,37,病症,时病
798,38,禁忌,须过弥月始可食
798,39,食材,新鲜之肉
798,40,古籍来源,《论语》
798,41,食材,鲜
798,42,食材,腥
798,43,食材,猥猪肉
798,44,食材,娄猪肉
798,45,食材,黄曛猪肉
798,46,食材,瘟猪肉
798,47,禁忌,有毒
798,48,禁忌,虽平人亦忌之
798,49,食材,芭蕉根
798,50,病症,小儿火丹
798,51,病症,打饬青肿
798,52,病症,破伤风
798,53,食材,新宰猪肉
798,54,烹饪方法,片贴
798,55,病症,液干难产
798,56,病症,津枯血夺
798,57,病症,火灼燥渴
798,58,病症,乾嗽
798,59,病症,便秘
798,60,食材,猜肉
798,61,烹饪方法,煮汤
798,62,食材,猪皮
798,63,食材,干肉皮
798,64,烹饪方法,煮熟
798,65,烹饪方法,刮去油
798,66,烹饪方法,刨为簿片
798,67,烹饪方法,暴燥
798,68,食材,肉酢
798,69,烹饪方法,浸
798,70,食材,麻油
798,71,食材,盐料
798,72,烹饪方法,拌食
798,73,食材,猪肤
798,74,食味,甘
798,75,功效,清虑热
798,76,功效,治下痢
798,77,病症,心烦
798,78,病症,咽痛
