record_id,entity_index,label,declared_start,declared_end,entity_text
1,1,食材,3,4,猪
1,2,食材,309,311,猪肚
1,3,食材,9,10,肺
1,4,食材,213,215,白水
1,5,食材,31,32,盐
1,6,食材,33,34,酒
1,7,食材,41,43,白矾
1,8,食材,103,106,稻草灰
1,9,食材,138,141,人美汁
1,10,食材,152,153,纸
1,11,食材,165,167,好醋
1,12,食材,194,196,沙糖
1,13,食材,232,233,葱
1,14,食材,234,235,椒
1,15,食材,254,256,松仁
1,16,食材,257,258,鲜
1,17,烹饪方法,0,1,煮
1,18,烹饪方法,17,19,油爆
1,19,烹饪方法,215,217,漂浸
1,20,烹饪方法,196,197,擦
1,21,烹饪方法,167,168,喷
1,22,禁忌,11,16,肚肺最忌油
1,23,禁忌,46,50,紧小堪用
1,24,禁忌,88,90,不气
1,25,食疗方,202,206,肺羹
2,1,食材,10,11,粉
2,2,食材,22,24,薄荷
2,3,食材,55,57,白糖
2,4,食材,72,75,荚豆粉
2,5,食材,81,84,白檀末
2,6,食材,103,104,面
2,7,食材,107,109,香油
2,8,食材,132,135,玫瑰糖
2,9,食材,137,139,胡桃
2,10,食材,139,141,白仁
2,11,食材,142,146,榛松瓜子
2,12,食材,149,151,杏仁
2,13,食材,165,168,小茴香
2,14,食材,178,180,芝麻
2,15,食材,199,201,糖卤
2,16,食材,214,216,炒面
2,17,食材,364,367,松子仁
2,18,食材,237,239,酥油
2,19,食材,287,289,干葛
2,20,食材,290,292,桔梗
2,21,食材,337,340,玫瑰花
2,22,食材,360,363,榛子仁
2,23,食材,354,357,瓜子仁
2,24,烹饪方法,35,36,煮
2,25,烹饪方法,403,404,烙
2,26,烹饪方法,440,441,熬
2,27,烹饪方法,413,414,煎
2,28,食疗方,86,102,内府玫瑰火饼
2,29,古籍来源,306,309,玉躇痛
3,1,食材,197,200,白糖霜
3,2,烹饪方法,171,172,煮
3,3,烹饪方法,355,356,熬
3,4,烹饪方法,446,447,研
3,5,烹饪方法,258,259,滤
3,6,烹饪方法,420,421,洗
3,7,烹饪方法,390,391,制
3,8,烹饪方法,431,432,漂
3,9,病症,381,383,霉烂
3,10,病症,397,399,碎裂
3,11,古籍来源,481,486,「46 若
3,12,养生原则,293,296,烹茶宜
3,13,养生原则,402,406,久宿乃妙
3,14,养生原则,302,309,源远流长者为佳
4,1,食材,17,19,麻菇
4,2,食材,20,22,鲜笋
4,3,食材,23,25,海蜇
4,4,食材,52,54,蹄爪
4,5,食材,65,68,石花莱
4,6,食材,104,106,大蹄
4,7,食材,120,122,核桃
4,8,食材,124,126,松仁
4,9,食材,9,10,肉
4,10,烹饪方法,28,29,煮
4,11,烹饪方法,11,12,切
4,12,烹饪方法,192,193,煨
4,13,烹饪方法,87,88,糟
4,14,烹饪方法,78,79,挂
4,15,烹饪方法,119,120,填
4,16,烹饪方法,137,138,扎
4,17,烹饪方法,144,145,捞
4,18,烹饪方法,158,160,切片
4,19,烹饪方法,89,90,蘸
5,1,食材,0,1,酱
5,2,食材,6,7,腐
5,3,食材,8,9,干
5,4,食材,22,23,水
5,5,食材,34,36,赤酱
5,6,食材,100,102,香蕈
5,7,食材,103,105,丁香
5,8,食材,106,108,白芷
5,9,食材,109,112,大茴香
5,10,食材,113,115,桧皮
5,11,食材,120,122,豆腐
5,12,食材,171,173,腐油
5,13,食材,259,261,虾米
5,14,食材,265,268,鲜味物
5,15,食材,218,220,汁汤
5,16,食材,12,13,腐
5,17,烹饪方法,46,47,煎
5,18,烹饪方法,17,18,切
5,19,烹饪方法,51,53,布沥
5,20,烹饪方法,126,127,煮
5,21,烹饪方法,130,131,浸
5,22,烹饪方法,200,201,沸
5,23,烹饪方法,230,231,烧
5,24,烹饪方法,236,237,下
5,25,烹饪方法,271,273,浸开
5,26,食疗方,162,169,豆腐脯
5,27,食疗方,208,215,豆腐汤
5,28,食疗方,249,256,煎豆腐
6,1,食材,3,6,太湖沙
6,2,食材,7,9,海沙
6,3,食材,23,24,豆
6,4,食材,27,29,香油
6,5,食材,56,58,油盐
6,6,食材,60,62,砂仁
6,7,食材,64,66,糖卤
6,8,食材,255,257,豆腐
6,9,食材,77,79,千豆
6,10,食材,335,337,黑豆
6,11,食材,338,340,黄豆
6,12,食材,341,343,白豆
6,13,食材,344,346,泥豆
6,14,食材,347,349,豌豆
6,15,食材,350,352,绿豆
6,16,食材,379,382,盐卤汁
6,17,食材,383,386,山矾叶
6,18,食材,387,389,醋浆
6,19,食材,390,392,醋淀
6,20,食材,153,155,石膏
6,21,烹饪方法,11,12,炒
6,22,烹饪方法,30,31,熬
6,23,烹饪方法,35,36,筛
6,24,烹饪方法,81,82,磨
6,25,烹饪方法,83,84,拉
6,26,烹饪方法,87,88,簸
6,27,烹饪方法,90,91,淘
6,28,烹饪方法,92,93,浸
6,29,烹饪方法,100,101,沥
6,30,烹饪方法,108,109,绞
6,31,烹饪方法,144,145,压
6,32,烹饪方法,202,203,炸
6,33,烹饪方法,285,286,煮
6,34,烹饪方法,374,375,煎
6,35,烹饪方法,395,396,收
6,36,功效,159,161,去火
6,37,古籍来源,326,330,本草纲目
6,38,医家,272,274,刘安
6,39,医家,281,284,苏东坡
7,1,食材,3,4,梅
7,2,食材,14,15,盐
7,3,食材,29,31,紫苏
7,4,食材,46,48,冰水
7,5,食材,77,79,白糖
7,6,食材,103,105,青梅
7,7,食材,155,158,大黑豆
7,8,食材,159,162,大黄豆
7,9,食材,167,170,大青豆
7,10,食材,182,183,面
7,11,食材,197,199,楮叶
7,12,食材,211,214,苦瓜皮
7,13,食材,246,248,杏仁
7,14,食味,0,1,咸
7,15,食味,53,54,甜
7,16,烹饪方法,19,20,晒
7,17,烹饪方法,24,26,去皮
7,18,烹饪方法,71,74,刻下肉
7,19,烹饪方法,79,81,拌匀
7,20,烹饪方法,85,86,顿
7,21,烹饪方法,102,103,腌
7,22,烹饪方法,232,233,榨
7,23,烹饪方法,174,175,浸
7,24,烹饪方法,178,180,煮熟
7,25,烹饪方法,185,187,缠衣
7,26,烹饪方法,194,196,凉干
7,27,烹饪方法,202,203,发
7,28,烹饪方法,207,209,淘净
7,29,烹饪方法,225,226,切
7,30,烹饪方法,236,238,飞盐
7,31,功效,49,51,消暑
7,32,功效,126,129,果不坏
7,33,功效,131,135,色鲜不退
7,34,功效,141,147,代醋拌蔬更佳
7,35,食疗方,97,101,梅卤
7,36,食疗方,149,153,豆豉
8,1,食材,5,7,枸杞
8,2,食材,11,13,白糖
8,3,食材,26,28,松仁
8,4,食材,39,42,黄甘菊
8,5,食材,60,62,梅卤
8,6,食材,85,87,山查
8,7,食材,113,116,红花膏
8,8,食材,141,143,蜂蜜
8,9,食材,154,155,梨
8,10,烹饪方法,7,9,去核
8,11,烹饪方法,13,15,拌捣
8,12,烹饪方法,17,19,模饼
8,13,烹饪方法,43,45,去蒂
8,14,烹饪方法,46,49,捣去汁
8,15,烹饪方法,53,55,和匀
8,16,烹饪方法,56,58,印饼
8,17,烹饪方法,88,90,蒸烂
8,18,烹饪方法,92,95,去皮核
8,19,烹饪方法,107,110,捣极匀
8,20,烹饪方法,181,182,熬
8,21,烹饪方法,130,132,切块
8,22,烹饪方法,140,141,涂
8,23,烹饪方法,146,148,收贮
8,24,烹饪方法,169,172,去核净
8,25,烹饪方法,173,175,捣出
8,26,食味,244,245,苦
8,27,功效,246,248,清热
8,28,食疗方,0,4,杞饼
8,29,食疗方,34,38,菊饼
8,30,食疗方,75,82,山查膏
9,1,食材,21,23,生面
9,2,食材,26,28,蒸面
9,3,食材,31,33,脂油
9,4,食材,37,41,蒸过豆粉
9,5,食材,65,66,蜜
9,6,食材,84,88,鳘犬油
9,7,食材,107,110,天花粉
9,8,食材,114,116,干葛
9,9,食材,120,122,桔梗
9,10,食疗方,0,13,千层薄脆饼
9,11,食疗方,56,60,炉饼
9,12,食疗方,99,106,玉露霜
9,13,烹饪方法,61,62,蒸
9,14,烹饪方法,47,48,和
9,15,烹饪方法,49,51,包馅
9,16,烹饪方法,52,54,入炉
9,17,烹饪方法,140,142,搅匀
9,18,烹饪方法,148,150,洒润
9,19,烹饪方法,158,159,铺
9,20,烹饪方法,476,477,研
9,21,功效,243,245,清热
9,22,功效,246,248,解渴
9,23,功效,249,251,解莓
9,24,功效,252,254,消肿
9,25,功效,306,308,发汗
9,26,功效,309,311,解热
9,27,功效,315,317,止泻
9,28,功效,400,402,祛痰
9,29,功效,403,405,排脓
9,30,病症,261,263,发热
9,31,病症,264,266,口渴
9,32,病症,268,273,津波缺乏
9,33,病症,274,275,疮
9,34,病症,276,277,疡
9,35,病症,278,279,痈
9,36,病症,280,281,肿
9,37,病症,325,333,热性病发热无汗
9,38,病症,337,339,头痛
9,39,病症,340,342,热痢
9,40,病症,343,345,泄泻
9,41,病症,356,358,麻疹
9,42,病症,412,416,咳嗽痰多
9,43,病症,417,421,咳痰不爽
9,44,病症,423,427,咽喉肿痛
9,45,病症,429,433,痢疾腹痛
9,46,病症,434,438,里怠后重
9,47,病症,448,454,疮疡化脓肿痛
10,1,食材,4,6,猪肚
10,2,食材,7,9,小肠
10,3,食材,16,18,香蕈
10,4,食材,47,49,莲肉
10,5,食材,50,52,百合
10,6,食材,54,56,糯米
10,7,食材,60,62,薏米
10,8,食材,77,81,猪腿精肉
10,9,食材,163,165,羊肉
10,10,食材,177,179,核桃
10,11,食材,238,241,薏仁米
10,12,烹饪方法,18,20,磨粉
10,13,烹饪方法,21,22,拌
10,14,烹饪方法,25,26,装
10,15,烹饪方法,31,32,缝
10,16,烹饪方法,38,39,煮
10,17,烹饪方法,81,82,切
10,18,烹饪方法,89,90,槌
10,19,烹饪方法,103,104,焯
10,20,烹饪方法,134,135,拌
10,21,烹饪方法,155,156,煮
10,22,烹饪方法,208,210,换水
10,23,烹饪方法,210,212,调和
10,24,烹饪方法,214,215,煮
11,1,食材,1,2,油
11,2,食材,5,7,茴香
11,3,食材,8,10,花椒
11,4,食材,13,14,鸡
11,5,食材,41,43,面饼
11,6,食材,90,92,香糟
11,7,食材,93,95,豆粉
11,8,食材,100,102,酱油
11,9,食材,110,111,鹅
11,10,食材,112,113,鸭
11,11,食材,114,115,鱼
11,12,食材,123,124,豆
11,13,食材,160,162,桂皮
11,14,食材,193,195,黄酒
11,15,食材,201,202,葱
11,16,食材,179,180,肉
11,17,食材,237,238,牛
11,18,烹饪方法,29,30,淹
11,19,烹饪方法,34,35,浸
11,20,烹饪方法,60,61,蒸
11,21,烹饪方法,66,67,翻
11,22,烹饪方法,82,83,煮
11,23,烹饪方法,87,88,切
11,24,烹饪方法,95,96,调
11,25,烹饪方法,105,106,烹
11,26,烹饪方法,137,138,炒
11,27,烹饪方法,142,143,撒
11,28,烹饪方法,145,147,加水
11,29,烹饪方法,220,221,擂
11,30,烹饪方法,217,218,焙
11,31,烹饪方法,225,226,拌
11,32,食疗方,292,294,鸡醢
11,33,食疗方,186,190,鸡松
12,1,食材,31,32,水
12,2,食材,44,45,米
12,3,食材,50,52,谷稗
12,4,食材,53,54,蒹
12,5,食材,61,63,蔬莱
12,6,食材,63,65,鱼肉
12,7,烹饪方法,35,37,滤净
12,8,烹饪方法,83,85,烹饪
12,9,烹饪方法,103,104,炙
12,10,烹饪方法,432,433,爆
12,11,养生原则,72,74,务鲜
12,12,养生原则,76,78,务蓓
12,13,养生原则,79,81,务熟
12,14,养生原则,88,92,不事珍奇
12,15,养生原则,114,121,省珍奇烹炙之赀
12,16,养生原则,125,133,蓓治水米及常蔬
12,17,养生原则,134,138,调节颐养
12,18,养生原则,140,144,以和于身
12,19,养生原则,157,162,食不须多味
12,20,养生原则,163,171,每食只宜一二佳味
12,21,养生原则,196,207,一饭而包罗数十味于腹中
12,22,禁忌,209,217,恐五脏亦供役不及
12,23,禁忌,220,224,物性既杂
12,24,禁忌,230,232,矛盾
13,1,食材,0,1,蟹
13,2,食材,2,4,酱蟹
13,3,食材,6,8,糟蟹
13,4,食材,10,12,醉蟹
13,5,食材,141,143,麻丝
13,6,食材,48,49,酱
13,7,食材,45,46,酒
13,8,烹饪方法,17,18,制
13,9,烹饪方法,273,274,腌
13,10,烹饪方法,143,144,缠
13,11,烹饪方法,151,152,搪
13,12,烹饪方法,157,158,装
13,13,烹饪方法,161,162,封
13,14,禁忌,93,96,忌火照
15,1,食材,3,4,蟹
15,2,食材,14,16,椒粒
15,3,食材,39,40,酒
15,4,食材,45,46,酱
15,5,食材,64,65,姜
15,6,食材,67,68,苏
15,7,食材,69,71,桔皮
15,8,食材,72,73,盐
15,9,食材,108,109,橙
15,10,食材,111,112,醋
15,11,食材,158,160,大黄
15,12,食材,161,163,紫苏
15,13,食材,164,167,冬瓜汁
15,14,食材,222,224,柿子
15,15,食材,192,193,盐
15,16,食材,203,205,苦酒
15,17,食材,256,258,水莨
15,18,食性,4,5,平
15,19,功效,131,133,消食
15,20,功效,134,137,治胃气
15,21,功效,138,141,理经络
15,22,功效,207,211,通利支节
15,23,病症,437,439,霍乱
15,24,病症,440,442,腹泻
15,25,烹饪方法,49,50,煮
15,26,烹饪方法,88,89,啖
15,27,烹饪方法,107,108,捣
15,28,禁忌,176,184,蟹目相向者不可食
15,29,禁忌,262,270,用酒者断不宜用酱
15,30,医家,116,118,孟诜
15,31,医家,233,236,陶隐居
15,32,古籍来源,120,124,食疗本草
16,1,食材,47,49,野蔌
16,2,食材,49,51,山肴
16,3,食味,90,91,盐
16,4,食味,91,92,梅
16,5,古籍来源,11,15,《尔雅》
16,6,古籍来源,15,19,《说文》
16,7,古籍来源,537,543,《齐民要术》
16,8,医家,344,346,许慎
16,9,医家,199,202,年希尧
17,1,古籍来源,25,29,《周礼》
17,2,食材,158,160,山泉
17,3,食材,169,172,江湖水
17,4,病症,19,20,夭
17,5,病症,90,92,死水
17,6,病症,93,97,雷霆霹雳
17,7,病症,103,106,冰雪水
17,8,病症,84,86,浊水
17,9,病症,80,82,汗水
17,10,病症,267,270,暴取水
17,11,病症,277,279,暴雨
17,12,病症,309,311,舟楫
17,13,养生原则,32,36,饮以养阴
17,14,养生原则,37,41,食以养阴
17,15,养生原则,202,205,无土性
17,16,养生原则,215,220,得太阴亦多
17,17,养生原则,223,227,养生第一
17,18,养生原则,287,290,藏水法
17,19,养生原则,298,302,长流通港
18,1,食材,6,11,宁波淡白鲞
18,2,食材,13,15,黄鱼
18,3,食材,51,53,虾粉
18,4,食材,74,76,鲜鲫
18,5,食材,84,86,甜酱
18,6,食材,102,103,茴
18,7,食材,104,106,椒末
18,8,食材,110,112,柘枝
18,9,食材,116,119,紫蔗皮
18,10,食材,120,122,荔壳
18,11,食材,123,125,松壳
18,12,食材,135,137,鲜鱼
18,13,食材,178,181,好肉汤
18,14,食材,196,197,糟
18,15,食材,251,252,酒
18,16,食味,57,58,咸
18,17,烹饪方法,25,27,切块
18,18,烹饪方法,28,30,蒸熟
18,19,烹饪方法,32,34,剃肉
18,20,烹饪方法,35,37,细剿
18,21,烹饪方法,38,40,珉骨
18,22,烹饪方法,41,43,酥炙
18,23,烹饪方法,44,46,焙燥
18,24,烹饪方法,47,49,研粉
18,25,烹饪方法,86,88,酱过
18,26,烹饪方法,94,97,挣油烹
18,27,烹饪方法,99,101,微晾
18,28,烹饪方法,106,108,揩匀
18,29,烹饪方法,112,114,薰之
18,30,烹饪方法,181,183,煮熟
18,31,烹饪方法,190,192,擦薰
18,32,烹饪方法,222,224,腌过
18,33,烹饪方法,16,18,日晒
18,34,烹饪方法,229,231,收去
18,35,禁忌,60,66,黄枯鲞不堪用
19,1,病症,129,131,伤脾
19,2,病症,135,137,伤血
20,1,食材,52,53,猪
20,2,食材,57,58,鱼
20,3,食材,61,62,鸡
20,4,食材,66,67,蟹
20,5,食材,198,200,山药
20,6,食材,201,203,百合
20,7,食材,204,207,羊眼豆
20,8,食性,270,271,寒
20,9,病症,142,144,腹痛
20,10,烹饪方法,164,165,煮
20,11,烹饪方法,155,156,蒸
20,12,禁忌,79,83,不可多食
20,13,古籍来源,36,41,混俗颐生论
21,1,医家,19,22,朱彝尊
21,2,古籍来源,11,17,《食宪鸿秘》
21,3,古籍来源,108,114,《曝书亭集》
21,4,食材,300,304,金华火腿
21,5,食材,372,373,笋
21,6,食材,396,399,乳制品
21,7,食材,434,436,面筋
21,8,食材,440,442,笄豆
21,9,食材,182,183,鱼
21,10,食材,450,452,鲫鱼
21,11,食材,457,458,鸭
21,12,食材,462,463,鸡
21,13,食材,467,469,熊掌
21,14,食材,534,536,松子
21,15,食材,536,539,海嘤嘶
21,16,食材,546,548,黄雀
21,17,食材,555,557,鹅蛋
21,18,食材,188,189,蟹
21,19,烹饪方法,140,141,煮
21,20,烹饪方法,339,340,糟
21,21,烹饪方法,346,348,辣拌
21,22,烹饪方法,306,307,制
21,23,食疗方,318,321,煮火飓
21,24,食疗方,471,474,东坡腿
21,25,食疗方,332,335,熟火腿
21,26,食疗方,445,447,鱼饼
21,27,食疗方,325,329,东坡腿
21,28,食疗方,477,480,蔡肉丸
21,29,养生原则,124,127,饮之属
21,30,养生原则,129,132,饭之属
21,31,养生原则,135,138,粉之属
21,32,养生原则,146,149,饵之属
21,33,养生原则,151,153,馅料
21,34,养生原则,156,159,酱之属
21,35,养生原则,162,165,蔬之属
21,36,养生原则,168,171,餐芳谱
21,37,养生原则,175,179,果之属
21,38,养生原则,560,561,蟹
21,39,养生原则,192,195,禽之属
21,40,养生原则,199,202,卵之属
21,41,养生原则,204,207,肉之属
21,42,养生原则,211,214,香之属
21,43,养生原则,218,220,种植
22,1,食材,42,44,六谷
22,2,食材,44,46,六牲
22,3,食材,56,58,百羞
22,4,食材,58,60,百酱
22,5,食材,73,75,雁翠
22,6,食材,75,77,鸡肝
22,7,古籍来源,173,175,周礼
22,8,古籍来源,554,556,礼记
22,9,医家,213,215,郑玄
22,10,医家,217,219,郑众
22,11,病症,535,539,食物中毒
23,1,食材,3,5,含桃
23,2,食材,6,7,黍
23,3,食材,15,16,菽
23,4,食材,35,36,脍
23,5,食材,59,60,菹
23,6,食材,367,368,韭
23,7,食材,128,129,鲭
23,8,食材,146,148,人乳
23,9,食材,643,644,独
23,10,古籍来源,185,187,礼记
23,11,古籍来源,315,317,论语
23,12,古籍来源,340,343,南齐书
23,13,古籍来源,415,417,晋书
23,14,医家,686,689,朱彝尊
24,1,病症,102,104,中暑
24,2,病症,361,363,昏迷
24,3,病症,262,264,虚脱
24,4,病症,357,360,休克
24,5,病症,364,366,昏厥
24,6,病症,367,369,狂躁
24,7,病症,374,378,急性扭伤
24,8,病症,56,59,体温高
24,9,病症,65,69,四肢疲乏
24,10,病症,80,82,胸闷
24,11,病症,83,85,恶心
24,12,功效,240,244,开窍醒神
24,13,功效,247,251,镇静宁神
24,14,功效,350,352,救治
26,1,食性,3,4,寒
26,2,病症,30,32,恶寒
26,3,病症,33,35,无汗
26,4,病症,49,51,紧脉
26,5,病症,63,67,筋脉拘急
26,6,病症,69,75,关节屈伸不利
26,7,病症,167,169,伤寒
26,8,病症,196,201,恶寒发热
26,9,病症,203,205,无汗
26,10,病症,206,210,头项强痛
26,11,病症,211,213,身痛
26,12,病症,218,221,脉浮紧
26,13,病症,231,233,寒痹
26,14,病症,244,248,关节疼痛
26,15,病症,258,262,四肢拘急
26,16,病症,264,268,屈伸不利
26,17,病症,290,292,中寒
26,18,病症,303,305,腹痛
26,19,病症,305,307,腹泻
26,20,病症,308,310,肠鸣
26,21,病症,311,315,呕吐清水
26,22,病症,342,346,阳虚里证
26,23,病症,348,352,畏寒肢冷
26,24,病症,353,355,气短
26,25,病症,356,358,唇青
26,26,病症,359,361,纳差
26,27,病症,362,367,腰脊冷痛
26,28,病症,368,372,小便频数
26,29,病症,373,377,腹胀便溏
26,30,病症,380,382,阳痿
26,31,病症,385,389,带下清稀
26,32,病症,518,520,恶寒
26,33,病症,555,558,脉微细
26,34,病症,524,528,脘腹冷痛
26,35,病症,530,532,呕吐
27,1,病症,25,31,精神无法集中
27,2,病症,32,36,心神恍惚
27,3,病症,37,42,嘻笑癫狂
27,4,病症,80,84,眩晕头痛
27,5,病症,85,87,面赤
27,6,病症,88,90,耳鸣
27,7,病症,91,93,昏厥
27,8,病症,115,119,形体憔悴
27,9,病症,121,125,毛发枯萎
27,10,病症,126,130,精神不振
27,11,病症,131,135,生气索然
27,12,病症,182,187,两便失禁
27,13,病症,188,192,精滑遗泄
27,14,病症,241,243,惊厥
27,15,病症,244,246,失精
27,16,病症,278,282,心悸少寐
27,17,病症,283,287,不欲饮食
27,18,病症,288,293,脘腹闷胀
27,19,脏腑,9,10,心
27,20,脏腑,55,56,肝
27,21,脏腑,109,110,肺
27,22,脏腑,154,155,肾
27,23,脏腑,217,218,胆
27,24,脏腑,265,266,脾
27,25,古籍来源,505,509,《内经》
28,1,功效,137,141,醒脑开窍
28,2,功效,142,146,疏风清热
28,3,功效,147,151,镇痈通络
28,4,病症,155,161,头面五官疾患
28,5,病症,163,165,热疖
28,6,病症,166,168,无汗
28,7,病症,169,171,自汗
28,8,病症,173,175,盗汗
28,9,病症,176,178,经闭
28,10,病症,179,181,滞产
28,11,病症,182,184,昏迷
28,12,病症,185,187,癫痫
28,13,病症,188,190,痹症
28,14,功效,197,201,清热利湿
28,15,功效,202,206,祛风解表
28,16,功效,207,211,调和蒈卫
28,17,病症,213,217,上肢不遂
28,18,病症,218,221,高血压
28,19,病症,227,231,咽喉肿痛
28,20,功效,275,279,清热散风
28,21,功效,280,283,通鼻窍
29,1,病症,7,8,梦
29,2,病症,295,297,眩晕
29,3,病症,298,300,耳鸣
29,4,病症,301,303,头痛
29,5,病症,309,311,哭泣
29,6,病症,312,314,恐惧
29,7,病症,322,324,喜笑
29,8,病症,324,326,畏怯
29,9,病症,334,338,腰脊分离
29,10,病症,351,355,众人聚集
29,11,病症,365,367,打架
29,12,病症,368,370,损伤
29,13,病症,501,503,梦怒
29,14,病症,510,515,恐惧哭泣
29,15,病症,516,518,飞扬
29,16,病症,537,539,歌乐
29,17,病症,540,545,身体重不举
29,18,病症,551,557,腰脊两解不属
29,19,病症,379,381,梦证
29,20,脏腑,38,39,肝
29,21,脏腑,42,43,肺
29,22,脏腑,46,47,心
29,23,脏腑,50,51,脾
29,24,脏腑,54,55,肾
29,25,脏腑,656,657,胆
29,26,古籍来源,78,80,内经
29,27,古籍来源,121,124,素问
29,28,古籍来源,135,137,灵枢
29,29,功效,628,632,益气安神
29,30,功效,638,642,养血安神
29,31,功效,648,652,交通心肾
29,32,功效,659,663,壮胆镇惊
29,33,功效,664,668,安神定志
29,34,功效,675,679,清心泻火
30,1,病症,0,3,急痛症
30,2,病症,12,14,心痛
30,3,病症,50,52,胆痛
30,4,病症,92,94,蛔厥
30,5,病症,127,129,胃疼
30,6,病症,167,169,腹痛
30,7,病症,202,204,肾痛
30,8,病症,253,255,出血
30,9,病症,289,291,咳血
30,10,病症,292,296,肝火犯肺
30,11,病症,321,325,阴虚火旺
30,12,病症,368,370,肺热
30,13,病症,404,406,胃热
30,14,病症,442,444,肝火
30,15,病症,481,485,胃中积热
30,16,病症,510,512,吐血
30,17,病症,513,517,肝火犯胃
30,18,病症,545,549,脾气虚弱
30,19,病症,584,586,便血
30,20,病症,629,633,大肠湿热
30,21,病症,698,702,阴虚火旺
30,22,病症,711,713,尿血
30,23,病症,727,731,心火亢盛
30,24,功效,4,6,治法
30,25,功效,9,11,配穴
30,26,归经,16,18,任脉
30,27,归经,19,22,膀胱经
30,28,归经,24,27,厥阴经
30,29,归经,55,58,足少阳
30,30,归经,96,99,手阳明
30,31,归经,131,133,阳明
30,32,归经,174,179,手足阳明经
30,33,归经,171,173,任脉
30,34,归经,270,274,手足厥阴
30,35,归经,276,279,心包经
30,36,归经,281,283,肝经
30,37,归经,285,288,手太阴
30,38,归经,326,331,手太阴肺经
30,39,归经,332,337,足少阴肾经
30,40,归经,372,374,督脉
30,41,归经,375,380,手太阴经脉
30,42,归经,408,410,督脉
30,43,归经,412,418,手足阳明经脉
30,44,归经,446,448,督脉
30,45,归经,449,452,足厥阴
30,46,归经,453,456,少阴经
30,47,归经,487,489,督脉
30,48,归经,490,493,足阳明
30,49,归经,519,522,足阳明
30,50,归经,59,62,厥阴经
30,51,归经,551,554,足太阴
30,52,归经,555,557,足阳
30,53,归经,206,208,任脉
30,54,归经,596,599,足太阴
30,55,归经,600,603,足阳明
30,56,归经,635,638,足太阳
30,57,归经,639,642,足阳明
30,58,归经,643,646,足太阴
30,59,归经,673,675,督脉
30,60,归经,593,595,任脉
30,61,归经,680,683,足厥阴
30,62,归经,209,212,足少阴
30,63,归经,676,678,任脉
30,64,归经,736,739,手厥阴
30,65,归经,684,687,足少阴
30,66,烹饪方法,31,35,针用泻法
30,67,烹饪方法,66,70,针用泻法
30,68,烹饪方法,108,112,针用泻法
30,69,烹饪方法,144,150,针#祛;酌法
30,70,烹饪方法,183,187,针用泻法
30,71,烹饪方法,219,223,针用泻法
30,72,烹饪方法,315,319,针用泻法
30,73,烹饪方法,383,387,针用泻法
30,74,烹饪方法,341,347,针用补泻兼施
30,75,烹饪方法,421,425,针用泻法
30,76,烹饪方法,460,464,针用泻法
30,77,烹饪方法,498,502,针用泻法
30,78,烹饪方法,530,534,针用泻法
30,79,烹饪方法,651,655,针用泻祛
30,80,烹饪方法,608,614,针用补法并灸
30,81,烹饪方法,716,722,针用补泻兼施
30,82,烹饪方法,748,751,针用泻
31,1,病症,301,303,感冒
31,2,病症,304,306,肺炎
31,3,病症,307,311,支气管炎
31,4,病症,312,315,肺结核
31,5,病症,329,333,心动过速
31,6,病症,334,338,心动过缓
31,7,病症,339,342,心绞痛
31,8,病症,356,358,肠炎
31,9,病症,359,361,痢疾
31,10,病症,362,364,胃炎
31,11,病症,365,369,消化不良
31,12,病症,370,373,溃疡病
31,13,病症,375,378,胃下垂
31,14,病症,379,382,胆绞痛
31,15,病症,383,386,胆囊炎
31,16,病症,387,389,肝炎
31,17,病症,404,406,遗精
31,18,病症,407,409,遗尿
31,19,病症,410,412,阳痿
31,20,病症,413,415,闭经
31,21,病症,416,418,痛经
31,22,病症,419,423,月经不调
31,23,病症,424,426,肾炎
31,24,病症,428,431,肾绞痛
31,25,病症,432,435,盆腔炎
31,26,病症,436,440,胎位不正
31,27,病症,441,443,难产
31,28,病症,455,457,癔病
31,29,病症,458,462,神经衰弱
31,30,病症,463,465,脱肛
31,31,病症,466,468,痔疮
31,32,病症,485,487,头痛
31,33,病症,488,490,眼痛
31,34,病症,491,494,颈背痛
31,35,病症,495,497,腰痛
31,36,病症,498,503,坐骨神经痛
31,37,病症,504,506,瘫痪
31,38,病症,507,513,风湿性关节炎
31,39,古籍来源,516,524,足太阳膀胱经图解
32,1,古籍来源,1,5,黄帝内经
32,2,古籍来源,61,63,周易
32,3,脏腑,218,220,大肠
32,4,脏腑,228,229,肺
32,5,脏腑,232,233,胃
32,6,病症,243,249,上呼吸道感染
32,7,病症,250,256,头面五官疾病
32,8,病症,257,263,过敏性皮肤病
32,9,病症,264,274,经脉所经部位的疾病
34,1,脏腑,12,13,心
34,2,脏腑,40,41,脑
34,3,脏腑,438,439,肺
35,1,病症,8,11,肾气虚
35,2,病症,21,24,肝气虚
35,3,病症,40,43,心气虚
35,4,病症,53,56,脾气虚
35,5,病症,66,68,气虚
35,6,病症,69,73,阴阳偏衰
35,7,病症,87,89,阴虚
35,8,病症,90,92,阳虚
35,9,病症,93,97,阴阳两虚
35,10,病症,202,204,梦证
35,11,病症,221,225,阴虚阳亢
35,12,病症,226,230,虚热梦证
35,13,病症,250,257,阴寒偏盛之梦证
35,14,病症,269,275,阴阳两气俱虚
35,15,病症,315,318,肺气虚
35,16,病症,363,366,肾气虚
35,17,病症,421,424,肝气虚
35,18,病症,473,476,心气虚
35,19,病症,517,520,脾气虚
35,20,古籍来源,118,120,内经
35,21,医家,147,150,张景岳
35,22,古籍来源,151,153,类经
35,23,功效,59,63,补其偏衰
35,24,功效,103,107,补其不足
35,25,功效,233,238,补阴以制阳
35,26,功效,260,266,补阳以制阴
35,27,功效,278,282,阴阳双补
36,1,养生原则,282,300,"使志若伏若匿,若有私意,若己有得"
36,2,养生原则,411,415,秋冬养阴
36,3,养生原则,418,422,无扰乎阳
36,4,养生原则,424,433,"虚者补之,寒者温之"
36,5,养生原则,390,395,早卧晚起
36,6,养生原则,739,741,养藏
36,7,病症,449,451,寒邪
36,8,食性,33,34,寒
36,9,食性,484,485,热
36,10,古籍来源,190,192,内经
36,11,医家,341,344,孙思邈
38,1,脏腑,5,7,小肠
38,2,脏腑,69,71,大肠
38,3,脏腑,127,128,肾
38,4,脏腑,281,283,膀胱
38,5,脏腑,284,286,三焦
38,6,脏腑,384,386,五脏
38,7,脏腑,400,402,六腑
38,8,古籍来源,265,269,《内经》
38,9,古籍来源,312,321,《素问.水热穴论》
38,10,古籍来源,332,343,《素问.六节藏象论》
38,11,古籍来源,355,366,《素问 .金匮真言论》
38,12,病症,180,183,水肿
39,1,脏腑,386,387,心
39,2,脏腑,227,228,肺
39,3,脏腑,235,236,脾
39,4,脏腑,60,61,肾
39,5,脏腑,248,249,胃
39,6,脏腑,250,252,小肠
39,7,脏腑,253,255,大肠
39,8,脏腑,256,258,膀胱
39,9,脏腑,551,552,肝
39,10,脏腑,553,554,胆
40,1,病症,115,117,中暑
40,2,病症,120,123,虚脱型
40,3,病症,128,131,高热型
40,4,病症,166,168,脱水
40,5,病症,169,173,血压下降
40,6,病症,174,177,脑缺血
40,7,病症,178,180,晕厥
40,8,病症,245,247,昏迷
40,9,病症,551,553,昏厥
40,10,食材,508,510,泠水
40,11,食材,511,514,淡盐水
40,12,烹饪方法,392,394,留罐
40,13,烹饪方法,445,447,点刺
40,14,养生原则,615,621,预防胜于治疗
41,1,古籍来源,2,8,《黄帝内经》
41,2,古籍来源,16,21,《内经图》
41,3,脏腑,106,110,五脏六腑
41,4,医家,210,212,胡僧
42,1,脏腑,26,27,肝
42,2,脏腑,28,29,胆
42,3,脏腑,51,52,心
42,4,脏腑,53,55,小肠
42,5,脏腑,69,70,脾
42,6,脏腑,71,72,胃
42,7,脏腑,96,97,肺
42,8,脏腑,98,100,大肠
42,9,脏腑,121,122,肾
42,10,脏腑,123,125,膀胱
43,1,病症,3,7,心火上炎
43,2,病症,9,13,口舌生疮
43,3,食材,21,23,茶叶
43,4,归经,24,26,肝经
43,5,功效,28,30,明目
43,6,功效,30,32,清肝
43,7,食材,39,42,无花果
43,8,归经,44,45,肺
43,9,归经,46,47,胃
43,10,归经,49,52,大肠经
43,11,食材,60,63,马齿苋
43,12,归经,65,66,心
43,13,归经,67,70,大肠经
43,14,食材,78,80,杞子
43,15,归经,82,83,肝
43,16,归经,84,86,肾经
43,17,食材,94,97,桑寄生
43,18,归经,99,100,肝
43,19,归经,101,103,肾经
43,20,食材,112,114,莲子
43,21,归经,116,118,脾经
43,22,养生原则,120,129,不同体质的饮食要求
43,23,养生原则,130,135,阴虚之体质
43,24,食材,149,151,芝麻
43,25,食材,152,154,糯米
43,26,食材,155,157,蜂蜜
43,27,食材,158,160,乳品
43,28,食材,161,163,甘蔗
43,29,食材,164,166,蔬莱
43,30,食材,167,169,水果
43,31,食材,170,172,豆腐
43,32,食材,173,175,鱼类
43,33,食味,176,178,清淡
43,34,食材,184,186,葱姜
43,35,食材,187,188,蒜
43,36,食味,191,192,辛
43,37,养生原则,201,207,阳虚之体质者
43,38,食材,221,223,羊肉
43,39,食材,224,226,狗肉
43,40,食材,227,229,鹿肉
43,41,食材,244,246,附子
43,42,食材,307,309,粳米
43,43,食材,313,315,小米
43,44,食材,316,318,黄米
43,45,食材,319,321,大麦
43,46,食材,322,324,山药
43,47,食材,325,327,大枣
43,48,功效,289,291,补气
43,49,食疗方,296,301,入参莲肉汤
43,50,养生原则,274,280,气虚之体质者
43,51,食材,355,357,桑葚
43,52,食材,357,359,荔枝
43,53,食材,360,362,松子
43,54,食材,363,366,黑木耳
43,55,食材,367,369,甲鱼
43,56,食材,370,372,羊肝
43,57,食材,373,375,海参
43,58,功效,387,389,补血
43,59,功效,389,391,养血
43,60,养生原则,344,350,血虚之体质者
43,61,养生原则,396,402,阳盛之体质者
43,62,食材,416,418,辣椒
43,63,食材,419,420,姜
43,64,食材,421,422,葱
43,65,食材,423,424,蒜
43,66,食味,408,410,辛辣
43,67,食性,410,412,燥烈
43,68,食材,428,430,牛肉
43,69,食材,434,436,鸡肉
43,70,食材,453,455,水果
43,71,食材,456,458,蔬菜
43,72,食材,459,461,苦瓜
43,73,食味,465,466,辛
43,74,食性,466,467,热
43,75,功效,467,469,上行
43,76,禁忌,474,476,戒酒
46,1,古籍来源,0,4,《内经》
46,2,医家,75,77,内经
46,3,病症,96,100,形体粗壮
46,4,病症,154,158,形体瘦削
46,5,病症,237,241,气血外浮
46,6,病症,260,264,气血内沉
46,7,功效,465,467,取效
46,8,养生原则,39,41,顺势
46,9,养生原则,50,56,顺应自然之势
46,10,养生原则,402,410,针道必须合于天道
46,11,养生原则,413,420,天道即自然之道
46,12,养生原则,435,440,因势利导
47,1,食材,19,21,苦笄
47,2,食材,30,33,淡竹沥
47,3,食材,69,71,竹实
47,4,食材,85,86,筻
47,5,食材,112,114,苦笋
47,6,食材,238,241,锬竹沥
47,7,食材,367,370,淡竹茹
47,8,食材,460,462,竹实
47,9,食材,568,571,筻竹根
47,10,食性,34,36,大寒
47,11,食性,41,43,大热
47,12,食性,133,134,寒
47,13,食性,313,315,性蹇
47,14,食性,408,410,性凉
47,15,食性,521,523,性平
47,16,食味,91,92,淡
47,17,食味,93,94,苦
47,18,食味,95,96,甘
47,19,食味,128,129,甘
47,20,食味,117,118,苦
47,21,食味,130,131,苦
47,22,归经,316,318,入心
47,23,归经,319,321,胃经
47,24,功效,25,28,不发痰
47,25,功效,37,40,芏中风
47,26,功效,58,61,芏噎膈
47,27,功效,62,64,鼻衄
47,28,功效,74,77,通神明
47,29,功效,78,80,轻身
47,30,功效,81,83,益气
47,31,功效,198,203,提神助兴
47,32,功效,204,208,清热利湿
47,33,功效,209,212,除热气
47,34,功效,213,216,止消渴
47,35,功效,217,219,明目
47,36,功效,220,223,解酒毒
47,37,功效,225,233,去面目及口腔热
47,38,功效,324,328,清热滑痰
47,39,功效,329,333,镇惊利窍
47,40,功效,334,337,清心火
47,41,功效,338,342,化痰止渴
47,42,功效,303,307,主治风痊
47,43,功效,411,417,主治胃热噎膈
47,44,功效,423,428,热呃咳逆
47,45,功效,429,433,痰热恶心
47,46,功效,434,438,酒伤呕吐
47,47,功效,439,443,痰涎酸水
47,48,功效,444,448,惊悸怔忡
47,49,功效,449,454,心烦躁乱
47,50,功效,455,459,睡卧不宁
47,51,功效,532,537,咳逆上气溢
47,52,功效,538,542,筋急恶疡
47,53,功效,544,547,杀小虫
47,54,功效,556,561,除烦热风痉
47,55,功效,562,564,喉痹
47,56,功效,565,567,呕吐
47,57,功效,584,588,益气止渴
47,58,功效,590,594,补虚下气
47,59,病症,44,46,烦闷
47,60,病症,48,50,劳复
47,61,病症,418,422,胃虚干呕
47,62,脏腑,7,8,心
47,63,古籍来源,135,141,《本草图经》
47,64,古籍来源,499,503,《本经》
47,65,古籍来源,549,553,《别录》
47,66,医家,482,485,陶弘景
49,1,食材,172,174,鲈鱼
49,2,食性,5,6,平
49,3,功效,9,11,安胎
49,4,功效,12,14,补中
49,5,功效,21,24,补五脏
49,6,功效,29,32,益筋骨
49,7,功效,33,36,和肠胃
49,8,功效,38,41,治水气
49,9,功效,208,212,补益脾胃
49,10,功效,214,218,滋润肝肾
49,11,禁忌,79,87,多食发瘃癖及疮肿
49,12,禁忌,89,96,不可与乳酪同食
49,13,古籍来源,109,113,嘉裕本草
49,14,古籍来源,122,124,孟诜
49,15,古籍来源,125,129,日华子
49,16,古籍来源,141,145,嘉祜本草
51,1,食材,51,54,薏苡仁
51,2,食材,139,141,粳米
51,3,食性,10,11,平
51,4,食性,101,102,凉
51,5,食味,96,97,甘
51,6,归经,104,105,脾
51,7,归经,106,107,肺
51,8,归经,108,109,肾
51,9,功效,12,17,去千湿脚气
51,10,功效,113,117,健脾利湿
51,11,功效,118,122,补肺清热
51,12,功效,123,127,去风胜湿
51,13,功效,128,131,利筋脉
51,14,功效,154,162,治疗风湿性关节炎
51,15,功效,163,167,消水肿
51,16,功效,168,173,除胸中邪气
51,17,功效,174,177,通筋络
51,18,功效,178,181,活血脉
51,19,功效,182,185,健脾胃
51,20,烹饪方法,141,142,煮
51,21,烹饪方法,146,147,酿
51,22,养生原则,186,195,是较好的食疗上品
51,23,养生原则,196,207,对南方潮湿地带民众尤宜
51,24,古籍来源,41,47,《嘉祜本草》
52,1,食味,7,8,辛
52,2,食性,9,10,温
52,3,功效,15,19,调中消食
52,4,功效,21,24,去恶气
52,5,功效,25,28,消水气
52,6,功效,36,41,疗齿根烂疮
52,7,禁忌,49,55,不可过多食
52,8,禁忌,56,59,壅关节
52,9,禁忌,60,63,涩荣卫
52,10,禁忌,64,69,令血脉不行
52,11,禁忌,74,80,动风发脚气
52,12,病症,82,83,畹
52,13,功效,90,91,定
52,14,烹饪方法,97,98,煮
52,15,功效,106,113,主目臀及物入目
52,16,功效,137,142,疗风赤眵泪
52,17,功效,148,154,主小儿黄烂疮
52,18,烹饪方法,156,158,烧灰
52,19,烹饪方法,158,159,傅
52,20,古籍来源,461,466,《邺中记》
52,21,医家,289,292,罗天益
52,22,医家,309,313,掌禹锡
52,23,医家,332,336,东垣李氏
52,24,古籍来源,362,368,《饮膳正要》
53,1,食材,131,133,蜩脂
53,2,食味,137,138,甘
53,3,食性,140,141,平
53,4,病症,155,157,耳聋
53,5,病症,10,12,肠风
53,6,病症,180,182,鸨血
53,7,食材,30,32,桔梗
53,8,食味,244,246,苦辛
53,9,食性,248,249,平
53,10,归经,251,252,肺
53,11,归经,253,254,胃
53,12,功效,257,261,宣通肺气
53,13,功效,262,267,祛痰排脓
53,14,食材,36,39,麦门冬
53,15,食味,319,320,甘
53,16,食味,321,323,微苦
53,17,食性,325,326,寒
53,18,功效,328,333,养阴润肺
53,19,功效,334,338,除烦清心
53,20,功效,339,343,益胃生津
53,21,古籍来源,146,150,本草拾遗
53,22,古籍来源,167,172,日华子本草
54,1,食材,9,11,猪膏
54,2,食材,31,33,大豆
54,3,食材,36,40,青竹筹子
54,4,食性,144,145,平
54,5,食性,239,241,微寒
54,6,食性,251,252,寒
54,7,食性,285,286,温
54,8,病症,26,29,失音
54,9,病症,154,156,霍乱
54,10,病症,156,158,吐逆
54,11,病症,172,173,毒
54,12,烹饪方法,8,9,炼
54,13,烹饪方法,58,59,煮
54,14,烹饪方法,164,165,捣
54,15,烹饪方法,176,177,涂
54,16,功效,19,22,肥健人
54,17,功效,66,67,瘥
54,18,功效,93,97,令人长生
54,19,功效,130,132,益阳
54,20,古籍来源,192,196,政类本草
54,21,古籍来源,243,247,嘉佑本草
54,22,古籍来源,255,258,医心方
54,23,古籍来源,267,271,本草经疏
54,24,古籍来源,403,408,延年秘录方
55,1,食材,63,66,青小豆
55,2,食性,12,13,寒
55,3,功效,14,17,疗热中
55,4,病症,18,20,消渴
55,5,功效,23,25,止痢
55,6,功效,27,30,下胀满
55,7,食材,71,73,豌豆
55,8,食材,79,81,睥亘
55,9,食材,82,84,寒豆
55,10,食材,85,87,毕豆
55,11,食材,88,90,麻累
55,12,食味,92,93,甘
55,13,食性,95,96,平
55,14,食味,111,112,咸
55,15,食性,114,115,温
55,16,食性,122,125,无毒
55,17,功效,126,129,主寒热
55,18,病症,130,132,热中
55,19,病症,133,135,消渴
55,20,功效,136,139,止泄利
55,21,功效,140,143,利小便
55,22,功效,144,147,除吐逆
55,23,功效,148,150,卒溉
55,24,功效,152,156,下腹胀满
55,25,食材,165,167,胡豆
55,26,食材,177,179,鲤鱼
55,27,禁忌,184,194,令人肝至五年成干瘠病
55,28,食材,199,201,绿豆
55,29,古籍来源,43,46,医心方
55,30,古籍来源,53,56,孟诜云
55,31,古籍来源,98,104,千金方.食治
55,32,古籍来源,206,211,太平圣惠方
56,1,食性,1,2,寒
56,2,食性,6,7,热
56,3,功效,8,11,解酒毒
56,4,功效,12,14,止渴
56,5,病症,17,19,眼赤
56,6,病症,136,138,红眼
56,7,病症,139,141,砂眼
56,8,食味,47,48,甘
56,9,食味,49,50,咸
56,10,食性,57,58,冷
56,11,归经,61,62,肝
56,12,归经,63,64,肾
56,13,功效,68,72,清热滋阴
56,14,功效,73,77,明目解毒
56,15,功效,79,83,养肝熄风
56,16,功效,84,88,凉血定惊
56,17,功效,120,127,清热明目解毒
56,18,烹饪方法,131,133,点眼
56,19,禁忌,157,161,多食发风
56,20,禁忌,162,165,动冷气
56,21,禁忌,179,183,多食寒中
56,22,禁忌,184,188,外感未清
56,23,古籍来源,149,153,本草衍义
56,24,古籍来源,168,175,随息居饮食谱
57,1,食性,2,3,平
57,2,食材,68,70,甘菊
57,3,食材,75,77,菊花
57,4,食材,105,107,白菊
57,5,食材,108,110,滁菊
57,6,食材,111,113,贡菊
57,7,食材,114,117,杭白菊
57,8,食材,118,121,杭黄菊
57,9,食材,5,6,叶
57,10,食材,17,18,茎
57,11,食材,28,29,花
57,12,食材,155,156,实
57,13,食材,58,62,野生苦菊
57,14,食味,0,1,甘
57,15,食味,175,176,辛
57,16,食味,215,217,微苦
57,17,食味,291,292,苦
57,18,食性,219,220,凉
57,19,病症,40,42,头风
57,20,病症,43,45,目眩
57,21,病症,46,48,泪出
57,22,病症,50,52,烦热
57,23,病症,197,199,痈疽
57,24,病症,246,248,目翳
57,25,病症,250,254,胸中痰饮
57,26,功效,54,57,利五藏
57,27,功效,222,226,清肝利胆
57,28,功效,229,233,明目宁心
57,29,功效,298,303,疏风清热
57,30,功效,309,313,解毒消肿
57,31,烹饪方法,257,259,煎汤
57,32,烹饪方法,260,262,煮粥
57,33,烹饪方法,14,16,作羹
57,34,禁忌,364,367,田野菊
57,35,禁忌,370,372,苦薏
57,36,古籍来源,123,127,《别录》
57,37,古籍来源,326,332,《本草纲目》
57,38,古籍来源,379,385,《牧竖闲谈》
58,1,食材,35,38,天门冬
58,2,食味,286,287,甘
58,3,食味,288,289,苦
58,4,食性,291,292,寒
58,5,归经,17,18,肺
58,6,归经,296,297,肾
58,7,功效,11,14,补虚劳
58,8,功效,382,385,治肺劳
58,9,功效,21,23,止渴
58,10,功效,27,30,去热风
58,11,功效,300,302,滋阴
58,12,功效,310,312,降火
58,13,病症,330,334,虚劳绝伤
58,14,病症,335,341,老年衰损羸瘦
58,15,病症,342,346,偏枯不随
58,16,病症,348,352,风湿不仁
58,17,病症,353,355,冷痹
58,18,病症,356,360,心腹积聚
58,19,病症,361,363,恶疮
58,20,病症,364,368,痈疽肿癞
58,21,病症,371,373,阴痿
58,22,病症,374,377,耳聋
58,23,病症,378,380,目暗
58,24,病症,395,399,肺气咳逆
58,25,病症,400,404,喘息促急
58,26,病症,414,416,肺痿
58,27,病症,416,420,生痈吐脓
58,28,病症,423,425,湿疥
58,29,病症,427,429,消渴
58,30,病症,431,434,热中风
58,31,病症,451,453,心病
58,32,病症,453,455,嗌干
58,33,病症,456,458,心痛
58,34,病症,459,463,渴而欲饮
58,35,病症,470,474,足下热痛
58,36,病症,524,528,风痹热毒
58,37,病症,529,531,游风
58,38,病症,532,534,烦闷
58,39,病症,534,537,吐血
58,40,脏腑,245,246,肺
58,41,脏腑,409,410,肾
58,42,脏腑,173,174,心
58,43,古籍来源,322,325,千金方
58,44,古籍来源,387,390,药性论
58,45,古籍来源,444,447,王好古
58,46,古籍来源,481,486,日华子本草
59,1,食材,0,1,酒
59,2,食材,2,4,紫酒
59,3,食材,13,14,姜
59,4,食材,26,28,桑椹
59,5,食材,44,46,葱豉
59,6,食材,64,66,蜜酒
59,7,食材,74,76,地黄
59,8,食材,78,80,牛膝
59,9,食材,83,85,虎骨
59,10,食材,87,90,仙灵脾
59,11,食材,92,94,通草
59,12,食材,154,156,掬米
59,13,功效,7,11,治角弓风
59,14,功效,19,24,主偏风中恶
59,15,功效,34,37,补五脏
59,16,功效,39,42,明耳目
59,17,功效,50,53,解烦热
59,18,功效,56,59,补虚劳
59,19,功效,69,72,疗风疹
59,20,功效,184,187,壮筋骨
59,21,功效,188,191,治痿痹
59,22,功效,192,195,补虚损
59,23,功效,196,199,除久疟
59,24,病症,285,287,痿痹
59,25,病症,288,293,四肢拘挛
59,26,病症,294,299,膝痛不可屈
59,27,病症,322,326,伤中少气
59,28,病症,328,331,肾阴消
59,29,病症,334,336,失溺
59,30,病症,359,363,月水不通
59,31,病症,364,366,血结
59,32,病症,375,377,发白
59,33,病症,353,356,腰脊痛
59,34,脏腑,269,270,肝
59,35,脏腑,271,272,肾
59,36,烹饪方法,150,151,煎
59,37,烹饪方法,176,177,煮
59,38,烹饪方法,171,172,浸
59,39,食疗方,98,100,紫酒
59,40,食疗方,180,183,牛膝酒
59,41,古籍来源,276,278,本经
59,42,古籍来源,314,316,别录
60,1,食材,62,64,荆芥
60,2,食材,13,15,析莫
60,3,食材,98,100,大荠
60,4,食材,105,108,葶苈子
60,5,食材,116,118,假苏
60,6,食材,241,243,菥莫
60,7,食材,288,291,菥莫子
60,8,食味,311,312,甘
60,9,食性,314,315,平
60,10,食味,175,176,辛
60,11,食性,367,369,微温
60,12,功效,317,321,利肝明目
60,13,功效,322,326,和中益气
60,14,病症,333,336,肾炎
60,15,病症,348,355,产后子官内膜炎
60,16,功效,404,406,明目
60,17,病症,407,411,目痛泪出
60,18,功效,412,414,除痹
60,19,功效,415,418,补五脏
60,20,功效,419,423,益精光
60,21,病症,432,436,心腹腰痛
60,22,医家,27,30,陈藏器
60,23,古籍来源,31,35,本草拾遗
60,24,医家,37,39,张鼎
60,25,古籍来源,40,42,食疗
60,26,古籍来源,71,73,本经
60,27,古籍来源,425,427,别录
60,28,医家,109,110,陶
60,29,医家,111,112,苏
60,30,医家,128,130,受琚
61,1,食材,6,8,淡竹
61,2,食材,11,13,甘竹
61,3,食材,50,53,苦竹叶
61,4,食材,73,76,苦竹笳
61,5,食材,85,88,苦竹根
61,6,食材,109,111,焱竹
61,7,食性,197,198,寒
61,8,食性,369,370,凉
61,9,食味,193,194,甘
61,10,食味,232,233,苦
61,11,功效,23,25,消渴
61,12,功效,26,28,痰饮
61,13,功效,30,32,喉痹
61,14,功效,34,36,鬼痊
61,15,功效,37,39,恶气
61,16,功效,40,43,杀小虫
61,17,功效,44,47,除烦热
61,18,功效,57,59,口疮
61,19,功效,61,63,目热
61,20,功效,64,66,喑哑
61,21,功效,80,83,下热壅
61,22,功效,201,204,清心火
61,23,功效,209,212,利小便
61,24,功效,385,388,呕畹
61,25,功效,389,393,温气寒热
61,26,功效,394,396,吐血
61,27,功效,397,399,崩中
61,28,功效,500,503,清心热
61,29,功效,506,510,明目开窍
61,30,功效,511,515,杀虫解毒
61,31,功效,545,548,止尿血
61,32,脏腑,372,373,胃
61,33,脏腑,374,375,胆
61,34,烹饪方法,102,103,煮
61,35,古籍来源,378,380,别录
61,36,古籍来源,539,541,纲目
62,1,食性,9,10,平
62,2,功效,11,17,主肝家热毒气
62,3,功效,21,25,风眼赤泪
62,4,脏腑,65,66,肝
62,5,食材,218,221,决明子
62,6,食味,159,160,苦
62,7,归经,90,91,肝
62,8,归经,224,225,肾
62,9,功效,235,239,通便利水
62,10,病症,243,246,高血压
62,11,病症,247,249,肝炎
62,12,病症,250,255,肝硬化腹水
62,13,古籍来源,69,73,大观本草
62,14,古籍来源,82,84,敦煌
63,1,食材,92,95,山樱桃
63,2,食性,10,11,温
63,3,功效,19,24,令人好颜色
63,4,功效,25,27,美志
63,5,功效,55,60,补中益气
63,6,病症,62,65,水谷痢
63,7,病症,67,69,泄精
63,8,禁忌,141,145,不可多食
63,9,禁忌,146,152,令人发阍风
63,10,古籍来源,114,119,嘉祜本草
63,11,医家,121,123,孟诜
63,12,医家,153,155,苏颂
63,13,古籍来源,305,307,别录
64,1,食材,8,10,大麦
64,2,食味,155,156,甘
64,3,食味,158,159,咸
64,4,食性,162,163,凉
64,5,功效,165,170,消渴除热
64,6,功效,171,175,宽胸下气
64,7,功效,176,179,和脾胃
64,8,功效,181,184,止泄泻
64,9,功效,185,188,利小便
64,10,功效,193,198,益气补中
64,11,功效,199,202,实五脏
64,12,功效,204,207,厚肠胃
64,13,病症,46,48,脚弱
64,14,功效,56,58,下气
64,15,食材,391,394,设石子
64,16,食味,544,545,苦
64,17,食味,546,547,涩
64,18,食性,549,550,温
64,19,功效,555,559,温中固气
64,20,功效,560,564,益血生精
64,21,功效,566,570,和气安神
64,22,古籍来源,100,104,《广雅》
65,1,食材,75,77,蓼实
65,2,食材,6,8,蓼子
65,3,食材,112,115,水蓼子
65,4,食材,0,1,蓼
65,5,食材,237,238,蔷
65,6,食材,239,241,虞蓼
65,7,食材,242,244,泽蓼
65,8,食材,245,247,辣蓼
65,9,食材,248,251,水红花
65,10,食材,252,257,药蓼子草
65,11,食材,258,261,痛骨消
65,12,食材,262,265,斑蕉草
65,13,食材,275,277,全草
65,14,食性,120,121,温
65,15,食性,288,289,平
65,16,食味,117,118,辛
65,17,功效,130,132,明目
65,18,功效,133,135,温中
65,19,功效,136,140,耐风寒
65,20,功效,141,144,下水气
65,21,功效,147,151,面目浮肿
65,22,功效,152,154,痈疡
65,23,功效,158,162,温中利水
65,24,功效,163,167,破瘀散结
65,25,功效,169,173,治疗浮肿
65,26,功效,174,176,腹痛
65,27,功效,177,179,腹胀
65,28,功效,180,182,吐泻
65,29,功效,183,187,皮肤疮疡
65,30,功效,188,190,痈肿
65,31,功效,191,193,瘰疬
65,32,功效,291,295,祛风消肿
65,33,功效,296,300,化遢行滞
65,34,功效,344,346,止血
65,35,功效,353,355,镇痛
65,36,病症,13,15,吐水
65,37,病症,20,22,拥气
65,38,病症,43,45,蛇咬
65,39,禁忌,213,217,多食吐水
65,40,禁忌,218,222,拥气损阳
65,41,烹饪方法,46,47,捣
65,42,烹饪方法,52,53,傅
65,43,古籍来源,65,71,《延寿类要》
65,44,古籍来源,122,126,《本经》
65,45,古籍来源,202,207,《药性论》
66,1,食材,148,151,芜菁子
66,2,食材,155,158,蔓菁子
66,3,食味,160,161,辛
66,4,食性,163,164,平
66,5,功效,166,170,清热解毒
66,6,功效,172,176,益肝行气
66,7,功效,178,181,消黄疽
66,8,功效,182,184,明目
66,9,功效,98,101,利小便
66,10,功效,189,192,杀虫积
66,11,病症,69,71,热黄
66,12,病症,72,76,结实不通
66,13,烹饪方法,14,15,蒸
66,14,烹饪方法,16,17,曝
66,15,烹饪方法,19,20,捣
66,16,烹饪方法,47,48,研
66,17,古籍来源,114,118,嘉祜本草
66,18,古籍来源,121,124,孟诜云
66,19,古籍来源,133,135,敦煌
67,1,食材,0,1,乳
67,2,食性,2,4,微寒
67,3,功效,6,9,润五脏
67,4,功效,11,13,利大
67,5,功效,15,17,小便
67,6,功效,18,23,益十二经脉
67,7,食材,72,74,乳腐
67,8,食材,78,80,乳饼
67,9,食材,85,88,奶豆腐
67,10,食材,92,94,牛乳
67,11,烹饪方法,118,119,滤
67,12,烹饪方法,122,123,煎
67,13,烹饪方法,132,133,点
67,14,烹饪方法,141,142,漉
67,15,烹饪方法,152,153,压
67,16,食味,175,176,甘
67,17,食性,178,180,微寒
67,18,功效,182,186,滋润五脏
67,19,功效,187,192,益十二经脉
67,20,功效,194,199,通利大小便
68,1,食材,21,23,白梅
68,2,食材,47,49,乌梅
68,3,食性,358,360,平温
68,4,食味,220,221,酸
68,5,归经,363,364,肝
68,6,归经,365,366,脾
68,7,归经,367,368,肺
68,8,归经,370,372,大肠
68,9,功效,105,107,止渴
68,10,功效,119,121,治疟
68,11,功效,129,131,除闷
68,12,功效,132,134,安神
68,13,功效,407,409,止血
68,14,病症,108,110,霍乱
68,15,病症,111,115,心腹不安
68,16,病症,116,118,痢赤
68,17,病症,34,38,大便不通
68,18,病症,40,44,气奔欲死
68,19,病症,389,391,骨蒸
68,20,病症,393,395,烦闷
68,21,病症,334,336,肠炎
68,22,病症,338,342,蛔虫病
68,23,病症,343,346,钩虫症
68,24,烹饪方法,95,97,水渍
68,25,烹饪方法,63,66,杵为丸
68,26,禁忌,8,12,多食损齿
68,27,古籍来源,376,381,日华子本草
69,1,食材,0,1,鸡
69,2,食材,19,22,鱼肉汁
69,3,食材,89,91,鸡肉
69,4,食材,130,133,黄雌鸡
69,5,食材,134,137,黄雄鸡
69,6,食材,138,141,鸟雌鸡
69,7,食材,107,109,鸡子
69,8,食性,219,220,温
69,9,食味,215,216,甘
69,10,归经,222,227,脾胃两经
69,11,功效,229,233,补中益气
69,12,功效,234,239,增精添髓
69,13,病症,14,15,狂
69,14,病症,27,29,心瘢
69,15,病症,69,71,泄痢
69,16,禁忌,52,56,食并害人
69,17,古籍来源,151,155,本草纲目
70,1,食材,144,146,鸡肝
70,2,食材,10,12,冠血
70,3,食材,14,16,天雄
70,4,食材,21,23,桂心
70,5,食材,27,30,太阳粉
70,6,食性,153,154,温
70,7,食味,150,151,甘
70,8,食味,295,296,辛
70,9,食性,298,299,热
70,10,功效,233,236,补肝肾
70,11,功效,324,327,主大风
70,12,功效,328,332,蹇湿痹
70,13,功效,333,336,历节痛
70,14,功效,337,341,拘挛缓急
70,15,功效,342,347,破积聚邪气
70,16,功效,348,350,金疮
70,17,功效,351,354,强筋骨
70,18,功效,355,360,轻身健行
70,19,功效,400,403,养精神
70,20,功效,404,407,安魂魄
70,21,功效,408,410,益气
70,22,功效,411,413,明目
70,23,功效,417,422,通神明不老
70,24,古籍来源,54,58,嘉祜本草
70,25,古籍来源,61,63,孟诜
70,26,古籍来源,89,94,日华子本草
70,27,古籍来源,318,320,本经
70,28,烹饪方法,34,36,丸服
71,1,食材,4,6,青蒿
71,2,食性,8,9,寒
71,3,食味,228,229,苦
71,4,食味,252,254,微辛
71,5,归经,259,260,肝
71,6,归经,261,264,胆经
71,7,功效,10,12,益气
71,8,功效,13,15,长发
71,9,功效,17,19,轻身
71,10,功效,20,22,补中
71,11,功效,444,446,不老
71,12,功效,27,29,明目
71,13,功效,30,33,煞风毒
71,14,功效,39,43,止血生肉
71,15,功效,266,270,清热解暑
71,16,功效,271,274,止痢疾
71,17,功效,275,278,除黄疸
71,18,功效,279,285,治疗皮肤疥疮
71,19,功效,386,390,明目退翳
71,20,功效,391,395,清暑解热
71,21,功效,396,399,辟恶秽
71,22,病症,351,356,关节风湿症
71,23,病症,357,361,虚痨发热
71,24,病症,362,366,大便下血
71,25,病症,410,414,低烧虚热
71,26,病症,415,417,盗汗
71,27,病症,418,420,疟疾
71,28,病症,314,321,行经腹痛胀满
71,29,病症,322,326,四肢发热
71,30,病症,328,332,心烦体怠
71,31,病症,453,455,心痛
71,32,病症,456,458,热黄
71,33,病症,483,485,金疮
71,34,病症,491,494,失肉
71,35,病症,497,499,疼痛
71,36,脏腑,286,287,肝
71,37,脏腑,287,288,胆
71,38,烹饪方法,34,35,捣
71,39,烹饪方法,35,36,傅
71,40,烹饪方法,482,483,敷
71,41,烹饪方法,376,378,蒸馏
71,42,古籍来源,428,433,日华子本草
71,43,古籍来源,473,476,唐本草
72,1,食材,12,13,根
72,2,食材,31,32,酱
72,3,食性,141,142,凉
72,4,食味,265,266,苦
72,5,食性,268,269,平
72,6,食性,310,311,寒
72,7,功效,22,24,安中
72,8,功效,25,28,利五脏
72,9,功效,70,72,轻身
72,10,功效,73,80,冼去脾胃间邪气
72,11,功效,109,113,轻身健人
72,12,病症,43,45,疸黄
72,13,病症,85,88,恶热毒
72,14,禁忌,94,102,多食当冷气入筋中
72,15,禁忌,103,106,即瘦人
72,16,食疗方,36,38,作羹
72,17,烹饪方法,29,30,煮
72,18,烹饪方法,53,54,捣
72,19,烹饪方法,56,58,绞汁
72,20,古籍来源,127,133,《本草纲目》
72,21,古籍来源,153,159,《嘉祜本草》
72,22,古籍来源,160,165,《孟诜云》
73,1,食材,61,63,粟米
73,2,食材,179,181,糯米
73,3,食材,34,36,生姜
73,4,食材,411,413,河水
73,5,食材,386,388,薄荷
73,6,食材,398,400,皂角
73,7,病症,213,217,脾虚滑泄
73,8,病症,282,286,滑泄不定
73,9,病症,287,291,胀满久嗽
73,10,病症,335,339,秋肺壅滞
73,11,病症,340,342,涎嗽
73,12,病症,347,351,胃脘痰滞
73,13,病症,353,355,塞闷
73,14,脏腑,20,21,脾
73,15,脏腑,491,492,肺
73,16,食疗方,223,226,摄脾丸
73,17,食疗方,360,364,葳灵仙丸
73,18,烹饪方法,37,38,炙
73,19,烹饪方法,28,29,炮
73,20,烹饪方法,122,123,炒
73,21,烹饪方法,377,378,焙
73,22,烹饪方法,413,415,浸洗
73,23,烹饪方法,430,432,软揉
73,24,烹饪方法,438,439,滤
73,25,烹饪方法,442,443,熬
73,26,烹饪方法,449,450,煎
73,27,烹饪方法,453,454,溲
73,28,烹饪方法,476,477,吞
73,29,禁忌,303,313,敛涩有余而乏温中之品
73,30,养生原则,244,248,燥湿健脾
73,31,养生原则,255,259,理气厚肠
73,32,养生原则,267,271,收涩止泻
73,33,古籍来源,96,102,《遵生八笺》
74,1,食材,210,212,薄荷
74,2,食材,239,241,茶叶
74,3,食材,265,267,清酒
74,4,食材,419,420,蜜
74,5,功效,50,54,疏风解表
74,6,功效,55,59,理血下气
74,7,功效,60,64,辟恶进食
74,8,功效,84,88,逐风胜湿
74,9,功效,89,93,祛寒止痛
74,10,功效,115,119,滋阴降火
74,11,功效,120,124,凉血清热
74,12,功效,128,131,熄内风
74,13,功效,150,154,辟秽通经
74,14,功效,155,159,豁痰开窍
74,15,功效,163,166,疗惊痫
74,16,功效,218,222,开痰清音
74,17,功效,246,250,清脑提神
74,18,功效,272,276,行血通络
74,19,功效,326,331,养老人心气
74,20,功效,332,336,令不健忘
74,21,功效,339,343,聪耳明目
74,22,功效,456,461,益心气养神
74,23,病症,188,190,风病
74,24,病症,200,202,中风
74,25,病症,202,204,失音
74,26,病症,204,206,吐痰
74,27,病症,169,171,昏迷
74,28,病症,252,256,风寒湿痹
74,29,病症,257,261,半身不遂
74,30,病症,471,473,健忘
74,31,病症,617,619,少寐
74,32,病症,621,625,心肾不交
74,33,脏腑,323,324,心
74,34,脏腑,492,493,肾
74,35,脏腑,76,78,中州
74,36,食疗方,22,25,鸟犀丸
74,37,食疗方,631,634,镇心丸
74,38,烹饪方法,437,439,吞下
74,39,禁忌,230,235,多睡不醒
74,40,养生原则,462,464,常服
74,41,医家,447,448,雷
74,42,古籍来源,553,557,文津阁本
75,1,食材,78,80,粳米
75,2,食材,159,162,白蒺藜
75,3,食材,57,59,茅根
75,4,病症,11,13,热淋
75,5,病症,14,16,石淋
75,6,病症,17,19,尿急
75,7,病症,20,22,尿频
75,8,病症,23,27,少腹疼痛
75,9,病症,28,36,小便黏稠有结块
75,10,病症,40,42,砂粒
75,11,病症,43,47,舌苔自滑
75,12,病症,48,51,脉沉弦
75,13,病症,163,166,膀胱炎
75,14,病症,168,171,尿道炎
75,15,病症,172,176,尿路结石
75,16,病症,251,253,五淋
75,17,病症,365,368,小便痛
75,18,病症,400,406,小便茎中痛
75,19,病症,437,441,小便涩痛
75,20,病症,468,472,热淋秘涩
75,21,病症,473,477,烦热燥痛
75,22,病症,478,482,四肢寒栗
75,23,病症,504,509,小便不通利
75,24,病症,571,575,小便下血
75,25,病症,576,580,身体热甚
75,26,病症,600,604,淋病尿血
75,27,病症,605,611,小便涩而不利
75,28,病症,612,615,痛闷极
75,29,病症,645,649,小便禁痛
75,30,功效,346,350,清热利尿
75,31,功效,351,355,扶正祛邪
75,32,功效,378,382,清热解毒
75,33,功效,382,384,除烦
75,34,功效,385,388,调气血
75,35,功效,389,392,通淋闭
75,36,功效,419,423,滑利下行
75,37,功效,424,428,通淋活血
75,38,功效,458,462,利窍通淋
75,39,功效,492,496,渗湿清热
75,40,功效,551,555,补肾益精
75,41,功效,562,566,止血排石
75,42,功效,587,592,滋阴凉血
75,43,功效,593,597,润燥通淋
75,44,功效,623,627,生津解毒
75,45,功效,628,632,凉血散瘀
75,46,功效,633,637,调中通淋
75,47,食疗方,314,317,浆水饮
75,48,食疗方,318,321,青豆方
75,49,食疗方,322,326,麻子粥方
75,50,食疗方,447,451,葵菜羹方
75,51,食疗方,332,337,榆皮索饼方
75,52,食疗方,545,549,车前子饮
75,53,食疗方,533,537,酥蜜煎方
75,54,食疗方,538,542,蒲桃浆方
75,55,烹饪方法,70,71,煎
75,56,烹饪方法,106,107,熬
75,57,烹饪方法,114,116,过滤
75,58,烹饪方法,122,123,煮
75,59,烹饪方法,130,131,服
75,60,古籍来源,147,150,经验方
76,1,病症,57,59,健忘
76,2,病症,59,61,少寐
76,3,病症,62,66,心悸怔忡
76,4,病症,67,72,脑转耳鸣
76,5,病症,73,77,目无所见
76,6,病症,101,107,气血阴阳俱虚
76,7,病症,350,354,脾肺客热
76,8,病症,532,538,气虚外感咳嗽
76,9,功效,142,145,补心气
76,10,功效,146,149,养心阴
76,11,功效,150,153,助心阳
76,12,功效,154,157,通心脉
76,13,功效,166,168,滋肾
76,14,功效,175,178,补心脾
76,15,功效,178,182,宁神益智
76,16,功效,188,192,散郁化痰
76,17,功效,193,198,辟秽通窍
76,18,功效,204,208,安神定惊
76,19,功效,209,213,镇心除烦
76,20,功效,362,364,凉心
76,21,功效,365,367,润肺
76,22,功效,368,370,消壅
76,23,功效,585,592,补益脾肺之元气
76,24,功效,604,611,疏散皮表之风邪
76,25,功效,618,624,清心肺之客热
76,26,功效,625,631,消上焦之滞痰
76,27,功效,636,643,除脾胃气逆痰壅
76,28,功效,644,651,开中焦之痞结
76,29,脏腑,14,15,心
76,30,脏腑,37,38,肾
76,31,脏腑,44,45,脑
76,32,食材,262,264,薄荷
76,33,食材,265,267,清酒
76,34,食材,466,468,生姜
76,35,食材,373,376,枇杷叶
76,36,食材,128,130,人参
76,37,食材,173,175,茯苓
76,38,食材,412,414,白术
76,39,食材,418,420,羌活
76,40,食材,423,425,黄芪
76,41,食材,122,124,甘草
76,42,食材,435,437,半夏
76,43,食材,339,342,琥珀粉
76,44,食疗方,115,118,镇心丸
76,45,食疗方,544,548,枇杷叶散
76,46,烹饪方法,121,122,炙
76,47,烹饪方法,399,401,去毛
76,48,烹饪方法,441,443,汤洗
76,49,烹饪方法,446,448,切破
76,50,烹饪方法,448,450,焙乾
76,51,烹饪方法,453,455,为末
76,52,烹饪方法,472,473,煎
76,53,禁忌,303,309,不宜常服久服
76,54,禁忌,312,316,损人肝肾
76,55,禁忌,317,321,令人呆闷
76,56,禁忌,323,331,招致其他不良后果
76,57,养生原则,110,114,补益为法
76,58,医家,119,121,仲景
76,59,古籍来源,378,380,壬肪
77,1,食材,66,68,生姜
77,2,食性,32,33,温
77,3,食味,395,396,辛
77,4,功效,74,78,化饮降逆
77,5,功效,79,83,暖胃散寒
77,6,功效,89,93,健脾和中
77,7,功效,94,98,除湿止泻
77,8,功效,102,106,温脾消胀
77,9,功效,110,114,止呕定痛
77,10,病症,18,22,脾胃虚寒
77,11,病症,22,24,呕逆
77,12,病症,24,26,泻痢
77,13,病症,134,138,少食腹胀
77,14,病症,139,142,呕吐
77,15,病症,143,145,泻痢
77,16,病症,205,207,血气
77,17,病症,210,213,筋骨风
77,18,病症,214,218,四肢软弱
77,19,病症,221,225,卒中急风
77,20,病症,561,564,寸白虫
77,21,病症,250,252,伤寒
77,22,病症,499,503,月经不调
77,23,病症,526,530,痹证疼痛
77,24,病症,542,544,中风
77,25,病症,547,551,口眼剐斜
77,26,病症,552,556,半身不遂
77,27,病症,568,570,绦虫
77,28,脏腑,122,124,脾胃
77,29,脏腑,162,163,脾
77,30,食疗方,43,46,温白圆
77,31,食疗方,49,53,小半夏汤
77,32,食疗方,198,201,藁本散
77,33,烹饪方法,280,282,酒浸
77,34,烹饪方法,285,287,焙乾
77,35,烹饪方法,366,368,麸炮
77,36,烹饪方法,376,377,炮
77,37,烹饪方法,387,389,炮制
77,38,烹饪方法,423,425,水洗
77,39,烹饪方法,427,429,细锉
77,40,烹饪方法,434,436,捣罗
77,41,烹饪方法,442,445,温酒下
77,42,烹饪方法,453,458,薄荷汤下
77,43,烹饪方法,467,471,葱白酒下
77,44,养生原则,235,237,长服
77,45,医家,47,49,仲景
77,46,医家,262,265,孟相公
77,47,古籍来源,57,61,小半夏汤
78,1,古籍来源,16,20,证治准绳
78,2,功效,27,31,大补精髓
78,3,功效,32,36,益气养神
78,4,病症,38,42,视物不清
78,5,食材,50,52,龟板
78,6,食材,58,60,鹿角
78,7,食材,65,68,枸杞子
78,8,食材,177,179,人参
78,9,食材,89,92,桂圆肉
78,10,烹饪方法,104,106,击碎
78,11,烹饪方法,109,111,截碎
78,12,烹饪方法,112,113,浸
78,13,烹饪方法,120,121,刮
78,14,烹饪方法,137,138,煮
78,15,烹饪方法,159,161,晒干
78,16,烹饪方法,162,163,碾
78,17,烹饪方法,194,195,熬
78,18,烹饪方法,200,202,收贮
78,19,烹饪方法,223,225,化下
78,20,古籍来源,241,248,类证普济本事方
78,21,功效,256,263,治妇人冲任虚损
78,22,功效,265,269,血气亏伤
78,23,功效,270,274,月水断续
78,24,功效,275,279,腹中疗痛
78,25,功效,280,285,寒热烦壅
78,26,功效,286,290,口燥舌干
78,27,功效,291,295,心神忪悸
78,28,功效,296,300,头目眩晕
78,29,功效,301,305,肢体倦怠
78,30,功效,306,310,腰背引痛
78,31,功效,311,316,筋脉拘急
78,32,功效,317,321,带下赤白
78,33,食材,328,331,生地黄
78,34,食材,332,334,生姜
78,35,食材,368,371,白芍药
78,36,食材,374,376,人参
78,37,食材,381,383,蒲黄
78,38,食材,387,389,当归
78,39,食材,395,397,琥珀
78,40,食材,410,412,黄芪
78,41,食材,418,421,延胡索
78,42,食材,426,429,麦门冬
78,43,食材,434,437,鸟梅肉
78,44,食材,461,464,白艾叶
78,45,烹饪方法,340,342,切碎
78,46,烹饪方法,344,345,研
78,47,烹饪方法,351,352,炒
78,48,烹饪方法,377,379,去芦
78,49,烹饪方法,430,432,去心
78,50,烹饪方法,438,439,焙
78,51,烹饪方法,413,415,蜜炙
78,52,烹饪方法,390,392,酒洗
78,53,烹饪方法,398,400,另研
78,54,烹饪方法,406,408,去皮
78,55,烹饪方法,472,473,煎
78,56,烹饪方法,478,479,熬
78,57,烹饪方法,482,483,和
78,58,烹饪方法,453,457,研为细末
78,59,烹饪方法,509,511,送下
78,60,古籍来源,527,531,医方集解
78,61,功效,538,541,除风湿
78,62,功效,542,545,起羸廷
78,63,功效,547,550,驻容颜
78,64,功效,552,555,乌髭发
78,65,功效,556,560,却病延年
78,66,食材,567,570,嫩桑叶
78,67,食材,584,587,巨胜子
78,68,食材,588,591,黑芝麻
78,69,食材,598,600,白蜜
78,70,烹饪方法,570,572,去蒂
78,71,烹饪方法,572,574,洗净
78,72,烹饪方法,575,578,暴晒干
78,73,烹饪方法,615,617,擂碎
78,74,烹饪方法,617,618,熬
78,75,烹饪方法,623,624,炼
78,76,烹饪方法,485,487,为丸
78,77,烹饪方法,644,645,下
78,78,古籍来源,665,670,世补斋医书
78,79,功效,678,682,滋阴补肾
78,80,功效,683,687,壮水清火
78,81,功效,698,702,神明不衰
78,82,功效,703,710,须发白而复黑
78,83,功效,711,717,精力耗而复强
78,84,功效,752,756,不服阳药
79,1,病症,2,6,噫呕腹逆
79,2,病症,7,9,喘嗽
79,3,病症,9,11,消渴
79,4,病症,12,16,大便不实
79,5,病症,17,19,久泻
79,6,病症,21,28,痈疽溃后不思食
79,7,食材,36,38,人参
79,8,食材,46,49,自茯苓
79,9,食材,57,59,于术
79,10,食材,66,69,干山药
79,11,食材,76,79,石莲肉
79,12,食材,84,87,白扁豆
79,13,食材,103,105,桔梗
79,14,食材,108,110,砂仁
79,15,食材,111,114,薏苡仁
79,16,食材,116,118,甘草
79,17,食材,129,131,陈皮
79,18,食材,132,134,神籼
79,19,食材,167,169,米汤
79,20,食材,170,172,枣汤
79,21,食材,173,175,熟汤
79,22,食材,188,190,生姜
79,23,食材,191,193,大枣
79,24,食材,200,202,枣肉
79,25,食材,247,248,蜜
79,26,食材,369,372,大熟地
79,27,食材,375,377,肉桂
79,28,食材,378,381,川附子
79,29,食材,387,391,山茱萸肉
79,30,食材,392,396,淮山药
79,31,食材,398,401,川杜仲
79,32,食材,409,412,枸杞子
79,33,食材,416,419,菟丝子
79,34,食材,426,429,鹿角胶
79,35,食材,433,436,全当归
79,36,食材,463,465,茯苓
79,37,食材,466,469,补骨脂
79,38,食材,590,593,肉豆蔻
79,39,食材,597,600,五味子
79,40,食材,619,622,吴茱萸
79,41,食材,645,647,生姜
79,42,食材,667,669,红枣
79,43,食材,729,731,米饮
79,44,食材,622,624,盐汤
79,45,烹饪方法,49,50,蒸
79,46,烹饪方法,63,65,土炒
79,47,烹饪方法,69,70,炒
79,48,烹饪方法,72,75,去黑皮
79,49,烹饪方法,81,83,去心
79,50,烹饪方法,90,93,姜汁浸
79,51,烹饪方法,105,107,炒黄
79,52,烹饪方法,118,119,炙
79,53,烹饪方法,156,160,研为细末
79,54,烹饪方法,640,643,研为末
79,55,烹饪方法,486,490,炼蜜和丸
79,56,烹饪方法,507,509,细嚼
79,57,烹饪方法,595,596,煨
79,58,烹饪方法,612,614,酒浸
79,59,烹饪方法,694,696,煮烂
79,60,烹饪方法,706,709,捣和丸
79,61,功效,289,293,益火之源
79,62,功效,296,299,消阴翳
79,63,功效,545,549,温补脾肾
79,64,功效,550,554,收涩止泻
79,65,功效,769,773,益气安神
79,66,功效,774,778,温肾止泻
79,67,病症,303,307,命门火衰
79,68,病症,308,312,脾胃虚寒
79,69,病症,314,319,呕恶膨胀
79,70,病症,320,324,翻胃噎膈
79,71,病症,325,329,脐腹多痛
79,72,病症,330,332,虚淋
79,73,病症,332,334,寒疝
79,74,病症,335,339,便溏泄泻
79,75,病症,340,344,肢节瘘痛
79,76,病症,345,350,水邪浮肿
79,77,病症,351,355,眼见邪祟
79,78,病症,356,360,阳衰无子
79,79,病症,562,566,五更泄泻
79,80,病症,567,572,不思饮食
79,81,病症,574,578,久痢虚痛
79,82,病症,579,583,腰酸肢衿
79,83,病症,790,794,脉迟细弱
79,84,脏腑,557,558,脾
79,85,脏腑,558,559,肾
79,86,食疗方,267,270,右归丸
79,87,食疗方,523,526,四神丸
79,88,食疗方,748,751,七成汤
79,89,医家,274,277,张介宾
79,90,医家,530,533,王肯堂
79,91,医家,755,758,吴又可
79,92,古籍来源,278,282,景岳全书
79,93,古籍来源,534,538,证治准绳
79,94,古籍来源,759,762,瘟疫论
80,1,病症,4,6,五劳
80,2,病症,6,8,七伤
80,3,病症,107,111,腰脚痛重
80,4,病症,112,116,行立不任
80,5,病症,127,131,吐逆少食
80,6,病症,132,136,不成肌肤
80,7,病症,148,150,发燥
80,8,病症,151,156,面无精光
80,9,病症,167,171,咳嗽气逆
80,10,病症,182,184,目暗
80,11,病症,185,189,筋骨挛痛
80,12,病症,207,209,阴寒
80,13,病症,213,215,阴痿
80,14,病症,218,220,里急
80,15,病症,223,229,精连连而不绝
80,16,病症,234,239,精少囊下湿
80,17,病症,242,244,精清
80,18,病症,247,251,小便苦数
80,19,病症,281,285,忽忽善忘
80,20,病症,286,290,悲伤不乐
80,21,病症,291,296,夺色黧黑
80,22,病症,297,304,饮食不生肌肤
80,23,病症,305,309,色无润泽
80,24,病症,311,315,发白枯槁
80,25,病症,316,320,牙齿不坚
80,26,病症,321,325,目黄泪出
80,27,病症,326,330,远视肮肮
80,28,病症,332,336,见风泪下
80,29,病症,338,340,咽焦
80,30,病症,341,343,消渴
80,31,病症,344,346,鼻衄
80,32,病症,347,349,唾血
80,33,病症,350,356,喉中介介不利
80,34,病症,357,361,胸中噎塞
80,35,病症,362,367,食饮不下
80,36,病症,368,372,身寒汗出
80,37,病症,373,377,肌肉酸瘠
80,38,病症,378,382,四肢沉重
80,39,病症,383,387,不欲动作
80,40,病症,388,392,膝胫苦寒
80,41,病症,393,398,不能远行
80,42,病症,399,403,上重下轻
80,43,病症,404,410,久立腰背苦痛
80,44,病症,411,415,难以倪仰
80,45,病症,416,420,绕脐急痛
80,46,病症,421,428,饥则心下虚悬
80,47,病症,429,433,唇干口燥
80,48,病症,434,438,腹里雷鸣
80,49,病症,439,444,胸背相引痛
80,50,病症,447,451,呕逆不食
80,51,病症,454,456,娈吐
80,52,病症,457,462,小便赤热
80,53,病症,463,467,乍数乍难
80,54,病症,470,472,伤多
80,55,病症,474,477,如针刺
80,56,病症,478,482,大便坚涩
80,57,病症,483,487,时泄下血
80,58,病症,488,493,身体瘙痒
80,59,病症,494,498,阴下常湿
80,60,病症,499,503,黄汗自出
80,61,病症,504,508,阴痿消小
80,62,病症,509,513,临事不起
80,63,病症,514,518,精清而少
80,64,病症,519,524,连连独泄
80,65,病症,525,529,阴端寒衿
80,66,病症,530,534,茎中疼痛
80,67,病症,535,539,小便余沥
80,68,病症,540,544,卵肿而大
80,69,病症,545,549,缩入腹中
80,70,病症,550,555,四肢浮肿
80,71,病症,556,560,虚热烦痛
80,72,病症,561,565,乍热乍寒
80,73,病症,566,570,卧不安席
80,74,病症,571,575,心如杵春
80,75,病症,576,580,惊悸失脉
80,76,病症,581,586,呼吸乏短
80,77,病症,587,591,时时噩梦
80,78,病症,600,602,房劳
80,79,病症,754,758,下焦虚冷
80,80,病症,760,764,小便遗精
80,81,脏腑,105,106,肾
80,82,脏腑,125,126,脾
80,83,脏腑,140,141,心
80,84,脏腑,165,166,肺
80,85,脏腑,180,181,肝
80,86,脏腑,604,605,肝
80,87,脏腑,606,607,肾
80,88,功效,196,199,补五脏
80,89,功效,651,654,补肝肾
80,90,功效,654,657,益下元
80,91,功效,665,668,清湿热
80,92,功效,668,670,散风
80,93,功效,670,672,化瘀
80,94,功效,719,721,温补
80,95,古籍来源,258,262,千金翼方
81,1,食材,182,185,粳米
81,2,食材,80,82,桂心
81,3,食材,280,282,白蜜
81,4,食材,285,287,熟汤
81,5,食材,587,588,姜
81,6,食材,588,589,橘
81,7,食性,30,31,热
81,8,食味,194,195,辛
81,9,食味,195,196,甘
81,10,功效,188,191,健脾气
81,11,功效,203,208,补命门相火
81,12,功效,212,218,破阴寒痼衿
81,13,功效,517,521,生津润燥
81,14,功效,522,526,补中益气
81,15,功效,527,534,散结解毒止痛
81,16,病症,73,75,噎塞
81,17,病症,155,159,心痛满闷
81,18,病症,260,262,噎病
81,19,病症,142,146,饮食不下
81,20,病症,268,272,气塞不通
81,21,病症,452,456,口干咽燥
81,22,病症,467,472,大便艰涩
81,23,病症,479,481,气短
81,24,病症,482,484,心悸
81,25,病症,485,487,乏力
81,26,病症,488,490,自汗
81,27,脏腑,94,95,脾
81,28,脏腑,95,96,肾
81,29,脏腑,57,58,心
81,30,脏腑,147,148,胃
81,31,脏腑,459,461,大肠
81,32,食疗方,275,278,蜜浆方
81,33,烹饪方法,53,55,煮粥
81,34,烹饪方法,300,302,调之
81,35,古籍来源,4,9,经钮堂抄本
81,36,古籍来源,22,26,文津阁本
82,1,食材,290,292,生姜
82,2,烹饪方法,10,11,煎
82,3,医家,29,32,张仲景
82,4,古籍来源,32,37,《伤寒论》
82,5,功效,45,49,宣肺清热
82,6,病症,57,61,汗出而喘
82,7,病症,62,67,肌表无大热
82,8,食材,74,76,麻黄
82,9,食材,84,86,杏仁
82,10,食材,97,99,甘草
82,11,食材,107,109,石膏
82,12,烹饪方法,136,137,煮
82,13,古籍来源,177,183,《景岳全书》
82,14,功效,189,193,宣肺降气
82,15,功效,194,198,燥湿化痰
82,16,病症,200,204,风寒咳嗽
82,17,病症,206,210,非风初感
82,18,病症,212,217,痰滞气逆
82,19,食材,226,228,杏仁
82,20,食材,235,238,白芥子
82,21,食材,433,435,半夏
82,22,食材,259,261,陈皮
82,23,食材,265,267,茯苓
82,24,食材,270,272,甘草
82,25,烹饪方法,172,173,煎
82,26,食材,329,332,北细辛
82,27,古籍来源,353,359,《妇人良方》
82,28,功效,365,369,益气健脾
82,29,功效,370,374,化痰除湿
82,30,病症,376,380,脾胃气虚
82,31,病症,382,384,痰湿
82,32,病症,387,392,气短咳嗽
82,33,病症,393,397,痰白清稀
82,34,病症,398,402,饮食不思
82,35,病症,403,407,大便不实
82,36,病症,411,416,慢性气管炎
82,37,食材,428,430,陈皮
82,38,食材,252,255,半夏
82,39,食材,438,440,茯苓
82,40,食材,443,445,甘草
82,41,食材,448,450,人参
82,42,烹饪方法,296,297,煎
82,43,医家,487,489,韩悉
82,44,古籍来源,489,495,《韩氏医通》
82,45,功效,501,505,顺气降逆
82,46,功效,506,510,化痰消滞
82,47,病症,512,518,老人气实痰盛
82,48,病症,519,523,喘满懒食
82,49,病症,524,528,舌苔腻
82,50,病症,530,532,脉滑
82,51,食材,540,543,紫苏子
82,52,食材,547,550,白芥子
82,53,食材,551,554,莱菔子
82,54,烹饪方法,566,567,炒
82,55,烹饪方法,567,568,研
82,56,烹饪方法,468,469,煎
82,57,古籍来源,638,648,《太平惠民和剂局方》
82,58,功效,654,658,温壮下元
82,59,功效,659,663,镇纳浮阳
82,60,病症,666,670,真元不足
82,61,病症,671,675,上盛下虚
82,62,病症,676,681,痰壅气喘
82,63,病症,682,686,汗出肢厥
82,64,病症,687,690,脉沉微
82,65,病症,691,696,尺脉无或小
82,66,病症,698,702,寒疝腹痛
82,67,病症,703,709,男子阳痿遗精
83,1,食材,20,22,生姜
83,2,食材,162,163,杏
83,3,食材,164,166,桃仁
83,4,食材,176,177,盐
83,5,食材,178,180,甘草
83,6,食材,217,219,盐花
83,7,食材,248,251,川鸟头
83,8,食材,260,262,厚朴
83,9,食材,272,274,干姜
83,10,食性,121,122,热
83,11,食味,454,455,辛
83,12,食味,455,456,苦
83,13,食味,279,280,甘
83,14,功效,142,145,散外寒
83,15,功效,147,150,暖脾胃
83,16,功效,151,154,化痰饮
83,17,功效,155,158,止呕逆
83,18,功效,166,168,利气
83,19,功效,169,171,宣肺
83,20,功效,171,174,平咳逆
83,21,功效,180,182,化痰
83,22,功效,183,185,利膈
83,23,功效,186,188,和中
83,24,功效,243,245,健脾
83,25,功效,466,470,温中祛寒
83,26,功效,471,475,回阳通脉
83,27,功效,476,478,止泻
83,28,功效,478,480,止痛
83,29,功效,489,492,温脏腑
83,30,功效,493,496,逐寒冷
83,31,功效,512,514,散满
83,32,功效,517,521,燥湿健胃
83,33,功效,528,530,补中
83,34,功效,531,535,调和诸药
83,35,病症,9,13,肺膈壅滞
83,36,病症,13,15,痰嗽
83,37,病症,108,110,咳嗽
83,38,病症,110,112,痰多
83,39,病症,113,117,咳痰清稀
83,40,病症,231,233,泄泻
83,41,病症,239,241,久泻
83,42,病症,392,396,下利清谷
83,43,病症,398,402,腹部作胀
83,44,病症,403,407,绵绵而痛
83,45,病症,408,412,口吐涎沫
83,46,脏腑,45,47,脾胃
83,47,脏腑,61,62,肺
83,48,脏腑,58,60,中焦
83,49,食疗方,133,136,生姜汤
83,50,食疗方,24,27,二仁膏
83,51,食疗方,347,350,健脾散
83,52,烹饪方法,305,306,煎
83,53,烹饪方法,254,255,炮
83,54,烹饪方法,284,285,炙
83,55,烹饪方法,270,271,制
83,56,烹饪方法,256,258,去皮
83,57,烹饪方法,287,290,上为末
83,58,烹饪方法,311,313,热服
83,59,禁忌,413,419,得寒饮则甚
83,60,养生原则,435,439,温中扶阳
83,61,养生原则,440,444,散寒理气
83,62,养生原则,541,547,散寒以扶脾阳
83,63,养生原则,548,555,运中而止泄泻
83,64,医家,210,214,遵生八笺
84,1,食味,354,355,酸
84,2,食味,386,387,甘
84,3,脏腑,27,28,肝
84,4,脏腑,370,371,脾
84,5,脏腑,480,481,肺
84,6,脏腑,116,117,心
84,7,病症,375,379,脾胃疾病
84,8,病症,589,591,腹痛
84,9,病症,592,594,呕吐
84,10,病症,595,597,泄泻
84,11,病症,598,600,肢冷
84,12,病症,601,603,脉伏
84,13,病症,639,641,宿疾
84,14,病症,649,653,精神昏倦
84,15,病症,655,660,宿患发动
84,16,病症,693,695,体热
84,17,病症,695,697,头昏
84,18,病症,698,700,膈壅
84,19,病症,700,702,涎嗽
84,20,病症,705,709,四肢劳倦
84,21,病症,712,715,腰脚不
84,22,养生原则,416,424,减酸益甘以养脾气
84,23,养生原则,459,463,调气导引
84,24,古籍来源,95,97,类经
85,1,食材,335,338,小米粥
85,2,食性,478,479,温
85,3,食味,37,38,甘
85,4,功效,103,107,泻肝补脾
85,5,功效,246,250,补气健脾
85,6,功效,251,255,利湿清热
85,7,功效,372,376,润肠通便
85,8,功效,377,381,行气清热
85,9,功效,526,530,养血清热
85,10,功效,531,535,滋燥通便
85,11,功效,645,649,温肾逐寒
85,12,功效,650,654,通阳泄浊
85,13,病症,110,114,肠鸣腹痛
85,14,病症,115,119,大便泄泻
85,15,病症,272,277,小便不通利
85,16,病症,281,285,下肢浮肿
85,17,病症,385,388,津液少
85,18,病症,389,392,大便燥
85,19,病症,394,397,小便涩
85,20,病症,541,543,便秘
85,21,病症,668,672,寒湿久泻
85,22,脏腑,347,348,脾
85,23,食疗方,81,85,痛泻要方
85,24,食疗方,213,216,春泽汤
85,25,食疗方,503,506,润肠丸
85,26,食疗方,622,625,半硫丸
85,27,烹饪方法,54,55,煎
85,28,烹饪方法,66,67,丸
85,29,烹饪方法,191,192,散
85,30,烹饪方法,590,591,研
85,31,烹饪方法,418,419,焙
85,32,烹饪方法,25,26,炒
85,33,烹饪方法,682,683,浸
85,34,烹饪方法,709,710,杀
85,35,禁忌,57,62,愈后更发者
85,36,禁忌,484,489,大便仍不通
85,37,医家,93,96,刘草窗
85,38,医家,220,223,汪切庵
85,39,医家,233,236,岳美中
85,40,医家,354,356,邹铉
85,41,医家,510,513,沈金鳌
85,42,古籍来源,87,91,景岳全书
85,43,古籍来源,224,228,医方集解
85,44,古籍来源,357,363,寿亲养老新书
85,45,古籍来源,514,519,沈氏尊生书
85,46,古籍来源,630,638,太平惠民和剂局方
86,1,食材,2,5,干山药
86,2,食材,15,17,麦芽
86,3,食材,26,28,芡实
86,4,食材,44,46,泽泻
86,5,食材,48,50,砂仁
86,6,食材,70,71,蜜
86,7,食材,90,91,姜
86,8,食材,231,234,别直参
86,9,食材,238,240,黄芪
86,10,食材,186,188,鹿茸
86,11,食材,249,251,党参
86,12,食材,255,258,甘草
86,13,食材,261,263,续断
86,14,食材,267,269,冬术
86,15,食材,272,274,茯苓
86,16,食材,276,278,肉桂
86,17,食材,281,283,陈皮
86,18,食材,287,289,白芍
86,19,食材,292,294,当归
86,20,食材,297,299,熟地
86,21,食材,304,306,远志
86,22,食材,309,312,枸杞子
86,23,食材,315,319,肉苁蓉
86,24,食材,363,365,河车
86,25,食材,450,452,茯苓
86,26,食材,455,457,人参
86,27,食材,461,463,山药
86,28,食材,498,500,麝香
86,29,食材,532,535,五味子
86,30,食材,516,517,米
86,31,食材,520,521,酒
86,32,食性,89,90,淡
86,33,食味,352,353,淡
86,34,功效,202,207,治虚损乏力
86,35,功效,208,210,畏寒
86,36,功效,210,212,肢冷
86,37,功效,213,217,腰膝酸软
86,38,功效,218,220,食减
86,39,功效,220,222,便溏
86,40,功效,386,389,治劳嗽
86,41,病症,393,395,劳瘵
86,42,病症,396,398,虚损
86,43,病症,399,401,骨蒸
86,44,病症,552,554,衰老
86,45,病症,593,595,惫乏
86,46,烹饪方法,6,7,炒
86,47,烹饪方法,65,66,研
86,48,烹饪方法,442,443,煮
86,49,烹饪方法,133,134,煎
86,50,烹饪方法,97,98,泛
86,51,烹饪方法,475,476,研
86,52,烹饪方法,487,488,糊
86,53,禁忌,513,516,空腹时
86,54,养生原则,660,664,饮食有节
86,55,养生原则,665,670,起居有常
86,56,养生原则,671,675,不妄作劳
86,57,养生原则,678,682,形与神俱
86,58,养生原则,684,689,尽终其天年
86,59,古籍来源,370,379,王肯堂《证治准绳》
86,60,古籍来源,612,616,《内经》
86,61,古籍来源,617,622,《千金方》
87,1,食材,657,659,生姜
87,2,食材,665,666,枣
87,3,食性,245,246,热
87,4,食味,242,243,辛
87,5,食味,243,244,甘
87,6,功效,210,214,发汗解表
87,7,功效,215,219,搜风胜湿
87,8,功效,247,250,逐寒湿
87,9,功效,251,255,祛风痰
87,10,功效,256,260,补命门火
87,11,功效,274,278,补气实表
87,12,功效,279,282,扶正气
87,13,功效,326,330,补益肝肾
87,14,功效,331,335,强壮筋骨
87,15,功效,336,340,行气理腰
87,16,功效,341,345,缩尿固精
87,17,功效,374,380,引诸药上行
87,18,功效,389,394,导诸药下走
87,19,功效,493,496,进饮食
87,20,功效,497,500,止痰逆
87,21,功效,501,504,疗腹痛
87,22,功效,507,509,调中
87,23,病症,6,10,走注疼痛
87,24,病症,421,423,腰痛
87,25,病症,424,426,疝气
87,26,病症,427,431,五更泄泻
87,27,病症,432,436,阳萎滑精
87,28,脏腑,136,138,肝肾
87,29,脏腑,141,143,筋骨
87,30,脏腑,187,189,血脉
87,31,脏腑,489,491,脾胃
87,32,食疗方,123,126,羌活丸
87,33,烹饪方法,670,671,煎
87,34,禁忌,479,485,慎勿乱投此方
87,35,医家,33,38,《瓶花本》
87,36,医家,72,78,《文津阁本》
88,1,食材,53,56,鸡头实
88,2,食材,70,72,芡实
88,3,食材,242,245,蔓菁子
88,4,食材,249,251,粳米
88,5,食味,74,75,淡
88,6,食味,76,77,甘
88,7,食性,80,81,平
88,8,功效,84,88,固肾涩精
88,9,功效,89,93,补脾止泻
88,10,功效,116,118,补中
88,11,功效,228,230,明目
88,12,功效,231,234,利小便
88,13,功效,122,125,益精气
88,14,功效,126,128,强志
88,15,功效,554,556,补肝
88,16,功效,678,682,益肝明目
88,17,功效,683,687,行气除湿
88,18,功效,688,691,清郁热
88,19,功效,696,699,攻积聚
88,20,功效,700,703,杀虫毒
88,21,病症,109,111,湿痹
88,22,病症,111,115,腰脊膝痛
88,23,病症,119,121,暴疾
88,24,病症,452,457,肝虚目不明
88,25,病症,500,502,眼暗
88,26,病症,546,549,目昏暗
88,27,病症,707,711,青盲眼障
88,28,病症,712,716,目暗不明
88,29,病症,717,721,眼黄如金
88,30,病症,722,724,痢疾
88,31,病症,725,729,小便不利
88,32,脏腑,6,7,肾
88,33,脏腑,48,49,脾
88,34,脏腑,518,519,肝
88,35,食疗方,235,238,蔓菁粥
88,36,烹饪方法,256,258,捣碎
88,37,烹饪方法,265,267,绞滤
88,38,烹饪方法,270,273,著米粥
88,39,烹饪方法,418,420,煮粥
88,40,古籍来源,168,170,医说
88,41,古籍来源,291,296,太平圣惠方
88,42,古籍来源,298,303,经钮堂抄本
88,43,古籍来源,479,485,备急千金要方
88,44,古籍来源,632,637,养老奉亲书
88,45,医家,164,167,张杲
88,46,医家,475,478,孙思邈
88,47,医家,600,602,陈直
89,1,食材,46,48,生姜
89,2,食材,55,59,茅山苍术
89,3,食材,34,38,南京小枣
89,4,食材,110,111,盐
89,5,食材,253,256,山楂肉
89,6,食材,284,286,半夏
89,7,食材,300,302,橘红
89,8,食材,311,313,神籼
89,9,食材,332,334,麦芽
89,10,食材,360,363,连翘壳
89,11,食材,364,367,萝卜子
89,12,食材,378,380,黄连
89,13,食材,711,713,伏神
89,14,食材,638,641,香附子
89,15,食材,27,29,甘草
89,16,食味,729,730,甘
89,17,食味,237,238,酸
89,18,功效,213,215,和血
89,19,功效,216,218,补血
89,20,功效,219,222,治食积
89,21,功效,550,552,补益
89,22,病症,116,118,泄泻
89,23,病症,223,225,酒积
89,24,病症,226,228,痰饮
89,25,病症,229,233,胸膈痞满
89,26,病症,240,244,泄泻腹痛
89,27,病症,245,247,疟痢
89,28,烹饪方法,85,86,煮
89,29,烹饪方法,88,89,捣
89,30,烹饪方法,97,98,焙
89,31,烹饪方法,432,433,研
89,32,烹饪方法,303,304,炒
89,33,烹饪方法,70,71,浸
89,34,烹饪方法,32,33,锉
89,35,烹饪方法,262,263,泡
89,36,烹饪方法,289,290,制
89,37,烹饪方法,437,438,泛
89,38,烹饪方法,694,695,嚼
89,39,养生原则,180,186,老人尤宜服之
89,40,医家,198,201,朱震亨
89,41,医家,491,493,邹铉
89,42,医家,509,512,俞居易
89,43,医家,527,530,铁甓申
89,44,古籍来源,202,206,丹溪心法
89,45,古籍来源,494,500,寿亲养老新书
90,1,食材,1,4,枸杞根
90,2,食材,108,112,白羊脊骨
90,3,食材,637,640,羊头蹄
90,4,食材,657,659,胡椒
90,5,食材,663,665,荜芟
90,6,食材,672,674,葱白
90,7,食材,676,678,豆豉
90,8,食性,437,438,寒
90,9,食味,434,435,甘
90,10,食味,435,437,微苦
90,11,食味,313,314,热
90,12,食味,503,505,无毒
90,13,功效,454,458,理头风
90,14,功效,462,467,去胸胁气滞
90,15,功效,469,474,利肠间湿邪
90,16,功效,477,479,强阴
90,17,功效,480,483,坚筋骨
90,18,功效,485,489,止消渴
90,19,功效,490,495,除周痹风湿
90,20,功效,508,511,补肾虚
90,21,功效,512,515,通督脉
90,22,功效,516,519,主虚劳
90,23,病症,310,312,肾虚
90,24,病症,363,365,消瘦
90,25,病症,367,371,五心烦热
90,26,病症,372,376,夜寐盗汗
90,27,病症,377,381,腰脊酸痛
90,28,病症,382,386,弱不禁风
90,29,病症,387,391,舌干少苔
90,30,病症,394,398,脉细无力
90,31,病症,410,412,虚热
90,32,病症,573,577,肝肾不足
90,33,病症,580,582,寒热
90,34,病症,584,588,周身酸痛
90,35,病症,628,632,五劳七伤
90,36,病症,633,635,虚损
90,37,脏腑,335,336,肾
90,38,食疗方,320,324,枸杞煎方
90,39,食疗方,616,621,法煮羊头方
90,40,烹饪方法,77,78,煮
90,41,烹饪方法,5,6,剡
90,42,烹饪方法,22,23,切
90,43,烹饪方法,646,647,烧
90,44,烹饪方法,651,652,刮
90,45,烹饪方法,259,260,煎
90,46,禁忌,291,294,慎生冷
90,47,禁忌,295,297,酢滑
90,48,禁忌,297,299,油腻
90,49,养生原则,549,554,清中有补
90,50,养生原则,555,559,补中兼清
90,51,养生原则,560,564,不寒不热
90,52,养生原则,565,569,不燥不腻
90,53,古籍来源,13,17,千金翼方
90,54,古籍来源,154,159,太平圣惠方
90,55,古籍来源,133,136,瓶花本
90,56,古籍来源,170,175,经钮堂抄本
92,1,食材,18,20,荆芥
92,2,食材,258,261,青粱米
92,3,食材,267,270,薄荷叶
92,4,食材,36,37,豉
92,5,病症,208,210,中风
92,6,病症,227,231,口面喁偏
92,7,病症,232,237,大小便秘涩
92,8,病症,42,44,烦热
92,9,病症,366,370,口喁面戾
92,10,病症,396,400,二便闭涩
92,11,病症,349,353,言语謇涩
92,12,病症,354,359,精神昏愦
92,13,病症,361,365,手脚不遂
92,14,食疗方,327,331,荆芥粥方
92,15,烹饪方法,289,290,煮
92,16,烹饪方法,255,256,切
92,17,烹饪方法,264,265,淘
92,18,烹饪方法,281,282,裹
92,19,烹饪方法,302,305,煮作粥
92,20,古籍来源,333,338,太平圣惠方
92,21,古籍来源,379,384,经钮堂抄本
93,1,食材,111,113,熊肉
93,2,食性,126,130,甘平偏温
93,3,食味,624,625,甘
93,4,功效,135,138,补虚羸
93,5,功效,140,143,强筋骨
93,6,病症,162,166,风瘅不仁
93,7,病症,167,171,筋急五缓
93,8,病症,97,99,脚气
93,9,病症,206,211,中风心肺热
93,10,病症,213,217,手足不随
93,11,病症,230,234,恍惚烦躁
93,12,病症,255,259,皮肤不仁
93,13,病症,260,264,筋脉弛缓
93,14,病症,279,283,脚气冲心
93,15,病症,583,587,腰痛无力
93,16,病症,340,342,困乏
93,17,病症,605,611,腹瘅着不仁
93,18,病症,612,616,小便不利
93,19,脏腑,329,330,肾
93,20,食材,343,345,生栗
93,21,功效,561,563,补肾
93,22,功效,630,633,强腰脚
93,23,功效,634,637,壮筋骨
93,24,古籍来源,145,151,备急千金要方
93,25,古籍来源,177,181,食医心镜
93,26,食疗方,506,509,生栗方
93,27,烹饪方法,354,356,蒸熟
93,28,烹饪方法,433,435,风干
93,29,烹饪方法,463,465,细咀
94,1,食材,1,3,竹叶
94,2,食味,8,9,辛
94,3,食味,9,10,淡
94,4,食味,10,11,甘
94,5,食性,11,12,寒
94,6,归经,15,16,心
94,7,归经,17,18,肺
94,8,功效,23,28,清上焦风热
94,9,功效,33,35,解渴
94,10,功效,35,38,除烦
94,11,食材,39,42,生石膏
94,12,食味,44,45,辛
94,13,食味,45,46,甘
94,14,食性,47,48,寒
94,15,归经,50,51,肺
94,16,归经,52,53,胃
94,17,归经,54,56,三焦
94,18,功效,60,64,清热降火
94,19,功效,64,66,解肌
94,20,食材,74,76,砂糖
94,21,食材,76,78,粳米
94,22,病症,110,116,老人时行眼疾
94,23,病症,117,121,白睛红赤
94,24,病症,123,127,热重于风
94,25,病症,130,135,虚羸少气
94,26,病症,138,144,病后余热未尽
94,27,病症,149,153,风重于热
94,28,病症,154,158,风热并重
94,29,食材,167,169,荆芥
94,30,食材,170,172,薄荷
94,31,病症,289,293,老人热发
94,32,病症,296,300,眼赤涩痛
94,33,食材,301,304,栀子仁
94,34,烹饪方法,330,331,煮
94,35,烹饪方法,345,346,搅
94,36,古籍来源,365,370,太平圣惠方
94,37,古籍来源,401,406,经钮堂抄本
94,38,古籍来源,253,257,疫诊一得
94,39,食疗方,102,107,竹叶石膏汤
94,40,食疗方,394,399,栀子仁粥方
94,41,病症,213,216,燥热疫
94,42,病症,223,227,头痛目痛
94,43,病症,229,233,红丝绕目
94,44,病症,239,243,颇似伤寒
94,45,病症,266,274,膈上风热之目疾
94,46,病症,538,547,老人内热上攻目赤病
94,47,病症,583,587,三焦实热
94,48,病症,384,388,内热发动
94,49,病症,593,595,心火
95,1,食材,33,35,鲤鱼
95,2,食材,93,95,橘皮
95,3,食材,175,177,生姜
95,4,食材,178,180,五味
95,5,食材,136,139,水牛皮
95,6,病症,21,25,气滞肿胀
95,7,病症,46,48,水肿
95,8,病症,51,53,气滞
95,9,病症,64,66,胀满
95,10,病症,77,81,烦疼无力
95,11,病症,123,125,水气
95,12,病症,126,130,身体虚肿
95,13,病症,217,221,面目虚胀
95,14,病症,343,348,小便涩少
95,15,病症,259,265,脾肺气滞水肿
95,16,病症,459,463,脾肾两虚
95,17,病症,464,468,水液泛滥
95,18,功效,87,89,下气
95,19,功效,89,91,利水
95,20,功效,97,100,和胃气
95,21,功效,101,104,畅气机
95,22,功效,317,320,理肺气
95,23,功效,321,324,利水道
95,24,功效,368,370,理气
95,25,功效,370,373,和脾胃
95,26,功效,306,308,宣通
95,27,功效,420,424,利水消肿
95,28,功效,109,110,消
95,29,烹饪方法,32,33,煮
95,30,烹饪方法,171,172,切
95,31,食疗方,271,275,水牛皮方
95,32,食疗方,478,482,鲤鱼臃方
95,33,食疗方,483,488,麻子仁粥方
95,34,食疗方,489,492,大豆方
95,35,食疗方,493,497,水牛肉方
95,36,食疗方,498,502,端肉羹方
95,37,古籍来源,326,330,食医心镜
95,38,养生原则,402,409,食治老人水气方
96,1,食材,217,219,枣肉
96,2,食性,385,386,温
96,3,功效,62,64,理血
96,4,功效,64,66,下气
96,5,功效,68,70,清肺
96,6,功效,70,72,辟恶
96,7,功效,72,74,消谷
96,8,功效,116,118,疏利
96,9,功效,460,462,温中
96,10,功效,462,464,散寒
96,11,功效,465,467,止泻
96,12,功效,467,470,除呕
96,13,功效,474,476,行气
96,14,功效,476,478,疏肝
96,15,功效,479,481,利肠
96,16,功效,481,483,止痛
96,17,功效,492,494,健脾
96,18,病症,169,171,泄泻
96,19,病症,368,370,肠鸣
96,20,病症,370,372,切痛
96,21,病症,393,395,呕逆
96,22,病症,391,393,腹胀
96,23,病症,584,586,嗽疾
96,24,病症,589,591,劳嗽
96,25,病症,591,593,痰壅
96,26,脏腑,167,168,脾
96,27,脏腑,257,258,胃
96,28,脏腑,326,327,肝
96,29,脏腑,527,528,肾
96,30,脏腑,251,253,中焦
96,31,食疗方,104,108,葳灵仙丸
96,32,食疗方,192,195,高青丸
96,33,食疗方,595,598,保救丹
96,34,烹饪方法,216,217,煮
96,35,烹饪方法,213,215,为末
96,36,烹饪方法,219,221,为丸
96,37,禁忌,141,148,久服恐损人真气
96,38,禁忌,151,155,只可暂用
96,39,禁忌,156,160,中病即止
96,40,禁忌,548,552,不宜久服
96,41,养生原则,120,129,气壮者服之当有捷效
96,42,医家,52,55,李时珍
96,43,古籍来源,8,13,唐成之家本
96,44,古籍来源,24,28,遵生八笺
97,1,病症,55,57,心痛
97,2,病症,58,60,腹痛
97,3,病症,442,446,冷气心痛
97,4,病症,530,534,冷气腹痛
97,5,病症,188,191,真心痛
97,6,病症,219,221,胸瘅
97,7,病症,222,226,衿气心痛
97,8,病症,368,371,脾心痛
97,9,病症,398,401,胃心痛
97,10,病症,502,508,急性心肌梗死
97,11,病症,509,516,冠状动脉综合征
97,12,食材,562,564,桃仁
97,13,食材,612,615,青粱米
97,14,食性,455,456,温
97,15,功效,641,645,除衿温中
97,16,烹饪方法,629,630,煮
97,17,烹饪方法,606,607,研
97,18,烹饪方法,609,610,淘
97,19,古籍来源,69,74,诸病源候论
97,20,古籍来源,101,106,太平圣惠方
98,1,食材,195,197,米醋
98,2,食性,137,138,热
98,3,功效,144,147,化积聚
98,4,功效,148,151,破结血
98,5,功效,152,155,去恶肉
98,6,功效,156,159,除痰癖
98,7,功效,174,176,消积
98,8,功效,200,202,破血
98,9,功效,226,228,益血
98,10,功效,228,230,温通
98,11,功效,238,240,回阳
98,12,功效,240,242,救逆
98,13,功效,245,248,补心气
98,14,功效,249,251,渗湿
98,15,功效,252,254,化饮
98,16,功效,257,260,益脾阳
98,17,功效,261,263,燥湿
98,18,功效,264,267,和中
98,19,功效,273,275,敛肺
98,20,功效,275,277,滋肾
98,21,功效,278,280,补肝
98,22,功效,281,283,生津
98,23,功效,292,294,暖胃
98,24,功效,294,296,消食
98,25,功效,297,299,理气
98,26,功效,301,303,止痛
98,27,功效,340,342,却病
98,28,功效,342,344,延寿
98,29,病症,28,30,虚损
98,30,病症,52,53,癞
98,31,病症,54,58,肚腹胀大
98,32,病症,59,63,骨瘦如柴
98,33,病症,77,81,生命垂危
98,34,病症,214,216,积聚
98,35,病症,313,315,癜疲
98,36,病症,429,430,风
98,37,病症,602,604,风癔
98,38,病症,605,607,风痱
98,39,病症,608,611,风偏枯
98,40,病症,612,615,风口喁
98,41,病症,617,620,风不语
98,42,病症,621,623,风痉
98,43,病症,624,629,风角弓反张
98,44,病症,630,633,风弹曳
98,45,病症,634,637,风不仁
98,46,病症,638,641,风惊悸
98,47,病症,642,647,风人腹拘急
98,48,病症,648,654,风经五脏恍惚
98,49,病症,655,658,风头眩
98,50,病症,659,661,风癫
98,51,病症,662,664,蛊风
98,52,病症,665,667,风狂
98,53,病症,668,670,恶风
98,54,病症,670,674,须眉堕落
98,55,病症,675,678,风瘙痒
98,56,病症,680,683,风腮退
98,57,病症,705,708,风湿痹
98,58,病症,709,713,历节风
98,59,病症,714,720,风入腹急切痛
98,60,脏腑,65,67,五脏
98,61,脏腑,212,213,心
98,62,脏腑,327,328,胃
98,63,食疗方,36,39,北庭丸
98,64,食疗方,432,435,鸟犀丸
98,65,烹饪方法,458,460,炮制
98,66,烹饪方法,489,491,烧红
98,67,烹饪方法,495,496,浸
98,68,烹饪方法,511,513,为末
98,69,烹饪方法,514,516,炼蜜
98,70,烹饪方法,516,518,为膏
98,71,烹饪方法,530,532,嚼吃
98,72,禁忌,379,383,虚而挟热
98,73,禁忌,418,422,盲目投药
98,74,古籍来源,4,8,文津阁本
99,1,食材,33,35,葛粉
99,2,食材,38,40,荆芥
99,3,食材,43,44,豉
99,4,食材,71,73,葱椒
99,5,食材,94,96,猪肉
99,6,食材,96,98,荞面
99,7,病症,4,6,中风
99,8,病症,492,496,言语謇涩
99,9,病症,13,17,精神昏愦
99,10,病症,19,23,手足不仁
99,11,病症,27,31,缓弱不遂
99,12,病症,419,421,风痱
99,13,病症,525,529,肌肤不仁
99,14,病症,539,542,重不胜
99,15,病症,571,574,身无痛
99,16,病症,576,580,四肢不收
99,17,病症,581,585,智乱不甚
99,18,病症,586,588,言微
99,19,烹饪方法,51,52,溲
99,20,烹饪方法,62,63,煎
99,21,烹饪方法,67,68,煮
99,22,烹饪方法,59,60,作
99,23,食疗方,221,226,葛粉索饼方
99,24,禁忌,405,410,忌猪肉荞面
99,25,古籍来源,113,118,太平圣惠方
99,26,古籍来源,250,255,经钮堂抄本
99,27,古籍来源,285,288,万历本
99,28,古籍来源,290,294,文津阁本
99,29,古籍来源,511,515,金匮要略
100,1,食材,96,98,生姜
100,2,食材,101,103,大枣
100,3,食材,293,295,白饮
100,4,食材,391,394,桑白皮
100,5,食材,395,398,陈橘皮
100,6,食材,399,402,生姜皮
100,7,食材,403,406,大腹皮
100,8,食材,407,410,茯苓皮
100,9,食性,451,452,温
100,10,功效,138,142,化气利水
100,11,功效,346,350,健脾化湿
100,12,功效,351,355,理气消肿
100,13,功效,508,514,利水补气通阳
100,14,功效,630,634,益气行水
100,15,病症,155,159,头痛发热
100,16,病症,160,165,烦渴饮水
100,17,病症,167,171,水人则吐
100,18,病症,172,176,小便不利
100,19,病症,180,182,霍乱
100,20,病症,183,187,呕吐泄泻
100,21,病症,203,207,水肿身重
100,22,病症,215,217,痰饮
100,23,病症,218,223,脐下有动悸
100,24,病症,224,228,吐涎沫
100,25,病症,229,231,头眩
100,26,病症,358,360,水肿
100,27,病症,361,363,头面
100,28,病症,364,368,四肢悉肿
100,29,病症,369,374,心腹胀满
100,30,病症,375,379,上气促急
100,31,病症,517,519,皮水
100,32,病症,522,525,四肢肿
100,33,病症,526,532,水气在皮肤中
100,34,病症,534,539,四肢聂聂动
100,35,病症,637,639,风水
100,36,病症,640,644,脉浮身重
100,37,病症,645,649,汗出恶风
100,38,食疗方,115,118,五苓散
100,39,食疗方,326,329,五皮饮
100,40,食疗方,484,489,防己茯苓汤
100,41,食疗方,606,611,防己黄芪汤
100,42,烹饪方法,106,109,水煎服
100,43,烹饪方法,288,291,捣为散
100,44,烹饪方法,295,297,和服
100,45,烹饪方法,438,439,煎
100,46,烹饪方法,443,445,去滓
100,47,烹饪方法,720,722,温服
100,48,烹饪方法,590,591,煮
100,49,烹饪方法,690,691,锉
100,50,禁忌,454,461,忌生衿油腻硬物
100,51,养生原则,305,310,多饮暖水
100,52,养生原则,315,319,如法将息
100,53,医家,122,125,张仲景
100,54,医家,334,336,华氏
100,55,古籍来源,126,129,伤寒论
100,56,古籍来源,497,501,金匮要略
101,1,食材,152,154,鲫鱼
101,2,食材,172,174,干姜
101,3,食材,193,195,橘皮
101,4,食材,202,204,豉汁
101,5,食材,243,246,赤石脂
101,6,食材,278,280,白面
101,7,食材,305,307,葱酱
101,8,食性,174,176,辛热
101,9,食性,93,94,温
101,10,归经,314,315,心
101,11,归经,444,445,肾
101,12,归经,31,32,脾
101,13,归经,257,258,胃
101,14,归经,520,523,大小肠
101,15,功效,154,158,温中下气
101,16,功效,159,163,健脾利湿
101,17,功效,177,181,温脾逐寒
101,18,功效,182,186,疏利带脉
101,19,功效,188,191,暖腰脊
101,20,功效,195,200,主腹胀吐泻
101,21,功效,204,209,止血痢腹痛
101,22,功效,530,534,涩肠止血
101,23,功效,535,539,收湿生肌
101,24,功效,543,546,补益心
101,25,功效,484,488,涩肠固脱
101,26,病症,66,70,腰脊疼痛
101,27,病症,98,100,腰痛
101,28,病症,167,169,痢疾
101,29,病症,226,230,痢下赤白
101,30,病症,399,403,肠胃冷气
101,31,病症,261,265,痢下不止
101,32,病症,404,410,久痢滑脱不止
101,33,病症,449,453,大便不固
101,34,病症,459,464,滑脱不禁
101,35,病症,468,471,但欲寐
101,36,病症,472,475,脉微细
101,37,病症,585,590,下痢便脓血
101,38,病症,645,649,新病下痢
101,39,病症,651,655,湿热未清
101,40,脏腑,47,48,脾
101,41,脏腑,482,483,肾
101,42,脏腑,512,513,心
101,43,脏腑,433,434,胃
101,44,食疗方,88,93,甘姜苓术汤
101,45,食疗方,416,422,赤石脂-饪方
101,46,食疗方,593,596,桃花汤
101,47,烹饪方法,300,301,煮
101,48,烹饪方法,294,295,搜
101,49,烹饪方法,296,298,作饼
101,50,禁忌,632,641,收涩之品有留邪之弊
101,51,养生原则,142,146,温脾调中
101,52,古籍来源,73,85,金匮要略.五藏风寒积聚篇
101,53,古籍来源,571,578,伤寒论.少阴篇
102,1,食材,8,10,粳米
102,2,食性,10,11,甘
102,3,食性,11,12,平
102,4,归经,14,15,脾
102,5,归经,16,17,胃
102,6,功效,23,27,补中益气
102,7,功效,28,31,和脾胃
102,8,功效,32,34,除烦
102,9,食材,35,36,葱
102,10,食性,37,38,辛
102,11,食性,38,39,温
102,12,功效,40,42,发汗
102,13,功效,42,44,通阳
102,14,病症,3,7,带下诸疾
102,15,病症,116,120,中风湿瘅
102,16,病症,121,125,五缓六急
102,17,病症,127,131,骨中疼痛
102,18,病症,132,136,不能踏地
102,19,病症,160,164,老人脚气
102,20,病症,164,166,烦痹
102,21,病症,167,171,缓弱不随
102,22,病症,269,273,行履不能
102,23,脏腑,151,152,肾
102,24,脏腑,552,554,膀胱
102,25,食材,179,181,猪肾
102,26,食材,338,340,葱白
102,27,烹饪方法,206,207,煮
102,28,烹饪方法,155,156,食
102,29,食疗方,410,413,猪肾粥
102,30,古籍来源,88,93,太平圣惠方
102,31,古籍来源,612,618,备急千金要方
103,1,食材,609,611,葱白
103,2,食材,638,639,枣
103,3,食材,511,513,半夏
103,4,食材,514,517,吴茱萸
103,5,食材,90,92,蜀椒
103,6,烹饪方法,25,27,浸渍
103,7,烹饪方法,67,68,煮
103,8,烹饪方法,95,96,烤
103,9,食疗方,0,2,腌剂
103,10,食疗方,74,76,煮剂
103,11,食疗方,106,109,燠梨剂
103,12,养生原则,115,117,因人
103,13,养生原则,118,121,因时
103,14,养生原则,125,129,因病制宜
103,15,古籍来源,158,162,本书上籍
104,1,病症,4,8,脾胃气弱
104,2,病症,298,302,胃气不足
104,3,病症,312,316,食少脘胀
104,4,病症,326,331,嗳气呕吐
104,5,病症,332,336,脾气不足
104,6,病症,346,353,腹满时减复如故
104,7,病症,355,360,肠鸣泻痢
104,8,病症,374,378,肌肉羸瘦
104,9,病症,379,383,四肢无力
104,10,病症,394,398,诸脏气竭
104,11,病症,399,403,久虚不复
104,12,病症,560,564,四肢困乏
104,13,病症,493,495,黄瘦
104,14,食材,497,500,白羊肉
104,15,食材,504,506,白面
104,16,食材,509,512,生姜汁
104,17,食材,531,533,五味
104,18,食材,533,534,椒
104,19,食材,534,535,葱
104,20,烹饪方法,521,523,溲面
104,21,烹饪方法,525,526,切
104,22,烹饪方法,535,537,煮熟
104,23,食疗方,464,469,羊肉索饼方
104,24,禁忌,482,485,不多食
104,25,脏腑,21,23,脾胃
104,26,脏腑,33,34,胃
104,27,脏腑,32,33,脾
104,28,脏腑,144,145,肾
104,29,脏腑,57,59,五脏
104,30,脏腑,59,61,六腑
104,31,脏腑,62,64,四肢
104,32,脏腑,64,66,百骸
104,33,脏腑,431,433,经脉
104,34,医家,110,113,岳美中
104,35,养生原则,414,422,饮食和益脾胃之气
104,36,养生原则,424,428,滋润脏腑
104,37,养生原则,441,443,上医
104,38,古籍来源,566,569,万历本
104,39,古籍来源,571,575,文津阁本
104,40,古籍来源,577,580,瓶花本
105,1,病症,14,16,肾虚
105,2,病症,19,23,夜多小溲
105,3,病症,40,42,足痿
105,4,病症,82,84,喘嗽
105,5,病症,106,108,停饮
105,6,病症,116,118,痞闷
105,7,病症,122,124,脚重
105,8,病症,133,137,膝胫转重
105,9,病症,170,174,脏腑结燥
105,10,病症,177,181,大便秘涩
105,11,食材,185,188,猪羊血
105,12,食材,420,422,葵莱
105,13,食材,194,196,血脏
105,14,食材,211,213,杏仁
105,15,食材,213,215,板儿
105,16,食材,219,221,麻子
105,17,食材,222,224,芝麻
105,18,食性,393,395,咸平
105,19,食味,541,543,酸热
105,20,食味,559,562,甘苦温
105,21,食味,644,645,甘
105,22,功效,200,202,疏利
105,23,功效,233,235,通利
105,24,功效,549,553,止渴生津
105,25,功效,565,568,润肺燥
105,26,功效,569,572,消食积
105,27,功效,573,576,散滞气
105,28,功效,577,580,通大便
105,29,功效,400,404,滑利大便
105,30,功效,448,450,益脾
105,31,功效,450,453,利胃气
105,32,功效,453,456,滑大肠
105,33,功效,470,472,补脏
105,34,功效,475,480,扶正通便
105,35,功效,412,415,通便秘
105,36,功效,515,517,通利
105,37,功效,342,346,滋养津液
105,38,功效,347,351,滑利粪便
105,39,脏腑,7,8,肾
105,40,脏腑,45,46,心
105,41,脏腑,49,50,肺
105,42,脏腑,53,55,脬囊
105,43,脏腑,339,341,大肠
105,44,食疗方,529,531,杏汤
105,45,食疗方,532,536,杏仁板儿
105,46,禁忌,110,113,不可补
105,47,养生原则,144,150,老人补法禁忌
105,48,古籍来源,485,489,本草纲目
105,49,医家,491,494,张从正
106,1,古籍来源,83,88,黄帝阴符经
106,2,古籍来源,100,102,素问
106,3,古籍来源,165,167,类经
106,4,病症,4,6,疾疠
106,5,病症,7,9,疾病
106,6,病症,10,12,瘟疫
106,7,病症,670,672,危瘵
106,8,病症,617,619,苛疾
106,9,脏腑,516,518,五脏
106,10,养生原则,330,338,取法阴阳四时而行
106,11,养生原则,498,505,顺天之常道而行
106,12,养生原则,717,725,依四时摄养之方
106,13,养生原则,726,733,顺五行休旺之气
107,1,古籍来源,407,413,黄帝内经素问
107,2,古籍来源,414,420,四气调神大论
107,3,养生原则,357,365,执天道生杀之理
108,1,病症,11,14,烦渴热
108,2,病症,23,27,烦渴不止
108,3,病症,28,32,饮水不定
108,4,食疗方,44,48,大麦汤方
108,5,功效,48,52,益气生津
108,6,功效,53,57,润燥清热
108,7,功效,57,59,调中
108,8,病症,61,64,口渴甚
108,9,古籍来源,69,76,《太平圣惠方》
108,10,食疗方,76,80,栝蒌粉方
108,11,功效,81,85,清热解毒
108,12,功效,86,90,生津止渴
108,13,病症,92,96,消渴热中
108,14,病症,97,102,饮水无度
108,15,病症,103,107,常若不足
108,16,食疗方,111,115,青豆汤方
108,17,功效,120,124,除烦止渴
108,18,病症,128,133,肺胃热盛
108,19,病症,135,139,心烦欲呕
108,20,食疗方,143,147,芦根饮子
108,21,功效,147,151,清热生津
108,22,功效,152,156,除烦止呕
108,23,病症,158,162,消渴壮热
108,24,病症,163,167,烦躁不安
108,25,病症,169,171,无力
108,26,食疗方,175,180,青粱米饮方
108,27,功效,180,184,补中益气
108,28,功效,185,189,除烦止渴
108,29,病症,193,198,内热壅盛
108,30,病症,199,203,扰于神明
108,31,病症,204,208,消渴烦热
108,32,病症,209,213,心神狂乱
108,33,病症,214,218,躁闷不安
108,34,食疗方,222,226,冬瓜羹方
108,35,功效,115,119,清热解毒
108,36,功效,232,236,除烦生津
108,37,病症,253,255,吐血
108,38,病症,256,259,衄血
108,39,古籍来源,263,270,《太平圣惠方》
108,40,食疗方,270,274,藕蜜汁方
108,41,功效,274,278,凉血散瘀
108,42,功效,279,283,清热止渴
108,43,病症,297,301,气阴耗伤
108,44,病症,302,306,精气亏损
108,45,食材,337,340,猪肚方
108,46,功效,341,346,补益气阴
108,47,功效,347,351,生津除烦
108,48,病症,367,371,小便无度
108,49,病症,372,374,烦热
108,50,食疗方,380,383,兔头饮
108,51,功效,384,388,补气生津
108,52,功效,389,393,除烦止渴
108,53,病症,410,416,日渐羸瘦困弱
108,54,食疗方,421,425,野鸡臃方
108,55,功效,426,430,补中益气
108,56,功效,431,435,生津止渴
108,57,病症,443,447,脏腑干枯
108,58,食材,457,460,牛乳方
108,59,功效,461,464,益气阴
108,60,功效,465,468,补五脏
108,61,功效,469,473,润枯燥
108,62,病症,480,484,消渴烦闷
108,63,病症,485,487,常热
108,64,病症,488,492,身体枯燥
108,65,病症,493,495,黄瘦
108,66,食疗方,500,506,黄雌鸡羹方
108,67,功效,507,511,添精补髓
108,68,功效,512,516,益气固摄
108,69,功效,517,521,和调脏腑
108,70,病症,527,531,精损气虚
108,71,病症,537,541,小便黄色
108,72,食疗方,549,552,鹿头方
108,73,功效,553,557,平补精气
108,74,功效,558,562,益阳滋阴
108,75,病症,570,574,精气虚弱
108,76,病症,578,582,诸药不瘥
108,77,病症,584,588,黄瘦力弱
109,1,病症,164,168,风热上攻
109,2,病症,169,173,头旋晕闷
109,3,病症,197,203,外风走注疼痛
109,4,病症,233,237,走注疼痛
109,5,病症,240,244,肠胃有风
109,6,病症,257,261,肾脏有风
109,7,病症,278,283,老人一切风
109,8,病症,286,291,外感之风
109,9,病症,292,296,真中之风
109,10,病症,297,301,内动之风
109,11,病症,302,306,痹痛之风
109,12,病症,307,311,惊痫之风
109,13,病症,345,349,四时伤寒
109,14,病症,368,373,卒中急风
109,15,病症,374,378,筋骨之风
109,16,病症,412,416,肠寒便白
109,17,病症,423,427,脾寒有积
109,18,病症,439,443,心脾积热
109,19,病症,445,451,流注脚膝疼痛
109,20,病症,474,478,上焦客热
109,21,病症,479,481,滞痰
109,22,病症,514,519,老人痰涎多
109,23,病症,520,524,痰厥头痛
109,24,病症,525,527,癫痫
109,25,病症,528,530,胸闷
109,26,病症,531,533,咳逆
109,27,病症,593,599,老人一切气闷
109,28,病症,600,604,醋心腹胀
109,29,病症,605,609,胸膈不利
109,30,病症,610,614,积滞癜疲
109,31,病症,636,640,元气不足
109,32,病症,641,647,心腹诸疾作痛
109,33,病症,650,652,气滞
109,34,病症,677,682,妇人气瘰
109,35,病症,715,721,老人不思饮食
109,36,病症,722,726,胸膈走注
109,37,病症,727,731,心腹刺痛
109,38,食疗方,178,182,旋复花散
109,39,食疗方,206,209,羌活丸
109,40,食疗方,225,228,七圣散
109,41,食疗方,229,232,藁本散
109,42,食疗方,248,251,七圣丸
109,43,食疗方,700,703,香枳汤
109,44,食疗方,265,268,羌活散
109,45,食疗方,315,318,乌犀丸
109,46,食疗方,352,355,四顺散
109,47,食疗方,419,422,香草散
109,48,食疗方,429,432,北庭丸
109,49,食疗方,454,457,黄芪散
109,50,食疗方,485,489,枇杷叶散
109,51,食疗方,541,546,人参半夏丸
109,52,食疗方,562,569,调中人参木香散
109,53,食疗方,617,621,丁香丸
109,54,食疗方,656,660,橘皮煮散
109,55,食疗方,686,689,香草散
109,56,食疗方,252,256,香枳汤
109,57,食疗方,704,707,匀气散
109,58,食疗方,734,739,枳壳木香散
109,59,功效,182,186,疏风清热
109,60,功效,187,191,化痰降逆
109,61,功效,192,196,养阴行血
109,62,功效,209,213,搜风胜湿
109,63,功效,214,218,益气助阳
109,64,功效,219,224,散寒止痛
109,65,功效,319,323,滋阴养血
109,66,功效,324,328,除烦定惊
109,67,功效,329,333,消痰止痛
109,68,功效,334,338,熄风开窍
109,69,功效,355,359,解表散寒
109,70,功效,360,364,平喘止咳
109,71,功效,387,391,除风胜湿
109,72,功效,392,396,驱寒止痛
109,73,功效,397,401,补益肝肾
109,74,功效,403,407,强壮筋骨
109,75,功效,457,460,益元气
109,76,功效,461,464,清虚热
109,77,功效,466,470,凉血解毒
109,78,功效,470,472,排脓
109,79,功效,547,550,坠痰涎
109,80,功效,551,554,和脾胃
109,81,功效,621,625,温胃行气
109,82,功效,626,630,散瘀软坚
109,83,功效,631,635,消积通便
109,84,功效,662,666,健脾温中
109,85,功效,667,671,行气消积
109,86,功效,672,676,散满止痛
109,87,功效,692,696,调风顺气
109,88,古籍来源,0,4,结语
110,1,食材,144,147,童子鸡
110,2,食材,26,28,黄芪
110,3,食材,218,219,葱
110,4,食材,223,225,茴香
110,5,食材,230,231,酒
110,6,食材,234,236,秋油
110,7,食材,152,153,水
110,8,食材,255,257,脂油
110,9,食味,55,56,甘
110,10,食性,60,61,温
110,11,功效,65,67,补气
110,12,功效,67,69,固表
110,13,功效,70,72,利尿
110,14,功效,72,74,强心
110,15,病症,200,204,体弱疾病
110,16,烹饪方法,175,176,蒸
110,17,烹饪方法,264,265,煨
110,18,古籍来源,83,87,本草纲目
110,19,医家,79,82,李时珍
111,1,食材,1,4,阳羡茶
111,2,食材,56,58,雀舌
111,3,食材,62,64,茶芽
111,4,食材,98,101,龙井茶
111,5,食材,105,110,洞庭君山茶
111,6,食材,177,179,六安
111,7,食材,180,182,银针
111,8,食材,183,185,毛尖
111,9,食材,186,188,梅片
111,10,食材,189,191,安化
111,11,食材,204,207,君山茶
111,12,食材,255,259,君山银针
111,13,医家,144,147,方毓川
111,14,医家,285,288,方世俊
111,15,古籍来源,199,201,注释
112,1,食材,1,3,甲鱼
112,2,烹饪方法,3,4,煮
112,3,烹饪方法,13,15,炮炒
112,4,烹饪方法,24,26,收汤
112,5,烹饪方法,125,126,煎
112,6,烹饪方法,139,140,煨
112,7,食材,20,21,葱
112,8,食材,22,23,椒
112,9,食材,117,119,脂油
112,10,食材,155,156,蒜
112,11,食材,162,163,姜
112,12,食材,164,165,糖
112,13,食材,135,137,秋油
112,14,食材,138,139,酒
112,15,古籍来源,38,41,杭州法
113,1,食材,1,3,蘑菇
113,2,食材,42,44,莱油
113,3,食材,51,52,酒
113,4,食材,55,56,鸡
113,5,食材,72,74,甜酒
113,6,食材,101,102,笋
113,7,食材,103,104,葱
113,8,食材,105,106,椒
113,9,食材,119,121,冰糖
113,10,食材,129,133,雏鸡胸肉
113,11,食材,139,141,猪油
113,12,食材,153,155,麻油
113,13,食材,159,161,纤粉
113,14,食材,162,164,盐花
113,15,食材,165,167,姜汁
113,16,食材,168,171,花椒末
113,17,食材,179,181,雪梨
113,18,食材,184,186,香蕈
113,19,烹饪方法,10,12,泡发
113,20,烹饪方法,19,20,漂
113,21,烹饪方法,24,25,擦
113,22,烹饪方法,46,48,爆炒
113,23,烹饪方法,63,65,滚煮
113,24,烹饪方法,77,79,煨煮
113,25,烹饪方法,124,125,炒
113,26,烹饪方法,143,145,熬熟
113,27,烹饪方法,198,199,盛
114,1,食材,52,54,牛肉
114,2,食材,325,327,牛舌
114,3,食材,2,3,羊
114,4,食材,4,5,鹿
114,5,烹饪方法,107,108,煨
114,6,烹饪方法,118,121,收汤
114,7,烹饪方法,296,298,收汁
115,1,食材,0,2,猪肉
115,2,食材,59,61,猪头
115,3,食材,73,75,甜酒
115,4,食材,102,103,葱
115,5,食材,107,109,八角
115,6,食材,121,123,秋油
115,7,食材,128,129,糖
115,8,食材,278,282,八角茴香
115,9,烹饪方法,99,100,煮
115,10,烹饪方法,182,183,煨
115,11,烹饪方法,243,244,蒸
115,12,烹饪方法,341,342,焖
115,13,烹饪方法,317,319,磨粉
115,14,古籍来源,54,57,特牲单
116,1,食材,17,19,燕窝
116,2,食材,56,60,天然泉水
116,3,食材,74,77,嫩鸡汤
116,4,食材,81,84,火腿汤
116,5,食材,86,88,蘑菇
116,6,食材,173,175,肉丝
116,7,食材,177,179,鸡丝
116,8,食材,215,218,生燕窝
116,9,食材,279,282,蘑菇丝
116,10,食材,283,286,笄尖丝
116,11,食材,287,290,鲫鱼肚
116,12,食材,293,295,野鸡
116,13,食材,319,321,冬瓜
116,14,食材,396,398,海参
116,15,食材,441,443,刺参
116,16,食材,452,454,肉汤
116,17,食材,462,465,鸡肉
116,18,食材,477,479,香蕈
116,19,食材,480,482,木耳
116,20,食材,525,527,芥末
116,21,食材,548,550,笋丁
116,22,食材,567,570,豆腐皮
116,23,食材,571,573,鸡腿
116,24,食性,116,118,清爽
116,25,食性,142,145,柔滑
116,26,烹饪方法,60,61,泡
116,27,烹饪方法,65,66,挑
116,28,烹饪方法,96,98,烧煮
116,29,烹饪方法,435,436,煨
116,30,烹饪方法,454,456,滚泡
116,31,烹饪方法,531,532,拌
116,32,烹饪方法,541,542,切
116,33,烹饪方法,557,559,煨作
116,34,烹饪方法,372,374,打成
116,35,烹饪方法,377,379,敲成
116,36,禁忌,123,133,不可与油腻的食物混杂
116,37,禁忌,150,166,不可与质地较硬或带骨头的食物混配
116,38,古籍来源,1,3,武物
116,39,医家,314,317,杨明府
116,40,医家,515,518,钱观察
116,41,医家,562,565,蒋侍郎
117,1,食材,7,9,鲥鱼
117,2,食材,81,83,边鱼
117,3,食材,90,91,酒
117,4,食材,92,94,秋油
117,5,食材,136,138,香蕈
117,6,食材,139,141,笋尖
117,7,烹饪方法,94,95,蒸
117,8,烹饪方法,146,147,煎
117,9,食疗方,160,163,假鲥鱼
118,1,食材,26,28,麻雀
118,2,食材,48,50,雀胸
118,3,食材,51,54,头肉
118,4,食材,139,141,鹩鹑
118,5,食材,142,144,黄雀
118,6,食材,215,217,鱼片
118,7,食味,64,65,甘
118,8,食味,65,66,鲜
118,9,烹饪方法,36,38,煨煮
118,10,烹饪方法,138,139,煨
118,11,烹饪方法,214,215,炒
118,12,禁忌,109,120,不要吃入间豢养的动物
118,13,古籍来源,99,106,薛生自常劝人们
120,1,食材,1,3,鸡蛋
120,2,食材,16,18,蛋黄
120,3,食材,29,32,蛋清
120,4,食材,39,41,鸡汁
120,5,食材,63,65,蛋壳
120,6,食材,115,117,茭瓜
120,7,食材,137,139,笋脯
120,8,食材,191,193,牛首
120,9,烹饪方法,5,7,敲开
120,10,烹饪方法,18,20,倒出
120,11,烹饪方法,21,23,去掉
120,12,烹饪方法,33,35,加入
120,13,烹饪方法,46,48,搅拌
120,14,烹饪方法,60,62,装回
120,15,烹饪方法,70,72,封好
120,16,烹饪方法,79,81,蒸熟
120,17,烹饪方法,83,85,剥去
120,18,烹饪方法,168,170,腌制
120,19,烹饪方法,174,176,风干
120,20,烹饪方法,130,132,切片
120,21,烹饪方法,108,109,制
120,22,烹饪方法,35,36,煨
120,23,烹饪方法,202,204,僧制
120,24,食味,112,113,鲜
121,1,烹饪方法,31,33,加热
121,2,烹饪方法,34,36,调味
121,3,烹饪方法,217,218,爆
121,4,烹饪方法,219,220,熘
121,5,烹饪方法,221,222,炸
121,6,烹饪方法,245,246,炖
121,7,烹饪方法,247,248,煨
121,8,烹饪方法,249,250,焖
121,9,烹饪方法,266,268,熬制
121,10,养生原则,3,13,食物烹饪的色味与火候
121,11,养生原则,420,428,进食的要求与步骤
121,12,养生原则,434,438,器具须知
121,13,养生原则,442,446,上莱须知
122,1,食材,0,1,茶
122,2,食材,1,2,酒
122,3,食材,140,142,泉水
122,4,食材,143,145,河水
122,5,食材,146,148,井水
122,6,食材,149,151,湖水
122,7,食材,442,444,石灰
122,8,食材,580,583,武夷茶
122,9,食材,584,587,龙井茶
122,10,食材,588,593,常州阳羡茶
122,11,食材,594,599,洞庭君山茶
122,12,古籍来源,4,11,袁氏《茶酒单》
122,13,烹饪方法,169,171,泡茶
122,14,烹饪方法,285,287,保存
122,15,医家,85,87,袁氏
124,1,食材,0,2,鱼翅
124,2,食材,38,40,火腿
124,3,食材,41,43,鸡汤
124,4,食材,46,48,鲜笄
124,5,食材,49,51,冰糖
124,6,食材,75,78,萝卜丝
124,7,食材,173,175,海参
124,8,食材,288,290,鳆鱼
124,9,食材,311,313,豆腐
124,10,食材,348,349,鸭
124,11,烹饪方法,5,6,煮
124,12,烹饪方法,55,56,煨
124,13,烹饪方法,263,264,炒
124,14,烹饪方法,306,308,削片
124,15,烹饪方法,346,347,煨
124,16,烹饪方法,470,471,晒
124,17,烹饪方法,242,243,焯
124,18,功效,164,168,柔腻融洽
124,19,病症,176,178,生硬
124,20,病症,190,192,硬直
124,21,古籍来源,381,383,注释
125,1,食材,8,10,山药
125,2,食材,16,18,腐皮
125,3,食材,29,31,秋油
125,4,食材,32,33,酒
125,5,食材,34,35,糖
125,6,食材,36,38,瓜姜
125,7,食材,104,107,珍珠菜
125,8,食材,207,209,豆腐
125,9,食材,229,231,猪油
125,10,食材,246,247,盐
125,11,食材,257,259,甜酒
125,12,食材,265,267,虾米
125,13,食材,326,327,葱
125,14,烹饪方法,6,7,煮
125,15,烹饪方法,11,12,切
125,16,烹饪方法,18,19,包
125,17,烹饪方法,23,24,煎
125,18,烹饪方法,231,232,熬
125,19,烹饪方法,251,252,翻
125,20,烹饪方法,295,296,滚
125,21,烹饪方法,28,29,加
125,22,烹饪方法,342,344,起锅
125,23,古籍来源,199,202,素莱单
126,1,食材,101,102,葱
126,2,食材,111,112,笋
126,3,食材,116,117,椒
126,4,食材,126,127,粉
126,5,食材,346,347,肉
126,6,烹饪方法,100,101,切
126,7,烹饪方法,115,116,捣
126,8,烹饪方法,374,375,煎
126,9,烹饪方法,375,376,炒
126,10,烹饪方法,212,213,磨
126,11,烹饪方法,217,218,换
126,12,烹饪方法,222,223,刮
126,13,烹饪方法,227,228,洗
126,14,烹饪方法,64,65,作
126,15,烹饪方法,355,356,合
126,16,烹饪方法,370,371,牵
126,17,烹饪方法,351,352,团
126,18,烹饪方法,359,360,羹
126,19,烹饪方法,363,364,腻
126,20,烹饪方法,382,383,贴
126,21,烹饪方法,388,389,焦
126,22,烹饪方法,389,390,老
126,23,烹饪方法,395,396,护
126,24,烹饪方法,396,397,持
126,25,禁忌,88,90,玷污
126,26,禁忌,246,248,烟灰
126,27,禁忌,252,254,汗水
126,28,禁忌,258,260,苍蝇
126,29,禁忌,260,263,蚂蚁
126,30,禁忌,267,269,烟煤
126,31,禁忌,301,303,污秽
126,32,古籍来源,43,51,《论语.卫灵公》
127,1,食材,58,61,五花肉
127,2,食材,73,75,车螯
127,3,食材,120,122,豆腐
127,4,食材,195,197,蛏干
127,5,食材,186,188,鸡汤
127,6,食材,153,155,猪油
127,7,食材,210,212,虾饼
127,8,食材,316,318,蚶干
127,9,烹饪方法,61,62,切
127,10,烹饪方法,68,69,焖
127,11,烹饪方法,83,84,炒
127,12,烹饪方法,100,101,煮
127,13,烹饪方法,45,46,晒
127,14,烹饪方法,188,190,烹煮
127,15,烹饪方法,203,204,捶
127,16,烹饪方法,215,216,煎
127,17,烹饪方法,249,250,泡
127,18,烹饪方法,287,288,煨
127,19,医家,229,232,程泽弓
130,1,食材,299,301,鳗鱼
130,2,食材,359,361,河鳗
130,3,食材,397,399,秋油
130,4,食材,414,415,葱
130,5,食材,416,417,姜
130,6,食材,434,436,芡粉
130,7,食材,437,439,山药
130,8,食材,388,389,酒
130,9,烹饪方法,353,354,煨
130,10,烹饪方法,390,392,煨烂
130,11,烹饪方法,460,461,蒸
130,12,烹饪方法,536,538,红煨
130,13,病症,316,318,腥味
130,14,医家,12,15,顾比部
130,15,医家,217,220,袁致华
130,16,古籍来源,295,298,译文1
131,1,食材,20,22,甲鱼
131,2,食材,43,44,肉
131,3,食材,45,46,裙
131,4,食材,201,202,姜
131,5,食材,203,204,桂
131,6,食材,37,38,鱼
131,7,食材,271,273,鳗鱼
131,8,食材,317,319,河鳗
131,9,食材,346,348,秋油
131,10,食材,353,358,冬腌新芥菜
131,11,食材,363,365,葱姜
131,12,食材,385,387,纤粉
131,13,食材,388,390,山药
131,14,食性,189,190,腥
131,15,烹饪方法,51,52,煨
131,16,烹饪方法,341,343,煨烂
131,17,烹饪方法,348,350,起锅
131,18,烹饪方法,406,407,蒸
131,19,烹饪方法,432,433,兑
131,20,烹饪方法,322,323,洗
131,21,烹饪方法,327,328,斩
131,22,烹饪方法,332,333,入
131,23,古籍来源,261,266,水族无鳞单
131,24,医家,146,148,袁氏
131,25,医家,378,381,顾比部
131,26,医家,413,416,家致华
132,1,食材,1,4,瓢莱心
132,2,食材,45,47,荤油
132,3,食材,211,213,菠菜
132,4,食材,222,224,豆腐
132,5,食材,256,258,笋尖
132,6,食材,259,261,香蕈
132,7,烹饪方法,0,1,炒
132,8,烹饪方法,224,225,煮
132,9,食疗方,232,237,金镶自玉板
132,10,医家,21,24,壬孟亭
132,11,医家,106,109,壬箴舆
133,1,食材,140,141,栗
133,2,食材,154,156,糯粉
133,3,食材,166,168,瓜仁
133,4,食材,169,171,松子
133,5,食味,113,114,咸
133,6,食味,134,135,甜
133,7,食材,245,247,韭菜
133,8,食材,250,251,肉
133,9,食材,286,288,鸡豆
133,10,食材,390,393,鸡蛋清
133,11,食材,395,397,飞面
133,12,食材,476,478,冰糖
133,13,食材,479,481,松仁
133,14,食材,522,524,松子
133,15,食材,525,528,胡桃仁
133,16,食材,535,537,脂油
133,17,食材,554,556,芝麻
133,18,食材,590,592,奶酥
133,19,食疗方,200,202,粉衣
133,20,食疗方,207,226,如作面衣之法。加糖。加盐俱可。取其便也
133,21,食疗方,238,240,韭合
133,22,食疗方,294,321,"研碎鸡豆。用微粉为糕,放盘中蒸之。临食,用小刀片开"
133,23,食疗方,378,384,杨中丞西洋饼
133,24,食疗方,513,516,烧饼
133,25,食疗方,622,629,陶方伯十景点心
133,26,烹饪方法,160,161,蒸
133,27,烹饪方法,264,265,灼
133,28,烹饪方法,540,541,炙
133,29,烹饪方法,354,355,烘
133,30,烹饪方法,564,565,罗
133,31,古籍来源,7,14,袁氏《点心单》
133,32,医家,55,57,袁氏
134,1,食材,265,267,刀鱼
134,2,食材,273,274,蜜
134,3,食材,274,275,酒
134,4,食材,277,279,清酱
134,5,食材,286,288,鲥鱼
134,6,食材,326,329,火腿汤
134,7,食材,330,333,鸡汤
134,8,食材,334,336,笄汤
134,9,食材,353,354,油
134,10,烹饪方法,291,292,蒸
134,11,烹饪方法,313,314,刮
134,12,烹饪方法,320,321,抽
134,13,烹饪方法,336,337,煨
134,14,烹饪方法,360,361,煎
134,15,烹饪方法,400,401,切
134,16,古籍来源,87,89,江赋
134,17,医家,1,3,郭璞
135,1,食材,175,177,糯米
135,2,古籍来源,112,116,《周官》
135,3,医家,109,112,郑康成
135,4,医家,281,283,郑玄
135,5,古籍来源,388,398,《周礼.天官.酒正》
136,1,食味,223,224,咸
136,2,食味,224,225,淡
136,3,食材,82,83,鸡
136,4,食材,84,85,鸭
136,5,食材,86,87,猪
136,6,食材,88,89,鹅
136,7,食材,509,511,腰子
136,8,食材,512,514,鸡蛋
136,9,食材,529,531,鲜鱼
136,10,食材,532,533,蚶
136,11,食材,534,535,蛤
136,12,烹饪方法,436,438,煎炒
136,13,烹饪方法,455,457,煨煮
136,14,烹饪方法,481,483,收汤
136,15,烹饪方法,504,505,煮
136,16,古籍来源,19,24,《须知单》
136,17,古籍来源,116,122,《随园食单》
136,18,医家,2,4,袁氏
137,1,食材,10,12,燕窝
137,2,食材,16,18,海参
137,3,食材,22,24,鱼翅
137,4,食材,29,31,鹿筋
137,5,食材,36,37,肉
137,6,食材,49,50,鸭
137,7,食材,61,62,鱼
137,8,食材,74,75,鳗
137,9,食材,87,88,韭
137,10,食材,96,97,莱
137,11,食材,114,115,鱼
137,12,食材,118,119,鳖
138,1,食材,8,10,猪油
138,2,食材,35,37,燕窝
138,3,食材,310,312,豆腐
138,4,食材,322,324,海菜
138,5,食材,329,332,蔬笋
138,6,食材,336,337,鸡
138,7,食材,99,100,猪
138,8,食材,340,341,鱼
138,9,食材,342,343,鸭
138,10,食材,360,363,海参
138,11,烹饪方法,7,8,熬
138,12,烹饪方法,22,23,浇
138,13,烹饪方法,242,243,煮
138,14,古籍来源,225,229,娈换须知
140,1,食材,3,4,鱼
140,2,食材,14,15,鳗
140,3,食材,25,26,韭
140,4,食材,32,33,莱
140,5,食材,94,95,葱
140,6,食材,107,108,椒
140,7,食材,115,116,粉
140,8,古籍来源,41,45,《内则》
140,9,古籍来源,338,344,《随园食单》
141,1,食材,20,22,菱实
141,2,食材,25,26,蜜
141,3,食材,83,84,姜
141,4,食材,104,106,荔枝
141,5,食味,109,110,甘
141,6,食味,111,113,微酸
141,7,食性,114,115,温
141,8,功效,119,122,主烦渴
141,9,功效,123,126,美颜色
141,10,功效,127,130,通神健
141,11,功效,135,137,益人
141,12,功效,67,71,解丹石毒
141,13,功效,183,186,消瘤赘
141,14,功效,207,210,治心痛
141,15,食材,216,218,圆眼
141,16,食味,221,222,甘
141,17,食性,223,224,平
141,18,功效,228,233,主五脏邪气
141,19,功效,234,236,安志
141,20,功效,237,239,压食
141,21,功效,252,255,除蛊毒
141,22,功效,258,262,轻身不老
141,23,功效,263,266,通神明
141,24,食材,297,299,松子
141,25,食味,302,303,甘
141,26,食性,304,305,温
141,27,功效,309,313,主风寒气
141,28,功效,314,318,虚羸少气
141,29,功效,319,322,补不足
141,30,功效,353,357,种海松子
141,31,功效,358,362,主骨节风
141,32,功效,363,365,头眩
141,33,功效,366,369,去死肌
141,34,功效,369,371,白发
141,35,功效,372,375,散水气
141,36,功效,376,379,润五脏
141,37,功效,381,383,不饥
141,38,食材,385,387,榛子
141,39,食味,390,391,甘
141,40,食性,392,393,平
141,41,功效,397,400,益气力
141,42,功效,401,404,实肠胃
141,43,功效,405,407,调中
141,44,功效,407,409,不饥
141,45,功效,410,413,健行
141,46,食材,418,420,槟榔
141,47,食味,423,424,辛
141,48,食性,425,426,温
141,49,功效,430,432,消谷
141,50,功效,432,434,逐水
141,51,功效,435,438,除痰癖
141,52,功效,438,440,泄满
141,53,功效,441,443,下气
141,54,功效,445,450,宜脏腑壅滞
141,55,功效,451,456,坠诸药下行
141,56,功效,457,460,杀三虫
141,57,食材,475,478,葫酱叶
141,58,食材,493,495,蚬灰
141,59,食材,523,525,黄精
141,60,食味,528,529,甘
141,61,食性,530,531,平
141,62,功效,535,539,补中益气
141,63,功效,540,543,除风湿
141,64,功效,59,61,益脾
141,65,功效,546,548,润肺
141,66,功效,563,565,长生
142,1,食材,49,54,白马肉
142,2,食材,147,148,茎
142,3,食材,215,216,眼
142,4,食材,229,231,悬蹄
142,5,食材,264,265,齿
142,6,食材,276,278,头骨
142,7,食材,286,288,髻毛
142,8,食材,297,298,膏
142,9,食材,303,304,脯
142,10,食材,314,315,溺
142,11,食材,364,365,屎
142,12,食材,398,399,肝
142,13,食材,533,537,豹肉
142,14,食材,570,571,脂
142,15,食材,583,585,齿骨
142,16,食材,595,599,象肉
142,17,食材,593,594,牙
142,18,食味,56,58,辛苦
142,19,食味,150,151,咸
142,20,食味,539,540,酸
142,21,食味,601,602,淡
142,22,食味,318,319,辛
142,23,食性,59,60,冷
142,24,食性,153,154,平
142,25,食性,320,322,微寒
142,26,食性,371,373,微温
142,27,食性,400,402,大毒
142,28,功效,36,41,御风寒诸疾
142,29,功效,61,65,主热下气
142,30,功效,66,68,长筋
142,31,功效,69,72,强腰脊
142,32,功效,73,75,壮健
142,33,功效,77,79,强志
142,34,功效,81,85,轻身不饥
142,35,功效,93,97,主肠中热
142,36,功效,158,164,主伤中绝脉
142,37,功效,165,171,男子阴痿不起
142,38,功效,172,174,坚长
142,39,功效,176,178,益气
142,40,功效,179,182,长肌肉
142,41,功效,184,188,肥健生子
142,42,功效,189,194,小儿惊痫
142,43,功效,217,220,主惊痼
142,44,功效,223,225,腹满
142,45,功效,226,228,疟疾
142,46,功效,232,235,主惊邪
142,47,功效,236,238,瘼疯
142,48,功效,242,244,乳难
142,49,功效,245,247,衄血
142,50,功效,248,251,内漏崩
142,51,功效,252,258,辟恶气鬼毒
142,52,功效,259,263,蛊疰不祥
142,53,功效,266,271,主小儿马痫
142,54,功效,279,285,主令人不睡
142,55,功效,299,302,主生发
142,56,功效,323,326,主消渴
142,57,功效,327,332,破癜坚积聚
142,58,功效,333,339,男子伏梁积疝
142,59,功效,341,345,妇人疲疾
142,60,功效,353,356,治鳖疲
142,61,功效,358,363,洗头疮自秃
142,62,功效,374,379,主妇人崩中
142,63,功效,380,382,止渴
142,64,功效,383,386,吐下血
142,65,功效,387,389,鼻衄
142,66,功效,390,392,金创
142,67,功效,394,396,止血
142,68,功效,615,621,主诸铁及杂物
142,69,病症,307,308,热
142,70,病症,210,211,痢
142,71,病症,292,294,崩中
142,72,脏腑,200,201,肺
142,73,脏腑,204,205,心
142,74,脏腑,418,419,肝
142,75,烹饪方法,122,123,煮
142,76,烹饪方法,128,129,烹
142,77,烹饪方法,106,107,洗
142,78,烹饪方法,273,274,磨
142,79,烹饪方法,348,349,盛
142,80,烹饪方法,579,580,涂
142,81,禁忌,89,92,有小毒
142,82,禁忌,403,409,食而死者多矣
142,83,禁忌,424,430,与苍耳同食
142,84,禁忌,437,442,与生姜同食
142,85,禁忌,450,455,与仓米同食
142,86,养生原则,30,33,久食之
142,87,养生原则,561,565,久服利人
142,88,古籍来源,44,46,孟子
143,1,食材,20,21,蕹
143,2,食材,34,36,荻芹
143,3,食材,43,45,赤芹
143,4,食材,49,51,水芹
143,5,食材,84,86,荞莱
143,6,食材,135,137,茼蒿
143,7,食材,167,168,蕨
143,8,食材,362,363,薇
143,9,食材,369,371,茭白
143,10,食材,440,442,紫菜
143,11,食材,507,510,鹿角莱
143,12,食材,567,568,薹
143,13,食材,585,587,腌莱
143,14,食性,92,94,大寒
143,15,食性,139,140,平
143,16,食性,173,175,寒滑
143,17,食性,376,377,衿
143,18,食性,206,207,寒
143,19,食性,512,514,大寒
143,20,食性,518,520,微毒
143,21,食味,89,91,甘苦
143,22,食味,171,172,甘
143,23,食味,582,583,酸
143,24,功效,8,10,滋人
143,25,功效,24,26,煮食
143,26,功效,26,28,生啖
143,27,功效,95,100,主时行壮热
143,28,功效,101,105,解风热毒
143,29,功效,106,111,止热毒痢
143,30,功效,112,116,开胃通膈
143,31,功效,118,122,治小儿热
143,32,功效,142,144,安气
143,33,功效,145,148,养脾胃
143,34,功效,149,152,消水饮
143,35,功效,176,179,去暴热
143,36,功效,180,183,利水道
143,37,功效,184,187,令人睡
143,38,功效,208,213,补五脏不足
143,39,功效,378,381,去烦热
143,40,功效,385,390,主五脏邪气
143,41,功效,402,404,消渴
143,42,功效,405,408,利小便
143,43,功效,449,453,下热解烦
143,44,功效,454,459,疗瘿瘤结气
143,45,功效,521,525,下热风气
143,46,功效,526,531,疗小儿骨蒸
143,47,功效,532,536,解面热
143,48,病症,78,82,病蛟龙疲
143,49,病症,394,395,热
143,50,病症,156,160,风气薰心
143,51,病症,163,165,气满
143,52,病症,231,233,阳事
143,53,病症,235,237,眼暗
143,54,病症,238,241,鼻中塞
143,55,病症,242,244,发落
143,56,病症,254,256,冷气
143,57,病症,261,263,腹胀
143,58,病症,295,301,心中淡淡成疾
143,59,病症,197,202,脚弱不能行
143,60,病症,214,218,气壅经络
143,61,病症,413,416,下焦冷
143,62,病症,419,421,冷气
143,63,病症,422,425,伤阻道
143,64,病症,468,470,腹痛
143,65,病症,471,476,发气吐自沫
143,66,病症,543,545,痼疾
143,67,病症,547,551,经络血气
143,68,病症,553,556,脚冷痹
143,69,病症,558,560,腰肾
143,70,病症,562,565,少颜色
143,71,脏腑,391,393,肠胃
143,72,脏腑,397,399,心胸
143,73,烹饪方法,341,342,捣
143,74,烹饪方法,343,344,洗
143,75,烹饪方法,433,434,糟
143,76,禁忌,14,18,损齿生黑
143,77,禁忌,72,76,八月勿食
143,78,禁忌,245,248,非良物
143,79,禁忌,323,327,不可生食
143,80,禁忌,352,358,终羸弱不养人
143,81,禁忌,427,432,不可同蜜食
143,82,禁忌,460,464,不可多食
143,83,禁忌,492,494,损人
143,84,禁忌,537,541,不可久食
143,85,养生原则,4,7,和醋食
143,86,古籍来源,264,269,《搜神记》
144,1,食性,5,6,平
144,2,食性,96,97,温
144,3,食味,21,22,甘
144,4,食味,177,178,咸
144,5,功效,11,14,益脾胃
144,6,功效,28,32,益气肥健
144,7,功效,51,54,补五脏
144,8,功效,55,58,益筋骨
144,9,功效,59,62,和脾胃
144,10,功效,109,115,令人肥健悦泽
144,11,功效,182,186,益气强志
144,12,功效,187,190,通月经
144,13,功效,245,247,醒酒
144,14,功效,256,258,祛风
144,15,功效,267,269,补虚
144,16,功效,270,273,益气力
144,17,功效,339,346,主五野鸡痔下血
144,18,功效,360,365,主恶疮癣疥
144,19,功效,394,397,补五脏
144,20,功效,399,404,主蛊气蛊疰
144,21,病症,41,43,痢下
144,22,病症,312,314,瘴疟
144,23,食材,15,18,昌侯鱼
144,24,食材,45,47,鲸鱼
144,25,食材,89,91,嘉鱼
144,26,食材,172,175,鸟贼鱼
144,27,食材,207,210,章举鱼
144,28,食材,232,235,黄颊鱼
144,29,食材,260,263,比目鱼
144,30,食材,281,283,鲺鱼
144,31,食材,303,306,邵阳鱼
144,32,食材,326,328,艄鱼
144,33,食材,351,353,鳢鱼
144,34,食材,386,390,鲨鱼
144,35,食材,406,408,鲛鱼
144,36,古籍来源,148,151,《诗》
144,37,古籍来源,191,195,《素问》
146,1,食味,36,37,甘
146,2,食性,38,39,寒
146,3,功效,59,63,除心烦热
146,4,功效,64,72,令人身体懈堕多睡
146,5,功效,78,81,主寒热
146,6,食材,89,91,苜蓿
146,7,食味,94,95,甘
146,8,食味,96,97,淡
146,9,功效,103,107,利大小肠
146,10,烹饪方法,108,109,煮
146,11,功效,117,119,益人
146,12,食材,121,123,落葵
146,13,食味,126,127,酸
146,14,食性,128,129,寒
146,15,功效,132,135,主滑中
146,16,功效,136,138,散热
146,17,功效,142,147,主悦泽人面
146,18,病症,153,155,犬咬
146,19,食材,166,169,秦荻梨
146,20,食味,172,173,辛
146,21,食性,174,175,温
146,22,功效,179,184,主心腹冷胀
146,23,功效,185,189,下气消食
146,24,功效,200,202,破气
146,25,食材,212,214,甘蓝
146,26,食性,216,217,平
146,27,功效,218,221,补骨髓
146,28,功效,222,228,利脏腑并关节
146,29,功效,229,235,通经络中结气
146,30,功效,317,320,明耳目
146,31,功效,241,245,健人少睡
146,32,功效,246,249,益心力
146,33,功效,250,253,壮筋骨
146,34,病症,255,257,黄毒
146,35,烹饪方法,258,259,煮
146,36,功效,263,269,去心结火气
146,37,食材,271,274,翘摇莱
146,38,食味,206,207,辛
146,39,食性,279,280,平
146,40,功效,283,286,主破血
146,41,功效,287,291,止血生肌
146,42,功效,300,305,主五种黄病
146,43,烹饪方法,306,307,煮
146,44,功效,312,315,和五脏
146,45,功效,236,240,明耳目
146,46,功效,321,324,去热风
146,47,功效,326,330,令人轻健
146,48,食材,355,357,荏莱
146,49,食味,277,278,辛
146,50,食性,363,364,温
146,51,功效,368,371,主调中
146,52,功效,372,375,去臭气
146,53,功效,378,384,主咳逆下气
146,54,功效,385,389,温中补体
146,55,功效,393,395,榨油
146,56,功效,398,402,止渴润肺
146,57,食材,409,412,萝勒菜
146,58,食味,361,362,辛
146,59,食性,417,418,温
146,60,功效,422,426,调中消食
146,61,功效,427,430,去恶气
146,62,功效,431,434,消水气
146,63,禁忌,439,444,多食壅关节
146,64,禁忌,445,448,涩荣卫
146,65,禁忌,449,454,令血脉不行
146,66,禁忌,455,457,动风
146,67,禁忌,459,462,发脚气
146,68,功效,464,469,疗齿根烂疮
146,69,功效,478,481,主目翳
146,70,功效,482,486,风赤眵泪
146,71,功效,489,496,主小儿黄烂疮
146,72,医家,533,535,丹溪
146,73,食材,555,557,白苏
147,1,食性,103,104,寒
147,2,食性,68,69,咸
147,3,食性,101,102,甘
147,4,食性,145,146,平
147,5,食性,405,406,辛
147,6,食味,144,145,咸
147,7,食味,360,361,苦
147,8,功效,8,10,补阴
147,9,功效,18,21,去瘀血
147,10,功效,22,25,续筋骨
147,11,功效,26,30,治劳倦
147,12,功效,51,55,补阴血亏
147,13,功效,56,58,补心
147,14,功效,75,78,主飞尸
147,15,功效,79,81,蛊毒
147,16,功效,82,84,瘴疟
147,17,功效,119,121,止痛
147,18,功效,150,154,主久肺劳
147,19,功效,155,157,传尸
147,20,功效,158,161,杀鬼邪
147,21,功效,162,164,疗嗽
147,22,功效,165,168,下淋
147,23,功效,171,174,通水道
147,24,功效,186,189,主生气
147,25,功效,190,194,妇人劳损
147,26,功效,196,198,血带
147,27,功效,199,203,小儿风疾
147,28,功效,208,210,丹毒
147,29,功效,220,227,主五邪惊啼悲伤
147,30,功效,228,231,疗蚁瘘
147,31,功效,247,250,主目翳
147,32,功效,251,255,鬼疰蛊毒
147,33,功效,256,258,腹痛
147,34,功效,259,261,下血
147,35,功效,264,266,五癃
147,36,功效,267,270,利水道
147,37,功效,271,276,除寒热温疰
147,38,功效,277,279,解肌
147,39,功效,294,296,明目
147,40,功效,296,299,去热毒
147,41,功效,306,308,补虚
147,42,功效,315,318,主少气
147,43,功效,319,324,若足不立地
147,44,功效,344,348,解百药毒
147,45,功效,369,374,主效逆上气
147,46,功效,376,380,喘息烦满
147,47,功效,381,386,胸膈寒热
147,48,功效,387,390,疗阴痿
147,49,功效,412,415,主邪气
147,50,功效,416,420,破癀坚血
147,51,功效,421,425,痈肿阴疮
147,52,食材,32,33,龟
147,53,食材,73,74,肉
147,54,食材,85,86,肪
147,55,食材,87,88,沥
147,56,食材,97,98,蛙
147,57,食材,140,142,蛤蚧
147,58,食材,176,178,水母
147,59,食材,212,214,鲮鱼
147,60,食材,216,217,甲
147,61,食材,235,237,贝子
147,62,食材,301,302,鼋
147,63,食材,313,315,鼍肉
147,64,食材,334,336,玳瑁
147,65,食材,355,357,海蛤
147,66,食材,401,403,虾蟆
147,67,食材,446,450,胡桃肉皮
147,68,食材,456,457,猱
147,69,病症,2,5,热欲死
147,70,病症,109,113,小儿赤气
147,71,病症,114,116,肌疮
147,72,病症,116,118,脐伤
147,73,病症,282,284,结热
147,74,烹饪方法,131,132,腌
147,75,烹饪方法,132,133,炙
147,76,烹饪方法,134,136,酒食
147,77,禁忌,244,246,有毒
147,78,禁忌,147,149,小毒
147,79,禁忌,409,411,有毒
148,1,食材,0,3,决明莱
148,2,功效,4,6,明目
148,3,功效,6,8,清心
148,4,功效,9,13,去头眩风
148,5,食味,15,16,甘
148,6,食性,17,18,温
148,7,食材,32,33,花
148,8,食材,34,35,子
148,9,烹饪方法,36,38,点茶
148,10,烹饪方法,41,44,入蜜煎
148,11,食材,46,48,芎苗
148,12,食味,51,52,辛
148,13,食性,53,54,温
148,14,功效,58,61,主咳逆
148,15,功效,62,65,定惊风
148,16,功效,67,70,辟邪恶
148,17,功效,71,75,除蛊毒
148,18,功效,78,81,去三虫
148,19,功效,84,86,通神
148,20,食材,105,108,禅@莱
148,21,食味,111,112,辛
148,22,食材,131,133,荇莱
148,23,食材,183,186,羊蹄菜
148,24,食味,189,190,苦
148,25,食性,191,192,寒
148,26,功效,196,205,根用醋磨涂癣疥速效
148,27,功效,206,212,治疬疡风
148,28,烹饪方法,241,247,剡根取汁煎服
148,29,食材,278,281,葫翥@
148,30,食味,284,285,辛
148,31,食性,286,287,寒
148,32,功效,318,321,主消渴
148,33,烹饪方法,325,327,捣碎
148,34,烹饪方法,331,332,煮
148,35,烹饪方法,339,341,调和
148,36,烹饪方法,350,352,作酱
148,37,食材,358,360,地蚕
148,38,食材,419,421,假苏
148,39,食味,424,425,辛
148,40,食性,426,427,温
148,41,功效,431,435,主除寒热
148,42,功效,444,449,破结聚气
148,43,功效,450,453,下瘀血
148,44,功效,454,457,除湿痹
148,45,功效,458,461,辟邪气
148,46,功效,462,466,通利血脉
148,47,功效,468,472,传送五脏
148,48,功效,473,477,能发汗
148,49,功效,478,481,动渴消
148,50,功效,482,485,除冷风
148,51,功效,486,491,治头风眩晕
149,1,古籍来源,0,4,政和本草
149,2,古籍来源,131,135,食物本草
149,3,医家,8,11,钱允治
149,4,医家,41,44,谷中虚
149,5,医家,106,108,李杲
149,6,医家,152,155,李肘珍
149,7,医家,159,162,姚可成
149,8,医家,424,426,卢和
149,9,医家,481,484,朱丹溪
149,10,医家,510,512,程充
149,11,古籍来源,499,503,丹溪纂要
149,12,古籍来源,594,598,格致余论
149,13,古籍来源,513,517,丹溪心法
150,1,食材,132,133,蜜
150,2,食材,45,47,鱼肉
150,3,食材,96,97,葱
150,4,食材,140,142,楼葱
150,5,食材,144,147,龙角葱
150,6,食材,153,155,胡葱
150,7,食材,156,158,汉葱
150,8,食材,193,195,蔓菁
150,9,食材,270,272,菘莱
150,10,食材,348,351,紫花菘
150,11,食材,391,394,牛肚菘
150,12,食材,404,406,紫菘
150,13,食材,441,443,芥莱
150,14,食材,502,504,兔肉
150,15,食材,511,513,鲫鱼
150,16,食材,585,587,猪胆
150,17,食性,198,199,温
150,18,食性,200,202,无毒
150,19,食性,275,276,甘
150,20,食性,446,447,辛
150,21,食味,369,370,甘
150,22,归经,454,456,归鼻
150,23,功效,4,8,杀百药毒
150,24,功效,10,14,通大小肠
150,25,功效,15,20,疗霍乱转筋
150,26,功效,39,41,止衄
150,27,功效,50,54,治打扑损
150,28,功效,64,71,主伤寒头痛如破
150,29,功效,79,84,贴蛇虫伤
150,30,功效,89,93,治蚯蚓毒
150,31,功效,203,206,利五脏
150,32,功效,207,211,消食益气
150,33,功效,212,216,令人肥健
150,34,功效,282,285,利肠胃
150,35,功效,286,288,除烦
150,36,功效,289,292,解酒渴
150,37,功效,293,296,去鱼腥
150,38,功效,299,303,消食下气
150,39,功效,304,306,治瘴
150,40,功效,307,310,止热嗽
150,41,功效,352,356,行风气
150,42,功效,357,360,去邪热
150,43,功效,457,460,除肾邪
150,44,功效,461,464,利九窍
150,45,功效,465,469,明耳目
150,46,功效,470,472,安中
150,47,功效,473,476,除邪气
150,48,功效,477,482,止咳嗽冷气
150,49,功效,483,487,去头面风
150,50,功效,521,526,主敷射工
150,51,功效,533,535,发汗
150,52,功效,550,555,治骨节痛
150,53,病症,21,24,奔豚气
150,54,病症,25,27,脚气
150,55,病症,28,31,心腹痛
150,56,病症,32,34,目眩
150,57,病症,35,38,心迷闷
150,58,病症,56,59,刀杖疮
150,59,病症,385,387,足疾
150,60,病症,338,342,皮肤风痒
150,61,病症,120,121,气
150,62,病症,310,313,胸膈闷
150,63,病症,491,493,风气
150,64,病症,496,498,丹石
150,65,病症,507,509,恶疮
150,66,病症,516,518,水肿
150,67,病症,530,532,疝气
150,68,病症,536,540,胸膈痰冷
150,69,病症,541,543,面黄
150,70,病症,576,580,游肿诸毒
150,71,病症,562,563,痰
150,72,脏腑,235,236,心
150,73,烹饪方法,76,78,盐研
150,74,烹饪方法,363,365,糟食
150,75,烹饪方法,545,547,和药
150,76,烹饪方法,547,549,为膏
150,77,烹饪方法,582,584,为末
150,78,烹饪方法,587,590,和如泥
150,79,烹饪方法,591,592,敷
150,80,禁忌,177,182,多食昏人神
150,81,禁忌,332,336,夏至前食
150,82,禁忌,374,378,令病不愈
150,83,养生原则,184,191,只调和食品可也
150,84,养生原则,217,221,可常食
150,85,养生原则,229,232,春食苗
150,86,养生原则,237,240,秋食茎
150,87,养生原则,241,244,冬食根
150,88,养生原则,323,328,姜能制之
150,89,医家,556,558,丹溪
150,90,古籍来源,625,626,茗
151,1,食材,93,94,肉
151,2,食味,54,55,咸
151,3,食性,56,57,平
151,4,功效,63,67,主头风眩
151,5,食材,262,263,肉
151,6,食味,95,96,咸
151,7,食性,97,98,平
151,8,功效,102,104,助气
151,9,功效,104,107,益脾胃
151,10,烹饪方法,114,115,煮
151,11,烹饪方法,115,116,炙
151,12,食材,276,277,肉
151,13,食性,148,149,平
151,14,功效,153,156,主痔瘘
151,15,烹饪方法,157,158,烧
151,16,烹饪方法,160,161,服
151,17,烹饪方法,174,175,烧
151,18,烹饪方法,176,177,内
151,19,食味,202,203,甘
151,20,食性,204,205,温
151,21,功效,206,208,补阳
151,22,功效,208,210,益脾
151,23,食味,232,233,甘
151,24,食性,234,235,平
151,25,功效,250,254,疗刀杖疮
151,26,食材,247,249,绒毛
151,27,功效,270,272,补虚
151,28,功效,286,289,主鼠瘘
151,29,功效,294,301,令人夜中见物
151,30,食味,328,329,咸
151,31,食性,330,331,平
151,32,功效,335,338,主瘦虚
151,33,功效,340,342,益脾
151,34,功效,342,344,补气
151,35,烹饪方法,244,245,炙
151,36,古籍来源,14,17,《诗》
151,37,古籍来源,44,48,《本草》
151,38,古籍来源,182,187,《淮南子》
152,1,食性,266,267,热
152,2,食性,567,569,大热
152,3,食性,529,531,性热
152,4,食味,138,139,辛
152,5,食味,169,170,酸
152,6,功效,296,298,破血
152,7,功效,298,300,杀毒
152,8,功效,301,306,辟山岚寒气
152,9,功效,307,311,疗打扑伤
152,10,功效,457,460,补虚损
152,11,功效,462,465,去劳热
152,12,功效,466,469,长肌肉
152,13,功效,472,475,益颜色
152,14,功效,476,479,肥健人
152,15,功效,480,485,止肝虚且泪
152,16,功效,490,494,清头风
152,17,功效,495,498,明耳目
152,18,功效,499,502,去痿痹
152,19,功效,503,507,开胃健脾
152,20,功效,509,513,暖阴起阳
152,21,功效,514,517,消百病
152,22,功效,523,525,补气
152,23,功效,525,527,调中
152,24,功效,547,551,补五脏
152,25,功效,562,564,大补
152,26,功效,601,606,疗男妇诸风
152,27,功效,608,614,产后一切恶疾
152,28,病症,26,28,头痛
152,29,病症,29,31,口渴
152,30,病症,271,273,脚气
152,31,病症,274,278,肠风下血
152,32,病症,279,281,痔瘘
152,33,病症,282,286,哮喘劾嗽
152,34,病症,424,425,蛊
152,35,病症,576,578,冷病
152,36,病症,625,627,气急
152,37,病症,439,440,虫
152,38,病症,648,650,湿中
152,39,病症,651,653,发热
152,40,病症,656,658,相火
152,41,病症,664,666,肺气
152,42,病症,669,670,火
152,43,病症,287,288,痰
152,44,食疗方,5,10,苏州小瓶酒
152,45,食疗方,32,37,处州金盆露
152,46,食疗方,78,81,东阳酒
152,47,食疗方,261,264,红曲酒
152,48,食疗方,316,320,暹罗酒
152,49,食疗方,453,456,枸杞酒
152,50,食疗方,486,489,菊花酒
152,51,食疗方,518,522,葡萄酒
152,52,食疗方,543,546,桑椹酒
152,53,食疗方,558,561,狗肉酒
152,54,食疗方,585,588,豆淋酒
152,55,烹饪方法,592,593,炒
152,56,烹饪方法,322,323,烧
152,57,烹饪方法,351,352,薰
152,58,烹饪方法,598,599,淋
152,59,禁忌,615,622,酒不可与乳同饮
152,60,禁忌,628,634,白酒同牛肉食
152,61,禁忌,635,640,腹内生虫
152,62,养生原则,683,688,醇酒宜冷饮
152,63,养生原则,689,697,先得温中之寒以润
152,64,医家,641,643,丹溪
152,65,古籍来源,105,109,事林广记
153,1,食材,2,4,榫柿
153,2,食材,8,10,绿柿
153,3,食性,17,18,令
153,4,食性,23,24,热
153,5,功效,25,30,压丹石药
153,6,功效,31,33,利水
153,7,功效,34,37,解酒毒
153,8,禁忌,38,44,久食令人寒中
153,9,医家,45,47,丹溪
153,10,功效,67,69,止血
153,11,功效,69,71,治嗽
153,12,病症,81,83,腹痛
153,13,病症,83,85,大泻
153,14,食材,87,88,桃
153,15,食味,91,92,甘
153,16,食味,92,93,酸
153,17,食性,94,95,热
153,18,功效,99,101,益色
153,19,功效,101,103,辟邪
153,20,功效,104,108,发丹石毒
153,21,禁忌,109,116,多食令人有热
153,22,禁忌,117,122,服术人忌食
153,23,食材,127,128,鳖
153,24,病症,137,139,淋病
153,25,食材,146,147,仁
153,26,食味,149,150,苦
153,27,食味,150,151,甘
153,28,食性,153,154,平
153,29,归经,171,176,手足厥阴经
153,30,功效,177,180,主瘀血
153,31,功效,180,182,血闭
153,32,功效,183,185,血结
153,33,功效,185,187,血燥
153,34,功效,188,190,癜疲
153,35,功效,190,192,邪气
153,36,功效,193,196,杀小虫
153,37,功效,197,202,通润大便
153,38,功效,203,208,除卒暴击血
153,39,功效,209,212,通月水
153,40,功效,214,216,止痛
153,41,功效,217,222,苦以破滞血
153,42,功效,223,229,甘以生新血
153,43,食材,230,231,花
153,44,食味,156,157,苦
153,45,功效,235,239,杀疰恶鬼
153,46,功效,240,245,令人好颜色
153,47,功效,246,249,除水肿
153,48,功效,249,251,石淋
153,49,功效,252,257,利大小便
153,50,功效,258,261,杀三虫
153,51,功效,266,269,除百病
153,52,食材,270,272,桃枭
153,53,功效,292,297,杀百鬼精物
153,54,功效,298,302,五毒不祥
153,55,功效,303,308,疗中恶腹痛
153,56,功效,309,311,破血
153,57,食材,339,341,桃虫
153,58,功效,343,349,杀鬼邪恶不祥
153,59,食材,350,351,叶
153,60,食味,233,234,苦
153,61,功效,355,359,主除尸虫
153,62,功效,360,364,出疮中虫
153,63,食材,365,367,桃胶
153,64,功效,368,372,下石淋
153,65,功效,373,375,破血
153,66,功效,379,383,保中不饥
153,67,功效,384,386,轻身
153,68,功效,388,391,忍风寒
153,69,食材,392,393,茎
153,70,食材,394,395,皮
153,71,食味,353,354,苦
153,72,食味,399,400,辛
153,73,功效,402,405,除邪鬼
153,74,功效,405,409,中恶腹痛
153,75,功效,410,414,去胃中热
153,76,食材,447,448,杏
153,77,食味,159,160,甘
153,78,食味,452,453,酸
153,79,食性,454,455,热
153,80,禁忌,459,464,多食伤筋骨
153,81,禁忌,465,467,伤神
153,82,禁忌,468,470,盲目
153,83,禁忌,471,478,小儿尤不可食
153,84,禁忌,479,482,致疡痈
153,85,禁忌,483,486,上膈热
153,86,食材,487,488,仁
153,87,食味,433,434,甘
153,88,食味,398,399,苦
153,89,食性,494,495,温
153,90,归经,502,506,手太阴经
153,91,功效,507,510,主咳逆
153,92,功效,511,513,上气
153,93,功效,513,515,雷鸣
153,94,功效,516,518,喉痹
153,95,功效,519,521,下气
153,96,功效,521,523,定喘
153,97,功效,524,527,润心肺
153,98,功效,528,534,散肺经风寒
153,99,功效,534,536,咳嗽
153,100,功效,539,545,消心下急满痛
153,101,功效,546,548,散结
153,102,功效,548,550,润燥
153,103,功效,551,553,产乳
153,104,功效,553,555,金疮
153,105,功效,556,558,寒心
153,106,功效,558,561,奔豚
153,107,医家,564,566,丹溪
153,108,食性,571,572,热
153,109,医家,579,581,东垣
153,110,食材,616,617,花
153,111,食味,491,492,苦
153,112,功效,623,626,补不足
153,113,功效,627,631,女子伤中
153,114,功效,632,635,寒热痹
153,115,功效,638,640,厥逆
153,116,食材,642,644,石榴
153,117,食味,647,648,酸
153,118,食性,166,168,无毒
153,119,功效,652,657,主疗咽燥渴
153,120,禁忌,658,663,多食损人肺
153,121,禁忌,664,667,齿令黑
153,122,食材,668,669,榫
153,123,食材,697,698,漆
154,1,食材,0,1,饭
154,2,食材,2,3,蕹
154,3,食材,14,16,甜瓜
154,4,食性,18,19,寒
154,5,食性,20,22,无毒
154,6,功效,25,27,止渴
154,7,功效,27,30,除烦热
154,8,功效,31,34,利小便
154,9,功效,35,42,通三焦壅塞气
154,10,功效,46,50,不中暑气
154,11,功效,52,56,主口鼻疮
154,12,禁忌,57,66,多食令阴下湿痒生疮
154,13,禁忌,67,72,动宿冷病
154,14,禁忌,73,76,并虚热
154,15,禁忌,78,82,手脚无力
154,16,禁忌,83,89,破腹落水沉者
154,17,禁忌,90,95,双顶双蒂者
154,18,禁忌,96,100,皆有毒
154,19,禁忌,101,105,切不可食
154,20,食材,106,108,瓜蒂
154,21,功效,109,116,主身面四肢浮肿
154,22,功效,117,119,下水
154,23,功效,120,123,杀蛊毒
154,24,功效,124,129,咳逆上气
154,25,功效,130,134,风痫喉风
154,26,功效,135,139,痰涎暴塞
154,27,功效,140,148,食诸果病在胸腹中
154,28,功效,150,153,吐下之
154,29,功效,155,160,去鼻中息肉
154,30,功效,161,164,疗黄疸
154,31,功效,165,168,暴急黄
154,32,食材,169,170,花
154,33,功效,171,174,主心痛
154,34,功效,174,176,咳逆
154,35,食材,178,180,黄瓜
154,36,食味,183,184,甘
154,37,食性,185,186,寒
154,38,食性,187,189,有毒
154,39,禁忌,190,194,不可多食
154,40,禁忌,195,198,动蹇热
154,41,禁忌,199,202,多疟疾
154,42,禁忌,203,207,发百病
154,43,禁忌,209,212,积瘀热
154,44,禁忌,213,216,发疰气
154,45,禁忌,217,223,令人虚热上逆
154,46,禁忌,226,231,发脚气疮疥
154,47,禁忌,232,235,不益人
154,48,禁忌,237,241,小儿尤忌
154,49,禁忌,242,247,滑中生疳虫
154,50,禁忌,248,254,不可与醋同食
154,51,食材,256,258,丝瓜
154,52,食材,325,327,瓠子
154,53,食性,329,330,苦
154,54,食性,332,336,气寒有毒
154,55,功效,337,340,主大水
154,56,功效,341,347,面目四肢浮肿
154,57,功效,348,350,下水
154,58,功效,351,354,令人吐
154,59,食性,355,357,甜者
154,60,食性,358,362,性冷无毒
154,61,食性,366,368,微毒
154,62,功效,369,373,除烦止渴
154,63,功效,374,377,治心热
154,64,功效,379,382,利水道
154,65,功效,383,386,调心肺
154,66,功效,387,390,治石淋
154,67,功效,393,396,吐蛔虫
154,68,功效,397,400,压丹石
154,69,禁忌,402,407,患脚气虚胀
154,70,禁忌,409,416,冷气人食之病增
154,71,食材,436,438,葫芦
154,72,食材,459,460,莼
154,73,食味,464,465,甘
154,74,食性,466,467,寒
154,75,食性,468,470,无毒
154,76,功效,471,476,主消渴热脾
154,77,食材,478,480,鲫鱼
154,78,烹饪方法,480,482,作羹
154,79,功效,487,489,下水
154,80,功效,490,493,利小便
154,81,功效,494,498,解百药毒
154,82,功效,499,501,蛊气
154,83,功效,502,506,下气止呕
154,84,禁忌,515,519,多食发痔
154,85,禁忌,520,527,损胃及齿发面色
154,86,食材,539,541,米粉
154,87,食材,542,544,面粉
154,88,食材,546,547,盐
154,89,食材,550,552,佐料
154,90,食材,557,558,莱
154,91,烹饪方法,552,554,拌制
154,92,烹饪方法,554,556,切碎
154,93,烹饪方法,560,563,贮存
154,94,食材,294,295,姜
154,95,食材,295,296,醋
154,96,烹饪方法,291,293,煮熟
154,97,烹饪方法,305,307,炒食
154,98,食材,299,300,鸡
154,99,食材,301,302,鸭
154,100,食材,303,305,猪肉
155,1,食材,11,13,白狗
155,2,食材,29,31,黄狗
155,3,食材,112,114,犬肉
155,4,食材,134,137,山狗獾
155,5,食材,182,185,猪肉
155,6,食材,259,261,豚卵
155,7,食材,298,300,悬蹄
155,8,食材,336,337,心
155,9,食材,368,369,肚
155,10,食材,410,411,肺
155,11,食材,434,435,肝
155,12,食材,458,459,肾
155,13,食材,494,495,脾
155,14,食材,502,503,舌
155,15,食材,518,519,头
155,16,食材,537,538,脑
155,17,食材,551,553,脂膏
155,18,食材,158,159,皮
155,19,食材,638,640,肠脏
155,20,食性,189,191,微寒
155,21,食性,265,266,温
155,22,食性,370,372,微温
155,23,食味,187,188,苦
155,24,食味,155,156,甘
155,25,食味,263,264,甘
155,26,功效,2,10,除女子带下十二疾
155,27,功效,31,33,大补
155,28,功效,115,117,补阳
155,29,功效,192,196,主闭血脉
155,30,功效,198,201,弱筋骨
155,31,功效,273,278,主惊痫癫病
155,32,功效,284,287,除寒热
155,33,功效,288,292,奔豚五癃
155,34,功效,293,297,邪气挛缩
155,35,功效,301,304,主五痔
155,36,功效,305,309,伏热在肠
155,37,功效,310,314,肠痈内蚀
155,38,功效,318,321,主伤挞
155,39,功效,324,327,诸败疮
155,40,功效,332,335,下乳汁
155,41,功效,338,343,主惊邪忧恚
155,42,功效,346,349,血不足
155,43,功效,350,353,补虚劳
155,44,功效,373,377,补中益气
155,45,功效,379,382,止渴利
155,46,功效,384,389,主骨蒸热劳
155,47,功效,390,394,杀劳虫
155,48,功效,395,397,补羸
155,49,功效,398,401,助血脉
155,50,功效,402,404,止痢
155,51,功效,416,418,补肺
155,52,功效,438,441,主脚气
155,53,功效,442,446,冷泄赤白
155,54,功效,448,450,藏虚
155,55,功效,462,466,和理肾气
155,56,功效,467,471,通利膀胱
155,57,功效,477,480,消积滞
155,58,功效,496,501,主脾胃虚热
155,59,功效,505,507,健脾
155,60,功效,509,512,补不足
155,61,功效,513,517,令人能食
155,62,功效,520,523,补虚乏
155,63,功效,524,529,去惊痫五痔
155,64,功效,547,550,主生发
155,65,功效,554,557,主恶疮
155,66,功效,558,561,利血脉
155,67,功效,563,566,解风热
155,68,功效,567,571,皮肤风热
155,69,功效,574,577,解斑蝥
155,70,功效,578,581,芫菁毒
155,71,功效,585,587,杀虫
155,72,功效,612,617,解少阴客热
155,73,功效,623,627,润燥除烦
155,74,功效,633,637,益气断痢
155,75,功效,641,645,主下焦虚
155,76,病症,71,73,消渴
155,77,病症,53,57,阴虚发热
155,78,病症,60,62,妊娠
155,79,病症,225,227,疟病
155,80,病症,227,229,金疮
155,81,病症,252,254,热风
155,82,病症,279,283,鬼疰蛊毒
155,83,病症,491,493,虚拥
155,84,脏腑,610,611,肾
155,85,脏腑,357,358,心
155,86,脏腑,572,573,肝
155,87,禁忌,44,51,犬欲癫者不可食
155,88,禁忌,65,69,不可炙食
155,89,禁忌,75,81,不可与蒜同食
155,90,禁忌,82,85,顿损人
155,91,禁忌,232,240,不可同牛肉煮食
155,92,禁忌,241,245,生寸自虫
155,93,禁忌,246,250,同荞麦食
155,94,禁忌,255,258,脱须眉
155,95,禁忌,360,367,不可同茱萸食
155,96,禁忌,419,426,不可同白花莱食
155,97,禁忌,427,430,令滞气
155,98,禁忌,431,433,发霍
155,99,禁忌,451,457,不可同鱼子食
155,100,禁忌,481,485,冬不可食
155,101,禁忌,486,489,损真气
155,102,禁忌,539,542,不可食
155,103,禁忌,588,593,忌食鸟梅
155,104,养生原则,104,111,人之虚多是阴虚
155,105,养生原则,405,409,四季宜食
156,1,功效,0,4,平利五脏
156,2,功效,5,9,宣肠胃气
156,3,功效,10,13,排毒气
156,4,功效,20,23,主血衄
156,5,禁忌,24,29,不可多食
156,6,食材,115,117,桑耳
156,7,食味,119,120,甘
156,8,功效,127,134,主女子赤白带下
156,9,功效,135,137,癜癜
156,10,功效,138,140,阴痛
156,11,功效,141,146,阴阳寒热
156,12,功效,147,149,无子
156,13,功效,150,154,月水不调
156,14,功效,161,163,止泄
156,15,功效,164,166,益气
156,16,功效,173,178,治癖饮积聚
156,17,食性,182,183,寒
156,18,功效,187,190,主消渴
156,19,食味,194,196,甘辛
156,20,食性,201,202,温
156,21,功效,206,211,止肠风泻血
156,22,功效,212,217,妇人心腹痛
156,23,功效,218,221,治五痔
156,24,食材,222,226,柘木上者
156,25,功效,234,239,主五痔心痛
156,26,功效,240,246,女子阴中疮痛
156,27,功效,249,253,治风破血
156,28,功效,254,256,益力
156,29,食材,258,260,楮耳
156,30,食材,267,270,榆柳耳
156,31,食材,306,308,蒌蒿
156,32,食味,311,313,甘辛
156,33,食材,368,370,苦莱
156,34,食味,373,374,苦
156,35,功效,380,385,主五脏邪气
156,36,功效,386,390,压谷胃痹
156,37,功效,391,393,肠癖
156,38,功效,395,399,渴热中疾
156,39,功效,400,402,恶疮
156,40,功效,405,409,安心益气
156,41,功效,410,414,聪察少卧
156,42,功效,415,419,轻身耐老
156,43,食材,484,486,马兰
156,44,食味,489,490,辛
156,45,食性,491,492,温
156,46,功效,502,506,根治呕血
156,47,食材,515,517,蘩蒌
156,48,食味,519,520,酸
156,49,食性,522,523,平
156,50,功效,527,534,主积年恶疮不愈
156,51,功效,542,544,破血
156,52,功效,545,550,宜产妇口齿
156,53,功效,562,564,治淋
156,54,食材,606,609,鸡肠草
157,1,食材,5,6,鸡
157,2,食材,52,53,鹜
157,3,食材,138,140,鸭肪
157,4,食材,89,91,野鸭
157,5,食材,212,214,刀鸭
157,6,食材,262,264,油鸭
157,7,食材,272,273,鸠
157,8,食材,340,343,黄褐侯
157,9,食材,393,395,鹁鸽
157,10,食材,465,466,雁
157,11,食材,516,517,鸨
157,12,食材,529,531,鹌鹑
157,13,食材,562,564,小豆
157,14,食材,566,568,生姜
157,15,食材,577,578,酥
157,16,食性,166,167,凉
157,17,食性,279,280,平
157,18,食味,58,59,甘
157,19,食味,220,221,重
157,20,功效,30,31,补
157,21,功效,33,38,助湿中之火
157,22,功效,63,68,主风虚寒热
157,23,功效,140,144,主水肿
157,24,功效,171,175,补中益气
157,25,功效,176,178,助力
157,26,功效,179,183,大益病人
157,27,功效,184,186,消食
157,28,功效,187,193,杀十二种虫
157,29,功效,204,205,差
157,30,功效,225,228,补人虚
157,31,功效,284,287,主明目
157,32,功效,288,290,补气
157,33,功效,292,295,助阴阳
157,34,功效,348,353,主蚁瘘恶疮
157,35,功效,354,357,安五脏
157,36,功效,358,362,助气虚损
157,37,功效,363,366,排脓血
157,38,功效,368,372,一切痈疖
157,39,功效,403,407,调精益气
157,40,功效,408,413,解一切药毒
157,41,功效,414,418,食之益人
157,42,功效,427,430,减药力
157,43,功效,431,433,无效
157,44,功效,435,440,治恶疮疥癣
157,45,功效,442,446,风瘙白癞
157,46,功效,447,451,疬疡风
157,47,功效,477,481,主风挛拘
157,48,功效,482,484,偏枯
157,49,功效,485,489,气不通利
157,50,功效,490,495,久服益气
157,51,功效,497,499,不饥
157,52,功效,500,504,轻身耐老
157,53,功效,538,541,补五脏
157,54,功效,542,544,益中
157,55,功效,545,547,续气
157,56,功效,548,551,实筋骨
157,57,功效,552,555,耐寒温
157,58,功效,558,561,消结热
157,59,功效,573,576,止泄痢
157,60,功效,579,584,令人下焦肥
157,61,病症,197,200,小热疮
157,62,烹饪方法,376,377,炙
157,63,烹饪方法,452,453,炒
157,64,烹饪方法,568,569,煮
157,65,烹饪方法,578,579,煎
157,66,禁忌,505,509,六月勿食
157,67,禁忌,510,513,伤神气
157,68,古籍来源,0,4,《衍义》
157,69,古籍来源,72,75,《礼》
157,70,古籍来源,128,134,唐本《别录》
157,71,古籍来源,323,326,《诗》
158,1,食材,0,2,乳腐
158,2,食材,31,33,牛乳
158,3,食材,34,36,羊乳
158,4,食材,37,39,马乳
158,5,食材,68,70,驴乳
158,6,食材,88,90,人乳
158,7,食材,144,146,辣莱
158,8,食材,133,134,子
158,9,功效,3,6,润五脏
158,10,功效,7,11,利大小便
158,11,功效,12,17,益十二经脉
158,12,食性,154,155,热
158,13,食味,149,151,辛辣
158,14,食味,189,190,甘
158,15,食味,191,192,温
158,16,功效,194,197,愈百病
158,17,功效,205,209,调和饮食
158,18,功效,301,304,益五脏
158,19,病症,20,21,气
158,20,病症,162,163,脾
158,21,病症,166,168,五痔
158,22,病症,168,170,痈疡
158,23,病症,172,175,昏耳目
158,24,病症,177,179,浮肿
158,25,病症,180,182,虚恚
158,26,脏腑,314,315,脾
158,27,脏腑,328,329,心
158,28,脏腑,342,343,肾
158,29,脏腑,356,357,肝
158,30,脏腑,373,374,肺
158,31,古籍来源,218,220,素问
158,32,养生原则,431,435,饮食无节
158,33,养生原则,513,515,寡欲
158,34,禁忌,315,321,过食甘则脾伤
158,35,禁忌,330,336,过食苦则心伤
158,36,禁忌,344,350,过食咸则肾伤
158,37,禁忌,361,367,过食酸则肝伤
158,38,禁忌,376,382,过食辛则肺伤
158,39,禁忌,417,421,厚味发热
158,40,禁忌,425,430,纵口腹之欲
160,1,食材,15,20,野猪肉
160,2,食味,22,23,甘
160,3,功效,24,27,补肌肤
160,4,功效,28,32,令人肥腻
160,5,功效,34,37,补五脏
160,6,功效,38,44,止肠风下血
160,7,病症,46,49,癫痫病
160,8,功效,51,54,发风气
160,9,食材,68,70,雌者
160,10,食材,74,77,青蹄者
160,11,食材,80,82,肪膏
160,12,烹饪方法,83,85,酒浸
160,13,功效,88,93,令妇人多乳
160,14,食材,119,120,胆
160,15,食味,126,127,辛
160,16,食味,128,129,甘
160,17,食性,131,132,平
160,18,功效,136,139,主金疮
160,19,功效,140,142,止血
160,20,功效,142,144,生肌
160,21,病症,148,150,癫痫
160,22,病症,151,153,鬼疰
160,23,食材,181,182,麂
160,24,食味,185,186,甘
160,25,食性,187,188,平
160,26,功效,192,196,主五痔病
160,27,烹饪方法,201,203,姜醋
160,28,功效,213,218,多食动痼疾
160,29,食性,222,223,凉
160,30,功效,224,226,有毒
160,31,功效,227,230,能堕胎
160,32,功效,233,236,发疥疮
160,33,食材,238,239,廪
160,34,食材,260,264,獐肉
160,35,食味,575,576,甘
160,36,食性,268,269,温
160,37,功效,273,277,补益五脏
160,38,功效,289,291,甚美
160,39,功效,296,298,动气
160,40,病症,300,303,瘦悲疮
160,41,功效,306,309,发痼疾
160,42,功效,319,322,减其性
160,43,功效,328,330,愈怯
160,44,食材,332,333,鸽
160,45,功效,336,339,成癜髓
160,46,功效,340,343,益气力
160,47,功效,344,349,悦泽人面
160,48,食材,350,354,脐下麝香
160,49,食味,356,357,辛
160,50,食性,359,360,温
160,51,功效,364,368,主辟恶气
160,52,功效,369,373,杀鬼精物
160,53,病症,375,377,瘟疟
160,54,病症,378,380,蛊毒
160,55,病症,381,383,痫瘗
160,56,功效,385,388,去三虫
160,57,功效,389,395,疗诸凶邪鬼气
160,58,病症,396,398,中恶
160,59,病症,399,404,心腹暴痛
160,60,病症,404,408,胀急痞满
160,61,病症,409,411,风毒
160,62,病症,412,416,妇人产难
160,63,功效,417,419,堕胎
160,64,病症,421,423,蛇毒
160,65,功效,430,434,益气补中
160,66,功效,435,438,治腰脚
160,67,功效,442,448,微补五脏不足
160,68,功效,452,457,令人弱房事
160,69,病症,459,461,脚气
160,70,功效,467,469,令痿
160,71,食材,539,540,脂
160,72,食味,483,484,辛
160,73,食性,484,485,温
160,74,功效,544,549,主疮肿死肌
160,75,病症,551,555,寒风湿痹
160,76,病症,556,562,四肢拘缓不收
160,77,病症,563,567,风头肿气
160,78,功效,568,571,通腠理
160,79,食材,572,573,角
160,80,功效,577,579,主脾
160,81,功效,581,583,止血
160,82,功效,584,587,补虚劳
160,83,功效,588,591,益气力
160,84,功效,593,596,填骨髓
160,85,功效,597,600,暖腰膝
160,86,功效,601,604,壮阳道
160,87,食材,605,606,茸
160,88,功效,607,609,尤良
160,89,古籍来源,611,615,《月令》
160,90,食材,474,475,鹿
161,1,食材,103,105,木瓜
161,2,食味,31,32,酸
161,3,食性,34,36,无毒
161,4,功效,37,42,主湿痹邪气
161,5,功效,43,46,大吐下
161,6,病症,47,49,霍乱
161,7,病症,49,53,转筋不止
161,8,病症,57,59,脚气
161,9,病症,61,65,腿膝疼痛
161,10,功效,68,70,止渴
161,11,功效,70,72,消肿
161,12,功效,138,141,调荣卫
161,13,功效,142,145,助谷气
161,14,食材,90,92,蔓子
161,15,食材,93,96,土伏子
161,16,食味,183,184,咸
161,17,功效,185,188,伤人气
161,18,食材,265,269,黄牛乳汁
161,19,食材,296,300,桃子
161,20,食味,302,303,甘
161,21,食味,134,135,酸
161,22,食性,306,309,有小毒
161,23,功效,310,313,除鬼祟
161,24,功效,314,317,益颜色
161,25,功效,320,322,生热
161,26,食材,4,5,花
161,27,食味,226,227,苦
161,28,食性,331,332,平
161,29,食性,333,335,无毒
161,30,功效,336,339,杀鬼邪
161,31,功效,340,343,治石淋
161,32,功效,344,348,利大小便
161,33,功效,350,354,下三尸虫
161,34,功效,355,359,悦人容面
161,35,功效,360,363,好颜色
161,36,食材,365,366,仁
161,37,食味,329,330,苦
161,38,食味,372,373,甘
161,39,食性,374,375,平
161,40,食性,376,378,无毒
161,41,功效,379,382,破血瘸
161,42,功效,383,385,血疲
161,43,功效,386,389,化瘀血
161,44,功效,391,394,通经水
161,45,功效,395,398,止腹痛
161,46,古籍来源,424,431,雷公炮制药性解
162,1,古籍来源,1,4,灵苑方
162,2,病症,14,16,血痢
162,3,病症,51,55,脐腹疼痛
162,4,病症,56,60,小便不利
162,5,病症,95,99,无名肿毒
162,6,病症,100,102,火丹
162,7,病症,102,104,恶疮
162,8,病症,203,207,骨蒸劳热
162,9,病症,291,293,吹乳
162,10,食材,22,23,蜜
162,11,食材,18,19,汁
162,12,食材,182,183,巴
162,13,食材,184,187,鹿角莱
162,14,食材,244,247,芸苔莱
162,15,食性,145,146,平
162,16,食性,188,190,大寒
162,17,食性,32,33,温
162,18,食味,143,144,甘
162,19,食味,249,250,辛
162,20,功效,150,153,养精神
162,21,功效,154,157,益气血
162,22,功效,158,161,利口齿
162,23,功效,163,168,令人肥健
162,24,功效,169,171,嗜食
162,25,功效,194,199,散风热邪气
162,26,功效,256,261,散游风丹毒
162,27,功效,262,265,消乳痈
162,28,功效,266,269,破血癜
162,29,功效,270,276,下产后瘀血
162,30,禁忌,212,218,大人不可久食
162,31,禁忌,219,223,有损腰肾
162,32,禁忌,225,228,少颜色
162,33,禁忌,238,241,下石力
162,34,烹饪方法,61,63,捣汁
162,35,烹饪方法,67,68,煎
162,36,烹饪方法,108,109,傅
162,37,古籍来源,38,41,产宝方
162,38,古籍来源,82,85,广利方
162,39,古籍来源,279,283,野人闲话
162,40,医家,116,118,雷公
162,41,医家,329,331,沈括
162,42,医家,392,394,景焕
163,1,食材,10,13,鹿肉
163,2,食材,173,175,鹿角
163,3,食材,244,247,獐肉
163,4,食性,17,18,温
163,5,食性,40,41,平
163,6,食性,38,39,甘
163,7,食性,67,68,酸
163,8,食性,119,120,咸
163,9,食味,65,66,甘
163,10,食味,96,97,酸
163,11,食味,269,270,咸
163,12,功效,22,24,补中
163,13,功效,25,28,强五脏
163,14,功效,29,32,益气力
163,15,功效,42,44,补阴
163,16,功效,46,49,益荣气
163,17,功效,55,58,补腰肾
163,18,功效,71,76,主漏下恶血
163,19,功效,77,82,疗虚劳羸瘦
163,20,功效,124,127,补腰脊
163,21,功效,130,135,续筋胥损伤
163,22,功效,136,139,消恶毒
163,23,功效,153,160,治妇人吹乳妒乳
163,24,功效,162,165,结瘙疼
163,25,功效,166,169,欲成脓
163,26,功效,187,191,治鱼骨鲠
163,27,功效,212,222,治竹木刺入皮肉中不出
163,28,病症,83,88,骨中寒热
163,29,病症,89,93,洒洒如疟
163,30,病症,99,103,腰脊疼痛
163,31,病症,104,108,遗精溺血
163,32,病症,113,115,石淋
163,33,病症,300,302,痈肿
163,34,病症,320,325,恶疮痈肿
163,35,病症,370,375,乳汁不得泄
163,36,脏腑,260,262,五脏
163,37,脏腑,201,202,下
163,38,食疗方,193,197,鹿角剡屑
163,39,食疗方,223,227,烧鹿角末
163,40,烹饪方法,175,176,磨
163,41,烹饪方法,228,230,水调
163,42,烹饪方法,178,179,敷
163,43,烹饪方法,279,281,酿酒
163,44,古籍来源,146,149,千金方
163,45,古籍来源,182,184,秘方
163,46,古籍来源,205,208,鲁般方
163,47,古籍来源,304,308,证类本草
163,48,古籍来源,357,363,肘后备急方
163,49,古籍来源,378,380,内经
164,1,食材,0,1,雀
164,2,食性,3,4,温
164,3,功效,10,17,治男子阴痿不起
164,4,功效,18,22,益精有子
164,5,食材,23,24,卵
164,6,食材,28,29,粪
164,7,食材,34,37,白丁香
164,8,功效,38,45,去面上雀斑酒刺
164,9,功效,46,53,治目中瘀肉赤筋
164,10,食材,61,66,头生男子乳
164,11,食材,73,74,雉
164,12,食材,76,77,鸡
164,13,食性,79,80,酸
164,14,食性,81,83,微寒
164,15,功效,88,92,补中益气
164,16,功效,93,98,治痰气上喘
164,17,功效,99,103,发五痔
164,18,功效,104,106,疮疥
164,19,食材,110,114,鸳鸯
164,20,食性,116,117,咸
164,21,食性,118,119,平
164,22,功效,124,127,主痔瘘
164,23,功效,128,130,疥癣
164,24,烹饪方法,132,136,酒浸炙食
164,25,烹饪方法,137,140,热傅
164,26,功效,143,147,令更易之
164,27,医家,149,152,陶隐君
164,28,功效,179,187,食之令人容颜常美
164,29,食材,189,190,雁
164,30,食性,192,193,甘
164,31,食性,194,195,平
164,32,功效,199,205,主风拘急偏枯
164,33,功效,206,210,气不通利
164,34,功效,211,217,久食益气力
164,35,功效,218,223,长须眉毛发
164,36,功效,224,228,轻身耐老
164,37,功效,229,234,杀诸石药毒
164,38,食材,236,237,鸭
164,39,食性,239,240,甘
164,40,食性,241,243,微凉
164,41,功效,247,252,疗风虚寒热
164,42,功效,254,257,和脏腑
164,43,功效,258,261,利水道
164,44,古籍来源,294,298,证类本草
164,45,古籍来源,304,309,食疗本草
165,1,食材,50,52,菱角
165,2,食味,6,7,甘
165,3,食性,8,9,寒
165,4,病症,27,30,脾胃
165,5,病症,32,34,痼疾
165,6,病症,36,38,阳事
165,7,病症,55,60,腹胀满而痛
165,8,食材,64,65,姜
165,9,食材,76,77,荠
165,10,食味,79,80,甘
165,11,食性,81,83,微寒
165,12,食材,90,92,鸟芋
165,13,食材,96,98,凫茨
165,14,食材,121,124,猪薪脐
165,15,食材,139,142,羊薪脐
165,16,病症,154,156,病者
165,17,病症,157,159,孕妇
165,18,功效,175,178,消风毒
165,19,功效,179,182,泻胃热
165,20,病症,184,186,黄疽
165,21,病症,188,190,五麻
165,22,食材,264,266,莲子
165,23,食味,198,199,甘
165,24,食性,200,201,平
165,25,功效,202,205,助心气
165,26,功效,206,209,止烦渴
165,27,功效,210,212,洽痢
165,28,功效,213,219,补十二经气血
165,29,功效,221,224,理腰疼
165,30,病症,225,229,泄精自浊
165,31,病症,245,247,霍乱
165,32,食材,326,328,荷叶
165,33,功效,293,296,除烦闷
165,34,功效,297,300,止焦渴
165,35,功效,301,304,治呕血
165,36,功效,305,307,吐血
165,37,功效,308,311,杀蕈毒
165,38,食材,353,355,荸荞
165,39,食材,358,360,凫茨
165,40,食材,363,365,地栗
165,41,食材,366,368,地梨
165,42,食材,369,371,马蹄
165,43,古籍来源,41,44,仙家方
165,44,古籍来源,167,170,日华子
165,45,古籍来源,230,233,孙真人
165,46,古籍来源,250,253,得效方
165,47,古籍来源,314,317,验应方
166,1,古籍来源,0,6,《百一选方》
166,2,病症,15,17,霍乱
166,3,病症,17,21,吐泻不止
166,4,食材,36,39,广陈皮
166,5,食材,43,46,真藿香
166,6,烹饪方法,55,56,煎
166,7,古籍来源,67,72,《活人方》
166,8,病症,80,82,伤寒
166,9,病症,85,87,杂病
166,10,病症,89,91,呕哕
166,11,病症,92,97,手足逆冷
166,12,食材,99,101,橘红
166,13,食材,104,106,生姜
166,14,烹饪方法,112,113,煎
166,15,古籍来源,127,130,张氏方
166,16,病症,135,137,吹乳
166,17,病症,138,142,结核肿痛
166,18,食材,148,151,广陈皮
166,19,烹饪方法,160,161,炒
166,20,烹饪方法,173,174,研
166,21,食材,168,170,麝香
166,22,病症,197,201,小肠疝气
166,23,病症,201,203,偏坠
166,24,病症,211,213,腰疼
166,25,烹饪方法,214,215,炒
166,26,食材,238,244,橙子瓤
166,27,食味,248,249,酸
166,28,功效,250,253,止恶心
166,29,食味,264,265,辛
166,30,食味,266,267,甘
166,31,食性,268,269,平
166,32,功效,273,279,散肠胃中恶气
166,33,功效,280,282,顺气
166,34,功效,287,293,除胃中浮风气
166,35,功效,294,296,消食
166,36,食材,316,317,梨
166,37,食味,319,320,甘
166,38,食味,321,322,酸
166,39,食性,323,324,平
166,40,功效,338,340,解热
166,41,功效,340,343,止渴
166,42,功效,344,348,利大小肠
166,43,功效,349,352,治火嗽
166,44,禁忌,355,360,多食发金疮
166,45,禁忌,361,364,成衿痢
166,46,禁忌,365,373,产妇乳母忌食之
166,47,古籍来源,384,392,《是斋百-选方》
166,48,医家,400,402,王璎
167,1,食材,7,11,鲈鱼
167,2,食味,13,14,甘
167,3,食性,15,16,平
167,4,功效,17,20,补五脏
167,5,功效,21,24,益筋骨
167,6,功效,27,30,和肠胃
167,7,功效,31,34,下水气
167,8,病症,72,74,痃癖
167,9,病症,76,78,疮肿
167,10,功效,94,98,作鲱尤良
167,11,食材,99,101,暴干
167,12,食性,108,110,小毒
167,13,食材,137,139,鲫鱼
167,14,食味,127,128,甘
167,15,食性,129,130,温
167,16,功效,143,146,补脾胃
167,17,病症,167,172,泄痢久不愈
167,18,功效,189,192,治诸疮
167,19,烹饪方法,193,195,烧焦
167,20,烹饪方法,199,201,调涂
167,21,功效,220,226,治胃弱不下食
167,22,病症,237,243,男子女人劳症
167,23,病症,244,248,发热咳嗽
167,24,烹饪方法,263,266,刮去鳞
167,25,烹饪方法,267,270,剖去肠
167,26,烹饪方法,271,273,洗净
167,27,烹饪方法,306,309,煨令熟
167,28,烹饪方法,179,181,食之
167,29,医家,36,39,沈存中
167,30,医家,205,207,丹溪
167,31,古籍来源,159,162,千金方
167,32,古籍来源,183,185,本草
167,33,古籍来源,229,232,钱氏方
167,34,古籍来源,343,347,证类本草
168,1,食味,5,6,苦
168,2,食性,7,8,寒
168,3,功效,9,16,除心腹邪热烦渴
168,4,功效,17,22,治口舌焦燥
168,5,功效,30,37,治小儿惊风痰热
168,6,病症,50,56,惊痫搐搦烦热
168,7,功效,59,63,清心化热
168,8,功效,64,69,利痰凉惊
168,9,食味,78,80,苦辛
168,10,食性,81,82,衿
168,11,禁忌,83,86,有小毒
168,12,功效,100,103,壮筋骨
168,13,功效,104,107,强腰脊
168,14,功效,108,112,强志轻身
168,15,功效,113,117,消热下气
168,16,食味,126,128,酸甘
168,17,食性,129,130,平
168,18,禁忌,131,133,无毒
168,19,功效,139,147,主男子阴痿不起
168,20,功效,148,151,益精气
168,21,功效,152,154,有子
168,22,食味,165,166,辛
168,23,食性,167,168,温
168,24,禁忌,169,172,有小毒
168,25,禁忌,174,177,性顽劣
168,26,禁忌,178,183,食之不益人
168,27,禁忌,184,189,孕妇忌食
168,28,食味,198,199,甘
168,29,食性,200,202,微凉
168,30,禁忌,203,205,无毒
168,31,功效,211,214,疗风狂
168,32,功效,215,219,解心烦
168,33,功效,220,225,治忧愁不乐
168,34,食味,232,233,甘
168,35,食性,234,236,微凉
168,36,禁忌,237,241,黑者为上
168,37,功效,242,247,治头风眩晕
168,38,烹饪方法,281,282,焊
168,39,烹饪方法,283,284,洗
168,40,烹饪方法,287,288,蒸
168,41,烹饪方法,293,294,切
168,42,烹饪方法,98,99,食
169,1,古籍来源,0,5,伤寒论类方
169,2,古籍来源,6,10,脉义简摩
169,3,古籍来源,11,16,伤寒论特解
169,4,古籍来源,17,21,脉诀汇辨
169,5,古籍来源,22,27,伤寒论集注
169,6,古籍来源,32,36,脉学辑要
169,7,古籍来源,37,42,伤塞论集注
169,8,古籍来源,48,52,脉经直指
169,9,古籍来源,53,58,伤寒微旨论
169,10,古籍来源,59,63,脉理正义
169,11,古籍来源,64,69,伤寒溯源集
169,12,古籍来源,70,74,脉理存真
169,13,古籍来源,75,81,订正医圣全集
169,14,古籍来源,82,86,脉理宗经
169,15,古籍来源,87,93,伤寒启蒙集稿
169,16,古籍来源,94,98,脉镜须知
169,17,古籍来源,99,105,伤寒尚论辨似
169,18,古籍来源,106,110,察病指南
169,19,古籍来源,111,117,伤寒兼证析义
169,20,古籍来源,118,123,崔真人脉诀
169,21,古籍来源,124,130,张卿子伤寒论
169,22,古籍来源,131,137,四诊脉鉴大全
169,23,古籍来源,138,144,金匮要略正义
169,24,古籍来源,145,151,删注脉诀规正
169,25,古籍来源,152,158,金匮要略直解
169,26,古籍来源,159,165,图注脉诀辨真
169,27,古籍来源,166,172,高注金匮要略
169,28,古籍来源,173,179,脉诀刊误集解
169,29,古籍来源,180,187,伤寒论大方图解
169,30,古籍来源,188,194,重订诊家直诀
169,31,古籍来源,195,202,伤寒论辨证广注
169,32,古籍来源,203,211,人元脉影归措图说
169,33,古籍来源,212,219,伤寒活人指掌图
169,34,古籍来源,220,228,脉诀指掌病式图说
169,35,古籍来源,229,236,张仲景金匮要略
169,36,古籍来源,237,245,脉学注释汇参证治
169,37,古籍来源,246,254,伤寒六书纂要辨疑
169,38,古籍来源,255,259,针灸推拿
169,39,古籍来源,260,268,伤寒六经辨证治法
169,40,古籍来源,269,273,针灸节要
169,41,古籍来源,274,282,伤寒类书活人总括
169,42,古籍来源,283,287,针灸全生
169,43,古籍来源,288,297,张仲景伤寒原文点精
169,44,古籍来源,298,302,针灸逢源
169,45,古籍来源,303,313,伤寒活人指掌补注辨疑
169,46,古籍来源,314,318,备急灸法
169,47,古籍来源,324,328,神灸经纶
169,48,古籍来源,329,331,脉微
169,49,古籍来源,332,337,传悟灵济录
169,50,古籍来源,338,341,玉函经
169,51,古籍来源,342,348,小儿推拿广意
169,52,古籍来源,349,352,外诊祛
169,53,古籍来源,353,359,小儿推拿秘诀
169,54,古籍来源,360,364,舌鉴辨正
169,55,古籍来源,365,371,太乙神针心法
169,56,古籍来源,372,376,医学辑要
169,57,古籍来源,377,384,杨敬斋针灸全书
170,1,食味,66,67,辛
170,2,食味,68,69,甘
170,3,病症,8,12,赤毒热疮
170,4,病症,13,17,脐肠腹痛
170,5,病症,35,39,疳瘦肚大
170,6,病症,40,44,虚劳烦热
170,7,病症,45,49,心中邪热
170,8,病症,51,55,腹内水气
170,9,病症,146,150,赤自游疹
170,10,病症,214,216,疳痼
170,11,食性,170,171,温
170,12,食性,172,173,平
170,13,功效,203,206,快胃气
170,14,功效,207,210,补虚劳
170,15,禁忌,129,133,有病忌食
170,16,禁忌,116,119,不益人
170,17,禁忌,326,330,助火动痰
170,18,禁忌,331,334,发疮疥
170,19,烹饪方法,87,88,煮
170,20,烹饪方法,273,274,蒸
170,21,古籍来源,25,27,食疗
170,22,古籍来源,136,138,图经
170,23,古籍来源,223,227,渔翁口诀
171,1,食材,15,17,羊肉
171,2,食味,21,22,甘
171,3,食性,23,25,大热
171,4,功效,30,36,治五劳七伤
171,5,功效,37,41,脏气虚寒
171,6,功效,42,46,腰膝羸弱
171,7,功效,47,50,壮筋骨
171,8,功效,51,54,厚肠胃
171,9,食材,55,56,头
171,10,食性,59,61,微凉
171,11,功效,62,67,治骨蒸脑热
171,12,功效,69,73,头眩目昏
171,13,功效,74,78,小儿惊痫
171,14,食材,79,80,乳
171,15,食味,84,85,甘
171,16,食性,87,88,温
171,17,功效,89,92,润心肺
171,18,功效,93,96,补虚劳
171,19,功效,97,100,止消渴
171,20,食材,101,102,肝
171,21,食味,106,107,甘
171,22,食性,108,109,凉
171,23,功效,110,116,治目中诸疾
171,24,食材,117,118,肾
171,25,功效,121,124,补肾气
171,26,功效,125,128,益精髓
171,27,食材,223,226,绿豆粉
171,28,食味,230,231,甘
171,29,食性,232,233,凉
171,30,食性,234,235,平
171,31,功效,240,243,解诸热
171,32,食材,271,273,冬瓜
171,33,食味,277,278,甘
171,34,食性,279,281,微寒
171,35,功效,294,298,下热毒
171,36,功效,299,302,解消渴
171,37,功效,303,306,差五淋
171,38,功效,307,312,消小腹水胀
171,39,功效,313,316,利小便
171,40,功效,317,321,压丹石毒
171,41,禁忌,323,332,久病与阴虚人忌食之
171,42,食材,335,336,梨
171,43,食味,338,339,甘
171,44,食味,340,341,酸
171,45,食性,342,343,平
171,46,功效,358,362,解热止渴
171,47,功效,363,367,利大小肠
171,48,功效,368,373,治火嗽热喘
171,49,禁忌,374,380,多食发金疮
171,50,禁忌,381,384,成冷痢
171,51,禁忌,385,392,产妇乳母忌食之
171,52,食材,406,408,木耳
171,53,食性,413,414,衿
171,54,功效,418,424,治肠癖下血
171,55,功效,426,428,凉血
171,56,禁忌,429,434,勿与小儿食
171,57,禁忌,436,440,不能克化
171,58,食材,442,445,鹿角莱
171,59,食性,448,451,大寒
171,60,功效,455,460,散风热邪气
171,61,功效,461,468,治小儿骨蒸劳热
171,62,禁忌,474,481,大人不可久食
171,63,禁忌,482,487,有损少颜色
171,64,食材,488,490,樱桃
171,65,食味,494,495,甘
171,66,食性,496,497,温
171,67,食性,499,500,热
171,68,功效,501,505,调中气
171,69,功效,506,509,益脾气
171,70,功效,510,515,令人美颜色
171,71,禁忌,534,542,能生虚热喘嗽之疾
171,72,禁忌,543,548,小儿尤忌之
171,73,食材,563,565,鳖肉
171,74,食味,569,570,甘
171,75,食性,571,572,平
171,76,功效,577,580,补劳伤
171,77,功效,581,584,壮阳气
171,78,功效,585,590,峻补阴不足
171,79,禁忌,591,594,恶矾石
171,80,食材,595,597,青鱼
171,81,食味,601,602,甘
172,1,食味,12,13,咸
172,2,食味,14,15,甘
172,3,食性,16,17,平
172,4,功效,21,23,除热
172,5,功效,23,26,止烦满
172,6,功效,27,35,杀一切蛇虫蜂虿
172,7,功效,37,43,鱼肉蔬菌之毒
172,8,烹饪方法,58,59,傅
172,9,食味,67,68,酸
172,10,食性,69,70,温
172,11,食性,71,72,平
172,12,功效,76,79,消肿毒
172,13,功效,80,83,散水气
172,14,功效,84,87,杀邪毒
172,15,功效,88,92,消癖块
172,16,功效,93,96,破血迷
172,17,古籍来源,101,106,《救急方》
172,18,病症,110,118,产后血虚眩运不醒
172,19,食材,120,122,刚炭
172,20,食材,123,126,生铁秤
172,21,食材,64,65,醋
172,22,烹饪方法,126,129,煨烧
172,23,烹饪方法,142,143,熏
172,24,食味,161,162,苦
172,25,食味,163,164,甘
172,26,食味,165,166,辛
172,27,食性,167,168,温
172,28,食性,169,171,大热
172,29,禁忌,172,174,有毒
172,30,食材,175,177,葛花
172,31,食材,178,181,红豆花
172,32,功效,181,185,解酒毒
172,33,功效,186,189,杀百邪
172,34,功效,190,193,敌寒气
172,35,功效,194,197,驱恶毒
172,36,功效,198,201,通血脉
172,37,功效,202,205,厚肠胃
172,38,医家,206,209,孙真人
172,39,功效,212,216,散气消忧
172,40,功效,217,221,宣言发怒
172,41,禁忌,222,229,多饮未尝不致病
172,42,医家,231,234,朱丹溪
172,43,古籍来源,236,241,《本草止》
172,44,禁忌,251,256,湿中发热
172,45,禁忌,257,261,近于相火
172,46,病症,264,268,恶寒战栗
172,47,病症,323,325,呕吐
172,48,病症,327,329,疼痒
173,1,食材,7,9,芋梗
173,2,食材,50,54,山药
173,3,食味,56,57,甘
173,4,食性,58,59,温
173,5,食性,60,61,平
173,6,功效,65,70,补诸虚百损
173,7,病症,71,75,面上游风
173,8,病症,76,81,腰间衿气
173,9,功效,84,89,强阴益精气
173,10,食材,198,200,生姜
173,11,食性,105,106,温
173,12,食味,103,104,辛
173,13,功效,112,117,带皮用则凉
173,14,功效,119,125,去皮用则热
173,15,病症,127,129,伤寒
173,16,病症,130,134,伤风头疼
173,17,病症,135,139,九窍不利
173,18,归经,141,143,入肺
173,19,功效,143,145,开胃
173,20,功效,146,149,止呕吐
173,21,病症,152,156,咳嗽喘急
173,22,功效,157,162,去腹中寒气
173,23,功效,163,166,解臭秽
173,24,功效,167,170,散风寒
173,25,功效,171,174,通神明
173,26,食疗方,186,196,治霍乱吐泻转筋欲死者
173,27,食材,236,238,生姜
173,28,食材,206,208,清酒
173,29,烹饪方法,202,203,捣
173,30,烹饪方法,208,209,煎
173,31,食疗方,226,234,治一切咳呃欲死者
173,32,食材,91,95,生姜
173,33,食材,241,243,半夏
173,34,烹饪方法,251,252,煎
173,35,食材,263,267,胡椒
173,36,食味,269,270,辛
173,37,食性,271,272,热
173,38,功效,276,280,温中下气
173,39,病症,282,286,心腹冷积
173,40,功效,287,290,解鱼肉
173,41,功效,292,295,野菌毒
173,42,医家,297,299,丹溪
173,43,功效,303,308,性燥而快膈
173,44,功效,321,325,燥肠胃
173,45,古籍来源,178,183,《经验方》
173,46,古籍来源,218,223,《活人书》
173,47,古籍来源,362,370,《本草衍义补遗》
174,1,食材,26,28,鳖甲
174,2,食材,67,71,胡黄连
174,3,食材,77,79,青蒿
174,4,食材,192,195,紫苏汁
174,5,食材,201,204,冬瓜汁
174,6,食材,170,174,螃蟹
174,7,食材,313,314,海
174,8,食性,178,179,寒
174,9,食味,176,177,甘
174,10,食味,181,182,咸
174,11,功效,128,134,大补阴之不足
174,12,功效,296,298,破血
174,13,功效,231,235,养筋益气
174,14,功效,226,230,通气散血
174,15,病症,22,24,难产
174,16,病症,53,57,骨热劳瘦
174,17,病症,208,214,胸中邪热结聚
174,18,病症,215,219,火气炽郁
174,19,病症,220,225,口喁面偏
174,20,病症,321,323,漆疮
174,21,病症,347,351,疥疮湿癣
174,22,禁忌,306,310,孕妇忌食
174,23,禁忌,369,376,蟹莫与红柿同食
174,24,禁忌,106,109,不可食
174,25,古籍来源,10,16,《子母秘录》
174,26,古籍来源,87,91,《左传》
174,27,古籍来源,118,123,《日华子》
174,28,古籍来源,237,241,《图经》
174,29,古籍来源,338,343,《百一方》
174,30,古籍来源,361,365,《食忌》
175,1,古籍来源,0,5,《急救方》
175,2,病症,8,11,鱼骨鲠
175,3,食材,25,28,银条鱼
175,4,食味,29,30,甘
175,5,食性,31,32,平
175,6,功效,36,40,宽中健胃
175,7,食材,42,44,生姜
175,8,烹饪方法,44,46,作羹
175,9,食材,49,52,少阳鱼
175,10,食味,54,55,甘
175,11,食味,56,57,咸
175,12,食性,58,59,寒
175,13,病症,64,70,男子自浊膏淋
175,14,病症,73,77,玉茎涩痛
175,15,食材,78,81,河豚鱼
175,16,食味,85,86,甘
175,17,食味,87,88,肥
175,18,禁忌,101,112,"食之不得法,亦杀人"
175,19,医家,116,119,孙真人
175,20,食材,130,132,芦根
175,21,烹饪方法,132,134,杵汁
175,22,食材,136,138,蓝锭
175,23,食材,142,145,陈粪青
175,24,食材,148,151,黑鲤鱼
175,25,禁忌,176,186,"人不宜食之,亦且无益"
175,26,古籍来源,193,198,《诸鱼论》
175,27,病症,229,231,杀人
175,28,食材,232,234,鱼汁
175,29,食材,237,240,鸬鹚肉
175,30,食材,244,246,鲫鱼
175,31,食材,249,250,猴
175,32,食材,251,253,雉肉
175,33,食材,256,258,鳅鳍
175,34,食材,261,264,自犬血
175,35,食材,268,271,鲤鱼子
175,36,食材,274,276,猪肝
175,37,食材,285,288,青鱼鲱
175,38,食材,291,295,生胡荽
175,39,食材,296,298,生葵
175,40,食材,299,301,麦酱
175,41,食材,304,305,虾
175,42,禁忌,160,162,厌物
176,1,食材,13,14,酒
176,2,食味,25,26,甘
176,3,食性,27,28,温
176,4,功效,29,31,除湿
176,5,功效,31,33,调中
176,6,功效,17,20,利小便
176,7,禁忌,37,44,多饮亦能动痰火
176,8,食材,46,50,柑子
176,9,食材,51,52,瓤
176,10,食味,56,57,甘
176,11,食味,58,59,酸
176,12,食性,60,61,平
176,13,食材,73,75,橘柚
176,14,食材,123,126,蜜陀柑
176,15,食材,128,130,木柑
176,16,食材,131,133,黄柑
176,17,食材,134,136,乳柑
176,18,食材,137,139,石柑
176,19,食材,140,142,沙柑
176,20,食材,143,145,青柑
176,21,食材,149,151,山柑
176,22,功效,162,166,疗喉咽痛
176,23,食材,177,179,朱橘
176,24,食材,180,182,乳橘
176,25,食材,183,185,山橘
176,26,食材,186,188,金橘
176,27,功效,205,207,止渴
176,28,功效,207,209,润燥
176,29,功效,209,211,生津
176,30,禁忌,212,221,多则恋膈生痰滞肺气
176,31,禁忌,222,226,病者忌之
176,32,古籍来源,229,235,《吕氏春秋》
176,33,食材,333,335,橘皮
176,34,功效,277,283,治胸中疲热
176,35,功效,284,286,下气
176,36,功效,286,289,止吐逆
176,37,病症,290,292,呕吐
176,38,病症,293,295,霍乱
176,39,功效,296,299,消痰饮
176,40,功效,15,17,逐水
176,41,功效,302,304,化谷
176,42,功效,305,314,刻除膀胱停流热水
176,43,功效,315,317,顺气
176,44,功效,317,319,和中
176,45,功效,320,322,快膈
176,46,功效,322,324,通神
176,47,医家,326,329,刘禹锡
176,48,功效,352,353,散
176,49,功效,354,355,泻
176,50,功效,357,358,温
176,51,功效,359,360,补
176,52,功效,362,364,和益
176,53,功效,366,369,消膈气
176,54,功效,370,373,化痰涎
176,55,功效,374,376,和脾
176,56,功效,376,380,止咳嗽
176,57,功效,381,384,通五淋
176,58,功效,385,391,中酒呕吐恶心
176,59,古籍来源,409,415,《本草衍义》
177,1,医家,13,15,傅滋
177,2,医家,99,102,刘以仁
177,3,医家,268,271,刘仕廉
177,4,古籍来源,0,7,养性轩临证医案
177,5,古籍来源,8,12,医学集成
177,6,古籍来源,17,24,养新堂医论读本
177,7,古籍来源,25,29,医学辩害
177,8,古籍来源,30,37,祝茹穹先生医印
177,9,古籍来源,38,42,医经允中
177,10,古籍来源,43,50,谦益斋外科医案
177,11,古籍来源,51,55,医钞类编
177,12,古籍来源,56,64,太医局诸科程文格
177,13,古籍来源,65,69,证治合参
177,14,古籍来源,70,78,古今医家经论汇编
177,15,古籍来源,79,83,宝命真诠
177,16,古籍来源,84,92,莲斋医意立斋案疏
177,17,古籍来源,93,97,活人心法
177,18,古籍来源,104,108,家藏蒙筌
177,19,古籍来源,113,118,心印绀珠经
177,20,古籍来源,119,124,医学读书志
177,21,古籍来源,125,130,雪潭居医约
177,22,古籍来源,131,137,医学读书附志
177,23,古籍来源,138,143,嵩匡尊生书
177,24,古籍来源,149,155,医书汇参辑成
177,25,古籍来源,156,160,元汇医镜
177,26,古籍来源,161,167,罗氏会约医镜
177,27,古籍来源,168,172,平法寓言
177,28,古籍来源,173,179,罗浩医书二种
177,29,古籍来源,180,184,寿芝医略
177,30,古籍来源,185,191,景岳全书发挥
177,31,古籍来源,192,196,杏苑生春
177,32,古籍来源,197,203,寿身小补家藏
177,33,古籍来源,204,208,医林正印
177,34,古籍来源,209,216,胡文焕医书三种
177,35,古籍来源,217,221,医法青篇
177,36,古籍来源,222,230,铁如意轩医书四种
177,37,古籍来源,231,235,医学五则
177,38,古籍来源,236,245,脉药联珠药性食物考
177,39,古籍来源,246,250,医学汇函
177,40,古籍来源,251,261,汉阳叶氏丛刻医集二种
178,1,食材,29,32,细面筋
178,2,食材,63,65,甘草
178,3,食材,81,82,酒
178,4,食材,103,109,紧苏的叶子
178,5,食材,110,112,桔皮
178,6,食材,116,118,生姜
178,7,食材,149,151,熟油
178,8,食材,152,154,豆酱
178,9,食材,156,158,花椒
178,10,食材,159,161,胡椒
178,11,食材,163,165,杏仁
178,12,食材,471,473,蚶子
178,13,烹饪方法,16,17,蒸
178,14,烹饪方法,51,52,断
178,15,烹饪方法,67,68,切
178,16,烹饪方法,85,86,煮
178,17,烹饪方法,290,291,烹
178,18,烹饪方法,261,262,劈
178,19,烹饪方法,170,171,拌
178,20,烹饪方法,185,186,揉
178,21,烹饪方法,208,209,晒
178,22,烹饪方法,2,3,封
179,1,食材,35,37,蛤蜊
179,2,食材,127,130,蛤蜊肉
179,3,食材,26,29,细葱丝
179,4,食材,186,189,桔皮丝
179,5,食材,61,62,葱
179,6,食材,250,253,花椒
180,1,食材,3,4,盐
180,2,食材,13,15,蟹膏
180,3,食材,21,23,鸡子
180,4,食材,39,41,粉皮
180,5,食材,57,58,姜
180,6,食材,64,66,花椒
180,7,食材,70,72,真粉
180,8,食材,98,101,熟螃蟹
180,9,食材,104,106,蟹肉
180,10,食材,157,160,野鸭蛋
180,11,食材,195,197,蟹油
180,12,食材,197,199,蟹黄
180,13,食材,261,265,螃蟹壳
180,14,食材,350,354,细馅馒头
180,15,食材,361,364,黄草布
180,16,食材,213,215,野鸭
180,17,烹饪方法,20,21,蒸
180,18,烹饪方法,52,53,熬
180,19,烹饪方法,59,60,捣
180,20,烹饪方法,364,366,包裹
180,21,烹饪方法,113,115,拌和
180,22,烹饪方法,16,17,铺
180,23,烹饪方法,43,44,切
180,24,烹饪方法,288,290,勾芡
180,25,食疗方,231,233,蟹鳖
181,1,食材,3,4,曲
181,2,食材,7,8,饭
181,3,食材,239,240,米
181,4,食材,391,393,糯米
181,5,食材,67,68,面
181,6,食材,177,179,清酒
181,7,食材,191,193,桑灰
181,8,食材,194,196,粟灰
181,9,食材,197,201,生粟炭灰
181,10,食材,173,174,饼
181,11,烹饪方法,4,6,捣碎
181,12,烹饪方法,29,31,搜拌
181,13,烹饪方法,50,51,浇
181,14,烹饪方法,58,59,覆
181,15,烹饪方法,85,86,打
181,16,烹饪方法,107,108,解
181,17,烹饪方法,151,152,榨
181,18,烹饪方法,163,165,澄清
181,19,烹饪方法,174,175,煮
181,20,烹饪方法,220,221,煅
181,21,烹饪方法,201,202,筛
181,22,烹饪方法,260,262,浸泡
181,23,烹饪方法,272,273,捞
181,24,烹饪方法,394,396,拌和
181,25,烹饪方法,445,446,装
181,26,烹饪方法,453,454,捺
181,27,烹饪方法,463,464,舀
181,28,烹饪方法,117,118,盖
181,29,烹饪方法,508,509,伸
181,30,烹饪方法,511,512,试
181,31,古籍来源,234,236,译文
182,1,古籍来源,178,186,云林堂巢饮食制度
183,1,食材,18,19,鹅
183,2,食材,22,23,蜜
183,3,食材,270,272,蝤蛑
183,4,食材,31,32,麸
183,5,食材,37,40,雪簋菜
183,6,食材,43,45,青虾
183,7,食材,289,290,蟹
183,8,食材,392,394,酱油
183,9,食材,285,286,菜
183,10,食材,397,398,面
183,11,食材,401,403,饮料
183,12,烹饪方法,17,18,烧
183,13,烹饪方法,30,31,煮
183,14,烹饪方法,46,47,熘
183,15,烹饪方法,269,270,酿
183,16,烹饪方法,92,94,烹饪
183,17,食疗方,198,200,烧鹅
183,18,食疗方,208,211,云林鹅
183,19,食疗方,297,301,雪花蟹斗
183,20,古籍来源,80,84,随园食单
183,21,古籍来源,224,227,养小录
183,22,古籍来源,333,341,云林堂饮食制度巢
183,23,医家,76,78,袁枚
183,24,医家,194,196,倪瓒
183,25,医家,220,223,羽仓则
183,26,医家,317,321,姚咨
183,27,医家,123,125,眉公
183,28,医家,134,136,笠翁
183,29,医家,523,526,王利器
184,1,食材,6,7,藕
184,2,食材,11,13,真粉
184,3,食材,15,16,蜜
184,4,食材,72,74,麝香
184,5,食材,127,131,桔花
184,6,食材,135,137,茉莉
184,7,食材,144,146,芽茶
184,8,烹饪方法,3,4,灌
184,9,烹饪方法,38,39,煮
184,10,烹饪方法,190,191,晒
184,11,烹饪方法,207,208,蒸
184,12,烹饪方法,47,48,啖
184,13,食疗方,23,25,灌藕
187,1,食材,6,8,鱼肉
187,2,食材,13,15,鱼头
187,3,食材,23,24,口
187,4,食材,25,28,脸颊
187,5,食材,30,31,肉
187,6,食材,107,108,蔬
187,7,食材,108,109,素
187,8,烹饪方法,8,9,熬
187,9,古籍来源,127,137,《云林堂集饮食制度》
187,10,医家,76,78,何胤
187,11,医家,97,99,东坡
187,12,医家,554,556,先王
187,13,养生原则,101,103,戒杀
187,14,养生原则,115,117,养老
188,1,食材,0,2,油纸
188,2,食材,4,5,瓶
188,3,食材,20,21,梅
188,4,食材,22,23,姜
188,5,食材,48,50,黄梅
188,6,食材,55,56,核
188,7,食材,58,59,肉
188,8,食材,64,65,盐
188,9,食材,69,71,千姜
188,10,食材,78,80,甘草
188,11,食材,85,87,花椒
188,12,食材,88,90,茴香
188,13,食材,100,102,磁器
188,14,食材,114,116,乌梅
188,15,食材,166,168,腊月
188,16,食材,169,171,伏中
188,17,烹饪方法,2,4,扎紧
188,18,烹饪方法,30,31,切
188,19,烹饪方法,63,64,炒
188,20,烹饪方法,96,97,拌
188,21,烹饪方法,103,104,晒
188,22,烹饪方法,136,137,煎
188,23,烹饪方法,152,153,杵
188,24,烹饪方法,177,178,焙
188,25,食疗方,38,45,黄梅汤
188,26,食疗方,106,113,凤池汤
188,27,古籍来源,13,14,脆
189,1,食材,9,11,花椒
189,2,食材,13,15,砂仁
189,3,食材,16,18,葱白
189,4,食材,28,31,绿豆粉
189,5,食材,32,33,面
189,6,食材,51,53,蛤蜊
189,7,食材,78,80,新韭
189,8,食材,81,83,胡葱
189,9,食材,84,86,莱心
189,10,食材,87,90,猪腰子
189,11,食材,91,92,笄
189,12,食材,93,95,茭白
189,13,食材,106,107,鸡
189,14,食材,205,207,鲥鱼
189,15,烹饪方法,56,57,煮
189,16,烹饪方法,140,141,炒
189,17,烹饪方法,194,195,蒸
189,18,烹饪方法,168,169,烹
189,19,烹饪方法,103,104,焙
189,20,食性,133,134,热
190,1,食材,28,30,糯米
190,2,食材,67,69,粳米
190,3,食材,75,77,芡实
190,4,食材,81,83,人参
190,5,食材,86,88,白术
190,6,食材,89,91,茯苓
190,7,食材,104,107,白沙糖
190,8,食材,110,113,茴香
190,9,食材,21,23,薄荷
190,10,食材,150,152,赤豆
190,11,食材,41,43,豆沙
190,12,食材,135,137,豆沙
190,13,食疗方,234,237,五香糕
190,14,食疗方,239,241,水团
190,15,食疗方,244,246,松糕
190,16,食疗方,249,252,生糖糕
190,17,烹饪方法,49,50,蒸
190,18,烹饪方法,152,153,煮
190,19,烹饪方法,96,97,磨
190,20,烹饪方法,159,160,擦
190,21,烹饪方法,175,176,沥
190,22,烹饪方法,198,199,浸
190,23,烹饪方法,100,101,筛
190,24,烹饪方法,34,35,擀
191,1,食材,8,10,山药
191,2,食材,14,16,鸟梅
191,3,食材,19,21,甘草
191,4,食材,24,26,丁皮
191,5,食材,27,29,木香
191,6,食材,46,49,木樨花
191,7,食材,65,66,盐
191,8,食材,89,91,甘草
191,9,食材,176,178,甘草
191,10,食材,179,181,良姜
191,11,食材,182,184,桂皮
191,12,食材,188,190,砂仁
191,13,食材,191,193,千姜
191,14,食材,194,196,甘松
191,15,食材,201,203,檀香
191,16,食材,230,232,良姜
191,17,食材,243,245,茴香
191,18,食材,251,253,甘草
191,19,食材,120,121,盐
191,20,烹饪方法,34,36,为末
191,21,烹饪方法,54,56,筛去
191,22,烹饪方法,64,65,炒
191,23,烹饪方法,75,77,捺实
191,24,烹饪方法,80,81,封
191,25,烹饪方法,83,85,取出
191,26,烹饪方法,86,88,擂细
191,27,烹饪方法,101,102,泡
191,28,烹饪方法,73,74,和
191,29,烹饪方法,109,110,放
191,30,烹饪方法,113,114,蒸
191,31,烹饪方法,105,106,和
191,32,烹饪方法,150,151,作
191,33,烹饪方法,154,155,加
191,34,烹饪方法,156,157,作
191,35,烹饪方法,208,210,浓煎
191,36,烹饪方法,211,213,去渣
191,37,烹饪方法,217,219,调和
191,38,烹饪方法,234,236,切碎
191,39,烹饪方法,239,242,炒焦黄
191,40,烹饪方法,248,250,炒黄
191,41,食疗方,0,7,瑞香汤
191,42,食疗方,38,45,桂仙汤
191,43,食疗方,168,175,紫云汤
192,1,食材,10,11,莱
192,2,食材,12,14,姜丝
192,3,食材,15,18,桔皮丝
192,4,食材,179,181,白芷
192,5,食材,53,55,菘莱
192,6,食材,110,112,芥子
192,7,食味,85,86,淡
192,8,烹饪方法,4,5,煎
192,9,烹饪方法,59,60,焯
192,10,烹饪方法,77,78,炒
192,11,烹饪方法,112,113,研
192,12,烹饪方法,138,139,泡
192,13,烹饪方法,164,165,滤
193,1,食材,5,7,甘松
193,2,食材,9,11,藿香
193,3,食材,12,14,檀香
193,4,食材,21,23,丁皮
193,5,食材,28,30,砂仁
193,6,食材,34,37,白豆蔻
193,7,食材,59,61,桔皮
193,8,食材,68,70,茯苓
193,9,食材,79,81,甘草
193,10,烹饪方法,4,5,煮
193,11,烹饪方法,40,41,煎
193,12,烹饪方法,93,94,捣
193,13,烹饪方法,159,160,熬
193,14,食疗方,103,109,甘草膏子
194,1,食材,27,30,白豆蔻
194,2,食材,52,54,甘草
194,3,食材,198,200,朱砂
194,4,食味,150,151,辛
194,5,食味,151,152,咸
194,6,食味,91,92,甘
194,7,食性,84,85,寒
194,8,功效,158,160,清热
194,9,功效,262,264,解毒
194,10,功效,251,253,镇静
194,11,功效,254,256,安神
194,12,功效,266,268,防腐
194,13,病症,174,177,嗾科
194,14,烹饪方法,56,57,丸
194,15,烹饪方法,124,126,调和
194,16,烹饪方法,130,131,搓
194,17,食疗方,8,15,透顶香
194,18,食疗方,60,67,硼砂丸
194,19,食疗方,107,112,甘草宵子丸
194,20,古籍来源,0,7,食药类
195,1,食材,56,59,粳米粉
195,2,食材,147,149,桑椹
195,3,食材,150,152,松枝
195,4,食材,160,162,桔皮
195,5,食材,163,165,沉香
195,6,食材,166,168,木香
195,7,食材,122,124,砂仁
195,8,食性,179,181,温热
195,9,食性,253,254,寒
195,10,食味,251,252,苦
195,11,食味,110,111,辛
195,12,功效,257,259,解热
195,13,功效,260,262,清火
195,14,功效,263,265,解毒
195,15,功效,311,313,调经
195,16,功效,314,316,止痛
195,17,功效,354,356,化湿
195,18,功效,357,359,祛风
195,19,功效,363,367,治疗目疾
195,20,功效,460,464,行气活血
195,21,病症,188,191,风湿痛
195,22,病症,192,196,跌打伤痛
195,23,病症,593,597,胃寒腹痛
195,24,病症,599,603,呕吐泄泻
195,25,烹饪方法,77,79,舂汁
195,26,烹饪方法,510,511,腌
195,27,禁忌,208,212,须经炮制
195,28,古籍来源,169,172,光鸟:
195,29,古籍来源,226,229,费怕:
195,30,古籍来源,275,278,香附:
195,31,古籍来源,321,324,苍术:
195,32,古籍来源,372,375,千姜:
195,33,古籍来源,425,428,姜黄;
195,34,古籍来源,466,469,辣塞。
195,35,古籍来源,516,519,荜拨:
195,36,古籍来源,607,610,三赖:
196,1,食材,54,56,糯米
196,2,食材,59,61,细曲
196,3,食材,64,66,红曲
196,4,食材,67,69,发糟
196,5,烹饪方法,76,77,煮
196,6,烹饪方法,82,84,打碎
196,7,烹饪方法,116,117,滤
196,8,烹饪方法,87,88,和
196,9,烹饪方法,192,193,擀
196,10,烹饪方法,198,199,包
196,11,古籍来源,0,10,易牙遗薏
197,1,食材,5,7,芝麻
197,2,食材,10,12,沙糖
197,3,食材,15,17,饧糖
197,4,食材,21,23,炒面
197,5,食材,29,31,薄荷
197,6,食材,68,71,大黄豆
197,7,食材,91,94,干沙糖
197,8,食材,131,134,白沙糖
197,9,食材,170,173,胡桃仁
197,10,烹饪方法,63,64,炒
197,11,烹饪方法,83,84,磨
197,12,烹饪方法,98,99,筛
197,13,烹饪方法,201,202,溶
197,14,食疗方,0,4,麻糖
197,15,食疗方,151,158,玛瑙团
201,1,食材,28,30,大麦
201,2,食材,75,77,黄豆
201,3,食味,38,39,甜
201,4,烹饪方法,30,31,磨
201,5,烹饪方法,86,87,挣
201,6,烹饪方法,89,90,下
201,7,烹饪方法,95,97,下水
201,8,烹饪方法,105,106,熟
201,9,古籍来源,188,189,按
202,1,食材,20,22,猪肉
202,2,食材,56,58,胰脂
202,3,食材,71,73,香椒
202,4,食材,74,76,砂仁
202,5,食材,105,107,葱白
202,6,食材,124,127,绿豆粉
202,7,食材,137,139,白面
202,8,食材,143,144,盐
202,9,烹饪方法,50,51,煮
202,10,烹饪方法,58,59,研
202,11,烹饪方法,77,79,调和
202,12,烹饪方法,38,39,切
202,13,烹饪方法,70,71,下
202,14,烹饪方法,123,124,调
202,15,烹饪方法,159,160,搜
202,16,烹饪方法,39,40,作
202,17,禁忌,256,259,不可多
202,18,食疗方,0,7,汤饼类
202,19,食疗方,132,136,馄饨
203,1,食材,12,15,大蚕豆
203,2,食材,51,52,面
203,3,食材,117,120,红辣椒
203,4,食材,152,154,甜酒
203,5,食材,177,180,大黄豆
203,6,食材,196,198,豆汁
203,7,食材,206,212,小芰磨成的粉
203,8,烹饪方法,18,19,泡
203,9,烹饪方法,25,26,磨
203,10,烹饪方法,39,41,烫洗
203,11,烹饪方法,70,71,晾
203,12,烹饪方法,99,100,晒
203,13,烹饪方法,101,102,露
203,14,烹饪方法,147,149,收贮
203,15,烹饪方法,180,181,淘
203,16,烹饪方法,182,183,煮
203,17,烹饪方法,20,21,捞
203,18,食疗方,6,9,辣豆瓣
203,19,食疗方,172,174,豆豉
205,1,食材,2,3,盐
205,2,食材,6,8,酱油
205,3,食材,10,11,酒
205,4,食材,13,15,白糖
205,5,食材,18,20,硝水
205,6,食材,25,27,花椒
205,7,食材,27,29,小茴
205,8,食材,36,38,大茴
205,9,食材,51,52,葱
205,10,食材,60,61,肉
205,11,食材,135,138,肥肉
205,12,烹饪方法,1,2,炒
205,13,烹饪方法,44,45,研
205,14,烹饪方法,56,58,切碎
205,15,烹饪方法,121,123,红烧
205,16,烹饪方法,129,130,收
205,17,烹饪方法,138,140,捡去
205,18,烹饪方法,149,150,熬
205,19,烹饪方法,167,169,扰融
205,20,烹饪方法,174,175,搅
205,21,烹饪方法,360,362,焙干
205,22,烹饪方法,357,359,揉炒
205,23,古籍来源,186,188,小茴
205,24,古籍来源,231,233,大茴
205,25,古籍来源,40,42,共炒
205,26,古籍来源,427,429,收卤
205,27,古籍来源,438,442,用箸扰融
205,28,古籍来源,460,464,旋搅旋熬
205,29,古籍来源,179,180,迨
207,1,食材,161,163,鸭蛋
207,2,食材,178,180,烧酒
207,3,食材,197,200,甜酒糟
207,4,食材,72,73,盐
207,5,食材,17,19,炭灰
207,6,食材,41,43,石灰
207,7,食材,102,104,浓茶
207,8,食材,131,133,稻糠
207,9,食材,7,9,粟炭
207,10,烹饪方法,201,202,烧
207,11,烹饪方法,182,183,浸
207,12,烹饪方法,207,208,层
207,13,烹饪方法,219,220,封
207,14,烹饪方法,234,235,晒
207,15,烹饪方法,236,237,露
207,16,烹饪方法,133,134,滚
207,17,烹饪方法,124,126,包裹
207,18,烹饪方法,187,188,泡
207,19,烹饪方法,214,215,贮
207,20,古籍来源,1,4,器之炭
208,1,食材,13,15,霜蟹
208,2,食材,38,40,花椒
208,3,食材,42,43,盐
208,4,食材,57,59,麻皮
208,5,食材,80,81,酒
208,6,食材,85,87,酱油
208,7,食材,90,91,醋
208,8,食材,114,116,饴糖
208,9,食材,72,74,皂角
208,10,烹饪方法,40,41,炒
208,11,烹饪方法,34,36,擦干
208,12,烹饪方法,46,48,扳开
208,13,烹饪方法,49,50,实
208,14,烹饪方法,59,61,周扎
208,15,烹饪方法,64,65,贮
208,16,烹饪方法,71,72,置
208,17,烹饪方法,94,95,浸
208,18,烹饪方法,144,145,闭
209,1,食材,55,57,南枣
209,2,食材,67,69,人参
209,3,食材,115,118,大南枣
209,4,食材,122,124,柿饼
209,5,食材,127,129,芝麻
209,6,食材,140,143,糯米粉
209,7,食材,235,237,糯米
209,8,食材,257,260,红枣肉
209,9,食味,0,1,咸
209,10,功效,97,100,补气
209,11,功效,108,112,不饥
209,12,烹饪方法,60,61,蒸
209,13,烹饪方法,153,154,研
209,14,烹饪方法,85,86,捣
209,15,烹饪方法,135,136,炒
209,16,烹饪方法,200,202,晒干
209,17,食疗方,227,234,耐饥丸
209,18,古籍来源,42,52,制南枣法
210,1,食材,28,29,鸡
210,2,食材,31,32,鸭
210,3,食材,52,54,甜酱
210,4,食材,71,72,酒
210,5,食材,76,78,花椒
210,6,食材,173,175,猪油
210,7,食材,308,310,鸡汤
210,8,食材,311,313,肉汤
210,9,烹饪方法,25,26,烧
210,10,烹饪方法,58,59,烹
210,11,烹饪方法,84,85,煮
210,12,烹饪方法,99,101,烧干
210,13,烹饪方法,109,111,翻转
210,14,烹饪方法,177,178,炼
210,15,烹饪方法,262,263,晾
210,16,烹饪方法,300,301,切
210,17,烹饪方法,313,314,埯
210,18,食疗方,124,134,熟鸡鸭法
210,19,食疗方,210,225,关东煮鸡鸭法
211,1,食材,8,10,猪肉
211,2,食材,44,46,豆酱
211,3,食材,62,65,南火腿
211,4,食材,114,116,香油
211,5,食材,123,125,甜酱
211,6,食材,126,128,白糖
211,7,食材,129,131,甜酒
211,8,食材,141,144,火腿丁
211,9,食材,145,147,松子
211,10,食材,148,150,核桃
211,11,食材,151,153,瓜子
211,12,食材,180,182,面酱
211,13,食材,196,199,核桃仁
211,14,食材,208,211,花生仁
211,15,食材,225,228,松子仁
211,16,食材,231,234,瓜子仁
211,17,食材,237,239,桂皮
211,18,食材,243,245,砂仁
211,19,食材,263,266,猪板油
211,20,食材,271,274,鸡蛋黄
211,21,食材,275,278,绿豆粉
211,22,食材,282,285,酱油
211,23,食材,286,287,酒
211,24,烹饪方法,13,14,煮
211,25,烹饪方法,47,48,晒
211,26,烹饪方法,107,108,烧
211,27,烹饪方法,117,118,下
211,28,烹饪方法,85,86,泡
211,29,烹饪方法,158,159,炒
211,30,烹饪方法,165,167,收贮
211,31,烹饪方法,35,36,切
211,32,烹饪方法,41,42,腌
211,33,烹饪方法,297,299,捏丸
211,34,烹饪方法,287,289,调匀
211,35,食疗方,0,7,酱肉法
211,36,食疗方,51,60,火腿酱法
211,37,食疗方,252,261,猪油丸法
212,1,食材,3,5,香菰
212,2,食材,7,9,冬笄
212,3,食材,15,17,葱白
212,4,食材,29,31,油丸
212,5,食材,51,53,猪头
212,6,食材,70,71,盐
212,7,食材,136,138,大蒜
212,8,食材,185,187,柑花
212,9,食材,182,184,芥末
212,10,食材,228,230,甜酱
212,11,食材,323,326,猪后脚
212,12,食材,342,344,香蕈
212,13,食材,365,368,奸甜酒
212,14,食材,372,374,大茴
212,15,食材,376,378,白糖
212,16,烹饪方法,23,24,煮
212,17,烹饪方法,18,19,清
212,18,烹饪方法,42,43,蒸
212,19,烹饪方法,71,72,擦
212,20,烹饪方法,0,1,捞
212,21,烹饪方法,128,129,揩
212,22,烹饪方法,220,221,塞
212,23,烹饪方法,230,231,抹
212,24,烹饪方法,389,391,拌炒
212,25,烹饪方法,10,11,切
212,26,烹饪方法,360,362,扯碎
213,1,食材,1,2,鱼
213,2,食材,6,9,猪板油
213,3,食材,3,4,糟
213,4,食材,21,25,猪鸡等肉
213,5,食材,63,65,腌鱼
213,6,食材,69,71,糖霜
213,7,食材,89,91,鲜鱼
213,8,食材,109,112,粗丝鱼
213,9,食材,136,138,肉汤
213,10,食材,145,147,甜酒
213,11,食材,150,151,醋
213,12,食材,152,154,清酱
213,13,食材,157,159,八角
213,14,食材,161,163,姜汁
213,15,食材,164,166,白糖
213,16,食材,167,169,麻油
213,17,食材,227,228,葱
213,18,食材,257,259,香油
213,19,食材,274,277,高粱杆
213,20,食材,295,297,糖箱
213,21,烹饪方法,16,17,蒸
213,22,烹饪方法,42,43,煮
213,23,烹饪方法,176,178,拌炒
213,24,烹饪方法,187,189,收贮
213,25,烹饪方法,263,264,淹
213,26,烹饪方法,278,280,煮之
214,1,食材,11,13,豆面
214,2,食材,35,37,豆渣
214,3,食材,47,50,豆豉
214,4,食材,60,62,酱黄
214,5,食材,88,90,饭汤
214,6,食材,209,211,香菰
214,7,食材,211,213,八角
214,8,食材,214,215,茴
214,9,食材,216,218,花椒
214,10,食材,226,228,芝麻
214,11,食材,245,247,老酒
214,12,食材,322,324,小麦
214,13,烹饪方法,294,295,煮
214,14,烹饪方法,150,151,煎
214,15,烹饪方法,41,42,晒
214,16,烹饪方法,333,334,闷
214,17,烹饪方法,185,186,搅
214,18,烹饪方法,159,160,泡
214,19,烹饪方法,357,359,翻搅
214,20,烹饪方法,290,292,收贮
214,21,烹饪方法,37,38,捞
214,22,烹饪方法,95,96,韫
214,23,食疗方,306,311,麦油法
214,24,古籍来源,82,84,前篇
215,1,食材,3,7,牛肉
215,2,食材,12,14,鹿肉
215,3,食材,30,31,盐
215,4,食材,215,216,鸭
215,5,食材,251,252,鸡
215,6,食材,292,294,甜酱
215,7,食材,333,335,甜酒
215,8,食材,336,338,清酱
215,9,食材,339,340,椒
215,10,食材,341,342,角
215,11,食材,358,360,椒末
215,12,食材,361,363,葱珠
215,13,烹饪方法,19,21,切成
215,14,烹饪方法,31,33,摊放
215,15,烹饪方法,45,47,丢下
215,16,烹饪方法,50,52,取起
215,17,烹饪方法,53,55,翻过
215,18,烹饪方法,81,83,抖去
215,19,烹饪方法,92,94,抹擦
215,20,烹饪方法,97,99,安放
215,21,烹饪方法,104,106,压之
215,22,烹饪方法,114,115,洗
215,23,烹饪方法,124,125,晒
215,24,烹饪方法,129,131,翻转
215,25,烹饪方法,146,148,赶滚
215,26,烹饪方法,159,160,堆
215,27,烹饪方法,167,169,压盖
215,28,烹饪方法,172,174,取起
215,29,烹饪方法,202,203,挂
215,30,烹饪方法,258,260,宰洗
215,31,烹饪方法,269,270,锯
215,32,烹饪方法,282,284,插入
215,33,烹饪方法,294,296,擦遍
215,34,烹饪方法,300,302,翻转
215,35,烹饪方法,303,304,烹
215,36,烹饪方法,199,201,取起
215,37,烹饪方法,322,323,煮
215,38,烹饪方法,352,353,墩
215,39,烹饪方法,366,367,盛
215,40,禁忌,242,246,不可过多
216,1,食材,0,1,盐
216,2,食材,14,16,冰糖
216,3,食材,90,92,甜姜
216,4,食材,106,108,梅杏
216,5,食材,248,250,蒜头
216,6,食性,99,100,咸
216,7,食味,316,317,咸
216,8,食味,276,278,辛辣
216,9,食味,358,359,甜
216,10,烹饪方法,6,7,拌
216,11,烹饪方法,7,8,腌
216,12,烹饪方法,31,32,煎
216,13,烹饪方法,205,206,晒
216,14,烹饪方法,269,270,泡
216,15,烹饪方法,184,185,压
216,16,烹饪方法,344,346,封贮
216,17,禁忌,170,177,切勿伤破其皮
217,1,食材,19,21,鲜虾
217,2,食材,40,42,鸡蛋
217,3,食材,43,46,蓑豆粉
217,4,食材,47,50,香圆丝
217,5,食材,51,54,香菇丝
217,6,食材,55,58,瓜子仁
217,7,食材,59,61,豆油
217,8,食材,94,96,猪油
217,9,食材,98,99,蒜
217,10,食材,154,156,鱼肉
217,11,食材,157,159,香油
217,12,食材,202,204,梗灰
217,13,烹饪方法,82,83,煮
217,14,烹饪方法,99,100,炙
217,15,烹饪方法,108,109,倾
217,16,烹饪方法,235,236,压
217,17,烹饪方法,263,265,烧热
217,18,烹饪方法,31,32,取
217,19,禁忌,133,138,不可太熟
217,20,禁忌,238,244,勿令透风走气
217,21,禁忌,275,283,若少停。便娈味
219,1,食材,3,4,芥
219,2,食材,46,47,莱
219,3,食材,142,144,白莱
219,4,食材,234,236,白粜
219,5,烹饪方法,43,44,煮
219,6,烹饪方法,148,149,烫
219,7,烹饪方法,74,75,煎
219,8,烹饪方法,66,67,切
219,9,烹饪方法,236,237,披
219,10,烹饪方法,91,92,泡
219,11,烹饪方法,164,166,收贮
219,12,烹饪方法,190,191,灌
219,13,烹饪方法,193,194,掩
219,14,食疗方,128,139,做酸白莱法
220,1,食材,12,14,鸡蛋
220,2,食材,0,1,酱
220,3,食材,39,40,黄
220,4,食材,225,227,豆油
220,5,食材,195,197,猪肉
220,6,食材,218,220,豆粉
220,7,食材,221,224,鸡蛋清
220,8,食材,228,230,甜酒
220,9,食材,231,233,花椒
220,10,食材,234,236,八角
220,11,食材,252,253,葱
220,12,食材,244,247,落花生
220,13,烹饪方法,21,22,腌
220,14,烹饪方法,36,37,煮
220,15,烹饪方法,97,98,泡
220,16,烹饪方法,163,164,煎
220,17,烹饪方法,156,157,擦
220,18,烹饪方法,133,134,卷
220,19,烹饪方法,295,296,蒸
220,20,烹饪方法,205,206,剡
220,21,食疗方,3,10,鸡蛋法
220,22,食疗方,64,74,白煮蛋法
221,1,食材,7,8,芝
221,2,食材,12,14,葱藻
221,3,食材,18,19,枣
221,4,食材,21,22,栗
221,5,食材,27,28,瓜
221,6,食材,30,31,梨
221,7,食材,97,98,鱼
221,8,食材,108,109,豚
221,9,食材,110,111,熊
221,10,食材,268,270,麋鹿
221,11,食材,270,272,田豕
221,12,食材,272,273,麝
221,13,食材,468,470,熊蹯
221,14,食材,91,92,盐
221,15,食材,92,93,梅
221,16,烹饪方法,26,27,削
221,17,烹饪方法,29,30,钻
221,18,烹饪方法,96,97,烹
221,19,烹饪方法,454,455,煮
221,20,古籍来源,79,82,《易》
221,21,古籍来源,87,90,《书》
221,22,古籍来源,100,103,《诗》
221,23,古籍来源,113,116,《传》
221,24,古籍来源,195,199,《礼记》
222,1,食材,7,8,乳
222,2,食材,171,173,乳皮
222,3,食材,124,128,好茶卤
222,4,食材,134,136,芝麻
222,5,食材,137,140,胡桃仁
222,6,食材,206,208,米醋
222,7,食材,164,165,盐
222,8,烹饪方法,4,6,烫洗
222,9,烹饪方法,13,14,挤
222,10,烹饪方法,19,21,烫热
222,11,烹饪方法,56,57,装
222,12,烹饪方法,65,67,烫滚
222,13,烹饪方法,71,72,打
222,14,烹饪方法,45,46,取
222,15,烹饪方法,110,112,煎化
222,16,烹饪方法,143,144,研
222,17,烹饪方法,148,149,筛
222,18,烹饪方法,150,151,调
222,19,烹饪方法,154,155,吃
222,20,烹饪方法,293,295,加盐
222,21,烹饪方法,211,213,和匀
222,22,烹饪方法,224,225,捏
222,23,烹饪方法,361,362,倾
222,24,功效,177,179,补益
222,25,食味,161,162,咸
222,26,古籍来源,371,373,原书
223,1,食材,0,7,荔枝肉
223,2,食材,10,11,肉
223,3,食材,18,20,白水
223,4,食材,31,34,荚油
223,5,食材,49,51,冷水
223,6,食材,70,71,酒
223,7,食材,74,76,清酱
223,8,食材,89,96,八宝肉
223,9,食材,39,40,肉
223,10,食材,129,131,鹰爪
223,11,食材,135,137,香蕈
223,12,食材,140,143,花海蜇
223,13,食材,148,151,胡桃肉
223,14,食材,154,158,去皮笋片
223,15,食材,162,164,火腿
223,16,食材,167,169,麻油
223,17,食材,180,182,秋油
223,18,食材,234,237,夹心肉
223,19,食材,254,256,鸡蛋
223,20,食材,183,184,酒
223,21,食材,287,293,糖醋蕃茄卤汁
223,22,食材,316,318,茶叶
223,23,食材,422,424,嫩茶
223,24,食材,409,414,龙井虾仁
223,25,食材,432,435,海蜇头
223,26,烹饪方法,11,12,切
223,27,烹饪方法,20,21,煮
223,28,烹饪方法,25,27,撩起
223,29,烹饪方法,30,31,熬
223,30,烹饪方法,42,44,炮透
223,31,烹饪方法,184,185,煨
223,32,烹饪方法,276,277,炸
223,33,烹饪方法,295,297,拌炒
223,34,烹饪方法,84,85,煮
223,35,古籍来源,337,341,负暄杂录
224,1,食材,366,367,鸡
224,2,食材,368,369,鱼
224,3,食材,370,371,鹅
224,4,食材,374,375,鸭
224,5,食材,399,401,甲鱼
224,6,烹饪方法,19,20,烹
224,7,烹饪方法,152,153,烧
224,8,烹饪方法,161,162,蒸
224,9,烹饪方法,15,16,杀
224,10,烹饪方法,22,23,熟
224,11,烹饪方法,25,26,吃
224,12,古籍来源,414,416,尚书
224,13,养生原则,402,404,暴殄
225,1,食材,1,3,白莱
225,2,食材,10,11,肉
225,3,食材,45,47,秋油
225,4,食材,48,49,酒
225,5,食材,57,59,木屑
225,6,食材,102,104,精肉
225,7,食材,110,112,清酱
225,8,食材,125,129,大虾肉
225,9,食材,133,135,猪油
225,10,食材,175,178,莱油
225,11,食材,202,204,秋油
225,12,食材,205,206,酒
225,13,食材,212,214,鸡汤
225,14,食材,229,231,蒸粉
225,15,食材,233,234,葱
225,16,食材,235,236,椒
225,17,食材,265,269,猪里脊肉
225,18,食材,274,278,熟火腿末
225,19,食材,286,290,捐生板油
225,20,食材,350,352,绿豆
225,21,食材,388,391,饭芡粉
225,22,烹饪方法,38,39,煨
225,23,烹饪方法,35,36,熏
225,24,烹饪方法,112,114,拖过
225,25,烹饪方法,167,169,煮熟
225,26,烹饪方法,195,197,灌熟
225,27,烹饪方法,218,220,熬滚
225,28,烹饪方法,318,320,淋谎
225,29,烹饪方法,354,355,臀
225,30,食疗方,93,100,芙蓉肉
225,31,古籍来源,243,247,杭州名莱
226,1,食材,16,18,鸡汁
226,2,食材,19,22,蘑菇汁
226,3,食材,26,28,燕窝
226,4,食材,170,172,海参
226,5,食材,115,117,肉汤
226,6,食材,140,142,香蕈
226,7,食材,144,146,木耳
226,8,食材,187,189,芥末
226,9,食材,209,211,笋丁
226,10,食材,228,231,豆腐皮
226,11,食材,232,234,鸡腿
226,12,食材,235,237,蘑菇
226,13,食材,254,256,鱼翅
226,14,食材,321,323,虾子
226,15,食材,329,331,香鼙
226,16,烹饪方法,95,96,煨
226,17,烹饪方法,260,261,煮
226,18,烹饪方法,192,193,拌
226,19,烹饪方法,323,325,红烧
226,20,烹饪方法,107,108,泡
226,21,烹饪方法,117,119,滚泡
226,22,烹饪方法,202,203,切
226,23,烹饪方法,218,220,煨作
226,24,古籍来源,340,342,观8
226,25,医家,177,180,钱观察
226,26,医家,222,225,蒋侍郎
228,1,食材,3,5,清酱
228,2,食材,6,8,酒娘
228,3,食材,19,21,鸡炀
228,4,食材,439,441,鲟鱼
228,5,食材,81,83,鳇鱼
228,6,食材,122,124,瓜羡
228,7,食材,126,128,葱花
228,8,食材,157,159,明骨
228,9,食材,168,170,鸡汤
228,10,食材,203,206,葱椒韭
228,11,食材,209,211,姜汁
228,12,食材,221,223,黄鱼
228,13,食材,228,230,酱酒
228,14,烹饪方法,0,1,煎
228,15,烹饪方法,62,63,煨
228,16,烹饪方法,80,81,炒
228,17,烹饪方法,92,94,切片
228,18,烹饪方法,95,97,油炮
228,19,烹饪方法,243,245,爆炒
228,20,烹饪方法,21,22,煮
228,21,烹饪方法,175,176,煨
228,22,禁忌,24,28,或去其背
228,23,禁忌,29,33,专取肚皮
228,24,禁忌,34,40,则真味全失矣
228,25,医家,47,51,尹文端公
228,26,医家,253,256,尹继菁
228,27,医家,77,79,唐氏
228,28,古籍来源,58,59,@
228,29,古籍来源,124,125,@
229,1,食材,13,15,豆粉
229,2,食材,329,332,绿豆粉
229,3,食材,37,38,肉
229,4,食材,354,355,酒
229,5,食材,356,357,盐
229,6,食材,358,360,味精
229,7,食材,364,366,淀粉
229,8,食材,392,394,肉片
229,9,食材,396,398,鸿片
229,10,食材,136,137,麸
229,11,古籍来源,125,130,《汉制考》
231,1,食材,13,15,甲鱼
231,2,烹饪方法,3,4,炒
231,3,烹饪方法,62,63,煮
231,4,烹饪方法,132,133,煎
231,5,烹饪方法,144,145,煨
231,6,食材,19,21,麻油
231,7,食材,26,28,秋油
231,8,食材,31,33,鸡汁
231,9,食材,48,49,酱
231,10,食材,78,79,葱
231,11,食材,79,80,椒
231,12,食材,123,125,脂油
231,13,食材,143,144,酒
231,14,食材,161,162,蒜
231,15,食材,168,169,姜
231,16,食材,170,171,糖
231,17,食材,225,228,大回香
231,18,食材,196,197,盐
231,19,食材,259,261,笋尖
231,20,食疗方,99,109,带骨甲鱼
231,21,古籍来源,38,45,真定魏太守家法
231,22,古籍来源,93,96,杭州法
231,23,古籍来源,282,289,苏州唐静涵家祛
232,1,食材,6,8,淡莱
232,2,食材,9,10,肉
232,3,食材,20,21,酒
232,4,食材,32,34,海螅
232,5,食材,43,45,虾米
232,6,食材,49,50,蛋
232,7,食材,82,84,河水
232,8,食材,95,97,鸡汤
232,9,食材,98,100,蘑菇
232,10,食材,70,73,鸟鱼蛋
232,11,食材,251,253,黑翳
232,12,食材,171,173,海螺
232,13,食材,178,180,海蜒
232,14,食味,13,14,鲜
232,15,烹饪方法,8,9,煨
232,16,烹饪方法,21,22,炒
232,17,烹饪方法,48,49,蒸
232,18,烹饪方法,159,160,炖
232,19,烹饪方法,126,127,煮
232,20,烹饪方法,155,157,浸泡
232,21,烹饪方法,162,164,煨食
232,22,烹饪方法,100,102,煨烂
232,23,烹饪方法,243,245,剥去
232,24,烹饪方法,261,263,冼净
232,25,烹饪方法,270,272,制汤
232,26,脏腑,18,19,心
232,27,医家,103,106,龚云岩
232,28,古籍来源,106,108,司马
233,1,食材,15,17,萝卜
233,2,食材,25,27,山笄
233,3,食材,37,39,刀鱼
233,4,食材,40,42,鲚鱼
233,5,食材,127,128,肉
233,6,食材,144,145,鸡
233,7,食材,146,147,鱼
233,8,食材,189,192,白煮肉
233,9,食材,207,208,粥
233,10,食材,213,214,米
233,11,食材,313,314,鸡
233,12,食材,469,470,鸭
233,13,食材,315,316,鱼
233,14,食材,136,137,肉
233,15,食材,494,496,笄蔬
233,16,食味,32,33,苦
233,17,功效,398,402,淡而无味
233,18,功效,216,220,汁浆不厚
233,19,功效,453,455,稀薄
233,20,烹饪方法,114,116,煎炒
233,21,烹饪方法,382,384,白煮
233,22,烹饪方法,405,406,煮
233,23,烹饪方法,179,180,炒
233,24,烹饪方法,223,225,拍水
233,25,烹饪方法,437,439,扣水
234,1,食材,84,86,羊肉
234,2,食材,14,16,猪肉
234,3,食材,21,23,核桃
234,4,食材,41,45,羊肉
234,5,食材,51,53,猪肉
234,6,烹饪方法,3,4,煨
234,7,烹饪方法,38,39,炒
234,8,烹饪方法,76,77,烧
234,9,烹饪方法,71,72,拌
234,10,古籍来源,256,258,庄子
234,11,古籍来源,260,263,列御寇
235,1,食材,6,8,青鱼
235,2,食材,38,40,芝麻
235,3,食材,73,75,鳐鱼
235,4,食材,160,167,黄姑鱼
235,5,食材,171,173,小鱼
235,6,烹饪方法,26,29,油煎
235,7,烹饪方法,37,38,炒
235,8,烹饪方法,40,42,滚拌
235,9,烹饪方法,19,20,腌
235,10,烹饪方法,86,88,压扁
235,11,烹饪方法,97,99,煎黄
235,12,烹饪方法,112,113,滚
235,13,烹饪方法,119,121,收汤
235,14,烹饪方法,195,196,蒸
235,15,食味,202,203,鲜
235,16,食疗方,62,66,家常煎鱼
236,1,食材,46,48,燕窝
236,2,食材,70,72,天泉
236,3,食材,88,91,嫩鸡汤
236,4,食材,93,96,火腿汤
236,5,食材,98,100,蘑菇
236,6,食材,149,151,肉丝
236,7,食材,152,154,鸡丝
236,8,食材,230,233,蘑菇丝
236,9,食材,234,237,笋尖丝
236,10,食材,238,242,鲫鱼肚
236,11,食材,243,245,野鸡
236,12,食材,261,263,冬瓜
236,13,食性,120,121,清
236,14,烹饪方法,76,77,泡
236,15,烹饪方法,82,83,挑
236,16,烹饪方法,74,75,滚
236,17,烹饪方法,199,200,撩
236,18,古籍来源,271,273,周礼
236,19,古籍来源,280,282,礼记
236,20,病症,212,217,乞儿卖富
237,1,食材,41,43,面筋
237,2,食材,51,53,鸡汤
237,3,食材,53,55,蘑菇
237,4,食材,78,80,冬笄
237,5,食材,81,84,天花
237,6,食材,112,114,虾米
237,7,食材,118,120,甜酱
237,8,食材,140,142,茄子
237,9,食材,153,155,猪油
237,10,食材,200,202,秋油
237,11,食材,230,232,麻油
237,12,食材,232,234,米醭
237,13,烹饪方法,46,47,炙
237,14,烹饪方法,56,57,煨
237,15,烹饪方法,74,75,炒
237,16,烹饪方法,66,67,泡
237,17,烹饪方法,68,69,切
237,18,烹饪方法,224,225,蒸
237,19,烹饪方法,195,196,灼
237,20,烹饪方法,202,204,炮炒
237,21,烹饪方法,234,235,拌
237,22,烹饪方法,260,261,氽
237,23,古籍来源,85,95,章濉树观察家制之最精
237,24,古籍来源,131,137,吴小谷广文家
237,25,古籍来源,177,182,卢八太爷家
238,1,食材,13,14,糖
238,2,食材,17,18,盐
238,3,食材,36,38,竹叶
238,4,食材,39,42,白糯米
238,5,食材,79,80,葱
238,6,食材,97,99,麻油
238,7,食材,128,130,韭菜
238,8,食材,152,154,水粉
238,9,食材,168,170,松仁
238,10,食材,172,175,核桃
238,11,食材,186,188,嫩肉
238,12,食材,214,216,糯米
238,13,烹饪方法,42,43,煮
238,14,烹饪方法,69,71,滚熟
238,15,烹饪方法,82,83,拌
238,16,烹饪方法,99,100,灼
238,17,烹饪方法,216,217,浸
238,18,烹饪方法,226,227,磨
238,19,烹饪方法,191,193,捶烂
238,20,食疗方,27,34,竹叶粽
238,21,食疗方,132,135,野鸡饼
238,22,古籍来源,107,110,眷圃方
239,1,食材,8,11,米泔水
239,2,食材,21,23,火腿
239,3,食材,39,42,鸡蛋清
239,4,食材,43,44,蜜
239,5,食材,45,47,酒娘
239,6,食材,93,95,鹿尾
239,7,食材,130,133,茶叶
239,8,烹饪方法,11,12,泡
239,9,烹饪方法,42,43,拌
239,10,烹饪方法,48,50,打掇
239,11,烹饪方法,57,58,蒸
239,12,烹饪方法,133,134,包
240,1,食材,32,33,疏
240,2,食材,340,341,稗
240,3,食材,65,66,盐
240,4,食材,66,67,梅
240,5,食材,491,492,鱼
240,6,食材,175,176,肺
240,7,古籍来源,249,251,诗经
240,8,古籍来源,53,54,易
240,9,古籍来源,62,63,书
240,10,古籍来源,70,72,乡党
240,11,古籍来源,74,76,内则
240,12,古籍来源,83,85,孟子
240,13,古籍来源,123,125,中庸
240,14,古籍来源,145,147,典论
240,15,古籍来源,479,481,仪礼
240,16,古籍来源,484,486,礼记
240,17,医家,9,11,周公
240,18,医家,24,26,凡伯
240,19,医家,313,315,袁枚
241,1,食材,5,7,台鲞
241,2,食材,47,49,鲜肉
241,3,食材,93,95,鲤鱼
241,4,食材,102,104,酒糟
241,5,食材,197,199,虾子
241,6,食材,205,207,白糖
241,7,食材,156,158,勒鲞
241,8,食材,230,232,鳓鱼
241,9,食材,240,242,绘鱼
241,10,食材,243,246,白鳞鱼
241,11,烹饪方法,50,51,煨
241,12,烹饪方法,69,70,冻
241,13,烹饪方法,95,96,腌
241,14,烹饪方法,173,175,晒干
241,15,烹饪方法,178,180,油煎
241,16,烹饪方法,207,208,蒸
241,17,禁忌,120,126,不可烧酒作泡
241,18,禁忌,127,135,用烧酒者不无辣味
242,1,食材,88,89,米
242,2,食材,130,133,香稻
242,3,食材,135,137,冬霜
242,4,食材,139,141,晚米
242,5,食材,143,146,观音籼
242,6,食材,148,151,桃花籼
242,7,烹饪方法,96,97,煮
242,8,烹饪方法,68,69,蒸
242,9,烹饪方法,179,180,淘
242,10,烹饪方法,192,194,揉擦
242,11,烹饪方法,225,226,闷
242,12,古籍来源,59,60,诗
242,13,古籍来源,338,340,大雅
242,14,古籍来源,342,344,生民
243,1,食材,11,14,落花生
243,2,烹饪方法,0,1,煮
243,3,烹饪方法,35,36,煨
243,4,食材,40,41,糖
243,5,食材,44,45,芡
243,6,食材,73,75,大枣
243,7,烹饪方法,75,77,煮熟
243,8,烹饪方法,82,84,搓碎
243,9,烹饪方法,85,86,装
243,10,食材,92,94,澄沙
243,11,食材,97,99,扁豆
243,12,食材,101,103,薏米
243,13,食材,107,110,核桃仁
243,14,烹饪方法,113,115,蒸透
243,15,食材,231,234,罗汉莱
243,16,食材,170,172,豆腐
243,17,食材,173,176,豆腐皮
243,18,食材,177,179,面筋
243,19,食材,180,182,粉条
243,20,食材,187,189,香油
243,21,烹饪方法,189,190,炸
243,22,烹饪方法,197,198,闷
243,23,古籍来源,246,250,太乙诸寺
243,24,医家,60,64,法舟上人
243,25,医家,219,222,鲜于枢
244,1,食材,2,4,熟水
244,2,食材,24,25,莱
244,3,食材,79,80,醋
244,4,食材,97,99,花椒
244,5,食材,100,102,八角
244,6,食材,103,105,莳萝
244,7,食材,105,107,草果
244,8,食材,109,110,盐
244,9,食材,128,130,莱菔
244,10,食材,136,138,生姜
244,11,食材,139,141,玉瓜
244,12,食材,143,145,豇豆
244,13,食材,146,148,刀豆
244,14,食材,149,151,茄子
244,15,食材,152,154,辣椒
244,16,食材,179,181,豆腐
244,17,食材,257,259,陈酒
244,18,食材,263,265,香油
244,19,食材,298,300,皂矾
244,20,烹饪方法,4,5,浸
244,21,烹饪方法,25,27,揉搓
244,22,烹饪方法,110,112,烧滚
244,23,烹饪方法,126,128,浸入
244,24,烹饪方法,181,182,晾
244,25,烹饪方法,6,7,切
244,26,烹饪方法,199,200,蒸
244,27,烹饪方法,245,247,撒匀
244,28,烹饪方法,281,283,封固
244,29,病症,374,377,蛇咬伤
244,30,古籍来源,41,43,原注
245,1,食材,45,47,蚕豆
245,2,食材,71,73,黄豆
245,3,食材,87,89,萝卜
245,4,食材,166,167,酒
245,5,烹饪方法,52,53,煮
245,6,烹饪方法,47,48,泡
245,7,烹饪方法,49,51,去皮
245,8,烹饪方法,196,198,烹调
245,9,病症,267,271,怕死贪生
245,10,古籍来源,303,305,孟子
246,1,食材,79,81,大豆
246,2,食材,128,130,麦面
246,3,食材,238,240,茴香
246,4,食材,241,243,花椒
246,5,功效,54,56,益入
246,6,功效,58,62,不生蛆虫
246,7,功效,64,68,经久不坏
246,8,功效,233,235,不坏
246,9,烹饪方法,21,22,煮
246,10,烹饪方法,173,174,浸
246,11,烹饪方法,163,164,晒
246,12,烹饪方法,86,87,煮
246,13,古籍来源,262,269,《荆楚岁时记》
247,1,食材,4,6,茴香
247,2,食材,7,9,花椒
247,3,食材,95,97,莱菔
247,4,食材,104,106,香油
247,5,食材,107,108,醋
247,6,食材,124,127,大黄豆
247,7,食材,157,159,苘香
247,8,食材,161,162,椒
247,9,食材,192,195,大黑豆
247,10,食材,361,363,楮叶
247,11,食材,234,236,小香
247,12,食材,237,239,砂仁
247,13,食材,240,243,紫苏叶
247,14,食材,247,250,苦杏仁
247,15,食材,255,257,陈皮
247,16,食材,258,260,甘草
247,17,食材,266,268,生姜
247,18,食材,273,276,干瓜丁
247,19,食材,283,286,陈酱油
247,20,食材,290,292,绍酒
247,21,食材,298,300,白蔻
247,22,食材,348,351,鲜胡豆
247,23,食材,383,385,黄酒
247,24,食材,187,189,辣椒
247,25,食味,116,117,咸
247,26,食味,182,183,辛
247,27,烹饪方法,131,132,煮
247,28,烹饪方法,385,386,炒
247,29,烹饪方法,173,174,晒
247,30,烹饪方法,84,85,浸
247,31,烹饪方法,88,89,切
247,32,烹饪方法,108,109,拌
247,33,烹饪方法,215,216,覆
247,34,烹饪方法,378,379,拭
247,35,食疗方,338,347,制胡豆瓣
248,1,食材,4,5,鹑
248,2,食材,95,97,肉食
248,3,食材,124,126,瓠瓜
248,4,食材,147,148,腐
248,5,食材,189,191,肥腻
248,6,食材,154,155,肉
248,7,食材,517,519,萝卜
248,8,食材,520,522,芥菜
248,9,食材,546,548,莱苗
248,10,食材,634,636,白菜
248,11,食材,603,605,野鸭
248,12,食材,607,609,熊掌
248,13,烹饪方法,126,127,蒸
248,14,烹饪方法,187,189,烹煮
248,15,烹饪方法,314,316,烹调
248,16,烹饪方法,62,63,食
248,17,养生原则,104,106,素食
248,18,养生原则,166,168,清素
248,19,古籍来源,471,478,韦巨源《食谱》
248,20,古籍来源,503,512,杨万里的蔬莱食单
248,21,医家,117,119,陆游
248,22,医家,337,341,晋武帝
248,23,医家,527,529,何曾
248,24,医家,557,559,薛包
249,1,食材,11,14,鲜蚕豆
249,2,食材,45,52,干蚕豆
249,3,食材,97,99,白糖
249,4,食材,133,136,白扁豆
249,5,食材,177,180,洋薏米
249,6,食材,25,27,香油
249,7,食材,63,65,冬莱
249,8,食材,66,67,莱
249,9,烹饪方法,0,1,炒
249,10,烹饪方法,86,87,煮
249,11,烹饪方法,93,95,压碎
249,12,烹饪方法,146,148,研碎
249,13,烹饪方法,161,162,收
249,14,烹饪方法,114,116,拌匀
249,15,功效,38,40,鲜美
249,16,功效,104,106,甘美
249,17,功效,166,168,腴厚
250,1,食材,8,10,莱菔
250,2,食材,16,19,水莱菔
250,3,食材,23,25,香油
250,4,食材,31,33,酱油
250,5,食材,100,102,莱花
250,6,食材,201,202,姜
250,7,食材,204,206,豆粉
250,8,食材,212,214,觅粉
250,9,食材,171,178,陕酉天红弹莱菔
250,10,烹饪方法,25,26,炸
250,11,烹饪方法,33,34,炙
250,12,烹饪方法,130,131,炒
250,13,烹饪方法,133,134,烀
250,14,烹饪方法,192,193,煮
250,15,烹饪方法,196,197,揉
250,16,烹饪方法,220,221,炸
251,1,食材,6,8,豆腐
251,2,食材,14,16,高汤
251,3,食材,17,19,料酒
251,4,食材,20,22,酱油
251,5,食材,88,90,腐竹
251,6,食材,101,103,蘑菇
251,7,食材,114,116,腐皮
251,8,食材,117,119,笄尖
251,9,食材,120,122,笄片
251,10,食材,147,149,豆腐
251,11,食材,154,156,笄丁
251,12,食材,157,161,小芥莱丁
251,13,食材,170,171,盐
251,14,食材,196,199,豆腐丝
251,15,食材,216,218,高汤
251,16,食材,219,221,笄丝
251,17,食材,174,176,酱油
251,18,食材,229,230,醋
251,19,食材,226,228,酱油
251,20,食材,257,259,豆腐
251,21,食材,236,237,油
252,1,食材,2,4,肥脓
252,2,食材,9,11,蔬飧
252,3,食材,25,29,露苗雨甲
252,4,食材,41,43,珍羞
252,5,食材,182,184,莼莱
252,6,食材,185,187,雍莱
252,7,食材,190,192,罗勒
252,8,食材,239,240,桃
252,9,食材,241,242,梨
252,10,食材,243,244,桔
252,11,食材,245,246,柑
252,12,食材,247,249,蒲桃
252,13,食材,252,254,苹果
252,14,食材,528,529,瓜
252,15,食材,217,219,果旋
252,16,烹饪方法,270,272,油炸
252,17,烹饪方法,275,276,糖
252,18,古籍来源,415,424,《晋书`孝武带纪》
253,1,食材,249,252,树花莱
253,2,食材,58,61,石花莱
253,3,食材,265,268,葛仙米
253,4,食材,285,287,竹松
253,5,食材,181,183,竹荪
253,6,食材,145,149,小豆腐丁
253,7,食材,218,221,嫩豆腐
253,8,食材,222,226,玉兰片
253,9,食材,355,356,芡
253,10,食味,38,39,辛
253,11,烹饪方法,67,68,浸
253,12,烹饪方法,29,30,翦
253,13,烹饪方法,96,97,煨
253,14,烹饪方法,190,191,淬
253,15,烹饪方法,122,124,水发
253,16,烹饪方法,126,127,沥
253,17,功效,139,141,清腴
253,18,功效,206,210,清脆腴美
253,19,功效,317,319,鲜美
253,20,病症,321,324,高血压
253,21,病症,325,329,胆固醇高
253,22,病症,340,343,肥胖症
254,1,食材,259,261,蕨菜
254,2,食材,67,70,小儿拳
254,3,食材,93,95,高汤
254,4,食材,113,117,笋衣
254,5,食材,173,176,玉兰片
254,6,食材,211,213,石花
254,7,烹饪方法,74,75,浸
254,8,烹饪方法,95,96,煨
254,9,烹饪方法,233,234,煮
254,10,烹饪方法,124,125,淬
254,11,古籍来源,39,45,《随园食单》
255,1,食材,30,31,栗
255,2,食材,50,52,莲子
255,3,食材,68,72,银杏
255,4,食材,75,77,白果
255,5,食材,124,126,山药
255,6,食材,126,128,票子
255,7,食材,186,189,落花生
255,8,食味,10,11,甜
255,9,食味,102,103,咸
255,10,食味,55,56,甘
255,11,食味,106,107,腴
255,12,烹饪方法,1,2,炙
255,13,烹饪方法,34,35,煮
255,14,烹饪方法,129,130,煨
255,15,食疗方,141,144,金玉羹
255,16,古籍来源,157,161,山家清供
255,17,医家,13,16,刘心斋
256,1,食材,0,1,面
256,2,食材,5,7,面条
256,3,食材,10,12,索饼
256,4,食材,15,17,汤饼
256,5,食材,61,62,碱
256,6,食材,125,126,油
256,7,食材,150,153,桢条面
256,8,食材,227,229,面片
256,9,食材,231,233,面旗
256,10,食材,264,266,高汤
256,11,食材,377,379,玉米
256,12,食性,161,162,平
256,13,烹饪方法,98,99,浇
256,14,烹饪方法,65,66,揉
256,15,烹饪方法,73,74,撵
256,16,烹饪方法,79,80,切
256,17,烹饪方法,86,87,煮
256,18,烹饪方法,139,140,扯
256,19,烹饪方法,248,249,激
256,20,烹饪方法,253,254,晾
256,21,烹饪方法,260,261,炸
256,22,烹饪方法,267,268,煨
256,23,烹饪方法,388,389,碾
256,24,食疗方,354,361,玉米粥
256,25,古籍来源,277,282,袁文诚遗法
257,1,食材,69,71,山药
257,2,食材,28,30,冰糖
257,3,食材,41,43,白糖
257,4,食材,85,87,澄沙
257,5,食材,211,213,山芋
257,6,食材,186,188,酱油
257,7,烹饪方法,11,13,去皮
257,8,烹饪方法,14,15,切
257,9,烹饪方法,21,22,灼
257,10,烹饪方法,43,44,炒
257,11,烹饪方法,73,75,煮熟
257,12,烹饪方法,76,77,捣
257,13,烹饪方法,91,92,蒸
257,14,烹饪方法,94,96,翻碗
257,15,烹饪方法,188,189,烹
257,16,烹饪方法,194,195,煨
257,17,烹饪方法,230,232,捣成
257,18,食疗方,0,10,拔丝山药
257,19,食疗方,203,210,山芋圆
260,1,食材,262,267,猩猩的嘴唇
260,2,食材,270,273,獾獾鸟
260,3,食材,279,286,隽燕尾部朐肉
260,4,食材,288,293,述荡的肘子
260,5,食材,295,299,旄牛尾巴
260,6,食材,300,305,大象的鼻子
260,7,食材,308,314,流沙的酉面
260,8,食材,315,320,丹山的前部
260,9,食材,323,327,凤凰的卵
260,10,食材,348,354,洞庭湖的鳟鱼
260,11,食材,357,362,东海的鲡鱼
260,12,食材,445,451,昆仑山的蓣草
260,13,食材,453,459,寿树鞠果实
260,14,食材,462,468,指姑山的东面
260,15,食材,488,494,馀瞀山的南边
260,16,食材,517,519,嘉树
260,17,食材,527,533,华阳山的芸莱
260,18,食材,535,541,云梦洚的芹莱
260,19,食材,544,550,太湖的膂粜
260,20,食材,612,614,鳢鱼
260,21,食材,615,617,鲔鱼
260,22,食味,64,65,甘
260,23,食味,66,67,酸
260,24,食味,68,69,苦
260,25,食味,70,71,辛
260,26,食味,72,73,咸
260,27,食味,238,239,淡
260,28,烹饪方法,275,276,烤
266,1,食材,262,267,猩猩的嘴唇
266,2,食材,270,273,獾獾鸟
266,3,食材,279,286,隽燕尾部朐肉
266,4,食材,288,293,述荡的肘子
266,5,食材,295,299,旄牛尾巴
266,6,食材,300,305,大象的鼻子
266,7,食材,308,314,流沙的酉面
266,8,食材,315,320,丹山的前部
266,9,食材,323,327,凤凰的卵
266,10,食材,348,354,洞庭湖的鳟鱼
266,11,食材,357,362,东海的鲡鱼
266,12,食材,445,451,昆仑山的蓣草
266,13,食材,453,459,寿树鞠果实
266,14,食材,527,533,华阳山的芸莱
266,15,食材,535,541,云梦洚的芹莱
266,16,食材,544,550,太湖的膂粜
266,17,食材,612,614,鳢鱼
266,18,食材,615,617,鲔鱼
266,19,食味,64,65,甘
266,20,食味,66,67,酸
266,21,食味,68,69,苦
266,22,食味,70,71,辛
266,23,食味,72,73,咸
266,24,食味,238,239,淡
266,25,烹饪方法,275,276,烤
266,26,功效,202,206,久而不败
266,27,功效,207,211,熟而不烂
266,28,功效,212,217,甜而不过头
266,29,功效,219,225,酸而不强烈
266,30,功效,226,231,咸而不涩嘴
266,31,功效,232,237,辛而不刺激
266,32,功效,245,250,肥而不腻口
267,1,食材,9,10,莱
267,2,食材,28,29,芸
267,3,食材,35,36,芹
267,4,食材,40,41,菁
267,5,食材,47,48,草
267,6,食材,66,67,姜
267,7,食材,73,74,桂
267,8,食材,79,80,菡
267,9,食材,85,86,醢
267,10,食材,92,93,盐
267,11,食材,97,98,露
267,12,食材,109,110,卵
267,13,食材,122,123,禾
267,14,食材,130,131,粟
267,15,食材,135,136,襟
267,16,食材,141,142,矩
267,17,食材,155,157,若磐
267,18,古籍来源,25,27,阴华
267,19,古籍来源,31,33,云梦
267,20,古籍来源,37,39,具区
267,21,古籍来源,43,45,浸渊
267,22,古籍来源,62,64,阴朴
267,23,古籍来源,69,71,招摇
267,24,古籍来源,75,78,越骆
267,25,古籍来源,82,84,鳢鲔
267,26,古籍来源,88,90,大夏
267,27,古籍来源,94,96,宰揭
267,28,古籍来源,106,108,长搡
267,29,古籍来源,119,121,玄山
267,30,古籍来源,125,127,不周
267,31,古籍来源,132,134,附山
267,32,古籍来源,138,140,蔚滋
267,33,古籍来源,150,152,三危
270,1,食材,0,1,盐
270,2,食材,6,8,花根
270,3,食材,127,129,黄米
270,4,食材,170,172,干糟
270,5,食材,204,205,米
270,6,烹饪方法,5,6,炒
270,7,烹饪方法,132,133,煮
270,8,烹饪方法,64,65,蒸
270,9,烹饪方法,153,154,拌
270,10,烹饪方法,167,168,榨
270,11,烹饪方法,46,47,压
270,12,食疗方,198,201,七七醑
270,13,古籍来源,124,126,腊月
271,1,食材,15,17,小茄
271,2,食材,101,104,嫩黑茄
271,3,食材,167,170,嫩大茄
271,4,食材,162,163,肉
271,5,食材,136,138,白糖
271,6,食材,139,141,椒末
271,7,食材,132,133,油
271,8,食材,118,119,酱
271,9,食材,234,236,汁汤
271,10,烹饪方法,106,107,蒸
271,11,烹饪方法,114,116,压干
271,12,烹饪方法,236,238,烧熟
271,13,烹饪方法,41,43,拌匀
271,14,烹饪方法,127,129,晾去
271,15,烹饪方法,228,230,迭入
271,16,烹饪方法,112,114,取出
271,17,烹饪方法,187,189,挖出
271,18,烹饪方法,212,214,调和
271,19,烹饪方法,242,244,取起
271,20,烹饪方法,336,338,封罐
271,21,食疗方,93,100,蝙蝠茄
272,1,食材,3,4,柿
272,2,食材,20,21,盐
272,3,食材,49,51,杏仁
272,4,食材,60,62,香油
272,5,食材,86,88,核桃
272,6,食材,95,97,莱油
272,7,食材,100,102,厚酱
272,8,食材,104,106,白糖
272,9,食材,107,110,砂仁
272,10,食材,111,113,茴香
272,11,食材,38,39,酒
272,12,食材,256,258,茄子
272,13,食材,164,165,酱
272,14,食材,166,167,醋
272,15,烹饪方法,0,1,腌
272,16,烹饪方法,52,53,泡
272,17,烹饪方法,62,63,炸
272,18,烹饪方法,97,98,炒
272,19,烹饪方法,117,118,烧
272,20,烹饪方法,154,155,焯
272,21,烹饪方法,157,158,制
272,22,烹饪方法,168,169,拌
272,23,食味,57,58,苦
273,1,食材,26,29,胡桃肉
273,2,食材,33,35,白糖
273,3,食材,54,57,江米饭
273,4,食材,89,91,黄橙
273,5,食材,150,152,生面
273,6,食材,153,156,绿豆粉
273,7,食材,162,165,薄荷末
273,8,烹饪方法,35,36,捣
273,9,烹饪方法,53,54,蒸
273,10,烹饪方法,103,104,煮
273,11,烹饪方法,182,184,烘烤
273,12,烹饪方法,301,302,炖
274,1,食材,7,16,冰瓮芥莱
274,2,食材,17,18,莱
274,3,食材,44,46,姜丝
274,4,食材,47,49,茴香
274,5,食材,50,52,椒末
274,6,食材,57,59,香油
274,7,食材,136,145,水闭瓮莱
274,8,食材,146,150,大科白莱
274,9,食材,167,170,花椒
274,10,食材,218,223,覆水辣芥莱
274,11,食材,224,227,莱嫩心
274,12,食材,25,26,盐
274,13,烹饪方法,238,239,炒
274,14,烹饪方法,26,27,腌
274,15,烹饪方法,33,34,揉
274,16,烹饪方法,37,38,晾
274,17,烹饪方法,52,53,拌
274,18,烹饪方法,74,75,筑
274,19,烹饪方法,192,193,灌
274,20,烹饪方法,227,228,切
274,21,烹饪方法,151,152,晒
275,1,食材,39,40,豆
275,2,食材,41,44,罗卜丁
275,3,食材,55,56,笋
275,4,食材,73,75,酱油
275,5,食材,125,126,糟
275,6,食材,133,137,上白江米
275,7,食味,127,128,甜
275,8,烹饪方法,38,39,煮
275,9,烹饪方法,45,46,晒
275,10,烹饪方法,141,142,浸
275,11,烹饪方法,145,147,淘挣
275,12,烹饪方法,148,149,蒸
275,13,烹饪方法,152,154,摊衿
276,1,食材,0,2,牛乳
276,2,食材,16,17,水
276,3,食材,36,38,核祧
276,4,食材,86,87,盐
276,5,食材,88,89,酒
276,6,食材,103,105,鸡子
276,7,食材,146,148,小麦
276,8,食材,111,114,羊牛肉
276,9,食材,117,119,胡祧
276,10,烹饪方法,23,24,蒸
276,11,烹饪方法,66,67,煮
276,12,烹饪方法,89,91,拌炒
276,13,烹饪方法,158,159,捞
276,14,烹饪方法,178,179,沥
276,15,古籍来源,193,199,籀($ 山)
277,1,食材,16,18,青梅
277,2,食材,67,70,甘草
277,3,食材,74,75,盐
277,4,食材,86,88,生姜
277,5,食材,102,104,青椒
277,6,食材,115,118,红干椒
277,7,食材,171,174,粗麻布
277,8,食材,183,184,锡
277,9,烹饪方法,79,80,炒
277,10,烹饪方法,99,101,捣碎
277,11,烹饪方法,129,131,炒拌
277,12,烹饪方法,169,170,浸
277,13,烹饪方法,181,182,纳
279,1,食材,4,6,鲜肉
279,2,食材,8,10,败者
279,3,食材,13,15,鲜酱
279,4,食材,16,18,鲜笋
279,5,食材,19,21,蔬丽
279,6,食材,29,31,鲜者
279,7,食材,157,158,荤
279,8,食材,160,164,大料
279,9,食材,165,167,官桂
279,10,食材,167,169,良姜
279,11,食材,169,171,荜拨
279,12,食材,174,176,陈皮
279,13,食材,176,178,草蔻
279,14,食材,179,181,香砂
279,15,食材,188,189,茴
279,16,食性,436,437,热
279,17,食味,387,388,辛
279,18,烹饪方法,88,90,烹调
279,19,烹饪方法,97,99,去腥
279,20,烹饪方法,103,105,增味
279,21,烹饪方法,142,144,操刀
279,22,禁忌,113,117,用不得宜
279,23,禁忌,118,122,反以拗味
280,1,食材,42,43,笋
280,2,食材,77,79,笋肉
280,3,食材,19,20,肉
280,4,食材,66,70,饼子料肉
280,5,食材,83,84,箬
280,6,食材,87,89,砻糠
280,7,食材,133,135,笋肉
280,8,食材,45,46,笋
280,9,食材,179,180,盐
280,10,烹饪方法,4,6,磨粉
280,11,烹饪方法,10,12,调汤
280,12,烹饪方法,14,16,顿蛋
280,13,烹饪方法,18,19,拌
280,14,烹饪方法,58,59,挖
280,15,烹饪方法,71,73,灌满
280,16,烹饪方法,75,76,切
280,17,烹饪方法,79,81,塞好
280,18,烹饪方法,84,85,包
280,19,烹饪方法,90,92,煨热
280,20,烹饪方法,128,129,熏
280,21,烹饪方法,136,138,煮熟
280,22,烹饪方法,181,183,揉透
280,23,烹饪方法,165,166,擘
280,24,食味,145,146,淡
280,25,功效,122,124,味美
281,1,食材,153,155,麻姑
281,2,食材,19,22,甜酒娘
281,3,食材,23,25,酱油
281,4,食材,224,226,香蕈
281,5,食材,121,122,笋
281,6,烹饪方法,16,18,蒸熟
281,7,烹饪方法,25,26,泡
281,8,烹饪方法,49,52,熬油炒
281,9,烹饪方法,142,143,切
281,10,烹饪方法,151,152,晒
281,11,烹饪方法,235,236,炒
281,12,烹饪方法,89,90,沥
281,13,烹饪方法,26,27,醉
281,14,功效,29,32,美哉
281,15,功效,115,117,妙品
282,1,食材,3,4,桃
282,2,食材,55,57,麦面
282,3,食材,61,62,盐
282,4,食材,92,93,杏
282,5,食材,126,127,李
282,6,烹饪方法,54,55,煮
282,7,烹饪方法,98,99,研
282,8,烹饪方法,101,102,绞
282,9,烹饪方法,107,108,晒
282,10,食疗方,43,50,藏桃法
282,11,古籍来源,171,176,滩(心路)
282,12,古籍来源,208,213,酢(64)
282,13,古籍来源,223,233,拶(广46 者阴平)
284,1,食材,3,4,椒
284,2,食材,6,8,臼糖
284,3,食材,9,10,姜
284,4,食材,12,13,葱
284,5,食材,15,17,菊叶
284,6,食材,26,27,蟹
284,7,食材,75,76,稻
284,8,食材,102,104,山药
284,9,食材,105,107,百合
284,10,食材,109,112,羊眼豆
284,11,食材,123,124,鳖
284,12,烹饪方法,67,68,煮
284,13,烹饪方法,94,95,蒸
284,14,烹饪方法,181,183,挑开
284,15,病症,190,192,腹痛
284,16,禁忌,60,63,蟹浸多
284,17,禁忌,186,189,若食之
285,1,古籍来源,238,241,南齐书
285,2,古籍来源,374,377,清异录
285,3,古籍来源,591,593,论语
285,4,古籍来源,489,493,魏文帝昭
285,5,古籍来源,508,512,明遒杂志
285,6,医家,220,222,虞惊
285,7,医家,380,383,段文昌
285,8,食材,22,25,醒酒鲭
285,9,食材,278,280,扁米
285,10,病症,322,325,体不快
285,11,养生原则,57,62,勿多戕物命
285,12,养生原则,70,75,勿暴殄天物
285,13,养生原则,103,108,以浩为务
285,14,养生原则,109,114,以卫生为本
286,1,食材,1,3,白盐
286,2,食材,6,7,姜
286,3,食材,36,37,葱
286,4,食材,37,38,韭
286,5,食材,12,14,汤饼
286,6,食材,56,59,百岁羹
286,7,食材,101,104,子母蔗
286,8,食材,142,145,龙须莱
286,9,食材,115,117,瓮莱
286,10,烹饪方法,5,6,捣
286,11,烹饪方法,7,9,揽匀
286,12,烹饪方法,10,11,泼
286,13,烹饪方法,154,155,浇
286,14,烹饪方法,34,36,炼熟
286,15,食疗方,18,24,余杭寿禅师祛
286,16,医家,186,191,余杭寿禅师
287,1,食材,0,1,莲
287,2,食材,106,108,鲫鱼
287,3,食材,110,112,鲤鱼
287,4,食材,117,119,碧箭
287,5,食材,120,122,菊苗
287,6,食材,156,157,鱼
287,7,食疗方,17,21,莲花饼馅
287,8,食疗方,98,101,缕子脍
287,9,食疗方,142,145,自然羹
287,10,医家,11,13,郭进
287,11,医家,95,97,宋龟
287,12,古籍来源,398,401,瓜蔬疏
289,1,食材,59,60,鸡
289,2,食材,6,8,鱼白
289,3,食材,148,150,鲤鱼
289,4,食材,151,154,黄鱼
289,5,食材,167,169,羊胃
289,6,食材,29,30,鱼
289,7,食材,240,242,羊肉
289,8,食材,35,36,乳
289,9,食材,45,48,丁子香
289,10,食材,57,58,葱
289,11,食材,58,59,醋
289,12,食材,407,411,吴兴鲤鱼
289,13,食材,85,86,彘
289,14,食材,463,466,夹心肉
289,15,烹饪方法,133,134,拌
289,16,烹饪方法,136,138,烹制
289,17,烹饪方法,284,286,酿制
289,18,烹饪方法,48,49,淋
289,19,烹饪方法,331,333,腌制
289,20,烹饪方法,84,85,蒸
289,21,烹饪方法,466,468,剁碎
289,22,食疗方,0,3,凤凰胎
289,23,食疗方,12,16,羊皮花丝
289,24,食疗方,24,27,逡巡酱
289,25,食疗方,275,278,乳酿鱼
289,26,食疗方,316,321,丁子香淋脍
289,27,食疗方,379,382,葱醋鸡
289,28,食疗方,67,72,吴兴连带鲱
289,29,食疗方,80,83,西江料
289,30,古籍来源,51,53,腊别
290,1,食材,13,15,八珍
290,2,食材,146,148,淖熬
290,3,食材,149,152,淖母
290,4,食材,153,155,炮豚
290,5,食材,156,158,炮烊
290,6,食材,159,161,捣珍
290,7,食材,162,163,溃
290,8,食材,164,165,熬
290,9,食材,203,205,醍醐
290,10,食材,207,209,盾沆
290,11,食材,210,214,野驼蹄
290,12,食材,215,217,鹿唇
290,13,食材,218,221,驼乳糜
290,14,食材,222,225,天鹅炙
290,15,食材,226,229,紫玉浆
290,16,食材,230,233,玄玉浆
290,17,食材,240,243,马奶子
290,18,食材,250,252,龙肝
290,19,食材,253,255,凤髓
290,20,食材,256,258,豹胎
290,21,食材,259,261,鲤尾
290,22,食材,262,264,鹗炙
290,23,食材,265,267,猩唇
290,24,食材,269,271,熊掌
290,25,食材,272,275,酥酪蝉
290,26,食材,11,12,酱
290,27,食材,20,21,醋
290,28,食材,83,85,水产
290,29,食材,85,87,陆贩
290,30,食疗方,89,91,八珍
290,31,古籍来源,119,128,周礼 .夭官.膳夫
290,32,古籍来源,181,184,辍耕录
290,33,医家,114,116,郑玄
290,34,医家,175,178,陶宗仪
291,1,食材,48,51,双弓米
291,2,食材,32,33,糜
291,3,食材,102,104,肥崭
291,4,食材,94,97,卷子生
291,5,食材,316,318,散竹
291,6,食材,125,128,麦穗生
291,7,医家,7,10,单公洁
291,8,医家,63,65,萧琏
291,9,古籍来源,83,85,虞惊
291,10,古籍来源,86,88,谢讽
292,1,食材,7,9,鹑子
292,2,食材,147,149,糟驴
292,3,食材,286,288,牛犊
292,4,食材,43,44,羊
292,5,食材,45,46,豕
292,6,食材,47,48,牛
292,7,食材,49,50,熊
292,8,食材,50,51,鹿
292,9,食材,60,62,羊肉
292,10,食材,62,64,肠脏
292,11,食材,65,67,豆英
292,12,食材,78,80,群物
292,13,食材,91,93,茼血
292,14,食材,446,448,网油
292,15,食材,559,561,肘肉
292,16,烹饪方法,122,123,烤
292,17,烹饪方法,124,126,煎炸
292,18,烹饪方法,17,18,蒸
292,19,烹饪方法,31,32,炙
292,20,烹饪方法,314,316,细切
292,21,烹饪方法,344,345,裹
292,22,烹饪方法,348,349,烤
292,23,烹饪方法,76,78,薄治
292,24,烹饪方法,83,84,烹
292,25,烹饪方法,448,450,缠裹
292,26,烹饪方法,494,495,压
292,27,烹饪方法,577,579,煮熬
292,28,病症,13,14,寒
293,1,食材,45,46,鱼
293,2,食材,65,68,荔枝仁
293,3,食材,112,113,羹
293,4,食材,146,147,脯
293,5,食材,183,184,鲱
293,6,食材,480,482,鱼片
293,7,病症,106,108,时疫
293,8,医家,142,145,仇士良
293,9,烹饪方法,200,201,罔
293,10,烹饪方法,25,26,剔
293,11,烹饪方法,58,59,倾
293,12,烹饪方法,443,444,腌
293,13,烹饪方法,457,461,装缸发酵
296,1,医家,21,23,胡适
296,2,医家,107,112,河阳释法常
297,1,食材,0,1,瓜
297,2,古籍来源,91,93,吴越
297,3,病症,104,105,暑
298,1,食材,11,12,茶
300,1,食材,19,20,韭
300,2,食材,73,74,葱
300,3,食材,120,122,甘草
300,4,医家,8,10,杜颐
300,5,古籍来源,127,130,文言曰
303,1,食材,8,9,韭
303,2,食材,51,52,葱
303,3,食材,53,54,蒜
303,4,食材,86,89,香椿头
303,5,食材,147,149,韭莱
303,6,食材,329,331,香椿
303,7,食材,112,113,蒜
303,8,食材,110,111,葱
303,9,食材,203,205,韭莱
303,10,食材,433,436,韭莱芽
303,11,食材,471,473,萝卜
303,12,烹饪方法,477,479,切丝
303,13,烹饪方法,483,484,拌
303,14,病症,504,506,打嗳
303,15,病症,103,105,秽气
303,16,禁忌,11,19,禁其终而不禁其始
303,17,禁忌,378,383,绝对不吃焖
303,18,禁忌,410,417,禁止用老了的
303,19,养生原则,297,307,洁身自好为人处世
304,1,食材,45,47,米饭
304,2,食材,53,55,面食
304,3,食材,271,273,饼子
304,4,食材,280,282,面条
304,5,食材,317,318,油
304,6,食材,319,320,盐
304,7,食材,321,322,酱
304,8,食材,323,324,醋
304,9,食材,514,516,椒末
304,10,食材,543,547,芝麻屑
304,11,食材,524,525,笋
304,12,食材,529,530,蕈
304,13,食材,532,533,虾
304,14,功效,77,79,养脾
304,15,功效,82,84,补心
304,16,病症,120,122,嘴巴
304,17,脏腑,139,140,脾
304,18,脏腑,138,139,心
304,19,食疗方,452,455,五香面
304,20,食疗方,459,462,八珍面
304,21,烹饪方法,523,524,煮
304,22,烹饪方法,610,611,擀
304,23,烹饪方法,288,289,切
304,24,烹饪方法,552,554,搅拌
304,25,古籍来源,68,71,本草
307,1,食材,60,61,鸡
307,2,食材,62,63,鱼
307,3,食材,64,65,虾
307,4,食材,80,82,鲜笄
307,5,食材,83,85,香蕈
307,6,食材,85,87,芝麻
307,7,食材,89,91,花椒
307,8,食材,120,121,酱
307,9,食材,122,123,醋
307,10,食材,288,289,笋
307,11,食材,494,495,藕
307,12,食材,495,496,葛
307,13,食材,498,499,蕨
307,14,食材,500,502,绿豆
307,15,食材,404,407,鸡蛋清
307,16,烹饪方法,72,73,晒
307,17,烹饪方法,99,100,捣
307,18,烹饪方法,337,338,碾
307,19,烹饪方法,280,281,煮
307,20,烹饪方法,516,517,调
307,21,食疗方,51,53,八珍
307,22,食疗方,377,379,五香
307,23,禁忌,300,303,忌讳油
307,24,养生原则,534,544,"有仓卒客,无仓卒尘人"
308,1,食材,149,150,米
308,2,食材,164,166,米汤
308,3,食材,109,110,粥
308,4,食材,98,99,饭
308,5,食材,240,241,酒
308,6,食材,479,482,鲜花露
308,7,食材,681,683,香橼
308,8,食材,684,686,桂花
308,9,食材,697,699,玫瑰
308,10,食材,565,567,五谷
308,11,烹饪方法,23,24,煎
308,12,烹饪方法,108,109,煮
308,13,烹饪方法,218,219,熬
308,14,烹饪方法,95,96,烧
308,15,烹饪方法,612,613,浇
308,16,烹饪方法,501,502,闷
308,17,烹饪方法,506,508,拌匀
308,18,烹饪方法,513,514,盛
308,19,养生原则,315,322,屯持调理饮食
308,20,养生原则,367,373,火候调得均匀
310,1,食材,7,9,谷米
310,2,食材,136,138,蔷薇
310,3,食材,139,141,香橼
310,4,食材,103,105,桂花
310,5,食材,112,114,玫瑰
310,6,食材,170,171,粥
310,7,食材,172,173,饭
310,8,食材,561,562,米
310,9,食味,607,608,酸
310,10,烹饪方法,335,336,煮
310,11,烹饪方法,343,344,烧
310,12,烹饪方法,78,79,浇
310,13,烹饪方法,539,541,煮粥
310,14,烹饪方法,549,551,煮饭
311,1,食材,146,148,羊肉
311,2,食材,546,548,人参
311,3,食材,153,155,黄芪
311,4,功效,159,161,补气
311,5,功效,164,166,补形
311,6,病症,128,130,枵腹
311,7,病症,214,218,胀而欲裂
311,8,脏腑,222,223,脾
311,9,脏腑,189,190,腹
311,10,古籍来源,139,141,本草
312,1,食材,35,36,鱼
312,2,食材,286,289,陈黄酒
312,3,食材,290,292,酱油
312,4,食材,299,301,酱瓜
312,5,食材,302,304,生姜
312,6,食材,305,307,香颦
312,7,食材,308,310,竹笋
312,8,食材,404,405,虾
312,9,食材,424,426,甘草
312,10,食材,457,458,笋
312,11,烹饪方法,26,27,烧
312,12,烹饪方法,271,272,蒸
312,13,烹饪方法,438,439,焯
312,14,烹饪方法,521,522,醉
312,15,烹饪方法,524,525,糟
312,16,食味,3,4,鲜
312,17,养生原则,554,560,治国若烹小鲜
314,1,食材,24,26,雄鸭
314,2,功效,71,75,保养身体
314,3,食材,108,110,野禽
314,4,食材,118,120,家味
314,5,食材,137,139,野味
314,6,食材,292,293,雉
314,7,食材,294,295,雁
314,8,食材,296,297,鸠
314,9,食材,298,299,鸽
314,10,食材,300,302,黄雀
314,11,食材,303,305,鹩鹑
314,12,食材,110,112,野兽
314,13,食材,335,336,兔
314,14,食材,339,340,麝
314,15,食材,341,342,鹿
314,16,食材,343,344,熊
314,17,食材,345,346,虎
314,18,烹饪方法,161,162,食
314,19,烹饪方法,286,287,尝
314,20,古籍来源,453,456,易.颐
315,1,食材,8,10,蔷薇
315,2,食材,11,13,香橼
315,3,食材,14,16,桂花
315,4,食材,119,120,饭
315,5,食材,58,59,羹
315,6,食材,54,55,汤
315,7,食材,166,167,酒
315,8,食材,241,243,肴馔
315,9,食材,499,501,小莱
315,10,食味,30,31,香
315,11,功效,144,146,下饭
315,12,功效,442,444,下馔
315,13,功效,345,346,消
315,14,养生原则,366,372,吃饭不可无羹
315,15,养生原则,480,492,"宁可食无馔,不可饭无汤"
316,1,食材,81,82,米
316,2,食材,82,83,麦
316,3,食材,89,92,粉面
316,4,食材,278,279,面
316,5,功效,304,306,养脾
316,6,功效,309,311,补心
316,7,脏腑,351,352,脾
316,8,脏腑,350,351,心
316,9,古籍来源,25,29,《论语》
316,10,古籍来源,293,297,《本草》
318,1,食材,27,29,鹎肉
318,2,食材,31,33,獐肉
318,3,食材,35,37,鹿肉
318,4,食材,38,40,猪肉
318,5,食材,43,45,羊肉
318,6,食材,79,81,面粉
318,7,食材,94,96,竹筒
318,8,食材,180,185,鸡鸭蛋蛋白
318,9,食材,203,205,蛋白
318,10,食材,242,245,鸭蛋黄
318,11,食材,251,254,鸡蛋黄
318,12,食材,260,262,银朱
318,13,食材,276,283,鸡鸭翅的羽毛
318,14,食材,360,362,芦荻
318,15,食材,442,444,白鱼
318,16,食材,447,449,鲇鱼
318,17,食材,450,452,鳢鱼
318,18,食材,458,460,鱼片
318,19,食材,537,538,蒜
318,20,食材,546,547,姜
318,21,食材,549,551,花椒
318,22,食材,553,555,桔皮
318,23,食材,558,560,豆豉
318,24,食材,566,568,竹筒
318,25,食材,569,570,木
318,26,食材,587,588,油
318,27,食材,593,594,绢
318,28,烹饪方法,1,2,炙
318,29,烹饪方法,5,7,筒炙
318,30,烹饪方法,14,16,黄炙
318,31,烹饪方法,47,49,斫碎
318,32,烹饪方法,49,50,炒
318,33,烹饪方法,146,147,烤
318,34,烹饪方法,103,104,削
318,35,烹饪方法,524,525,舂
318,36,烹饪方法,232,233,涂
318,37,烹饪方法,284,285,刷
318,38,烹饪方法,334,335,挤
318,39,烹饪方法,362,363,包
318,40,烹饪方法,368,369,扎
318,41,烹饪方法,371,372,铺
318,42,烹饪方法,428,430,饼炙
318,43,烹饪方法,500,501,割
318,44,烹饪方法,509,511,洗净
318,45,烹饪方法,561,563,和匀
318,46,烹饪方法,270,271,涂
318,47,烹饪方法,594,595,垫
318,48,食疗方,57,59,陷炙
318,49,禁忌,412,418,"面多了,味酸"
318,50,禁忌,419,425,"少了,环相黏"
319,1,食材,40,42,豆子
319,2,食材,235,239,糯米小曲
319,3,食材,243,244,盐
319,4,食材,309,312,矫桑叶
319,5,食材,116,117,豆
319,6,食材,490,494,鲜芥草
319,7,食材,696,699,春小麦
319,8,烹饪方法,45,46,洗
319,9,烹饪方法,49,50,浸
319,10,烹饪方法,57,58,漉
319,11,烹饪方法,61,62,蒸
319,12,烹饪方法,84,85,铺
319,13,烹饪方法,159,160,撒
319,14,烹饪方法,168,169,掸
319,15,烹饪方法,175,176,画
319,16,烹饪方法,188,190,聚拢
319,17,烹饪方法,190,192,摊开
319,18,烹饪方法,262,264,拌和
319,19,烹饪方法,270,271,捏
319,20,烹饪方法,312,313,塞
319,21,烹饪方法,330,332,密封
319,22,烹饪方法,347,348,倒
319,23,烹饪方法,404,405,晒
319,24,烹饪方法,383,384,炊
319,25,烹饪方法,536,538,浸湿
319,26,烹饪方法,321,322,按
319,27,烹饪方法,564,565,掘
319,28,烹饪方法,586,587,烧
319,29,烹饪方法,161,162,盖
319,30,烹饪方法,623,624,封
319,31,烹饪方法,702,703,磨
319,32,烹饪方法,708,710,拌和
319,33,烹饪方法,728,730,按碎
319,34,烹饪方法,372,373,洒
319,35,古籍来源,0,4,《食经》
321,1,食材,12,13,鱼
321,2,食材,184,185,鹅
321,3,食材,186,187,雁
321,4,食材,188,189,鸡
321,5,食材,191,192,鸭
321,6,食材,193,194,鸽
321,7,食材,196,197,鹘
321,8,食材,198,200,野鸭
321,9,食材,201,203,野鸡
321,10,食材,204,205,兔
321,11,食材,208,210,鹌鹑
321,12,食材,274,275,牛
321,13,食材,275,276,羊
321,14,食材,577,578,鲇
321,15,食材,579,580,鳢
321,16,食味,75,76,酸
321,17,食味,533,534,甜
321,18,烹饪方法,115,116,煨
321,19,烹饪方法,135,136,捶
321,20,烹饪方法,277,278,煮
321,21,烹饪方法,77,78,浸
321,22,烹饪方法,371,372,烤
321,23,烹饪方法,367,369,阴干
321,24,烹饪方法,116,117,熟
321,25,食疗方,169,172,五味脯
321,26,食疗方,439,441,胞脯
321,27,食疗方,541,543,挹鱼
322,1,食材,43,45,芜菁
322,2,食材,46,48,蜀芥
322,3,食材,200,202,黍米
322,4,食材,84,86,麦锐
322,5,食材,4,5,菹
322,6,食材,157,159,蒸茎
322,7,食材,160,162,莱吁
322,8,食材,205,207,麦莸
322,9,食材,227,229,菘莱
322,10,食材,321,325,脂麻油
322,11,食材,391,394,干蔓菁
322,12,食材,384,387,蘖菹
322,13,食材,523,525,莱菜
322,14,食味,20,21,咸
322,15,食味,189,190,逍
322,16,烹饪方法,24,25,煮
322,17,烹饪方法,69,70,舂
322,18,烹饪方法,86,87,捣
322,19,烹饪方法,253,254,烫
322,20,烹饪方法,18,19,洗
322,21,烹饪方法,274,275,漉
322,22,烹饪方法,52,53,浸
322,23,烹饪方法,97,98,铺
322,24,烹饪方法,586,587,封
322,25,食疗方,218,220,汤菹
322,26,食疗方,356,358,藤菹
323,1,食材,3,4,糗
323,2,食材,68,69,米
323,3,食材,116,118,白饮
323,4,食材,127,128,盐
323,5,食材,56,57,勃
323,6,食材,138,140,折米
323,7,烹饪方法,0,1,煮
323,8,烹饪方法,35,36,厌
323,9,烹饪方法,44,45,淅
323,10,烹饪方法,47,48,漉
323,11,烹饪方法,54,55,春
323,12,烹饪方法,85,86,投
323,13,烹饪方法,96,97,合
323,14,烹饪方法,234,235,淋
323,15,食疗方,6,8,煮糗
323,16,古籍来源,10,12,食次
324,1,食材,0,2,姜末
324,2,食材,4,5,肉
324,3,食材,17,18,肾
324,4,食材,42,43,姜
324,5,食材,87,88,葱
324,6,食材,91,92,椒
324,7,食材,93,95,梏皮
324,8,食材,96,98,胡芹
324,9,食材,99,101,小蒜
324,10,食材,109,110,盐
324,11,食材,110,111,醋
324,12,食材,167,172,车辙中乾士
324,13,食材,229,231,猪肉
324,14,食材,231,233,羊肉
324,15,食材,221,222,芋
324,16,食材,269,271,葱白
324,17,食材,297,299,粳米
324,18,食材,307,309,豉汁
324,19,食材,313,315,苦酒
324,20,食材,351,352,鸭
324,21,食材,404,408,木兰皮
324,22,食材,468,469,酒
324,23,食材,478,479,鳖
324,24,食材,418,419,豉
324,25,食味,161,162,咸
324,26,烹饪方法,245,246,煮
324,27,烹饪方法,19,20,切
324,28,烹饪方法,265,266,蒸
324,29,烹饪方法,103,105,细切
324,30,烹饪方法,106,107,锻
324,31,烹饪方法,285,287,煮熟
324,32,烹饪方法,446,448,调和
324,33,烹饪方法,451,453,煮好
324,34,古籍来源,213,217,《食经》
325,1,食材,13,14,葱
325,2,食材,15,16,盐
325,3,食材,17,19,豉汁
325,4,食材,24,27,羊板油
325,5,食材,47,49,老牛
325,6,食材,51,53,百叶
325,7,食材,161,163,羊肉
325,8,食材,149,151,大肠
325,9,食材,176,178,葱白
325,10,食材,187,188,姜
325,11,食材,189,191,花椒
325,12,食材,290,292,橘皮
325,13,食材,296,298,酱瓜
325,14,食材,269,271,猪肉
325,15,食材,331,333,肉汤
325,16,食材,376,378,小猪
325,17,食材,440,444,肥鸭子肉
325,18,食材,455,458,鱼酱汁
325,19,食材,301,302,葱
325,20,食材,569,570,蜜
325,21,食材,528,530,箬叶
325,22,烹饪方法,37,38,烤
325,23,烹饪方法,329,330,煮
325,24,烹饪方法,310,311,捣
325,25,烹饪方法,84,85,烤
325,26,烹饪方法,120,121,烤
325,27,烹饪方法,549,551,压榨
325,28,烹饪方法,228,229,烤
325,29,烹饪方法,577,578,刷
325,30,食疗方,41,44,牛胲炙
325,31,食疗方,137,139,灌肠
325,32,食疗方,254,257,跳丸炙
325,33,食疗方,361,364,膦炙怼
325,34,古籍来源,246,248,食经
327,1,食材,5,6,醋
327,2,食材,14,15,笋
327,3,食材,44,45,葵
327,4,食材,62,63,菘
327,5,食材,123,126,糯米饭
327,6,食材,155,157,小麦
327,7,食材,217,219,白米
327,8,食材,209,210,瓜
327,9,食材,297,299,小瓜
327,10,食材,302,304,豆豉
327,11,食材,376,378,酒糟
327,12,食材,369,371,越瓜
327,13,食材,492,496,老白冬瓜
327,14,食材,545,547,杌皮
327,15,食材,548,550,鸟梅
327,16,烹饪方法,6,8,煮熟
327,17,烹饪方法,9,10,浸
327,18,烹饪方法,31,32,作
327,19,烹饪方法,121,122,煮
327,20,烹饪方法,126,128,摊冷
327,21,烹饪方法,140,141,浇
327,22,烹饪方法,223,225,煮成
327,23,烹饪方法,252,254,抹净
327,24,烹饪方法,257,258,投
327,25,烹饪方法,310,312,破开
327,26,烹饪方法,322,323,铺
327,27,烹饪方法,339,340,封
327,28,烹饪方法,385,386,淹
327,29,烹饪方法,398,399,揩
327,30,烹饪方法,497,499,削掉
327,31,烹饪方法,513,514,切
327,32,烹饪方法,533,534,铺
327,33,烹饪方法,541,543,盖着
327,34,烹饪方法,551,553,煮成
327,35,食疗方,480,484,藏梅瓜法
327,36,古籍来源,165,173,崔蹇《四民月令》
327,37,古籍来源,201,205,《食经》
328,1,食材,23,25,狗肉
328,2,食材,28,30,小麦
328,3,食材,34,36,白酒
328,4,食材,79,81,鸡蛋
328,5,食材,154,156,牛头
328,6,食材,157,159,鹿头
328,7,食材,160,163,小猪脚
328,8,食材,223,225,猪蹄
328,9,食材,243,246,鸡鸭蛋
328,10,食材,249,250,姜
328,11,食材,251,253,花椒
328,12,食材,257,258,盐
328,13,食材,295,298,生鸭蛋
328,14,食材,321,322,茅
328,15,烹饪方法,39,40,煮
328,16,烹饪方法,101,102,蒸
328,17,烹饪方法,111,113,压榨
328,18,烹饪方法,325,326,绑
328,19,烹饪方法,74,75,打
328,20,食疗方,13,15,犬牒
328,21,食疗方,145,147,苞牒
328,22,古籍来源,5,9,《食经》
328,23,古籍来源,138,142,《食次》
329,1,食材,44,45,猪
329,2,食材,46,47,鸡
329,3,食材,48,50,鸭肉
329,4,食材,500,501,葱
329,5,食材,75,76,姜
329,6,食材,77,79,橘皮
329,7,食材,80,82,胡芹
329,8,食材,83,85,小蒜
329,9,食材,96,97,醋
329,10,食材,131,133,小猪
329,11,食材,260,263,酸浆水
329,12,食材,339,341,面粉
329,13,烹饪方法,71,72,煮
329,14,烹饪方法,61,62,炒
329,15,烹饪方法,158,159,烫
329,16,烹饪方法,185,186,拔
329,17,烹饪方法,193,194,剃
329,18,烹饪方法,207,209,刮削
329,19,烹饪方法,222,224,揩擦
329,20,烹饪方法,485,486,斩
329,21,烹饪方法,511,512,炒
329,22,烹饪方法,127,128,煮
329,23,烹饪方法,431,432,浸
330,1,食材,5,6,米
330,2,食材,178,179,姜
330,3,食材,184,185,桂
330,4,食材,189,190,蜜
330,5,食材,268,269,曲
330,6,食材,347,348,水
330,7,食味,180,181,辛
330,8,食味,186,187,辣
330,9,食味,191,192,甜
330,10,食味,196,197,苦
330,11,烹饪方法,17,18,炊
330,12,烹饪方法,21,23,淘洗
330,13,烹饪方法,32,33,馏
330,14,烹饪方法,59,61,搅拌
330,15,烹饪方法,70,71,封
330,16,烹饪方法,321,322,捣
330,17,烹饪方法,330,331,筛
330,18,烹饪方法,373,374,舂
330,19,烹饪方法,395,396,泡
330,20,烹饪方法,472,473,蒸
330,21,烹饪方法,550,552,调和
330,22,烹饪方法,579,580,打
330,23,食疗方,248,252,酿礤米酎
331,1,食材,22,25,猪羊肉
331,2,食材,14,16,芋子
331,3,食材,51,53,葱白
331,4,食材,65,67,粳米
331,5,食材,70,71,盐
331,6,食材,75,76,豉
331,7,食材,80,82,苦酒
331,8,食材,104,105,鸭
331,9,食材,116,118,羊肉
331,10,食材,129,130,芊
331,11,食材,134,136,梏皮
331,12,食材,139,141,木兰
331,13,食材,146,148,生姜
331,14,食材,157,158,米
331,15,食材,185,186,鳖
331,16,食材,201,203,羊肉
331,17,食材,125,126,葱
331,18,食材,151,152,豉
331,19,食材,215,217,粳米
331,20,食材,223,225,木兰
331,21,食材,178,179,酒
331,22,食材,236,237,盐
331,23,食材,238,240,苦酒
331,24,食材,250,252,猪蹄
331,25,食材,206,207,葱
331,26,食材,211,212,豉
331,27,食材,281,283,苦酒
331,28,食材,284,285,盐
331,29,食材,295,296,饧
331,30,食材,305,307,羊蹄
331,31,食材,317,319,羊肉
331,32,食材,276,277,葱
331,33,食材,278,279,豉
331,34,食材,333,334,米
331,35,食材,342,344,生姜
331,36,食材,347,349,桔皮
331,37,食材,355,356,兔
331,38,食材,323,324,葱
331,39,食材,389,390,米
331,40,食材,395,396,盐
331,41,食材,327,328,豉
331,42,食材,399,401,苦酒
331,43,食材,418,420,肉葵
331,44,烹饪方法,33,34,煮
331,45,烹饪方法,47,48,蒸
331,46,烹饪方法,59,61,合煮
331,47,烹饪方法,163,166,调其味
331,48,烹饪方法,264,267,煮令烂
331,49,烹饪方法,268,270,擘去
331,50,古籍来源,9,13,《食经》
332,1,食材,2,4,鳢鱼
332,2,食材,32,33,莼
332,3,食材,35,36,豉
332,4,食材,38,39,盐
332,5,食材,42,43,醋
332,6,食材,43,44,菹
332,7,食材,92,93,菌
332,8,食材,142,143,葱
332,9,食材,159,161,肥肉
332,10,食材,353,355,猪肠
332,11,食材,270,271,姜
332,12,食材,272,274,桔皮
332,13,食材,275,276,椒
332,14,食材,279,280,酒
332,15,食材,61,62,米
332,16,食材,288,290,米汁
332,17,食材,326,328,米糁
332,18,烹饪方法,26,27,煮
332,19,烹饪方法,55,56,熬
332,20,烹饪方法,65,66,切
332,21,烹饪方法,110,111,劈
332,22,烹饪方法,37,38,溃
332,23,烹饪方法,182,184,细擘
332,24,烹饪方法,362,363,断
332,25,烹饪方法,1,2,破
332,26,烹饪方法,398,400,斜切
332,27,食疗方,45,48,憨鸭羹
332,28,食疗方,170,174,笄舞鱼粪
332,29,食疗方,208,211,鳢鱼豚
332,30,食疗方,294,297,鳢鱼腰
332,31,食疗方,350,352,脸臌
333,1,烹饪方法,246,247,曝
333,2,烹饪方法,253,254,收
333,3,烹饪方法,356,357,浸
333,4,烹饪方法,326,327,酿
333,5,烹饪方法,584,585,淘
333,6,古籍来源,189,193,神曲滔方
333,7,古籍来源,500,503,清曲祛
334,1,食材,1,3,杏酪
334,2,食材,5,6,饧
334,3,食材,9,12,地黄粱
334,4,食材,31,32,醴
334,5,食材,103,106,杏酪粥
334,6,食材,111,114,宿矿麦
334,7,食材,170,172,胡豆
334,8,食材,210,212,杏仁
334,9,食材,250,253,干牛粪
334,10,食材,275,279,秆@麦米
334,11,食材,437,439,稻麦
334,12,烹饪方法,0,1,煮
334,13,烹饪方法,221,222,研
334,14,烹饪方法,229,230,滤
334,15,烹饪方法,289,290,搅
334,16,烹饪方法,180,181,曝
334,17,烹饪方法,208,209,打
334,18,烹饪方法,215,216,脱
334,19,烹饪方法,253,254,燃
334,20,烹饪方法,263,264,沸
334,21,烹饪方法,412,413,盛
334,22,烹饪方法,400,401,覆
334,23,烹饪方法,225,226,和
334,24,食味,87,88,甘
334,25,食味,386,387,苦
334,26,食味,53,54,淖
334,27,食性,58,59,赤
334,28,禁忌,21,28,不尔:劐黑恶
334,29,古籍来源,78,80,傅日
335,1,食材,1,2,鱼
335,2,食材,15,16,糁
335,3,食材,53,54,竹
335,4,食材,111,112,荆
335,5,食材,207,209,荷叶
335,6,食材,281,283,茱萸
335,7,食材,430,432,橘皮
335,8,食材,433,434,姜
335,9,食材,416,418,糈米
335,10,食材,459,461,干鱼
335,11,烹饪方法,306,308,盐腌
335,12,烹饪方法,315,316,漉
335,13,烹饪方法,378,379,炊
335,14,烹饪方法,233,234,浸
335,15,烹饪方法,527,528,斩
335,16,食疗方,340,345,长沙蒲鲱法
335,17,食疗方,399,404,夏月鱼蚱祛
336,1,食材,21,22,肉
336,2,食材,104,105,盐
336,3,食材,106,107,曲
336,4,食材,132,133,麦
336,5,食材,187,188,猪
336,6,食材,232,233,脂
336,7,食材,290,291,酒
336,8,食材,274,275,麻
336,9,食材,355,356,韭
336,10,食材,409,411,酒糟
336,11,烹饪方法,164,165,煮
336,12,烹饪方法,261,262,熘
336,13,烹饪方法,460,461,炒
336,14,烹饪方法,365,366,炙
336,15,烹饪方法,149,150,封
336,16,烹饪方法,154,155,曝
337,1,食材,6,7,鲱
337,2,食材,58,60,鲤鱼
337,3,烹饪方法,0,1,作
337,4,烹饪方法,117,118,脔
337,5,烹饪方法,216,218,片斩
337,6,烹饪方法,270,272,浸冼
337,7,烹饪方法,294,296,挣冼
337,8,烹饪方法,364,365,炙
337,9,烹饪方法,397,398,炊
337,10,烹饪方法,434,436,合和
337,11,烹饪方法,438,439,搅
337,12,烹饪方法,323,324,迮
337,13,食材,306,308,白盐
337,14,食材,378,379,糁
337,15,食材,399,401,米饭
337,16,食材,422,424,茱萸
337,17,食材,425,427,棱皮
337,18,食材,429,430,酒
337,19,食材,453,455,橘皮
337,20,食性,36,37,咸
338,1,食材,49,51,小麦
338,2,烹饪方法,60,61,炒
338,3,烹饪方法,147,148,磨
338,4,烹饪方法,197,198,溲
338,5,烹饪方法,233,234,捣
338,6,烹饪方法,259,260,踏
338,7,烹饪方法,266,267,刺
338,8,烹饪方法,184,185,曝
338,9,烹饪方法,365,366,晒
338,10,食疗方,14,17,春酒曲
339,1,食材,15,16,葵
339,2,食材,16,17,崧
339,3,食材,17,19,芜菁
339,4,食材,19,21,蜀芥
339,5,食材,12,13,莱
339,6,食材,148,150,黍米
339,7,食材,155,156,麦
339,8,食材,258,260,菘莱
339,9,食材,371,374,干蔓菁
339,10,食材,384,385,粱
339,11,食性,21,22,咸
339,12,食味,47,48,咸
339,13,食味,232,233,淡
339,14,烹饪方法,121,122,煮
339,15,烹饪方法,279,280,炸
339,16,烹饪方法,322,323,熬
339,17,烹饪方法,383,384,浸
339,18,烹饪方法,291,292,洗
339,19,烹饪方法,294,295,漉
339,20,烹饪方法,314,315,濯
339,21,食疗方,3,4,菹
339,22,食疗方,252,254,汤菹
339,23,食疗方,345,347,蘸菹
340,1,食材,22,24,小麦
340,2,食材,90,92,胡臬
340,3,食材,412,414,大麦
340,4,食材,450,451,米
340,5,烹饪方法,7,8,蒸
340,6,烹饪方法,134,135,曝
340,7,烹饪方法,227,228,溲
340,8,烹饪方法,61,62,摊
340,9,烹饪方法,249,250,布
340,10,烹饪方法,81,82,覆
340,11,烹饪方法,349,350,收
340,12,烹饪方法,370,371,煮
340,13,烹饪方法,395,396,酃
340,14,古籍来源,419,423,《盂子》
341,1,食材,56,59,鸡鸭白
341,2,食材,93,96,鸭子黄
341,3,食材,104,107,鸡子黄
341,4,食材,168,170,芦狨
341,5,食材,205,206,面
341,6,食材,227,229,生鱼
341,7,食材,231,233,白鱼
341,8,食材,236,237,鲇
341,9,食材,238,239,鳢
341,10,食材,291,292,蒜
341,11,食材,296,297,姜
341,12,食材,298,299,椒
341,13,食材,300,303,桔皮
341,14,食材,304,305,盐
341,15,食材,306,307,豉
341,16,烹饪方法,38,39,炙
341,17,烹饪方法,60,61,灌
341,18,烹饪方法,12,13,削
341,19,烹饪方法,125,126,刷
341,20,烹饪方法,285,286,春
341,21,烹饪方法,355,356,煎
341,22,烹饪方法,259,260,按
341,23,烹饪方法,383,384,翻
341,24,烹饪方法,253,254,仰
341,25,烹饪方法,268,269,割
341,26,烹饪方法,279,281,挣洗
341,27,烹饪方法,308,309,和
341,28,烹饪方法,324,325,涂
341,29,烹饪方法,328,329,藉
341,30,烹饪方法,338,339,装
341,31,烹饪方法,350,351,倒
341,32,烹饪方法,365,366,置
341,33,烹饪方法,152,153,断
341,34,烹饪方法,173,174,束
341,35,古籍来源,0,2,竹筒
341,36,古籍来源,221,223,饼炙
342,1,食材,0,1,醴
342,2,食材,3,4,酪
342,3,食材,191,192,粥
342,4,食材,327,330,肥猎肉
342,5,食材,332,333,脂
342,6,烹饪方法,5,6,煮
342,7,烹饪方法,301,302,燃
342,8,烹饪方法,352,355,揩拭
342,9,烹饪方法,366,367,洗
342,10,食疗方,161,163,謇食
342,11,养生原则,197,203,不必耍茌褰食
343,1,食材,16,17,豆
343,2,食材,7,8,黍
343,3,食材,341,344,矫桑叶
343,4,食材,447,448,米
343,5,食材,647,649,小麦
343,6,病症,77,79,伤寒
343,7,古籍来源,120,122,食经
343,8,古籍来源,416,418,家理
343,9,古籍来源,694,699,麦蜿黄蒸祛
344,1,食材,0,4,王瓜
344,2,食材,54,57,生玉瓜
344,3,食材,58,60,茄子
344,4,食材,7,9,壬瓜
344,5,食材,184,186,黄瓜
344,6,烹饪方法,15,19,挂煤火上
344,7,烹饪方法,47,49,舾干
344,8,烹饪方法,71,72,酱
344,9,烹饪方法,86,88,醯菹
344,10,古籍来源,122,124,月令
344,11,古籍来源,365,367,礼记
344,12,古籍来源,375,379,吕氏春秋
345,1,食材,3,7,香橼
345,2,食材,58,60,白果
345,3,食材,61,63,小芋
345,4,食材,64,67,黄腊
345,5,食材,207,209,白糖
345,6,食材,124,126,橙子
345,7,食材,141,143,生姜
345,8,食材,152,154,甘草
345,9,食材,157,159,檀香
345,10,食材,191,193,橙皮
345,11,食材,231,234,干山药
345,12,食材,252,255,白梅肉
345,13,烹饪方法,13,14,剪
345,14,烹饪方法,88,89,浸
345,15,烹饪方法,96,97,煮
345,16,烹饪方法,102,103,拌
345,17,烹饪方法,108,109,蒸
345,18,烹饪方法,112,113,捣
345,19,烹饪方法,81,82,切
345,20,烹饪方法,149,150,焙
345,21,烹饪方法,177,178,碾
345,22,烹饪方法,200,201,绞
345,23,烹饪方法,217,219,切片
345,24,食疗方,72,79,香橼膏
345,25,食疗方,118,122,橙饼
346,1,食材,14,16,官桂
346,2,食材,18,20,陈皮
346,3,食材,21,24,鲜桔皮
346,4,食材,25,27,橙皮
346,5,食材,29,31,良姜
346,6,食材,33,35,干姜
346,7,食材,37,39,生姜
346,8,食材,41,43,姜汁
346,9,食材,44,46,姜粉
346,10,食材,48,50,胡椒
346,11,食材,52,54,砂仁
346,12,食材,55,57,川椒
346,13,食材,59,61,花椒
346,14,食材,63,65,地椒
346,15,食材,67,69,辣椒
346,16,食材,71,73,小茴
346,17,食材,75,77,大茴
346,18,食材,78,80,草果
346,19,食材,82,84,荜拨
346,20,食材,86,88,甘草
346,21,食材,89,92,肉豆蔻
346,22,食材,93,95,白芷
346,23,食材,97,99,桂皮
346,24,食材,101,103,红曲
346,25,食材,105,107,神曲
346,26,食材,109,110,甘
346,27,食材,111,112,松
346,28,食材,114,117,草豆蔻
346,29,食材,118,120,檀香
346,30,食材,168,170,白糖
346,31,食材,172,175,黑泌糟
346,32,食材,177,179,紧苏
346,33,食材,181,182,葱
346,34,食材,184,186,元荽
346,35,食材,188,190,莳萝
346,36,食材,192,193,蒜
346,37,食材,195,196,韭
346,38,食材,239,241,红豆
346,39,食材,262,264,豆豉
346,40,烹饪方法,251,252,研
346,41,烹饪方法,257,259,拌匀
346,42,烹饪方法,260,262,加入
346,43,功效,131,133,去腥
346,44,功效,137,139,增味
346,45,禁忌,151,155,反增拗味
346,46,食疗方,125,127,香料
346,47,古籍来源,274,279,本条中记戴
347,1,食材,181,183,白莱
347,2,食材,279,281,白菜
347,3,食材,148,150,梅菜
347,4,食材,155,158,黄芽莱
347,5,食材,28,29,盐
347,6,食材,113,115,河水
347,7,食性,48,49,寒
347,8,烹饪方法,14,15,腌
347,9,烹饪方法,129,130,晒
347,10,烹饪方法,124,125,烧
347,11,烹饪方法,139,140,蒸
347,12,烹饪方法,133,135,切碎
347,13,烹饪方法,158,159,醯
347,14,禁忌,190,193,勿见水
347,15,禁忌,56,57,多
347,16,养生原则,37,42,可放到来春
347,17,养生原则,259,262,可长久
348,1,食材,19,20,鹅
348,2,食材,30,31,姜
348,3,食材,32,33,椒
348,4,食材,34,36,茴香
348,5,食材,82,84,猪蹄
348,6,食材,85,86,鸡
348,7,食材,102,104,香油
348,8,食材,122,123,葱
348,9,食材,213,215,黄雀
348,10,食材,259,261,笋芽
348,11,食材,262,264,嫩姜
348,12,食材,193,195,糟油
348,13,食材,197,199,酱醋
348,14,烹饪方法,22,23,煮
348,15,烹饪方法,27,28,切
348,16,烹饪方法,38,39,装
348,17,烹饪方法,57,58,按
348,18,烹饪方法,62,63,扎
348,19,烹饪方法,123,125,裹缠
348,20,烹饪方法,235,236,挖
348,21,烹饪方法,254,255,漂
348,22,烹饪方法,7,8,饨
348,23,烹饪方法,273,274,炖
348,24,烹饪方法,150,153,重汤煮
348,25,烹饪方法,156,157,扎
348,26,烹饪方法,192,193,加
349,1,食材,44,46,面筋
349,2,食材,14,16,香料
349,3,食材,17,18,酒
349,4,食材,53,55,猪油
349,5,食材,61,63,香油
349,6,食材,71,73,椒盐
349,7,食材,97,99,糟油
349,8,食材,100,102,酒酿
349,9,食材,8,9,麸
349,10,食材,133,135,甜酱
349,11,食材,149,151,鲜虾
349,12,食材,171,174,白糖
349,13,食材,163,165,虾米
349,14,烹饪方法,6,8,蒸熟
349,15,烹饪方法,21,22,煮
349,16,烹饪方法,129,130,榨
349,17,烹饪方法,33,34,煎
349,18,烹饪方法,55,56,炸
349,19,烹饪方法,74,75,拌
349,20,烹饪方法,104,105,浸
349,21,烹饪方法,201,202,烘
349,22,烹饪方法,428,429,炖
349,23,食味,344,345,甘
349,24,食味,345,346,辛
349,25,食性,349,350,温
349,26,功效,352,354,益气
349,27,功效,355,357,生津
349,28,功效,358,360,活血
349,29,功效,362,364,发痘
349,30,古籍来源,205,207,面脯
349,31,古籍来源,66,68,笊起
349,32,古籍来源,289,293,入齿有声
349,33,古籍来源,317,319,酒酿
349,34,古籍来源,387,389,抹挣
349,35,古籍来源,406,408,人浸
349,36,古籍来源,187,188,顿
350,1,食材,3,4,盐
350,2,食材,13,14,梅
350,3,食味,17,19,五味
350,4,食味,319,320,咸
350,5,烹饪方法,7,9,调鼎
350,6,烹饪方法,33,35,烹饪
350,7,烹饪方法,60,61,煮
350,8,烹饪方法,91,92,捞
350,9,烹饪方法,134,135,晒
350,10,烹饪方法,151,152,磨
350,11,烹饪方法,157,158,罗
350,12,烹饪方法,207,208,蒸
350,13,食疗方,183,189,甜酱方
350,14,古籍来源,271,273,尚书
350,15,古籍来源,275,278,说命下
351,1,食材,0,1,桃
351,2,食材,51,53,麦面
351,3,食材,57,58,盐
351,4,食材,115,118,乌鸡血
351,5,食材,101,103,桃花
351,6,食材,143,145,圆眼
351,7,烹饪方法,50,51,煮
351,8,烹饪方法,68,69,熬
351,9,烹饪方法,122,123,涂
351,10,烹饪方法,146,147,针
351,11,功效,35,37,香美
351,12,功效,125,127,光白
351,13,功效,128,132,润泽如玉
351,14,功效,165,167,肉满
352,1,食材,4,6,猪肚
352,2,食材,7,9,小肠
352,3,食材,16,18,香蕈
352,4,食材,47,49,莲肉
352,5,食材,50,52,百合
352,6,食材,53,56,白糯米
352,7,食材,60,62,薏米
352,8,食材,77,81,猪腿精肉
352,9,食材,163,165,羊肉
352,10,食材,176,178,核桃
352,11,食材,239,242,薏仁米
352,12,烹饪方法,18,20,磨粉
352,13,烹饪方法,21,22,拌
352,14,烹饪方法,25,26,装
352,15,烹饪方法,31,32,缝
352,16,烹饪方法,38,39,煮
352,17,烹饪方法,81,82,切
352,18,烹饪方法,89,90,槌
352,19,烹饪方法,103,104,焯
352,20,烹饪方法,134,136,拌供
352,21,烹饪方法,168,170,下锅
352,22,烹饪方法,182,184,击碎
352,23,烹饪方法,207,209,换水
352,24,烹饪方法,209,211,调和
352,25,烹饪方法,155,156,煮
353,1,食材,33,34,笋
353,2,食材,111,113,莴笋
353,3,食材,164,166,冬笋
353,4,烹饪方法,14,15,蒸
353,5,烹饪方法,18,19,煮
353,6,烹饪方法,74,75,拌
353,7,烹饪方法,75,76,晒
353,8,烹饪方法,134,135,擦
353,9,烹饪方法,150,151,泡
353,10,烹饪方法,195,196,搠
353,11,烹饪方法,120,121,揉
353,12,烹饪方法,96,97,封
353,13,禁忌,21,25,煮则无咪
353,14,食材,68,70,椒盐
353,15,食材,72,74,香料
353,16,食材,129,131,茴香
353,17,食材,132,134,花椒
353,18,食材,148,150,白酒
353,19,食材,207,210,腊香糟
353,20,食材,242,244,米粉
353,21,食材,246,248,面粉
353,22,食材,216,218,植团
354,1,食材,3,7,羊肉
354,2,食材,28,30,核桃
354,3,食材,42,44,桑叶
354,4,食材,53,55,稻草
354,5,食材,95,97,猪头
354,6,食材,113,114,酒
354,7,食材,117,119,酱油
354,8,食材,131,132,葱
354,9,食材,17,18,椒
354,10,食材,135,137,桂皮
354,11,食材,143,145,瓦片
354,12,食材,172,174,绵纸
354,13,食材,212,213,兔
354,14,食材,225,227,米泔
354,15,食材,236,238,酒脚
354,16,食材,249,253,大小茴香
354,17,食材,254,256,胡椒
354,18,食材,257,259,花椒
354,19,食材,260,262,葱花
354,20,食材,263,264,油
354,21,食材,268,269,醋
354,22,烹饪方法,0,1,蒸
354,23,烹饪方法,19,20,擦
354,24,烹饪方法,44,45,包
354,25,烹饪方法,26,28,击碎
354,26,烹饪方法,34,36,放入
354,27,烹饪方法,62,64,按实
354,28,烹饪方法,75,76,盖
354,29,烹饪方法,97,98,去
354,30,烹饪方法,13,14,切
354,31,烹饪方法,41,42,用
354,32,烹饪方法,145,146,磨
354,33,烹饪方法,160,161,下
354,34,烹饪方法,174,176,密封
354,35,烹饪方法,186,187,烧
354,36,烹饪方法,199,200,煮
354,37,烹饪方法,227,228,浸
354,38,烹饪方法,238,240,浸洗
354,39,烹饪方法,241,242,漂
354,40,烹饪方法,245,247,沥干
354,41,烹饪方法,66,67,加
354,42,烹饪方法,275,277,烧滚
354,43,烹饪方法,278,279,下
354,44,烹饪方法,281,282,熬
354,45,禁忌,164,169,令肉不近铁
355,1,食材,21,23,米谷
355,2,食材,133,135,粗粝
355,3,食材,137,139,砂砾
355,4,食材,140,142,籼糠
355,5,食材,146,148,稗谷
355,6,食性,52,54,中和
355,7,食味,64,65,甘
355,8,功效,18,20,养阴
355,9,功效,29,31,补气
355,10,功效,33,35,养血
355,11,功效,71,73,养生
355,12,养生原则,82,86,食不厌精
355,13,古籍来源,263,269,论语.乡党
356,1,食材,0,1,茄
356,2,食材,25,26,梅
356,3,食材,28,29,糖
356,4,食材,101,102,姜
356,5,食材,103,104,桔
356,6,食材,106,108,苏丝
356,7,食材,123,127,山药
356,8,食材,168,169,肉
356,9,烹饪方法,5,7,去皮
356,10,烹饪方法,13,14,挂
356,11,烹饪方法,33,34,蒸
356,12,烹饪方法,37,38,压
356,13,烹饪方法,41,42,切
356,14,烹饪方法,80,81,焯
356,15,烹饪方法,86,87,包
356,16,烹饪方法,89,90,榨
356,17,烹饪方法,94,95,腌
356,18,烹饪方法,98,99,晒
356,19,烹饪方法,108,109,拌
356,20,烹饪方法,114,115,泼
356,21,烹饪方法,119,121,收贮
356,22,烹饪方法,132,133,蒸
356,23,烹饪方法,137,138,搅
356,24,烹饪方法,169,170,煮
356,25,烹饪方法,173,175,切片
356,26,烹饪方法,178,179,配
356,27,烹饪方法,199,200,铺
357,1,食材,6,11,宁波淡白豢
357,2,食材,13,15,黄鱼
357,3,食材,74,76,鲜鲫
357,4,食材,86,88,甜酱
357,5,食材,104,105,茴
357,6,食材,106,107,椒
357,7,食材,112,114,柘枝
357,8,食材,119,122,紫蔗皮
357,9,食材,123,125,荔壳
357,10,食材,126,128,松壳
357,11,食材,138,140,鲜鱼
357,12,食材,179,181,肉汤
357,13,食材,196,197,糟
357,14,食材,250,251,酒
357,15,食味,57,58,咸
357,16,烹饪方法,25,27,切块
357,17,烹饪方法,28,30,蒸熟
357,18,烹饪方法,32,34,剥肉
357,19,烹饪方法,36,37,剡
357,20,烹饪方法,41,43,酥炙
357,21,烹饪方法,44,46,焙燥
357,22,烹饪方法,47,49,研粉
357,23,烹饪方法,88,90,酱过
357,24,烹饪方法,98,99,烹
357,25,烹饪方法,102,103,晾
357,26,烹饪方法,108,110,揩匀
357,27,烹饪方法,114,115,薰
357,28,烹饪方法,222,223,腌
357,29,烹饪方法,17,18,晒
357,30,烹饪方法,254,256,和匀
357,31,烹饪方法,181,183,煮熟
357,32,烹饪方法,190,192,擦薰
357,33,食疗方,69,73,熏鲫
357,34,禁忌,60,66,黄枯鲞不堪用
358,1,食材,1,3,芥末
358,2,食材,7,8,盐
358,3,食材,17,18,茶
358,4,食材,23,24,油
358,5,食材,28,30,香椿
358,6,食材,35,37,酱油
358,7,食材,40,41,醋
358,8,食材,58,60,椿头
358,9,食材,81,83,赤芥
358,10,食材,96,98,陈菹
358,11,食材,111,115,霜打黄叶
358,12,食材,118,122,诸蔬莱叶
358,13,食性,169,170,甘
358,14,食性,171,172,平
358,15,功效,196,200,健胃理气
358,16,病症,103,105,热病
358,17,病症,105,107,恶疮
358,18,病症,126,130,面枯无光
358,19,禁忌,86,90,食之杀人
358,20,烹饪方法,9,10,焯
358,21,烹饪方法,12,13,晒
358,22,烹饪方法,43,44,煮
358,23,烹饪方法,69,70,薰
359,1,食材,26,28,海蜇
359,2,食材,32,34,豆腐
359,3,食材,212,214,鲈鱼
359,4,食材,118,122,香柔花叶
359,5,烹饪方法,34,35,煮
359,6,烹饪方法,31,32,拌
359,7,烹饪方法,102,103,浸
359,8,烹饪方法,44,45,切
359,9,烹饪方法,56,57,醉
359,10,烹饪方法,95,96,劈
359,11,烹饪方法,86,87,收
359,12,食疗方,149,153,金齑玉鲩
359,13,古籍来源,277,281,大业拾遗
361,1,食材,15,17,井水
361,2,食材,183,186,白滚水
361,3,食材,218,220,盐汤
361,4,食材,221,223,白糖
361,5,食材,224,227,诸香露
361,6,食性,35,36,平
361,7,功效,55,59,润泽益颜
361,8,病症,167,169,黄瘦
361,9,病症,170,172,肿痈
361,10,禁忌,174,176,忌之
361,11,禁忌,142,148,不宜即供饮
361,12,烹饪方法,10,11,煮
361,13,烹饪方法,39,40,汲
361,14,古籍来源,0,9,笫三井花水
362,1,食材,3,5,含桃
362,2,食材,6,7,黍
362,3,食材,58,59,菹
362,4,食材,366,367,韭
362,5,食材,372,374,生韭
362,6,食材,375,377,杂莱
362,7,食材,127,128,鲭
362,8,食材,145,147,人乳
362,9,食材,643,644,独
362,10,食材,629,631,鱼肉
362,11,古籍来源,184,186,礼记
362,12,古籍来源,313,315,论语
362,13,古籍来源,414,416,晋书
362,14,医家,684,687,朱彝尊
363,1,食材,44,46,六谷
363,2,食材,46,48,六牲
363,3,食材,203,205,犬谷
363,4,食材,246,247,稻
363,5,食材,232,233,黍
363,6,食材,234,235,稷
363,7,食材,236,237,粱
363,8,食材,238,239,麦
363,9,食材,250,252,菰米
363,10,食材,291,292,马
363,11,食材,293,294,牛
363,12,食材,295,296,羊
363,13,食材,297,298,豕
363,14,食材,299,300,犬
363,15,食材,76,77,鸡
363,16,食材,58,60,百羞
363,17,食材,60,62,百酱
363,18,食材,471,473,八珍
363,19,食材,540,543,鹅尾肉
363,20,食材,521,523,鸡肝
363,21,古籍来源,176,178,周礼
363,22,古籍来源,554,556,礼记
363,23,古籍来源,257,260,三字经
364,1,食材,35,37,生姜
364,2,食材,41,43,烧酒
364,3,食材,104,106,生酒
364,4,食材,107,109,冷酒
364,5,食材,147,148,茶
364,6,食性,44,45,寒
364,7,归经,158,159,肾
364,8,功效,23,28,御霜露之毒
364,9,功效,240,242,消食
364,10,功效,243,251,去肥浓煎爝之毒
364,11,病症,115,117,肤裂
364,12,病症,119,124,出水疯獐肿
364,13,病症,133,135,损目
364,14,病症,138,139,渴
364,15,病症,169,173,腰脚重坠
364,16,病症,174,178,膀胱冷痛
364,17,病症,181,183,水肿
364,18,病症,184,186,消渴
364,19,病症,492,496,下焦虚令
364,20,禁忌,60,64,助火伤目
364,21,禁忌,65,71,须发早枯白
364,22,禁忌,72,74,禁之
364,23,禁忌,205,209,不可多饮
364,24,禁忌,140,144,不可饮水
364,25,禁忌,254,259,空心尤忌之
364,26,禁忌,271,280,饮冷茶未有不成疾者
364,27,养生原则,226,236,饱饭后一二盏必不可少
364,28,古籍来源,551,558,孟子.告子章句
365,1,食材,53,54,猪
365,2,食材,57,58,鱼
365,3,食材,61,62,鸡
365,4,食材,66,67,蟹
365,5,食材,200,202,山药
365,6,食材,203,205,百合
365,7,食材,206,209,羊眼豆
365,8,食材,25,27,稻芒
365,9,食材,104,106,蟹鳖
365,10,食材,129,131,蟹爪
365,11,食材,173,175,稻草
365,12,烹饪方法,165,166,煮
365,13,烹饪方法,156,157,蒸
365,14,烹饪方法,89,91,劈开
365,15,烹饪方法,131,133,挑开
365,16,烹饪方法,135,137,取出
365,17,病症,143,145,腹痛
365,18,禁忌,80,84,不可多食
365,19,古籍来源,36,41,混俗颐生论
366,1,食材,66,67,饭
366,2,食材,427,428,米
366,3,食材,421,422,麸
366,4,食味,84,85,甜
366,5,食味,143,144,酸
366,6,食味,159,160,妙
366,7,烹饪方法,97,98,酿
366,8,烹饪方法,329,330,煮
366,9,烹饪方法,332,333,蒸
366,10,烹饪方法,311,312,酸
366,11,古籍来源,47,49,说文
366,12,古籍来源,367,371,齐民要术
367,1,食材,59,63,霜后荷叶
367,2,食材,66,68,紫背
367,3,食材,119,121,僵蚕
367,4,食材,93,94,酒
367,5,食材,183,185,米饮
367,6,食材,170,173,败荷叶
367,7,食材,196,199,荷叶蒂
367,8,食材,215,218,寒水石
367,9,食材,221,223,猪脂
367,10,食材,250,252,荷叶
367,11,食材,258,260,蚌粉
367,12,食材,273,274,蜜
367,13,食材,299,301,荷蒂
367,14,食材,308,310,稷米
367,15,食材,332,333,糖
367,16,食材,390,392,浮萍
367,17,食材,393,395,蛇床
367,18,食性,42,43,温
367,19,功效,106,110,升发阴气
367,20,功效,111,114,散瘀血
367,21,功效,115,118,留好血
367,22,功效,122,128,解结滞之气
367,23,功效,524,528,温肾阳
367,24,病症,13,17,痘疮倒陷
367,25,病症,21,25,风寒外袭
367,26,病症,37,41,身痛肢厥
367,27,病症,164,168,阳水浮肿
367,28,病症,193,195,痈肿
367,29,病症,233,237,孕妇伤寒
367,30,病症,238,242,大热烦渴
367,31,病症,291,293,胎动
367,32,病症,295,297,黄水
367,33,病症,319,322,赤白痢
367,34,病症,337,339,脱肛
367,35,病症,382,386,阴肿痛痒
367,36,病症,531,533,阴痿
367,37,食疗方,158,161,南金散
367,38,食疗方,285,288,罩胎散
367,39,烹饪方法,69,70,炙
367,40,烹饪方法,77,78,炒
367,41,烹饪方法,177,178,研
367,42,烹饪方法,173,177,烧存性
367,43,烹饪方法,204,205,煎
367,44,烹饪方法,206,208,淋洗
367,45,烹饪方法,252,253,焙
367,46,烹饪方法,374,376,杵烂
367,47,禁忌,243,247,恐伤胎气
367,48,古籍来源,4,7,痘疹论
367,49,医家,412,415,阐人规
367,50,医家,428,433,闻人氏伯圜
369,1,食材,8,9,葱
369,2,食性,13,14,平
369,3,食味,12,13,甘
369,4,食味,83,84,辛
369,5,功效,15,17,利肺
369,6,功效,21,24,散痈肿
369,7,功效,25,27,祛风
369,8,功效,27,29,达表
369,9,功效,31,33,安胎
369,10,功效,33,35,止痛
369,11,功效,38,40,通乳
369,12,功效,40,42,和莺
369,13,病症,44,46,霍乱
369,14,病症,46,48,转筋
369,15,病症,52,54,脚气
369,16,病症,258,262,小便闭胀
369,17,病症,287,291,陟煲龇蒲
369,18,病症,141,143,中恶
369,19,病症,228,232,盘肠内钓
369,20,病症,232,234,腹痈
369,21,禁忌,99,103,不可单食
369,22,禁忌,106,110,忌同蜜食
369,23,烹饪方法,119,120,煎
369,24,烹饪方法,270,271,炒
369,25,烹饪方法,292,293,煨
369,26,烹饪方法,296,297,杵
369,27,烹饪方法,281,282,熨
369,28,古籍来源,0,7,蔬食类
370,1,食材,9,11,羊脂
370,2,食味,13,14,甘
370,3,食性,15,16,温
370,4,功效,17,19,润燥
370,5,功效,20,23,治劳痢
370,6,功效,24,27,泽肌肤
370,7,功效,28,30,补胃
370,8,功效,209,211,耐饥
370,9,功效,34,37,御风褰
370,10,功效,38,40,疗痿
370,11,功效,41,42,瘅
370,12,功效,43,45,杀虫
370,13,功效,46,48,治癣
370,14,功效,49,51,利产
370,15,功效,51,53,舒筋
370,16,禁忌,54,61,多食襟湿酿痰
370,17,禁忌,62,66,外感不清
370,18,禁忌,67,72,痰火内盛者
370,19,禁忌,73,75,均忌
370,20,病症,77,81,妇人阴脱
370,21,病症,82,86,赤丹如疥
370,22,烹饪方法,88,89,煎
370,23,烹饪方法,91,92,涂
370,24,病症,94,98,发背初起
370,25,烹饪方法,101,103,切片
370,26,烹饪方法,106,107,浸
370,27,烹饪方法,107,108,贴
370,28,病症,115,119,误吞针铁
370,29,食材,130,132,羊脑
370,30,食味,134,135,甘
370,31,食性,136,137,温
370,32,功效,138,143,治风寒入脑
370,33,功效,145,152,头疼久不愈者良
370,34,禁忌,154,160,多食发风生热
370,35,禁忌,161,165,馀病皆忌
370,36,食材,167,170,羊骨髓
370,37,食味,171,172,甘
370,38,食性,173,174,温
370,39,功效,175,178,润五肫
370,40,功效,180,182,充液
370,41,功效,183,186,补诸虚
370,42,功效,187,192,调养菅阴
370,43,功效,194,198,滑利经脉
370,44,养生原则,213,218,衰老相宜
370,45,食材,226,228,羊血
370,46,食味,221,222,咸
370,47,食性,232,233,平
370,48,功效,234,239,生饮止诸血
370,49,功效,240,243,解诸莓
370,50,功效,244,247,治崩衄
370,51,功效,250,254,死胎不下
370,52,功效,255,261,产后血闷欲绝
370,53,功效,262,266,胎衣不落
370,54,功效,267,275,饼误吞一切金石
370,55,功效,276,278,草木
370,56,功效,279,281,蜈蚣
370,57,功效,287,291,均宜热服
370,58,功效,292,294,即瘳
370,59,功效,295,298,熟食
370,60,功效,301,303,止血
370,61,功效,304,307,患肠风
370,62,食材,316,319,羊脊骨
370,63,食味,320,321,甘
370,64,食性,322,323,温
370,65,功效,324,326,补肾
370,66,功效,327,329,利督
370,67,功效,329,331,强腰
370,68,功效,332,336,胫骨磨铜
370,69,功效,338,342,头骨消铁
370,70,病症,344,348,羸老胃弱
370,71,烹饪方法,354,356,槌碎
370,72,烹饪方法,357,358,熬
370,73,烹饪方法,362,363,煮
370,74,病症,369,373,肾箧腰痛
370,75,烹饪方法,390,394,和盐料食
371,1,食材,68,70,猪胆
371,2,食材,75,77,黑豆
371,3,食材,81,84,麝香
371,4,食材,98,100,生姜
371,5,食材,117,119,生葱
371,6,食材,132,134,黄檗
371,7,食材,139,142,猪腰子
371,8,食材,250,253,猪石子
371,9,食材,311,313,猪脾
371,10,食材,339,341,猪胃
371,11,食性,149,150,甘
371,12,食性,150,151,咸
371,13,食性,152,153,平
371,14,食性,262,263,温
371,15,食味,258,259,甘
371,16,食味,260,261,咸
371,17,功效,329,331,消痞
371,18,功效,352,354,补胃
371,19,功效,356,360,益气充饥
371,20,功效,264,266,通肾
371,21,功效,268,271,治五癃
371,22,病症,60,63,赤白痢
371,23,病症,104,108,疔疮恶毒
371,24,病症,123,126,烫火伤
371,25,病症,172,174,腰痛
371,26,病症,227,231,痈疽发背
371,27,病症,273,276,奔豚
371,28,病症,276,278,茎痛
371,29,病症,280,283,阴阴易
371,30,病症,284,288,少腹急痛
371,31,病症,289,293,颠摘惊恐
371,32,病症,294,298,鬼蛀蛊薛
371,33,脏腑,145,146,肾
371,34,烹饪方法,155,156,煮
371,35,烹饪方法,49,50,研
371,36,烹饪方法,120,121,敷
371,37,烹饪方法,131,132,调
371,38,烹饪方法,244,245,杵
371,39,禁忌,214,218,诸病皆忌
371,40,禁忌,219,225,小儿尤不可食
371,41,古籍来源,390,392,黄檗
372,1,食性,153,154,温
372,2,食味,151,152,甘
372,3,食味,152,153,辛
372,4,病症,32,36,风寒咳嗽
372,5,病症,39,41,疟痢
372,6,病症,79,83,产后血运
372,7,病症,84,88,热病神昏
372,8,病症,89,91,惊恐
372,9,病症,95,97,客忤
372,10,病症,98,100,中恶
372,11,病症,127,130,汤火伤
372,12,病症,135,138,诸肿莓
372,13,病症,214,216,痧痘
372,14,病症,217,222,产后咽喉
372,15,病症,223,225,目疾
372,16,病症,226,228,血崧
372,17,病症,229,231,疮疟
372,18,病症,265,269,扑损打份
372,19,病症,271,275,蛇虫蜂螯
372,20,病症,454,456,痰湿
372,21,病症,456,458,肉盛
372,22,病症,459,463,胀满呕吐
372,23,病症,475,477,客忤
372,24,功效,0,2,下气
372,25,功效,7,14,解鱼蟹鳞介诸莓
372,26,功效,29,31,收敛
372,27,功效,155,159,醒脾消食
372,28,功效,160,163,调脏腑
372,29,功效,169,174,杀鱼腥莓
372,30,功效,307,311,补中益气
372,31,功效,312,316,养液安神
372,32,功效,317,321,润肺和菅
372,33,功效,323,327,杀虫解毒
372,34,功效,469,471,丸药
372,35,食材,62,63,醋
372,36,食材,63,64,酪
372,37,食材,148,149,糟
372,38,食材,281,282,蜜
372,39,食材,142,144,大黄
372,40,食材,239,240,油
372,41,食材,276,278,酒糟
372,42,烹饪方法,364,365,煮
372,43,烹饪方法,399,400,熬
372,44,烹饪方法,432,433,渍
372,45,禁忌,43,47,初瘸箧忌
372,46,禁忌,208,213,惟发风动疾
372,47,禁忌,232,235,均忌之
372,48,禁忌,253,257,然亦发疾
372,49,禁忌,258,263,非病人所宜
372,50,禁忌,448,453,忌同葱食
372,51,古籍来源,49,55,《续文献》
373,1,食材,201,203,白面
373,2,食材,99,101,挂面
373,3,食材,179,181,蒸饼
373,4,食材,204,206,栀子
373,5,食材,238,241,飞罗面
373,6,食材,273,276,白沙糟
373,7,食材,278,280,炒盐
373,8,食材,287,289,麦皮
373,9,食性,67,69,甘温
373,10,功效,70,73,补箧乏
373,11,功效,74,77,实皮肤
373,12,功效,78,81,厚肠胃
373,13,功效,82,86,强筋力
373,14,功效,190,192,入药
373,15,病症,128,130,湿热
373,16,病症,132,134,时感
373,17,病症,138,140,疟痢
373,18,病症,141,145,疳疽肿胀
373,19,病症,147,149,脚气
373,20,病症,150,152,痞满
373,21,病症,153,155,痧胀
373,22,病症,156,159,肝胃痛
373,23,病症,294,298,身体疼痛
373,24,病症,301,305,疮疡溃烂
373,25,病症,194,198,跌打挫肭
373,26,病症,218,222,脚跣成疱
373,27,病症,231,235,大衄血出
373,28,病症,259,263,大便久犸
373,29,古籍来源,10,12,本草
373,30,古籍来源,24,27,九谷券
373,31,古籍来源,35,39,本草纲月
373,32,医家,0,3,汪谢城
373,33,医家,20,22,程氏
373,34,医家,313,316,程瑶田
373,35,医家,309,311,翟氏
374,1,食材,80,82,丝瓜
374,2,食性,8,10,甘平
374,3,功效,11,14,祛风热
374,4,功效,15,20,治皮肤浮胂
374,5,功效,23,27,跌扑诸伤
374,6,功效,31,33,清暑
374,7,功效,34,39,治疟痢泄泻
374,8,功效,40,42,止渴
374,9,功效,42,45,疗蜂螫
374,10,功效,46,48,恶疮
374,11,功效,67,77,治肺热痰火内痈诸症
374,12,功效,97,99,安胎
374,13,功效,99,101,行乳
374,14,功效,102,107,调营补阳
374,15,功效,108,110,通络
374,16,功效,110,112,杀虫
374,17,功效,113,115,理疝
374,18,功效,115,117,消肿
374,19,功效,118,120,化痰
374,20,功效,142,146,化湿除黄
374,21,功效,147,151,息风止血
374,22,功效,153,157,痘疮不快
374,23,功效,158,162,初出或未
374,24,功效,164,168,多者令少
374,25,功效,169,173,少者令稀
374,26,功效,209,213,痈疽不敛
374,27,功效,222,224,酒痢
374,28,功效,226,230,便血腹痛
374,29,功效,233,237,肛门崽痔
374,30,功效,284,288,化痰止嗽
374,31,功效,312,316,风热牙疼
374,32,功效,337,339,腮肿
374,33,功效,345,349,小儿浮肿
374,34,功效,385,388,治痧秽
374,35,病症,1,3,肠痈
374,36,病症,198,200,喉瘅
374,37,病症,407,410,阑尼炎
374,38,烹饪方法,291,294,煅存性
374,39,烹饪方法,189,190,研
374,40,烹饪方法,185,188,烧存性
374,41,烹饪方法,242,243,煅
374,42,烹饪方法,364,365,煎
374,43,烹饪方法,324,325,擦
374,44,烹饪方法,342,343,敷
374,45,烹饪方法,381,383,绞汁
374,46,食疗方,191,196,沙糖汤调下
374,47,食疗方,297,303,枣肉丸弹子大
374,48,食疗方,308,310,酒下
374,49,食疗方,354,356,灯薪
374,50,古籍来源,3,4,@
374,51,古籍来源,417,418,刈
374,52,古籍来源,420,422,虾)
375,1,食性,251,252,辛
375,2,食性,253,254,咸
375,3,食性,255,256,平
375,4,功效,257,259,杀虫
375,5,功效,260,262,疗痔
375,6,禁忌,263,267,多食发嗽
375,7,禁忌,269,273,及癣疮
375,8,食材,247,248,蜜
375,9,食材,286,288,蛎黄
375,10,食性,290,291,甘
375,11,食性,152,153,寒
375,12,功效,294,297,补五脏
375,13,功效,297,299,调中
375,14,功效,300,303,解丹毒
375,15,功效,304,306,析酲
375,16,功效,307,310,止渴
375,17,功效,11,13,活血
375,18,功效,314,316,充肌
375,19,食材,347,348,蚌
375,20,功效,361,365,养肝凉血
375,21,功效,366,368,息风
375,22,古籍来源,327,330,周亮工
375,23,古籍来源,548,550,太真
376,1,食材,61,63,乌梅
376,2,食材,13,15,轻粉
376,3,食材,18,20,麻油
376,4,食材,68,70,米饮
376,5,食材,106,108,鱼鲜
376,6,食材,122,123,蜜
376,7,食材,186,187,杏
376,8,食材,239,240,糖
376,9,食材,240,241,醯
376,10,食材,277,279,杏仁
376,11,食性,191,192,温
376,12,食味,189,190,甘
376,13,食味,190,191,酸
376,14,功效,151,155,舒肝解郁
376,15,功效,156,159,清火
376,16,功效,159,161,稀痘
376,17,功效,166,169,解水毒
376,18,功效,200,202,润肺
376,19,功效,202,204,生津
376,20,病症,0,4,乳痈肿毒
376,21,病症,34,38,诸疮努肉
376,22,病症,51,53,久崩
376,23,病症,53,55,久痢
376,24,病症,56,60,便血日久
376,25,病症,85,89,鱿结腹痛
376,26,病症,97,101,指头肿痛
376,27,病症,272,276,阴疮烂痛
376,28,病症,287,291,阴户虫痒
376,29,病症,320,326,小儿脐烂成风
376,30,禁忌,213,218,多食生痰热
376,31,禁忌,220,223,动宿疾
376,32,禁忌,224,226,产妇
376,33,禁忌,227,235,小儿病人尤忌之
376,34,烹饪方法,7,8,煅
376,35,烹饪方法,10,11,研
376,36,烹饪方法,92,93,煎
376,37,烹饪方法,44,47,烧存性
376,38,烹饪方法,108,109,拷
376,39,烹饪方法,241,243,蜜渍
376,40,烹饪方法,126,128,点茶
376,41,烹饪方法,130,132,蒸露
376,42,烹饪方法,135,137,熬粥
376,43,烹饪方法,279,281,烧黑
376,44,烹饪方法,314,316,杵膏
376,45,烹饪方法,329,331,去皮
376,46,古籍来源,163,165,梅叶
377,1,食材,25,26,鱼
377,2,食材,52,53,鳖
377,3,食材,76,77,鲱
377,4,食材,101,103,青鱼
377,5,食材,138,140,鳟鱼
377,6,食材,168,170,鲻鱼
377,7,食材,250,252,白鱼
377,8,食材,296,298,鳐鱼
377,9,食材,326,329,石首鱼
377,10,食性,112,113,温
377,11,食性,148,149,甘
377,12,食性,174,175,平
377,13,功效,107,109,补胃
377,14,功效,109,111,醒脾
377,15,功效,114,116,化食
377,16,功效,176,179,补五脏
377,17,功效,180,182,开胃
377,18,功效,183,186,肥健人
377,19,功效,263,267,开胃下气
377,20,功效,268,270,行水
377,21,功效,270,272,助脾
377,22,功效,274,276,发痘
377,23,功效,276,278,排脓
377,24,功效,315,317,暖胃
377,25,功效,346,350,开胃补气
377,26,功效,352,354,填精
377,27,病症,4,5,癜
377,28,病症,8,10,锢疾
377,29,病症,127,128,疥
377,30,病症,129,130,风
377,31,禁忌,287,289,发疥
377,32,禁忌,159,166,多食动风生热
377,33,禁忌,290,294,动气生痰
377,34,禁忌,365,371,多食发疮助燕
377,35,禁忌,392,396,与病尤忌
377,36,禁忌,398,404,能漭瓜成衣
377,37,烹饪方法,79,81,盐糁
377,38,烹饪方法,81,83,醒醺
377,39,烹饪方法,246,248,为腊
377,40,烹饪方法,279,281,可醯
377,41,烹饪方法,282,284,可鲢
377,42,烹饪方法,380,382,腊之
377,43,烹饪方法,413,415,煨肉
378,1,食材,2,3,雄
378,2,食材,14,16,火腱
378,3,食材,17,19,簿参
378,4,功效,23,25,补力
378,5,禁忌,29,35,多食滞气滑肠
378,6,病症,38,41,虚脾弱
378,7,病症,42,46,外感未清
378,8,病症,48,50,痞胀
378,9,病症,51,53,脚气
378,10,病症,54,56,便泻
378,11,病症,56,58,肠风
378,12,食材,64,65,血
378,13,病症,69,71,中恶
378,14,病症,71,73,溺死
378,15,食材,77,79,金银
378,16,食材,80,82,丹石
378,17,食材,83,85,砒霜
378,18,食材,86,88,野葛
378,19,食材,89,91,亚片
378,20,病症,93,95,蛊毒
378,21,功效,68,69,救
378,22,烹饪方法,103,104,涂
378,23,病症,104,108,蚯蚓咬疮
378,24,食材,110,111,卵
378,25,食性,114,116,纯阴
378,26,食性,117,119,性褰
378,27,功效,120,122,难熟
378,28,禁忌,124,126,滞气
378,29,禁忌,127,131,甚于鸡子
378,30,禁忌,132,138,诸病皆不可食
378,31,烹饪方法,141,143,醯透
378,32,烹饪方法,146,147,煮
378,33,功效,155,158,愈泻痢
378,34,食材,164,166,皮蛋
378,35,食材,168,170,糟蛋
378,36,食味,175,176,香
378,37,食味,177,178,美
378,38,禁忌,179,185,皆非病人所宜
378,39,食材,187,188,雉
378,40,食材,191,193,野鸡
378,41,食味,195,196,甘
378,42,食性,197,198,温
378,43,功效,199,203,补中益气
378,44,功效,204,207,止泄痢
378,45,功效,208,212,除蚁瘘
378,46,食性,215,217,无毒
378,47,禁忌,218,222,多食损人
378,48,禁忌,223,225,发痔
378,49,禁忌,225,230,诸病人忌之
378,50,禁忌,231,248,勿与竣麦胡桃木耳菌覃同食
378,51,食性,253,254,毒
378,52,食材,92,93,诸
378,53,食材,272,273,鸟
378,54,病症,279,280,莓
378,55,食材,286,289,8鸪@
378,56,食味,290,291,甘
378,57,食性,292,293,温
378,58,功效,294,297,利五肫
378,59,功效,297,299,开胃
378,60,功效,300,303,益心神
378,61,功效,304,307,解野葛
378,62,食材,317,321,南方之鸟
378,63,食性,342,345,性属火
378,64,禁忌,346,351,多食发脑痛
378,65,禁忌,352,354,喉痈
378,66,食材,387,389,竹鸡
378,67,食味,391,392,甘
378,68,食性,393,394,平
378,69,功效,395,398,解野鸡
378,70,功效,404,409,杀腹内诸虫
378,71,食材,411,413,鹈@
378,72,食味,413,414,甘
378,73,食性,415,416,平
378,74,功效,417,419,和胃
378,75,功效,419,422,消结热
378,76,功效,423,425,利水
378,77,功效,425,427,化湿
378,78,功效,429,432,止疳痢
378,79,功效,434,437,除膨胀
378,80,功效,438,441,愈久泻
378,81,食材,443,445,鹧鸪
378,82,食材,449,450,蔗
378,83,食材,454,455,姑
378,84,食材,470,471,鸫
378,85,食材,486,488,鹌鹎
379,1,食材,10,12,猸肉
379,2,食材,15,17,刺鼠
379,3,食材,94,95,鸡
379,4,食材,261,264,丹雄鸡
379,5,食材,306,309,老雄鸡
379,6,食材,250,252,雄鸡
379,7,食味,19,20,甘
379,8,食性,21,22,平
379,9,食味,97,98,甘
379,10,食性,99,100,温
379,11,功效,23,25,下气
379,12,功效,25,27,杀虫
379,13,功效,29,32,治反胃
379,14,功效,59,62,治遗精
379,15,功效,101,103,补虚
379,16,功效,103,105,暖胃
379,17,功效,106,109,强筋骨
379,18,功效,110,113,续绝伤
379,19,功效,117,119,调经
379,20,功效,120,123,拓痈疽
379,21,功效,124,127,止崩带
379,22,功效,128,133,节小便频数
379,23,功效,134,139,主娩后虚羸
379,24,功效,313,318,治无故卒死
379,25,病症,33,35,痔漏
379,26,病症,255,259,中恶昏愦
379,27,病症,356,360,卒缢垂死
379,28,病症,383,387,卒然忤死
379,29,禁忌,178,184,多食生热动风
379,30,禁忌,186,191,时感前后
379,31,禁忌,192,195,痘疹后
379,32,禁忌,196,199,疮疡后
379,33,禁忌,200,202,疟痢
379,34,禁忌,203,205,疳疽
379,35,禁忌,206,210,肝气目疾
379,36,禁忌,211,214,喉症
379,37,禁忌,215,217,脚气
379,38,禁忌,217,220,诸风病
379,39,禁忌,225,228,未骟者
379,40,禁忌,229,233,愈老愈毒
379,41,禁忌,234,241,诸病均不可食
379,42,禁忌,45,51,误食令人瘦尖
379,43,烹饪方法,54,56,煅研
379,44,烹饪方法,165,167,熬汁
379,45,烹饪方法,80,81,刺
379,46,烹饪方法,338,339,涂
379,47,烹饪方法,404,405,丸
379,48,烹饪方法,410,411,纳
380,1,食材,1,2,葱
380,2,食材,45,47,麻油
380,3,食材,153,155,茶油
380,4,食材,253,255,豆油
380,5,食材,315,317,莱油
380,6,食性,157,158,凉
380,7,食性,258,259,温
380,8,食味,156,157,甘
380,9,食味,257,258,辛
380,10,功效,158,160,润燥
380,11,功效,161,163,清热
380,12,功效,163,165,息风
380,13,功效,166,168,解莓
380,14,功效,168,170,杀虫
380,15,功效,171,173,止利
380,16,功效,262,264,解毒
380,17,功效,328,331,散火丹
380,18,功效,332,335,消肿毒
380,19,病症,52,54,肿毒
380,20,病症,120,124,打扑伤肿
380,21,病症,345,347,时感
380,22,病症,348,350,痧胀
380,23,病症,351,353,目疾
380,24,病症,354,356,喉症
380,25,病症,357,359,效血
380,26,病症,360,362,疮伤
380,27,病症,364,366,痧痘
380,28,病症,368,370,疟疾
380,29,病症,421,424,汤火伤
380,30,烹饪方法,60,61,煎
380,31,烹饪方法,127,129,熬熟
380,32,烹饪方法,177,179,烹调
380,33,烹饪方法,187,189,蒸熟
380,34,烹饪方法,340,343,入烹炮
380,35,禁忌,371,376,产后并忌之
380,36,禁忌,378,387,有微毒而能发风动疾
380,37,养生原则,182,186,日用所宜
380,38,古籍来源,434,435,肆
381,1,食材,5,7,猪油
381,2,食材,22,25,肥猪脂
381,3,食材,70,72,猪脂
381,4,食材,111,113,猪脑
381,5,食材,152,154,猪雁
381,6,食材,332,334,猪肺
381,7,食性,160,161,甘
381,8,食性,162,163,平
381,9,食味,336,337,甘
381,10,功效,116,118,柔物
381,11,功效,121,123,熟皮
381,12,功效,164,166,润燥
381,13,功效,168,170,涤垢
381,14,功效,170,172,化痰
381,15,功效,174,176,运食
381,16,功效,177,179,清胎
381,17,功效,180,182,泽颜
381,18,功效,182,184,止嗽
381,19,功效,339,341,补肫
381,20,功效,343,346,止虚嗽
381,21,功效,347,350,治肺痿
381,22,病症,0,4,中诸肝毒
381,23,病症,13,15,痘疮
381,24,病症,16,18,便秘
381,25,病症,60,62,乳痈
381,26,病症,64,66,发背
381,27,病症,67,69,肿毒
381,28,病症,92,96,误吞铁钉
381,29,病症,126,128,痈肿
381,30,病症,130,135,手足皲裂
381,31,病症,146,150,筋软阴痿
381,32,病症,193,196,不受孕
381,33,病症,205,209,子宫不挣
381,34,病症,233,235,胎垢
381,35,病症,256,258,疳黄
381,36,病症,350,352,咳血
381,37,病症,353,356,上消
381,38,脏腑,42,44,脏腑
381,39,脏腑,188,190,子宫
381,40,脏腑,298,299,肺
381,41,烹饪方法,28,30,水煮
381,42,烹饪方法,32,33,切
381,43,烹饪方法,213,215,蒸煮
381,44,烹饪方法,361,363,灌冼
381,45,烹饪方法,366,368,煮熟
381,46,烹饪方法,375,378,煮糜化
381,47,烹饪方法,384,386,作粥
381,48,禁忌,140,144,多食损人
381,49,养生原则,267,271,无伐之虞
381,50,养生原则,273,279,虽频食亦无害
382,1,食性,287,288,温
382,2,食味,284,285,辛
382,3,食味,285,286,甘
382,4,功效,0,2,止痛
382,5,功效,2,4,卞气
382,6,功效,5,7,通肠
382,7,功效,8,11,杀鱼腥
382,8,功效,12,15,发痘疹
382,9,禁忌,16,20,多食损自
382,10,禁忌,21,26,凡病忌之
382,11,病症,52,54,痘疹
382,12,病症,120,124,痘疹不快
382,13,病症,230,232,黑陷
382,14,食材,57,59,胡荽
382,15,食材,274,275,芥
382,16,食材,277,279,芥卤
382,17,食材,280,282,芥子
382,18,食性,324,325,平
382,19,功效,289,294,御风湿
382,20,功效,301,304,补元阳
382,21,功效,305,309,利肺豁痰
382,22,功效,310,314,和中通窍
382,23,功效,320,322,开胃
382,24,烹饪方法,62,64,切碎
382,25,烹饪方法,71,73,煎沸
382,26,烹饪方法,355,356,晾
382,27,烹饪方法,315,316,醯
382,28,烹饪方法,372,374,压实
382,29,烹饪方法,398,399,泡
382,30,烹饪方法,427,429,灌满
382,31,古籍来源,111,114,直指方
382,32,医家,485,487,仁斋
383,1,食材,0,1,蜜
383,2,食材,14,16,脂麻
383,3,食材,334,336,白蜜
383,4,食材,110,111,盐
383,5,食材,117,119,清茶
383,6,食材,187,189,麻油
383,7,食性,190,191,甘
383,8,食性,191,192,凉
383,9,食味,290,291,甘
383,10,功效,192,194,润燥
383,11,功效,195,197,补液
383,12,功效,197,199,息风
383,13,功效,200,202,解毒
383,14,功效,202,204,杀虫
383,15,功效,205,210,消诸疮肿
383,16,功效,134,136,醒胃
383,17,功效,139,142,泽枯
383,18,功效,171,175,滋孺化毒
383,19,病症,11,13,溺血
383,20,病症,37,41,头面诸疮
383,21,病症,42,46,妇人乳疮
383,22,病症,47,49,阴疮
383,23,病症,58,60,谷贼
383,24,病症,78,81,汤火伤
383,25,病症,82,86,诸虫蛟伤
383,26,病症,318,322,漏胎难产
383,27,病症,350,354,小儿丹毒
383,28,病症,371,375,小儿发热
383,29,病症,378,382,风赛饮食
383,30,病症,383,387,时行痘疹
383,31,禁忌,246,253,大便滑泻者禁之
383,32,烹饪方法,16,17,杵
383,33,烹饪方法,22,23,浸
383,34,烹饪方法,28,29,绞
383,35,烹饪方法,31,32,煎
383,36,烹饪方法,53,54,嚼
383,37,烹饪方法,70,71,炒
383,38,烹饪方法,71,72,研
383,39,烹饪方法,91,92,涂
383,40,烹饪方法,103,104,磨
383,41,烹饪方法,119,120,搅
383,42,烹饪方法,342,343,煎
383,43,烹饪方法,363,365,涂浸
383,44,食疗方,127,131,对茶麻酱
383,45,古籍来源,256,258,方书
384,1,食材,34,36,鸡子
384,2,食材,66,69,鸡子清
384,3,食材,100,103,鸡子黄
384,4,食材,131,133,鸡卵
384,5,食材,212,213,鹅
384,6,食材,295,297,其肫
384,7,食材,297,299,其掌
384,8,食材,332,334,其血
384,9,食材,349,351,其毛
384,10,食材,381,382,鸭
384,11,食性,215,216,甘
384,12,食性,217,218,温
384,13,食性,396,397,凉
384,14,食味,394,395,甘
384,15,功效,232,236,解铅毒
384,16,功效,336,342,解一场金石毒
384,17,功效,373,379,内消诸般肿毒
384,18,功效,398,403,滋五脏之阴
384,19,功效,413,415,行水
384,20,功效,416,420,养胃生津
384,21,病症,97,99,胎漏
384,22,病症,169,171,劳复
384,23,病症,189,193,痘疮入目
384,24,病症,269,270,疮
384,25,病症,457,458,误
384,26,病症,204,205,痈
384,27,烹饪方法,114,115,煮
384,28,烹饪方法,162,163,煅
384,29,烹饪方法,165,166,研
384,30,烹饪方法,355,357,炒焦
384,31,烹饪方法,308,310,煨食
384,32,烹饪方法,343,345,热饮
384,33,古籍来源,0,3,解野荔
385,1,食材,0,1,茶
385,2,食味,4,5,苦
385,3,食味,6,7,甘
385,4,食性,8,9,凉
385,5,功效,10,13,清心神
385,6,功效,14,16,醒睡
385,7,功效,16,18,除烦
385,8,功效,19,21,凉肝
385,9,功效,24,26,涤燕
385,10,功效,26,28,消痰
385,11,功效,29,31,肃肺
385,12,功效,31,32,胃
385,13,功效,36,38,解涡
385,14,病症,39,41,不渴
385,15,病症,127,129,霍乱
385,16,病症,116,119,暑秽痧
385,17,病症,123,125,腹痛
385,18,病症,130,132,痢疾
385,19,烹饪方法,52,53,炒
385,20,烹饪方法,53,54,焙
385,21,烹饪方法,185,187,蒸馏
385,22,烹饪方法,256,257,煎
385,23,烹饪方法,305,307,作丸
385,24,禁忌,88,92,易成仃饮
385,25,食材,377,379,普洱
385,26,功效,107,110,吐风痰
385,27,功效,111,114,消肉食
385,28,食材,149,150,谷
385,29,食材,150,151,莱
385,30,食材,151,152,果
385,31,食材,154,156,草木
385,32,食材,156,157,花
385,33,食材,157,158,叶
385,34,食材,290,292,地黄
385,35,食材,293,295,枸杞
385,36,古籍来源,352,354,五苓
385,37,古籍来源,355,357,六一
386,1,医家,384,387,何酉池
386,2,古籍来源,388,392,《医碥》
389,1,食材,16,18,饴糖
389,2,食材,21,23,稻芒
389,3,食材,24,26,鱼骨
389,4,食材,32,34,竹木
389,5,食材,35,37,钱铋
389,6,食材,42,44,附子
389,7,食材,45,47,草乌
389,8,食材,78,80,麻油
389,9,食材,107,109,粟米
389,10,食材,127,128,粱
389,11,食材,133,135,小米
389,12,食材,166,167,秫
389,13,食材,199,201,黍米
389,14,食材,241,243,稷米
389,15,食材,246,248,商粱
389,16,食材,252,254,芦襟
389,17,食材,287,289,鹅鸭
389,18,食性,151,152,凉
389,19,食性,232,233,温
389,20,食性,258,259,甘
389,21,食性,259,260,凉
389,22,功效,4,5,疗
389,23,功效,263,265,补气
389,24,功效,265,268,养脾
389,25,功效,260,262,清胃
389,26,功效,274,279,治阴盛阴虚
389,27,功效,191,194,治不寐
389,28,病症,0,2,鱼脐
389,29,病症,8,9,疽
389,30,病症,11,13,搞疮
389,31,病症,402,404,附子
389,32,病症,59,62,银黝毒
389,33,病症,95,99,火烧成疮
389,34,病症,280,284,夜不得寐
389,35,食疗方,100,105,?糖烧灰敕
389,36,烹饪方法,18,19,涂
389,37,烹饪方法,81,83,吞下
389,38,烹饪方法,305,307,酿酒
389,39,烹饪方法,307,309,造饧
389,40,养生原则,154,161,病人食之为宜
389,41,医家,169,172,汪谢城
390,1,食材,2,4,砂仁
390,2,食材,14,16,白糖
390,3,食材,32,35,陈粳米
390,4,食材,38,40,砂糖
390,5,食材,80,81,蜜
390,6,食材,145,147,糯米
390,7,食材,52,53,糖
390,8,食材,184,186,大蒜
390,9,食材,197,199,葱白
390,10,食材,203,205,生姜
390,11,食材,208,210,麝香
390,12,食材,231,233,花箬
390,13,食材,240,243,油单纸
390,14,烹饪方法,60,61,春
390,15,烹饪方法,93,94,蒸
390,16,烹饪方法,249,250,煮
390,17,烹饪方法,137,138,裹
390,18,烹饪方法,18,19,拌
390,19,烹饪方法,191,192,切
390,20,烹饪方法,233,234,扎
390,21,烹饪方法,243,244,封
390,22,食疗方,23,30,松糕方
390,23,食疗方,175,178,香头法
391,1,病症,9,13,腰膝疼痛
391,2,病症,17,21,腹内冷病
391,3,功效,22,28,令人颜色悦泽
391,4,功效,29,34,骨髓坚固
391,5,功效,35,39,行及奔马
391,6,食材,41,43,山药
391,7,食材,49,51,杏仁
391,8,食材,63,66,生牛乳
391,9,烹饪方法,75,76,研
391,10,烹饪方法,86,87,绞
391,11,烹饪方法,98,100,汤煮
391,12,烹饪方法,107,110,酒调服
391,13,功效,123,127,延年益寿
391,14,功效,128,132,填精补髓
391,15,功效,136,140,发自娈黑
391,16,功效,142,147,返老还童
391,17,食材,149,152,枸杞子
391,18,食材,167,170,无灰酒
391,19,烹饪方法,170,171,浸
391,20,烹饪方法,185,186,研
391,21,烹饪方法,196,197,绞
391,22,烹饪方法,208,209,熬
391,23,烹饪方法,218,220,封贮
391,24,烹饪方法,222,225,重汤煮
391,25,烹饪方法,240,244,温酒调下
391,26,食材,234,236,酥油
391,27,病症,257,259,积聚
391,28,病症,259,263,风痰癫疾
391,29,病症,264,268,三虿伏尸
391,30,病症,269,271,瘟疫
391,31,功效,272,276,轻身益气
391,32,功效,278,282,令人不饥
391,33,功效,283,287,延年不老
391,34,食材,246,252,天门冬
392,1,食材,0,1,面
392,2,食材,23,25,鸟梅
392,3,食材,31,32,盐
392,4,食材,35,37,甘草
392,5,食材,40,43,紫苏叶
392,6,食材,75,78,白太樨
392,7,食材,136,138,甘草
392,8,食材,141,143,盐梅
392,9,食材,173,175,梅花
392,10,烹饪方法,6,7,末
392,11,烹饪方法,54,55,炒
392,12,烹饪方法,119,120,捣
392,13,烹饪方法,125,126,榨
392,14,烹饪方法,146,147,捣
392,15,烹饪方法,11,13,点服
392,16,食疗方,15,22,梅苏汤
392,17,食疗方,66,73,天香汤
392,18,食疗方,164,171,暗香汤
392,19,古籍来源,232,235,灵隐寺
393,1,食材,8,10,油酥
393,2,食材,13,14,蜜
393,3,食材,17,19,白面
393,4,食材,36,38,猪油
393,5,食材,61,63,糯米
393,6,食材,41,42,蜜
393,7,食材,115,117,酒醅
393,8,食材,120,122,白饧
393,9,食材,166,168,猪油
393,10,食材,181,184,白糖
393,11,食材,192,194,麻布
393,12,食材,209,212,细熟粉
393,13,食材,239,241,芋末
393,14,食材,262,264,白面
393,15,食材,267,269,熟油
393,16,食材,272,275,羊猪脂
393,17,食材,302,304,精肉
393,18,食疗方,0,7,酥饼方
393,19,食疗方,49,59,风消饼方
393,20,食疗方,251,261,肉油饼方
393,21,烹饪方法,21,24,搜成剂
393,22,烹饪方法,28,30,作饼
393,23,烹饪方法,92,94,煮熟
393,24,烹饪方法,130,131,擀
393,25,烹饪方法,146,147,爝
393,26,烹饪方法,169,170,煤
393,27,烹饪方法,186,188,拌和
393,28,烹饪方法,194,195,擦
393,29,烹饪方法,215,216,煮
393,30,烹饪方法,225,226,晒
393,31,烹饪方法,291,293,搜和
393,32,烹饪方法,308,311,爝熟
394,1,食材,8,10,山药
394,2,食材,13,15,酥油
394,3,食材,18,20,莲肉
394,4,食材,61,64,葡萄子
394,5,食材,101,102,蜜
394,6,食材,204,206,黄精
394,7,食材,209,212,夭门冬
394,8,食材,217,219,松针
394,9,食材,222,224,白术
394,10,食材,228,230,枸杞
394,11,烹饪方法,29,30,研
394,12,烹饪方法,112,113,煎
394,13,烹饪方法,246,247,煮
394,14,烹饪方法,259,260,浸
394,15,食疗方,51,58,葡萄酒
394,16,食疗方,195,202,黄精酒
394,17,功效,45,49,热服有益
394,18,功效,174,178,百脉流畅
394,19,功效,180,184,气运无滞
394,20,功效,186,193,助逍所当不废
394,21,功效,281,285,尘除百病
394,22,功效,286,288,延年
394,23,功效,289,292,娈须发
394,24,功效,293,296,生牙齿
394,25,功效,299,304,功妙无量
395,1,食材,3,7,槐实
395,2,食材,12,14,牛胆
395,3,食材,64,66,莲花
395,4,食材,74,76,莲根
395,5,食材,85,87,莲子
395,6,食材,119,121,松根
395,7,食材,167,169,茯苓
395,8,食材,241,242,术
395,9,食材,339,342,天门冬
395,10,烹饪方法,15,16,浸
395,11,烹饪方法,90,92,阴干
395,12,烹饪方法,63,64,采
395,13,烹饪方法,122,123,剥
395,14,烹饪方法,127,128,到
395,15,烹饪方法,129,131,曝燥
395,16,烹饪方法,169,170,削
395,17,烹饪方法,173,174,捣
395,18,烹饪方法,183,184,渍
395,19,烹饪方法,192,193,覆
395,20,烹饪方法,195,197,密封
395,21,烹饪方法,38,39,发
395,22,烹饪方法,210,211,造
395,23,烹饪方法,219,220,屑
395,24,烹饪方法,258,259,溃
395,25,烹饪方法,261,262,煮
395,26,功效,31,34,身轻
395,27,功效,44,46,通明
395,28,功效,98,100,不老
395,29,功效,144,146,绝谷
395,30,功效,225,228,不饥渴
395,31,功效,229,231,除病
395,32,功效,231,233,延年
396,1,食材,104,106,人参
396,2,食材,139,141,黄精
396,3,食材,171,173,茯苓
396,4,食材,173,175,远志
396,5,食材,207,209,当归
396,6,食材,237,239,鹿茸
396,7,食材,240,242,麋萁
396,8,食材,273,275,琥珀
396,9,食材,319,322,酸枣仁
396,10,食材,356,359,拍子仁
396,11,烹饪方法,109,110,煎
396,12,烹饪方法,114,116,熬膏
396,13,烹饪方法,246,247,研
396,14,食疗方,128,133,长生神芝膏
396,15,食疗方,159,165,三台益算膏
396,16,食疗方,195,200,四仙求志育
396,17,食疗方,225,231,五老朝元膏
396,18,食疗方,262,267,六龙御天膏
396,19,食疗方,308,313,七元归真膏
396,20,食疗方,345,350,八神卫护膏
396,21,食疗方,383,388,九龙扶寿丹
396,22,禁忌,76,79,忌食桃
396,23,功效,65,67,轻身
396,24,功效,67,69,延年
396,25,功效,70,74,悦泽颜色
397,1,食材,13,14,肉
397,2,食材,36,37,盐
397,3,食材,9,10,酒
397,4,食材,11,12,糟
397,5,食材,141,143,鲚鱼
397,6,食材,152,153,油
397,7,食材,159,160,箬
397,8,食材,181,183,鲤鱼
397,9,食材,247,249,麻油
397,10,食材,257,259,草果
397,11,食材,260,262,茴香
397,12,食材,263,265,砂仁
397,13,食材,266,268,花椒
397,14,食材,270,272,水姜
397,15,食材,273,275,胡椒
397,16,食材,281,282,葱
397,17,食材,283,284,醋
397,18,食材,234,235,蟹
397,19,烹饪方法,40,41,煎
397,20,烹饪方法,109,110,炙
397,21,烹饪方法,75,76,炒
397,22,烹饪方法,78,79,擦
397,23,烹饪方法,201,202,淹
397,24,烹饪方法,208,209,酿
397,25,烹饪方法,242,243,剁
397,26,烹饪方法,250,251,熬
397,27,烹饪方法,147,148,切
397,28,烹饪方法,162,163,盛
397,29,烹饪方法,168,169,封
397,30,烹饪方法,12,13,涂
397,31,食疗方,171,178,水醯鱼
398,1,食材,11,14,枸杞子
398,2,食材,180,182,黄精
398,3,食材,334,336,白蜜
398,4,食材,341,344,天门冬
398,5,烹饪方法,55,57,椎压
398,6,烹饪方法,75,76,熬
398,7,烹饪方法,328,329,蒸
398,8,功效,98,100,明目
398,9,功效,100,102,驻颜
398,10,功效,103,106,壮元气
398,11,功效,109,112,渖肌肤
398,12,功效,280,282,助气
398,13,功效,282,284,固褙
398,14,功效,285,289,补镇丹田
398,15,功效,291,293,活血
398,16,功效,296,300,长生不老
398,17,食疗方,174,178,二精丸方
399,1,食材,0,7,红花子
399,2,食材,62,69,金雀花
399,3,食材,181,188,黄豆芽
399,4,食材,121,123,蹇豆
399,5,食材,128,132,蒲包
399,6,食材,218,220,香荩
399,7,食材,221,223,橙丝
399,8,食材,224,226,木耳
399,9,食材,227,231,佛手柑丝
399,10,食材,237,239,麻油
399,11,食材,240,242,糟霜
399,12,食材,40,41,醋
399,13,烹饪方法,10,11,淘
399,14,烹饪方法,17,19,捣碎
399,15,烹饪方法,32,33,煎
399,16,烹饪方法,41,42,点
399,17,烹饪方法,45,46,挹
399,18,烹饪方法,86,87,焯
399,19,烹饪方法,100,101,拌
399,20,烹饪方法,134,136,包裹
399,21,烹饪方法,157,158,喷
399,22,烹饪方法,163,165,去壳
399,23,烹饪方法,213,215,煮熟
399,24,烹饪方法,231,233,拌勾
399,25,食性,111,112,寒
399,26,古籍来源,249,264,@褰豆;-云豌豆;一云蚕豆。
400,1,食材,53,55,半夏
400,2,食材,69,73,晋州降香
400,3,食材,79,81,丁皮
400,4,食材,87,90,草豆蔻
400,5,食材,95,97,生姜
400,6,食材,206,210,桔皮
400,7,功效,31,35,开骨健脾
400,8,功效,37,40,止呕吐
400,9,功效,41,46,去脑中焱满
400,10,功效,48,51,下肺气
400,11,功效,223,225,消痰
400,12,功效,225,227,止嗽
400,13,功效,228,233,破癞魑痃癖
400,14,病症,324,325,癞
400,15,病症,302,303,疲
400,16,病症,303,304,痃
400,17,病症,400,401,猪
400,18,烹饪方法,63,64,切
400,19,烹饪方法,117,118,焙
400,20,烹饪方法,123,124,挫
400,21,烹饪方法,135,136,煎
400,22,烹饪方法,145,146,浸
400,23,烹饪方法,110,111,洗
400,24,烹饪方法,181,183,细嚼
400,25,古籍来源,212,215,日华子
400,26,古籍来源,256,260,高濂所录
401,1,食材,0,1,糖
401,2,烹饪方法,3,4,蒸
401,3,食材,6,7,茄
401,4,食材,8,11,牛奶茄
401,5,食材,32,33,盐
401,6,烹饪方法,40,41,焯
401,7,食材,51,53,薄荷
401,8,食材,227,229,茴香
401,9,食材,64,66,砂糖
401,10,食材,69,70,醋
401,11,食材,97,98,蒜
401,12,食材,100,101,梅
401,13,食材,102,106,青硬梅子
401,14,食材,109,111,大蒜
401,15,食材,115,117,咸囊
401,16,食材,121,123,炒盐
401,17,食材,185,186,瓜
401,18,食材,187,189,青瓜
401,19,食材,211,213,生姜
401,20,食材,214,216,陈皮
401,21,食材,217,219,薄荷
401,22,食材,220,222,紧苏
401,23,食材,54,57,茴香
401,24,食材,230,232,砂仁
401,25,食材,250,251,酱
402,1,食材,24,26,芡实
402,2,食材,47,49,粳米
402,3,食材,79,81,莲肉
402,4,食材,93,95,糯米
402,5,食材,118,120,竹叶
402,6,食材,255,257,石膏
402,7,烹饪方法,52,53,煮
402,8,烹饪方法,34,35,研
402,9,烹饪方法,90,91,捣
402,10,功效,57,60,益精气
402,11,功效,61,64,强智力
402,12,功效,65,68,聪耳目
402,13,食疗方,70,77,莲子粥
402,14,食疗方,109,116,竹叶粥
403,1,食材,18,20,茶叶
403,2,食材,66,68,木樨
403,3,食材,69,71,茉莉
403,4,食材,72,74,玫瑰
403,5,食材,75,77,蔷薇
403,6,食材,78,80,兰蕙
403,7,食材,81,83,橘花
403,8,食材,83,85,栀子
403,9,食材,86,88,木香
403,10,食材,89,91,梅花
403,11,烹饪方法,4,5,絷
403,12,烹饪方法,28,29,焙
403,13,烹饪方法,210,211,煮
403,14,烹饪方法,240,241,煎
403,15,病症,318,320,颈疾
403,16,古籍来源,357,362,吴山第一泉
403,17,古籍来源,363,366,郭璞井
403,18,古籍来源,367,370,虎跑泉
403,19,古籍来源,371,373,龙井
403,20,古籍来源,374,378,葛仙翁井
404,1,食材,153,156,枸杞子
404,2,食材,158,160,干面
404,3,食材,179,181,红茶
404,4,食材,200,202,酥油
404,5,食材,206,208,香油
404,6,食材,222,223,盐
404,7,食材,256,259,黄牛乳
404,8,食性,265,266,平
404,9,功效,266,269,补血脉
404,10,功效,270,273,益心气
406,1,食材,3,4,茶
406,2,食材,106,108,崩叶
406,3,食材,163,166,稻草灰
406,4,食材,265,267,清泉
406,5,食材,270,271,花
406,6,食材,272,274,杂果
406,7,食材,295,297,细茶
406,8,食材,318,320,橙茶
406,9,食材,321,324,莲花茶
406,10,食材,335,337,莲花
406,11,食材,379,382,箬竹叶
406,12,食性,91,92,温
406,13,烹饪方法,64,65,炒
406,14,烹饪方法,65,66,焙
406,15,烹饪方法,267,268,烹
406,16,烹饪方法,195,196,拨
406,17,烹饪方法,198,199,开
406,18,烹饪方法,24,25,取
406,19,烹饪方法,238,239,放
406,20,烹饪方法,285,286,拌
406,21,烹饪方法,348,349,纳
406,22,禁忌,86,89,畏香药
406,23,禁忌,94,97,忌令湿
406,24,禁忌,136,144,火多则茶焦不可食
406,25,养生原则,69,73,盛贮如法
406,26,养生原则,129,134,温则去湿润
406,27,养生原则,205,209,仍复覆灰
406,28,养生原则,210,214,再无蒸坏
406,29,养生原则,226,231,空楼中悬架
406,30,养生原则,240,249,不蒸原蒸自夭而下
406,31,养生原则,250,254,放宜倒放
406,32,养生原则,300,306,庶茶味不减
406,33,养生原则,307,311,花香盈颇
406,34,养生原则,312,316,终不脱俗
406,35,养生原则,325,331,于日未出时
407,1,食材,1,3,菜叶
407,2,食材,32,33,莱
407,3,食材,43,45,香油
407,4,食材,62,63,蒜
407,5,食材,65,69,冬瓜
407,6,食材,84,86,白矾
407,7,食材,86,88,石灰
407,8,食材,102,103,盐
407,9,食材,106,108,蒜瓣
407,10,食材,127,128,醋
407,11,食材,138,139,韭
407,12,食材,218,220,黄瓜
407,13,食材,222,224,茄儿
407,14,食材,254,259,春不老菜薹
407,15,食材,289,291,萎丝
407,16,食材,293,295,豆瓣
407,17,食材,307,310,人食香
407,18,烹饪方法,20,21,焯
407,19,烹饪方法,24,26,晒干
407,20,烹饪方法,35,36,浸
407,21,烹饪方法,38,40,压干
407,22,烹饪方法,56,57,蒸
407,23,烹饪方法,77,78,切
407,24,烹饪方法,88,89,煎
407,25,烹饪方法,94,95,漉
407,26,烹饪方法,111,112,捣
407,27,烹饪方法,135,136,腌
407,28,烹饪方法,187,188,翻
407,29,烹饪方法,291,292,炒
407,30,烹饪方法,314,315,揉
407,31,烹饪方法,117,118,装
407,32,食性,33,34,温
407,33,食疗方,242,252,造谷莱法
408,1,食材,17,18,茶
408,2,食材,59,61,天池
408,3,食材,91,93,龙井
408,4,食材,132,136,北山酉溪
408,5,食材,200,202,天竺
408,6,食材,203,205,灵隐
408,7,食材,214,216,临安
408,8,食材,513,515,于潜
408,9,食材,228,231,掰州园
408,10,食材,232,233,赤
408,11,食材,249,251,闽广
408,12,食材,285,288,岭南茶
408,13,食性,34,35,苦
408,14,食味,339,340,甘
408,15,功效,459,463,消除垢腻
408,16,功效,466,469,去积瀹
408,17,病症,300,302,瘴疠
408,18,病症,321,323,成疾
408,19,烹饪方法,27,28,炒
408,20,烹饪方法,83,84,焙
408,21,烹饪方法,365,366,碾
408,22,烹饪方法,378,379,舾
408,23,禁忌,327,330,当慎之
408,24,养生原则,333,336,采时
408,25,养生原则,352,356,采迄可她
408,26,古籍来源,531,533,茶经
408,27,医家,535,537,陆羽
409,1,食材,9,11,袍袖
409,2,食材,12,14,裙褐
409,3,食材,111,112,饭
409,4,食材,221,222,羹
409,5,食材,223,224,蔬
409,6,食材,344,346,紧菱
409,7,食材,346,348,长腰
409,8,食材,349,351,红芡
409,9,食材,351,353,圆实
409,10,食材,354,360,牛心绿蒂之柿
409,11,食味,120,123,五味
409,12,食味,113,115,正味
409,13,食味,139,141,甘美
409,14,食味,146,148,外味
409,15,病症,311,313,愁思
409,16,病症,327,329,凛辰
409,17,医家,47,50,倪正父
409,18,医家,58,60,鲁苴
409,19,医家,237,240,壬逢原
409,20,古籍来源,62,68,《食时五观》
409,21,古籍来源,241,246,《思归赋》
411,1,食材,68,70,石泉
411,2,食材,40,42,山泉
411,3,食材,183,185,流远
411,4,食材,191,192,潭
411,5,食材,261,264,珍珠泉
411,6,食材,298,299,瀑
411,7,食材,307,310,蕨山水
411,8,食材,317,319,瀑布
411,9,医家,76,79,皇甫曾
411,10,医家,400,403,梅尧臣
411,11,医家,395,397,张华
411,12,医家,518,521,张曲江
411,13,古籍来源,60,62,楚辞
411,14,古籍来源,219,222,博物志
413,1,病症,0,6,腰脚膀胱衿痛
413,2,病症,9,11,水肿
413,3,病症,12,14,挛瘐
413,4,病症,52,54,身重
413,5,病症,64,65,痪
413,6,病症,85,86,吐
413,7,病症,92,93,黄
413,8,病症,94,95,癖
413,9,病症,127,128,病
413,10,病症,193,194,泻
413,11,病症,326,328,大风
413,12,病症,362,364,挛痛
413,13,病症,365,369,腰脚重坠
413,14,病症,370,374,膀胱疝证
413,15,病症,375,379,腹下令痛
413,16,病症,380,384,消褐痰饮
413,17,病症,393,397,精薄无孑
413,18,病症,405,407,瘢风
413,19,病症,408,410,瘫痪
413,20,病症,419,421,痈瘵
413,21,食味,28,29,咸
413,22,食性,101,102,温
413,23,食性,111,112,平
413,24,食性,59,60,热
413,25,食味,235,236,甘
413,26,食味,210,211,苦
413,27,食味,237,238,酸
413,28,食味,239,240,辛
413,29,食味,240,241,涩
413,30,食味,236,237,苦
413,31,食材,21,22,盐
413,32,食材,23,24,茶
413,33,食材,47,48,榧
413,34,食材,97,99,蒙茶
413,35,食材,103,105,六安
413,36,食材,106,109,湘潭茶
413,37,食材,113,115,松茗
413,38,食材,77,78,酒
413,39,食材,287,289,牛肉
413,40,食材,297,298,乳
413,41,食材,307,309,胡桃
413,42,食材,318,320,黍穰
413,43,食材,322,324,猪肉
413,44,食材,331,332,芥
413,45,食材,426,428,丹砂
413,46,食材,429,431,雄黄
413,47,食材,168,171,蕨灵仙
413,48,食材,172,175,士茯苓
413,49,食材,180,183,虫君子
413,50,食材,195,197,荼子
413,51,食材,123,125,香物
413,52,功效,202,205,去油腻
413,53,禁忌,41,44,不可饮
413,54,禁忌,66,70,宜少勿多
413,55,禁忌,220,225,胃冷人勿食
413,56,禁忌,254,260,多饮助火生痪
413,57,禁忌,261,265,昏神软体
413,58,禁忌,266,269,损筋骨
413,59,禁忌,270,273,伤脾胃
413,60,禁忌,274,277,耗肺气
413,61,禁忌,279,282,夭人寿
413,62,古籍来源,470,472,六安
414,1,食材,3,5,生姜
414,2,食材,20,22,芥莱
414,3,食材,41,43,鲫鱼
414,4,食材,52,54,兔肉
414,5,食材,54,56,鳖肉
414,6,食材,118,120,芥子
414,7,食材,141,143,鸡肉
414,8,食材,146,148,苋莱
414,9,食材,186,188,蕨粉
414,10,食材,212,213,鳖
414,11,食材,256,258,菠菜
414,12,食材,296,298,靼鱼
414,13,食材,345,348,莴苣菜
414,14,食材,425,427,苍术
414,15,食材,420,422,白术
414,16,食材,408,409,萎
414,17,食性,28,29,温
414,18,食性,124,125,热
414,19,食性,154,155,令
414,20,食性,264,266,冷滑
414,21,食性,164,165,令
414,22,食味,25,26,辛
414,23,食味,151,152,甘
414,24,食味,351,353,甘苦
414,25,功效,6,7,解
414,26,功效,467,469,健胃
414,27,功效,534,539,健脾益气
414,28,病症,48,50,水肿
414,29,病症,59,62,恶疮病
414,30,病症,64,66,疮疡
414,31,病症,69,71,便血
414,32,病症,79,83,丹石药莓
414,33,病症,104,105,疮
414,34,病症,101,102,痰
414,35,病症,166,168,烦闷
414,36,病症,178,180,泄泻
414,37,病症,191,192,癜
414,38,病症,198,201,滑胎
414,39,病症,303,305,霍乱
414,40,病症,276,278,腰痛
414,41,病症,280,283,冷气
414,42,病症,286,288,腹冷
414,43,病症,132,133,目
414,44,病症,369,372,阴道
414,45,病症,169,170,冷
414,46,病症,337,342,大小肠冷滑
414,47,脏腑,176,178,脾胃
414,48,脏腑,541,542,脾
414,49,禁忌,30,34,多食昏月
414,50,禁忌,35,39,动风发气
414,51,禁忌,84,91,细叶有毛者害人
414,52,禁忌,92,96,芥薹多食
414,53,禁忌,108,112,酒后食多
414,54,禁忌,113,117,缓人筋骨
414,55,禁忌,157,163,多食发风动气
414,56,禁忌,202,208,临月食之易产
414,57,禁忌,218,221,生鳖疲
414,58,禁忌,267,273,多食令人脚弱
414,59,禁忌,360,366,多食昏人目
414,60,禁忌,373,379,患冷人不宜食
414,61,禁忌,381,386,紫色者有毒
414,62,医家,436,438,苍术
414,63,医家,472,474,白术
415,1,食材,4,5,面
415,2,食材,9,11,莱菔
415,3,食材,12,14,汊椒
415,4,食材,51,53,新麦
415,5,食材,59,61,陈芰
415,6,食材,65,68,土茯苓
415,7,食材,69,72,葳灵仙
415,8,食材,73,75,当归
415,9,食材,86,88,面筋
415,10,食材,96,97,油
415,11,食材,119,121,荞麦
415,12,食材,164,167,猪苹肉
415,13,食材,206,208,雉肉
415,14,食材,208,210,黄鱼
415,15,食材,250,252,苦荞
415,16,食材,295,296,酊
415,17,食材,301,303,芨面
415,18,食性,32,33,热
415,19,食性,61,63,平和
415,20,食性,93,94,凉
415,21,食性,55,56,热
415,22,食性,127,128,笨
415,23,食性,259,260,温
415,24,食味,90,91,甘
415,25,食味,124,125,甘
415,26,食味,255,257,甘苦
415,27,功效,14,16,消之
415,28,功效,46,50,人药尤良
415,29,功效,150,151,消
415,30,功效,245,248,辟壁虱
415,31,病症,5,7,伤@
415,32,病症,107,109,难化
415,33,病症,139,141,元气
415,34,病症,142,146,落屑发
415,35,病症,152,155,动风气
415,36,病症,158,160,头眩
415,37,病症,178,180,热风
415,38,病症,181,185,眉领脱落
415,39,病症,233,235,腹痛
415,40,病症,269,271,伤胃
415,41,病症,273,278,发风动气
415,42,病症,280,283,发诸病
415,43,病症,308,310,伤窖
415,44,脏腑,129,131,脾胃
415,45,禁忌,77,79,忌湿
415,46,禁忌,115,117,勿食
415,47,禁忌,212,217,与诸矾相反
415,48,禁忌,227,229,忌之
415,49,禁忌,288,292,尤当忌之
416,1,食材,2,4,槟榔
416,2,食材,32,35,扶留蔗
416,3,食材,36,39,瓦垄子
416,4,食材,67,68,橙
416,5,食材,69,70,桔
416,6,食材,73,75,蕙肉
416,7,食材,85,87,莲子
416,8,食材,120,121,荷
416,9,食材,138,140,莲花
416,10,食材,141,143,蕊须
416,11,食材,144,146,地黄
416,12,食材,147,148,葱
416,13,食材,149,150,蒜
416,14,食材,154,156,桐油
416,15,食材,158,159,葡
416,16,食材,179,181,盐水
416,17,食材,189,190,油
416,18,食材,191,192,米
416,19,食材,192,193,面
416,20,食材,205,206,荽
416,21,食材,254,256,姜汁
416,22,食材,256,257,酒
416,23,食材,266,269,吴茱萸
416,24,食材,276,278,蜂蜜
416,25,食性,82,83,平
416,26,食性,165,166,平
416,27,食性,212,213,平
416,28,食味,56,57,甘
416,29,食味,78,79,甘
416,30,食味,162,163,甘
416,31,病症,109,111,霍乱
416,32,病症,112,116,大便闭燥
416,33,病症,174,176,冷中
416,34,病症,246,249,腹滞气
416,35,病症,250,252,腹胀
416,36,病症,225,227,痿茎
416,37,病症,228,232,生蛲虫
416,38,脏腑,218,220,脏腑
416,39,脏腑,222,224,阴气
416,40,烹饪方法,130,131,煎
416,41,烹饪方法,20,21,洗
416,42,烹饪方法,167,169,生食
416,43,烹饪方法,365,367,油煤
416,44,禁忌,87,90,不去芯
416,45,禁忌,91,95,令人作吐
416,46,禁忌,96,107,多生食者徽动伶气胀人
416,47,禁忌,200,203,忌铁器
416,48,禁忌,280,283,生蝤虫
416,49,古籍来源,303,311,传谠鸩鸟喜食蓄蛇
417,1,食材,0,3,黄大豆
417,2,食味,80,81,甘
417,3,食性,9,10,温
417,4,食性,13,14,热
417,5,功效,35,39,令人面黄
417,6,功效,39,41,俸重
417,7,禁忌,43,49,不可同猪肉食
417,8,食材,51,53,小青
417,9,食材,54,55,豆
417,10,食材,56,59,赤臼豆
417,11,食性,59,63,性味相似
417,12,禁忌,65,74,不可与鱼及羊肉同食
417,13,食材,76,78,赤豆
417,14,食味,146,147,甘
417,15,食味,81,82,酸
417,16,食性,84,85,平
417,17,禁忌,86,91,同鲤鱼鲱食
417,18,功效,92,95,令肝黄
417,19,病症,97,99,消渴
417,20,禁忌,102,109,同米煮饭及作酱
417,21,功效,110,115,食久发口疮
417,22,功效,116,120,驴食足轻
417,23,功效,121,125,人食身重
417,24,功效,129,132,逐精波
417,25,功效,133,138,令肌瘦肤燥
417,26,食材,141,144,赤小豆
417,27,食味,232,233,甘
417,28,食味,147,148,辛
417,29,食性,258,259,平
417,30,功效,151,153,下行
417,31,禁忌,155,161,不可同鱼鲱食
417,32,功效,162,170,久服则降令太过
417,33,功效,171,176,使津血渗泄
417,34,功效,177,183,令人肌瘦身重
417,35,功效,191,196,助热损人
417,36,功效,197,205,豆粉能去衣上油迹
417,37,食材,206,210,花名腐婢
417,38,功效,212,215,解酒毒
417,39,功效,216,225,食之令人多饮不醉
417,40,食材,227,229,莱豆
417,41,食味,296,297,甘
417,42,食性,235,236,蹇
417,43,功效,238,242,宜途皮用
417,44,功效,243,251,去皮则令人少雍气
417,45,禁忌,261,264,反榧子
417,46,禁忌,265,267,害人
417,47,禁忌,268,274,合鲤鱼鲱食久
417,48,功效,275,279,令入胙黄
417,49,病症,282,284,渴病
417,50,功效,285,289,花解酒毒
417,51,食材,291,293,扁豆
417,52,食味,319,320,甘
417,53,食性,299,301,徽温
417,54,禁忌,302,312,患冷气及寒热病者勿食
417,55,食材,314,316,蚕豆
417,56,食味,345,346,甘
417,57,食味,320,322,徽辛
417,58,食性,324,325,平
417,59,功效,326,332,多食滞气成积
417,60,功效,334,338,发胀作痛
417,61,食材,340,343,云南豆
417,62,食性,348,349,温
417,63,功效,350,352,有莓
417,64,烹饪方法,353,355,煮食
417,65,功效,355,358,味颇佳
417,66,功效,359,366,多食令人寒热
417,67,功效,367,372,手足心发麻
417,68,食材,376,378,生姜
417,69,病症,31,33,疥疮
417,70,病症,420,428,一种毖浓性皮胀病
417,71,病症,442,444,手腕
417,72,病症,445,447,手指
417,73,病症,448,450,臀部
417,74,病症,451,453,腹部
417,75,病症,457,467,局部起丘疹而不变颜色
417,76,病症,470,473,奇痒
417,77,病症,475,477,消渴
417,78,病症,485,487,日渴
417,79,病症,488,490,易饥
417,80,病症,492,494,尿多
417,81,病症,496,497,瘦
417,82,病症,505,508,糖尿病
417,83,病症,509,512,尿崩症
417,84,病症,517,522,急性热病中
417,85,病症,523,531,几渴多诙为消渴熵
418,1,食材,7,10,百花菜
418,2,食材,11,14,吴茱萸
418,3,食材,21,24,龟鳖肉
418,4,食材,27,28,鹿
418,5,食材,29,30,驴
418,6,食材,31,33,马肉
418,7,食材,34,36,虾子
418,8,食材,57,59,头肉
418,9,食材,69,71,猪肉
418,10,食材,83,85,项肉
418,11,食材,99,100,脂
418,12,食材,108,111,腊月
418,13,食材,117,120,反鸟梅
418,14,食材,121,123,梅子
418,15,食材,125,127,千漆
418,16,食材,185,187,猪脑
418,17,食材,182,184,盐酒
418,18,食材,197,198,血
418,19,食材,207,209,地黄
418,20,食材,210,213,祁骨脂
418,21,食材,214,217,何首鸟
418,22,食材,230,232,黄豆
418,23,食材,236,237,心
418,24,食材,261,262,肝
418,25,食材,300,302,雉肉
418,26,食材,303,305,鲎肉
418,27,食材,307,310,鱼脍
418,28,食材,317,319,鲤鱼
418,29,食材,320,322,卿鱼
418,30,食材,327,329,鹌鹑
418,31,食材,336,337,肺
418,32,食材,348,351,白花菜
418,33,食材,365,366,饴
418,34,食材,373,374,肾
418,35,食材,433,435,猪鼻
418,36,食材,445,447,花猪
418,37,食材,595,597,病猪
418,38,食材,452,455,白睇猪
418,39,食材,456,459,自死猪
418,40,食材,465,468,黄镰猪
418,41,食材,494,497,皂荚子
418,42,食材,498,501,桑白皮
418,43,食材,501,505,高良姜
418,44,食材,506,508,黄蜡
418,45,食材,515,518,旧篱筏
418,46,食材,527,531,楮实子
418,47,食材,546,547,醋
418,48,食材,563,565,红炭
418,49,食材,331,332,面
418,50,食材,586,588,砂糖
418,51,食材,600,602,猪屎
418,52,食材,623,625,猪骨
418,53,食材,633,636,芫荽汁
418,54,食材,667,670,耶胰子
418,55,食性,136,137,寒
418,56,食性,204,205,平
418,57,食性,269,270,温
418,58,食性,381,382,衿
418,59,食味,133,134,甘
418,60,食味,201,202,咸
418,61,食味,266,267,苦
418,62,功效,518,520,易熟
418,63,功效,536,538,易烂
418,64,功效,540,541,香
418,65,功效,550,554,可留数日
418,66,功效,570,574,不油莶气
418,67,功效,590,593,去秽气
418,68,功效,614,615,瘥
418,69,病症,17,19,痔瘘
418,70,病症,45,47,暴肥
418,71,病症,3,4,风
418,72,病症,66,68,发疾
418,73,病症,160,162,闲逍
418,74,病症,167,170,行事
418,75,病症,225,227,损阳
418,76,病症,355,357,气滞
418,77,病症,357,360,发罨乱
418,78,病症,314,315,疽
418,79,病症,392,394,伤肾
418,80,病症,409,411,真气
418,81,病症,413,416,发箧壅
418,82,病症,249,252,耗心气
418,83,病症,323,325,伤神
418,84,病症,38,39,伤
418,85,病症,650,653,黑斑点
418,86,禁忌,286,290,不可多食
418,87,禁忌,220,222,忌之
418,88,禁忌,253,260,不可合吴茱萸食
418,89,禁忌,291,296,服药人勿食
418,90,禁忌,388,390,久食
418,91,禁忌,400,402,尤忌
418,92,禁忌,403,407,冬月食之
418,93,禁忌,174,177,不可食
418,94,禁忌,483,488,烧肉忌桑柴
418,95,烹饪方法,460,461,煮
418,96,烹饪方法,523,525,封锅
418,97,烹饪方法,565,566,投
418,98,烹饪方法,599,600,烧
418,99,烹饪方法,206,207,服
418,100,古籍来源,142,146,《礼记》
419,1,食材,0,2,鲨堕
419,2,食味,5,6,甘
419,3,食性,8,9,平
419,4,禁忌,10,15,多食发疮疥
419,5,食材,33,35,甘草
419,6,食味,43,44,甘
419,7,食性,46,47,温
419,8,禁忌,71,78,多食发疮疥丹毒
419,9,食材,80,83,鳐残鱼
419,10,食味,86,87,甘
419,11,食性,90,91,平
419,12,禁忌,92,106,多食令人发疮疥及小儿赤游风
419,13,食材,112,114,银鱼
419,14,食材,118,120,籁鱼
419,15,食材,143,145,鳙鱼
419,16,食味,149,150,甘
419,17,食性,152,153,温
419,18,食材,156,157,鲢
419,19,食材,180,181,鲭
419,20,食材,217,219,剿鱼
419,21,食味,222,223,甘
419,22,食性,225,226,温
419,23,食材,230,233,赤眼鱼
419,24,禁忌,235,241,多食动风气
419,25,禁忌,249,257,发疮疖癣疥及瘸疾
419,26,食材,280,283,钞光鱼
419,27,食材,285,287,甘草
419,28,功效,339,341,解毒
419,29,食材,345,348,鲦殁鱼
419,30,食材,351,354,大银鱼
419,31,病症,396,398,赤巅
419,32,病症,408,411,赤裢丹
419,33,食材,525,527,针鱼
419,34,古籍来源,589,591,礼记
420,1,食材,168,171,草豆蔻
420,2,食材,36,39,缩砂仁
420,3,食材,41,44,白豆蔻
420,4,食材,52,55,红豆魑
420,5,食材,95,98,食茱萸
420,6,食材,144,146,川椒
420,7,食味,14,15,辛
420,8,食性,18,19,温
420,9,食味,58,59,芊
420,10,食味,102,103,苦
420,11,食性,106,108,大热
420,12,食性,25,26,热
420,13,功效,28,30,伤肺
420,14,功效,30,32,损目
420,15,功效,46,49,性气和
420,16,功效,65,69,令人舌粗
420,17,功效,70,74,不思饮食
420,18,功效,78,80,动火
420,19,功效,81,83,伤目
420,20,功效,83,85,致衄
420,21,功效,112,115,动脾火
420,22,功效,116,120,发浮肿虚
420,23,功效,123,126,发疮痔
420,24,功效,155,159,令人乏气
420,25,功效,159,162,伤血脉
420,26,功效,259,263,燥湿除寒
420,27,功效,264,268,消食化积
420,28,功效,281,283,止呕
420,29,功效,284,287,补胃
420,30,功效,288,290,下气
420,31,功效,347,351,行气调中
420,32,功效,354,356,醒脾
420,33,功效,360,365,治腹痛痞胀
420,34,功效,417,422,行气媛胃
420,35,功效,423,425,消食
420,36,功效,426,428,宽中
420,37,功效,432,436,治气滞
420,38,功效,494,496,散笨
420,39,功效,501,506,治腹脘衿痈
420,40,功效,606,610,发羊昏
420,41,病症,128,130,目疾
420,42,病症,131,133,火证
420,43,禁忌,2,6,不宜用之
420,44,禁忌,89,93,不宜用之
420,45,禁忌,134,136,忌食
420,46,禁忌,137,142,勿同莰菇食
421,1,食材,0,3,老鼠肉
421,2,食味,5,6,甘
421,3,食性,9,10,热
421,4,食材,14,16,鼠骨
421,5,禁忌,18,22,能令人瘦
421,6,食材,24,26,鼠涎
421,7,病症,48,50,鼠瘘
421,8,病症,52,57,发黄如金
421,9,食材,58,60,鼠粪
421,10,食性,61,63,小毒
421,11,禁忌,69,75,令人目黄成疸
421,12,食材,76,83,被鼠咬残之物
421,13,禁忌,84,88,人忌食之
421,14,食材,90,94,土狻鼠肉
421,15,食味,96,97,甘
421,16,食性,99,100,平
421,17,禁忌,110,116,多食难克化
421,18,禁忌,117,120,微动风
421,19,食材,122,125,貂鼠肉
421,20,食味,128,129,甘
421,21,食性,131,132,平
421,22,食味,186,187,甘
421,23,食性,189,190,平
421,24,禁忌,203,208,食能发疮
421,25,食材,210,214,萁鼠猴肉
421,26,食味,216,217,甘
421,27,食味,218,220,羰臭
421,28,食性,222,223,温
421,29,食性,225,227,小毒
421,30,禁忌,228,231,不堪食
421,31,食材,233,235,猸肉
421,32,食味,238,239,甘
421,33,食性,241,242,平
421,34,禁忌,243,247,误食其骨
421,35,禁忌,248,252,令人瘦劣
421,36,禁忌,253,257,诸节渐小
421,37,食材,357,359,诸肉
421,38,食性,466,467,毒
421,39,禁忌,446,453,以上并不可食
421,40,禁忌,454,456,杀人
421,41,禁忌,457,461,轻则病人
421,42,食材,468,470,诸脑
421,43,禁忌,470,474,损阴猾精
421,44,食材,475,480,经夏臭脯
421,45,禁忌,481,483,人阴
421,46,病症,485,487,水病
421,47,食材,488,490,诸脂
421,48,禁忌,490,494,燃灯损目
421,49,食材,496,500,本生命肉
421,50,禁忌,501,506,令人黄鼠
422,1,食材,128,130,犬肉
422,2,食材,15,18,白狗血
422,3,食材,19,21,鸡肉
422,4,食材,22,25,鸟鸡肉
422,5,食材,27,30,白鸡肝
422,6,食材,31,34,白羊肉
422,7,食材,35,38,蒲子羹
422,8,食材,44,47,白犬乳
422,9,食材,54,56,犬肾
422,10,食材,185,187,马肉
422,11,食材,200,202,仓米
422,12,食材,203,205,稷米
422,13,食材,206,208,卷耳
422,14,食材,223,224,姜
422,15,食材,232,234,猪肉
422,16,食材,345,347,马乳
422,17,食材,357,359,鱼脍
422,18,食材,364,366,马肝
422,19,食材,383,385,马尾
422,20,食材,406,408,马脑
422,21,食材,421,423,马血
422,22,食材,496,498,马汗
422,23,食材,502,504,马毛
422,24,食材,505,507,马尿
422,25,食材,508,510,马屎
422,26,食材,530,533,粟秆灰
422,27,食材,559,561,清酒
422,28,食材,567,569,浊酒
422,29,食材,575,577,芦根
422,30,食材,581,583,杏仁
422,31,食材,586,588,甘草
422,32,食材,598,599,猪
422,33,食性,194,195,冷
422,34,食性,352,354,性冷
422,35,食味,190,192,辛苦
422,36,食味,350,351,甘
422,37,功效,50,52,断瘠
422,38,病症,213,215,恶病
422,39,病症,238,241,霍乱
422,40,病症,243,245,疥疮
422,41,病症,245,247,下痢
422,42,病症,263,265,难产
422,43,病症,286,288,疳瘦
422,44,病症,481,483,疔胂
422,45,病症,418,420,发癞
422,46,病症,442,444,肿起
422,47,病症,554,556,心闷
422,48,病症,522,525,毒攻心
422,49,病症,493,494,疮
422,50,禁忌,11,14,不可食
422,51,禁忌,73,76,不利人
422,52,禁忌,196,198,有毒
422,53,禁忌,216,220,十有九死
422,54,禁忌,227,230,发气嗷
422,55,禁忌,248,252,食必加剧
422,56,禁忌,272,278,令子过月难产
422,57,禁忌,308,312,并不可食
422,58,禁忌,313,316,令人巅
422,59,禁忌,336,339,并有毒
422,60,禁忌,340,344,食之杀人
422,61,禁忌,386,390,令齿疏损
422,62,禁忌,400,405,最腠齿龈
422,63,禁忌,370,373,有大毒
422,64,禁忌,425,428,有大毒
422,65,禁忌,429,437,生马血人人肉中
422,66,禁忌,445,449,连心即死
422,67,禁忌,512,515,令加剧
422,68,古籍来源,60,64,《内则》
423,1,病症,3,9,阴下湿痒生疮
423,2,病症,12,15,宿疾症
423,3,病症,21,23,下利
423,4,病症,58,60,反胃
423,5,病症,62,64,脚气
423,6,病症,85,86,痢
423,7,病症,113,115,冷病
423,8,病症,131,133,寒热
423,9,病症,257,261,霍乱冷病
423,10,病症,204,206,腹胀
423,11,病症,252,255,寒疝
423,12,病症,427,429,衄血
423,13,病症,436,437,痪
423,14,病症,539,543,精寒阳痿
423,15,病症,557,561,泥腑滞气
423,16,病症,581,585,忧愁不安
423,17,食性,138,139,寒
423,18,食性,416,418,微寒
423,19,食性,470,471,平
423,20,食性,508,509,拎
423,21,食味,233,234,甘
423,22,食味,327,328,酸
423,23,食味,467,468,苦
423,24,食味,550,551,淡
423,25,食味,503,504,辛
423,26,功效,72,75,解药力
423,27,功效,212,213,消
423,28,功效,226,227,解
423,29,功效,311,313,易烂
423,30,功效,388,390,更美
423,31,禁忌,241,244,不可食
423,32,禁忌,245,250,多食作吐利
423,33,禁忌,267,270,损脾气
423,34,禁忌,333,337,多食助热
423,35,禁忌,338,345,令人卒烦闷昏目
423,36,禁忌,422,425,发虚热
423,37,禁忌,443,445,渣软
423,38,禁忌,450,453,最昏目
423,39,禁忌,477,481,小儿多食
423,40,禁忌,482,487,襟气难消
423,41,禁忌,100,102,杀人
423,42,禁忌,567,572,尤宜啜憷
423,43,烹饪方法,140,141,曝
423,44,烹饪方法,287,289,划破
423,45,烹饪方法,446,447,烧
423,46,古籍来源,149,154,《博物志》
424,1,食材,0,2,皤鱼
424,2,食味,5,6,甘
424,3,食性,8,9,平
424,4,食材,43,45,鲤鱼
424,5,食材,87,89,金鱼
424,6,食味,91,93,甘咸
424,7,食性,95,96,平
424,8,食味,98,99,短
424,9,食材,113,116,橄榄渣
424,10,食材,127,130,白杨皮
424,11,食材,136,139,比目鱼
424,12,食味,141,142,甘
424,13,食性,144,145,平
424,14,病症,153,156,风湿病
424,15,食材,161,163,鳓量
424,16,食味,167,168,甘
424,17,食性,170,171,平
424,18,病症,182,184,痈疽
424,19,食材,191,193,皎惫
424,20,食味,197,198,甘
424,21,食性,200,201,平
424,22,食材,203,205,钞鱼
424,23,食材,240,242,虎沙
424,24,食材,263,265,甘草
424,25,食材,267,270,岛贬黛
424,26,食味,272,273,咸
424,27,食性,275,276,平
424,28,食材,301,304,涤螵蛸
424,29,食材,344,347,鄙留鱼
424,30,食味,349,351,甘咸
424,31,食性,353,354,平
424,32,食材,33,35,鱼苗
424,33,食材,489,492,溽螵蛸
424,34,食材,505,508,乌贼鱼
425,1,食材,0,2,骨灰
425,2,食材,3,6,牡鼠屎
425,3,食材,8,10,豆豉
425,4,食材,11,14,狗屎灰
425,5,食材,15,18,人头垢
425,6,食材,32,36,洚兰根汁
425,7,食材,37,40,猪牙灰
425,8,食材,41,44,甘菊汁
425,9,食材,49,52,生菖蒲
425,10,食材,59,61,杜蘅
425,11,食材,67,68,稻
425,12,食材,72,74,鼠屎
425,13,食材,78,80,鸡屎
425,14,食材,86,88,僵蚕
425,15,食材,91,93,乌梅
425,16,食材,101,103,桑叶
425,17,食材,121,123,马骨
425,18,食材,187,189,驴肉
425,19,食材,198,200,荆芥
425,20,食材,201,202,茶
425,21,食材,211,214,凫茈
425,22,食材,285,287,麻油
425,23,食材,319,321,猪肉
425,24,食材,328,330,骤内
425,25,食性,195,196,平
425,26,食性,337,338,温
425,27,食味,192,193,甘
425,28,食味,333,335,辛苦
425,29,功效,471,473,镇咳
425,30,功效,474,476,祛痰
425,31,功效,477,479,利尿
425,32,病症,25,27,疔疥
425,33,病症,74,76,腹胀
425,34,病症,81,84,骨眼
425,35,病症,160,162,马病
425,36,病症,148,150,落驹
425,37,病症,219,221,筋急
425,38,病症,224,226,动风
425,39,病症,314,316,难产
425,40,病症,358,360,健忘
425,41,病症,365,367,难广
425,42,脏腑,382,383,腰
425,43,禁忌,260,262,忌食
425,44,烹饪方法,295,296,煮
425,45,古籍来源,61,63,@普
425,46,古籍来源,150,151,@
426,1,食材,0,2,海蛇
426,2,食味,5,6,咸
426,3,食性,9,10,温
426,4,食材,31,32,虾
426,5,食味,55,57,甘咸
426,6,食性,59,60,温
426,7,功效,69,73,动风助火
426,8,功效,76,80,发疮疾
426,9,禁忌,81,91,有病人及患冷积者勿食
426,10,禁忌,93,101,小儿食之。令脚软
426,11,禁忌,102,113,"鸡犬食之,亦令脚屈弱"
426,12,禁忌,124,142,切勿以热饭璧密器内作鲱食。毒人至死
426,13,食材,145,148,无须者
426,14,食材,150,154,腹下通黑
426,15,食材,155,162,煮#色娈白肴
426,16,禁忌,167,170,不可食
426,17,禁忌,171,185,勿与腌。摩肉。猎肉。鸡肉同食
426,18,食材,198,200,海虾
426,19,食味,202,204,甘咸
426,20,食性,206,207,平
426,21,功效,62,65,有小毒
426,22,功效,212,221,"同猪肉食,令人多睡"
426,23,食材,226,229,五色虾
426,24,食材,237,239,对虾
426,25,食材,246,247,蛙
426,26,食味,250,251,甘
426,27,食性,253,254,寒
426,28,食材,256,258,田鸡
426,29,功效,260,269,骨热食之。令小便滁
426,30,禁忌,283,303,"小蛙食多。令人尿闭,脐下酸痛,有至死者"
426,31,功效,304,311,擂车前水饮可解
426,32,食材,317,319,黄蛤
426,33,食材,330,331,蜍
426,34,食材,344,346,海鸯
426,35,食味,348,350,甘咸
426,36,食性,352,354,寒滑
426,37,禁忌,355,363,患泄犸痢下者勿食
426,38,食材,365,367,恭窝
426,39,食味,370,371,甘
426,40,食性,373,374,平
426,41,食材,375,376,黄
426,42,食材,377,378,黑
426,43,食材,379,382,徽烂者
426,44,禁忌,382,387,有毒。勿食
426,45,食材,389,392,牡粝肉
426,46,食味,394,395,甘
426,47,食性,397,398,温
426,48,食材,401,403,鲍鱼
426,49,食材,405,408,海牡粝
426,50,功效,412,422,丈夫服之。令人无髭
426,51,食材,427,429,梅蛰
426,52,食材,437,439,龙虾
426,53,食材,441,443,蝽蜍
426,54,食材,458,461,癞始蟆
426,55,食材,462,465,疥蛤蟆
426,56,食材,451,453,蝉除
426,57,食材,513,515,鲍鱼
426,58,食材,529,531,鳆鱼
426,59,食材,532,534,大鲍
426,60,食材,592,595,鲍鱼肉
427,1,食味,6,7,甘
427,2,食性,9,10,平
427,3,食材,40,43,乌鸦肉
427,4,食味,45,46,酸
427,5,食性,49,50,平
427,6,食材,70,73,喜鹊肉
427,7,食味,75,76,甘
427,8,食性,16,17,寒
427,9,禁忌,80,85,妇人不可食
427,10,食材,87,89,蒸肉
427,11,食味,92,93,酸
427,12,食性,95,96,平
427,13,禁忌,97,103,有毒。不可食
427,14,禁忌,104,108,损人神气
427,15,禁忌,109,112,不宜杀
427,16,食材,420,422,燕肉
427,17,病症,66,68,昏忘
427,18,食材,173,177,刺毛莺肉
427,19,食味,179,180,甘
427,20,食性,182,183,平
427,21,禁忌,184,190,有疮疥者少食
427,22,食材,192,195,孔答肉
427,23,食味,197,198,咸
427,24,食性,202,204,微毒
427,25,禁忌,205,217,食其肉者自后服药必不效
427,26,禁忌,224,232,尾有毒。不可人月
427,27,禁忌,233,237,令人昏翳
427,28,食材,260,261,鸱
427,29,禁忌,263,266,脑有毒
427,30,禁忌,267,277,"同酒食,令人久醉健忘"
427,31,食材,279,281,鹤肉
427,32,禁忌,283,285,有纛
427,33,禁忌,286,292,顶血饮之立死
427,34,食材,317,319,鹳肉
427,35,禁忌,321,326,有毒不可食
427,36,禁忌,327,339,"其骨人沐汤裕头,令发尽脱"
427,37,禁忌,340,345,更不生也
427,38,禁忌,346,351,又能杀树木
427,39,食材,373,376,簋鸯肉
427,40,食味,378,379,咸
427,41,食性,381,382,平
427,42,禁忌,383,386,有小蠢
427,43,禁忌,387,395,多食令人患大风病
427,44,食材,398,400,鹬鹆
427,45,食材,436,438,燕肉
427,46,病症,500,503,大风病
428,1,食材,35,37,魔肉
428,2,食味,40,41,甘
428,3,食性,43,44,遏
428,4,食材,98,100,雉肉
428,5,食材,101,103,蒲白
428,6,食材,104,106,飨鱼
428,7,食材,108,110,玷鱼
428,8,食材,111,113,鸡肉
428,9,食材,114,116,生菜
428,10,食材,117,119,鳟鱼
428,11,食材,120,121,虾
428,12,食材,71,74,鹿肉脯
428,13,食材,220,222,猪肉
428,14,食材,225,227,麋肉
428,15,食材,269,271,鳐鱼
428,16,食材,275,277,菰蒲
428,17,食材,290,291,梅
428,18,食材,292,293,李
428,19,食材,340,342,虎肉
428,20,食材,380,382,虎鼻
428,21,食材,448,449,貊
428,22,食材,461,463,睢牛
428,23,食材,464,465,雄
428,24,食材,467,468,驼
428,25,食材,11,13,骊骤
428,26,食材,31,32,骡
428,27,食材,530,532,驱魑
428,28,食味,344,345,酸
428,29,食性,351,352,热
428,30,病症,55,57,衿痛
428,31,病症,256,259,孑目病
428,32,病症,281,283,瘌疾
428,33,病症,124,126,恶疮
428,34,病症,168,170,虫颡
428,35,病症,310,311,瘘
428,36,病症,427,429,神惊
428,37,病症,435,437,大毒
428,38,病症,240,242,弱房
428,39,病症,245,247,脚气
428,40,病症,357,359,伤神
428,41,病症,365,368,伤人齿
428,42,禁忌,45,53,二月至八月不可食
428,43,禁忌,94,96,杀人
428,44,禁忌,141,148,不可以鼻嗅之
428,45,禁忌,177,183,不可近丈夫阴
428,46,禁忌,184,186,令娄
428,47,禁忌,187,194,鹿脂赤不可近阴
428,48,禁忌,260,265,不可合猪肉
428,49,禁忌,295,300,损男子精气
428,50,禁忌,301,308,糜脂不可近阴
428,51,禁忌,313,319,不可同桃李食
428,52,禁忌,406,412,勿令人及妇匆
428,53,禁忌,413,417,知则不灵
428,54,禁忌,438,446,虎骨勿用中毒药箭
428,55,古籍来源,127,131,《礼记》
428,56,古籍来源,320,325,《淮南子》
429,1,食材,3,5,胡桃
429,2,食材,6,8,莱菔
429,3,食材,14,16,竹魍
429,4,食材,23,25,铜器
429,5,食材,39,41,白羊
429,6,食材,44,46,黄羊
429,7,食材,49,51,独角
429,8,食材,69,71,甘草
429,9,食材,85,87,枣子
429,10,食材,88,90,草果
429,11,食材,95,98,萁牛肉
429,12,食材,119,120,牛
429,13,食材,221,223,水牛
429,14,食材,242,244,人乳
429,15,食材,252,254,白首
429,16,食材,261,263,疥牛
429,17,食材,274,276,猪肉
429,18,食材,277,280,忝米酒
429,19,食材,290,292,韭薤
429,20,食材,304,306,栗子
429,21,食材,356,358,牛乳
429,22,食材,415,416,鱼
429,23,食材,422,423,醋
429,24,食材,429,431,牛脂
429,25,食材,453,456,牛脑
429,26,食材,483,485,竹髓
429,27,食材,493,495,竹鼠
429,28,食材,498,500,竹鼬
429,29,食材,534,537,草豆蔻
429,30,食性,104,105,温
429,31,食性,330,331,平
429,32,食性,363,365,撒寒
429,33,食味,101,102,甘
429,34,食味,106,108,微焘
429,35,食味,464,466,微毒
429,36,病症,36,38,暴下
429,37,病症,60,61,痈
429,38,病症,160,161,疔
429,39,病症,162,164,暴亡
429,40,病症,166,168,痼疾
429,41,病症,169,171,痃瓣
429,42,病症,172,174,裥下
429,43,病症,176,178,疰病
429,44,病症,198,200,瘌血
429,45,病症,237,238,癞
429,46,病症,266,267,痒
429,47,病症,284,288,寸白虫
429,48,病症,419,420,积
429,49,病症,427,428,疲
429,50,病症,353,355,肉刺
429,51,病症,479,481,肠痈
429,52,病症,594,596,洞下
429,53,病症,597,599,泄泻
429,54,病症,450,452,疮疡
429,55,病症,568,570,毒疮
429,56,脏腑,32,33,阴
429,57,脏腑,190,191,肝
429,58,功效,19,21,助咪
429,59,功效,72,74,解之
429,60,功效,92,93,消
429,61,功效,111,114,发药幕
429,62,功效,116,118,病人
429,63,功效,384,386,可地
429,64,禁忌,130,133,不可食
429,65,禁忌,54,56,有毒
429,66,禁忌,150,154,不可食之
429,67,禁忌,445,448,发痼疾
429,68,禁忌,255,260,食之杀人
429,69,禁忌,299,301,损齿
429,70,禁忌,314,316,大毒
429,71,禁忌,317,319,勿食
429,72,禁忌,337,343,患衿人勿食
429,73,禁忌,366,372,生饮令人利
429,74,禁忌,373,381,热饮令人口千气壅
429,75,禁忌,387,391,不宜顿服
429,76,禁忌,399,405,令人腹申症结
429,77,禁忌,407,413,患冷气人勿食
429,78,烹饪方法,8,9,煮
430,1,食材,0,2,豇互
430,2,食味,4,5,甘
430,3,食味,5,6,咸
430,4,食性,8,9,平
430,5,食材,18,20,鼠莽
430,6,烹饪方法,24,25,煮
430,7,食材,57,59,豌豆
430,8,食味,62,63,甘
430,9,食性,65,66,平
430,10,食材,74,75,薇
430,11,食味,78,79,甘
430,12,食性,81,82,寒
430,13,食材,89,91,御米
430,14,食味,94,95,甘
430,15,食性,97,98,平
430,16,食材,120,122,苡仁
430,17,食味,124,125,甘
430,18,食材,157,159,蕨粉
430,19,食味,162,163,甘
430,20,禁忌,67,72,多食发气病
430,21,禁忌,99,104,多食利二便
430,22,禁忌,105,109,动膀胱气
430,23,禁忌,135,139,不可食用
430,24,禁忌,149,155,妊妇食之坠胎
430,25,禁忌,167,173,生山中者有毒
430,26,禁忌,174,181,多食令目暗彝塞
430,27,禁忌,183,187,落发弱肠
430,28,禁忌,188,192,病人食之
430,29,禁忌,193,201,令邪气壅经络筋骨
430,30,禁忌,202,208,思衿气人食之
430,31,禁忌,210,213,令腹胀
430,32,禁忌,214,218,小儿食之
430,33,禁忌,219,225,令脚软不能行
430,34,禁忌,226,233,生食蕨粉成蛇疲
430,35,禁忌,234,240,能消人阴事
430,36,禁忌,242,246,非良物也
430,37,禁忌,247,252,勿同苋莱食
430,38,食材,39,41,鼠莽
430,39,食材,260,263,水莽草
430,40,食材,266,269,鼠曲学
430,41,烹饪方法,45,46,泼
431,1,食材,10,12,莲子
431,2,食材,58,59,盐
431,3,食材,175,178,稻草灰
431,4,食材,376,377,面
431,5,食味,262,263,咸
431,6,古籍来源,67,71,西溪丛话
431,7,古籍来源,81,85,嘉祜杂志
431,8,医家,77,80,江邻几
431,9,医家,91,94,吴春卿
431,10,医家,315,317,淳甫
431,11,烹饪方法,123,124,煮
431,12,烹饪方法,55,56,煎
431,13,烹饪方法,386,387,沸
431,14,烹饪方法,411,412,溲
431,15,病症,163,165,私盐
431,16,病症,149,151,官盐
431,17,古籍来源,323,326,东平府
432,1,食材,30,32,煮饼
432,2,食材,34,36,汤饼
432,3,食材,169,172,水引饼
432,4,食材,204,205,面
432,5,食材,448,450,盐豉
432,6,食材,444,446,菱羹
432,7,食材,581,583,鲈脍
432,8,古籍来源,19,25,《缃素杂记》
432,9,古籍来源,75,82,《世说新语》
432,10,古籍来源,127,134,《荆楚岁时记》
432,11,古籍来源,405,411,《倦游杂录》
432,12,古籍来源,283,288,《汤饼赋》
436,1,医家,0,2,张鳖
436,2,古籍来源,3,7,朝野佥载
436,3,医家,34,37,张文仲
436,4,古籍来源,53,55,本草
436,5,病症,18,20,应病
436,6,病症,423,427,应声虫病
436,7,医家,109,112,陈正敏
436,8,古籍来源,113,117,遐斋闲览
436,9,医家,398,402,张文成
436,10,古籍来源,405,409,朝野佥载
436,11,食材,250,252,雷丸
437,1,食材,143,145,鲫鱼
437,2,食材,164,166,胡椒
437,3,食材,168,170,干姜
437,4,古籍来源,114,118,食医心镜
437,5,古籍来源,38,41,家塾记
437,6,古籍来源,429,431,通雅
437,7,医家,602,604,昝殷
437,8,医家,34,37,吕原明
437,9,医家,481,483,吕端
437,10,病症,121,125,脾胃气冷
437,11,病症,127,131,不能下食
437,12,病症,132,136,虚弱无力
437,13,食疗方,138,141,鹘突羹
438,1,食材,7,8,茶
438,2,古籍来源,29,34,《满庭芳》
438,3,古籍来源,206,210,《辞谱》
438,4,古籍来源,249,255,《负随杂录》
438,5,古籍来源,479,483,《茶录》
438,6,医家,12,16,豫章先生
438,7,医家,136,139,罗从彦
438,8,医家,279,282,杨万里
438,9,医家,110,112,相如
438,10,医家,437,441,司马相如
439,1,食材,3,5,荔枝
439,2,食材,207,209,酥酪
439,3,食材,227,230,椰子花
439,4,病症,333,335,头痛
439,5,病症,337,339,风痒
439,6,古籍来源,250,269,"蔡君谟任福唐县知事时,将闽中荔枝编成谱"
439,7,古籍来源,270,284,郑熊也曾记录过广中所产荔枝
440,1,医家,10,13,陈正敏
440,2,古籍来源,13,19,《遐烹困览》
440,3,医家,24,26,杨劭
440,4,病症,29,31,岸疾
440,5,病症,34,39,发言应答
440,6,病症,70,73,应声虫
440,7,病症,54,56,寝大
440,8,医家,59,61,逍士
440,9,古籍来源,87,91,《本草》
440,10,食材,354,356,雷丸
440,11,烹饪方法,130,131,饵
440,12,医家,217,222,唐陈正敏
440,13,古籍来源,231,237,《陋斋闲览》
440,14,医家,246,249,范正敏
440,15,病症,283,285,异疾
440,16,医家,251,253,杨酌
440,17,病症,286,291,奇特的熵症
440,18,病症,293,294,寝
440,19,古籍来源,328,335,《柙农本草经》
440,20,古籍来源,335,341,《本草纲目》
440,21,食材,383,386,竹苓
440,22,食材,386,388,雷矢
440,23,食材,388,390,雷实
440,24,烹饪方法,391,392,饵
440,25,病症,414,417,薏苡实
440,26,病症,144,146,长汀
440,27,病症,177,178,丐
440,28,病症,202,206,藉密讹讦
443,1,食材,0,1,盐
443,2,食材,5,7,盐豉
443,3,食材,37,38,醯
443,4,食材,38,39,醢
443,5,食材,64,65,梅
443,6,食材,92,94,鱼肉
443,7,食材,171,172,豆
443,8,食材,199,201,酱油
443,9,食材,25,26,豚
443,10,古籍来源,44,52,《尚书.说命篇》
443,11,古籍来源,69,73,《左传》
443,12,古籍来源,135,142,《楚辞.招魂》
443,13,医家,154,156,史游
443,14,医家,76,78,晏子
443,15,医家,278,280,孔子
443,16,医家,349,351,傅说
443,17,医家,534,536,刘向
443,18,医家,554,556,屈原
443,19,医家,602,605,刘安
443,20,医家,485,487,裴度
444,1,食材,1,2,肉
444,2,食材,288,290,姜豉
444,3,食材,297,299,猪肉
444,4,古籍来源,10,13,薄薄酒
444,5,医家,7,9,山谷
444,6,医家,53,56,老莱子
446,1,食材,5,6,粟
446,2,古籍来源,36,47,杜甫《茅堂检莜收稻诗》
446,3,古籍来源,316,320,《汉书》
446,4,古籍来源,180,184,《海贼》
446,5,古籍来源,556,560,《文选》
446,6,医家,94,97,颜之推
446,7,医家,98,101,百里奚
446,8,医家,177,179,木华
446,9,医家,202,204,李善
447,1,食味,5,6,酸
447,2,食味,11,12,苦
447,3,食味,16,17,辛
447,4,食味,22,23,咸
447,5,食味,27,29,滑甘
447,6,古籍来源,34,36,内则
447,7,养生原则,110,114,调和五味
447,8,养生原则,249,252,春多酸
447,9,养生原则,283,286,夏多苦
447,10,养生原则,310,313,秋多辛
449,1,食材,3,4,肉
449,2,食材,7,8,酒
449,3,食材,19,20,醯
449,4,食材,22,23,醢
449,5,食材,71,72,桂
449,6,食材,74,75,姜
449,7,食材,84,85,盐
449,8,食材,98,100,羊肉
449,9,食材,107,108,麋
449,10,食材,110,111,鹿
449,11,食材,113,116,魔肉
449,12,食材,130,132,黹汁
449,13,食材,77,78,牛
449,14,食材,122,123,羊
449,15,食材,175,177,猪肉
449,16,食材,187,189,稻米
449,17,食材,226,228,狗肝
449,18,食材,232,235,狗网油
449,19,食材,329,331,囱腴
449,20,食材,363,364,猪
449,21,食材,365,369,狗的大肠
449,22,烹饪方法,9,11,浸泡
449,23,烹饪方法,43,45,捣捶
449,24,烹饪方法,53,55,摊放
449,25,烹饪方法,66,67,切
449,26,烹饪方法,85,86,腌
449,27,烹饪方法,144,145,煎
449,28,烹饪方法,244,246,烧烤
449,29,烹饪方法,138,139,润
449,30,烹饪方法,165,166,糁
449,31,烹饪方法,183,185,切细
449,32,烹饪方法,235,237,覆盖
449,33,烹饪方法,265,267,糍溲
449,34,烹饪方法,298,300,调和
449,35,烹饪方法,318,319,煮
449,36,古籍来源,288,292,《内则》
449,37,古籍来源,334,338,《少仪》
450,1,食材,37,38,牛
450,2,食材,48,49,羊
450,3,食材,59,60,犬
450,4,食材,70,71,鸟
450,5,食材,83,84,豕
450,6,食材,94,95,马
450,7,禁忌,31,34,不可食
450,8,古籍来源,534,536,礼记
451,1,食材,161,162,狼
451,2,食材,166,167,麋
451,3,食性,298,299,温
451,4,功效,315,316,补
451,5,病症,318,323,季节胀寒苦
451,6,古籍来源,203,206,官冢宰
453,1,食材,10,12,庶羞
453,2,食材,17,19,内酱
453,3,食材,21,23,八珍
453,4,食材,80,81,牛
453,5,食材,82,83,羊
453,6,食材,84,85,豕
453,7,食材,86,87,犬
453,8,食材,88,89,鸡
453,9,食材,192,195,病牛肉
453,10,食材,469,470,姜
453,11,食材,470,471,桂
453,12,食材,475,477,千肉
453,13,食材,483,486,夹脊肉
453,14,食材,490,495,大块千肉
453,15,食材,501,504,半干肉
453,16,食材,505,507,脊骨
453,17,食材,508,510,腿骨
453,18,食材,511,513,干鱼
453,19,病症,99,101,病状
453,20,病症,177,181,嘶叫不安
453,21,病症,348,353,疲乏无神
453,22,病症,404,408,背脊发黑
453,23,病症,414,416,斑迹
453,24,病症,423,427,溃烂漏孔
453,25,烹饪方法,536,538,烹煮
453,26,烹饪方法,538,540,煎熬
453,27,烹饪方法,471,474,调好味
453,28,烹饪方法,497,498,切
453,29,禁忌,247,252,不可以食用
453,30,禁忌,392,398,不可以食用的
453,31,禁忌,437,441,不可食用
453,32,养生原则,546,554,辨别牲禽的好丑
453,33,养生原则,555,559,食物卫生
454,1,食材,0,1,醢
454,2,食材,3,4,蜃
454,3,食材,5,7,蚍醢
454,4,食材,9,11,豚拍
454,5,食材,13,15,鱼巍
454,6,食材,19,20,豆
454,7,食材,23,24,芹
454,8,食材,27,29,篼醢
454,9,食材,227,229,深蒲
454,10,食材,36,38,醯醢
454,11,食材,39,40,箔
454,12,食材,44,46,雁醢
454,13,食材,48,49,笋
454,14,食材,52,54,鱼醢
454,15,食材,61,63,酏食
454,16,食材,65,67,糁食
454,17,食材,137,139,蜃蛤
454,18,食材,140,141,蚁
454,19,食材,161,162,豚
454,20,食材,212,213,兔
454,21,食材,351,352,箔
454,22,食材,380,381,雁
454,23,食材,344,345,笄
454,24,食材,396,397,薤
454,25,食材,416,418,韬米
454,26,食材,419,422,狼胸肌
454,27,食材,442,443,牛
454,28,食材,446,448,豕肉
454,29,食材,463,466,猾米
454,30,食味,329,330,甘
454,31,食味,330,331,甜
454,32,食味,332,333,脆
454,33,古籍来源,100,106,《天自葵宰》
454,34,古籍来源,270,277,《诗 .义巯》
457,1,食材,36,38,小鳖
457,2,食材,41,42,狼
457,3,食材,49,51,狗肾
457,4,食材,55,56,狸
457,5,食材,66,67,兔
457,6,食材,4,5,狐
457,7,食材,82,83,猪
457,8,食材,88,89,鱼
457,9,食材,117,118,枣
457,10,食材,123,124,栗
457,11,食材,130,131,桃
457,12,食材,136,138,相梨
457,13,古籍来源,25,27,内则
457,14,古籍来源,145,147,肉则
459,1,食材,4,5,犀
459,2,食材,9,11,象箬
459,3,食材,17,18,藿
459,4,食材,30,31,旄
459,5,食材,24,25,象
459,6,食材,26,28,豹胎
459,7,食材,82,83,肉
459,8,食材,96,97,酒
459,9,古籍来源,131,135,《喻老》
461,1,古籍来源,92,98,《夭官冢宰》
461,2,食材,286,287,米
461,3,食材,377,378,黍
461,4,烹饪方法,287,288,煮
461,5,烹饪方法,171,172,酿
461,6,烹饪方法,266,267,滤
461,7,食味,145,146,厚
461,8,食味,23,24,清
461,9,食味,370,371,酸
461,10,食味,381,382,甜
461,11,食疗方,10,12,事酒
461,12,食疗方,16,18,昔酒
461,13,食疗方,251,253,清酒
461,14,食疗方,43,44,医
461,15,食疗方,49,50,浆
461,16,食疗方,55,56,酏
462,1,食材,25,27,草芽
462,2,食材,28,30,苹草
462,3,食材,31,33,白蒿
462,4,食材,34,36,水藻
462,5,食材,158,160,肉汁
462,6,食材,166,168,主食
462,7,烹饪方法,323,324,煮
462,8,古籍来源,130,134,桓公二年
462,9,古籍来源,94,96,清庙
462,10,古籍来源,101,103,大路
462,11,古籍来源,108,110,大羹
462,12,古籍来源,114,117,粱食
462,13,古籍来源,204,206,明堂
463,1,食材,65,66,鱼
463,2,食材,66,67,盐
463,3,食性,98,99,热
463,4,病症,124,126,痈疡
463,5,病症,476,478,溃疡
463,6,医家,0,2,黄帝
463,7,医家,33,35,岐伯
463,8,古籍来源,151,160,异法方宜论篇第十二
467,1,食材,37,38,面
467,2,食材,63,64,盐
467,3,食材,105,109,绿豆粉
467,4,食材,196,198,麻腻
467,5,食材,199,202,杏仁腻
467,6,食材,203,206,咸笋千
467,7,食材,211,213,煎肉
467,8,食材,223,225,腌韭
467,9,食材,227,229,瓜丝
467,10,食材,244,246,白糖
467,11,食材,252,254,清油
467,12,食材,142,144,白面
467,13,食材,271,273,酥油
467,14,食材,274,276,椒盐
467,15,烹饪方法,0,1,掰
467,16,烹饪方法,6,10,入甑蒸熟
467,17,烹饪方法,13,14,切
467,18,烹饪方法,39,40,拌
467,19,烹饪方法,40,41,蒸
467,20,烹饪方法,145,146,揉
467,21,烹饪方法,81,82,搜
467,22,烹饪方法,92,93,操
467,23,烹饪方法,96,97,拊
467,24,烹饪方法,102,103,捍
467,25,烹饪方法,178,179,抽
467,26,烹饪方法,180,181,拽
467,27,烹饪方法,183,184,煮
467,28,烹饪方法,303,304,抄
467,29,食疗方,128,138,水滑面方
467,30,食疗方,233,243,糖薄脆法
467,31,古籍来源,320,326,古今厨书巢成
468,1,食材,19,21,酥油
468,2,食材,52,56,上白糯米
468,3,食材,57,59,粳米
468,4,食材,64,66,芡实
468,5,食材,71,73,人参
468,6,食材,78,80,茯苓
468,7,食材,81,83,砂仁
468,8,食材,119,121,沙糖
468,9,食材,122,124,赤豆
468,10,食材,125,127,绿豆
468,11,食材,134,138,生糯米粉
468,12,食材,164,166,糯米
468,13,食材,170,171,枣
468,14,食材,172,173,栗
468,15,食材,174,176,柿干
468,16,食材,177,179,银杏
468,17,食材,185,187,茭叶
468,18,食材,190,192,箬叶
468,19,食材,201,203,艾叶
468,20,食材,228,230,真粉
468,21,食材,231,233,油饼
468,22,食材,234,236,芝麻
468,23,食材,237,239,松子
468,24,食材,240,242,胡桃
468,25,食材,243,245,茴香
468,26,食材,261,264,茭笄叶
468,27,烹饪方法,25,26,炸
468,28,烹饪方法,30,31,捞
468,29,烹饪方法,110,111,煮
468,30,烹饪方法,144,145,蒸
468,31,烹饪方法,138,139,裹
468,32,烹饪方法,42,43,拌
468,33,食疗方,48,51,畚糕方
468,34,食疗方,113,118,沙团方
468,35,食疗方,155,162,粽子法
471,1,食材,65,66,鹅
471,2,食材,72,74,粳肉
471,3,食材,88,89,蛇
471,4,食材,100,103,河源水
471,5,食材,135,136,蜜
471,6,食材,137,139,鳐鲠
471,7,食材,664,667,石首鱼
471,8,食材,668,670,鲈鱼
471,9,食材,671,673,鲻鱼
471,10,食材,728,729,姜
471,11,食材,97,98,瓠
471,12,食材,98,99,匏
471,13,食味,75,78,五味
471,14,烹饪方法,80,81,熟
471,15,烹饪方法,136,137,渍
471,16,烹饪方法,701,703,密封
471,17,烹饪方法,703,706,置日中
471,18,医家,13,15,韦琳
471,19,医家,84,86,谢眺
471,20,医家,94,96,贾锵
471,21,医家,131,134,宋明帝
471,22,古籍来源,484,487,膳夫录
471,23,古籍来源,604,608,梦溪笔谈
472,1,食材,11,13,竹笄
472,2,食材,26,28,鞭笋
472,3,食材,48,50,蛋藕
472,4,食材,51,53,莲根
472,5,食材,150,152,芦菔
472,6,食材,174,176,菜根
472,7,古籍来源,207,209,竹谱
472,8,古籍来源,370,379,东莱吕紫薇师友杂志
473,1,食材,1,3,佛手
473,2,食材,4,6,香橼
473,3,食材,7,9,梨子
473,4,食材,44,46,石花
473,5,食材,48,50,面筋
473,6,食材,87,89,茄子
473,7,食材,141,143,萝卜
473,8,食材,212,214,琮枝
473,9,食材,215,218,草珊瑚
473,10,食材,219,223,胶蜞麟莱
473,11,食材,225,228,红翎莱
473,12,食材,234,236,琼枝
473,13,烹饪方法,0,1,酱
473,14,烹饪方法,61,62,糟
473,15,烹饪方法,107,108,拌
473,16,烹饪方法,159,160,揩
473,17,食疗方,133,140,糟萝卜方
473,18,古籍来源,206,209,石花莱
474,1,食材,56,58,枸杞
474,2,食材,48,51,大芋头
474,3,食材,145,147,荞菜
474,4,食材,176,177,荠
474,5,食材,347,348,茶
474,6,食材,366,367,茱
474,7,食味,141,142,甘
474,8,食味,171,172,苦
474,9,功效,300,303,养心目
475,1,食材,28,30,秫粉
475,2,食材,35,37,蔗霜
475,3,食材,42,44,沉水
475,4,食材,83,85,沉香
475,5,食材,104,106,玉版
475,6,食材,108,109,笋
475,7,食材,114,115,菹
475,8,食材,367,369,鞭笋
475,9,食材,209,210,黍
475,10,食材,216,218,黄米
475,11,食材,64,66,甘蔗
475,12,烹饪方法,40,41,浴
475,13,烹饪方法,88,89,煮
475,14,烹饪方法,119,120,抽
475,15,烹饪方法,126,127,挑
475,16,古籍来源,476,478,诗经
475,17,古籍来源,432,436,本草纲目
476,1,食材,14,16,茶花
476,2,食材,25,27,荠莱
476,3,食材,72,74,莱豆
476,4,食材,78,79,姜
476,5,食材,116,118,绿豆
476,6,食材,121,123,粉面
476,7,食材,268,270,粉浆
476,8,食材,147,150,绿豆粉
476,9,食材,277,279,粉条
476,10,食材,405,406,青
476,11,食材,407,408,赤
476,12,食材,409,410,黄
476,13,食材,136,137,白
476,14,食材,413,414,黑
476,15,食材,424,426,紫芝
476,16,食材,200,201,菌
476,17,古籍来源,3,7,《诗经》
476,18,古籍来源,396,400,《本草》
476,19,病症,179,181,肺腑
476,20,烹饪方法,83,84,碾
476,21,烹饪方法,90,91,撒
476,22,烹饪方法,133,134,煮
476,23,烹饪方法,128,129,撒
476,24,烹饪方法,113,114,碾
476,25,功效,96,98,热蠲
476,26,功效,102,104,清澈
476,27,功效,156,158,解除
476,28,功效,170,172,清谅
476,29,功效,175,177,透彻
476,30,养生原则,61,65,山居隐士
477,1,食材,6,7,鸡
477,2,食材,29,30,油
477,3,食材,59,60,醋
477,4,食材,66,67,盐
477,5,食材,102,104,鲋鱼
477,6,食材,125,127,花椒
477,7,食材,128,130,砂仁
477,8,食材,131,132,酱
477,9,食材,137,138,酒
477,10,烹饪方法,15,16,煮
477,11,烹饪方法,21,22,剁
477,12,烹饪方法,42,43,炒
477,13,烹饪方法,34,35,烧
477,14,烹饪方法,94,95,蒸
477,15,烹饪方法,132,133,擂
477,16,烹饪方法,140,142,拌匀
477,17,烹饪方法,222,223,烘
477,18,古籍来源,282,288,《说文解字》
479,1,食材,1,2,鱼
479,2,食材,5,6,箬
479,3,食材,79,82,白粳米
479,4,食材,85,86,葱
479,5,食材,97,99,山药
479,6,食材,121,122,酒
479,7,食材,125,126,盐
479,8,食材,129,131,干姜
479,9,食材,136,137,醋
479,10,食材,145,147,乳饼
479,11,食材,155,156,鸡
479,12,食材,156,157,鹅
479,13,食材,157,158,鸭
479,14,食材,158,159,鸽
479,15,食材,174,176,羊肉
479,16,食材,183,185,萝卜
479,17,食材,202,204,川椒
479,18,食材,243,246,羊精肉
479,19,烹饪方法,70,71,煮
479,20,烹饪方法,235,236,炒
479,21,烹饪方法,15,16,浸
479,22,烹饪方法,181,182,切
479,23,烹饪方法,107,108,搅
479,24,烹饪方法,208,211,慢火煮
479,25,烹饪方法,23,26,慢火养
479,26,烹饪方法,255,258,骰块切
479,27,功效,30,33,骨皆酥
479,28,功效,92,93,软
479,29,功效,113,115,浓恋
479,30,古籍来源,35,45,肉羹食品
479,31,古籍来源,46,53,骨插羹
479,32,古籍来源,168,173,萝卜羹
480,1,食材,11,12,猪
480,2,食材,12,13,羊
480,3,食材,14,16,大牢
480,4,食材,37,39,马芹
480,5,食材,39,41,莳萝
480,6,食材,47,49,白盐
480,7,食材,90,92,羊肉
480,8,食材,119,120,糟
480,9,食材,80,81,羊
480,10,食材,166,167,鹿
480,11,食材,169,170,獐
480,12,食材,175,176,肉
480,13,食味,72,73,甘
480,14,烹饪方法,21,22,切
480,15,烹饪方法,108,109,腌
480,16,烹饪方法,126,127,拌
480,17,烹饪方法,148,149,熏
480,18,烹饪方法,156,157,洗
480,19,烹饪方法,159,160,煮
480,20,烹饪方法,60,61,熬
480,21,古籍来源,274,278,大戴礼记
480,22,古籍来源,348,350,论语
481,1,食材,0,1,酱
481,2,食材,3,4,醋
481,3,食材,6,7,蟹
481,4,食材,36,37,盐
481,5,食材,45,46,酒
481,6,食材,49,51,香油
481,7,食材,54,55,葱
481,8,食材,67,70,榆仁酱
481,9,食材,73,75,面酱
481,10,食材,78,80,茴香
481,11,食材,81,82,椒
481,12,食材,84,85,姜
481,13,食材,88,89,桔
481,14,食材,126,128,皂角
481,15,食材,161,163,麦黄
481,16,食材,169,170,曲
481,17,烹饪方法,60,61,炒
482,1,食材,1,3,硬肉
482,2,食材,6,8,脑砂
482,3,食材,10,13,桑白皮
482,4,食材,15,17,楷实
482,5,食材,25,27,败肉
482,6,食材,28,30,阿魏
482,7,食材,38,40,胡桃
482,8,食材,61,64,驴马肠
482,9,食材,77,79,香油
482,10,食材,80,82,葱椒
482,11,食材,83,87,麸盘肉
482,12,食材,106,109,芝族花
482,13,食材,110,112,茄花
482,14,食材,102,104,肥肉
482,15,食材,146,148,獐肺
482,16,食材,152,154,兔肺
482,17,食材,160,163,山羊肺
482,18,食材,203,205,韭汁
482,19,食材,206,208,蒜泥
482,20,食材,209,210,酪
482,21,食材,211,213,生姜
482,22,烹饪方法,0,1,煮
482,23,烹饪方法,122,124,火炙
482,24,烹饪方法,184,185,浸
482,25,烹饪方法,222,223,滤
482,26,食味,251,252,咸
482,27,食味,252,253,苦
482,28,食味,253,254,辛
482,29,食味,294,295,甘
482,30,食性,248,249,温
482,31,食性,332,333,寒
482,32,功效,265,267,消积
482,33,功效,267,269,软坚
482,34,功效,298,300,泻肺
482,35,功效,300,302,平喘
482,36,功效,303,305,行水
482,37,功效,305,308,消肿
482,38,功效,335,337,滋肾
482,39,功效,342,344,明目
482,40,功效,384,386,解毒
482,41,脏腑,144,145,肺
482,42,古籍来源,225,227,磁砂
482,43,古籍来源,272,275,桑臼皮
482,44,古籍来源,313,315,楮实
482,45,古籍来源,349,351,阿魏
482,46,古籍来源,391,393,蓝肉
483,1,食材,95,97,榆仁
483,2,食材,49,51,蓼汁
483,3,食材,77,79,面曲
483,4,食材,87,88,盐
483,5,食材,128,130,黑豆
483,6,食材,165,168,大麦面
483,7,食材,211,213,楮叶
483,8,食材,271,272,獐
483,9,食材,275,277,羊肉
483,10,食材,283,285,精肉
483,11,食材,298,300,酱曲
483,12,食材,318,320,葱白
483,13,食材,329,331,良姜
483,14,食材,332,334,小椒
483,15,食材,336,338,芜荑
483,16,食材,339,341,陈皮
483,17,烹饪方法,15,17,淘挣
483,18,烹饪方法,18,19,浸
483,19,烹饪方法,23,25,搓洗
483,20,烹饪方法,40,42,揉洗
483,21,烹饪方法,52,53,舾
483,22,烹饪方法,225,226,晒
483,23,烹饪方法,61,62,拌
483,24,烹饪方法,136,137,炒
483,25,烹饪方法,152,153,煮
483,26,烹饪方法,176,177,筛
483,27,烹饪方法,187,189,和搜
483,28,烹饪方法,192,193,切
483,29,烹饪方法,199,200,蒸
483,30,烹饪方法,205,206,摊
483,31,烹饪方法,227,228,捣
483,32,烹饪方法,230,231,拣
483,33,烹饪方法,255,256,化
483,34,烹饪方法,287,290,去筋膜
483,35,烹饪方法,305,307,捣细
483,36,烹饪方法,321,323,细切
483,37,食疗方,118,127,大麦酱方
483,38,食疗方,265,270,肉酱法
483,39,古籍来源,361,366,梦汁屙晒干
484,1,食材,0,1,干
484,2,食材,3,4,咸
484,3,食材,6,7,豉
484,4,食材,8,11,精羊肉
484,5,食材,23,24,盐
484,6,食材,27,28,酒
484,7,食材,28,29,醋
484,8,食材,33,35,砂仁
484,9,食材,36,38,良姜
484,10,食材,39,40,椒
484,11,食材,42,43,葱
484,12,食材,44,46,桔皮
484,13,食材,157,160,羊棒臆
484,14,食材,162,164,尾靶
484,15,食材,363,365,羊肺
484,16,食材,194,196,生姜
484,17,食材,248,250,羊肚
484,18,食材,251,253,托胎
484,19,食材,254,256,硬髓
484,20,烹饪方法,52,53,煮
484,21,烹饪方法,56,58,晒干
484,22,烹饪方法,76,78,捋燎
484,23,烹饪方法,14,15,切
484,24,烹饪方法,185,187,晾冼
484,25,烹饪方法,226,227,煨
484,26,烹饪方法,139,141,蒸热
484,27,烹饪方法,150,152,作签
484,28,烹饪方法,124,127,切作片
484,29,烹饪方法,180,184,切如数段
484,30,烹饪方法,236,238,切细
484,31,烹饪方法,239,240,添
484,32,食疗方,66,75,法煮羊肉
484,33,食疗方,169,179,法煮羊肺
485,1,食材,6,9,陈仓米
485,2,食材,12,14,糯米
485,3,食材,33,35,粗曲
485,4,食材,110,113,小芨
485,5,食材,142,144,炒麦
485,6,食材,1,3,小麦
485,7,食材,318,320,芦席
485,8,食材,322,324,楮叶
485,9,食材,383,386,大麦仁
485,10,食材,410,412,白面
485,11,烹饪方法,20,21,浸
485,12,烹饪方法,24,25,炊
485,13,烹饪方法,28,29,摊
485,14,烹饪方法,39,40,捣
485,15,烹饪方法,43,44,焙
485,16,烹饪方法,56,57,拌
485,17,烹饪方法,77,78,擂
485,18,烹饪方法,79,80,捺
485,19,烹饪方法,88,90,密封
485,20,烹饪方法,115,116,炒
485,21,烹饪方法,131,132,煎
485,22,烹饪方法,289,290,淘
485,23,烹饪方法,299,300,漉
485,24,烹饪方法,303,304,控
485,25,烹饪方法,306,309,蒸熟
485,26,烹饪方法,316,317,铺
485,27,烹饪方法,258,259,盖
485,28,烹饪方法,338,339,晒
485,29,烹饪方法,341,342,簸
485,30,烹饪方法,366,367,封
485,31,烹饪方法,392,396,炒令黄色
485,32,烹饪方法,295,296,浸
485,33,烹饪方法,403,405,炊熟
485,34,烹饪方法,412,414,拌和
485,35,烹饪方法,419,420,铺
485,36,烹饪方法,426,428,覆盖
485,37,烹饪方法,437,438,挲
485,38,食疗方,277,280,麦黄醋
485,39,食疗方,378,381,大麦醋
486,1,食材,15,17,大枣
486,2,食材,33,34,蜜
486,3,食材,35,38,生姜汁
486,4,食材,62,64,麝香
486,5,食材,96,98,千枣
486,6,食材,110,113,紧苏叶
486,7,食材,118,120,木瓜
486,8,食材,226,229,生地黄
486,9,食材,333,335,脑麝
486,10,烹饪方法,28,29,熬
486,11,烹饪方法,43,45,调停
486,12,烹饪方法,128,129,捣
486,13,烹饪方法,159,160,烧
486,14,烹饪方法,162,163,泼
486,15,烹饪方法,206,207,熬
486,16,烹饪方法,139,140,捣
486,17,烹饪方法,259,260,榨
486,18,烹饪方法,275,276,掠
486,19,烹饪方法,282,283,煎
486,20,烹饪方法,77,78,点
486,21,烹饪方法,268,269,熬
486,22,烹饪方法,342,343,熬
486,23,烹饪方法,324,326,放贮
486,24,烹饪方法,349,351,同饮
486,25,食疗方,3,7,枣汤
486,26,食疗方,81,88,香苏汤
486,27,食疗方,218,225,地黄膏子汤
486,28,古籍来源,10,13,夸氏方
486,29,古籍来源,91,94,李氏方
486,30,古籍来源,367,370,李氐方
487,1,食材,11,13,田螺
487,2,食材,20,22,鸭子
487,3,食材,78,80,粉皮
487,4,食材,87,89,粉丝
487,5,食材,68,70,茴香
487,6,食材,112,115,五辣醋
487,7,食材,121,123,清原
487,8,食材,357,359,腹鱼
487,9,食材,161,162,虾
487,10,食材,48,49,肉
487,11,食材,178,180,姜丝
487,12,食材,181,183,熟笋
487,13,食材,186,188,蘑菇
487,14,食材,196,200,鲥鱼
487,15,食材,233,234,薤
487,16,食材,236,238,茭什
487,17,食材,239,241,笄片
487,18,食材,287,290,鸦子黄
487,19,食材,299,302,鹘蛋黄
487,20,食材,350,353,绿豆粉
487,21,食材,362,364,鳆鱼
487,22,食材,366,368,鲍鱼
487,23,烹饪方法,45,46,蒸
487,24,烹饪方法,156,157,切
487,25,烹饪方法,170,171,熬
487,26,烹饪方法,267,268,煎
487,27,烹饪方法,262,264,顿熟
487,28,烹饪方法,208,209,糁
487,29,烹饪方法,212,213,抹
487,30,烹饪方法,85,86,洒
487,31,烹饪方法,71,72,拌
487,32,烹饪方法,77,78,铺
487,33,烹饪方法,32,33,排
487,34,烹饪方法,105,106,盖
487,35,烹饪方法,248,249,化
487,36,烹饪方法,229,230,盛
487,37,烹饪方法,37,38,放
487,38,烹饪方法,232,233,镝
487,39,烹饪方法,220,222,切作
487,40,烹饪方法,128,129,供
487,41,烹饪方法,25,27,令食
487,42,烹饪方法,304,305,系
487,43,烹饪方法,312,313,让
487,44,烹饪方法,315,316,招
487,45,烹饪方法,320,321,吃
487,46,烹饪方法,327,329,长得
487,47,功效,15,16,养
487,48,功效,330,331,肥
487,49,病症,13,14,瘠
487,50,病症,214,215,腥
487,51,古籍来源,0,10,假香螺羹
488,1,食材,106,108,糯米
488,2,烹饪方法,2,3,焙
488,3,烹饪方法,5,6,研
488,4,烹饪方法,111,112,煮
488,5,烹饪方法,117,118,擂
488,6,烹饪方法,126,127,绞
488,7,烹饪方法,139,140,捶
488,8,烹饪方法,170,171,抹
488,9,烹饪方法,216,217,盛
488,10,烹饪方法,237,238,拣
488,11,烹饪方法,242,243,顿
488,12,烹饪方法,189,190,刷
488,13,食疗方,35,39,川耳药煎
488,14,食疗方,68,72,梅花片脑
488,15,食疗方,158,161,千捶膏
488,16,食疗方,204,211,天香汤
488,17,食疗方,212,215,白木犀
488,18,食疗方,270,273,山桂汤
488,19,食疗方,278,281,木犀汤
488,20,古籍来源,19,20,科
488,21,古籍来源,311,315,川百药煎
488,22,古籍来源,379,383,梅花片脑
488,23,古籍来源,78,80,米脑
488,24,古籍来源,408,413,抹印脱造成
488,25,古籍来源,460,463,白木犀
490,1,食材,114,116,白面
490,2,食材,123,125,桃仁
490,3,食材,132,135,二桑叶
490,4,食材,142,144,杏仁
490,5,食材,160,162,莲花
490,6,食材,169,172,苍耳心
490,7,食材,181,183,川乌
490,8,食材,198,200,绿豆
490,9,食材,207,210,谈竹叶
490,10,食材,217,220,熟甜瓜
490,11,食材,234,239,竦母艨嫩头
490,12,食疗方,108,113,东阳酒曲方
490,13,烹饪方法,274,275,浸
490,14,烹饪方法,278,279,晒
490,15,烹饪方法,290,292,打下
490,16,烹饪方法,297,298,漉
490,17,烹饪方法,305,306,煮
490,18,烹饪方法,228,229,擂
490,19,病症,461,466,跌打伤痛
490,20,古籍来源,323,328,周颂:载芟
491,1,食材,6,9,蔚木香
491,2,食材,70,71,蜜
491,3,食材,72,74,果子
491,4,食材,84,86,朴硝
491,5,食材,246,248,梅肉
491,6,食材,272,274,冬瓜
491,7,食性,81,82,酸
491,8,食味,92,93,酸
491,9,食味,136,137,咸
491,10,功效,44,46,益精
491,11,功效,46,48,壮阳
491,12,烹饪方法,71,72,煎
491,13,烹饪方法,106,107,浸
491,14,烹饪方法,296,297,焯
491,15,禁忌,49,54,不可尽述
491,16,医家,56,59,赵菊山
491,17,古籍来源,328,331,赵菊山
492,1,食材,194,196,牛乳
492,2,食材,188,192,乳饼
492,3,食材,18,19,酪
492,4,食材,259,261,浆水
492,5,烹饪方法,91,92,炙
492,6,烹饪方法,127,128,炒
492,7,烹饪方法,135,136,曝
492,8,烹饪方法,204,205,煎
492,9,烹饪方法,254,255,烧
492,10,烹饪方法,213,214,点
492,11,烹饪方法,200,201,滤
492,12,烹饪方法,235,236,压
492,13,烹饪方法,294,296,团搦
492,14,食疗方,74,81,晒干酪
492,15,食疗方,239,246,就乳困
493,1,食材,3,4,瓜
493,2,食材,44,45,酱
493,3,食材,72,73,盐
493,4,食材,104,106,瓜茄
493,5,食材,101,103,酱黄
493,6,食材,124,125,鲱
493,7,食材,238,240,枸杞
493,8,食材,241,243,地潢
493,9,食材,244,246,甘菊
493,10,食材,247,249,青襄
493,11,食材,251,253,牛膝
493,12,食材,254,256,槐芽
493,13,食材,257,259,白术
493,14,食材,260,262,椿芽
493,15,食材,267,269,车前
493,16,食材,270,272,黄精
493,17,食材,273,275,合欢
493,18,食材,276,278,步陆
493,19,食材,279,281,决期
493,20,食材,282,284,穴蓼
493,21,食味,11,12,甜
493,22,食味,369,370,苦
493,23,食性,372,373,寒
493,24,功效,376,378,燥湿
493,25,功效,382,384,杀虫
493,26,功效,385,387,止血
493,27,烹饪方法,24,26,穿透
493,28,烹饪方法,30,31,拌
493,29,烹饪方法,35,36,沥
493,30,烹饪方法,47,49,拌匀
493,31,烹饪方法,50,51,烈
493,32,烹饪方法,54,56,翻转
493,33,烹饪方法,116,117,铺
493,34,烹饪方法,132,133,掺
493,35,烹饪方法,164,165,腌
493,36,烹饪方法,193,194,晒
493,37,烹饪方法,403,404,焯
493,38,烹饪方法,425,426,倒
493,39,食疗方,90,100,酱瓜茄法
493,40,古籍来源,232,237,收干药莱法
494,1,食材,4,5,豉
494,2,食材,47,48,油
494,3,食材,109,110,盐
494,4,食材,137,139,川椒
494,5,食材,141,143,胡椒
494,6,食材,144,146,干姜
494,7,食材,148,150,桔皮
494,8,食材,157,159,葱白
494,9,食材,237,239,小麦
494,10,烹饪方法,0,1,造
494,11,烹饪方法,49,50,拌
494,12,烹饪方法,77,78,蒸
494,13,烹饪方法,58,59,摊
494,14,烹饪方法,114,115,捣
494,15,烹饪方法,133,134,煎
494,16,烹饪方法,385,386,煮
494,17,烹饪方法,390,391,漉
494,18,烹饪方法,393,394,削
494,19,烹饪方法,347,348,穿
494,20,烹饪方法,354,355,悬
494,21,烹饪方法,361,362,盛
494,22,食疗方,213,217,麸豉
495,1,食材,3,4,茶
495,2,食材,129,131,龙脑
495,3,食材,167,169,珍果
495,4,食味,116,117,香
495,5,烹饪方法,158,159,烹
495,6,烹饪方法,159,160,点
495,7,烹饪方法,372,373,煎
495,8,古籍来源,333,338,江邻几杂志
496,1,食材,9,11,牛乳
496,2,烹饪方法,24,25,煎
496,3,烹饪方法,49,50,扬
496,4,烹饪方法,64,65,勾
496,5,烹饪方法,70,71,搅
496,6,烹饪方法,82,83,吹
496,7,烹饪方法,132,133,滤
496,8,烹饪方法,141,142,卧
496,9,烹饪方法,152,153,炙
496,10,烹饪方法,189,190,烧
496,11,食疗方,290,293,造酪法
496,12,古籍来源,307,311,齐民要术
496,13,病症,226,227,酸
498,1,食材,14,15,茶
498,2,食味,18,19,甘
498,3,食味,19,20,滑
498,4,古籍来源,329,333,北苑别录
498,5,古籍来源,562,564,茶录
498,6,古籍来源,402,406,大观茶论
499,1,食材,0,1,油
499,2,食材,11,12,面
499,3,食材,15,17,开水
499,4,食材,20,22,地蛋
499,5,食材,26,28,胡椒
499,6,食材,43,45,蛋黄
499,7,食材,52,53,水
499,8,食材,94,96,地瓜
499,9,食材,173,175,酸果
499,10,食材,199,202,小黄瓜
499,11,食材,207,209,盐汤
499,12,食材,217,219,鸡蛋
499,13,食材,255,258,青粜叶
499,14,食材,278,279,醋
499,15,食材,195,197,黄瓜
499,16,食材,348,349,糖
499,17,食材,350,352,白矾
499,18,食材,353,355,香料
499,19,食材,385,388,青辣椒
499,20,食材,435,437,丁香
499,21,烹饪方法,5,6,滚
499,22,烹饪方法,108,109,煮
499,23,烹饪方法,68,69,煎
499,24,烹饪方法,97,98,烘
499,25,烹饪方法,76,77,切
499,26,烹饪方法,241,242,浸
499,27,烹饪方法,232,233,压
499,28,烹饪方法,202,203,洗
499,29,烹饪方法,258,259,铺
499,30,烹饪方法,155,156,放
499,31,烹饪方法,307,308,热
499,32,烹饪方法,332,333,揩
499,33,烹饪方法,335,336,装
499,34,烹饪方法,371,372,封
499,35,烹饪方法,400,401,挠
499,36,烹饪方法,414,415,叉
499,37,食疗方,380,383,酸辣椒
502,1,食材,0,1,盐
502,2,食材,6,8,丁香
502,3,食材,24,26,油汤
502,4,食材,53,55,羊肉
502,5,食材,58,60,牛肉
502,6,食材,86,88,小猪
502,7,食材,112,115,馒头屑
502,8,食材,118,120,猪肉
502,9,食材,336,338,胡椒
502,10,食材,133,135,牛奶
502,11,食材,139,141,鸡蛋
502,12,食材,222,224,奶油
502,13,食材,230,232,猪肝
502,14,食材,283,285,葱花
502,15,食材,288,290,肉蔻
502,16,食材,356,359,橄榄油
502,17,食材,425,427,火腿
502,18,食材,412,414,地蛋
502,19,烹饪方法,9,10,烘
502,20,烹饪方法,266,267,炒
502,21,烹饪方法,373,374,熏
502,22,烹饪方法,484,485,煎
502,23,食性,385,386,热
503,1,食材,45,47,萝卜
503,2,食材,48,50,茄子
503,3,食材,51,53,黄瓜
503,4,食材,54,56,葱头
503,5,食材,75,77,奶油
503,6,食材,78,80,胡椒
503,7,食材,185,186,醋
503,8,食材,192,194,冰糖
503,9,食材,88,89,瓜
503,10,食材,208,210,荫瓜
503,11,食材,210,212,北瓜
503,12,食材,212,214,玉瓜
503,13,食材,214,216,冬瓜
503,14,食材,294,296,鲱豆
503,15,食材,67,68,盐
503,16,食材,365,366,肉
503,17,食材,444,445,面
503,18,烹饪方法,4,5,煮
503,19,烹饪方法,69,70,烧
503,20,烹饪方法,285,286,煎
503,21,烹饪方法,165,166,浸
503,22,烹饪方法,135,136,洗
503,23,烹饪方法,94,96,去皮
503,24,烹饪方法,96,98,去子
503,25,烹饪方法,174,175,切
503,26,烹饪方法,194,196,调和
503,27,烹饪方法,16,18,打碎
503,28,烹饪方法,346,347,浸
503,29,烹饪方法,442,443,沾
503,30,烹饪方法,433,434,浸
503,31,烹饪方法,234,235,切
503,32,烹饪方法,411,412,烘
504,1,食材,3,5,桃叶
504,2,食材,11,15,州蔺捭子
504,3,食材,36,37,糖
504,4,食材,50,52,奶油
504,5,食材,56,59,葡萄酒
504,6,食材,79,81,白面
504,7,食材,120,122,玉果
504,8,食材,192,194,牛奶
504,9,食材,166,168,鸡蛋
504,10,食材,243,245,桔皮
504,11,食材,350,352,奶皮
504,12,食材,272,273,冰
504,13,食材,400,401,盐
504,14,食材,489,492,阿萝萝
506,1,食材,84,86,牛肉
506,2,食材,93,94,盐
506,3,食材,119,122,盐猪肉
506,4,食材,233,235,胡椒
506,5,食材,128,130,丁香
506,6,食材,132,134,葱花
506,7,食材,65,67,奶油
506,8,食材,237,239,鸡蛋
506,9,食材,240,243,馒头屑
506,10,食材,392,394,干面
506,11,食材,405,407,牛心
506,12,食材,461,463,牛油
506,13,烹饪方法,94,95,腌
506,14,烹饪方法,408,409,洗
506,15,烹饪方法,110,111,割
506,16,烹饪方法,138,139,填
506,17,烹饪方法,83,84,烘
506,18,烹饪方法,197,198,浇
506,19,烹饪方法,264,265,烤
506,20,烹饪方法,394,395,撒
506,21,烹饪方法,420,421,滚
506,22,烹饪方法,243,245,调和
506,23,烹饪方法,63,64,擦
507,1,食材,4,6,花红
507,2,食材,14,16,苹果
507,3,食材,17,19,生梨
507,4,食材,34,35,糖
507,5,食材,37,39,玉果
507,6,食材,41,43,桂皮
507,7,食材,53,55,橙汁
507,8,食材,84,86,熟桃
507,9,食材,109,111,桃叶
507,10,食材,162,164,牛奶
507,11,食材,209,211,大米
507,12,食材,223,225,糯米
507,13,食材,228,230,樱桃
507,14,食材,235,236,糟
507,15,食材,323,325,饭瓜
507,16,食材,452,454,南瓜
507,17,食材,457,459,晋瓜
507,18,食材,442,444,奶油
507,19,食材,305,307,鸡蛋
507,20,食材,376,378,姜末
507,21,食材,389,390,盐
507,22,食味,6,7,酸
507,23,烹饪方法,20,21,煮
507,24,烹饪方法,23,25,打碎
507,25,烹饪方法,29,31,过出
507,26,烹饪方法,90,92,切碎
507,27,烹饪方法,153,154,烘
507,28,烹饪方法,56,57,装
507,29,烹饪方法,71,72,盖
507,30,烹饪方法,312,313,撤
507,31,烹饪方法,67,68,作
507,32,烹饪方法,86,88,去皮
507,33,烹饪方法,335,337,去子
507,34,烹饪方法,33,34,加
507,35,烹饪方法,114,116,煮熟
507,36,烹饪方法,116,118,离火
507,37,烹饪方法,132,134,预备
507,38,烹饪方法,157,158,冷
507,39,烹饪方法,259,260,放
507,40,烹饪方法,281,285,层层装满
507,41,烹饪方法,304,305,擦
507,42,烹饪方法,405,408,慢火烘
507,43,食疗方,79,82,酸桃排
507,44,食疗方,204,207,英法排
507,45,食疗方,429,433,作面皮法
508,1,食材,10,11,桃
508,2,食材,0,1,糖
508,3,食材,63,66,鸡蛋白
508,4,食材,142,144,丁香
508,5,食材,161,162,酒
508,6,食材,321,322,梨
508,7,食材,381,383,洋菜
508,8,烹饪方法,20,22,去皮
508,9,烹饪方法,22,24,去核
508,10,烹饪方法,216,217,煮
508,11,烹饪方法,69,70,熬
508,12,烹饪方法,109,110,晒
508,13,烹饪方法,117,118,烧
508,14,烹饪方法,225,226,刺
508,15,烹饪方法,436,438,装瓶
508,16,烹饪方法,297,299,封口
508,17,食疗方,310,312,糖桃
508,18,食疗方,184,186,酒桃
508,19,食疗方,306,308,杏梅
508,20,食疗方,325,326,梨
509,1,食材,5,6,肉
509,2,食材,41,42,盐
509,3,食材,59,61,白糖
509,4,食材,140,142,牛肉
509,5,食材,145,150,牛前小腿骨
509,6,食材,204,206,葱头
509,7,食材,217,220,红萝卜
509,8,食材,221,223,地蛋
509,9,食材,233,236,茛面
509,10,食材,246,247,鸡
509,11,食材,274,276,大米
509,12,食材,285,287,胡椒
509,13,食材,328,330,鸡蛋
509,14,食材,362,364,干豆
509,15,烹饪方法,18,19,煮
509,16,烹饪方法,62,63,烘
509,17,烹饪方法,366,367,浸
509,18,烹饪方法,206,207,切
509,19,烹饪方法,334,335,割
509,20,烹饪方法,161,163,打碎
509,21,烹饪方法,164,166,洗净
509,22,烹饪方法,352,354,热吃
509,23,食疗方,345,347,鸡汤
509,24,食疗方,359,361,豆汤
510,1,食材,2,4,牛奶
510,2,食材,52,54,白面
510,3,食材,43,45,花酵
510,4,食材,118,119,盐
510,5,食材,199,202,酸酵
510,6,食材,222,224,呖呔
510,7,食材,261,263,奶油
510,8,食材,304,306,黄糖
510,9,食材,156,158,地蛋
510,10,食材,494,496,鸡蛋
510,11,烹饪方法,7,8,调
510,12,烹饪方法,35,36,烘
510,13,烹饪方法,74,76,拌和
510,14,烹饪方法,127,128,揉
510,15,烹饪方法,368,370,调和
510,16,烹饪方法,376,378,打碎
510,17,烹饪方法,380,382,过罗
510,18,烹饪方法,408,410,发酵
511,1,食材,13,14,杏
511,2,食材,45,46,糖
511,3,食材,66,67,水
511,4,食材,129,130,桃
511,5,食材,146,148,樱桃
511,6,食材,157,159,李子
511,7,食材,160,162,奈子
511,8,食材,163,165,葡萄
511,9,食材,318,320,番柿
511,10,食材,387,389,牛肉
511,11,食材,389,391,猪肉
511,12,食材,391,393,火腿
511,13,食材,401,403,红糖
511,14,食材,385,386,盐
511,15,烹饪方法,55,56,煮
511,16,烹饪方法,33,34,装
511,17,烹饪方法,12,13,封
511,18,烹饪方法,277,278,压
511,19,烹饪方法,338,340,搅和
511,20,烹饪方法,483,484,腌
512,1,食材,19,20,鸡
512,2,食材,118,120,茄子
512,3,病症,182,184,腹胀
512,4,病症,184,185,死
512,5,医家,4,7,耿清惠
512,6,医家,65,68,杨文贞
512,7,古籍来源,362,369,《尸子君治》
514,1,食材,51,53,猪肉
514,2,食材,98,101,馒头
514,3,食材,142,143,葡
514,4,食材,143,144,匏
514,5,食材,481,483,匏瓜
514,6,医家,15,18,韩公亿
514,7,医家,19,23,李公若谷
514,8,医家,30,33,赵太守
514,9,医家,114,119,唐高钱侍郎
514,10,医家,159,163,杜祁公
514,11,医家,191,193,韩徼
514,12,古籍来源,26,28,妆州
516,1,食材,71,72,牛
516,2,食材,87,88,羊
516,3,食材,101,102,狗
516,4,食材,103,104,猪
516,5,食材,149,151,蚬蛤
516,6,食材,324,326,螃蟹
516,7,食材,225,227,蛤蜊
516,8,古籍来源,52,56,《礼记》
518,1,食材,260,262,馒头
518,2,食材,395,397,猪肉
518,3,食材,537,538,羹
518,4,食材,365,366,肉
518,5,食材,551,553,萝卜
518,6,食材,554,556,匏瓜
518,7,食材,598,599,面
518,8,食材,80,81,饭
518,9,食材,624,626,腊烛
518,10,食材,631,634,油灯
518,11,病症,15,19,奢侈浪费
518,12,病症,185,190,麻烦劳累
518,13,医家,0,4,张庄简公
518,14,医家,223,225,王曾
518,15,医家,214,216,孙抻
518,16,医家,219,221,孙京
518,17,医家,308,310,韩傀
518,18,医家,312,315,李若谷
518,19,医家,497,499,高钱
518,20,医家,500,502,高铢
518,21,医家,503,505,高锴
518,22,医家,581,584,杜祁公
518,23,古籍来源,495,497,唐朝
518,24,养生原则,31,35,节约俭朴
518,25,养生原则,8,12,清廉俭朴
518,26,烹饪方法,78,79,吃
518,27,烹饪方法,118,119,斟
518,28,烹饪方法,361,363,设置
518,29,烹饪方法,417,419,招待
519,1,食材,12,13,酒
519,2,病症,39,41,过失
519,3,病症,557,559,学业
519,4,古籍来源,455,459,《酒训》
521,1,食材,14,15,肉
521,2,食味,171,172,咸
521,3,古籍来源,0,11,"土人@取之,规为盔盂@"
521,4,古籍来源,38,45,"甘肃@,灵夏@"
521,5,古籍来源,228,234,陕酉布政司@
521,6,古籍来源,241,246,前堂屏宸@
521,7,古籍来源,264,269,冰果之器@
522,1,食材,23,25,疮痂
522,2,食材,75,77,芝麻
522,3,食材,79,80,米
522,4,食材,155,157,黄鼠
522,5,食材,229,232,松居鼠
522,6,烹饪方法,80,81,煮
522,7,烹饪方法,259,260,啮
522,8,古籍来源,0,2,译文
524,1,食材,0,2,荞麦
524,2,食材,62,63,粟
524,3,食材,63,64,黍
524,4,食材,65,66,豆
524,5,食材,66,67,麦
524,6,古籍来源,14,16,本草
524,7,古籍来源,30,32,道藏
524,8,古籍来源,36,40,药石尔雅
524,9,医家,351,353,梅彪
524,10,医家,208,211,神农氏
524,11,医家,267,270,李时珍
525,1,食材,116,119,糯米粉
525,2,食材,120,122,麦面
525,3,食材,136,137,糖
525,4,食材,332,333,蜜
525,5,食材,374,375,米
525,6,食材,383,384,黍
525,7,食材,453,456,半粉
525,8,食性,71,72,寒
525,9,食味,395,396,甘
525,10,烹饪方法,29,30,煎
525,11,烹饪方法,376,378,熬煎
525,12,烹饪方法,122,124,搓揉
525,13,烹饪方法,382,383,捣
525,14,食疗方,83,85,寒具
525,15,食疗方,75,77,馓子
525,16,食疗方,348,350,蜜饵
525,17,古籍来源,0,1,诗
525,18,古籍来源,340,342,楚辞
525,19,古籍来源,196,201,山中寒食诗
525,20,医家,400,402,朱子
525,21,医家,555,557,朱熹
525,22,医家,358,359,逸
525,23,养生原则,180,187,禁止烟火时食用
527,1,食材,89,91,鸡肉
527,2,烹饪方法,163,164,炒
527,3,病症,54,56,脑痛
527,4,医家,28,31,张大器
527,5,医家,136,139,苏文简
528,1,食材,27,29,粱米
528,2,食材,117,119,青精
528,3,食材,249,252,南天烛
528,4,食材,146,149,墨饭草
528,5,食疗方,228,231,青精饭
528,6,古籍来源,111,113,杜诗
528,7,古籍来源,173,175,仙经
528,8,病症,203,204,陨
529,1,食材,237,238,粲
529,2,食材,307,308,粝
529,3,食材,278,279,稗
529,4,食材,253,254,檠
529,5,食材,34,36,侍御
529,6,食材,448,450,御米
529,7,食材,387,389,谷子
529,8,古籍来源,229,233,《左佟》
529,9,古籍来源,377,383,《九章箅法》
529,10,医家,281,283,郑玄
529,11,医家,187,189,皇象
530,1,食材,212,215,石首鱼
530,2,食材,160,162,龟脚
530,3,食材,165,168,鹿角莱
530,4,古籍来源,209,211,译文
531,1,古籍来源,240,245,本草衍义补
532,1,食材,12,13,姜
532,2,食材,39,40,葱
532,3,食材,131,133,韭子
532,4,食材,234,236,薤白
532,5,食材,90,92,独蒜
532,6,食材,102,104,小蒜
532,7,食材,118,120,生笺
532,8,食性,17,18,温
532,9,功效,30,32,化痪
532,10,功效,35,37,和中
532,11,功效,44,46,通气
532,12,功效,47,49,活血
532,13,功效,50,52,散謇
532,14,功效,63,65,樯精
532,15,功效,70,72,暧下
532,16,功效,83,85,通滞
532,17,功效,86,89,治冷痢
532,18,功效,95,97,辟瘟
532,19,功效,98,101,解诸毒
532,20,功效,150,152,固精
532,21,烹饪方法,127,128,煮
532,22,烹饪方法,26,27,调
532,23,脏腑,184,185,肾
532,24,食疗方,75,82,薤白粥
533,1,食材,46,48,谷芽
533,2,食材,6,7,粥
533,3,食材,30,34,麦芽
533,4,食材,67,69,豆芽
533,5,食材,58,60,黄豆
533,6,食材,85,89,饧粥
533,7,食材,106,108,糯米
533,8,食材,113,115,饴糖
533,9,食材,117,124,豆豉粥
533,10,食材,141,142,葱
533,11,功效,16,18,消食
533,12,功效,19,22,除闷胀
533,13,功效,40,42,消肾
533,14,功效,62,65,补不足
533,15,功效,69,71,去火
533,16,功效,72,75,助生气
533,17,功效,90,92,缓中
533,18,功效,93,97,温肺止嗽
533,19,功效,103,105,和胃
533,20,功效,125,127,发汗
533,21,功效,128,131,止恣汗
533,22,功效,132,135,炒止血
533,23,病症,98,100,表邪
533,24,脏腑,26,27,脾
533,25,脏腑,165,166,肾
533,26,烹饪方法,11,13,炒研
533,27,烹饪方法,76,78,切细
534,1,食材,83,86,猪肾
534,2,食材,99,102,白石英
534,3,食材,167,169,滑石
534,4,食材,217,220,牡丹皮
534,5,食材,302,305,白石脂
534,6,病症,73,75,耳聋
534,7,病症,131,133,周痹
534,8,病症,133,135,风湿
534,9,病症,187,191,胸中积聚
534,10,病症,194,196,黄胆
534,11,病症,197,199,石淋
534,12,病症,200,202,水肿
534,13,病症,254,258,水痢不止
534,14,功效,29,31,镇心
534,15,功效,35,37,去怯
534,16,功效,41,43,益肝
534,17,功效,46,49,去枯
534,18,功效,137,139,通关
534,19,功效,141,143,明目
534,20,功效,182,185,利小便
534,21,功效,115,119,气力强健
534,22,功效,120,124,颜如童子
534,23,脏腑,10,11,心
534,24,烹饪方法,86,87,煮
534,25,烹饪方法,169,170,煎
534,26,烹饪方法,214,215,研
534,27,烹饪方法,226,227,淘
534,28,烹饪方法,227,229,曝干
534,29,食疗方,145,152,滑石粥
534,30,古籍来源,61,65,奉亲养老
534,31,古籍来源,90,93,养老书
534,32,古籍来源,154,157,圣惠方
534,33,古籍来源,205,208,炮炙论
534,34,古籍来源,246,250,子母秘录
535,1,食材,23,25,羊肝
535,2,食材,29,32,韭子
535,3,食材,39,40,米
535,4,食材,147,149,脊骨
535,5,食材,121,124,青粱米
535,6,食材,165,169,犬肉
535,7,食材,225,228,黄狗肉
535,8,病症,17,22,目不能远视
535,9,病症,46,51,肝风虚热
535,10,病症,52,54,目赤
535,11,病症,56,60,病后失明
535,12,病症,105,109,老人胃弱
535,13,病症,132,136,寒中羸瘦
535,14,病症,138,139,痢
535,15,病症,144,146,腰痛
535,16,病症,183,187,水气鼓胀
535,17,功效,64,66,明目
535,18,功效,157,159,治肾
535,19,功效,201,204,安五脏
535,20,功效,205,208,补艴伤
535,21,功效,209,212,益阴事
535,22,功效,213,216,厚肠胃
535,23,功效,217,220,填精髓
535,24,功效,221,224,暖腰膝
535,25,功效,229,233,补益虚劳
535,26,烹饪方法,32,33,炒
535,27,烹饪方法,33,34,研
535,28,烹饪方法,35,36,煎
535,29,烹饪方法,40,41,煮
535,30,烹饪方法,112,114,槌碎
535,31,烹饪方法,190,192,烂煮
535,32,禁忌,234,238,不可去血
535,33,禁忌,240,246,去血则力减
535,34,禁忌,247,250,不益人
535,35,古籍来源,8,14,《多能鄙事》
535,36,古籍来源,173,179,《食医心镜》
535,37,医家,262,264,刘基
535,38,医家,322,325,孙思邈
536,1,食材,91,93,天冬
536,2,病症,10,12,热咳
536,3,食材,147,149,麦冬
536,4,病症,24,26,心热
536,5,病症,27,29,翻胃
536,6,病症,30,32,口渴
536,7,食材,34,41,兔丝子
536,8,功效,46,49,补卫气
536,9,食材,51,55,鸟苓
536,10,功效,59,61,益人
536,11,食材,64,67,兔丝根
536,12,食材,69,71,白苓
536,13,食材,72,75,鸡肾子
536,14,功效,76,78,补肾
536,15,古籍来源,94,100,犬门冬的简称
536,16,古籍来源,150,156,麦门冬的筒称
536,17,古籍来源,213,221,免丝子: 即菟子
536,18,古籍来源,245,249,即免丝根
536,19,古籍来源,262,271,鸡肾子: 即鸡肾草
537,1,食材,128,130,防风
537,2,食材,101,104,粳米
537,3,食材,274,276,葛根
537,4,食材,70,77,大麻仁
537,5,食材,105,106,椒
537,6,食材,107,108,盐
537,7,食材,109,110,豉
537,8,病症,10,14,风邪头疼
537,9,病症,44,48,风寒咳嗽
537,10,病症,60,62,烦渴
537,11,病症,82,83,秘
537,12,病症,87,88,淋
537,13,功效,122,124,开胃
537,14,功效,124,126,通襟
537,15,功效,291,293,发汗
537,16,功效,161,163,祛风
537,17,功效,164,166,止痛
537,18,功效,167,169,解痉
537,19,功效,264,266,祛痰
537,20,功效,267,269,止咳
537,21,功效,66,68,解热
537,22,功效,297,299,解渴
537,23,功效,64,66,安胃
537,24,烹饪方法,93,95,研碎
537,25,烹饪方法,95,97,水滤
537,26,食疗方,201,204,防风粥
537,27,医家,16,19,白乐天
537,28,古籍来源,184,188,云仙杂记
538,1,食材,21,23,茱萸
538,2,食材,53,55,秫米
538,3,食材,105,106,米
538,4,食材,138,140,石英
538,5,食材,409,412,紫石英
538,6,病症,5,6,痢
538,7,病症,48,52,老年久疟
538,8,病症,69,71,水胀
538,9,病症,73,77,胸中痰结
538,10,病症,79,80,疟
538,11,病症,172,174,肺痿
538,12,病症,175,177,湿痹
538,13,病症,178,181,胆黄
538,14,病症,231,235,虚劳惊悸
538,15,烹饪方法,23,25,插头
538,16,烹饪方法,55,57,同煮
538,17,烹饪方法,62,63,服
538,18,烹饪方法,97,99,拌蒸
538,19,烹饪方法,144,146,槌碎
538,20,烹饪方法,147,149,水浸
538,21,烹饪方法,150,152,澄清
538,22,烹饪方法,156,160,取水煮粥
538,23,烹饪方法,236,239,打如豆
538,24,烹饪方法,242,247,以水煮取汁
538,25,古籍来源,7,14,周处《风土记》
538,26,古籍来源,40,45,《肘后方》
538,27,古籍来源,130,136,《千金翼方》
538,28,古籍来源,222,227,《备急方》
538,29,古籍来源,186,192,《本草衍义》
539,1,食材,125,127,牛膝
539,2,食材,9,12,嫩苗叶
539,3,病症,17,19,血淋
539,4,病症,31,35,老人热淋
539,5,食材,37,40,车前子
539,6,烹饪方法,41,42,煮
539,7,食材,46,49,青秣米
539,8,食材,246,249,决明子
539,9,烹饪方法,67,69,为末
539,10,烹饪方法,69,71,人粥
539,11,病症,74,77,久失明
539,12,烹饪方法,80,81,瀹
539,13,烹饪方法,82,84,作粥
539,14,功效,86,88,明目
539,15,病症,100,102,喘嗽
539,16,病症,104,107,息有声
539,17,病症,108,110,唾粘
539,18,食材,78,79,叶
539,19,烹饪方法,111,112,浸
539,20,烹饪方法,113,114,捣
539,21,食材,117,120,杏仁泥
539,22,食材,0,4,牛膝
539,23,食材,177,179,车前
539,24,食材,192,195,车前草
539,25,食材,200,203,车前子
539,26,功效,208,210,利尿
539,27,功效,212,216,渗利水湿
539,28,功效,237,241,清泄湿热
539,29,食材,55,62,决明子
539,30,功效,269,273,清热明目
539,31,功效,226,228,利尿
539,32,食材,90,91,蓝
539,33,食材,294,296,蓝实
539,34,食材,299,301,蓝子
539,35,食性,317,318,寒
539,36,食味,315,316,甘
539,37,功效,321,325,清热解毒
540,1,食材,0,4,桂花
540,2,食材,12,16,木樨
540,3,食材,40,42,官桂
540,4,食材,51,52,蜜
540,5,食材,55,57,桂子
540,6,食材,62,66,椿芽
540,7,食材,127,129,榆荚
540,8,食材,96,98,榆钱
540,9,食材,200,202,榆皮
540,10,食材,99,100,面
540,11,功效,8,10,悦神
540,12,功效,26,30,开胃畅膈
540,13,功效,47,49,祛寒
540,14,功效,52,54,和中
540,15,功效,58,60,暖脏
540,16,功效,70,72,畅气
540,17,功效,73,76,去头风
540,18,功效,87,91,食之多睡
540,19,烹饪方法,42,43,熬
540,20,烹饪方法,44,45,煮
540,21,烹饪方法,121,122,屑
540,22,烹饪方法,217,218,捣
540,23,食疗方,32,39,桂浆粥
540,24,古籍来源,105,107,唐书
540,25,古籍来源,137,145,本草纲目.木部二
541,1,食材,12,13,粥
541,2,食材,84,86,白粲
541,3,古籍来源,119,121,月令
541,4,古籍来源,159,161,檀弓
541,5,古籍来源,213,215,左传
542,1,食材,28,31,淡竹叶
542,2,食材,131,133,贝母
542,3,食材,196,198,沙糖
542,4,食材,206,208,竹叶
542,5,功效,8,11,除烦热
542,6,功效,13,16,利小便
542,7,功效,17,19,清心
542,8,功效,39,41,辟暑
542,9,功效,68,72,化痰止嗽
542,10,功效,73,75,止血
542,11,功效,84,87,治喉痹
542,12,功效,90,92,开郁
542,13,功效,176,179,治内热
542,14,功效,221,226,疗时邪发热
542,15,功效,237,239,解渴
542,16,病症,87,89,目眩
542,17,病症,155,156,郁
542,18,病症,181,182,赤
542,19,病症,183,185,头痛
542,20,烹饪方法,31,33,煎汤
542,21,烹饪方法,33,35,煮饭
542,22,烹饪方法,45,47,煮粥
542,23,烹饪方法,76,77,研
542,24,烹饪方法,190,192,同煮
542,25,食疗方,51,58,贝母粥
542,26,食疗方,159,166,竹叶粥
542,27,古籍来源,22,24,纲目
542,28,古籍来源,245,248,资生录
542,29,古籍来源,168,173,奉亲养老书
542,30,古籍来源,102,103,诗
542,31,古籍来源,122,124,尔雅
542,32,医家,202,204,仲景
542,33,医家,253,256,壬执中
542,34,医家,358,360,陈直
542,35,医家,379,382,邹铉
542,36,医家,395,398,张仲景
543,1,食材,14,18,淡莱
543,2,食材,20,21,粥
543,3,食材,85,87,萝卜
543,4,食材,91,93,冬瓜
543,5,食材,94,95,米
543,6,食材,109,110,鸡
543,7,食材,152,156,乌骨雄鸡
543,8,食材,192,195,白雄鸡
543,9,食材,200,202,野鸡
543,10,食材,54,55,鸭
543,11,食材,229,232,青头鸭
543,12,病症,31,33,泄泻
543,13,病症,42,44,劳伤
543,14,病症,46,50,精血衰少
543,15,病症,51,53,吐血
543,16,病症,56,58,腰痈
543,17,病症,61,62,瘿
543,18,病症,127,129,狂疾
543,19,病症,148,150,脚气
543,20,病症,224,226,水病
543,21,病症,254,256,热痢
543,22,病症,282,283,瘘
543,23,古籍来源,23,27,行厨纪要
543,24,古籍来源,73,77,刊石药验
543,25,古籍来源,118,122,食医心镜
543,26,古籍来源,138,144,奉亲养老书
543,27,古籍来源,184,186,真诰
543,28,古籍来源,267,269,别录
543,29,古籍来源,257,259,禽经
543,30,功效,34,36,补肾
543,31,功效,162,164,补虚
543,32,功效,164,166,养血
543,33,功效,245,247,除热
543,34,功效,248,251,利水道
543,35,功效,197,199,辟邪
543,36,烹饪方法,95,96,煮
543,37,烹饪方法,235,237,煮粥
543,38,禁忌,175,179,风病忌食
543,39,医家,180,183,陶弘景
543,40,医家,465,467,师旷
543,41,养生原则,98,102,最益老人
544,1,烹饪方法,0,1,煮
544,2,功效,5,8,强气力
544,3,功效,9,12,补不足
544,4,功效,13,16,助五胜
544,5,食性,28,29,平
544,6,食性,40,41,热
544,7,病症,34,35,渴
544,8,古籍来源,18,20,纲目
544,9,古籍来源,57,59,梵书
544,10,食材,79,81,腐浆
544,11,食材,82,83,末
544,12,食材,89,90,豆
544,13,功效,101,103,润肺
544,14,功效,104,107,消胀满
544,15,功效,108,113,下大肠浊气
544,16,功效,114,117,利小便
544,17,病症,123,126,汗有毒
544,18,食材,131,134,甜浆粥
544,19,功效,135,138,解煤毒
544,20,食材,308,311,龙眼肉
544,21,功效,168,172,开胃悦智
544,22,功效,173,177,养心益智
544,23,功效,180,183,通神明
544,24,脏腑,185,188,五肚
544,25,古籍来源,198,202,本草衍义
544,26,古籍来源,225,229,名医别隶
544,27,功效,235,238,治邪气
544,28,功效,239,242,除盘毒
544,29,功效,246,248,强魂
544,30,功效,249,253,轻身不老
544,31,食材,255,259,大枣
544,32,功效,282,284,皮利
544,33,功效,284,287,肉鬻
545,1,食材,31,33,松实
545,2,食材,40,44,菊苗
545,3,食材,131,135,菊花
545,4,食味,92,93,甘
545,5,食味,97,98,苦
545,6,功效,57,60,清头目
545,7,功效,64,69,除胸中烦热
545,8,功效,70,74,去风眩
545,9,功效,75,78,安肠胃
545,10,功效,144,147,养肝血
545,11,功效,148,151,悦颜色
545,12,功效,152,155,清风眩
545,13,功效,157,159,除热
545,14,功效,160,163,解渴
545,15,功效,164,166,明目
545,16,功效,255,259,治诸疮毒
545,17,古籍来源,17,20,列仙传
545,18,古籍来源,49,53,夭宝单方
545,19,古籍来源,81,83,花谱
545,20,古籍来源,229,232,采珍集
545,21,医家,306,308,刘向
545,22,医家,319,321,陈枚
545,23,烹饪方法,205,207,煮粥
545,24,烹饪方法,210,213,晒干
545,25,烹饪方法,214,216,磨粉
545,26,烹饪方法,200,202,点茶
545,27,食疗方,220,227,梅花粥
546,1,食材,42,43,粥
546,2,食材,37,38,屦
546,3,食材,124,125,粟
546,4,食材,117,118,鬻
546,5,古籍来源,11,15,韩诗外传
546,6,古籍来源,196,203,左传.昭公七年
546,7,古籍来源,437,439,粥谱
546,8,病症,51,53,忧萏
546,9,医家,213,217,孔父嘉
546,10,医家,296,298,韩婴
547,1,食材,102,103,粳
547,2,食材,110,112,晚稻
547,3,食材,119,121,早稻
547,4,食材,125,128,陈藻米
547,5,食材,135,139,秋谷新凿
547,6,食材,172,175,炒舟米
547,7,食材,180,183,焦锅笆
547,8,食材,212,214,粳米
547,9,食材,215,217,籼米
547,10,食材,218,221,粟米
547,11,食材,222,224,粱米
547,12,食材,241,243,糯米
547,13,食材,244,247,秫米
547,14,食材,248,250,黍米
547,15,功效,228,231,利小便
547,16,功效,233,236,止烦渴
547,17,功效,237,240,养脾胃
547,18,功效,254,256,益气
547,19,功效,257,260,治庞寒
547,20,古籍来源,205,209,本草纲目
548,1,古籍来源,2,4,食疗
548,2,古籍来源,6,8,食治
548,3,古籍来源,10,12,食医
548,4,古籍来源,15,18,服食经
548,5,古籍来源,20,24,饮膳正要
548,6,食材,60,62,人参
548,7,功效,76,80,补元气
548,8,病症,44,45,疾
548,9,养生原则,49,51,调养
548,10,古籍来源,69,72,手集方
549,1,古籍来源,0,5,《粥谱》
549,2,古籍来源,43,46,轩岐家
549,3,古籍来源,48,52,养生家书
549,4,食材,176,177,米
549,5,食材,181,182,水
549,6,烹饪方法,54,55,煮
549,7,功效,9,11,益人
549,8,功效,110,112,调养
549,9,功效,122,124,治疾
549,10,养生原则,208,220,气味轻清香美适口者为上品
549,11,养生原则,221,228,少逊者为中品
549,12,养生原则,229,235,重浊者为下品
550,1,食材,49,51,梅酱
550,2,食材,54,56,梅干
550,3,食材,64,66,桂花
550,4,食材,89,92,鸟梅肉
550,5,食材,103,105,洋糖
550,6,食材,108,110,生姜
550,7,食材,111,113,甘草
550,8,食材,133,135,乌梅
550,9,食材,177,179,沙糖
550,10,食材,212,214,红梅
550,11,食材,217,219,白矾
550,12,烹饪方法,0,2,切碎
550,13,烹饪方法,97,98,焯
550,14,烹饪方法,118,120,捣烂
550,15,烹饪方法,21,22,煎
550,16,烹饪方法,173,175,捶碎
550,17,烹饪方法,187,188,煮
550,18,烹饪方法,48,49,拌
550,19,烹饪方法,60,61,泡
550,20,烹饪方法,72,73,烧
550,21,烹饪方法,120,121,印
550,22,烹饪方法,148,149,炒
550,23,烹饪方法,9,10,灌
550,24,食疗方,80,87,鸟梅饼
550,25,食疗方,124,131,鸟梅膏
550,26,食疗方,156,163,鸟梅酱
550,27,食疗方,198,200,杨梅
551,1,食材,8,10,猪头
551,2,食材,32,33,酒
551,3,食材,36,38,酱油
551,4,食材,43,44,盐
551,5,食材,47,49,葱姜
551,6,食材,50,52,桂皮
551,7,食材,60,62,瓦片
551,8,食材,73,75,竹架
551,9,食材,131,133,松鲞
551,10,食材,154,155,粟
551,11,食材,157,160,香子仁
551,12,食材,160,162,香蕈
551,13,食材,164,166,木耳
551,14,食材,168,169,笋
551,15,食材,197,199,干鱼
551,16,烹饪方法,0,1,蒸
551,17,烹饪方法,100,101,烧
551,18,烹饪方法,144,145,煨
551,19,烹饪方法,178,179,压
551,20,烹饪方法,108,109,煮
551,21,烹饪方法,183,184,切
552,1,食材,0,1,醋
552,2,食材,69,71,猪肚
552,3,食材,44,45,盐
552,4,食材,45,46,酒
552,5,食材,49,50,矾
552,6,食材,202,204,糯米
552,7,食材,205,207,火腿
552,8,食材,222,224,百合
552,9,食材,225,227,建莲
552,10,食材,228,230,芡仁
552,11,食材,161,162,葱
552,12,食材,164,165,蜜
552,13,食材,166,168,蛋清
552,14,食材,251,255,香蕈粉
552,15,食材,265,267,肉汁
552,16,烹饪方法,46,47,煮
552,17,烹饪方法,214,215,煨
552,18,烹饪方法,60,61,炒
552,19,烹饪方法,97,99,炮炒
552,20,烹饪方法,168,169,粘
552,21,烹饪方法,180,181,压
552,22,烹饪方法,196,197,灌
552,23,烹饪方法,89,90,切
552,24,烹饪方法,207,209,切丁
552,25,烹饪方法,216,218,切块
552,26,烹饪方法,256,258,切段
552,27,烹饪方法,263,264,缝
552,28,功效,36,38,松脆
552,29,功效,129,130,烂
552,30,功效,57,58,软
552,31,功效,54,56,紧厚
552,32,功效,107,109,极脆
552,33,功效,182,184,冷定
552,34,功效,273,275,濯满
553,1,食材,5,7,大茴
553,2,食材,9,11,花椒
553,3,食材,17,20,大葱头
553,4,食材,23,24,醋
553,5,食材,62,64,牛肉
553,6,食材,55,56,盐
553,7,食材,233,236,牛肉脯
553,8,食材,143,145,稻草
553,9,食材,255,257,鸡汤
553,10,食材,258,260,肉汤
553,11,食材,313,315,甜酱
553,12,食材,316,317,酒
553,13,食材,321,323,莱油
553,14,食材,345,347,鹿脯
553,15,食材,358,360,牛舌
553,16,烹饪方法,279,280,煮
553,17,烹饪方法,350,351,煨
553,18,烹饪方法,381,382,腌
553,19,烹饪方法,382,384,风干
553,20,烹饪方法,196,197,晒
553,21,烹饪方法,99,100,压
553,22,烹饪方法,260,261,淹
553,23,烹饪方法,275,278,打破
553,24,烹饪方法,44,45,切
553,25,烹饪方法,295,297,横切
553,26,烹饪方法,299,300,拆
553,27,烹饪方法,317,318,和
553,28,烹饪方法,328,329,配
553,29,食疗方,34,41,牛肉脯
554,1,食材,4,5,糟
554,2,食材,15,17,曲末
554,3,食材,27,28,米
554,4,食材,41,43,药物
554,5,病症,60,62,风劳
554,6,病症,67,71,积滞宿疾
554,7,功效,72,77,令人肥健
554,8,功效,78,82,行如奔马
554,9,功效,83,87,功妙更多
554,10,食材,99,101,白面
554,11,食材,104,107,糯米粉
554,12,烹饪方法,126,127,踏
554,13,食材,182,184,黄米
554,14,食材,188,190,绿豆
554,15,烹饪方法,196,197,磨
554,16,烹饪方法,203,204,簸
554,17,烹饪方法,207,208,浸
554,18,烹饪方法,146,147,晒
554,19,烹饪方法,148,149,露
554,20,食材,325,327,莲花
554,21,食材,343,345,糯米
555,1,食材,14,15,蛋
555,2,食材,42,44,丁香
555,3,食材,44,46,桂皮
555,4,食材,46,48,酱油
555,5,食材,50,52,老酒
555,6,食材,74,76,火腿
555,7,食材,76,78,鲜肉
555,8,食材,79,80,鸡
555,9,食材,81,82,鸭
555,10,食材,143,145,牛乳
555,11,食材,154,157,胡桃仁
555,12,食材,169,171,冰糖
555,13,食材,206,208,姜汁
555,14,烹饪方法,8,9,煮
555,15,烹饪方法,52,53,煨
555,16,烹饪方法,128,129,蒸
555,17,烹饪方法,161,162,研
555,18,功效,188,190,补益
555,19,病症,194,197,气燥
555,20,病症,200,202,有痰
556,1,食材,0,1,盐
556,2,食材,3,4,水
556,3,食材,11,13,榛仁
556,4,烹饪方法,16,17,炒
556,5,食材,19,20,油
556,6,烹饪方法,22,23,炸
556,7,食材,6,10,榛仁
556,8,食材,41,43,松仁
556,9,烹饪方法,54,55,摊
556,10,烹饪方法,59,60,焙
556,11,食材,66,68,松子
556,12,食材,69,71,防风
556,13,食材,50,52,松仁
556,14,食材,90,92,酥油
556,15,食材,37,39,洋糖
556,16,食材,100,102,白面
556,17,烹饪方法,109,110,化
556,18,烹饪方法,121,123,搅匀
556,19,烹饪方法,128,129,揉
556,20,烹饪方法,137,138,擀
556,21,烹饪方法,143,144,印
556,22,烹饪方法,148,149,载
556,23,烹饪方法,153,154,熬
556,24,烹饪方法,154,155,炙
556,25,食味,186,187,辛
556,26,食味,187,188,甘
556,27,食性,183,184,温
556,28,功效,192,194,发表
556,29,功效,196,198,祛风
556,30,功效,199,201,胜湿
557,1,食材,70,72,鹌鹑
557,2,食材,62,64,竹鸡
557,3,食材,65,68,鸽子
557,4,食材,68,70,黄雀
557,5,食材,80,82,野鸡
557,6,食材,83,85,麻雀
557,7,食材,88,91,山禽
557,8,食材,213,214,鱼
557,9,食材,23,25,椒盐
557,10,食材,28,29,酒
557,11,食材,36,37,葱
557,12,食材,94,96,茶油
557,13,食材,106,109,芝麻油
557,14,食材,115,118,脂油
557,15,食材,123,125,熟饭
557,16,食材,139,141,姜丝
557,17,食材,149,152,甜酱瓜
557,18,食材,166,168,甜酒
557,19,食材,169,171,莱油
557,20,烹饪方法,16,18,洗净
557,21,烹饪方法,50,51,煮
557,22,烹饪方法,54,56,晒干
557,23,烹饪方法,76,77,炒
557,24,烹饪方法,142,143,炙
557,25,烹饪方法,131,132,滚
557,26,烹饪方法,133,134,捞
557,27,烹饪方法,148,149,配
557,28,烹饪方法,171,173,和匀
558,1,食材,0,2,蟹肉
558,2,食材,3,5,豆腐
558,3,食材,23,25,甜酱
558,4,食材,25,27,豆粉
558,5,食材,28,30,火腿
558,6,食材,31,32,米
558,7,食材,43,45,松仁
558,8,食材,53,56,豆腐浆
558,9,食材,59,62,火腿汁
558,10,食材,70,72,鲜汁
558,11,食材,76,78,豆豉
558,12,食材,79,81,紫莱
558,13,食材,81,85,玫瑰花瓣
558,14,食材,39,41,火腿
558,15,食材,94,96,鸡绒
558,16,食材,97,99,清汤
558,17,食材,106,110,石膏豆腐
558,18,食材,142,144,面筋
558,19,食材,151,153,芹莱
558,20,食材,155,157,腐干
558,21,食材,91,93,火腿
558,22,食材,173,176,香椿米
558,23,食材,178,180,火腿
558,24,食材,183,185,腐皮
558,25,食材,227,229,莱油
558,26,食材,236,238,桂皮
558,27,食材,238,240,八角
558,28,食材,244,246,酱油
558,29,食材,252,253,酒
558,30,食材,255,259,腐乳
558,31,烹饪方法,2,3,烧
558,32,烹饪方法,19,20,煮
558,33,烹饪方法,153,154,炒
558,34,烹饪方法,166,167,煨
558,35,烹饪方法,110,111,炸
558,36,烹饪方法,127,128,晒
558,37,烹饪方法,194,195,糟
558,38,烹饪方法,195,196,酱
558,39,烹饪方法,240,241,煮
558,40,烹饪方法,246,247,煮
558,41,烹饪方法,22,23,加
558,42,烹饪方法,248,250,起锅
558,43,食疗方,7,11,嘉兴豆腐
558,44,食疗方,47,51,荷瓣豆腐
558,45,食疗方,87,90,豆腐饺
558,46,食疗方,200,203,糖面筋
559,1,食材,18,20,松菌
559,2,食材,11,13,熟肚
559,3,食材,48,50,鱼翅
559,4,食材,61,63,生肚
559,5,食材,87,89,豆粉
559,6,食材,90,92,鸡汤
559,7,食材,38,39,肚
559,8,食材,98,99,肺
559,9,食材,145,147,火腿
559,10,食材,148,152,小红萝卜
559,11,食材,190,192,笋片
559,12,食材,76,78,香蕈
559,13,食材,197,199,木耳
559,14,食材,213,215,鸡片
559,15,烹饪方法,13,15,切丝
559,16,烹饪方法,26,27,拌
559,17,烹饪方法,47,48,煮
559,18,烹饪方法,78,79,炒
559,19,烹饪方法,109,110,煨
559,20,烹饪方法,100,104,切骰子块
559,21,烹饪方法,139,143,切小方块
559,22,烹饪方法,42,43,切
559,23,烹饪方法,66,67,加
560,1,食材,126,128,鲟鱼
560,2,食材,24,26,冬笋
560,3,食材,28,30,酒娘
560,4,食材,40,42,洋糖
560,5,食材,54,55,鲱
560,6,食材,65,66,椒
560,7,食材,70,72,麻油
560,8,食材,75,79,鹅卵石
560,9,食材,80,82,鳇鱼
560,10,食材,99,101,火腿
560,11,食材,136,138,鸡油
560,12,食材,145,147,香蕈
560,13,食材,148,150,青笄
560,14,食材,189,191,黄酒
560,15,食材,192,194,酱油
560,16,食材,195,198,茴香
560,17,食材,200,201,姜
560,18,烹饪方法,8,12,切骰子块
560,19,烹饪方法,12,14,煮熟
560,20,烹饪方法,35,36,煮
560,21,烹饪方法,59,61,盐腌
560,22,烹饪方法,64,65,拌
560,23,烹饪方法,73,74,压
560,24,烹饪方法,91,92,煨
560,25,烹饪方法,105,108,切方块
560,26,烹饪方法,116,118,下锅
560,27,烹饪方法,138,140,煮透
560,28,烹饪方法,177,181,切大方块
560,29,烹饪方法,183,184,滚
560,30,烹饪方法,204,205,煮
560,31,烹饪方法,219,221,起锅
560,32,烹饪方法,221,222,装
560,33,食味,155,156,淡
561,1,食材,0,2,肥鸡
561,2,食材,41,43,河水
561,3,食材,70,72,虾油
561,4,食材,73,75,糟酒
561,5,食材,128,130,酱油
561,6,食材,94,95,脯
561,7,食材,105,107,老汁
561,8,食材,143,145,酥鸡
561,9,食材,146,148,腐皮
561,10,食材,153,155,海参
561,11,食材,162,166,青莱心
561,12,烹饪方法,43,45,煮熟
561,13,烹饪方法,49,52,沥干
561,14,烹饪方法,59,61,片取
561,15,烹饪方法,101,103,晒干
561,16,烹饪方法,107,108,煮
561,17,烹饪方法,115,117,切块
561,18,烹饪方法,118,120,划开
561,19,烹饪方法,124,126,油炸
561,20,烹饪方法,148,149,裹
561,21,烹饪方法,150,152,切段
561,22,烹饪方法,166,167,煨
561,23,古籍来源,204,206,礼记
562,1,食材,0,2,石耳
562,2,食材,6,7,鸭
562,3,食材,10,12,鱼肚
562,4,食材,30,32,黄酒
562,5,食材,37,39,糟鸭
562,6,食材,75,77,火腿
562,7,食材,80,82,鸭舌
562,8,食材,46,47,鸡
562,9,食材,48,51,鸭肫肝
562,10,食材,72,74,瓤肉
562,11,食材,119,121,苡仁
562,12,食材,122,124,莲肉
562,13,食材,126,128,杂果
562,14,食材,139,141,山药
562,15,食材,142,144,百合
562,16,食材,147,149,糟鱼
562,17,食材,164,166,洋糖
562,18,食材,167,169,火酒
562,19,食材,193,195,鱼酱
562,20,食材,205,208,芷果叶
562,21,食材,219,221,鲫鱼
562,22,食材,229,231,鲞鱼
562,23,食材,265,267,鲢鱼
562,24,食材,272,274,酱油
562,25,烹饪方法,2,3,煨
562,26,烹饪方法,19,21,煮熟
562,27,烹饪方法,26,27,腌
562,28,烹饪方法,32,33,浸
562,29,烹饪方法,40,41,切
562,30,烹饪方法,100,102,蒸熟
562,31,烹饪方法,144,145,烧
562,32,烹饪方法,152,154,油炸
562,33,烹饪方法,154,156,红烧
562,34,烹饪方法,160,161,泡
562,35,烹饪方法,69,70,浇
562,36,烹饪方法,199,200,焖
562,37,烹饪方法,216,217,炒
562,38,烹饪方法,221,222,汤
562,39,烹饪方法,239,240,溜
562,40,烹饪方法,269,271,晒干
562,41,烹饪方法,276,278,煮干
562,42,烹饪方法,279,280,烘
562,43,食疗方,106,109,八宝鸭
562,44,古籍来源,295,297,抄本
563,1,食材,42,44,猪头
563,2,食材,22,24,甜酒
563,3,食材,53,54,葱
563,4,食材,58,60,八角
563,5,食材,71,73,酱油
563,6,食材,77,78,糖
563,7,食材,100,102,开水
563,8,食材,157,159,木桶
563,9,食材,164,166,铜廉
563,10,食材,296,299,大蒜
563,11,食材,305,308,鲜柑花
563,12,食材,238,239,盐
563,13,食材,340,342,芥末
563,14,食材,343,345,花椒
563,15,食材,347,348,醋
563,16,烹饪方法,5,6,煨
563,17,烹饪方法,50,51,煮
563,18,烹饪方法,120,121,烧
563,19,烹饪方法,135,137,收干
563,20,烹饪方法,191,192,蒸
563,21,烹饪方法,172,174,洗挣
563,22,烹饪方法,179,180,闷
563,23,烹饪方法,233,235,泡洗
563,24,烹饪方法,239,240,擦
563,25,烹饪方法,288,290,揩干
563,26,烹饪方法,299,300,捣
563,27,烹饪方法,339,340,拌
563,28,食味,89,90,咸
563,29,食味,90,91,谈
563,30,食疗方,215,222,蒸猪头
564,1,食材,69,71,鳊鱼
564,2,食材,16,18,脂油
564,3,食材,24,26,姜汁
564,4,食材,27,29,葱条
564,5,食材,45,47,酱油
564,6,食材,47,48,酒
564,7,食材,54,55,姜
564,8,食材,57,58,醋
564,9,食材,105,106,盐
564,10,食材,21,22,面
564,11,烹饪方法,0,1,炖
564,12,烹饪方法,18,19,切
564,13,烹饪方法,20,21,铺
564,14,烹饪方法,49,52,重汤炖
564,15,烹饪方法,71,74,清水蒸
564,16,烹饪方法,77,79,拆碎
564,17,烹饪方法,60,61,拌
564,18,烹饪方法,111,113,油煎
564,19,烹饪方法,93,94,烹
564,20,烹饪方法,8,10,剖洗
564,21,烹饪方法,146,147,片
564,22,烹饪方法,156,157,入
564,23,烹饪方法,164,166,摊饼
564,24,烹饪方法,173,174,裹
564,25,烹饪方法,185,186,烧
564,26,烹饪方法,190,191,拥
564,27,烹饪方法,39,40,去
564,28,烹饪方法,126,127,烹
564,29,烹饪方法,206,207,烧
564,30,烹饪方法,216,217,取
564,31,烹饪方法,11,12,置
564,32,烹饪方法,228,230,续烧
564,33,烹饪方法,233,234,添
564,34,食疗方,129,139,面煨鳊鱼
565,1,食材,26,29,小麦面
565,2,食材,40,43,白面粉
565,3,食材,56,58,树叶
565,4,食材,72,73,盐
565,5,食材,21,22,水
565,6,食材,204,207,白糯米
565,7,食材,219,221,麦面
565,8,食材,330,332,大酱
565,9,食材,100,102,白面
565,10,食材,414,416,盐卤
565,11,烹饪方法,5,7,翻搅
565,12,烹饪方法,50,51,蒸
565,13,烹饪方法,62,63,晒
565,14,烹饪方法,65,67,捣碎
565,15,烹饪方法,148,149,泡
565,16,烹饪方法,154,156,淋挣
565,17,烹饪方法,194,196,磨粉
565,18,烹饪方法,210,211,煮
565,19,烹饪方法,353,354,拌
565,20,烹饪方法,402,405,冲碎
565,21,烹饪方法,200,201,筛
565,22,烹饪方法,434,435,压
565,23,食味,95,96,甜
565,24,食味,306,307,酸
565,25,养生原则,463,478,"不必露天,放有月处 ,不必去看"
566,1,食材,0,1,梅
566,2,食材,6,7,核
566,3,食材,3,4,仁
566,4,食材,10,12,酸浆
566,5,食材,19,21,杏仁
566,6,食材,28,30,梅卤
566,7,食材,55,58,乌梅肉
566,8,食材,61,63,干葛
566,9,食材,67,69,檀香
566,10,食材,72,75,紫苏叶
566,11,食材,80,81,盐
566,12,食材,84,86,洋糖
566,13,食材,115,116,蝗
566,14,食材,134,135,蜜
566,15,食材,140,142,薄荷
566,16,食材,156,158,青梅
566,17,食材,177,178,矾
566,18,烹饪方法,5,6,敲
566,19,烹饪方法,12,13,浸
566,20,烹饪方法,31,32,晒
566,21,烹饪方法,37,38,捏
566,22,烹饪方法,43,45,存贮
566,23,烹饪方法,90,91,捣
566,24,烹饪方法,97,98,研
566,25,烹饪方法,102,103,作
566,26,烹饪方法,78,79,炒
566,27,烹饪方法,120,122,晾干
566,28,烹饪方法,30,31,浸
566,29,烹饪方法,138,139,加
566,30,烹饪方法,158,160,磕碎
566,31,烹饪方法,168,169,焯
566,32,烹饪方法,191,193,拌匀
566,33,食疗方,47,54,乌苏梅
566,34,食疗方,107,114,风雨梅
566,35,食疗方,146,153,青脆梅
568,1,食材,6,7,蛋
568,2,食材,16,18,豆腐
568,3,食材,23,25,瓜丁
568,4,食材,26,27,姜
568,5,食材,30,32,麻油
568,6,食材,49,51,酱油
568,7,食材,55,56,醋
568,8,食材,97,99,蛋黄
568,9,食材,78,79,蟹
568,10,食材,100,103,木瓜酒
568,11,食材,127,129,米粉
568,12,食材,132,135,胡桃仁
568,13,食材,135,137,洋糖
568,14,食材,138,140,脂油
568,15,食材,150,152,鸭蛋
568,16,食材,167,170,栗柴灰
568,17,食材,175,177,石灰
568,18,食材,180,183,豆楷灰
568,19,食材,187,191,芝麻楷灰
568,20,食材,21,22,盐
568,21,烹饪方法,0,1,拌
568,22,烹饪方法,11,13,捣碎
568,23,烹饪方法,3,4,腌
568,24,烹饪方法,38,40,捺碎
568,25,烹饪方法,86,87,煮
568,26,烹饪方法,111,112,炒
568,27,烹饪方法,125,126,揉
568,28,烹饪方法,131,132,包
568,29,烹饪方法,160,162,洗挣
568,30,食味,9,10,咸
569,1,食材,0,1,莱
569,2,食材,7,9,河豚
569,3,食材,11,12,蛑
569,4,食材,16,18,鲚鱼
569,5,食材,19,21,酱油
569,6,食材,24,25,盐
569,7,食材,114,116,石灰
569,8,食材,116,118,泥渣
569,9,食材,180,182,芝麻
569,10,食味,2,3,鲜
569,11,食味,90,91,苦
569,12,食味,95,96,鲜
569,13,烹饪方法,32,33,化
569,14,烹饪方法,34,35,澄
569,15,烹饪方法,121,122,煮
569,16,烹饪方法,57,58,下
569,17,烹饪方法,109,110,泡
569,18,烹饪方法,175,176,煮
569,19,烹饪方法,144,145,淘
569,20,烹饪方法,147,148,铺
569,21,烹饪方法,160,161,倾
569,22,烹饪方法,163,164,放
569,23,烹饪方法,184,185,和
569,24,禁忌,83,87,生食作犸
569,25,古籍来源,202,206,本草纲目
570,1,食材,0,1,椒
570,2,食材,103,105,花椒
570,3,食材,56,60,椒盐
570,4,食材,89,91,胡椒
570,5,食材,113,115,葱叶
570,6,烹饪方法,62,63,炒
570,7,烹饪方法,27,28,研
570,8,烹饪方法,31,32,焙
570,9,烹饪方法,37,38,筛
570,10,烹饪方法,42,44,装袋
570,11,烹饪方法,45,46,煮
570,12,烹饪方法,76,77,拌
570,13,烹饪方法,78,79,蘸
570,14,烹饪方法,201,202,泡
571,1,食材,6,7,米
571,2,食材,79,80,鸭
571,3,食材,90,92,八宝
571,4,食材,115,117,绿豆
571,5,食材,121,123,黍米
571,6,食材,146,149,香稻米
571,7,食材,159,161,红枣
571,8,食材,199,201,井水
571,9,食材,205,207,河水
571,10,食材,235,237,淘米
571,11,食疗方,138,145,香稻粥
571,12,食疗方,188,195,井水粥
571,13,烹饪方法,168,169,煨
571,14,烹饪方法,196,197,煮
571,15,烹饪方法,259,260,搅
571,16,养生原则,46,57,"宁入等粥,毋粥等人"
572,1,食材,16,17,鱼
572,2,食材,67,69,河水
572,3,食材,149,151,陈酒
572,4,食材,152,154,酱油
572,5,食材,160,161,瓜
572,6,食材,163,164,姜
572,7,食材,165,166,蕈
572,8,食材,167,168,笋
572,9,食材,228,230,木香
572,10,食材,231,233,薄荷
572,11,食材,244,246,香油
572,12,食材,283,285,薄荷
572,13,食材,285,287,胡椒
572,14,食材,288,290,紫苏
572,15,食材,291,292,葱
572,16,食材,293,297,香橼皮
572,17,食材,297,299,桔皮
572,18,食材,300,302,菊花
572,19,食材,336,338,河鱼
572,20,食材,357,360,江梅鱼
572,21,食材,378,382,鲤鱼
572,22,烹饪方法,10,11,烹
572,23,烹饪方法,64,65,煮
572,24,烹饪方法,126,127,蒸
572,25,烹饪方法,205,206,剖
572,26,烹饪方法,240,241,洗
572,27,烹饪方法,345,346,烧
572,28,烹饪方法,308,309,捶
572,29,烹饪方法,321,323,洗擦
572,30,病症,220,221,腥
572,31,禁忌,61,63,大忌
572,32,古籍来源,439,448,诗经.陈风.衡门
573,1,食材,90,93,白糯米
573,2,食材,161,163,糯米
573,3,食材,208,209,米
573,4,食材,335,336,麦
573,5,烹饪方法,6,7,煎
573,6,烹饪方法,166,167,掏
573,7,烹饪方法,171,172,炊
573,8,烹饪方法,176,177,摊
573,9,烹饪方法,194,195,搅
573,10,烹饪方法,302,303,煮
573,11,烹饪方法,399,400,蒸
573,12,烹饪方法,383,384,压
573,13,食疗方,135,142,桃源酒
573,14,古籍来源,275,277,五陵
574,1,食材,11,13,猪肉
574,2,食材,29,30,豚
574,3,古籍来源,182,184,论语
575,1,食材,5,7,盐花
575,2,食材,9,11,洋糟
575,3,食材,14,16,香霹
575,4,病症,53,55,噎症
575,5,烹饪方法,76,78,澄清
575,6,烹饪方法,87,88,覆
575,7,烹饪方法,92,93,露
575,8,烹饪方法,145,147,煮滚
575,9,烹饪方法,204,206,煅炼
575,10,烹饪方法,72,73,贮
575,11,养生原则,120,132,凡有湖水池浸处皆可取贮
575,12,养生原则,189,192,去积久
575,13,养生原则,241,247,雪为珏谷之精
576,1,食材,175,177,莴苣
576,2,食材,195,197,莴苣
576,3,烹饪方法,0,1,蒸
576,4,烹饪方法,14,15,腌
576,5,烹饪方法,139,141,晒干
576,6,烹饪方法,34,35,腌
576,7,烹饪方法,218,219,切
577,1,食材,2,4,驴腰
577,2,食材,5,7,猪腰
577,3,食材,12,14,猪脑
577,4,食材,20,23,生豆腐
577,5,食材,26,28,松仁
577,6,食材,29,31,火腿
577,7,食材,49,51,栗肉
577,8,食材,54,55,羊
577,9,食材,286,288,荸荠
577,10,食材,292,295,红萝卜
577,11,食材,303,306,白萝卜
577,12,食材,225,227,豆楷
577,13,食材,231,234,芝麻油
577,14,烹饪方法,14,16,捣烂
577,15,烹饪方法,51,52,烧
577,16,烹饪方法,62,64,烧红
577,17,烹饪方法,66,68,填满
577,18,烹饪方法,247,249,染色
577,19,烹饪方法,276,278,染之
577,20,烹饪方法,284,286,去皮
577,21,烹饪方法,77,78,烧
577,22,烹饪方法,295,296,削
577,23,烹饪方法,299,300,煨
577,24,病症,43,44,臊
577,25,禁忌,162,167,擅臭不可食
579,1,食材,54,57,白晚米
579,2,食材,58,60,糯米
579,3,食材,77,78,米
579,4,食材,126,128,砻糠
579,5,食材,134,136,草灰
579,6,食材,148,151,楝树叶
579,7,食材,180,181,草
579,8,食材,233,235,芦席
579,9,食材,292,294,松毛
579,10,食材,301,303,蟹壳
579,11,食材,313,316,银条米
579,12,食材,324,327,湖田白
579,13,病症,23,25,体虚
579,14,功效,32,34,补益
579,15,烹饪方法,61,62,煮
579,16,烹饪方法,143,144,晒
579,17,烹饪方法,210,212,收熟
580,1,食材,8,10,青梅
580,2,食材,11,14,石灰水
580,3,食材,109,111,冰糠
580,4,食材,128,130,洋糖
580,5,食材,94,95,盐
580,6,食材,176,177,姜
580,7,食材,280,282,杏子
580,8,食材,301,302,蒜
580,9,食材,311,313,紫苏
580,10,食味,39,40,酸
580,11,食味,40,41,涩
580,12,食味,183,184,咸
580,13,食味,288,289,酸
580,14,烹饪方法,18,19,搓
580,15,烹饪方法,34,35,泡
580,16,烹饪方法,61,63,洗净
580,17,烹饪方法,69,70,晾
580,18,烹饪方法,72,74,风干
580,19,烹饪方法,14,15,拌
580,20,烹饪方法,0,1,腌
580,21,烹饪方法,122,123,煎
580,22,烹饪方法,232,233,搅
580,23,烹饪方法,270,271,晒
580,24,烹饪方法,260,261,压
580,25,禁忌,75,84,"不可太干,以致绉缩"
580,26,禁忌,164,167,发徽0
581,1,食材,32,33,鸡
581,2,食材,33,34,鱼
581,3,食材,34,35,虾
581,4,食材,43,45,笄片
581,5,食材,47,49,芝麻
581,6,食材,51,53,花椒
581,7,食材,54,56,香蕈
581,8,食材,66,68,干面
581,9,食材,69,71,鲜汁
581,10,食材,80,81,酱
581,11,食材,82,83,醋
581,12,食材,203,205,真粉
581,13,食材,211,214,蕃茄粉
581,14,食材,221,224,鸡蛋清
581,15,食材,238,239,盐
581,16,食材,240,241,蜜
581,17,食材,255,257,鸡脯
581,18,食材,294,296,虾子
581,19,食材,315,318,鳗鲡粉
581,20,烹饪方法,39,41,晒干
581,21,烹饪方法,60,61,磨
581,22,烹饪方法,64,65,和
581,23,烹饪方法,86,87,切
581,24,烹饪方法,112,113,擀
581,25,烹饪方法,129,130,煮
581,26,烹饪方法,214,215,拌
581,27,烹饪方法,263,265,晒干
581,28,烹饪方法,266,268,磨粉
581,29,烹饪方法,83,84,和
581,30,烹饪方法,287,289,擀切
581,31,烹饪方法,324,325,下
581,32,食疗方,24,26,八珍
581,33,食疗方,185,187,五香
581,34,食疗方,403,405,六香
582,1,食材,1,3,荔枝
582,2,食材,17,18,壳
582,3,食材,30,32,苦瓜
582,4,食材,36,37,蜜
582,5,食材,39,40,盐
582,6,食材,56,57,肉
582,7,食材,70,72,烧酒
582,8,食材,79,81,梅卤
582,9,食材,82,84,柴苏
582,10,食材,94,96,榧子
582,11,食材,107,108,蔗
582,12,食材,151,153,洋糖
582,13,食材,128,129,蕨
582,14,食性,3,4,热
582,15,病症,11,12,醉
582,16,病症,207,209,龈肿
582,17,病症,212,213,痛
582,18,病症,215,216,衄
582,19,烹饪方法,18,19,浸
582,20,烹饪方法,20,21,饮
582,21,烹饪方法,187,188,蒸
582,22,烹饪方法,47,48,取
582,23,烹饪方法,69,70,浸
582,24,烹饪方法,87,88,收
582,25,烹饪方法,125,127,去壳
582,26,烹饪方法,78,79,浸
582,27,烹饪方法,136,137,去
582,28,烹饪方法,141,142,切
582,29,烹饪方法,153,154,拌
582,30,烹饪方法,154,155,腌
582,31,烹饪方法,164,166,烘干
582,32,禁忌,221,225,食多而醉
582,33,禁忌,200,204,鲜者食多
582,34,古籍来源,176,184,时珍《本草纲艮》
582,35,古籍来源,229,238,赞宁《犍类榀感志》
583,1,食材,6,7,茶
583,2,烹饪方法,5,6,烹
583,3,烹饪方法,119,120,炖
583,4,烹饪方法,165,166,研
583,5,烹饪方法,292,293,煎
583,6,病症,106,108,伤人
583,7,禁忌,194,196,不宜
583,8,养生原则,312,317,善于品泉者
583,9,古籍来源,199,208,金陵人好多蓄大缸
584,1,食材,84,87,黄芽莱
584,2,食材,94,96,花椒
584,3,食材,141,142,鸡
584,4,食材,153,154,醋
584,5,烹饪方法,129,130,炒
584,6,烹饪方法,284,287,醋搂之
584,7,古籍来源,215,219,闲情偶寄
584,8,医家,212,214,李渔
585,1,食材,48,51,黄牛乳
585,2,食性,7,8,平
585,3,功效,9,12,补血脉
585,4,功效,13,16,益心气
585,5,功效,17,20,长肌肉
585,6,食材,21,23,乳饼
585,7,食材,24,26,乳酥
585,8,病症,116,117,泻
585,9,食材,92,94,冰糖
585,10,食材,122,128,带子黄母牛
585,11,食材,143,145,饭汤
585,12,食材,232,238,黄牛骨髓
585,13,食材,246,248,熟面
585,14,食材,250,252,百果
585,15,食材,265,269,乳皮
585,16,烹饪方法,80,81,熬
585,17,烹饪方法,157,158,挤
585,18,烹饪方法,179,180,烫
585,19,烹饪方法,245,246,炒
585,20,烹饪方法,272,273,装
585,21,烹饪方法,284,285,扇
586,1,食材,2,3,酒
586,2,食材,57,58,盐
586,3,食材,59,60,梅
586,4,食味,555,556,酸
586,5,烹饪方法,22,24,割烹
586,6,烹饪方法,51,54,作酒醴
586,7,烹饪方法,508,511,作和羹
586,8,烹饪方法,79,82,烹小鲜
586,9,医家,19,21,伊尹
586,10,医家,43,45,傅说
586,11,医家,69,71,老子
586,12,古籍来源,294,296,孟子
586,13,古籍来源,486,488,尚书
586,14,古籍来源,606,609,道德经
586,15,古籍来源,668,671,三国志
587,1,食材,0,4,鲫鱼
587,2,食性,7,8,土
587,3,功效,21,23,补胃
587,4,食味,26,27,鲜
587,5,烹饪方法,107,108,蒸
587,6,烹饪方法,115,116,煎
587,7,烹饪方法,126,128,作羹
587,8,烹饪方法,135,136,煨
587,9,病症,149,152,小儿食
588,1,食材,47,49,绍酒
588,2,病症,94,96,发渴
588,3,病症,118,122,停中满闷
589,1,食材,14,16,虾仁
589,2,食材,17,18,鱼
589,3,食材,26,27,鸡
589,4,食材,28,30,鱼翅
589,5,食材,89,92,大鲫鱼
589,6,食材,100,102,鸡皮
589,7,食材,200,202,火肘
589,8,食材,111,113,毛扪
589,9,食材,195,197,红肉
589,10,食材,114,116,蘑菇
589,11,食材,236,238,鸡丝
589,12,食材,107,109,火腿
589,13,食材,283,285,麻酱
589,14,食材,300,302,麻哺
589,15,食材,439,442,鳝鱼丝
589,16,食材,450,454,韭菜头
589,17,古籍来源,32,34,通览
589,18,古籍来源,124,126,摘录
590,1,食材,24,26,白粜
590,2,食材,29,31,鲫鱼
590,3,食材,56,58,燕窝
590,4,食材,91,93,火腿
590,5,食材,94,96,青笋
590,6,食材,105,107,鸡丝
590,7,食材,108,110,毛扣
590,8,食材,112,114,蘑菇
590,9,食材,116,118,笋尖
590,10,食材,119,122,大鸽子
590,11,食材,123,125,烧鸭
590,12,食材,154,156,百合
590,13,食材,176,178,虾元
590,14,食材,181,183,鸡皮
590,15,食材,193,195,鱼耳
590,16,食材,196,198,榆耳
590,17,食材,189,191,火腿
590,18,食材,249,251,鸽蛋
590,19,食材,299,301,杂件
590,20,食材,325,327,鸽蛋
590,21,食材,451,453,蛋白
590,22,烹饪方法,20,22,焯熬
590,23,烹饪方法,42,44,码味
590,24,烹饪方法,45,47,蒸熟
590,25,烹饪方法,127,130,挂卤
590,26,烹饪方法,50,51,镶
590,27,烹饪方法,319,321,切丝
590,28,烹饪方法,74,75,蒸
590,29,古籍来源,99,103,《通览》
590,30,古籍来源,223,227,《摘录》
591,1,食材,6,8,糯米
591,2,食材,17,20,哈耳巴
591,3,食材,74,76,肥肉
591,4,食材,79,81,火腿
591,5,食材,131,132,猪
591,6,食材,185,187,花椒
591,7,食材,105,106,盐
591,8,食材,158,160,香油
591,9,食材,308,310,荷叶
591,10,食材,261,263,灰面
591,11,食材,255,257,蛋黄
591,12,食材,375,377,鸡蛋
591,13,食材,385,387,白糟
591,14,食材,390,391,羊
591,15,烹饪方法,8,9,酿
591,16,烹饪方法,10,11,蒸
591,17,烹饪方法,30,31,炖
591,18,烹饪方法,76,77,煮
591,19,烹饪方法,100,101,烧
591,20,烹饪方法,123,124,烤
591,21,烹饪方法,34,35,切
591,22,烹饪方法,145,146,抹
591,23,烹饪方法,190,191,码
591,24,烹饪方法,196,197,刮
591,25,烹饪方法,381,383,走油
591,26,烹饪方法,423,425,水氽
591,27,古籍来源,323,327,《通览》
591,28,古籍来源,327,331,《摘录》
592,1,食材,2,4,鲢鱼
592,2,食材,13,14,肉
592,3,食材,16,18,大蒜
592,4,食材,37,40,贲鲎鱼
592,5,食材,53,55,鸡蛋
592,6,食材,84,86,豆粉
592,7,食材,107,109,鲫鱼
592,8,食材,123,125,肥肉
592,9,食材,150,151,蟹
592,10,食材,273,275,虾料
592,11,食材,276,278,鸽蛋
592,12,食材,281,283,荔枝
592,13,食材,286,288,火腿
592,14,食材,289,291,松仁
592,15,食材,308,310,豆腐
592,16,食材,330,332,盐蛋
592,17,烹饪方法,6,8,砍块
592,18,烹饪方法,9,11,红烧
592,19,烹饪方法,56,58,走油
592,20,烹饪方法,96,97,酿
592,21,烹饪方法,126,128,切泥
592,22,烹饪方法,138,139,抹
592,23,烹饪方法,211,213,烹炒
592,24,烹饪方法,220,221,蒸
592,25,烹饪方法,296,297,爆
592,26,烹饪方法,215,216,炒
592,27,烹饪方法,310,311,烩
592,28,古籍来源,27,29,通览
592,29,古籍来源,31,33,摘录
593,1,食材,0,2,豆尖
593,2,食材,3,5,肉丝
593,3,食材,30,32,老面
593,4,食材,44,46,蛋面
593,5,食材,72,74,麻酱
593,6,食材,80,82,菱角
593,7,食材,83,84,鸡
593,8,食材,89,91,育椒
593,9,食材,91,93,豇豆
593,10,食材,98,102,白煮肉丝
593,11,食材,106,110,锅烧茄子
593,12,食材,115,119,烧焖鲢鱼
593,13,食材,124,128,玫瑰荷花
593,14,食材,177,180,麻花肉
593,15,食材,193,197,雪燕冬瓜
593,16,食材,50,52,冬瓜
593,17,食材,236,239,干豆粉
593,18,食材,280,284,烧京吊子
593,19,食材,307,311,老脯茄子
593,20,食材,313,315,韭菜
593,21,烹饪方法,6,8,鲜炒
593,22,烹饪方法,46,47,炸
593,23,烹饪方法,54,56,红烧
593,24,烹饪方法,85,87,黄焖
593,25,烹饪方法,94,96,走油
593,26,烹饪方法,77,78,拌
593,27,烹饪方法,82,83,焖
593,28,烹饪方法,289,290,炖
593,29,烹饪方法,199,201,粉渗
593,30,烹饪方法,202,203,氽
593,31,古籍来源,11,13,注释
593,32,古籍来源,138,140,注释
593,33,古籍来源,207,209,注释
594,1,食材,0,1,雉
594,2,食材,3,4,卵
594,3,食材,9,11,鹅蛋
594,4,食材,51,53,鸽蛋
594,5,食材,55,56,铵
594,6,食材,66,67,丝
594,7,食材,77,78,清
594,8,食材,80,81,红
594,9,食材,85,87,玻琳
594,10,食材,109,111,条羹
594,11,食材,127,129,堋羹
594,12,食材,134,136,凤居
594,13,食材,93,94,片
594,14,食材,173,175,椒盐
594,15,食材,176,178,豆蔻
594,16,食材,258,259,荼
594,17,食材,276,277,白
594,18,食材,288,289,汁
594,19,食材,297,299,老岭
594,20,食材,330,331,蟹
594,21,食材,335,336,干
594,22,食材,338,339,笋
594,23,烹饪方法,171,172,炸
594,24,烹饪方法,116,117,蒸
594,25,烹饪方法,207,208,煮
594,26,烹饪方法,259,260,熏
594,27,烹饪方法,280,281,熘
594,28,烹饪方法,331,332,炒
594,29,烹饪方法,343,345,红烧
594,30,食疗方,70,74,悛鸽蛋饺
594,31,食疗方,103,107,刘海鸽蛋
594,32,食疗方,164,168,兰香鸽蛋
594,33,食疗方,180,184,全酿鸽蛋
594,34,食疗方,252,256,茶兼鸽蛋
594,35,食疗方,262,266,金银鸽蛋
594,36,食疗方,292,296,荷包鸽蛋
594,37,古籍来源,119,121,摘录
595,1,食材,8,10,豆腐
595,2,食材,145,147,盐卤
595,3,食材,150,152,石膏
595,4,食性,34,35,平
595,5,食味,98,100,清香
595,6,烹饪方法,68,70,法制
595,7,烹饪方法,70,72,去渣
595,8,烹饪方法,72,74,留浆
595,9,烹饪方法,157,158,点
595,10,烹饪方法,337,339,烹熘
595,11,食疗方,193,197,杏酪豆瞒
595,12,食疗方,198,202,桃儿豆腐
595,13,食疗方,203,207,玻蚺豆瞒
595,14,食疗方,208,212,箱子豆腐
595,15,食疗方,213,217,销唣豆膪
595,16,食疗方,218,222,珍珠豆腐
595,17,食疗方,223,227,米屋豆腐
595,18,食疗方,228,232,蟹螯豆腐
595,19,食疗方,233,237,马蹄豆腐
595,20,食疗方,238,242,纹丝豆腐
595,21,食疗方,243,247,菱角豆膪
595,22,食疗方,248,252,灌香豆腐
595,23,食疗方,253,257,吉样豆腐
595,24,食疗方,258,262,糟油瓦腐
595,25,食疗方,263,267,蜂蛀豆腐
595,26,食疗方,268,272,雪花豆腐
595,27,食疗方,273,276,桂花腐
595,28,食疗方,277,281,卷尖豆腐
595,29,食疗方,282,286,芙蓉豆腐
595,30,食疗方,287,291,丹凤豆腐
595,31,食疗方,292,296,口蘑豆腐
595,32,食疗方,297,301,金钱豆瞒
595,33,食疗方,302,306,鲫鳞豆腐
595,34,食疗方,307,311,祥云豆膪
595,35,食疗方,312,316,百合瓦腐
595,36,食疗方,317,321,各髓豆腐
595,37,食疗方,322,326,芹昏豆腐
595,38,食疗方,327,331,牡丹豆腐
595,39,食疗方,332,336,八宝豆膪
595,40,食疗方,342,346,孩食豆蠃
595,41,食疗方,347,351,虾泥豆膪
595,42,食疗方,352,356,虾皮豆腐
595,43,食疗方,357,361,百页豆腐
595,44,食疗方,362,366,春秋豆腐
595,45,食疗方,367,371,银合亘腐
595,46,食疗方,372,376,虾油瓦膪
595,47,食疗方,377,381,发丝豆腐
595,48,食疗方,382,386,青笋裒牖
595,49,食疗方,387,391,太极瓦雁
595,50,古籍来源,185,192,景生方
597,1,食材,24,26,火腿
597,2,食材,27,28,鸭
597,3,食材,51,52,鸡
597,4,烹饪方法,10,11,蒸
597,5,烹饪方法,82,83,炙
597,6,烹饪方法,92,94,烹煮
597,7,烹饪方法,105,106,熘
597,8,烹饪方法,107,108,爆
597,9,烹饪方法,108,109,炸
597,10,烹饪方法,31,32,切
597,11,古籍来源,291,295,韩诗外传
598,1,食材,5,6,鸡
598,2,食材,11,12,虾
598,3,食材,16,18,洋莱
598,4,食材,20,22,锅巴
598,5,食材,22,24,海参
598,6,食材,25,27,抄手
598,7,食材,33,34,面
598,8,食材,35,37,椒盐
598,9,食材,37,39,肘子
598,10,食材,49,53,紫盖
598,11,食材,55,56,姜
598,12,食材,57,59,鸡片
598,13,食材,60,64,椒麻
598,14,食材,420,422,肉片
598,15,食材,76,78,油鱼
598,16,食材,89,90,肝
598,17,食材,94,96,麻酱
598,18,食材,101,103,鱼肚
598,19,食材,104,106,金钩
598,20,食材,106,108,冬笋
598,21,食材,111,113,豌豆
598,22,食材,119,123,春笋
598,23,食材,130,134,白莱
598,24,食材,138,142,鳍鱼
598,25,食材,145,147,连鱼
598,26,食材,148,151,瓦块
598,27,食材,160,162,香花
598,28,食材,162,164,鸡丝
598,29,食材,165,167,橥蒿
598,30,食材,71,72,肉
598,31,食材,170,174,肉圆
598,32,食材,178,182,玉兰
598,33,食材,193,195,冬粜
598,34,食材,195,197,肉丝
598,35,食材,203,205,冰糖
598,36,食材,208,210,鸡啼
598,37,食材,210,212,漪参
598,38,食材,458,460,饺子
598,39,食材,467,469,包子
598,40,食材,471,473,汤元
598,41,食材,485,487,点心
598,42,食材,492,494,油提
598,43,食材,500,502,蛋黄
598,44,食材,502,503,糕
598,45,食材,509,511,绍酒
598,46,食材,516,518,席面
598,47,食材,524,526,米酥
598,48,烹饪方法,30,31,炒
598,49,烹饪方法,46,47,炸
598,50,烹饪方法,114,116,凉拌
598,51,烹饪方法,110,111,闷
598,52,烹饪方法,144,145,烧
598,53,古籍来源,218,220,南馆
598,54,古籍来源,370,372,南堂
598,55,古籍来源,377,379,火炮
598,56,古籍来源,390,392,柴盖
598,57,古籍来源,402,404,油鱼
600,1,食材,2,3,肉
600,2,食材,16,18,笋干
600,3,食材,21,23,云耳
600,4,食材,36,38,冬笋
600,5,食材,69,71,山药
600,6,食材,95,97,香油
600,7,食材,100,102,冬笄
600,8,食材,142,144,桃仁
600,9,食材,159,160,鱼
600,10,食材,193,195,千张
600,11,食材,208,210,冰糖
600,12,食材,262,264,醪糟
600,13,食材,265,267,白糖
600,14,食材,272,274,硝盐
600,15,食材,324,325,鲞
600,16,食材,342,344,盐莱
600,17,食材,381,383,板栗
600,18,食材,411,414,大头莱
600,19,食材,419,422,胭脂水
600,20,烹饪方法,11,13,红烧
600,21,烹饪方法,88,89,煮
600,22,烹饪方法,91,93,切片
600,23,烹饪方法,357,358,蒸
600,24,烹饪方法,103,104,烩
600,25,烹饪方法,112,114,走油
600,26,烹饪方法,115,117,打花
600,27,烹饪方法,165,167,对厢
600,28,烹饪方法,288,289,摸
600,29,烹饪方法,297,298,刮
600,30,烹饪方法,290,291,抹
600,31,烹饪方法,423,424,收
601,1,食材,1,2,鱼
601,2,食材,21,23,丁香
601,3,食材,24,26,豆蔻
601,4,食材,104,107,火腿丁
601,5,食材,108,111,生虾仁
601,6,食材,115,117,日蘑
601,7,食材,119,121,香菰
601,8,食材,137,139,独蒜
601,9,食材,186,188,鸡蛋
601,10,食材,189,190,面
601,11,食材,219,220,瓜
601,12,食材,293,295,鳅鱼
601,13,食材,370,372,鳜鱼
601,14,食材,382,384,鳟鱼
601,15,烹饪方法,26,27,熏
601,16,烹饪方法,34,35,炕
601,17,烹饪方法,37,39,焙炕
601,18,烹饪方法,43,44,氽
601,19,烹饪方法,50,51,剞
601,20,烹饪方法,191,192,炸
601,21,烹饪方法,194,196,红烧
601,22,烹饪方法,130,131,烧
601,23,烹饪方法,225,227,煎烧
601,24,烹饪方法,259,260,烩
601,25,烹饪方法,281,283,生焖
601,26,烹饪方法,373,375,清蒸
601,27,烹饪方法,385,387,抽骨
601,28,烹饪方法,388,390,全酿
601,29,古籍来源,303,306,益州记
601,30,古籍来源,345,349,佩文韵府
602,1,食材,5,7,萝卜
602,2,食材,24,27,五桷鱼
602,3,食材,29,31,肉丝
602,4,食材,39,41,鱼片
602,5,食材,93,96,毛姜醋
602,6,食材,117,119,姜丝
602,7,食材,120,121,盐
602,8,食材,112,113,醋
602,9,食材,83,85,配合
602,10,食材,87,89,清汤
602,11,食材,66,68,糟鱼
602,12,食材,133,136,银红汤
602,13,食材,147,149,蒜片
602,14,食材,169,172,红汁汤
602,15,食材,179,181,小鱼
602,16,食材,175,177,豆豉
602,17,食材,187,189,香油
602,18,食材,208,210,椒盐
602,19,食材,222,224,豆粉
602,20,食材,229,230,欠
602,21,食材,250,252,辣子
602,22,食材,273,274,葱
602,23,食材,111,112,姜
602,24,食材,277,279,支子
602,25,食材,296,298,肉片
602,26,食材,301,303,鸡蛋
602,27,食材,307,309,灰面
602,28,食材,331,333,肉块
602,29,食材,334,336,大蒜
602,30,食材,337,339,红汤
602,31,食材,348,350,鸡块
602,32,食材,371,373,火腿
602,33,食材,374,376,笋片
602,34,食材,418,420,网油
602,35,食材,422,425,果蛋清
602,36,食材,439,441,叉子
602,37,食材,461,464,老盐莱
602,38,烹饪方法,7,8,炖
602,39,烹饪方法,9,11,捞起
602,40,烹饪方法,35,36,糅
602,41,烹饪方法,41,42,打
602,42,烹饪方法,72,73,蒸
602,43,烹饪方法,150,151,煎
602,44,烹饪方法,155,156,焖
602,45,烹饪方法,159,161,走油
602,46,烹饪方法,189,190,收
602,47,烹饪方法,201,202,炸
602,48,烹饪方法,220,221,抹
602,49,烹饪方法,228,229,挂
602,50,烹饪方法,256,257,炒
602,51,烹饪方法,265,266,砍
602,52,烹饪方法,327,329,红烧
602,53,烹饪方法,343,344,炖
602,54,烹饪方法,364,365,打
602,55,烹饪方法,79,80,清
602,56,烹饪方法,402,403,烧
602,57,烹饪方法,420,421,包
602,58,烹饪方法,427,428,裹
602,59,烹饪方法,449,450,藏
602,60,食疗方,129,132,煤糟鱼
602,61,食疗方,139,142,裾醋鱼
602,62,食疗方,193,196,酥鲫鱼
602,63,食疗方,213,216,脆皮鱼
602,64,食疗方,239,242,生爆鱼
602,65,食疗方,260,263,瓦块鱼
602,66,食疗方,287,290,锅贴鱼
602,67,食疗方,318,322,红烷鲫鱼
602,68,食疗方,359,362,红鱼元
602,69,食疗方,390,393,软木鱼
602,70,食疗方,409,413,生烧大鱼
602,71,古籍来源,20,22,摘录
603,1,食材,0,1,醋
603,2,食味,8,9,酸
603,3,食味,89,90,苦
603,4,食性,10,11,温
603,5,功效,15,18,消痈肿
603,6,功效,20,23,散水气
603,7,功效,24,27,杀邪毒
603,8,功效,30,33,破血晕
603,9,功效,36,41,除症块坚积
603,10,病症,100,102,痈肿
603,11,病症,120,122,血晕
603,12,食材,49,51,酒醋
603,13,食材,52,54,桃醋
603,14,食材,55,57,麦醋
603,15,食材,58,62,葡萄醋
603,16,食材,63,65,枣醋
603,17,食材,68,70,米醋
603,18,食材,175,177,苦酒
603,19,食材,178,180,淳酢
603,20,食材,187,188,醯
603,21,食材,197,199,食醋
603,22,食材,203,206,香醋
603,23,食材,207,208,卤
603,24,食材,228,232,华池左味
603,25,食材,158,159,米
603,26,食材,238,239,麦
603,27,食材,240,242,高粱
603,28,食材,245,247,酒糟
603,29,功效,374,377,醒酒
603,30,功效,378,380,消食
603,31,功效,381,383,下气
603,32,功效,383,385,辟邪
603,33,功效,386,391,解鱼蟹鳞介
603,34,功效,357,359,调味
603,35,功效,405,408,助消化
603,36,功效,442,446,增加风味
603,37,功效,450,452,防腐
603,38,功效,502,505,治体癣
603,39,功效,528,532,预防流感
603,40,病症,506,508,足癣
603,41,病症,482,484,流感
603,42,病症,533,535,流脑
603,43,病症,536,543,上呼吸道传染病
603,44,古籍来源,78,80,译文
604,1,食材,52,57,羊摩裆肉
604,2,食材,58,62,羊胸脯肉
604,3,食材,82,84,羊头
604,4,食材,88,91,芊蹄子
604,5,食材,96,98,草果
604,6,食材,103,105,肉桂
604,7,食材,110,112,生姜
604,8,食材,128,130,阿魏
604,9,食材,159,162,石榴子
604,10,食材,165,167,胡椒
604,11,食材,177,179,食盐
604,12,食材,0,2,甲香
604,13,食材,4,6,甘松
604,14,食材,12,14,酥油
604,15,食材,287,289,素油
604,16,食性,491,492,平
604,17,食味,488,489,咸
604,18,食味,600,601,辛
604,19,食味,212,213,甘
604,20,归经,608,609,脾
604,21,归经,610,612,胃经
604,22,功效,497,502,和气清神
604,23,功效,503,507,治脘腹痛
604,24,功效,614,619,理气止痛
604,25,功效,620,624,醒脾开胃
604,26,功效,625,628,治骨痛
604,27,病症,508,510,痢疾
604,28,病症,511,513,淋病
604,29,病症,514,516,痔瘘
604,30,病症,517,519,疥癣
604,31,病症,630,634,心腹胀满
604,32,病症,635,637,头痛
604,33,病症,638,640,港病
604,34,病症,641,643,脚气
604,35,烹饪方法,135,136,熬
604,36,烹饪方法,323,324,炒
604,37,烹饪方法,345,346,捣
604,38,烹饪方法,477,478,筛
604,39,烹饪方法,458,459,煮
604,40,烹饪方法,16,17,薰
604,41,烹饪方法,14,15,烧
604,42,烹饪方法,146,147,盛
604,43,烹饪方法,180,181,搅
604,44,烹饪方法,185,187,去净
604,45,烹饪方法,198,200,澄清
604,46,烹饪方法,78,80,去掉
604,47,烹饪方法,20,21,封
604,48,烹饪方法,253,256,贮存
604,49,烹饪方法,260,262,食用
604,50,烹饪方法,348,349,投
604,51,医家,426,428,雷毂
605,1,食材,22,24,豹肉
605,2,食味,25,26,酸
605,3,食性,28,29,平
605,4,功效,35,41,安定人的五脏
605,5,功效,42,48,补人的绝伤
605,6,功效,49,53,强壮筋骨
605,7,功效,54,60,增强人的心志
605,8,功效,67,72,使人勇猛雄
605,9,功效,129,138,使人耐严寒和暑热
605,10,病症,15,17,腰疼
605,11,禁忌,139,146,在农历的让月里
605,12,禁忌,153,159,能份人精神
605,13,医家,226,228,苏恭
605,14,古籍来源,233,237,新修本草
606,1,食材,4,6,胡椒
606,2,食材,10,12,白面
606,3,食材,15,18,鸡爪面
606,4,食材,21,23,葵菜
606,5,食材,25,26,葱
606,6,食材,236,238,羊肉
606,7,食材,56,58,草果
606,8,食材,63,65,良姜
606,9,食材,96,99,羊肚子
606,10,食材,102,104,羊肺
606,11,食材,107,109,蘑菇
606,12,食材,218,220,瓠子
606,13,食材,288,291,生姜汁
606,14,食材,29,30,醋
606,15,食性,224,225,寒
606,16,病症,227,229,消渴
606,17,功效,231,233,利水
606,18,烹饪方法,23,24,炒
606,19,烹饪方法,30,32,调和
606,20,烹饪方法,79,80,熬
606,21,烹饪方法,85,87,过滤
606,22,烹饪方法,0,1,切
606,23,烹饪方法,338,340,搅拌
606,24,烹饪方法,364,366,煮熟
606,25,食疗方,160,163,鸡爪面
607,1,食材,6,8,羊头
607,2,食材,42,44,姜末
607,3,食材,47,50,胡椒粉
607,4,食材,57,59,葱花
607,5,食材,60,62,食盐
607,6,食材,108,109,醋
607,7,食材,112,114,牛蹄
607,8,食材,117,119,马蹄
607,9,食材,120,122,熊掌
607,10,食材,236,238,羊肉
607,11,食材,250,252,萝卜
607,12,食材,261,263,羊尾
607,13,食性,373,374,凉
607,14,病症,379,381,崩中
607,15,病症,382,386,漏下赤白
607,16,烹饪方法,17,18,煮
607,17,烹饪方法,63,64,炒
607,18,烹饪方法,25,26,切
607,19,烹饪方法,111,112,攒
607,20,食疗方,264,267,攒牛蹄
607,21,食疗方,304,307,攒马蹄
607,22,食疗方,313,316,攒熊掌
607,23,食疗方,230,234,细乞思哥
608,1,食材,0,2,羊肉
608,2,食材,19,23,回回豆子
608,3,食材,52,55,香粳米
608,4,食材,61,64,胡萝卜
608,5,食材,72,76,羊后脚肉
608,6,食材,84,86,肋枝
608,7,食材,225,227,姜黄
608,8,食材,102,104,姜末
608,9,食材,107,110,咱夫兰
608,10,食材,113,116,芫荽叶
608,11,食材,147,149,草果
608,12,烹饪方法,36,37,熬
608,13,烹饪方法,40,41,滤
608,14,烹饪方法,67,68,切
608,15,烹饪方法,121,123,调和
608,16,烹饪方法,292,293,煮
608,17,烹饪方法,399,400,剁
608,18,烹饪方法,301,302,撒
608,19,食疗方,316,319,三下锅
608,20,功效,321,325,补中益气
609,1,食材,95,97,羊肉
609,2,食材,25,27,草果
609,3,食材,31,35,回回豆子
609,4,食材,45,47,芜菁
609,5,食材,136,139,香粳米
609,6,食材,198,200,苦豆
609,7,食性,216,217,温
609,8,食味,242,243,苦
609,9,功效,204,207,补下元
609,10,功效,210,213,理腰膝
609,11,脏腑,313,314,肾
609,12,食疗方,258,262,苦豆子汤
609,13,烹饪方法,18,20,拆割
609,14,烹饪方法,38,40,捣碎
609,15,烹饪方法,53,55,洗挣
609,16,烹饪方法,73,74,熬
609,17,烹饪方法,79,81,过滤
609,18,烹饪方法,97,99,切碎
609,19,烹饪方法,107,109,切成
609,20,烹饪方法,187,189,调和
609,21,古籍来源,496,500,料物性味
610,1,食材,0,1,盐
610,2,食材,30,34,香菜叶子
610,3,食材,75,77,羊肉
610,4,食材,88,90,草果
610,5,食材,95,98,大麦仁
610,6,功效,49,53,湿中下气
610,7,功效,55,58,壮脾胃
610,8,功效,59,62,止烦渴
610,9,功效,64,67,破衿气
610,10,功效,69,72,去腹胀
610,11,病症,329,331,烦渴
610,12,病症,401,403,腹胀
610,13,烹饪方法,9,10,煮
610,14,烹饪方法,116,117,熬
610,15,烹饪方法,120,121,滤
610,16,烹饪方法,104,106,淘冼
610,17,食疗方,44,47,大麦汤
611,1,食材,13,15,熊肉
611,2,食材,26,28,草果
611,3,食材,36,38,胡椒
611,4,食材,41,44,哈昔泥
611,5,食材,47,49,姜黄
611,6,食材,52,54,缩砂
611,7,食材,59,62,咱夫兰
611,8,食材,65,66,葱
611,9,食材,67,68,盐
611,10,食材,69,70,酱
611,11,食材,193,195,鲤鱼
611,12,病症,1,5,风痹不仁
611,13,病症,8,10,脚气
611,14,病症,199,201,黄疸
611,15,病症,205,206,渴
611,16,病症,211,213,宿癜
611,17,烹饪方法,19,21,煮熟
611,18,烹饪方法,22,24,切块
611,19,烹饪方法,72,74,调和
611,20,烹饪方法,120,123,熬成汤
612,1,食味,9,10,辛
612,2,食性,12,13,温
612,3,病症,22,29,产后忽然井鲥
612,4,病症,30,34,不省人事
612,5,病症,40,43,心绞痛
612,6,病症,44,48,肚子绞痛
612,7,病症,57,66,皮肤出现游觯舸病
612,8,食味,79,80,苦
612,9,食性,81,82,寒
612,10,功效,99,102,利小便
612,11,功效,143,147,通利小便
612,12,食材,172,174,木丹
612,13,食材,175,177,鲜支
612,14,食材,178,180,趱枢
612,15,食材,182,185,小厄子
612,16,食材,188,190,椐子
612,17,食材,192,195,山栀子
612,18,食材,196,199,黄鸡子
612,19,食材,201,203,筻子
612,20,食材,204,207,山枝干
612,21,食材,208,211,水棋枝
612,22,食材,239,241,林兰
612,23,脏腑,87,89,五内
612,24,脏腑,125,127,五脏
613,1,食材,4,7,八旦仁
613,2,食材,13,15,蘑菰
613,3,食材,19,21,杏泥
613,4,食材,25,28,胡桃仁
613,5,食材,34,38,必思答仁
613,6,食材,43,45,胭脂
613,7,食材,50,52,栀子
613,8,食材,57,59,小油
613,9,食材,194,196,生姜
613,10,食材,71,73,豆粉
613,11,食材,77,79,山药
613,12,食材,92,94,羊肚
613,13,食材,95,96,肺
613,14,食材,103,105,苦肠
613,15,食材,110,111,葱
613,16,食材,115,116,醋
613,17,食材,150,152,松黄
613,18,食材,160,162,羊肉
613,19,食材,166,169,羊尾巴
613,20,食材,227,232,甜八旦杏仁
613,21,食材,257,260,鸡头仁
613,22,食材,448,451,黑子儿
613,23,食材,455,457,白面
613,24,食材,461,464,牛奶子
613,25,食材,469,471,酥油
613,26,食味,514,515,甜
613,27,烹饪方法,146,147,蒸
613,28,烹饪方法,483,484,炒
613,29,烹饪方法,451,452,烧
613,30,烹饪方法,220,221,切
613,31,烹饪方法,339,340,拌
613,32,烹饪方法,135,136,和
613,33,烹饪方法,140,141,作
613,34,食疗方,596,601,黑子儿烧饼
613,35,古籍来源,524,536,本书卷三《果品:八澹仁》
613,36,古籍来源,553,564,本书卷三《果品'胡桃》
613,37,古籍来源,581,593,本书卷三《果品'必思答》
613,38,古籍来源,630,642,卷三《料物性味'黑子儿》
614,1,食材,3,5,黄羊
614,2,食材,109,114,黄羊的脑
614,3,食材,122,123,髓
614,4,食材,124,125,骨
614,5,食材,154,156,山羊
614,6,食材,390,393,青羊肉
614,7,食味,8,9,甜
614,8,食味,161,162,甘
614,9,食性,12,13,温
614,10,食性,163,164,平
614,11,功效,19,24,补脾胃之气
614,12,功效,132,135,补养人
614,13,功效,168,171,补益人
614,14,功效,199,203,补养人体
614,15,功效,467,471,补虚助阳
614,16,病症,27,35,久病而成的劳伤
614,17,病症,36,42,身体虚褰之症
614,18,烹饪方法,136,138,煮汤
614,19,烹饪方法,429,430,炖
614,20,烹饪方法,433,435,作脯
614,21,禁忌,115,120,不可以食用
615,1,食材,11,13,胡椒
615,2,食味,17,18,辛
615,3,食性,19,20,温
615,4,功效,25,27,下气
615,5,功效,29,34,除脏腑风冷
615,6,功效,40,43,杀肉毒
615,7,脏腑,617,619,脏腑
615,8,烹饪方法,520,522,磨碎
615,9,烹饪方法,531,533,放入
615,10,古籍来源,0,4,料物性味
616,1,食材,8,10,茯苓
616,2,食材,6,7,酒
616,3,食材,76,77,米
616,4,食材,114,116,松根
616,5,食材,138,142,松根津液
616,6,食材,345,347,糯米
616,7,食性,245,246,平
616,8,食味,240,241,甘
616,9,食味,242,243,淡
616,10,功效,26,29,治腿劳
616,11,功效,101,105,强壮筋骨
616,12,功效,36,40,延年益寿
616,13,功效,150,153,壮筋骨
616,14,功效,248,252,利水渗湿
616,15,功效,253,257,健脾和胃
616,16,功效,258,262,宁心安神
616,17,功效,146,148,治风
616,18,病症,90,93,虚劳病
616,19,病症,366,368,风痹
616,20,病症,446,451,游走不定
616,21,古籍来源,15,17,仙方
616,22,古籍来源,303,307,本草纲目
616,23,食疗方,45,48,茯苓酒
616,24,食疗方,120,123,松根酒
616,25,食疗方,311,314,松液酒
616,26,烹饪方法,23,25,酿酒
616,27,烹饪方法,79,80,酿
616,28,烹饪方法,130,132,掘坑
616,29,烹饪方法,132,134,置瓮
616,30,烹饪方法,137,138,取
617,1,食材,6,7,雁
617,2,食材,24,26,葱末
617,3,食材,38,40,食盐
617,4,食材,69,72,羊肚子
617,5,食材,99,101,水札
617,6,食材,205,207,香菜
617,7,食材,118,119,葱
617,8,食材,145,147,肥面
617,9,食材,164,166,酥油
617,10,烹饪方法,85,86,烧
617,11,烹饪方法,154,156,蒸熟
617,12,烹饪方法,336,338,烤熟
617,13,烹饪方法,79,80,包
617,14,古籍来源,398,405,《禽品〈水札》
618,1,食材,14,16,槐实
618,2,食材,28,30,牛胆
618,3,食材,78,81,枸杞叶
618,4,食性,382,383,寒
618,5,食性,239,240,温
618,6,食性,481,483,大寒
618,7,食味,236,237,苦
618,8,食味,648,649,甘
618,9,功效,48,50,身轻
618,10,功效,54,58,白发再黑
618,11,功效,61,63,通神
618,12,功效,86,89,筋骨壮
618,13,功效,90,92,除风
618,14,功效,95,96,益
618,15,功效,97,100,去盛劳
618,16,功效,101,104,益阴事
618,17,功效,654,658,补虚益精
618,18,功效,385,387,清热
618,19,功效,662,664,止渴
618,20,功效,665,669,祛风明目
618,21,功效,388,390,润肝
618,22,功效,395,397,止血
618,23,功效,490,494,利胆通肠
618,24,功效,495,499,解毒消肿
618,25,病症,152,157,百节疼痛
618,26,病症,159,165,周身关节痛疼
618,27,脏腑,486,487,肝
618,28,脏腑,399,400,胆
618,29,食疗方,129,132,松节酒
618,30,烹饪方法,31,33,渍浸
618,31,烹饪方法,36,38,阴干
618,32,烹饪方法,41,42,吞
618,33,烹饪方法,110,111,采
618,34,禁忌,500,515,凡医书均无服此百日可通神之说
618,35,医家,530,532,孟诜
618,36,医家,554,556,张鼎
618,37,古籍来源,18,21,神仙传
618,38,古籍来源,70,72,食疗
618,39,古籍来源,576,580,证类本草
618,40,古籍来源,582,585,医心方
619,1,食材,0,2,羊肉
619,2,食材,13,14,果
619,3,食材,18,20,良姜
619,4,食材,144,146,羊肝
619,5,食材,45,47,胡椒
619,6,食材,53,56,鸡头粉
619,7,食材,59,61,豆粉
619,8,食材,304,306,陈皮
619,9,食材,312,314,生姜
619,10,食性,459,460,温
619,11,食味,456,457,辛
619,12,归经,464,465,肺
619,13,归经,466,467,胃
619,14,归经,468,469,脾
619,15,功效,247,251,补中益气
619,16,功效,484,486,去湿
619,17,功效,489,495,温中益脾胃
619,18,功效,513,515,消焱
619,19,病症,506,507,湿
619,20,食疗方,240,245,鸡头粉馄饨
619,21,烹饪方法,27,28,熬
619,22,烹饪方法,32,33,滤
619,23,烹饪方法,70,71,切
619,24,烹饪方法,80,82,调和
619,25,烹饪方法,277,278,捣
619,26,烹饪方法,180,182,掺匀
619,27,烹饪方法,184,185,制
619,28,烹饪方法,151,152,煮
619,29,古籍来源,472,478,《药性类阴》
620,1,食味,4,5,酸
620,2,病症,0,2,脾病
620,3,食材,9,11,大豆
620,4,食材,12,14,豕肉
620,5,食材,15,16,栗
620,6,食材,17,18,藿
620,7,食味,27,28,苦
620,8,病症,23,25,肺病
620,9,食材,32,34,小麦
620,10,食材,35,37,羊肉
620,11,食材,38,39,杏
620,12,食材,40,41,薤
620,13,食味,50,51,甘
620,14,病症,46,48,肾病
620,15,食材,55,57,黄黍
620,16,食材,58,60,鸡肉
620,17,食材,61,62,桃
620,18,食材,63,64,葱
620,19,食味,94,95,咸
620,20,病症,83,85,肉胝
620,21,病症,87,89,唇揭
620,22,病症,96,99,骨气劳
620,23,病症,102,105,肥气折
620,24,病症,678,681,脉凝泣
620,25,病症,112,114,变色
620,26,古籍来源,211,213,内经
620,27,古籍来源,214,219,生气通夭论
620,28,古籍来源,363,368,五脏生成论
620,29,古籍来源,398,400,千金
620,30,古籍来源,538,540,太素
620,31,古籍来源,554,558,云笈七签
621,1,食材,44,47,鲣鱼肉
621,2,食性,54,55,寒
621,3,食味,51,52,甜
621,4,功效,60,65,治咳嗽喘息
621,5,功效,75,77,安胎
621,6,功效,78,84,治脚部浮肿病
621,7,病症,12,16,水肿脚气
621,8,病症,18,21,天行病
621,9,禁忌,86,101,得流行性传染病后的人不可以吃
622,1,食材,8,9,盐
622,2,食材,10,11,酱
622,3,食材,15,17,白面
622,4,食材,29,31,酥油
622,5,食材,32,33,蜜
622,6,食材,37,39,葫芦
622,7,食材,40,42,瓠子
622,8,食材,54,56,羊肉
622,9,食材,57,59,羊脂
622,10,食材,60,63,羊尾子
622,11,食材,65,68,新韭莱
622,12,食材,173,174,葱
622,13,食材,175,177,陈皮
622,14,食材,178,180,生姜
622,15,食材,203,205,小油
622,16,烹饪方法,20,21,镦
622,17,烹饪方法,22,23,炮
622,18,烹饪方法,115,116,烙
622,19,烹饪方法,333,334,蒸
622,20,烹饪方法,69,70,切
622,21,烹饪方法,11,12,拌
622,22,烹饪方法,213,214,搅
622,23,烹饪方法,296,297,烫
622,24,食疗方,103,108,撇列角儿
622,25,食疗方,156,160,莳萝角儿
622,26,古籍来源,419,432,本书卷三《莱品'瓠'葫芦》
623,1,食材,3,5,木瓜
623,2,食味,9,10,酸
623,3,食性,13,14,温
623,4,病症,22,24,湿痹
623,5,病症,33,37,转筋不止
623,6,食材,46,48,梅实
623,7,食味,53,54,酸
623,8,食性,57,58,平
623,9,功效,63,65,下气
623,10,功效,66,69,除烦热
623,11,功效,70,72,安心
623,12,食材,113,115,黧梅
623,13,食材,117,120,桔梅肉
623,14,食材,122,124,酸梅
623,15,食材,260,262,梅果
623,16,食材,300,302,花梅
623,17,功效,474,478,去暑解渴
623,18,功效,479,482,助消化
624,1,食材,5,7,海红
624,2,食材,31,33,海棠
624,3,食材,74,77,海棠果
624,4,食材,78,81,海棠梨
624,5,食材,82,85,棠蒸梨
624,6,食味,12,13,酸
624,7,食味,14,15,甘
624,8,食味,39,40,甜
624,9,食性,16,17,平
624,10,病症,23,25,泄痢
624,11,病症,50,54,泄肚拉稀
624,12,病症,55,58,拉痢疾
624,13,病症,365,369,拉稀泄肚
625,1,食材,11,13,天鹅
625,2,食味,17,18,甘
625,3,食性,20,21,热
625,4,功效,30,34,补中益氏
625,5,功效,530,534,补中益气
625,6,功效,544,548,益人气力
625,7,功效,549,552,利脏腑
625,8,烹饪方法,474,476,清蒸
625,9,烹饪方法,477,479,炖烤
625,10,烹饪方法,481,482,烧
625,11,医家,491,494,李时珍
625,12,医家,501,503,汪颖
625,13,古籍来源,495,499,《性平》
626,1,食材,0,1,桂
626,2,食味,8,9,甘
626,3,食味,10,11,辛
626,4,食性,13,14,热
626,5,功效,20,25,治心腹寒热
626,6,功效,29,31,利肝
626,7,功效,32,34,肺气
626,8,病症,545,547,冷痰
626,9,脏腑,78,79,肝
626,10,脏腑,80,81,肺
626,11,禁忌,536,543,用量不宜过大
627,1,食材,0,3,山丹根
627,2,食味,12,13,甘
627,3,食性,14,15,平
627,4,功效,20,25,主邪气腹胀
627,5,病症,29,31,疮肿
627,6,古籍来源,35,39,《百合》
627,7,烹饪方法,511,512,蒸
627,8,烹饪方法,513,514,煮
627,9,烹饪方法,529,530,捣
628,1,食材,55,58,苦苴莱
628,2,食味,12,13,苦
628,3,食性,14,15,平
628,4,病症,75,79,面目发蚩
628,5,功效,94,98,清爽精神
628,6,功效,99,103,通利五脏
628,7,古籍来源,108,112,野苦荬
628,8,食材,330,332,嫩叶
628,9,食材,341,342,根
628,10,食材,280,281,花
628,11,食材,345,347,种孓
629,1,食材,25,26,麦
629,2,食性,21,22,温
629,3,病症,239,241,寒变
629,4,病症,278,280,饱闷
629,5,病症,284,286,狐疑
629,6,病症,287,291,下利奔迫
629,7,病症,292,296,惨然不乐
629,8,脏腑,3,4,肝
629,9,脏腑,133,134,心
629,10,脏腑,135,136,脾
629,11,脏腑,137,138,肺
629,12,脏腑,139,140,肾
629,13,养生原则,437,442,不-于遏也
629,14,古籍来源,568,574,《云笈七签》
629,15,古籍来源,707,714,《脉要精徵论》
630,1,食材,40,42,羊腰
630,2,食材,0,3,咱夫兰
630,3,食材,71,74,玫璁水
630,4,食材,254,257,肥鸡儿
630,5,烹饪方法,39,40,炙
630,6,烹饪方法,9,10,烤
630,7,烹饪方法,269,271,切攒
630,8,功效,24,29,心气安宁
630,9,功效,30,34,心情愉快
630,10,功效,35,37,欢喜
630,11,功效,118,122,甚有焱验
630,12,病症,48,51,腰眼疼
631,1,食材,5,7,黄瓜
631,2,食味,12,13,甘
631,3,食性,14,15,平
631,4,食性,16,17,寒
631,5,禁忌,21,25,动气发瓣
631,6,禁忌,26,30,令人虚热
631,7,禁忌,32,36,不可盗食
631,8,禁忌,71,76,不可以多吃
631,9,功效,428,432,除热利水
631,10,功效,433,436,解莓
631,11,功效,437,440,治烦渴
632,1,食材,19,21,鲂鱼
632,2,食味,32,33,甜
632,3,食性,36,37,温
632,4,食性,38,39,平
632,5,功效,48,50,补益
632,6,功效,4,6,助脾
632,7,病症,79,81,疳痢
632,8,食材,86,87,鲟
632,9,食材,97,99,耶鱼
632,10,食材,103,105,鱼生
632,11,食材,108,111,鲜鱼肉
632,12,食材,122,124,蒜齑
632,13,食材,125,126,姜
632,14,食材,127,128,醋
632,15,烹饪方法,111,113,薄切
632,16,烹饪方法,114,116,洗净
632,17,烹饪方法,120,121,沃
632,18,禁忌,136,143,不可与疳痢人食
632,19,古籍来源,147,151,本草纲目
632,20,医家,153,155,孟诜
632,21,古籍来源,170,173,食品巢
633,1,食材,96,100,犀牛的肉
633,2,食味,101,102,甜
633,3,食性,104,105,温
633,4,食材,16,18,犀角
633,5,食味,22,23,苦
633,6,食味,24,25,咸
633,7,食性,26,28,微寒
633,8,病症,114,115,兽
633,9,病症,56,57,蛇
633,10,病症,124,127,蛊毒病
633,11,病症,132,136,山岚瘴气
633,12,病症,48,50,钩吻
633,13,病症,52,54,鸩羽
633,14,病症,116,117,蛇
633,15,病症,60,62,份蹇
633,16,病症,63,65,瘟疫
633,17,古籍来源,320,326,《医学正传》
634,1,病症,7,9,漏风
634,2,食材,16,18,黍穰
634,3,病症,21,23,癞疾
634,4,病症,37,39,痈疽
634,5,病症,70,72,咳嗽
634,6,病症,79,81,痔疾
634,7,病症,93,94,疮
634,8,病症,121,123,气疾
634,9,古籍来源,143,145,内经
634,10,病症,237,239,酒风
634,11,病症,289,291,麻风
634,12,病症,294,296,黄癣
634,13,病症,362,364,痈疽
634,14,古籍来源,535,540,内经:素问
635,1,食材,0,2,鹿角
635,2,食材,95,98,黑牛髓
635,3,食材,124,128,生地黄汁
635,4,食性,323,324,温
635,5,食味,320,321,咸
635,6,归经,330,331,肝
635,7,归经,332,334,肾经
635,8,功效,336,338,行血
635,9,功效,339,341,消肿
635,10,功效,343,345,益肾
635,11,病症,7,9,腰痛
635,12,病症,101,104,肾旋弱
635,13,病症,105,108,骨伤败
635,14,病症,109,113,瘦弱无力
635,15,烹饪方法,31,32,烧
635,16,烹饪方法,42,43,浸
635,17,烹饪方法,98,99,煎
635,18,烹饪方法,139,140,炼
635,19,烹饪方法,235,237,调和
635,20,禁忌,325,327,无莓
635,21,养生原则,46,50,空心饮之
635,22,养生原则,229,231,空腹
635,23,古籍来源,348,362,本书卷三《兽品:鹿:鹿角》
636,1,食材,3,6,鹤鹕肉
636,2,食味,10,11,甜
636,3,食性,14,15,平
636,4,病症,26,29,惊邪症
636,5,食材,36,38,鹁鸽
636,6,食味,43,44,咸
636,7,食性,45,46,平
636,8,功效,51,53,调精
636,9,功效,54,56,益气
636,10,功效,57,61,解诸药毒
636,11,食材,66,68,鹁鸽
636,12,食味,73,74,咸
636,13,食性,76,77,平
636,14,功效,84,86,调精
636,15,功效,86,88,补气
636,16,功效,89,95,解各种药之莓
636,17,食材,97,99,鹁鹪
636,18,食材,34,35,鸽
636,19,食材,109,111,鸽子
636,20,食材,136,138,原鸽
636,21,食材,139,141,岩鹤
636,22,食材,143,145,家鸽
636,23,食材,178,180,野鸽
636,24,食材,386,388,纯白
636,25,食材,404,406,鸽肉
636,26,功效,469,473,滋肾益气
636,27,功效,474,478,去风解莓
637,1,食材,0,2,薇莱
637,2,食材,34,37,大巢莱
637,3,食味,10,11,甘
637,4,食性,12,13,平
637,5,功效,18,20,益气
637,6,功效,21,23,润肌
637,7,功效,25,27,清神
637,8,功效,27,29,强志
637,9,功效,49,51,补气
637,10,功效,52,56,滋润肌肉
637,11,功效,57,59,潸爽
637,12,功效,64,68,强化心志
637,13,功效,504,508,潸热利湿
637,14,功效,510,514,和血祛痰
637,15,古籍来源,128,133,救荒野豌虿
638,1,食材,5,7,小椒
638,2,食材,45,47,花椒
638,3,食味,11,12,辛
638,4,食性,13,14,热
638,5,功效,19,24,主邪气咳逆
638,6,功效,25,27,温中
638,7,功效,29,33,下冷气
638,8,功效,34,37,除湿痹
638,9,病症,529,531,咳逆
638,10,病症,538,540,呃逆
638,11,病症,543,545,吃逆
638,12,病症,615,616,痹
638,13,脏腑,557,558,胃
638,14,古籍来源,156,158,唐易
639,1,食材,8,10,酥油
639,2,食材,0,2,醍醐
639,3,食材,139,143,马思哥油
639,4,食材,187,190,白酥油
639,5,食材,208,210,牛乳
639,6,食材,566,570,净牛奶子
639,7,食性,420,421,平
639,8,食味,417,418,甘
639,9,食味,556,557,甜
639,10,功效,426,428,养营
639,11,功效,429,431,滋阴
639,12,功效,432,434,润燥
639,13,功效,436,438,止渴
639,14,禁忌,442,449,中虚湿盛者忌之
639,15,古籍来源,488,490,本书
640,1,食材,8,10,青鱼
640,2,食味,13,14,甜
640,3,食性,16,17,平
640,4,食材,62,64,鲇鱼
640,5,食味,69,70,甘
640,6,食性,71,72,寒
640,7,禁忌,78,81,勿多食
640,8,病症,82,84,目赤
640,9,食材,312,314,小鱼
640,10,食材,315,321,无脊椎动物
640,11,食材,322,324,硅藻
640,12,烹饪方法,399,400,炖
640,13,烹饪方法,403,404,烧
640,14,食疗方,410,414,红烧鲇鱼
641,1,食材,5,7,蒲黄
641,2,食味,12,13,甘
641,3,食性,14,15,平
641,4,功效,19,24,治心腹蹇热
641,5,功效,25,28,利小便
641,6,功效,29,32,止血疾
641,7,病症,70,72,出血
641,8,食材,324,327,回回青
641,9,食味,93,94,甘
641,10,食性,57,58,寒
641,11,功效,101,105,解诸药毒
641,12,功效,107,112,欺热毒疮肿
641,13,古籍来源,228,239,本书卷三《菜品'蒲笄》
642,1,食材,1,3,黄精
642,2,食材,363,364,枣
642,3,食性,83,84,平
642,4,食味,580,581,甘
642,5,功效,235,237,宽中
642,6,功效,237,239,益气
642,7,功效,239,242,补五脏
642,8,功效,244,248,调良饥肉
642,9,功效,249,254,充实骨体
642,10,功效,256,260,坚强筋骨
642,11,功效,261,265,延年不老
642,12,功效,266,270,颜色鲜朋
642,13,功效,271,275,发白再黑
642,14,功效,277,281,齿落更生
642,15,病症,346,348,衰老
642,16,病症,351,353,头白
642,17,病症,353,355,齿落
642,18,病症,622,624,痞满
642,19,病症,624,626,气塞
642,20,古籍来源,283,286,神枕法
643,1,食材,0,2,羊肾
643,2,功效,6,9,补肾虚
643,3,功效,11,14,益精髓
643,4,食材,16,18,羊骨
643,5,食性,22,23,热
643,6,功效,24,27,治虚劳
643,7,病症,385,387,寒中
643,8,病症,32,34,羸瘦
643,9,食材,36,38,羊髓
643,10,食味,42,43,甘
643,11,食性,44,45,温
643,12,功效,46,52,击治男女伤中
643,13,病症,53,57,阴气不足
643,14,功效,58,62,利血脉
643,15,功效,63,66,益经气
643,16,食材,68,70,羊脑
643,17,禁忌,74,78,不可多食
643,18,食材,80,82,羊酪
643,19,功效,86,89,治消渴
643,20,功效,90,93,补盛乏
643,21,病症,458,462,肠鸣泄溽
644,1,古籍来源,9,12,《礼》
644,2,古籍来源,21,24,《诗》
644,3,古籍来源,182,186,《周札》
644,4,古籍来源,186,190,《礼记》
644,5,古籍来源,190,194,《仪礼》
644,6,古籍来源,262,269,《小雅:楚莰》
644,7,古籍来源,284,291,《鲁颂.困宫》
644,8,古籍来源,306,313,《小雅.瓠叶》
644,9,古籍来源,378,383,《神仙传》
644,10,古籍来源,438,444,《遵生八膪》
644,11,古籍来源,446,452,《饮馔服食》
644,12,古籍来源,480,486,《山家清供》
644,13,医家,337,339,苏轼
644,14,医家,376,378,葛洪
644,15,医家,398,400,焦先
644,16,医家,435,437,高濂
644,17,医家,497,500,苏易简
644,18,烹饪方法,3,5,调和
644,19,烹饪方法,17,18,燔
644,20,烹饪方法,18,19,炮
644,21,烹饪方法,38,39,煮
644,22,烹饪方法,72,73,炙
644,23,烹饪方法,349,352,慢着火
644,24,烹饪方法,353,356,少着水
644,25,烹饪方法,415,417,熟煮
644,26,病症,132,135,翕翕热
644,27,病症,144,147,肝肺热
644,28,养生原则,59,61,尊生
644,29,养生原则,463,465,遵生
644,30,养生原则,67,69,悦口
644,31,养生原则,528,532,适口者珍
645,1,食材,364,366,粗茶
645,2,食材,512,514,熊掌
645,3,食材,532,534,羊胃
645,4,食材,593,594,肉
645,5,食性,51,52,热
645,6,食味,657,659,可口
645,7,脏腑,323,324,心
645,8,食疗方,140,143,消寒会
645,9,烹饪方法,544,545,煮
645,10,烹饪方法,44,45,烂
645,11,烹饪方法,663,664,烫
645,12,烹饪方法,554,556,调和
645,13,养生原则,159,160,早
645,14,养生原则,81,82,少
645,15,养生原则,163,164,烂
645,16,养生原则,165,166,热
645,17,养生原则,71,72,洁
645,18,医家,3,6,郎仁宝
645,19,医家,121,124,韩桂令
645,20,医家,127,130,石琢堂
645,21,医家,133,136,朱兰坡
645,22,医家,394,397,司马光
645,23,医家,412,414,何曾
645,24,医家,584,587,苏东坡
645,25,古籍来源,561,563,周礼
645,26,古籍来源,570,572,诗经
646,1,食材,54,55,鲟
646,2,食材,61,62,蟹
646,3,食材,101,103,蝤蛑
646,4,食材,108,111,蝤蠓
646,5,食材,153,155,蛸蛑
646,6,食材,443,445,蛇血
646,7,食材,452,456,梅蜇蛇血
646,8,食材,578,580,鸟贼
646,9,食材,584,586,墨鱼
646,10,食性,76,78,甘平
646,11,食性,340,341,寒
646,12,食味,329,330,差
646,13,古籍来源,216,223,吕亢《蟹图记》
646,14,古籍来源,546,550,《食单》
647,1,食材,34,37,腐儒餐
647,2,食材,40,42,方丈
647,3,食材,50,52,五簋
647,4,食材,60,62,万钱
647,5,食材,79,83,真率宾朋
647,6,食材,90,92,吴侬
647,7,食材,99,101,物命
647,8,食材,131,133,熊蹯
647,9,食材,141,143,羊胃
647,10,烹饪方法,21,22,食
647,11,烹饪方法,0,1,饮
647,12,烹饪方法,124,126,软饱
647,13,古籍来源,192,196,杜甫诗句
647,14,古籍来源,221,226,孟子.尽心
647,15,古籍来源,265,269,宋司马光
647,16,古籍来源,364,370,宋书.陶潜传
647,17,古籍来源,442,446,庚溪诗话
647,18,古籍来源,583,588,左传文元年
647,19,古籍来源,647,654,后汊书:刘玄传
648,1,食材,10,12,海参
648,2,食材,13,15,鱼翅
648,3,食材,181,183,鸡汤
648,4,食材,185,188,萝卜丝
648,5,食材,289,291,肉刺
648,6,烹饪方法,37,38,煨
648,7,烹饪方法,183,185,搀和
648,8,古籍来源,3,9,《随园食单》
649,1,食材,112,114,牛肉
649,2,食材,115,117,犬肉
649,3,食材,158,160,水鸡
649,4,食材,163,165,石鳞
649,5,食材,168,170,骨拣
649,6,食材,174,176,鸟皮
649,7,食材,197,199,脚鱼
649,8,食材,211,213,山莱
649,9,食材,215,217,白鳝
649,10,食材,218,220,黄鳝
649,11,食材,231,233,鳇鱼
649,12,古籍来源,5,11,《随园食单》
650,1,食材,5,7,鲥鱼
650,2,食材,70,72,名酒
650,3,食材,101,103,牡丹
650,4,食材,149,151,荔枝
650,5,食材,152,154,荷花
650,6,食材,155,156,蟹
650,7,食材,161,162,蛎
650,8,食材,163,165,梅花
650,9,食材,212,214,带鱼
650,10,食材,330,332,白糟
650,11,食材,332,334,猪油
650,12,食材,361,363,`鱼
650,13,食材,469,472,河豚白
650,14,食材,522,525,稣残鱼
650,15,食材,652,655,龙头鲥
650,16,食材,657,658,鲎
650,17,烹饪方法,96,98,清蒸
650,18,烹饪方法,270,272,烹调
650,19,烹饪方法,645,647,晒干
650,20,古籍来源,594,596,方言
650,21,古籍来源,629,632,正字通
651,1,食材,21,23,鹿尾
651,2,古籍来源,5,11,《随园食单》
652,1,食材,5,8,瓢儿莱
652,2,食材,22,24,白莱
652,3,食材,56,58,莱心
652,4,食材,100,102,白莱
652,5,烹饪方法,54,56,干炒
652,6,烹饪方法,93,94,煨
652,7,烹饪方法,99,100,煨
652,8,病症,79,81,消寒
652,9,医家,88,91,黄俊民
652,10,古籍来源,46,51,随园食单
654,1,食材,8,10,核桃
654,2,功效,10,15,补下焦之火
654,3,功效,19,24,扶上焦之脾
654,4,功效,200,204,益气健脾
654,5,病症,29,30,膑
654,6,脏腑,260,262,下焦
654,7,脏腑,263,265,上焦
654,8,医家,39,42,曾宾谷
654,9,古籍来源,224,226,西域
654,10,古籍来源,230,232,中土
656,1,食材,10,12,火腿
656,2,食材,48,50,风蹄
656,3,食材,59,61,谈腿
656,4,食材,134,136,狗腿
656,5,食材,268,272,花猪肉
656,6,食材,315,317,兰薰
656,7,食味,94,95,淡
656,8,功效,110,113,止血痢
656,9,功效,114,116,开胃
656,10,古籍来源,356,364,《本草纲目拾遗》
656,11,医家,69,72,陈达夫
656,12,医家,353,356,赵学敏
656,13,医家,254,257,吴巢松
657,1,食材,14,16,燕窝
657,2,食材,30,32,珍珠
657,3,食材,32,34,宝石
657,4,食材,134,136,肉丝
657,5,食材,213,215,鸡汤
657,6,食材,216,219,火腿汤
657,7,食材,220,224,蘑菇汤
657,8,食材,303,305,冬瓜
657,9,烹饪方法,226,227,瀹
657,10,古籍来源,55,59,《食单》
659,1,食材,181,184,新粳米
659,2,食材,196,199,枯松枝
659,3,食材,212,215,鲜白莱
659,4,食材,216,219,寒露蕈
661,1,食材,59,60,茶
661,2,古籍来源,87,89,日铸
661,3,古籍来源,105,107,顾诸
665,1,食材,7,8,粳
665,2,食材,12,14,香蔬
665,3,食材,258,260,山药
665,4,食材,261,263,芋头
665,5,食材,265,268,胡萝卜
665,6,食味,35,36,甜
665,7,食味,157,158,酸
665,8,烹饪方法,5,7,软炊
665,9,烹饪方法,362,363,煨
665,10,烹饪方法,132,133,煮
665,11,烹饪方法,11,12,冼
665,12,古籍来源,46,68,光宗绍'二年辛亥(公元1191年)早春所作
665,13,医家,69,71,陆游
670,1,食材,10,12,长鱼
670,2,食材,12,14,大肉
670,3,食材,20,22,冻齑
670,4,食材,31,33,狐泉
670,5,食材,33,35,槐叶
670,6,食材,129,131,咸齑
670,7,食味,157,158,咸
670,8,病症,292,294,消渴
670,9,病症,256,258,宿醉
670,10,病症,3,4,醒
670,11,医家,0,2,刘伶
670,12,医家,287,291,司马相如
670,13,医家,431,433,鲍照
670,14,医家,460,462,姚崇
670,15,医家,548,552,苏易简
670,16,古籍来源,52,55,冰壶传
670,17,古籍来源,463,466,冰壶诫
670,18,古籍来源,519,523,送辛祢
671,1,食材,39,41,大米
671,2,食材,51,54,豆腐干
671,3,食材,62,64,药苗
671,4,食材,65,67,野莱
671,5,食材,88,89,荠
671,6,食材,89,90,椿
671,7,食材,106,108,荞糁
671,8,食材,124,126,莼羹
671,9,食材,127,128,豉
671,10,食材,133,135,牛乳
671,11,食材,57,58,酥
671,12,食材,194,196,荞粜
672,1,食材,105,107,蚕蛹
672,2,食材,381,383,麦仁
672,3,烹饪方法,379,380,煮
672,4,烹饪方法,489,491,烹调
673,1,食材,140,142,山药
673,2,烹饪方法,277,279,煮烂
673,3,病症,320,322,消瘦
674,1,食材,59,60,茶
674,2,古籍来源,87,89,日铸
674,3,古籍来源,105,107,顾诸
677,1,食材,41,43,晚崧
677,2,食材,52,54,芜菁
677,3,食材,0,1,蔬
677,4,食材,97,99,麦饭
677,5,食材,107,109,青蔬
677,6,食材,130,131,葱
677,7,食材,306,309,大官葱
678,1,食材,36,38,竹蛎
678,2,食材,88,91,蛎黄酱
678,3,食材,132,133,蚶
678,4,食材,50,51,蛎
678,5,食材,348,349,脍
678,6,食材,362,364,鱼唇
678,7,食性,219,220,甘
678,8,食性,221,222,平
678,9,功效,223,226,补五脏
678,10,功效,227,229,调中
678,11,功效,230,233,解丹毒
678,12,功效,234,238,折酲止渴
678,13,功效,240,242,活血
678,14,功效,245,247,充饥
678,15,烹饪方法,131,132,炙
678,16,烹饪方法,294,295,煨
678,17,烹饪方法,346,347,煎
678,18,古籍来源,0,6,《雨航杂录》
678,19,古籍来源,39,43,《文选》
678,20,古籍来源,121,127,《齐民要术》
678,21,古籍来源,213,216,《谱》
678,22,古籍来源,314,318,《本草》
678,23,医家,318,321,李时珍
679,1,食材,5,6,醋
679,2,食材,7,9,芡粉
679,3,食材,21,22,鸡
679,4,食材,55,57,黄芪
679,5,食材,124,125,葱
679,6,食材,129,131,茴香
679,7,食材,35,36,酒
679,8,食材,52,53,油
679,9,食材,231,232,盐
679,10,食材,235,237,料皮
679,11,食材,247,249,花椒
679,12,食材,387,389,井水
679,13,食材,285,286,鸭
679,14,食材,289,291,肚肺
679,15,食材,294,296,猪头
679,16,食材,309,311,猪蹄
679,17,烹饪方法,48,49,炒
679,18,烹饪方法,57,58,蒸
679,19,烹饪方法,166,167,煨
679,20,烹饪方法,327,328,煮
679,21,烹饪方法,260,261,烧
679,22,烹饪方法,98,99,封
679,23,烹饪方法,324,325,压
679,24,烹饪方法,208,209,拌
679,25,烹饪方法,194,195,拆
679,26,烹饪方法,201,202,片
679,27,烹饪方法,357,358,撇
679,28,烹饪方法,316,317,装
679,29,食疗方,430,434,黄芪蒸鸡
679,30,食疗方,112,114,卤鸡
679,31,病症,108,110,弱症
679,32,古籍来源,213,217,古今秘苑
679,33,古籍来源,424,427,全篥本
679,34,古籍来源,226,228,半斤
680,1,食材,8,10,鹑葵
680,2,食材,54,57,筋头春
680,3,食材,72,76,香翠鹑粱
680,4,食材,124,129,鹚鹑饰础儿
680,5,食材,147,149,黄雀
680,6,食材,186,189,鲈葚荚
680,7,食材,206,208,寒鲈
680,8,食材,227,228,鹅
680,9,食材,60,61,鹑
680,10,食材,306,308,整鹅
680,11,食材,338,339,蜜
680,12,食材,30,31,酒
680,13,食材,353,354,稻
680,14,食材,483,484,鸭
680,15,食材,421,423,茅柴
680,16,食性,229,230,甘
680,17,食性,231,232,平
680,18,食性,234,235,热
680,19,食味,246,247,甘
680,20,功效,237,242,疗阴暨诸疮
680,21,功效,251,253,和胃
680,22,功效,254,257,消结热
680,23,功效,258,260,利水
680,24,功效,261,263,化湿
680,25,功效,266,269,止疳痢
680,26,功效,270,273,除膨胀
680,27,功效,274,277,愈久泻
680,28,功效,302,303,祛
680,29,烹饪方法,32,33,酿
680,30,烹饪方法,33,34,蒸
680,31,烹饪方法,34,35,煮
680,32,烹饪方法,58,59,炙
680,33,烹饪方法,320,321,擦
680,34,烹饪方法,325,326,塞
680,35,烹饪方法,331,332,填
680,36,烹饪方法,343,345,满涤
680,37,烹饪方法,50,51,烧
680,38,烹饪方法,406,408,翻身
680,39,烹饪方法,414,415,封
680,40,烹饪方法,449,451,糊封
680,41,烹饪方法,462,463,起
680,42,烹饪方法,300,301,制
680,43,烹饪方法,441,442,挑
680,44,古籍来源,39,44,《淆异录》
680,45,古籍来源,115,121,《武林旧亭》
680,46,古籍来源,133,137,《本草》
680,47,古籍来源,191,196,《清异录》
680,48,古籍来源,221,224,《谱》
680,49,古籍来源,292,298,《倪云林巢》
680,50,古籍来源,521,526,《云杯窠》
680,51,医家,137,140,李时珍
680,52,医家,199,201,吴淑
681,1,食材,8,9,蟹
681,2,食材,11,13,鲟鲱
681,3,食材,32,34,班鱼
681,4,食材,51,52,芡
681,5,食材,53,55,干者
681,6,食材,62,64,白莱
681,7,食材,80,81,黄
681,8,食材,87,88,螯
681,9,食材,111,112,鳘
681,10,食材,116,117,肉
681,11,食材,83,84,黄
681,12,食材,105,106,壳
681,13,食材,150,152,爪脚
681,14,食材,169,172,南瓜肉
681,15,食材,224,226,蛤蜊
681,16,食材,233,235,韭莱
681,17,食材,228,230,蛤蜊
681,18,食材,113,114,壳
681,19,食材,267,268,汤
681,20,食材,278,281,壳中水
681,21,食材,204,205,肉
681,22,食材,241,243,蛤蜊
681,23,食材,312,314,白壳
681,24,食材,314,316,紫唇
681,25,食材,230,231,肉
681,26,食材,331,333,海错
681,27,食材,334,336,酱醯
681,28,食材,358,360,龟壳
681,29,食材,362,364,蛤梨
681,30,食材,379,381,合梨
681,31,食材,411,413,海蚌
681,32,食材,432,434,蚬蛤
681,33,食材,493,494,蚬
681,34,食材,309,310,蛤
681,35,食材,504,505,蚬
681,36,食材,394,395,蛤
681,37,食材,455,457,海错
681,38,烹饪方法,26,27,炒
681,39,烹饪方法,52,53,烩
681,40,烹饪方法,64,65,炒
681,41,烹饪方法,106,107,蒸
681,42,烹饪方法,172,173,拌
681,43,烹饪方法,154,155,炒
681,44,烹饪方法,270,271,剖
681,45,古籍来源,0,6,《事物绀珠》
681,46,古籍来源,299,303,《本草》
681,47,古籍来源,338,343,《正字通》
681,48,古籍来源,487,492,《淮南子》
681,49,古籍来源,417,424,《续见阐近录》
681,50,古籍来源,467,472,《清异录》
682,1,食材,22,24,山楂
682,2,食材,36,38,松仁
682,3,食材,40,42,白糖
682,4,食材,299,301,糖蜜
682,5,食材,305,307,楂糕
682,6,食材,399,401,鸦梨
682,7,食材,390,391,梨
682,8,食味,45,46,酸
682,9,食味,47,48,甘
682,10,食性,324,325,温
682,11,功效,330,333,消肉食
682,12,功效,334,337,破瘀血
682,13,功效,339,341,散结
682,14,功效,342,344,消胀
682,15,功效,345,347,解酒
682,16,功效,347,349,化痰
682,17,功效,350,353,除疳积
682,18,功效,354,357,己泻痢
682,19,禁忌,358,362,多食耗气
682,20,禁忌,363,365,损齿
682,21,禁忌,367,369,易饥
682,22,病症,0,1,胀
682,23,病症,2,4,溺赤
682,24,病症,5,7,便秘
682,25,病症,8,12,食不运化
682,26,烹饪方法,29,30,捣
682,27,烹饪方法,42,43,蒸
682,28,烹饪方法,401,403,切丝
682,29,古籍来源,58,62,《本草》
682,30,古籍来源,69,74,《唐本草》
682,31,古籍来源,82,87,《宋图经》
682,32,古籍来源,97,103,《丹溪补遗》
682,33,古籍来源,175,180,《虞衡志》
682,34,古籍来源,192,198,《百-选方》
682,35,古籍来源,314,317,《谱》
682,36,医家,62,65,李时珍
682,37,医家,173,175,范太
682,38,医家,190,192,王珞
683,1,食材,28,29,梨
683,2,食材,72,73,杜
683,3,食材,84,86,棠梨
683,4,食材,128,130,雪梨
683,5,食材,134,136,绵梨
683,6,食材,141,144,香水梨
683,7,食材,156,159,御儿梨
683,8,食材,161,164,玉乳梨
683,9,食材,200,202,青皮
683,10,食材,203,205,早毅
683,11,食材,206,208,半斤
683,12,食材,209,211,沙糜
683,13,食材,236,238,醋梨
683,14,病症,394,395,烦
683,15,病症,397,398,惕
683,16,古籍来源,327,331,《史记》
683,17,古籍来源,403,408,《三秦记》
683,18,医家,42,45,贯思勰
683,19,医家,364,366,魏文
683,20,医家,401,403,辛氏
684,1,食材,5,6,鳗
684,2,食材,8,10,鳙鱼
684,3,食材,45,48,砹硪衲
684,4,食材,50,53,抓抓儿
684,5,食材,54,57,丝荞荞
684,6,食材,58,61,板荞苯
684,7,食材,62,65,猪殃硖
684,8,食材,66,70,油灼灼
684,9,食材,71,74,看麦娘
684,10,食材,75,80,燕子不来香
684,11,食材,81,84,灯嫩儿
684,12,食材,85,88,天藕儿
684,13,食材,89,92,狗脚迹
684,14,食材,93,97,猫耳朵
684,15,食材,98,101,雁肠子
684,16,食材,102,107,老鹳筋
684,17,食材,0,1,莱
684,18,食材,275,277,羊肉
684,19,食材,281,283,鱼片
684,20,食材,298,300,野鸡
684,21,食材,387,389,芥心
684,22,食材,410,412,芥头
684,23,食材,413,415,芥根
684,24,烹饪方法,4,5,煮
684,25,烹饪方法,274,275,炒
684,26,烹饪方法,285,288,作汤
684,27,烹饪方法,390,392,风干
684,28,烹饪方法,392,394,斩碎
684,29,烹饪方法,395,397,腌熟
684,30,烹饪方法,415,417,切片
684,31,烹饪方法,482,484,蒸熬
684,32,古籍来源,14,21,滑浩《野莱谱》
684,33,古籍来源,112,115,《谱》
684,34,古籍来源,446,451,《群芳谱》
685,1,食材,6,8,核桃
685,2,食材,9,11,杏仁
685,3,食材,15,17,榛子
685,4,食材,0,1,酱
685,5,食性,366,367,甘
685,6,食性,368,369,平
685,7,功效,370,372,补气
685,8,功效,372,374,开胃
685,9,功效,375,377,耐饥
685,10,功效,377,379,长力
685,11,功效,380,382,厚肠
685,12,病症,383,385,虚人
685,13,烹饪方法,1,2,炒
685,14,烹饪方法,25,26,炮
685,15,禁忌,32,36,不可太焦
685,16,禁忌,152,158,久留亦易油坏
685,17,古籍来源,50,56,陆玑《诗疏》
685,18,古籍来源,162,166,《本草》
685,19,古籍来源,327,330,《志》
685,20,古籍来源,359,362,《谮》
685,21,古籍来源,448,452,《汇苑》
686,1,食材,0,4,麝香珠子
686,2,食材,139,141,百合
686,3,食材,352,354,藕粉
686,4,食材,355,357,白莲
686,5,食材,378,380,糯粉
686,6,食材,416,419,芝麻屑
686,7,食材,419,420,糖
686,8,食材,387,389,肉圆
686,9,食味,210,211,甘
686,10,食性,212,213,平
686,11,功效,214,216,润肺
686,12,功效,217,219,补胃
686,13,功效,220,222,清心
686,14,功效,223,227,定魄息惊
686,15,功效,228,230,泽肤
686,16,功效,231,233,通乳
686,17,功效,234,236,祛风
686,18,功效,236,238,涤热
686,19,功效,240,242,化湿
686,20,功效,242,244,散痈
686,21,功效,253,256,杀盅毒
686,22,功效,262,265,辟诸邪
686,23,功效,266,269,利二便
686,24,功效,271,275,下平脚气
686,25,功效,276,280,上理咽喉
686,26,功效,333,336,补虚嬴
686,27,病症,246,248,急黄
686,28,病症,250,252,虚嗷
686,29,病症,313,318,虚火劳嗷
686,30,烹饪方法,106,107,蒸
686,31,烹饪方法,107,108,煮
686,32,烹饪方法,325,326,煨
686,33,烹饪方法,410,411,捣
686,34,烹饪方法,386,387,拌
686,35,食疗方,404,406,麻团
686,36,古籍来源,9,13,本草别录
686,37,古籍来源,205,206,谮
686,38,古籍来源,438,442,辜物绀珠
686,39,医家,33,37,陶弘景
686,40,医家,51,53,吴普
686,41,医家,131,135,李时珍
686,42,医家,448,450,公刘
687,1,食材,78,80,松子
687,2,食味,80,81,甘
687,3,食性,82,83,平
687,4,功效,84,86,润燥
687,5,功效,86,88,补气
687,6,功效,89,91,充饥
687,7,功效,91,93,养液
687,8,功效,94,96,息风
687,9,功效,96,98,耐饥
687,10,功效,100,102,温胃
687,11,功效,102,104,通肠
687,12,功效,105,107,辟浊
687,13,功效,107,109,下气
687,14,功效,110,112,香身
687,15,食材,141,143,榧子
687,16,食味,143,144,甘
687,17,食性,145,146,温
687,18,功效,147,149,润肺
687,19,功效,151,153,止嗽
687,20,功效,155,157,化痰
687,21,功效,158,160,开胃
687,22,功效,161,163,杀虫
687,23,功效,165,167,滑肠
687,24,功效,167,169,消谷
687,25,食材,201,203,榛子
687,26,食味,203,204,甘
687,27,食性,205,206,平
687,28,功效,207,209,补气
687,29,功效,210,212,开胃
687,30,功效,214,216,耐饥
687,31,功效,217,219,长力
687,32,功效,220,222,厚肠
687,33,食材,258,260,桔饼
687,34,食材,261,262,桔
687,35,食材,276,278,冰糖
687,36,古籍来源,293,297,《说文》
687,37,古籍来源,306,310,《玉篇》
687,38,古籍来源,333,340,《南方革木状》
687,39,古籍来源,384,390,《异物志》
687,40,古籍来源,424,429,《元和志》
687,41,古籍来源,452,458,《事类合璧》
687,42,古籍来源,530,534,《桔谱》
688,1,食材,17,19,橙子
688,2,食材,114,118,洁白洋糖
688,3,食材,175,177,金桔
688,4,食材,188,190,冰糖
688,5,食材,259,263,给客橙
688,6,食材,266,268,卢桔
688,7,食材,314,317,山桔子
688,8,食材,380,382,金柑
688,9,食材,439,442,山金柑
688,10,食材,446,449,山金桔
688,11,食材,452,454,金豆
688,12,食材,416,418,绿豆
688,13,烹饪方法,39,40,浸
688,14,烹饪方法,61,62,挤
688,15,烹饪方法,94,95,煮
688,16,烹饪方法,112,113,拌
688,17,烹饪方法,143,144,晒
688,18,烹饪方法,151,152,焐
688,19,烹饪方法,182,184,打扁
688,20,烹饪方法,190,191,熬
688,21,烹饪方法,229,230,腌
688,22,烹饪方法,474,476,蜜渍
688,23,食性,24,25,硬
688,24,食性,42,43,酸
688,25,食性,43,44,涩
688,26,食性,57,58,软
688,27,食性,191,192,熟
688,28,食性,434,435,凉
688,29,食味,210,211,酸
688,30,食味,206,207,甜
688,31,功效,351,353,破气
688,32,功效,222,224,淞脾
688,33,古籍来源,0,5,《同寿录》
688,34,古籍来源,236,241,《花木志》
688,35,古籍来源,306,312,《岭表录昃》
688,36,古籍来源,374,378,《桔谱》
688,37,古籍来源,486,490,《本草》
689,1,食材,6,7,桃
689,2,食材,22,23,梅
689,3,食材,25,27,卵盐
689,4,食材,418,420,桃脯
689,5,食材,420,422,杏脯
689,6,食材,478,480,金杏
689,7,食材,536,538,木杏
689,8,食材,548,550,杏仁
689,9,食性,282,283,温
689,10,食味,278,279,甘
689,11,食味,280,281,酸
689,12,功效,289,291,补心
689,13,功效,291,293,活血
689,14,功效,294,296,解渴
689,15,功效,296,298,充饥
689,16,功效,384,386,生津
689,17,功效,386,388,涤热
689,18,病症,315,317,痈疮
689,19,病症,318,319,疟
689,20,病症,320,321,痢
689,21,病症,322,323,虫
689,22,病症,324,325,疳
689,23,病症,340,344,食桃不消
689,24,烹饪方法,208,209,瀹
689,25,烹饪方法,210,211,曝
689,26,烹饪方法,433,434,腌
689,27,烹饪方法,524,525,熬
689,28,烹饪方法,574,575,晒
689,29,禁忌,310,314,多食生热
689,30,古籍来源,70,74,《周礼》
689,31,古籍来源,94,98,《本草》
689,32,古籍来源,258,263,《玉篇》
689,33,古籍来源,272,275,《谮》
689,34,医家,29,31,王肃
689,35,医家,81,82,郑
689,36,医家,98,101,李时珍
689,37,医家,467,469,苏颂
689,38,医家,564,567,寇宗免
690,1,食材,10,13,钉头螺
690,2,食材,375,377,蟛蜞
690,3,食材,401,403,蟛蜞
690,4,食材,551,553,蟛蜞
690,5,食性,88,89,咸
690,6,食性,90,91,凉
690,7,功效,92,94,舒郁
690,8,功效,95,98,散结热
690,9,功效,99,102,消瘰疬
690,10,烹饪方法,181,182,炒
690,11,烹饪方法,228,229,腌
690,12,烹饪方法,236,238,酒醉
690,13,古籍来源,16,20,食物本草
690,14,古籍来源,83,84,谱
690,15,古籍来源,265,267,尔雅
690,16,古籍来源,301,304,古今注
690,17,古籍来源,326,330,容斋四笔
690,18,古籍来源,391,394,北户录
691,1,食味,30,31,甘
691,2,食味,32,33,辛
691,3,食性,1,2,温
691,4,功效,36,40,醒脾消食
691,5,功效,42,45,调脏腑
691,6,功效,46,49,除冷气
691,7,功效,50,55,杀鱼腥毒
691,8,食材,57,58,杭
691,9,食材,59,63,绍白糯米
691,10,食材,76,77,盐
691,11,禁忌,91,95,发风动疾
691,12,禁忌,96,98,痧痘
691,13,禁忌,99,101,产后
691,14,禁忌,102,104,咽喉
691,15,禁忌,105,108,目疾
691,16,禁忌,110,112,血症
691,17,禁忌,113,115,疮疟
691,18,食材,121,122,糖
691,19,食材,184,186,冰糖
691,20,食材,192,194,鲥鱼
691,21,食材,221,222,燕
691,22,食材,223,224,蕉
691,23,食材,237,239,芋蔗
691,24,食材,241,243,干蔗
691,25,食材,250,252,甘蔗
691,26,食材,254,256,都蔗
691,27,食材,309,311,甘蔗
691,28,食材,362,363,橙
691,29,食材,367,369,饴饧
691,30,食材,126,127,糖
691,31,食材,419,421,石蜜
691,32,食材,519,521,沙饴
691,33,食材,527,529,沙糖
691,34,食材,448,450,石蜜
691,35,食材,470,472,甘柘
691,36,古籍来源,206,212,《齐民要术》
691,37,古籍来源,213,217,《说穴》
691,38,古籍来源,228,232,《书浅》
691,39,古籍来源,427,431,《集韵》
691,40,古籍来源,441,446,《屏物志》
691,41,古籍来源,504,509,《演綮客》
691,42,古籍来源,513,517,《七辨》
691,43,古籍来源,534,539,《西域志》
691,44,古籍来源,582,587,《糖霜谮》
692,1,食材,12,14,猪皮
692,2,食材,47,50,干肉皮
692,3,食材,79,81,盐花
692,4,食材,82,84,麻油
692,5,食材,85,87,芝麻
692,6,食材,103,105,猪肤
692,7,食材,132,134,猪肉
692,8,食材,141,143,干莱
692,9,食材,177,179,冬笋
692,10,食材,196,198,芊艿
692,11,食材,200,202,面筋
692,12,食材,203,205,鸡旦
692,13,食材,206,208,千层
692,14,食材,231,233,大蒜
692,15,食材,268,270,萝卜
692,16,食材,33,34,肉
692,17,食材,247,249,笋干
692,18,食材,250,253,新蒜头
692,19,食材,298,300,网油
692,20,食材,335,337,精肉
692,21,食味,106,107,甘
692,22,食性,73,74,凉
692,23,功效,111,114,清虚热
692,24,功效,115,118,治下痢
692,25,病症,120,122,心烦
692,26,病症,123,125,咽痛
692,27,烹饪方法,18,19,熬
692,28,烹饪方法,21,22,滤
692,29,烹饪方法,29,30,切
692,30,烹饪方法,50,51,煮
692,31,烹饪方法,52,53,刮
692,32,烹饪方法,56,57,铯
692,33,烹饪方法,61,63,暴燥
692,34,烹饪方法,76,77,侵
692,35,烹饪方法,87,88,拌
692,36,烹饪方法,143,144,煨
692,37,烹饪方法,339,340,炒
692,38,烹饪方法,293,294,斩
692,39,烹饪方法,300,301,灼
692,40,烹饪方法,253,254,加
692,41,烹饪方法,310,311,喷
692,42,烹饪方法,312,313,起
692,43,食疗方,8,11,水晶脍
692,44,食疗方,38,40,肉鲱
692,45,食疗方,236,239,樱桃肉
692,46,食疗方,287,290,梅子肉
692,47,食疗方,320,322,肉松
692,48,古籍来源,0,6,《事物绀珠》
692,49,古籍来源,97,100,《谱》
693,1,食材,82,84,辣茄
693,2,食材,210,211,燕
693,3,食材,252,255,煎茱萸
693,4,食材,266,268,椒榇
693,5,食材,271,272,莱
693,6,食材,328,330,榄子
693,7,食材,312,314,越椒
693,8,食材,334,337,食茱萸
693,9,食材,355,356,蔽
693,10,食材,434,436,甘蜜
693,11,食材,466,468,艾子
693,12,食材,473,475,辣子
693,13,食材,517,519,艾油
693,14,食材,523,526,辣米油
693,15,食材,552,554,番椒
693,16,食材,555,557,大敬
693,17,食材,562,563,薮
693,18,食材,282,284,茱萸
693,19,食材,592,595,山茱萸
693,20,食材,342,345,吴茱萸
693,21,食材,624,625,榇
693,22,食材,293,294,莱
693,23,食材,307,308,榄
693,24,食材,390,391,樗
693,25,食味,53,54,辛
693,26,食味,56,57,甘
693,27,食味,87,88,辣
693,28,食味,495,496,苦
693,29,病症,11,13,霍乱
693,30,病症,14,16,转筋
693,31,病症,20,22,脚气
693,32,功效,0,4,安胎止痛
693,33,功效,5,9,通乳和营
693,34,功效,28,31,杀诸虫
693,35,功效,32,35,理跌朴
693,36,功效,40,42,制鱼
693,37,功效,43,46,肉诸毒
693,38,功效,47,51,四季不凋
693,39,禁忌,70,74,不可单食
693,40,禁忌,76,80,忌同蜜食
693,41,烹饪方法,97,99,油炸
693,42,烹饪方法,106,107,熨
693,43,烹饪方法,133,134,灼
693,44,烹饪方法,140,141,研
693,45,烹饪方法,23,24,调
693,46,烹饪方法,501,502,采
693,47,烹饪方法,502,503,捣
693,48,烹饪方法,503,504,滤
693,49,烹饪方法,512,513,搅
693,50,古籍来源,233,237,《内则》
693,51,古籍来源,259,263,《尔雅》
693,52,古籍来源,301,305,《博雅》
693,53,古籍来源,321,325,《通志》
693,54,古籍来源,345,349,《礼记》
693,55,古籍来源,366,370,《本草》
693,56,古籍来源,421,428,《吴越春秋》
693,57,医家,370,373,陈蔽器
693,58,医家,456,459,李时珍
693,59,医家,276,278,李巡
693,60,医家,299,301,曹宪
693,61,医家,246,247,郑
694,1,食材,8,11,武夷茶
694,2,食材,27,32,北苑之龙团
694,3,食性,302,303,寒
694,4,食性,308,309,温
694,5,古籍来源,0,6,《武夷杂记》
694,6,古籍来源,36,40,《茶疏》
694,7,古籍来源,51,55,《茶考》
694,8,古籍来源,266,272,《武夷山志》
694,9,医家,15,18,蔡君谟
694,10,医家,72,74,高兴
694,11,病症,177,179,浑涸
694,12,烹饪方法,99,100,焙
694,13,烹饪方法,105,106,燕
694,14,烹饪方法,541,542,烹
694,15,食疗方,389,391,头春
694,16,食疗方,188,190,探春
694,17,食疗方,191,193,次春
694,18,食疗方,198,200,旗枪
694,19,食疗方,201,204,石乳
694,20,食疗方,314,316,岩茶
694,21,食疗方,318,320,洲茶
694,22,食疗方,343,345,山北
694,23,食疗方,347,349,山南
694,24,食疗方,368,370,外山
694,25,食疗方,521,523,小种
694,26,食疗方,525,527,花香
694,27,食疗方,529,531,清香
694,28,食疗方,532,534,工夫
694,29,食疗方,535,537,松萝
695,1,食材,83,85,佳莱
695,2,食材,546,547,菜
695,3,食味,21,22,美
695,4,食味,22,23,恶
695,5,古籍来源,34,36,伊尹
695,6,古籍来源,252,254,随园
696,1,古籍来源,0,4,《药鉴》
696,2,古籍来源,94,102,《本草纲目拾遗》
696,3,古籍来源,460,465,《闽小纪》
696,4,食材,24,26,辽参
696,5,食材,34,36,广参
696,6,食材,60,63,肥皂参
696,7,食材,64,66,光参
696,8,食材,83,86,瓜皮参
696,9,食材,113,115,海参
696,10,医家,284,287,陈良翰
696,11,医家,107,110,韩子雅
697,1,食材,1,3,牛乳
697,2,食材,6,8,鸡蛋
697,3,食材,10,12,蜜酒
697,4,食材,105,106,酥
697,5,食材,289,291,醍醐
697,6,食材,399,401,乳饼
697,7,食材,475,477,乳团
697,8,食材,538,540,乳线
697,9,古籍来源,172,177,臃仙神隐书
697,10,古籍来源,264,266,本草
697,11,医家,267,270,李时珍
697,12,医家,297,299,苏恭
697,13,医家,343,346,雷教
697,14,医家,366,369,陈藏器
697,15,烹饪方法,67,68,炒
697,16,烹饪方法,74,75,熬
697,17,烹饪方法,188,189,煎
697,18,烹饪方法,133,134,晒
697,19,烹饪方法,354,355,滤
697,20,烹饪方法,437,438,点
697,21,烹饪方法,462,463,压
697,22,烹饪方法,527,528,搦
697,23,烹饪方法,241,242,捣
697,24,烹饪方法,449,450,漉
697,25,功效,376,378,性滑
697,26,禁忌,379,383,盛物皆透
697,27,禁忌,384,397,惟鸡子壳及壶卢盛之乃不出也
698,1,食材,24,26,鸽子
698,2,食材,31,33,火腿
698,3,食性,409,410,甘
698,4,食性,411,412,平
698,5,功效,413,417,清热解毒
698,6,功效,419,421,愈疮
698,7,功效,423,425,止渴
698,8,功效,426,428,息风
698,9,病症,73,74,瘿
698,10,古籍来源,58,62,山堂肆考
698,11,古籍来源,149,151,本草
698,12,古籍来源,186,189,清异录
698,13,古籍来源,261,263,周礼
698,14,古籍来源,288,292,南唐近事
698,15,古籍来源,371,373,集韵
698,16,医家,0,1,犀
698,17,医家,193,196,王建封
698,18,医家,295,297,陈诲
698,19,医家,388,391,段成式
699,1,古籍来源,0,3,《谮》
699,2,古籍来源,381,388,《锑:里新闱》
699,3,食性,16,17,热
699,4,食味,19,20,甘
699,5,食味,21,22,苦
699,6,食味,23,24,辛
699,7,食味,24,25,酸
699,8,功效,50,52,壮胆
699,9,功效,53,55,辟謇
699,10,功效,56,58,和血
699,11,功效,58,60,养气
699,12,功效,66,69,行药势
699,13,功效,74,77,解鸟崽
699,14,禁忌,89,93,多饮必病
699,15,食材,188,189,酒
699,16,食材,413,416,绍兴酒
699,17,食材,312,315,郫筒酒
699,18,食材,406,409,郫箭酒
699,19,食味,247,248,甜
699,20,食味,249,250,涩
699,21,食味,271,275,咯似绍兴
699,22,食味,328,333,如梨让蔗遂
699,23,病症,138,139,坏
699,24,病症,141,142,浅
699,25,病症,144,147,生白沫
699,26,病症,149,154,绝无香气
699,27,病症,196,198,粘腻
699,28,病症,203,208,赤复不宜
700,1,食材,37,39,颗盐
700,2,食材,116,118,末盐
700,3,食材,91,93,苦盐
700,4,食材,138,140,形盐
700,5,食材,143,145,印盐
700,6,食材,197,200,青州盐
700,7,食材,224,227,岭南盐
700,8,食材,254,257,并州盐
700,9,食材,266,270,胡中盐
700,10,食材,390,393,陕西盐
700,11,食材,480,481,碱
700,12,食味,108,109,咸
700,13,食味,109,110,苦
700,14,食味,502,503,涩
700,15,古籍来源,15,23,《宋虫〈食货志》
700,16,古籍来源,40,44,《周官》
700,17,古籍来源,82,86,《周礼》
700,18,古籍来源,189,195,《群书考索》
700,19,烹饪方法,53,54,煮
700,20,烹饪方法,496,497,煎
700,21,烹饪方法,494,495,刮
700,22,烹饪方法,104,105,炼
701,1,食材,4,5,鳖
701,2,食材,23,25,甲鱼
701,3,食材,40,42,脂油
701,4,食材,75,76,蒜
701,5,食材,81,82,葱
701,6,食材,83,84,姜
701,7,食材,85,86,糖
701,8,食材,9,10,酒
701,9,食材,185,188,太茴查
701,10,食材,6,7,盐
701,11,食材,209,211,小豆
701,12,食材,225,227,笋尖
701,13,食材,234,235,椒
701,14,食材,294,296,鸡汤
701,15,食材,57,59,秋油
701,16,食材,88,89,鱼
701,17,烹饪方法,3,4,煮
701,18,烹饪方法,48,49,煎
701,19,烹饪方法,61,62,煨
701,20,烹饪方法,169,170,炮
701,21,烹饪方法,208,209,切
701,22,烹饪方法,284,286,白煮
701,23,烹饪方法,289,290,拆
701,24,烹饪方法,380,381,覆
701,25,食味,8,9,苦
702,1,食材,11,13,单螯
702,2,食材,17,18,蛎
702,3,食材,37,38,姜
702,4,食材,39,41,桔屑
702,5,食材,113,115,蛏干
702,6,食材,124,125,蛏
702,7,食材,167,169,鸡汤
702,8,食材,81,84,西施舌
702,9,食材,194,195,蚌
702,10,食材,352,354,马刀
702,11,食材,355,357,娥燧
702,12,食材,521,523,蛤鼠
702,13,食材,526,528,生蛙
702,14,食材,532,534,蛟始
702,15,食材,434,435,蛤
702,16,食性,261,262,寒
702,17,功效,265,267,消渴
702,18,烹饪方法,10,11,炙
702,19,烹饪方法,136,137,煮
702,20,烹饪方法,169,170,煨
702,21,古籍来源,1,7,《齐民要术》
702,22,古籍来源,75,80,《饮食谱》
702,23,古籍来源,184,189,《正字通》
702,24,古籍来源,238,244,《山堂肆考》
702,25,古籍来源,269,275,《艺苑卮言》
702,26,古籍来源,289,293,《本草》
702,27,医家,73,75,王氏
702,28,医家,293,296,陈藏器
702,29,医家,322,325,李时珍
702,30,医家,68,69,犀
703,1,食材,0,2,鲜蛏
703,2,食材,4,5,蛏
703,3,食材,8,9,蛑
703,4,食材,24,26,豆腐
703,5,食材,49,51,蛤蜊
703,6,食材,55,56,酒
703,7,食材,101,103,水鸡
703,8,食材,152,153,蛙
703,9,食材,155,157,虾蟆
703,10,食材,178,180,蝼虾
703,11,食材,183,185,田鸡
703,12,食材,194,196,土鸭
703,13,食材,217,219,蛤子
703,14,食材,257,259,坐鱼
703,15,食材,280,281,蛙
703,16,食材,389,390,蛤
703,17,食材,433,435,蛙豆
703,18,食材,383,385,虾蟆
703,19,烹饪方法,14,15,炒
703,20,烹饪方法,45,46,醉
703,21,烹饪方法,94,95,炝
703,22,烹饪方法,116,118,油灼
703,23,烹饪方法,134,137,拆肉炒
703,24,古籍来源,146,150,《本草》
703,25,古籍来源,270,275,《尔雅》
703,26,古籍来源,369,375,《岭表录异》
703,27,古籍来源,412,417,《清异录》
703,28,古籍来源,439,445,《南楚新闻》
703,29,医家,18,21,何春巢
703,30,医家,37,38,犀
703,31,医家,198,201,陶弘景
703,32,医家,227,230,李时珍
703,33,医家,352,353,郑
703,34,医家,393,395,韩愈
703,35,医家,420,423,韦巨源
703,36,养生原则,334,340,四月食之最美
705,1,食材,4,6,火腿
705,2,食材,26,28,鸡汤
705,3,食材,172,173,盐
705,4,食材,182,185,松烟
705,5,食材,293,295,豆渣
705,6,食材,296,298,糠屑
705,7,食材,314,316,瓜皮
705,8,食材,316,318,莱叶
705,9,食材,256,257,米
705,10,食味,92,93,甘
705,11,食味,386,387,咸
705,12,食性,388,389,温
705,13,功效,390,394,补脾开胃
705,14,功效,396,401,滋肾生津
705,15,功效,403,406,益气血
705,16,功效,409,412,充精髓
705,17,功效,413,418,治虚劳怔忡
705,18,功效,419,424,止虚痢泄泻
705,19,功效,425,429,健腰脚
705,20,功效,431,434,愈疮漏
705,21,烹饪方法,3,4,煨
705,22,烹饪方法,525,526,蒸
705,23,烹饪方法,526,527,闷
705,24,烹饪方法,255,256,捞
705,25,烹饪方法,265,266,煮
705,26,烹饪方法,152,153,腌
705,27,烹饪方法,154,155,晒
705,28,禁忌,563,569,否则非咸则鞭
705,29,养生原则,326,330,调其饥饱
705,30,养生原则,331,335,察其冷暖
705,31,养生原则,320,325,冬食必热食
705,32,古籍来源,128,134,《东阳县志》
705,33,古籍来源,236,244,《本草纲目拾遗》
705,34,古籍来源,371,374,《谱》
706,1,食材,13,15,表螵
706,2,食材,19,21,梅螺
706,3,食材,80,82,泥酆
706,4,食材,160,162,吐铁
706,5,食材,226,228,麦嫘
706,6,食材,216,220,桄花吐铁
706,7,食材,301,303,吐蚨
706,8,食材,328,330,海蜇
706,9,食材,333,335,海蛰
706,10,食材,391,395,鲱鱼
706,11,食性,237,238,咸
706,12,食性,239,240,寒
706,13,功效,241,243,补肾
706,14,功效,244,246,明目
706,15,功效,247,249,析酲
706,16,烹饪方法,189,190,腌
706,17,烹饪方法,192,194,糟浸
706,18,烹饪方法,286,288,醉食
706,19,烹饪方法,420,421,煮
706,20,烹饪方法,309,310,浸
706,21,烹饪方法,352,354,作丝
706,22,烹饪方法,359,360,拌
706,23,禁忌,43,47,令人头重
706,24,禁忌,303,305,易坏
706,25,古籍来源,67,73,《海味索隐》
706,26,古籍来源,101,106,《见咫编》
706,27,古籍来源,153,158,《海州志》
706,28,古籍来源,362,367,《博物志》
706,29,古籍来源,427,433,《岭表录异》
707,1,食味,45,46,苦
707,2,食味,48,49,甘
707,3,食性,50,51,凉
707,4,功效,52,55,清心神
707,5,功效,56,58,醒睡
707,6,功效,58,60,除烦
707,7,功效,61,64,凉肝胆
707,8,功效,66,68,涤热
707,9,功效,68,70,消痰
707,10,功效,71,74,肃肺胃
707,11,功效,75,77,明目
707,12,功效,77,79,解渴
707,13,病症,80,82,不渴
707,14,病症,133,135,停饮
707,15,食材,149,151,砖茶
707,16,食材,250,253,武夷茶
707,17,古籍来源,38,41,《谱》
708,1,食材,35,37,鲇鱼
708,2,食材,569,571,鳐鱼
708,3,食材,163,165,人鱼
708,4,古籍来源,0,5,《尔雅翼》
708,5,古籍来源,111,115,《本草》
708,6,古籍来源,387,391,《说文》
708,7,古籍来源,400,405,《山海经》
708,8,古籍来源,413,417,《玉篇》
708,9,古籍来源,448,453,《广韵》
708,10,古籍来源,463,467,《广雅》
708,11,医家,115,118,陶弘景
708,12,医家,175,177,保异
708,13,医家,223,225,时珍
709,1,食材,14,16,豆腐
709,2,食材,18,20,瓜茄
709,3,食材,64,65,鱼
709,4,食材,66,67,鹅
709,5,食材,68,69,鸭
709,6,食材,90,92,甲鱼
709,7,食材,110,112,鲥鱼
709,8,食材,132,134,腌蛋
709,9,食材,294,296,羊头
709,10,食材,382,384,跑羊
709,11,食材,447,449,鹅掌
709,12,食材,518,521,羊头肉
709,13,食材,365,366,鳖
709,14,烹饪方法,109,110,蒸
709,15,烹饪方法,220,221,炙
709,16,烹饪方法,364,365,煨
709,17,烹饪方法,398,399,烧
709,18,烹饪方法,427,428,跑
709,19,烹饪方法,445,447,生炙
709,20,食疗方,512,515,羊头签
709,21,古籍来源,492,498,《肠谷漫录》
709,22,古籍来源,569,573,《善书》
710,1,食材,188,190,石首
710,2,食材,192,194,纨鱼
710,3,食材,109,112,石头鱼
710,4,食材,133,135,梅鱼
710,5,食材,168,170,梅黛
710,6,食材,239,241,黄花
710,7,食材,261,264,黄炙鱼
710,8,食材,266,269,小首鱼
710,9,食材,285,286,鳐
710,10,食材,327,329,狼籍
710,11,食材,338,339,鲤
710,12,食材,354,356,螋鱼
710,13,食材,380,382,兜鲇
710,14,食材,412,414,姝鱼
710,15,食材,418,420,蝤鱼
710,16,食材,426,428,梅骨
710,17,食材,432,434,梅童
710,18,食材,438,440,春来
710,19,食材,222,225,鲞鱼
710,20,古籍来源,6,14,田九成《游览志》
710,21,古籍来源,96,103,《临海异物志》
710,22,古籍来源,181,186,《正字通》
710,23,古籍来源,196,201,《岭表录》
710,24,古籍来源,209,213,《浙志》
710,25,古籍来源,253,258,《温海志》
710,26,古籍来源,276,283,《函史物性志》
710,27,古籍来源,316,321,《广舆记》
710,28,古籍来源,332,336,《博雅》
710,29,古籍来源,346,350,《江赋》
710,30,古籍来源,373,378,《博物志》
710,31,古籍来源,395,401,《雨航杂录》
711,1,食材,10,12,秦椒
711,2,食材,13,15,蜀椒
711,3,食材,54,56,椒目
711,4,食材,73,75,花椒
711,5,食材,223,224,虾
711,6,食材,211,212,蚶
711,7,食材,192,193,鱼
711,8,食材,198,200,胡椒
711,9,食材,345,348,胡盘肉
711,10,食性,170,171,辛
711,11,食性,172,173,温
711,12,功效,174,176,调中
711,13,功效,176,178,下气
711,14,功效,179,181,除湿
711,15,功效,181,183,杀虫
711,16,功效,185,187,止痛
711,17,功效,187,189,行瘀
711,18,功效,217,219,振味
711,19,功效,219,221,助鲜
711,20,古籍来源,0,1,章
711,21,古籍来源,29,33,六书故
711,22,古籍来源,60,62,本革
711,23,古籍来源,141,145,范子计然
711,24,古籍来源,165,166,谮
711,25,古籍来源,249,253,酉阳杂俎
711,26,古籍来源,355,357,本蕈
711,27,古籍来源,485,488,清异录
711,28,医家,63,66,李时珍
711,29,医家,491,493,候宁
712,1,食材,0,2,芋粉
712,2,食材,11,13,米粉
712,3,食材,26,28,野鸡
712,4,食材,36,37,藕
712,5,食材,41,42,米
712,6,食材,133,134,蜜
712,7,食材,142,144,苏面
712,8,食材,177,178,栗
712,9,食材,191,194,松子仁
712,10,食材,179,180,菱
712,11,食材,43,44,糖
712,12,食材,256,258,桂花
712,13,食材,286,289,水红菱
712,14,食材,298,303,馄饨菱角团
712,15,食材,307,309,铜锅
712,16,食材,337,339,建莲
712,17,食材,344,346,湖莲
712,18,烹饪方法,4,5,磨
712,19,烹饪方法,45,46,煮
712,20,烹饪方法,111,112,蒸
712,21,烹饪方法,200,201,煨
712,22,烹饪方法,134,135,灌
712,23,烹饪方法,146,147,封
712,24,烹饪方法,162,163,削
712,25,烹饪方法,169,170,截
712,26,烹饪方法,355,356,抽
712,27,烹饪方法,366,367,煨
712,28,烹饪方法,369,370,闷
712,29,烹饪方法,397,399,瘦面
712,30,烹饪方法,309,311,煮熟
712,31,古籍来源,105,111,《齐民卖术》
715,1,古籍来源,0,3,《志》
715,2,古籍来源,144,150,《煎茶水记》
715,3,医家,96,99,陆鸿渐
715,4,医家,157,159,李秀
715,5,医家,116,119,张又新
715,6,医家,124,127,刘伯刍
715,7,医家,176,178,朱绶
715,8,医家,540,543,刘伯刍
715,9,医家,154,156,陆羽
715,10,医家,575,579,欧阳修
717,1,食材,19,21,枇杷
717,2,食材,32,34,鸡头
717,3,食材,69,71,朱橘
717,4,食材,142,144,梅实
717,5,食材,156,158,樱桃
717,6,食材,227,229,蚕豆
717,7,食材,270,273,诸菱
717,8,食材,312,314,江鲚
717,9,食材,294,296,河鲇
717,10,食材,360,362,黄鱼
717,11,食材,363,365,鲋鱼
717,12,食材,407,409,银鲈
717,13,食材,391,393,紧蟹
717,14,食材,372,373,莼
717,15,食材,397,400,菘莱
717,16,病症,120,124,消病渴
717,17,烹饪方法,211,212,煮
717,18,烹饪方法,307,308,烹
718,1,古籍来源,0,6,《酉阳杂俎》
718,2,古籍来源,67,71,《月令》
718,3,古籍来源,79,85,《孔氏正义》
718,4,古籍来源,112,117,《白虎通》
718,5,古籍来源,129,134,《搜神记》
718,6,古籍来源,270,276,《五行书》
718,7,古籍来源,295,299,《图经》
718,8,古籍来源,400,406,《篦新合志》
722,1,食材,254,256,茶叶
722,2,病症,219,221,注夏
722,3,病症,353,355,蛀夏
722,4,病症,357,359,疰夏
722,5,病症,374,376,苦夏
722,6,病症,379,382,上龀症
722,7,古籍来源,39,43,《吴骶》
726,1,食材,23,25,馒首
726,2,食材,144,147,胶牙饧
726,3,食材,158,160,米粉
726,4,食材,162,165,豆沙馅
726,5,食材,358,360,白米
726,6,食材,271,273,青豆
726,7,烹饪方法,26,27,造
726,8,烹饪方法,161,162,裹
726,9,烹饪方法,95,96,作
726,10,烹饪方法,380,381,缚
726,11,烹饪方法,386,387,翦
726,12,烹饪方法,388,389,糊
726,13,烹饪方法,329,330,撒
726,14,烹饪方法,360,362,出磨
726,15,烹饪方法,370,372,作饼
726,16,食疗方,170,173,谢灶悃
726,17,古籍来源,301,307,蔡云《吴觖》
726,18,古籍来源,348,355,郭廪《送灶词》
729,1,食材,9,10,糖
729,2,食材,10,11,茶
729,3,食材,11,12,果
729,4,食材,83,84,饭
729,5,古籍来源,27,38,钱塘黄书匡《上年坟》诗
732,1,食性,5,6,寒
732,2,病症,8,12,时气盛热
732,3,病症,13,15,疳璧
732,4,病症,35,39,小儿惊痼
732,5,病症,40,42,瘼疯
732,6,食材,43,45,熊胆
732,7,食材,52,54,乳汁
732,8,食材,55,57,竹沥
732,9,脏腑,62,63,心
732,10,脏腑,183,184,肝
732,11,脏腑,185,186,脾
732,12,脏腑,3,4,胆
732,13,脏腑,189,192,大肠经
732,14,古籍来源,78,84,《本草纲目》
732,15,古籍来源,221,226,《唐本草》
733,1,食材,0,1,酒
733,2,食材,12,13,姜
733,3,食材,25,27,桑椹
733,4,食材,43,45,葱豉
733,5,食材,61,62,蜜
733,6,食材,71,73,地黄
733,7,食材,75,77,牛膝
733,8,食材,82,84,虎骨
733,9,食材,85,88,仙灵脾
733,10,食材,91,93,通草
733,11,食材,152,154,麸米
733,12,食性,262,263,平
733,13,食味,258,259,苦
733,14,食味,259,260,酸
733,15,食味,432,433,甘
733,16,食味,434,436,微苦
733,17,归经,265,266,肝
733,18,归经,267,268,肾
733,19,功效,6,10,治角弓风
733,20,功效,18,23,主偏风中恶
733,21,功效,33,36,补五脏
733,22,功效,38,41,明耳目
733,23,功效,49,52,解烦热
733,24,功效,53,56,补虚劳
733,25,功效,66,69,疗风疹
733,26,功效,182,185,壮筋骨
733,27,功效,186,189,治痿痹
733,28,功效,190,193,补虚损
733,29,功效,194,197,除久疟
733,30,功效,278,283,主寒湿痿痹
733,31,功效,296,299,逐血气
733,32,功效,315,321,疗伤中少气
733,33,功效,332,336,补中续绝
733,34,功效,337,339,填骨
733,35,功效,341,346,除脑中痛
733,36,功效,361,363,益精
733,37,功效,364,367,利阴气
733,38,功效,368,371,止发臼
733,39,病症,284,289,四肢拘挛
733,40,病症,290,292,膝痛
733,41,病症,322,326,男肾阴消
733,42,病症,327,331,老人失溺
733,43,病症,353,357,月水不通
733,44,病症,358,360,血结
733,45,食疗方,2,4,紫酒
733,46,食疗方,178,181,牛膝酒
733,47,烹饪方法,148,149,煎
733,48,烹饪方法,151,152,和
733,49,烹饪方法,169,170,浸
733,50,烹饪方法,174,175,煮
733,51,烹饪方法,175,176,饮
733,52,古籍来源,272,274,本经
733,53,古籍来源,309,311,别录
734,1,食材,68,70,瓜果
734,2,食材,71,73,莱蔬
734,3,食材,74,76,草木
734,4,食材,77,79,动物
734,5,食材,80,82,米谷
734,6,医家,34,36,孟诜
734,7,医家,37,39,张鼎
734,8,古籍来源,9,13,食疗本草
734,9,古籍来源,174,177,医方类
734,10,古籍来源,178,181,本草类
734,11,古籍来源,182,185,养身类
735,1,食材,18,20,苦笋
735,2,食材,28,31,淡竹沥
735,3,食材,71,73,竹实
735,4,食材,87,88,筻
735,5,食材,365,368,淡竹茹
735,6,食性,34,36,大寒
735,7,食性,41,43,大热
735,8,食性,134,135,寒
735,9,食性,407,408,凉
735,10,食性,524,525,平
735,11,食味,95,96,苦
735,12,食味,97,98,甘
735,13,归经,314,316,入心
735,14,归经,317,319,胃经
735,15,功效,23,26,不发痰
735,16,功效,38,40,中风
735,17,功效,76,79,通神明
735,18,功效,80,82,轻身
735,19,功效,83,85,益气
735,20,功效,60,63,主噎膈
735,21,功效,64,66,鼻衄
735,22,功效,322,326,清热滑痰
735,23,功效,327,331,镇惊利窍
735,24,功效,336,340,化痰止渴
735,25,功效,197,202,提神助兴
735,26,功效,203,207,清热利湿
735,27,功效,208,211,除热气
735,28,功效,212,215,止消渴
735,29,功效,216,218,明目
735,30,功效,219,222,解酒毒
735,31,功效,224,232,去面目及口腔热
735,32,功效,417,421,胃虚干呕
735,33,功效,422,427,热呃咳逆
735,34,功效,428,432,痰热恶心
735,35,功效,438,442,痰涎酸水
735,36,功效,443,447,惊悸怔忡
735,37,功效,448,453,心烦躁乱
735,38,功效,454,458,睡卧不宁
735,39,功效,534,538,咳逆上气
735,40,功效,542,544,恶疡
735,41,功效,546,549,杀小虫
735,42,功效,558,561,除烦热
735,43,功效,561,563,风痉
735,44,功效,564,566,喉痹
735,45,功效,435,437,呕吐
735,46,功效,585,589,益气止渴
735,47,功效,590,594,补虚下气
735,48,病症,44,46,烦闷
735,49,病症,48,50,劳复
735,50,病症,413,415,噎膈
735,51,病症,411,413,胃热
735,52,脏腑,6,7,心
735,53,食疗方,118,127,苦竹春时萌发的幼苗
735,54,食疗方,179,182,甜苦笋
735,55,食疗方,253,267,竹荃劈开用火烤灼后流出波体
735,56,食疗方,385,402,淡竹的茎杆除去外皮后剩下的中间层
735,57,食疗方,472,482,禾本科竹类植物的颖果
735,58,禁忌,105,108,不宜人
735,59,古籍来源,135,141,《本草图经》
735,60,古籍来源,501,505,《本经》
735,61,古籍来源,551,555,《别录》
735,62,医家,483,486,陶弘景
737,1,食材,69,71,甘菊
737,2,食性,7,8,平
737,3,食材,10,11,叶
737,4,烹饪方法,15,16,揉
737,5,食材,21,22,茎
737,6,烹饪方法,29,30,揉
737,7,食材,32,33,花
737,8,烹饪方法,40,41,揉
737,9,病症,44,46,头风
737,10,病症,46,48,目眩
737,11,病症,49,51,泪出
737,12,病症,53,55,烦热
737,13,功效,57,60,利五藏
737,14,食材,61,65,野生苦菊
737,15,古籍来源,127,131,《别录》
737,16,食材,138,139,根
737,17,食材,160,161,实
737,18,烹饪方法,164,166,阴干
737,19,食材,143,144,叶
737,20,食味,0,1,甘
737,21,食味,180,181,辛
737,22,食性,183,184,平
737,23,功效,193,195,治疗
737,24,病症,195,197,头风
737,25,病症,199,201,目眩
737,26,病症,202,204,痈疽
737,27,食材,149,150,茎
737,28,食味,178,179,甘
737,29,食味,220,222,微苦
737,30,食性,224,225,凉
737,31,功效,227,231,清肝利胆
737,32,功效,232,236,明目宁心
737,33,功效,242,244,治疗
737,34,病症,244,248,头风眩晕
737,35,病症,249,251,目翳
737,36,功效,252,257,去胸中痰饮
737,37,烹饪方法,260,262,煎汤
737,38,烹饪方法,263,265,煮粥
737,39,烹饪方法,18,20,作羹
737,40,食材,77,78,花
737,41,食味,218,219,甘
737,42,食味,294,295,苦
737,43,食性,297,298,凉
737,44,功效,300,305,疏风清热
737,45,功效,306,310,明目宁心
737,46,功效,311,315,解毒消肿
737,47,食材,320,324,野生苦菊
737,48,古籍来源,328,334,《本草纲目》
737,49,古籍来源,379,385,《牧竖闲谈》
738,1,食材,62,65,青小豆
738,2,食性,11,12,寒
738,3,功效,13,16,疗热中
738,4,病症,17,19,消渴
738,5,功效,22,24,止痢
738,6,功效,25,28,下胀满
738,7,古籍来源,41,44,医心方
738,8,食材,70,72,豌豆
738,9,食材,78,80,睥豆
738,10,食材,81,83,蹇豆
738,11,食材,84,86,毕豆
738,12,食材,87,89,麻累
738,13,食味,92,93,甘
738,14,食性,95,96,平
738,15,古籍来源,98,101,千金方
738,16,食味,111,112,咸
738,17,食性,114,115,温
738,18,功效,126,129,主寒热
738,19,功效,130,132,热中
738,20,病症,133,135,消渴
738,21,功效,136,139,止泄利
738,22,功效,140,143,利小便
738,23,功效,144,147,除吐逆
738,24,功效,148,150,卒溉
738,25,功效,152,156,下腹胀满
738,26,食材,166,168,胡豆
738,27,食材,178,180,鲤鱼
738,28,病症,192,195,干疳病
738,29,食材,200,202,绿豆
738,30,古籍来源,206,211,太平圣惠方
739,1,古籍来源,5,13,政和经史证类本草
739,2,古籍来源,25,28,食疗
739,3,医家,34,36,孟诜
739,4,医家,45,47,张鼎
739,5,古籍来源,71,75,嘉祓本草
739,6,古籍来源,91,94,医心方
739,7,医家,101,105,晤玄子张
739,8,古籍来源,125,127,敦煌
739,9,古籍来源,238,242,嘉祜本草
739,10,古籍来源,86,89,卷子本
740,1,食材,25,27,牛髓
740,2,食味,31,32,甘
740,3,食性,14,15,温
740,4,归经,38,39,心
740,5,归经,40,41,脾
740,6,功效,45,47,补气
740,7,功效,47,49,养血
740,8,功效,50,52,润肺
740,9,功效,52,54,生精
740,10,功效,56,60,填补骨髓
740,11,病症,6,8,五脏
740,12,病症,10,12,三焦
740,13,病症,119,121,中焦
740,14,脏腑,71,72,心
740,15,脏腑,73,74,肝
740,16,脏腑,75,76,脾
740,17,脏腑,77,78,肺
740,18,脏腑,79,80,肾
740,19,脏腑,99,100,胃
740,20,脏腑,140,141,胆
740,21,脏腑,157,159,膀胱
740,22,脏腑,160,162,肛门
740,23,养生原则,176,178,温中
741,1,食材,75,77,驴皮
741,2,食性,139,140,平
741,3,食味,185,186,甘
741,4,归经,191,192,肺
741,5,归经,195,196,肝
741,6,归经,197,199,肾经
741,7,功效,201,205,滋阴补血
741,8,功效,206,210,益气安神
741,9,功效,211,215,添精固肾
741,10,功效,216,220,强坚筋骨
741,11,病症,10,11,疟
741,12,病症,28,30,风毒
741,13,病症,31,34,骨节痛
741,14,病症,35,39,呻吟不止
741,15,病症,245,247,下血
741,16,病症,248,251,腹内崩
741,17,病症,252,260,劳极洒洒如疟状
741,18,病症,261,264,腰腹痛
741,19,病症,265,269,四肢酸疼
741,20,病症,271,274,胎不安
741,21,病症,277,280,少腹痛
741,22,病症,281,285,虚劳羸瘦
741,23,病症,287,291,阴气不足
741,24,病症,292,298,脚酸不能久立
741,25,病症,304,307,精血虚
741,26,病症,308,312,肝肾不足
741,27,食疗方,94,97,驴皮胶
741,28,食疗方,101,104,傅致胶
741,29,食疗方,106,109,盆覆胶
741,30,食疗方,117,119,阿胶
741,31,烹饪方法,17,18,煎
741,32,烹饪方法,21,23,作胶
741,33,烹饪方法,41,45,消和酒服
741,34,医家,67,69,孟诜
741,35,古籍来源,59,65,《嘉裕本草》
741,36,古籍来源,229,235,《本草经疏》
742,1,食味,7,8,辛
742,2,食性,9,10,温
742,3,功效,14,18,调中消食
742,4,功效,20,23,去恶气
742,5,功效,24,27,消水气
742,6,功效,35,40,疗齿根烂疮
742,7,禁忌,47,53,不可过多食
742,8,禁忌,54,57,壅关节
742,9,禁忌,58,61,涩荣卫
742,10,禁忌,62,67,令血脉不行
742,11,功效,71,73,动风
742,12,功效,73,77,发脚气
742,13,病症,78,80,患畹
742,14,烹饪方法,94,95,煮
742,15,功效,103,106,主目臀
742,16,功效,107,110,物入目
742,17,功效,134,138,风赤眵泪
742,18,功效,144,150,主小儿黄烂疮
742,19,烹饪方法,152,154,烧灰
742,20,烹饪方法,154,155,傅
742,21,古籍来源,455,460,《邺中记》
742,22,医家,283,286,罗天益
742,23,医家,304,308,掌禹锡
742,24,医家,326,330,东垣李氏
742,25,古籍来源,356,362,《饮膳正要》
743,1,食材,129,131,婿脂
743,2,食味,135,136,甘
743,3,食性,138,139,平
743,4,病症,10,12,肠风
743,5,病症,13,15,痔瘘
743,6,病症,153,155,耳聋
743,7,病症,175,179,肠风鸨血
743,8,食材,29,31,桔梗
743,9,食味,239,241,苦辛
743,10,食性,243,244,平
743,11,归经,246,247,肺
743,12,归经,248,250,胃经
743,13,功效,252,256,宣通肺气
743,14,功效,257,262,祛痰排脓
743,15,食材,32,35,麦门冬
743,16,食味,313,314,甘
743,17,食味,315,317,徵苦
743,18,食性,319,320,褰
743,19,功效,322,327,养阴润肺
743,20,功效,328,332,除烦清心
743,21,功效,333,337,益胃生津
743,22,古籍来源,144,148,本草拾遗
743,23,古籍来源,165,170,日华子本草
743,24,古籍来源,51,59,政和重修证类本草
743,25,古籍来源,87,91,嘉祜本草
743,26,古籍来源,117,119,敦煌
744,1,食材,37,40,天门冬
744,2,食味,288,289,甘
744,3,食味,290,291,苦
744,4,食性,293,294,寒
744,5,归经,19,20,肺
744,6,归经,298,299,肾
744,7,功效,13,16,补虚劳
744,8,功效,383,386,治肺劳
744,9,功效,23,25,止渴
744,10,功效,27,30,去热风
744,11,功效,302,304,滋阴
744,12,功效,305,307,润燥
744,13,功效,309,311,清肺
744,14,功效,312,314,降火
744,15,病症,332,336,虚劳绝伤
744,16,病症,337,343,老年衰损羸瘦
744,17,病症,344,348,偏枯不随
744,18,病症,349,353,风湿不仁
744,19,病症,354,356,冷痹
744,20,病症,357,361,心腹积聚
744,21,病症,362,364,恶疮
744,22,病症,365,369,痈疽肿癞
744,23,病症,372,374,阴痿
744,24,病症,375,378,耳聋
744,25,病症,379,381,目暗
744,26,病症,397,401,肺气咳逆
744,27,病症,403,407,喘息促急
744,28,病症,417,419,肺痿
744,29,病症,419,421,生痈
744,30,病症,421,423,吐脓
744,31,病症,425,427,湿疥
744,32,病症,429,431,消渴
744,33,病症,434,437,热中风
744,34,病症,456,458,心病
744,35,病症,458,460,嗌干
744,36,病症,461,463,心痛
744,37,病症,464,468,渴而欲饮
744,38,病症,469,473,痿飚嗜卧
744,39,病症,475,479,足下热痛
744,40,病症,522,526,肺气并嗽
744,41,病症,527,529,消痰
744,42,病症,530,532,风痹
744,43,病症,532,534,热毒
744,44,病症,535,537,游风
744,45,病症,538,540,烦闷
744,46,病症,540,543,吐血
744,47,脏腑,246,247,肺
744,48,脏腑,412,413,肾
744,49,脏腑,174,175,心
744,50,古籍来源,324,327,千金方
744,51,古籍来源,388,391,药性论
744,52,古籍来源,486,491,日华子本草
745,1,食性,9,10,平
745,2,食材,217,220,决明子
745,3,脏腑,12,13,肝
745,4,病症,14,17,热毒气
745,5,病症,21,23,风眼
745,6,病症,23,25,赤泪
745,7,功效,231,233,明目
745,8,功效,234,238,通便利水
745,9,病症,242,245,高血压
745,10,病症,246,248,肝炎
745,11,病症,249,254,肝硬化腹水
745,12,功效,255,262,降低血清胆甾醇
746,1,食材,0,1,鳜
746,2,食材,133,135,鲼鱼
746,3,食材,57,59,芦根
746,4,食材,49,51,鲈鱼
746,5,禁忌,13,15,有毒
746,6,禁忌,16,20,不可食之
746,7,禁忌,21,26,其肝毒杀人
746,8,病症,45,48,中此毒
746,9,烹饪方法,59,60,煮
746,10,古籍来源,111,117,《幕祜本草》
747,1,食材,113,115,野鸭
747,2,功效,11,13,补中
747,3,功效,14,16,益气
747,4,功效,17,19,消食
747,5,功效,41,46,消十二种虫
747,6,功效,47,50,平胃气
747,7,功效,51,53,调中
747,8,功效,54,56,轻身
747,9,功效,180,182,补虚
747,10,功效,183,185,助力
747,11,功效,186,189,和胃气
747,12,功效,190,192,消食
747,13,功效,193,197,治热毒风
747,14,功效,202,209,杀腹藏一切虫
747,15,功效,218,220,大补
747,16,功效,221,224,益病人
747,17,病症,198,201,恶疮疬
747,18,病症,61,64,小热疮
747,19,禁忌,225,230,不可与木耳
747,20,古籍来源,93,99,《嘉祜本草》
747,21,古籍来源,121,125,《本草》
747,22,古籍来源,128,132,《尸子》
747,23,古籍来源,162,169,《日华子本草》
748,1,食材,44,46,生姜
748,2,食性,170,171,温
748,3,食味,166,168,苦辛
748,4,归经,174,175,脾
748,5,归经,176,177,肝
748,6,归经,178,179,肾
748,7,功效,209,212,理气血
748,8,功效,213,218,温经逐寒湿
748,9,功效,220,224,止血止痢
748,10,功效,225,227,安胎
748,11,功效,228,231,治带下
748,12,功效,233,238,疗皮肤疥癣
748,13,病症,18,20,金疮
748,14,病症,21,23,崩中
748,15,病症,25,27,霍乱
748,16,病症,454,456,胎漏
748,17,病症,51,53,泻痢
748,18,病症,255,259,慢性胃炎
748,19,病症,260,264,胃寒作痛
748,20,病症,266,270,慢性肠炎
748,21,病症,271,276,腹胀不思食
748,22,病症,277,280,寒腿痛
748,23,病症,283,287,钩蚴皮炎
748,24,病症,302,306,慢性皮炎
748,25,病症,307,310,寻常疣
748,26,病症,321,325,急性菡痢
748,27,病症,326,329,间日疟
748,28,病症,330,335,慢性气管炎
748,29,病症,345,350,慢性肝炎
748,30,病症,351,353,黄疸
748,31,病症,463,470,妊娠率胎动不安
748,32,病症,473,475,腰痛
748,33,病症,477,481,胎转抢心
748,34,病症,484,488,下血不止
748,35,食疗方,390,446,"熟艾如鸡子大。阿胶(炒为末)半两。干姜一钱。水五盏。先煮艾。姜至二盏半,入胶烊化。分三服。空腹服,一日尽"
748,36,食疗方,494,517,"艾叶-鸡子大,以酒四升。煮取二升。分为二服"
748,37,烹饪方法,8,9,煎
748,38,古籍来源,367,372,养生必用方
748,39,古籍来源,458,461,肘后方
749,1,食材,112,114,胡椒
749,2,食性,220,221,热
749,3,食味,217,218,辛
749,4,功效,306,308,温中
749,5,功效,308,310,下气
749,6,功效,364,366,去痰
749,7,功效,367,374,除脏腑中风冷
749,8,功效,391,397,去胃口气虚冷
749,9,功效,398,402,宿食不消
749,10,功效,404,409,霍乱气逆
749,11,功效,410,414,心腹卒痛
749,12,功效,415,419,冷气上冲
749,13,功效,420,422,和气
749,14,病症,8,12,五脏风冷
749,15,病症,14,19,冷气心腹痛
749,16,病症,75,78,吐清水
749,17,脏腑,98,99,心
749,18,脏腑,99,100,腹
749,19,古籍来源,66,72,《政类本草》
749,20,古籍来源,349,354,《唐本草》
749,21,古籍来源,382,388,《海药本草》
750,1,食材,2,3,盐
750,2,病症,9,11,尿疮
750,3,烹饪方法,23,24,煮
750,4,食材,80,83,槐白皮
750,5,食材,103,105,皂荚
750,6,食味,141,142,咸
750,7,食性,183,184,寒
750,8,归经,186,187,胃
750,9,归经,188,189,肾
750,10,归经,190,194,大小肠经
750,11,功效,220,225,止心腹卒痛
750,12,功效,226,229,坚肌骨
750,13,功效,238,244,主肠胃结热
750,14,病症,203,207,下部鳘疮
750,15,病症,209,214,伤寒寒热
750,16,病症,215,220,吐胸中痰癖
750,17,病症,245,247,喘逆
750,18,病症,248,251,胸中满
750,19,食材,6,8,蠼螋
750,20,病症,274,279,皮肤起燎泡
750,21,食材,287,290,槐白皮
750,22,食味,299,300,苦
750,23,食性,302,303,平
750,24,功效,305,309,消肿止痛
750,25,功效,310,314,祛风除湿
750,26,病症,325,331,中风皮肤不仁
750,27,病症,332,336,口齿风疳
750,28,病症,337,339,喉痹
750,29,病症,340,345,肠风下血
750,30,病症,346,350,阴部搔痒
750,31,病症,351,355,阴囊坠肿
750,32,病症,356,358,痔疮
750,33,病症,359,361,恶疮
750,34,病症,362,366,汤火烫伤
750,35,食味,448,449,辛
750,36,食性,451,452,湿
750,37,功效,480,483,祛风邪
750,38,功效,484,487,除湿毒
750,39,功效,489,491,杀虫
751,1,食材,46,49,薏苡仁
751,2,食性,10,11,平
751,3,食性,96,97,凉
751,4,食味,91,92,甘
751,5,归经,100,101,脾
751,6,归经,102,103,肺
751,7,归经,104,105,肾
751,8,功效,12,17,去千湿脚气
751,9,功效,109,113,健脾利湿
751,10,功效,114,118,补肺请热
751,11,功效,119,123,去风胜湿
751,12,功效,124,127,利筋脉
751,13,功效,150,158,治疗风湿性关节炎
751,14,功效,159,163,消水肿
751,15,功效,164,169,除胸中邪气
751,16,功效,172,175,通筋络
751,17,功效,176,179,活血脉
751,18,功效,180,183,健脾胃
751,19,食材,135,137,粳米
751,20,烹饪方法,137,139,煮粥
751,21,烹饪方法,142,144,酿滔
751,22,养生原则,188,193,食疗上品
751,23,古籍来源,37,41,嘉祜本草
752,1,食材,150,152,狗胆
752,2,食味,156,157,苦
752,3,食性,159,160,寒
752,4,归经,163,167,足少阳胆
752,5,归经,168,173,足厥阴肝经
752,6,功效,175,177,止血
752,7,功效,177,179,消肿
752,8,功效,180,184,清肝明目
752,9,功效,184,190,去诸疥癣疮疾
752,10,功效,191,195,痞块疳积
752,11,功效,196,200,跌扑损伤
752,12,功效,201,204,刀箭伤
752,13,病症,219,224,眼痒急赤涩
752,14,病症,249,255,醇耳脓水不止
752,15,食材,266,268,白矾
752,16,食材,283,287,腊月猪脂
752,17,烹饪方法,271,272,烧
752,18,烹饪方法,277,278,研
752,19,烹饪方法,287,289,调和
752,20,古籍来源,133,139,《嘉祜本草》
752,21,古籍来源,140,145,《孟诜云》
752,22,古籍来源,213,218,《圣惠方》
753,1,食材,0,1,鹅
753,2,食性,10,11,冷
753,3,禁忌,12,16,不可多食
753,4,禁忌,17,22,令人易霍乱
753,5,食材,81,83,苍鹅
753,6,食材,85,87,白鹅
753,7,食性,181,182,凉
753,8,归经,117,118,脾
753,9,归经,119,121,肺经
753,10,功效,123,127,益气补虚
753,11,功效,129,133,和胃止渴
753,12,功效,134,137,治虚羸
753,13,古籍来源,50,56,《嘉祜本草》
753,14,古籍来源,57,62,《孟诜云》
753,15,古籍来源,90,97,《日华子本草》
753,16,古籍来源,150,156,《本草求真》
754,1,食材,45,47,猪肚
754,2,食味,51,52,甘
754,3,食性,54,55,温
754,4,食性,67,69,微寒
754,5,功效,73,78,补中益气
754,6,功效,79,81,止渴
754,7,功效,82,87,断暴利虚弱
754,8,功效,112,116,补羸助气
754,9,功效,130,132,止带
754,10,功效,133,134,浊
754,11,功效,135,137,遗精
754,12,功效,185,188,补虚损
754,13,功效,194,198,骨蒸劳热
754,14,功效,106,111,血脉不行
754,15,功效,209,213,补益脾胃
754,16,病症,8,12,暴痢虚弱
754,17,病症,100,104,骨蒸热劳
754,18,病症,222,224,虚劳
754,19,脏腑,149,151,脾胃
754,20,脏腑,233,235,五脏
754,21,食疗方,139,146,猪肚多酱食之
754,22,古籍来源,91,95,本草图经
754,23,古籍来源,119,125,随息居饮食谱
754,24,古籍来源,156,160,本草经疏
754,25,古籍来源,180,183,日华子
754,26,古籍来源,191,193,苏颂
755,1,食材,8,10,桑椹
755,2,食材,21,23,猪脂
755,3,食材,411,413,桃毛
755,4,食材,98,99,胶
755,5,食材,545,547,桃符
755,6,食材,113,114,奴
755,7,食性,216,217,寒
755,8,食性,389,390,平
755,9,食性,693,695,微温
755,10,食味,213,214,甘
755,11,食味,385,386,辛
755,12,食味,499,500,苦
755,13,归经,279,280,肺
755,14,归经,281,282,肾
755,15,功效,295,300,利五脏关节
755,16,功效,301,304,通血气
755,17,功效,315,318,治热渴
755,18,功效,319,322,生精神
755,19,功效,325,328,小肠热
755,20,功效,339,342,益肾脏
755,21,功效,343,345,固精
755,22,功效,348,352,黑发明目
755,23,功效,403,406,疗崩中
755,24,功效,407,410,破癖气
755,25,功效,414,418,活血化瘀
755,26,功效,423,430,治妇科带下症
755,27,功效,511,516,主保中不饥
755,28,功效,518,521,忍风寒
755,29,功效,531,535,和血益气
755,30,功效,536,539,治下痢
755,31,功效,540,542,止痛
755,32,功效,713,716,治肺气
755,33,功效,717,719,腰痛
755,34,功效,720,722,破血
755,35,功效,723,726,疗心痛
755,36,病症,431,434,不孕症
755,37,病症,437,441,肝肾阴虚
755,38,病症,443,447,寒热往来
755,39,禁忌,72,76,不可食之
755,40,禁忌,78,83,生者尤损人
755,41,禁忌,696,699,有小毒
755,42,古籍来源,286,290,本草拾遗
755,43,古籍来源,307,311,本草衍义
755,44,古籍来源,331,335,滇南本草
755,45,古籍来源,703,709,大明诸家本草
755,46,古籍来源,505,507,别录
755,47,古籍来源,523,527,本草纲目
755,48,烹饪方法,127,131,煮汁饮之
756,1,食材,0,1,鸭
756,2,食材,4,7,白鸭肉
756,3,食材,62,65,黑鸭肉
756,4,食味,164,165,甘
756,5,食味,166,167,咸
756,6,食性,170,171,平
756,7,功效,15,17,补虚
756,8,功效,19,22,消毒热
756,9,功效,323,326,利水道
756,10,病症,31,36,小儿热惊痈
756,11,病症,38,42,头生疮肿
756,12,病症,57,60,卒烦热
756,13,病症,75,77,冷痢
756,14,病症,80,82,脚气
756,15,病症,175,179,痨热骨蒸
756,16,病症,180,182,咳嗽
756,17,病症,183,185,水肿
756,18,病症,274,276,劳热
756,19,病症,318,320,热痢
756,20,禁忌,83,88,不可食之
756,21,古籍来源,100,106,《嘉祜本草》
756,22,医家,108,110,孟诜
756,23,古籍来源,190,196,《本经逢原》
756,24,古籍来源,242,248,《医林纂要》
756,25,古籍来源,327,333,《本草纲目》
757,1,食材,56,58,紫苏
757,2,食材,51,53,赤苏
757,3,食性,243,244,温
757,4,食味,240,241,辛
757,5,归经,246,247,肺
757,6,归经,248,250,脾经
757,7,功效,8,11,除寒热
757,8,功效,12,15,治冷气
757,9,功效,262,266,补中益气
757,10,功效,267,272,治心腹胀满
757,11,功效,273,278,止霍乱转筋
757,12,功效,279,283,开胃下食
757,13,功效,301,303,止咳
757,14,功效,304,306,平喘
757,15,功效,307,309,祛痰
757,16,病症,293,298,慢性气管炎
757,17,古籍来源,28,32,嘉祜本草
757,18,古籍来源,252,257,日华子本草
761,1,食性,625,626,寒
761,2,食味,570,571,苦
761,3,脏腑,115,116,心
761,4,古籍来源,317,321,《水草》
771,1,食材,25,29,冥器靴鞋
771,2,食材,30,35,幞头帽子
771,3,食材,36,40,金犀假带
771,4,食材,41,45,五彩衣服
771,5,食材,75,77,果食
771,6,食材,77,81,种生花果
771,7,食材,180,182,练叶
771,8,食材,193,198,麻谷窠儿
771,9,食材,219,222,鸡冠花
771,10,食材,247,250,襟米饭
771,11,食材,265,268,转明菜
771,12,食材,269,273,花花油饼
771,13,食材,274,276,竣赚
771,14,食材,277,280,沙搛
771,15,食材,353,355,楸叶
771,16,食材,391,393,灵枣
771,17,食材,394,396,牙枣
771,18,食材,397,400,青州枣
771,19,食材,402,405,亳州枣
771,20,食材,406,408,鸡头
771,21,食材,457,459,荷叶
771,22,古籍来源,88,95,《尊胜目连经》
771,23,病症,334,336,孤魂
771,24,病症,328,331,阵亡殁
771,25,养生原则,236,242,供养祖先素食
771,26,养生原则,258,261,告成意
771,27,养生原则,209,216,告祖先秋成之意
773,1,食材,8,9,茶
773,2,食材,11,14,宝云茶
773,3,食材,15,18,香林茶
773,4,食材,19,22,白云茶
773,5,食材,61,62,茗
773,6,食材,98,99,盐
773,7,食材,158,159,蜜
773,8,食材,160,161,蜡
773,9,食材,162,163,纸
773,10,食材,170,172,藤纸
773,11,食材,177,180,小井纸
773,12,食材,186,189,赤亭纸
773,13,食材,221,225,苔心矮粜
773,14,食材,226,228,矮黄
773,15,食材,229,232,大白头
773,16,食材,233,236,小白头
773,17,食材,237,239,夏菘
773,18,食材,240,242,黄芽
773,19,食材,272,274,芥菜
773,20,食材,275,277,生莱
773,21,食材,278,281,菠裱莱
773,22,食材,283,285,莴苣
773,23,食材,286,288,苦荬
773,24,食材,289,290,葱
773,25,食材,291,292,薤
773,26,食材,293,294,韭
773,27,食材,295,297,大蒜
773,28,食材,298,300,小蒜
773,29,食材,301,303,紫痂
773,30,食材,304,306,水茆
773,31,食材,307,309,梢瓜
773,32,食材,311,313,赘瓜
773,33,食材,314,316,葫芦
773,34,食材,318,320,冬瓜
773,35,食材,321,323,瓠子
773,36,食材,324,325,芋
773,37,食材,326,328,山药
773,38,食材,329,331,牛蒡
773,39,食材,332,334,茭白
773,40,食材,335,337,蕨莱
773,41,食材,338,340,萝卜
773,42,食材,341,344,甘髂子
773,43,食材,345,347,水芹
773,44,食材,348,350,芦笋
773,45,食材,351,354,鸡头莱
773,46,食材,355,358,藕条菜
773,47,食材,359,360,葚
773,48,食材,361,363,葚芽
773,49,食材,364,367,新簋
773,50,食材,368,370,老[
773,51,食材,371,372,菌
773,52,食材,381,384,黄耳蕈
773,53,食材,407,410,白芽葚
773,54,食材,420,422,玉蕈
773,55,食材,429,432,茅蕈
773,56,食材,440,442,竹菇
773,57,食材,461,462,桔
773,58,食材,470,471,橙
773,59,食材,477,478,梅
773,60,食材,497,499,蒲芦
773,61,烹饪方法,149,150,煮
773,62,古籍来源,387,390,东坡诗
779,1,食材,74,76,菊花
779,2,食材,77,79,茱萸
779,3,食材,82,83,酒
779,4,食材,297,300,猪羊肉
779,5,食材,300,302,鸭子
779,6,食材,289,291,糖面
779,7,食材,358,362,熟栗子肉
779,8,食材,368,370,麝香
779,9,食材,370,372,糖蜜
779,10,食材,393,395,韵果
779,11,食材,395,397,糖霜
779,12,食材,341,343,米粉
779,13,食疗方,402,407,狮蛮粟糕
779,14,烹饪方法,291,292,蒸
779,15,烹饪方法,362,363,杵
779,16,烹饪方法,376,377,捏
779,17,病症,120,124,阳九之厄
779,18,古籍来源,434,437,开宝
779,19,古籍来源,438,440,仁壬
783,1,食材,0,2,菊花
783,2,食材,36,39,薄荷叶
783,3,食材,216,219,紫苏叶
783,4,食材,350,352,茴香
783,5,食材,434,436,莳萝
783,6,食性,41,45,辛甘苦温
783,7,食性,220,223,辛甘温
783,8,食性,354,357,辛甘温
783,9,食性,442,445,辛甘温
783,10,食味,21,22,甘
783,11,功效,46,49,散风热
783,12,功效,50,53,请利头
783,13,功效,72,74,下气
783,14,功效,75,79,消食化痰
783,15,功效,80,83,开音声
783,16,功效,84,87,舒郁懑
783,17,功效,89,94,辟秽恶邪气
783,18,功效,95,99,疗霍乱疬
783,19,功效,102,104,酿硒
783,20,功效,105,107,蒸糕
783,21,功效,108,110,熬糖
783,22,功效,111,113,造髂
783,23,功效,227,229,安胎
783,24,功效,230,234,活血定痛
783,25,功效,235,239,和中开胃
783,26,功效,240,242,止嗽
783,27,功效,246,248,化食
783,28,功效,249,252,散风寒
783,29,功效,253,258,治藿乱脚气
783,30,功效,259,263,制一切鱼
783,31,功效,264,265,肉
783,32,功效,267,268,虾
783,33,功效,269,271,蟹毒
783,34,功效,358,362,调中开胃
783,35,功效,363,367,止痛散赛
783,36,功效,381,383,杀虫
783,37,功效,384,386,辟秽
783,38,功效,392,397,制鱼肉腥臊
783,39,功效,398,402,拎滞诸毒
783,40,功效,446,450,开厝腱脾
783,41,功效,451,455,散褰止痛
783,42,功效,460,462,消食
783,43,功效,463,467,调气止呕
783,44,功效,468,470,定腰
783,45,功效,475,477,解鱼
783,46,功效,479,482,肉之毒
783,47,病症,16,20,女人阴肿
783,48,病症,288,290,霍乱
783,49,病症,125,127,鼻衄
783,50,病症,142,143,蛇
783,51,病症,144,145,蜂
783,52,病症,146,148,猫伤
783,53,病症,300,302,蛇皎
783,54,病症,303,306,中鳘毒
783,55,病症,307,311,乳痈肿痛
783,56,病症,326,328,金疮
783,57,病症,329,333,跌打出血
783,58,病症,345,348,猁犬咬
783,59,病症,378,380,脚气
783,60,病症,375,377,癞疝
783,61,病症,403,408,小便频数
783,62,病症,409,415,雨色请不渴者
783,63,病症,488,489,疬
783,64,烹饪方法,5,8,捣汁饮
783,65,烹饪方法,24,28,杵烂煎汤
783,66,烹饪方法,31,32,熏
783,67,烹饪方法,33,34,洗
783,68,烹饪方法,131,132,塞
783,69,烹饪方法,139,141,煎服
783,70,烹饪方法,152,155,绞汁涂
783,71,烹饪方法,192,195,浸火酒
783,72,烹饪方法,196,199,拌水烟
783,73,烹饪方法,293,295,煎服
783,74,烹饪方法,316,318,频饮
783,75,烹饪方法,321,323,粹封
783,76,烹饪方法,337,340,杵烂敷
783,77,烹饪方法,418,420,淘符
783,78,烹饪方法,421,425,盐炒研末
783,79,烹饪方法,426,427,炙
783,80,烹饪方法,430,432,蘸食
783,81,禁忌,117,124,虚弱多汗者怂之
783,82,禁忌,273,277,气弱多汗
783,83,禁忌,278,285,脾虚易泻者忌食
783,84,医家,157,160,汪谢城
783,85,古籍来源,490,492,原怍
785,1,食材,11,12,葱
785,2,食味,14,15,辛
785,3,食味,15,16,甘
785,4,食性,16,17,平
785,5,功效,18,22,利肺通阳
785,6,功效,23,26,散痈肿
785,7,功效,27,31,祛风达表
785,8,功效,33,37,安胎止痈
785,9,功效,38,42,通乳和营
785,10,病症,45,47,霍乱
785,11,病症,47,49,转筋
785,12,病症,52,54,脚气
785,13,功效,59,62,杀诸虫
785,14,功效,63,66,理跌扑
785,15,功效,66,68,金疮
785,16,功效,69,71,制鱼
785,17,功效,72,75,肉诸毒
785,18,禁忌,93,102,气虚易汗者不可单食
785,19,禁忌,104,108,忌同蜜食
785,20,病症,109,113,胎动下血
785,21,烹饪方法,116,117,煎
785,22,病症,136,140,中恶卒死
785,23,烹饪方法,148,149,刺
785,24,病症,181,185,自缢垂死
785,25,病症,186,192,小儿无故卒死
785,26,病症,215,223,小儿盘肠内钓腹痛
785,27,烹饪方法,228,229,洗
785,28,烹饪方法,233,234,捣
785,29,烹饪方法,235,236,贴
785,30,病症,246,250,小便闭胀
785,31,烹饪方法,258,259,炒
785,32,烹饪方法,268,269,熨
785,33,病症,272,276,阴襄胂痛
785,34,烹饪方法,278,279,煨
785,35,烹饪方法,282,283,杵
785,36,烹饪方法,285,286,涂
785,37,烹饪方法,297,298,切
785,38,烹饪方法,301,302,煮
785,39,烹饪方法,6,7,食
785,40,病症,309,313,一切肿毒
785,41,烹饪方法,318,320,杵烂
785,42,烹饪方法,365,366,傅
785,43,病症,329,333,跌打杖伤
785,44,病症,335,339,金疮挫肭
785,45,病症,340,344,流注走痛
785,46,病症,345,350,筋骨痹疼
785,47,病症,351,355,脑破血流
785,48,病症,356,360,痈毒初起
785,49,病症,372,376,乳痈初起
785,50,功效,387,391,解金银毒
785,51,食材,393,394,韭
785,52,食味,83,84,辛
785,53,食味,85,86,甘
785,54,功效,399,403,暖胃补肾
785,55,病症,419,422,噎膈
785,56,功效,429,434,理打扑伤损
785,57,功效,436,438,疗蛇
785,58,功效,439,440,狗
785,59,功效,441,443,虫伤
785,60,禁忌,470,474,多食昏神
785,61,禁忌,475,477,耳证
785,62,禁忌,478,480,疟疾
785,63,禁忌,481,483,疮家
785,64,禁忌,484,489,痧痘后均忌
785,65,病症,490,494,产后血运
785,66,烹饪方法,495,496,切
785,67,烹饪方法,501,502,沃
785,68,病症,522,526,呕青绿水
785,69,烹饪方法,544,545,注
785,70,病症,539,541,中恶
785,71,病症,552,553,漏
785,72,食材,571,572,薤
785,73,食味,396,397,辛
785,74,功效,577,581,散结定痛
785,75,功效,582,586,宽胸止带
785,76,功效,587,591,安胎活血
785,77,病症,595,596,痢
785,78,禁忌,597,601,多食发热
785,79,禁忌,602,606,忌与韭同
787,1,食材,6,7,薤
787,2,食材,24,28,白和米
787,3,食材,36,38,薤白
787,4,食材,39,40,蜜
787,5,食材,44,45,蒜
787,6,食材,91,92,葫
787,7,食材,385,387,芸苔
787,8,食材,188,189,子
787,9,食材,243,244,苗
787,10,食材,249,250,叶
787,11,食材,418,420,油菜
787,12,食材,513,515,芫荽
787,13,食材,517,519,胡荽
787,14,食材,604,605,酒
787,15,食性,66,68,辛温
787,16,食性,105,108,生辛热
787,17,食性,109,112,熟甘温
787,18,食性,389,393,辛滑甘温
787,19,食性,521,523,辛温
787,20,食味,236,237,咸
787,21,功效,70,72,下气
787,22,功效,73,75,止痛
787,23,功效,77,79,杀虫
787,24,功效,117,120,辟阴邪
787,25,功效,123,125,暖中
787,26,功效,132,135,破恶血
787,27,功效,140,145,治暴泻腹痛
787,28,功效,153,157,辟秽解毒
787,29,功效,158,160,消痞
787,30,功效,163,167,外灸痈疽
787,31,功效,168,170,行水
787,32,功效,399,403,散血消肿
787,33,功效,404,408,破结通肠
787,34,功效,411,414,榨油
787,35,功效,524,526,散寒
787,36,功效,527,531,辟邪解秽
787,37,功效,543,546,杀鱼腥
787,38,功效,547,550,发痘疹
787,39,功效,671,674,辟恶气
787,40,病症,2,4,气痛
787,41,病症,10,13,赤门痢
787,42,病症,18,22,小儿疳痢
787,43,病症,32,35,汤火伤
787,44,病症,262,264,霍乱
787,45,病症,264,266,转筋
787,46,病症,267,270,噤口痢
787,47,病症,271,273,鼻渊
787,48,病症,274,278,鼻衄不止
787,49,病症,289,291,水肿
787,50,病症,312,317,喉痹肿痛
787,51,病症,318,322,诸物鲠喉
787,52,病症,331,333,阴疽
787,53,病症,333,335,阴毒
787,54,病症,353,356,蜈蚣咬
787,55,病症,488,492,游风丹毒
787,56,病症,493,497,妇人乳吹
787,57,病症,456,458,腰脚
787,58,病症,458,460,口齿
787,59,病症,210,212,痧痘
787,60,病症,470,472,疮家
787,61,病症,473,475,魍疾
787,62,病症,477,479,目证
787,63,病症,480,482,时感
787,64,病症,591,595,瘟证不达
787,65,病症,657,661,痘症不快
787,66,病症,697,699,寒湿
787,67,病症,694,696,浮佚
787,68,病症,703,705,秽恶
787,69,脏腑,362,363,心
787,70,食疗方,372,379,陈年醋浸大蒜
787,71,烹饪方法,28,29,煮
787,72,烹饪方法,507,508,煎
787,73,烹饪方法,5,6,捣
787,74,烹饪方法,40,41,杵
787,75,烹饪方法,41,42,涂
787,76,烹饪方法,283,284,贴
787,77,烹饪方法,346,347,灸
787,78,烹饪方法,359,360,封
787,79,烹饪方法,252,253,茹
787,80,烹饪方法,308,309,拥
787,81,烹饪方法,508,509,洗
787,82,烹饪方法,631,633,含喷
787,83,禁忌,85,89,病后忌之
787,84,禁忌,198,202,不宜多食
787,85,禁忌,203,207,阴虚内热
787,86,禁忌,208,210,胎产
787,87,禁忌,467,469,痧痘
787,88,禁忌,216,218,疮疟
787,89,禁忌,220,222,血证
787,90,禁忌,223,225,目疾
787,91,禁忌,230,231,喉
787,92,禁忌,232,233,舌
787,93,禁忌,558,562,凡病忌之
787,94,禁忌,552,556,多食损目
787,95,禁忌,449,453,发风动气
787,96,禁忌,14,16,产后
787,97,养生原则,585,588,损性灵
787,98,古籍来源,649,652,直指方
789,1,食材,14,15,瓜
789,2,食材,44,46,冬瓜
789,3,食材,81,83,芦菔
789,4,食材,169,171,瓜干
789,5,食材,269,271,丝瓜
789,6,食材,655,657,苦瓜
789,7,食性,133,135,甘平
789,8,食性,277,279,甘凉
789,9,食性,667,669,苦寒
789,10,食性,29,30,甘
789,11,食味,160,161,甘
789,12,功效,142,144,消渴
789,13,功效,145,147,治淋
789,14,功效,148,151,解热毒
789,15,功效,181,183,润肺
789,16,功效,184,187,化痰浊
789,17,功效,188,191,治肠痈
789,18,功效,199,202,祛风热
789,19,功效,203,208,治皮肤浮肿
789,20,功效,221,223,治痄
789,21,功效,229,231,止渴
789,22,功效,232,235,疗蜂螫
789,23,功效,258,267,治肺热焱火内痈诸证
789,24,功效,280,284,清热解毒
789,25,功效,285,287,安笳
789,26,功效,288,290,行乳
789,27,功效,291,293,调营
789,28,功效,294,296,补阳
789,29,功效,298,300,通络
789,30,功效,301,303,杀虫
789,31,功效,304,306,理籼
789,32,功效,307,309,消肿
789,33,功效,334,338,化阉除黄
789,34,功效,339,343,息风止血
789,35,功效,469,473,化焱止嗽
789,36,功效,564,569,治痧秽腹痛
789,37,功效,572,576,消暑解毒
789,38,功效,670,672,涤热
789,39,功效,673,675,明耳
789,40,功效,676,678,潸心
789,41,功效,722,726,养血滋肝
789,42,功效,727,731,涸脾补肾
789,43,病症,41,42,痢
789,44,病症,56,58,水肿
789,45,病症,86,88,发背
789,46,病症,97,98,疮
789,47,病症,345,349,痘疮不快
789,48,病症,389,391,喉痹
789,49,病症,399,404,痈疽不敛
789,50,病症,412,414,酒瘌
789,51,病症,416,420,便血腹痛
789,52,病症,422,426,肛门患瘃
789,53,病症,444,448,乳汁丕通
789,54,病症,449,453,经阻气痛
789,55,病症,454,456,腰痛
789,56,病症,457,459,疝痛
789,57,病症,461,463,滔积
789,58,病症,464,466,黄痕
789,59,病症,495,499,风热牙痛
789,60,病症,522,524,腮腴
789,61,病症,529,533,小儿浮肿
789,62,病症,615,619,睾丸偏坠
789,63,病症,644,647,汤火伤
789,64,烹饪方法,43,44,煮
789,65,烹饪方法,136,138,绞汁
789,66,烹饪方法,378,379,烧
789,67,烹饪方法,381,382,研
789,68,烹饪方法,510,513,煅存性
789,69,烹饪方法,507,508,擦
789,70,烹饪方法,527,528,敷
789,71,烹饪方法,691,692,瀹
789,72,禁忌,611,614,鱼发物
789,73,禁忌,705,710,中蹇者刎食
789,74,古籍来源,761,764,甲辰本
790,1,食材,12,14,鲫鱼
790,2,食材,49,51,鲂鱼
790,3,食材,95,97,鳜鱼
790,4,食材,152,154,鳓鱼
790,5,食材,198,200,鲦鱼
790,6,食材,231,233,银鱼
790,7,食材,261,263,蠡鱼
790,8,食材,278,280,黑鱼
790,9,食材,442,444,鲟鱼
790,10,食材,500,502,鳇鱼
790,11,食性,58,60,甘平
790,12,食性,174,176,甘温
790,13,食性,287,289,甘寒
790,14,食性,212,214,甘温
790,15,功效,61,63,补胥
790,16,功效,64,66,养脾
790,17,功效,67,69,去风
790,18,功效,71,73,运食
790,19,功效,107,110,益脾胃
790,20,功效,111,113,养血
790,21,功效,115,118,补虚劳
790,22,功效,119,122,杀劳虫
790,23,功效,123,127,消恶血
790,24,功效,128,131,运饮食
790,25,功效,531,533,补虚
790,26,功效,243,246,养胃阴
790,27,功效,247,250,和经脉
790,28,功效,290,292,行水
790,29,功效,294,297,化湿
790,30,功效,298,300,祛风
790,31,功效,302,304,稀瘟
790,32,功效,305,307,愈疮
790,33,功效,308,313,下大腹水肿
790,34,功效,314,316,脚气
790,35,功效,317,319,逋肠
790,36,功效,320,322,疔痔
790,37,功效,346,348,稀痘
790,38,功效,449,451,补冒
790,39,功效,452,454,活血
790,40,功效,455,457,通淋
790,41,功效,535,539,令人肥腱
790,42,病症,7,9,痔血
790,43,病症,19,23,酒积下血
790,44,病症,31,34,浸淫疮
790,45,病症,324,331,妊娠有水肤殍
790,46,病症,390,392,水气
790,47,病症,395,399,肠痔下血
790,48,病症,421,425,偏正头风
790,49,病症,461,462,疥
790,50,病症,464,465,癞
790,51,病症,185,186,虚
790,52,病症,550,551,痰
790,53,烹饪方法,0,1,煎
790,54,烹饪方法,25,26,煮
790,55,烹饪方法,43,44,捣
790,56,烹饪方法,44,45,贴
790,57,烹饪方法,15,17,作羹
790,58,烹饪方法,257,259,作干
790,59,烹饪方法,474,476,作蚱
790,60,烹饪方法,552,554,作鲱
790,61,禁忌,219,223,助火发疮
790,62,禁忌,224,229,诸病人勿食
790,63,禁忌,541,545,多食难化
790,64,禁忌,546,548,发疥
790,65,禁忌,558,561,勿多食
790,66,禁忌,562,565,反荆芥
790,67,脏腑,178,179,冒
790,68,脏腑,216,217,胃
790,69,古籍来源,338,340,道家
791,1,食材,0,2,丁香
791,2,食性,3,5,辛温
791,3,功效,6,8,暖胃
791,4,功效,9,11,去湿
791,5,功效,12,14,散寒
791,6,功效,15,17,辟恶
791,7,功效,18,20,杀虫
791,8,功效,22,24,消痞
791,9,功效,25,27,解秽
791,10,功效,29,32,已冷痢
791,11,功效,33,36,定冷痛
791,12,病症,37,40,痄箧哕
791,13,功效,42,45,补虚阳
791,14,功效,46,49,制酒肉
791,15,食材,50,52,鱼蟹
791,16,食材,52,54,瓜果
791,17,食材,54,56,诸莓
791,18,功效,80,82,辟秽
791,19,食材,92,94,川椒
791,20,烹饪方法,89,91,为末
791,21,烹饪方法,98,100,和之
791,22,食材,102,103,绡
791,23,禁忌,107,111,过食蟹
791,24,食材,112,113,蚌
791,25,食材,114,116,瓜果
791,26,病症,116,118,致病
791,27,食材,119,122,丁香末
791,28,病症,130,134,乳头裂破
791,29,食材,137,139,香末
791,30,病症,145,147,痈疽
791,31,病症,147,149,恶肉
791,32,病症,157,159,阴冷
791,33,食材,160,163,母丁香
791,34,烹饪方法,163,165,为末
791,35,食材,167,168,纱
791,36,病症,179,181,反胃
791,37,食材,182,185,母丁香
791,38,食材,190,193,盐梅肉
791,39,烹饪方法,193,195,捣丸
791,40,病症,204,208,胃寒吐泻
791,41,食材,209,212,母丁香
791,42,食材,213,215,橘红
791,43,烹饪方法,217,218,研
791,44,烹饪方法,219,221,蜜丸
791,45,食材,221,223,豆犬
791,46,食材,224,226,米汤
791,47,食材,232,234,桂皮
791,48,食性,236,238,辛湿
791,49,功效,243,245,下气
791,50,功效,246,248,和菅
791,51,功效,249,251,燥遢
791,52,功效,252,254,去风
791,53,功效,255,260,杀虫止痛
791,54,功效,261,264,制鸟&
791,55,食材,265,267,鳞介
791,56,食材,268,270,瓜果
791,57,病症,270,272,诸毒
791,58,病症,273,277,血虚内热
791,59,病症,282,284,诸病
791,60,食材,288,290,桂花
791,61,食性,292,294,辛遇
791,62,功效,295,297,辟臭
791,63,功效,298,300,醒臂
791,64,功效,301,303,化痰
791,65,烹饪方法,304,306,蒸露
791,66,烹饪方法,307,309,浸酒
791,67,烹饪方法,311,313,盐渍
791,68,烹饪方法,314,316,糟收
791,69,烹饪方法,318,320,造点
791,70,烹饪方法,321,323,作馅
791,71,功效,333,335,蒸茶
791,72,功效,335,338,油泽鬟
791,73,食材,340,342,松花
791,74,食材,344,348,花上黄粉
791,75,食材,355,358,白沙糖
791,76,食材,359,361,糕饵
791,77,功效,374,378,养血息风
791,78,禁忌,379,385,多食亦能助热
791,79,功效,386,391,单服治泻痢
791,80,食材,400,402,椿芽
791,81,食材,404,408,香椿嫩叶
791,82,食性,410,413,甘辛温
791,83,功效,414,416,祛风
791,84,功效,417,419,解毒
791,85,烹饪方法,420,422,入馔
791,86,烹饪方法,428,430,瀹熟
791,87,烹饪方法,430,432,腌焙
791,88,食材,433,434,脯
791,89,禁忌,440,446,多食壅气动风
791,90,食材,455,458,玫瑰花
791,91,食性,459,462,甘辛温
791,92,功效,463,465,调中
791,93,功效,466,468,活血
791,94,功效,470,473,舒郁结
791,95,功效,474,476,辟秽
791,96,功效,477,479,和肝
791,97,烹饪方法,480,482,蒸露
791,98,烹饪方法,483,485,熏茶
791,99,烹饪方法,486,487,糖
791,100,烹饪方法,488,490,作馅
791,101,烹饪方法,491,493,浸油
791,102,功效,493,495,泽嬖
791,103,烹饪方法,496,498,烘粉
791,104,功效,498,500,悦颜
791,105,烹饪方法,501,503,酿酒
791,106,病症,509,511,乳辉
791,107,食材,513,516,茉莉花
791,108,食性,518,521,辛甘邋
791,109,功效,522,526,和中下气
791,110,功效,527,530,辟秽浊
791,111,病症,532,536,下痢腹痛
791,112,烹饪方法,537,539,黛茶
791,113,烹饪方法,541,543,蒸露
791,114,烹饪方法,544,546,入药
791,115,食材,550,553,珍珠兰
791,116,食材,557,560,甜菊花
791,117,食性,561,563,甘谅
791,118,功效,564,568,清利头忖
791,119,功效,569,573,荞血息风
791,120,功效,574,577,消疔肿
791,121,烹饪方法,578,580,点茶
791,122,烹饪方法,581,583,蒸露
791,123,烹饪方法,585,587,酿酒
791,124,禁忌,591,595,苦者勿用
791,125,食材,599,602,野蔷薇
791,126,食材,603,606,金锒花
791,127,病症,621,623,头风
791,128,食材,630,633,甘菊花
791,129,病症,639,641,疔肿
791,130,病症,641,643,垂死
792,1,医家,8,11,王士雄
792,2,医家,327,330,王学权
792,3,医家,339,342,王图祥
792,4,医家,350,353,王升
792,5,医家,464,467,金履思
792,6,医家,499,502,俞世贯
792,7,医家,735,738,徐大椿
792,8,医家,746,748,史典
792,9,医家,757,760,沈尧封
792,10,医家,767,770,裴一中
792,11,医家,780,783,魏之诱
792,12,古籍来源,60,67,随息居饮食谱
792,13,古籍来源,729,734,重庆堂随笔
792,14,古籍来源,741,744,医砭
792,15,古籍来源,750,754,愿体医话
792,16,古籍来源,762,766,女科辑要
792,17,古籍来源,773,778,音医述评
792,18,古籍来源,785,789,柳州医话
793,1,病症,0,2,水胀
793,2,病症,3,5,久猁
793,3,烹饪方法,6,8,煮食
793,4,食材,12,15,野等巾
793,5,食材,21,23,獾肉
793,6,功效,40,43,杀蛸虫
793,7,病症,44,46,蓣搜
793,8,病症,47,49,疳臌
793,9,食材,57,59,狼肉
793,10,食性,61,63,咸温
793,11,功效,64,67,补丘肫
793,12,功效,68,71,御风寒
793,13,功效,73,77,暖胃摩肠
793,14,功效,78,82,壮阳填髓
793,15,食材,85,87,其脂
793,16,功效,88,90,润燥
793,17,病症,92,95,诸恶疮
793,18,禁忌,99,103,食狼去肠
793,19,病症,106,110,腹有冷积
793,20,禁忌,114,121,阴箧内热人忌食
793,21,食材,126,130,狼肥犰瘦
793,22,古籍来源,150,152,食疗
793,23,禁忌,156,161,食貅令人瘦
793,24,食材,163,165,兔肉
793,25,食性,167,169,甘冷
793,26,功效,170,172,凉血
793,27,功效,173,175,祛遢
793,28,功效,176,178,疗疮
793,29,功效,179,182,解热毒
793,30,功效,184,187,利长肠
793,31,禁忌,189,193,多食元附
793,32,禁忌,194,198,令人痿黄
793,33,禁忌,199,205,冬坌后癸耿分
793,34,禁忌,206,212,食之伤人忡气
793,35,禁忌,213,222,孕妇及阳虚者尤忌
793,36,禁忌,223,229,兔死而眼合者
793,37,禁忌,231,235,误食杀人
793,38,食材,237,240,水獭肉
793,39,食性,241,244,甘咸凉
793,40,功效,251,254,理肾蒸
793,41,功效,256,260,下水通经
793,42,功效,261,264,祛毒风
793,43,功效,265,270,利大小便
793,44,禁忌,272,279,多食消男子阴气
793,45,食材,281,283,其肝
793,46,食性,283,285,性热
793,47,功效,286,288,辟蛊
793,48,功效,288,290,杀虫
793,49,功效,291,294,朴产虚
793,50,功效,295,298,已劳嗽
793,51,功效,299,304,治传尸鬼疰
793,52,病症,305,310,鱼骨鲠喉
793,53,病症,311,315,疟久不瘳
793,54,病症,316,320,心腹积聚
793,55,病症,321,325,肠痔下血
793,56,病症,326,330,寒疝攻疼
793,57,食材,332,334,其爪
793,58,功效,334,336,搔喉
793,59,功效,338,341,洽骨鲠
793,60,食材,342,344,猬肉
793,61,食性,350,352,甘平
793,62,功效,353,355,下气
793,63,功效,356,358,杀虫
793,64,功效,359,362,治反胃
793,65,功效,363,365,痔漏
793,66,禁忌,368,375,食此必去骨挣尽
793,67,禁忌,376,382,误食令人瘦劣
793,68,食材,385,387,其皮
793,69,烹饪方法,387,390,煅研服
793,70,功效,391,396,治遗精甚效
793,71,食材,397,398,猾
793,72,食材,420,422,丹附
793,73,食材,429,430,鸡
793,74,食性,432,434,甘温
793,75,功效,435,437,补虚
793,76,功效,438,440,暖胄
793,77,功效,441,444,强筋骨
793,78,功效,445,448,续绝伤
793,79,功效,449,453,活血调经
793,80,功效,459,462,止崩带
793,81,功效,464,469,节小便频数
793,82,功效,471,476,主娩后箧羸
793,83,食材,480,487,细皮肥大而嫩者
793,84,食材,489,493,肥大雌鸡
793,85,食材,496,500,荐老雌鸡
793,86,烹饪方法,501,503,熬汁
793,87,食材,506,509,乌骨鸦
793,88,功效,509,513,滋补功优
793,89,禁忌,515,519,多食生热
793,90,禁忌,520,522,动风
793,91,病症,524,528,时感前后
793,92,病症,529,532,痘疹后
793,93,病症,533,536,疮疡后
793,94,病症,537,541,狯痢疳疸
793,95,病症,543,547,肝气月疾
793,96,病症,548,550,喉证
793,97,病症,551,553,脚气
793,98,病症,554,557,诸风病
793,99,禁忌,558,561,皆忌之
793,100,禁忌,563,566,末骟者
793,101,禁忌,567,571,愈老愈毒
793,102,禁忌,572,578,诸病均不可食
793,103,食材,584,587,丹雄鸡
793,104,功效,580,582,辟邪
794,1,食材,10,12,牛肉
794,2,食材,110,112,杏仁
794,3,食材,114,117,芦根汁
794,4,食材,130,132,驯肉
794,5,食材,151,153,骡肉
794,6,食材,169,172,野猪肉
794,7,食材,203,205,蹄爪
794,8,食材,228,229,脂
794,9,食材,238,239,酒
794,10,食材,275,278,熹猜肉
794,11,食材,309,311,虎肉
794,12,食材,379,381,豹肉
794,13,食材,413,415,熊肉
794,14,食材,451,453,熊掌
794,15,食材,533,535,熊臼
794,16,食材,566,568,象肉
794,17,食性,102,105,辛苦冷
794,18,食性,106,108,有毒
794,19,食性,133,135,酸平
794,20,食性,154,157,辛苦温
794,21,食性,173,175,甘平
794,22,食性,312,314,酸咸
794,23,食性,382,384,酸温
794,24,食性,417,419,甘湿
794,25,食性,570,572,甘平
794,26,食味,285,286,甘
794,27,功效,0,2,解之
794,28,功效,64,66,供綮
794,29,功效,89,92,治民病
794,30,功效,176,179,补五脏
794,31,功效,180,183,润肌肤
794,32,功效,184,187,治颠痫
794,33,功效,222,226,煨食即愈
794,34,功效,241,246,令妇人多乳
794,35,功效,328,331,补脾胃
794,36,功效,332,335,益气力
794,37,功效,336,339,止多唾
794,38,功效,343,348,辟精魅鬼疟
794,39,功效,359,362,治反胄
794,40,功效,363,367,涂白秃
794,41,功效,368,370,拣疮
794,42,功效,385,388,安五脏
794,43,功效,389,392,补绝份
794,44,功效,394,397,御风寒
794,45,功效,399,402,辟鬼魅
794,46,功效,403,406,壮觞骨
794,47,功效,408,411,强健人
794,48,功效,420,423,补盥损
794,49,功效,424,427,杀劳虫
794,50,功效,428,431,治风痹
794,51,功效,459,462,御风褰
794,52,功效,551,554,治疔疽
794,53,功效,555,557,去翳
794,54,功效,558,560,息惊
794,55,功效,587,590,通小便
794,56,功效,593,595,煅灰
794,57,病症,188,190,肠风
794,58,病症,191,193,痔血
794,59,病症,212,214,痈疽
794,60,病症,217,221,多年潺疮
794,61,病症,299,301,风虚
794,62,病症,371,373,痔疮
794,63,病症,374,377,狗皎疮
794,64,病症,432,436,筋骨不仁
794,65,禁忌,145,149,犯之杀人
794,66,禁忌,161,167,孕妇食之难产
794,67,禁忌,438,444,有锢疾者忌食
794,68,禁忌,577,582,多食则体重
794,69,烹饪方法,325,327,腌食
794,70,烹饪方法,496,497,煮
794,71,古籍来源,4,8,汪谢城曰
796,1,食材,0,2,槟榔
796,2,食性,6,7,温
796,3,食味,7,8,涩
796,4,功效,12,14,消痰
796,5,功效,15,17,辟獐
796,6,功效,17,19,杀虫
796,7,功效,20,22,析醒
796,8,功效,22,24,化食
796,9,功效,25,27,除胀
796,10,功效,27,30,泻满
796,11,功效,31,33,宣滞
796,12,功效,33,35,破坚
796,13,功效,38,40,和巾
796,14,功效,41,43,通肠
796,15,功效,43,45,遂水
796,16,功效,46,51,制肥甘之毒
796,17,功效,79,81,坚齿
796,18,功效,83,87,解口气
796,19,食材,140,143,无花果
796,20,食味,108,109,甘
796,21,食性,164,165,寒
796,22,功效,153,155,润肠
796,23,功效,157,161,上利咽喉
796,24,食材,169,171,蒲桃
796,25,食味,144,145,甘
796,26,食性,109,110,平
796,27,功效,175,177,补气
796,28,功效,178,181,滋肾液
796,29,功效,182,185,益肝阴
796,30,功效,186,188,养胃
796,31,功效,188,190,耐饥
796,32,功效,193,195,御风
796,33,功效,201,203,通淋
796,34,功效,115,117,止渴
796,35,功效,209,211,安胎
796,36,功效,681,683,涤暑
796,37,食材,412,415,落花生
796,38,食味,172,173,甘
796,39,食性,173,174,平
796,40,功效,428,430,润肺
796,41,功效,431,433,解毒
796,42,功效,434,436,化痰
796,43,食味,227,228,甘
796,44,食性,441,442,温
796,45,功效,443,445,养胃
796,46,功效,445,447,调气
796,47,功效,448,450,耐饥
796,48,食材,479,481,西瓜
796,49,食味,425,426,甘
796,50,食性,484,485,寒
796,51,功效,486,489,清肺胃
796,52,功效,490,493,解暑热
796,53,功效,118,120,除烦
796,54,功效,497,499,止渴
796,55,功效,500,502,醒酒
796,56,功效,505,509,疗喉痹
796,57,功效,513,516,治火毒
796,58,食材,631,633,瓜肉
796,59,功效,652,655,已目赤
796,60,食材,672,676,西瓜翠衣
796,61,禁忌,564,570,多食积寒助湿
796,62,禁忌,571,575,每患秋病
796,63,禁忌,596,600,食瓜腹胀
798,1,食材,10,13,籁猪肉
798,2,食材,57,59,花猪
798,3,食材,125,127,蹄肘
798,4,食材,480,482,猪肉
798,5,食材,483,487,娄猪肉
798,6,食材,494,498,黄獯猪肉
798,7,食材,499,502,瘟猪肉
798,8,食材,522,525,芭蕉根
798,9,食材,548,550,猪肉
798,10,食材,583,585,猜肉
798,11,食材,595,597,猪皮
798,12,食材,602,605,干肉皮
798,13,食味,19,20,甘
798,14,食味,20,21,咸
798,15,功效,23,26,补肾液
798,16,功效,28,31,充胃汁
798,17,功效,32,35,滋肝阴
798,18,功效,36,40,润肌肤
798,19,功效,41,44,利二便
798,20,功效,45,48,止消渴
798,21,功效,49,52,起挺羸
798,22,功效,109,111,补益
798,23,功效,667,670,清虑热
798,24,功效,670,673,治下痢
798,25,病症,192,194,外感
798,26,病症,338,340,哮嗽
798,27,病症,341,342,疟
798,28,病症,342,343,痢
798,29,病症,343,344,痧
798,30,病症,344,345,疝
798,31,病症,349,351,胀满
798,32,病症,352,354,脚气
798,33,病症,355,357,时毒
798,34,病症,358,360,喉痹
798,35,病症,365,366,疔
798,36,病症,366,367,痈
798,37,病症,532,534,火丹
798,38,病症,535,537,打饬
798,39,病症,537,539,青肿
798,40,病症,540,543,破伤风
798,41,病症,562,564,难产
798,42,病症,565,567,津枯
798,43,病症,567,569,血夺
798,44,病症,570,574,火灼燥渴
798,45,病症,575,577,乾嗽
798,46,病症,578,580,便秘
798,47,病症,392,394,痧痘
798,48,病症,395,397,时病
798,49,脏腑,282,283,心
798,50,烹饪方法,97,98,蒸
798,51,烹饪方法,140,141,煨
798,52,烹饪方法,585,586,煮
798,53,烹饪方法,608,609,刮
798,54,烹饪方法,617,619,暴燥
798,55,烹饪方法,642,643,浸
798,56,烹饪方法,554,555,贴
798,57,烹饪方法,189,190,饮
798,58,禁忌,181,186,多食助湿热
798,59,禁忌,195,198,昏神智
798,60,禁忌,201,205,令人鄙俗
798,61,禁忌,375,379,头肉尤总
798,62,禁忌,433,439,忌食新鲜之鲜
798,63,禁忌,441,447,忌食鱼腥之腥
798,64,养生原则,227,232,勿使胜食气
798,65,养生原则,313,318,勿纵其口臆
798,66,养生原则,387,390,勿太早
798,67,养生原则,399,406,须过弥月始可食
798,68,医家,454,457,医家
798,69,古籍来源,416,418,论语
