record_id,entity_index,label,declared_start,declared_end,entity_text,offset_integrity_status
2,1,食材,22,24,薄荷,exact_match
2,2,食材,55,57,白糖,exact_match
2,3,食材,72,75,荚豆粉,exact_match
2,4,食材,81,84,白檀末,exact_match
2,5,食材,103,104,面,text_found_at_other_position
2,6,食材,107,109,香油,text_found_at_other_position
2,7,食材,132,135,玫瑰糖,text_found_at_other_position
2,8,食材,137,141,胡桃白仁,text_found_at_other_position
2,9,食材,149,151,杏仁,text_found_at_other_position
2,10,食材,165,169,小茴香末,text_found_at_other_position
2,11,食材,364,367,松子仁,text_found_at_other_position
2,12,食材,287,289,干葛,text_found_at_other_position
2,13,食材,290,292,桔梗,text_found_at_other_position
2,14,食材,337,340,玫瑰花,text_found_at_other_position
2,15,食材,360,363,榛子仁,text_found_at_other_position
2,16,食材,354,357,瓜子仁,text_found_at_other_position
2,17,烹饪方法,35,36,煮,exact_match
2,18,烹饪方法,403,404,烙,text_found_at_other_position
2,19,烹饪方法,413,414,煎,text_found_at_other_position
2,20,烹饪方法,214,215,炒,text_found_at_other_position
2,21,烹饪方法,440,441,熬,text_found_at_other_position
2,22,食疗方,86,102,内府玫瑰火饼,entity_text_not_found_in_current_passage
2,23,古籍来源,306,309,玉躇痛,text_found_at_other_position
3,1,食材,197,200,白糖霜,exact_match
3,2,烹饪方法,171,172,煮,exact_match
3,3,烹饪方法,222,223,煎,exact_match
3,4,烹饪方法,355,356,熬,text_found_at_other_position
3,5,烹饪方法,430,432,澄漂,text_found_at_other_position
3,6,禁忌,371,375,饮之损人,text_found_at_other_position
3,7,禁忌,376,383,着衣服上即霉烂,text_found_at_other_position
3,8,养生原则,15,21,多备大缸贮下,exact_match
3,9,养生原则,34,41,急旋成窝耶住手,exact_match
3,10,养生原则,50,53,勿触动,exact_match
3,11,养生原则,86,92,舀至七分耶止,exact_match
3,12,养生原则,93,106,其周围白滓及底下泥连水淘冼,exact_match
3,13,养生原则,113,124,然后将别缸水如前法舀过,exact_match
3,14,养生原则,125,130,逐缸搬运毕,exact_match
3,15,养生原则,143,149,三日后舀过缸,exact_match
3,16,养生原则,150,154,剩去泥滓,exact_match
3,17,养生原则,155,159,如此三遍,exact_match
3,18,养生原则,179,184,人水煮滚透,exact_match
3,19,养生原则,186,190,舀取入坛,exact_match
3,20,养生原则,205,209,然后人水,exact_match
3,21,养生原则,46,48,盖好,exact_match
3,22,养生原则,253,263,亦须以绵绸滤去水中细,exact_match
3,23,养生原则,265,269,秋冬水清,exact_match
3,24,养生原则,298,309,山泉亦以源远流长者为佳,text_found_at_other_position
3,25,养生原则,310,317,若深潭停蓄之水,text_found_at_other_position
3,26,养生原则,319,323,无有来源,text_found_at_other_position
3,27,养生原则,325,329,且不流出,text_found_at_other_position
3,28,养生原则,330,341,但从凹山聚入者亦防有毒,text_found_at_other_position
3,29,养生原则,400,406,故必久宿乃妙,text_found_at_other_position
4,1,食材,17,19,麻菇,text_found_at_other_position
4,2,食材,20,22,鲜笋,text_found_at_other_position
4,3,食材,23,25,海蜇,text_found_at_other_position
4,4,食材,52,54,蹄爪,text_found_at_other_position
4,5,食材,65,68,石花莱,text_found_at_other_position
4,6,食材,104,106,大蹄,text_found_at_other_position
4,7,食材,120,122,核桃,text_found_at_other_position
4,8,食材,124,126,松仁,text_found_at_other_position
4,9,食材,9,10,肉,text_found_at_other_position
4,10,烹饪方法,28,29,煮,text_found_at_other_position
4,11,烹饪方法,11,12,切,text_found_at_other_position
4,12,烹饪方法,192,193,煨,text_found_at_other_position
4,13,烹饪方法,87,88,糟,text_found_at_other_position
4,14,烹饪方法,78,79,挂,text_found_at_other_position
4,15,烹饪方法,119,120,填,text_found_at_other_position
4,16,烹饪方法,137,138,扎,text_found_at_other_position
4,17,烹饪方法,144,145,捞,text_found_at_other_position
4,18,烹饪方法,158,160,切片,text_found_at_other_position
4,19,烹饪方法,89,90,蘸,text_found_at_other_position
5,1,食材,120,122,豆腐,text_found_at_other_position
5,2,食材,22,24,水酱,text_found_at_other_position
5,3,食材,34,36,赤酱,text_found_at_other_position
5,4,食材,100,102,香蕈,text_found_at_other_position
5,5,食材,103,105,丁香,text_found_at_other_position
5,6,食材,106,108,白芷,text_found_at_other_position
5,7,食材,109,112,大茴香,text_found_at_other_position
5,8,食材,113,115,桧皮,text_found_at_other_position
5,9,食材,259,261,虾米,text_found_at_other_position
5,10,烹饪方法,46,47,煎,text_found_at_other_position
5,11,烹饪方法,126,127,煮,text_found_at_other_position
5,12,烹饪方法,172,174,油煎,text_found_at_other_position
5,13,烹饪方法,318,319,炸,text_found_at_other_position
5,14,烹饪方法,230,231,烧,text_found_at_other_position
5,15,烹饪方法,130,131,浸,text_found_at_other_position
5,16,烹饪方法,51,54,布沥汁,text_found_at_other_position
5,17,烹饪方法,87,89,去渣,text_found_at_other_position
5,18,烹饪方法,197,201,滚油内沸,text_found_at_other_position
5,19,烹饪方法,224,228,调味得所,text_found_at_other_position
5,20,烹饪方法,271,277,浸开饭锅顿过,text_found_at_other_position
5,21,食疗方,162,169,豆腐脯,entity_text_not_found_in_current_passage
5,22,食疗方,208,215,豆腐汤,entity_text_not_found_in_current_passage
5,23,食疗方,249,256,煎豆腐,entity_text_not_found_in_current_passage
6,1,食材,3,6,太湖沙,exact_match
6,2,食材,7,9,海沙,exact_match
6,3,食材,23,24,豆,exact_match
6,4,食材,27,29,香油,exact_match
6,5,食材,57,58,盐,exact_match
6,6,食材,60,62,砂仁,exact_match
6,7,食材,64,66,糖卤,exact_match
6,8,食材,255,257,豆腐,text_found_at_other_position
6,9,食材,77,79,千豆,text_found_at_other_position
6,10,食材,335,337,黑豆,text_found_at_other_position
6,11,食材,338,340,黄豆,text_found_at_other_position
6,12,食材,341,343,白豆,text_found_at_other_position
6,13,食材,344,346,泥豆,text_found_at_other_position
6,14,食材,347,349,豌豆,text_found_at_other_position
6,15,食材,350,352,绿豆,text_found_at_other_position
6,16,食材,383,386,山矾叶,text_found_at_other_position
6,17,食材,387,389,醋浆,text_found_at_other_position
6,18,食材,390,392,醋淀,text_found_at_other_position
6,19,食材,153,155,石膏,text_found_at_other_position
6,20,烹饪方法,11,12,炒,exact_match
6,21,烹饪方法,30,31,熬,exact_match
6,22,烹饪方法,81,82,磨,text_found_at_other_position
6,23,烹饪方法,100,101,沥,text_found_at_other_position
6,24,烹饪方法,108,109,绞,text_found_at_other_position
6,25,烹饪方法,285,286,煮,text_found_at_other_position
6,26,功效,159,161,去火,text_found_at_other_position
6,27,古籍来源,326,330,本草纲目,text_found_at_other_position
6,28,医家,272,274,刘安,text_found_at_other_position
6,29,医家,281,284,苏东坡,text_found_at_other_position
7,1,食材,3,4,梅,text_found_at_other_position
7,2,食材,14,15,盐,text_found_at_other_position
7,3,食材,29,31,紫苏,text_found_at_other_position
7,4,食材,77,79,白糖,text_found_at_other_position
7,5,食材,103,105,青梅,text_found_at_other_position
7,6,食材,155,158,大黑豆,text_found_at_other_position
7,7,食材,159,162,大黄豆,text_found_at_other_position
7,8,食材,167,170,大青豆,text_found_at_other_position
7,9,食材,182,183,面,text_found_at_other_position
7,10,食材,211,214,苦瓜皮,text_found_at_other_position
7,11,食材,246,248,杏仁,text_found_at_other_position
7,12,烹饪方法,19,20,晒,text_found_at_other_position
7,13,烹饪方法,178,179,煮,text_found_at_other_position
7,14,烹饪方法,102,103,腌,text_found_at_other_position
7,15,烹饪方法,79,80,拌,text_found_at_other_position
7,16,烹饪方法,85,86,顿,text_found_at_other_position
7,17,功效,49,51,消暑,text_found_at_other_position
7,18,食味,0,1,咸,exact_match
7,19,食味,53,54,甜,text_found_at_other_position
8,1,食材,5,7,枸杞,text_found_at_other_position
8,2,食材,11,13,白糖,text_found_at_other_position
8,3,食材,26,28,松仁,text_found_at_other_position
8,4,食材,39,42,黄甘菊,text_found_at_other_position
8,5,食材,60,62,梅卤,text_found_at_other_position
8,6,食材,85,87,山查,text_found_at_other_position
8,7,食材,113,116,红花膏,text_found_at_other_position
8,8,食材,141,143,蜂蜜,text_found_at_other_position
8,9,食材,154,155,梨,text_found_at_other_position
8,10,食味,244,245,苦,text_found_at_other_position
8,11,功效,246,248,清热,text_found_at_other_position
8,12,烹饪方法,13,15,拌捣,text_found_at_other_position
8,13,烹饪方法,46,47,捣,text_found_at_other_position
8,14,烹饪方法,88,89,蒸,text_found_at_other_position
8,15,烹饪方法,181,182,熬,text_found_at_other_position
8,16,食疗方,0,4,杞饼,entity_text_not_found_in_current_passage
8,17,食疗方,34,38,菊饼,entity_text_not_found_in_current_passage
8,18,食疗方,75,82,山查膏,entity_text_not_found_in_current_passage
9,1,食材,21,23,生面,text_found_at_other_position
9,2,食材,26,28,蒸面,text_found_at_other_position
9,3,食材,31,33,脂油,text_found_at_other_position
9,4,食材,39,41,豆粉,text_found_at_other_position
9,5,食材,65,66,蜜,text_found_at_other_position
9,6,食材,67,68,油,text_found_at_other_position
9,7,食材,107,110,天花粉,text_found_at_other_position
9,8,食材,114,116,干葛,text_found_at_other_position
9,9,食材,120,122,桔梗,text_found_at_other_position
9,10,食材,144,146,薄荷,text_found_at_other_position
9,11,食材,223,225,瓜蒌,text_found_at_other_position
9,12,食材,302,304,葛根,text_found_at_other_position
9,13,食味,91,92,甜,text_found_at_other_position
9,14,功效,243,245,清热,text_found_at_other_position
9,15,功效,246,248,解渴,text_found_at_other_position
9,16,功效,249,251,解莓,text_found_at_other_position
9,17,功效,252,254,消肿,text_found_at_other_position
9,18,功效,306,308,发汗,text_found_at_other_position
9,19,功效,309,311,解热,text_found_at_other_position
9,20,功效,315,317,止泻,text_found_at_other_position
9,21,功效,400,402,祛痰,text_found_at_other_position
9,22,功效,403,405,排脓,text_found_at_other_position
9,23,病症,261,263,发热,text_found_at_other_position
9,24,病症,264,266,口渴,text_found_at_other_position
9,25,病症,274,275,疮,text_found_at_other_position
9,26,病症,276,277,疡,text_found_at_other_position
9,27,病症,278,279,痈,text_found_at_other_position
9,28,病症,280,281,肿,text_found_at_other_position
9,29,病症,337,339,头痛,text_found_at_other_position
9,30,病症,340,342,热痢,text_found_at_other_position
9,31,病症,343,345,泄泻,text_found_at_other_position
9,32,病症,356,361,麻疹发高热,text_found_at_other_position
9,33,病症,362,368,疹子透发不畅,text_found_at_other_position
9,34,病症,412,416,咳嗽痰多,text_found_at_other_position
9,35,病症,417,421,咳痰不爽,text_found_at_other_position
9,36,病症,423,427,咽喉肿痛,text_found_at_other_position
9,37,病症,429,433,痢疾腹痛,text_found_at_other_position
9,38,病症,434,438,里怠后重,text_found_at_other_position
9,39,病症,448,454,疮疡化脓肿痛,text_found_at_other_position
9,40,烹饪方法,49,51,包馅,text_found_at_other_position
9,41,烹饪方法,52,54,入炉,text_found_at_other_position
9,42,烹饪方法,476,480,研成细粉,text_found_at_other_position
10,1,食材,4,6,猪肚,exact_match
10,2,食材,7,9,小肠,exact_match
10,3,食材,47,49,莲肉,exact_match
10,4,食材,50,52,百合,exact_match
10,5,食材,60,62,薏米,exact_match
10,6,食材,77,81,猪腿精肉,text_found_at_other_position
10,7,食材,163,165,羊肉,text_found_at_other_position
10,8,食材,177,179,核桃,text_found_at_other_position
10,9,烹饪方法,38,39,煮,exact_match
10,10,烹饪方法,103,104,焯,text_found_at_other_position
10,11,烹饪方法,21,22,拌,exact_match
10,12,烹饪方法,89,90,槌,text_found_at_other_position
10,13,烹饪方法,81,82,切,text_found_at_other_position
10,14,烹饪方法,25,26,装,exact_match
10,15,烹饪方法,31,32,缝,exact_match
10,16,烹饪方法,18,20,磨粉,exact_match
11,1,食材,13,14,鸡,exact_match
11,2,食材,5,7,茴香,exact_match
11,3,食材,8,10,花椒,exact_match
11,4,食材,41,43,面饼,text_found_at_other_position
11,5,食材,90,92,香糟,text_found_at_other_position
11,6,食材,93,95,豆粉,text_found_at_other_position
11,7,食材,100,102,酱油,text_found_at_other_position
11,8,食材,110,111,鹅,text_found_at_other_position
11,9,食材,112,113,鸭,text_found_at_other_position
11,10,食材,114,115,鱼,text_found_at_other_position
11,11,食材,123,124,豆,text_found_at_other_position
11,12,食材,160,162,桂皮,text_found_at_other_position
11,13,食材,193,195,黄酒,text_found_at_other_position
11,14,食材,201,202,葱,text_found_at_other_position
11,15,食材,179,180,肉,text_found_at_other_position
11,16,食材,237,238,牛,text_found_at_other_position
11,17,烹饪方法,82,83,煮,text_found_at_other_position
11,18,烹饪方法,60,61,蒸,text_found_at_other_position
11,19,烹饪方法,137,138,炒,text_found_at_other_position
11,20,烹饪方法,105,106,烹,text_found_at_other_position
11,21,烹饪方法,220,221,擂,text_found_at_other_position
11,22,食疗方,292,294,鸡醢,text_found_at_other_position
12,1,食材,31,32,水,text_found_at_other_position
12,2,食材,44,45,米,text_found_at_other_position
12,3,食材,50,51,谷,text_found_at_other_position
12,4,食材,63,65,鱼肉,text_found_at_other_position
12,5,烹饪方法,103,104,炙,text_found_at_other_position
12,6,烹饪方法,432,433,爆,text_found_at_other_position
12,7,养生原则,134,138,调节颐养,text_found_at_other_position
12,8,养生原则,140,144,以和于身,text_found_at_other_position
12,9,脏腑,210,212,五脏,text_found_at_other_position
12,10,禁忌,157,162,食不须多味,text_found_at_other_position
13,1,食材,0,1,蟹,exact_match
13,2,食材,2,4,酱蟹,exact_match
13,3,食材,6,8,糟蟹,exact_match
13,4,食材,10,12,醉蟹,exact_match
13,5,食材,141,143,麻丝,text_found_at_other_position
13,6,食材,48,49,酱,exact_match
13,7,食材,45,46,酒,exact_match
13,8,烹饪方法,17,18,制,exact_match
13,9,烹饪方法,273,274,腌,text_found_at_other_position
13,10,禁忌,93,96,忌火照,exact_match
15,1,食材,3,4,蟹,exact_match
15,2,食材,14,16,椒粒,exact_match
15,3,食材,64,65,姜,text_found_at_other_position
15,4,食材,69,71,桔皮,text_found_at_other_position
15,5,食材,72,73,盐,text_found_at_other_position
15,6,食材,108,109,橙,text_found_at_other_position
15,7,食材,111,112,醋,text_found_at_other_position
15,8,食材,161,163,紫苏,text_found_at_other_position
15,9,食材,164,167,冬瓜汁,text_found_at_other_position
15,10,食材,222,224,柿子,text_found_at_other_position
15,11,食材,203,205,苦酒,text_found_at_other_position
15,12,食材,256,258,水莨,text_found_at_other_position
15,13,烹饪方法,49,50,煮,exact_match
15,14,烹饪方法,107,108,捣,text_found_at_other_position
15,15,功效,131,133,消食,text_found_at_other_position
15,16,功效,134,137,治胃气,text_found_at_other_position
15,17,功效,138,141,理经络,text_found_at_other_position
15,18,功效,207,211,通利支节,text_found_at_other_position
15,19,病症,437,439,霍乱,text_found_at_other_position
15,20,病症,440,442,腹泻,text_found_at_other_position
15,21,禁忌,176,184,蟹目相向者不可食,text_found_at_other_position
15,22,禁忌,38,46,用酒者断不宜用酱,exact_match
15,23,医家,116,118,孟诜,text_found_at_other_position
15,24,医家,233,236,陶隐居,text_found_at_other_position
15,25,古籍来源,119,125,《食疗本草》,text_found_at_other_position
16,1,古籍来源,11,15,《尔雅》,exact_match
16,2,古籍来源,15,19,《说文》,exact_match
16,3,古籍来源,537,543,《齐民要术》,text_found_at_other_position
16,4,医家,344,346,许慎,text_found_at_other_position
16,5,医家,199,202,年希尧,text_found_at_other_position
16,6,食材,47,51,野蔌山肴,exact_match
16,7,烹饪方法,97,98,和,exact_match
17,1,古籍来源,25,29,《周礼》,exact_match
17,2,养生原则,32,36,饮以养阴,exact_match
17,3,养生原则,37,41,食以养阴,exact_match
17,4,食材,80,82,汗水,text_found_at_other_position
17,5,食材,84,86,浊水,text_found_at_other_position
17,6,食材,103,106,冰雪水,text_found_at_other_position
17,7,食材,108,110,雪水,text_found_at_other_position
17,8,禁忌,123,131,"俱能伤人,不可饮",text_found_at_other_position
17,9,食材,158,160,山泉,text_found_at_other_position
17,10,食材,169,172,江湖水,text_found_at_other_position
17,11,养生原则,215,220,得太阴亦多,text_found_at_other_position
17,12,养生原则,221,227,故为养生第一,text_found_at_other_position
17,13,食材,237,241,扬子江心,text_found_at_other_position
17,14,食材,267,270,暴取水,text_found_at_other_position
17,15,禁忌,271,274,赤不佳,text_found_at_other_position
17,16,烹饪方法,287,290,藏水法,text_found_at_other_position
18,1,食材,0,1,鲞,exact_match
18,2,食材,6,11,宁波淡白鲞,text_found_at_other_position
18,3,食材,13,15,黄鱼,text_found_at_other_position
18,4,食材,51,53,虾粉,text_found_at_other_position
18,5,食材,74,76,鲜鲫,text_found_at_other_position
18,6,食材,84,86,甜酱,text_found_at_other_position
18,7,食材,102,103,茴,text_found_at_other_position
18,8,食材,104,106,椒末,text_found_at_other_position
18,9,食材,110,112,柘枝,text_found_at_other_position
18,10,食材,116,119,紫蔗皮,text_found_at_other_position
18,11,食材,120,122,荔壳,text_found_at_other_position
18,12,食材,123,125,松壳,text_found_at_other_position
18,13,食材,135,137,鲜鱼,text_found_at_other_position
18,14,食材,178,181,好肉汤,text_found_at_other_position
18,15,食材,196,197,糟,text_found_at_other_position
18,16,食材,251,252,酒,text_found_at_other_position
18,17,食味,57,58,咸,text_found_at_other_position
18,18,烹饪方法,25,27,切块,text_found_at_other_position
18,19,烹饪方法,28,30,蒸熟,text_found_at_other_position
18,20,烹饪方法,32,34,剃肉,text_found_at_other_position
18,21,烹饪方法,35,37,细剿,text_found_at_other_position
18,22,烹饪方法,38,40,珉骨,text_found_at_other_position
18,23,烹饪方法,41,43,酥炙,text_found_at_other_position
18,24,烹饪方法,44,46,焙燥,text_found_at_other_position
18,25,烹饪方法,47,49,研粉,text_found_at_other_position
18,26,烹饪方法,86,88,酱过,text_found_at_other_position
18,27,烹饪方法,94,97,挣油烹,text_found_at_other_position
18,28,烹饪方法,99,101,微晾,text_found_at_other_position
18,29,烹饪方法,106,108,揩匀,text_found_at_other_position
18,30,烹饪方法,112,114,薰之,text_found_at_other_position
18,31,烹饪方法,181,183,煮熟,text_found_at_other_position
18,32,烹饪方法,190,192,擦薰,text_found_at_other_position
18,33,烹饪方法,222,224,腌过,text_found_at_other_position
18,34,烹饪方法,16,18,日晒,text_found_at_other_position
18,35,禁忌,60,66,黄枯鲞不堪用,text_found_at_other_position
19,1,病症,129,131,伤脾,text_found_at_other_position
19,2,病症,135,137,伤血,text_found_at_other_position
20,1,食材,52,53,猪,exact_match
20,2,食材,57,58,鱼,exact_match
20,3,食材,61,62,鸡,exact_match
20,4,食材,66,67,蟹,exact_match
20,5,食材,198,200,山药,text_found_at_other_position
20,6,食材,201,203,百合,text_found_at_other_position
20,7,食材,204,207,羊眼豆,text_found_at_other_position
20,8,食性,270,271,寒,text_found_at_other_position
20,9,病症,142,144,腹痛,exact_match
20,10,烹饪方法,164,165,煮,text_found_at_other_position
20,11,烹饪方法,155,156,蒸,exact_match
20,12,禁忌,79,83,不可多食,exact_match
20,13,古籍来源,35,42,《混俗颐生论》,exact_match
21,1,医家,19,22,朱彝尊,text_found_at_other_position
21,2,古籍来源,11,17,《食宪鸿秘》,text_found_at_other_position
21,3,古籍来源,108,114,《曝书亭集》,text_found_at_other_position
21,4,食材,300,304,金华火腿,text_found_at_other_position
21,5,食材,372,373,笋,text_found_at_other_position
21,6,食材,396,399,乳制品,text_found_at_other_position
21,7,食材,434,436,面筋,text_found_at_other_position
21,8,食材,440,442,笄豆,text_found_at_other_position
21,9,食材,182,183,鱼,text_found_at_other_position
21,10,食材,450,452,鲫鱼,text_found_at_other_position
21,11,食材,457,458,鸭,text_found_at_other_position
21,12,食材,462,463,鸡,text_found_at_other_position
21,13,食材,467,469,熊掌,text_found_at_other_position
21,14,食材,534,536,松子,text_found_at_other_position
21,15,食材,536,539,海嘤嘶,text_found_at_other_position
21,16,食材,546,548,黄雀,text_found_at_other_position
21,17,食材,555,557,鹅蛋,text_found_at_other_position
21,18,食材,188,189,蟹,text_found_at_other_position
21,19,烹饪方法,140,141,煮,text_found_at_other_position
21,20,烹饪方法,339,340,糟,text_found_at_other_position
21,21,烹饪方法,346,348,辣拌,text_found_at_other_position
21,22,烹饪方法,306,307,制,text_found_at_other_position
21,23,食疗方,318,321,煮火飓,text_found_at_other_position
21,24,食疗方,471,474,东坡腿,text_found_at_other_position
21,25,食疗方,332,335,熟火腿,text_found_at_other_position
21,26,食疗方,445,447,鱼饼,text_found_at_other_position
21,27,食疗方,477,480,蔡肉丸,text_found_at_other_position
22,1,古籍来源,173,175,周礼,text_found_at_other_position
22,2,古籍来源,554,556,礼记,text_found_at_other_position
22,3,食材,42,44,六谷,exact_match
22,4,食材,44,46,六牲,exact_match
22,5,食材,229,230,黍,text_found_at_other_position
22,6,食材,231,232,稷,text_found_at_other_position
22,7,食材,233,234,粱,text_found_at_other_position
22,8,食材,235,236,麦,text_found_at_other_position
22,9,食材,243,244,稻,text_found_at_other_position
22,10,食材,248,250,菰米,text_found_at_other_position
22,11,食材,264,265,菽,text_found_at_other_position
22,12,食材,289,290,马,text_found_at_other_position
22,13,食材,291,292,牛,text_found_at_other_position
22,14,食材,293,294,羊,text_found_at_other_position
22,15,食材,295,296,豕,text_found_at_other_position
22,16,食材,198,199,犬,text_found_at_other_position
22,17,食材,75,76,鸡,exact_match
22,18,食材,56,58,百羞,exact_match
22,19,食材,58,60,百酱,exact_match
22,20,食材,73,75,雁翠,exact_match
22,21,食材,521,523,鸡肝,text_found_at_other_position
22,22,医家,213,215,郑玄,text_found_at_other_position
22,23,医家,217,219,郑众,text_found_at_other_position
22,24,养生原则,355,364,饮食和季书结合起来,text_found_at_other_position
22,25,禁忌,562,570,雏尾不盈握。弗食,text_found_at_other_position
23,1,食材,3,5,含桃,exact_match
23,2,食材,6,7,黍,exact_match
23,3,食材,367,368,韭,text_found_at_other_position
23,4,食材,128,129,鲭,text_found_at_other_position
23,5,食材,146,148,人乳,text_found_at_other_position
23,6,古籍来源,185,187,礼记,text_found_at_other_position
23,7,古籍来源,315,317,论语,text_found_at_other_position
23,8,古籍来源,340,343,南齐书,text_found_at_other_position
23,9,古籍来源,415,417,晋书,text_found_at_other_position
23,10,医家,686,689,朱彝尊,text_found_at_other_position
24,1,病症,102,104,中暑,text_found_at_other_position
24,2,病症,361,363,昏迷,text_found_at_other_position
24,3,病症,262,264,虚脱,text_found_at_other_position
24,4,病症,364,366,昏厥,text_found_at_other_position
24,5,病症,367,369,狂躁,text_found_at_other_position
24,6,病症,374,378,急性扭伤,text_found_at_other_position
24,7,病症,56,59,体温高,text_found_at_other_position
24,8,病症,65,69,四肢疲乏,text_found_at_other_position
24,9,病症,80,82,胸闷,text_found_at_other_position
24,10,病症,83,85,恶心,text_found_at_other_position
24,11,功效,240,244,开窍醒神,text_found_at_other_position
24,12,功效,247,251,镇静宁神,text_found_at_other_position
26,1,病症,30,32,恶寒,exact_match
26,2,病症,33,35,无汗,exact_match
26,3,病症,49,51,紧脉,exact_match
26,4,病症,63,67,筋脉拘急,exact_match
26,5,病症,69,75,关节屈伸不利,exact_match
26,6,病症,167,169,伤寒,text_found_at_other_position
26,7,病症,199,201,发热,text_found_at_other_position
26,8,病症,206,210,头项强痛,text_found_at_other_position
26,9,病症,211,213,身痛,text_found_at_other_position
26,10,病症,218,221,脉浮紧,text_found_at_other_position
26,11,病症,231,233,寒痹,text_found_at_other_position
26,12,病症,244,248,关节疼痛,text_found_at_other_position
26,13,病症,258,262,四肢拘急,text_found_at_other_position
26,14,病症,264,268,屈伸不利,text_found_at_other_position
26,15,病症,290,292,中寒,text_found_at_other_position
26,16,病症,303,307,腹痛腹泻,text_found_at_other_position
26,17,病症,308,310,肠鸣,text_found_at_other_position
26,18,病症,311,315,呕吐清水,text_found_at_other_position
26,19,病症,321,323,内寒,text_found_at_other_position
26,20,病症,348,352,畏寒肢冷,text_found_at_other_position
26,21,病症,353,355,气短,text_found_at_other_position
26,22,病症,356,358,唇青,text_found_at_other_position
26,23,病症,359,361,纳差,text_found_at_other_position
26,24,病症,368,372,小便频数,text_found_at_other_position
26,25,病症,373,377,腹胀便溏,text_found_at_other_position
26,26,病症,380,382,阳痿,text_found_at_other_position
26,27,病症,385,389,带下清稀,text_found_at_other_position
26,28,病症,524,528,脘腹冷痛,text_found_at_other_position
26,29,病症,530,532,呕吐,text_found_at_other_position
26,30,病症,555,558,脉微细,text_found_at_other_position
26,31,养生原则,426,430,阴盛则寒,text_found_at_other_position
26,32,养生原则,472,477,阴盛则阳病,text_found_at_other_position
26,33,脏腑,497,498,脾,text_found_at_other_position
26,34,脏腑,502,503,心,text_found_at_other_position
26,35,脏腑,503,504,肾,text_found_at_other_position
26,36,脏腑,498,499,胃,text_found_at_other_position
26,37,食性,3,4,寒,exact_match
26,38,食性,89,90,热,exact_match
26,39,食性,226,227,温,text_found_at_other_position
26,40,食性,225,226,辛,text_found_at_other_position
27,1,病症,0,4,喜则气缓,exact_match
27,2,病症,14,18,神不守舍,exact_match
27,3,病症,25,31,精神无法集中,exact_match
27,4,病症,32,36,心神恍惚,exact_match
27,5,病症,46,50,怒则气上,exact_match
27,6,病症,80,84,眩晕头痛,exact_match
27,7,病症,85,87,面赤,exact_match
27,8,病症,88,90,耳鸣,exact_match
27,9,病症,91,93,昏厥,exact_match
27,10,病症,98,102,悲则气消,exact_match
27,11,病症,115,119,形体憔悴,exact_match
27,12,病症,121,125,毛发枯萎,exact_match
27,13,病症,126,130,精神不振,exact_match
27,14,病症,131,135,生气索然,exact_match
27,15,病症,143,147,恐则气下,exact_match
27,16,病症,160,164,气泄于下,exact_match
27,17,病症,188,192,精滑遗泄,exact_match
27,18,病症,197,201,惊则气乱,exact_match
27,19,病症,241,243,惊厥,exact_match
27,20,病症,244,246,失精,exact_match
27,21,病症,250,254,思则气结,exact_match
27,22,病症,270,274,气机郁结,exact_match
27,23,病症,278,282,心悸少寐,exact_match
27,24,病症,283,287,不欲饮食,exact_match
27,25,脏腑,9,10,心,exact_match
27,26,脏腑,55,56,肝,exact_match
27,27,脏腑,109,110,肺,exact_match
27,28,脏腑,154,155,肾,exact_match
27,29,脏腑,265,266,脾,exact_match
27,30,古籍来源,505,509,《内经》,exact_match
28,1,功效,137,141,醒脑开窍,exact_match
28,2,功效,142,146,疏风清热,exact_match
28,3,功效,147,151,镇痈通络,exact_match
28,4,病症,155,161,头面五官疾患,exact_match
28,5,病症,163,165,热疖,exact_match
28,6,病症,166,168,无汗,exact_match
28,7,病症,169,171,自汗,exact_match
28,8,病症,173,175,盗汗,exact_match
28,9,病症,176,178,经闭,exact_match
28,10,病症,179,181,滞产,exact_match
28,11,病症,182,184,昏迷,exact_match
28,12,病症,185,187,癫痫,exact_match
28,13,病症,188,190,痹症,exact_match
28,14,功效,197,201,清热利湿,exact_match
28,15,功效,202,206,祛风解表,exact_match
28,16,功效,207,211,调和蒈卫,exact_match
28,17,病症,213,217,上肢不遂,exact_match
28,18,病症,218,221,高血压,exact_match
28,19,病症,227,231,咽喉肿痛,exact_match
28,20,功效,275,279,清热散风,exact_match
28,21,功效,280,283,通鼻窍,exact_match
29,1,病症,1,3,气盛,exact_match
29,2,病症,13,16,阴气盛,exact_match
29,3,病症,17,20,阳气盛,exact_match
29,4,病症,21,25,阴阳俱盛,exact_match
29,5,病症,26,28,上盛,exact_match
29,6,病症,29,31,下盛,exact_match
29,7,病症,32,34,甚饥,exact_match
29,8,病症,35,37,甚饱,exact_match
29,9,病症,38,41,肝气盛,exact_match
29,10,病症,315,318,肺气盛,exact_match
29,11,病症,46,49,心气盛,exact_match
29,12,病症,50,53,脾气盛,exact_match
29,13,病症,54,57,肾气盛,exact_match
29,14,病症,58,61,短虫多,exact_match
29,15,病症,62,65,长虫多,exact_match
29,16,古籍来源,77,81,《内经》,exact_match
29,17,古籍来源,134,144,《灵枢.淫邪发梦篇》,exact_match
29,18,病症,162,166,梦涉大水,exact_match
29,19,病症,174,179,梦大火燔灼,exact_match
29,20,病症,181,184,梦相杀,exact_match
29,21,病症,215,217,梦飞,exact_match
29,22,病症,218,220,梦堕,exact_match
29,23,病症,225,227,梦予,exact_match
29,24,病症,295,297,眩晕,exact_match
29,25,病症,298,300,耳鸣,exact_match
29,26,病症,301,303,头痛,exact_match
29,27,病症,307,311,梦见哭泣,exact_match
29,28,病症,312,314,恐惧,exact_match
29,29,病症,320,326,梦见喜笑畏怯,exact_match
29,30,病症,332,343,梦见腰脊分离而又相连接,exact_match
29,31,病症,349,355,梦见众人聚集,exact_match
29,32,病症,363,367,梦见打架,exact_match
29,33,病症,368,370,损伤,exact_match
29,34,病症,501,503,梦怒,exact_match
29,35,病症,516,518,飞扬,exact_match
29,36,病症,536,539,梦歌乐,exact_match
29,37,病症,540,545,身体重不举,exact_match
29,38,病症,550,557,梦腰脊两解不属,exact_match
29,39,脏腑,488,490,五脏,exact_match
29,40,病症,633,637,心血不足,exact_match
29,41,病症,643,647,心肾不交,exact_match
29,42,病症,654,658,心虚胆怯,exact_match
29,43,病症,669,673,心火旺盛,exact_match
29,44,功效,628,632,益气安神,exact_match
29,45,功效,638,642,养血安神,exact_match
29,46,功效,648,652,交通心肾,exact_match
29,47,功效,659,663,壮胆镇惊,exact_match
29,48,功效,664,668,安神定志,exact_match
29,49,功效,675,679,清心泻火,exact_match
30,1,病症,0,3,急痛症,exact_match
30,2,病症,12,14,心痛,exact_match
30,3,病症,50,52,胆痛,exact_match
30,4,病症,92,94,蛔厥,exact_match
30,5,病症,127,129,胃疼,exact_match
30,6,病症,167,169,腹痛,text_found_at_other_position
30,7,病症,202,204,肾痛,text_found_at_other_position
30,8,病症,253,255,出血,text_found_at_other_position
30,9,病症,289,291,咳血,text_found_at_other_position
30,10,病症,292,296,肝火犯肺,text_found_at_other_position
30,11,病症,321,325,阴虚火旺,text_found_at_other_position
30,12,病症,368,370,肺热,text_found_at_other_position
30,13,病症,404,406,胃热,text_found_at_other_position
30,14,病症,442,444,肝火,text_found_at_other_position
30,15,病症,481,485,胃中积热,text_found_at_other_position
30,16,病症,510,512,吐血,text_found_at_other_position
30,17,病症,513,517,肝火犯胃,text_found_at_other_position
30,18,病症,545,549,脾气虚弱,text_found_at_other_position
30,19,病症,584,586,便血,text_found_at_other_position
30,20,病症,629,633,大肠湿热,text_found_at_other_position
30,21,病症,711,713,尿血,text_found_at_other_position
30,22,病症,727,731,心火亢盛,text_found_at_other_position
30,23,归经,16,18,任脉,exact_match
30,24,归经,19,22,膀胱经,exact_match
30,25,归经,24,27,厥阴经,exact_match
30,26,归经,55,58,足少阳,exact_match
30,27,归经,96,99,手阳明,exact_match
30,28,归经,131,133,阳明,exact_match
30,29,归经,174,179,手足阳明经,text_found_at_other_position
30,30,归经,270,274,手足厥阴,text_found_at_other_position
30,31,归经,276,279,心包经,text_found_at_other_position
30,32,归经,281,283,肝经,text_found_at_other_position
30,33,归经,285,288,手太阴,text_found_at_other_position
30,34,归经,326,331,手太阴肺经,text_found_at_other_position
30,35,归经,332,337,足少阴肾经,text_found_at_other_position
30,36,归经,372,374,督脉,text_found_at_other_position
30,37,归经,375,380,手太阴经脉,text_found_at_other_position
30,38,归经,449,452,足厥阴,text_found_at_other_position
30,39,归经,453,456,少阴经,text_found_at_other_position
30,40,归经,413,416,足阳明,text_found_at_other_position
30,41,归经,59,62,厥阴经,exact_match
30,42,归经,551,554,足太阴,text_found_at_other_position
30,43,归经,635,638,足太阳,text_found_at_other_position
30,44,归经,490,493,足阳明,text_found_at_other_position
30,45,归经,643,647,足太阴经,text_found_at_other_position
30,46,归经,209,212,足少阴,text_found_at_other_position
31,1,病症,301,303,感冒,text_found_at_other_position
31,2,病症,304,306,肺炎,text_found_at_other_position
31,3,病症,307,311,支气管炎,text_found_at_other_position
31,4,病症,312,315,肺结核,text_found_at_other_position
31,5,病症,329,333,心动过速,text_found_at_other_position
31,6,病症,334,338,心动过缓,text_found_at_other_position
31,7,病症,339,342,心绞痛,text_found_at_other_position
31,8,病症,356,358,肠炎,text_found_at_other_position
31,9,病症,359,361,痢疾,text_found_at_other_position
31,10,病症,362,364,胃炎,text_found_at_other_position
31,11,病症,365,369,消化不良,text_found_at_other_position
31,12,病症,370,373,溃疡病,text_found_at_other_position
31,13,病症,375,378,胃下垂,text_found_at_other_position
31,14,病症,379,382,胆绞痛,text_found_at_other_position
31,15,病症,383,386,胆囊炎,text_found_at_other_position
31,16,病症,387,389,肝炎,text_found_at_other_position
31,17,病症,404,406,遗精,text_found_at_other_position
31,18,病症,407,409,遗尿,text_found_at_other_position
31,19,病症,410,412,阳痿,text_found_at_other_position
31,20,病症,413,415,闭经,text_found_at_other_position
31,21,病症,416,418,痛经,text_found_at_other_position
31,22,病症,419,423,月经不调,text_found_at_other_position
31,23,病症,424,426,肾炎,text_found_at_other_position
31,24,病症,428,431,肾绞痛,text_found_at_other_position
31,25,病症,432,435,盆腔炎,text_found_at_other_position
31,26,病症,436,440,胎位不正,text_found_at_other_position
31,27,病症,441,443,难产,text_found_at_other_position
31,28,病症,455,457,癔病,text_found_at_other_position
31,29,病症,458,462,神经衰弱,text_found_at_other_position
31,30,病症,463,465,脱肛,text_found_at_other_position
31,31,病症,466,468,痔疮,text_found_at_other_position
31,32,病症,485,487,头痛,text_found_at_other_position
31,33,病症,488,490,眼痛,text_found_at_other_position
31,34,病症,491,494,颈背痛,text_found_at_other_position
31,35,病症,495,497,腰痛,text_found_at_other_position
31,36,病症,498,503,坐骨神经痛,text_found_at_other_position
31,37,病症,504,506,瘫痪,text_found_at_other_position
31,38,病症,507,513,风湿性关节炎,text_found_at_other_position
31,39,古籍来源,516,524,足太阳膀胱经图解,text_found_at_other_position
32,1,古籍来源,0,6,《黄帝内经》,exact_match
32,2,古籍来源,60,64,《周易》,exact_match
32,3,脏腑,218,220,大肠,exact_match
32,4,脏腑,228,229,肺,exact_match
32,5,脏腑,232,233,胃,exact_match
32,6,病症,243,249,上呼吸道感染,exact_match
32,7,病症,250,256,头面五官疾病,exact_match
32,8,病症,257,263,过敏性皮肤病,exact_match
33,1,病症,387,389,痛经,text_found_at_other_position
33,2,病症,380,384,寒凝血瘀,text_found_at_other_position
33,3,病症,621,625,经行腹痛,text_found_at_other_position
33,4,养生原则,263,269,注意经期卫生,text_found_at_other_position
33,5,养生原则,271,277,保持阴部清洁,text_found_at_other_position
33,6,养生原则,282,292,在经期应注意下身保暖,text_found_at_other_position
33,7,养生原则,294,298,避免受寒,text_found_at_other_position
33,8,养生原则,303,309,保持心情舒畅,text_found_at_other_position
33,9,养生原则,310,316,避免精神刺激,text_found_at_other_position
33,10,养生原则,323,327,注意休息,text_found_at_other_position
33,11,养生原则,329,333,保证睡眠,text_found_at_other_position
33,12,养生原则,335,341,减轻体力劳动,text_found_at_other_position
33,13,养生原则,343,349,避免剧烈运动,text_found_at_other_position
33,14,养生原则,353,362,经期要注意饮食调理,text_found_at_other_position
33,15,养生原则,364,377,经前和经期忌食生冷寒凉之物,text_found_at_other_position
33,16,功效,437,441,温经通络,text_found_at_other_position
33,17,烹饪方法,401,403,摩法,text_found_at_other_position
33,18,烹饪方法,516,518,按揉,text_found_at_other_position
33,19,烹饪方法,229,231,按摩,text_found_at_other_position
34,1,脏腑,12,13,心,exact_match
34,2,脏腑,40,41,脑,text_found_at_other_position
34,3,脏腑,438,439,肺,text_found_at_other_position
35,1,病症,8,11,肾气虚,exact_match
35,2,病症,21,24,肝气虚,exact_match
35,3,病症,40,43,心气虚,exact_match
35,4,病症,53,56,脾气虚,exact_match
35,5,病症,66,68,气虚,exact_match
35,6,病症,69,73,阴阳偏衰,exact_match
35,7,病症,87,89,阴虚,exact_match
35,8,病症,90,92,阳虚,exact_match
35,9,病症,93,97,阴阳两虚,exact_match
35,10,病症,125,129,少气之厥,exact_match
35,11,病症,133,135,妄梦,exact_match
35,12,医家,147,150,张景岳,text_found_at_other_position
35,13,古籍来源,117,121,《内经》,exact_match
35,14,古籍来源,150,157,《类经.梦寐》,text_found_at_other_position
35,15,病症,221,225,阴虚阳亢,text_found_at_other_position
35,16,病症,226,230,虚热梦证,text_found_at_other_position
35,17,病症,250,254,阴寒偏盛,text_found_at_other_position
35,18,病症,202,204,梦证,text_found_at_other_position
35,19,病症,315,318,肺气虚,text_found_at_other_position
35,20,功效,59,63,补其偏衰,exact_match
35,21,功效,103,107,补其不足,exact_match
35,22,功效,233,238,补阴以制阳,text_found_at_other_position
35,23,功效,278,282,阴阳双补,text_found_at_other_position
36,1,养生原则,411,415,秋冬养阴,text_found_at_other_position
36,2,养生原则,418,422,无扰乎阳,text_found_at_other_position
36,3,养生原则,424,433,"虚者补之,寒者温之",text_found_at_other_position
36,4,病症,449,451,寒邪,text_found_at_other_position
36,5,禁忌,454,458,少食生冷,text_found_at_other_position
36,6,脏腑,464,466,脾胃,text_found_at_other_position
36,7,养生原则,472,476,滋阴潜阳,text_found_at_other_position
36,8,食材,508,512,新鲜蔬莱,text_found_at_other_position
36,9,养生原则,739,741,养藏,text_found_at_other_position
36,10,古籍来源,189,193,《内经》,exact_match
36,11,医家,341,344,孙思邈,text_found_at_other_position
37,1,养生原则,0,6,道家追求健康,exact_match
37,2,养生原则,7,11,延年益寿,exact_match
37,3,养生原则,50,52,服食,text_found_at_other_position
37,4,养生原则,75,79,修练内丹,text_found_at_other_position
37,5,养生原则,159,161,静功,text_found_at_other_position
37,6,养生原则,166,168,动功,text_found_at_other_position
37,7,养生原则,169,172,五禽戏,text_found_at_other_position
37,8,养生原则,173,176,太极拳,text_found_at_other_position
37,9,古籍来源,189,194,《内经图》,text_found_at_other_position
37,10,养生原则,197,202,道家静养功,text_found_at_other_position
37,11,养生原则,248,250,性功,text_found_at_other_position
37,12,养生原则,251,253,命功,text_found_at_other_position
37,13,养生原则,254,258,修持方法,text_found_at_other_position
38,1,脏腑,5,7,小肠,exact_match
38,2,脏腑,127,128,肾,exact_match
38,3,古籍来源,265,269,《内经》,exact_match
38,4,古籍来源,312,321,《素问.水热穴论》,exact_match
38,5,古籍来源,355,366,《素问 .金匮真言论》,exact_match
38,6,脏腑,281,283,膀胱,exact_match
38,7,脏腑,284,286,三焦,exact_match
40,1,病症,115,117,中暑,exact_match
40,2,病症,120,123,虚脱型,exact_match
40,3,病症,128,131,高热型,exact_match
40,4,病症,155,159,大量出汗,exact_match
40,5,病症,166,168,脱水,exact_match
40,6,病症,169,173,血压下降,exact_match
40,7,病症,174,177,脑缺血,exact_match
40,8,病症,178,180,晕厥,exact_match
40,9,病症,245,247,昏迷,exact_match
40,10,病症,597,599,休克,text_found_at_other_position
40,11,食材,511,514,淡盐水,text_found_at_other_position
40,12,烹饪方法,445,447,点刺,text_found_at_other_position
40,13,养生原则,615,621,预防胜于治疗,text_found_at_other_position
41,1,古籍来源,2,8,《黄帝内经》,exact_match
41,2,古籍来源,16,21,《内经图》,exact_match
41,3,脏腑,106,110,五脏六腑,exact_match
42,1,古籍来源,0,12,五行与主要人体器官关系表,exact_match
42,2,脏腑,26,27,肝,text_found_at_other_position
42,3,脏腑,28,29,胆,text_found_at_other_position
42,4,脏腑,51,52,心,text_found_at_other_position
42,5,脏腑,53,55,小肠,text_found_at_other_position
42,6,脏腑,69,70,脾,text_found_at_other_position
42,7,脏腑,71,72,胃,text_found_at_other_position
42,8,脏腑,96,97,肺,text_found_at_other_position
42,9,脏腑,98,100,大肠,text_found_at_other_position
42,10,脏腑,121,122,肾,text_found_at_other_position
42,11,脏腑,123,125,膀胱,text_found_at_other_position
42,12,养生原则,30,49,"肝的特性是怕郁结 ,要像树木般得到舒展",text_found_at_other_position
42,13,养生原则,56,67,"心推动气血,温暖整个人",text_found_at_other_position
42,14,养生原则,73,92,"脾主消化吸收。滋润身体,如大地孕育万物",text_found_at_other_position
42,15,养生原则,101,117,"肺主声 ,肺气宜清,如金属般铿锵",text_found_at_other_position
42,16,养生原则,126,143,"生命的本源来自水,而肾属先天的本源",text_found_at_other_position
42,17,养生原则,160,172,相克: 互相制约和克服,text_found_at_other_position
42,18,养生原则,180,194,金坚硬妨碍树木生长一一金克木,text_found_at_other_position
42,19,养生原则,198,211,植树以防泥土松脱一一木克土,text_found_at_other_position
42,20,养生原则,215,228,泛滥时用沙包挡水一一土克水,text_found_at_other_position
42,21,养生原则,232,242,用水来灭火一一水克火,text_found_at_other_position
42,22,养生原则,243,254,用火可熔化金一一火克金,text_found_at_other_position
43,1,食材,21,23,茶叶,exact_match
43,2,归经,24,26,肝经,exact_match
43,3,功效,28,32,明目清肝,exact_match
43,4,食材,39,42,无花果,exact_match
43,5,归经,44,52,肺。胃。大肠经,entity_text_not_found_in_current_passage
43,6,食材,60,63,马齿苋,exact_match
43,7,归经,65,70,心及大肠经,exact_match
43,8,食材,78,80,杞子,exact_match
43,9,归经,82,86,肝。肾经,exact_match
43,10,食材,94,97,桑寄生,exact_match
43,11,归经,99,103,肝。肾经,exact_match
43,12,食材,112,114,莲子,exact_match
43,13,归经,116,118,脾经,exact_match
43,14,养生原则,120,129,不同体质的饮食要求,exact_match
43,15,病症,130,135,阴虚之体质,exact_match
43,16,食材,149,151,芝麻,exact_match
43,17,食材,152,154,糯米,exact_match
43,18,食材,155,157,蜂蜜,exact_match
43,19,食材,158,160,乳品,exact_match
43,20,食材,161,163,甘蔗,exact_match
43,21,食材,164,166,蔬莱,exact_match
43,22,食材,167,169,水果,exact_match
43,23,食材,170,172,豆腐,exact_match
43,24,食材,173,175,鱼类,exact_match
43,25,食味,191,192,辛,exact_match
43,26,病症,201,206,阳虚之体质,exact_match
43,27,食材,221,223,羊肉,exact_match
43,28,食材,224,226,狗肉,exact_match
43,29,食材,227,229,鹿肉,exact_match
43,30,食疗方,244,247,附子粥,exact_match
43,31,食疗方,248,253,羊肉附子汤,exact_match
43,32,病症,274,279,气虚之体质,exact_match
43,33,功效,289,291,补气,exact_match
43,34,食疗方,296,301,入参莲肉汤,exact_match
43,35,食材,307,309,粳米,exact_match
43,36,食材,310,312,糯米,exact_match
43,37,食材,313,315,小米,exact_match
43,38,食材,316,318,黄米,exact_match
43,39,食材,319,321,大麦,exact_match
43,40,食材,322,324,山药,exact_match
43,41,食材,325,327,大枣,exact_match
43,42,功效,333,335,补气,exact_match
43,43,病症,344,349,血虚之体质,exact_match
43,44,食材,355,357,桑葚,exact_match
43,45,食材,357,359,荔枝,exact_match
43,46,食材,360,362,松子,exact_match
43,47,食材,363,366,黑木耳,exact_match
43,48,食材,367,369,甲鱼,exact_match
43,49,食材,370,372,羊肝,exact_match
43,50,食材,373,375,海参,exact_match
43,51,功效,387,391,补血养血,exact_match
43,52,病症,396,401,阳盛之体质,exact_match
43,53,禁忌,407,414,忌辛辣燥烈食物,exact_match
43,54,食材,416,418,辣椒,exact_match
43,55,食材,185,186,姜,exact_match
43,56,食材,184,185,葱,exact_match
43,57,食材,187,188,蒜,exact_match
43,58,食材,428,430,牛肉,exact_match
43,59,食材,434,436,鸡肉,exact_match
43,60,食材,453,455,水果,exact_match
43,61,食材,456,458,蔬菜,exact_match
43,62,食材,459,461,苦瓜,exact_match
43,63,食性,465,467,辛热,exact_match
43,64,禁忌,474,476,戒酒,exact_match
46,1,古籍来源,0,4,《内经》,exact_match
46,2,养生原则,39,41,顺势,exact_match
46,3,养生原则,50,56,顺应自然之势,exact_match
46,4,养生原则,402,410,针道必须合于天道,text_found_at_other_position
46,5,养生原则,413,420,天道即自然之道,text_found_at_other_position
46,6,病症,96,100,形体粗壮,exact_match
46,7,病症,154,158,形体瘦削,text_found_at_other_position
46,8,病症,237,241,气血外浮,text_found_at_other_position
46,9,病症,260,264,气血内沉,text_found_at_other_position
47,1,食材,30,33,淡竹沥,exact_match
47,2,食性,34,36,大寒,exact_match
47,3,病症,38,40,中风,exact_match
47,4,病症,44,46,烦闷,exact_match
47,5,病症,48,50,劳复,exact_match
47,6,食材,52,55,谈竹筇,exact_match
47,7,病症,59,61,噎膈,exact_match
47,8,病症,62,64,鼻衄,exact_match
47,9,食材,69,71,竹实,exact_match
47,10,功效,74,77,通神明,exact_match
47,11,功效,78,80,轻身,exact_match
47,12,功效,81,83,益气,exact_match
47,13,食材,85,86,筻,exact_match
47,14,食味,91,92,淡,exact_match
47,15,食味,19,20,苦,exact_match
47,16,食味,95,96,甘,exact_match
47,17,食材,112,114,苦笋,exact_match
47,18,食味,128,129,甘,text_found_at_other_position
47,19,食味,93,94,苦,exact_match
47,20,食性,133,134,寒,text_found_at_other_position
47,21,古籍来源,136,140,本草图经,text_found_at_other_position
47,22,食材,117,119,苦竹,text_found_at_other_position
47,23,功效,204,208,清热利湿,text_found_at_other_position
47,24,功效,209,212,除热气,text_found_at_other_position
47,25,功效,213,216,止消渴,text_found_at_other_position
47,26,功效,217,219,明目,text_found_at_other_position
47,27,功效,220,223,解酒毒,text_found_at_other_position
47,28,食材,238,241,锬竹沥,text_found_at_other_position
47,29,食材,246,248,竹汁,text_found_at_other_position
47,30,食材,249,251,竹油,text_found_at_other_position
47,31,食材,290,293,苦竹沥,text_found_at_other_position
47,32,食材,299,302,筻竹沥,text_found_at_other_position
47,33,病症,305,307,风痊,text_found_at_other_position
47,34,食味,309,310,甘,text_found_at_other_position
47,35,食味,130,131,苦,text_found_at_other_position
47,36,食性,314,315,蹇,text_found_at_other_position
47,37,归经,316,318,入心,text_found_at_other_position
47,38,归经,319,321,胃经,text_found_at_other_position
47,39,功效,324,328,清热滑痰,text_found_at_other_position
47,40,功效,329,333,镇惊利窍,text_found_at_other_position
47,41,功效,334,337,清心火,text_found_at_other_position
47,42,功效,338,342,化痰止渴,text_found_at_other_position
47,43,病症,356,364,脑血管意外后遗症,text_found_at_other_position
47,44,食材,367,370,淡竹茹,text_found_at_other_position
47,45,食材,375,377,竹皮,text_found_at_other_position
47,46,食材,378,380,麻巴,text_found_at_other_position
47,47,食材,381,384,竹二青,text_found_at_other_position
47,48,食味,406,407,甘,text_found_at_other_position
47,49,食性,409,410,凉,text_found_at_other_position
47,50,病症,413,417,胃热噎膈,text_found_at_other_position
47,51,病症,418,422,胃虚干呕,text_found_at_other_position
47,52,病症,429,433,痰热恶心,text_found_at_other_position
47,53,病症,434,438,酒伤呕吐,text_found_at_other_position
47,54,病症,439,443,痰涎酸水,text_found_at_other_position
47,55,病症,444,448,惊悸怔忡,text_found_at_other_position
47,56,病症,455,459,睡卧不宁,text_found_at_other_position
47,57,食材,467,469,竹米,text_found_at_other_position
47,58,医家,482,485,陶弘景,text_found_at_other_position
47,59,古籍来源,500,502,本经,text_found_at_other_position
47,60,功效,506,508,益气,text_found_at_other_position
47,61,食材,514,517,筮竹叶,text_found_at_other_position
47,62,食味,145,146,苦,text_found_at_other_position
47,63,食性,522,523,平,text_found_at_other_position
47,64,古籍来源,525,527,本经,text_found_at_other_position
47,65,病症,532,537,咳逆上气溢,text_found_at_other_position
47,66,病症,538,542,筋急恶疡,text_found_at_other_position
47,67,病症,545,547,小虫,text_found_at_other_position
47,68,古籍来源,550,552,别录,text_found_at_other_position
47,69,病症,557,561,烦热风痉,text_found_at_other_position
47,70,病症,562,564,喉痹,text_found_at_other_position
47,71,病症,565,567,呕吐,text_found_at_other_position
47,72,食材,568,571,筻竹根,text_found_at_other_position
47,73,功效,584,588,益气止渴,text_found_at_other_position
47,74,功效,590,594,补虚下气,text_found_at_other_position
48,1,医家,9,11,孟诜,exact_match
48,2,古籍来源,3,7,《敦煌》,exact_match
48,3,古籍来源,86,90,《卷子》,exact_match
48,4,古籍来源,106,111,《医心方》,text_found_at_other_position
48,5,古籍来源,156,160,《食经》,text_found_at_other_position
48,6,食材,161,163,胡桃,text_found_at_other_position
48,7,食材,174,176,胡粉,text_found_at_other_position
48,8,病症,101,105,一切痔病,text_found_at_other_position
48,9,烹饪方法,164,165,烧,text_found_at_other_position
48,10,烹饪方法,169,170,研,text_found_at_other_position
48,11,烹饪方法,182,183,傅,text_found_at_other_position
49,1,食材,172,174,鲈鱼,text_found_at_other_position
49,2,食性,5,6,平,exact_match
49,3,功效,9,11,安胎,exact_match
49,4,功效,12,14,补中,exact_match
49,5,功效,21,24,补五脏,exact_match
49,6,功效,29,32,益筋骨,exact_match
49,7,功效,33,36,和肠胃,exact_match
49,8,病症,39,41,水气,exact_match
49,9,病症,82,87,瘃癖及疮肿,text_found_at_other_position
49,10,禁忌,89,96,不可与乳酪同食,text_found_at_other_position
49,11,食材,178,180,花寨,text_found_at_other_position
49,12,食味,190,191,甘,text_found_at_other_position
49,13,食性,193,194,平,text_found_at_other_position
49,14,食味,199,200,咸,text_found_at_other_position
49,15,功效,208,212,补益脾胃,text_found_at_other_position
49,16,功效,214,218,滋润肝肾,text_found_at_other_position
49,17,古籍来源,109,113,嘉裕本草,text_found_at_other_position
49,18,医家,122,124,孟诜,text_found_at_other_position
51,1,食材,51,54,薏苡仁,text_found_at_other_position
51,2,食性,10,11,平,text_found_at_other_position
51,3,病症,13,17,千湿脚气,text_found_at_other_position
51,4,食味,96,97,甘,text_found_at_other_position
51,5,食性,101,102,凉,text_found_at_other_position
51,6,归经,104,105,脾,text_found_at_other_position
51,7,归经,106,107,肺,text_found_at_other_position
51,8,功效,113,117,健脾利湿,text_found_at_other_position
51,9,功效,118,122,补肺清热,text_found_at_other_position
51,10,功效,123,127,去风胜湿,text_found_at_other_position
51,11,功效,128,131,利筋脉,text_found_at_other_position
51,12,食材,139,141,粳米,text_found_at_other_position
51,13,烹饪方法,141,142,煮,text_found_at_other_position
51,14,烹饪方法,146,147,酿,text_found_at_other_position
51,15,病症,156,162,风湿性关节炎,text_found_at_other_position
51,16,病症,169,173,胸中邪气,text_found_at_other_position
51,17,功效,174,177,通筋络,text_found_at_other_position
51,18,功效,178,181,活血脉,text_found_at_other_position
51,19,功效,182,185,健脾胃,text_found_at_other_position
51,20,古籍来源,41,47,《嘉祜本草》,text_found_at_other_position
52,1,食材,183,185,罗勒,text_found_at_other_position
52,2,食味,7,8,辛,exact_match
52,3,食性,9,10,温,exact_match
52,4,功效,15,19,调中消食,exact_match
52,5,功效,21,24,去恶气,exact_match
52,6,功效,25,28,消水气,exact_match
52,7,病症,37,41,齿根烂疮,exact_match
52,8,禁忌,56,59,壅关节,exact_match
52,9,禁忌,60,63,涩荣卫,exact_match
52,10,禁忌,64,69,令血脉不行,exact_match
52,11,病症,78,80,脚气,exact_match
52,12,病症,82,83,畹,exact_match
52,13,烹饪方法,97,98,煮,exact_match
52,14,食材,101,102,子,exact_match
52,15,病症,107,113,目臀及物入目,text_found_at_other_position
52,16,病症,138,142,风赤眵泪,text_found_at_other_position
52,17,食材,144,145,根,text_found_at_other_position
52,18,病症,149,154,小儿黄烂疮,text_found_at_other_position
52,19,烹饪方法,156,158,烧灰,text_found_at_other_position
52,20,古籍来源,462,465,邺中记,text_found_at_other_position
52,21,医家,289,292,罗天益,text_found_at_other_position
52,22,食材,295,297,兰香,text_found_at_other_position
52,23,食味,252,253,辛,text_found_at_other_position
52,24,食性,255,256,温,text_found_at_other_position
52,25,功效,303,307,和血润燥,text_found_at_other_position
52,26,禁忌,314,319,多食涩营卫,text_found_at_other_position
52,27,禁忌,283,287,血脉不行,text_found_at_other_position
52,28,医家,332,336,东垣李氏,text_found_at_other_position
52,29,病症,337,341,牙疼口臭,text_found_at_other_position
52,30,食疗方,343,346,神功丸,text_found_at_other_position
52,31,食材,348,350,兰香,text_found_at_other_position
52,32,功效,355,358,去恶气,text_found_at_other_position
52,33,古籍来源,363,367,饮膳正要,text_found_at_other_position
52,34,食材,393,396,罗勒子,text_found_at_other_position
52,35,食材,398,401,兰香子,text_found_at_other_position
52,36,食材,402,405,光明子,text_found_at_other_position
52,37,食味,416,418,甘辛,text_found_at_other_position
52,38,食性,248,249,凉,text_found_at_other_position
52,39,病症,425,429,目昏浮赂,text_found_at_other_position
52,40,病症,430,434,拳毛倒睫,text_found_at_other_position
52,41,病症,435,437,多眵,text_found_at_other_position
52,42,病症,439,442,口腔臭,text_found_at_other_position
52,43,病症,443,445,齿黑,text_found_at_other_position
52,44,医家,173,175,石勒,text_found_at_other_position
52,45,食材,189,191,香莱,text_found_at_other_position
52,46,食材,192,195,翳子草,text_found_at_other_position
52,47,食材,196,199,九层塔,text_found_at_other_position
52,48,食材,201,204,苏薄荷,text_found_at_other_position
52,49,食材,206,209,省头草,text_found_at_other_position
52,50,功效,259,263,疏风行气,text_found_at_other_position
52,51,功效,264,268,消食除哕,text_found_at_other_position
52,52,功效,269,272,活血化,text_found_at_other_position
52,53,功效,275,277,解毒,text_found_at_other_position
53,1,食材,131,133,蜩脂,exact_match
53,2,食味,137,138,甘,text_found_at_other_position
53,3,食性,140,141,平,text_found_at_other_position
53,4,功效,106,111,主肠风痔瘘,exact_match
53,5,病症,155,157,耳聋,text_found_at_other_position
53,6,病症,10,12,肠风,exact_match
53,7,病症,180,182,鸨血,text_found_at_other_position
53,8,古籍来源,146,150,本草拾遗,text_found_at_other_position
53,9,古籍来源,167,172,日华子本草,text_found_at_other_position
53,10,食材,30,32,桔梗,exact_match
53,11,食味,244,246,苦辛,text_found_at_other_position
53,12,食性,248,249,平,text_found_at_other_position
53,13,归经,251,252,肺,text_found_at_other_position
53,14,归经,253,254,胃,text_found_at_other_position
53,15,功效,257,261,宣通肺气,text_found_at_other_position
53,16,功效,262,267,祛痰排脓,entity_text_not_found_in_current_passage
53,17,食材,36,39,麦门冬,exact_match
53,18,食味,319,320,甘,text_found_at_other_position
53,19,食味,321,323,微苦,text_found_at_other_position
53,20,食性,325,326,寒,text_found_at_other_position
53,21,功效,328,333,养阴润肺,entity_text_not_found_in_current_passage
53,22,功效,334,338,除烦清心,text_found_at_other_position
53,23,功效,339,343,益胃生津,text_found_at_other_position
54,1,食材,9,11,猪膏,exact_match
54,2,食材,31,33,大豆,exact_match
54,3,食材,36,40,青竹筹子,exact_match
54,4,功效,19,22,肥健人,exact_match
54,5,烹饪方法,58,60,煮熟,exact_match
54,6,功效,66,67,瘥,exact_match
54,7,功效,93,97,令人长生,text_found_at_other_position
54,8,功效,130,132,益阳,text_found_at_other_position
54,9,食性,144,145,平,text_found_at_other_position
54,10,病症,154,158,霍乱吐逆,text_found_at_other_position
54,11,功效,169,173,疗一切毒,text_found_at_other_position
54,12,食材,461,463,猪肪,text_found_at_other_position
54,13,功效,420,423,长肌肤,text_found_at_other_position
54,14,功效,425,428,益颜色,text_found_at_other_position
54,15,功效,429,432,填骨髓,text_found_at_other_position
54,16,功效,433,436,加气力,text_found_at_other_position
54,17,功效,437,441,补虚能食,text_found_at_other_position
54,18,古籍来源,192,196,政类本草,text_found_at_other_position
54,19,古籍来源,243,247,嘉佑本草,text_found_at_other_position
54,20,古籍来源,255,258,医心方,text_found_at_other_position
54,21,古籍来源,267,271,本草经疏,text_found_at_other_position
54,22,古籍来源,403,408,延年秘录方,text_found_at_other_position
55,1,食材,63,66,青小豆,text_found_at_other_position
55,2,食性,12,13,寒,text_found_at_other_position
55,3,功效,14,17,疗热中,text_found_at_other_position
55,4,病症,18,20,消渴,text_found_at_other_position
55,5,功效,23,25,止痢,text_found_at_other_position
55,6,功效,27,30,下胀满,text_found_at_other_position
55,7,食材,71,73,豌豆,text_found_at_other_position
55,8,食材,79,81,睥亘,text_found_at_other_position
55,9,食材,82,84,寒豆,text_found_at_other_position
55,10,食材,85,87,毕豆,text_found_at_other_position
55,11,食材,88,90,麻累,text_found_at_other_position
55,12,食味,92,93,甘,text_found_at_other_position
55,13,食性,95,96,平,text_found_at_other_position
55,14,古籍来源,97,105,《千金方.食治》,text_found_at_other_position
55,15,食味,111,112,咸,text_found_at_other_position
55,16,食性,114,115,温,text_found_at_other_position
55,17,食性,122,125,无毒,entity_text_not_found_in_current_passage
55,18,病症,127,129,寒热,text_found_at_other_position
55,19,病症,130,132,热中,text_found_at_other_position
55,20,病症,133,135,消渴,text_found_at_other_position
55,21,功效,136,139,止泄利,text_found_at_other_position
55,22,功效,140,143,利小便,text_found_at_other_position
55,23,功效,144,147,除吐逆,text_found_at_other_position
55,24,功效,148,150,卒溉,text_found_at_other_position
55,25,功效,152,156,下腹胀满,text_found_at_other_position
55,26,食材,165,167,胡豆,text_found_at_other_position
55,27,食材,199,201,绿豆,text_found_at_other_position
55,28,古籍来源,205,212,《太平圣惠方》,text_found_at_other_position
56,1,食材,30,31,蚌,exact_match
56,2,食材,35,38,河蛤蜊,exact_match
56,3,食材,40,42,蛤蜊,exact_match
56,4,食性,1,2,寒,exact_match
56,5,食性,57,58,冷,exact_match
56,6,食味,47,48,甘,exact_match
56,7,食味,49,50,咸,exact_match
56,8,归经,63,66,肾二经,exact_match
56,9,功效,68,72,清热滋阴,exact_match
56,10,功效,73,77,明目解毒,exact_match
56,11,功效,79,83,养肝熄风,exact_match
56,12,功效,84,88,凉血定惊,exact_match
56,13,病症,5,7,大热,exact_match
56,14,病症,9,11,酒毒,exact_match
56,15,病症,13,14,渴,exact_match
56,16,病症,17,19,眼赤,exact_match
56,17,病症,136,138,红眼,text_found_at_other_position
56,18,病症,139,141,砂眼,text_found_at_other_position
56,19,病症,144,147,冷热气,text_found_at_other_position
56,20,病症,159,161,发风,text_found_at_other_position
56,21,病症,181,183,寒中,text_found_at_other_position
56,22,病症,184,188,外感未清,text_found_at_other_position
56,23,病症,189,193,脾虚便滑,text_found_at_other_position
56,24,脏腑,61,62,肝,exact_match
56,25,禁忌,162,165,动冷气,text_found_at_other_position
56,26,古籍来源,148,154,《本草衍义》,text_found_at_other_position
57,1,食性,2,3,平,exact_match
57,2,食材,68,70,甘菊,exact_match
57,3,食材,75,77,菊花,text_found_at_other_position
57,4,食材,105,107,白菊,text_found_at_other_position
57,5,食材,108,110,滁菊,text_found_at_other_position
57,6,食材,111,113,贡菊,text_found_at_other_position
57,7,食材,114,117,杭白菊,text_found_at_other_position
57,8,食材,118,121,杭黄菊,text_found_at_other_position
57,9,古籍来源,124,126,别录,text_found_at_other_position
57,10,食味,0,1,甘,exact_match
57,11,食味,175,176,辛,text_found_at_other_position
57,12,食性,178,179,平,text_found_at_other_position
57,13,病症,40,42,头风,exact_match
57,14,病症,43,45,目眩,exact_match
57,15,病症,197,199,痈疽,text_found_at_other_position
57,16,食材,17,18,茎,exact_match
57,17,食材,209,211,玉英,text_found_at_other_position
57,18,食味,173,174,甘,text_found_at_other_position
57,19,食味,215,217,微苦,text_found_at_other_position
57,20,食性,219,220,凉,text_found_at_other_position
57,21,功效,222,226,清肝利胆,text_found_at_other_position
57,22,功效,229,233,明目宁心,text_found_at_other_position
57,23,病症,241,245,头风眩晕,text_found_at_other_position
57,24,病症,246,248,目翳,text_found_at_other_position
57,25,病症,250,254,胸中痰饮,text_found_at_other_position
57,26,烹饪方法,257,259,煎汤,text_found_at_other_position
57,27,烹饪方法,260,262,煮粥,text_found_at_other_position
57,28,食材,28,29,花,exact_match
57,29,食材,275,277,节华,text_found_at_other_position
57,30,食材,278,280,金精,text_found_at_other_position
57,31,食材,281,283,金蕊,text_found_at_other_position
57,32,食材,284,286,药菊,text_found_at_other_position
57,33,食味,213,214,甘,text_found_at_other_position
57,34,食味,60,61,苦,exact_match
57,35,食性,295,296,凉,text_found_at_other_position
57,36,功效,304,308,明目宁心,text_found_at_other_position
57,37,功效,309,313,解毒消肿,text_found_at_other_position
57,38,食材,318,322,野生苦菊,text_found_at_other_position
57,39,古籍来源,327,331,本草纲目,text_found_at_other_position
57,40,食味,289,290,甘,text_found_at_other_position
57,41,食味,291,292,苦,text_found_at_other_position
57,42,食材,350,352,甘菊,text_found_at_other_position
57,43,食材,356,358,诸菊,text_found_at_other_position
57,44,食材,364,367,田野菊,text_found_at_other_position
57,45,食材,370,372,苦薏,text_found_at_other_position
57,46,古籍来源,380,384,牧竖闲谈,text_found_at_other_position
57,47,病症,46,48,泪出,exact_match
57,48,病症,50,52,烦热,exact_match
57,49,功效,54,57,利五藏,exact_match
57,50,功效,298,303,疏风清热,entity_text_not_found_in_current_passage
57,51,烹饪方法,14,16,作羹,exact_match
58,1,食材,35,38,天门冬,text_found_at_other_position
58,2,食味,286,287,甘,text_found_at_other_position
58,3,食味,288,289,苦,text_found_at_other_position
58,4,食性,291,292,寒,text_found_at_other_position
58,5,归经,293,295,入肺,text_found_at_other_position
58,6,归经,296,298,肾经,text_found_at_other_position
58,7,功效,11,14,补虚劳,text_found_at_other_position
58,8,功效,16,19,治肺劳,text_found_at_other_position
58,9,功效,21,23,止渴,text_found_at_other_position
58,10,功效,27,30,去热风,text_found_at_other_position
58,11,功效,300,302,滋阴,text_found_at_other_position
58,12,功效,310,312,降火,text_found_at_other_position
58,13,功效,307,309,清肺,text_found_at_other_position
58,14,功效,494,497,润五脏,text_found_at_other_position
58,15,功效,498,501,益皮肤,text_found_at_other_position
58,16,功效,504,507,悦颜色,text_found_at_other_position
58,17,功效,509,514,补五劳七伤,text_found_at_other_position
58,18,功效,515,520,治肺气并嗽,text_found_at_other_position
58,19,功效,521,523,消焱,text_found_at_other_position
58,20,病症,330,334,虚劳绝伤,text_found_at_other_position
58,21,病症,335,341,老年衰损羸瘦,text_found_at_other_position
58,22,病症,342,346,偏枯不随,text_found_at_other_position
58,23,病症,348,352,风湿不仁,text_found_at_other_position
58,24,病症,353,355,冷痹,text_found_at_other_position
58,25,病症,356,360,心腹积聚,text_found_at_other_position
58,26,病症,361,363,恶疮,text_found_at_other_position
58,27,病症,364,368,痈疽肿癞,text_found_at_other_position
58,28,病症,371,373,阴痿,text_found_at_other_position
58,29,病症,378,380,目暗,text_found_at_other_position
58,30,病症,395,399,肺气咳逆,text_found_at_other_position
58,31,病症,400,404,喘息促急,text_found_at_other_position
58,32,病症,414,420,肺痿生痈吐脓,text_found_at_other_position
58,33,病症,423,425,湿疥,text_found_at_other_position
58,34,病症,427,429,消渴,text_found_at_other_position
58,35,病症,431,434,热中风,text_found_at_other_position
58,36,病症,451,455,心病嗌干,text_found_at_other_position
58,37,病症,456,458,心痛,text_found_at_other_position
58,38,病症,459,463,渴而欲饮,text_found_at_other_position
58,39,病症,470,474,足下热痛,text_found_at_other_position
58,40,脏腑,245,246,肺,text_found_at_other_position
58,41,脏腑,409,410,肾,text_found_at_other_position
58,42,古籍来源,322,325,千金方,text_found_at_other_position
58,43,古籍来源,387,390,药性论,text_found_at_other_position
58,44,古籍来源,481,486,日华子本草,text_found_at_other_position
58,45,医家,444,447,王好古,text_found_at_other_position
59,1,食材,0,1,酒,exact_match
59,2,食疗方,2,4,紫酒,exact_match
59,3,病症,8,11,角弓风,exact_match
59,4,食材,13,14,姜,exact_match
59,5,病症,20,24,偏风中恶,text_found_at_other_position
59,6,食材,26,28,桑椹,text_found_at_other_position
59,7,功效,34,37,补五脏,text_found_at_other_position
59,8,功效,39,42,明耳目,text_found_at_other_position
59,9,食材,44,46,葱豉,text_found_at_other_position
59,10,功效,50,53,解烦热,text_found_at_other_position
59,11,功效,56,59,补虚劳,text_found_at_other_position
59,12,食材,64,65,蜜,text_found_at_other_position
59,13,病症,70,72,风疹,text_found_at_other_position
59,14,食材,74,76,地黄,text_found_at_other_position
59,15,食材,78,80,牛膝,text_found_at_other_position
59,16,食材,83,85,虎骨,text_found_at_other_position
59,17,食材,87,90,仙灵脾,text_found_at_other_position
59,18,食材,92,94,通草,text_found_at_other_position
59,19,烹饪方法,150,151,煎,text_found_at_other_position
59,20,食材,154,156,掬米,text_found_at_other_position
59,21,烹饪方法,156,158,酿酒,text_found_at_other_position
59,22,烹饪方法,164,166,切碎,text_found_at_other_position
59,23,烹饪方法,171,172,浸,text_found_at_other_position
59,24,烹饪方法,176,177,煮,text_found_at_other_position
59,25,食疗方,180,183,牛膝酒,text_found_at_other_position
59,26,功效,184,187,壮筋骨,text_found_at_other_position
59,27,病症,189,191,痿痹,text_found_at_other_position
59,28,功效,192,195,补虚损,text_found_at_other_position
59,29,功效,196,199,除久疟,text_found_at_other_position
59,30,食材,212,215,怀牛膝,text_found_at_other_position
59,31,食材,219,222,川牛膝,text_found_at_other_position
59,32,食味,262,263,苦,text_found_at_other_position
59,33,食味,263,264,酸,text_found_at_other_position
59,34,食性,266,267,平,text_found_at_other_position
59,35,归经,268,270,入肝,text_found_at_other_position
59,36,古籍来源,276,278,本经,text_found_at_other_position
59,37,病症,283,287,寒湿痿痹,text_found_at_other_position
59,38,病症,294,299,膝痛不可屈,text_found_at_other_position
59,39,功效,300,303,逐血气,text_found_at_other_position
59,40,病症,304,308,伤热火烂,text_found_at_other_position
59,41,功效,310,312,堕胎,text_found_at_other_position
59,42,古籍来源,314,316,别录,text_found_at_other_position
59,43,病症,322,326,伤中少气,text_found_at_other_position
59,44,病症,327,331,男肾阴消,text_found_at_other_position
59,45,病症,332,336,老人失溺,text_found_at_other_position
59,46,功效,337,341,补中续绝,text_found_at_other_position
59,47,功效,342,345,填骨髓,text_found_at_other_position
59,48,病症,353,356,腰脊痛,text_found_at_other_position
59,49,病症,357,363,妇人月水不通,text_found_at_other_position
59,50,病症,364,366,血结,text_found_at_other_position
59,51,功效,367,369,益精,text_found_at_other_position
59,52,功效,370,373,利阴气,text_found_at_other_position
59,53,功效,374,377,止发白,text_found_at_other_position
59,54,食味,439,440,甘,text_found_at_other_position
59,55,食味,441,443,微苦,text_found_at_other_position
59,56,食材,451,454,麻牛膝,text_found_at_other_position
59,57,食材,458,462,头花蒽草,text_found_at_other_position
60,1,食材,62,64,荆芥,exact_match
60,2,食材,13,15,析莫,exact_match
60,3,古籍来源,31,35,本草拾遗,exact_match
60,4,医家,27,30,陈藏器,exact_match
60,5,古籍来源,40,42,食疗,exact_match
60,6,医家,37,39,张鼎,exact_match
60,7,古籍来源,71,73,本经,exact_match
60,8,食材,98,100,大荠,exact_match
60,9,食材,105,108,葶苈子,exact_match
60,10,医家,109,110,陶,exact_match
60,11,医家,111,112,苏,exact_match
60,12,食材,116,118,假苏,exact_match
60,13,古籍来源,147,149,尔雅,text_found_at_other_position
60,14,古籍来源,177,181,吴普本草,text_found_at_other_position
60,15,食材,183,185,析目,text_found_at_other_position
60,16,古籍来源,193,199,植物名实图考,text_found_at_other_position
60,17,食材,201,204,花叶荠,text_found_at_other_position
60,18,食材,205,207,水荠,text_found_at_other_position
60,19,食材,214,217,老鼓草,text_found_at_other_position
60,20,食材,219,222,瓜子草,text_found_at_other_position
60,21,食材,223,226,洋辣罐,text_found_at_other_position
60,22,食材,228,231,遏蓝莱,text_found_at_other_position
60,23,食材,241,243,菥莫,text_found_at_other_position
60,24,食材,288,291,菥莫子,text_found_at_other_position
60,25,食材,295,298,葶历子,text_found_at_other_position
60,26,食味,311,312,甘,text_found_at_other_position
60,27,食性,314,315,平,text_found_at_other_position
60,28,功效,317,321,利肝明目,text_found_at_other_position
60,29,功效,322,326,和中益气,text_found_at_other_position
60,30,病症,348,355,产后子官内膜炎,text_found_at_other_position
60,31,食味,175,176,辛,text_found_at_other_position
60,32,食性,367,369,微温,text_found_at_other_position
60,33,功效,404,406,明目,text_found_at_other_position
60,34,病症,407,411,目痛泪出,text_found_at_other_position
60,35,病症,413,414,痹,text_found_at_other_position
60,36,功效,415,418,补五脏,text_found_at_other_position
60,37,古籍来源,425,427,别录,text_found_at_other_position
60,38,病症,432,436,心腹腰痛,text_found_at_other_position
61,1,食材,6,8,淡竹,exact_match
61,2,食材,11,13,甘竹,exact_match
61,3,食材,50,53,苦竹叶,exact_match
61,4,食材,73,76,苦竹笳,exact_match
61,5,食材,85,88,苦竹根,exact_match
61,6,食材,109,111,焱竹,exact_match
61,7,食性,197,198,寒,text_found_at_other_position
61,8,食性,369,370,凉,text_found_at_other_position
61,9,食味,193,194,甘,text_found_at_other_position
61,10,食味,232,233,苦,text_found_at_other_position
61,11,功效,23,25,消渴,exact_match
61,12,功效,26,28,痰饮,exact_match
61,13,功效,30,32,喉痹,exact_match
61,14,功效,34,36,鬼痊,exact_match
61,15,功效,37,39,恶气,exact_match
61,16,功效,40,43,杀小虫,exact_match
61,17,功效,44,47,除烦热,exact_match
61,18,功效,57,59,口疮,exact_match
61,19,功效,61,63,目热,exact_match
61,20,功效,64,66,喑哑,exact_match
61,21,功效,80,83,下热壅,exact_match
61,22,功效,201,204,清心火,text_found_at_other_position
61,23,功效,209,212,利小便,text_found_at_other_position
61,24,功效,389,393,温气寒热,text_found_at_other_position
61,25,功效,394,396,吐血,text_found_at_other_position
61,26,功效,397,399,崩中,text_found_at_other_position
61,27,功效,500,503,清心热,text_found_at_other_position
61,28,功效,506,510,明目开窍,text_found_at_other_position
61,29,功效,511,515,杀虫解毒,text_found_at_other_position
61,30,功效,545,548,止尿血,text_found_at_other_position
61,31,归经,371,373,入胃,text_found_at_other_position
61,32,归经,374,376,胆经,text_found_at_other_position
61,33,古籍来源,378,380,别录,text_found_at_other_position
61,34,古籍来源,539,541,纲目,text_found_at_other_position
62,1,食材,218,221,决明子,text_found_at_other_position
62,2,食性,9,10,平,text_found_at_other_position
62,3,功效,11,17,主肝家热毒气,text_found_at_other_position
62,4,病症,21,25,风眼赤泪,text_found_at_other_position
62,5,食味,158,160,微苦,text_found_at_other_position
62,6,功效,235,239,通便利水,text_found_at_other_position
62,7,病症,243,246,高血压,text_found_at_other_position
62,8,病症,247,249,肝炎,text_found_at_other_position
62,9,病症,250,255,肝硬化腹水,text_found_at_other_position
62,10,古籍来源,69,73,大观本草,text_found_at_other_position
62,11,古籍来源,82,84,敦煌,text_found_at_other_position
63,1,食材,92,95,山樱桃,text_found_at_other_position
63,2,食性,10,11,温,text_found_at_other_position
63,3,功效,19,24,令人好颜色,text_found_at_other_position
63,4,功效,25,27,美志,text_found_at_other_position
63,5,功效,55,60,补中益气,entity_text_not_found_in_current_passage
63,6,病症,62,65,水谷痢,text_found_at_other_position
63,7,病症,67,69,泄精,text_found_at_other_position
63,8,禁忌,141,145,不可多食,text_found_at_other_position
63,9,禁忌,146,152,令人发阍风,entity_text_not_found_in_current_passage
63,10,古籍来源,114,119,嘉祜本草,entity_text_not_found_in_current_passage
63,11,医家,121,123,孟诜,text_found_at_other_position
63,12,医家,153,155,苏颂,text_found_at_other_position
63,13,古籍来源,305,307,别录,text_found_at_other_position
64,1,食材,8,10,大麦,exact_match
64,2,食味,155,156,甘,exact_match
64,3,食味,158,159,咸,exact_match
64,4,食性,162,163,凉,exact_match
64,5,功效,165,170,消渴除热,entity_text_not_found_in_current_passage
64,6,功效,171,175,宽胸下气,exact_match
64,7,功效,176,179,和脾胃,exact_match
64,8,功效,181,184,止泄泻,exact_match
64,9,功效,185,188,利小便,exact_match
64,10,功效,193,198,益气补中,entity_text_not_found_in_current_passage
64,11,功效,199,202,实五脏,exact_match
64,12,功效,204,207,厚肠胃,exact_match
64,13,病症,46,48,脚弱,exact_match
64,14,功效,56,58,下气,exact_match
64,15,食材,391,394,设石子,text_found_at_other_position
64,16,食味,544,545,苦,text_found_at_other_position
64,17,食味,546,547,涩,text_found_at_other_position
64,18,食性,549,550,温,text_found_at_other_position
64,19,功效,555,559,温中固气,text_found_at_other_position
64,20,功效,560,564,益血生精,text_found_at_other_position
64,21,功效,566,570,和气安神,text_found_at_other_position
64,22,古籍来源,100,104,《广雅》,exact_match
65,1,食材,75,77,蓼实,exact_match
65,2,食材,6,8,蓼子,exact_match
65,3,食材,112,115,水蓼子,exact_match
65,4,食材,0,1,蓼,exact_match
65,5,食材,237,238,蔷,text_found_at_other_position
65,6,食材,239,241,虞蓼,text_found_at_other_position
65,7,食材,242,244,泽蓼,text_found_at_other_position
65,8,食材,245,247,辣蓼,text_found_at_other_position
65,9,食材,248,251,水红花,text_found_at_other_position
65,10,食材,252,257,药蓼子草,entity_text_not_found_in_current_passage
65,11,食材,258,261,痛骨消,text_found_at_other_position
65,12,食材,262,265,斑蕉草,text_found_at_other_position
65,13,食性,120,121,温,exact_match
65,14,食性,288,289,平,text_found_at_other_position
65,15,食味,117,118,辛,exact_match
65,16,功效,130,132,明目,exact_match
65,17,功效,133,135,温中,exact_match
65,18,功效,136,140,耐风寒,entity_text_not_found_in_current_passage
65,19,功效,141,144,下水气,exact_match
65,20,功效,158,162,温中利水,exact_match
65,21,功效,163,167,破瘀散结,exact_match
65,22,功效,291,295,祛风消肿,text_found_at_other_position
65,23,功效,296,300,化遢行滞,text_found_at_other_position
65,24,病症,13,15,吐水,exact_match
65,25,病症,20,22,拥气,exact_match
65,26,病症,43,45,蛇咬,exact_match
65,27,病症,147,151,面目浮肿,exact_match
65,28,病症,152,154,痈疡,exact_match
65,29,病症,171,173,浮肿,exact_match
65,30,病症,174,176,腹痛,exact_match
65,31,病症,177,179,腹胀,exact_match
65,32,病症,180,182,吐泻,exact_match
65,33,病症,183,187,皮肤疮疡,exact_match
65,34,病症,188,190,痈肿,exact_match
65,35,病症,191,193,瘰疬,exact_match
65,36,禁忌,213,217,多食吐水,exact_match
65,37,禁忌,218,222,拥气损阳,exact_match
65,38,烹饪方法,46,47,捣,exact_match
65,39,古籍来源,65,71,《延寿类要》,exact_match
65,40,古籍来源,122,126,《本经》,exact_match
65,41,古籍来源,202,207,《药性论》,exact_match
66,1,食材,148,151,芜菁子,text_found_at_other_position
66,2,食材,155,158,蔓菁子,text_found_at_other_position
66,3,食味,160,161,辛,text_found_at_other_position
66,4,食性,163,164,平,text_found_at_other_position
66,5,功效,166,170,清热解毒,text_found_at_other_position
66,6,功效,172,176,益肝行气,text_found_at_other_position
66,7,功效,178,181,消黄疽,text_found_at_other_position
66,8,功效,182,184,明目,text_found_at_other_position
66,9,功效,98,101,利小便,text_found_at_other_position
66,10,功效,189,192,杀虫积,text_found_at_other_position
66,11,烹饪方法,13,17,九蒸九曝,text_found_at_other_position
66,12,烹饪方法,19,20,捣,text_found_at_other_position
66,13,烹饪方法,47,48,研,text_found_at_other_position
66,14,病症,69,71,热黄,text_found_at_other_position
66,15,病症,72,76,结实不通,text_found_at_other_position
66,16,古籍来源,113,119,《嘉祜本草》,text_found_at_other_position
66,17,古籍来源,132,136,《敦煌》,text_found_at_other_position
67,1,食材,0,1,乳,exact_match
67,2,食性,2,4,微寒,exact_match
67,3,功效,6,9,润五脏,exact_match
67,4,功效,195,199,利大小便,text_found_at_other_position
67,5,功效,18,23,益十二经脉,exact_match
67,6,食材,72,74,乳腐,exact_match
67,7,食材,78,80,乳饼,exact_match
67,8,食材,85,88,奶豆腐,text_found_at_other_position
67,9,食材,92,94,牛乳,text_found_at_other_position
67,10,烹饪方法,122,123,煎,text_found_at_other_position
67,11,烹饪方法,132,133,点,text_found_at_other_position
67,12,烹饪方法,141,142,漉,text_found_at_other_position
67,13,烹饪方法,152,153,压,text_found_at_other_position
67,14,食味,175,176,甘,text_found_at_other_position
67,15,食性,178,180,微寒,text_found_at_other_position
67,16,功效,182,186,滋润五脏,text_found_at_other_position
67,17,功效,187,192,益十二经脉,text_found_at_other_position
67,18,古籍来源,39,45,《幕祜本草》,exact_match
67,19,医家,52,54,孟冼,exact_match
67,20,医家,55,57,萧炳,exact_match
68,1,食材,47,49,乌梅,exact_match
68,2,食材,21,23,白梅,exact_match
68,3,食味,220,221,酸,text_found_at_other_position
68,4,食性,358,359,平,text_found_at_other_position
68,5,食性,359,360,温,text_found_at_other_position
68,6,归经,363,364,肝,text_found_at_other_position
68,7,归经,365,366,脾,text_found_at_other_position
68,8,归经,367,368,肺,text_found_at_other_position
68,9,归经,370,372,大肠,text_found_at_other_position
68,10,功效,105,107,止渴,text_found_at_other_position
68,11,功效,119,121,治疟,text_found_at_other_position
68,12,功效,129,131,除闷,text_found_at_other_position
68,13,功效,132,134,安神,text_found_at_other_position
68,14,功效,407,409,止血,text_found_at_other_position
68,15,病症,108,110,霍乱,text_found_at_other_position
68,16,病症,111,115,心腹不安,text_found_at_other_position
68,17,病症,116,118,痢赤,text_found_at_other_position
68,18,病症,34,38,大便不通,exact_match
68,19,病症,40,44,气奔欲死,exact_match
68,20,病症,389,391,骨蒸,text_found_at_other_position
68,21,病症,393,395,烦闷,text_found_at_other_position
68,22,烹饪方法,95,97,水渍,text_found_at_other_position
68,23,烹饪方法,63,66,杵为丸,exact_match
68,24,禁忌,8,12,多食损齿,exact_match
68,25,古籍来源,375,382,《日华子本草》,text_found_at_other_position
69,1,食材,0,1,鸡,exact_match
69,2,食材,19,22,鱼肉汁,exact_match
69,3,食材,89,91,鸡肉,exact_match
69,4,食材,130,133,黄雌鸡,exact_match
69,5,食材,134,137,黄雄鸡,exact_match
69,6,食材,138,141,鸟雌鸡,exact_match
69,7,食材,107,109,鸡子,exact_match
69,8,食味,215,216,甘,text_found_at_other_position
69,9,食性,219,220,温,text_found_at_other_position
69,10,归经,222,227,脾胃两经,entity_text_not_found_in_current_passage
69,11,功效,229,233,补中益气,text_found_at_other_position
69,12,功效,234,239,增精添髓,entity_text_not_found_in_current_passage
69,13,病症,27,29,心瘢,exact_match
69,14,病症,69,71,泄痢,exact_match
69,15,病症,14,15,狂,exact_match
69,16,禁忌,52,56,食并害人,exact_match
69,17,古籍来源,151,155,本草纲目,exact_match
70,1,食材,144,146,鸡肝,text_found_at_other_position
70,2,食味,150,151,甘,text_found_at_other_position
70,3,食性,153,154,温,text_found_at_other_position
70,4,功效,233,236,补肝肾,text_found_at_other_position
70,5,食材,246,249,鸡冠血,text_found_at_other_position
70,6,食材,14,16,天雄,exact_match
70,7,食味,295,296,辛,text_found_at_other_position
70,8,食性,298,299,热,text_found_at_other_position
70,9,食材,27,30,太阳粉,exact_match
70,10,古籍来源,317,321,《本经》,text_found_at_other_position
70,11,病症,325,327,大风,text_found_at_other_position
70,12,病症,328,332,蹇湿痹,entity_text_not_found_in_current_passage
70,13,病症,333,336,历节痛,text_found_at_other_position
70,14,病症,337,341,拘挛缓急,text_found_at_other_position
70,15,病症,342,347,破积聚邪气,text_found_at_other_position
70,16,病症,348,350,金疮,text_found_at_other_position
70,17,功效,351,354,强筋骨,text_found_at_other_position
70,18,功效,355,360,轻身健行,entity_text_not_found_in_current_passage
70,19,功效,400,403,养精神,text_found_at_other_position
70,20,功效,404,407,安魂魄,text_found_at_other_position
70,21,功效,408,410,益气,text_found_at_other_position
70,22,功效,411,413,明目,text_found_at_other_position
70,23,功效,417,422,通神明不老,text_found_at_other_position
70,24,食材,306,308,千姜,text_found_at_other_position
70,25,食材,280,282,附子,text_found_at_other_position
70,26,食材,283,286,草乌头,text_found_at_other_position
70,27,食材,370,373,殊砂粉,text_found_at_other_position
70,28,医家,61,63,孟诜,exact_match
70,29,古籍来源,53,59,《嘉祜本草》,exact_match
70,30,古籍来源,88,95,《日华子本草》,text_found_at_other_position
70,31,古籍来源,107,111,《敦煌》,text_found_at_other_position
70,32,病症,116,119,白虎风,text_found_at_other_position
70,33,病症,129,131,风痛,text_found_at_other_position
71,1,食材,4,6,青蒿,exact_match
71,2,食性,8,9,寒,exact_match
71,3,食味,228,229,苦,text_found_at_other_position
71,4,食味,252,254,微辛,text_found_at_other_position
71,5,归经,258,260,入肝,text_found_at_other_position
71,6,归经,261,264,胆经,entity_text_not_found_in_current_passage
71,7,功效,10,12,益气,exact_match
71,8,功效,13,15,长发,exact_match
71,9,功效,17,19,轻身,exact_match
71,10,功效,20,22,补中,exact_match
71,11,功效,444,446,不老,text_found_at_other_position
71,12,功效,27,29,明目,exact_match
71,13,功效,30,33,煞风毒,exact_match
71,14,功效,39,43,止血生肉,exact_match
71,15,功效,266,270,清热解暑,text_found_at_other_position
71,16,功效,271,274,止痢疾,text_found_at_other_position
71,17,功效,275,278,除黄疸,text_found_at_other_position
71,18,功效,279,285,治疗皮肤疥疮,text_found_at_other_position
71,19,功效,386,390,明目退翳,text_found_at_other_position
71,20,功效,391,395,清暑解热,text_found_at_other_position
71,21,功效,396,399,辟恶秽,text_found_at_other_position
71,22,病症,351,356,关节风湿症,text_found_at_other_position
71,23,病症,357,361,虚痨发热,text_found_at_other_position
71,24,病症,362,366,大便下血,text_found_at_other_position
71,25,病症,410,414,低烧虚热,text_found_at_other_position
71,26,病症,415,417,盗汗,text_found_at_other_position
71,27,病症,418,420,疟疾,text_found_at_other_position
71,28,病症,314,321,行经腹痛胀满,entity_text_not_found_in_current_passage
71,29,病症,322,326,四肢发热,text_found_at_other_position
71,30,病症,328,332,心烦体怠,text_found_at_other_position
71,31,病症,453,455,心痛,text_found_at_other_position
71,32,病症,456,458,热黄,text_found_at_other_position
71,33,病症,483,485,金疮,text_found_at_other_position
71,34,病症,491,494,失肉,entity_text_not_found_in_current_passage
71,35,病症,497,499,疼痛,text_found_at_other_position
71,36,脏腑,286,287,肝,text_found_at_other_position
71,37,脏腑,287,288,胆,text_found_at_other_position
71,38,烹饪方法,34,35,捣,exact_match
71,39,烹饪方法,35,36,傅,exact_match
71,40,烹饪方法,482,483,敷,text_found_at_other_position
71,41,烹饪方法,376,378,蒸馏,text_found_at_other_position
71,42,古籍来源,427,434,《日华子本草》,text_found_at_other_position
71,43,古籍来源,472,477,《唐本草》,text_found_at_other_position
72,1,食材,189,191,苜蓿,exact_match
72,2,食材,12,13,根,exact_match
72,3,食材,14,17,土黄耆,exact_match
72,4,功效,22,24,安中,exact_match
72,5,功效,25,28,利五脏,exact_match
72,6,烹饪方法,29,30,煮,exact_match
72,7,烹饪方法,36,38,作羹,exact_match
72,8,病症,43,45,疸黄,exact_match
72,9,烹饪方法,52,54,生捣,exact_match
72,10,烹饪方法,56,58,绞汁,exact_match
72,11,功效,70,72,轻身,exact_match
72,12,功效,73,80,冼去脾胃间邪气,exact_match
72,13,病症,84,88,诸恶热毒,exact_match
72,14,禁忌,94,102,多食当冷气入筋中,exact_match
72,15,禁忌,103,106,即瘦人,exact_match
72,16,功效,109,113,轻身健人,exact_match
72,17,食材,195,197,木粟,exact_match
72,18,食材,198,200,怀风,exact_match
72,19,食材,202,207,光风金花莱,exact_match
72,20,食材,208,211,黄花菜,exact_match
72,21,食材,212,215,连枝草,exact_match
72,22,食味,265,266,苦,exact_match
72,23,食性,268,269,平,exact_match
72,24,食材,300,303,苜蓿根,exact_match
72,25,食味,307,308,苦,text_found_at_other_position
72,26,食性,310,311,寒,text_found_at_other_position
72,27,古籍来源,127,133,《本草纲目》,exact_match
72,28,医家,161,163,孟诜,exact_match
72,29,古籍来源,153,159,《嘉祜本草》,exact_match
73,1,病症,8,12,藏腑虚衿,exact_match
73,2,病症,14,18,猾泄不定,exact_match
73,3,食疗方,19,22,摄脾丸,exact_match
73,4,食材,23,25,木香,exact_match
73,5,食材,26,28,诃子,exact_match
73,6,烹饪方法,28,29,炮,exact_match
73,7,食材,32,34,厚朴,exact_match
73,8,烹饪方法,37,38,炙,exact_match
73,9,食材,40,43,五倍子,exact_match
73,10,食材,45,47,白术,exact_match
73,11,食材,60,64,烧粟米饭,exact_match
73,12,烹饪方法,66,67,丸,exact_match
73,13,烹饪方法,75,76,服,exact_match
73,14,烹饪方法,82,84,送下,exact_match
73,15,病症,213,217,脾虚滑泄,exact_match
73,16,病症,335,339,秋肺壅滞,exact_match
73,17,病症,347,351,胃脘痰滞,exact_match
73,18,食疗方,360,364,葳灵仙丸,exact_match
73,19,食材,366,369,葳灵仙,exact_match
73,20,烹饪方法,377,379,焙干,exact_match
73,21,烹饪方法,57,58,末,exact_match
73,22,食材,398,400,皂角,exact_match
73,23,烹饪方法,413,415,浸洗,exact_match
73,24,烹饪方法,416,419,去黑皮,exact_match
73,25,烹饪方法,431,432,揉,exact_match
73,26,烹饪方法,434,436,去滓,exact_match
73,27,烹饪方法,438,439,滤,exact_match
73,28,烹饪方法,442,445,熬成膏,exact_match
73,29,烹饪方法,453,454,溲,exact_match
73,30,烹饪方法,77,78,丸,exact_match
73,31,烹饪方法,464,465,服,exact_match
73,32,食材,34,36,生姜,exact_match
73,33,烹饪方法,475,476,汤,exact_match
73,34,病症,287,291,胀满久嗽,exact_match
73,35,病症,315,319,脏腑虚冷,exact_match
73,36,食材,323,325,炮姜,exact_match
73,37,食材,327,329,肉桂,exact_match
73,38,古籍来源,96,102,《遵生八笺》,exact_match
74,1,食材,210,212,薄荷,text_found_at_other_position
74,2,食材,239,241,茶叶,text_found_at_other_position
74,3,食材,265,267,清酒,text_found_at_other_position
74,4,食材,419,420,蜜,text_found_at_other_position
74,5,功效,50,54,疏风解表,text_found_at_other_position
74,6,功效,55,59,理血下气,text_found_at_other_position
74,7,功效,60,64,辟恶进食,text_found_at_other_position
74,8,功效,84,88,逐风胜湿,text_found_at_other_position
74,9,功效,89,93,祛寒止痛,text_found_at_other_position
74,10,功效,115,119,滋阴降火,text_found_at_other_position
74,11,功效,120,124,凉血清热,text_found_at_other_position
74,12,功效,128,131,熄内风,text_found_at_other_position
74,13,功效,150,154,辟秽通经,text_found_at_other_position
74,14,功效,155,159,豁痰开窍,text_found_at_other_position
74,15,功效,163,166,疗惊痫,text_found_at_other_position
74,16,功效,218,222,开痰清音,text_found_at_other_position
74,17,功效,246,250,清脑提神,text_found_at_other_position
74,18,功效,272,276,行血通络,text_found_at_other_position
74,19,功效,332,336,令不健忘,text_found_at_other_position
74,20,功效,339,343,聪耳明目,text_found_at_other_position
74,21,功效,456,461,益心气养神,text_found_at_other_position
74,22,病症,200,206,中风失音吐痰,text_found_at_other_position
74,23,病症,225,229,中风昏溃,text_found_at_other_position
74,24,病症,230,235,多睡不醒,entity_text_not_found_in_current_passage
74,25,病症,252,256,风寒湿痹,text_found_at_other_position
74,26,病症,257,261,半身不遂,text_found_at_other_position
74,27,病症,471,473,健忘,text_found_at_other_position
74,28,病症,617,619,少寐,text_found_at_other_position
74,29,病症,621,625,心肾不交,text_found_at_other_position
74,30,脏腑,323,324,心,text_found_at_other_position
74,31,脏腑,492,493,肾,text_found_at_other_position
74,32,食疗方,22,25,鸟犀丸,text_found_at_other_position
74,33,食疗方,631,634,镇心丸,text_found_at_other_position
74,34,烹饪方法,409,411,为末,text_found_at_other_position
74,35,烹饪方法,290,291,丸,text_found_at_other_position
74,36,养生原则,462,464,常服,text_found_at_other_position
74,37,古籍来源,552,558,《文津阁本》,text_found_at_other_position
75,1,食材,159,162,白蒺藜,text_found_at_other_position
75,2,食材,72,75,鲜茅根,exact_match
75,3,食材,78,80,粳米,exact_match
75,4,烹饪方法,70,71,煎,exact_match
75,5,烹饪方法,122,123,煮,exact_match
75,6,病症,11,13,热淋,exact_match
75,7,病症,14,16,石淋,exact_match
75,8,病症,17,19,尿急,exact_match
75,9,病症,20,22,尿频,exact_match
75,10,病症,23,27,少腹疼痛,exact_match
75,11,病症,28,36,小便黏稠有结块,entity_text_not_found_in_current_passage
75,12,病症,38,42,时下砂粒,exact_match
75,13,病症,43,47,舌苔自滑,exact_match
75,14,病症,48,51,脉沉弦,exact_match
75,15,病症,163,166,膀胱炎,text_found_at_other_position
75,16,病症,168,171,尿道炎,text_found_at_other_position
75,17,病症,172,176,尿路结石,text_found_at_other_position
75,18,病症,251,253,五淋,text_found_at_other_position
75,19,病症,365,368,小便痛,text_found_at_other_position
75,20,病症,400,406,小便茎中痛,entity_text_not_found_in_current_passage
75,21,病症,437,441,小便涩痛,text_found_at_other_position
75,22,病症,468,472,热淋秘涩,text_found_at_other_position
75,23,病症,473,477,烦热燥痛,text_found_at_other_position
75,24,病症,478,482,四肢寒栗,text_found_at_other_position
75,25,病症,504,509,小便不通利,text_found_at_other_position
75,26,病症,571,575,小便下血,text_found_at_other_position
75,27,病症,576,580,身体热甚,text_found_at_other_position
75,28,病症,600,604,淋病尿血,text_found_at_other_position
75,29,病症,605,611,小便涩而不利,text_found_at_other_position
75,30,病症,612,615,痛闷极,text_found_at_other_position
75,31,病症,645,649,小便禁痛,text_found_at_other_position
75,32,功效,243,247,清热通淋,text_found_at_other_position
75,33,功效,346,350,清热利尿,text_found_at_other_position
75,34,功效,351,355,扶正祛邪,text_found_at_other_position
75,35,功效,378,384,清热解毒除烦,text_found_at_other_position
75,36,功效,385,388,调气血,text_found_at_other_position
75,37,功效,389,392,通淋闭,text_found_at_other_position
75,38,功效,419,423,滑利下行,text_found_at_other_position
75,39,功效,424,428,通淋活血,text_found_at_other_position
75,40,功效,453,457,清热解毒,text_found_at_other_position
75,41,功效,458,462,利窍通淋,text_found_at_other_position
75,42,功效,492,496,渗湿清热,text_found_at_other_position
75,43,功效,551,555,补肾益精,text_found_at_other_position
75,44,功效,562,566,止血排石,text_found_at_other_position
75,45,功效,587,592,滋阴凉血,entity_text_not_found_in_current_passage
75,46,功效,593,597,润燥通淋,text_found_at_other_position
75,47,功效,623,627,生津解毒,text_found_at_other_position
75,48,功效,628,632,凉血散瘀,text_found_at_other_position
75,49,功效,633,637,调中通淋,text_found_at_other_position
75,50,食疗方,314,317,浆水饮,text_found_at_other_position
75,51,食疗方,318,321,青豆方,text_found_at_other_position
75,52,食疗方,322,326,麻子粥方,text_found_at_other_position
75,53,食疗方,447,451,葵菜羹方,text_found_at_other_position
75,54,食疗方,332,337,榆皮索饼方,text_found_at_other_position
75,55,食疗方,545,549,车前子饮,text_found_at_other_position
75,56,食疗方,533,537,酥蜜煎方,text_found_at_other_position
75,57,食疗方,538,542,蒲桃浆方,text_found_at_other_position
75,58,古籍来源,147,150,经验方,exact_match
76,1,病症,57,61,健忘少寐,text_found_at_other_position
76,2,病症,62,66,心悸怔忡,text_found_at_other_position
76,3,病症,67,72,脑转耳鸣,entity_text_not_found_in_current_passage
76,4,病症,73,77,目无所见,text_found_at_other_position
76,5,病症,101,107,气血阴阳俱虚,text_found_at_other_position
76,6,功效,110,112,补益,text_found_at_other_position
76,7,食疗方,115,118,镇心丸,text_found_at_other_position
76,8,医家,119,121,仲景,text_found_at_other_position
76,9,食疗方,121,125,炙甘草汤,text_found_at_other_position
76,10,食材,128,130,人参,text_found_at_other_position
76,11,食材,133,135,地黄,text_found_at_other_position
76,12,食材,136,138,麦冬,text_found_at_other_position
76,13,食材,139,140,桂,text_found_at_other_position
76,14,功效,142,145,补心气,text_found_at_other_position
76,15,功效,146,149,养心阴,text_found_at_other_position
76,16,功效,150,153,助心阳,text_found_at_other_position
76,17,功效,154,157,通心脉,text_found_at_other_position
76,18,功效,166,168,滋肾,text_found_at_other_position
76,19,食材,173,175,茯苓,text_found_at_other_position
76,20,功效,175,178,补心脾,text_found_at_other_position
76,21,功效,178,182,宁神益智,text_found_at_other_position
76,22,食材,183,185,远志,text_found_at_other_position
76,23,食材,186,188,菖蒲,text_found_at_other_position
76,24,功效,188,192,散郁化痰,text_found_at_other_position
76,25,功效,193,198,辟秽通窍,entity_text_not_found_in_current_passage
76,26,食材,202,204,辰砂,text_found_at_other_position
76,27,功效,204,208,安神定惊,text_found_at_other_position
76,28,功效,209,213,镇心除烦,text_found_at_other_position
76,29,脏腑,14,15,心,exact_match
76,30,脏腑,37,38,肾,text_found_at_other_position
76,31,食材,262,264,薄荷,text_found_at_other_position
76,32,食材,265,267,清酒,text_found_at_other_position
76,33,功效,275,279,舒郁通经,text_found_at_other_position
76,34,禁忌,303,309,不宜常服久服,text_found_at_other_position
76,35,禁忌,312,316,损人肝肾,text_found_at_other_position
76,36,禁忌,317,321,令人呆闷,text_found_at_other_position
76,37,食材,339,342,琥珀粉,text_found_at_other_position
76,38,病症,350,354,脾肺客热,text_found_at_other_position
76,39,功效,362,364,凉心,text_found_at_other_position
76,40,功效,365,367,润肺,text_found_at_other_position
76,41,功效,368,370,消壅,text_found_at_other_position
76,42,食疗方,373,377,枇杷叶散,text_found_at_other_position
76,43,食材,391,394,枇杷叶,text_found_at_other_position
76,44,食材,412,414,白术,text_found_at_other_position
76,45,食材,418,420,羌活,text_found_at_other_position
76,46,食材,423,425,黄芪,text_found_at_other_position
76,47,食材,428,430,甘草,text_found_at_other_position
76,48,食材,435,437,半夏,text_found_at_other_position
76,49,食材,466,468,生姜,text_found_at_other_position
76,50,烹饪方法,472,473,煎,text_found_at_other_position
76,51,病症,530,538,老人气虚外感咳嗽,text_found_at_other_position
76,52,食疗方,561,565,四君子汤,text_found_at_other_position
76,53,食材,572,573,参,text_found_at_other_position
76,54,食材,574,575,术,text_found_at_other_position
76,55,食材,408,409,苓,text_found_at_other_position
76,56,食材,578,579,草,text_found_at_other_position
76,57,食材,595,597,芜活,text_found_at_other_position
76,58,食材,633,636,制半夏,text_found_at_other_position
76,59,功效,636,643,除脾胃气逆痰壅,text_found_at_other_position
76,60,功效,644,651,开中焦之痞结,entity_text_not_found_in_current_passage
76,61,烹饪方法,658,660,煎服,text_found_at_other_position
76,62,病症,674,680,老人气虚外感,text_found_at_other_position
77,1,病症,18,22,脾胃虚寒,text_found_at_other_position
77,2,病症,22,24,呕逆,text_found_at_other_position
77,3,病症,24,26,泻痢,text_found_at_other_position
77,4,食材,50,52,半夏,text_found_at_other_position
77,5,食材,66,68,生姜,text_found_at_other_position
77,6,功效,74,78,化饮降逆,text_found_at_other_position
77,7,功效,79,83,暖胃散寒,text_found_at_other_position
77,8,食材,87,89,白术,text_found_at_other_position
77,9,功效,89,93,健脾和中,text_found_at_other_position
77,10,功效,94,98,除湿止泻,text_found_at_other_position
77,11,食材,100,102,丁香,text_found_at_other_position
77,12,功效,102,106,温脾消胀,text_found_at_other_position
77,13,功效,110,114,止呕定痛,text_found_at_other_position
77,14,病症,134,138,少食腹胀,text_found_at_other_position
77,15,病症,139,142,呕吐,entity_text_not_found_in_current_passage
77,16,病症,143,145,泻痢,text_found_at_other_position
77,17,病症,203,207,妇人血气,text_found_at_other_position
77,18,病症,210,213,筋骨风,text_found_at_other_position
77,19,病症,214,218,四肢软弱,text_found_at_other_position
77,20,病症,221,225,卒中急风,text_found_at_other_position
77,21,病症,561,564,寸白虫,text_found_at_other_position
77,22,病症,250,252,伤寒,text_found_at_other_position
77,23,医家,262,265,孟相公,text_found_at_other_position
77,24,食材,198,200,藁本,text_found_at_other_position
77,25,食材,275,277,牛膝,text_found_at_other_position
77,26,烹饪方法,280,282,酒浸,text_found_at_other_position
77,27,烹饪方法,285,287,焙乾,text_found_at_other_position
77,28,食材,288,290,当归,text_found_at_other_position
77,29,食材,294,296,麻黄,text_found_at_other_position
77,30,食材,302,304,羌活,text_found_at_other_position
77,31,食材,307,309,独活,text_found_at_other_position
77,32,食材,312,314,防风,text_found_at_other_position
77,33,食材,317,319,肉桂,text_found_at_other_position
77,34,食材,328,330,芍药,text_found_at_other_position
77,35,食材,333,335,菊花,text_found_at_other_position
77,36,食材,338,340,续断,text_found_at_other_position
77,37,食材,343,345,芎劳,text_found_at_other_position
77,38,食材,350,352,甘草,text_found_at_other_position
77,39,食材,355,357,赤箭,text_found_at_other_position
77,40,食材,361,363,枳壳,text_found_at_other_position
77,41,烹饪方法,366,368,麸炮,text_found_at_other_position
77,42,食材,369,372,五加皮,text_found_at_other_position
77,43,烹饪方法,376,377,炮,text_found_at_other_position
77,44,食材,378,381,黑附子,text_found_at_other_position
77,45,烹饪方法,387,389,炮制,text_found_at_other_position
77,46,食材,394,396,细辛,text_found_at_other_position
77,47,烹饪方法,423,425,水洗,text_found_at_other_position
77,48,烹饪方法,427,429,细锉,text_found_at_other_position
77,49,烹饪方法,431,433,焙乾,text_found_at_other_position
77,50,烹饪方法,434,438,捣罗为末,text_found_at_other_position
77,51,烹饪方法,442,445,温酒下,text_found_at_other_position
77,52,烹饪方法,453,458,薄荷汤下,entity_text_not_found_in_current_passage
77,53,烹饪方法,467,471,葱白酒下,text_found_at_other_position
77,54,烹饪方法,8,9,服,text_found_at_other_position
78,1,食疗方,3,8,龟鹿二仙胶,exact_match
78,2,医家,12,15,王肯堂,text_found_at_other_position
78,3,古籍来源,15,21,《证治准绳》,text_found_at_other_position
78,4,功效,27,31,大补精髓,text_found_at_other_position
78,5,功效,32,36,益气养神,text_found_at_other_position
78,6,病症,38,42,视物不清,text_found_at_other_position
78,7,食材,50,52,龟板,text_found_at_other_position
78,8,食材,58,60,鹿角,text_found_at_other_position
78,9,食材,65,68,枸杞子,text_found_at_other_position
78,10,食材,177,179,人参,text_found_at_other_position
78,11,食材,89,92,桂圆肉,text_found_at_other_position
78,12,烹饪方法,112,113,浸,text_found_at_other_position
78,13,烹饪方法,120,121,刮,text_found_at_other_position
78,14,烹饪方法,137,138,煮,text_found_at_other_position
78,15,烹饪方法,159,161,晒干,text_found_at_other_position
78,16,烹饪方法,162,163,碾,text_found_at_other_position
78,17,烹饪方法,194,195,熬,text_found_at_other_position
78,18,烹饪方法,200,202,收贮,text_found_at_other_position
78,19,食疗方,230,233,温中丸,text_found_at_other_position
78,20,医家,237,240,许叔微,text_found_at_other_position
78,21,古籍来源,240,249,《类证普济本事方》,text_found_at_other_position
78,22,功效,256,263,治妇人冲任虚损,text_found_at_other_position
78,23,病症,265,269,血气亏伤,text_found_at_other_position
78,24,病症,270,274,月水断续,text_found_at_other_position
78,25,病症,275,279,腹中疗痛,text_found_at_other_position
78,26,病症,280,285,寒热烦壅,entity_text_not_found_in_current_passage
78,27,病症,286,290,口燥舌干,text_found_at_other_position
78,28,病症,291,295,心神忪悸,text_found_at_other_position
78,29,病症,296,300,头目眩晕,text_found_at_other_position
78,30,病症,301,305,肢体倦怠,text_found_at_other_position
78,31,病症,306,310,腰背引痛,text_found_at_other_position
78,32,病症,311,316,筋脉拘急,entity_text_not_found_in_current_passage
78,33,病症,317,321,带下赤白,text_found_at_other_position
78,34,食材,328,331,生地黄,text_found_at_other_position
78,35,食材,332,334,生姜,text_found_at_other_position
78,36,食材,368,371,白芍药,text_found_at_other_position
78,37,食材,374,376,人参,text_found_at_other_position
78,38,食材,381,383,蒲黄,text_found_at_other_position
78,39,食材,387,389,当归,text_found_at_other_position
78,40,食材,395,397,琥珀,text_found_at_other_position
78,41,食材,402,405,自茯苓,text_found_at_other_position
78,42,食材,410,412,黄芪,text_found_at_other_position
78,43,食材,418,421,延胡索,text_found_at_other_position
78,44,食材,426,429,麦门冬,text_found_at_other_position
78,45,食材,434,437,鸟梅肉,text_found_at_other_position
78,46,烹饪方法,344,345,研,text_found_at_other_position
78,47,烹饪方法,351,352,炒,text_found_at_other_position
78,48,烹饪方法,472,473,煎,text_found_at_other_position
78,49,烹饪方法,478,479,熬,text_found_at_other_position
78,50,烹饪方法,485,487,为丸,text_found_at_other_position
78,51,食材,461,464,白艾叶,text_found_at_other_position
78,52,食疗方,516,519,扶桑丸,text_found_at_other_position
78,53,医家,523,526,汪诃庵,text_found_at_other_position
78,54,古籍来源,526,532,《医方集解》,text_found_at_other_position
78,55,功效,538,541,除风湿,text_found_at_other_position
78,56,功效,542,545,起羸廷,text_found_at_other_position
78,57,功效,547,550,驻容颜,text_found_at_other_position
78,58,功效,552,555,乌髭发,text_found_at_other_position
78,59,功效,556,560,却病延年,text_found_at_other_position
78,60,食材,567,570,嫩桑叶,text_found_at_other_position
78,61,食材,584,587,巨胜子,text_found_at_other_position
78,62,食材,588,591,黑芝麻,text_found_at_other_position
78,63,食材,598,600,白蜜,text_found_at_other_position
78,64,烹饪方法,615,617,擂碎,text_found_at_other_position
78,65,烹饪方法,617,618,熬,text_found_at_other_position
78,66,烹饪方法,623,624,炼,text_found_at_other_position
78,67,烹饪方法,635,637,为丸,text_found_at_other_position
78,68,食疗方,650,654,延寿丹方,text_found_at_other_position
78,69,古籍来源,664,671,《世补斋医书》,text_found_at_other_position
78,70,功效,678,682,滋阴补肾,text_found_at_other_position
78,71,功效,683,687,壮水清火,text_found_at_other_position
78,72,医家,661,664,陆九芝,text_found_at_other_position
78,73,医家,718,720,陆氏,text_found_at_other_position
78,74,病症,703,710,须发白而复黑,entity_text_not_found_in_current_passage
78,75,病症,711,717,精力耗而复强,text_found_at_other_position
79,1,病症,2,6,噫呕腹逆,exact_match
79,2,病症,7,9,喘嗽,exact_match
79,3,病症,9,11,消渴,exact_match
79,4,病症,12,16,大便不实,exact_match
79,5,病症,17,19,久泻,exact_match
79,6,病症,21,28,痈疽溃后不思食,exact_match
79,7,食材,36,38,人参,text_found_at_other_position
79,8,食材,46,49,自茯苓,text_found_at_other_position
79,9,食材,57,59,于术,text_found_at_other_position
79,10,食材,66,69,干山药,text_found_at_other_position
79,11,食材,76,79,石莲肉,text_found_at_other_position
79,12,食材,84,87,白扁豆,text_found_at_other_position
79,13,食材,103,105,桔梗,text_found_at_other_position
79,14,食材,108,110,砂仁,text_found_at_other_position
79,15,食材,111,114,薏苡仁,text_found_at_other_position
79,16,食材,116,118,甘草,text_found_at_other_position
79,17,食材,129,131,陈皮,text_found_at_other_position
79,18,食材,132,134,神籼,text_found_at_other_position
79,19,烹饪方法,64,65,炒,text_found_at_other_position
79,20,烹饪方法,118,119,炙,text_found_at_other_position
79,21,烹饪方法,156,157,研,text_found_at_other_position
79,22,烹饪方法,196,197,煎,text_found_at_other_position
79,23,烹饪方法,206,207,丸,text_found_at_other_position
79,24,烹饪方法,214,216,泛丸,text_found_at_other_position
79,25,烹饪方法,246,248,炼蜜,text_found_at_other_position
79,26,烹饪方法,258,259,化,text_found_at_other_position
79,27,食材,167,169,米汤,text_found_at_other_position
79,28,食材,170,172,枣汤,text_found_at_other_position
79,29,食材,173,175,熟汤,text_found_at_other_position
79,30,食材,188,190,生姜,text_found_at_other_position
79,31,食材,191,193,大枣,text_found_at_other_position
79,32,食材,200,202,枣肉,text_found_at_other_position
79,33,食材,487,488,蜜,text_found_at_other_position
79,34,食疗方,267,270,右归丸,text_found_at_other_position
79,35,医家,274,277,张介宾,text_found_at_other_position
79,36,古籍来源,277,283,《景岳全书》,text_found_at_other_position
79,37,功效,289,293,益火之源,text_found_at_other_position
79,38,功效,295,299,以消阴翳,text_found_at_other_position
79,39,病症,303,307,命门火衰,text_found_at_other_position
79,40,病症,308,312,脾胃虚寒,text_found_at_other_position
79,41,病症,314,319,呕恶膨胀,entity_text_not_found_in_current_passage
79,42,病症,320,324,翻胃噎膈,text_found_at_other_position
79,43,病症,325,329,脐腹多痛,text_found_at_other_position
79,44,病症,330,332,虚淋,text_found_at_other_position
79,45,病症,332,334,寒疝,text_found_at_other_position
79,46,病症,335,339,便溏泄泻,text_found_at_other_position
79,47,病症,340,344,肢节瘘痛,text_found_at_other_position
79,48,病症,345,350,水邪浮肿,entity_text_not_found_in_current_passage
79,49,病症,351,355,眼见邪祟,text_found_at_other_position
79,50,病症,356,360,阳衰无子,text_found_at_other_position
79,51,食材,369,372,大熟地,text_found_at_other_position
79,52,食材,375,377,肉桂,text_found_at_other_position
79,53,食材,378,381,川附子,text_found_at_other_position
79,54,食材,387,391,山茱萸肉,text_found_at_other_position
79,55,食材,392,396,淮山药,entity_text_not_found_in_current_passage
79,56,食材,398,401,川杜仲,text_found_at_other_position
79,57,食材,409,412,枸杞子,text_found_at_other_position
79,58,食材,416,419,菟丝子,text_found_at_other_position
79,59,食材,426,429,鹿角胶,text_found_at_other_position
79,60,食材,433,436,全当归,text_found_at_other_position
79,61,食材,463,465,茯苓,text_found_at_other_position
79,62,食材,466,469,补骨脂,text_found_at_other_position
79,63,烹饪方法,69,70,炒,text_found_at_other_position
79,64,烹饪方法,148,149,制,text_found_at_other_position
79,65,烹饪方法,482,483,研,text_found_at_other_position
79,66,烹饪方法,488,490,和丸,text_found_at_other_position
79,67,烹饪方法,508,509,嚼,text_found_at_other_position
79,68,烹饪方法,241,242,送,text_found_at_other_position
79,69,食疗方,523,526,四神丸,text_found_at_other_position
79,70,医家,530,533,王肯堂,text_found_at_other_position
79,71,古籍来源,533,539,《证治准绳》,text_found_at_other_position
79,72,功效,545,549,温补脾肾,text_found_at_other_position
79,73,功效,550,554,收涩止泻,text_found_at_other_position
79,74,病症,557,561,脾肾虚寒,text_found_at_other_position
79,75,病症,562,566,五更泄泻,text_found_at_other_position
79,76,病症,567,572,不思饮食,entity_text_not_found_in_current_passage
79,77,病症,574,578,久痢虚痛,text_found_at_other_position
79,78,病症,579,583,腰酸肢衿,text_found_at_other_position
79,79,食材,590,593,肉豆蔻,text_found_at_other_position
79,80,食材,597,600,五味子,text_found_at_other_position
79,81,食材,606,609,补骨脂,text_found_at_other_position
79,82,食材,619,622,吴茱萸,text_found_at_other_position
79,83,食材,645,647,生姜,text_found_at_other_position
79,84,食材,667,669,红枣,text_found_at_other_position
79,85,烹饪方法,595,596,煨,text_found_at_other_position
79,86,烹饪方法,79,80,炒,text_found_at_other_position
79,87,烹饪方法,92,93,浸,text_found_at_other_position
79,88,烹饪方法,624,625,泡,text_found_at_other_position
79,89,烹饪方法,640,641,研,text_found_at_other_position
79,90,烹饪方法,694,695,煮,text_found_at_other_position
79,91,烹饪方法,706,707,捣,text_found_at_other_position
79,92,烹饪方法,707,709,和丸,text_found_at_other_position
79,93,食材,729,731,米饮,text_found_at_other_position
79,94,食材,622,624,盐汤,text_found_at_other_position
79,95,食疗方,748,751,七成汤,text_found_at_other_position
79,96,医家,755,758,吴又可,text_found_at_other_position
79,97,古籍来源,758,763,《瘟疫论》,text_found_at_other_position
79,98,功效,769,773,益气安神,text_found_at_other_position
79,99,功效,774,778,温肾止泻,text_found_at_other_position
79,100,病症,782,789,黎明或夜半作泻,text_found_at_other_position
79,101,病症,790,794,脉迟细弱,text_found_at_other_position
80,1,病症,4,8,五劳七伤,exact_match
80,2,病症,107,111,腰脚痛重,text_found_at_other_position
80,3,病症,112,116,行立不任,text_found_at_other_position
80,4,病症,127,131,吐逆少食,text_found_at_other_position
80,5,病症,132,136,不成肌肤,text_found_at_other_position
80,6,病症,148,156,发燥而面无精光,entity_text_not_found_in_current_passage
80,7,病症,167,171,咳嗽气逆,text_found_at_other_position
80,8,病症,182,184,目暗,text_found_at_other_position
80,9,病症,185,189,筋骨挛痛,text_found_at_other_position
80,10,病症,207,209,阴寒,text_found_at_other_position
80,11,病症,213,215,阴痿,text_found_at_other_position
80,12,病症,218,220,里急,text_found_at_other_position
80,13,病症,223,229,精连连而不绝,text_found_at_other_position
80,14,病症,234,239,精少囊下湿,text_found_at_other_position
80,15,病症,242,244,精清,text_found_at_other_position
80,16,病症,247,251,小便苦数,text_found_at_other_position
80,17,病症,281,285,忽忽善忘,text_found_at_other_position
80,18,病症,286,290,悲伤不乐,text_found_at_other_position
80,19,病症,291,296,夺色黧黑,entity_text_not_found_in_current_passage
80,20,病症,297,304,饮食不生肌肤,entity_text_not_found_in_current_passage
80,21,病症,305,309,色无润泽,text_found_at_other_position
80,22,病症,311,315,发白枯槁,text_found_at_other_position
80,23,病症,316,320,牙齿不坚,text_found_at_other_position
80,24,病症,321,325,目黄泪出,text_found_at_other_position
80,25,病症,326,330,远视肮肮,text_found_at_other_position
80,26,病症,332,336,见风泪下,text_found_at_other_position
80,27,病症,338,340,咽焦,text_found_at_other_position
80,28,病症,341,343,消渴,text_found_at_other_position
80,29,病症,344,346,鼻衄,text_found_at_other_position
80,30,病症,347,349,唾血,text_found_at_other_position
80,31,病症,350,356,喉中介介不利,text_found_at_other_position
80,32,病症,357,361,胸中噎塞,text_found_at_other_position
80,33,病症,362,367,食饮不下,entity_text_not_found_in_current_passage
80,34,病症,368,372,身寒汗出,text_found_at_other_position
80,35,病症,373,377,肌肉酸瘠,text_found_at_other_position
80,36,病症,378,382,四肢沉重,text_found_at_other_position
80,37,病症,383,387,不欲动作,text_found_at_other_position
80,38,病症,388,392,膝胫苦寒,text_found_at_other_position
80,39,病症,393,398,不能远行,entity_text_not_found_in_current_passage
80,40,病症,399,403,上重下轻,text_found_at_other_position
80,41,病症,404,410,久立腰背苦痛,text_found_at_other_position
80,42,病症,411,415,难以倪仰,text_found_at_other_position
80,43,病症,416,420,绕脐急痛,text_found_at_other_position
80,44,病症,421,428,饥则心下虚悬,entity_text_not_found_in_current_passage
80,45,病症,429,433,唇干口燥,text_found_at_other_position
80,46,病症,434,438,腹里雷鸣,text_found_at_other_position
80,47,病症,439,444,胸背相引痛,text_found_at_other_position
80,48,病症,447,451,呕逆不食,text_found_at_other_position
80,49,病症,454,456,娈吐,text_found_at_other_position
80,50,病症,457,462,小便赤热,entity_text_not_found_in_current_passage
80,51,病症,463,467,乍数乍难,text_found_at_other_position
80,52,病症,468,472,或时伤多,text_found_at_other_position
80,53,病症,473,477,或如针刺,text_found_at_other_position
80,54,病症,478,482,大便坚涩,text_found_at_other_position
80,55,病症,483,487,时泄下血,text_found_at_other_position
80,56,病症,488,493,身体瘙痒,entity_text_not_found_in_current_passage
80,57,病症,494,498,阴下常湿,text_found_at_other_position
80,58,病症,499,503,黄汗自出,text_found_at_other_position
80,59,病症,504,508,阴痿消小,text_found_at_other_position
80,60,病症,509,513,临事不起,text_found_at_other_position
80,61,病症,514,518,精清而少,text_found_at_other_position
80,62,病症,519,524,连连独泄,entity_text_not_found_in_current_passage
80,63,病症,525,529,阴端寒衿,text_found_at_other_position
80,64,病症,530,534,茎中疼痛,text_found_at_other_position
80,65,病症,535,539,小便余沥,text_found_at_other_position
80,66,病症,540,544,卵肿而大,text_found_at_other_position
80,67,病症,545,549,缩入腹中,text_found_at_other_position
80,68,病症,550,555,四肢浮肿,entity_text_not_found_in_current_passage
80,69,病症,556,560,虚热烦痛,text_found_at_other_position
80,70,病症,561,565,乍热乍寒,text_found_at_other_position
80,71,病症,566,570,卧不安席,text_found_at_other_position
80,72,病症,571,575,心如杵春,text_found_at_other_position
80,73,病症,576,580,惊悸失脉,text_found_at_other_position
80,74,病症,581,586,呼吸乏短,entity_text_not_found_in_current_passage
80,75,病症,587,591,时时噩梦,text_found_at_other_position
80,76,病症,600,602,房劳,text_found_at_other_position
80,77,脏腑,105,106,肾,text_found_at_other_position
80,78,脏腑,125,126,脾,text_found_at_other_position
80,79,脏腑,140,141,心,text_found_at_other_position
80,80,脏腑,165,166,肺,text_found_at_other_position
80,81,脏腑,180,181,肝,text_found_at_other_position
80,82,功效,196,199,补五脏,text_found_at_other_position
80,83,功效,651,654,补肝肾,text_found_at_other_position
80,84,功效,654,657,益下元,text_found_at_other_position
80,85,功效,665,668,清湿热,text_found_at_other_position
80,86,功效,668,670,散风,text_found_at_other_position
80,87,功效,670,672,化瘀,text_found_at_other_position
80,88,古籍来源,257,263,《千金翼方》,text_found_at_other_position
81,1,食材,182,185,粳米,entity_text_not_found_in_current_passage
81,2,食材,80,82,桂心,exact_match
81,3,食材,280,282,白蜜,exact_match
81,4,食材,285,287,熟汤,exact_match
81,5,食材,587,588,姜,text_found_at_other_position
81,6,食材,588,589,橘,text_found_at_other_position
81,7,食性,196,198,大热,exact_match
81,8,食味,194,195,辛,exact_match
81,9,食味,195,196,甘,exact_match
81,10,功效,188,191,健脾气,exact_match
81,11,功效,203,211,补命门相火之不足,exact_match
81,12,功效,212,221,破阴寒痼衿之凝结,entity_text_not_found_in_current_passage
81,13,功效,517,521,生津润燥,text_found_at_other_position
81,14,功效,522,526,补中益气,text_found_at_other_position
81,15,功效,527,534,散结解毒止痛,entity_text_not_found_in_current_passage
81,16,病症,73,75,噎塞,exact_match
81,17,病症,260,262,噎病,exact_match
81,18,病症,263,267,食饮不下,exact_match
81,19,病症,268,272,气塞不通,exact_match
81,20,病症,155,159,心痛满闷,exact_match
81,21,病症,452,456,口干咽燥,exact_match
81,22,病症,467,472,大便艰涩,entity_text_not_found_in_current_passage
81,23,病症,479,481,气短,text_found_at_other_position
81,24,病症,482,484,心悸,text_found_at_other_position
81,25,病症,485,487,乏力,text_found_at_other_position
81,26,病症,488,490,自汗,text_found_at_other_position
81,27,脏腑,94,95,脾,exact_match
81,28,脏腑,95,96,肾,exact_match
81,29,脏腑,57,58,心,exact_match
81,30,脏腑,147,148,胃,exact_match
81,31,脏腑,459,461,大肠,text_found_at_other_position
81,32,食疗方,275,278,蜜浆方,exact_match
81,33,烹饪方法,53,54,煮,exact_match
81,34,烹饪方法,192,193,调,exact_match
81,35,古籍来源,3,10,《经钮堂抄本》,exact_match
81,36,古籍来源,21,27,《文津阁本》,exact_match
82,1,烹饪方法,10,11,煎,text_found_at_other_position
82,2,食疗方,20,25,麻杏石甘汤,text_found_at_other_position
82,3,医家,29,32,张仲景,text_found_at_other_position
82,4,古籍来源,32,37,《伤寒论》,text_found_at_other_position
82,5,功效,45,49,宣肺清热,text_found_at_other_position
82,6,病症,51,56,发汗或下后,text_found_at_other_position
82,7,病症,57,61,汗出而喘,text_found_at_other_position
82,8,病症,62,67,肌表无大热,text_found_at_other_position
82,9,食材,74,76,麻黄,text_found_at_other_position
82,10,食材,84,86,杏仁,text_found_at_other_position
82,11,食材,97,99,甘草,text_found_at_other_position
82,12,食材,107,109,石膏,text_found_at_other_position
82,13,烹饪方法,136,137,煮,text_found_at_other_position
82,14,烹饪方法,159,161,温服,text_found_at_other_position
82,15,食疗方,170,173,六安煎,text_found_at_other_position
82,16,古籍来源,177,183,《景岳全书》,text_found_at_other_position
82,17,功效,189,193,宣肺降气,text_found_at_other_position
82,18,功效,194,198,燥湿化痰,text_found_at_other_position
82,19,病症,200,204,风寒咳嗽,text_found_at_other_position
82,20,病症,206,210,非风初感,text_found_at_other_position
82,21,病症,212,217,痰滞气逆,entity_text_not_found_in_current_passage
82,22,食材,226,228,杏仁,text_found_at_other_position
82,23,食材,235,238,白芥子,text_found_at_other_position
82,24,食材,433,435,半夏,text_found_at_other_position
82,25,食材,259,261,陈皮,text_found_at_other_position
82,26,食材,265,267,茯苓,text_found_at_other_position
82,27,食材,270,272,甘草,text_found_at_other_position
82,28,食材,290,292,生姜,text_found_at_other_position
82,29,烹饪方法,296,297,煎,text_found_at_other_position
82,30,烹饪方法,301,304,食远服,text_found_at_other_position
82,31,病症,306,313,外感风邪咳嗽,entity_text_not_found_in_current_passage
82,32,病症,315,318,寒气盛,text_found_at_other_position
82,33,食材,329,332,北细辛,text_found_at_other_position
82,34,食疗方,345,349,六君子汤,text_found_at_other_position
82,35,古籍来源,353,359,《妇人良方》,text_found_at_other_position
82,36,功效,365,369,益气健脾,text_found_at_other_position
82,37,功效,370,374,化痰除湿,text_found_at_other_position
82,38,病症,376,384,脾胃气虚而兼痰湿,text_found_at_other_position
82,39,病症,387,392,气短咳嗽,entity_text_not_found_in_current_passage
82,40,病症,393,397,痰白清稀,text_found_at_other_position
82,41,病症,398,402,饮食不思,text_found_at_other_position
82,42,病症,403,407,大便不实,text_found_at_other_position
82,43,病症,411,416,慢性气管炎,text_found_at_other_position
82,44,食材,428,430,陈皮,text_found_at_other_position
82,45,食材,252,255,半夏,text_found_at_other_position
82,46,食材,438,440,茯苓,text_found_at_other_position
82,47,食材,443,445,甘草,text_found_at_other_position
82,48,食材,448,450,人参,text_found_at_other_position
82,49,食材,453,455,自术,text_found_at_other_position
82,50,烹饪方法,467,470,水煎服,text_found_at_other_position
82,51,食疗方,478,483,三子养亲汤,text_found_at_other_position
82,52,医家,487,489,韩悉,text_found_at_other_position
82,53,古籍来源,489,495,《韩氏医通》,text_found_at_other_position
82,54,功效,501,505,顺气降逆,text_found_at_other_position
82,55,功效,506,510,化痰消滞,text_found_at_other_position
82,56,病症,512,518,老人气实痰盛,text_found_at_other_position
82,57,病症,519,523,喘满懒食,text_found_at_other_position
82,58,病症,524,528,舌苔腻,entity_text_not_found_in_current_passage
82,59,病症,530,532,脉滑,text_found_at_other_position
82,60,食材,540,543,紫苏子,text_found_at_other_position
82,61,食材,547,550,白芥子,text_found_at_other_position
82,62,食材,551,554,莱菔子,text_found_at_other_position
82,63,烹饪方法,565,567,微炒,text_found_at_other_position
82,64,烹饪方法,567,568,研,text_found_at_other_position
82,65,烹饪方法,569,571,煎服,text_found_at_other_position
82,66,病症,584,586,咳喘,text_found_at_other_position
82,67,病症,600,602,痰多,text_found_at_other_position
82,68,病症,612,614,食滞,text_found_at_other_position
82,69,食疗方,631,634,黑锡丹,text_found_at_other_position
82,70,古籍来源,638,648,《太平惠民和剂局方》,text_found_at_other_position
82,71,功效,654,658,温壮下元,text_found_at_other_position
82,72,功效,659,663,镇纳浮阳,text_found_at_other_position
82,73,病症,666,670,真元不足,text_found_at_other_position
82,74,病症,671,675,上盛下虚,text_found_at_other_position
82,75,病症,676,681,痰壅气喘,entity_text_not_found_in_current_passage
82,76,病症,682,686,汗出肢厥,text_found_at_other_position
82,77,病症,687,690,脉沉微,text_found_at_other_position
82,78,病症,691,696,尺脉无或小,text_found_at_other_position
82,79,病症,698,702,寒疝腹痛,text_found_at_other_position
82,80,病症,705,709,阳痿遗精,text_found_at_other_position
83,1,食材,20,22,生姜,exact_match
83,2,食材,162,163,杏,exact_match
83,3,食材,164,166,桃仁,exact_match
83,4,食材,176,177,盐,exact_match
83,5,食材,178,180,甘草,exact_match
83,6,食材,248,251,川鸟头,exact_match
83,7,食材,260,262,厚朴,exact_match
83,8,食材,272,274,干姜,exact_match
83,9,病症,13,15,痰嗽,exact_match
83,10,病症,45,49,脾胃虚弱,exact_match
83,11,病症,54,56,痰饮,exact_match
83,12,病症,108,112,咳嗽痰多,exact_match
83,13,病症,113,117,咳痰清稀,exact_match
83,14,病症,118,122,恶寒发热,exact_match
83,15,病症,123,128,脉浮而弦,entity_text_not_found_in_current_passage
83,16,病症,231,233,泄泻,exact_match
83,17,病症,239,241,久泻,exact_match
83,18,病症,338,342,中寒泄泻,exact_match
83,19,病症,392,396,下利清谷,exact_match
83,20,病症,398,402,腹部作胀,exact_match
83,21,病症,403,407,绵绵而痛,exact_match
83,22,病症,408,412,口吐涎沫,exact_match
83,23,病症,420,425,舌淡苔白滑,exact_match
83,24,病症,427,432,脉沉细而迟,exact_match
83,25,脏腑,9,10,肺,exact_match
83,26,脏腑,148,150,脾胃,exact_match
83,27,脏腑,58,60,中焦,exact_match
83,28,食疗方,243,246,健脾散,exact_match
83,29,烹饪方法,254,255,炮,exact_match
83,30,烹饪方法,284,285,炙,exact_match
83,31,烹饪方法,305,306,煎,exact_match
83,32,古籍来源,209,215,《遵生八笺》,exact_match
84,1,食味,354,355,酸,text_found_at_other_position
84,2,食味,386,387,甘,text_found_at_other_position
84,3,脏腑,27,28,肝,text_found_at_other_position
84,4,脏腑,370,371,脾,text_found_at_other_position
84,5,脏腑,480,481,肺,text_found_at_other_position
84,6,脏腑,116,117,心,text_found_at_other_position
84,7,病症,589,591,腹痛,text_found_at_other_position
84,8,病症,592,594,呕吐,text_found_at_other_position
84,9,病症,595,597,泄泻,text_found_at_other_position
84,10,病症,598,600,肢冷,text_found_at_other_position
84,11,病症,601,603,脉伏,text_found_at_other_position
84,12,病症,639,641,宿疾,text_found_at_other_position
84,13,病症,649,653,精神昏倦,text_found_at_other_position
84,14,病症,693,697,体热头昏,text_found_at_other_position
84,15,病症,698,702,膈壅涎嗽,text_found_at_other_position
84,16,病症,705,709,四肢劳倦,text_found_at_other_position
84,17,病症,712,715,腰脚不,text_found_at_other_position
84,18,养生原则,416,424,减酸益甘以养脾气,text_found_at_other_position
84,19,养生原则,459,463,调气导引,text_found_at_other_position
84,20,古籍来源,94,98,《类经》,text_found_at_other_position
85,1,食材,5,7,人参,text_found_at_other_position
85,2,食材,11,13,茯苓,text_found_at_other_position
85,3,食材,16,19,熟附子,text_found_at_other_position
85,4,食材,22,25,破故纸,text_found_at_other_position
85,5,食材,31,34,辽五味,text_found_at_other_position
85,6,食材,37,39,甘草,text_found_at_other_position
85,7,食材,148,150,白术,text_found_at_other_position
85,8,食材,155,157,白芍,text_found_at_other_position
85,9,食材,162,164,陈皮,text_found_at_other_position
85,10,食材,170,172,防风,text_found_at_other_position
85,11,食材,202,204,升麻,text_found_at_other_position
85,12,食材,296,298,猪苓,text_found_at_other_position
85,13,食材,306,308,泽泻,text_found_at_other_position
85,14,食材,311,313,党参,text_found_at_other_position
85,15,食材,335,337,小米,text_found_at_other_position
85,16,食材,410,412,大黄,text_found_at_other_position
85,17,食材,420,422,厚朴,text_found_at_other_position
85,18,食材,425,427,枳壳,text_found_at_other_position
85,19,食材,437,440,麻子仁,text_found_at_other_position
85,20,食材,464,465,蜜,text_found_at_other_position
85,21,食材,550,553,川当归,text_found_at_other_position
85,22,食材,554,557,生地黄,text_found_at_other_position
85,23,食材,561,563,桃仁,text_found_at_other_position
85,24,食材,564,566,麻仁,text_found_at_other_position
85,25,食材,577,579,黄芩,text_found_at_other_position
85,26,食材,679,681,半夏,text_found_at_other_position
85,27,食材,692,694,硫黄,text_found_at_other_position
85,28,食材,705,707,柳木,text_found_at_other_position
85,29,食疗方,64,67,八味丸,text_found_at_other_position
85,30,食疗方,81,85,痛泻要方,text_found_at_other_position
85,31,食疗方,213,216,春泽汤,text_found_at_other_position
85,32,食疗方,347,350,脾约丸,text_found_at_other_position
85,33,食疗方,503,506,润肠丸,text_found_at_other_position
85,34,食疗方,622,625,半硫丸,text_found_at_other_position
85,35,功效,103,107,泻肝补脾,text_found_at_other_position
85,36,功效,246,250,补气健脾,text_found_at_other_position
85,37,功效,251,255,利湿清热,text_found_at_other_position
85,38,功效,372,376,润肠通便,text_found_at_other_position
85,39,功效,377,381,行气清热,text_found_at_other_position
85,40,功效,526,530,养血清热,text_found_at_other_position
85,41,功效,531,535,滋燥通便,text_found_at_other_position
85,42,功效,645,649,温肾逐寒,text_found_at_other_position
85,43,功效,650,654,通阳泄浊,text_found_at_other_position
85,44,病症,110,114,肠鸣腹痛,text_found_at_other_position
85,45,病症,115,119,大便泄泻,text_found_at_other_position
85,46,病症,120,124,泻必腹痛,text_found_at_other_position
85,47,病症,131,136,脉两关不调,text_found_at_other_position
85,48,病症,137,140,弦而缓,text_found_at_other_position
85,49,病症,197,199,水泻,text_found_at_other_position
85,50,病症,257,261,无病而渴,text_found_at_other_position
85,51,病症,263,267,病瘥后渴,text_found_at_other_position
85,52,病症,272,277,小便不通利,text_found_at_other_position
85,53,病症,278,280,脉弱,text_found_at_other_position
85,54,病症,281,285,下肢浮肿,text_found_at_other_position
85,55,病症,383,388,老人津液少,text_found_at_other_position
85,56,病症,389,392,大便燥,text_found_at_other_position
85,57,病症,394,397,小便涩,text_found_at_other_position
85,58,病症,399,403,其脾为约,text_found_at_other_position
85,59,病症,537,543,血燥挟热便秘,text_found_at_other_position
85,60,病症,658,664,老年虚衿便秘,text_found_at_other_position
85,61,病症,668,672,寒湿久泻,text_found_at_other_position
85,62,烹饪方法,25,26,炒,text_found_at_other_position
85,63,烹饪方法,54,55,煎,text_found_at_other_position
85,64,烹饪方法,188,189,丸,text_found_at_other_position
85,65,烹饪方法,191,192,散,text_found_at_other_position
85,66,烹饪方法,418,419,焙,text_found_at_other_position
85,67,烹饪方法,590,591,研,text_found_at_other_position
85,68,烹饪方法,594,598,炼蜜为丸,text_found_at_other_position
85,69,烹饪方法,681,683,汤浸,text_found_at_other_position
85,70,烹饪方法,698,702,研令极细,text_found_at_other_position
85,71,古籍来源,86,92,《景岳全书》,text_found_at_other_position
85,72,古籍来源,223,229,《医方集解》,text_found_at_other_position
85,73,古籍来源,356,364,《寿亲养老新书》,text_found_at_other_position
85,74,古籍来源,513,520,《沈氏尊生书》,text_found_at_other_position
85,75,古籍来源,629,639,《太平惠民和剂局方》,text_found_at_other_position
85,76,医家,93,96,刘草窗,text_found_at_other_position
85,77,医家,220,223,汪切庵,text_found_at_other_position
85,78,医家,233,236,岳美中,text_found_at_other_position
85,79,医家,354,356,邹铉,text_found_at_other_position
85,80,医家,510,513,沈金鳌,text_found_at_other_position
86,1,食材,2,5,干山药,exact_match
86,2,食材,15,17,麦芽,exact_match
86,3,食材,26,28,芡实,exact_match
86,4,食材,44,46,泽泻,exact_match
86,5,食材,48,50,砂仁,exact_match
86,6,烹饪方法,6,7,炒,exact_match
86,7,烹饪方法,65,66,研,text_found_at_other_position
86,8,烹饪方法,69,73,炼蜜为丸,text_found_at_other_position
86,9,烹饪方法,96,100,水泛为丸,text_found_at_other_position
86,10,烹饪方法,132,134,水煎,text_found_at_other_position
86,11,烹饪方法,442,443,煮,text_found_at_other_position
86,12,烹饪方法,486,490,面糊为丸,text_found_at_other_position
86,13,食材,90,92,姜汤,text_found_at_other_position
86,14,食材,231,234,别直参,text_found_at_other_position
86,15,食材,237,240,炙黄芪,text_found_at_other_position
86,16,食材,243,246,毛鹿茸,text_found_at_other_position
86,17,食材,249,251,党参,text_found_at_other_position
86,18,食材,254,258,炙甘草,entity_text_not_found_in_current_passage
86,19,食材,261,263,续断,text_found_at_other_position
86,20,食材,266,269,炒冬术,text_found_at_other_position
86,21,食材,272,274,茯苓,text_found_at_other_position
86,22,食材,276,278,肉桂,text_found_at_other_position
86,23,食材,281,283,陈皮,text_found_at_other_position
86,24,食材,286,289,炒白芍,text_found_at_other_position
86,25,食材,292,294,当归,text_found_at_other_position
86,26,食材,297,299,熟地,text_found_at_other_position
86,27,食材,303,306,炒远志,text_found_at_other_position
86,28,食材,309,312,枸杞子,text_found_at_other_position
86,29,食材,315,319,肉苁蓉,entity_text_not_found_in_current_passage
86,30,食材,363,365,河车,text_found_at_other_position
86,31,食材,449,452,云茯苓,text_found_at_other_position
86,32,食材,455,457,人参,text_found_at_other_position
86,33,食材,498,500,麝香,text_found_at_other_position
86,34,食材,516,518,米饮,text_found_at_other_position
86,35,食材,519,521,温酒,text_found_at_other_position
86,36,食材,354,356,盐汤,text_found_at_other_position
86,37,食材,532,536,五味子汤,text_found_at_other_position
86,38,食疗方,184,189,参桂鹿茸丸,text_found_at_other_position
86,39,功效,202,207,治虚损乏力,text_found_at_other_position
86,40,功效,208,212,畏寒肢冷,text_found_at_other_position
86,41,功效,213,217,腰膝酸软,text_found_at_other_position
86,42,功效,218,222,食减便溏,text_found_at_other_position
86,43,功效,386,389,治劳嗽,text_found_at_other_position
86,44,病症,393,395,劳瘵,text_found_at_other_position
86,45,医家,112,115,岳美中,text_found_at_other_position
86,46,医家,370,373,王肯堂,text_found_at_other_position
86,47,古籍来源,373,379,《证治准绳》,text_found_at_other_position
86,48,古籍来源,612,616,《内经》,text_found_at_other_position
86,49,古籍来源,617,622,《千金方》,text_found_at_other_position
86,50,养生原则,660,664,饮食有节,text_found_at_other_position
86,51,养生原则,665,670,起居有常,entity_text_not_found_in_current_passage
86,52,养生原则,671,675,不妄作劳,text_found_at_other_position
86,53,养生原则,678,682,形与神俱,text_found_at_other_position
86,54,养生原则,684,689,尽终其天年,text_found_at_other_position
86,55,养生原则,690,695,度百岁乃去,text_found_at_other_position
87,1,食材,123,125,羌活,text_found_at_other_position
87,2,食材,237,242,黑白二附子,text_found_at_other_position
87,3,食材,269,271,黄芪,text_found_at_other_position
87,4,食材,300,302,巴戟,text_found_at_other_position
87,5,食材,303,305,青盐,text_found_at_other_position
87,6,食材,306,308,沙苑,text_found_at_other_position
87,7,食材,309,312,自蒺藜,text_found_at_other_position
87,8,食材,313,315,牛膝,text_found_at_other_position
87,9,食材,317,319,茴香,text_found_at_other_position
87,10,食材,320,322,川楝,text_found_at_other_position
87,11,食材,370,372,白附,text_found_at_other_position
87,12,食材,524,526,木香,text_found_at_other_position
87,13,食材,538,540,茯苓,text_found_at_other_position
87,14,食材,548,550,自术,text_found_at_other_position
87,15,食材,556,559,肉豆蔻,text_found_at_other_position
87,16,食材,565,568,枇杷叶,text_found_at_other_position
87,17,食材,575,577,厚朴,text_found_at_other_position
87,18,食材,586,588,丁香,text_found_at_other_position
87,19,食材,592,595,藿香蕖,text_found_at_other_position
87,20,食材,598,601,甘草,entity_text_not_found_in_current_passage
87,21,食材,606,608,乾姜,text_found_at_other_position
87,22,食材,613,615,陈皮,text_found_at_other_position
87,23,食材,657,659,生姜,text_found_at_other_position
87,24,食材,665,666,枣,text_found_at_other_position
87,25,食性,244,246,大热,text_found_at_other_position
87,26,食性,271,273,甘温,text_found_at_other_position
87,27,食味,242,244,辛甘,text_found_at_other_position
87,28,功效,210,214,发汗解表,text_found_at_other_position
87,29,功效,215,219,搜风胜湿,text_found_at_other_position
87,30,功效,247,250,逐寒湿,text_found_at_other_position
87,31,功效,251,255,祛风痰,entity_text_not_found_in_current_passage
87,32,功效,256,260,补命门火,text_found_at_other_position
87,33,功效,274,278,补气实表,text_found_at_other_position
87,34,功效,279,282,扶正气,text_found_at_other_position
87,35,功效,326,330,补益肝肾,text_found_at_other_position
87,36,功效,331,335,强壮筋骨,text_found_at_other_position
87,37,功效,336,340,行气理腰,text_found_at_other_position
87,38,功效,341,345,缩尿固精,text_found_at_other_position
87,39,功效,488,492,和脾胃气,text_found_at_other_position
87,40,功效,493,496,进饮食,text_found_at_other_position
87,41,功效,497,500,止痰逆,text_found_at_other_position
87,42,功效,501,505,疗腹痛气,text_found_at_other_position
87,43,病症,6,10,走注疼痛,exact_match
87,44,病症,421,423,腰痛,text_found_at_other_position
87,45,病症,424,426,疝气,text_found_at_other_position
87,46,病症,427,431,五更泄泻,text_found_at_other_position
87,47,病症,432,436,阳萎滑精,text_found_at_other_position
87,48,病症,439,442,舌淡白,text_found_at_other_position
87,49,病症,443,446,脉微细,text_found_at_other_position
87,50,病症,462,464,舌红,text_found_at_other_position
87,51,病症,464,466,脉数,text_found_at_other_position
87,52,病症,466,468,口渴,text_found_at_other_position
87,53,病症,469,471,心烦,text_found_at_other_position
87,54,脏腑,136,138,肝肾,text_found_at_other_position
87,55,脏腑,141,143,筋骨,text_found_at_other_position
87,56,脏腑,187,189,血脉,text_found_at_other_position
87,57,食疗方,203,206,羌活丸,text_found_at_other_position
87,58,烹饪方法,640,641,捣,text_found_at_other_position
87,59,烹饪方法,670,671,煎,text_found_at_other_position
87,60,禁忌,479,485,慎勿乱投此方,text_found_at_other_position
87,61,医家,33,38,《瓶花本》,text_found_at_other_position
87,62,医家,72,78,《文津阁本》,text_found_at_other_position
88,1,病症,6,10,肾气衰弱,exact_match
88,2,病症,23,27,中气不足,exact_match
88,3,病症,29,33,阴火上乘,exact_match
88,4,病症,34,38,九窍不利,exact_match
88,5,食材,53,56,鸡头实,exact_match
88,6,食材,70,72,芡实,exact_match
88,7,食味,74,75,淡,exact_match
88,8,食味,76,77,甘,exact_match
88,9,食性,80,81,平,exact_match
88,10,功效,84,88,固肾涩精,exact_match
88,11,功效,89,93,补脾止泻,exact_match
88,12,病症,109,115,湿痹腰脊膝痛,exact_match
88,13,功效,116,121,补中除暴疾,exact_match
88,14,功效,122,125,益精气,exact_match
88,15,功效,126,128,强志,exact_match
88,16,功效,129,135,令耳目聪明,entity_text_not_found_in_current_passage
88,17,食材,173,176,水硫黄,exact_match
88,18,医家,164,167,张杲,entity_text_not_found_in_current_passage
88,19,古籍来源,167,171,《医说》,exact_match
88,20,功效,213,217,却病延年,exact_match
88,21,功效,225,227,补中,exact_match
88,22,功效,228,230,明目,exact_match
88,23,功效,231,234,利小便,exact_match
88,24,食疗方,235,238,蔓菁粥,exact_match
88,25,食材,242,245,蔓菁子,exact_match
88,26,食材,249,251,粳米,exact_match
88,27,烹饪方法,256,258,捣碎,exact_match
88,28,烹饪方法,265,269,绞滤取汁,exact_match
88,29,烹饪方法,418,419,煮,text_found_at_other_position
88,30,病症,450,457,老人肝虚目不明,text_found_at_other_position
88,31,医家,475,478,孙思邈,text_found_at_other_position
88,32,古籍来源,478,486,《备急千金要方》,text_found_at_other_position
88,33,病症,500,502,眼暗,text_found_at_other_position
88,34,食疗方,517,520,泻肝汤,text_found_at_other_position
88,35,病症,538,544,肝中有风热,entity_text_not_found_in_current_passage
88,36,病症,546,549,目昏暗,text_found_at_other_position
88,37,功效,554,556,补肝,text_found_at_other_position
88,38,食疗方,577,583,补肝芜菁子散,text_found_at_other_position
88,39,功效,591,593,明目,text_found_at_other_position
88,40,医家,600,602,陈直,text_found_at_other_position
88,41,古籍来源,290,297,《太平圣惠方》,exact_match
88,42,古籍来源,631,638,《养老奉亲书》,text_found_at_other_position
88,43,食材,649,652,芫菁子,text_found_at_other_position
88,44,食材,656,658,芫菁,text_found_at_other_position
88,45,食味,663,664,辛,text_found_at_other_position
88,46,食性,314,315,平,exact_match
88,47,归经,668,670,入肝,text_found_at_other_position
88,48,归经,671,674,脾两经,text_found_at_other_position
88,49,功效,678,682,益肝明目,text_found_at_other_position
88,50,功效,683,687,行气除湿,text_found_at_other_position
88,51,功效,688,691,清郁热,text_found_at_other_position
88,52,功效,692,695,利小便,text_found_at_other_position
88,53,功效,696,699,攻积聚,text_found_at_other_position
88,54,功效,700,703,杀虫毒,text_found_at_other_position
88,55,病症,707,711,青盲眼障,text_found_at_other_position
88,56,病症,712,716,目暗不明,text_found_at_other_position
88,57,病症,717,721,眼黄如金,text_found_at_other_position
88,58,病症,722,724,痢疾,text_found_at_other_position
88,59,病症,725,729,小便不利,text_found_at_other_position
88,60,古籍来源,732,738,《千金要方》,text_found_at_other_position
89,1,食材,5,8,川厚朴,text_found_at_other_position
89,2,食材,15,18,陈橘皮,text_found_at_other_position
89,3,食材,27,29,甘草,text_found_at_other_position
89,4,食材,34,38,南京小枣,text_found_at_other_position
89,5,食材,46,48,生姜,text_found_at_other_position
89,6,食材,55,59,茅山苍术,text_found_at_other_position
89,7,食材,110,111,盐,text_found_at_other_position
89,8,食材,130,132,鸟梅,text_found_at_other_position
89,9,食材,253,256,山楂肉,text_found_at_other_position
89,10,食材,284,286,半夏,text_found_at_other_position
89,11,食材,300,302,橘红,text_found_at_other_position
89,12,食材,311,313,神籼,text_found_at_other_position
89,13,食材,332,334,麦芽,text_found_at_other_position
89,14,食材,346,350,自茯苓,entity_text_not_found_in_current_passage
89,15,食材,360,363,连翘壳,text_found_at_other_position
89,16,食材,364,367,萝卜子,text_found_at_other_position
89,17,食材,378,380,黄连,text_found_at_other_position
89,18,食材,711,713,伏神,text_found_at_other_position
89,19,食材,638,641,香附子,text_found_at_other_position
89,20,烹饪方法,32,33,锉,text_found_at_other_position
89,21,烹饪方法,85,86,煮,text_found_at_other_position
89,22,烹饪方法,88,89,捣,text_found_at_other_position
89,23,烹饪方法,97,98,焙,text_found_at_other_position
89,24,烹饪方法,99,100,碾,text_found_at_other_position
89,25,烹饪方法,432,433,研,text_found_at_other_position
89,26,烹饪方法,303,304,炒,text_found_at_other_position
89,27,烹饪方法,70,71,浸,text_found_at_other_position
89,28,烹饪方法,677,680,炼蜜丸,text_found_at_other_position
89,29,烹饪方法,734,735,炙,text_found_at_other_position
89,30,病症,116,118,泄泻,text_found_at_other_position
89,31,病症,220,222,食积,text_found_at_other_position
89,32,病症,223,225,酒积,text_found_at_other_position
89,33,病症,226,228,痰饮,text_found_at_other_position
89,34,病症,229,233,胸膈痞满,text_found_at_other_position
89,35,病症,234,238,嗳气吞酸,text_found_at_other_position
89,36,病症,240,244,泄泻腹痛,text_found_at_other_position
89,37,病症,245,247,疟痢,text_found_at_other_position
89,38,功效,213,215,和血,text_found_at_other_position
89,39,功效,216,218,补血,text_found_at_other_position
89,40,功效,548,552,大有补益,text_found_at_other_position
89,41,食疗方,191,194,保和丸,text_found_at_other_position
89,42,食疗方,484,487,交感丹,text_found_at_other_position
89,43,食疗方,698,701,降气汤,exact_match
89,44,医家,198,201,朱震亨,text_found_at_other_position
89,45,医家,491,493,邹铉,text_found_at_other_position
89,46,古籍来源,201,207,《丹溪心法》,text_found_at_other_position
89,47,古籍来源,493,501,《寿亲养老新书》,text_found_at_other_position
90,1,食材,1,4,枸杞根,exact_match
90,2,食材,108,112,白羊脊骨,exact_match
90,3,食材,637,640,羊头蹄,exact_match
90,4,食材,657,659,胡椒,exact_match
90,5,食材,663,665,荜芟,exact_match
90,6,食材,672,674,葱白,exact_match
90,7,食材,676,678,豆豉,exact_match
90,8,食性,437,438,寒,exact_match
90,9,食味,434,435,甘,exact_match
90,10,食味,435,437,微苦,exact_match
90,11,食味,313,314,热,exact_match
90,12,食味,503,505,无毒,exact_match
90,13,功效,408,412,清其虚热,exact_match
90,14,功效,413,417,补其精髓,exact_match
90,15,功效,439,445,外祛无定虚邪,exact_match
90,16,功效,446,452,内除有汗骨蒸,exact_match
90,17,功效,453,460,上理头风客热,entity_text_not_found_in_current_passage
90,18,功效,461,467,中去胸胁气滞,exact_match
90,19,功效,468,474,下利肠间湿邪,exact_match
90,20,功效,475,479,久服强阴,exact_match
90,21,功效,480,483,坚筋骨,exact_match
90,22,功效,485,489,止消渴,entity_text_not_found_in_current_passage
90,23,功效,490,495,除周痹风湿,exact_match
90,24,功效,508,511,补肾虚,exact_match
90,25,功效,512,515,通督脉,exact_match
90,26,功效,516,524,主虚劳寒中羸瘦,entity_text_not_found_in_current_passage
90,27,功效,555,559,补中兼清,exact_match
90,28,功效,603,607,通行血脉,exact_match
90,29,病症,361,365,体虚消瘦,exact_match
90,30,病症,367,371,五心烦热,exact_match
90,31,病症,372,376,夜寐盗汗,exact_match
90,32,病症,377,381,腰脊酸痛,exact_match
90,33,病症,382,386,弱不禁风,exact_match
90,34,病症,387,391,舌干少苔,exact_match
90,35,病症,394,398,脉细无力,exact_match
90,36,病症,525,529,男女伤中,exact_match
90,37,病症,530,534,阴气不足,exact_match
90,38,病症,535,539,腰痛下痢,exact_match
90,39,病症,628,632,五劳七伤,exact_match
90,40,病症,633,635,虚损,exact_match
90,41,脏腑,310,311,肾,exact_match
90,42,脏腑,573,575,肝肾,exact_match
90,43,食疗方,320,324,枸杞煎方,exact_match
90,44,食疗方,616,621,法煮羊头方,exact_match
90,45,烹饪方法,77,78,煮,exact_match
90,46,烹饪方法,646,647,烧,exact_match
90,47,烹饪方法,22,23,切,exact_match
90,48,禁忌,291,301,慎生冷酢滑油腻七日,entity_text_not_found_in_current_passage
90,49,养生原则,418,420,食治,exact_match
90,50,古籍来源,12,18,《千金翼方》,exact_match
90,51,古籍来源,153,160,《太平圣惠方》,exact_match
91,1,病症,262,264,褥疮,text_found_at_other_position
91,2,病症,459,463,多愁善悲,text_found_at_other_position
91,3,病症,464,469,精神忧郁,entity_text_not_found_in_current_passage
92,1,功效,0,5,养阳散风,entity_text_not_found_in_current_passage
92,2,功效,6,10,解肌止痉,exact_match
92,3,功效,11,15,清热生津,exact_match
92,4,食材,18,20,荆芥,exact_match
92,5,功效,22,26,理血解痉,exact_match
92,6,功效,27,31,发表祛风,exact_match
92,7,食材,35,37,香豉,exact_match
92,8,功效,38,44,散胸中之烦热,exact_match
92,9,病症,64,66,风痱,exact_match
92,10,食材,121,123,葛根,exact_match
92,11,病症,141,150,高血压动脉粥样硬化,exact_match
92,12,病症,208,210,中风,exact_match
92,13,食材,258,261,青粱米,exact_match
92,14,食材,267,270,薄荷叶,exact_match
92,15,食材,276,277,豉,exact_match
92,16,烹饪方法,289,290,煮,exact_match
92,17,烹饪方法,303,305,作粥,exact_match
92,18,食材,308,309,盐,exact_match
92,19,食材,310,311,醋,exact_match
92,20,养生原则,312,316,空心食之,exact_match
92,21,养生原则,317,320,常服佳,exact_match
92,22,古籍来源,332,339,《太平圣惠方》,exact_match
92,23,古籍来源,378,385,《经钮堂抄本》,exact_match
93,1,食材,111,113,熊肉,exact_match
93,2,食性,126,130,甘平偏温,exact_match
93,3,食味,624,625,甘,text_found_at_other_position
93,4,功效,135,138,补虚羸,exact_match
93,5,功效,140,143,强筋骨,exact_match
93,6,病症,162,166,风瘅不仁,exact_match
93,7,病症,167,171,筋急五缓,exact_match
93,8,病症,97,99,脚气,exact_match
93,9,病症,206,211,中风心肺热,exact_match
93,10,病症,213,217,手足不随,exact_match
93,11,病症,230,234,恍惚烦躁,exact_match
93,12,病症,255,259,皮肤不仁,exact_match
93,13,病症,260,264,筋脉弛缓,exact_match
93,14,病症,279,283,脚气冲心,exact_match
93,15,病症,583,587,腰痛无力,text_found_at_other_position
93,16,病症,340,342,困乏,exact_match
93,17,病症,605,611,腹瘅着不仁,entity_text_not_found_in_current_passage
93,18,病症,612,616,小便不利,text_found_at_other_position
93,19,脏腑,329,330,肾,exact_match
93,20,食材,343,345,生栗,exact_match
93,21,功效,561,563,补肾,text_found_at_other_position
93,22,功效,630,633,强腰脚,text_found_at_other_position
93,23,功效,634,637,壮筋骨,text_found_at_other_position
93,24,古籍来源,145,151,备急千金要方,exact_match
93,25,古籍来源,177,181,食医心镜,exact_match
93,26,食疗方,506,509,生栗方,text_found_at_other_position
93,27,烹饪方法,354,356,蒸熟,exact_match
93,28,烹饪方法,433,435,风干,exact_match
93,29,烹饪方法,463,465,细咀,exact_match
94,1,食材,1,3,竹叶,exact_match
94,2,食味,8,9,辛,exact_match
94,3,食味,9,10,淡,exact_match
94,4,食味,10,11,甘,exact_match
94,5,食性,11,12,寒,exact_match
94,6,归经,15,16,心,exact_match
94,7,归经,17,18,肺,exact_match
94,8,功效,23,28,清上焦风热,exact_match
94,9,功效,33,38,解渴除烦,entity_text_not_found_in_current_passage
94,10,食材,39,42,生石膏,exact_match
94,11,食味,44,45,辛,exact_match
94,12,食味,45,46,甘,exact_match
94,13,食性,47,48,寒,exact_match
94,14,归经,50,51,肺,exact_match
94,15,归经,52,53,胃,exact_match
94,16,归经,54,56,三焦,exact_match
94,17,功效,60,64,清热降火,exact_match
94,18,食材,74,76,砂糖,exact_match
94,19,食材,76,78,粳米,exact_match
94,20,古籍来源,97,99,仲景,exact_match
94,21,食疗方,102,107,竹叶石膏汤,exact_match
94,22,病症,112,116,时行眼疾,exact_match
94,23,病症,117,121,白睛红赤,exact_match
94,24,病症,130,135,虚羸少气,entity_text_not_found_in_current_passage
94,25,病症,138,144,病后余热未尽,exact_match
94,26,食材,167,169,荆芥,exact_match
94,27,食材,170,172,薄荷,exact_match
94,28,食疗方,181,184,竹叶粥,exact_match
94,29,病症,190,197,时行眼疾之轻证,exact_match
94,30,病症,213,216,燥热疫,exact_match
94,31,病症,223,227,头痛目痛,exact_match
94,32,病症,229,233,红丝绕目,exact_match
94,33,病症,241,243,伤寒,exact_match
94,34,医家,249,252,余师愚,exact_match
94,35,古籍来源,252,258,《疫诊一得》,exact_match
94,36,病症,266,274,膈上风热之目疾,entity_text_not_found_in_current_passage
94,37,病症,291,293,热发,exact_match
94,38,病症,296,300,眼赤涩痛,text_found_at_other_position
94,39,食疗方,301,306,栀子仁粥方,text_found_at_other_position
94,40,食材,307,310,栀子仁,text_found_at_other_position
94,41,食材,327,328,米,text_found_at_other_position
94,42,烹饪方法,330,332,煮粥,text_found_at_other_position
94,43,食材,338,341,栀子末,text_found_at_other_position
94,44,古籍来源,364,371,《太平圣惠方》,text_found_at_other_position
94,45,古籍来源,400,407,《经钮堂抄本》,text_found_at_other_position
94,46,病症,540,547,内热上攻目赤病,text_found_at_other_position
94,47,食疗方,394,398,栀子仁粥,text_found_at_other_position
94,48,病症,583,587,三焦实热,text_found_at_other_position
94,49,病症,384,388,内热发动,text_found_at_other_position
94,50,脏腑,593,595,心火,text_found_at_other_position
95,1,食材,33,35,鲤鱼,text_found_at_other_position
95,2,病症,21,25,气滞肿胀,text_found_at_other_position
95,3,病症,46,48,水肿,text_found_at_other_position
95,4,病症,51,53,气滞,text_found_at_other_position
95,5,病症,54,60,心腹气机壅塞,text_found_at_other_position
95,6,病症,64,66,胀满,text_found_at_other_position
95,7,病症,68,74,四肢经气不畅,text_found_at_other_position
95,8,病症,77,81,烦疼无力,text_found_at_other_position
95,9,功效,87,91,下气利水,text_found_at_other_position
95,10,食材,93,95,橘皮,text_found_at_other_position
95,11,功效,97,100,和胃气,text_found_at_other_position
95,12,功效,101,104,畅气机,text_found_at_other_position
95,13,病症,123,125,水气,text_found_at_other_position
95,14,病症,126,130,身体虚肿,text_found_at_other_position
95,15,病症,131,135,面自虚瘀,text_found_at_other_position
95,16,食材,136,139,水牛皮,text_found_at_other_position
95,17,烹饪方法,32,33,煮,text_found_at_other_position
95,18,食材,175,177,生姜,text_found_at_other_position
95,19,食味,178,180,五味,text_found_at_other_position
95,20,病症,217,221,面目虚胀,text_found_at_other_position
95,21,病症,259,263,脾肺气滞,text_found_at_other_position
95,22,病症,302,308,上焦不能宣通,text_found_at_other_position
95,23,功效,317,320,理肺气,text_found_at_other_position
95,24,功效,321,324,利水道,text_found_at_other_position
95,25,古籍来源,325,331,《食医心镜》,text_found_at_other_position
95,26,病症,336,342,水气大腹浮肿,text_found_at_other_position
95,27,病症,343,348,小便涩少,entity_text_not_found_in_current_passage
95,28,功效,368,373,理气和脾胃,text_found_at_other_position
95,29,食疗方,478,482,鲤鱼臃方,text_found_at_other_position
95,30,食疗方,483,488,麻子仁粥方,text_found_at_other_position
95,31,食疗方,489,492,大豆方,text_found_at_other_position
95,32,食疗方,493,497,水牛肉方,text_found_at_other_position
95,33,食疗方,498,502,端肉羹方,text_found_at_other_position
95,34,食材,512,515,麻子仁,text_found_at_other_position
96,1,食材,3,5,薄荷,exact_match
96,2,食材,17,20,干薄荷,exact_match
96,3,食材,41,45,龙脑薄荷,exact_match
96,4,食材,46,48,水苏,exact_match
96,5,食材,104,108,葳灵仙丸,exact_match
96,6,食材,197,200,高良姜,exact_match
96,7,食材,203,206,青木香,exact_match
96,8,食材,217,219,枣肉,exact_match
96,9,食材,226,228,干姜,exact_match
96,10,食材,566,569,广木香,text_found_at_other_position
96,11,食疗方,595,598,保救丹,text_found_at_other_position
96,12,功效,62,66,理血下气,exact_match
96,13,功效,68,74,清肺辟恶消谷,exact_match
96,14,功效,116,118,疏利,exact_match
96,15,功效,460,464,温中散寒,text_found_at_other_position
96,16,功效,465,470,止泻除呕,entity_text_not_found_in_current_passage
96,17,功效,474,478,行气疏肝,text_found_at_other_position
96,18,功效,479,483,利肠止痛,text_found_at_other_position
96,19,功效,492,494,健脾,text_found_at_other_position
96,20,功效,497,506,温中散寒止痛止泻,entity_text_not_found_in_current_passage
96,21,病症,167,171,脾脏泄泻,exact_match
96,22,病症,172,177,中心气不和,exact_match
96,23,病症,178,182,精神倦怠,exact_match
96,24,病症,441,445,不思饮食,text_found_at_other_position
96,25,病症,290,296,中寒气滞泄泻,text_found_at_other_position
96,26,病症,357,359,泄泻,text_found_at_other_position
96,27,病症,368,372,肠鸣切痛,text_found_at_other_position
96,28,病症,391,395,腹胀呕逆,text_found_at_other_position
96,29,病症,578,579,嗽,text_found_at_other_position
96,30,病症,580,586,远年一切嗽疾,text_found_at_other_position
96,31,病症,589,593,劳嗽痰壅,text_found_at_other_position
96,32,脏腑,256,257,脾,exact_match
96,33,脏腑,326,327,肝,text_found_at_other_position
96,34,脏腑,257,258,胃,exact_match
96,35,脏腑,527,529,肾脏,text_found_at_other_position
96,36,食疗方,192,195,高青丸,exact_match
96,37,烹饪方法,216,217,煮,exact_match
96,38,禁忌,141,148,久服恐损人真气,exact_match
96,39,禁忌,151,155,只可暂用,exact_match
96,40,禁忌,156,160,中病即止,exact_match
96,41,禁忌,548,552,不宜久服,text_found_at_other_position
96,42,医家,52,55,李时珍,exact_match
96,43,古籍来源,7,14,《唐成之家本》,exact_match
96,44,古籍来源,23,29,《遵生八笺》,exact_match
97,1,食材,562,564,桃仁,text_found_at_other_position
97,2,食材,612,615,青粱米,text_found_at_other_position
97,3,病症,4,6,冷气,exact_match
97,4,病症,55,57,心痛,text_found_at_other_position
97,5,病症,58,60,腹痛,text_found_at_other_position
97,6,病症,188,191,真心痛,text_found_at_other_position
97,7,病症,219,221,胸瘅,text_found_at_other_position
97,8,病症,222,226,衿气心痛,text_found_at_other_position
97,9,病症,368,371,脾心痛,text_found_at_other_position
97,10,病症,398,401,胃心痛,text_found_at_other_position
97,11,病症,590,593,不能食,text_found_at_other_position
97,12,病症,410,412,腹胀,text_found_at_other_position
97,13,病症,256,260,手足厥衿,text_found_at_other_position
97,14,病症,262,267,通身衿汗出,text_found_at_other_position
97,15,病症,268,274,脉沉细无力,entity_text_not_found_in_current_passage
97,16,脏腑,79,80,心,text_found_at_other_position
97,17,脏腑,427,428,脾,text_found_at_other_position
97,18,脏腑,428,429,胃,text_found_at_other_position
97,19,医家,65,68,巢元方,text_found_at_other_position
97,20,医家,97,100,王怀隐,text_found_at_other_position
97,21,古籍来源,68,75,《诸病源候论》,text_found_at_other_position
97,22,古籍来源,100,107,《太平圣惠方》,text_found_at_other_position
97,23,烹饪方法,629,630,煮,text_found_at_other_position
97,24,烹饪方法,606,607,研,text_found_at_other_position
97,25,烹饪方法,609,610,淘,text_found_at_other_position
97,26,功效,455,457,温通,text_found_at_other_position
97,27,功效,641,645,除衿温中,text_found_at_other_position
97,28,养生原则,633,637,空心食之,text_found_at_other_position
98,1,古籍来源,3,9,《文津阁本》,exact_match
98,2,病症,24,30,老人久积虚损,exact_match
98,3,食疗方,36,39,北庭丸,exact_match
98,4,病症,47,53,老人久积成癞,exact_match
98,5,病症,54,58,肚腹胀大,exact_match
98,6,病症,59,63,骨瘦如柴,exact_match
98,7,脏腑,65,67,五脏,exact_match
98,8,食材,124,127,北庭砂,exact_match
98,9,食材,128,130,硇砂,exact_match
98,10,食性,136,138,大热,exact_match
98,11,功效,144,147,化积聚,exact_match
98,12,功效,148,151,破结血,exact_match
98,13,功效,152,155,去恶肉,exact_match
98,14,功效,156,161,除痰癖食积,exact_match
98,15,食材,189,191,阿魏,exact_match
98,16,食材,192,194,青盐,exact_match
98,17,食材,195,197,米醋,exact_match
98,18,功效,200,205,破血消积,entity_text_not_found_in_current_passage
98,19,功效,206,211,除五脏癞结,exact_match
98,20,功效,212,216,心腹积聚,exact_match
98,21,食材,221,223,归芎,exact_match
98,22,食材,223,225,肉桂,exact_match
98,23,功效,226,230,益血温通,exact_match
98,24,食材,235,237,姜附,exact_match
98,25,功效,238,242,回阳救逆,exact_match
98,26,食材,243,245,茯苓,exact_match
98,27,功效,245,248,补心气,exact_match
98,28,功效,249,254,渗湿而化饮,exact_match
98,29,食材,255,257,白术,exact_match
98,30,功效,257,260,益脾阳,exact_match
98,31,功效,261,267,燥湿而和中,entity_text_not_found_in_current_passage
98,32,食材,270,273,五味子,text_found_at_other_position
98,33,功效,273,277,敛肺滋肾,text_found_at_other_position
98,34,功效,278,283,补肝兼生津,text_found_at_other_position
98,35,食材,286,288,缩砂,text_found_at_other_position
98,36,食材,289,290,椒,text_found_at_other_position
98,37,食材,291,292,朴,text_found_at_other_position
98,38,功效,292,296,暖胃消食,text_found_at_other_position
98,39,功效,297,303,理气以止痛,entity_text_not_found_in_current_passage
98,40,病症,311,313,积聚,text_found_at_other_position
98,41,病症,313,315,癜疲,text_found_at_other_position
98,42,养生原则,340,344,却病延寿,text_found_at_other_position
98,43,禁忌,364,375,体质偏实有寒者用之较好,text_found_at_other_position
98,44,禁忌,376,388,若患者虚而挟热。恐不相宜,text_found_at_other_position
98,45,病症,389,396,妇女病患瘸积,entity_text_not_found_in_current_passage
98,46,食疗方,432,435,鸟犀丸,text_found_at_other_position
98,47,食材,437,439,天麻,text_found_at_other_position
98,48,食材,442,444,地榆,text_found_at_other_position
98,49,食材,447,449,元寝,text_found_at_other_position
98,50,食材,452,455,川鸟头,text_found_at_other_position
98,51,烹饪方法,458,460,炮制,text_found_at_other_position
98,52,食材,464,468,龙脑薄荷,text_found_at_other_position
98,53,食材,472,475,藿香叶,text_found_at_other_position
98,54,食材,498,500,龙脑,text_found_at_other_position
98,55,食材,504,506,麝香,text_found_at_other_position
98,56,烹饪方法,514,518,炼蜜为膏,text_found_at_other_position
98,57,病症,427,430,一切风,text_found_at_other_position
98,58,病症,602,604,风癔,text_found_at_other_position
98,59,病症,605,607,风痱,text_found_at_other_position
98,60,病症,608,611,风偏枯,text_found_at_other_position
98,61,病症,612,615,风口喁,text_found_at_other_position
98,62,病症,617,620,风不语,text_found_at_other_position
98,63,病症,621,623,风痉,text_found_at_other_position
98,64,病症,624,629,风角弓反张,text_found_at_other_position
98,65,病症,630,633,风弹曳,text_found_at_other_position
98,66,病症,634,637,风不仁,text_found_at_other_position
98,67,病症,638,641,风惊悸,text_found_at_other_position
98,68,病症,642,647,风人腹拘急,text_found_at_other_position
98,69,病症,648,654,风经五脏恍惚,text_found_at_other_position
98,70,病症,655,658,风头眩,text_found_at_other_position
98,71,病症,659,661,风癫,text_found_at_other_position
98,72,病症,662,664,蛊风,text_found_at_other_position
98,73,病症,665,667,风狂,text_found_at_other_position
98,74,病症,668,674,恶风须眉堕落,text_found_at_other_position
98,75,病症,675,678,风瘙痒,text_found_at_other_position
98,76,病症,680,683,风腮退,text_found_at_other_position
98,77,病症,705,708,风湿痹,text_found_at_other_position
98,78,病症,709,713,历节风,entity_text_not_found_in_current_passage
98,79,病症,714,720,风入腹急切痛,text_found_at_other_position
99,1,食材,33,35,葛粉,exact_match
99,2,食材,38,40,荆芥,exact_match
99,3,食材,43,44,豉,exact_match
99,4,食材,71,73,葱椒,exact_match
99,5,食材,94,96,猪肉,exact_match
99,6,食材,96,98,荞面,exact_match
99,7,病症,4,6,中风,exact_match
99,8,病症,13,17,精神昏愦,exact_match
99,9,病症,19,23,手足不仁,exact_match
99,10,病症,27,31,缓弱不遂,exact_match
99,11,病症,419,421,风痱,text_found_at_other_position
99,12,病症,525,529,肌肤不仁,text_found_at_other_position
99,13,病症,539,542,重不胜,text_found_at_other_position
99,14,病症,571,574,身无痛,text_found_at_other_position
99,15,病症,576,580,四肢不收,text_found_at_other_position
99,16,病症,581,585,智乱不甚,text_found_at_other_position
99,17,病症,586,588,言微,text_found_at_other_position
99,18,烹饪方法,67,68,煮,exact_match
99,19,烹饪方法,62,63,煎,exact_match
99,20,烹饪方法,59,60,作,exact_match
99,21,食疗方,221,226,葛粉索饼方,text_found_at_other_position
99,22,禁忌,405,410,忌猪肉荞面,text_found_at_other_position
99,23,古籍来源,113,118,太平圣惠方,exact_match
99,24,古籍来源,250,255,经钮堂抄本,text_found_at_other_position
99,25,古籍来源,285,288,万历本,text_found_at_other_position
99,26,古籍来源,290,294,文津阁本,text_found_at_other_position
99,27,古籍来源,511,515,金匮要略,text_found_at_other_position
100,1,食材,16,19,炙黄芪,text_found_at_other_position
100,2,食材,23,25,党参,text_found_at_other_position
100,3,食材,29,32,炒白术,text_found_at_other_position
100,4,食材,37,40,龙眼肉,text_found_at_other_position
100,5,食材,45,47,苡米,text_found_at_other_position
100,6,食材,51,53,山药,text_found_at_other_position
100,7,食材,57,59,蔻仁,text_found_at_other_position
100,8,食材,64,66,干姜,text_found_at_other_position
100,9,食材,69,73,炮附子,entity_text_not_found_in_current_passage
100,10,食材,76,78,陈皮,text_found_at_other_position
100,11,食材,81,83,牛膝,text_found_at_other_position
100,12,食材,96,98,生姜,text_found_at_other_position
100,13,食材,101,103,大枣,text_found_at_other_position
100,14,食材,238,240,猪苓,text_found_at_other_position
100,15,食材,247,249,泽泻,text_found_at_other_position
100,16,食材,254,256,白术,text_found_at_other_position
100,17,食材,260,262,茯苓,text_found_at_other_position
100,18,食材,267,269,桂枝,text_found_at_other_position
100,19,食材,293,295,白饮,text_found_at_other_position
100,20,食材,391,394,桑白皮,text_found_at_other_position
100,21,食材,395,398,陈橘皮,text_found_at_other_position
100,22,食材,399,402,生姜皮,text_found_at_other_position
100,23,食材,403,406,大腹皮,text_found_at_other_position
100,24,食材,407,410,茯苓皮,text_found_at_other_position
100,25,食材,484,486,防己,text_found_at_other_position
100,26,食材,552,554,黄芪,text_found_at_other_position
100,27,食材,567,569,甘草,text_found_at_other_position
100,28,烹饪方法,106,109,水煎服,text_found_at_other_position
100,29,烹饪方法,288,291,捣为散,text_found_at_other_position
100,30,烹饪方法,295,297,和服,text_found_at_other_position
100,31,烹饪方法,438,439,煎,text_found_at_other_position
100,32,烹饪方法,590,591,煮,text_found_at_other_position
100,33,烹饪方法,690,691,锉,text_found_at_other_position
100,34,功效,138,142,化气利水,text_found_at_other_position
100,35,功效,346,350,健脾化湿,text_found_at_other_position
100,36,功效,351,355,理气消肿,text_found_at_other_position
100,37,功效,508,514,利水补气通阳,text_found_at_other_position
100,38,功效,630,634,益气行水,text_found_at_other_position
100,39,病症,145,149,外有表证,text_found_at_other_position
100,40,病症,150,154,内有蓄水,text_found_at_other_position
100,41,病症,155,159,头痛发热,text_found_at_other_position
100,42,病症,167,171,水人则吐,text_found_at_other_position
100,43,病症,172,176,小便不利,text_found_at_other_position
100,44,病症,180,182,霍乱,text_found_at_other_position
100,45,病症,183,189,呕吐泄泻交作,text_found_at_other_position
100,46,病症,190,194,烦渴引饮,text_found_at_other_position
100,47,病症,203,207,水肿身重,text_found_at_other_position
100,48,病症,215,217,痰饮,text_found_at_other_position
100,49,病症,218,223,脐下有动悸,text_found_at_other_position
100,50,病症,224,228,吐涎沫,entity_text_not_found_in_current_passage
100,51,病症,229,231,头眩,text_found_at_other_position
100,52,病症,358,360,水肿,text_found_at_other_position
100,53,病症,369,374,心腹胀满,entity_text_not_found_in_current_passage
100,54,病症,375,379,上气促急,text_found_at_other_position
100,55,病症,517,521,皮水为病,text_found_at_other_position
100,56,病症,522,525,四肢肿,text_found_at_other_position
100,57,病症,526,532,水气在皮肤中,text_found_at_other_position
100,58,病症,534,539,四肢聂聂动,text_found_at_other_position
100,59,病症,637,639,风水,text_found_at_other_position
100,60,病症,640,644,脉浮身重,text_found_at_other_position
100,61,病症,645,649,汗出恶风,text_found_at_other_position
100,62,禁忌,454,461,忌生衿油腻硬物,text_found_at_other_position
100,63,医家,122,125,张仲景,text_found_at_other_position
100,64,医家,334,336,华氏,text_found_at_other_position
100,65,古籍来源,125,130,《伤寒论》,text_found_at_other_position
100,66,古籍来源,496,502,《金匮要略》,text_found_at_other_position
100,67,食疗方,115,118,五苓散,text_found_at_other_position
100,68,食疗方,326,329,五皮饮,text_found_at_other_position
100,69,食疗方,606,611,防己黄芪汤,text_found_at_other_position
101,1,食材,152,154,鲫鱼,exact_match
101,2,食材,172,174,干姜,text_found_at_other_position
101,3,食材,193,195,橘皮,text_found_at_other_position
101,4,食材,202,204,豉汁,text_found_at_other_position
101,5,食材,243,246,赤石脂,text_found_at_other_position
101,6,食材,278,280,白面,text_found_at_other_position
101,7,食材,305,306,葱,text_found_at_other_position
101,8,食材,306,307,酱,text_found_at_other_position
101,9,食性,174,176,辛热,text_found_at_other_position
101,10,食性,93,94,温,exact_match
101,11,归经,314,315,心,text_found_at_other_position
101,12,归经,444,445,肾,text_found_at_other_position
101,13,归经,31,32,脾,exact_match
101,14,归经,257,258,胃,text_found_at_other_position
101,15,归经,520,523,大小肠,text_found_at_other_position
101,16,功效,154,158,温中下气,exact_match
101,17,功效,159,163,健脾利湿,exact_match
101,18,功效,177,181,温脾逐寒,text_found_at_other_position
101,19,功效,182,186,疏利带脉,text_found_at_other_position
101,20,功效,188,191,暖腰脊,text_found_at_other_position
101,21,功效,195,200,主腹胀吐泻,text_found_at_other_position
101,22,功效,204,209,止血痢腹痛,text_found_at_other_position
101,23,功效,530,534,涩肠止血,text_found_at_other_position
101,24,功效,535,539,收湿生肌,text_found_at_other_position
101,25,功效,543,546,补益心,text_found_at_other_position
101,26,功效,484,488,涩肠固脱,text_found_at_other_position
101,27,病症,66,70,腰脊疼痛,exact_match
101,28,病症,167,169,痢疾,exact_match
101,29,病症,226,230,痢下赤白,text_found_at_other_position
101,30,病症,399,403,肠胃冷气,text_found_at_other_position
101,31,病症,261,265,痢下不止,text_found_at_other_position
101,32,病症,404,410,久痢滑脱不止,text_found_at_other_position
101,33,病症,449,453,大便不固,text_found_at_other_position
101,34,病症,459,464,滑脱不禁,entity_text_not_found_in_current_passage
101,35,病症,468,471,但欲寐,text_found_at_other_position
101,36,病症,472,475,脉微细,text_found_at_other_position
101,37,病症,585,590,下痢便脓血,text_found_at_other_position
101,38,病症,645,649,新病下痢,text_found_at_other_position
101,39,病症,651,655,湿热未清,text_found_at_other_position
101,40,脏腑,47,48,脾,exact_match
101,41,脏腑,482,483,肾,text_found_at_other_position
101,42,脏腑,512,513,心,text_found_at_other_position
101,43,脏腑,433,434,胃,text_found_at_other_position
101,44,食疗方,593,596,桃花汤,text_found_at_other_position
101,45,烹饪方法,300,301,煮,text_found_at_other_position
101,46,禁忌,632,641,收涩之品有留邪之弊,text_found_at_other_position
101,47,古籍来源,73,85,金匮要略.五藏风寒积聚篇,exact_match
101,48,古籍来源,571,578,伤寒论.少阴篇,text_found_at_other_position
102,1,食材,8,10,粳米,text_found_at_other_position
102,2,食性,10,12,甘平,text_found_at_other_position
102,3,归经,14,15,脾,text_found_at_other_position
102,4,归经,16,17,胃,text_found_at_other_position
102,5,功效,23,27,补中益气,text_found_at_other_position
102,6,功效,28,31,和脾胃,text_found_at_other_position
102,7,功效,32,34,除烦,text_found_at_other_position
102,8,食材,35,36,葱,text_found_at_other_position
102,9,食性,37,39,辛温,text_found_at_other_position
102,10,功效,40,44,发汗通阳,text_found_at_other_position
102,11,食疗方,83,86,鸟鸡羹,text_found_at_other_position
102,12,古籍来源,87,94,《太平圣惠方》,text_found_at_other_position
102,13,食疗方,98,102,乌雌鸡羹,text_found_at_other_position
102,14,病症,116,120,中风湿瘅,text_found_at_other_position
102,15,病症,121,125,五缓六急,text_found_at_other_position
102,16,病症,127,131,骨中疼痛,text_found_at_other_position
102,17,病症,132,136,不能踏地,text_found_at_other_position
102,18,病症,141,143,脚气,text_found_at_other_position
102,19,食疗方,150,153,猪肾粥,text_found_at_other_position
102,20,病症,160,166,老人脚气烦痹,text_found_at_other_position
102,21,病症,167,171,缓弱不随,text_found_at_other_position
102,22,病症,269,273,行履不能,text_found_at_other_position
102,23,食材,179,181,猪肾,text_found_at_other_position
102,24,食材,109,111,粳米,text_found_at_other_position
102,25,食材,338,340,葱白,text_found_at_other_position
102,26,烹饪方法,206,207,煮,text_found_at_other_position
102,27,烹饪方法,207,209,作粥,text_found_at_other_position
102,28,食材,211,213,五味,text_found_at_other_position
102,29,食材,213,214,椒,text_found_at_other_position
102,30,食材,214,215,姜,text_found_at_other_position
102,31,禁忌,216,220,空心食之,text_found_at_other_position
102,32,禁忌,221,224,日一服,text_found_at_other_position
102,33,病症,397,401,老人脚气,text_found_at_other_position
102,34,病症,401,405,湿热伤肾,text_found_at_other_position
102,35,脏腑,411,412,肾,text_found_at_other_position
102,36,脏腑,434,440,肾足少阴之脉,text_found_at_other_position
102,37,病症,490,494,足部疼瘅,text_found_at_other_position
102,38,病症,495,499,缓弱不遂,text_found_at_other_position
102,39,病症,284,288,行履维艰,text_found_at_other_position
102,40,病症,518,520,心烦,text_found_at_other_position
102,41,功效,523,526,清湿热,text_found_at_other_position
102,42,功效,528,531,调肾气,text_found_at_other_position
102,43,食材,536,538,猪肾,text_found_at_other_position
102,44,食性,538,542,咸衿无毒,text_found_at_other_position
102,45,功效,546,550,理肾气,entity_text_not_found_in_current_passage
102,46,功效,551,554,通膀胱,text_found_at_other_position
102,47,食材,557,559,葱白,text_found_at_other_position
102,48,食材,191,193,粳米,text_found_at_other_position
102,49,功效,562,566,扶正通阳,text_found_at_other_position
102,50,脏腑,574,576,肾气,text_found_at_other_position
102,51,脏腑,580,582,膀胱,text_found_at_other_position
102,52,功效,582,588,气化功能增强,text_found_at_other_position
102,53,病症,427,429,湿热,text_found_at_other_position
102,54,古籍来源,611,619,《备急千金要方》,text_found_at_other_position
102,55,病症,626,630,脚气之疾,text_found_at_other_position
102,56,禁忌,658,663,皆不得大补,text_found_at_other_position
103,1,食材,609,611,葱白,text_found_at_other_position
103,2,食材,638,639,枣,text_found_at_other_position
103,3,食材,90,92,蜀椒,text_found_at_other_position
103,4,烹饪方法,25,27,浸渍,exact_match
103,5,烹饪方法,67,68,煮,exact_match
103,6,烹饪方法,95,96,烤,text_found_at_other_position
103,7,食疗方,74,76,煮剂,exact_match
103,8,食疗方,106,109,燠梨剂,text_found_at_other_position
103,9,养生原则,115,117,因人,text_found_at_other_position
103,10,养生原则,118,121,因时,entity_text_not_found_in_current_passage
103,11,养生原则,125,129,因病制宜,text_found_at_other_position
103,12,古籍来源,158,160,本书,text_found_at_other_position
104,1,病症,4,8,脾胃气弱,exact_match
104,2,病症,298,302,胃气不足,text_found_at_other_position
104,3,病症,312,316,食少脘胀,text_found_at_other_position
104,4,病症,326,331,嗳气呕吐,entity_text_not_found_in_current_passage
104,5,病症,332,336,脾气不足,text_found_at_other_position
104,6,病症,346,353,腹满时减复如故,text_found_at_other_position
104,7,病症,355,360,肠鸣泻痢,entity_text_not_found_in_current_passage
104,8,病症,374,378,肌肉羸瘦,text_found_at_other_position
104,9,病症,379,383,四肢无力,text_found_at_other_position
104,10,病症,394,398,诸脏气竭,text_found_at_other_position
104,11,病症,399,403,久虚不复,text_found_at_other_position
104,12,养生原则,414,422,饮食和益脾胃之气,text_found_at_other_position
104,13,养生原则,424,428,滋润脏腑,text_found_at_other_position
104,14,医家,110,113,岳美中,text_found_at_other_position
104,15,食疗方,464,469,羊肉索饼方,text_found_at_other_position
104,16,食材,497,500,白羊肉,text_found_at_other_position
104,17,食材,504,506,白面,text_found_at_other_position
104,18,食材,509,512,生姜汁,text_found_at_other_position
104,19,烹饪方法,521,522,溲,text_found_at_other_position
104,20,烹饪方法,525,526,切,text_found_at_other_position
104,21,烹饪方法,535,537,煮熟,text_found_at_other_position
104,22,食材,533,534,椒,text_found_at_other_position
104,23,食材,534,535,葱,text_found_at_other_position
105,1,食材,185,188,猪羊血,text_found_at_other_position
105,2,食材,420,422,葵莱,text_found_at_other_position
105,3,食材,211,213,杏仁,text_found_at_other_position
105,4,食材,219,221,麻子,text_found_at_other_position
105,5,食材,222,224,芝麻,text_found_at_other_position
105,6,食性,393,395,咸平,text_found_at_other_position
105,7,食性,541,543,酸热,text_found_at_other_position
105,8,食性,559,562,甘苦温,text_found_at_other_position
105,9,食味,644,645,甘,text_found_at_other_position
105,10,功效,2,4,峻补,exact_match
105,11,功效,91,93,温补,text_found_at_other_position
105,12,功效,200,202,疏利,text_found_at_other_position
105,13,功效,233,235,通利,text_found_at_other_position
105,14,功效,400,404,滑利大便,text_found_at_other_position
105,15,功效,412,415,通便秘,text_found_at_other_position
105,16,功效,448,456,益脾利胃气滑大肠,text_found_at_other_position
105,17,功效,463,465,滑肠,text_found_at_other_position
105,18,功效,470,472,补脏,text_found_at_other_position
105,19,功效,475,480,扶正通便,entity_text_not_found_in_current_passage
105,20,功效,549,553,止渴生津,text_found_at_other_position
105,21,功效,565,568,润肺燥,text_found_at_other_position
105,22,功效,569,572,消食积,text_found_at_other_position
105,23,功效,573,576,散滞气,text_found_at_other_position
105,24,功效,577,580,通大便,text_found_at_other_position
105,25,病症,14,16,肾虚,exact_match
105,26,病症,16,18,无力,exact_match
105,27,病症,19,23,夜多小溲,exact_match
105,28,病症,40,42,足痿,exact_match
105,29,病症,82,84,喘嗽,text_found_at_other_position
105,30,病症,106,108,停饮,text_found_at_other_position
105,31,病症,116,118,痞闷,text_found_at_other_position
105,32,病症,122,124,脚重,text_found_at_other_position
105,33,病症,133,137,膝胫转重,text_found_at_other_position
105,34,病症,170,174,脏腑结燥,text_found_at_other_position
105,35,病症,177,181,大便秘涩,text_found_at_other_position
105,36,病症,300,302,便秘,text_found_at_other_position
105,37,病症,583,585,气秘,text_found_at_other_position
105,38,脏腑,7,8,肾,exact_match
105,39,脏腑,45,46,心,text_found_at_other_position
105,40,脏腑,49,50,肺,text_found_at_other_position
105,41,脏腑,53,55,脬囊,text_found_at_other_position
105,42,脏腑,339,341,大肠,text_found_at_other_position
105,43,食疗方,191,197,葵莱血脏羹,text_found_at_other_position
105,44,食疗方,529,531,杏汤,text_found_at_other_position
105,45,食疗方,532,536,杏仁板儿,text_found_at_other_position
105,46,烹饪方法,217,218,炒,text_found_at_other_position
105,47,烹饪方法,635,636,煮,text_found_at_other_position
105,48,禁忌,110,113,不可补,text_found_at_other_position
105,49,古籍来源,484,490,《本草纲目》,text_found_at_other_position
105,50,医家,491,494,张从正,text_found_at_other_position
106,1,古籍来源,82,89,《黄帝阴符经》,exact_match
106,2,古籍来源,164,168,《类经》,exact_match
106,3,医家,161,164,张景岳,exact_match
106,4,养生原则,330,338,取法阴阳四时而行,text_found_at_other_position
106,5,养生原则,340,344,防病延年,text_found_at_other_position
106,6,养生原则,498,503,顺天之常道,text_found_at_other_position
106,7,养生原则,510,514,阴阳平秘,text_found_at_other_position
106,8,养生原则,516,520,五脏和调,text_found_at_other_position
106,9,养生原则,521,525,气血流畅,text_found_at_other_position
106,10,养生原则,526,530,阴精上奉,text_found_at_other_position
106,11,养生原则,532,536,腠理固密,text_found_at_other_position
106,12,病症,4,6,疾疠,exact_match
106,13,病症,7,9,疾病,exact_match
106,14,病症,10,12,瘟疫,exact_match
106,15,病症,670,672,危瘵,text_found_at_other_position
106,16,脏腑,648,650,五脏,text_found_at_other_position
106,17,养生原则,717,725,依四时摄养之方,entity_text_not_found_in_current_passage
106,18,养生原则,726,733,顺五行休旺之气,text_found_at_other_position
107,1,古籍来源,453,457,《素问》,text_found_at_other_position
107,2,养生原则,357,365,执天道生杀之理,entity_text_not_found_in_current_passage
108,1,功效,0,4,凉血退蒸,exact_match
108,2,病症,11,14,烦渴热,exact_match
108,3,病症,23,27,烦渴不止,exact_match
108,4,食疗方,44,47,大麦汤,exact_match
108,5,功效,48,52,益气生津,exact_match
108,6,功效,53,59,润燥清热调中,exact_match
108,7,古籍来源,69,76,《太平圣惠方》,exact_match
108,8,食疗方,76,80,栝蒌粉方,exact_match
108,9,功效,81,85,清热解毒,exact_match
108,10,功效,86,90,生津止渴,exact_match
108,11,病症,92,96,消渴热中,exact_match
108,12,食疗方,111,115,青豆汤方,exact_match
108,13,功效,120,124,除烦止渴,exact_match
108,14,病症,128,133,肺胃热盛,entity_text_not_found_in_current_passage
108,15,病症,135,139,心烦欲呕,text_found_at_other_position
108,16,食疗方,143,147,芦根饮子,text_found_at_other_position
108,17,功效,147,151,清热生津,text_found_at_other_position
108,18,功效,152,156,除烦止呕,text_found_at_other_position
108,19,病症,158,162,消渴壮热,text_found_at_other_position
108,20,病症,163,167,烦躁不安,text_found_at_other_position
108,21,食疗方,175,180,青粱米饮方,text_found_at_other_position
108,22,功效,180,184,补中益气,text_found_at_other_position
108,23,功效,185,189,除烦止渴,text_found_at_other_position
108,24,病症,193,198,内热壅盛,entity_text_not_found_in_current_passage
108,25,病症,204,208,消渴烦热,text_found_at_other_position
108,26,病症,209,213,心神狂乱,text_found_at_other_position
108,27,病症,214,218,躁闷不安,text_found_at_other_position
108,28,食疗方,222,226,冬瓜羹方,text_found_at_other_position
108,29,功效,115,119,清热解毒,exact_match
108,30,功效,232,236,除烦生津,text_found_at_other_position
108,31,病症,253,255,吐血,text_found_at_other_position
108,32,病症,256,259,衄血,entity_text_not_found_in_current_passage
108,33,古籍来源,263,270,《太平圣惠方》,text_found_at_other_position
108,34,食疗方,270,274,藕蜜汁方,text_found_at_other_position
108,35,功效,274,278,凉血散瘀,text_found_at_other_position
108,36,功效,279,283,清热止渴,text_found_at_other_position
108,37,病症,297,301,气阴耗伤,text_found_at_other_position
108,38,病症,302,306,精气亏损,text_found_at_other_position
108,39,食疗方,337,340,猪肚方,text_found_at_other_position
108,40,功效,341,346,补益气阴,entity_text_not_found_in_current_passage
108,41,功效,347,351,生津除烦,text_found_at_other_position
108,42,病症,356,360,消渴热中,text_found_at_other_position
108,43,病症,362,366,饮水不止,text_found_at_other_position
108,44,病症,367,371,小便无度,text_found_at_other_position
108,45,病症,372,374,烦热,text_found_at_other_position
108,46,食疗方,380,383,兔头饮,text_found_at_other_position
108,47,功效,384,388,补气生津,text_found_at_other_position
108,48,功效,389,393,除烦止渴,text_found_at_other_position
108,49,病症,401,403,烦渴,text_found_at_other_position
108,50,病症,404,409,饮水不足,entity_text_not_found_in_current_passage
108,51,病症,410,416,日渐羸瘦困弱,text_found_at_other_position
108,52,食疗方,421,425,野鸡臃方,text_found_at_other_position
108,53,功效,426,430,补中益气,text_found_at_other_position
108,54,功效,431,435,生津止渴,text_found_at_other_position
108,55,病症,443,447,脏腑干枯,text_found_at_other_position
108,56,食疗方,457,460,牛乳方,text_found_at_other_position
108,57,功效,461,464,益气阴,text_found_at_other_position
108,58,功效,465,468,补五脏,text_found_at_other_position
108,59,功效,469,473,润枯燥,entity_text_not_found_in_current_passage
108,60,病症,480,484,消渴烦闷,text_found_at_other_position
108,61,病症,485,487,常热,text_found_at_other_position
108,62,病症,488,492,身体枯燥,text_found_at_other_position
108,63,病症,493,495,黄瘦,text_found_at_other_position
108,64,食疗方,500,506,黄雌鸡羹方,entity_text_not_found_in_current_passage
108,65,功效,507,511,添精补髓,text_found_at_other_position
108,66,功效,512,516,益气固摄,text_found_at_other_position
108,67,功效,517,521,和调脏腑,text_found_at_other_position
108,68,病症,527,531,精损气虚,text_found_at_other_position
108,69,病症,448,450,烦渴,text_found_at_other_position
108,70,病症,537,541,小便黄色,text_found_at_other_position
108,71,食疗方,549,552,鹿头方,text_found_at_other_position
108,72,功效,553,557,平补精气,text_found_at_other_position
108,73,功效,558,562,益阳滋阴,text_found_at_other_position
108,74,病症,570,574,精气虚弱,text_found_at_other_position
108,75,病症,575,577,消渴,text_found_at_other_position
108,76,病症,578,582,诸药不瘥,text_found_at_other_position
108,77,病症,584,588,黄瘦力弱,text_found_at_other_position
109,1,病症,164,168,风热上攻,text_found_at_other_position
109,2,病症,169,173,头旋晕闷,text_found_at_other_position
109,3,病症,197,203,外风走注疼痛,text_found_at_other_position
109,4,病症,240,244,肠胃有风,text_found_at_other_position
109,5,病症,257,261,肾脏有风,text_found_at_other_position
109,6,病症,278,283,老人一切风,text_found_at_other_position
109,7,病症,286,291,外感之风,entity_text_not_found_in_current_passage
109,8,病症,292,296,真中之风,text_found_at_other_position
109,9,病症,297,301,内动之风,text_found_at_other_position
109,10,病症,302,306,痹痛之风,text_found_at_other_position
109,11,病症,307,311,惊痫之风,text_found_at_other_position
109,12,病症,345,349,四时伤寒,text_found_at_other_position
109,13,病症,368,373,卒中急风,entity_text_not_found_in_current_passage
109,14,病症,374,378,筋骨之风,text_found_at_other_position
109,15,病症,412,416,肠寒便白,text_found_at_other_position
109,16,病症,423,427,脾寒有积,text_found_at_other_position
109,17,病症,439,443,心脾积热,text_found_at_other_position
109,18,病症,445,451,流注脚膝疼痛,text_found_at_other_position
109,19,病症,474,478,上焦客热,text_found_at_other_position
109,20,病症,479,481,滞痰,text_found_at_other_position
109,21,病症,514,519,老人痰涎多,text_found_at_other_position
109,22,病症,520,524,痰厥头痛,text_found_at_other_position
109,23,病症,525,527,癫痫,text_found_at_other_position
109,24,病症,528,530,胸闷,text_found_at_other_position
109,25,病症,531,533,咳逆,text_found_at_other_position
109,26,病症,593,599,老人一切气闷,text_found_at_other_position
109,27,病症,600,604,醋心腹胀,text_found_at_other_position
109,28,病症,605,609,胸膈不利,text_found_at_other_position
109,29,病症,610,614,积滞癜疲,text_found_at_other_position
109,30,病症,636,640,元气不足,text_found_at_other_position
109,31,病症,641,647,心腹诸疾作痛,text_found_at_other_position
109,32,病症,650,652,气滞,text_found_at_other_position
109,33,病症,677,682,妇人气瘰,entity_text_not_found_in_current_passage
109,34,病症,715,721,老人不思饮食,text_found_at_other_position
109,35,病症,722,726,胸膈走注,text_found_at_other_position
109,36,病症,727,731,心腹刺痛,text_found_at_other_position
109,37,食疗方,178,182,旋复花散,text_found_at_other_position
109,38,食疗方,206,209,羌活丸,text_found_at_other_position
109,39,食疗方,225,228,七圣散,text_found_at_other_position
109,40,食疗方,229,232,藁本散,text_found_at_other_position
109,41,食疗方,248,251,七圣丸,text_found_at_other_position
109,42,食疗方,700,703,香枳汤,text_found_at_other_position
109,43,食疗方,265,268,羌活散,text_found_at_other_position
109,44,食疗方,315,318,乌犀丸,text_found_at_other_position
109,45,食疗方,352,355,四顺散,text_found_at_other_position
109,46,食疗方,419,422,香草散,text_found_at_other_position
109,47,食疗方,429,432,北庭丸,text_found_at_other_position
109,48,食疗方,454,457,黄芪散,text_found_at_other_position
109,49,食疗方,485,489,枇杷叶散,text_found_at_other_position
109,50,食疗方,541,546,人参半夏丸,text_found_at_other_position
109,51,食疗方,562,569,调中人参木香散,text_found_at_other_position
109,52,食疗方,617,621,丁香丸,entity_text_not_found_in_current_passage
109,53,食疗方,656,660,橘皮煮散,text_found_at_other_position
109,54,食疗方,704,707,匀气散,text_found_at_other_position
109,55,食疗方,734,739,枳壳木香散,text_found_at_other_position
109,56,功效,182,186,疏风清热,text_found_at_other_position
109,57,功效,187,191,化痰降逆,text_found_at_other_position
109,58,功效,192,196,养阴行血,text_found_at_other_position
109,59,功效,209,213,搜风胜湿,text_found_at_other_position
109,60,功效,214,218,益气助阳,text_found_at_other_position
109,61,功效,219,224,散寒止痛,entity_text_not_found_in_current_passage
109,62,功效,319,323,滋阴养血,text_found_at_other_position
109,63,功效,324,328,除烦定惊,text_found_at_other_position
109,64,功效,329,333,消痰止痛,text_found_at_other_position
109,65,功效,334,338,熄风开窍,text_found_at_other_position
109,66,功效,355,359,解表散寒,text_found_at_other_position
109,67,功效,360,364,平喘止咳,text_found_at_other_position
109,68,功效,387,391,除风胜湿,text_found_at_other_position
109,69,功效,392,396,驱寒止痛,text_found_at_other_position
109,70,功效,397,401,补益肝肾,text_found_at_other_position
109,71,功效,403,407,强壮筋骨,text_found_at_other_position
109,72,功效,457,460,益元气,text_found_at_other_position
109,73,功效,461,464,清虚热,text_found_at_other_position
109,74,功效,466,472,凉血解毒排脓,text_found_at_other_position
109,75,功效,547,550,坠痰涎,text_found_at_other_position
109,76,功效,551,554,和脾胃,text_found_at_other_position
109,77,功效,621,625,温胃行气,text_found_at_other_position
109,78,功效,626,630,散瘀软坚,text_found_at_other_position
109,79,功效,631,635,消积通便,text_found_at_other_position
109,80,功效,662,666,健脾温中,text_found_at_other_position
109,81,功效,667,671,行气消积,text_found_at_other_position
109,82,功效,672,676,散满止痛,text_found_at_other_position
109,83,功效,692,696,调风顺气,text_found_at_other_position
110,1,食材,26,28,黄芪,exact_match
110,2,食味,55,56,甘,exact_match
110,3,食性,58,61,微温,entity_text_not_found_in_current_passage
110,4,功效,65,69,补气固表,exact_match
110,5,功效,70,74,利尿强心,exact_match
110,6,医家,79,82,李时珍,exact_match
110,7,古籍来源,82,97,《本草纲目 .草一 .黄耆》,entity_text_not_found_in_current_passage
110,8,食材,144,147,童子鸡,exact_match
110,9,烹饪方法,175,176,蒸,exact_match
110,10,功效,197,204,治疗体弱疾病,entity_text_not_found_in_current_passage
110,11,食材,218,219,葱,exact_match
110,12,食材,223,225,茴香,exact_match
110,13,食材,230,231,酒,exact_match
110,14,食材,234,236,秋油,exact_match
110,15,食材,255,257,脂油,text_found_at_other_position
110,16,烹饪方法,264,265,煨,text_found_at_other_position
111,1,食材,1,4,阳羡茶,exact_match
111,2,食材,56,58,雀舌,exact_match
111,3,食材,105,110,洞庭君山茶,text_found_at_other_position
111,4,食材,98,101,龙井茶,text_found_at_other_position
111,5,食材,177,179,六安,text_found_at_other_position
111,6,食材,180,182,银针,text_found_at_other_position
111,7,食材,183,185,毛尖,text_found_at_other_position
111,8,食材,186,188,梅片,text_found_at_other_position
111,9,食材,189,191,安化,text_found_at_other_position
111,10,食材,204,207,君山茶,text_found_at_other_position
111,11,食材,255,259,君山银针,text_found_at_other_position
111,12,医家,144,147,方毓川,text_found_at_other_position
111,13,医家,285,288,方世俊,text_found_at_other_position
111,14,古籍来源,199,201,注释,text_found_at_other_position
112,1,食材,1,3,甲鱼,exact_match
112,2,烹饪方法,3,4,煮,exact_match
112,3,烹饪方法,7,9,去骨,exact_match
112,4,烹饪方法,10,13,起油锅,exact_match
112,5,烹饪方法,13,15,炮炒,exact_match
112,6,食材,17,19,酱水,exact_match
112,7,食材,20,21,葱,exact_match
112,8,食材,22,23,椒,exact_match
112,9,烹饪方法,24,29,收汤成卤,entity_text_not_found_in_current_passage
112,10,烹饪方法,33,35,起锅,exact_match
112,11,食材,117,119,脂油,exact_match
112,12,烹饪方法,125,126,煎,exact_match
112,13,食材,70,71,水,exact_match
112,14,食材,135,137,秋油,exact_match
112,15,食材,138,139,酒,exact_match
112,16,烹饪方法,139,140,煨,exact_match
112,17,烹饪方法,143,145,武火,exact_match
112,18,烹饪方法,147,149,文火,exact_match
112,19,食材,155,156,蒜,exact_match
112,20,食材,162,163,姜,exact_match
112,21,食材,164,165,糖,exact_match
112,22,食材,49,51,甲鱼,exact_match
112,23,食材,178,182,童子脚鱼,exact_match
113,1,食材,1,3,蘑菇,exact_match
113,2,食材,42,44,莱油,text_found_at_other_position
113,3,食材,51,52,酒,text_found_at_other_position
113,4,食材,55,56,鸡,text_found_at_other_position
113,5,食材,72,74,甜酒,text_found_at_other_position
113,6,食材,101,102,笋,text_found_at_other_position
113,7,食材,103,104,葱,text_found_at_other_position
113,8,食材,105,106,椒,text_found_at_other_position
113,9,食材,119,121,冰糖,text_found_at_other_position
113,10,食材,129,133,雏鸡胸肉,text_found_at_other_position
113,11,食材,139,141,猪油,text_found_at_other_position
113,12,食材,153,155,麻油,text_found_at_other_position
113,13,食材,159,161,纤粉,text_found_at_other_position
113,14,食材,162,164,盐花,text_found_at_other_position
113,15,食材,165,167,姜汁,text_found_at_other_position
113,16,食材,168,171,花椒末,text_found_at_other_position
113,17,食材,179,181,雪梨,text_found_at_other_position
113,18,食材,184,186,香蕈,text_found_at_other_position
113,19,烹饪方法,10,12,泡发,exact_match
113,20,烹饪方法,19,20,漂,exact_match
113,21,烹饪方法,24,25,擦,exact_match
113,22,烹饪方法,46,48,爆炒,text_found_at_other_position
113,23,烹饪方法,63,65,滚煮,text_found_at_other_position
113,24,烹饪方法,77,79,煨煮,text_found_at_other_position
113,25,烹饪方法,124,125,炒,text_found_at_other_position
113,26,烹饪方法,143,145,熬熟,text_found_at_other_position
113,27,烹饪方法,198,199,盛,text_found_at_other_position
114,1,食材,52,54,牛肉,exact_match
114,2,食材,325,327,牛舌,text_found_at_other_position
114,3,食材,2,3,羊,exact_match
114,4,食材,4,5,鹿,exact_match
114,5,烹饪方法,106,108,清煨,exact_match
114,6,烹饪方法,118,121,收汤,entity_text_not_found_in_current_passage
114,7,禁忌,134,141,不可加别物配搭,exact_match
115,1,食材,0,2,猪肉,exact_match
115,2,食材,59,61,猪头,exact_match
115,3,食材,73,75,甜酒,exact_match
115,4,食材,102,103,葱,exact_match
115,5,食材,107,109,八角,exact_match
115,6,食材,121,123,秋油,exact_match
115,7,食材,128,129,糖,exact_match
115,8,食材,149,151,开水,exact_match
115,9,食材,278,282,八角茴香,exact_match
115,10,烹饪方法,99,100,煮,exact_match
115,11,烹饪方法,182,183,煨,exact_match
115,12,烹饪方法,243,244,蒸,exact_match
115,13,烹饪方法,341,342,焖,text_found_at_other_position
115,14,古籍来源,53,58,《特牲单》,exact_match
116,1,食材,17,19,燕窝,exact_match
116,2,食材,58,60,泉水,exact_match
116,3,食材,74,77,嫩鸡汤,exact_match
116,4,食材,81,84,火腿汤,exact_match
116,5,食材,85,88,新蘑菇,exact_match
116,6,食材,173,175,肉丝,text_found_at_other_position
116,7,食材,177,179,鸡丝,text_found_at_other_position
116,8,食材,215,218,生燕窝,text_found_at_other_position
116,9,食材,279,282,蘑菇丝,text_found_at_other_position
116,10,食材,283,286,笄尖丝,text_found_at_other_position
116,11,食材,287,290,鲫鱼肚,text_found_at_other_position
116,12,食材,292,296,嫩野鸡片,text_found_at_other_position
116,13,食材,319,321,冬瓜,text_found_at_other_position
116,14,食材,344,346,鸡汁,text_found_at_other_position
116,15,食材,347,350,蘑菇汁,text_found_at_other_position
116,16,食材,396,398,海参,text_found_at_other_position
116,17,食材,440,443,小刺参,text_found_at_other_position
116,18,食材,452,454,肉汤,text_found_at_other_position
116,19,食材,462,467,鸡肉两汁,entity_text_not_found_in_current_passage
116,20,食材,477,479,香蕈,text_found_at_other_position
116,21,食材,480,482,木耳,text_found_at_other_position
116,22,食材,525,527,芥末,text_found_at_other_position
116,23,食材,532,536,冷海参丝,text_found_at_other_position
116,24,食材,548,550,笋丁,text_found_at_other_position
116,25,食材,551,554,香蕈丁,text_found_at_other_position
116,26,食材,555,557,鸡汤,text_found_at_other_position
116,27,食材,567,570,豆腐皮,text_found_at_other_position
116,28,食材,571,573,鸡腿,text_found_at_other_position
116,29,烹饪方法,60,61,泡,exact_match
116,30,烹饪方法,65,66,挑,exact_match
116,31,烹饪方法,96,98,烧煮,exact_match
116,32,烹饪方法,454,456,滚泡,text_found_at_other_position
116,33,烹饪方法,435,436,煨,text_found_at_other_position
116,34,烹饪方法,531,532,拌,text_found_at_other_position
116,35,烹饪方法,541,542,切,text_found_at_other_position
116,36,禁忌,123,133,不可与油腻的食物混杂,exact_match
116,37,禁忌,150,166,不可与质地较硬或带骨头的食物混配,text_found_at_other_position
116,38,养生原则,328,332,以柔配柔,text_found_at_other_position
116,39,养生原则,334,338,以清入清,text_found_at_other_position
117,1,食材,7,9,鲥鱼,exact_match
117,2,食材,81,83,边鱼,exact_match
117,3,烹饪方法,2,4,去鳞,exact_match
117,4,烹饪方法,94,95,蒸,exact_match
117,5,烹饪方法,146,147,煎,exact_match
117,6,食材,90,91,酒,exact_match
117,7,食材,92,94,秋油,exact_match
117,8,食材,136,138,香蕈,exact_match
117,9,食材,139,141,笋尖,exact_match
117,10,古籍来源,73,80,《水族有鳞单》,exact_match
118,1,食材,26,28,麻雀,exact_match
118,2,食材,139,141,鹩鹑,exact_match
118,3,食材,142,144,黄雀,exact_match
118,4,食味,64,65,甘,exact_match
118,5,食味,65,66,鲜,exact_match
118,6,烹饪方法,36,38,煨煮,exact_match
118,7,烹饪方法,138,139,煨,exact_match
118,8,烹饪方法,214,215,炒,exact_match
118,9,禁忌,109,120,不要吃入间豢养的动物,entity_text_not_found_in_current_passage
118,10,古籍来源,148,150,六合,exact_match
120,1,食材,1,3,鸡蛋,exact_match
120,2,食材,29,32,蛋清,entity_text_not_found_in_current_passage
120,3,食材,39,41,鸡汁,exact_match
120,4,食材,115,117,茭瓜,exact_match
120,5,食材,137,139,笋脯,exact_match
120,6,食材,191,193,牛首,exact_match
120,7,烹饪方法,5,7,敲开,exact_match
120,8,烹饪方法,18,20,倒出,exact_match
120,9,烹饪方法,21,23,去掉,exact_match
120,10,烹饪方法,33,35,加入,exact_match
120,11,烹饪方法,46,48,搅拌,exact_match
120,12,烹饪方法,60,62,装回,exact_match
120,13,烹饪方法,70,72,封好,exact_match
120,14,烹饪方法,79,81,蒸熟,exact_match
120,15,烹饪方法,83,85,剥去,exact_match
120,16,烹饪方法,168,170,腌制,exact_match
120,17,烹饪方法,174,176,风干,exact_match
120,18,烹饪方法,130,132,切片,exact_match
120,19,烹饪方法,108,109,制,exact_match
120,20,烹饪方法,35,36,煨,exact_match
120,21,烹饪方法,202,204,僧制,exact_match
120,22,食味,112,113,鲜,exact_match
121,1,烹饪方法,31,33,加热,exact_match
121,2,烹饪方法,34,36,调味,exact_match
121,3,烹饪方法,217,218,爆,exact_match
121,4,烹饪方法,219,220,熘,exact_match
121,5,烹饪方法,221,222,炸,exact_match
121,6,烹饪方法,245,246,炖,exact_match
121,7,烹饪方法,247,248,煨,exact_match
121,8,烹饪方法,249,250,焖,exact_match
121,9,烹饪方法,266,268,熬制,exact_match
121,10,养生原则,324,329,火候有度,entity_text_not_found_in_current_passage
122,1,古籍来源,6,11,《茶酒单》,exact_match
122,2,食材,140,142,泉水,exact_match
122,3,食材,143,145,河水,exact_match
122,4,食材,146,148,井水,exact_match
122,5,食材,149,151,湖水,exact_match
122,6,食材,282,284,茶叶,exact_match
122,7,食材,580,583,武夷茶,exact_match
122,8,食材,584,587,龙井茶,exact_match
122,9,食材,588,593,常州阳羡茶,exact_match
122,10,食材,594,599,洞庭君山茶,exact_match
122,11,烹饪方法,169,171,泡茶,exact_match
122,12,烹饪方法,285,287,保存,exact_match
122,13,医家,4,6,袁氏,exact_match
124,1,食材,0,2,鱼翅,exact_match
124,2,食材,38,40,火腿,text_found_at_other_position
124,3,食材,41,43,鸡汤,text_found_at_other_position
124,4,食材,46,48,鲜笄,text_found_at_other_position
124,5,食材,49,51,冰糖,text_found_at_other_position
124,6,食材,75,78,萝卜丝,text_found_at_other_position
124,7,食材,173,175,海参,text_found_at_other_position
124,8,食材,288,290,鳆鱼,text_found_at_other_position
124,9,食材,311,313,豆腐,text_found_at_other_position
124,10,食材,348,349,鸭,text_found_at_other_position
124,11,烹饪方法,5,6,煮,exact_match
124,12,烹饪方法,55,56,煨,text_found_at_other_position
124,13,烹饪方法,263,264,炒,text_found_at_other_position
124,14,烹饪方法,306,308,削片,text_found_at_other_position
124,15,烹饪方法,242,243,焯,text_found_at_other_position
124,16,病症,176,178,生硬,text_found_at_other_position
124,17,病症,190,192,硬直,text_found_at_other_position
124,18,医家,205,208,吴道士,text_found_at_other_position
124,19,医家,256,259,郭耕礼,text_found_at_other_position
124,20,医家,299,302,杨中丞,text_found_at_other_position
124,21,医家,338,341,庄太守,text_found_at_other_position
125,1,食材,8,10,山药,exact_match
125,2,食材,16,18,腐皮,exact_match
125,3,烹饪方法,6,7,煮,exact_match
125,4,烹饪方法,23,24,煎,exact_match
125,5,食材,29,31,秋油,text_found_at_other_position
125,6,食材,32,33,酒,text_found_at_other_position
125,7,食材,34,35,糖,text_found_at_other_position
125,8,食材,36,38,瓜姜,text_found_at_other_position
125,9,食材,104,107,珍珠菜,text_found_at_other_position
125,10,食材,207,209,豆腐,text_found_at_other_position
125,11,食材,229,231,猪油,text_found_at_other_position
125,12,食材,246,248,盐花,text_found_at_other_position
125,13,食材,257,259,甜酒,text_found_at_other_position
125,14,食材,264,267,大虾米,text_found_at_other_position
125,15,食材,283,286,小虾米,text_found_at_other_position
125,16,烹饪方法,231,232,熬,text_found_at_other_position
125,17,烹饪方法,295,297,滚泡,text_found_at_other_position
125,18,烹饪方法,310,311,滚,text_found_at_other_position
125,19,烹饪方法,342,344,起锅,text_found_at_other_position
125,20,古籍来源,198,203,《素莱单》,text_found_at_other_position
126,1,食材,101,102,葱,exact_match
126,2,食材,111,112,笋,exact_match
126,3,食材,116,117,椒,text_found_at_other_position
126,4,食材,321,323,豆粉,text_found_at_other_position
126,5,食材,346,347,肉,text_found_at_other_position
126,6,烹饪方法,100,101,切,exact_match
126,7,烹饪方法,115,116,捣,text_found_at_other_position
126,8,烹饪方法,374,375,煎,text_found_at_other_position
126,9,烹饪方法,375,376,炒,text_found_at_other_position
126,10,烹饪方法,358,360,作羹,text_found_at_other_position
126,11,古籍来源,43,51,《论语.卫灵公》,exact_match
127,1,食材,5,6,蛏,exact_match
127,2,食材,58,61,五花肉,exact_match
127,3,食材,73,75,车螯,exact_match
127,4,食材,81,83,麻油,exact_match
127,5,食材,105,107,秋油,exact_match
127,6,食材,120,122,豆腐,exact_match
127,7,食材,153,155,猪油,exact_match
127,8,食材,186,188,鸡汤,exact_match
127,9,食材,195,197,蛏干,exact_match
127,10,食材,210,212,虾饼,exact_match
127,11,食材,316,318,蚶干,exact_match
127,12,烹饪方法,83,84,炒,exact_match
127,13,烹饪方法,100,101,煮,exact_match
127,14,烹饪方法,287,288,煨,exact_match
127,15,烹饪方法,215,217,煎制,exact_match
127,16,烹饪方法,249,250,泡,exact_match
127,17,烹饪方法,253,256,滚水煮,exact_match
127,18,烹饪方法,203,205,捶烂,exact_match
127,19,烹饪方法,45,46,晒,exact_match
127,20,烹饪方法,271,272,发,exact_match
127,21,烹饪方法,68,69,焖,exact_match
127,22,烹饪方法,188,190,烹煮,exact_match
127,23,医家,229,232,程泽弓,exact_match
130,1,食材,299,301,鳗鱼,text_found_at_other_position
130,2,食材,359,361,河鳗,text_found_at_other_position
130,3,食材,397,399,秋油,text_found_at_other_position
130,4,食材,414,415,葱,text_found_at_other_position
130,5,食材,416,417,姜,text_found_at_other_position
130,6,食材,434,436,芡粉,text_found_at_other_position
130,7,食材,437,439,山药,text_found_at_other_position
130,8,烹饪方法,352,354,清煨,text_found_at_other_position
130,9,烹饪方法,390,391,煨,text_found_at_other_position
130,10,烹饪方法,460,461,蒸,text_found_at_other_position
130,11,烹饪方法,536,538,红煨,text_found_at_other_position
130,12,禁忌,301,309,最忌剔出骨头烹制,text_found_at_other_position
130,13,禁忌,345,349,不可去鳞,text_found_at_other_position
130,14,医家,12,15,顾比部,exact_match
130,15,医家,217,220,袁致华,text_found_at_other_position
130,16,古籍来源,295,298,译文1,text_found_at_other_position
131,1,食材,20,22,甲鱼,exact_match
131,2,食材,45,46,裙,exact_match
131,3,食材,271,273,鳗鱼,exact_match
131,4,食材,317,319,河鳗,exact_match
131,5,食材,346,348,秋油,exact_match
131,6,食材,353,358,冬腌新芥菜,exact_match
131,7,食材,363,364,葱,exact_match
131,8,食材,201,202,姜,exact_match
131,9,食材,385,387,纤粉,exact_match
131,10,食材,388,390,山药,exact_match
131,11,食材,339,340,酒,exact_match
131,12,食材,209,210,水,exact_match
131,13,食材,203,204,桂,exact_match
131,14,食材,302,304,鲥鱼,exact_match
131,15,烹饪方法,51,52,煨,exact_match
131,16,烹饪方法,406,407,蒸,exact_match
131,17,烹饪方法,327,328,斩,exact_match
131,18,烹饪方法,322,323,洗,exact_match
131,19,烹饪方法,38,39,去,exact_match
131,20,烹饪方法,290,292,摆布,exact_match
131,21,烹饪方法,348,350,起锅,exact_match
131,22,烹饪方法,390,392,干煨,exact_match
131,23,烹饪方法,418,419,蒸,exact_match
131,24,烹饪方法,341,343,煨烂,exact_match
131,25,烹饪方法,370,371,杀,exact_match
131,26,烹饪方法,432,433,兑,exact_match
131,27,烹饪方法,442,444,起笼,exact_match
131,28,医家,146,148,袁氏,exact_match
131,29,古籍来源,260,267,《水族无鳞单》,exact_match
132,1,食材,1,4,瓢莱心,exact_match
132,2,食材,211,213,菠菜,text_found_at_other_position
132,3,食材,222,224,豆腐,text_found_at_other_position
132,4,食材,256,258,笋尖,text_found_at_other_position
132,5,食材,259,261,香蕈,text_found_at_other_position
132,6,烹饪方法,0,1,炒,exact_match
132,7,烹饪方法,224,225,煮,text_found_at_other_position
132,8,食疗方,232,237,金镶自玉板,text_found_at_other_position
132,9,医家,21,24,壬孟亭,exact_match
132,10,医家,106,109,壬箴舆,exact_match
133,1,古籍来源,7,14,袁氏《点心单》,exact_match
133,2,食材,140,141,栗,text_found_at_other_position
133,3,食材,153,156,纯糯粉,text_found_at_other_position
133,4,食材,157,158,糖,text_found_at_other_position
133,5,食材,166,168,瓜仁,text_found_at_other_position
133,6,食材,169,171,松子,text_found_at_other_position
133,7,食味,113,114,咸,exact_match
133,8,食味,134,135,甜,text_found_at_other_position
133,9,食材,245,247,韭菜,text_found_at_other_position
133,10,食材,250,251,肉,text_found_at_other_position
133,11,食材,256,258,面皮,text_found_at_other_position
133,12,食材,263,264,油,text_found_at_other_position
133,13,食材,100,101,酥,exact_match
133,14,食材,286,288,鸡豆,text_found_at_other_position
133,15,食材,301,303,微粉,text_found_at_other_position
133,16,食材,390,393,鸡蛋清,text_found_at_other_position
133,17,食材,395,397,飞面,text_found_at_other_position
133,18,食材,476,478,冰糖,text_found_at_other_position
133,19,食材,479,483,松仁屑子,text_found_at_other_position
133,20,食材,525,528,胡桃仁,text_found_at_other_position
133,21,食材,532,534,糖屑,text_found_at_other_position
133,22,食材,535,537,脂油,text_found_at_other_position
133,23,食材,28,29,面,exact_match
133,24,食材,554,556,芝麻,text_found_at_other_position
133,25,食材,590,592,奶酥,text_found_at_other_position
133,26,烹饪方法,160,161,蒸,text_found_at_other_position
133,27,烹饪方法,147,148,煮,text_found_at_other_position
133,28,烹饪方法,71,72,包,exact_match
133,29,烹饪方法,264,265,灼,text_found_at_other_position
133,30,烹饪方法,294,296,研碎,text_found_at_other_position
133,31,烹饪方法,354,355,烘,text_found_at_other_position
133,32,烹饪方法,540,541,炙,text_found_at_other_position
133,33,烹饪方法,22,23,和,exact_match
133,34,烹饪方法,564,565,罗,text_found_at_other_position
133,35,食疗方,200,202,粉衣,text_found_at_other_position
133,36,食疗方,238,240,韭合,text_found_at_other_position
133,37,食疗方,378,384,杨中丞西洋饼,text_found_at_other_position
133,38,食疗方,513,516,烧饼,entity_text_not_found_in_current_passage
133,39,食疗方,622,629,陶方伯十景点心,text_found_at_other_position
133,40,医家,55,57,袁氏,exact_match
134,1,医家,1,3,郭璞,exact_match
134,2,食材,265,267,刀鱼,exact_match
134,3,食材,273,275,蜜酒,exact_match
134,4,食材,277,279,清酱,exact_match
134,5,烹饪方法,291,292,蒸,exact_match
134,6,烹饪方法,313,314,刮,exact_match
134,7,烹饪方法,320,321,抽,exact_match
134,8,食材,326,329,火腿汤,exact_match
134,9,食材,330,333,鸡汤,entity_text_not_found_in_current_passage
134,10,食材,334,336,笄汤,exact_match
134,11,烹饪方法,336,337,煨,exact_match
134,12,烹饪方法,360,361,煎,exact_match
134,13,烹饪方法,400,401,切,exact_match
134,14,古籍来源,87,89,江赋,exact_match
135,1,食材,175,177,糯米,exact_match
135,2,古籍来源,112,116,《周官》,exact_match
135,3,医家,109,112,郑康成,exact_match
135,4,医家,281,283,郑玄,text_found_at_other_position
135,5,古籍来源,388,398,《周礼.天官.酒正》,text_found_at_other_position
136,1,食材,82,83,鸡,exact_match
136,2,食材,84,85,鸭,exact_match
136,3,食材,86,87,猪,exact_match
136,4,食材,88,89,鹅,exact_match
136,5,食材,509,511,腰子,text_found_at_other_position
136,6,食材,512,514,鸡蛋,text_found_at_other_position
136,7,食材,529,531,鲜鱼,text_found_at_other_position
136,8,食材,532,533,蚶,text_found_at_other_position
136,9,食材,534,535,蛤,text_found_at_other_position
136,10,食味,223,224,咸,exact_match
136,11,食味,224,225,淡,exact_match
136,12,烹饪方法,436,437,煎,text_found_at_other_position
136,13,烹饪方法,437,438,炒,text_found_at_other_position
136,14,烹饪方法,455,456,煨,text_found_at_other_position
136,15,烹饪方法,456,457,煮,text_found_at_other_position
136,16,古籍来源,19,24,《须知单》,exact_match
136,17,古籍来源,116,122,《随园食单》,exact_match
136,18,医家,2,4,袁氏,exact_match
137,1,食材,10,12,燕窝,exact_match
137,2,食材,16,18,海参,exact_match
137,3,食材,22,24,鱼翅,exact_match
137,4,食材,29,31,鹿筋,exact_match
137,5,食材,49,50,鸭,text_found_at_other_position
137,6,食材,61,62,鱼,text_found_at_other_position
137,7,食材,74,75,鳗,text_found_at_other_position
137,8,食材,87,88,韭,text_found_at_other_position
137,9,食材,96,97,莱,text_found_at_other_position
137,10,食材,118,119,鳖,text_found_at_other_position
138,1,食材,8,10,猪油,exact_match
138,2,食材,35,37,燕窝,exact_match
138,3,食材,310,312,豆腐,text_found_at_other_position
138,4,食材,322,324,海菜,text_found_at_other_position
138,5,食材,329,332,蔬笋,entity_text_not_found_in_current_passage
138,6,食材,336,337,鸡,text_found_at_other_position
138,7,食材,99,100,猪,exact_match
138,8,食材,340,341,鱼,text_found_at_other_position
138,9,食材,342,343,鸭,text_found_at_other_position
138,10,食材,360,363,海参,entity_text_not_found_in_current_passage
138,11,烹饪方法,7,8,熬,exact_match
138,12,烹饪方法,242,243,煮,exact_match
140,1,食材,3,4,鱼,exact_match
140,2,食材,14,15,鳗,exact_match
140,3,食材,25,26,韭,exact_match
140,4,食材,32,33,莱,exact_match
140,5,食材,94,95,葱,exact_match
140,6,食材,107,108,椒,exact_match
140,7,烹饪方法,93,94,切,exact_match
140,8,烹饪方法,106,107,捣,exact_match
140,9,古籍来源,41,45,《内则》,exact_match
140,10,古籍来源,338,344,《随园食单》,text_found_at_other_position
141,1,食材,20,22,菱实,text_found_at_other_position
141,2,食材,25,26,蜜,text_found_at_other_position
141,3,食材,83,84,姜,text_found_at_other_position
141,4,食材,104,106,荔枝,text_found_at_other_position
141,5,食味,109,110,甘,text_found_at_other_position
141,6,食味,111,113,微酸,text_found_at_other_position
141,7,食性,114,115,温,text_found_at_other_position
141,8,功效,119,122,主烦渴,text_found_at_other_position
141,9,功效,123,126,美颜色,text_found_at_other_position
141,10,功效,127,130,通神健,text_found_at_other_position
141,11,功效,135,137,益人,text_found_at_other_position
141,12,功效,67,71,解丹石毒,text_found_at_other_position
141,13,功效,183,186,消瘤赘,text_found_at_other_position
141,14,功效,207,210,治心痛,text_found_at_other_position
141,15,病症,187,189,赤胂,text_found_at_other_position
141,16,烹饪方法,195,196,烧,text_found_at_other_position
141,17,食材,84,85,酒,text_found_at_other_position
141,18,病症,211,214,小肠气,text_found_at_other_position
141,19,食材,216,218,圆眼,text_found_at_other_position
141,20,食味,221,222,甘,text_found_at_other_position
141,21,食性,223,224,平,text_found_at_other_position
141,22,功效,228,233,主五脏邪气,text_found_at_other_position
141,23,功效,234,236,安志,text_found_at_other_position
141,24,功效,237,239,压食,text_found_at_other_position
141,25,功效,252,255,除蛊毒,text_found_at_other_position
141,26,功效,258,262,轻身不老,text_found_at_other_position
141,27,功效,263,266,通神明,text_found_at_other_position
141,28,食材,297,299,松子,text_found_at_other_position
141,29,食味,302,303,甘,text_found_at_other_position
141,30,食性,304,305,温,text_found_at_other_position
141,31,功效,309,313,主风寒气,text_found_at_other_position
141,32,功效,314,318,虚羸少气,text_found_at_other_position
141,33,功效,319,322,补不足,text_found_at_other_position
141,34,食材,354,357,海松子,text_found_at_other_position
141,35,功效,358,362,主骨节风,text_found_at_other_position
141,36,功效,363,365,头眩,text_found_at_other_position
141,37,功效,366,371,去死肌白发,text_found_at_other_position
141,38,功效,372,375,散水气,text_found_at_other_position
141,39,功效,376,379,润五脏,text_found_at_other_position
141,40,食材,385,387,榛子,text_found_at_other_position
141,41,食味,390,391,甘,text_found_at_other_position
141,42,食性,392,393,平,text_found_at_other_position
141,43,功效,397,400,益气力,text_found_at_other_position
141,44,功效,401,404,实肠胃,text_found_at_other_position
141,45,功效,405,407,调中,text_found_at_other_position
141,46,功效,381,383,不饥,text_found_at_other_position
141,47,功效,410,413,健行,entity_text_not_found_in_current_passage
141,48,食材,418,420,槟榔,text_found_at_other_position
141,49,食味,423,424,辛,text_found_at_other_position
141,50,食性,425,426,温,text_found_at_other_position
141,51,功效,430,434,消谷逐水,text_found_at_other_position
141,52,功效,435,438,除痰癖,text_found_at_other_position
141,53,功效,438,440,泄满,text_found_at_other_position
141,54,功效,441,443,下气,text_found_at_other_position
141,55,功效,445,450,宜脏腑壅滞,text_found_at_other_position
141,56,功效,451,456,坠诸药下行,text_found_at_other_position
141,57,功效,457,460,杀三虫,text_found_at_other_position
141,58,禁忌,464,469,多食伤真气,text_found_at_other_position
141,59,食材,475,478,葫酱叶,text_found_at_other_position
141,60,食材,493,495,蚬灰,text_found_at_other_position
141,61,病症,499,502,吐红,entity_text_not_found_in_current_passage
141,62,食材,523,525,黄精,text_found_at_other_position
141,63,食味,528,529,甘,text_found_at_other_position
141,64,食性,530,531,平,text_found_at_other_position
141,65,功效,535,539,补中益气,text_found_at_other_position
141,66,功效,540,543,除风湿,text_found_at_other_position
141,67,功效,544,548,益脾润肺,text_found_at_other_position
141,68,烹饪方法,550,554,九蒸九暴,text_found_at_other_position
141,69,禁忌,42,48,多食令脏腑冷,text_found_at_other_position
141,70,禁忌,49,52,损阳气,text_found_at_other_position
141,71,禁忌,53,56,阴不强,text_found_at_other_position
141,72,禁忌,57,61,不益脾,entity_text_not_found_in_current_passage
141,73,禁忌,62,65,且难化,text_found_at_other_position
141,74,功效,563,565,长生,text_found_at_other_position
142,1,食材,49,54,白马肉,entity_text_not_found_in_current_passage
142,2,食味,56,58,辛苦,text_found_at_other_position
142,3,食性,59,60,冷,text_found_at_other_position
142,4,功效,61,65,主热下气,text_found_at_other_position
142,5,功效,66,68,长筋,text_found_at_other_position
142,6,功效,69,72,强腰脊,text_found_at_other_position
142,7,功效,77,79,强志,text_found_at_other_position
142,8,功效,81,85,轻身不饥,text_found_at_other_position
142,9,食材,147,148,茎,text_found_at_other_position
142,10,食味,150,151,咸,text_found_at_other_position
142,11,食性,153,154,平,text_found_at_other_position
142,12,功效,155,157,无毒,text_found_at_other_position
142,13,功效,158,164,主伤中绝脉,entity_text_not_found_in_current_passage
142,14,病症,165,171,男子阴痿不起,text_found_at_other_position
142,15,功效,172,174,坚长,text_found_at_other_position
142,16,功效,176,178,益气,text_found_at_other_position
142,17,功效,179,182,长肌肉,text_found_at_other_position
142,18,功效,184,188,肥健生子,text_found_at_other_position
142,19,病症,189,194,小儿惊痫,entity_text_not_found_in_current_passage
142,20,食材,200,201,肺,text_found_at_other_position
142,21,食性,38,39,寒,exact_match
142,22,脏腑,204,205,心,text_found_at_other_position
142,23,功效,205,208,主喜志,text_found_at_other_position
142,24,病症,210,211,痢,text_found_at_other_position
142,25,食材,215,216,眼,text_found_at_other_position
142,26,病症,218,220,惊痼,text_found_at_other_position
142,27,病症,223,225,腹满,text_found_at_other_position
142,28,病症,226,228,疟疾,text_found_at_other_position
142,29,食材,229,231,悬蹄,text_found_at_other_position
142,30,病症,233,235,惊邪,text_found_at_other_position
142,31,病症,236,238,瘼疯,text_found_at_other_position
142,32,病症,242,244,乳难,text_found_at_other_position
142,33,病症,245,247,衄血,text_found_at_other_position
142,34,病症,248,251,内漏崩,text_found_at_other_position
142,35,功效,252,258,辟恶气鬼毒,entity_text_not_found_in_current_passage
142,36,功效,259,263,蛊疰不祥,text_found_at_other_position
142,37,食材,264,265,齿,text_found_at_other_position
142,38,病症,267,271,小儿马痫,text_found_at_other_position
142,39,烹饪方法,272,275,水磨服,text_found_at_other_position
142,40,食材,276,278,头骨,text_found_at_other_position
142,41,功效,280,285,令人不睡,entity_text_not_found_in_current_passage
142,42,食材,286,288,髻毛,text_found_at_other_position
142,43,病症,290,296,女子崩中赤自,text_found_at_other_position
142,44,食材,297,298,膏,text_found_at_other_position
142,45,功效,299,302,主生发,text_found_at_other_position
142,46,食材,303,304,脯,text_found_at_other_position
142,47,食材,314,315,溺,text_found_at_other_position
142,48,食味,318,319,辛,text_found_at_other_position
142,49,食性,320,322,微寒,text_found_at_other_position
142,50,功效,323,326,主消渴,text_found_at_other_position
142,51,功效,327,332,破癜坚积聚,text_found_at_other_position
142,52,病症,333,339,男子伏梁积疝,text_found_at_other_position
142,53,病症,341,345,妇人疲疾,text_found_at_other_position
142,54,烹饪方法,346,351,铜器盛饮之,text_found_at_other_position
142,55,病症,354,356,鳖疲,text_found_at_other_position
142,56,病症,359,363,头疮自秃,text_found_at_other_position
142,57,食材,364,365,屎,text_found_at_other_position
142,58,食材,367,370,马通,entity_text_not_found_in_current_passage
142,59,食性,371,373,微温,text_found_at_other_position
142,60,功效,374,379,主妇人崩中,text_found_at_other_position
142,61,功效,380,382,止渴,text_found_at_other_position
142,62,功效,383,386,吐下血,text_found_at_other_position
142,63,病症,387,389,鼻衄,text_found_at_other_position
142,64,病症,390,392,金创,text_found_at_other_position
142,65,功效,394,396,止血,text_found_at_other_position
142,66,食材,398,399,肝,text_found_at_other_position
142,67,食性,400,402,大毒,text_found_at_other_position
142,68,禁忌,403,409,食而死者多矣,text_found_at_other_position
142,69,禁忌,415,419,食马留肝,text_found_at_other_position
142,70,食材,421,423,马肉,text_found_at_other_position
142,71,食材,425,427,苍耳,text_found_at_other_position
142,72,食材,438,440,生姜,text_found_at_other_position
142,73,禁忌,448,455,不可与仓米同食,text_found_at_other_position
142,74,食材,457,459,仓米,text_found_at_other_position
142,75,禁忌,477,481,自马黑蹄,text_found_at_other_position
142,76,禁忌,482,487,头青蹄黑,entity_text_not_found_in_current_passage
142,77,禁忌,488,491,脊而斑,text_found_at_other_position
142,78,食材,506,508,牝马,text_found_at_other_position
142,79,食材,533,537,豹肉,entity_text_not_found_in_current_passage
142,80,食味,539,540,酸,text_found_at_other_position
142,81,食性,541,542,平,text_found_at_other_position
142,82,功效,543,545,无毒,text_found_at_other_position
142,83,功效,546,550,主安五脏,text_found_at_other_position
142,84,功效,551,554,补绝伤,text_found_at_other_position
142,85,功效,555,559,轻身益气,text_found_at_other_position
142,86,功效,561,565,久服利人,text_found_at_other_position
142,87,功效,566,569,耐寒暑,text_found_at_other_position
142,88,食材,570,571,脂,text_found_at_other_position
142,89,烹饪方法,572,576,合生发膏,text_found_at_other_position
142,90,食材,583,585,齿骨,text_found_at_other_position
142,91,食材,595,599,象肉,entity_text_not_found_in_current_passage
142,92,食味,601,602,淡,text_found_at_other_position
142,93,禁忌,603,609,多食令人体重,text_found_at_other_position
142,94,食材,593,594,牙,text_found_at_other_position
142,95,功效,612,614,无毒,text_found_at_other_position
142,96,功效,615,621,主诸铁及杂物,text_found_at_other_position
143,1,食材,49,51,水芹,exact_match
143,2,食材,84,86,荞莱,exact_match
143,3,食味,89,90,甘,exact_match
143,4,食味,90,91,苦,exact_match
143,5,食性,92,94,大寒,exact_match
143,6,病症,96,100,时行壮热,exact_match
143,7,病症,102,105,风热毒,exact_match
143,8,病症,107,111,热毒痢,entity_text_not_found_in_current_passage
143,9,功效,112,116,开胃通膈,exact_match
143,10,病症,119,122,小儿热,exact_match
143,11,食材,135,137,茼蒿,exact_match
143,12,食性,139,140,平,text_found_at_other_position
143,13,功效,142,144,安气,text_found_at_other_position
143,14,功效,145,148,养脾胃,text_found_at_other_position
143,15,功效,149,152,消水饮,text_found_at_other_position
143,16,禁忌,153,160,多食动风气薰心,text_found_at_other_position
143,17,禁忌,162,165,令气满,text_found_at_other_position
143,18,食材,167,168,蕨,text_found_at_other_position
143,19,食味,171,172,甘,text_found_at_other_position
143,20,食性,173,175,寒滑,text_found_at_other_position
143,21,功效,176,179,去暴热,text_found_at_other_position
143,22,功效,180,183,利水道,text_found_at_other_position
143,23,功效,184,187,令人睡,text_found_at_other_position
143,24,食性,206,207,寒,text_found_at_other_position
143,25,功效,208,213,补五脏不足,text_found_at_other_position
143,26,病症,214,218,气壅经络,text_found_at_other_position
143,27,禁忌,228,233,令人消阳事,text_found_at_other_position
143,28,禁忌,234,237,令眼暗,text_found_at_other_position
143,29,禁忌,238,241,鼻中塞,text_found_at_other_position
143,30,禁忌,242,244,发落,text_found_at_other_position
143,31,古籍来源,264,269,《搜神记》,text_found_at_other_position
143,32,食材,369,371,茭白,text_found_at_other_position
143,33,食味,374,375,甘,text_found_at_other_position
143,34,功效,378,381,去烦热,text_found_at_other_position
143,35,功效,385,390,主五脏邪气,text_found_at_other_position
143,36,病症,391,395,肠胃痼热,text_found_at_other_position
143,37,病症,397,401,心胸浮热,text_found_at_other_position
143,38,病症,402,404,消渴,text_found_at_other_position
143,39,功效,405,408,利小便,text_found_at_other_position
143,40,禁忌,409,416,多食令人下焦冷,text_found_at_other_position
143,41,禁忌,418,421,发冷气,text_found_at_other_position
143,42,禁忌,422,425,伤阻道,text_found_at_other_position
143,43,禁忌,427,432,不可同蜜食,text_found_at_other_position
143,44,食材,440,442,紫菜,text_found_at_other_position
143,45,食味,445,446,甘,text_found_at_other_position
143,46,食性,447,448,寒,text_found_at_other_position
143,47,功效,449,453,下热解烦,text_found_at_other_position
143,48,病症,455,459,瘿瘤结气,text_found_at_other_position
143,49,禁忌,460,464,不可多食,text_found_at_other_position
143,50,禁忌,465,470,令人腹痛,entity_text_not_found_in_current_passage
143,51,食材,507,510,鹿角莱,text_found_at_other_position
143,52,食性,512,514,大寒,text_found_at_other_position
143,53,功效,521,525,下热风气,text_found_at_other_position
143,54,病症,527,531,小儿骨蒸,text_found_at_other_position
143,55,功效,532,536,解面热,entity_text_not_found_in_current_passage
143,56,禁忌,537,541,不可久食,text_found_at_other_position
143,57,禁忌,542,545,发痼疾,text_found_at_other_position
143,58,禁忌,546,551,损经络血气,text_found_at_other_position
143,59,禁忌,552,556,令脚冷痹,text_found_at_other_position
143,60,禁忌,557,560,损腰肾,text_found_at_other_position
143,61,禁忌,562,565,少颜色,text_found_at_other_position
143,62,食材,567,569,薹菹,text_found_at_other_position
144,1,食性,5,6,平,exact_match
144,2,功效,11,14,益脾胃,exact_match
144,3,食材,15,18,昌侯鱼,exact_match
144,4,食味,21,22,甘,exact_match
144,5,食性,23,24,平,exact_match
144,6,功效,28,32,益气肥健,exact_match
144,7,禁忌,8,10,有毒,exact_match
144,8,禁忌,38,43,令人痢下,entity_text_not_found_in_current_passage
144,9,食材,45,47,鲸鱼,exact_match
144,10,食性,49,50,平,text_found_at_other_position
144,11,功效,51,54,补五脏,text_found_at_other_position
144,12,功效,55,58,益筋骨,text_found_at_other_position
144,13,功效,59,62,和脾胃,text_found_at_other_position
144,14,食材,89,91,嘉鱼,text_found_at_other_position
144,15,食味,94,95,甘,text_found_at_other_position
144,16,食性,96,97,温,text_found_at_other_position
144,17,功效,109,115,令人肥健悦泽,text_found_at_other_position
144,18,功效,133,135,益人,text_found_at_other_position
144,19,食材,172,175,鸟贼鱼,text_found_at_other_position
144,20,食味,177,178,咸,text_found_at_other_position
144,21,食性,179,180,平,text_found_at_other_position
144,22,功效,181,186,主益气强志,text_found_at_other_position
144,23,功效,187,190,通月经,text_found_at_other_position
144,24,古籍来源,191,195,《素问》,text_found_at_other_position
144,25,食材,207,210,章举鱼,text_found_at_other_position
144,26,食材,213,215,石矩,text_found_at_other_position
144,27,食材,232,235,黄颊鱼,text_found_at_other_position
144,28,食味,238,239,甘,text_found_at_other_position
144,29,食性,240,241,平,text_found_at_other_position
144,30,功效,245,247,醒酒,text_found_at_other_position
144,31,功效,248,251,不益人,text_found_at_other_position
144,32,功效,255,258,能祛风,text_found_at_other_position
144,33,食材,260,263,比目鱼,text_found_at_other_position
144,34,食性,265,266,平,text_found_at_other_position
144,35,功效,267,269,补虚,text_found_at_other_position
144,36,功效,270,273,益气力,text_found_at_other_position
144,37,禁忌,274,279,多食稍动气,text_found_at_other_position
144,38,食材,281,283,鲺鱼,text_found_at_other_position
144,39,食材,303,306,邵阳鱼,text_found_at_other_position
144,40,功效,311,314,主瘴疟,text_found_at_other_position
144,41,禁忌,35,37,有毒,exact_match
144,42,禁忌,319,324,人犯之至死,text_found_at_other_position
144,43,食材,326,328,艄鱼,text_found_at_other_position
144,44,食味,332,333,甘,text_found_at_other_position
144,45,食性,334,335,平,text_found_at_other_position
144,46,功效,339,346,主五野鸡痔下血,text_found_at_other_position
144,47,病症,347,349,瘀血,text_found_at_other_position
144,48,食材,351,353,鳢鱼,text_found_at_other_position
144,49,食材,358,359,肝,text_found_at_other_position
144,50,功效,360,365,主恶疮癣疥,text_found_at_other_position
144,51,古籍来源,148,151,《诗》,text_found_at_other_position
144,52,食材,386,390,鲨鱼,entity_text_not_found_in_current_passage
144,53,功效,394,397,补五脏,text_found_at_other_position
144,54,功效,399,404,主蛊气蛊疰,text_found_at_other_position
144,55,食材,406,408,鲛鱼,text_found_at_other_position
146,1,病症,0,2,脚痹,exact_match
146,2,病症,3,8,破癀疲结血,exact_match
146,3,禁忌,9,14,多食损阻气,exact_match
146,4,病症,15,17,发疮,exact_match
146,5,病症,18,21,口齿痛,exact_match
146,6,病症,23,29,生腹中诸虫,entity_text_not_found_in_current_passage
146,7,食材,31,33,董莱,exact_match
146,8,食味,36,37,甘,text_found_at_other_position
146,9,食性,38,39,寒,text_found_at_other_position
146,10,功效,40,42,无毒,text_found_at_other_position
146,11,功效,43,50,主蛇蝎毒及痈肿,text_found_at_other_position
146,12,功效,59,63,除心烦热,text_found_at_other_position
146,13,禁忌,64,72,令人身体懈堕多睡,text_found_at_other_position
146,14,食味,76,77,苦,text_found_at_other_position
146,15,功效,78,81,主寒热,text_found_at_other_position
146,16,食材,89,91,苜蓿,text_found_at_other_position
146,17,食味,94,95,甘,text_found_at_other_position
146,18,食味,96,97,淡,text_found_at_other_position
146,19,功效,103,107,利大小肠,text_found_at_other_position
146,20,烹饪方法,108,110,煮羹,text_found_at_other_position
146,21,功效,117,119,益人,text_found_at_other_position
146,22,食材,121,123,落葵,text_found_at_other_position
146,23,食味,126,127,酸,text_found_at_other_position
146,24,食性,128,129,寒,text_found_at_other_position
146,25,功效,129,131,无毒,text_found_at_other_position
146,26,功效,132,135,主滑中,text_found_at_other_position
146,27,功效,136,138,散热,text_found_at_other_position
146,28,功效,142,147,主悦泽人面,text_found_at_other_position
146,29,病症,153,155,犬咬,text_found_at_other_position
146,30,禁忌,160,164,终身不差,text_found_at_other_position
146,31,食材,166,169,秦荻梨,text_found_at_other_position
146,32,食味,172,173,辛,text_found_at_other_position
146,33,食性,174,175,温,text_found_at_other_position
146,34,功效,176,178,无毒,text_found_at_other_position
146,35,功效,179,184,主心腹冷胀,text_found_at_other_position
146,36,功效,185,189,下气消食,text_found_at_other_position
146,37,功效,200,202,破气,text_found_at_other_position
146,38,食材,212,214,甘蓝,text_found_at_other_position
146,39,食性,216,217,平,text_found_at_other_position
146,40,功效,218,221,补骨髓,text_found_at_other_position
146,41,功效,222,228,利脏腑并关节,text_found_at_other_position
146,42,功效,229,235,通经络中结气,text_found_at_other_position
146,43,功效,317,320,明耳目,text_found_at_other_position
146,44,功效,241,245,健人少睡,text_found_at_other_position
146,45,功效,246,249,益心力,text_found_at_other_position
146,46,功效,250,253,壮筋骨,text_found_at_other_position
146,47,病症,255,257,黄毒,text_found_at_other_position
146,48,烹饪方法,258,261,煮作菹,text_found_at_other_position
146,49,功效,263,269,去心结火气,entity_text_not_found_in_current_passage
146,50,食材,271,274,翘摇莱,text_found_at_other_position
146,51,食味,206,207,辛,text_found_at_other_position
146,52,食性,279,280,平,text_found_at_other_position
146,53,功效,280,282,无毒,text_found_at_other_position
146,54,功效,283,286,主破血,text_found_at_other_position
146,55,功效,287,291,止血生肌,text_found_at_other_position
146,56,功效,300,305,主五种黄病,text_found_at_other_position
146,57,烹饪方法,306,308,煮热,text_found_at_other_position
146,58,功效,309,311,益人,text_found_at_other_position
146,59,功效,312,315,和五脏,text_found_at_other_position
146,60,功效,236,240,明耳目,text_found_at_other_position
146,61,功效,321,324,去热风,text_found_at_other_position
146,62,功效,326,330,令人轻健,text_found_at_other_position
146,63,食材,355,357,荏莱,text_found_at_other_position
146,64,食味,277,278,辛,text_found_at_other_position
146,65,食性,363,364,温,text_found_at_other_position
146,66,功效,365,367,无毒,text_found_at_other_position
146,67,功效,368,371,主调中,text_found_at_other_position
146,68,功效,372,375,去臭气,text_found_at_other_position
146,69,功效,378,384,主咳逆下气,entity_text_not_found_in_current_passage
146,70,功效,385,389,温中补体,text_found_at_other_position
146,71,烹饪方法,393,395,榨油,text_found_at_other_position
146,72,功效,398,402,止渴润肺,text_found_at_other_position
146,73,食材,409,412,萝勒菜,text_found_at_other_position
146,74,食味,361,362,辛,text_found_at_other_position
146,75,食性,417,418,温,text_found_at_other_position
146,76,功效,419,421,微毒,text_found_at_other_position
146,77,功效,422,426,调中消食,text_found_at_other_position
146,78,功效,427,430,去恶气,text_found_at_other_position
146,79,功效,431,434,消水气,text_found_at_other_position
146,80,禁忌,439,444,多食壅关节,text_found_at_other_position
146,81,禁忌,445,448,涩荣卫,text_found_at_other_position
146,82,禁忌,449,454,令血脉不行,text_found_at_other_position
146,83,禁忌,455,457,动风,text_found_at_other_position
146,84,禁忌,459,462,发脚气,text_found_at_other_position
146,85,病症,465,469,齿根烂疮,text_found_at_other_position
146,86,功效,478,481,主目翳,text_found_at_other_position
146,87,病症,482,486,风赤眵泪,text_found_at_other_position
146,88,功效,489,496,主小儿黄烂疮,entity_text_not_found_in_current_passage
146,89,医家,533,535,丹溪,text_found_at_other_position
147,1,食材,32,33,龟,exact_match
147,2,食材,97,98,蛙,exact_match
147,3,食材,140,142,蛤蚧,text_found_at_other_position
147,4,食材,176,178,水母,text_found_at_other_position
147,5,食材,212,214,鲮鱼,text_found_at_other_position
147,6,食材,235,237,贝子,text_found_at_other_position
147,7,食材,301,302,鼋,text_found_at_other_position
147,8,食材,313,315,鼍肉,text_found_at_other_position
147,9,食材,334,336,玳瑁,text_found_at_other_position
147,10,食材,355,357,海蛤,text_found_at_other_position
147,11,食材,401,403,虾蟆,text_found_at_other_position
147,12,食味,68,69,咸,exact_match
147,13,食味,101,102,甘,text_found_at_other_position
147,14,食味,405,406,辛,text_found_at_other_position
147,15,食性,103,104,寒,text_found_at_other_position
147,16,食性,145,146,平,text_found_at_other_position
147,17,功效,8,10,补阴,exact_match
147,18,功效,18,21,去瘀血,exact_match
147,19,功效,22,25,续筋骨,exact_match
147,20,功效,51,55,补阴血亏,exact_match
147,21,功效,56,58,补心,exact_match
147,22,功效,75,81,主飞尸蛊毒,entity_text_not_found_in_current_passage
147,23,功效,119,121,止痛,text_found_at_other_position
147,24,功效,150,154,主久肺劳,text_found_at_other_position
147,25,功效,155,157,传尸,text_found_at_other_position
147,26,功效,158,161,杀鬼邪,text_found_at_other_position
147,27,功效,162,164,疗嗽,text_found_at_other_position
147,28,功效,165,168,下淋,entity_text_not_found_in_current_passage
147,29,功效,171,174,通水道,text_found_at_other_position
147,30,功效,186,189,主生气,text_found_at_other_position
147,31,功效,220,227,主五邪惊啼悲伤,text_found_at_other_position
147,32,功效,228,231,疗蚁瘘,text_found_at_other_position
147,33,功效,247,250,主目翳,text_found_at_other_position
147,34,功效,259,261,下血,text_found_at_other_position
147,35,功效,267,270,利水道,text_found_at_other_position
147,36,功效,277,279,解肌,text_found_at_other_position
147,37,功效,294,299,明目去热毒,text_found_at_other_position
147,38,功效,306,308,补虚,text_found_at_other_position
147,39,功效,315,318,主少气,text_found_at_other_position
147,40,功效,343,348,主解百药毒,text_found_at_other_position
147,41,功效,369,374,主效逆上气,text_found_at_other_position
147,42,功效,387,390,疗阴痿,text_found_at_other_position
147,43,功效,412,415,主邪气,text_found_at_other_position
147,44,功效,416,420,破癀坚血,text_found_at_other_position
147,45,病症,27,30,劳倦,entity_text_not_found_in_current_passage
147,46,病症,253,255,蛊毒,text_found_at_other_position
147,47,病症,82,84,瘴疟,exact_match
147,48,病症,114,118,肌疮脐伤,text_found_at_other_position
147,49,病症,190,194,妇人劳损,text_found_at_other_position
147,50,病症,196,198,血带,text_found_at_other_position
147,51,病症,199,203,小儿风疾,text_found_at_other_position
147,52,病症,208,210,丹毒,text_found_at_other_position
147,53,病症,251,253,鬼疰,text_found_at_other_position
147,54,病症,256,258,腹痛,text_found_at_other_position
147,55,病症,264,266,五癃,text_found_at_other_position
147,56,病症,282,284,结热,text_found_at_other_position
147,57,病症,376,380,喘息烦满,text_found_at_other_position
147,58,病症,381,386,胸膈寒热,entity_text_not_found_in_current_passage
147,59,病症,421,425,痈肿阴疮,text_found_at_other_position
147,60,烹饪方法,131,132,腌,text_found_at_other_position
147,61,烹饪方法,132,133,炙,text_found_at_other_position
147,62,烹饪方法,134,136,酒食,text_found_at_other_position
147,63,禁忌,244,246,有毒,text_found_at_other_position
147,64,禁忌,147,149,小毒,text_found_at_other_position
148,1,食材,0,3,决明莱,exact_match
148,2,功效,4,8,明目清心,exact_match
148,3,病症,10,13,头眩风,exact_match
148,4,食味,15,16,甘,exact_match
148,5,食性,17,18,温,exact_match
148,6,食材,46,48,芎苗,exact_match
148,7,食味,51,52,辛,text_found_at_other_position
148,8,食性,53,54,温,text_found_at_other_position
148,9,功效,58,61,主咳逆,text_found_at_other_position
148,10,功效,62,65,定惊风,text_found_at_other_position
148,11,功效,67,70,辟邪恶,text_found_at_other_position
148,12,功效,71,77,除蛊毒鬼疰,entity_text_not_found_in_current_passage
148,13,功效,78,81,去三虫,text_found_at_other_position
148,14,功效,82,86,久服通神,text_found_at_other_position
148,15,食材,105,108,禅@莱,text_found_at_other_position
148,16,食味,111,112,辛,text_found_at_other_position
148,17,食材,131,133,荇莱,text_found_at_other_position
148,18,烹饪方法,178,179,淹,text_found_at_other_position
148,19,食材,183,186,羊蹄菜,text_found_at_other_position
148,20,食味,189,190,苦,text_found_at_other_position
148,21,食性,191,192,寒,text_found_at_other_position
148,22,功效,206,212,治疬疡风,entity_text_not_found_in_current_passage
148,23,病症,214,221,大便卒涩结不通,text_found_at_other_position
148,24,病症,222,229,喉@痹卒不能语,text_found_at_other_position
148,25,病症,230,235,肠风痔泻血,text_found_at_other_position
148,26,病症,236,240,产后风,entity_text_not_found_in_current_passage
148,27,烹饪方法,43,44,煎,exact_match
148,28,古籍来源,165,168,《诗》,text_found_at_other_position
148,29,食材,278,281,葫翥@,text_found_at_other_position
148,30,食味,284,285,辛,text_found_at_other_position
148,31,食性,286,287,寒,text_found_at_other_position
148,32,病症,319,321,消渴,text_found_at_other_position
148,33,烹饪方法,325,327,捣碎,text_found_at_other_position
148,34,烹饪方法,331,332,煮,text_found_at_other_position
148,35,烹饪方法,341,343,为茹,text_found_at_other_position
148,36,食材,358,360,地蚕,text_found_at_other_position
148,37,烹饪方法,404,405,瀹,text_found_at_other_position
148,38,食材,419,421,假苏,text_found_at_other_position
148,39,食味,424,425,辛,text_found_at_other_position
148,40,食性,426,427,温,text_found_at_other_position
148,41,功效,431,435,主除寒热,text_found_at_other_position
148,42,病症,436,440,鼠瘘瘰疬,text_found_at_other_position
148,43,病症,441,443,生疮,text_found_at_other_position
148,44,功效,444,449,破结聚气,entity_text_not_found_in_current_passage
148,45,功效,450,453,下瘀血,text_found_at_other_position
148,46,功效,454,457,除湿痹,text_found_at_other_position
148,47,功效,458,461,辟邪气,text_found_at_other_position
148,48,功效,462,466,通利血脉,text_found_at_other_position
148,49,脏腑,470,472,五脏,text_found_at_other_position
148,50,功效,475,477,发汗,text_found_at_other_position
148,51,病症,479,481,渴消,text_found_at_other_position
148,52,功效,482,485,除冷风,text_found_at_other_position
148,53,病症,487,491,头风眩晕,text_found_at_other_position
148,54,病症,492,496,妇人血风,text_found_at_other_position
149,1,古籍来源,0,4,政和本草,exact_match
149,2,古籍来源,131,135,食物本草,exact_match
149,3,医家,106,108,李杲,exact_match
149,4,医家,152,155,李肘珍,exact_match
149,5,医家,159,162,姚可成,exact_match
149,6,医家,424,426,卢和,exact_match
149,7,医家,481,484,朱丹溪,exact_match
149,8,医家,510,512,程充,exact_match
149,9,古籍来源,499,503,丹溪纂要,exact_match
149,10,古籍来源,594,598,格致余论,exact_match
149,11,古籍来源,513,517,丹溪心法,exact_match
150,1,食材,96,97,葱,exact_match
150,2,食材,193,195,蔓菁,exact_match
150,3,食材,270,272,菘莱,text_found_at_other_position
150,4,食材,441,443,芥莱,text_found_at_other_position
150,5,食味,446,447,辛,text_found_at_other_position
150,6,食味,275,276,甘,text_found_at_other_position
150,7,食性,198,199,温,text_found_at_other_position
150,8,食性,66,67,寒,exact_match
150,9,归经,454,456,归鼻,text_found_at_other_position
150,10,功效,0,3,益瞳精,exact_match
150,11,功效,4,8,杀百药毒,exact_match
150,12,功效,10,14,通大小肠,exact_match
150,13,功效,15,20,疗霍乱转筋,exact_match
150,14,功效,21,24,奔豚气,exact_match
150,15,功效,25,27,脚气,exact_match
150,16,功效,28,31,心腹痛,exact_match
150,17,功效,32,38,目眩及心迷闷,exact_match
150,18,功效,39,41,止衄,exact_match
150,19,功效,42,48,杀一切鱼肉毒,exact_match
150,20,功效,50,59,治打扑损并刀杖疮,entity_text_not_found_in_current_passage
150,21,功效,79,84,贴蛇虫伤,entity_text_not_found_in_current_passage
150,22,功效,89,93,治蚯蚓毒,exact_match
150,23,功效,172,174,发散,exact_match
150,24,功效,203,206,利五脏,text_found_at_other_position
150,25,功效,207,211,消食益气,text_found_at_other_position
150,26,功效,212,216,令人肥健,text_found_at_other_position
150,27,功效,282,285,利肠胃,text_found_at_other_position
150,28,功效,286,288,除烦,text_found_at_other_position
150,29,功效,289,292,解酒渴,text_found_at_other_position
150,30,功效,293,296,去鱼腥,text_found_at_other_position
150,31,功效,299,303,消食下气,text_found_at_other_position
150,32,功效,304,306,治瘴,text_found_at_other_position
150,33,功效,307,313,止热嗽胸膈闷,text_found_at_other_position
150,34,功效,352,356,行风气,entity_text_not_found_in_current_passage
150,35,功效,357,360,去邪热,text_found_at_other_position
150,36,功效,457,460,除肾邪,text_found_at_other_position
150,37,功效,461,464,利九窍,text_found_at_other_position
150,38,功效,465,469,明耳目,entity_text_not_found_in_current_passage
150,39,功效,470,472,安中,text_found_at_other_position
150,40,功效,473,476,除邪气,text_found_at_other_position
150,41,功效,477,482,止咳嗽冷气,text_found_at_other_position
150,42,功效,483,487,去头面风,text_found_at_other_position
150,43,功效,533,535,发汗,text_found_at_other_position
150,44,功效,550,555,治骨节痛,entity_text_not_found_in_current_passage
150,45,病症,338,342,皮肤风痒,text_found_at_other_position
150,46,病症,507,509,恶疮,text_found_at_other_position
150,47,病症,516,518,水肿,text_found_at_other_position
150,48,病症,524,526,射工,text_found_at_other_position
150,49,病症,527,529,疰气,text_found_at_other_position
150,50,病症,530,532,疝气,text_found_at_other_position
150,51,病症,536,540,胸膈痰冷,text_found_at_other_position
150,52,病症,541,543,面黄,text_found_at_other_position
150,53,病症,576,578,游肿,text_found_at_other_position
150,54,禁忌,130,135,忌与蜜同食,exact_match
150,55,禁忌,177,182,多食昏人神,exact_match
150,56,禁忌,314,317,不益人,text_found_at_other_position
150,57,禁忌,318,322,食之觉冷,text_found_at_other_position
150,58,禁忌,332,336,夏至前食,text_found_at_other_position
150,59,禁忌,343,347,动气发病,text_found_at_other_position
150,60,禁忌,368,373,服甘草勿食,text_found_at_other_position
150,61,禁忌,374,378,令病不愈,text_found_at_other_position
150,62,禁忌,379,390,北人往南患足疾者勿食,entity_text_not_found_in_current_passage
150,63,禁忌,488,493,多食动风气,text_found_at_other_position
150,64,禁忌,494,498,发丹石,entity_text_not_found_in_current_passage
150,65,禁忌,499,505,不可同兔肉食,text_found_at_other_position
150,66,烹饪方法,77,78,研,exact_match
150,67,烹饪方法,363,365,糟食,text_found_at_other_position
150,68,烹饪方法,545,549,和药为膏,text_found_at_other_position
150,69,烹饪方法,582,584,为末,text_found_at_other_position
150,70,烹饪方法,522,523,敷,text_found_at_other_position
150,71,医家,556,558,丹溪,text_found_at_other_position
150,72,食材,323,324,姜,text_found_at_other_position
150,73,食材,585,587,猪胆,text_found_at_other_position
150,74,食材,599,601,青芥,text_found_at_other_position
150,75,食材,153,155,胡葱,exact_match
150,76,食材,156,158,汉葱,exact_match
150,77,食材,140,142,楼葱,exact_match
150,78,食材,144,147,龙角葱,exact_match
150,79,食材,348,351,紫花菘,text_found_at_other_position
150,80,食材,391,394,牛肚菘,text_found_at_other_position
150,81,食材,404,406,紫菘,text_found_at_other_position
150,82,食材,417,419,自菘,text_found_at_other_position
151,1,食材,28,29,鹳,exact_match
151,2,食味,54,55,咸,text_found_at_other_position
151,3,食性,56,57,平,text_found_at_other_position
151,4,功效,59,61,无毒,text_found_at_other_position
151,5,病症,64,67,头风眩,text_found_at_other_position
151,6,病症,68,72,颠倒痫疾,text_found_at_other_position
151,7,食材,85,87,鹘鹇,text_found_at_other_position
151,8,食材,90,91,鸠,text_found_at_other_position
151,9,食味,95,96,咸,text_found_at_other_position
151,10,食性,97,98,平,text_found_at_other_position
151,11,功效,99,101,无毒,text_found_at_other_position
151,12,功效,102,107,助气益脾胃,text_found_at_other_position
151,13,烹饪方法,114,115,煮,text_found_at_other_position
151,14,烹饪方法,115,116,炙,text_found_at_other_position
151,15,食材,143,146,啄木鸟,text_found_at_other_position
151,16,食性,148,149,平,text_found_at_other_position
151,17,功效,150,152,无毒,text_found_at_other_position
151,18,病症,154,156,痔瘘,text_found_at_other_position
151,19,烹饪方法,157,158,烧,text_found_at_other_position
151,20,病症,163,167,牙齿疳璧,text_found_at_other_position
151,21,烹饪方法,174,175,烧,text_found_at_other_position
151,22,食材,197,199,黄鸟,text_found_at_other_position
151,23,食味,202,203,甘,text_found_at_other_position
151,24,食性,204,205,温,text_found_at_other_position
151,25,功效,206,210,补阳益脾,text_found_at_other_position
151,26,食材,227,229,天鹅,text_found_at_other_position
151,27,食味,232,233,甘,text_found_at_other_position
151,28,食性,234,235,平,text_found_at_other_position
151,29,功效,236,238,无毒,text_found_at_other_position
151,30,烹饪方法,243,244,腌,text_found_at_other_position
151,31,烹饪方法,244,245,炙,text_found_at_other_position
151,32,食材,247,249,绒毛,text_found_at_other_position
151,33,病症,251,254,刀杖疮,text_found_at_other_position
151,34,食材,260,261,鹬,text_found_at_other_position
151,35,食性,264,265,暖,text_found_at_other_position
151,36,功效,270,272,补虚,text_found_at_other_position
151,37,食材,274,275,鹗,text_found_at_other_position
151,38,烹饪方法,284,285,炙,text_found_at_other_position
151,39,病症,287,289,鼠瘘,text_found_at_other_position
151,40,食材,290,291,目,text_found_at_other_position
151,41,功效,294,301,令人夜中见物,entity_text_not_found_in_current_passage
151,42,食材,303,305,百舌,text_found_at_other_position
151,43,病症,307,309,虫咬,text_found_at_other_position
151,44,烹饪方法,310,311,炙,text_found_at_other_position
151,45,病症,316,321,小儿久不语,text_found_at_other_position
151,46,食材,323,325,鹭鸶,text_found_at_other_position
151,47,食味,328,329,咸,text_found_at_other_position
151,48,食性,330,331,平,text_found_at_other_position
151,49,功效,332,334,无毒,text_found_at_other_position
151,50,病症,336,338,瘦虚,text_found_at_other_position
151,51,功效,340,344,益脾补气,text_found_at_other_position
151,52,烹饪方法,345,346,炙,text_found_at_other_position
151,53,古籍来源,44,48,《本草》,text_found_at_other_position
151,54,古籍来源,182,187,《淮南子》,text_found_at_other_position
152,1,食材,13,14,葱,exact_match
152,2,食材,15,17,川鸟,exact_match
152,3,食材,18,20,红豆,exact_match
152,4,食材,42,44,姜汁,exact_match
152,5,食材,48,50,浮饭,exact_match
152,6,食材,131,133,蓼汁,exact_match
152,7,食材,128,130,麸面,exact_match
152,8,食材,261,263,红曲,exact_match
152,9,食材,341,343,檀香,exact_match
152,10,食材,453,455,枸杞,exact_match
152,11,食材,486,488,菊花,exact_match
152,12,食材,518,520,葡萄,exact_match
152,13,食材,543,545,桑椹,exact_match
152,14,食材,558,560,狗肉,exact_match
152,15,食材,590,592,黑豆,exact_match
152,16,食材,619,620,乳,exact_match
152,17,食材,631,633,牛肉,exact_match
152,18,食味,138,139,辛,exact_match
152,19,食味,169,170,酸,exact_match
152,20,食性,266,267,热,exact_match
152,21,食性,691,692,温,text_found_at_other_position
152,22,食性,304,305,寒,exact_match
152,23,功效,145,148,解毒,entity_text_not_found_in_current_passage
152,24,功效,296,298,破血,exact_match
152,25,功效,298,300,杀毒,exact_match
152,26,功效,307,311,疗打扑伤,exact_match
152,27,功效,457,460,补虚损,exact_match
152,28,功效,462,465,去劳热,exact_match
152,29,功效,466,469,长肌肉,exact_match
152,30,功效,472,475,益颜色,exact_match
152,31,功效,476,479,肥健人,exact_match
152,32,功效,480,485,止肝虚且泪,exact_match
152,33,功效,490,494,清头风,entity_text_not_found_in_current_passage
152,34,功效,495,498,明耳目,exact_match
152,35,功效,499,502,去痿痹,exact_match
152,36,功效,503,507,开胃健脾,exact_match
152,37,功效,509,513,暖阴起阳,exact_match
152,38,功效,514,517,消百病,exact_match
152,39,功效,523,527,补气调中,exact_match
152,40,功效,547,551,补五脏,entity_text_not_found_in_current_passage
152,41,功效,562,564,大补,exact_match
152,42,功效,601,606,疗男妇诸风,exact_match
152,43,功效,608,614,产后一切恶疾,exact_match
152,44,病症,26,28,头痛,exact_match
152,45,病症,29,31,口渴,exact_match
152,46,病症,271,273,脚气,exact_match
152,47,病症,274,278,肠风下血,exact_match
152,48,病症,279,281,痔瘘,exact_match
152,49,病症,282,284,哮喘,exact_match
152,50,病症,284,286,劾嗽,exact_match
152,51,病症,424,425,蛊,exact_match
152,52,病症,571,573,阴虚,exact_match
152,53,病症,576,578,冷病,exact_match
152,54,病症,625,627,气急,exact_match
152,55,病症,635,640,腹内生虫,entity_text_not_found_in_current_passage
152,56,病症,648,650,湿中,text_found_at_other_position
152,57,病症,651,653,发热,text_found_at_other_position
152,58,病症,656,658,相火,text_found_at_other_position
152,59,病症,287,288,痰,exact_match
152,60,脏腑,664,665,肺,text_found_at_other_position
152,61,食疗方,585,588,豆淋酒,exact_match
152,62,食疗方,316,320,暹罗酒,entity_text_not_found_in_current_passage
152,63,烹饪方法,44,45,造,exact_match
152,64,烹饪方法,112,113,酿,exact_match
152,65,烹饪方法,133,134,拌,exact_match
152,66,烹饪方法,592,593,炒,exact_match
152,67,烹饪方法,598,599,淋,exact_match
152,68,禁忌,536,542,南人多不宜也,exact_match
152,69,养生原则,683,688,醇酒宜冷饮,text_found_at_other_position
152,70,医家,641,643,丹溪,exact_match
152,71,古籍来源,104,110,《事林广记》,exact_match
153,1,食材,2,4,榫柿,exact_match
153,2,食材,8,10,绿柿,exact_match
153,3,食性,42,43,寒,exact_match
153,4,功效,21,24,去胃热,exact_match
153,5,功效,25,30,压丹石药,entity_text_not_found_in_current_passage
153,6,功效,31,33,利水,exact_match
153,7,功效,34,37,解酒毒,exact_match
153,8,医家,45,47,丹溪,exact_match
153,9,食材,51,52,柿,text_found_at_other_position
153,10,功效,67,71,止血治嗽,text_found_at_other_position
153,11,禁忌,77,85,同蟹食即腹痛大泻,text_found_at_other_position
153,12,食材,87,88,桃,text_found_at_other_position
153,13,食味,91,93,甘酸,text_found_at_other_position
153,14,食性,94,95,热,text_found_at_other_position
153,15,禁忌,96,98,微毒,text_found_at_other_position
153,16,功效,99,103,益色辟邪,text_found_at_other_position
153,17,禁忌,104,108,发丹石毒,text_found_at_other_position
153,18,禁忌,109,116,多食令人有热,entity_text_not_found_in_current_passage
153,19,禁忌,117,122,服术人忌食,text_found_at_other_position
153,20,禁忌,124,130,不可与鳖同食,text_found_at_other_position
153,21,禁忌,131,139,食之浴水成淋病,entity_text_not_found_in_current_passage
153,22,食材,146,147,仁,text_found_at_other_position
153,23,食味,149,151,苦甘,text_found_at_other_position
153,24,食性,153,154,平,text_found_at_other_position
153,25,归经,171,176,手足厥阴经,text_found_at_other_position
153,26,功效,177,182,主瘀血血闭,text_found_at_other_position
153,27,功效,183,187,血结血燥,text_found_at_other_position
153,28,功效,188,192,癜疲邪气,text_found_at_other_position
153,29,功效,193,196,杀小虫,text_found_at_other_position
153,30,功效,197,202,通润大便,entity_text_not_found_in_current_passage
153,31,功效,203,208,除卒暴击血,text_found_at_other_position
153,32,功效,209,212,通月水,text_found_at_other_position
153,33,功效,214,216,止痛,text_found_at_other_position
153,34,功效,217,222,苦以破滞血,text_found_at_other_position
153,35,功效,223,229,甘以生新血,entity_text_not_found_in_current_passage
153,36,食材,230,231,花,text_found_at_other_position
153,37,食味,156,157,苦,text_found_at_other_position
153,38,功效,235,239,杀疰恶鬼,text_found_at_other_position
153,39,功效,240,245,令人好颜色,text_found_at_other_position
153,40,功效,246,251,除水肿石淋,text_found_at_other_position
153,41,功效,252,257,利大小便,entity_text_not_found_in_current_passage
153,42,功效,258,261,杀三虫,text_found_at_other_position
153,43,烹饪方法,262,264,酒浸,text_found_at_other_position
153,44,功效,266,269,除百病,text_found_at_other_position
153,45,食材,270,272,桃枭,text_found_at_other_position
153,46,食材,274,276,桃实,text_found_at_other_position
153,47,功效,291,297,主杀百鬼精物,text_found_at_other_position
153,48,功效,298,302,五毒不祥,text_found_at_other_position
153,49,功效,303,308,疗中恶腹痛,text_found_at_other_position
153,50,功效,309,311,破血,text_found_at_other_position
153,51,病症,315,317,吐血,text_found_at_other_position
153,52,烹饪方法,326,330,烧灰存性,text_found_at_other_position
153,53,烹饪方法,331,335,米汤调服,text_found_at_other_position
153,54,食材,339,341,桃虫,text_found_at_other_position
153,55,功效,343,349,杀鬼邪恶不祥,text_found_at_other_position
153,56,食材,350,351,叶,text_found_at_other_position
153,57,食味,233,234,苦,text_found_at_other_position
153,58,功效,355,359,主除尸虫,text_found_at_other_position
153,59,功效,360,364,出疮中虫,text_found_at_other_position
153,60,食材,365,367,桃胶,text_found_at_other_position
153,61,功效,368,372,下石淋,entity_text_not_found_in_current_passage
153,62,功效,373,375,破血,text_found_at_other_position
153,63,烹饪方法,376,377,炼,text_found_at_other_position
153,64,功效,379,383,保中不饥,text_found_at_other_position
153,65,功效,384,386,轻身,text_found_at_other_position
153,66,功效,388,391,忍风寒,text_found_at_other_position
153,67,食材,392,395,茎与皮,text_found_at_other_position
153,68,食味,398,400,苦辛,text_found_at_other_position
153,69,功效,402,409,除邪鬼中恶腹痛,text_found_at_other_position
153,70,功效,410,414,去胃中热,text_found_at_other_position
153,71,食材,447,448,杏,text_found_at_other_position
153,72,食味,451,453,甘酸,text_found_at_other_position
153,73,食性,454,455,热,text_found_at_other_position
153,74,禁忌,456,458,有毒,text_found_at_other_position
153,75,禁忌,459,464,多食伤筋骨,text_found_at_other_position
153,76,禁忌,465,467,伤神,text_found_at_other_position
153,77,禁忌,468,470,盲目,text_found_at_other_position
153,78,禁忌,471,478,小儿尤不可食,entity_text_not_found_in_current_passage
153,79,禁忌,479,486,致疡痈及上膈热,text_found_at_other_position
153,80,食材,487,488,仁,text_found_at_other_position
153,81,食味,490,492,甘苦,text_found_at_other_position
153,82,食性,494,495,温,text_found_at_other_position
153,83,禁忌,496,499,有小毒,text_found_at_other_position
153,84,归经,502,506,手太阴经,text_found_at_other_position
153,85,功效,507,510,主咳逆,text_found_at_other_position
153,86,病症,511,515,上气雷鸣,text_found_at_other_position
153,87,病症,516,518,喉痹,text_found_at_other_position
153,88,功效,519,523,下气定喘,text_found_at_other_position
153,89,功效,524,527,润心肺,text_found_at_other_position
153,90,功效,528,536,散肺经风寒咳嗽,entity_text_not_found_in_current_passage
153,91,功效,539,545,消心下急满痛,text_found_at_other_position
153,92,功效,546,550,散结润燥,text_found_at_other_position
153,93,功效,551,555,产乳金疮,text_found_at_other_position
153,94,病症,556,561,寒心奔豚,entity_text_not_found_in_current_passage
153,95,医家,564,566,丹溪,text_found_at_other_position
153,96,医家,579,581,东垣,text_found_at_other_position
153,97,食材,616,617,花,text_found_at_other_position
153,98,食味,353,354,苦,text_found_at_other_position
153,99,功效,622,626,主补不足,text_found_at_other_position
153,100,病症,627,631,女子伤中,text_found_at_other_position
153,101,病症,632,635,寒热痹,text_found_at_other_position
153,102,病症,638,640,厥逆,text_found_at_other_position
153,103,食材,642,644,石榴,text_found_at_other_position
153,104,食味,647,648,酸,text_found_at_other_position
153,105,禁忌,166,168,无毒,text_found_at_other_position
153,106,功效,652,657,主疗咽燥渴,text_found_at_other_position
153,107,禁忌,658,663,多食损人肺,text_found_at_other_position
153,108,禁忌,664,667,齿令黑,text_found_at_other_position
153,109,食材,668,669,榫,text_found_at_other_position
153,110,食材,677,678,柿,text_found_at_other_position
153,111,食材,688,693,实似柿而青,text_found_at_other_position
153,112,功效,694,698,汁可制漆,text_found_at_other_position
154,1,食材,0,1,饭,exact_match
154,2,食材,2,3,蕹,exact_match
154,3,食材,14,16,甜瓜,exact_match
154,4,食性,18,19,寒,text_found_at_other_position
154,5,食味,183,184,甘,text_found_at_other_position
154,6,功效,25,27,止渴,text_found_at_other_position
154,7,功效,27,30,除烦热,text_found_at_other_position
154,8,功效,31,34,利小便,text_found_at_other_position
154,9,功效,35,42,通三焦壅塞气,entity_text_not_found_in_current_passage
154,10,病症,47,50,中暑气,text_found_at_other_position
154,11,病症,53,56,口鼻疮,text_found_at_other_position
154,12,禁忌,57,66,多食令阴下湿痒生疮,text_found_at_other_position
154,13,禁忌,67,72,动宿冷病,entity_text_not_found_in_current_passage
154,14,病症,74,76,虚热,text_found_at_other_position
154,15,病症,78,82,手脚无力,text_found_at_other_position
154,16,禁忌,83,89,破腹落水沉者,text_found_at_other_position
154,17,禁忌,90,95,双顶双蒂者,text_found_at_other_position
154,18,禁忌,187,189,有毒,text_found_at_other_position
154,19,禁忌,101,105,切不可食,text_found_at_other_position
154,20,食材,106,108,瓜蒂,text_found_at_other_position
154,21,功效,109,116,主身面四肢浮肿,text_found_at_other_position
154,22,功效,117,119,下水,text_found_at_other_position
154,23,功效,120,123,杀蛊毒,text_found_at_other_position
154,24,病症,124,129,咳逆上气,entity_text_not_found_in_current_passage
154,25,病症,130,134,风痫喉风,text_found_at_other_position
154,26,病症,135,139,痰涎暴塞,text_found_at_other_position
154,27,病症,140,148,食诸果病在胸腹中,text_found_at_other_position
154,28,功效,150,153,吐下之,text_found_at_other_position
154,29,功效,155,160,去鼻中息肉,text_found_at_other_position
154,30,功效,161,164,疗黄疸,text_found_at_other_position
154,31,病症,165,168,暴急黄,text_found_at_other_position
154,32,食材,169,170,花,text_found_at_other_position
154,33,功效,171,176,主心痛咳逆,text_found_at_other_position
154,34,食材,178,180,黄瓜,text_found_at_other_position
154,35,食味,464,465,甘,text_found_at_other_position
154,36,食性,185,186,寒,text_found_at_other_position
154,37,禁忌,334,336,有毒,text_found_at_other_position
154,38,禁忌,190,194,不可多食,text_found_at_other_position
154,39,禁忌,195,198,动蹇热,text_found_at_other_position
154,40,禁忌,199,202,多疟疾,text_found_at_other_position
154,41,禁忌,203,207,发百病,entity_text_not_found_in_current_passage
154,42,禁忌,209,212,积瘀热,text_found_at_other_position
154,43,禁忌,213,216,发疰气,text_found_at_other_position
154,44,禁忌,217,223,令人虚热上逆,text_found_at_other_position
154,45,禁忌,226,231,发脚气疮疥,text_found_at_other_position
154,46,禁忌,232,235,不益人,text_found_at_other_position
154,47,禁忌,237,241,小儿尤忌,text_found_at_other_position
154,48,禁忌,242,247,滑中生疳虫,text_found_at_other_position
154,49,禁忌,248,254,不可与醋同食,text_found_at_other_position
154,50,食材,256,258,丝瓜,text_found_at_other_position
154,51,古籍来源,259,263,《本草》,text_found_at_other_position
154,52,病症,269,271,痘疮,text_found_at_other_position
154,53,病症,272,274,脚痈,text_found_at_other_position
154,54,烹饪方法,275,277,烧灰,text_found_at_other_position
154,55,食性,284,285,冷,text_found_at_other_position
154,56,功效,285,287,解毒,text_found_at_other_position
154,57,烹饪方法,291,292,煮,text_found_at_other_position
154,58,食材,294,295,姜,text_found_at_other_position
154,59,食材,295,296,醋,text_found_at_other_position
154,60,烹饪方法,305,306,炒,text_found_at_other_position
154,61,食材,299,300,鸡,text_found_at_other_position
154,62,食材,301,302,鸭,text_found_at_other_position
154,63,食材,303,305,猪肉,text_found_at_other_position
154,64,食材,325,327,瓠子,text_found_at_other_position
154,65,食性,333,334,寒,text_found_at_other_position
154,66,禁忌,97,100,有毒,text_found_at_other_position
154,67,功效,337,347,主大水面目四肢浮肿,entity_text_not_found_in_current_passage
154,68,功效,348,350,下水,text_found_at_other_position
154,69,功效,351,354,令人吐,text_found_at_other_position
154,70,食性,359,360,冷,text_found_at_other_position
154,71,禁忌,20,22,无毒,text_found_at_other_position
154,72,禁忌,366,368,微毒,text_found_at_other_position
154,73,功效,369,373,除烦止渴,text_found_at_other_position
154,74,功效,374,377,治心热,text_found_at_other_position
154,75,功效,379,382,利水道,text_found_at_other_position
154,76,功效,383,386,调心肺,text_found_at_other_position
154,77,功效,387,390,治石淋,text_found_at_other_position
154,78,功效,393,396,吐蛔虫,text_found_at_other_position
154,79,功效,397,400,压丹石,text_found_at_other_position
154,80,病症,403,407,脚气虚胀,text_found_at_other_position
154,81,病症,409,411,冷气,text_found_at_other_position
154,82,禁忌,412,416,食之病增,text_found_at_other_position
154,83,食材,436,438,葫芦,text_found_at_other_position
154,84,食材,459,460,莼,text_found_at_other_position
154,85,食性,466,467,寒,text_found_at_other_position
154,86,禁忌,360,362,无毒,text_found_at_other_position
154,87,功效,471,476,主消渴热脾,text_found_at_other_position
154,88,食材,478,480,鲫鱼,text_found_at_other_position
154,89,烹饪方法,480,482,作羹,text_found_at_other_position
154,90,功效,487,489,下水,text_found_at_other_position
154,91,功效,490,493,利小便,text_found_at_other_position
154,92,功效,494,498,解百药毒,text_found_at_other_position
154,93,功效,502,506,下气止呕,text_found_at_other_position
154,94,禁忌,507,513,其性滑不益脾,text_found_at_other_position
154,95,禁忌,515,519,多食发痔,text_found_at_other_position
154,96,禁忌,520,527,损胃及齿发面色,text_found_at_other_position
155,1,食材,11,13,白狗,exact_match
155,2,食材,29,31,黄狗,exact_match
155,3,食材,112,114,犬肉,exact_match
155,4,食材,134,137,山狗獾,exact_match
155,5,食材,182,185,猪肉,entity_text_not_found_in_current_passage
155,6,食材,259,261,豚卵,text_found_at_other_position
155,7,食材,298,300,悬蹄,text_found_at_other_position
155,8,食材,336,337,心,text_found_at_other_position
155,9,食材,368,369,肚,text_found_at_other_position
155,10,食材,410,411,肺,text_found_at_other_position
155,11,食材,434,435,肝,text_found_at_other_position
155,12,食材,458,459,肾,text_found_at_other_position
155,13,食材,494,495,脾,text_found_at_other_position
155,14,食材,502,503,舌,text_found_at_other_position
155,15,食材,518,519,头,text_found_at_other_position
155,16,食材,537,538,脑,text_found_at_other_position
155,17,食材,551,553,脂膏,text_found_at_other_position
155,18,食材,158,159,皮,text_found_at_other_position
155,19,食材,638,640,肠脏,text_found_at_other_position
155,20,食性,189,191,微寒,text_found_at_other_position
155,21,食性,265,266,温,text_found_at_other_position
155,22,食性,370,372,微温,text_found_at_other_position
155,23,食味,187,188,苦,text_found_at_other_position
155,24,食味,155,156,甘,text_found_at_other_position
155,25,功效,31,33,大补,exact_match
155,26,功效,115,117,补阳,exact_match
155,27,功效,192,196,主闭血脉,text_found_at_other_position
155,28,功效,198,201,弱筋骨,text_found_at_other_position
155,29,功效,273,278,主惊痫癫病,text_found_at_other_position
155,30,功效,288,292,奔豚五癃,text_found_at_other_position
155,31,功效,293,297,邪气挛缩,text_found_at_other_position
155,32,功效,301,304,主五痔,text_found_at_other_position
155,33,功效,305,309,伏热在肠,text_found_at_other_position
155,34,功效,310,314,肠痈内蚀,text_found_at_other_position
155,35,功效,318,321,主伤挞,text_found_at_other_position
155,36,功效,324,327,诸败疮,text_found_at_other_position
155,37,功效,332,335,下乳汁,text_found_at_other_position
155,38,功效,338,343,主惊邪忧恚,text_found_at_other_position
155,39,功效,346,349,血不足,text_found_at_other_position
155,40,功效,350,353,补虚劳,text_found_at_other_position
155,41,功效,373,377,补中益气,text_found_at_other_position
155,42,功效,379,382,止渴利,text_found_at_other_position
155,43,功效,384,389,主骨蒸热劳,text_found_at_other_position
155,44,功效,390,394,杀劳虫,entity_text_not_found_in_current_passage
155,45,功效,395,397,补羸,text_found_at_other_position
155,46,功效,398,401,助血脉,text_found_at_other_position
155,47,功效,402,404,止痢,text_found_at_other_position
155,48,功效,416,418,补肺,text_found_at_other_position
155,49,功效,438,441,主脚气,text_found_at_other_position
155,50,功效,442,446,冷泄赤白,text_found_at_other_position
155,51,功效,448,450,藏虚,text_found_at_other_position
155,52,功效,462,466,和理肾气,text_found_at_other_position
155,53,功效,467,471,通利膀胱,text_found_at_other_position
155,54,功效,477,480,消积滞,text_found_at_other_position
155,55,功效,496,501,主脾胃虚热,text_found_at_other_position
155,56,功效,505,507,健脾,text_found_at_other_position
155,57,功效,509,512,补不足,text_found_at_other_position
155,58,功效,513,517,令人能食,text_found_at_other_position
155,59,功效,520,523,补虚乏,text_found_at_other_position
155,60,功效,524,529,去惊痫五痔,text_found_at_other_position
155,61,功效,547,550,主生发,text_found_at_other_position
155,62,功效,554,557,主恶疮,text_found_at_other_position
155,63,功效,558,561,利血脉,text_found_at_other_position
155,64,功效,563,566,解风热,text_found_at_other_position
155,65,功效,567,571,皮肤风热,text_found_at_other_position
155,66,功效,574,577,解斑蝥,text_found_at_other_position
155,67,功效,578,581,芫菁毒,text_found_at_other_position
155,68,功效,585,587,杀虫,text_found_at_other_position
155,69,功效,612,617,解少阴客热,text_found_at_other_position
155,70,功效,623,627,润燥除烦,text_found_at_other_position
155,71,功效,633,637,益气断痢,text_found_at_other_position
155,72,功效,641,645,主下焦虚,text_found_at_other_position
155,73,病症,3,10,女子带下十二疾,exact_match
155,74,病症,53,57,阴虚发热,exact_match
155,75,病症,71,73,消渴,exact_match
155,76,病症,109,111,阴虚,exact_match
155,77,病症,225,227,疟病,text_found_at_other_position
155,78,病症,227,229,金疮,text_found_at_other_position
155,79,病症,252,254,热风,text_found_at_other_position
155,80,病症,279,283,鬼疰蛊毒,text_found_at_other_position
155,81,脏腑,572,573,肝,text_found_at_other_position
155,82,脏腑,610,611,肾,text_found_at_other_position
155,83,禁忌,60,64,妊娠勿食,exact_match
155,84,禁忌,65,69,不可炙食,exact_match
155,85,禁忌,75,81,不可与蒜同食,exact_match
155,86,禁忌,82,85,顿损人,exact_match
155,87,禁忌,232,240,不可同牛肉煮食,entity_text_not_found_in_current_passage
155,88,禁忌,246,250,同荞麦食,text_found_at_other_position
155,89,禁忌,360,367,不可同茱萸食,entity_text_not_found_in_current_passage
155,90,禁忌,419,426,不可同白花莱食,text_found_at_other_position
155,91,禁忌,451,457,不可同鱼子食,text_found_at_other_position
155,92,禁忌,481,485,冬不可食,text_found_at_other_position
155,93,禁忌,588,593,忌食鸟梅,entity_text_not_found_in_current_passage
155,94,烹饪方法,530,531,煮,text_found_at_other_position
155,95,食材,630,632,米粉,text_found_at_other_position
156,1,食材,115,117,桑耳,exact_match
156,2,食味,119,120,甘,exact_match
156,3,食性,121,123,有毒,exact_match
156,4,病症,128,134,女子赤白带下,exact_match
156,5,病症,135,137,癜癜,exact_match
156,6,病症,138,140,阴痛,exact_match
156,7,病症,141,146,阴阳寒热,entity_text_not_found_in_current_passage
156,8,病症,147,149,无子,exact_match
156,9,病症,150,154,月水不调,exact_match
156,10,功效,161,163,止泄,exact_match
156,11,功效,164,166,益气,exact_match
156,12,食材,156,160,黄熟白者,exact_match
156,13,功效,173,178,治癖饮积聚,exact_match
156,14,食性,182,183,寒,exact_match
156,15,食性,184,186,无毒,exact_match
156,16,病症,188,190,消渴,exact_match
156,17,食味,194,196,甘辛,exact_match
156,18,食性,201,202,温,exact_match
156,19,食性,203,205,微毒,exact_match
156,20,功效,206,211,止肠风泻血,exact_match
156,21,病症,212,217,妇人心腹痛,exact_match
156,22,病症,219,221,五痔,exact_match
156,23,食材,222,226,柘木上者,exact_match
156,24,食材,230,233,桑槐耳,exact_match
156,25,病症,235,239,五痔心痛,exact_match
156,26,病症,240,246,女子阴中疮痛,exact_match
156,27,功效,249,253,治风破血,exact_match
156,28,功效,254,256,益力,exact_match
156,29,食材,258,260,楮耳,exact_match
156,30,食材,267,270,榆柳耳,exact_match
156,31,食材,306,308,蒌蒿,exact_match
156,32,食味,311,313,甘辛,text_found_at_other_position
156,33,食材,348,350,莪蒿,text_found_at_other_position
156,34,食材,358,360,邪蒿,text_found_at_other_position
156,35,食材,368,370,苦莱,text_found_at_other_position
156,36,食味,373,374,苦,text_found_at_other_position
156,37,食性,375,376,褰,text_found_at_other_position
156,38,食性,377,379,无毒,text_found_at_other_position
156,39,脏腑,2,4,五脏,exact_match
156,40,病症,383,385,邪气,text_found_at_other_position
156,41,病症,387,390,谷胃痹,text_found_at_other_position
156,42,病症,391,393,肠癖,text_found_at_other_position
156,43,病症,395,399,渴热中疾,text_found_at_other_position
156,44,病症,400,402,恶疮,text_found_at_other_position
156,45,功效,405,409,安心益气,text_found_at_other_position
156,46,功效,410,414,聪察少卧,text_found_at_other_position
156,47,功效,415,419,轻身耐老,text_found_at_other_position
156,48,功效,420,422,耐饥,text_found_at_other_position
156,49,古籍来源,445,449,《月令》,text_found_at_other_position
156,50,食材,484,486,马兰,text_found_at_other_position
156,51,食味,489,490,辛,text_found_at_other_position
156,52,食性,491,492,温,text_found_at_other_position
156,53,食材,515,517,蘩蒌,text_found_at_other_position
156,54,食味,519,520,酸,text_found_at_other_position
156,55,食性,521,523,气平,text_found_at_other_position
156,56,食性,524,526,无毒,text_found_at_other_position
156,57,病症,528,534,积年恶疮不愈,text_found_at_other_position
156,58,功效,542,544,破血,text_found_at_other_position
156,59,病症,563,564,淋,text_found_at_other_position
156,60,烹饪方法,97,98,煮,exact_match
156,61,食材,606,609,鸡肠草,text_found_at_other_position
157,1,古籍来源,0,4,《衍义》,exact_match
157,2,食材,5,6,鸡,exact_match
157,3,病症,7,8,风,exact_match
157,4,食材,52,53,鹜,exact_match
157,5,食材,56,57,肪,text_found_at_other_position
157,6,食味,58,59,甘,text_found_at_other_position
157,7,功效,60,62,无毒,text_found_at_other_position
157,8,病症,64,68,风虚寒热,text_found_at_other_position
157,9,古籍来源,72,75,《礼》,text_found_at_other_position
157,10,食材,89,91,野鸭,text_found_at_other_position
157,11,食材,92,93,凫,text_found_at_other_position
157,12,食材,83,84,鹜,text_found_at_other_position
157,13,古籍来源,130,134,《别录》,text_found_at_other_position
157,14,食材,138,140,鸭肪,text_found_at_other_position
157,15,病症,142,144,水肿,text_found_at_other_position
157,16,医家,145,148,陶隐居,text_found_at_other_position
157,17,食材,97,98,鹜,text_found_at_other_position
157,18,食材,152,155,家鸭肪,text_found_at_other_position
157,19,食材,121,123,野鸭,text_found_at_other_position
157,20,食性,166,167,凉,text_found_at_other_position
157,21,功效,168,170,无毒,text_found_at_other_position
157,22,功效,171,175,补中益气,text_found_at_other_position
157,23,功效,176,178,助力,text_found_at_other_position
157,24,功效,179,183,大益病人,text_found_at_other_position
157,25,功效,184,186,消食,text_found_at_other_position
157,26,功效,187,193,杀十二种虫,entity_text_not_found_in_current_passage
157,27,病症,195,200,多年小热疮,text_found_at_other_position
157,28,食材,212,214,刀鸭,text_found_at_other_position
157,29,功效,225,228,补人虚,text_found_at_other_position
157,30,食材,94,96,家鸭,text_found_at_other_position
157,31,食材,247,249,木耳,text_found_at_other_position
157,32,食材,250,252,胡桃,text_found_at_other_position
157,33,食材,253,255,豆豉,text_found_at_other_position
157,34,食材,262,264,油鸭,text_found_at_other_position
157,35,食味,265,268,味更佳,text_found_at_other_position
157,36,食材,272,273,鸠,text_found_at_other_position
157,37,食味,276,277,甘,text_found_at_other_position
157,38,食性,279,280,平,text_found_at_other_position
157,39,功效,281,283,无毒,text_found_at_other_position
157,40,功效,284,287,主明目,text_found_at_other_position
157,41,功效,288,290,补气,text_found_at_other_position
157,42,功效,292,295,助阴阳,text_found_at_other_position
157,43,古籍来源,323,326,《诗》,text_found_at_other_position
157,44,食材,17,18,鸡,exact_match
157,45,食材,331,333,睢鸠,text_found_at_other_position
157,46,食材,335,337,水鸟,text_found_at_other_position
157,47,食材,340,343,黄褐侯,text_found_at_other_position
157,48,食材,345,347,鸠类,text_found_at_other_position
157,49,病症,349,353,蚁瘘恶疮,text_found_at_other_position
157,50,脏腑,355,357,五脏,text_found_at_other_position
157,51,功效,358,362,助气虚损,text_found_at_other_position
157,52,功效,363,372,排脓血并一切痈疖,entity_text_not_found_in_current_passage
157,53,烹饪方法,373,377,五味醯炙,text_found_at_other_position
157,54,食材,386,388,青鸠,text_found_at_other_position
157,55,食材,393,395,鹁鸽,text_found_at_other_position
157,56,食材,397,398,肉,text_found_at_other_position
157,57,食性,398,399,暖,text_found_at_other_position
157,58,功效,400,402,无毒,text_found_at_other_position
157,59,功效,403,407,调精益气,text_found_at_other_position
157,60,功效,408,413,解一切药毒,text_found_at_other_position
157,61,功效,414,418,食之益人,text_found_at_other_position
157,62,禁忌,420,433,若服药人食之。减药力。无效,text_found_at_other_position
157,63,病症,436,440,恶疮疥癣,text_found_at_other_position
157,64,病症,442,446,风瘙白癞,text_found_at_other_position
157,65,病症,447,451,疬疡风,entity_text_not_found_in_current_passage
157,66,烹饪方法,452,453,炒,text_found_at_other_position
157,67,烹饪方法,455,457,酒服,text_found_at_other_position
157,68,食材,465,466,雁,text_found_at_other_position
157,69,食味,381,382,甘,text_found_at_other_position
157,70,食性,472,473,平,text_found_at_other_position
157,71,功效,474,476,无毒,text_found_at_other_position
157,72,病症,478,481,风挛拘,text_found_at_other_position
157,73,病症,482,489,偏枯气不通利,entity_text_not_found_in_current_passage
157,74,功效,490,495,久服益气,entity_text_not_found_in_current_passage
157,75,功效,497,499,不饥,text_found_at_other_position
157,76,功效,500,504,轻身耐老,text_found_at_other_position
157,77,禁忌,505,509,六月勿食,text_found_at_other_position
157,78,病症,510,513,伤神气,text_found_at_other_position
157,79,食材,516,517,鸨,text_found_at_other_position
157,80,食材,525,527,雁类,text_found_at_other_position
157,81,食材,529,531,鹌鹑,text_found_at_other_position
157,82,食味,469,470,甘,text_found_at_other_position
157,83,食性,536,537,平,text_found_at_other_position
157,84,功效,538,541,补五脏,text_found_at_other_position
157,85,功效,542,544,益中,text_found_at_other_position
157,86,功效,545,547,续气,text_found_at_other_position
157,87,功效,548,555,实筋骨耐寒温,entity_text_not_found_in_current_passage
157,88,功效,558,561,消结热,text_found_at_other_position
157,89,食材,562,564,小豆,text_found_at_other_position
157,90,食材,566,568,生姜,text_found_at_other_position
157,91,烹饪方法,568,569,煮,text_found_at_other_position
157,92,功效,573,576,止泄痢,text_found_at_other_position
157,93,烹饪方法,577,579,酥煎,text_found_at_other_position
157,94,功效,579,584,令人下焦肥,text_found_at_other_position
158,1,食材,0,2,乳腐,exact_match
158,2,功效,3,6,润五脏,exact_match
158,3,功效,7,11,利大小便,exact_match
158,4,功效,12,17,益十二经脉,exact_match
158,5,食材,31,33,牛乳,exact_match
158,6,食材,34,36,羊乳,exact_match
158,7,食材,37,39,马乳,exact_match
158,8,食材,68,70,驴乳,exact_match
158,9,食材,88,90,人乳,exact_match
158,10,医家,92,94,张苍,exact_match
158,11,食材,144,146,辣莱,exact_match
158,12,食味,149,151,辛辣,text_found_at_other_position
158,13,功效,159,161,破气,text_found_at_other_position
158,14,功效,161,163,烧脾,text_found_at_other_position
158,15,病症,166,168,五痔,text_found_at_other_position
158,16,病症,168,170,痈疡,text_found_at_other_position
158,17,病症,172,175,昏耳目,text_found_at_other_position
158,18,病症,177,179,浮肿,text_found_at_other_position
158,19,病症,180,182,虚恚,text_found_at_other_position
158,20,食材,133,134,子,exact_match
158,21,食材,186,187,油,text_found_at_other_position
158,22,食味,189,190,甘,text_found_at_other_position
158,23,食性,191,192,温,text_found_at_other_position
158,24,功效,194,197,愈百病,text_found_at_other_position
158,25,古籍来源,217,221,《素问》,text_found_at_other_position
158,26,脏腑,302,304,五脏,text_found_at_other_position
158,27,食味,311,312,甘,text_found_at_other_position
158,28,脏腑,314,315,脾,text_found_at_other_position
158,29,食味,324,325,苦,text_found_at_other_position
158,30,脏腑,328,329,心,text_found_at_other_position
158,31,食味,339,340,咸,text_found_at_other_position
158,32,脏腑,342,343,肾,exact_match
158,33,食味,353,354,酸,text_found_at_other_position
158,34,脏腑,356,357,肝,text_found_at_other_position
158,35,食味,370,371,辛,exact_match
158,36,脏腑,373,374,肺,text_found_at_other_position
158,37,禁忌,315,321,过食甘则脾伤,text_found_at_other_position
158,38,禁忌,330,336,过食苦则心伤,text_found_at_other_position
158,39,禁忌,344,350,过食咸则肾伤,text_found_at_other_position
158,40,禁忌,361,367,过食酸则肝伤,text_found_at_other_position
158,41,禁忌,376,382,过食辛则肺伤,text_found_at_other_position
158,42,禁忌,417,421,厚味发热,text_found_at_other_position
158,43,养生原则,431,435,饮食无节,text_found_at_other_position
158,44,养生原则,508,515,养心莫善于寡欲,text_found_at_other_position
160,1,食材,15,20,野猪肉,entity_text_not_found_in_current_passage
160,2,食味,22,23,甘,text_found_at_other_position
160,3,功效,24,27,补肌肤,text_found_at_other_position
160,4,功效,28,32,令人肥腻,text_found_at_other_position
160,5,功效,34,37,补五脏,text_found_at_other_position
160,6,功效,38,44,止肠风下血,entity_text_not_found_in_current_passage
160,7,病症,46,49,癫痫病,text_found_at_other_position
160,8,功效,50,54,不发风气,text_found_at_other_position
160,9,食材,57,59,家猪,text_found_at_other_position
160,10,功效,64,67,微动风,text_found_at_other_position
160,11,禁忌,74,79,青蹄者勿食,text_found_at_other_position
160,12,食材,80,82,肪膏,text_found_at_other_position
160,13,烹饪方法,83,85,酒浸,text_found_at_other_position
160,14,功效,88,93,令妇人多乳,text_found_at_other_position
160,15,食材,119,120,胆,text_found_at_other_position
160,16,食味,126,127,辛,text_found_at_other_position
160,17,食味,128,129,甘,text_found_at_other_position
160,18,食性,131,132,平,text_found_at_other_position
160,19,功效,133,135,无毒,text_found_at_other_position
160,20,功效,136,139,主金疮,text_found_at_other_position
160,21,功效,140,144,止血生肌,text_found_at_other_position
160,22,功效,147,153,疗癫痫及鬼疰,text_found_at_other_position
160,23,食材,181,182,麂,text_found_at_other_position
160,24,食味,185,186,甘,text_found_at_other_position
160,25,食性,187,188,平,text_found_at_other_position
160,26,功效,189,191,无毒,text_found_at_other_position
160,27,功效,192,196,主五痔病,text_found_at_other_position
160,28,烹饪方法,197,199,燥出,text_found_at_other_position
160,29,烹饪方法,200,205,以姜醋进之,text_found_at_other_position
160,30,禁忌,213,218,多食动痼疾,text_found_at_other_position
160,31,食性,222,223,凉,text_found_at_other_position
160,32,功效,224,226,有毒,text_found_at_other_position
160,33,功效,227,230,能堕胎,text_found_at_other_position
160,34,病症,233,236,发疥疮,text_found_at_other_position
160,35,食材,238,239,廪,text_found_at_other_position
160,36,食材,260,264,獐肉,entity_text_not_found_in_current_passage
160,37,食味,575,576,甘,text_found_at_other_position
160,38,食性,268,269,温,text_found_at_other_position
160,39,功效,270,272,无毒,text_found_at_other_position
160,40,功效,273,277,补益五脏,text_found_at_other_position
160,41,禁忌,292,298,余月食之动气,text_found_at_other_position
160,42,病症,300,303,瘦悲疮,text_found_at_other_position
160,43,禁忌,304,309,食之发痼疾,text_found_at_other_position
160,44,禁忌,310,318,心粗豪人宜食之,entity_text_not_found_in_current_passage
160,45,功效,319,322,减其性,text_found_at_other_position
160,46,禁忌,323,330,胆小人食之愈怯,text_found_at_other_position
160,47,禁忌,331,334,与鸽食,text_found_at_other_position
160,48,病症,336,339,成癜髓,text_found_at_other_position
160,49,功效,340,343,益气力,text_found_at_other_position
160,50,功效,344,349,悦泽人面,entity_text_not_found_in_current_passage
160,51,食材,350,354,脐下麝香,text_found_at_other_position
160,52,食味,356,357,辛,text_found_at_other_position
160,53,食性,359,360,温,text_found_at_other_position
160,54,功效,361,363,无毒,text_found_at_other_position
160,55,功效,364,368,主辟恶气,text_found_at_other_position
160,56,功效,369,373,杀鬼精物,text_found_at_other_position
160,57,病症,375,377,瘟疟,text_found_at_other_position
160,58,病症,378,380,蛊毒,text_found_at_other_position
160,59,病症,381,383,痫瘗,text_found_at_other_position
160,60,功效,385,388,去三虫,text_found_at_other_position
160,61,功效,389,395,疗诸凶邪鬼气,text_found_at_other_position
160,62,病症,396,398,中恶,text_found_at_other_position
160,63,病症,399,408,心腹暴痛胀急痞满,entity_text_not_found_in_current_passage
160,64,病症,409,411,风毒,text_found_at_other_position
160,65,病症,412,416,妇人产难,text_found_at_other_position
160,66,功效,417,419,堕胎,text_found_at_other_position
160,67,功效,420,423,疗蛇毒,text_found_at_other_position
160,68,功效,430,434,益气补中,text_found_at_other_position
160,69,功效,435,438,治腰脚,text_found_at_other_position
160,70,功效,442,448,微补五脏不足,text_found_at_other_position
160,71,禁忌,449,457,多食令人弱房事,entity_text_not_found_in_current_passage
160,72,病症,458,461,发脚气,text_found_at_other_position
160,73,禁忌,462,466,不可近阴,text_found_at_other_position
160,74,功效,467,469,令痿,text_found_at_other_position
160,75,食材,539,540,脂,text_found_at_other_position
160,76,食味,483,484,辛,text_found_at_other_position
160,77,食性,484,485,温,text_found_at_other_position
160,78,功效,544,549,主疮肿死肌,text_found_at_other_position
160,79,病症,551,555,寒风湿痹,text_found_at_other_position
160,80,病症,556,562,四肢拘缓不收,text_found_at_other_position
160,81,病症,563,567,风头肿气,text_found_at_other_position
160,82,功效,568,571,通腠理,text_found_at_other_position
160,83,食材,572,573,角,text_found_at_other_position
160,84,功效,577,579,主脾,text_found_at_other_position
160,85,功效,581,583,止血,text_found_at_other_position
160,86,功效,584,587,补虚劳,text_found_at_other_position
160,87,功效,588,591,益气力,text_found_at_other_position
160,88,功效,593,596,填骨髓,text_found_at_other_position
160,89,功效,597,600,暖腰膝,text_found_at_other_position
160,90,功效,601,604,壮阳道,text_found_at_other_position
160,91,食材,605,606,茸,text_found_at_other_position
160,92,古籍来源,611,615,《月令》,text_found_at_other_position
161,1,食材,2,5,石榴花,exact_match
161,2,食材,103,105,木瓜,text_found_at_other_position
161,3,食味,31,32,酸,text_found_at_other_position
161,4,食性,34,36,无毒,text_found_at_other_position
161,5,病症,38,42,湿痹邪气,text_found_at_other_position
161,6,病症,47,53,霍乱转筋不止,text_found_at_other_position
161,7,病症,57,65,脚气上攻腿膝疼痛,text_found_at_other_position
161,8,功效,68,72,止渴消肿,text_found_at_other_position
161,9,医家,77,79,雷公,text_found_at_other_position
161,10,食材,90,92,蔓子,text_found_at_other_position
161,11,食材,93,96,土伏子,text_found_at_other_position
161,12,食味,134,135,酸,text_found_at_other_position
161,13,食味,136,137,涩,text_found_at_other_position
161,14,功效,138,141,调荣卫,text_found_at_other_position
161,15,功效,142,145,助谷气,text_found_at_other_position
161,16,食味,183,184,咸,text_found_at_other_position
161,17,功效,185,188,伤人气,text_found_at_other_position
161,18,食材,265,269,黄牛乳汁,text_found_at_other_position
161,19,烹饪方法,270,271,蒸,text_found_at_other_position
161,20,食材,296,300,桃子,entity_text_not_found_in_current_passage
161,21,食味,302,303,甘,text_found_at_other_position
161,22,食味,304,305,酸,text_found_at_other_position
161,23,食性,306,309,有小毒,text_found_at_other_position
161,24,功效,310,313,除鬼祟,text_found_at_other_position
161,25,功效,314,317,益颜色,text_found_at_other_position
161,26,禁忌,318,322,多食生热,text_found_at_other_position
161,27,食材,324,325,花,text_found_at_other_position
161,28,食味,226,227,苦,text_found_at_other_position
161,29,食性,331,332,平,text_found_at_other_position
161,30,食性,333,335,无毒,text_found_at_other_position
161,31,功效,336,339,杀鬼邪,text_found_at_other_position
161,32,病症,341,343,石淋,text_found_at_other_position
161,33,功效,344,348,利大小便,text_found_at_other_position
161,34,功效,350,354,下三尸虫,text_found_at_other_position
161,35,功效,355,359,悦人容面,text_found_at_other_position
161,36,功效,360,363,好颜色,text_found_at_other_position
161,37,食材,365,366,仁,text_found_at_other_position
161,38,食味,329,330,苦,text_found_at_other_position
161,39,食味,372,373,甘,text_found_at_other_position
161,40,食性,374,375,平,text_found_at_other_position
161,41,食性,376,378,无毒,text_found_at_other_position
161,42,功效,379,382,破血瘸,text_found_at_other_position
161,43,功效,383,385,血疲,text_found_at_other_position
161,44,功效,386,389,化瘀血,text_found_at_other_position
161,45,功效,391,394,通经水,text_found_at_other_position
161,46,功效,395,398,止腹痛,text_found_at_other_position
161,47,古籍来源,424,431,雷公炮制药性解,text_found_at_other_position
162,1,古籍来源,0,5,《灵苑方》,exact_match
162,2,病症,14,16,血痢,text_found_at_other_position
162,3,食材,22,23,蜜,text_found_at_other_position
162,4,烹饪方法,17,18,捣,text_found_at_other_position
162,5,烹饪方法,32,34,温饮,text_found_at_other_position
162,6,古籍来源,37,42,《产宝方》,text_found_at_other_position
162,7,病症,46,50,产后血痢,text_found_at_other_position
162,8,病症,51,55,脐腹疼痛,text_found_at_other_position
162,9,病症,56,60,小便不利,text_found_at_other_position
162,10,烹饪方法,61,62,捣,text_found_at_other_position
162,11,烹饪方法,67,68,煎,text_found_at_other_position
162,12,食材,72,73,蜜,text_found_at_other_position
162,13,烹饪方法,76,78,搅服,text_found_at_other_position
162,14,古籍来源,81,86,《广利方》,text_found_at_other_position
162,15,病症,93,99,一切无名肿毒,text_found_at_other_position
162,16,病症,100,104,火丹恶疮,text_found_at_other_position
162,17,烹饪方法,105,106,捣,text_found_at_other_position
162,18,烹饪方法,108,109,傅,text_found_at_other_position
162,19,医家,116,118,雷公,text_found_at_other_position
162,20,食材,135,136,芹,text_found_at_other_position
162,21,食味,143,144,甘,text_found_at_other_position
162,22,食性,145,146,平,text_found_at_other_position
162,23,功效,150,153,养精神,text_found_at_other_position
162,24,功效,154,157,益气血,text_found_at_other_position
162,25,功效,158,161,利口齿,text_found_at_other_position
162,26,功效,163,168,令人肥健,entity_text_not_found_in_current_passage
162,27,功效,169,171,嗜食,text_found_at_other_position
162,28,病症,174,180,妇人赤自带下,text_found_at_other_position
162,29,食材,184,187,鹿角莱,text_found_at_other_position
162,30,食性,188,190,大寒,text_found_at_other_position
162,31,功效,194,199,散风热邪气,text_found_at_other_position
162,32,病症,201,207,小儿骨蒸劳热,text_found_at_other_position
162,33,禁忌,212,218,大人不可久食,text_found_at_other_position
162,34,禁忌,219,223,有损腰肾,text_found_at_other_position
162,35,禁忌,225,228,少颜色,text_found_at_other_position
162,36,禁忌,238,242,下石力也,text_found_at_other_position
162,37,食材,244,247,芸苔莱,text_found_at_other_position
162,38,食味,249,250,辛,text_found_at_other_position
162,39,食性,251,252,温,text_found_at_other_position
162,40,功效,256,261,散游风丹毒,text_found_at_other_position
162,41,功效,262,265,消乳痈,text_found_at_other_position
162,42,功效,266,269,破血癜,text_found_at_other_position
162,43,功效,270,276,下产后瘀血,entity_text_not_found_in_current_passage
162,44,古籍来源,278,284,《野人闲话》,text_found_at_other_position
162,45,病症,289,293,女人吹乳,text_found_at_other_position
162,46,病症,294,298,小儿火丹,text_found_at_other_position
162,47,烹饪方法,299,300,捣,text_found_at_other_position
162,48,烹饪方法,300,301,傅,text_found_at_other_position
163,1,食材,10,13,鹿肉,entity_text_not_found_in_current_passage
163,2,食性,17,18,温,text_found_at_other_position
163,3,功效,22,24,补中,text_found_at_other_position
163,4,脏腑,26,28,五脏,text_found_at_other_position
163,5,功效,29,32,益气力,text_found_at_other_position
163,6,食材,33,34,血,text_found_at_other_position
163,7,食味,38,39,甘,text_found_at_other_position
163,8,食性,40,41,平,text_found_at_other_position
163,9,功效,42,44,补阴,text_found_at_other_position
163,10,功效,46,49,益荣气,text_found_at_other_position
163,11,食材,51,52,肾,text_found_at_other_position
163,12,功效,55,58,补腰肾,text_found_at_other_position
163,13,食材,60,61,茸,text_found_at_other_position
163,14,食味,65,66,甘,text_found_at_other_position
163,15,食味,67,68,酸,text_found_at_other_position
163,16,食性,69,70,温,text_found_at_other_position
163,17,病症,72,76,漏下恶血,text_found_at_other_position
163,18,病症,78,82,虚劳羸瘦,text_found_at_other_position
163,19,病症,83,88,骨中寒热,entity_text_not_found_in_current_passage
163,20,病症,89,93,洒洒如疟,text_found_at_other_position
163,21,病症,94,98,四肢酸疼,text_found_at_other_position
163,22,病症,99,103,腰脊疼痛,text_found_at_other_position
163,23,病症,104,108,遗精溺血,text_found_at_other_position
163,24,食材,113,116,石淋角,text_found_at_other_position
163,25,食味,119,120,咸,text_found_at_other_position
163,26,功效,124,127,补腰脊,text_found_at_other_position
163,27,功效,130,135,续筋胥损伤,text_found_at_other_position
163,28,功效,136,142,消恶毒痈瘙,entity_text_not_found_in_current_passage
163,29,古籍来源,145,150,《千金方》,text_found_at_other_position
163,30,病症,154,160,妇人吹乳妒乳,text_found_at_other_position
163,31,病症,162,165,结瘙疼,text_found_at_other_position
163,32,病症,166,170,欲成脓者,text_found_at_other_position
163,33,烹饪方法,175,176,磨,text_found_at_other_position
163,34,食材,173,175,鹿角,text_found_at_other_position
163,35,烹饪方法,178,179,敷,text_found_at_other_position
163,36,古籍来源,182,184,秘方,text_found_at_other_position
163,37,病症,188,191,鱼骨鲠,text_found_at_other_position
163,38,食材,193,195,鹿角,text_found_at_other_position
163,39,烹饪方法,195,197,剡屑,text_found_at_other_position
163,40,烹饪方法,198,199,含,text_found_at_other_position
163,41,烹饪方法,200,201,咽,text_found_at_other_position
163,42,古籍来源,204,209,《鲁般方》,text_found_at_other_position
163,43,病症,213,222,竹木刺入皮肉中不出,text_found_at_other_position
163,44,食材,224,226,鹿角,text_found_at_other_position
163,45,烹饪方法,223,224,烧,text_found_at_other_position
163,46,烹饪方法,226,227,末,text_found_at_other_position
163,47,烹饪方法,229,230,调,text_found_at_other_position
163,48,烹饪方法,231,232,敷,text_found_at_other_position
163,49,食材,244,247,獐肉,entity_text_not_found_in_current_passage
163,50,食味,251,252,甘,text_found_at_other_position
163,51,食性,253,254,温,text_found_at_other_position
163,52,功效,258,262,平补五脏,text_found_at_other_position
163,53,食材,264,265,骨,text_found_at_other_position
163,54,食味,269,270,咸,text_found_at_other_position
163,55,食性,271,272,平,text_found_at_other_position
163,56,功效,273,278,补虚损泄精,text_found_at_other_position
163,57,功效,282,286,补下之功,text_found_at_other_position
163,58,病症,288,290,痈潼,text_found_at_other_position
163,59,病症,300,302,痈肿,text_found_at_other_position
163,60,古籍来源,303,309,《证类本草》,text_found_at_other_position
163,61,食材,315,317,鹿角,text_found_at_other_position
163,62,病症,320,325,恶疮痈肿,entity_text_not_found_in_current_passage
163,63,病症,327,329,妒乳,text_found_at_other_position
163,64,病症,337,339,乳痈,text_found_at_other_position
163,65,病症,370,375,乳汁不得泄,text_found_at_other_position
163,66,古籍来源,377,381,《内经》,text_found_at_other_position
163,67,病症,382,384,炻乳,text_found_at_other_position
163,68,病症,351,352,痈,text_found_at_other_position
164,1,食材,0,1,雀,exact_match
164,2,食性,3,4,温,exact_match
164,3,病症,11,17,男子阴痿不起,exact_match
164,4,功效,18,22,益精有子,exact_match
164,5,食材,23,24,卵,exact_match
164,6,食材,28,29,粪,exact_match
164,7,食材,34,37,白丁香,text_found_at_other_position
164,8,病症,41,45,雀斑酒刺,text_found_at_other_position
164,9,病症,47,53,目中瘀肉赤筋,text_found_at_other_position
164,10,食材,61,66,头生男子乳,text_found_at_other_position
164,11,食材,73,74,雉,text_found_at_other_position
164,12,食味,79,80,酸,text_found_at_other_position
164,13,食性,81,83,微寒,text_found_at_other_position
164,14,功效,88,92,补中益气,text_found_at_other_position
164,15,病症,94,98,痰气上喘,text_found_at_other_position
164,16,病症,100,103,五痔,entity_text_not_found_in_current_passage
164,17,病症,104,106,疮疥,text_found_at_other_position
164,18,食材,110,114,鸳鸯,entity_text_not_found_in_current_passage
164,19,食味,116,117,咸,text_found_at_other_position
164,20,食性,118,119,平,text_found_at_other_position
164,21,病症,125,127,痔瘘,text_found_at_other_position
164,22,病症,128,130,疥癣,text_found_at_other_position
164,23,烹饪方法,132,136,酒浸炙食,text_found_at_other_position
164,24,烹饪方法,137,140,热傅,entity_text_not_found_in_current_passage
164,25,医家,149,152,陶隐君,text_found_at_other_position
164,26,功效,181,187,令人容颜常美,text_found_at_other_position
164,27,食材,189,190,雁,text_found_at_other_position
164,28,食味,192,193,甘,text_found_at_other_position
164,29,食性,194,195,平,text_found_at_other_position
164,30,病症,200,205,风拘急偏枯,text_found_at_other_position
164,31,病症,206,210,气不通利,text_found_at_other_position
164,32,功效,213,217,益气力,entity_text_not_found_in_current_passage
164,33,功效,218,223,长须眉毛发,text_found_at_other_position
164,34,功效,224,228,轻身耐老,text_found_at_other_position
164,35,功效,229,234,杀诸石药毒,text_found_at_other_position
164,36,食材,236,237,鸭,text_found_at_other_position
164,37,食味,239,240,甘,text_found_at_other_position
164,38,食性,241,243,微凉,text_found_at_other_position
164,39,病症,248,252,风虚寒热,text_found_at_other_position
164,40,功效,254,257,和脏腑,text_found_at_other_position
164,41,功效,258,261,利水道,text_found_at_other_position
164,42,古籍来源,293,299,《证类本草》,text_found_at_other_position
164,43,古籍来源,303,310,《食疗本草》,entity_text_not_found_in_current_passage
165,1,食材,50,52,菱角,text_found_at_other_position
165,2,食味,6,7,甘,text_found_at_other_position
165,3,食性,8,9,寒,text_found_at_other_position
165,4,病症,26,30,伤脾胃,entity_text_not_found_in_current_passage
165,5,病症,31,34,发痼疾,text_found_at_other_position
165,6,病症,35,38,损阳事,text_found_at_other_position
165,7,古籍来源,40,45,《仙家方》,text_found_at_other_position
165,8,病症,55,60,腹胀满而痛,text_found_at_other_position
165,9,烹饪方法,61,66,热酒和姜饮,text_found_at_other_position
165,10,食材,73,77,孛荠,entity_text_not_found_in_current_passage
165,11,食味,79,80,甘,text_found_at_other_position
165,12,食性,81,83,微寒,text_found_at_other_position
165,13,食材,90,92,鸟芋,text_found_at_other_position
165,14,食材,96,98,凫茨,text_found_at_other_position
165,15,食材,121,124,猪薪脐,text_found_at_other_position
165,16,食材,139,142,羊薪脐,text_found_at_other_position
165,17,禁忌,145,153,损多益少而能发病,text_found_at_other_position
165,18,禁忌,157,162,孕妇忌之,entity_text_not_found_in_current_passage
165,19,古籍来源,166,171,《日华子》,text_found_at_other_position
165,20,功效,175,178,消风毒,text_found_at_other_position
165,21,功效,179,182,泻胃热,text_found_at_other_position
165,22,病症,184,186,黄疽,text_found_at_other_position
165,23,病症,187,190,下五麻,text_found_at_other_position
165,24,食材,264,266,莲子,text_found_at_other_position
165,25,食味,198,199,甘,text_found_at_other_position
165,26,食性,200,201,平,text_found_at_other_position
165,27,功效,202,205,助心气,text_found_at_other_position
165,28,功效,206,209,止烦渴,text_found_at_other_position
165,29,功效,210,212,洽痢,text_found_at_other_position
165,30,功效,213,219,补十二经气血,text_found_at_other_position
165,31,功效,221,224,理腰疼,text_found_at_other_position
165,32,病症,225,229,泄精自浊,text_found_at_other_position
165,33,医家,230,233,孙真人,text_found_at_other_position
165,34,禁忌,237,241,须去心食,text_found_at_other_position
165,35,病症,245,247,霍乱,text_found_at_other_position
165,36,古籍来源,249,254,《得效方》,text_found_at_other_position
165,37,病症,258,262,久痢不止,text_found_at_other_position
165,38,烹饪方法,330,332,为末,text_found_at_other_position
165,39,食材,282,285,陈米汤,text_found_at_other_position
165,40,食材,326,328,荷叶,text_found_at_other_position
165,41,功效,293,296,除烦闷,text_found_at_other_position
165,42,功效,297,300,止焦渴,text_found_at_other_position
165,43,功效,301,304,治呕血,text_found_at_other_position
165,44,功效,305,307,吐血,text_found_at_other_position
165,45,功效,308,311,杀蕈毒,text_found_at_other_position
165,46,古籍来源,313,318,《验应方》,text_found_at_other_position
165,47,病症,321,323,吐血,text_found_at_other_position
165,48,食材,333,336,清米汤,text_found_at_other_position
166,1,古籍来源,0,6,《百一选方》,exact_match
166,2,病症,15,21,霍乱吐泻不止,text_found_at_other_position
166,3,食材,36,39,广陈皮,text_found_at_other_position
166,4,食材,43,46,真藿香,text_found_at_other_position
166,5,烹饪方法,55,56,煎,text_found_at_other_position
166,6,古籍来源,67,72,《活人方》,text_found_at_other_position
166,7,病症,80,82,伤寒,text_found_at_other_position
166,8,病症,83,87,一切杂病,text_found_at_other_position
166,9,病症,89,91,呕哕,text_found_at_other_position
166,10,病症,92,97,手足逆冷,entity_text_not_found_in_current_passage
166,11,食材,99,101,橘红,text_found_at_other_position
166,12,食材,104,106,生姜,text_found_at_other_position
166,13,烹饪方法,112,113,煎,text_found_at_other_position
166,14,古籍来源,127,130,张氏方,text_found_at_other_position
166,15,病症,133,137,妇人吹乳,text_found_at_other_position
166,16,病症,138,146,结核肿痛不可忍者,text_found_at_other_position
166,17,食材,148,151,广陈皮,text_found_at_other_position
166,18,烹饪方法,160,161,炒,text_found_at_other_position
166,19,烹饪方法,173,174,研,text_found_at_other_position
166,20,食材,168,170,麝香,text_found_at_other_position
166,21,病症,197,203,小肠疝气偏坠,text_found_at_other_position
166,22,病症,204,208,坚大疼痛,text_found_at_other_position
166,23,病症,211,213,腰疼,text_found_at_other_position
166,24,烹饪方法,214,215,炒,text_found_at_other_position
166,25,食材,238,244,橙子瓤,entity_text_not_found_in_current_passage
166,26,食味,248,249,酸,text_found_at_other_position
166,27,功效,250,253,止恶心,text_found_at_other_position
166,28,食味,264,265,辛,text_found_at_other_position
166,29,食味,266,267,甘,text_found_at_other_position
166,30,食性,268,269,平,text_found_at_other_position
166,31,功效,273,279,散肠胃中恶气,text_found_at_other_position
166,32,功效,280,282,顺气,text_found_at_other_position
166,33,功效,287,293,除胃中浮风气,text_found_at_other_position
166,34,功效,294,296,消食,text_found_at_other_position
166,35,食材,316,317,梨,text_found_at_other_position
166,36,食味,319,320,甘,text_found_at_other_position
166,37,食味,321,322,酸,text_found_at_other_position
166,38,食性,323,324,平,text_found_at_other_position
166,39,功效,338,340,解热,text_found_at_other_position
166,40,功效,340,343,止渴,entity_text_not_found_in_current_passage
166,41,功效,344,348,利大小肠,text_found_at_other_position
166,42,功效,349,352,治火嗽,text_found_at_other_position
166,43,禁忌,355,360,多食发金疮,text_found_at_other_position
166,44,禁忌,361,364,成衿痢,text_found_at_other_position
166,45,禁忌,365,373,产妇乳母忌食之,entity_text_not_found_in_current_passage
166,46,古籍来源,384,392,《是斋百-选方》,text_found_at_other_position
167,1,食材,7,11,鲈鱼,entity_text_not_found_in_current_passage
167,2,食味,13,14,甘,text_found_at_other_position
167,3,食性,15,16,平,text_found_at_other_position
167,4,功效,17,20,补五脏,text_found_at_other_position
167,5,功效,21,24,益筋骨,text_found_at_other_position
167,6,功效,27,30,和肠胃,text_found_at_other_position
167,7,功效,31,34,下水气,text_found_at_other_position
167,8,病症,72,74,痃癖,text_found_at_other_position
167,9,病症,76,78,疮肿,text_found_at_other_position
167,10,烹饪方法,94,96,作鲱,text_found_at_other_position
167,11,烹饪方法,99,101,暴干,text_found_at_other_position
167,12,食性,108,110,小毒,text_found_at_other_position
167,13,食材,137,139,鲫鱼,text_found_at_other_position
167,14,食味,127,128,甘,text_found_at_other_position
167,15,食性,129,130,温,text_found_at_other_position
167,16,功效,143,146,补脾胃,text_found_at_other_position
167,17,病症,167,172,泄痢久不愈,text_found_at_other_position
167,18,功效,189,192,治诸疮,text_found_at_other_position
167,19,烹饪方法,193,195,烧焦,text_found_at_other_position
167,20,烹饪方法,199,201,调涂,text_found_at_other_position
167,21,功效,220,226,治胃弱不下食,text_found_at_other_position
167,22,病症,241,243,劳症,text_found_at_other_position
167,23,病症,244,248,发热咳嗽,text_found_at_other_position
167,24,烹饪方法,263,266,刮去鳞,text_found_at_other_position
167,25,烹饪方法,267,270,剖去肠,text_found_at_other_position
167,26,烹饪方法,271,273,洗净,text_found_at_other_position
167,27,烹饪方法,306,309,煨令熟,text_found_at_other_position
167,28,医家,36,39,沈存中,text_found_at_other_position
167,29,医家,205,207,丹溪,text_found_at_other_position
167,30,古籍来源,159,162,千金方,text_found_at_other_position
167,31,古籍来源,183,185,本草,text_found_at_other_position
167,32,古籍来源,229,232,钱氏方,text_found_at_other_position
167,33,古籍来源,343,347,证类本草,text_found_at_other_position
168,1,食味,5,6,苦,text_found_at_other_position
168,2,食性,7,8,寒,text_found_at_other_position
168,3,功效,9,16,除心腹邪热烦渴,text_found_at_other_position
168,4,功效,17,22,治口舌焦燥,text_found_at_other_position
168,5,功效,23,26,益目,entity_text_not_found_in_current_passage
168,6,病症,31,37,小儿惊风痰热,text_found_at_other_position
168,7,功效,59,63,清心化热,text_found_at_other_position
168,8,功效,64,69,利痰凉惊,entity_text_not_found_in_current_passage
168,9,食材,41,42,黄,text_found_at_other_position
168,10,病症,46,58,大人小儿惊痫搐搦烦热之疾,text_found_at_other_position
168,11,食材,71,74,马肉,entity_text_not_found_in_current_passage
168,12,食味,78,80,苦辛,text_found_at_other_position
168,13,食性,81,82,衿,text_found_at_other_position
168,14,禁忌,83,86,有小毒,text_found_at_other_position
168,15,功效,100,103,壮筋骨,text_found_at_other_position
168,16,功效,104,107,强腰脊,text_found_at_other_position
168,17,功效,108,112,强志轻身,text_found_at_other_position
168,18,功效,113,117,消热下气,text_found_at_other_position
168,19,食材,121,122,茎,text_found_at_other_position
168,20,食味,126,128,酸甘,text_found_at_other_position
168,21,食性,129,130,平,text_found_at_other_position
168,22,禁忌,131,133,无毒,text_found_at_other_position
168,23,功效,139,147,主男子阴痿不起,entity_text_not_found_in_current_passage
168,24,功效,148,151,益精气,text_found_at_other_position
168,25,食材,158,161,骡肉,entity_text_not_found_in_current_passage
168,26,食味,165,166,辛,text_found_at_other_position
168,27,食性,167,168,温,text_found_at_other_position
168,28,禁忌,169,172,有小毒,text_found_at_other_position
168,29,禁忌,178,183,食之不益人,text_found_at_other_position
168,30,禁忌,184,189,孕妇忌食,entity_text_not_found_in_current_passage
168,31,食材,191,194,驴肉,entity_text_not_found_in_current_passage
168,32,食味,198,199,甘,text_found_at_other_position
168,33,食性,200,202,微凉,text_found_at_other_position
168,34,禁忌,203,205,无毒,text_found_at_other_position
168,35,功效,211,214,疗风狂,text_found_at_other_position
168,36,功效,215,219,解心烦,entity_text_not_found_in_current_passage
168,37,功效,220,225,治忧愁不乐,text_found_at_other_position
168,38,食材,227,228,头,text_found_at_other_position
168,39,食味,232,233,甘,text_found_at_other_position
168,40,食性,234,236,微凉,text_found_at_other_position
168,41,功效,242,247,治头风眩晕,text_found_at_other_position
168,42,病症,248,253,口眼喁斜,entity_text_not_found_in_current_passage
168,43,病症,254,258,语言蹇涩,text_found_at_other_position
168,44,病症,259,263,一身动摇,text_found_at_other_position
168,45,病症,264,268,筋骨酸疼,text_found_at_other_position
168,46,病症,269,273,心肺浮热,text_found_at_other_position
168,47,烹饪方法,281,282,焊,text_found_at_other_position
168,48,烹饪方法,283,284,洗,text_found_at_other_position
168,49,烹饪方法,287,288,蒸,text_found_at_other_position
168,50,烹饪方法,292,294,细切,text_found_at_other_position
169,1,古籍来源,0,5,伤寒论类方,exact_match
169,2,古籍来源,6,10,脉义简摩,exact_match
169,3,古籍来源,11,16,伤寒论特解,exact_match
169,4,古籍来源,17,21,脉诀汇辨,exact_match
169,5,古籍来源,22,27,伤寒论集注,exact_match
169,6,古籍来源,32,36,脉学辑要,exact_match
169,7,古籍来源,37,42,伤塞论集注,exact_match
169,8,古籍来源,48,52,脉经直指,exact_match
169,9,古籍来源,53,58,伤寒微旨论,exact_match
169,10,古籍来源,59,63,脉理正义,exact_match
169,11,古籍来源,64,69,伤寒溯源集,exact_match
169,12,古籍来源,70,74,脉理存真,exact_match
169,13,古籍来源,75,81,订正医圣全集,exact_match
169,14,古籍来源,82,86,脉理宗经,exact_match
169,15,古籍来源,87,93,伤寒启蒙集稿,exact_match
169,16,古籍来源,94,98,脉镜须知,exact_match
169,17,古籍来源,99,105,伤寒尚论辨似,exact_match
169,18,古籍来源,106,110,察病指南,exact_match
169,19,古籍来源,111,117,伤寒兼证析义,exact_match
169,20,古籍来源,118,123,崔真人脉诀,exact_match
169,21,古籍来源,124,130,张卿子伤寒论,exact_match
169,22,古籍来源,131,137,四诊脉鉴大全,exact_match
169,23,古籍来源,138,144,金匮要略正义,exact_match
169,24,古籍来源,145,151,删注脉诀规正,exact_match
169,25,古籍来源,152,158,金匮要略直解,exact_match
169,26,古籍来源,159,165,图注脉诀辨真,exact_match
169,27,古籍来源,166,172,高注金匮要略,exact_match
169,28,古籍来源,173,179,脉诀刊误集解,exact_match
169,29,古籍来源,180,187,伤寒论大方图解,exact_match
169,30,古籍来源,188,194,重订诊家直诀,exact_match
169,31,古籍来源,195,202,伤寒论辨证广注,exact_match
169,32,古籍来源,203,211,人元脉影归措图说,exact_match
169,33,古籍来源,212,219,伤寒活人指掌图,exact_match
169,34,古籍来源,220,228,脉诀指掌病式图说,exact_match
169,35,古籍来源,229,236,张仲景金匮要略,exact_match
169,36,古籍来源,237,245,脉学注释汇参证治,exact_match
169,37,古籍来源,246,254,伤寒六书纂要辨疑,exact_match
169,38,古籍来源,255,259,针灸推拿,exact_match
169,39,古籍来源,260,268,伤寒六经辨证治法,exact_match
169,40,古籍来源,269,273,针灸节要,exact_match
169,41,古籍来源,274,282,伤寒类书活人总括,exact_match
169,42,古籍来源,283,287,针灸全生,exact_match
169,43,古籍来源,288,297,张仲景伤寒原文点精,exact_match
169,44,古籍来源,298,302,针灸逢源,exact_match
169,45,古籍来源,303,313,伤寒活人指掌补注辨疑,exact_match
169,46,古籍来源,314,318,备急灸法,exact_match
169,47,古籍来源,324,328,神灸经纶,exact_match
169,48,古籍来源,332,337,传悟灵济录,exact_match
169,49,古籍来源,338,341,玉函经,exact_match
169,50,古籍来源,342,348,小儿推拿广意,exact_match
169,51,古籍来源,353,359,小儿推拿秘诀,exact_match
169,52,古籍来源,360,364,舌鉴辨正,exact_match
169,53,古籍来源,365,371,太乙神针心法,exact_match
169,54,古籍来源,372,376,医学辑要,exact_match
169,55,古籍来源,377,384,杨敬斋针灸全书,exact_match
170,1,食材,63,64,虾,text_found_at_other_position
170,2,食味,66,67,辛,text_found_at_other_position
170,3,食味,68,69,甘,text_found_at_other_position
170,4,病症,6,12,小儿赤毒热疮,exact_match
170,5,病症,13,17,脐肠腹痛,exact_match
170,6,病症,18,22,胃气虚乏,exact_match
170,7,古籍来源,24,28,《食疗》,exact_match
170,8,病症,33,39,小儿疳瘦肚大,text_found_at_other_position
170,9,病症,40,44,虚劳烦热,text_found_at_other_position
170,10,病症,45,49,心中邪热,text_found_at_other_position
170,11,病症,51,55,腹内水气,text_found_at_other_position
170,12,食材,231,233,鲥鱼,text_found_at_other_position
170,13,食味,168,169,甘,text_found_at_other_position
170,14,食性,170,171,温,text_found_at_other_position
170,15,食性,172,173,平,text_found_at_other_position
170,16,功效,203,206,快胃气,text_found_at_other_position
170,17,功效,207,210,补虚劳,text_found_at_other_position
170,18,禁忌,217,220,忌食之,text_found_at_other_position
170,19,古籍来源,222,228,《渔翁口诀》,text_found_at_other_position
170,20,烹饪方法,261,262,煎,text_found_at_other_position
170,21,烹饪方法,273,274,蒸,text_found_at_other_position
170,22,食材,310,314,鲚鱼,entity_text_not_found_in_current_passage
170,23,食味,316,317,甘,text_found_at_other_position
170,24,食味,318,319,辛,text_found_at_other_position
170,25,禁忌,320,325,食之不益人,text_found_at_other_position
170,26,病症,326,330,助火动痰,text_found_at_other_position
170,27,病症,331,334,发疮疥,text_found_at_other_position
171,1,食材,15,17,羊肉,text_found_at_other_position
171,2,食味,21,22,甘,text_found_at_other_position
171,3,食性,23,25,大热,text_found_at_other_position
171,4,病症,32,36,五劳七伤,text_found_at_other_position
171,5,病症,37,41,脏气虚寒,text_found_at_other_position
171,6,病症,42,46,腰膝羸弱,text_found_at_other_position
171,7,功效,47,50,壮筋骨,text_found_at_other_position
171,8,功效,51,54,厚肠胃,text_found_at_other_position
171,9,食材,55,56,头,text_found_at_other_position
171,10,食性,59,61,微凉,text_found_at_other_position
171,11,病症,63,67,骨蒸脑热,text_found_at_other_position
171,12,病症,69,73,头眩目昏,text_found_at_other_position
171,13,病症,74,78,小儿惊痫,text_found_at_other_position
171,14,食材,79,80,乳,text_found_at_other_position
171,15,食味,84,85,甘,text_found_at_other_position
171,16,食性,87,88,温,text_found_at_other_position
171,17,功效,89,92,润心肺,text_found_at_other_position
171,18,功效,93,96,补虚劳,text_found_at_other_position
171,19,功效,97,100,止消渴,text_found_at_other_position
171,20,食材,101,102,肝,text_found_at_other_position
171,21,食味,106,107,甘,text_found_at_other_position
171,22,食性,108,109,凉,text_found_at_other_position
171,23,功效,110,116,治目中诸疾,entity_text_not_found_in_current_passage
171,24,食材,117,118,肾,exact_match
171,25,功效,121,124,补肾气,text_found_at_other_position
171,26,功效,125,128,益精髓,text_found_at_other_position
171,27,食材,223,226,绿豆粉,text_found_at_other_position
171,28,食味,230,231,甘,text_found_at_other_position
171,29,食性,232,233,凉,text_found_at_other_position
171,30,食性,234,235,平,text_found_at_other_position
171,31,功效,240,243,解诸热,text_found_at_other_position
171,32,食材,271,273,冬瓜,text_found_at_other_position
171,33,食味,277,278,甘,text_found_at_other_position
171,34,食性,279,281,微寒,text_found_at_other_position
171,35,功效,294,298,下热毒,entity_text_not_found_in_current_passage
171,36,功效,299,302,解消渴,text_found_at_other_position
171,37,功效,303,306,差五淋,text_found_at_other_position
171,38,功效,307,312,消小腹水胀,text_found_at_other_position
171,39,功效,313,316,利小便,text_found_at_other_position
171,40,功效,317,321,压丹石毒,text_found_at_other_position
171,41,禁忌,323,332,久病与阴虚人忌食之,text_found_at_other_position
171,42,食材,335,336,梨,text_found_at_other_position
171,43,食味,338,339,甘,text_found_at_other_position
171,44,食味,340,341,酸,text_found_at_other_position
171,45,食性,342,343,平,text_found_at_other_position
171,46,功效,358,362,解热止渴,text_found_at_other_position
171,47,功效,363,367,利大小肠,text_found_at_other_position
171,48,病症,369,373,火嗽热喘,text_found_at_other_position
171,49,禁忌,374,380,多食发金疮,entity_text_not_found_in_current_passage
171,50,禁忌,381,384,成冷痢,text_found_at_other_position
171,51,禁忌,385,392,产妇乳母忌食之,text_found_at_other_position
171,52,食材,406,408,木耳,text_found_at_other_position
171,53,食性,413,414,衿,text_found_at_other_position
171,54,功效,418,424,治肠癖下血,entity_text_not_found_in_current_passage
171,55,功效,426,428,凉血,text_found_at_other_position
171,56,禁忌,429,434,勿与小儿食,text_found_at_other_position
171,57,食材,442,445,鹿角莱,text_found_at_other_position
171,58,食性,448,451,大寒,entity_text_not_found_in_current_passage
171,59,功效,455,460,散风热邪气,text_found_at_other_position
171,60,病症,462,468,小儿骨蒸劳热,text_found_at_other_position
171,61,禁忌,474,481,大人不可久食,entity_text_not_found_in_current_passage
171,62,禁忌,482,487,有损少颜色,text_found_at_other_position
171,63,食材,488,490,樱桃,text_found_at_other_position
171,64,食味,494,495,甘,text_found_at_other_position
171,65,食性,496,497,温,text_found_at_other_position
171,66,食性,499,500,热,text_found_at_other_position
171,67,功效,501,505,调中气,entity_text_not_found_in_current_passage
171,68,功效,506,509,益脾气,text_found_at_other_position
171,69,功效,510,515,令人美颜色,text_found_at_other_position
171,70,禁忌,543,548,小儿尤忌之,text_found_at_other_position
171,71,食材,563,565,鳖肉,text_found_at_other_position
171,72,食味,569,570,甘,text_found_at_other_position
171,73,食性,571,572,平,text_found_at_other_position
171,74,功效,577,580,补劳伤,text_found_at_other_position
171,75,功效,581,584,壮阳气,text_found_at_other_position
171,76,功效,585,590,峻补阴不足,text_found_at_other_position
171,77,禁忌,591,594,恶矾石,text_found_at_other_position
171,78,食材,595,597,青鱼,text_found_at_other_position
171,79,食味,601,602,甘,text_found_at_other_position
172,1,食材,9,10,酱,exact_match
172,2,食味,12,13,咸,exact_match
172,3,食味,14,15,甘,exact_match
172,4,食性,16,17,平,exact_match
172,5,功效,21,26,除热止烦满,exact_match
172,6,食材,64,65,醋,text_found_at_other_position
172,7,食味,67,68,酸,text_found_at_other_position
172,8,食性,69,70,温,text_found_at_other_position
172,9,食性,71,72,平,text_found_at_other_position
172,10,功效,76,79,消肿毒,text_found_at_other_position
172,11,功效,80,83,散水气,text_found_at_other_position
172,12,功效,84,87,杀邪毒,text_found_at_other_position
172,13,功效,88,92,消癖块,entity_text_not_found_in_current_passage
172,14,功效,93,96,破血迷,text_found_at_other_position
172,15,古籍来源,101,106,《救急方》,text_found_at_other_position
172,16,病症,110,118,产后血虚眩运不醒,text_found_at_other_position
172,17,食材,158,159,酒,text_found_at_other_position
172,18,食味,161,162,苦,text_found_at_other_position
172,19,食味,163,164,甘,text_found_at_other_position
172,20,食味,165,166,辛,text_found_at_other_position
172,21,食性,167,168,温,text_found_at_other_position
172,22,食性,169,171,大热,text_found_at_other_position
172,23,功效,186,189,杀百邪,text_found_at_other_position
172,24,功效,190,193,敌寒气,text_found_at_other_position
172,25,功效,194,197,驱恶毒,text_found_at_other_position
172,26,功效,198,201,通血脉,text_found_at_other_position
172,27,功效,202,205,厚肠胃,text_found_at_other_position
172,28,医家,206,209,孙真人,text_found_at_other_position
172,29,医家,231,234,朱丹溪,text_found_at_other_position
172,30,病症,264,268,恶寒战栗,text_found_at_other_position
172,31,病症,323,325,呕吐,text_found_at_other_position
172,32,病症,327,329,疼痒,text_found_at_other_position
173,1,食材,7,9,芋梗,exact_match
173,2,食材,50,54,山药,entity_text_not_found_in_current_passage
173,3,食味,56,57,甘,text_found_at_other_position
173,4,食性,58,59,温,text_found_at_other_position
173,5,食性,60,61,平,text_found_at_other_position
173,6,功效,65,70,补诸虚百损,text_found_at_other_position
173,7,病症,71,75,面上游风,text_found_at_other_position
173,8,病症,76,81,腰间衿气,entity_text_not_found_in_current_passage
173,9,功效,84,89,强阴益精气,text_found_at_other_position
173,10,食材,198,200,生姜,text_found_at_other_position
173,11,食性,105,106,温,text_found_at_other_position
173,12,食味,103,104,辛,text_found_at_other_position
173,13,病症,127,129,伤寒,text_found_at_other_position
173,14,病症,130,134,伤风头疼,text_found_at_other_position
173,15,病症,135,139,九窍不利,text_found_at_other_position
173,16,归经,141,143,入肺,text_found_at_other_position
173,17,功效,143,145,开胃,text_found_at_other_position
173,18,功效,146,149,止呕吐,text_found_at_other_position
173,19,病症,152,156,咳嗽喘急,text_found_at_other_position
173,20,功效,157,162,去腹中寒气,text_found_at_other_position
173,21,功效,163,166,解臭秽,text_found_at_other_position
173,22,功效,167,170,散风寒,text_found_at_other_position
173,23,功效,171,174,通神明,text_found_at_other_position
173,24,古籍来源,178,183,《经验方》,text_found_at_other_position
173,25,病症,187,196,霍乱吐泻转筋欲死者,text_found_at_other_position
173,26,食材,236,238,生姜,text_found_at_other_position
173,27,烹饪方法,202,205,捣碎,entity_text_not_found_in_current_passage
173,28,食材,206,208,清酒,text_found_at_other_position
173,29,烹饪方法,208,209,煎,text_found_at_other_position
173,30,古籍来源,218,223,《活人书》,text_found_at_other_position
173,31,病症,227,234,一切咳呃欲死者,text_found_at_other_position
173,32,食材,91,95,生姜,text_found_at_other_position
173,33,食材,241,243,半夏,text_found_at_other_position
173,34,烹饪方法,251,252,煎,text_found_at_other_position
173,35,食材,263,267,胡椒,entity_text_not_found_in_current_passage
173,36,食味,269,270,辛,text_found_at_other_position
173,37,食性,124,125,热,text_found_at_other_position
173,38,功效,276,280,温中下气,text_found_at_other_position
173,39,病症,282,286,心腹冷积,text_found_at_other_position
173,40,医家,297,299,丹溪,text_found_at_other_position
173,41,功效,306,308,快膈,text_found_at_other_position
173,42,功效,321,325,燥肠胃,entity_text_not_found_in_current_passage
173,43,古籍来源,362,370,《本草衍义补遗》,text_found_at_other_position
174,1,食材,26,28,鳖甲,text_found_at_other_position
174,2,食材,67,71,胡黄连,entity_text_not_found_in_current_passage
174,3,食材,77,79,青蒿,text_found_at_other_position
174,4,食材,170,174,螃蟹,entity_text_not_found_in_current_passage
174,5,食材,192,195,紫苏汁,text_found_at_other_position
174,6,食材,201,204,冬瓜汁,text_found_at_other_position
174,7,食味,176,177,甘,text_found_at_other_position
174,8,食味,178,179,寒,text_found_at_other_position
174,9,食味,181,182,咸,text_found_at_other_position
174,10,功效,128,134,大补阴之不足,text_found_at_other_position
174,11,功效,296,298,破血,text_found_at_other_position
174,12,功效,231,235,养筋益气,text_found_at_other_position
174,13,功效,226,230,通气散血,text_found_at_other_position
174,14,病症,22,24,难产,text_found_at_other_position
174,15,病症,53,57,骨热劳瘦,text_found_at_other_position
174,16,病症,208,214,胸中邪热结聚,text_found_at_other_position
174,17,病症,215,219,火气炽郁,text_found_at_other_position
174,18,病症,220,225,口喁面偏,entity_text_not_found_in_current_passage
174,19,病症,321,323,漆疮,text_found_at_other_position
174,20,病症,347,354,疥疮湿癣久不愈,text_found_at_other_position
174,21,禁忌,306,310,孕妇忌食,text_found_at_other_position
174,22,禁忌,369,376,蟹莫与红柿同食,text_found_at_other_position
174,23,古籍来源,10,16,《子母秘录》,exact_match
174,24,古籍来源,87,91,《左传》,text_found_at_other_position
174,25,古籍来源,118,123,《日华子》,text_found_at_other_position
174,26,古籍来源,237,241,《图经》,text_found_at_other_position
174,27,古籍来源,338,343,《百一方》,text_found_at_other_position
174,28,古籍来源,361,365,《食忌》,text_found_at_other_position
175,1,古籍来源,0,5,《急救方》,exact_match
175,2,病症,8,11,鱼骨鲠,exact_match
175,3,食材,25,28,银条鱼,exact_match
175,4,食味,29,30,甘,exact_match
175,5,食性,31,32,平,exact_match
175,6,功效,36,40,宽中健胃,exact_match
175,7,食材,42,44,生姜,exact_match
175,8,烹饪方法,44,46,作羹,exact_match
175,9,食材,49,52,少阳鱼,exact_match
175,10,食味,54,55,甘,exact_match
175,11,食味,56,57,咸,exact_match
175,12,食性,58,59,寒,exact_match
175,13,病症,64,70,男子自浊膏淋,exact_match
175,14,病症,73,77,玉茎涩痛,exact_match
175,15,食材,78,81,河豚鱼,exact_match
175,16,食味,85,86,甘,exact_match
175,17,食性,87,88,肥,exact_match
175,18,禁忌,101,112,"食之不得法,亦杀人",entity_text_not_found_in_current_passage
175,19,医家,116,119,孙真人,exact_match
175,20,病症,124,128,中河豚毒,text_found_at_other_position
175,21,食材,130,132,芦根,text_found_at_other_position
175,22,烹饪方法,132,134,杵汁,text_found_at_other_position
175,23,食材,136,138,蓝锭,text_found_at_other_position
175,24,食材,142,145,陈粪青,text_found_at_other_position
175,25,食材,148,151,黑鲤鱼,text_found_at_other_position
175,26,禁忌,176,181,人不宜食之,text_found_at_other_position
175,27,古籍来源,193,198,《诸鱼论》,text_found_at_other_position
175,28,禁忌,201,231,"凡鱼头有自色如连珠至脊上者,腹中无胆者。头中无鳃者,并杀人",entity_text_not_found_in_current_passage
175,29,禁忌,232,243,鱼汁不可合鸬鹚肉食之,entity_text_not_found_in_current_passage
175,30,食材,244,246,鲫鱼,text_found_at_other_position
175,31,禁忌,246,250,不可合猴,text_found_at_other_position
175,32,食材,251,253,雉肉,text_found_at_other_position
175,33,禁忌,256,266,鳅鳍不可和自犬血食之,text_found_at_other_position
175,34,食材,268,271,鲤鱼子,text_found_at_other_position
175,35,食材,285,288,青鱼鲱,text_found_at_other_position
175,36,禁忌,288,303,不可合生胡荽及生葵并麦酱食之,entity_text_not_found_in_current_passage
175,37,食材,304,305,虾,text_found_at_other_position
175,38,禁忌,305,318,无须及腹中通黑及煮之反自者,text_found_at_other_position
176,1,食材,13,14,酒,exact_match
176,2,食味,25,26,甘,exact_match
176,3,食性,27,28,温,exact_match
176,4,功效,29,36,除湿调中利小便,exact_match
176,5,禁忌,37,44,多饮亦能动痰火,exact_match
176,6,食材,46,50,柑子,entity_text_not_found_in_current_passage
176,7,食味,56,57,甘,text_found_at_other_position
176,8,食味,58,59,酸,text_found_at_other_position
176,9,食性,60,61,平,text_found_at_other_position
176,10,古籍来源,96,100,《衍义》,text_found_at_other_position
176,11,食材,123,126,蜜陀柑,text_found_at_other_position
176,12,食材,128,130,木柑,text_found_at_other_position
176,13,食材,131,133,黄柑,text_found_at_other_position
176,14,食材,134,136,乳柑,text_found_at_other_position
176,15,食材,137,139,石柑,text_found_at_other_position
176,16,食材,140,142,沙柑,text_found_at_other_position
176,17,食材,143,145,青柑,text_found_at_other_position
176,18,食材,149,151,山柑,text_found_at_other_position
176,19,病症,163,166,喉咽痛,text_found_at_other_position
176,20,食材,177,179,朱橘,text_found_at_other_position
176,21,食材,180,182,乳橘,text_found_at_other_position
176,22,食材,183,185,山橘,text_found_at_other_position
176,23,食材,186,188,金橘,text_found_at_other_position
176,24,食味,198,200,甘酸,text_found_at_other_position
176,25,功效,205,211,止渴润燥生津,text_found_at_other_position
176,26,禁忌,212,221,多则恋膈生痰滞肺气,text_found_at_other_position
176,27,禁忌,222,226,病者忌之,text_found_at_other_position
176,28,古籍来源,229,235,《吕氏春秋》,text_found_at_other_position
176,29,食材,333,335,橘皮,text_found_at_other_position
176,30,功效,277,283,治胸中疲热,entity_text_not_found_in_current_passage
176,31,功效,284,289,下气止吐逆,text_found_at_other_position
176,32,病症,290,292,呕吐,text_found_at_other_position
176,33,病症,293,295,霍乱,text_found_at_other_position
176,34,功效,296,299,消痰饮,text_found_at_other_position
176,35,功效,300,304,逐水化谷,text_found_at_other_position
176,36,功效,305,314,刻除膀胱停流热水,entity_text_not_found_in_current_passage
176,37,功效,315,319,顺气和中,text_found_at_other_position
176,38,功效,320,324,快膈通神,text_found_at_other_position
176,39,医家,326,329,刘禹锡,text_found_at_other_position
176,40,食味,345,346,辛,text_found_at_other_position
176,41,食味,346,347,苦,text_found_at_other_position
176,42,食味,347,348,甘,text_found_at_other_position
176,43,食性,348,349,平,text_found_at_other_position
176,44,功效,350,353,能散,entity_text_not_found_in_current_passage
176,45,功效,353,355,能泻,text_found_at_other_position
176,46,功效,356,358,能温,text_found_at_other_position
176,47,功效,358,360,能补,text_found_at_other_position
176,48,功效,361,364,能和益,text_found_at_other_position
176,49,功效,365,369,能消膈气,text_found_at_other_position
176,50,功效,370,373,化痰涎,text_found_at_other_position
176,51,功效,374,380,和脾止咳嗽,entity_text_not_found_in_current_passage
176,52,功效,381,384,通五淋,text_found_at_other_position
176,53,病症,385,391,中酒呕吐恶心,text_found_at_other_position
176,54,烹饪方法,392,394,煎饮,text_found_at_other_position
177,1,医家,13,15,傅滋,exact_match
177,2,医家,99,102,刘以仁,exact_match
177,3,医家,268,271,刘仕廉,exact_match
177,4,古籍来源,0,7,养性轩临证医案,exact_match
177,5,古籍来源,8,12,医学集成,exact_match
177,6,古籍来源,17,24,养新堂医论读本,exact_match
177,7,古籍来源,25,29,医学辩害,exact_match
177,8,古籍来源,30,37,祝茹穹先生医印,exact_match
177,9,古籍来源,38,42,医经允中,exact_match
177,10,古籍来源,43,50,谦益斋外科医案,exact_match
177,11,古籍来源,51,55,医钞类编,exact_match
177,12,古籍来源,56,64,太医局诸科程文格,exact_match
177,13,古籍来源,65,69,证治合参,exact_match
177,14,古籍来源,70,78,古今医家经论汇编,exact_match
177,15,古籍来源,79,83,宝命真诠,exact_match
177,16,古籍来源,84,92,莲斋医意立斋案疏,exact_match
177,17,古籍来源,93,97,活人心法,exact_match
177,18,古籍来源,104,108,家藏蒙筌,exact_match
177,19,古籍来源,113,118,心印绀珠经,exact_match
177,20,古籍来源,119,124,医学读书志,exact_match
177,21,古籍来源,125,130,雪潭居医约,exact_match
177,22,古籍来源,131,137,医学读书附志,exact_match
177,23,古籍来源,138,143,嵩匡尊生书,exact_match
177,24,古籍来源,149,155,医书汇参辑成,exact_match
177,25,古籍来源,156,160,元汇医镜,exact_match
177,26,古籍来源,161,167,罗氏会约医镜,exact_match
177,27,古籍来源,168,172,平法寓言,exact_match
177,28,古籍来源,173,179,罗浩医书二种,exact_match
177,29,古籍来源,180,184,寿芝医略,exact_match
177,30,古籍来源,185,191,景岳全书发挥,exact_match
177,31,古籍来源,192,196,杏苑生春,exact_match
177,32,古籍来源,197,203,寿身小补家藏,exact_match
177,33,古籍来源,204,208,医林正印,exact_match
177,34,古籍来源,209,216,胡文焕医书三种,exact_match
177,35,古籍来源,217,221,医法青篇,exact_match
177,36,古籍来源,222,230,铁如意轩医书四种,exact_match
177,37,古籍来源,231,235,医学五则,exact_match
177,38,古籍来源,236,245,脉药联珠药性食物考,exact_match
177,39,古籍来源,246,250,医学汇函,exact_match
177,40,古籍来源,251,261,汉阳叶氏丛刻医集二种,exact_match
178,1,食材,30,32,面筋,exact_match
178,2,食材,63,65,甘草,exact_match
178,3,食材,81,82,酒,exact_match
178,4,食材,110,112,桔皮,exact_match
178,5,食材,116,118,生姜,exact_match
178,6,食材,149,151,熟油,text_found_at_other_position
178,7,食材,152,154,豆酱,text_found_at_other_position
178,8,食材,156,158,花椒,text_found_at_other_position
178,9,食材,159,161,胡椒,text_found_at_other_position
178,10,食材,163,165,杏仁,text_found_at_other_position
178,11,食材,471,473,蚶子,text_found_at_other_position
178,12,烹饪方法,16,17,蒸,exact_match
178,13,烹饪方法,85,86,煮,exact_match
178,14,烹饪方法,208,209,晒,text_found_at_other_position
178,15,烹饪方法,261,262,劈,text_found_at_other_position
178,16,烹饪方法,290,291,烹,text_found_at_other_position
178,17,烹饪方法,170,171,拌,text_found_at_other_position
178,18,烹饪方法,185,186,揉,text_found_at_other_position
178,19,烹饪方法,2,3,封,exact_match
179,1,食材,35,37,蛤蜊,exact_match
179,2,食材,27,28,葱,exact_match
179,3,食材,186,188,桔皮,text_found_at_other_position
179,4,食材,250,253,花椒,entity_text_not_found_in_current_passage
180,1,食材,98,101,熟螃蟹,text_found_at_other_position
180,2,食材,104,106,蟹肉,text_found_at_other_position
180,3,食材,64,66,花椒,text_found_at_other_position
180,4,食材,39,41,粉皮,text_found_at_other_position
180,5,食材,134,137,干荷叶,text_found_at_other_position
180,6,食材,154,156,鸡蛋,text_found_at_other_position
180,7,食材,157,160,野鸭蛋,text_found_at_other_position
180,8,食材,3,4,盐,exact_match
180,9,食材,195,197,蟹油,text_found_at_other_position
180,10,食材,197,199,蟹黄,text_found_at_other_position
180,11,食材,269,271,生姜,text_found_at_other_position
180,12,食材,286,288,淀粉,text_found_at_other_position
180,13,食材,261,265,螃蟹壳,entity_text_not_found_in_current_passage
180,14,食材,350,354,细馅馒头,text_found_at_other_position
180,15,食材,361,364,黄草布,text_found_at_other_position
180,16,烹饪方法,20,21,蒸,exact_match
180,17,烹饪方法,52,53,熬,text_found_at_other_position
180,18,烹饪方法,59,60,捣,text_found_at_other_position
180,19,烹饪方法,364,366,包裹,text_found_at_other_position
180,20,烹饪方法,16,17,铺,exact_match
180,21,烹饪方法,43,44,切,text_found_at_other_position
180,22,烹饪方法,288,290,勾芡,text_found_at_other_position
180,23,食疗方,231,233,蟹鳖,text_found_at_other_position
181,1,食材,239,240,米,text_found_at_other_position
181,2,食材,3,4,曲,exact_match
181,3,食材,191,193,桑灰,text_found_at_other_position
181,4,食材,194,196,粟灰,text_found_at_other_position
181,5,食材,197,201,生粟炭灰,text_found_at_other_position
181,6,烹饪方法,4,6,捣碎,exact_match
181,7,烹饪方法,394,396,拌和,text_found_at_other_position
181,8,烹饪方法,50,51,浇,exact_match
181,9,烹饪方法,220,221,煅,text_found_at_other_position
181,10,烹饪方法,201,202,筛,text_found_at_other_position
181,11,烹饪方法,151,152,榨,exact_match
181,12,烹饪方法,163,165,澄清,exact_match
181,13,烹饪方法,174,175,煮,exact_match
181,14,烹饪方法,58,59,覆,exact_match
181,15,烹饪方法,85,86,打,exact_match
181,16,烹饪方法,107,108,解,exact_match
181,17,烹饪方法,272,273,捞,text_found_at_other_position
181,18,烹饪方法,445,446,装,text_found_at_other_position
181,19,烹饪方法,463,464,舀,text_found_at_other_position
181,20,烹饪方法,117,118,盖,exact_match
181,21,烹饪方法,511,512,试,text_found_at_other_position
182,1,古籍来源,177,187,《云林堂巢饮食制度》,text_found_at_other_position
182,2,医家,84,86,何胤,exact_match
182,3,医家,134,137,苏东坡,exact_match
182,4,医家,15,17,姚咨,exact_match
183,1,食材,17,19,烧鹅,exact_match
183,2,食材,268,272,蜜酿蝤蛑,exact_match
183,3,食材,30,33,煮麸千,exact_match
183,4,食材,37,40,雪簋菜,exact_match
183,5,食材,43,47,青虾卷熘,exact_match
183,6,医家,76,78,袁枚,exact_match
183,7,古籍来源,181,187,《随园食单》,exact_match
183,8,医家,194,196,倪瓒,exact_match
183,9,食材,208,211,云林鹅,exact_match
183,10,古籍来源,223,228,《养小录》,exact_match
183,11,食材,287,291,芙蓉蟹斗,exact_match
183,12,食材,297,301,雪花蟹斗,exact_match
183,13,古籍来源,332,342,《云林堂饮食制度巢》,text_found_at_other_position
183,14,医家,523,526,王利器,text_found_at_other_position
183,15,烹饪方法,198,199,烧,exact_match
184,1,食材,11,13,真粉,text_found_at_other_position
184,2,食材,15,16,蜜,text_found_at_other_position
184,3,食材,72,74,麝香,text_found_at_other_position
184,4,食材,6,7,藕,text_found_at_other_position
184,5,食材,135,137,茉莉,text_found_at_other_position
184,6,食材,144,146,芽茶,text_found_at_other_position
184,7,烹饪方法,3,4,灌,text_found_at_other_position
184,8,烹饪方法,38,39,煮,text_found_at_other_position
184,9,烹饪方法,190,191,晒,text_found_at_other_position
184,10,烹饪方法,207,208,蒸,exact_match
184,11,烹饪方法,47,48,啖,text_found_at_other_position
187,1,食材,6,8,鱼肉,exact_match
187,2,食材,13,15,鱼头,exact_match
187,3,食材,30,31,肉,exact_match
187,4,食材,107,109,蔬素,text_found_at_other_position
187,5,烹饪方法,8,9,熬,exact_match
187,6,古籍来源,127,137,《云林堂集饮食制度》,text_found_at_other_position
187,7,医家,76,78,何胤,text_found_at_other_position
187,8,医家,97,99,东坡,text_found_at_other_position
188,1,食材,48,50,黄梅,text_found_at_other_position
188,2,食材,114,116,乌梅,text_found_at_other_position
188,3,食材,78,80,甘草,text_found_at_other_position
188,4,食材,85,87,花椒,text_found_at_other_position
188,5,食材,88,90,茴香,text_found_at_other_position
188,6,食材,238,240,生姜,text_found_at_other_position
188,7,烹饪方法,51,52,蒸,text_found_at_other_position
188,8,烹饪方法,136,137,煎,text_found_at_other_position
188,9,烹饪方法,152,153,杵,text_found_at_other_position
188,10,烹饪方法,354,355,捣,text_found_at_other_position
188,11,烹饪方法,177,178,焙,text_found_at_other_position
188,12,烹饪方法,103,104,晒,text_found_at_other_position
188,13,烹饪方法,30,31,切,exact_match
188,14,烹饪方法,96,97,拌,text_found_at_other_position
188,15,食疗方,38,45,黄梅汤,entity_text_not_found_in_current_passage
188,16,食疗方,106,113,凤池汤,entity_text_not_found_in_current_passage
189,1,食材,51,53,蛤蜊,exact_match
189,2,食材,78,80,新韭,exact_match
189,3,食材,81,83,胡葱,exact_match
189,4,食材,84,86,莱心,exact_match
189,5,食材,87,90,猪腰子,exact_match
189,6,食材,93,95,茭白,exact_match
189,7,食材,106,107,鸡,text_found_at_other_position
189,8,食材,205,207,鲥鱼,text_found_at_other_position
189,9,食材,9,11,花椒,exact_match
189,10,食材,13,15,砂仁,exact_match
189,11,食材,16,18,葱白,exact_match
189,12,食材,28,31,绿豆粉,exact_match
189,13,食材,32,34,面水,exact_match
189,14,食材,157,158,酒,text_found_at_other_position
189,15,食材,19,20,盐,exact_match
189,16,食材,21,22,醋,exact_match
189,17,烹饪方法,56,57,煮,exact_match
189,18,烹饪方法,140,141,炒,text_found_at_other_position
189,19,烹饪方法,194,195,蒸,text_found_at_other_position
189,20,烹饪方法,168,169,烹,text_found_at_other_position
190,1,食材,28,30,糯米,text_found_at_other_position
190,2,食材,21,23,薄荷,text_found_at_other_position
190,3,食材,67,69,粳米,text_found_at_other_position
190,4,食材,75,77,芡实,text_found_at_other_position
190,5,食材,81,83,人参,text_found_at_other_position
190,6,食材,86,88,白术,text_found_at_other_position
190,7,食材,89,91,茯苓,text_found_at_other_position
190,8,食材,104,107,白沙糖,text_found_at_other_position
190,9,食材,110,113,茴香,entity_text_not_found_in_current_passage
190,10,食材,150,152,赤豆,text_found_at_other_position
190,11,食材,41,43,豆沙,text_found_at_other_position
190,12,烹饪方法,49,50,蒸,text_found_at_other_position
190,13,烹饪方法,96,97,磨,text_found_at_other_position
190,14,烹饪方法,152,153,煮,text_found_at_other_position
190,15,烹饪方法,159,160,擦,text_found_at_other_position
190,16,烹饪方法,175,176,沥,text_found_at_other_position
190,17,烹饪方法,195,196,淘,text_found_at_other_position
190,18,烹饪方法,198,199,浸,text_found_at_other_position
190,19,食疗方,234,237,五香糕,text_found_at_other_position
190,20,食疗方,239,241,水团,text_found_at_other_position
190,21,食疗方,244,246,松糕,text_found_at_other_position
190,22,食疗方,249,252,生糖糕,text_found_at_other_position
191,1,食疗方,0,7,瑞香汤,entity_text_not_found_in_current_passage
191,2,食材,8,10,山药,text_found_at_other_position
191,3,食材,14,16,鸟梅,text_found_at_other_position
191,4,食材,19,21,甘草,text_found_at_other_position
191,5,食材,24,26,丁皮,text_found_at_other_position
191,6,食材,27,29,木香,text_found_at_other_position
191,7,烹饪方法,34,36,为末,text_found_at_other_position
191,8,食疗方,38,45,桂仙汤,entity_text_not_found_in_current_passage
191,9,食材,46,49,木樨花,text_found_at_other_position
191,10,食材,64,66,炒盐,text_found_at_other_position
191,11,烹饪方法,86,88,擂细,text_found_at_other_position
191,12,食材,89,92,甘草末,text_found_at_other_position
191,13,烹饪方法,96,98,滚汤,text_found_at_other_position
191,14,烹饪方法,101,102,泡,text_found_at_other_position
191,15,烹饪方法,73,74,和,text_found_at_other_position
191,16,烹饪方法,113,114,蒸,text_found_at_other_position
191,17,食材,119,121,炒盐,text_found_at_other_position
191,18,烹饪方法,105,106,和,text_found_at_other_position
191,19,烹饪方法,150,152,作末,text_found_at_other_position
191,20,烹饪方法,154,156,加汤,text_found_at_other_position
191,21,烹饪方法,156,159,作膏子,text_found_at_other_position
191,22,食疗方,160,163,香澄汤,text_found_at_other_position
191,23,食疗方,168,175,紫云汤,entity_text_not_found_in_current_passage
191,24,食材,176,178,甘草,text_found_at_other_position
191,25,食材,179,181,良姜,text_found_at_other_position
191,26,食材,182,184,桂皮,text_found_at_other_position
191,27,食材,188,190,砂仁,text_found_at_other_position
191,28,食材,191,193,千姜,text_found_at_other_position
191,29,食材,194,196,甘松,text_found_at_other_position
191,30,食材,201,203,檀香,text_found_at_other_position
191,31,烹饪方法,209,210,煎,text_found_at_other_position
191,32,烹饪方法,211,213,去渣,text_found_at_other_position
191,33,烹饪方法,217,219,调和,text_found_at_other_position
191,34,食材,230,232,良姜,text_found_at_other_position
191,35,烹饪方法,234,236,切碎,text_found_at_other_position
191,36,烹饪方法,239,240,炒,text_found_at_other_position
191,37,食材,243,245,茴香,text_found_at_other_position
191,38,烹饪方法,248,250,炒黄,text_found_at_other_position
191,39,食材,251,253,甘草,text_found_at_other_position
191,40,食材,256,258,炒盐,text_found_at_other_position
192,1,食材,12,14,姜丝,exact_match
192,2,食材,15,18,桔皮丝,exact_match
192,3,食材,179,181,白芷,text_found_at_other_position
192,4,食材,53,55,菘莱,text_found_at_other_position
192,5,食材,110,112,芥子,text_found_at_other_position
192,6,烹饪方法,4,5,煎,exact_match
192,7,烹饪方法,77,78,炒,text_found_at_other_position
192,8,烹饪方法,112,113,研,text_found_at_other_position
192,9,烹饪方法,138,139,泡,text_found_at_other_position
192,10,烹饪方法,164,165,滤,text_found_at_other_position
192,11,食味,85,86,淡,text_found_at_other_position
193,1,食材,5,7,甘松,exact_match
193,2,食材,9,11,藿香,exact_match
193,3,食材,12,14,檀香,exact_match
193,4,食材,21,23,丁皮,exact_match
193,5,食材,28,30,砂仁,exact_match
193,6,食材,34,37,白豆蔻,exact_match
193,7,食材,59,61,桔皮,exact_match
193,8,食材,68,70,茯苓,exact_match
193,9,食材,79,81,甘草,exact_match
193,10,烹饪方法,4,5,煮,exact_match
193,11,烹饪方法,40,41,煎,exact_match
193,12,烹饪方法,93,94,捣,exact_match
193,13,烹饪方法,159,160,熬,text_found_at_other_position
194,1,食材,16,19,孩儿茶,text_found_at_other_position
194,2,食材,21,23,芽茶,text_found_at_other_position
194,3,食材,27,30,白豆蔻,text_found_at_other_position
194,4,食材,31,33,射香,text_found_at_other_position
194,5,食材,40,42,檀香,text_found_at_other_position
194,6,食材,45,47,片脑,text_found_at_other_position
194,7,食材,52,54,甘草,text_found_at_other_position
194,8,食材,78,80,硼砂,text_found_at_other_position
194,9,食材,84,87,寒水石,text_found_at_other_position
194,10,食材,96,98,磔砂,text_found_at_other_position
194,11,食材,198,200,朱砂,text_found_at_other_position
194,12,食材,238,240,丹砂,text_found_at_other_position
194,13,食味,150,151,辛,text_found_at_other_position
194,14,食味,151,152,咸,text_found_at_other_position
194,15,食味,91,92,甘,text_found_at_other_position
194,16,食性,154,155,寒,text_found_at_other_position
194,17,功效,251,253,镇静,text_found_at_other_position
194,18,功效,254,256,安神,text_found_at_other_position
194,19,功效,266,268,防腐,text_found_at_other_position
194,20,病症,174,177,嗾科,entity_text_not_found_in_current_passage
194,21,食疗方,8,15,透顶香,entity_text_not_found_in_current_passage
194,22,食疗方,60,67,硼砂丸,entity_text_not_found_in_current_passage
194,23,烹饪方法,56,57,丸,text_found_at_other_position
194,24,烹饪方法,130,134,搓成丸状,text_found_at_other_position
194,25,烹饪方法,102,104,为衣,text_found_at_other_position
194,26,禁忌,283,291,防止丸药霉腐娈质,text_found_at_other_position
195,1,食材,0,1,萸,exact_match
195,2,食材,2,4,光鸟,exact_match
195,3,食材,9,11,陈皮,exact_match
195,4,食材,13,14,柏,exact_match
195,5,食材,16,18,香附,exact_match
195,6,食材,20,22,苍术,exact_match
195,7,食材,25,27,千姜,exact_match
195,8,食材,29,32,野菊花,exact_match
195,9,食材,33,35,杏仁,exact_match
195,10,食材,39,41,姜黄,exact_match
195,11,食材,43,45,薄荷,exact_match
195,12,食材,56,59,粳米粉,exact_match
195,13,食材,62,64,羰蓼,exact_match
195,14,食材,72,74,水姜,exact_match
195,15,食材,81,84,潸石末,exact_match
195,16,食材,102,104,荜拨,exact_match
195,17,食材,106,108,丁香,exact_match
195,18,食材,109,111,细辛,exact_match
195,19,食材,112,114,三赖,exact_match
195,20,食材,116,118,益智,exact_match
195,21,食材,119,121,丁皮,exact_match
195,22,食材,122,124,砂仁,exact_match
195,23,食材,147,149,桑椹,exact_match
195,24,食材,150,152,松枝,exact_match
195,25,食材,160,162,桔皮,exact_match
195,26,食材,163,165,沉香,exact_match
195,27,食材,166,168,木香,exact_match
195,28,食材,174,176,鸟头,text_found_at_other_position
195,29,食性,179,181,温热,text_found_at_other_position
195,30,食性,253,254,寒,text_found_at_other_position
195,31,食性,258,259,热,text_found_at_other_position
195,32,食味,251,252,苦,text_found_at_other_position
195,33,食味,582,583,辛,text_found_at_other_position
195,34,功效,260,262,清火,text_found_at_other_position
195,35,功效,263,265,解毒,text_found_at_other_position
195,36,功效,311,313,调经,text_found_at_other_position
195,37,功效,314,316,止痛,text_found_at_other_position
195,38,功效,354,356,化湿,text_found_at_other_position
195,39,功效,357,359,祛风,text_found_at_other_position
195,40,功效,363,367,治疗目疾,text_found_at_other_position
195,41,功效,460,464,行气活血,text_found_at_other_position
195,42,病症,188,191,风湿痛,text_found_at_other_position
195,43,病症,192,196,跌打伤痛,text_found_at_other_position
195,44,病症,593,597,胃寒腹痛,text_found_at_other_position
195,45,病症,599,603,呕吐泄泻,text_found_at_other_position
195,46,烹饪方法,77,79,舂汁,exact_match
195,47,烹饪方法,210,212,炮制,text_found_at_other_position
195,48,禁忌,128,143,"凡酒内止可用砂仁,余药皆不可用",exact_match
195,49,古籍来源,169,172,光鸟:,exact_match
195,50,古籍来源,226,229,费怕:,text_found_at_other_position
195,51,古籍来源,275,278,香附:,text_found_at_other_position
195,52,古籍来源,321,324,苍术:,text_found_at_other_position
195,53,古籍来源,372,375,千姜:,text_found_at_other_position
195,54,古籍来源,425,428,姜黄;,text_found_at_other_position
195,55,古籍来源,466,469,辣塞。,text_found_at_other_position
195,56,古籍来源,516,519,荜拨:,text_found_at_other_position
195,57,古籍来源,607,610,三赖:,text_found_at_other_position
196,1,食材,73,76,白糯米,text_found_at_other_position
196,2,食材,59,61,细曲,text_found_at_other_position
196,3,食材,64,66,红曲,text_found_at_other_position
196,4,食材,67,69,发糟,text_found_at_other_position
196,5,食材,31,32,面,text_found_at_other_position
196,6,烹饪方法,76,77,煮,text_found_at_other_position
196,7,烹饪方法,82,84,打碎,text_found_at_other_position
196,8,烹饪方法,87,88,和,text_found_at_other_position
196,9,烹饪方法,116,117,滤,text_found_at_other_position
196,10,烹饪方法,192,193,擀,text_found_at_other_position
196,11,烹饪方法,198,199,包,text_found_at_other_position
196,12,烹饪方法,240,242,发酵,text_found_at_other_position
196,13,烹饪方法,253,257,滤粕取酵,text_found_at_other_position
196,14,烹饪方法,179,183,和酵成剂,text_found_at_other_position
196,15,烹饪方法,188,190,摒匀,text_found_at_other_position
196,16,禁忌,147,159,天寒水冻则一周时过半盖,entity_text_not_found_in_current_passage
197,1,食材,5,7,芝麻,text_found_at_other_position
197,2,食材,10,12,沙糖,text_found_at_other_position
197,3,食材,15,17,饧糖,text_found_at_other_position
197,4,食材,21,23,炒面,text_found_at_other_position
197,5,食材,29,32,薄荷末,text_found_at_other_position
197,6,食材,68,71,大黄豆,text_found_at_other_position
197,7,食材,91,94,干沙糖,text_found_at_other_position
197,8,食材,131,134,白沙糖,text_found_at_other_position
197,9,食材,165,167,白面,text_found_at_other_position
197,10,食材,170,173,胡桃仁,text_found_at_other_position
197,11,烹饪方法,63,64,炒,text_found_at_other_position
197,12,烹饪方法,46,47,熬,text_found_at_other_position
197,13,烹饪方法,71,72,淘,text_found_at_other_position
197,14,烹饪方法,83,84,磨,text_found_at_other_position
197,15,烹饪方法,98,99,筛,text_found_at_other_position
197,16,烹饪方法,94,95,拌,text_found_at_other_position
197,17,烹饪方法,28,29,和,text_found_at_other_position
197,18,烹饪方法,41,43,切片,text_found_at_other_position
197,19,烹饪方法,119,120,脱,text_found_at_other_position
197,20,烹饪方法,201,203,溶开,text_found_at_other_position
197,21,烹饪方法,35,37,搜摒,text_found_at_other_position
197,22,食疗方,0,4,麻糖,entity_text_not_found_in_current_passage
197,23,食疗方,151,158,玛瑙团,entity_text_not_found_in_current_passage
198,1,烹饪方法,287,288,蒸,text_found_at_other_position
198,2,烹饪方法,110,111,搜,text_found_at_other_position
198,3,烹饪方法,18,19,和,exact_match
198,4,烹饪方法,3,4,烧,exact_match
198,5,食材,87,88,酵,exact_match
198,6,食材,104,105,碱,text_found_at_other_position
198,7,食材,40,41,水,exact_match
198,8,食材,55,56,汤,exact_match
198,9,食材,26,27,面,exact_match
198,10,食材,178,179,饼,text_found_at_other_position
198,11,烹饪方法,136,138,点水,text_found_at_other_position
198,12,烹饪方法,132,134,滚汤,text_found_at_other_position
198,13,烹饪方法,163,165,沸汤,text_found_at_other_position
198,14,烹饪方法,157,159,冷水,text_found_at_other_position
198,15,烹饪方法,148,150,胆冷,text_found_at_other_position
198,16,烹饪方法,172,176,沸汤便搜,text_found_at_other_position
198,17,烹饪方法,195,197,包馅,text_found_at_other_position
198,18,烹饪方法,201,203,盖住,text_found_at_other_position
198,19,烹饪方法,15,17,生火,exact_match
198,20,烹饪方法,232,234,和面,text_found_at_other_position
198,21,烹饪方法,47,49,发火,exact_match
198,22,烹饪方法,187,189,烧火,text_found_at_other_position
198,23,烹饪方法,44,46,上笼,exact_match
198,24,烹饪方法,50,52,猛烧,exact_match
198,25,烹饪方法,60,63,笼顶盖,exact_match
198,26,烹饪方法,65,70,一发火即定,exact_match
198,27,烹饪方法,75,78,再发火,exact_match
198,28,食材,93,95,搭酵,exact_match
198,29,食材,98,102,小酵,entity_text_not_found_in_current_passage
198,30,食材,327,329,大酵,text_found_at_other_position
198,31,烹饪方法,119,121,搜面,text_found_at_other_position
198,32,烹饪方法,376,380,点水便搜,text_found_at_other_position
198,33,烹饪方法,296,298,停火,text_found_at_other_position
198,34,烹饪方法,275,276,定,text_found_at_other_position
198,35,烹饪方法,447,449,发酵,text_found_at_other_position
199,1,古籍来源,151,157,《易牙遗意》,exact_match
199,2,古籍来源,80,85,《中馈录》,exact_match
199,3,古籍来源,88,94,《多能鄙事》,exact_match
199,4,古籍来源,183,194,《四库全书总目提要》,entity_text_not_found_in_current_passage
199,5,古籍来源,375,383,《西湖游览志余》,text_found_at_other_position
199,6,古籍来源,489,495,《夷门广读》,text_found_at_other_position
199,7,医家,239,241,韩奕,exact_match
199,8,医家,312,314,倪瓒,text_found_at_other_position
199,9,医家,315,317,袁枚,text_found_at_other_position
199,10,医家,272,275,黄省曾,text_found_at_other_position
199,11,医家,369,372,田妆成,text_found_at_other_position
199,12,医家,572,575,金家瑞,text_found_at_other_position
200,1,食材,60,62,盐豉,text_found_at_other_position
200,2,食材,71,73,醇酒,text_found_at_other_position
200,3,食材,182,183,酱,text_found_at_other_position
200,4,医家,209,212,周履靖,text_found_at_other_position
200,5,古籍来源,652,658,《夷门广读》,text_found_at_other_position
200,6,古籍来源,664,670,《梅颠选稿》,text_found_at_other_position
201,1,食材,28,30,大麦,exact_match
201,2,食材,75,77,黄豆,text_found_at_other_position
201,3,烹饪方法,6,7,打,exact_match
201,4,烹饪方法,30,32,磨粉,exact_match
201,5,烹饪方法,77,78,投,text_found_at_other_position
201,6,烹饪方法,197,199,揉搓,text_found_at_other_position
201,7,禁忌,58,63,过则味减矣,exact_match
201,8,禁忌,51,56,酱止宜周岁,exact_match
201,9,古籍来源,188,189,按,text_found_at_other_position
202,1,食材,20,22,猪肉,text_found_at_other_position
202,2,食材,56,58,胰脂,text_found_at_other_position
202,3,食材,71,73,香椒,text_found_at_other_position
202,4,食材,74,76,砂仁,text_found_at_other_position
202,5,食材,105,107,葱白,text_found_at_other_position
202,6,食材,124,127,绿豆粉,text_found_at_other_position
202,7,食材,137,139,白面,text_found_at_other_position
202,8,食材,143,144,盐,text_found_at_other_position
202,9,烹饪方法,50,51,煮,text_found_at_other_position
202,10,烹饪方法,58,59,研,text_found_at_other_position
202,11,烹饪方法,77,79,调和,text_found_at_other_position
202,12,烹饪方法,38,39,切,text_found_at_other_position
202,13,烹饪方法,70,71,下,text_found_at_other_position
202,14,烹饪方法,123,124,调,text_found_at_other_position
202,15,烹饪方法,159,160,搜,text_found_at_other_position
202,16,烹饪方法,39,40,作,text_found_at_other_position
202,17,食疗方,0,7,汤饼类,entity_text_not_found_in_current_passage
202,18,食疗方,132,136,馄饨,entity_text_not_found_in_current_passage
202,19,禁忌,256,259,不可多,text_found_at_other_position
203,1,食材,12,15,大蚕豆,exact_match
203,2,食材,117,120,红辣椒,text_found_at_other_position
203,3,食材,152,154,甜酒,text_found_at_other_position
203,4,食材,177,180,大黄豆,text_found_at_other_position
203,5,烹饪方法,18,19,泡,exact_match
203,6,烹饪方法,25,26,磨,text_found_at_other_position
203,7,烹饪方法,39,41,烫洗,text_found_at_other_position
203,8,烹饪方法,99,100,晒,text_found_at_other_position
203,9,烹饪方法,101,102,露,text_found_at_other_position
203,10,烹饪方法,182,183,煮,text_found_at_other_position
203,11,烹饪方法,20,21,捞,exact_match
203,12,食疗方,5,10,制辣豆瓣法,exact_match
203,13,食疗方,171,175,制豆豉法,text_found_at_other_position
205,1,食材,2,3,盐,exact_match
205,2,食材,6,8,酱油,exact_match
205,3,食材,10,11,酒,exact_match
205,4,食材,13,15,白糖,exact_match
205,5,食材,18,20,硝水,exact_match
205,6,食材,25,27,花椒,exact_match
205,7,食材,27,29,小茴,exact_match
205,8,食材,36,38,大茴,exact_match
205,9,食材,51,52,葱,text_found_at_other_position
205,10,食材,60,61,肉,text_found_at_other_position
205,11,食材,344,345,姜,text_found_at_other_position
205,12,食材,220,222,香料,text_found_at_other_position
205,13,烹饪方法,1,2,炒,exact_match
205,14,烹饪方法,44,45,研,exact_match
205,15,烹饪方法,56,58,切碎,text_found_at_other_position
205,16,烹饪方法,121,123,红烧,text_found_at_other_position
205,17,烹饪方法,149,150,熬,text_found_at_other_position
205,18,烹饪方法,138,140,捡去,text_found_at_other_position
205,19,烹饪方法,174,175,搅,text_found_at_other_position
205,20,烹饪方法,460,464,旋搅旋熬,text_found_at_other_position
205,21,烹饪方法,357,359,揉炒,text_found_at_other_position
205,22,烹饪方法,360,362,焙干,text_found_at_other_position
207,1,食材,161,163,鸭蛋,text_found_at_other_position
207,2,食材,178,180,烧酒,text_found_at_other_position
207,3,食材,197,200,甜酒糟,text_found_at_other_position
207,4,食材,72,73,盐,text_found_at_other_position
207,5,食材,17,19,炭灰,exact_match
207,6,食材,41,43,石灰,exact_match
207,7,食材,102,104,浓茶,text_found_at_other_position
207,8,食材,131,133,稻糠,text_found_at_other_position
207,9,烹饪方法,133,134,滚,text_found_at_other_position
207,10,烹饪方法,187,188,泡,text_found_at_other_position
207,11,烹饪方法,214,215,贮,text_found_at_other_position
207,12,烹饪方法,219,221,封固,text_found_at_other_position
207,13,烹饪方法,233,237,日晒夜露,text_found_at_other_position
208,1,食材,13,15,霜蟹,exact_match
208,2,食材,38,40,花椒,exact_match
208,3,食材,41,43,细盐,exact_match
208,4,食材,57,59,麻皮,exact_match
208,5,食材,72,74,皂角,exact_match
208,6,食材,80,81,酒,exact_match
208,7,食材,85,87,酱油,exact_match
208,8,食材,90,91,醋,exact_match
208,9,食材,114,116,饴糖,text_found_at_other_position
208,10,烹饪方法,40,41,炒,exact_match
208,11,烹饪方法,94,95,浸,exact_match
208,12,食疗方,4,8,制醉蟹法,exact_match
209,1,食材,54,57,大南枣,text_found_at_other_position
209,2,食材,67,69,人参,text_found_at_other_position
209,3,烹饪方法,60,61,蒸,text_found_at_other_position
209,4,烹饪方法,85,86,捣,text_found_at_other_position
209,5,功效,97,100,补气,entity_text_not_found_in_current_passage
209,6,食材,122,124,柿饼,text_found_at_other_position
209,7,食材,127,129,芝麻,text_found_at_other_position
209,8,食材,140,143,糯米粉,text_found_at_other_position
209,9,烹饪方法,135,136,炒,text_found_at_other_position
209,10,烹饪方法,153,154,研,text_found_at_other_position
209,11,烹饪方法,81,82,蒸,text_found_at_other_position
209,12,烹饪方法,179,180,捣,text_found_at_other_position
209,13,食材,235,237,糯米,text_found_at_other_position
209,14,烹饪方法,146,147,炒,text_found_at_other_position
209,15,烹饪方法,250,251,研,text_found_at_other_position
209,16,食材,257,260,红枣肉,text_found_at_other_position
209,17,烹饪方法,168,169,蒸,text_found_at_other_position
209,18,烹饪方法,192,193,捣,text_found_at_other_position
209,19,烹饪方法,200,202,晒干,text_found_at_other_position
209,20,食味,0,1,咸,exact_match
209,21,功效,108,112,不饥,entity_text_not_found_in_current_passage
209,22,食疗方,227,234,耐饥丸,entity_text_not_found_in_current_passage
209,23,古籍来源,42,52,制南枣法,entity_text_not_found_in_current_passage
210,1,食材,37,39,鸡鸭,text_found_at_other_position
210,2,食材,52,54,甜酱,text_found_at_other_position
210,3,食材,70,72,好酒,text_found_at_other_position
210,4,食材,76,78,花椒,text_found_at_other_position
210,5,食材,173,175,猪油,text_found_at_other_position
210,6,食材,308,310,鸡汤,text_found_at_other_position
210,7,食材,311,313,肉汤,text_found_at_other_position
210,8,烹饪方法,25,26,烧,text_found_at_other_position
210,9,烹饪方法,58,59,烹,text_found_at_other_position
210,10,烹饪方法,84,85,煮,text_found_at_other_position
210,11,烹饪方法,99,101,烧干,text_found_at_other_position
210,12,烹饪方法,109,111,翻转,text_found_at_other_position
210,13,烹饪方法,195,196,剥,text_found_at_other_position
210,14,烹饪方法,300,301,切,text_found_at_other_position
210,15,烹饪方法,262,263,晾,text_found_at_other_position
210,16,烹饪方法,154,156,取出,text_found_at_other_position
210,17,烹饪方法,162,163,装,text_found_at_other_position
210,18,烹饪方法,278,282,取出再晾,text_found_at_other_position
210,19,烹饪方法,313,314,埯,text_found_at_other_position
210,20,禁忌,112,116,勿使粘锅,text_found_at_other_position
211,1,食材,8,10,猪肉,text_found_at_other_position
211,2,食材,44,46,豆酱,text_found_at_other_position
211,3,食材,63,65,火腿,text_found_at_other_position
211,4,食材,114,116,香油,text_found_at_other_position
211,5,食材,123,125,甜酱,text_found_at_other_position
211,6,食材,126,128,白糖,text_found_at_other_position
211,7,食材,129,131,甜酒,text_found_at_other_position
211,8,食材,145,147,松子,text_found_at_other_position
211,9,食材,148,150,核桃,text_found_at_other_position
211,10,食材,151,153,瓜子,text_found_at_other_position
211,11,食材,180,182,面酱,text_found_at_other_position
211,12,食材,196,199,核桃仁,text_found_at_other_position
211,13,食材,208,211,花生仁,text_found_at_other_position
211,14,食材,225,228,松子仁,text_found_at_other_position
211,15,食材,231,234,瓜子仁,text_found_at_other_position
211,16,食材,237,239,桂皮,text_found_at_other_position
211,17,食材,243,245,砂仁,text_found_at_other_position
211,18,食材,263,266,猪板油,text_found_at_other_position
211,19,食材,271,274,鸡蛋黄,text_found_at_other_position
211,20,食材,275,278,绿豆粉,text_found_at_other_position
211,21,食材,282,285,酱油,entity_text_not_found_in_current_passage
211,22,食材,286,287,酒,text_found_at_other_position
211,23,烹饪方法,13,14,煮,text_found_at_other_position
211,24,烹饪方法,47,48,晒,text_found_at_other_position
211,25,烹饪方法,107,108,烧,text_found_at_other_position
211,26,烹饪方法,117,118,下,text_found_at_other_position
211,27,烹饪方法,85,86,泡,text_found_at_other_position
211,28,烹饪方法,158,159,炒,text_found_at_other_position
211,29,烹饪方法,165,166,收,text_found_at_other_position
211,30,烹饪方法,35,36,切,text_found_at_other_position
211,31,烹饪方法,41,42,腌,text_found_at_other_position
211,32,烹饪方法,297,299,捏丸,text_found_at_other_position
211,33,烹饪方法,287,289,调匀,text_found_at_other_position
211,34,食疗方,0,7,酱肉法,entity_text_not_found_in_current_passage
211,35,食疗方,51,60,火腿酱法,entity_text_not_found_in_current_passage
211,36,食疗方,252,261,猪油丸法,entity_text_not_found_in_current_passage
212,1,食材,3,5,香菰,exact_match
212,2,食材,7,9,冬笄,exact_match
212,3,食材,15,17,葱白,exact_match
212,4,食材,29,31,油丸,exact_match
212,5,食材,51,53,猪头,text_found_at_other_position
212,6,食材,136,138,大蒜,text_found_at_other_position
212,7,食材,185,187,柑花,text_found_at_other_position
212,8,食材,182,184,芥末,text_found_at_other_position
212,9,食材,228,230,甜酱,text_found_at_other_position
212,10,食材,323,326,猪后脚,text_found_at_other_position
212,11,食材,342,344,香蕈,text_found_at_other_position
212,12,食材,376,378,白糖,text_found_at_other_position
212,13,烹饪方法,23,24,煮,exact_match
212,14,烹饪方法,42,43,蒸,exact_match
212,15,烹饪方法,390,391,炒,text_found_at_other_position
212,16,烹饪方法,71,72,擦,text_found_at_other_position
212,17,烹饪方法,10,11,切,exact_match
212,18,烹饪方法,220,221,塞,text_found_at_other_position
212,19,烹饪方法,360,362,扯碎,text_found_at_other_position
215,1,食材,3,7,牛肉,entity_text_not_found_in_current_passage
215,2,食材,12,14,鹿肉,text_found_at_other_position
215,3,食材,30,31,盐,text_found_at_other_position
215,4,烹饪方法,124,125,晒,text_found_at_other_position
215,5,烹饪方法,75,76,压,text_found_at_other_position
215,6,烹饪方法,147,148,滚,text_found_at_other_position
215,7,食材,215,216,鸭,text_found_at_other_position
215,8,食材,251,252,鸡,text_found_at_other_position
215,9,烹饪方法,258,260,宰洗,text_found_at_other_position
215,10,烹饪方法,288,289,烘,text_found_at_other_position
215,11,食材,292,294,甜酱,text_found_at_other_position
215,12,烹饪方法,303,304,烹,text_found_at_other_position
215,13,烹饪方法,322,323,煮,text_found_at_other_position
215,14,食材,333,335,甜酒,text_found_at_other_position
215,15,食材,336,338,清酱,text_found_at_other_position
215,16,食材,339,340,椒,text_found_at_other_position
215,17,食材,401,403,八角,text_found_at_other_position
215,18,烹饪方法,352,353,墩,text_found_at_other_position
215,19,食材,358,360,椒末,text_found_at_other_position
215,20,食材,361,363,葱珠,text_found_at_other_position
216,1,食材,0,1,盐,exact_match
216,2,食材,14,16,冰糖,exact_match
216,3,食材,90,92,甜姜,exact_match
216,4,食材,106,108,梅杏,text_found_at_other_position
216,5,食材,248,250,蒜头,text_found_at_other_position
216,6,食味,99,100,咸,text_found_at_other_position
216,7,食味,276,278,辛辣,text_found_at_other_position
216,8,食味,358,359,甜,text_found_at_other_position
216,9,烹饪方法,7,8,腌,exact_match
216,10,烹饪方法,31,32,煎,exact_match
216,11,烹饪方法,205,206,晒,text_found_at_other_position
216,12,烹饪方法,269,270,泡,text_found_at_other_position
216,13,烹饪方法,184,185,压,text_found_at_other_position
216,14,烹饪方法,344,346,封贮,text_found_at_other_position
216,15,禁忌,170,177,切勿伤破其皮,entity_text_not_found_in_current_passage
217,1,食材,10,11,虾,exact_match
217,2,食材,40,42,鸡蛋,text_found_at_other_position
217,3,食材,43,46,蓑豆粉,text_found_at_other_position
217,4,食材,47,50,香圆丝,text_found_at_other_position
217,5,食材,51,54,香菇丝,text_found_at_other_position
217,6,食材,55,58,瓜子仁,text_found_at_other_position
217,7,食材,59,61,豆油,text_found_at_other_position
217,8,食材,94,96,猪油,text_found_at_other_position
217,9,食材,98,99,蒜,text_found_at_other_position
217,10,食材,154,156,鱼肉,text_found_at_other_position
217,11,食材,157,159,香油,text_found_at_other_position
217,12,食材,202,204,梗灰,text_found_at_other_position
217,13,烹饪方法,82,83,煮,text_found_at_other_position
217,14,烹饪方法,99,100,炙,text_found_at_other_position
217,15,烹饪方法,263,265,烧热,text_found_at_other_position
217,16,禁忌,133,138,不可太熟,entity_text_not_found_in_current_passage
217,17,禁忌,238,244,勿令透风走气,text_found_at_other_position
217,18,禁忌,275,283,若少停。便娈味,entity_text_not_found_in_current_passage
219,1,食材,3,4,芥,text_found_at_other_position
219,2,食材,46,47,莱,text_found_at_other_position
219,3,食材,142,144,白莱,text_found_at_other_position
219,4,食材,234,236,白粜,text_found_at_other_position
219,5,烹饪方法,43,44,煮,text_found_at_other_position
219,6,烹饪方法,148,149,烫,text_found_at_other_position
219,7,烹饪方法,74,75,煎,text_found_at_other_position
219,8,烹饪方法,66,67,切,text_found_at_other_position
219,9,烹饪方法,236,237,披,text_found_at_other_position
219,10,烹饪方法,91,92,泡,text_found_at_other_position
219,11,烹饪方法,164,166,收贮,text_found_at_other_position
219,12,烹饪方法,190,191,灌,text_found_at_other_position
219,13,烹饪方法,193,194,掩,text_found_at_other_position
219,14,食疗方,128,139,做酸白莱法,entity_text_not_found_in_current_passage
220,1,食材,12,14,鸡蛋,text_found_at_other_position
220,2,食材,0,1,酱,exact_match
220,3,食材,195,197,猪肉,text_found_at_other_position
220,4,食材,218,220,豆粉,text_found_at_other_position
220,5,食材,221,224,鸡蛋清,text_found_at_other_position
220,6,食材,225,227,豆油,text_found_at_other_position
220,7,食材,228,230,甜酒,text_found_at_other_position
220,8,食材,231,233,花椒,text_found_at_other_position
220,9,食材,234,236,八角,text_found_at_other_position
220,10,食材,252,253,葱,text_found_at_other_position
220,11,食材,244,247,落花生,text_found_at_other_position
220,12,烹饪方法,21,22,腌,text_found_at_other_position
220,13,烹饪方法,36,37,煮,text_found_at_other_position
220,14,烹饪方法,163,164,煎,text_found_at_other_position
220,15,烹饪方法,295,296,蒸,text_found_at_other_position
220,16,烹饪方法,133,134,卷,text_found_at_other_position
220,17,食疗方,64,74,白煮蛋法,entity_text_not_found_in_current_passage
221,1,食材,7,8,芝,text_found_at_other_position
221,2,食材,12,14,葱藻,text_found_at_other_position
221,3,食材,18,19,枣,text_found_at_other_position
221,4,食材,21,22,栗,text_found_at_other_position
221,5,食材,27,28,瓜,text_found_at_other_position
221,6,食材,97,98,鱼,text_found_at_other_position
221,7,食材,108,109,豚,text_found_at_other_position
221,8,食材,110,111,熊,text_found_at_other_position
221,9,食材,91,92,盐,text_found_at_other_position
221,10,食材,92,93,梅,text_found_at_other_position
221,11,古籍来源,79,82,《易》,text_found_at_other_position
221,12,古籍来源,87,90,《书》,text_found_at_other_position
221,13,古籍来源,100,103,《诗》,text_found_at_other_position
221,14,古籍来源,113,116,《传》,text_found_at_other_position
221,15,古籍来源,195,199,《礼记》,text_found_at_other_position
221,16,烹饪方法,26,27,削,text_found_at_other_position
221,17,烹饪方法,29,30,钻,text_found_at_other_position
221,18,烹饪方法,96,97,烹,text_found_at_other_position
221,19,烹饪方法,454,455,煮,text_found_at_other_position
222,1,食材,7,8,乳,exact_match
222,2,食材,171,173,乳皮,text_found_at_other_position
222,3,食材,134,136,芝麻,text_found_at_other_position
222,4,食材,137,140,胡桃仁,text_found_at_other_position
222,5,食材,206,208,米醋,text_found_at_other_position
222,6,烹饪方法,4,6,烫洗,exact_match
222,7,烹饪方法,13,14,挤,exact_match
222,8,烹饪方法,56,57,装,text_found_at_other_position
222,9,烹饪方法,65,67,烫滚,text_found_at_other_position
222,10,烹饪方法,45,46,取,exact_match
222,11,烹饪方法,110,112,煎化,text_found_at_other_position
222,12,烹饪方法,143,144,研,text_found_at_other_position
222,13,烹饪方法,148,150,筛过,text_found_at_other_position
222,14,烹饪方法,150,153,调匀,entity_text_not_found_in_current_passage
222,15,烹饪方法,224,225,捏,text_found_at_other_position
222,16,烹饪方法,230,232,成饼,text_found_at_other_position
222,17,烹饪方法,19,21,烫热,exact_match
222,18,功效,177,183,补益之功更大,text_found_at_other_position
222,19,食味,161,162,咸,text_found_at_other_position
222,20,古籍来源,371,373,原书,text_found_at_other_position
223,1,食材,0,7,荔枝肉,entity_text_not_found_in_current_passage
223,2,食材,31,34,荚油,entity_text_not_found_in_current_passage
223,3,食材,70,71,酒,text_found_at_other_position
223,4,食材,74,76,清酱,text_found_at_other_position
223,5,食材,89,96,八宝肉,entity_text_not_found_in_current_passage
223,6,食材,129,131,鹰爪,text_found_at_other_position
223,7,食材,135,137,香蕈,text_found_at_other_position
223,8,食材,140,143,花海蜇,text_found_at_other_position
223,9,食材,148,151,胡桃肉,text_found_at_other_position
223,10,食材,156,158,笋片,text_found_at_other_position
223,11,食材,162,164,火腿,text_found_at_other_position
223,12,食材,167,169,麻油,text_found_at_other_position
223,13,食材,180,182,秋油,text_found_at_other_position
223,14,食材,234,237,夹心肉,text_found_at_other_position
223,15,食材,254,256,鸡蛋,text_found_at_other_position
223,16,食材,287,293,糖醋蕃茄卤汁,text_found_at_other_position
223,17,食材,347,349,茶芽,text_found_at_other_position
223,18,食材,422,424,嫩茶,text_found_at_other_position
223,19,烹饪方法,20,21,煮,text_found_at_other_position
223,20,烹饪方法,42,43,炮,text_found_at_other_position
223,21,烹饪方法,184,185,煨,text_found_at_other_position
223,22,烹饪方法,276,277,炸,text_found_at_other_position
223,23,烹饪方法,295,297,拌炒,text_found_at_other_position
223,24,烹饪方法,11,12,切,text_found_at_other_position
223,25,烹饪方法,25,27,撩起,text_found_at_other_position
223,26,古籍来源,337,341,负暄杂录,text_found_at_other_position
224,1,食材,366,367,鸡,text_found_at_other_position
224,2,食材,368,369,鱼,text_found_at_other_position
224,3,食材,370,371,鹅,text_found_at_other_position
224,4,食材,374,375,鸭,text_found_at_other_position
224,5,食材,399,401,甲鱼,text_found_at_other_position
224,6,烹饪方法,19,20,烹,exact_match
224,7,烹饪方法,152,153,烧,exact_match
224,8,烹饪方法,161,162,蒸,exact_match
224,9,烹饪方法,15,16,杀,exact_match
224,10,烹饪方法,22,23,熟,exact_match
224,11,烹饪方法,25,26,吃,exact_match
224,12,养生原则,354,358,不恤人功,text_found_at_other_position
224,13,养生原则,361,365,不懵物力,text_found_at_other_position
224,14,古籍来源,414,416,尚书,text_found_at_other_position
225,1,食材,1,3,白莱,exact_match
225,2,食材,10,11,肉,exact_match
225,3,食材,45,47,秋油,text_found_at_other_position
225,4,食材,48,49,酒,text_found_at_other_position
225,5,食材,57,59,木屑,text_found_at_other_position
225,6,食材,102,104,精肉,text_found_at_other_position
225,7,食材,110,112,清酱,text_found_at_other_position
225,8,食材,125,129,大虾肉,entity_text_not_found_in_current_passage
225,9,食材,133,135,猪油,text_found_at_other_position
225,10,食材,175,178,莱油,entity_text_not_found_in_current_passage
225,11,食材,212,214,鸡汤,text_found_at_other_position
225,12,食材,229,231,蒸粉,text_found_at_other_position
225,13,食材,233,234,葱,text_found_at_other_position
225,14,食材,235,236,椒,text_found_at_other_position
225,15,食材,265,269,猪里脊肉,text_found_at_other_position
225,16,食材,274,278,熟火腿末,text_found_at_other_position
225,17,食材,350,352,绿豆,text_found_at_other_position
225,18,食材,345,346,粉,text_found_at_other_position
225,19,烹饪方法,38,39,煨,text_found_at_other_position
225,20,烹饪方法,35,36,熏,exact_match
225,21,烹饪方法,106,107,切,text_found_at_other_position
225,22,烹饪方法,161,163,敲扁,text_found_at_other_position
225,23,烹饪方法,167,168,煮,text_found_at_other_position
225,24,烹饪方法,169,171,撩起,text_found_at_other_position
225,25,烹饪方法,174,175,熬,text_found_at_other_position
225,26,烹饪方法,195,197,灌熟,text_found_at_other_position
225,27,烹饪方法,218,220,熬滚,text_found_at_other_position
225,28,烹饪方法,237,238,糁,text_found_at_other_position
225,29,烹饪方法,292,294,濯熟,text_found_at_other_position
225,30,烹饪方法,355,357,沉淀,text_found_at_other_position
225,31,烹饪方法,358,360,沥干,text_found_at_other_position
225,32,食疗方,93,100,芙蓉肉,entity_text_not_found_in_current_passage
226,1,食材,26,28,燕窝,exact_match
226,2,食材,16,18,鸡汁,exact_match
226,3,食材,19,22,蘑菇汁,exact_match
226,4,食材,170,172,海参,text_found_at_other_position
226,5,食材,115,117,肉汤,text_found_at_other_position
226,6,食材,140,142,香蕈,text_found_at_other_position
226,7,食材,144,146,木耳,text_found_at_other_position
226,8,食材,187,189,芥末,text_found_at_other_position
226,9,食材,209,211,笋丁,text_found_at_other_position
226,10,食材,228,231,豆腐皮,text_found_at_other_position
226,11,食材,232,234,鸡腿,text_found_at_other_position
226,12,食材,235,237,蘑菇,text_found_at_other_position
226,13,食材,254,256,鱼翅,text_found_at_other_position
226,14,食材,321,323,虾子,text_found_at_other_position
226,15,食材,329,331,香鼙,text_found_at_other_position
226,16,烹饪方法,95,96,煨,text_found_at_other_position
226,17,烹饪方法,260,261,煮,text_found_at_other_position
226,18,烹饪方法,192,193,拌,text_found_at_other_position
226,19,烹饪方法,323,325,红烧,text_found_at_other_position
226,20,烹饪方法,107,108,泡,text_found_at_other_position
226,21,烹饪方法,117,119,滚泡,text_found_at_other_position
226,22,烹饪方法,202,203,切,text_found_at_other_position
226,23,古籍来源,340,342,观8,text_found_at_other_position
226,24,医家,177,180,钱观察,text_found_at_other_position
226,25,医家,222,225,蒋侍郎,text_found_at_other_position
228,1,食材,3,5,清酱,exact_match
228,2,食材,6,8,酒娘,exact_match
228,3,食材,19,21,鸡炀,exact_match
228,4,食材,439,441,鲟鱼,text_found_at_other_position
228,5,食材,81,83,鳇鱼,text_found_at_other_position
228,6,食材,122,124,瓜羡,text_found_at_other_position
228,7,食材,126,128,葱花,text_found_at_other_position
228,8,食材,157,159,明骨,text_found_at_other_position
228,9,食材,168,170,鸡汤,text_found_at_other_position
228,10,食材,203,206,葱椒韭,text_found_at_other_position
228,11,食材,209,211,姜汁,text_found_at_other_position
228,12,食材,221,223,黄鱼,text_found_at_other_position
228,13,食材,228,230,酱酒,text_found_at_other_position
228,14,烹饪方法,0,1,煎,exact_match
228,15,烹饪方法,62,63,煨,text_found_at_other_position
228,16,烹饪方法,80,81,炒,text_found_at_other_position
228,17,烹饪方法,92,94,切片,text_found_at_other_position
228,18,烹饪方法,95,97,油炮,text_found_at_other_position
228,19,烹饪方法,243,245,爆炒,text_found_at_other_position
228,20,烹饪方法,21,22,煮,exact_match
228,21,禁忌,24,28,或去其背,exact_match
228,22,禁忌,29,33,专取肚皮,exact_match
228,23,禁忌,34,40,则真味全失矣,exact_match
228,24,医家,47,51,尹文端公,text_found_at_other_position
228,25,医家,253,256,尹继菁,text_found_at_other_position
229,1,食材,13,15,豆粉,text_found_at_other_position
229,2,食材,329,332,绿豆粉,text_found_at_other_position
229,3,食材,354,355,酒,text_found_at_other_position
229,4,食材,356,357,盐,text_found_at_other_position
229,5,食材,358,360,味精,text_found_at_other_position
229,6,食材,364,366,淀粉,text_found_at_other_position
229,7,食材,136,137,麸,text_found_at_other_position
229,8,古籍来源,125,130,《汉制考》,text_found_at_other_position
231,1,食材,13,15,甲鱼,text_found_at_other_position
231,2,烹饪方法,3,4,炒,text_found_at_other_position
231,3,烹饪方法,62,63,煮,text_found_at_other_position
231,4,烹饪方法,132,133,煎,text_found_at_other_position
231,5,烹饪方法,144,145,煨,text_found_at_other_position
231,6,食材,19,21,麻油,text_found_at_other_position
231,7,食材,26,28,秋油,text_found_at_other_position
231,8,食材,31,33,鸡汁,text_found_at_other_position
231,9,食材,48,49,酱,text_found_at_other_position
231,10,食材,78,79,葱,text_found_at_other_position
231,11,食材,79,80,椒,text_found_at_other_position
231,12,食材,123,125,脂油,text_found_at_other_position
231,13,食材,143,144,酒,text_found_at_other_position
231,14,食材,161,162,蒜,text_found_at_other_position
231,15,食材,168,169,姜,text_found_at_other_position
231,16,食材,170,171,糖,text_found_at_other_position
231,17,食材,225,228,大回香,text_found_at_other_position
231,18,食材,196,197,盐,text_found_at_other_position
231,19,食材,259,261,笋尖,text_found_at_other_position
231,20,食疗方,99,109,带骨甲鱼,entity_text_not_found_in_current_passage
231,21,古籍来源,38,45,真定魏太守家法,text_found_at_other_position
231,22,古籍来源,93,96,杭州法,text_found_at_other_position
231,23,古籍来源,282,289,苏州唐静涵家祛,text_found_at_other_position
232,1,食材,6,8,淡莱,text_found_at_other_position
232,2,食材,32,34,海螅,text_found_at_other_position
232,3,食材,70,73,鸟鱼蛋,text_found_at_other_position
232,4,食材,121,123,贻贝,text_found_at_other_position
232,5,食材,171,173,海螺,text_found_at_other_position
232,6,食材,178,180,海蜒,text_found_at_other_position
232,7,食材,226,228,鸟鱼,text_found_at_other_position
232,8,食材,231,233,蠡鱼,text_found_at_other_position
232,9,烹饪方法,8,9,煨,text_found_at_other_position
232,10,烹饪方法,21,22,炒,text_found_at_other_position
232,11,烹饪方法,48,49,蒸,text_found_at_other_position
232,12,烹饪方法,159,160,炖,exact_match
232,13,烹饪方法,100,102,煨烂,text_found_at_other_position
232,14,烹饪方法,155,157,浸泡,text_found_at_other_position
232,15,烹饪方法,150,151,洗,text_found_at_other_position
232,16,烹饪方法,243,244,剥,text_found_at_other_position
232,17,烹饪方法,270,272,制汤,text_found_at_other_position
232,18,食材,9,10,肉,text_found_at_other_position
232,19,食材,11,12,汤,text_found_at_other_position
232,20,食材,43,45,虾米,text_found_at_other_position
232,21,食材,49,50,蛋,text_found_at_other_position
232,22,食材,98,100,蘑菇,text_found_at_other_position
232,23,食材,95,97,鸡汤,text_found_at_other_position
232,24,食材,83,84,水,text_found_at_other_position
232,25,食材,20,21,酒,text_found_at_other_position
232,26,食材,251,253,黑翳,text_found_at_other_position
232,27,脏腑,18,19,心,text_found_at_other_position
232,28,医家,103,106,龚云岩,text_found_at_other_position
232,29,古籍来源,106,108,司马,text_found_at_other_position
233,1,食材,15,17,萝卜,exact_match
233,2,食材,25,27,山笄,exact_match
233,3,食材,37,39,刀鱼,text_found_at_other_position
233,4,食材,40,42,鲚鱼,text_found_at_other_position
233,5,食材,127,128,肉,text_found_at_other_position
233,6,食材,144,145,鸡,text_found_at_other_position
233,7,食材,146,147,鱼,text_found_at_other_position
233,8,食材,189,192,白煮肉,text_found_at_other_position
233,9,食材,207,208,粥,text_found_at_other_position
233,10,食材,213,214,米,text_found_at_other_position
233,11,食材,469,470,鸭,text_found_at_other_position
233,12,食材,494,496,笄蔬,text_found_at_other_position
233,13,烹饪方法,114,116,煎炒,text_found_at_other_position
233,14,烹饪方法,179,180,炒,text_found_at_other_position
233,15,烹饪方法,382,384,白煮,text_found_at_other_position
233,16,烹饪方法,405,406,煮,text_found_at_other_position
234,1,食材,84,86,羊肉,text_found_at_other_position
234,2,食材,14,16,猪肉,text_found_at_other_position
234,3,食材,21,23,核桃,text_found_at_other_position
234,4,烹饪方法,3,4,煨,text_found_at_other_position
234,5,烹饪方法,38,39,炒,text_found_at_other_position
234,6,烹饪方法,76,77,烧,text_found_at_other_position
234,7,烹饪方法,71,72,拌,text_found_at_other_position
235,1,食材,6,8,青鱼,text_found_at_other_position
235,2,食材,38,40,芝麻,text_found_at_other_position
235,3,食材,73,75,鳐鱼,text_found_at_other_position
235,4,食材,160,167,黄姑鱼,entity_text_not_found_in_current_passage
235,5,食材,171,173,小鱼,text_found_at_other_position
235,6,烹饪方法,28,29,煎,text_found_at_other_position
235,7,烹饪方法,37,38,炒,text_found_at_other_position
235,8,烹饪方法,40,41,滚,text_found_at_other_position
235,9,烹饪方法,195,196,蒸,text_found_at_other_position
235,10,烹饪方法,19,20,腌,text_found_at_other_position
235,11,烹饪方法,86,88,压扁,text_found_at_other_position
235,12,烹饪方法,119,121,收汤,text_found_at_other_position
235,13,食疗方,62,66,家常煎鱼,text_found_at_other_position
236,1,食材,46,48,燕窝,text_found_at_other_position
236,2,食材,70,72,天泉,text_found_at_other_position
236,3,食材,88,91,嫩鸡汤,text_found_at_other_position
236,4,食材,92,96,好火腿汤,text_found_at_other_position
236,5,食材,97,100,新蘑菇,text_found_at_other_position
236,6,食材,149,151,肉丝,text_found_at_other_position
236,7,食材,152,154,鸡丝,text_found_at_other_position
236,8,食材,230,233,蘑菇丝,text_found_at_other_position
236,9,食材,234,237,笋尖丝,text_found_at_other_position
236,10,食材,238,242,鲫鱼肚,entity_text_not_found_in_current_passage
236,11,食材,243,247,野鸡嫩片,text_found_at_other_position
236,12,食材,261,263,冬瓜,text_found_at_other_position
236,13,烹饪方法,76,77,泡,text_found_at_other_position
236,14,烹饪方法,82,84,挑去,text_found_at_other_position
236,15,烹饪方法,74,75,滚,text_found_at_other_position
237,1,食材,41,43,面筋,text_found_at_other_position
237,2,食材,51,53,鸡汤,text_found_at_other_position
237,3,食材,53,55,蘑菇,text_found_at_other_position
237,4,食材,78,80,冬笄,text_found_at_other_position
237,5,食材,81,84,天花,entity_text_not_found_in_current_passage
237,6,食材,112,114,虾米,text_found_at_other_position
237,7,食材,118,120,甜酱,text_found_at_other_position
237,8,食材,140,142,茄子,text_found_at_other_position
237,9,食材,153,155,猪油,text_found_at_other_position
237,10,食材,200,202,秋油,text_found_at_other_position
237,11,食材,230,232,麻油,text_found_at_other_position
237,12,食材,232,234,米醭,text_found_at_other_position
237,13,烹饪方法,46,47,炙,text_found_at_other_position
237,14,烹饪方法,56,57,煨,text_found_at_other_position
237,15,烹饪方法,74,75,炒,text_found_at_other_position
237,16,烹饪方法,66,67,泡,text_found_at_other_position
237,17,烹饪方法,68,69,切,text_found_at_other_position
237,18,烹饪方法,224,225,蒸,text_found_at_other_position
237,19,烹饪方法,195,196,灼,text_found_at_other_position
237,20,烹饪方法,202,204,炮炒,text_found_at_other_position
237,21,烹饪方法,234,235,拌,text_found_at_other_position
237,22,烹饪方法,260,261,氽,text_found_at_other_position
238,1,食材,13,14,糖,text_found_at_other_position
238,2,食材,17,18,盐,text_found_at_other_position
238,3,食材,36,38,竹叶,text_found_at_other_position
238,4,食材,39,42,白糯米,text_found_at_other_position
238,5,食材,79,80,葱,text_found_at_other_position
238,6,食材,97,99,麻油,text_found_at_other_position
238,7,食材,128,130,韭菜,text_found_at_other_position
238,8,食材,152,154,水粉,text_found_at_other_position
238,9,食材,168,170,松仁,text_found_at_other_position
238,10,食材,172,175,核桃,entity_text_not_found_in_current_passage
238,11,食材,186,188,嫩肉,text_found_at_other_position
238,12,食材,214,216,糯米,text_found_at_other_position
238,13,烹饪方法,42,43,煮,text_found_at_other_position
238,14,烹饪方法,69,71,滚熟,text_found_at_other_position
238,15,烹饪方法,82,83,拌,text_found_at_other_position
238,16,烹饪方法,99,100,灼,text_found_at_other_position
238,17,烹饪方法,216,217,浸,text_found_at_other_position
238,18,烹饪方法,226,227,磨,text_found_at_other_position
238,19,烹饪方法,191,193,捶烂,text_found_at_other_position
238,20,食疗方,27,34,竹叶粽,entity_text_not_found_in_current_passage
238,21,食疗方,132,135,野鸡饼,text_found_at_other_position
238,22,古籍来源,107,110,眷圃方,text_found_at_other_position
239,1,食材,39,42,鸡蛋清,text_found_at_other_position
239,2,食材,43,44,蜜,text_found_at_other_position
239,3,食材,45,47,酒娘,text_found_at_other_position
239,4,食材,93,95,鹿尾,text_found_at_other_position
239,5,食材,130,133,茶叶,entity_text_not_found_in_current_passage
239,6,烹饪方法,57,58,蒸,text_found_at_other_position
240,1,古籍来源,249,251,诗经,text_found_at_other_position
240,2,古籍来源,53,54,易,exact_match
240,3,古籍来源,62,63,书,exact_match
240,4,古籍来源,70,72,乡党,exact_match
240,5,古籍来源,74,76,内则,exact_match
240,6,古籍来源,83,85,孟子,exact_match
240,7,古籍来源,123,125,中庸,exact_match
240,8,古籍来源,145,147,典论,exact_match
240,9,古籍来源,479,481,仪礼,text_found_at_other_position
240,10,古籍来源,484,486,礼记,text_found_at_other_position
240,11,食材,65,66,盐,exact_match
240,12,食材,66,67,梅,exact_match
240,13,食材,491,492,鱼,text_found_at_other_position
240,14,食材,175,176,肺,exact_match
240,15,医家,9,11,周公,exact_match
240,16,医家,24,26,凡伯,exact_match
240,17,医家,313,315,袁枚,text_found_at_other_position
241,1,食材,5,7,台鲞,text_found_at_other_position
241,2,食材,47,49,鲜肉,text_found_at_other_position
241,3,食材,92,95,大鲤鱼,text_found_at_other_position
241,4,食材,102,104,酒糟,text_found_at_other_position
241,5,食材,197,199,虾子,text_found_at_other_position
241,6,食材,205,207,白糖,text_found_at_other_position
241,7,食材,156,158,勒鲞,text_found_at_other_position
241,8,食材,230,232,鳓鱼,text_found_at_other_position
241,9,食材,240,242,绘鱼,text_found_at_other_position
241,10,食材,243,246,白鳞鱼,text_found_at_other_position
241,11,烹饪方法,42,44,煮食,text_found_at_other_position
241,12,烹饪方法,50,51,煨,text_found_at_other_position
241,13,烹饪方法,69,70,冻,text_found_at_other_position
241,14,烹饪方法,95,96,腌,text_found_at_other_position
241,15,烹饪方法,125,126,泡,text_found_at_other_position
241,16,烹饪方法,173,175,晒干,text_found_at_other_position
241,17,烹饪方法,178,180,油煎,text_found_at_other_position
241,18,烹饪方法,207,208,蒸,text_found_at_other_position
241,19,禁忌,127,135,用烧酒者不无辣味,text_found_at_other_position
242,1,古籍来源,58,61,《诗》,text_found_at_other_position
242,2,食材,130,133,香稻,entity_text_not_found_in_current_passage
242,3,食材,135,137,冬霜,text_found_at_other_position
242,4,食材,139,141,晚米,text_found_at_other_position
242,5,食材,143,146,观音籼,text_found_at_other_position
242,6,食材,148,151,桃花籼,text_found_at_other_position
242,7,烹饪方法,96,97,煮,text_found_at_other_position
242,8,烹饪方法,68,69,蒸,text_found_at_other_position
242,9,烹饪方法,179,180,淘,text_found_at_other_position
242,10,烹饪方法,192,194,揉擦,text_found_at_other_position
242,11,烹饪方法,225,226,闷,text_found_at_other_position
243,1,食材,11,14,落花生,text_found_at_other_position
243,2,烹饪方法,0,1,煮,exact_match
243,3,食材,40,41,糖,text_found_at_other_position
243,4,食材,51,53,莲子,text_found_at_other_position
243,5,食材,73,75,大枣,text_found_at_other_position
243,6,烹饪方法,75,77,煮熟,text_found_at_other_position
243,7,食材,92,94,澄沙,text_found_at_other_position
243,8,食材,97,99,扁豆,text_found_at_other_position
243,9,食材,101,103,薏米,text_found_at_other_position
243,10,食材,107,110,核桃仁,text_found_at_other_position
243,11,烹饪方法,113,114,蒸,text_found_at_other_position
243,12,食材,133,135,山药,text_found_at_other_position
243,13,食材,162,164,莱蔬,text_found_at_other_position
243,14,食材,164,166,瓜兢,text_found_at_other_position
243,15,食材,170,172,豆腐,text_found_at_other_position
243,16,食材,173,176,豆腐皮,text_found_at_other_position
243,17,食材,177,179,面筋,text_found_at_other_position
243,18,食材,180,182,粉条,text_found_at_other_position
243,19,烹饪方法,187,190,香油炸,text_found_at_other_position
243,20,烹饪方法,197,198,闷,text_found_at_other_position
243,21,食材,231,234,罗汉莱,text_found_at_other_position
243,22,医家,219,222,鲜于枢,text_found_at_other_position
243,23,古籍来源,246,250,太乙诸寺,text_found_at_other_position
244,1,食材,128,130,莱菔,text_found_at_other_position
244,2,食材,136,138,生姜,text_found_at_other_position
244,3,食材,139,141,玉瓜,text_found_at_other_position
244,4,食材,143,145,豇豆,text_found_at_other_position
244,5,食材,146,148,刀豆,text_found_at_other_position
244,6,食材,149,151,茄子,text_found_at_other_position
244,7,食材,152,154,辣椒,text_found_at_other_position
244,8,食材,179,181,豆腐,text_found_at_other_position
244,9,食材,97,99,花椒,text_found_at_other_position
244,10,食材,100,102,八角,text_found_at_other_position
244,11,食材,103,105,莳萝,text_found_at_other_position
244,12,食材,105,107,草果,text_found_at_other_position
244,13,食材,109,110,盐,text_found_at_other_position
244,14,食材,257,259,陈酒,text_found_at_other_position
244,15,食材,263,265,香油,text_found_at_other_position
244,16,食材,298,300,皂矾,text_found_at_other_position
244,17,烹饪方法,4,5,浸,exact_match
244,18,烹饪方法,25,27,揉搓,exact_match
244,19,烹饪方法,110,112,烧滚,text_found_at_other_position
244,20,烹饪方法,199,200,蒸,text_found_at_other_position
244,21,烹饪方法,181,182,晾,text_found_at_other_position
244,22,烹饪方法,6,7,切,exact_match
244,23,烹饪方法,245,246,撒,text_found_at_other_position
244,24,烹饪方法,252,253,铺,text_found_at_other_position
244,25,烹饪方法,281,282,封,text_found_at_other_position
244,26,食疗方,79,86,醋浸莱,entity_text_not_found_in_current_passage
244,27,食疗方,171,178,豆腐乳,entity_text_not_found_in_current_passage
244,28,病症,374,377,蛇咬伤,text_found_at_other_position
244,29,古籍来源,41,43,原注,exact_match
245,1,食材,45,47,蚕豆,exact_match
245,2,食材,71,73,黄豆,exact_match
245,3,食材,87,89,萝卜,exact_match
245,4,食材,166,167,酒,exact_match
245,5,烹饪方法,52,53,煮,exact_match
245,6,烹饪方法,196,198,烹调,exact_match
246,1,食材,79,81,大豆,text_found_at_other_position
246,2,食材,128,130,麦面,text_found_at_other_position
246,3,食材,170,171,盐,text_found_at_other_position
246,4,食材,10,11,水,text_found_at_other_position
246,5,食材,238,240,茴香,text_found_at_other_position
246,6,食材,241,244,花椒末,text_found_at_other_position
246,7,烹饪方法,21,22,煮,text_found_at_other_position
246,8,烹饪方法,130,132,拌匀,text_found_at_other_position
246,9,烹饪方法,163,164,晒,text_found_at_other_position
246,10,烹饪方法,173,174,浸,text_found_at_other_position
246,11,烹饪方法,114,116,取起,text_found_at_other_position
246,12,烹饪方法,225,226,收,text_found_at_other_position
246,13,古籍来源,262,269,《荆楚岁时记》,text_found_at_other_position
248,1,食材,4,5,鹑,exact_match
248,2,食材,95,97,肉食,text_found_at_other_position
248,3,食材,124,126,瓠瓜,text_found_at_other_position
248,4,食材,147,148,腐,text_found_at_other_position
248,5,食材,189,195,肥腻的食品,entity_text_not_found_in_current_passage
248,6,食材,196,200,大块的肉,text_found_at_other_position
248,7,食材,213,217,水陆生灵,text_found_at_other_position
248,8,食材,235,240,肥美的肉食,text_found_at_other_position
248,9,食材,247,252,清谈的素食,text_found_at_other_position
248,10,食材,311,313,蓁菜,text_found_at_other_position
248,11,食材,319,321,儆莱,text_found_at_other_position
248,12,食材,342,344,禁脔,text_found_at_other_position
248,13,食材,347,350,五侯鲭,text_found_at_other_position
248,14,食材,384,386,蔬莱,text_found_at_other_position
248,15,食材,389,391,素席,text_found_at_other_position
248,16,食材,407,409,肉类,text_found_at_other_position
248,17,食材,411,415,美馔佳肴,text_found_at_other_position
248,18,食材,517,519,萝卜,text_found_at_other_position
248,19,食材,520,522,芥菜,text_found_at_other_position
248,20,食材,546,548,莱苗,text_found_at_other_position
248,21,食材,603,606,野鸭羹,text_found_at_other_position
248,22,食材,607,609,熊掌,text_found_at_other_position
248,23,食材,634,636,白菜,text_found_at_other_position
248,24,食材,636,638,苋粜,text_found_at_other_position
248,25,食材,676,678,禽鱼,text_found_at_other_position
248,26,烹饪方法,126,127,蒸,text_found_at_other_position
248,27,烹饪方法,187,189,烹煮,text_found_at_other_position
248,28,烹饪方法,314,316,烹调,text_found_at_other_position
248,29,功效,559,561,充饥,text_found_at_other_position
248,30,功效,667,671,保养身体,text_found_at_other_position
248,31,功效,567,573,使齿牙芬芳,entity_text_not_found_in_current_passage
248,32,功效,579,586,使肠胃为之一清,text_found_at_other_position
248,33,养生原则,17,23,生命重在养活,exact_match
248,34,养生原则,25,32,杀生应当禁止,entity_text_not_found_in_current_passage
248,35,古籍来源,471,478,韦巨源《食谱》,text_found_at_other_position
248,36,医家,117,119,陆游,text_found_at_other_position
248,37,医家,138,140,时戢,text_found_at_other_position
248,38,医家,527,529,何曾,text_found_at_other_position
248,39,医家,557,559,薛包,text_found_at_other_position
248,40,医家,503,506,杨万里,text_found_at_other_position
249,1,食材,11,14,鲜蚕豆,text_found_at_other_position
249,2,食材,45,52,干蚕豆,entity_text_not_found_in_current_passage
249,3,食材,97,99,白糖,text_found_at_other_position
249,4,食材,133,136,白扁豆,text_found_at_other_position
249,5,食材,177,180,洋薏米,text_found_at_other_position
249,6,烹饪方法,0,1,炒,exact_match
249,7,烹饪方法,86,87,煮,text_found_at_other_position
249,8,烹饪方法,93,95,压碎,text_found_at_other_position
249,9,烹饪方法,146,148,研碎,text_found_at_other_position
249,10,烹饪方法,161,162,收,text_found_at_other_position
249,11,烹饪方法,114,116,拌匀,text_found_at_other_position
250,1,食材,8,10,莱菔,text_found_at_other_position
250,2,食材,16,19,水莱菔,text_found_at_other_position
250,3,烹饪方法,0,1,烧,exact_match
250,4,烹饪方法,10,11,切,text_found_at_other_position
250,5,烹饪方法,23,26,香油炸,text_found_at_other_position
250,6,烹饪方法,33,34,炙,text_found_at_other_position
250,7,烹饪方法,130,131,炒,text_found_at_other_position
250,8,烹饪方法,133,134,烀,text_found_at_other_position
250,9,食材,100,102,莱花,text_found_at_other_position
250,10,食材,201,202,姜,text_found_at_other_position
250,11,食材,204,206,豆粉,text_found_at_other_position
250,12,食材,212,214,觅粉,text_found_at_other_position
250,13,食材,171,178,陕酉天红弹莱菔,text_found_at_other_position
250,14,烹饪方法,189,191,切片,text_found_at_other_position
250,15,烹饪方法,192,194,煮烂,text_found_at_other_position
250,16,烹饪方法,196,198,揉碎,text_found_at_other_position
250,17,烹饪方法,206,209,为丸,entity_text_not_found_in_current_passage
250,18,烹饪方法,210,211,糁,text_found_at_other_position
250,19,烹饪方法,220,221,炸,text_found_at_other_position
251,1,食材,6,8,豆腐,exact_match
251,2,食材,14,16,高汤,exact_match
251,3,食材,17,19,料酒,exact_match
251,4,食材,20,22,酱油,exact_match
251,5,食材,101,103,蘑菇,text_found_at_other_position
251,6,食材,114,116,腐皮,text_found_at_other_position
251,7,食材,88,90,腐竹,text_found_at_other_position
251,8,食材,117,119,笄尖,text_found_at_other_position
251,9,食材,120,122,笄片,text_found_at_other_position
251,10,食材,154,156,笄丁,text_found_at_other_position
251,11,食材,157,161,小芥莱丁,text_found_at_other_position
251,12,食材,170,171,盐,text_found_at_other_position
251,13,食材,196,199,豆腐丝,text_found_at_other_position
251,14,食材,203,205,千张,text_found_at_other_position
251,15,食材,219,221,笄丝,text_found_at_other_position
251,16,食材,229,230,醋,text_found_at_other_position
251,17,食材,245,255,泡儿豆腐,entity_text_not_found_in_current_passage
251,18,食材,256,259,冷豆腐,text_found_at_other_position
251,19,食材,175,176,油,text_found_at_other_position
251,20,烹饪方法,22,23,煨,exact_match
251,21,烹饪方法,165,166,炒,text_found_at_other_position
251,22,烹饪方法,265,266,蒸,text_found_at_other_position
251,23,烹饪方法,275,276,炸,text_found_at_other_position
251,24,烹饪方法,230,231,拌,text_found_at_other_position
251,25,烹饪方法,94,95,浸,text_found_at_other_position
251,26,烹饪方法,97,98,切,text_found_at_other_position
251,27,烹饪方法,142,143,磨,text_found_at_other_position
251,28,烹饪方法,145,146,点,text_found_at_other_position
251,29,烹饪方法,268,270,晾凉,text_found_at_other_position
251,30,烹饪方法,281,283,发开,text_found_at_other_position
252,1,食材,2,4,肥脓,exact_match
252,2,食材,9,11,蔬飧,exact_match
252,3,食材,25,27,露苗,exact_match
252,4,食材,27,29,雨甲,exact_match
252,5,食材,182,184,莼莱,text_found_at_other_position
252,6,食材,185,187,雍莱,text_found_at_other_position
252,7,食材,190,192,罗勒,text_found_at_other_position
252,8,食材,239,240,桃,text_found_at_other_position
252,9,食材,241,242,梨,text_found_at_other_position
252,10,食材,243,244,桔,text_found_at_other_position
252,11,食材,245,246,柑,text_found_at_other_position
252,12,食材,247,249,蒲桃,text_found_at_other_position
252,13,食材,252,254,苹果,text_found_at_other_position
252,14,烹饪方法,270,272,油炸,text_found_at_other_position
252,15,烹饪方法,275,276,糖,text_found_at_other_position
252,16,古籍来源,415,424,《晋书`孝武带纪》,text_found_at_other_position
253,1,食材,249,252,树花莱,text_found_at_other_position
253,2,食材,265,268,葛仙米,text_found_at_other_position
253,3,食材,285,287,竹松,text_found_at_other_position
253,4,食味,38,39,辛,text_found_at_other_position
253,5,烹饪方法,65,69,滚水浸软,text_found_at_other_position
253,6,烹饪方法,70,74,翦去粗裉,text_found_at_other_position
253,7,烹饪方法,93,98,以高汤煨之,text_found_at_other_position
253,8,烹饪方法,121,125,以水发开,text_found_at_other_position
253,9,烹饪方法,126,129,沥去水,text_found_at_other_position
253,10,烹饪方法,188,192,滚水淬过,text_found_at_other_position
253,11,烹饪方法,201,205,以汤煨之,text_found_at_other_position
253,12,食材,145,149,小豆腐丁,text_found_at_other_position
253,13,食材,218,221,嫩豆腐,text_found_at_other_position
253,14,食材,222,226,玉兰片,entity_text_not_found_in_current_passage
253,15,食材,355,356,芡,text_found_at_other_position
253,16,病症,321,324,高血压,text_found_at_other_position
253,17,病症,325,329,胆固醇高,text_found_at_other_position
253,18,病症,340,343,肥胖症,text_found_at_other_position
254,1,食材,259,261,蕨菜,text_found_at_other_position
254,2,食材,67,70,小儿拳,text_found_at_other_position
254,3,食材,113,117,笋衣,entity_text_not_found_in_current_passage
254,4,食材,173,176,玉兰片,text_found_at_other_position
254,5,食材,211,213,石花,text_found_at_other_position
254,6,烹饪方法,74,75,浸,text_found_at_other_position
254,7,烹饪方法,95,96,煨,text_found_at_other_position
254,8,烹饪方法,233,234,煮,text_found_at_other_position
254,9,烹饪方法,124,125,淬,text_found_at_other_position
254,10,古籍来源,39,45,《随园食单》,text_found_at_other_position
255,1,食材,30,31,栗,text_found_at_other_position
255,2,食材,50,52,莲子,text_found_at_other_position
255,3,食材,68,72,银杏,entity_text_not_found_in_current_passage
255,4,食材,75,77,白果,text_found_at_other_position
255,5,食材,124,126,山药,text_found_at_other_position
255,6,食材,126,128,票子,text_found_at_other_position
255,7,食材,186,189,落花生,text_found_at_other_position
255,8,食味,55,56,甘,text_found_at_other_position
255,9,食味,102,103,咸,text_found_at_other_position
255,10,烹饪方法,1,2,炙,exact_match
255,11,烹饪方法,34,35,煮,text_found_at_other_position
255,12,烹饪方法,129,130,煨,text_found_at_other_position
255,13,食疗方,141,144,金玉羹,text_found_at_other_position
255,14,古籍来源,156,162,《山家清供》,text_found_at_other_position
256,1,食材,5,7,面条,text_found_at_other_position
256,2,食材,10,12,索饼,text_found_at_other_position
256,3,食材,15,17,汤饼,text_found_at_other_position
256,4,食材,61,62,碱,text_found_at_other_position
256,5,食材,120,121,盐,text_found_at_other_position
256,6,食材,124,126,清油,text_found_at_other_position
256,7,食材,115,116,水,text_found_at_other_position
256,8,食材,150,153,桢条面,text_found_at_other_position
256,9,食材,188,190,挂面,text_found_at_other_position
256,10,食材,227,229,面片,text_found_at_other_position
256,11,食材,231,233,面旗,text_found_at_other_position
256,12,食材,264,266,高汤,text_found_at_other_position
256,13,食材,377,379,玉米,text_found_at_other_position
256,14,食疗方,354,361,玉米粥,text_found_at_other_position
256,15,食材,399,402,生菠莱,text_found_at_other_position
256,16,烹饪方法,86,87,煮,text_found_at_other_position
256,17,烹饪方法,65,66,揉,text_found_at_other_position
256,18,烹饪方法,139,140,扯,text_found_at_other_position
256,19,烹饪方法,79,80,切,text_found_at_other_position
256,20,烹饪方法,260,261,炸,text_found_at_other_position
256,21,烹饪方法,267,268,煨,text_found_at_other_position
256,22,烹饪方法,388,389,碾,text_found_at_other_position
256,23,古籍来源,340,344,《玉篇》,text_found_at_other_position
256,24,医家,277,280,袁文诚,text_found_at_other_position
257,1,食材,69,71,山药,text_found_at_other_position
257,2,食材,28,30,冰糖,text_found_at_other_position
257,3,食材,41,43,白糖,text_found_at_other_position
257,4,食材,211,213,山芋,text_found_at_other_position
257,5,食材,186,188,酱油,text_found_at_other_position
257,6,烹饪方法,11,13,去皮,text_found_at_other_position
257,7,烹饪方法,14,15,切,text_found_at_other_position
257,8,烹饪方法,20,22,油灼,text_found_at_other_position
257,9,烹饪方法,43,44,炒,text_found_at_other_position
257,10,烹饪方法,73,75,煮熟,text_found_at_other_position
257,11,烹饪方法,76,78,捣碎,text_found_at_other_position
257,12,烹饪方法,91,92,蒸,text_found_at_other_position
257,13,烹饪方法,215,217,蒸熟,text_found_at_other_position
257,14,烹饪方法,222,223,捣,text_found_at_other_position
257,15,烹饪方法,188,189,烹,text_found_at_other_position
257,16,烹饪方法,194,196,煨熟,text_found_at_other_position
257,17,食材,85,87,澄沙,text_found_at_other_position
257,18,食疗方,0,10,拔丝山药,entity_text_not_found_in_current_passage
257,19,食疗方,203,210,山芋圆,entity_text_not_found_in_current_passage
260,1,烹饪方法,1,3,武火,exact_match
260,2,烹饪方法,6,8,文火,exact_match
260,3,食味,64,65,甘,exact_match
260,4,食味,66,67,酸,exact_match
260,5,食味,68,69,苦,exact_match
260,6,食味,70,71,辛,exact_match
260,7,食味,72,73,咸,exact_match
260,8,食材,262,267,猩猩的嘴唇,text_found_at_other_position
260,9,食材,270,277,獾獾鸟做的烤肉,text_found_at_other_position
260,10,食材,279,286,隽燕尾部朐肉,entity_text_not_found_in_current_passage
260,11,食材,288,293,述荡的肘子,text_found_at_other_position
260,12,食材,295,299,旄牛尾巴,text_found_at_other_position
260,13,食材,300,305,大象的鼻子,text_found_at_other_position
260,14,食材,323,327,凤凰的卵,text_found_at_other_position
260,15,食材,348,354,洞庭湖的鳟鱼,text_found_at_other_position
260,16,食材,357,362,东海的鲡鱼,text_found_at_other_position
260,17,食材,374,376,朱鳖,text_found_at_other_position
260,18,食材,404,405,鳐,text_found_at_other_position
260,19,食材,445,451,昆仑山的蓣草,text_found_at_other_position
260,20,食材,453,459,寿树鞠果实,entity_text_not_found_in_current_passage
260,21,食材,474,476,赤木,text_found_at_other_position
260,22,食材,478,486,玄木树上长饷叶子,text_found_at_other_position
260,23,食材,517,519,嘉树,text_found_at_other_position
260,24,食材,527,533,华阳山的芸莱,text_found_at_other_position
260,25,食材,535,541,云梦洚的芹莱,text_found_at_other_position
260,26,食材,544,550,太湖的膂粜,entity_text_not_found_in_current_passage
260,27,食材,563,565,土英,text_found_at_other_position
260,28,食材,577,586,四川阴朴出产的生姜,text_found_at_other_position
260,29,食材,589,599,桂阳招摇山出产的桂皮,text_found_at_other_position
260,30,食材,601,610,越骆国出产的篱桂,entity_text_not_found_in_current_passage
260,31,食材,612,614,鳢鱼,text_found_at_other_position
260,32,食材,615,621,鲔鱼肉儆的酱,text_found_at_other_position
260,33,食材,624,630,大夏出产的盐,text_found_at_other_position
260,34,食材,633,641,宰揭出产的甘露,entity_text_not_found_in_current_passage
260,35,食材,654,663,长洚出产的大鸟的卵,text_found_at_other_position
260,36,食材,674,680,玄山出的谷子,text_found_at_other_position
260,37,食材,682,691,不周山出的小米,entity_text_not_found_in_current_passage
260,38,食材,693,700,阴山出的襟子,entity_text_not_found_in_current_passage
260,39,食材,703,709,南海出的黑黍,text_found_at_other_position
260,40,食材,719,726,三危山出的甘露,text_found_at_other_position
260,41,食材,729,737,昆仑山上的泉水,entity_text_not_found_in_current_passage
260,42,食材,740,747,沮江地区的摇水,text_found_at_other_position
260,43,食材,750,755,白山的泉水,text_found_at_other_position
266,1,烹饪方法,1,3,武火,exact_match
266,2,烹饪方法,6,8,文火,exact_match
266,3,食味,64,65,甘,exact_match
266,4,食味,66,67,酸,exact_match
266,5,食味,68,69,苦,exact_match
266,6,食味,70,71,辛,exact_match
266,7,食味,72,73,咸,exact_match
266,8,食材,262,267,猩猩的嘴唇,text_found_at_other_position
266,9,食材,270,277,獾獾鸟做的烤肉,text_found_at_other_position
266,10,食材,279,286,隽燕尾部朐肉,entity_text_not_found_in_current_passage
266,11,食材,288,293,述荡的肘子,text_found_at_other_position
266,12,食材,295,299,旄牛尾巴,text_found_at_other_position
266,13,食材,300,305,大象的鼻子,text_found_at_other_position
266,14,食材,323,327,凤凰的卵,text_found_at_other_position
266,15,食材,348,354,洞庭湖的鳟鱼,text_found_at_other_position
266,16,食材,357,362,东海的鲡鱼,text_found_at_other_position
266,17,食材,445,451,昆仑山的蓣草,text_found_at_other_position
266,18,食材,453,459,寿树鞠果实,entity_text_not_found_in_current_passage
266,19,食材,527,533,华阳山的芸莱,text_found_at_other_position
266,20,食材,535,541,云梦洚的芹莱,text_found_at_other_position
266,21,食材,544,550,太湖的膂粜,entity_text_not_found_in_current_passage
266,22,食材,612,614,鳢鱼,text_found_at_other_position
266,23,食材,615,621,鲔鱼肉儆的酱,text_found_at_other_position
266,24,功效,202,206,久而不败,exact_match
266,25,功效,207,211,熟而不烂,exact_match
266,26,功效,212,217,甜而不过头,exact_match
266,27,功效,219,225,酸而不强烈,entity_text_not_found_in_current_passage
266,28,功效,226,231,咸而不涩嘴,exact_match
266,29,功效,232,237,辛而不刺激,exact_match
266,30,功效,245,250,肥而不腻口,exact_match
267,1,食材,9,10,莱,exact_match
267,2,食材,28,29,芸,exact_match
267,3,食材,35,36,芹,exact_match
267,4,食材,40,41,菁,exact_match
267,5,食材,47,48,草,exact_match
267,6,食材,66,67,姜,text_found_at_other_position
267,7,食材,73,74,桂,text_found_at_other_position
267,8,食材,79,80,菡,text_found_at_other_position
267,9,食材,85,86,醢,text_found_at_other_position
267,10,食材,92,93,盐,text_found_at_other_position
267,11,食材,97,98,露,text_found_at_other_position
267,12,食材,109,110,卵,text_found_at_other_position
267,13,食材,122,123,禾,text_found_at_other_position
267,14,食材,130,131,粟,text_found_at_other_position
267,15,食材,135,136,襟,text_found_at_other_position
267,16,食材,141,142,矩,text_found_at_other_position
267,17,食材,155,157,若磐,text_found_at_other_position
268,1,古籍来源,294,298,《尸子》,exact_match
268,2,古籍来源,388,392,《御览》,exact_match
268,3,古籍来源,154,158,《书钞》,exact_match
268,4,古籍来源,169,174,《当染篇》,exact_match
268,5,古籍来源,230,234,《隶续》,exact_match
268,6,古籍来源,281,287,《太平御览》,exact_match
268,7,古籍来源,396,400,《鬻子》,exact_match
268,8,古籍来源,433,439,《文馆词林》,exact_match
268,9,古籍来源,486,490,《魏略》,exact_match
268,10,医家,48,50,毕沅,exact_match
268,11,医家,133,136,宋慈抱,exact_match
268,12,医家,274,277,马叙伦,exact_match
268,13,医家,363,365,高诱,exact_match
270,1,食材,0,1,盐,exact_match
270,2,食材,6,8,花根,exact_match
270,3,食材,33,34,醋,exact_match
270,4,食材,127,129,黄米,text_found_at_other_position
270,5,食材,170,172,干糟,text_found_at_other_position
270,6,烹饪方法,5,6,炒,exact_match
270,7,烹饪方法,132,133,煮,text_found_at_other_position
270,8,烹饪方法,64,65,蒸,text_found_at_other_position
270,9,烹饪方法,153,154,拌,text_found_at_other_position
270,10,烹饪方法,167,168,榨,text_found_at_other_position
270,11,烹饪方法,46,47,压,text_found_at_other_position
270,12,食疗方,198,201,七七醑,text_found_at_other_position
271,1,食材,13,17,霜夭小茄,exact_match
271,2,食材,101,104,嫩黑茄,text_found_at_other_position
271,3,食材,167,170,嫩大茄,text_found_at_other_position
271,4,食材,136,138,白糖,text_found_at_other_position
271,5,食材,139,141,椒末,text_found_at_other_position
271,6,食材,162,163,肉,text_found_at_other_position
271,7,食材,132,133,油,text_found_at_other_position
271,8,食材,118,119,酱,text_found_at_other_position
271,9,烹饪方法,105,107,笼蒸,text_found_at_other_position
271,10,烹饪方法,114,116,压干,text_found_at_other_position
271,11,烹饪方法,236,238,烧熟,text_found_at_other_position
271,12,烹饪方法,41,43,拌匀,exact_match
271,13,烹饪方法,187,189,挖出,text_found_at_other_position
271,14,烹饪方法,228,230,迭入,text_found_at_other_position
271,15,烹饪方法,233,236,入汁汤,text_found_at_other_position
271,16,烹饪方法,242,244,取起,text_found_at_other_position
271,17,烹饪方法,31,33,布拭,exact_match
271,18,烹饪方法,36,39,入瓷盆,exact_match
271,19,烹饪方法,63,65,人罐,exact_match
271,20,烹饪方法,72,73,封,exact_match
271,21,烹饪方法,341,346,笼蒸一炷香,text_found_at_other_position
271,22,烹饪方法,112,114,取出,text_found_at_other_position
271,23,烹饪方法,127,131,晾去水气,text_found_at_other_position
271,24,烹饪方法,141,143,层迭,text_found_at_other_position
271,25,烹饪方法,150,152,灌满,text_found_at_other_position
271,26,烹饪方法,178,180,切开,text_found_at_other_position
271,27,烹饪方法,212,214,调和,text_found_at_other_position
271,28,烹饪方法,49,51,揉掣,exact_match
271,29,烹饪方法,336,338,封罐,text_found_at_other_position
271,30,烹饪方法,172,174,留蒂,text_found_at_other_position
271,31,烹饪方法,202,207,切作饼子料,text_found_at_other_position
271,32,食材,66,69,原糟水,exact_match
271,33,食材,148,150,原油,text_found_at_other_position
271,34,食材,372,374,肉馅,text_found_at_other_position
271,35,食疗方,93,100,蝙蝠茄,entity_text_not_found_in_current_passage
272,1,食材,8,10,秋柿,text_found_at_other_position
272,2,食材,20,21,盐,text_found_at_other_position
272,3,食材,49,51,杏仁,text_found_at_other_position
272,4,食材,60,62,香油,text_found_at_other_position
272,5,食材,86,88,核桃,text_found_at_other_position
272,6,食材,95,97,莱油,text_found_at_other_position
272,7,食材,100,102,厚酱,text_found_at_other_position
272,8,食材,104,106,白糖,text_found_at_other_position
272,9,食材,107,110,砂仁,entity_text_not_found_in_current_passage
272,10,食材,111,113,茴香,text_found_at_other_position
272,11,食材,38,39,酒,text_found_at_other_position
272,12,食材,145,152,天茄儿,entity_text_not_found_in_current_passage
272,13,食材,156,157,糖,text_found_at_other_position
272,14,食材,164,165,酱,text_found_at_other_position
272,15,食材,166,167,醋,text_found_at_other_position
272,16,烹饪方法,0,1,腌,exact_match
272,17,烹饪方法,62,63,炸,text_found_at_other_position
272,18,烹饪方法,97,98,炒,text_found_at_other_position
272,19,烹饪方法,117,118,烧,text_found_at_other_position
272,20,烹饪方法,154,155,焯,text_found_at_other_position
272,21,烹饪方法,157,158,制,text_found_at_other_position
272,22,烹饪方法,168,169,拌,text_found_at_other_position
273,1,食材,26,29,胡桃肉,text_found_at_other_position
273,2,食材,33,35,白糖,text_found_at_other_position
273,3,食材,54,57,江米饭,text_found_at_other_position
273,4,食材,89,91,黄橙,text_found_at_other_position
273,5,食材,150,152,生面,text_found_at_other_position
273,6,食材,153,156,绿豆粉,text_found_at_other_position
273,7,食材,162,165,薄荷末,text_found_at_other_position
273,8,烹饪方法,35,36,捣,text_found_at_other_position
273,9,烹饪方法,53,54,蒸,text_found_at_other_position
273,10,烹饪方法,103,104,煮,text_found_at_other_position
273,11,烹饪方法,182,184,烘烤,text_found_at_other_position
273,12,烹饪方法,301,302,炖,text_found_at_other_position
274,1,食材,221,223,芥莱,text_found_at_other_position
274,2,食材,44,46,姜丝,text_found_at_other_position
274,3,食材,47,49,茴香,text_found_at_other_position
274,4,食材,50,52,椒末,text_found_at_other_position
274,5,食材,57,59,香油,text_found_at_other_position
274,6,食材,148,150,白莱,text_found_at_other_position
274,7,食材,167,170,花椒,entity_text_not_found_in_current_passage
274,8,食材,25,26,盐,text_found_at_other_position
274,9,食材,190,192,冷水,text_found_at_other_position
274,10,食材,224,227,莱嫩心,text_found_at_other_position
274,11,烹饪方法,151,152,晒,text_found_at_other_position
274,12,烹饪方法,20,22,阴干,text_found_at_other_position
274,13,烹饪方法,33,34,揉,text_found_at_other_position
274,14,烹饪方法,37,38,晾,text_found_at_other_position
274,15,烹饪方法,52,53,拌,text_found_at_other_position
274,16,烹饪方法,59,60,装,text_found_at_other_position
274,17,烹饪方法,74,76,筑实,text_found_at_other_position
274,18,烹饪方法,94,95,覆,text_found_at_other_position
274,19,烹饪方法,117,118,倒,text_found_at_other_position
274,20,烹饪方法,126,128,泥头,text_found_at_other_position
274,21,烹饪方法,160,161,裹,text_found_at_other_position
274,22,烹饪方法,177,178,迭,text_found_at_other_position
274,23,烹饪方法,185,186,筑,text_found_at_other_position
274,24,烹饪方法,192,193,灌,text_found_at_other_position
274,25,烹饪方法,209,211,泥封,text_found_at_other_position
274,26,烹饪方法,238,239,炒,text_found_at_other_position
275,1,食材,39,40,豆,exact_match
275,2,食材,41,44,罗卜丁,exact_match
275,3,食材,55,56,笋,exact_match
275,4,食材,73,75,酱油,exact_match
275,5,食材,125,126,糟,exact_match
275,6,食材,133,137,上白江米,exact_match
275,7,食味,127,128,甜,exact_match
275,8,烹饪方法,38,39,煮,exact_match
275,9,烹饪方法,45,46,晒,exact_match
275,10,烹饪方法,148,149,蒸,exact_match
276,1,食材,0,2,牛乳,exact_match
276,2,食材,36,38,核祧,exact_match
276,3,食材,86,87,盐,exact_match
276,4,食材,88,89,酒,exact_match
276,5,食材,103,105,鸡子,exact_match
276,6,食材,146,148,小麦,text_found_at_other_position
276,7,食材,111,114,羊牛肉,exact_match
276,8,食材,117,119,胡祧,exact_match
276,9,烹饪方法,23,24,蒸,exact_match
276,10,烹饪方法,66,67,煮,exact_match
276,11,烹饪方法,90,91,炒,exact_match
276,12,烹饪方法,158,159,捞,text_found_at_other_position
276,13,烹饪方法,178,179,沥,text_found_at_other_position
276,14,禁忌,80,83,不堪食,exact_match
276,15,古籍来源,193,199,籀($ 山),text_found_at_other_position
277,1,食材,16,18,青梅,text_found_at_other_position
277,2,食材,66,70,生甘草,entity_text_not_found_in_current_passage
277,3,食材,74,75,盐,text_found_at_other_position
277,4,食材,86,88,生姜,text_found_at_other_position
277,5,食材,102,104,青椒,text_found_at_other_position
277,6,食材,115,118,红干椒,text_found_at_other_position
277,7,烹饪方法,79,80,炒,text_found_at_other_position
277,8,烹饪方法,99,101,捣碎,text_found_at_other_position
277,9,烹饪方法,129,131,炒拌,text_found_at_other_position
277,10,烹饪方法,181,182,纳,text_found_at_other_position
277,11,食材,167,168,矾,text_found_at_other_position
277,12,食材,171,174,粗麻布,text_found_at_other_position
277,13,食材,183,185,锡瓶,text_found_at_other_position
279,1,食材,165,167,官桂,text_found_at_other_position
279,2,食材,167,169,良姜,text_found_at_other_position
279,3,食材,169,171,荜拨,text_found_at_other_position
279,4,食材,174,176,陈皮,text_found_at_other_position
279,5,食材,176,178,草蔻,text_found_at_other_position
279,6,食材,179,181,香砂,text_found_at_other_position
279,7,食性,436,437,热,text_found_at_other_position
279,8,食味,387,388,辛,text_found_at_other_position
279,9,烹饪方法,97,99,去腥,exact_match
279,10,烹饪方法,103,105,增味,exact_match
280,1,食材,42,43,笋,text_found_at_other_position
280,2,食材,77,79,笋肉,text_found_at_other_position
280,3,食材,66,70,饼子料肉,text_found_at_other_position
280,4,食材,83,84,箬,text_found_at_other_position
280,5,食材,87,89,砻糠,text_found_at_other_position
280,6,食材,179,180,盐,text_found_at_other_position
280,7,烹饪方法,4,6,磨粉,exact_match
280,8,烹饪方法,10,12,调汤,exact_match
280,9,烹饪方法,14,16,顿蛋,exact_match
280,10,烹饪方法,18,20,拌肉,exact_match
280,11,烹饪方法,90,92,煨热,text_found_at_other_position
280,12,烹饪方法,136,138,煮熟,text_found_at_other_position
280,13,烹饪方法,128,129,熏,text_found_at_other_position
280,14,烹饪方法,181,182,揉,text_found_at_other_position
280,15,烹饪方法,183,185,晒千,text_found_at_other_position
280,16,烹饪方法,58,59,挖,text_found_at_other_position
280,17,烹饪方法,75,76,切,text_found_at_other_position
280,18,烹饪方法,84,85,包,text_found_at_other_position
280,19,烹饪方法,103,104,装,text_found_at_other_position
280,20,烹饪方法,99,100,剥,text_found_at_other_position
280,21,烹饪方法,165,166,擘,text_found_at_other_position
280,22,烹饪方法,259,260,剖,text_found_at_other_position
281,1,食材,153,155,麻姑,text_found_at_other_position
281,2,食材,224,226,香蕈,text_found_at_other_position
281,3,食材,121,122,笋,text_found_at_other_position
281,4,食材,19,22,甜酒娘,text_found_at_other_position
281,5,食材,23,25,酱油,text_found_at_other_position
281,6,烹饪方法,16,17,蒸,text_found_at_other_position
281,7,烹饪方法,25,26,泡,text_found_at_other_position
281,8,烹饪方法,51,52,炒,text_found_at_other_position
281,9,烹饪方法,142,143,切,text_found_at_other_position
281,10,烹饪方法,151,152,晒,text_found_at_other_position
281,11,烹饪方法,89,92,沥干,entity_text_not_found_in_current_passage
281,12,烹饪方法,26,27,醉,text_found_at_other_position
282,1,食材,3,4,桃,exact_match
282,2,食材,92,93,杏,text_found_at_other_position
282,3,食材,126,127,李,text_found_at_other_position
282,4,食材,138,140,黄李,text_found_at_other_position
282,5,食材,55,57,麦面,text_found_at_other_position
282,6,食材,61,62,盐,text_found_at_other_position
282,7,食材,75,77,鲜桃,text_found_at_other_position
282,8,食材,96,98,熟杏,text_found_at_other_position
282,9,食材,121,122,面,text_found_at_other_position
282,10,食材,123,124,饼,text_found_at_other_position
282,11,烹饪方法,54,55,煮,text_found_at_other_position
282,12,烹饪方法,98,99,研,text_found_at_other_position
282,13,烹饪方法,101,102,绞,text_found_at_other_position
282,14,烹饪方法,107,108,晒,text_found_at_other_position
282,15,烹饪方法,109,111,收贮,text_found_at_other_position
282,16,烹饪方法,113,114,和,text_found_at_other_position
282,17,烹饪方法,122,123,作,text_found_at_other_position
282,18,烹饪方法,145,147,去汁,text_found_at_other_position
282,19,烹饪方法,148,150,晒千,text_found_at_other_position
282,20,烹饪方法,150,152,去核,text_found_at_other_position
282,21,烹饪方法,154,157,复晒千,text_found_at_other_position
282,22,烹饪方法,162,164,汤冼,text_found_at_other_position
282,23,烹饪方法,183,184,滤,text_found_at_other_position
282,24,烹饪方法,27,29,密封,exact_match
282,25,烹饪方法,82,84,封口,text_found_at_other_position
282,26,食疗方,43,50,藏桃法,entity_text_not_found_in_current_passage
282,27,食材,57,58,粥,text_found_at_other_position
282,28,食材,58,59,糊,text_found_at_other_position
282,29,食材,114,115,水,text_found_at_other_position
282,30,食材,167,168,酒,text_found_at_other_position
282,31,食材,216,217,醋,text_found_at_other_position
282,32,食材,36,37,酢,exact_match
284,1,食材,26,27,蟹,exact_match
284,2,食材,75,76,稻,exact_match
284,3,食材,102,104,山药,exact_match
284,4,食材,105,107,百合,exact_match
284,5,食材,109,112,羊眼豆,exact_match
284,6,食材,123,124,鳖,exact_match
284,7,烹饪方法,67,68,煮,exact_match
284,8,烹饪方法,94,95,蒸,exact_match
284,9,病症,190,192,腹痛,exact_match
285,1,古籍来源,42,46,《食宪》,text_found_at_other_position
285,2,古籍来源,362,367,《养小录》,text_found_at_other_position
285,3,古籍来源,373,378,《清异录》,text_found_at_other_position
285,4,古籍来源,389,393,《食经》,text_found_at_other_position
285,5,古籍来源,399,407,《邹平公食宪章》,text_found_at_other_position
285,6,古籍来源,507,513,《明遒杂志》,text_found_at_other_position
285,7,医家,220,222,虞惊,text_found_at_other_position
285,8,医家,380,383,段文昌,text_found_at_other_position
285,9,食材,278,281,扁米栅,text_found_at_other_position
285,10,食材,24,25,鲭,exact_match
285,11,烹饪方法,200,201,脍,text_found_at_other_position
285,12,养生原则,183,185,中节,text_found_at_other_position
285,13,养生原则,109,114,以卫生为本,text_found_at_other_position
285,14,养生原则,57,62,勿多戕物命,text_found_at_other_position
285,15,养生原则,70,75,勿暴殄天物,text_found_at_other_position
285,16,禁忌,51,55,戒宰割,entity_text_not_found_in_current_passage
285,17,禁忌,65,68,戒奢费,text_found_at_other_position
286,1,食材,1,3,白盐,exact_match
286,2,食材,36,37,葱,exact_match
286,3,食材,37,38,韭,exact_match
286,4,食材,101,104,子母蔗,text_found_at_other_position
286,5,食材,142,145,龙须莱,text_found_at_other_position
286,6,食材,115,117,瓮莱,text_found_at_other_position
286,7,烹饪方法,5,6,捣,exact_match
286,8,烹饪方法,34,36,炼熟,exact_match
286,9,烹饪方法,10,11,泼,exact_match
286,10,病症,123,125,百毒,text_found_at_other_position
286,11,医家,18,23,余杭寿禅师,exact_match
287,1,食材,0,1,莲,exact_match
287,2,食材,106,109,鲫鱼肉,text_found_at_other_position
287,3,食材,110,113,鲤鱼子,text_found_at_other_position
287,4,食材,117,119,碧箭,text_found_at_other_position
287,5,食材,120,122,菊苗,text_found_at_other_position
287,6,食材,156,157,鱼,text_found_at_other_position
287,7,食疗方,17,21,莲花饼馅,text_found_at_other_position
287,8,食疗方,98,101,缕子脍,text_found_at_other_position
287,9,食疗方,142,145,自然羹,text_found_at_other_position
287,10,医家,11,13,郭进,text_found_at_other_position
287,11,医家,95,97,宋龟,text_found_at_other_position
287,12,古籍来源,398,401,瓜蔬疏,text_found_at_other_position
288,1,食材,229,231,乌贼,text_found_at_other_position
288,2,食材,240,242,墨鱼,text_found_at_other_position
288,3,食材,346,349,鸟贼骨,text_found_at_other_position
288,4,食材,355,358,海鲧蛸,text_found_at_other_position
288,5,功效,18,20,治目,exact_match
288,6,病症,180,181,目,text_found_at_other_position
288,7,医家,34,38,甘盘,entity_text_not_found_in_current_passage
288,8,医家,96,99,元介卿,exact_match
288,9,古籍来源,102,105,元介卿,text_found_at_other_position
289,1,食材,6,8,鱼白,exact_match
289,2,食材,148,150,鲤鱼,text_found_at_other_position
289,3,食材,151,154,黄鱼,entity_text_not_found_in_current_passage
289,4,食材,167,169,羊胃,text_found_at_other_position
289,5,食材,29,30,鱼,exact_match
289,6,食材,240,242,羊肉,text_found_at_other_position
289,7,食材,35,36,乳,exact_match
289,8,食材,45,48,丁子香,exact_match
289,9,食材,57,58,葱,exact_match
289,10,食材,58,59,醋,exact_match
289,11,食材,407,411,吴兴鲤鱼,text_found_at_other_position
289,12,食材,85,86,彘,exact_match
289,13,食材,463,466,夹心肉,text_found_at_other_position
289,14,烹饪方法,133,134,拌,text_found_at_other_position
289,15,烹饪方法,136,138,烹制,text_found_at_other_position
289,16,烹饪方法,284,286,酿制,text_found_at_other_position
289,17,烹饪方法,48,49,淋,exact_match
289,18,烹饪方法,331,333,腌制,text_found_at_other_position
289,19,烹饪方法,84,85,蒸,exact_match
289,20,烹饪方法,466,468,剁碎,text_found_at_other_position
289,21,食疗方,0,3,凤凰胎,exact_match
289,22,食疗方,12,16,羊皮花丝,exact_match
289,23,食疗方,24,27,逡巡酱,exact_match
289,24,食疗方,275,278,乳酿鱼,text_found_at_other_position
289,25,食疗方,316,321,丁子香淋脍,text_found_at_other_position
289,26,食疗方,379,382,葱醋鸡,text_found_at_other_position
289,27,食疗方,67,72,吴兴连带鲱,exact_match
289,28,食疗方,80,83,西江料,exact_match
289,29,古籍来源,51,53,腊别,exact_match
290,1,食材,11,12,酱,text_found_at_other_position
290,2,食材,20,21,醋,text_found_at_other_position
290,3,食材,203,205,醍醐,text_found_at_other_position
290,4,食材,207,209,盾沆,text_found_at_other_position
290,5,食材,210,214,野驼蹄,entity_text_not_found_in_current_passage
290,6,食材,215,217,鹿唇,text_found_at_other_position
290,7,食材,218,221,驼乳糜,text_found_at_other_position
290,8,食材,222,225,天鹅炙,text_found_at_other_position
290,9,食材,226,229,紫玉浆,text_found_at_other_position
290,10,食材,230,233,玄玉浆,exact_match
290,11,食材,240,243,马奶子,text_found_at_other_position
290,12,食材,250,252,龙肝,text_found_at_other_position
290,13,食材,253,255,凤髓,text_found_at_other_position
290,14,食材,256,258,豹胎,text_found_at_other_position
290,15,食材,259,261,鲤尾,text_found_at_other_position
290,16,食材,262,264,鹗炙,text_found_at_other_position
290,17,食材,265,267,猩唇,text_found_at_other_position
290,18,食材,269,271,熊掌,text_found_at_other_position
290,19,食材,272,275,酥酪蝉,text_found_at_other_position
290,20,古籍来源,119,128,周礼 .夭官.膳夫,text_found_at_other_position
290,21,古籍来源,181,184,辍耕录,text_found_at_other_position
290,22,医家,114,116,郑玄,text_found_at_other_position
290,23,医家,175,178,陶宗仪,text_found_at_other_position
290,24,烹饪方法,147,148,熬,text_found_at_other_position
290,25,烹饪方法,153,154,炮,text_found_at_other_position
290,26,烹饪方法,159,160,捣,text_found_at_other_position
290,27,烹饪方法,162,163,溃,text_found_at_other_position
290,28,禁忌,34,42,恶酱为厨司大耗,entity_text_not_found_in_current_passage
290,29,禁忌,46,51,恶醋为小耗,text_found_at_other_position
291,1,食材,48,51,双弓米,text_found_at_other_position
291,2,食材,32,33,糜,text_found_at_other_position
291,3,食材,125,128,麦穗生,text_found_at_other_position
291,4,食材,94,97,卷子生,text_found_at_other_position
291,5,食材,102,104,肥崭,text_found_at_other_position
291,6,食材,316,318,散竹,text_found_at_other_position
291,7,医家,7,10,单公洁,text_found_at_other_position
291,8,医家,63,65,萧琏,text_found_at_other_position
291,9,古籍来源,83,85,虞惊,text_found_at_other_position
291,10,古籍来源,86,88,谢讽,text_found_at_other_position
292,1,食材,7,9,鹑子,exact_match
292,2,食材,43,44,羊,exact_match
292,3,食材,45,46,豕,exact_match
292,4,食材,47,48,牛,exact_match
292,5,食材,49,50,熊,exact_match
292,6,食材,50,51,鹿,exact_match
292,7,食材,60,62,羊肉,exact_match
292,8,食材,62,64,肠脏,exact_match
292,9,食材,65,67,豆英,exact_match
292,10,食材,148,150,驴肉,text_found_at_other_position
292,11,食材,286,289,牛犊肉,text_found_at_other_position
292,12,食材,346,348,豆粉,text_found_at_other_position
292,13,食材,446,448,网油,text_found_at_other_position
292,14,食材,559,561,肘肉,text_found_at_other_position
292,15,烹饪方法,122,123,烤,text_found_at_other_position
292,16,烹饪方法,124,126,煎炸,text_found_at_other_position
292,17,烹饪方法,17,18,蒸,exact_match
292,18,烹饪方法,284,286,清炖,text_found_at_other_position
292,19,烹饪方法,314,316,细切,text_found_at_other_position
292,20,烹饪方法,344,345,裹,text_found_at_other_position
292,21,烹饪方法,31,32,炙,exact_match
292,22,烹饪方法,83,84,烹,exact_match
292,23,烹饪方法,448,450,缠裹,text_found_at_other_position
292,24,烹饪方法,561,563,卷压,text_found_at_other_position
292,25,烹饪方法,577,579,煮熬,text_found_at_other_position
292,26,烹饪方法,580,582,切片,text_found_at_other_position
292,27,烹饪方法,247,249,酿制,text_found_at_other_position
292,28,烹饪方法,115,116,切,text_found_at_other_position
292,29,烹饪方法,556,557,腌,text_found_at_other_position
292,30,食疗方,0,3,箸头春,exact_match
292,31,食疗方,133,139,暖寒花酿酽蒸,text_found_at_other_position
292,32,食疗方,280,283,水炼犊,text_found_at_other_position
292,33,食疗方,38,41,五生蓝,exact_match
292,34,食疗方,57,59,格食,exact_match
292,35,食疗方,71,74,过门香,exact_match
292,36,食疗方,87,90,红罗竹,exact_match
292,37,食疗方,97,102,缠花云梦肉,exact_match
292,38,古籍来源,160,169,《开元夭宝遗事》,entity_text_not_found_in_current_passage
292,39,医家,368,370,高诱,text_found_at_other_position
292,40,病症,151,153,暖蹇,text_found_at_other_position
292,41,病症,156,158,消蹇,text_found_at_other_position
293,1,食材,45,46,鱼,exact_match
293,2,食材,65,68,荔枝仁,exact_match
293,3,食材,146,147,脯,text_found_at_other_position
293,4,食材,183,184,鲱,text_found_at_other_position
293,5,病症,106,108,时疫,exact_match
293,6,医家,142,145,仇士良,text_found_at_other_position
293,7,烹饪方法,200,201,罔,text_found_at_other_position
293,8,烹饪方法,430,431,切,text_found_at_other_position
293,9,烹饪方法,443,445,腌制,text_found_at_other_position
293,10,烹饪方法,457,461,装缸发酵,text_found_at_other_position
296,1,医家,21,23,胡适,exact_match
296,2,医家,109,112,释法常,text_found_at_other_position
298,1,食材,11,12,茶,text_found_at_other_position
298,2,食材,439,441,泉水,text_found_at_other_position
298,3,烹饪方法,346,349,水煎服,text_found_at_other_position
298,4,病症,287,289,病冷,text_found_at_other_position
298,5,病症,353,355,宿疾,text_found_at_other_position
298,6,病症,410,412,病瘥,text_found_at_other_position
298,7,医家,8,10,孙樵,text_found_at_other_position
298,8,医家,246,249,毛文锡,text_found_at_other_position
300,1,食材,19,20,韭,text_found_at_other_position
300,2,食材,73,74,葱,exact_match
300,3,食材,120,122,甘草,text_found_at_other_position
300,4,古籍来源,127,129,文言,text_found_at_other_position
301,1,食材,36,37,茶,exact_match
301,2,烹饪方法,26,28,煮汤,exact_match
301,3,烹饪方法,172,174,作汤,exact_match
301,4,烹饪方法,174,176,泛茶,exact_match
301,5,烹饪方法,209,210,燃,exact_match
301,6,禁忌,55,58,水忌停,exact_match
301,7,禁忌,61,64,薪忌薰,exact_match
301,8,养生原则,46,53,在茶家亦有法律,exact_match
301,9,养生原则,73,79,汤乖则茶殆矣,exact_match
301,10,养生原则,106,114,木体虽尽而性且浮,exact_match
301,11,养生原则,116,125,性浮则汤有终嫩之嫌,exact_match
301,12,养生原则,127,137,"炭则不然,实汤之友",entity_text_not_found_in_current_passage
301,13,养生原则,148,152,茶本灵草,exact_match
303,1,食材,8,9,韭,exact_match
303,2,食材,51,52,葱,exact_match
303,3,食材,53,54,蒜,exact_match
303,4,食材,86,89,香椿头,exact_match
303,5,食材,471,473,萝卜,text_found_at_other_position
303,6,烹饪方法,477,479,切丝,text_found_at_other_position
303,7,烹饪方法,483,484,拌,text_found_at_other_position
303,8,病症,504,506,打嗳,text_found_at_other_position
303,9,病症,103,105,秽气,text_found_at_other_position
304,1,食材,45,47,米饭,exact_match
304,2,食材,53,55,面食,exact_match
304,3,食材,271,273,饼子,text_found_at_other_position
304,4,食材,280,282,面条,text_found_at_other_position
304,5,食材,317,318,油,text_found_at_other_position
304,6,食材,319,320,盐,text_found_at_other_position
304,7,食材,321,322,酱,text_found_at_other_position
304,8,食材,323,324,醋,text_found_at_other_position
304,9,食材,514,516,椒末,text_found_at_other_position
304,10,食材,543,547,芝麻屑,entity_text_not_found_in_current_passage
304,11,食材,524,525,笋,text_found_at_other_position
304,12,食材,529,530,蕈,text_found_at_other_position
304,13,食材,532,533,虾,text_found_at_other_position
304,14,功效,77,79,养脾,exact_match
304,15,功效,82,84,补心,exact_match
304,16,脏腑,139,140,脾,exact_match
304,17,脏腑,138,139,心,exact_match
304,18,食疗方,452,455,五香面,text_found_at_other_position
304,19,食疗方,459,462,八珍面,text_found_at_other_position
304,20,烹饪方法,523,524,煮,text_found_at_other_position
304,21,烹饪方法,610,611,擀,text_found_at_other_position
304,22,烹饪方法,288,289,切,text_found_at_other_position
304,23,烹饪方法,552,554,搅拌,text_found_at_other_position
304,24,古籍来源,68,71,本草,entity_text_not_found_in_current_passage
305,1,食材,300,302,蔬笋,text_found_at_other_position
305,2,食材,302,304,虾鱼,text_found_at_other_position
305,3,养生原则,337,340,重蔬食,text_found_at_other_position
305,4,养生原则,341,344,崇俭约,text_found_at_other_position
305,5,养生原则,345,348,尚真味,text_found_at_other_position
305,6,养生原则,350,353,主清淡,text_found_at_other_position
305,7,养生原则,354,357,忌油腻,text_found_at_other_position
305,8,养生原则,362,366,慎杀生,entity_text_not_found_in_current_passage
307,1,食材,60,61,鸡,exact_match
307,2,食材,62,63,鱼,exact_match
307,3,食材,64,65,虾,exact_match
307,4,食材,80,82,鲜笄,exact_match
307,5,食材,83,85,香蕈,exact_match
307,6,食材,85,87,芝麻,exact_match
307,7,食材,89,91,花椒,exact_match
307,8,食材,120,121,酱,exact_match
307,9,食材,122,123,醋,exact_match
307,10,食材,288,289,笋,exact_match
307,11,食材,494,495,藕,text_found_at_other_position
307,12,食材,495,496,葛,text_found_at_other_position
307,13,食材,498,499,蕨,text_found_at_other_position
307,14,食材,500,502,绿豆,text_found_at_other_position
307,15,食材,404,407,鸡蛋清,exact_match
307,16,烹饪方法,72,73,晒,exact_match
307,17,烹饪方法,99,100,捣,exact_match
307,18,烹饪方法,337,338,碾,exact_match
307,19,烹饪方法,280,281,煮,exact_match
307,20,烹饪方法,516,517,调,text_found_at_other_position
307,21,食疗方,51,53,八珍,exact_match
307,22,食疗方,377,379,五香,exact_match
307,23,禁忌,300,303,忌讳油,exact_match
308,1,食材,149,150,米,text_found_at_other_position
308,2,食材,109,110,粥,text_found_at_other_position
308,3,食材,98,99,饭,text_found_at_other_position
308,4,食材,479,482,鲜花露,text_found_at_other_position
308,5,食材,681,683,香橼,text_found_at_other_position
308,6,食材,684,686,桂花,text_found_at_other_position
308,7,食材,697,699,玫瑰,text_found_at_other_position
308,8,烹饪方法,108,109,煮,text_found_at_other_position
308,9,烹饪方法,218,219,熬,text_found_at_other_position
308,10,烹饪方法,95,96,烧,text_found_at_other_position
308,11,烹饪方法,506,508,拌匀,text_found_at_other_position
308,12,烹饪方法,612,613,浇,text_found_at_other_position
308,13,烹饪方法,501,502,闷,text_found_at_other_position
308,14,养生原则,367,373,火候调得均匀,text_found_at_other_position
311,1,食材,146,148,羊肉,text_found_at_other_position
311,2,食材,546,548,人参,text_found_at_other_position
311,3,食材,153,155,黄芪,text_found_at_other_position
311,4,功效,159,161,补气,text_found_at_other_position
311,5,功效,164,166,补形,text_found_at_other_position
311,6,病症,221,223,伤脾,text_found_at_other_position
311,7,病症,224,226,坏腹,text_found_at_other_position
311,8,古籍来源,138,142,《本草》,text_found_at_other_position
312,1,食材,35,36,鱼,exact_match
312,2,食材,299,301,酱瓜,text_found_at_other_position
312,3,食材,302,304,生姜,text_found_at_other_position
312,4,食材,308,310,竹笋,text_found_at_other_position
312,5,食材,404,405,虾,text_found_at_other_position
312,6,食材,424,426,甘草,text_found_at_other_position
312,7,食材,457,458,笋,text_found_at_other_position
312,8,烹饪方法,26,27,烧,exact_match
312,9,烹饪方法,271,272,蒸,text_found_at_other_position
312,10,烹饪方法,438,439,焯,text_found_at_other_position
312,11,烹饪方法,521,522,醉,text_found_at_other_position
312,12,烹饪方法,524,525,糟,text_found_at_other_position
314,1,食材,24,26,雄鸭,exact_match
314,2,食材,292,293,雉,text_found_at_other_position
314,3,食材,294,295,雁,text_found_at_other_position
314,4,食材,296,297,鸠,text_found_at_other_position
314,5,食材,298,299,鸽,text_found_at_other_position
314,6,食材,300,302,黄雀,text_found_at_other_position
314,7,食材,303,305,鹩鹑,text_found_at_other_position
314,8,食材,335,336,兔,text_found_at_other_position
314,9,食材,339,340,麝,text_found_at_other_position
314,10,食材,341,342,鹿,text_found_at_other_position
314,11,食材,343,344,熊,text_found_at_other_position
314,12,食材,345,346,虎,text_found_at_other_position
314,13,功效,71,75,保养身体,text_found_at_other_position
314,14,烹饪方法,161,162,食,text_found_at_other_position
314,15,烹饪方法,286,287,尝,text_found_at_other_position
314,16,古籍来源,453,456,易.颐,text_found_at_other_position
315,1,食材,8,10,蔷薇,exact_match
315,2,食材,11,13,香橼,exact_match
315,3,食材,14,16,桂花,exact_match
315,4,食材,119,120,饭,text_found_at_other_position
315,5,食材,58,59,羹,exact_match
315,6,食材,54,55,汤,exact_match
315,7,食材,241,243,肴馔,text_found_at_other_position
315,8,食材,499,501,小莱,text_found_at_other_position
315,9,养生原则,366,372,吃饭不可无羹,text_found_at_other_position
315,10,养生原则,480,492,"宁可食无馔,不可饭无汤",entity_text_not_found_in_current_passage
316,1,食材,81,82,米,exact_match
316,2,食材,82,83,麦,exact_match
316,3,食材,89,92,粉面,entity_text_not_found_in_current_passage
316,4,功效,304,306,养脾,text_found_at_other_position
316,5,功效,309,311,补心,text_found_at_other_position
316,6,脏腑,351,352,脾,text_found_at_other_position
316,7,脏腑,350,351,心,text_found_at_other_position
316,8,古籍来源,293,297,《本草》,text_found_at_other_position
318,1,食材,24,26,鸫肉,text_found_at_other_position
318,2,食材,27,29,鹎肉,text_found_at_other_position
318,3,食材,31,33,獐肉,text_found_at_other_position
318,4,食材,35,37,鹿肉,text_found_at_other_position
318,5,食材,38,40,猪肉,text_found_at_other_position
318,6,食材,43,45,羊肉,text_found_at_other_position
318,7,食材,79,81,面粉,text_found_at_other_position
318,8,食材,180,185,鸡鸭蛋蛋白,text_found_at_other_position
318,9,食材,203,205,蛋白,text_found_at_other_position
318,10,食材,242,245,鸭蛋黄,text_found_at_other_position
318,11,食材,251,254,鸡蛋黄,text_found_at_other_position
318,12,食材,260,262,银朱,text_found_at_other_position
318,13,食材,360,362,芦荻,text_found_at_other_position
318,14,食材,442,444,白鱼,text_found_at_other_position
318,15,食材,447,449,鲇鱼,text_found_at_other_position
318,16,食材,450,452,鳢鱼,text_found_at_other_position
318,17,食材,546,547,姜,text_found_at_other_position
318,18,食材,549,551,花椒,text_found_at_other_position
318,19,食材,553,555,桔皮,text_found_at_other_position
318,20,食材,558,560,豆豉,text_found_at_other_position
318,21,食材,587,588,油,text_found_at_other_position
318,22,食材,593,594,绢,text_found_at_other_position
318,23,烹饪方法,1,2,炙,exact_match
318,24,烹饪方法,146,147,烤,text_found_at_other_position
318,25,烹饪方法,47,49,斫碎,text_found_at_other_position
318,26,烹饪方法,49,50,炒,text_found_at_other_position
318,27,烹饪方法,103,104,削,text_found_at_other_position
318,28,烹饪方法,232,233,涂,text_found_at_other_position
318,29,烹饪方法,284,285,刷,text_found_at_other_position
318,30,烹饪方法,317,318,切,text_found_at_other_position
318,31,烹饪方法,362,363,包,text_found_at_other_position
318,32,烹饪方法,371,372,铺,text_found_at_other_position
318,33,烹饪方法,459,460,片,text_found_at_other_position
318,34,烹饪方法,500,501,割,text_found_at_other_position
318,35,烹饪方法,509,510,洗,text_found_at_other_position
318,36,烹饪方法,524,525,舂,text_found_at_other_position
318,37,烹饪方法,53,54,和,text_found_at_other_position
318,38,烹饪方法,594,595,垫,text_found_at_other_position
318,39,食疗方,5,7,筒炙,exact_match
318,40,食疗方,14,16,黄炙,exact_match
318,41,食疗方,57,59,陷炙,text_found_at_other_position
318,42,食疗方,428,430,饼炙,text_found_at_other_position
318,43,禁忌,412,418,"面多了,味酸",text_found_at_other_position
318,44,禁忌,419,425,"少了,环相黏",text_found_at_other_position
319,1,古籍来源,0,4,《食经》,exact_match
319,2,食材,40,42,豆子,exact_match
319,3,烹饪方法,61,62,蒸,exact_match
319,4,食材,128,130,青茅,exact_match
319,5,食材,235,239,糯米小曲,text_found_at_other_position
319,6,食材,243,244,盐,text_found_at_other_position
319,7,食材,5,6,豉,exact_match
319,8,食材,310,312,桑叶,text_found_at_other_position
319,9,烹饪方法,404,405,晒,text_found_at_other_position
319,10,烹饪方法,64,65,蒸,exact_match
319,11,烹饪方法,383,384,炊,text_found_at_other_position
319,12,食材,492,494,芥草,text_found_at_other_position
319,13,烹饪方法,520,521,簸,text_found_at_other_position
319,14,烹饪方法,321,322,按,text_found_at_other_position
319,15,食材,669,671,麦豉,text_found_at_other_position
319,16,食材,697,699,小麦,text_found_at_other_position
319,17,烹饪方法,702,703,磨,text_found_at_other_position
319,18,烹饪方法,262,263,拌,text_found_at_other_position
319,19,烹饪方法,357,358,蒸,exact_match
319,20,烹饪方法,728,730,按碎,text_found_at_other_position
319,21,烹饪方法,763,765,簸扬,text_found_at_other_position
319,22,烹饪方法,372,373,洒,text_found_at_other_position
319,23,烹饪方法,359,360,蒸,text_found_at_other_position
321,1,食材,12,13,鱼,exact_match
321,2,食材,184,185,鹅,text_found_at_other_position
321,3,食材,186,187,雁,text_found_at_other_position
321,4,食材,188,189,鸡,text_found_at_other_position
321,5,食材,191,192,鸭,text_found_at_other_position
321,6,食材,193,194,鸽,text_found_at_other_position
321,7,食材,196,197,鹘,text_found_at_other_position
321,8,食材,198,200,野鸭,text_found_at_other_position
321,9,食材,201,203,野鸡,text_found_at_other_position
321,10,食材,204,205,兔,text_found_at_other_position
321,11,食材,208,210,鹌鹑,text_found_at_other_position
321,12,食材,274,275,牛,text_found_at_other_position
321,13,食材,275,276,羊,text_found_at_other_position
321,14,食材,577,578,鲇,text_found_at_other_position
321,15,食材,579,580,鳢,text_found_at_other_position
321,16,食味,75,76,酸,exact_match
321,17,食味,533,534,甜,text_found_at_other_position
321,18,烹饪方法,115,116,煨,text_found_at_other_position
321,19,烹饪方法,135,136,捶,text_found_at_other_position
321,20,烹饪方法,277,278,煮,text_found_at_other_position
321,21,烹饪方法,77,78,浸,exact_match
321,22,烹饪方法,371,372,烤,text_found_at_other_position
321,23,烹饪方法,367,369,阴干,text_found_at_other_position
321,24,烹饪方法,488,490,煮熟,text_found_at_other_position
321,25,食疗方,169,172,五味脯,text_found_at_other_position
321,26,食疗方,439,441,胞脯,text_found_at_other_position
321,27,食疗方,541,543,挹鱼,text_found_at_other_position
322,1,食材,43,45,芜菁,text_found_at_other_position
322,2,食材,46,48,蜀芥,text_found_at_other_position
322,3,食材,200,202,黍米,text_found_at_other_position
322,4,食材,84,86,麦锐,text_found_at_other_position
322,5,食材,227,229,菘莱,text_found_at_other_position
322,6,食材,321,325,脂麻油,entity_text_not_found_in_current_passage
322,7,食材,391,394,干蔓菁,text_found_at_other_position
322,8,烹饪方法,24,25,煮,text_found_at_other_position
322,9,烹饪方法,86,87,捣,text_found_at_other_position
322,10,烹饪方法,253,254,烫,text_found_at_other_position
322,11,烹饪方法,52,53,浸,text_found_at_other_position
322,12,烹饪方法,586,587,封,text_found_at_other_position
322,13,食疗方,218,220,汤菹,text_found_at_other_position
322,14,食疗方,356,358,藤菹,text_found_at_other_position
322,15,食味,20,21,咸,text_found_at_other_position
323,1,古籍来源,9,13,《食次》,text_found_at_other_position
323,2,食材,3,4,糗,text_found_at_other_position
323,3,食材,67,69,折米,text_found_at_other_position
323,4,食材,116,118,白饮,text_found_at_other_position
323,5,食材,127,128,盐,text_found_at_other_position
323,6,烹饪方法,0,1,煮,exact_match
323,7,烹饪方法,47,48,漉,text_found_at_other_position
323,8,烹饪方法,85,86,投,text_found_at_other_position
323,9,烹饪方法,234,235,淋,text_found_at_other_position
323,10,食疗方,6,8,煮糗,text_found_at_other_position
324,1,食材,0,1,姜,exact_match
324,2,食材,4,5,肉,exact_match
324,3,食材,17,18,肾,exact_match
324,4,食材,87,88,葱,exact_match
324,5,食材,91,92,椒,exact_match
324,6,食材,93,95,梏皮,exact_match
324,7,食材,96,98,胡芹,exact_match
324,8,食材,99,101,小蒜,exact_match
324,9,食材,109,110,盐,exact_match
324,10,食材,110,111,醋,exact_match
324,11,食材,229,231,猪肉,text_found_at_other_position
324,12,食材,231,233,羊肉,text_found_at_other_position
324,13,食材,221,222,芋,text_found_at_other_position
324,14,食材,269,271,葱白,text_found_at_other_position
324,15,食材,297,299,粳米,text_found_at_other_position
324,16,食材,307,309,豉汁,text_found_at_other_position
324,17,食材,313,315,苦酒,text_found_at_other_position
324,18,食材,351,352,鸭,text_found_at_other_position
324,19,食材,404,408,木兰皮,entity_text_not_found_in_current_passage
324,20,食材,468,469,酒,text_found_at_other_position
324,21,食材,478,479,鳖,text_found_at_other_position
324,22,食材,418,419,豉,text_found_at_other_position
324,23,食味,161,162,咸,exact_match
324,24,烹饪方法,245,246,煮,text_found_at_other_position
324,25,烹饪方法,19,20,切,exact_match
324,26,烹饪方法,265,266,蒸,text_found_at_other_position
324,27,烹饪方法,103,105,细切,exact_match
324,28,烹饪方法,106,107,锻,exact_match
324,29,烹饪方法,285,287,煮熟,text_found_at_other_position
324,30,烹饪方法,446,448,调和,text_found_at_other_position
324,31,古籍来源,213,217,《食经》,text_found_at_other_position
325,1,食材,24,27,羊板油,exact_match
325,2,食材,161,163,羊肉,text_found_at_other_position
325,3,食材,176,178,葱白,text_found_at_other_position
325,4,食材,15,16,盐,exact_match
325,5,食材,17,19,豉汁,exact_match
325,6,食材,187,188,姜,text_found_at_other_position
325,7,食材,189,192,花椒末,text_found_at_other_position
325,8,食材,269,271,猪肉,text_found_at_other_position
325,9,食材,290,292,橘皮,text_found_at_other_position
325,10,食材,296,298,酱瓜,text_found_at_other_position
325,11,食材,376,378,小猪,text_found_at_other_position
325,12,食材,440,444,肥鸭子肉,text_found_at_other_position
325,13,食材,455,458,鱼酱汁,text_found_at_other_position
325,14,食材,13,14,葱,exact_match
325,15,食材,569,570,蜜,text_found_at_other_position
325,16,烹饪方法,37,38,烤,exact_match
325,17,烹饪方法,329,330,煮,text_found_at_other_position
325,18,烹饪方法,310,311,捣,text_found_at_other_position
325,19,食疗方,41,44,牛胲炙,exact_match
325,20,食疗方,137,139,灌肠,exact_match
325,21,食疗方,254,257,跳丸炙,text_found_at_other_position
325,22,食疗方,361,364,膦炙怼,text_found_at_other_position
325,23,古籍来源,245,249,《食经》,text_found_at_other_position
326,1,食材,75,78,牛猪肉,text_found_at_other_position
326,2,食材,103,106,鸡子白,text_found_at_other_position
326,3,食材,167,169,藿叶,text_found_at_other_position
326,4,食材,179,182,生鹅子,text_found_at_other_position
326,5,食材,186,187,姜,text_found_at_other_position
326,6,食材,187,188,桔,text_found_at_other_position
326,7,食材,233,235,驴肉,text_found_at_other_position
326,8,食材,237,239,马肉,text_found_at_other_position
326,9,食材,241,243,猪肉,text_found_at_other_position
326,10,食材,387,388,盐,text_found_at_other_position
326,11,食材,356,357,曲,text_found_at_other_position
326,12,食材,391,393,麦莸,text_found_at_other_position
326,13,烹饪方法,81,82,煮,text_found_at_other_position
326,14,烹饪方法,82,83,切,text_found_at_other_position
326,15,烹饪方法,173,174,蒸,text_found_at_other_position
326,16,烹饪方法,178,179,破,text_found_at_other_position
326,17,烹饪方法,184,186,细切,text_found_at_other_position
326,18,烹饪方法,194,195,和,text_found_at_other_position
326,19,烹饪方法,197,199,蒸苞,text_found_at_other_position
326,20,烹饪方法,327,328,斫,text_found_at_other_position
326,21,烹饪方法,415,417,和匀,text_found_at_other_position
326,22,烹饪方法,427,429,密封,text_found_at_other_position
326,23,烹饪方法,438,439,厮,text_found_at_other_position
327,1,食材,5,6,醋,exact_match
327,2,食材,44,45,葵,exact_match
327,3,食材,123,126,糯米饭,exact_match
327,4,食材,155,157,小麦,exact_match
327,5,食材,217,219,白米,exact_match
327,6,食材,209,210,瓜,exact_match
327,7,食材,297,299,小瓜,exact_match
327,8,食材,302,304,豆豉,exact_match
327,9,食材,369,371,越瓜,exact_match
327,10,食材,376,378,酒糟,exact_match
327,11,食材,493,496,白冬瓜,exact_match
327,12,食材,545,547,杌皮,exact_match
327,13,食材,548,550,鸟梅,exact_match
327,14,烹饪方法,6,7,煮,exact_match
327,15,烹饪方法,385,386,淹,exact_match
327,16,烹饪方法,513,514,切,exact_match
327,17,烹饪方法,525,526,筛,exact_match
327,18,烹饪方法,322,323,铺,exact_match
327,19,烹饪方法,541,542,盖,exact_match
327,20,古籍来源,167,173,《四民月令》,exact_match
327,21,古籍来源,201,205,《食经》,exact_match
327,22,食材,62,63,菘,exact_match
327,23,食材,37,38,鲱,exact_match
328,1,食材,23,25,狗肉,exact_match
328,2,食材,28,30,小麦,exact_match
328,3,食材,34,36,白酒,exact_match
328,4,食材,79,81,鸡蛋,exact_match
328,5,食材,154,156,牛头,text_found_at_other_position
328,6,食材,157,159,鹿头,text_found_at_other_position
328,7,食材,160,163,小猪脚,text_found_at_other_position
328,8,食材,223,225,猪蹄,text_found_at_other_position
328,9,食材,243,246,鸡鸭蛋,text_found_at_other_position
328,10,食材,249,250,姜,text_found_at_other_position
328,11,食材,251,253,花椒,text_found_at_other_position
328,12,食材,257,258,盐,text_found_at_other_position
328,13,食材,295,298,生鸭蛋,text_found_at_other_position
328,14,食材,321,322,茅,text_found_at_other_position
328,15,烹饪方法,39,40,煮,exact_match
328,16,烹饪方法,101,102,蒸,exact_match
328,17,烹饪方法,111,113,压榨,exact_match
328,18,烹饪方法,325,326,绑,text_found_at_other_position
328,19,烹饪方法,74,75,打,exact_match
328,20,食疗方,13,15,犬牒,exact_match
328,21,食疗方,145,147,苞牒,exact_match
328,22,古籍来源,5,9,《食经》,exact_match
328,23,古籍来源,138,142,《食次》,exact_match
329,1,食材,44,45,猪,text_found_at_other_position
329,2,食材,46,47,鸡,text_found_at_other_position
329,3,食材,48,50,鸭肉,text_found_at_other_position
329,4,食材,500,501,葱,text_found_at_other_position
329,5,食材,75,76,姜,text_found_at_other_position
329,6,食材,77,79,橘皮,text_found_at_other_position
329,7,食材,80,82,胡芹,text_found_at_other_position
329,8,食材,83,85,小蒜,text_found_at_other_position
329,9,食材,96,97,醋,text_found_at_other_position
329,10,食材,131,133,小猪,text_found_at_other_position
329,11,食材,260,263,酸浆水,text_found_at_other_position
329,12,食材,339,341,面粉,text_found_at_other_position
329,13,烹饪方法,71,72,煮,text_found_at_other_position
329,14,烹饪方法,61,62,炒,text_found_at_other_position
329,15,烹饪方法,158,159,烫,text_found_at_other_position
329,16,烹饪方法,185,186,拔,text_found_at_other_position
329,17,烹饪方法,193,194,剃,text_found_at_other_position
329,18,烹饪方法,207,209,刮削,text_found_at_other_position
329,19,烹饪方法,222,224,揩擦,text_found_at_other_position
329,20,烹饪方法,485,486,斩,text_found_at_other_position
329,21,烹饪方法,431,432,浸,text_found_at_other_position
330,1,食材,5,6,米,exact_match
330,2,食材,57,58,酒,exact_match
330,3,食材,178,179,姜,exact_match
330,4,食材,184,185,桂,exact_match
330,5,食材,189,190,蜜,exact_match
330,6,食材,194,195,胆,exact_match
330,7,食材,237,239,黍酒,exact_match
330,8,食材,240,242,秫酒,exact_match
330,9,食材,268,269,曲,text_found_at_other_position
330,10,食材,277,279,笨曲,text_found_at_other_position
330,11,食材,290,292,神曲,text_found_at_other_position
330,12,食材,434,436,米粉,text_found_at_other_position
330,13,食味,180,181,辛,exact_match
330,14,食味,186,187,辣,exact_match
330,15,食味,191,192,甜,exact_match
330,16,食味,196,197,苦,exact_match
330,17,烹饪方法,17,18,炊,exact_match
330,18,烹饪方法,472,473,蒸,text_found_at_other_position
330,19,烹饪方法,454,455,煮,text_found_at_other_position
330,20,烹饪方法,321,322,捣,text_found_at_other_position
330,21,烹饪方法,330,331,筛,text_found_at_other_position
330,22,烹饪方法,373,374,舂,text_found_at_other_position
330,23,烹饪方法,59,61,搅拌,exact_match
330,24,烹饪方法,579,580,打,text_found_at_other_position
330,25,食疗方,248,252,酿礤米酎,exact_match
331,1,古籍来源,9,13,《食经》,text_found_at_other_position
331,2,食材,14,16,芋子,text_found_at_other_position
331,3,食材,22,25,猪羊肉,text_found_at_other_position
331,4,烹饪方法,33,34,煮,text_found_at_other_position
331,5,食材,51,53,葱白,text_found_at_other_position
331,6,食材,65,67,粳米,text_found_at_other_position
331,7,食材,70,71,盐,text_found_at_other_position
331,8,食材,75,76,豉,text_found_at_other_position
331,9,食材,80,82,苦酒,text_found_at_other_position
331,10,食材,111,113,小鸭,text_found_at_other_position
331,11,食材,120,122,大鸭,text_found_at_other_position
331,12,食材,125,126,葱,text_found_at_other_position
331,13,食材,129,130,芊,text_found_at_other_position
331,14,食材,134,136,梏皮,text_found_at_other_position
331,15,食材,139,141,木兰,text_found_at_other_position
331,16,食材,146,148,生姜,text_found_at_other_position
331,17,食材,151,153,豉汁,text_found_at_other_position
331,18,食材,157,158,米,text_found_at_other_position
331,19,食材,178,179,酒,text_found_at_other_position
331,20,食材,185,186,鳖,exact_match
331,21,烹饪方法,60,61,煮,text_found_at_other_position
331,22,食材,116,118,羊肉,text_found_at_other_position
331,23,食材,206,207,葱,text_found_at_other_position
331,24,食材,211,212,豉,text_found_at_other_position
331,25,食材,215,217,粳米,text_found_at_other_position
331,26,食材,94,95,羡,text_found_at_other_position
331,27,食材,223,225,木兰,text_found_at_other_position
331,28,食材,228,229,酒,text_found_at_other_position
331,29,烹饪方法,179,180,煮,text_found_at_other_position
331,30,食材,236,237,盐,text_found_at_other_position
331,31,食材,238,240,苦酒,text_found_at_other_position
331,32,食材,250,252,猪蹄,text_found_at_other_position
331,33,烹饪方法,195,196,煮,text_found_at_other_position
331,34,食材,276,277,葱,text_found_at_other_position
331,35,食材,278,279,豉,text_found_at_other_position
331,36,食材,281,283,苦酒,text_found_at_other_position
331,37,食材,284,285,盐,text_found_at_other_position
331,38,食材,295,296,饧,text_found_at_other_position
331,39,食材,305,307,羊蹄,text_found_at_other_position
331,40,食材,201,203,羊肉,text_found_at_other_position
331,41,食材,323,324,葱,text_found_at_other_position
331,42,食材,327,328,豉,text_found_at_other_position
331,43,食材,333,334,米,text_found_at_other_position
331,44,食材,342,344,生姜,text_found_at_other_position
331,45,食材,347,349,桔皮,text_found_at_other_position
331,46,食材,355,356,兔,text_found_at_other_position
331,47,食材,29,30,水,text_found_at_other_position
331,48,食材,375,376,酒,text_found_at_other_position
331,49,食材,385,386,葱,text_found_at_other_position
331,50,食材,389,390,米,text_found_at_other_position
331,51,食材,395,396,盐,text_found_at_other_position
331,52,食材,397,398,豉,text_found_at_other_position
331,53,食材,399,401,苦酒,text_found_at_other_position
331,54,食材,418,420,肉葵,text_found_at_other_position
331,55,食材,258,260,猪蹄,text_found_at_other_position
331,56,烹饪方法,232,233,煮,text_found_at_other_position
331,57,烹饪方法,47,48,蒸,text_found_at_other_position
331,58,烹饪方法,163,166,调其味,text_found_at_other_position
331,59,烹饪方法,264,267,煮令烂,text_found_at_other_position
331,60,烹饪方法,268,270,擘去,text_found_at_other_position
333,1,食材,74,76,麦曲,text_found_at_other_position
333,2,食材,189,191,神曲,text_found_at_other_position
333,3,食材,578,579,米,text_found_at_other_position
333,4,烹饪方法,356,357,浸,text_found_at_other_position
333,5,烹饪方法,326,327,酿,text_found_at_other_position
333,6,烹饪方法,584,585,淘,text_found_at_other_position
333,7,烹饪方法,246,247,曝,text_found_at_other_position
333,8,烹饪方法,253,254,收,text_found_at_other_position
333,9,禁忌,33,37,勿使漏气,exact_match
333,10,禁忌,127,131,勿令见日,text_found_at_other_position
333,11,禁忌,157,161,不须覆盖,text_found_at_other_position
333,12,禁忌,170,174,不用被丽,text_found_at_other_position
333,13,禁忌,387,392,太厚则伤热,text_found_at_other_position
333,14,禁忌,466,470,恐不耐久,text_found_at_other_position
333,15,禁忌,493,498,咸则不佳,entity_text_not_found_in_current_passage
333,16,禁忌,315,320,澜湿则酒恶,text_found_at_other_position
333,17,禁忌,234,239,斧刃则杀小,text_found_at_other_position
333,18,禁忌,270,276,恐土污及丽润,text_found_at_other_position
333,19,养生原则,256,259,受霜露,text_found_at_other_position
333,20,养生原则,529,534,寒暖有早晚,text_found_at_other_position
333,21,养生原则,486,491,取极甘井水,text_found_at_other_position
333,22,养生原则,476,481,河水笫一好,text_found_at_other_position
333,23,养生原则,407,419,秋以九月九日或十九日收水,text_found_at_other_position
333,24,养生原则,449,455,此四日为上时,text_found_at_other_position
333,25,养生原则,458,465,籴日非不得作,entity_text_not_found_in_current_passage
333,26,养生原则,183,187,陈者弥好,text_found_at_other_position
333,27,食疗方,500,503,清曲祛,text_found_at_other_position
334,1,食材,1,3,杏酪,exact_match
334,2,食材,5,6,饧,exact_match
334,3,食材,9,12,地黄粱,exact_match
334,4,食材,31,32,醴,exact_match
334,5,食材,210,212,杏仁,text_found_at_other_position
334,6,食材,437,439,稻麦,text_found_at_other_position
334,7,烹饪方法,0,1,煮,exact_match
334,8,烹饪方法,221,222,研,text_found_at_other_position
334,9,烹饪方法,229,230,滤,text_found_at_other_position
334,10,烹饪方法,289,290,搅,text_found_at_other_position
334,11,烹饪方法,180,181,曝,text_found_at_other_position
334,12,烹饪方法,208,209,打,text_found_at_other_position
334,13,烹饪方法,215,216,脱,text_found_at_other_position
334,14,烹饪方法,253,254,燃,text_found_at_other_position
334,15,烹饪方法,263,264,沸,text_found_at_other_position
334,16,烹饪方法,400,401,覆,text_found_at_other_position
334,17,烹饪方法,225,226,和,text_found_at_other_position
334,18,食味,87,88,甘,text_found_at_other_position
334,19,食味,386,387,苦,text_found_at_other_position
334,20,古籍来源,78,80,傅日,text_found_at_other_position
335,1,食材,1,2,鱼,exact_match
335,2,食材,15,16,糁,exact_match
335,3,食材,68,69,菰,text_found_at_other_position
335,4,食材,71,73,芦叶,text_found_at_other_position
335,5,食材,86,87,苇,text_found_at_other_position
335,6,食材,53,54,竹,text_found_at_other_position
335,7,食材,111,112,荆,text_found_at_other_position
335,8,食材,207,209,荷叶,text_found_at_other_position
335,9,食材,281,283,茱萸,text_found_at_other_position
335,10,食材,430,432,橘皮,text_found_at_other_position
335,11,食材,433,434,姜,text_found_at_other_position
335,12,食材,192,193,盐,text_found_at_other_position
335,13,食材,328,329,饭,text_found_at_other_position
335,14,食材,416,418,糈米,text_found_at_other_position
335,15,食材,459,461,干鱼,text_found_at_other_position
335,16,食材,379,381,白饭,text_found_at_other_position
335,17,烹饪方法,307,308,腌,text_found_at_other_position
335,18,烹饪方法,378,379,炊,text_found_at_other_position
335,19,烹饪方法,188,189,洗,text_found_at_other_position
335,20,烹饪方法,527,528,斩,text_found_at_other_position
335,21,烹饪方法,169,170,擘,text_found_at_other_position
335,22,烹饪方法,173,174,切,text_found_at_other_position
335,23,烹饪方法,179,180,裹,text_found_at_other_position
335,24,烹饪方法,390,391,酿,text_found_at_other_position
335,25,烹饪方法,233,234,浸,text_found_at_other_position
335,26,烹饪方法,315,316,漉,text_found_at_other_position
335,27,烹饪方法,301,302,劐,text_found_at_other_position
335,28,烹饪方法,484,485,截,text_found_at_other_position
335,29,烹饪方法,495,497,去鳞,text_found_at_other_position
335,30,烹饪方法,445,446,抑,text_found_at_other_position
335,31,食疗方,296,299,鱼鲱祛,text_found_at_other_position
335,32,食疗方,340,345,长沙蒲鲱法,text_found_at_other_position
335,33,食疗方,399,404,夏月鱼蚱祛,text_found_at_other_position
335,34,禁忌,126,131,患臭而不美,text_found_at_other_position
335,35,禁忌,221,227,一穿破则虫入,text_found_at_other_position
335,36,禁忌,476,481,烂者不中,entity_text_not_found_in_current_passage
336,1,食材,21,22,肉,text_found_at_other_position
336,2,食材,104,105,盐,text_found_at_other_position
336,3,食材,106,107,曲,text_found_at_other_position
336,4,食材,132,133,麦,text_found_at_other_position
336,5,食材,187,188,猪,text_found_at_other_position
336,6,食材,232,233,脂,text_found_at_other_position
336,7,食材,290,291,酒,text_found_at_other_position
336,8,食材,355,356,韭,text_found_at_other_position
336,9,食材,409,411,酒糟,text_found_at_other_position
336,10,烹饪方法,164,165,煮,text_found_at_other_position
336,11,烹饪方法,261,262,熘,text_found_at_other_position
336,12,烹饪方法,460,461,炒,text_found_at_other_position
336,13,烹饪方法,365,366,炙,text_found_at_other_position
336,14,烹饪方法,154,155,曝,text_found_at_other_position
337,1,食材,58,60,鲤鱼,text_found_at_other_position
337,2,烹饪方法,216,218,片斩,text_found_at_other_position
337,3,烹饪方法,270,272,浸冼,text_found_at_other_position
337,4,烹饪方法,364,365,炙,text_found_at_other_position
337,5,烹饪方法,397,398,炊,text_found_at_other_position
337,6,烹饪方法,434,436,合和,text_found_at_other_position
337,7,烹饪方法,438,439,搅,text_found_at_other_position
337,8,烹饪方法,323,324,迮,text_found_at_other_position
337,9,食材,307,308,盐,text_found_at_other_position
337,10,食材,399,401,米饭,text_found_at_other_position
337,11,食材,378,379,糁,text_found_at_other_position
337,12,食材,422,424,茱萸,text_found_at_other_position
337,13,食材,453,455,橘皮,text_found_at_other_position
337,14,食材,429,430,酒,text_found_at_other_position
337,15,食味,36,37,咸,text_found_at_other_position
338,1,食材,49,51,小麦,text_found_at_other_position
338,2,烹饪方法,60,61,炒,text_found_at_other_position
338,3,烹饪方法,184,185,曝,text_found_at_other_position
338,4,烹饪方法,233,234,捣,text_found_at_other_position
338,5,烹饪方法,147,148,磨,text_found_at_other_position
338,6,烹饪方法,138,139,簸,text_found_at_other_position
338,7,烹饪方法,140,141,择,text_found_at_other_position
338,8,烹饪方法,197,198,溲,text_found_at_other_position
338,9,烹饪方法,287,288,覆,text_found_at_other_position
338,10,烹饪方法,365,366,晒,text_found_at_other_position
338,11,烹饪方法,380,381,积,text_found_at_other_position
338,12,烹饪方法,408,409,剡,text_found_at_other_position
338,13,烹饪方法,440,441,淘,text_found_at_other_position
338,14,烹饪方法,259,260,踏,text_found_at_other_position
338,15,烹饪方法,266,267,刺,text_found_at_other_position
338,16,烹饪方法,279,280,卧,text_found_at_other_position
338,17,烹饪方法,126,127,出,text_found_at_other_position
338,18,烹饪方法,107,108,停,text_found_at_other_position
338,19,食疗方,14,17,春酒曲,text_found_at_other_position
339,1,食材,15,17,葵崧,text_found_at_other_position
339,2,食材,17,19,芜菁,text_found_at_other_position
339,3,食材,19,21,蜀芥,text_found_at_other_position
339,4,食材,148,150,黍米,text_found_at_other_position
339,5,食材,155,158,麦贽,entity_text_not_found_in_current_passage
339,6,食材,371,374,干蔓菁,text_found_at_other_position
339,7,烹饪方法,121,122,煮,text_found_at_other_position
339,8,烹饪方法,279,280,炸,text_found_at_other_position
339,9,烹饪方法,322,323,熬,text_found_at_other_position
339,10,烹饪方法,383,384,浸,text_found_at_other_position
339,11,烹饪方法,291,292,洗,text_found_at_other_position
339,12,烹饪方法,314,315,濯,text_found_at_other_position
339,13,食味,21,22,咸,text_found_at_other_position
339,14,食疗方,252,254,汤菹,text_found_at_other_position
339,15,食疗方,345,347,蘸菹,text_found_at_other_position
340,1,食材,22,24,小麦,text_found_at_other_position
340,2,食材,90,92,胡臬,text_found_at_other_position
340,3,食材,412,414,大麦,text_found_at_other_position
340,4,烹饪方法,26,27,淘,text_found_at_other_position
340,5,烹饪方法,35,36,浸,text_found_at_other_position
340,6,烹饪方法,7,8,蒸,text_found_at_other_position
340,7,烹饪方法,134,135,曝,text_found_at_other_position
340,8,烹饪方法,149,150,扬,text_found_at_other_position
340,9,烹饪方法,150,151,簸,text_found_at_other_position
340,10,烹饪方法,227,228,溲,text_found_at_other_position
340,11,烹饪方法,238,239,熬,text_found_at_other_position
340,12,烹饪方法,81,82,覆,text_found_at_other_position
340,13,烹饪方法,61,62,摊,text_found_at_other_position
340,14,烹饪方法,348,350,散收,text_found_at_other_position
340,15,古籍来源,419,423,《盂子》,text_found_at_other_position
341,1,食材,56,59,鸡鸭白,exact_match
341,2,食材,93,96,鸭子黄,exact_match
341,3,食材,104,107,鸡子黄,exact_match
341,4,食材,168,170,芦狨,exact_match
341,5,食材,205,206,面,exact_match
341,6,食材,227,229,生鱼,text_found_at_other_position
341,7,食材,231,233,白鱼,text_found_at_other_position
341,8,食材,236,237,鲇,text_found_at_other_position
341,9,食材,238,239,鳢,text_found_at_other_position
341,10,食材,291,292,蒜,text_found_at_other_position
341,11,食材,296,297,姜,text_found_at_other_position
341,12,食材,298,299,椒,text_found_at_other_position
341,13,食材,300,303,桔皮,entity_text_not_found_in_current_passage
341,14,食材,304,305,盐,text_found_at_other_position
341,15,食材,306,307,豉,text_found_at_other_position
341,16,烹饪方法,38,39,炙,exact_match
341,17,烹饪方法,60,61,灌,exact_match
341,18,烹饪方法,125,126,刷,exact_match
341,19,烹饪方法,285,286,春,text_found_at_other_position
341,20,烹饪方法,355,356,煎,text_found_at_other_position
341,21,烹饪方法,259,260,按,text_found_at_other_position
341,22,烹饪方法,383,384,翻,text_found_at_other_position
341,23,烹饪方法,152,153,断,exact_match
341,24,烹饪方法,173,174,束,exact_match
341,25,烹饪方法,12,13,削,exact_match
341,26,烹饪方法,279,281,挣洗,text_found_at_other_position
341,27,烹饪方法,324,325,涂,text_found_at_other_position
341,28,烹饪方法,328,329,藉,text_found_at_other_position
341,29,烹饪方法,338,339,装,text_found_at_other_position
341,30,烹饪方法,350,351,倒,text_found_at_other_position
341,31,烹饪方法,365,366,置,text_found_at_other_position
341,32,古籍来源,0,2,竹筒,exact_match
341,33,古籍来源,221,223,饼炙,text_found_at_other_position
342,1,食材,0,1,醴,exact_match
342,2,食材,3,4,酪,text_found_at_other_position
342,3,食材,191,192,粥,text_found_at_other_position
342,4,食材,282,283,蒿,text_found_at_other_position
342,5,食材,298,301,干牛屎,text_found_at_other_position
342,6,食材,327,330,肥猎肉,text_found_at_other_position
342,7,食材,332,333,脂,text_found_at_other_position
342,8,烹饪方法,5,6,煮,text_found_at_other_position
342,9,烹饪方法,301,302,燃,text_found_at_other_position
342,10,烹饪方法,352,355,揩拭,entity_text_not_found_in_current_passage
342,11,烹饪方法,366,367,洗,text_found_at_other_position
342,12,食疗方,161,163,謇食,text_found_at_other_position
342,13,养生原则,197,203,不必耍茌褰食,text_found_at_other_position
343,1,食材,16,17,豆,exact_match
343,2,食材,7,8,黍,exact_match
343,3,食材,41,42,豉,exact_match
343,4,食材,342,344,桑叶,text_found_at_other_position
343,5,食材,647,649,小麦,text_found_at_other_position
343,6,烹饪方法,377,378,蒸,text_found_at_other_position
343,7,烹饪方法,371,372,曝,text_found_at_other_position
343,8,烹饪方法,273,274,煮,exact_match
343,9,烹饪方法,394,395,炊,text_found_at_other_position
343,10,烹饪方法,435,436,浸,text_found_at_other_position
343,11,烹饪方法,15,16,覆,exact_match
343,12,烹饪方法,248,249,画,exact_match
343,13,烹饪方法,303,304,洒,text_found_at_other_position
343,14,烹饪方法,304,305,溲,text_found_at_other_position
343,15,烹饪方法,313,314,搏,text_found_at_other_position
343,16,烹饪方法,62,63,内,exact_match
343,17,烹饪方法,357,358,泥,text_found_at_other_position
343,18,烹饪方法,370,371,排,text_found_at_other_position
343,19,烹饪方法,488,489,簸,text_found_at_other_position
343,20,烹饪方法,681,682,按,text_found_at_other_position
343,21,古籍来源,119,123,《食经》,exact_match
343,22,食疗方,621,624,作麦豉,text_found_at_other_position
343,23,禁忌,108,116,勿令泄其暖热之气,exact_match
343,24,禁忌,349,351,勿抑,text_found_at_other_position
344,1,食材,0,4,王瓜,entity_text_not_found_in_current_passage
344,2,食材,7,9,壬瓜,text_found_at_other_position
344,3,食材,54,57,生玉瓜,text_found_at_other_position
344,4,食材,58,60,茄子,text_found_at_other_position
344,5,食材,184,186,黄瓜,text_found_at_other_position
344,6,烹饪方法,71,72,酱,text_found_at_other_position
344,7,古籍来源,121,125,《月令》,text_found_at_other_position
345,1,食材,3,7,香橼,entity_text_not_found_in_current_passage
345,2,食材,58,60,白果,text_found_at_other_position
345,3,食材,61,63,小芋,text_found_at_other_position
345,4,食材,64,67,黄腊,entity_text_not_found_in_current_passage
345,5,食材,207,209,白糖,text_found_at_other_position
345,6,食材,124,126,橙子,text_found_at_other_position
345,7,食材,141,143,生姜,text_found_at_other_position
345,8,食材,152,154,甘草,text_found_at_other_position
345,9,食材,157,159,檀香,text_found_at_other_position
345,10,食材,191,193,橙皮,text_found_at_other_position
345,11,食材,231,234,干山药,text_found_at_other_position
345,12,食材,252,255,白梅肉,text_found_at_other_position
345,13,烹饪方法,13,14,剪,text_found_at_other_position
345,14,烹饪方法,88,89,浸,text_found_at_other_position
345,15,烹饪方法,96,97,煮,text_found_at_other_position
345,16,烹饪方法,108,109,蒸,text_found_at_other_position
345,17,烹饪方法,112,113,捣,text_found_at_other_position
345,18,烹饪方法,81,82,切,text_found_at_other_position
345,19,烹饪方法,149,150,焙,text_found_at_other_position
345,20,烹饪方法,200,201,绞,text_found_at_other_position
345,21,食疗方,72,79,香橼膏,entity_text_not_found_in_current_passage
345,22,食疗方,118,122,橙饼,entity_text_not_found_in_current_passage
346,1,食材,14,16,官桂,text_found_at_other_position
346,2,食材,18,20,陈皮,text_found_at_other_position
346,3,食材,21,24,鲜桔皮,text_found_at_other_position
346,4,食材,25,27,橙皮,text_found_at_other_position
346,5,食材,29,31,良姜,text_found_at_other_position
346,6,食材,33,35,干姜,text_found_at_other_position
346,7,食材,37,39,生姜,text_found_at_other_position
346,8,食材,41,43,姜汁,text_found_at_other_position
346,9,食材,44,46,姜粉,text_found_at_other_position
346,10,食材,48,50,胡椒,text_found_at_other_position
346,11,食材,52,54,砂仁,text_found_at_other_position
346,12,食材,55,57,川椒,text_found_at_other_position
346,13,食材,59,61,花椒,text_found_at_other_position
346,14,食材,63,65,地椒,text_found_at_other_position
346,15,食材,67,69,辣椒,text_found_at_other_position
346,16,食材,71,73,小茴,text_found_at_other_position
346,17,食材,75,77,大茴,text_found_at_other_position
346,18,食材,78,80,草果,text_found_at_other_position
346,19,食材,82,84,荜拨,text_found_at_other_position
346,20,食材,86,88,甘草,text_found_at_other_position
346,21,食材,89,92,肉豆蔻,text_found_at_other_position
346,22,食材,93,95,白芷,text_found_at_other_position
346,23,食材,97,99,桂皮,text_found_at_other_position
346,24,食材,101,103,红曲,text_found_at_other_position
346,25,食材,105,107,神曲,text_found_at_other_position
346,26,食材,109,112,甘松,entity_text_not_found_in_current_passage
346,27,食材,114,117,草豆蔻,text_found_at_other_position
346,28,食材,118,120,檀香,text_found_at_other_position
346,29,食材,168,170,白糖,text_found_at_other_position
346,30,食材,172,175,黑泌糟,text_found_at_other_position
346,31,食材,181,182,葱,text_found_at_other_position
346,32,食材,184,186,元荽,text_found_at_other_position
346,33,食材,188,190,莳萝,text_found_at_other_position
346,34,食材,192,193,蒜,text_found_at_other_position
346,35,食材,195,196,韭,text_found_at_other_position
346,36,食材,239,241,红豆,text_found_at_other_position
346,37,食材,262,264,豆豉,text_found_at_other_position
346,38,烹饪方法,251,252,研,text_found_at_other_position
346,39,烹饪方法,257,259,拌匀,text_found_at_other_position
347,1,食材,181,183,白莱,text_found_at_other_position
347,2,食材,279,281,白菜,text_found_at_other_position
347,3,食材,148,150,梅菜,text_found_at_other_position
347,4,食材,155,158,黄芽莱,text_found_at_other_position
347,5,食材,28,29,盐,text_found_at_other_position
347,6,烹饪方法,14,15,腌,text_found_at_other_position
347,7,烹饪方法,129,130,晒,text_found_at_other_position
347,8,烹饪方法,124,125,烧,text_found_at_other_position
347,9,烹饪方法,139,140,蒸,text_found_at_other_position
347,10,烹饪方法,158,159,醯,text_found_at_other_position
347,11,禁忌,190,193,勿见水,text_found_at_other_position
348,1,食材,19,20,鹅,text_found_at_other_position
348,2,食材,30,31,姜,text_found_at_other_position
348,3,食材,32,33,椒,text_found_at_other_position
348,4,食材,34,36,茴香,text_found_at_other_position
348,5,食材,82,84,猪蹄,text_found_at_other_position
348,6,食材,85,86,鸡,text_found_at_other_position
348,7,食材,102,104,香油,text_found_at_other_position
348,8,食材,122,123,葱,text_found_at_other_position
348,9,食材,213,215,黄雀,text_found_at_other_position
348,10,食材,259,261,笋芽,text_found_at_other_position
348,11,食材,262,264,嫩姜,text_found_at_other_position
348,12,食材,193,195,糟油,text_found_at_other_position
348,13,食材,197,199,酱醋,text_found_at_other_position
348,14,烹饪方法,22,23,煮,text_found_at_other_position
348,15,烹饪方法,27,28,切,text_found_at_other_position
348,16,烹饪方法,38,39,装,text_found_at_other_position
348,17,烹饪方法,62,63,扎,text_found_at_other_position
348,18,烹饪方法,123,125,裹缠,text_found_at_other_position
348,19,烹饪方法,235,236,挖,text_found_at_other_position
348,20,烹饪方法,254,256,漂净,text_found_at_other_position
348,21,烹饪方法,273,274,炖,text_found_at_other_position
348,22,烹饪方法,150,153,重汤煮,text_found_at_other_position
349,1,食材,0,1,面,exact_match
349,2,食材,8,9,麸,text_found_at_other_position
349,3,食材,44,46,面筋,text_found_at_other_position
349,4,食材,150,151,虾,text_found_at_other_position
349,5,食材,163,165,虾米,text_found_at_other_position
349,6,食材,171,174,白糖,entity_text_not_found_in_current_passage
349,7,食材,100,102,酒酿,text_found_at_other_position
349,8,食材,330,332,糯米,text_found_at_other_position
349,9,食材,333,335,酒曲,text_found_at_other_position
349,10,食味,344,345,甘,text_found_at_other_position
349,11,食味,345,346,辛,text_found_at_other_position
349,12,食性,349,350,温,text_found_at_other_position
349,13,功效,352,354,益气,text_found_at_other_position
349,14,功效,355,357,生津,text_found_at_other_position
349,15,功效,358,360,活血,text_found_at_other_position
349,16,功效,362,364,发痘,text_found_at_other_position
349,17,烹饪方法,6,7,蒸,text_found_at_other_position
349,18,烹饪方法,21,22,煮,text_found_at_other_position
349,19,烹饪方法,33,34,煎,text_found_at_other_position
349,20,烹饪方法,55,56,炸,text_found_at_other_position
349,21,烹饪方法,110,111,熏,text_found_at_other_position
349,22,烹饪方法,201,202,烘,text_found_at_other_position
349,23,烹饪方法,104,105,浸,text_found_at_other_position
349,24,烹饪方法,428,429,炖,text_found_at_other_position
349,25,烹饪方法,129,130,榨,text_found_at_other_position
349,26,烹饪方法,143,144,抹,text_found_at_other_position
349,27,烹饪方法,25,26,晾,text_found_at_other_position
349,28,烹饪方法,94,95,制,text_found_at_other_position
349,29,禁忌,82,92,不经猪油。不能坚脆也,text_found_at_other_position
349,30,食材,205,207,面脯,text_found_at_other_position
349,31,食材,210,213,面筋干,text_found_at_other_position
350,1,食材,3,4,盐,text_found_at_other_position
350,2,食材,13,14,梅,text_found_at_other_position
350,3,食味,319,320,咸,text_found_at_other_position
350,4,烹饪方法,60,61,煮,text_found_at_other_position
350,5,烹饪方法,134,135,晒,text_found_at_other_position
350,6,烹饪方法,151,152,磨,text_found_at_other_position
350,7,烹饪方法,207,208,蒸,text_found_at_other_position
350,8,古籍来源,271,273,尚书,text_found_at_other_position
350,9,古籍来源,275,278,说命下,text_found_at_other_position
351,1,食材,0,1,桃,exact_match
351,2,食材,51,53,麦面,text_found_at_other_position
351,3,食材,57,58,盐,text_found_at_other_position
351,4,食材,115,118,乌鸡血,text_found_at_other_position
351,5,食材,101,103,桃花,text_found_at_other_position
351,6,食材,143,145,圆眼,text_found_at_other_position
351,7,烹饪方法,50,51,煮,text_found_at_other_position
351,8,烹饪方法,122,123,涂,text_found_at_other_position
351,9,功效,125,127,光白,text_found_at_other_position
351,10,功效,128,132,润泽如玉,text_found_at_other_position
352,1,食材,4,6,猪肚,exact_match
352,2,食材,7,9,小肠,exact_match
352,3,食材,16,18,香蕈,exact_match
352,4,食材,47,49,莲肉,exact_match
352,5,食材,50,52,百合,exact_match
352,6,食材,53,56,白糯米,exact_match
352,7,食材,60,62,薏米,exact_match
352,8,食材,77,81,猪腿精肉,text_found_at_other_position
352,9,食材,118,120,砂仁,text_found_at_other_position
352,10,食材,121,123,椒末,text_found_at_other_position
352,11,食材,129,130,醋,text_found_at_other_position
352,12,食材,131,134,熟香油,text_found_at_other_position
352,13,食材,163,165,羊肉,text_found_at_other_position
352,14,食材,176,178,核桃,text_found_at_other_position
352,15,食材,223,225,桑叶,text_found_at_other_position
352,16,烹饪方法,38,39,煮,exact_match
352,17,烹饪方法,103,104,焯,text_found_at_other_position
352,18,烹饪方法,21,22,拌,exact_match
352,19,烹饪方法,89,90,槌,text_found_at_other_position
352,20,烹饪方法,81,82,切,text_found_at_other_position
352,21,烹饪方法,18,19,磨,exact_match
352,22,烹饪方法,25,26,装,exact_match
352,23,烹饪方法,31,32,缝,exact_match
352,24,烹饪方法,107,109,纽干,text_found_at_other_position
352,25,烹饪方法,99,100,滚,text_found_at_other_position
352,26,烹饪方法,182,184,击碎,text_found_at_other_position
352,27,烹饪方法,190,192,排列,text_found_at_other_position
352,28,烹饪方法,207,209,换水,text_found_at_other_position
352,29,烹饪方法,209,211,调和,text_found_at_other_position
352,30,烹饪方法,168,170,下锅,text_found_at_other_position
352,31,食疗方,72,76,熟蚱,entity_text_not_found_in_current_passage
352,32,食疗方,138,145,镡羊肉,entity_text_not_found_in_current_passage
352,33,食疗方,299,302,煮羊肉,text_found_at_other_position
353,1,食材,3,7,火腿,entity_text_not_found_in_current_passage
353,2,烹饪方法,13,15,笼蒸,text_found_at_other_position
353,3,烹饪方法,18,19,煮,text_found_at_other_position
353,4,食材,33,34,笋,text_found_at_other_position
353,5,烹饪方法,63,64,蒸,text_found_at_other_position
353,6,食材,68,70,椒盐,text_found_at_other_position
353,7,食材,72,74,香料,text_found_at_other_position
353,8,食材,93,96,香油,entity_text_not_found_in_current_passage
353,9,食材,111,113,莴笋,text_found_at_other_position
353,10,食材,102,103,盐,text_found_at_other_position
353,11,烹饪方法,120,121,揉,text_found_at_other_position
353,12,食材,129,131,茴香,text_found_at_other_position
353,13,食材,132,134,花椒,text_found_at_other_position
353,14,食材,148,150,白酒,text_found_at_other_position
353,15,食材,159,163,糟笋,entity_text_not_found_in_current_passage
353,16,食材,164,166,冬笋,text_found_at_other_position
353,17,烹饪方法,185,186,刷,text_found_at_other_position
353,18,食材,207,210,腊香糟,text_found_at_other_position
353,19,食材,242,244,米粉,text_found_at_other_position
353,20,食材,246,248,面粉,text_found_at_other_position
354,1,食材,3,7,羊肉,entity_text_not_found_in_current_passage
354,2,食材,28,30,核桃,text_found_at_other_position
354,3,食材,42,44,桑叶,text_found_at_other_position
354,4,食材,53,55,稻草,text_found_at_other_position
354,5,食材,95,97,猪头,text_found_at_other_position
354,6,食材,113,114,酒,text_found_at_other_position
354,7,食材,117,119,酱油,text_found_at_other_position
354,8,食材,131,132,葱,text_found_at_other_position
354,9,食材,17,18,椒,text_found_at_other_position
354,10,食材,135,137,桂皮,text_found_at_other_position
354,11,食材,143,145,瓦片,text_found_at_other_position
354,12,食材,212,213,兔,text_found_at_other_position
354,13,食材,225,227,米泔,text_found_at_other_position
354,14,食材,236,238,酒脚,text_found_at_other_position
354,15,食材,249,253,大小茴香,text_found_at_other_position
354,16,食材,254,256,胡椒,text_found_at_other_position
354,17,食材,257,259,花椒,text_found_at_other_position
354,18,食材,260,262,葱花,text_found_at_other_position
354,19,食材,263,264,油,text_found_at_other_position
354,20,食材,268,269,醋,text_found_at_other_position
354,21,烹饪方法,0,1,蒸,exact_match
354,22,烹饪方法,13,14,切,text_found_at_other_position
354,23,烹饪方法,19,20,擦,text_found_at_other_position
354,24,烹饪方法,44,45,包,text_found_at_other_position
354,25,烹饪方法,26,28,击碎,text_found_at_other_position
354,26,烹饪方法,62,64,按实,text_found_at_other_position
354,27,烹饪方法,106,108,去骨,text_found_at_other_position
354,28,烹饪方法,145,147,磨光,text_found_at_other_position
354,29,烹饪方法,153,155,凑满,text_found_at_other_position
354,30,烹饪方法,160,162,下肉,text_found_at_other_position
354,31,烹饪方法,174,176,密封,text_found_at_other_position
354,32,烹饪方法,186,187,烧,text_found_at_other_position
354,33,烹饪方法,199,201,煮过,text_found_at_other_position
354,34,烹饪方法,227,228,浸,text_found_at_other_position
354,35,烹饪方法,229,231,捏冼,text_found_at_other_position
354,36,烹饪方法,238,240,浸洗,text_found_at_other_position
354,37,烹饪方法,241,242,漂,text_found_at_other_position
354,38,烹饪方法,245,247,沥干,text_found_at_other_position
354,39,烹饪方法,275,277,烧滚,text_found_at_other_position
354,40,烹饪方法,281,282,熬,text_found_at_other_position
354,41,食疗方,82,89,蒸猪头,entity_text_not_found_in_current_passage
354,42,禁忌,164,169,令肉不近铁,text_found_at_other_position
355,1,食材,21,23,米谷,text_found_at_other_position
355,2,食材,146,148,稗谷,text_found_at_other_position
355,3,食材,140,142,籼糠,text_found_at_other_position
355,4,食材,137,139,砂砾,text_found_at_other_position
355,5,食材,133,135,粗粝,text_found_at_other_position
355,6,食味,64,65,甘,text_found_at_other_position
355,7,功效,18,20,养阴,text_found_at_other_position
355,8,功效,29,31,补气,text_found_at_other_position
355,9,功效,33,35,养血,text_found_at_other_position
355,10,养生原则,82,86,食不厌精,text_found_at_other_position
355,11,古籍来源,263,269,论语.乡党,entity_text_not_found_in_current_passage
356,1,食材,0,1,茄,exact_match
356,2,食材,25,26,梅,text_found_at_other_position
356,3,食材,28,29,糖,text_found_at_other_position
356,4,食材,101,102,姜,text_found_at_other_position
356,5,食材,103,104,桔,text_found_at_other_position
356,6,食材,106,108,苏丝,text_found_at_other_position
356,7,食材,123,127,山药,entity_text_not_found_in_current_passage
356,8,食材,168,169,肉,text_found_at_other_position
356,9,烹饪方法,5,7,去皮,text_found_at_other_position
356,10,烹饪方法,13,14,挂,text_found_at_other_position
356,11,烹饪方法,33,35,蒸过,text_found_at_other_position
356,12,烹饪方法,37,39,压干,text_found_at_other_position
356,13,烹饪方法,41,42,切,text_found_at_other_position
356,14,烹饪方法,78,82,滚汤焯过,text_found_at_other_position
356,15,烹饪方法,89,91,榨干,text_found_at_other_position
356,16,烹饪方法,93,95,盐腌,text_found_at_other_position
356,17,烹饪方法,108,110,拌匀,text_found_at_other_position
356,18,烹饪方法,114,115,泼,text_found_at_other_position
356,19,烹饪方法,3,4,干,text_found_at_other_position
356,20,烹饪方法,119,121,收贮,text_found_at_other_position
356,21,烹饪方法,132,134,蒸烂,text_found_at_other_position
356,22,烹饪方法,137,138,搅,text_found_at_other_position
356,23,烹饪方法,169,170,煮,text_found_at_other_position
356,24,烹饪方法,173,175,切片,text_found_at_other_position
356,25,烹饪方法,178,179,配,text_found_at_other_position
356,26,食材,48,50,白糖,text_found_at_other_position
356,27,食材,57,59,梅卤,text_found_at_other_position
357,1,食材,0,1,鲞,exact_match
357,2,食材,6,11,宁波淡白豢,text_found_at_other_position
357,3,食材,12,15,真黄鱼,text_found_at_other_position
357,4,食材,74,76,鲜鲫,text_found_at_other_position
357,5,食材,86,88,甜酱,text_found_at_other_position
357,6,食材,104,105,茴,text_found_at_other_position
357,7,食材,106,107,椒,text_found_at_other_position
357,8,食材,112,114,柘枝,text_found_at_other_position
357,9,食材,119,122,紫蔗皮,text_found_at_other_position
357,10,食材,123,125,荔壳,text_found_at_other_position
357,11,食材,126,130,松壳碎末,text_found_at_other_position
357,12,食材,138,140,鲜鱼,text_found_at_other_position
357,13,食材,178,181,好肉汤,text_found_at_other_position
357,14,食材,196,197,糟,text_found_at_other_position
357,15,食材,221,222,盐,text_found_at_other_position
357,16,食材,250,251,酒,text_found_at_other_position
357,17,烹饪方法,28,30,蒸熟,text_found_at_other_position
357,18,烹饪方法,41,43,酥炙,text_found_at_other_position
357,19,烹饪方法,44,46,焙燥,text_found_at_other_position
357,20,烹饪方法,47,49,研粉,text_found_at_other_position
357,21,烹饪方法,114,115,薰,text_found_at_other_position
357,22,烹饪方法,181,183,煮熟,text_found_at_other_position
357,23,烹饪方法,254,256,和匀,text_found_at_other_position
357,24,食疗方,69,73,熏鲫,entity_text_not_found_in_current_passage
357,25,禁忌,60,66,黄枯鲞不堪用,text_found_at_other_position
358,1,食材,28,30,香椿,text_found_at_other_position
358,2,食味,169,170,甘,text_found_at_other_position
358,3,食性,171,172,平,text_found_at_other_position
358,4,功效,196,200,健胃理气,text_found_at_other_position
358,5,禁忌,81,85,赤芥有毒,text_found_at_other_position
358,6,禁忌,86,90,食之杀人,text_found_at_other_position
358,7,食材,96,98,陈菹,text_found_at_other_position
358,8,食材,111,115,霜打黄叶,text_found_at_other_position
359,1,食材,26,28,海蜇,text_found_at_other_position
359,2,食材,32,34,豆腐,text_found_at_other_position
359,3,食材,212,214,鲈鱼,text_found_at_other_position
359,4,食材,118,122,香柔花叶,text_found_at_other_position
359,5,烹饪方法,34,35,煮,text_found_at_other_position
359,6,烹饪方法,31,32,拌,text_found_at_other_position
359,7,烹饪方法,102,103,浸,text_found_at_other_position
359,8,烹饪方法,44,45,切,text_found_at_other_position
359,9,烹饪方法,56,57,醉,text_found_at_other_position
359,10,烹饪方法,95,96,劈,text_found_at_other_position
359,11,食疗方,149,153,金齑玉鲩,text_found_at_other_position
359,12,古籍来源,277,281,大业拾遗,text_found_at_other_position
361,1,食材,15,17,井水,text_found_at_other_position
361,2,食材,183,186,白滚水,text_found_at_other_position
361,3,食材,218,220,盐汤,text_found_at_other_position
361,4,食材,221,223,白糖,text_found_at_other_position
361,5,食材,225,227,香露,text_found_at_other_position
361,6,功效,55,59,润泽益颜,text_found_at_other_position
361,7,病症,167,169,黄瘦,text_found_at_other_position
361,8,病症,170,172,肿痈,text_found_at_other_position
361,9,禁忌,142,148,不宜即供饮,entity_text_not_found_in_current_passage
361,10,禁忌,174,176,忌之,text_found_at_other_position
363,1,食材,44,46,六谷,exact_match
363,2,食材,46,48,六牲,exact_match
363,3,食材,246,247,稻,text_found_at_other_position
363,4,食材,232,233,黍,text_found_at_other_position
363,5,食材,234,235,稷,text_found_at_other_position
363,6,食材,236,237,粱,text_found_at_other_position
363,7,食材,238,239,麦,text_found_at_other_position
363,8,食材,250,252,菰米,text_found_at_other_position
363,9,食材,291,292,马,text_found_at_other_position
363,10,食材,293,294,牛,text_found_at_other_position
363,11,食材,295,296,羊,text_found_at_other_position
363,12,食材,297,298,豕,text_found_at_other_position
363,13,食材,203,204,犬,text_found_at_other_position
363,14,食材,76,77,鸡,exact_match
363,15,食材,58,60,百羞,exact_match
363,16,食材,60,62,百酱,exact_match
363,17,食材,540,543,鹅尾肉,text_found_at_other_position
363,18,食材,521,523,鸡肝,text_found_at_other_position
363,19,古籍来源,176,178,周礼,text_found_at_other_position
363,20,古籍来源,257,260,三字经,text_found_at_other_position
363,21,古籍来源,554,556,礼记,text_found_at_other_position
364,1,食材,18,19,酒,exact_match
364,2,食材,35,37,生姜,exact_match
364,3,食材,41,43,烧酒,exact_match
364,4,食材,104,106,生酒,exact_match
364,5,食材,107,109,冷酒,exact_match
364,6,食材,147,148,茶,exact_match
364,7,食性,44,45,寒,exact_match
364,8,归经,158,160,肾藏,exact_match
364,9,功效,240,242,消食,exact_match
364,10,功效,243,251,去肥浓煎爝之毒,entity_text_not_found_in_current_passage
364,11,病症,54,58,烁精耗血,exact_match
364,12,病症,60,64,助火伤目,exact_match
364,13,病症,65,71,须发早枯白,entity_text_not_found_in_current_passage
364,14,病症,113,117,两腿肤裂,exact_match
364,15,病症,119,124,出水疯獐肿,exact_match
364,16,病症,133,135,损目,exact_match
364,17,病症,138,139,渴,exact_match
364,18,病症,169,173,腰脚重坠,exact_match
364,19,病症,174,178,膀胱冷痛,exact_match
364,20,病症,181,183,水肿,exact_match
364,21,病症,184,186,消渴,exact_match
364,22,病症,359,361,孪蹙,text_found_at_other_position
364,23,病症,492,496,下焦虚令,text_found_at_other_position
364,24,禁忌,205,209,不可多饮,exact_match
364,25,禁忌,254,259,空心尤忌之,exact_match
364,26,禁忌,271,280,饮冷茶未有不成疾者,exact_match
364,27,古籍来源,551,558,孟子.告子章句,text_found_at_other_position
365,1,食材,53,54,猪,exact_match
365,2,食材,57,58,鱼,exact_match
365,3,食材,61,62,鸡,exact_match
365,4,食材,66,67,蟹,exact_match
365,5,食材,200,202,山药,text_found_at_other_position
365,6,食材,203,205,百合,text_found_at_other_position
365,7,食材,206,209,羊眼豆,text_found_at_other_position
365,8,烹饪方法,165,166,煮,text_found_at_other_position
365,9,烹饪方法,156,157,蒸,exact_match
365,10,病症,143,145,腹痛,exact_match
365,11,禁忌,80,84,不可多食,exact_match
365,12,古籍来源,35,42,《混俗颐生论》,exact_match
366,1,食材,66,67,饭,exact_match
366,2,食材,427,428,米,text_found_at_other_position
366,3,食材,421,422,麸,text_found_at_other_position
366,4,食味,84,85,甜,exact_match
366,5,食味,143,144,酸,text_found_at_other_position
366,6,烹饪方法,97,98,酿,text_found_at_other_position
366,7,古籍来源,46,50,《说文》,exact_match
366,8,古籍来源,366,372,《齐民要术》,text_found_at_other_position
367,1,古籍来源,3,8,《痘疹论》,exact_match
367,2,病症,13,17,痘疮倒陷,text_found_at_other_position
367,3,病症,21,25,风寒外袭,text_found_at_other_position
367,4,病症,37,41,身痛肢厥,text_found_at_other_position
367,5,功效,42,46,温肌散邪,text_found_at_other_position
367,6,食材,59,63,霜后荷叶,text_found_at_other_position
367,7,食材,66,69,紫背者,text_found_at_other_position
367,8,烹饪方法,69,70,炙,text_found_at_other_position
367,9,烹饪方法,77,80,炒去丝,text_found_at_other_position
367,10,功效,106,110,升发阴气,text_found_at_other_position
367,11,功效,111,114,散瘀血,text_found_at_other_position
367,12,功效,115,118,留好血,text_found_at_other_position
367,13,功效,122,128,解结滞之气,entity_text_not_found_in_current_passage
367,14,食疗方,158,161,南金散,text_found_at_other_position
367,15,病症,164,168,阳水浮肿,text_found_at_other_position
367,16,食材,170,173,败荷叶,text_found_at_other_position
367,17,烹饪方法,173,177,烧存性,entity_text_not_found_in_current_passage
367,18,烹饪方法,177,178,研,text_found_at_other_position
367,19,食材,183,185,米饮,text_found_at_other_position
367,20,病症,191,195,谈般痈肿,text_found_at_other_position
367,21,食材,196,199,荷叶蒂,text_found_at_other_position
367,22,烹饪方法,204,206,煎汤,text_found_at_other_position
367,23,烹饪方法,206,208,淋洗,text_found_at_other_position
367,24,食材,215,218,寒水石,text_found_at_other_position
367,25,食材,220,223,腊猪脂,text_found_at_other_position
367,26,病症,233,237,孕妇伤寒,text_found_at_other_position
367,27,病症,238,242,大热烦渴,text_found_at_other_position
367,28,病症,243,247,恐伤胎气,text_found_at_other_position
367,29,食材,249,252,卷荷叶,text_found_at_other_position
367,30,食材,258,260,蚌粉,text_found_at_other_position
367,31,烹饪方法,263,264,研,text_found_at_other_position
367,32,食材,269,272,新汲水,text_found_at_other_position
367,33,食材,273,274,蜜,text_found_at_other_position
367,34,食疗方,285,288,罩胎散,text_found_at_other_position
367,35,病症,291,297,胎动巳见黄水,text_found_at_other_position
367,36,食材,298,301,干荷蒂,text_found_at_other_position
367,37,烹饪方法,305,307,炙研,text_found_at_other_position
367,38,食材,308,312,稷米淘汁,text_found_at_other_position
367,39,病症,319,322,赤白痢,text_found_at_other_position
367,40,食材,323,325,荷叶,text_found_at_other_position
367,41,烹饪方法,325,327,煅研,text_found_at_other_position
367,42,食材,332,334,糖汤,text_found_at_other_position
367,43,病症,337,339,脱肛,text_found_at_other_position
367,44,食材,340,343,贴水荷,text_found_at_other_position
367,45,烹饪方法,344,346,焙研,text_found_at_other_position
367,46,食材,93,94,酒,text_found_at_other_position
367,47,食材,355,357,荷叶,text_found_at_other_position
367,48,病症,365,369,赤迸火丹,text_found_at_other_position
367,49,食材,370,374,新生荷叶,text_found_at_other_position
367,50,烹饪方法,374,376,杵烂,text_found_at_other_position
367,51,食材,378,379,盐,text_found_at_other_position
367,52,病症,382,386,阴肿痛痒,text_found_at_other_position
367,53,食材,387,389,荷叶,text_found_at_other_position
367,54,食材,390,392,浮萍,text_found_at_other_position
367,55,食材,393,395,蛇床,text_found_at_other_position
367,56,烹饪方法,397,399,煎汤,text_found_at_other_position
367,57,食材,150,152,龙脑,text_found_at_other_position
367,58,食材,489,491,冰片,text_found_at_other_position
367,59,食材,495,497,蛇床,text_found_at_other_position
367,60,功效,524,528,温肾阳,entity_text_not_found_in_current_passage
367,61,病症,531,533,阴痿,text_found_at_other_position
368,1,食材,653,655,麸皮,text_found_at_other_position
369,1,食材,8,9,葱,text_found_at_other_position
369,2,食性,13,14,平,text_found_at_other_position
369,3,食味,12,13,甘,text_found_at_other_position
369,4,食味,83,84,辛,text_found_at_other_position
369,5,功效,15,19,利肺逋肠,text_found_at_other_position
369,6,功效,21,24,散痈肿,text_found_at_other_position
369,7,功效,25,29,祛风达表,text_found_at_other_position
369,8,功效,31,35,安胎止痛,text_found_at_other_position
369,9,功效,38,42,通乳和莺,text_found_at_other_position
369,10,病症,44,48,霍乱转筋,text_found_at_other_position
369,11,病症,52,54,脚气,text_found_at_other_position
369,12,功效,55,59,调二便,entity_text_not_found_in_current_passage
369,13,功效,60,63,杀诸虫,text_found_at_other_position
369,14,功效,64,69,理跌扑金港,text_found_at_other_position
369,15,功效,70,75,制鱼肉诸莓,text_found_at_other_position
369,16,禁忌,106,110,忌同蜜食,text_found_at_other_position
369,17,病症,112,116,胎动下血,text_found_at_other_position
369,18,食材,203,205,葱白,text_found_at_other_position
369,19,烹饪方法,119,120,煎,text_found_at_other_position
369,20,病症,141,143,中恶,text_found_at_other_position
369,21,食材,150,153,葱心黄,text_found_at_other_position
369,22,烹饪方法,154,155,刺,text_found_at_other_position
369,23,病症,188,193,自缢垂死,entity_text_not_found_in_current_passage
369,24,病症,195,201,小儿无故卒死,text_found_at_other_position
369,25,食材,263,265,葱白,text_found_at_other_position
369,26,烹饪方法,205,206,纳,text_found_at_other_position
369,27,病症,226,234,小儿盘肠内钓腹痈,text_found_at_other_position
369,28,烹饪方法,243,244,拷,text_found_at_other_position
369,29,病症,258,262,小便闭胀,text_found_at_other_position
369,30,烹饪方法,270,271,炒,text_found_at_other_position
369,31,烹饪方法,281,282,熨,text_found_at_other_position
369,32,病症,287,291,陟煲龇蒲,text_found_at_other_position
369,33,烹饪方法,292,293,煨,text_found_at_other_position
369,34,食材,295,296,盐,text_found_at_other_position
369,35,烹饪方法,296,298,杵烂,text_found_at_other_position
369,36,烹饪方法,298,299,涂,text_found_at_other_position
369,37,古籍来源,0,7,蔬食类,entity_text_not_found_in_current_passage
370,1,食材,9,11,羊脂,exact_match
370,2,食味,13,14,甘,text_found_at_other_position
370,3,食性,15,16,温,text_found_at_other_position
370,4,功效,17,19,润燥,text_found_at_other_position
370,5,病症,21,23,劳痢,text_found_at_other_position
370,6,功效,24,27,泽肌肤,text_found_at_other_position
370,7,功效,28,33,补胃耐饥,entity_text_not_found_in_current_passage
370,8,功效,34,37,御风褰,text_found_at_other_position
370,9,病症,39,40,痿,text_found_at_other_position
370,10,病症,41,42,瘅,text_found_at_other_position
370,11,功效,43,45,杀虫,text_found_at_other_position
370,12,病症,47,48,癣,text_found_at_other_position
370,13,功效,49,53,利产舒筋,text_found_at_other_position
370,14,禁忌,54,61,多食襟湿酿痰,entity_text_not_found_in_current_passage
370,15,禁忌,62,66,外感不清,text_found_at_other_position
370,16,病症,77,81,妇人阴脱,text_found_at_other_position
370,17,病症,82,86,赤丹如疥,text_found_at_other_position
370,18,烹饪方法,88,89,煎,text_found_at_other_position
370,19,烹饪方法,91,92,涂,text_found_at_other_position
370,20,病症,94,98,发背初起,text_found_at_other_position
370,21,烹饪方法,101,103,切片,text_found_at_other_position
370,22,烹饪方法,106,108,浸贴,text_found_at_other_position
370,23,病症,115,119,误吞针铁,text_found_at_other_position
370,24,食材,130,132,羊脑,text_found_at_other_position
370,25,食味,134,135,甘,text_found_at_other_position
370,26,食性,136,137,温,text_found_at_other_position
370,27,病症,139,143,风寒入脑,text_found_at_other_position
370,28,病症,145,150,头疼久不愈,text_found_at_other_position
370,29,禁忌,154,160,多食发风生热,text_found_at_other_position
370,30,禁忌,161,165,馀病皆忌,text_found_at_other_position
370,31,食材,167,170,羊骨髓,text_found_at_other_position
370,32,食味,171,172,甘,text_found_at_other_position
370,33,食性,173,174,温,text_found_at_other_position
370,34,功效,175,178,润五肫,text_found_at_other_position
370,35,功效,180,182,充液,text_found_at_other_position
370,36,功效,183,186,补诸虚,text_found_at_other_position
370,37,功效,187,192,调养菅阴,entity_text_not_found_in_current_passage
370,38,功效,194,198,滑利经脉,text_found_at_other_position
370,39,功效,207,211,填髓耐饥,text_found_at_other_position
370,40,食材,226,228,羊血,text_found_at_other_position
370,41,食味,221,222,咸,text_found_at_other_position
370,42,食性,232,233,平,text_found_at_other_position
370,43,功效,234,239,生饮止诸血,text_found_at_other_position
370,44,功效,240,243,解诸莓,text_found_at_other_position
370,45,病症,245,247,崩衄,text_found_at_other_position
370,46,病症,250,254,死胎不下,text_found_at_other_position
370,47,病症,255,261,产后血闷欲绝,text_found_at_other_position
370,48,病症,262,266,胎衣不落,text_found_at_other_position
370,49,病症,305,307,肠风,text_found_at_other_position
370,50,病症,308,310,痔血,text_found_at_other_position
370,51,食材,316,319,羊脊骨,text_found_at_other_position
370,52,食味,320,321,甘,text_found_at_other_position
370,53,食性,322,323,温,text_found_at_other_position
370,54,功效,324,326,补肾,text_found_at_other_position
370,55,功效,327,331,利督强腰,text_found_at_other_position
370,56,功效,332,336,胫骨磨铜,text_found_at_other_position
370,57,功效,338,342,头骨消铁,text_found_at_other_position
370,58,病症,344,348,羸老胃弱,text_found_at_other_position
370,59,烹饪方法,354,356,槌碎,text_found_at_other_position
370,60,烹饪方法,357,361,熬取浓汁,text_found_at_other_position
370,61,烹饪方法,362,364,煮粥,text_found_at_other_position
370,62,病症,369,373,肾箧腰痛,text_found_at_other_position
370,63,烹饪方法,380,382,槌碎,text_found_at_other_position
370,64,烹饪方法,384,388,熬取浓汁,text_found_at_other_position
370,65,食材,391,393,盐料,text_found_at_other_position
371,1,食材,68,70,猪胆,exact_match
371,2,食材,75,77,黑豆,exact_match
371,3,食材,81,84,麝香,entity_text_not_found_in_current_passage
371,4,食材,98,100,生姜,exact_match
371,5,食材,117,119,生葱,exact_match
371,6,食材,132,134,黄檗,exact_match
371,7,食材,139,142,猪腰子,exact_match
371,8,食材,250,253,猪石子,exact_match
371,9,食材,311,313,猪脾,exact_match
371,10,食材,339,341,猪胃,exact_match
371,11,食味,149,150,甘,exact_match
371,12,食味,150,151,咸,exact_match
371,13,食性,152,153,平,exact_match
371,14,食性,262,263,温,exact_match
371,15,功效,329,331,消痞,exact_match
371,16,功效,352,354,补胃,exact_match
371,17,功效,356,360,益气充饥,exact_match
371,18,功效,264,266,通肾,exact_match
371,19,病症,269,271,五癃,exact_match
371,20,病症,273,278,奔豚茎痛,entity_text_not_found_in_current_passage
371,21,病症,280,283,阴阴易,exact_match
371,22,病症,284,288,少腹急痛,exact_match
371,23,病症,289,293,颠摘惊恐,exact_match
371,24,病症,294,298,鬼蛀蛊薛,exact_match
371,25,病症,60,63,赤白痢,exact_match
371,26,病症,104,108,疔疮恶毒,exact_match
371,27,病症,123,126,烫火伤,exact_match
371,28,病症,172,174,腰痛,exact_match
371,29,病症,227,233,痈疽发背初起,exact_match
371,30,禁忌,214,218,诸病皆忌,exact_match
371,31,禁忌,219,225,小儿尤不可食,exact_match
371,32,烹饪方法,155,156,煮,exact_match
371,33,烹饪方法,49,50,研,exact_match
371,34,烹饪方法,120,121,敷,exact_match
371,35,烹饪方法,244,245,杵,exact_match
372,1,食材,62,63,醋,exact_match
372,2,食材,148,149,糟,exact_match
372,3,食材,281,282,蜜,text_found_at_other_position
372,4,食性,153,154,温,text_found_at_other_position
372,5,食性,331,332,凉,text_found_at_other_position
372,6,食性,335,336,平,text_found_at_other_position
372,7,食味,151,152,甘,text_found_at_other_position
372,8,食味,152,153,辛,text_found_at_other_position
372,9,功效,0,2,下气,exact_match
372,10,功效,29,31,收敛,exact_match
372,11,功效,155,159,醒脾消食,text_found_at_other_position
372,12,功效,160,163,调脏腑,text_found_at_other_position
372,13,功效,307,311,补中益气,text_found_at_other_position
372,14,功效,312,316,养液安神,text_found_at_other_position
372,15,功效,323,327,杀虫解毒,text_found_at_other_position
372,16,病症,32,36,风寒咳嗽,exact_match
372,17,病症,37,41,外感疟痢,exact_match
372,18,病症,79,83,产后血运,exact_match
372,19,病症,84,88,热病神昏,exact_match
372,20,病症,89,91,惊恐,exact_match
372,21,病症,95,97,客忤,exact_match
372,22,病症,98,100,中恶,exact_match
372,23,病症,127,130,汤火伤,exact_match
372,24,病症,209,213,发风动疾,text_found_at_other_position
372,25,病症,214,216,痧痘,text_found_at_other_position
372,26,病症,217,222,产后咽喉,entity_text_not_found_in_current_passage
372,27,病症,223,225,目疾,text_found_at_other_position
372,28,病症,226,228,血崧,text_found_at_other_position
372,29,病症,229,231,疮疟,text_found_at_other_position
372,30,病症,271,275,蛇虫蜂螯,text_found_at_other_position
372,31,病症,454,456,痰湿,text_found_at_other_position
372,32,病症,456,458,肉盛,text_found_at_other_position
372,33,病症,459,463,胀满呕吐,text_found_at_other_position
372,34,烹饪方法,364,365,煮,text_found_at_other_position
372,35,烹饪方法,399,400,熬,text_found_at_other_position
372,36,烹饪方法,432,433,渍,text_found_at_other_position
372,37,禁忌,448,453,忌同葱食,entity_text_not_found_in_current_passage
372,38,禁忌,232,235,均忌之,text_found_at_other_position
372,39,禁忌,258,263,非病人所宜,text_found_at_other_position
372,40,古籍来源,49,55,《续文献》,entity_text_not_found_in_current_passage
372,41,食材,142,144,大黄,exact_match
372,42,食材,276,278,酒糟,text_found_at_other_position
372,43,食材,239,240,油,text_found_at_other_position
373,1,食材,201,203,白面,text_found_at_other_position
373,2,食材,204,206,栀子,text_found_at_other_position
373,3,食材,238,241,飞罗面,text_found_at_other_position
373,4,食材,273,276,白沙糟,text_found_at_other_position
373,5,食材,278,280,炒盐,text_found_at_other_position
373,6,食性,67,69,甘温,text_found_at_other_position
373,7,功效,70,73,补箧乏,text_found_at_other_position
373,8,功效,74,77,实皮肤,text_found_at_other_position
373,9,功效,78,81,厚肠胃,text_found_at_other_position
373,10,功效,82,86,强筋力,entity_text_not_found_in_current_passage
373,11,病症,128,130,湿热,text_found_at_other_position
373,12,病症,132,134,时感,text_found_at_other_position
373,13,病症,138,140,疟痢,text_found_at_other_position
373,14,病症,141,145,疳疽肿胀,text_found_at_other_position
373,15,病症,147,149,脚气,text_found_at_other_position
373,16,病症,150,152,痞满,text_found_at_other_position
373,17,病症,153,155,痧胀,text_found_at_other_position
373,18,病症,156,159,肝胃痛,text_found_at_other_position
373,19,病症,294,298,身体疼痛,text_found_at_other_position
373,20,病症,301,305,疮疡溃烂,text_found_at_other_position
373,21,病症,194,198,跌打挫肭,text_found_at_other_position
373,22,病症,218,222,脚跣成疱,text_found_at_other_position
373,23,病症,231,235,大衄血出,text_found_at_other_position
373,24,病症,259,263,大便久犸,text_found_at_other_position
373,25,古籍来源,10,12,本草,text_found_at_other_position
373,26,医家,0,3,汪谢城,exact_match
373,27,医家,313,316,程瑶田,text_found_at_other_position
373,28,医家,309,311,翟氏,text_found_at_other_position
374,1,食材,80,82,丝瓜,exact_match
374,2,食性,8,10,甘平,exact_match
374,3,功效,11,14,祛风热,exact_match
374,4,病症,16,20,皮肤浮胂,exact_match
374,5,病症,23,27,跌扑诸伤,exact_match
374,6,功效,31,33,清暑,exact_match
374,7,病症,35,39,疟痢泄泻,exact_match
374,8,功效,40,42,止渴,exact_match
374,9,病症,43,45,蜂螫,exact_match
374,10,病症,46,48,恶疮,exact_match
374,11,功效,67,75,治肺热痰火内痈,entity_text_not_found_in_current_passage
374,12,功效,97,101,安胎行乳,exact_match
374,13,功效,102,107,调营补阳,entity_text_not_found_in_current_passage
374,14,功效,108,112,通络杀虫,exact_match
374,15,功效,113,117,理疝消肿,exact_match
374,16,功效,118,120,化痰,exact_match
374,17,功效,142,146,化湿除黄,exact_match
374,18,功效,147,151,息风止血,exact_match
374,19,病症,153,157,痘疮不快,exact_match
374,20,食材,175,178,老丝瓜,exact_match
374,21,烹饪方法,185,188,烧存性,exact_match
374,22,烹饪方法,189,190,研,exact_match
374,23,食材,191,194,沙糖汤,exact_match
374,24,病症,198,200,喉瘅,exact_match
374,25,烹饪方法,203,205,持汁,exact_match
374,26,病症,209,213,痈疽不敛,exact_match
374,27,烹饪方法,216,218,挎汁,exact_match
374,28,病症,222,224,酒痢,exact_match
374,29,病症,226,230,便血腹痛,exact_match
374,30,病症,233,237,肛门崽痔,exact_match
374,31,食材,239,242,干丝瓜,exact_match
374,32,烹饪方法,291,294,煅存性,exact_match
374,33,烹饪方法,249,250,研,exact_match
374,34,食材,251,252,酒,exact_match
374,35,功效,256,262,兼治乳汁不通,exact_match
374,36,病症,263,267,经阻气痛,exact_match
374,37,病症,268,271,腰痛,entity_text_not_found_in_current_passage
374,38,病症,272,274,疝痛,exact_match
374,39,病症,275,277,酒积,exact_match
374,40,病症,279,280,疽,exact_match
374,41,功效,284,288,化痰止嗽,exact_match
374,42,食材,297,299,枣肉,exact_match
374,43,烹饪方法,299,300,丸,exact_match
374,44,病症,312,316,风热牙疼,exact_match
374,45,食材,323,324,盐,exact_match
374,46,烹饪方法,327,330,煅存性,exact_match
374,47,烹饪方法,294,295,研,exact_match
374,48,病症,337,339,腮肿,exact_match
374,49,病症,345,349,小儿浮肿,exact_match
374,50,食材,354,356,灯薪,exact_match
374,51,食材,358,359,葱,exact_match
374,52,烹饪方法,364,365,煎,exact_match
374,53,食材,29,30,叶,exact_match
374,54,功效,395,397,消暑,exact_match
374,55,病症,386,388,痧秽,exact_match
374,56,病症,390,392,腹痛,exact_match
374,57,病症,1,3,肠痈,exact_match
374,58,烹饪方法,242,243,煅,exact_match
375,1,食材,0,2,肝阴,exact_match
375,2,功效,5,8,充骨液,exact_match
375,3,功效,9,13,养筋活血,exact_match
375,4,病症,15,16,疽,exact_match
375,5,病症,21,23,跌打,exact_match
375,6,病症,28,30,筋断,exact_match
375,7,病症,30,32,诸伤,exact_match
375,8,食材,34,36,鲜鱼,exact_match
375,9,食材,37,39,茛菪,exact_match
375,10,食材,40,41,漆,exact_match
375,11,功效,45,47,辟邪,exact_match
375,12,功效,47,50,破血,entity_text_not_found_in_current_passage
375,13,食材,51,52,爪,exact_match
375,14,功效,55,59,催产堕胎,exact_match
375,15,食材,109,110,姜,exact_match
375,16,食材,110,111,醋,exact_match
375,17,禁忌,117,119,多食,exact_match
375,18,病症,122,125,风积泠,exact_match
375,19,病症,129,133,中气箧塞,exact_match
375,20,病症,134,138,时感未清,exact_match
375,21,病症,139,141,痰嗽,exact_match
375,22,病症,141,143,便泻,exact_match
375,23,禁忌,146,148,均忌,exact_match
375,24,食材,164,166,紫苏,exact_match
375,25,食材,167,170,冬瓜,entity_text_not_found_in_current_passage
375,26,食材,171,173,芦根,exact_match
375,27,食材,174,176,蒜汁,exact_match
375,28,禁忌,182,185,反荆芥,exact_match
375,29,禁忌,187,191,忌同柿食,exact_match
375,30,病症,196,198,腹痛,exact_match
375,31,病症,198,200,吐利,exact_match
375,32,食材,203,205,丁香,exact_match
375,33,食材,206,208,木香,exact_match
375,34,食材,211,212,梅,exact_match
375,35,烹饪方法,227,229,盐渍,exact_match
375,36,烹饪方法,230,232,酒浸,exact_match
375,37,烹饪方法,233,234,糟,exact_match
375,38,烹饪方法,235,236,酱,exact_match
375,39,食材,241,243,皂荚,exact_match
375,40,食材,247,248,蜜,exact_match
375,41,食味,251,252,辛,text_found_at_other_position
375,42,食味,253,254,咸,text_found_at_other_position
375,43,食性,255,256,平,text_found_at_other_position
375,44,功效,257,259,杀虫,text_found_at_other_position
375,45,功效,260,262,疗痔,text_found_at_other_position
375,46,禁忌,263,267,多食发嗽,text_found_at_other_position
375,47,病症,271,273,癣疮,text_found_at_other_position
375,48,食材,286,288,蛎黄,text_found_at_other_position
375,49,食味,290,291,甘,text_found_at_other_position
375,50,食性,292,293,平,text_found_at_other_position
375,51,功效,294,297,补五脏,text_found_at_other_position
375,52,功效,297,299,调中,text_found_at_other_position
375,53,功效,300,303,解丹毒,text_found_at_other_position
375,54,功效,304,306,析酲,text_found_at_other_position
375,55,功效,307,310,止渴,entity_text_not_found_in_current_passage
375,56,功效,311,313,活血,text_found_at_other_position
375,57,功效,314,316,充肌,text_found_at_other_position
375,58,食材,347,348,蚌,text_found_at_other_position
375,59,食味,350,351,甘,text_found_at_other_position
375,60,食味,352,353,咸,text_found_at_other_position
375,61,食性,152,153,寒,exact_match
375,62,功效,356,360,请热滋阴,text_found_at_other_position
375,63,功效,361,365,养肝凉血,text_found_at_other_position
375,64,功效,366,369,息风解,text_found_at_other_position
376,1,食材,61,63,乌梅,exact_match
376,2,食材,13,15,轻粉,exact_match
376,3,食材,18,20,麻油,exact_match
376,4,食材,68,70,米饮,exact_match
376,5,食材,106,108,鱼鲜,text_found_at_other_position
376,6,食材,122,123,蜜,text_found_at_other_position
376,7,食材,186,187,杏,text_found_at_other_position
376,8,食材,277,279,杏仁,text_found_at_other_position
376,9,食性,191,192,温,text_found_at_other_position
376,10,食味,189,191,甘酸,text_found_at_other_position
376,11,功效,200,204,润肺生津,text_found_at_other_position
376,12,功效,151,155,舒肝解郁,text_found_at_other_position
376,13,功效,156,161,清火稀痘,entity_text_not_found_in_current_passage
376,14,功效,166,169,解水毒,text_found_at_other_position
376,15,病症,0,4,乳痈肿毒,exact_match
376,16,病症,34,38,诸疮努肉,exact_match
376,17,病症,51,53,久崩,exact_match
376,18,病症,53,55,久痢,exact_match
376,19,病症,56,60,便血日久,exact_match
376,20,病症,85,89,鱿结腹痛,text_found_at_other_position
376,21,病症,97,101,指头肿痛,text_found_at_other_position
376,22,病症,272,276,阴疮烂痛,text_found_at_other_position
376,23,病症,287,291,阴户虫痒,text_found_at_other_position
376,24,病症,320,326,小儿脐烂成风,text_found_at_other_position
376,25,烹饪方法,7,8,煅,exact_match
376,26,烹饪方法,10,11,研,exact_match
376,27,烹饪方法,44,47,烧存性,exact_match
376,28,烹饪方法,92,94,煎汤,text_found_at_other_position
376,29,烹饪方法,108,110,拷封,text_found_at_other_position
376,30,烹饪方法,241,243,蜜渍,text_found_at_other_position
376,31,烹饪方法,279,281,烧黑,text_found_at_other_position
376,32,烹饪方法,282,284,研膏,text_found_at_other_position
376,33,烹饪方法,314,316,杵膏,text_found_at_other_position
376,34,烹饪方法,329,332,去皮研,text_found_at_other_position
376,35,禁忌,213,218,多食生痰热,text_found_at_other_position
376,36,禁忌,220,223,动宿疾,text_found_at_other_position
377,1,食材,76,77,鲱,exact_match
377,2,食材,101,103,青鱼,exact_match
377,3,功效,107,111,补胃醒脾,exact_match
377,4,功效,112,116,温营化食,exact_match
377,5,病症,127,128,疥,exact_match
377,6,病症,128,130,动风,exact_match
377,7,禁忌,131,136,诸病人均忌,exact_match
377,8,食材,138,140,鳟鱼,exact_match
377,9,食味,148,149,甘,exact_match
377,10,食性,150,151,温,exact_match
377,11,禁忌,159,166,多食动风生热,entity_text_not_found_in_current_passage
377,12,食材,168,170,鲻鱼,exact_match
377,13,食味,172,173,甘,text_found_at_other_position
377,14,食性,174,175,平,text_found_at_other_position
377,15,功效,176,179,补五脏,text_found_at_other_position
377,16,功效,180,182,开胃,text_found_at_other_position
377,17,功效,183,186,肥健人,text_found_at_other_position
377,18,食材,250,252,白鱼,text_found_at_other_position
377,19,食味,259,260,甘,text_found_at_other_position
377,20,食性,261,262,温,text_found_at_other_position
377,21,功效,263,267,开胃下气,text_found_at_other_position
377,22,功效,268,272,行水助脾,text_found_at_other_position
377,23,功效,274,278,发痘排脓,text_found_at_other_position
377,24,禁忌,285,289,多食发疥,text_found_at_other_position
377,25,禁忌,290,294,动气生痰,text_found_at_other_position
377,26,食材,296,298,鳐鱼,text_found_at_other_position
377,27,食味,311,312,甘,text_found_at_other_position
377,28,食性,313,314,温,text_found_at_other_position
377,29,功效,315,317,暖胃,text_found_at_other_position
377,30,食材,326,329,石首鱼,text_found_at_other_position
377,31,食味,342,343,甘,text_found_at_other_position
377,32,食性,344,345,温,text_found_at_other_position
377,33,功效,346,350,开胃补气,text_found_at_other_position
377,34,功效,352,354,填精,text_found_at_other_position
377,35,禁忌,365,371,多食发疮助燕,text_found_at_other_position
377,36,禁忌,372,377,病入忌之,entity_text_not_found_in_current_passage
378,1,食材,2,3,雄,exact_match
378,2,食材,14,16,火腱,exact_match
378,3,食材,17,19,簿参,exact_match
378,4,烹饪方法,20,22,煨食,exact_match
378,5,功效,23,25,补力,exact_match
378,6,禁忌,29,35,多食滞气滑肠,exact_match
378,7,病症,38,41,虚脾弱,exact_match
378,8,病症,42,46,外感未清,exact_match
378,9,病症,48,50,痞胀,exact_match
378,10,病症,51,53,脚气,exact_match
378,11,病症,54,56,便泻,exact_match
378,12,病症,56,58,肠风,exact_match
378,13,食材,64,65,血,exact_match
378,14,烹饪方法,65,67,热饮,exact_match
378,15,功效,68,73,救中恶溺死,exact_match
378,16,食材,77,79,金银,exact_match
378,17,食材,80,82,丹石,exact_match
378,18,食材,83,85,砒霜,exact_match
378,19,食材,86,88,野葛,exact_match
378,20,食材,89,91,亚片,exact_match
378,21,病症,93,95,蛊毒,exact_match
378,22,食材,110,111,卵,exact_match
378,23,食性,114,116,纯阴,exact_match
378,24,食性,117,119,性褰,exact_match
378,25,禁忌,120,122,难熟,exact_match
378,26,禁忌,124,126,滞气,exact_match
378,27,禁忌,127,131,甚于鸡子,exact_match
378,28,禁忌,132,138,诸病皆不可食,exact_match
378,29,食材,141,142,醯,exact_match
378,30,烹饪方法,146,148,煮食,exact_match
378,31,功效,155,158,愈泻痢,exact_match
378,32,食材,164,166,皮蛋,exact_match
378,33,食材,168,170,糟蛋,exact_match
378,34,食味,175,176,香,exact_match
378,35,食味,177,178,美,exact_match
378,36,禁忌,180,185,非病人所宜,exact_match
378,37,食材,187,188,雉,exact_match
378,38,食味,195,196,甘,exact_match
378,39,食性,197,198,温,exact_match
378,40,功效,199,203,补中益气,exact_match
378,41,功效,204,207,止泄痢,exact_match
378,42,功效,208,212,除蚁瘘,entity_text_not_found_in_current_passage
378,43,禁忌,213,217,冬月无毒,exact_match
378,44,禁忌,218,222,多食损人,exact_match
378,45,病症,223,225,发痔,exact_match
378,46,禁忌,225,230,诸病人忌之,exact_match
378,47,禁忌,231,248,勿与竣麦胡桃木耳菌覃同食,entity_text_not_found_in_current_passage
378,48,禁忌,249,254,春夏秋皆毒,text_found_at_other_position
378,49,食材,287,288,鸪,text_found_at_other_position
378,50,食味,290,291,甘,text_found_at_other_position
378,51,食性,292,293,温,text_found_at_other_position
378,52,功效,294,299,利五肫开胃,text_found_at_other_position
378,53,功效,300,303,益心神,text_found_at_other_position
378,54,食材,308,310,菌蕈,text_found_at_other_position
378,55,食材,311,313,生金,text_found_at_other_position
378,56,病症,314,316,蛊毒,text_found_at_other_position
378,57,禁忌,346,351,多食发脑痛,text_found_at_other_position
378,58,病症,352,354,喉痈,text_found_at_other_position
378,59,食材,387,389,竹鸡,text_found_at_other_position
378,60,食味,391,392,甘,text_found_at_other_position
378,61,食性,393,394,平,text_found_at_other_position
378,62,功效,404,409,杀腹内诸虫,text_found_at_other_position
378,63,食材,411,412,鹈,text_found_at_other_position
378,64,食味,413,414,甘,text_found_at_other_position
378,65,食性,415,416,平,text_found_at_other_position
378,66,功效,417,422,和胃消结热,text_found_at_other_position
378,67,功效,423,427,利水化湿,text_found_at_other_position
378,68,功效,429,432,止疳痢,text_found_at_other_position
378,69,功效,434,437,除膨胀,text_found_at_other_position
378,70,功效,438,441,愈久泻,text_found_at_other_position
378,71,食材,443,445,鹧鸪,text_found_at_other_position
378,72,食材,470,471,鸫,text_found_at_other_position
379,1,食材,10,12,猸肉,exact_match
379,2,食味,19,20,甘,exact_match
379,3,食性,21,22,平,exact_match
379,4,功效,23,27,下气杀虫,exact_match
379,5,病症,30,32,反胃,exact_match
379,6,病症,33,35,痔漏,exact_match
379,7,功效,59,62,治遗精,exact_match
379,8,食材,94,95,鸡,exact_match
379,9,食味,97,98,甘,text_found_at_other_position
379,10,食性,99,100,温,text_found_at_other_position
379,11,功效,101,105,补虚暖胃,text_found_at_other_position
379,12,功效,106,109,强筋骨,text_found_at_other_position
379,13,功效,110,113,续绝伤,text_found_at_other_position
379,14,功效,117,119,调经,text_found_at_other_position
379,15,功效,120,123,拓痈疽,text_found_at_other_position
379,16,功效,124,127,止崩带,text_found_at_other_position
379,17,功效,128,133,节小便频数,text_found_at_other_position
379,18,功效,134,139,主娩后虚羸,text_found_at_other_position
379,19,食材,261,264,丹雄鸡,text_found_at_other_position
379,20,功效,313,318,治无故卒死,text_found_at_other_position
379,21,病症,255,259,中恶昏愦,text_found_at_other_position
379,22,病症,356,360,卒缢垂死,text_found_at_other_position
379,23,病症,383,387,卒然忤死,text_found_at_other_position
379,24,禁忌,178,184,多食生热动风,text_found_at_other_position
379,25,禁忌,186,191,时感前后,entity_text_not_found_in_current_passage
379,26,禁忌,192,195,痘疹后,text_found_at_other_position
379,27,禁忌,196,199,疮疡后,text_found_at_other_position
379,28,禁忌,200,202,疟痢,text_found_at_other_position
379,29,禁忌,203,205,疳疽,text_found_at_other_position
379,30,禁忌,206,210,肝气目疾,text_found_at_other_position
379,31,禁忌,211,214,喉症,entity_text_not_found_in_current_passage
379,32,禁忌,215,217,脚气,text_found_at_other_position
379,33,禁忌,217,220,诸风病,text_found_at_other_position
379,34,禁忌,229,233,愈老愈毒,text_found_at_other_position
379,35,禁忌,234,241,诸病均不可食,entity_text_not_found_in_current_passage
379,36,烹饪方法,15,16,刺,exact_match
379,37,烹饪方法,338,339,涂,text_found_at_other_position
379,38,烹饪方法,404,405,丸,text_found_at_other_position
379,39,烹饪方法,410,411,纳,text_found_at_other_position
380,1,食材,45,47,麻油,exact_match
380,2,食材,1,2,葱,exact_match
380,3,食材,153,155,茶油,exact_match
380,4,食材,253,255,豆油,exact_match
380,5,食材,315,317,莱油,exact_match
380,6,食性,156,158,甘凉,exact_match
380,7,食性,256,259,甘辛温,exact_match
380,8,功效,158,160,润燥,exact_match
380,9,功效,161,165,清热息风,exact_match
380,10,功效,166,170,解莓杀虫,exact_match
380,11,功效,171,176,止利头目,entity_text_not_found_in_current_passage
380,12,功效,262,266,解毒杀虫,exact_match
380,13,功效,323,327,润燥杀虫,text_found_at_other_position
380,14,功效,328,331,散火丹,text_found_at_other_position
380,15,功效,332,335,消肿毒,text_found_at_other_position
380,16,病症,52,56,肿毒初起,exact_match
380,17,病症,120,124,打扑伤肿,exact_match
380,18,病症,345,347,时感,text_found_at_other_position
380,19,病症,348,350,痧胀,text_found_at_other_position
380,20,病症,351,353,目疾,text_found_at_other_position
380,21,病症,354,356,喉症,text_found_at_other_position
380,22,病症,357,359,效血,text_found_at_other_position
380,23,病症,360,362,疮伤,text_found_at_other_position
380,24,病症,364,366,痧痘,text_found_at_other_position
380,25,病症,368,370,疟疾,text_found_at_other_position
380,26,病症,421,424,汤火伤,text_found_at_other_position
380,27,禁忌,371,376,产后并忌之,text_found_at_other_position
380,28,禁忌,378,388,有微毒而能发风动疾也,text_found_at_other_position
380,29,烹饪方法,60,61,煎,exact_match
380,30,烹饪方法,127,129,熬熟,exact_match
380,31,烹饪方法,187,189,蒸熟,exact_match
380,32,烹饪方法,420,421,涂,text_found_at_other_position
380,33,烹饪方法,178,179,调,exact_match
381,1,食材,5,7,猪油,exact_match
381,2,食材,22,25,肥猪脂,exact_match
381,3,食材,70,72,猪脂,exact_match
381,4,食材,111,113,猪脑,exact_match
381,5,食材,152,154,猪雁,exact_match
381,6,食材,332,334,猪肺,exact_match
381,7,食味,160,161,甘,exact_match
381,8,食性,162,163,平,exact_match
381,9,功效,164,166,润燥,exact_match
381,10,功效,168,172,涤垢化痰,exact_match
381,11,功效,174,176,运食,exact_match
381,12,功效,177,179,清胎,exact_match
381,13,功效,180,184,泽颜止嗽,exact_match
381,14,功效,250,253,消积滞,exact_match
381,15,功效,339,341,补肫,text_found_at_other_position
381,16,功效,343,346,止虚嗽,text_found_at_other_position
381,17,功效,347,352,治肺痿咳血,text_found_at_other_position
381,18,病症,13,15,痘疮,exact_match
381,19,病症,16,18,便秘,exact_match
381,20,病症,60,62,乳痈,exact_match
381,21,病症,64,69,发背诸肿毒,exact_match
381,22,病症,92,96,误吞铁钉,exact_match
381,23,病症,125,128,诸痈肿,exact_match
381,24,病症,130,135,手足皲裂,entity_text_not_found_in_current_passage
381,25,病症,146,150,筋软阴痿,exact_match
381,26,病症,205,209,子宫不挣,exact_match
381,27,病症,256,260,疳黄诸病,exact_match
381,28,病症,353,358,上消诸症,entity_text_not_found_in_current_passage
381,29,脏腑,298,299,肺,exact_match
381,30,脏腑,188,190,子宫,exact_match
381,31,烹饪方法,29,30,煮,exact_match
381,32,烹饪方法,213,215,蒸煮,exact_match
381,33,烹饪方法,382,386,和米作粥,text_found_at_other_position
381,34,烹饪方法,389,395,同苡仁末为羹,text_found_at_other_position
381,35,禁忌,140,144,多食损人,exact_match
381,36,养生原则,273,280,虽频食亦无害也,exact_match
382,1,食材,57,59,胡荽,exact_match
382,2,食材,274,275,芥,text_found_at_other_position
382,3,食材,280,282,芥子,text_found_at_other_position
382,4,食味,284,285,辛,text_found_at_other_position
382,5,食味,285,286,甘,text_found_at_other_position
382,6,食性,287,288,温,text_found_at_other_position
382,7,食性,324,325,平,text_found_at_other_position
382,8,功效,0,2,止痛,exact_match
382,9,功效,2,4,卞气,exact_match
382,10,功效,5,7,通肠,exact_match
382,11,功效,8,11,杀鱼腥,exact_match
382,12,功效,12,15,发痘疹,exact_match
382,13,功效,289,294,御风湿,entity_text_not_found_in_current_passage
382,14,功效,301,304,补元阳,text_found_at_other_position
382,15,功效,305,309,利肺豁痰,text_found_at_other_position
382,16,功效,310,314,和中通窍,text_found_at_other_position
382,17,功效,320,322,开胃,text_found_at_other_position
382,18,病症,52,54,痘疹,exact_match
382,19,病症,120,124,痘疹不快,text_found_at_other_position
382,20,病症,230,232,黑陷,text_found_at_other_position
382,21,禁忌,16,20,多食损自,exact_match
382,22,禁忌,21,26,凡病忌之,entity_text_not_found_in_current_passage
382,23,烹饪方法,71,72,煎,exact_match
382,24,烹饪方法,315,316,醯,text_found_at_other_position
382,25,烹饪方法,372,374,压实,text_found_at_other_position
382,26,医家,475,478,扬士瀛,text_found_at_other_position
382,27,古籍来源,111,114,直指方,exact_match
383,1,食材,14,16,脂麻,exact_match
383,2,食材,334,336,白蜜,exact_match
383,3,食材,187,189,麻油,exact_match
383,4,食味,190,191,甘,exact_match
383,5,食性,191,192,凉,exact_match
383,6,功效,192,194,润燥,exact_match
383,7,功效,195,197,补液,exact_match
383,8,功效,197,199,息风,exact_match
383,9,功效,200,202,解毒,exact_match
383,10,功效,202,204,杀虫,exact_match
383,11,功效,205,210,消诸疮肿,entity_text_not_found_in_current_passage
383,12,功效,134,136,醒胃,exact_match
383,13,功效,137,142,润可泽枯,entity_text_not_found_in_current_passage
383,14,功效,171,175,滋孺化毒,exact_match
383,15,病症,11,13,溺血,exact_match
383,16,病症,37,41,头面诸疮,exact_match
383,17,病症,42,46,妇人乳疮,exact_match
383,18,病症,47,49,阴疮,exact_match
383,19,病症,58,60,谷贼,exact_match
383,20,病症,78,81,汤火伤,exact_match
383,21,病症,82,86,诸虫蛟伤,exact_match
383,22,病症,318,322,漏胎难产,exact_match
383,23,病症,350,354,小儿丹毒,exact_match
383,24,病症,355,359,汤火灼伤,exact_match
383,25,病症,371,375,小儿发热,exact_match
383,26,病症,383,387,时行痘疹,exact_match
383,27,禁忌,246,253,大便滑泻者禁之,exact_match
383,28,烹饪方法,16,18,杵末,exact_match
383,29,烹饪方法,22,23,浸,exact_match
383,30,烹饪方法,28,30,绞汁,exact_match
383,31,烹饪方法,31,32,煎,exact_match
383,32,烹饪方法,53,55,嚼烂,exact_match
383,33,烹饪方法,70,72,炒研,exact_match
383,34,烹饪方法,89,91,生研,exact_match
383,35,烹饪方法,103,104,磨,exact_match
383,36,烹饪方法,363,365,涂浸,exact_match
383,37,烹饪方法,367,368,饮,exact_match
385,1,食材,0,1,茶,exact_match
385,2,食味,3,5,微苦,text_found_at_other_position
385,3,食味,6,7,甘,text_found_at_other_position
385,4,食性,8,9,凉,text_found_at_other_position
385,5,功效,10,13,清心神,text_found_at_other_position
385,6,功效,14,18,醒睡除烦,text_found_at_other_position
385,7,功效,19,23,凉肝胆,entity_text_not_found_in_current_passage
385,8,功效,24,28,涤燕消痰,text_found_at_other_position
385,9,脏腑,30,32,肺胃,text_found_at_other_position
385,10,病症,39,41,不渴,text_found_at_other_position
385,11,食材,377,379,普洱,text_found_at_other_position
385,12,功效,106,110,善吐风痰,text_found_at_other_position
385,13,功效,111,114,消肉食,text_found_at_other_position
385,14,病症,116,121,暑秽痧兵,entity_text_not_found_in_current_passage
385,15,病症,123,125,腹痛,text_found_at_other_position
385,16,病症,126,129,乾霍乱,text_found_at_other_position
385,17,病症,130,132,痢疾,text_found_at_other_position
385,18,食材,144,146,诸露,text_found_at_other_position
385,19,食材,149,153,谷莱果蔽,text_found_at_other_position
385,20,食材,154,158,草木花叶,text_found_at_other_position
385,21,烹饪方法,185,187,蒸馏,text_found_at_other_position
385,22,食材,194,195,露,text_found_at_other_position
385,23,功效,201,205,运胜诸药,text_found_at_other_position
385,24,食材,226,228,陈米,text_found_at_other_position
385,25,食材,290,292,地黄,text_found_at_other_position
385,26,食材,293,295,枸杞,text_found_at_other_position
385,27,烹饪方法,256,257,煎,text_found_at_other_position
385,28,烹饪方法,305,308,作丸散,text_found_at_other_position
385,29,禁忌,339,343,冰麝忌火,text_found_at_other_position
385,30,古籍来源,352,354,五苓,text_found_at_other_position
385,31,古籍来源,355,357,六一,text_found_at_other_position
386,1,古籍来源,388,392,《医碥》,exact_match
387,1,食材,352,353,砒,text_found_at_other_position
387,2,食味,529,530,辛,text_found_at_other_position
387,3,食性,530,532,大热,text_found_at_other_position
387,4,病症,534,536,蹇热,text_found_at_other_position
387,5,病症,537,539,鼠瘘,text_found_at_other_position
387,6,病症,540,545,蚀创死肌,entity_text_not_found_in_current_passage
387,7,病症,547,549,风瘅,text_found_at_other_position
387,8,病症,550,553,腹中坚,text_found_at_other_position
387,9,古籍来源,517,522,神农本草经,text_found_at_other_position
387,10,烹饪方法,315,316,煮,text_found_at_other_position
389,1,食材,16,18,饴糖,exact_match
389,2,食材,21,23,稻芒,exact_match
389,3,食材,24,26,鱼骨,exact_match
389,4,食材,32,34,竹木,exact_match
389,5,食材,35,37,钱铋,exact_match
389,6,食材,42,44,附子,exact_match
389,7,食材,45,47,草乌,exact_match
389,8,食材,78,80,麻油,exact_match
389,9,食材,107,109,粟米,exact_match
389,10,食材,127,128,粱,exact_match
389,11,食材,133,135,小米,exact_match
389,12,食材,166,167,秫,exact_match
389,13,食材,199,201,黍米,exact_match
389,14,食材,241,243,稷米,exact_match
389,15,食材,246,248,商粱,exact_match
389,16,食材,252,254,芦襟,exact_match
389,17,食材,287,289,鹅鸭,exact_match
389,18,食性,151,152,凉,exact_match
389,19,食性,232,233,温,exact_match
389,20,食味,258,259,甘,exact_match
389,21,功效,263,268,补气养脾,entity_text_not_found_in_current_passage
389,22,功效,274,279,治阴盛阴虚,exact_match
389,23,病症,0,2,鱼脐,exact_match
389,24,病症,8,9,疽,exact_match
389,25,病症,11,13,搞疮,exact_match
389,26,病症,59,62,银黝毒,exact_match
389,27,病症,95,99,火烧成疮,exact_match
389,28,烹饪方法,71,74,作小丸,exact_match
389,29,烹饪方法,81,83,吞下,exact_match
389,30,烹饪方法,305,307,酿酒,exact_match
389,31,医家,169,172,汪谢城,exact_match
390,1,食材,2,4,砂仁,exact_match
390,2,食材,14,16,白糖,exact_match
390,3,食材,32,35,陈粳米,text_found_at_other_position
390,4,食材,38,40,砂糖,text_found_at_other_position
390,5,食材,80,81,蜜,text_found_at_other_position
390,6,食材,145,147,糯米,text_found_at_other_position
390,7,食材,157,159,箬叶,text_found_at_other_position
390,8,食材,184,186,大蒜,text_found_at_other_position
390,9,食材,197,199,葱白,text_found_at_other_position
390,10,食材,203,205,生姜,text_found_at_other_position
390,11,食材,208,210,麝香,text_found_at_other_position
390,12,食材,231,233,花箬,text_found_at_other_position
390,13,食材,240,243,油单纸,text_found_at_other_position
390,14,烹饪方法,60,61,春,text_found_at_other_position
390,15,烹饪方法,93,94,蒸,text_found_at_other_position
390,16,烹饪方法,137,138,裹,text_found_at_other_position
390,17,烹饪方法,249,250,煮,text_found_at_other_position
390,18,烹饪方法,243,244,封,text_found_at_other_position
390,19,食疗方,23,30,松糕方,entity_text_not_found_in_current_passage
390,20,食疗方,169,178,凡用香头法,entity_text_not_found_in_current_passage
391,1,食疗方,0,7,地仙煎,entity_text_not_found_in_current_passage
391,2,病症,9,13,腰膝疼痛,text_found_at_other_position
391,3,病症,17,21,腹内冷病,text_found_at_other_position
391,4,功效,22,28,令人颜色悦泽,text_found_at_other_position
391,5,功效,29,34,骨髓坚固,entity_text_not_found_in_current_passage
391,6,食材,41,43,山药,text_found_at_other_position
391,7,食材,49,51,杏仁,text_found_at_other_position
391,8,食材,63,66,生牛乳,text_found_at_other_position
391,9,烹饪方法,75,76,研,text_found_at_other_position
391,10,烹饪方法,86,89,绞取汁,text_found_at_other_position
391,11,烹饪方法,95,97,密封,text_found_at_other_position
391,12,烹饪方法,99,100,煮,text_found_at_other_position
391,13,禁忌,105,113,空心酒调服一匙头,text_found_at_other_position
391,14,食疗方,115,122,金水煎,entity_text_not_found_in_current_passage
391,15,功效,123,127,延年益寿,text_found_at_other_position
391,16,功效,128,132,填精补髓,text_found_at_other_position
391,17,功效,136,140,发自娈黑,text_found_at_other_position
391,18,功效,142,147,返老还童,entity_text_not_found_in_current_passage
391,19,食材,149,152,枸杞子,text_found_at_other_position
391,20,食材,167,170,无灰酒,text_found_at_other_position
391,21,烹饪方法,170,171,浸,text_found_at_other_position
391,22,烹饪方法,185,186,研,text_found_at_other_position
391,23,烹饪方法,196,199,绞取汁,text_found_at_other_position
391,24,烹饪方法,208,212,熬成膏,entity_text_not_found_in_current_passage
391,25,烹饪方法,218,220,封贮,text_found_at_other_position
391,26,烹饪方法,222,225,重汤煮,text_found_at_other_position
391,27,食材,234,236,酥油,text_found_at_other_position
391,28,禁忌,240,244,温酒调下,text_found_at_other_position
391,29,食疗方,246,255,天门冬膏,entity_text_not_found_in_current_passage
391,30,功效,256,263,去积聚风痰癫疾,text_found_at_other_position
391,31,病症,264,268,三虿伏尸,text_found_at_other_position
391,32,功效,268,271,除瘟疫,text_found_at_other_position
391,33,功效,272,276,轻身益气,text_found_at_other_position
391,34,功效,278,282,令人不饥,text_found_at_other_position
391,35,功效,283,287,延年不老,text_found_at_other_position
392,1,食材,0,1,面,exact_match
392,2,食材,23,25,鸟梅,text_found_at_other_position
392,3,食材,31,32,盐,text_found_at_other_position
392,4,食材,35,37,甘草,text_found_at_other_position
392,5,食材,40,43,紫苏叶,text_found_at_other_position
392,6,食材,75,78,白太樨,text_found_at_other_position
392,7,食材,141,143,盐梅,text_found_at_other_position
392,8,食材,173,175,梅花,text_found_at_other_position
392,9,烹饪方法,6,7,末,exact_match
392,10,烹饪方法,54,55,炒,text_found_at_other_position
392,11,烹饪方法,119,120,捣,text_found_at_other_position
392,12,烹饪方法,125,126,榨,text_found_at_other_position
392,13,烹饪方法,11,13,点服,exact_match
392,14,食疗方,15,22,梅苏汤,entity_text_not_found_in_current_passage
392,15,食疗方,66,73,天香汤,entity_text_not_found_in_current_passage
392,16,食疗方,164,171,暗香汤,entity_text_not_found_in_current_passage
392,17,古籍来源,232,235,灵隐寺,text_found_at_other_position
393,1,食材,0,1,酥,exact_match
393,2,食材,8,10,油酥,text_found_at_other_position
393,3,食材,13,14,蜜,text_found_at_other_position
393,4,食材,17,19,白面,text_found_at_other_position
393,5,食材,36,38,猪油,text_found_at_other_position
393,6,食材,61,63,糯米,text_found_at_other_position
393,7,食材,120,122,白饧,text_found_at_other_position
393,8,食材,115,117,酒醅,text_found_at_other_position
393,9,食材,181,184,白糖,entity_text_not_found_in_current_passage
393,10,食材,184,186,炒面,text_found_at_other_position
393,11,食材,192,194,麻布,text_found_at_other_position
393,12,食材,232,234,米粉,text_found_at_other_position
393,13,食材,239,241,芋末,text_found_at_other_position
393,14,食材,267,269,熟油,text_found_at_other_position
393,15,食材,273,275,猪脂,text_found_at_other_position
393,16,食材,286,287,酒,text_found_at_other_position
393,17,食材,302,304,精肉,text_found_at_other_position
393,18,烹饪方法,21,22,搜,text_found_at_other_position
393,19,烹饪方法,26,30,入印作饼,text_found_at_other_position
393,20,烹饪方法,31,33,止炉,text_found_at_other_position
393,21,烹饪方法,66,67,捣,text_found_at_other_position
393,22,烹饪方法,86,87,和,text_found_at_other_position
393,23,烹饪方法,92,93,煮,text_found_at_other_position
393,24,烹饪方法,130,131,擀,text_found_at_other_position
393,25,烹饪方法,146,147,爝,text_found_at_other_position
393,26,烹饪方法,169,170,煤,text_found_at_other_position
393,27,烹饪方法,186,187,拌,text_found_at_other_position
393,28,烹饪方法,196,197,糁,text_found_at_other_position
393,29,烹饪方法,217,219,捍扯,text_found_at_other_position
393,30,烹饪方法,219,220,摊,text_found_at_other_position
393,31,烹饪方法,225,226,晒,text_found_at_other_position
393,32,烹饪方法,279,280,切,text_found_at_other_position
393,33,烹饪方法,291,293,搜和,text_found_at_other_position
393,34,烹饪方法,299,301,擀开,text_found_at_other_position
393,35,烹饪方法,301,302,裹,text_found_at_other_position
393,36,烹饪方法,306,311,炉内爝熟,entity_text_not_found_in_current_passage
393,37,食疗方,49,59,风消饼方,entity_text_not_found_in_current_passage
393,38,食疗方,251,261,肉油饼方,entity_text_not_found_in_current_passage
394,1,食材,8,10,山药,text_found_at_other_position
394,2,食材,13,15,酥油,text_found_at_other_position
394,3,食材,18,20,莲肉,text_found_at_other_position
394,4,食材,61,64,葡萄子,text_found_at_other_position
394,5,食材,101,102,蜜,text_found_at_other_position
394,6,食材,204,206,黄精,text_found_at_other_position
394,7,食材,217,219,松针,text_found_at_other_position
394,8,食材,222,224,白术,text_found_at_other_position
394,9,食材,228,230,枸杞,text_found_at_other_position
394,10,烹饪方法,29,30,研,text_found_at_other_position
394,11,烹饪方法,246,247,煮,text_found_at_other_position
394,12,烹饪方法,112,113,煎,text_found_at_other_position
394,13,烹饪方法,259,260,浸,text_found_at_other_position
394,14,食疗方,51,58,葡萄酒,entity_text_not_found_in_current_passage
394,15,食疗方,195,202,黄精酒,entity_text_not_found_in_current_passage
394,16,功效,47,49,有益,text_found_at_other_position
394,17,功效,174,178,百脉流畅,text_found_at_other_position
394,18,功效,180,184,气运无滞,text_found_at_other_position
394,19,功效,282,285,除百病,text_found_at_other_position
394,20,功效,286,288,延年,text_found_at_other_position
394,21,功效,289,292,娈须发,text_found_at_other_position
394,22,功效,293,296,生牙齿,text_found_at_other_position
395,1,食材,3,7,槐实,entity_text_not_found_in_current_passage
395,2,食材,12,14,牛胆,text_found_at_other_position
395,3,食材,64,66,莲花,text_found_at_other_position
395,4,食材,74,76,莲根,text_found_at_other_position
395,5,食材,85,87,莲子,text_found_at_other_position
395,6,食材,119,121,松根,text_found_at_other_position
395,7,食材,167,169,茯苓,text_found_at_other_position
395,8,食材,241,242,术,text_found_at_other_position
395,9,食材,339,342,天门冬,text_found_at_other_position
395,10,烹饪方法,15,16,浸,text_found_at_other_position
395,11,烹饪方法,90,92,阴干,text_found_at_other_position
395,12,烹饪方法,63,64,采,text_found_at_other_position
395,13,烹饪方法,122,124,剥取,text_found_at_other_position
395,14,烹饪方法,129,131,曝燥,text_found_at_other_position
395,15,烹饪方法,169,171,削去,text_found_at_other_position
395,16,烹饪方法,173,175,捣末,text_found_at_other_position
395,17,烹饪方法,183,184,渍,text_found_at_other_position
395,18,烹饪方法,38,39,发,text_found_at_other_position
395,19,烹饪方法,210,212,造饼,text_found_at_other_position
395,20,烹饪方法,219,221,屑服,text_found_at_other_position
395,21,烹饪方法,258,259,溃,text_found_at_other_position
395,22,烹饪方法,261,262,煮,text_found_at_other_position
395,23,功效,31,34,身轻,entity_text_not_found_in_current_passage
395,24,功效,44,46,通明,text_found_at_other_position
395,25,功效,96,100,令人不老,text_found_at_other_position
395,26,功效,143,146,可绝谷,text_found_at_other_position
395,27,功效,225,228,不饥渴,text_found_at_other_position
395,28,功效,229,233,除病延年,text_found_at_other_position
395,29,病症,147,148,渴,text_found_at_other_position
396,1,食材,104,106,人参,exact_match
396,2,食材,139,141,黄精,text_found_at_other_position
396,3,食材,171,173,茯苓,text_found_at_other_position
396,4,食材,173,175,远志,text_found_at_other_position
396,5,食材,207,209,当归,text_found_at_other_position
396,6,食材,237,239,鹿茸,text_found_at_other_position
396,7,食材,240,242,麋萁,text_found_at_other_position
396,8,食材,273,275,琥珀,text_found_at_other_position
396,9,食材,319,322,酸枣仁,text_found_at_other_position
396,10,食材,356,359,拍子仁,text_found_at_other_position
396,11,烹饪方法,15,16,炼,exact_match
396,12,烹饪方法,18,19,熬,exact_match
396,13,烹饪方法,109,110,煎,exact_match
396,14,烹饪方法,114,116,熬膏,exact_match
396,15,烹饪方法,246,247,研,text_found_at_other_position
396,16,食疗方,128,133,长生神芝膏,text_found_at_other_position
396,17,食疗方,159,165,三台益算膏,entity_text_not_found_in_current_passage
396,18,食疗方,195,200,四仙求志育,text_found_at_other_position
396,19,食疗方,225,231,五老朝元膏,entity_text_not_found_in_current_passage
396,20,食疗方,262,267,六龙御天膏,text_found_at_other_position
396,21,食疗方,308,313,七元归真膏,text_found_at_other_position
396,22,食疗方,345,350,八神卫护膏,text_found_at_other_position
396,23,食疗方,383,388,九龙扶寿丹,text_found_at_other_position
396,24,功效,65,69,轻身延年,exact_match
396,25,功效,70,74,悦泽颜色,exact_match
396,26,禁忌,76,79,忌食桃,exact_match
397,1,食材,141,143,鲚鱼,text_found_at_other_position
397,2,食材,181,183,鲤鱼,text_found_at_other_position
397,3,食材,234,235,蟹,exact_match
397,4,食材,247,249,麻油,text_found_at_other_position
397,5,食材,257,259,草果,text_found_at_other_position
397,6,食材,260,262,茴香,text_found_at_other_position
397,7,食材,263,265,砂仁,text_found_at_other_position
397,8,食材,266,268,花椒,text_found_at_other_position
397,9,食材,270,272,水姜,text_found_at_other_position
397,10,食材,273,275,胡椒,text_found_at_other_position
397,11,食材,281,282,葱,text_found_at_other_position
397,12,食材,36,37,盐,text_found_at_other_position
397,13,食材,283,284,醋,text_found_at_other_position
397,14,烹饪方法,109,110,炙,text_found_at_other_position
397,15,烹饪方法,40,41,煎,text_found_at_other_position
397,16,烹饪方法,75,76,炒,text_found_at_other_position
397,17,烹饪方法,78,79,擦,text_found_at_other_position
397,18,烹饪方法,8,9,腌,exact_match
397,19,烹饪方法,208,209,酿,text_found_at_other_position
397,20,烹饪方法,242,244,剁碎,text_found_at_other_position
397,21,烹饪方法,250,252,熬熟,text_found_at_other_position
397,22,烹饪方法,147,148,切,text_found_at_other_position
397,23,烹饪方法,162,163,盛,text_found_at_other_position
397,24,烹饪方法,168,169,封,text_found_at_other_position
397,25,烹饪方法,12,13,涂,exact_match
397,26,食疗方,171,178,水醯鱼,entity_text_not_found_in_current_passage
398,1,食材,11,14,枸杞子,exact_match
398,2,食材,180,182,黄精,text_found_at_other_position
398,3,食材,334,336,白蜜,text_found_at_other_position
398,4,食材,341,344,天门冬,text_found_at_other_position
398,5,烹饪方法,75,76,熬,exact_match
398,6,烹饪方法,328,329,蒸,text_found_at_other_position
398,7,功效,98,102,明目驻颜,exact_match
398,8,功效,103,106,壮元气,exact_match
398,9,功效,109,112,渖肌肤,exact_match
398,10,功效,280,284,助气固褙,text_found_at_other_position
398,11,功效,285,289,补镇丹田,text_found_at_other_position
398,12,功效,291,295,活血驻颜,text_found_at_other_position
398,13,功效,296,300,长生不老,text_found_at_other_position
398,14,食疗方,174,178,二精丸方,text_found_at_other_position
399,1,食材,0,7,红花子,entity_text_not_found_in_current_passage
399,2,烹饪方法,10,11,淘,text_found_at_other_position
399,3,烹饪方法,17,19,捣碎,text_found_at_other_position
399,4,烹饪方法,32,33,煎,text_found_at_other_position
399,5,烹饪方法,45,46,挹,text_found_at_other_position
399,6,食材,40,41,醋,text_found_at_other_position
399,7,食材,62,69,金雀花,entity_text_not_found_in_current_passage
399,8,烹饪方法,86,87,焯,text_found_at_other_position
399,9,食材,94,96,糖霜,text_found_at_other_position
399,10,食材,98,100,油醋,text_found_at_other_position
399,11,烹饪方法,100,101,拌,text_found_at_other_position
399,12,食材,111,115,寒豆,entity_text_not_found_in_current_passage
399,13,烹饪方法,123,125,淘净,text_found_at_other_position
399,14,烹饪方法,134,136,包裹,text_found_at_other_position
399,15,烹饪方法,157,158,喷,text_found_at_other_position
399,16,烹饪方法,169,170,焯,text_found_at_other_position
399,17,食材,181,188,黄豆芽,entity_text_not_found_in_current_passage
399,18,食材,189,192,大黄豆,text_found_at_other_position
399,19,烹饪方法,206,207,淘,text_found_at_other_position
399,20,食材,218,220,香荩,text_found_at_other_position
399,21,食材,221,223,橙丝,text_found_at_other_position
399,22,食材,224,226,木耳,text_found_at_other_position
399,23,食材,227,231,佛手柑丝,text_found_at_other_position
399,24,烹饪方法,231,232,拌,text_found_at_other_position
399,25,食材,237,239,麻油,text_found_at_other_position
399,26,食材,240,242,糟霜,text_found_at_other_position
399,27,食材,244,245,醋,text_found_at_other_position
399,28,食材,251,253,褰豆,text_found_at_other_position
399,29,食材,256,258,豌豆,text_found_at_other_position
399,30,食材,261,263,蚕豆,text_found_at_other_position
400,1,食材,53,55,半夏,text_found_at_other_position
400,2,食材,69,73,晋州降香,text_found_at_other_position
400,3,食材,79,81,丁皮,text_found_at_other_position
400,4,食材,87,90,草豆蔻,text_found_at_other_position
400,5,食材,95,97,生姜,text_found_at_other_position
400,6,食材,206,210,桔皮,entity_text_not_found_in_current_passage
400,7,功效,31,35,开骨健脾,text_found_at_other_position
400,8,功效,37,40,止呕吐,text_found_at_other_position
400,9,功效,41,46,去脑中焱满,text_found_at_other_position
400,10,功效,48,51,下肺气,text_found_at_other_position
400,11,功效,223,225,消痰,text_found_at_other_position
400,12,功效,225,227,止嗽,text_found_at_other_position
400,13,功效,228,233,破癞魑痃癖,text_found_at_other_position
400,14,病症,324,325,癞,text_found_at_other_position
400,15,病症,303,304,痃,text_found_at_other_position
400,16,烹饪方法,110,111,洗,text_found_at_other_position
400,17,烹饪方法,167,169,焙干,text_found_at_other_position
400,18,烹饪方法,122,124,粗挫,text_found_at_other_position
400,19,烹饪方法,135,136,煎,text_found_at_other_position
400,20,烹饪方法,145,146,浸,text_found_at_other_position
400,21,烹饪方法,165,167,水洗,text_found_at_other_position
400,22,烹饪方法,181,183,细嚼,text_found_at_other_position
400,23,古籍来源,211,216,《日华子》,text_found_at_other_position
401,1,食材,8,11,牛奶茄,text_found_at_other_position
401,2,食材,32,33,盐,text_found_at_other_position
401,3,食材,51,53,薄荷,text_found_at_other_position
401,4,食材,227,229,茴香,text_found_at_other_position
401,5,食材,64,66,砂糖,text_found_at_other_position
401,6,食材,69,70,醋,text_found_at_other_position
401,7,食材,102,106,青硬梅子,text_found_at_other_position
401,8,食材,109,111,大蒜,text_found_at_other_position
401,9,食材,121,123,炒盐,text_found_at_other_position
401,10,食材,187,189,青瓜,text_found_at_other_position
401,11,食材,211,213,生姜,text_found_at_other_position
401,12,食材,214,216,陈皮,text_found_at_other_position
401,13,食材,220,222,紧苏,text_found_at_other_position
401,14,食材,230,232,砂仁,text_found_at_other_position
401,15,烹饪方法,3,4,蒸,text_found_at_other_position
401,16,烹饪方法,21,22,切,text_found_at_other_position
401,17,烹饪方法,36,38,拌匀,text_found_at_other_position
401,18,烹饪方法,40,41,焯,text_found_at_other_position
401,19,烹饪方法,46,48,沥干,text_found_at_other_position
401,20,烹饪方法,73,74,浸,text_found_at_other_position
401,21,烹饪方法,77,79,晒干,text_found_at_other_position
401,22,烹饪方法,90,92,压扁,text_found_at_other_position
401,23,烹饪方法,92,94,收藏,text_found_at_other_position
401,24,烹饪方法,130,131,煎,text_found_at_other_position
401,25,烹饪方法,160,162,入瓶,text_found_at_other_position
401,26,烹饪方法,201,203,去穰,text_found_at_other_position
401,27,烹饪方法,223,226,切作丝,text_found_at_other_position
401,28,烹饪方法,229,230,炒,text_found_at_other_position
401,29,烹饪方法,244,246,扎定,text_found_at_other_position
401,30,烹饪方法,266,268,收贮,text_found_at_other_position
401,31,烹饪方法,268,270,切碎,text_found_at_other_position
401,32,烹饪方法,263,264,晒,text_found_at_other_position
402,1,食材,24,26,芡实,text_found_at_other_position
402,2,食材,47,49,粳米,text_found_at_other_position
402,3,烹饪方法,52,53,煮,text_found_at_other_position
402,4,功效,57,60,益精气,text_found_at_other_position
402,5,功效,61,64,强智力,text_found_at_other_position
402,6,功效,65,68,聪耳目,text_found_at_other_position
402,7,食材,79,81,莲肉,text_found_at_other_position
402,8,食材,93,95,糯米,text_found_at_other_position
402,9,食疗方,70,77,莲子粥,entity_text_not_found_in_current_passage
402,10,食材,118,120,竹叶,text_found_at_other_position
402,11,食材,255,257,石膏,text_found_at_other_position
402,12,食疗方,109,116,竹叶粥,entity_text_not_found_in_current_passage
403,1,食材,18,20,茶叶,exact_match
403,2,食材,66,68,木樨,exact_match
403,3,食材,69,71,茉莉,exact_match
403,4,食材,72,74,玫瑰,exact_match
403,5,食材,75,77,蔷薇,exact_match
403,6,食材,78,80,兰蕙,exact_match
403,7,食材,81,83,橘花,exact_match
403,8,食材,83,85,栀子,exact_match
403,9,食材,86,88,木香,exact_match
403,10,食材,89,91,梅花,exact_match
403,11,烹饪方法,28,30,焙干,exact_match
403,12,烹饪方法,210,211,煮,exact_match
403,13,烹饪方法,240,241,煎,exact_match
403,14,病症,318,320,颈疾,text_found_at_other_position
403,15,古籍来源,357,362,吴山第一泉,text_found_at_other_position
403,16,古籍来源,363,366,郭璞井,text_found_at_other_position
403,17,古籍来源,367,370,虎跑泉,text_found_at_other_position
403,18,古籍来源,371,373,龙井,text_found_at_other_position
403,19,古籍来源,374,378,葛仙翁井,text_found_at_other_position
404,1,食材,153,156,枸杞子,text_found_at_other_position
404,2,食材,158,160,干面,text_found_at_other_position
404,3,食材,179,181,红茶,text_found_at_other_position
404,4,食材,200,202,酥油,text_found_at_other_position
404,5,食材,206,208,香油,text_found_at_other_position
404,6,食材,222,223,盐,text_found_at_other_position
404,7,食材,256,259,黄牛乳,text_found_at_other_position
404,8,食性,265,266,平,text_found_at_other_position
404,9,功效,238,240,明目,text_found_at_other_position
404,10,功效,266,269,补血脉,text_found_at_other_position
404,11,功效,270,273,益心气,text_found_at_other_position
404,12,功效,274,278,长肌肉,entity_text_not_found_in_current_passage
404,13,功效,286,291,润泽面目光,text_found_at_other_position
404,14,功效,292,296,悦志不衰,text_found_at_other_position
404,15,食疗方,139,146,枸杞茶,entity_text_not_found_in_current_passage
404,16,食疗方,242,255,益气牛乳方,entity_text_not_found_in_current_passage
404,17,烹饪方法,160,162,拌和,text_found_at_other_position
404,18,烹饪方法,165,166,捍,text_found_at_other_position
404,19,烹饪方法,171,172,晒,text_found_at_other_position
404,20,烹饪方法,173,174,研,text_found_at_other_position
404,21,烹饪方法,198,200,炼化,text_found_at_other_position
404,22,烹饪方法,228,229,煎,text_found_at_other_position
404,23,养生原则,321,330,恒使恣意充足为度,entity_text_not_found_in_current_passage
406,1,食材,3,4,茶,text_found_at_other_position
406,2,食材,260,262,芽茶,text_found_at_other_position
406,3,食材,295,297,细茶,text_found_at_other_position
406,4,食材,318,320,橙茶,text_found_at_other_position
406,5,食材,321,324,莲花茶,text_found_at_other_position
406,6,食材,335,337,莲花,text_found_at_other_position
406,7,食材,379,382,箬竹叶,text_found_at_other_position
406,8,烹饪方法,64,65,炒,text_found_at_other_position
406,9,烹饪方法,65,66,焙,text_found_at_other_position
406,10,烹饪方法,267,268,烹,text_found_at_other_position
406,11,禁忌,86,89,畏香药,text_found_at_other_position
406,12,禁忌,94,97,忌令湿,text_found_at_other_position
406,13,养生原则,69,73,盛贮如法,text_found_at_other_position
406,14,养生原则,312,316,终不脱俗,text_found_at_other_position
407,1,食材,62,63,蒜,exact_match
407,2,食材,65,69,冬瓜,entity_text_not_found_in_current_passage
407,3,食材,84,86,白矾,text_found_at_other_position
407,4,食材,86,88,石灰,text_found_at_other_position
407,5,食材,102,103,盐,text_found_at_other_position
407,6,食材,106,108,蒜瓣,text_found_at_other_position
407,7,食材,127,128,醋,text_found_at_other_position
407,8,食材,138,139,韭,text_found_at_other_position
407,9,食材,217,220,小黄瓜,text_found_at_other_position
407,10,食材,221,224,小茄儿,text_found_at_other_position
407,11,食材,254,259,春不老菜薹,text_found_at_other_position
407,12,食材,289,291,萎丝,text_found_at_other_position
407,13,食材,292,294,黄豆,text_found_at_other_position
407,14,食材,308,310,食香,text_found_at_other_position
407,15,烹饪方法,20,22,焯过,exact_match
407,16,烹饪方法,24,26,晒干,exact_match
407,17,烹饪方法,35,36,浸,exact_match
407,18,烹饪方法,38,40,压干,exact_match
407,19,烹饪方法,45,47,拌匀,exact_match
407,20,烹饪方法,56,58,蒸过,exact_match
407,21,烹饪方法,77,78,切,text_found_at_other_position
407,22,烹饪方法,88,90,煎汤,text_found_at_other_position
407,23,烹饪方法,94,96,漉出,text_found_at_other_position
407,24,烹饪方法,96,98,控干,text_found_at_other_position
407,25,烹饪方法,111,113,捣砗,text_found_at_other_position
407,26,烹饪方法,135,136,腌,text_found_at_other_position
407,27,烹饪方法,155,156,冼,text_found_at_other_position
407,28,烹饪方法,163,164,铺,text_found_at_other_position
407,29,烹饪方法,169,170,糁,text_found_at_other_position
407,30,烹饪方法,187,188,翻,text_found_at_other_position
407,31,烹饪方法,229,231,去水,text_found_at_other_position
407,32,烹饪方法,237,240,收贮,entity_text_not_found_in_current_passage
407,33,烹饪方法,263,265,去叶,text_found_at_other_position
407,34,烹饪方法,265,267,冼净,text_found_at_other_position
407,35,烹饪方法,291,292,炒,text_found_at_other_position
407,36,烹饪方法,314,315,揉,text_found_at_other_position
407,37,烹饪方法,117,118,装,text_found_at_other_position
407,38,烹饪方法,324,326,候熟,text_found_at_other_position
407,39,烹饪方法,101,102,用,text_found_at_other_position
408,1,食材,17,18,茶,exact_match
408,2,食材,59,61,天池,exact_match
408,3,食材,91,93,龙井,exact_match
408,4,食材,200,202,天竺,exact_match
408,5,食材,203,205,灵隐,exact_match
408,6,食材,214,216,临安,exact_match
408,7,食材,513,515,于潜,text_found_at_other_position
408,8,食材,228,230,掰州,exact_match
408,9,食材,249,251,闽广,exact_match
408,10,食材,277,279,岭南,exact_match
408,11,烹饪方法,27,28,炒,exact_match
408,12,烹饪方法,83,84,焙,exact_match
408,13,烹饪方法,365,366,碾,exact_match
408,14,功效,459,463,消除垢腻,exact_match
408,15,功效,466,468,去积,exact_match
408,16,病症,300,304,瘴疠之气,exact_match
408,17,病症,321,323,成疾,exact_match
408,18,禁忌,327,330,当慎之,exact_match
408,19,古籍来源,531,533,茶经,text_found_at_other_position
408,20,医家,535,537,陆羽,text_found_at_other_position
409,1,食材,111,112,饭,text_found_at_other_position
409,2,食材,221,222,羹,text_found_at_other_position
409,3,食材,223,224,蔬,text_found_at_other_position
409,4,食材,344,346,紧菱,text_found_at_other_position
409,5,食材,349,351,红芡,text_found_at_other_position
409,6,食材,354,360,牛心绿蒂之柿,text_found_at_other_position
409,7,食味,139,140,甘,text_found_at_other_position
409,8,养生原则,133,135,淡食,text_found_at_other_position
409,9,医家,47,50,倪正父,exact_match
409,10,医家,58,60,鲁苴,text_found_at_other_position
409,11,医家,237,240,壬逢原,text_found_at_other_position
409,12,古籍来源,62,68,《食时五观》,text_found_at_other_position
409,13,古籍来源,241,246,《思归赋》,text_found_at_other_position
411,1,古籍来源,59,63,《楚辞》,exact_match
411,2,古籍来源,218,223,《博物志》,text_found_at_other_position
411,3,食材,68,70,石泉,text_found_at_other_position
411,4,食材,40,42,山泉,exact_match
411,5,食材,298,299,瀑,text_found_at_other_position
411,6,食材,307,310,蕨山水,text_found_at_other_position
411,7,医家,76,79,皇甫曾,text_found_at_other_position
411,8,医家,400,403,梅尧臣,text_found_at_other_position
411,9,医家,395,397,张华,text_found_at_other_position
411,10,医家,518,521,张曲江,text_found_at_other_position
411,11,病症,230,231,瘿,text_found_at_other_position
411,12,病症,397,398,瘼,text_found_at_other_position
411,13,禁忌,275,278,不可食,text_found_at_other_position
411,14,烹饪方法,209,210,煮,text_found_at_other_position
411,15,烹饪方法,282,284,酿酒,text_found_at_other_position
411,16,养生原则,86,97,幽期山寺远。野饭石泉清,text_found_at_other_position
411,17,养生原则,113,118,烹处石泉嘉,text_found_at_other_position
411,18,养生原则,123,131,小石冷泉留早眯,entity_text_not_found_in_current_passage
411,19,养生原则,183,204,"流远则味淡,须深潭停蕃, .以复其味乃可食",text_found_at_other_position
413,1,食材,21,22,盐,exact_match
413,2,食材,23,24,茶,exact_match
413,3,食材,47,48,榧,exact_match
413,4,食材,97,99,蒙茶,exact_match
413,5,食材,106,109,湘潭茶,exact_match
413,6,食材,113,115,松茗,exact_match
413,7,食材,77,78,酒,exact_match
413,8,食材,287,289,牛肉,exact_match
413,9,食材,297,298,乳,exact_match
413,10,食材,307,309,胡桃,exact_match
413,11,食材,322,324,猪肉,exact_match
413,12,食材,331,332,芥,exact_match
413,13,食材,426,428,丹砂,exact_match
413,14,食材,429,431,雄黄,exact_match
413,15,食材,168,171,蕨灵仙,exact_match
413,16,食材,172,175,士茯苓,exact_match
413,17,食材,180,183,虫君子,exact_match
413,18,食材,195,197,荼子,exact_match
413,19,食性,101,102,温,exact_match
413,20,食性,111,112,平,exact_match
413,21,食性,59,60,热,exact_match
413,22,食味,28,29,咸,exact_match
413,23,食味,235,236,甘,exact_match
413,24,食味,210,211,苦,exact_match
413,25,食味,237,238,酸,exact_match
413,26,食味,239,240,辛,exact_match
413,27,食味,240,241,涩,exact_match
413,28,功效,202,205,去油腻,exact_match
413,29,病症,0,6,腰脚膀胱衿痛,exact_match
413,30,病症,9,11,水肿,exact_match
413,31,病症,12,14,挛瘐,exact_match
413,32,病症,91,95,发黄成癖,exact_match
413,33,病症,193,194,泻,exact_match
413,34,病症,220,222,胃冷,exact_match
413,35,病症,261,265,昏神软体,exact_match
413,36,病症,266,269,损筋骨,exact_match
413,37,病症,270,273,伤脾胃,exact_match
413,38,病症,274,277,耗肺气,exact_match
413,39,病症,279,282,夭人寿,exact_match
413,40,病症,293,295,生虫,exact_match
413,41,病症,302,304,气结,exact_match
413,42,病症,312,314,略血,exact_match
413,43,病症,325,328,患大风,exact_match
413,44,病症,341,345,缓人筋骨,exact_match
413,45,病症,352,356,伤肾聚痰,exact_match
413,46,病症,358,364,水肿及挛痛,entity_text_not_found_in_current_passage
413,47,病症,365,369,腰脚重坠,exact_match
413,48,病症,370,374,膀胱疝证,exact_match
413,49,病症,375,379,腹下令痛,exact_match
413,50,病症,380,384,消褐痰饮,exact_match
413,51,病症,393,397,精薄无孑,exact_match
413,52,病症,405,407,瘢风,exact_match
413,53,病症,408,410,瘫痪,exact_match
413,54,病症,419,421,痈瘵,exact_match
413,55,病症,625,628,白癞风,text_found_at_other_position
413,56,脏腑,36,37,肾,exact_match
413,57,烹饪方法,197,198,捣,exact_match
413,58,禁忌,38,44,空心切不可饮,exact_match
413,59,禁忌,66,70,宜少勿多,exact_match
413,60,禁忌,71,75,不饮更妙,exact_match
414,1,食材,3,5,生姜,exact_match
414,2,食材,20,22,芥莱,exact_match
414,3,食味,25,26,辛,text_found_at_other_position
414,4,食性,28,29,温,text_found_at_other_position
414,5,禁忌,30,34,多食昏月,text_found_at_other_position
414,6,禁忌,35,39,动风发气,text_found_at_other_position
414,7,禁忌,40,50,"司鲫鱼食,;患水肿",entity_text_not_found_in_current_passage
414,8,禁忌,51,62,同兔肉鳖肉食。成恶疮病,text_found_at_other_position
414,9,病症,64,71,疮疡痔疾便血,entity_text_not_found_in_current_passage
414,10,禁忌,76,83,生食发丹石药莓,text_found_at_other_position
414,11,禁忌,84,91,细叶有毛者害人,text_found_at_other_position
414,12,食材,92,94,芥薹,text_found_at_other_position
414,13,禁忌,94,107,多食。助火生痰。发疮动血,entity_text_not_found_in_current_passage
414,14,禁忌,108,117,酒后食多。缓人筋骨,text_found_at_other_position
414,15,食材,118,120,芥子,text_found_at_other_position
414,16,食味,121,122,辛,text_found_at_other_position
414,17,食性,124,125,热,text_found_at_other_position
414,18,禁忌,126,133,多食动火昏目,entity_text_not_found_in_current_passage
414,19,禁忌,134,138,泄气伤精,text_found_at_other_position
414,20,禁忌,139,144,勿同鸡肉食,text_found_at_other_position
414,21,食材,146,148,苋莱,text_found_at_other_position
414,22,食味,151,152,甘,text_found_at_other_position
414,23,食性,154,156,令利,text_found_at_other_position
414,24,禁忌,157,163,多食发风动气,text_found_at_other_position
414,25,病症,166,168,烦闷,text_found_at_other_position
414,26,禁忌,169,174,冷中损腹,entity_text_not_found_in_current_passage
414,27,病症,176,180,脾胃泄泻,text_found_at_other_position
414,28,禁忌,185,192,同蕨粉食。生癜,text_found_at_other_position
414,29,禁忌,194,201,妊妇食之滑胎,entity_text_not_found_in_current_passage
414,30,禁忌,202,208,临月食之易产,text_found_at_other_position
414,31,禁忌,209,215,不可与鳖同食,text_found_at_other_position
414,32,病症,219,221,鳖疲,text_found_at_other_position
414,33,食材,256,258,菠菜,text_found_at_other_position
414,34,食味,261,262,甘,text_found_at_other_position
414,35,食性,264,266,冷滑,text_found_at_other_position
414,36,禁忌,267,273,多食令人脚弱,text_found_at_other_position
414,37,病症,276,278,腰痛,text_found_at_other_position
414,38,禁忌,279,283,动冷气,entity_text_not_found_in_current_passage
414,39,禁忌,284,292,先患腹冷者必破腹,text_found_at_other_position
414,40,病症,303,305,霍乱,text_found_at_other_position
414,41,食材,345,348,莴苣菜,text_found_at_other_position
414,42,食味,351,353,甘苦,text_found_at_other_position
414,43,食性,164,165,令,text_found_at_other_position
414,44,禁忌,360,366,多食昏人目,entity_text_not_found_in_current_passage
414,45,禁忌,368,372,瘘阴道,entity_text_not_found_in_current_passage
414,46,禁忌,373,379,患冷人不宜食,text_found_at_other_position
414,47,禁忌,381,386,紫色者有毒,text_found_at_other_position
414,48,食材,408,409,萎,text_found_at_other_position
414,49,食材,412,413,崧,text_found_at_other_position
414,50,食材,425,427,苍术,text_found_at_other_position
414,51,食材,420,422,白术,text_found_at_other_position
414,52,食味,525,526,甘,text_found_at_other_position
414,53,食性,531,532,温,text_found_at_other_position
414,54,功效,534,539,健脾益气,entity_text_not_found_in_current_passage
414,55,病症,541,545,脾虚泄泻,text_found_at_other_position
414,56,病症,546,550,水肿凝饮,text_found_at_other_position
415,1,食材,9,11,莱菔,exact_match
415,2,食材,320,322,汉椒,text_found_at_other_position
415,3,食材,4,5,面,exact_match
415,4,食材,51,53,新麦,exact_match
415,5,食材,59,61,陈芰,text_found_at_other_position
415,6,食材,65,68,土茯苓,text_found_at_other_position
415,7,食材,69,72,葳灵仙,text_found_at_other_position
415,8,食材,73,75,当归,text_found_at_other_position
415,9,食材,86,88,面筋,text_found_at_other_position
415,10,食材,119,121,荞麦,text_found_at_other_position
415,11,食材,206,208,雉肉,text_found_at_other_position
415,12,食材,208,210,黄鱼,text_found_at_other_position
415,13,食材,250,252,苦荞,text_found_at_other_position
415,14,食味,90,91,甘,text_found_at_other_position
415,15,食性,32,33,热,exact_match
415,16,食性,61,63,平和,text_found_at_other_position
415,17,食性,93,94,凉,text_found_at_other_position
415,18,食性,259,260,温,text_found_at_other_position
415,19,功效,428,430,利尿,text_found_at_other_position
415,20,功效,431,433,镇静,text_found_at_other_position
415,21,功效,454,458,治痛风,entity_text_not_found_in_current_passage
415,22,功效,486,490,补血和血,text_found_at_other_position
415,23,功效,491,495,调经止痛,text_found_at_other_position
415,24,功效,496,500,润燥滑肠,text_found_at_other_position
415,25,功效,505,510,治月经不调,text_found_at_other_position
415,26,病症,308,310,伤窖,text_found_at_other_position
415,27,病症,138,141,脱元气,text_found_at_other_position
415,28,病症,142,146,落屑发,entity_text_not_found_in_current_passage
415,29,病症,152,155,动风气,text_found_at_other_position
415,30,病症,158,160,头眩,text_found_at_other_position
415,31,病症,178,180,热风,text_found_at_other_position
415,32,病症,181,185,眉领脱落,text_found_at_other_position
415,33,病症,233,235,腹痛,text_found_at_other_position
415,34,病症,269,271,伤胃,text_found_at_other_position
415,35,病症,273,278,发风动气,entity_text_not_found_in_current_passage
415,36,脏腑,129,131,脾胃,text_found_at_other_position
415,37,烹饪方法,97,99,炒煎,text_found_at_other_position
415,38,禁忌,77,79,忌湿,text_found_at_other_position
415,39,禁忌,105,109,多食难化,text_found_at_other_position
415,40,禁忌,111,117,小儿病人勿食,text_found_at_other_position
415,41,禁忌,227,229,忌之,text_found_at_other_position
415,42,养生原则,37,44,数十年久留不坏,exact_match
416,1,食材,2,4,槟榔,exact_match
416,2,食材,11,14,大腹皮,exact_match
416,3,食材,32,35,扶留蔗,exact_match
416,4,食材,36,39,瓦垄子,exact_match
416,5,食材,73,75,蕙肉,exact_match
416,6,食材,85,87,莲子,text_found_at_other_position
416,7,食材,120,122,荷硬,text_found_at_other_position
416,8,食材,138,140,莲花,text_found_at_other_position
416,9,食材,141,143,蕊须,text_found_at_other_position
416,10,食材,144,146,地黄,text_found_at_other_position
416,11,食材,147,148,葱,text_found_at_other_position
416,12,食材,149,150,蒜,text_found_at_other_position
416,13,食材,154,156,桐油,text_found_at_other_position
416,14,食材,158,159,葡,text_found_at_other_position
416,15,食材,179,181,盐水,text_found_at_other_position
416,16,食材,189,191,油煤,text_found_at_other_position
416,17,食材,191,194,米面果,text_found_at_other_position
416,18,食材,205,206,荽,text_found_at_other_position
416,19,食材,254,257,姜汁酒,text_found_at_other_position
416,20,食材,266,269,吴茱萸,text_found_at_other_position
416,21,食材,276,278,蜂蜜,text_found_at_other_position
416,22,食味,56,57,甘,exact_match
416,23,食性,82,83,平,text_found_at_other_position
416,24,食性,63,64,热,exact_match
416,25,功效,184,187,益口齿,text_found_at_other_position
416,26,功效,620,625,温中止痛,entity_text_not_found_in_current_passage
416,27,病症,109,111,霍乱,text_found_at_other_position
416,28,病症,112,116,大便闭燥,text_found_at_other_position
416,29,病症,174,176,冷中,text_found_at_other_position
416,30,病症,218,220,脏腑,text_found_at_other_position
416,31,病症,222,224,阴气,text_found_at_other_position
416,32,病症,225,227,痿茎,text_found_at_other_position
416,33,病症,229,232,蛲虫,entity_text_not_found_in_current_passage
416,34,病症,246,249,腹滞气,text_found_at_other_position
416,35,病症,250,252,腹胀,text_found_at_other_position
416,36,病症,627,631,胃寒腹痛,text_found_at_other_position
416,37,病症,632,634,呕吐,text_found_at_other_position
416,38,病症,635,637,泻泄,text_found_at_other_position
416,39,禁忌,65,68,勿同橙,exact_match
416,40,禁忌,69,71,桔食,exact_match
416,41,禁忌,91,95,令人作吐,text_found_at_other_position
416,42,禁忌,96,107,多生食者徽动伶气胀人,entity_text_not_found_in_current_passage
416,43,禁忌,167,171,生食过多,text_found_at_other_position
416,44,禁忌,200,203,忌铁器,text_found_at_other_position
416,45,烹饪方法,130,131,煎,text_found_at_other_position
416,46,烹饪方法,253,254,饮,text_found_at_other_position
416,47,烹饪方法,265,266,含,text_found_at_other_position
416,48,烹饪方法,270,271,咽,text_found_at_other_position
417,1,食材,0,3,黄大豆,exact_match
417,2,食性,7,10,生性温,exact_match
417,3,食性,11,14,炒性热,exact_match
417,4,禁忌,19,23,多食壅气,exact_match
417,5,禁忌,24,29,生痰动嗽,entity_text_not_found_in_current_passage
417,6,禁忌,30,33,发疥疮,exact_match
417,7,禁忌,35,41,令人面黄俸重,exact_match
417,8,禁忌,43,49,不可同猪肉食,exact_match
417,9,食材,51,55,小青豆,entity_text_not_found_in_current_passage
417,10,食材,56,59,赤臼豆,exact_match
417,11,食性,59,63,性味相似,exact_match
417,12,禁忌,65,74,不可与鱼及羊肉同食,exact_match
417,13,食材,76,78,赤豆,exact_match
417,14,食味,80,82,甘酸,exact_match
417,15,食性,83,85,性平,exact_match
417,16,禁忌,86,99,"同鲤鱼鲱食,令肝黄,成消渴",exact_match
417,17,禁忌,102,115,"同米煮饭及作酱,食久发口疮",exact_match
417,18,功效,129,132,逐精波,exact_match
417,19,功效,133,139,令肌瘦肤燥也,exact_match
417,20,食材,141,144,赤小豆,exact_match
417,21,食味,146,148,甘辛,exact_match
417,22,食性,149,153,性乎下行,exact_match
417,23,禁忌,155,161,不可同鱼鲱食,exact_match
417,24,禁忌,162,170,久服则降令太过,entity_text_not_found_in_current_passage
417,25,禁忌,171,176,使津血渗泄,exact_match
417,26,禁忌,177,183,令人肌瘦身重,exact_match
417,27,禁忌,184,196,"凡色赤者食之,助热损人",entity_text_not_found_in_current_passage
417,28,食材,206,210,花名腐婢,exact_match
417,29,功效,212,215,解酒毒,exact_match
417,30,功效,216,225,食之令人多饮不醉,entity_text_not_found_in_current_passage
417,31,食材,227,229,莱豆,exact_match
417,32,食味,232,233,甘,text_found_at_other_position
417,33,食性,234,236,性蹇,text_found_at_other_position
417,34,烹饪方法,238,242,宜途皮用,text_found_at_other_position
417,35,禁忌,243,251,去皮则令人少雍气,text_found_at_other_position
417,36,食性,254,260,皮寒而肉平也,text_found_at_other_position
417,37,禁忌,261,264,反榧子,text_found_at_other_position
417,38,禁忌,265,267,害人,text_found_at_other_position
417,39,禁忌,268,284,"合鲤鱼鲱食久,令入胙黄,成渴病",entity_text_not_found_in_current_passage
417,40,功效,285,289,花解酒毒,text_found_at_other_position
417,41,食材,291,293,扁豆,text_found_at_other_position
417,42,食味,296,297,甘,text_found_at_other_position
417,43,食性,298,301,性徽温,text_found_at_other_position
417,44,禁忌,302,312,患冷气及寒热病者勿食,text_found_at_other_position
417,45,食材,314,316,蚕豆,text_found_at_other_position
417,46,食味,319,322,甘徽辛,text_found_at_other_position
417,47,食性,323,325,性平,text_found_at_other_position
417,48,禁忌,326,332,多食滞气成积,text_found_at_other_position
417,49,禁忌,334,338,发胀作痛,text_found_at_other_position
417,50,食材,340,343,云南豆,text_found_at_other_position
417,51,食味,345,346,甘,text_found_at_other_position
417,52,食性,347,349,性温,text_found_at_other_position
417,53,功效,350,352,有莓,text_found_at_other_position
417,54,烹饪方法,353,355,煮食,text_found_at_other_position
417,55,功效,355,358,味颇佳,text_found_at_other_position
417,56,禁忌,359,366,多食令人寒热,entity_text_not_found_in_current_passage
417,57,禁忌,367,372,手足心发麻,text_found_at_other_position
417,58,烹饪方法,374,380,急嚼生姜解之,text_found_at_other_position
417,59,病症,475,477,消渴,text_found_at_other_position
417,60,病症,505,508,糖尿病,text_found_at_other_position
417,61,病症,509,512,尿崩症,text_found_at_other_position
418,1,食材,7,10,百花菜,exact_match
418,2,食材,11,14,吴茱萸,exact_match
418,3,病症,17,19,痔瘘,exact_match
418,4,食材,21,24,龟鳖肉,exact_match
418,5,食材,27,28,鹿,exact_match
418,6,食材,29,30,驴,exact_match
418,7,食材,31,33,马肉,exact_match
418,8,食材,34,36,虾子,exact_match
418,9,禁忌,41,47,多食令人暴肥,exact_match
418,10,食材,57,59,头肉,exact_match
418,11,禁忌,59,61,有毒,exact_match
418,12,禁忌,62,68,多食动风发疾,exact_match
418,13,食材,69,71,猪肉,exact_match
418,14,禁忌,76,82,有病者忌之,entity_text_not_found_in_current_passage
418,15,食材,83,85,项肉,exact_match
418,16,食材,89,92,槽头肉,exact_match
418,17,功效,93,98,肥脆能动风,exact_match
418,18,食材,99,100,脂,exact_match
418,19,禁忌,103,107,勿令中水,exact_match
418,20,食材,108,112,腊月者,entity_text_not_found_in_current_passage
418,21,食材,117,120,反鸟梅,exact_match
418,22,食材,121,123,梅子,exact_match
418,23,禁忌,124,127,忌千漆,exact_match
418,24,食材,128,129,脑,exact_match
418,25,食味,133,134,甘,text_found_at_other_position
418,26,食性,136,137,寒,text_found_at_other_position
418,27,禁忌,139,141,有毒,text_found_at_other_position
418,28,古籍来源,142,146,《礼记》,text_found_at_other_position
418,29,食材,150,152,食豚,text_found_at_other_position
418,30,禁忌,156,162,能损男子闲逍,text_found_at_other_position
418,31,病症,163,170,临房不能行事,entity_text_not_found_in_current_passage
418,32,禁忌,171,177,酒后尤不可食,text_found_at_other_position
418,33,食材,185,187,猪脑,text_found_at_other_position
418,34,食材,197,198,血,text_found_at_other_position
418,35,食味,201,202,咸,text_found_at_other_position
418,36,食性,204,205,平,text_found_at_other_position
418,37,食材,207,209,地黄,text_found_at_other_position
418,38,食材,210,213,祁骨脂,text_found_at_other_position
418,39,食材,214,217,何首鸟,text_found_at_other_position
418,40,禁忌,220,222,忌之,text_found_at_other_position
418,41,功效,223,227,能损阳,entity_text_not_found_in_current_passage
418,42,食材,230,232,黄豆,text_found_at_other_position
418,43,功效,233,235,猾气,text_found_at_other_position
418,44,食材,236,237,心,text_found_at_other_position
418,45,食味,241,243,甘咸,text_found_at_other_position
418,46,食性,245,246,平,text_found_at_other_position
418,47,禁忌,247,252,多食耗心气,text_found_at_other_position
418,48,禁忌,253,260,不可合吴茱萸食,text_found_at_other_position
418,49,食材,261,262,肝,text_found_at_other_position
418,50,食味,266,267,苦,text_found_at_other_position
418,51,食性,269,270,温,text_found_at_other_position
418,52,食材,271,272,猪,text_found_at_other_position
418,53,禁忌,285,290,俱不可多食,text_found_at_other_position
418,54,禁忌,291,296,服药人勿食,text_found_at_other_position
418,55,禁忌,297,302,不可合雉肉,text_found_at_other_position
418,56,食材,303,305,鲎肉,text_found_at_other_position
418,57,食材,307,310,鱼脍,entity_text_not_found_in_current_passage
418,58,病症,312,315,生痈疽,text_found_at_other_position
418,59,食材,317,319,鲤鱼,text_found_at_other_position
418,60,食材,320,322,卿鱼,text_found_at_other_position
418,61,功效,323,325,伤神,text_found_at_other_position
418,62,食材,327,329,鹌鹑,text_found_at_other_position
418,63,病症,330,333,生面黝,text_found_at_other_position
418,64,食材,336,337,肺,text_found_at_other_position
418,65,食味,341,342,甘,text_found_at_other_position
418,66,食性,344,346,微蹇,text_found_at_other_position
418,67,食材,348,351,白花菜,text_found_at_other_position
418,68,功效,353,360,令人气滞发罨乱,text_found_at_other_position
418,69,食材,365,366,饴,text_found_at_other_position
418,70,病症,370,372,发疽,text_found_at_other_position
418,71,食材,373,374,肾,text_found_at_other_position
418,72,食味,378,379,咸,text_found_at_other_position
418,73,食性,381,382,衿,text_found_at_other_position
418,74,食材,385,387,腰子,text_found_at_other_position
418,75,禁忌,388,394,久食令人伤肾,text_found_at_other_position
418,76,禁忌,397,402,虚褰者尤忌,text_found_at_other_position
418,77,禁忌,403,407,冬月食之,text_found_at_other_position
418,78,功效,408,411,损真气,text_found_at_other_position
418,79,功效,413,416,发箧壅,text_found_at_other_position
418,80,食材,417,419,艋脂,text_found_at_other_position
418,81,禁忌,422,424,微莓,text_found_at_other_position
418,82,禁忌,425,431,男子多食损阳,text_found_at_other_position
418,83,食材,433,435,猪鼻,text_found_at_other_position
418,84,食材,436,437,唇,text_found_at_other_position
418,85,禁忌,437,442,多食动风气,text_found_at_other_position
418,86,食材,445,447,花猪,text_found_at_other_position
418,87,食材,595,597,病猪,text_found_at_other_position
418,88,食材,452,455,白睇猪,text_found_at_other_position
418,89,食材,456,459,自死猪,text_found_at_other_position
418,90,食材,465,468,黄镰猪,text_found_at_other_position
418,91,食材,469,474,肉中有米星,text_found_at_other_position
418,92,禁忌,478,482,俱不可食,text_found_at_other_position
418,93,禁忌,483,488,烧肉忌桑柴,text_found_at_other_position
418,94,食材,494,497,皂荚子,text_found_at_other_position
418,95,食材,498,501,桑白皮,text_found_at_other_position
418,96,食材,501,505,高良姜,entity_text_not_found_in_current_passage
418,97,食材,506,508,黄蜡,text_found_at_other_position
418,98,功效,509,513,不发风气,text_found_at_other_position
418,99,食材,515,518,旧篱筏,text_found_at_other_position
418,100,食材,527,531,楮实子,entity_text_not_found_in_current_passage
418,101,烹饪方法,460,461,煮,text_found_at_other_position
418,102,烹饪方法,523,525,封锅,text_found_at_other_position
418,103,食材,546,547,醋,text_found_at_other_position
418,104,烹饪方法,555,559,煮腊肉,entity_text_not_found_in_current_passage
418,105,食材,563,565,红炭,text_found_at_other_position
418,106,食材,579,580,面,text_found_at_other_position
418,107,烹饪方法,575,578,冼猪肚,text_found_at_other_position
418,108,食材,586,588,砂糖,text_found_at_other_position
418,109,功效,589,593,能去秽气,text_found_at_other_position
418,110,食材,600,602,猪屎,text_found_at_other_position
418,111,烹饪方法,599,600,烧,text_found_at_other_position
418,112,食材,603,604,末,text_found_at_other_position
418,113,烹饪方法,605,607,水服,text_found_at_other_position
418,114,病症,616,621,过食猪肉伤,text_found_at_other_position
418,115,食材,623,625,猪骨,text_found_at_other_position
418,116,食材,633,636,芫荽汁,text_found_at_other_position
418,117,食材,639,641,生黜,text_found_at_other_position
418,118,病症,649,653,生黑斑点,text_found_at_other_position
418,119,食材,667,670,耶胰子,text_found_at_other_position
419,1,食材,0,1,鲨,exact_match
419,2,食味,5,6,甘,exact_match
419,3,食性,8,9,平,exact_match
419,4,病症,13,15,疮疥,exact_match
419,5,禁忌,71,76,多食发疮疥,text_found_at_other_position
419,6,禁忌,32,35,忌甘草,exact_match
419,7,食材,80,83,鳐残鱼,text_found_at_other_position
419,8,食味,43,44,甘,text_found_at_other_position
419,9,食性,90,91,平,text_found_at_other_position
419,10,病症,97,99,疮疥,text_found_at_other_position
419,11,病症,100,106,小儿赤游风,entity_text_not_found_in_current_passage
419,12,食材,118,120,籁鱼,text_found_at_other_position
419,13,食材,143,145,鳙鱼,text_found_at_other_position
419,14,食味,86,87,甘,text_found_at_other_position
419,15,食性,46,47,温,text_found_at_other_position
419,16,病症,207,209,风热,text_found_at_other_position
419,17,病症,213,215,痣瘀,text_found_at_other_position
419,18,食材,217,219,剿鱼,text_found_at_other_position
419,19,食味,149,150,甘,text_found_at_other_position
419,20,食性,152,153,温,text_found_at_other_position
419,21,病症,239,241,风气,text_found_at_other_position
419,22,病症,244,245,湿,text_found_at_other_position
419,23,病症,247,248,热,text_found_at_other_position
419,24,病症,250,254,疮疖癣疥,text_found_at_other_position
419,25,病症,255,257,瘸疾,text_found_at_other_position
419,26,禁忌,452,453,热,text_found_at_other_position
419,27,食材,280,283,钞光鱼,text_found_at_other_position
419,28,食材,285,287,甘草,text_found_at_other_position
419,29,食材,345,348,鲦殁鱼,text_found_at_other_position
419,30,病症,396,398,赤巅,text_found_at_other_position
419,31,病症,408,411,赤裢丹,text_found_at_other_position
419,32,病症,414,419,新生儿丹盏,text_found_at_other_position
419,33,病症,467,469,发淼,text_found_at_other_position
419,34,病症,471,476,伯冷焕臊笋,text_found_at_other_position
419,35,病症,479,483,蠡气内攻,text_found_at_other_position
419,36,病症,487,489,神昏,text_found_at_other_position
419,37,病症,490,492,抽摘,text_found_at_other_position
419,38,古籍来源,589,591,礼记,text_found_at_other_position
420,1,食材,8,11,革豆蔻,exact_match
420,2,食味,14,15,辛,exact_match
420,3,食性,18,19,温,exact_match
420,4,功效,23,26,助脾热,exact_match
420,5,病症,28,32,伤肺损目,exact_match
420,6,食材,36,39,缩砂仁,exact_match
420,7,食材,41,44,白豆蔻,exact_match
420,8,食材,52,55,红豆魑,exact_match
420,9,食味,58,59,芊,exact_match
420,10,食性,61,62,温,exact_match
420,11,病症,67,69,舌粗,exact_match
420,12,病症,70,74,不思饮食,exact_match
420,13,病症,78,80,动火,exact_match
420,14,病症,81,85,伤目致衄,exact_match
420,15,食材,95,98,食茱萸,exact_match
420,16,食味,101,103,辛苦,exact_match
420,17,食性,106,108,大热,exact_match
420,18,病症,112,115,动脾火,exact_match
420,19,病症,116,122,发浮肿虚恚,entity_text_not_found_in_current_passage
420,20,病症,123,126,发疮痔,exact_match
420,21,病症,128,130,目疾,exact_match
420,22,病症,131,133,火证,exact_match
420,23,禁忌,134,136,忌食,exact_match
420,24,食材,139,141,莰菇,exact_match
420,25,食材,144,146,川椒,exact_match
420,26,食味,148,149,辛,exact_match
420,27,食性,151,152,热,exact_match
420,28,禁忌,155,162,令人乏气伤血脉,exact_match
420,29,病症,165,167,实热,exact_match
420,30,食材,168,171,草豆蔻,exact_match
420,31,食味,252,253,辛,exact_match
420,32,食性,256,257,温,exact_match
420,33,功效,259,263,燥湿除寒,exact_match
420,34,功效,264,268,消食化积,exact_match
420,35,功效,281,283,止呕,text_found_at_other_position
420,36,功效,284,287,补胃,entity_text_not_found_in_current_passage
420,37,功效,288,290,下气,text_found_at_other_position
420,38,病症,361,365,腹痛痞胀,text_found_at_other_position
420,39,病症,366,370,胃呆食潴,text_found_at_other_position
420,40,病症,371,375,嗝噎呕吐,text_found_at_other_position
420,41,食材,395,397,白蔻,text_found_at_other_position
420,42,食材,389,391,多骨,text_found_at_other_position
420,43,食材,392,394,壳蔻,text_found_at_other_position
420,44,食味,412,413,辛,text_found_at_other_position
420,45,食性,414,415,温,text_found_at_other_position
420,46,功效,423,425,消食,text_found_at_other_position
420,47,功效,426,428,宽中,text_found_at_other_position
420,48,病症,433,436,气滞,entity_text_not_found_in_current_passage
420,49,病症,437,439,食梏,text_found_at_other_position
420,50,病症,440,442,胸闷,text_found_at_other_position
420,51,病症,443,445,腹胀,text_found_at_other_position
420,52,病症,446,448,吐逆,text_found_at_other_position
420,53,病症,449,451,反胃,text_found_at_other_position
420,54,食材,465,467,红蔻,text_found_at_other_position
420,55,食材,468,471,良姜子,text_found_at_other_position
420,56,食味,488,489,辛,text_found_at_other_position
420,57,食性,491,492,温,text_found_at_other_position
420,58,功效,494,496,散笨,text_found_at_other_position
420,59,功效,497,499,消食,text_found_at_other_position
420,60,病症,502,506,腹脘衿痈,text_found_at_other_position
420,61,病症,507,511,呕吐泄泻,text_found_at_other_position
420,62,食材,549,551,越椒,text_found_at_other_position
420,63,古籍来源,554,558,本草圉经,text_found_at_other_position
420,64,食材,574,576,艾子,text_found_at_other_position
420,65,古籍来源,580,582,礼记,text_found_at_other_position
421,1,食材,0,3,老鼠肉,exact_match
421,2,食味,5,6,甘,exact_match
421,3,食性,9,10,热,exact_match
421,4,病症,21,22,瘦,exact_match
421,5,病症,48,50,鼠瘘,exact_match
421,6,病症,53,57,黄如金,entity_text_not_found_in_current_passage
421,7,病症,71,75,目黄成疸,exact_match
421,8,禁忌,248,251,令人瘦,text_found_at_other_position
421,9,禁忌,84,88,人忌食之,exact_match
421,10,食材,90,94,土狻鼠肉,exact_match
421,11,食味,96,97,甘,exact_match
421,12,食性,99,100,平,exact_match
421,13,禁忌,110,116,多食难克化,entity_text_not_found_in_current_passage
421,14,禁忌,117,120,微动风,exact_match
421,15,食材,122,125,貂鼠肉,exact_match
421,16,食味,128,129,甘,text_found_at_other_position
421,17,食性,131,132,平,text_found_at_other_position
421,18,禁忌,205,208,能发疮,text_found_at_other_position
421,19,食材,210,214,萁鼠猴肉,text_found_at_other_position
421,20,食味,186,187,甘,text_found_at_other_position
421,21,食味,218,220,羰臭,text_found_at_other_position
421,22,食性,222,223,温,text_found_at_other_position
421,23,禁忌,60,63,有小毒,exact_match
421,24,禁忌,228,231,不堪食,text_found_at_other_position
421,25,食材,233,235,猸肉,text_found_at_other_position
421,26,食味,216,217,甘,text_found_at_other_position
421,27,食性,189,190,平,text_found_at_other_position
421,28,禁忌,243,247,误食其骨,text_found_at_other_position
421,29,禁忌,253,257,诸节渐小,text_found_at_other_position
421,30,禁忌,259,263,诸内有莓,text_found_at_other_position
421,31,禁忌,265,272,六蓄自死首北向,text_found_at_other_position
421,32,禁忌,273,278,诸畜带龙形,text_found_at_other_position
421,33,禁忌,288,295,犬蓄疫病疔疮死,text_found_at_other_position
421,34,禁忌,296,299,兽战尾,text_found_at_other_position
421,35,禁忌,300,304,诸兽赤足,text_found_at_other_position
421,36,禁忌,305,313,诸兽肉中有米星,entity_text_not_found_in_current_passage
421,37,禁忌,314,317,兽并头,text_found_at_other_position
421,38,禁忌,318,322,禽曾肝青,text_found_at_other_position
421,39,禁忌,323,331,诸兽中莓及药箭死,text_found_at_other_position
421,40,禁忌,332,336,脯沾屋漏,text_found_at_other_position
421,41,禁忌,337,343,米瓮中肉脯,entity_text_not_found_in_current_passage
421,42,禁忌,344,351,六畜肉热血不断,text_found_at_other_position
421,43,禁忌,352,356,祭肉自动,text_found_at_other_position
421,44,禁忌,357,363,诸肉经宿未煮,text_found_at_other_position
421,45,禁忌,364,373,六畜五脏著草自动,entity_text_not_found_in_current_passage
421,46,禁忌,374,378,脯曝不燥,text_found_at_other_position
421,47,禁忌,380,385,生肉不敛水,text_found_at_other_position
421,48,禁忌,398,404,肉煮熟不敛水,text_found_at_other_position
421,49,禁忌,405,409,肉煮不熟,text_found_at_other_position
421,50,禁忌,410,418,六蓄肉堕地不沾尘,text_found_at_other_position
421,51,禁忌,419,424,肉落水浮,entity_text_not_found_in_current_passage
421,52,禁忌,425,431,肉升器盛闭气,text_found_at_other_position
421,53,禁忌,432,436,乳酪煎脍,text_found_at_other_position
421,54,禁忌,437,445,六畜肉与犬不食者,text_found_at_other_position
421,55,禁忌,450,453,不可食,text_found_at_other_position
421,56,禁忌,454,456,杀人,text_found_at_other_position
421,57,禁忌,457,461,轻则病人,text_found_at_other_position
421,58,病症,463,467,痈肿疔毒,text_found_at_other_position
421,59,禁忌,468,474,诸脑损阴猾精,text_found_at_other_position
421,60,病症,485,487,水病,text_found_at_other_position
421,61,禁忌,488,494,诸脂燃灯损目,text_found_at_other_position
421,62,禁忌,495,500,食本生命肉,text_found_at_other_position
421,63,病症,504,506,黄鼠,text_found_at_other_position
422,1,食材,15,18,白狗血,exact_match
422,2,食材,19,21,鸡肉,exact_match
422,3,食材,22,25,鸟鸡肉,exact_match
422,4,食材,27,30,白鸡肝,exact_match
422,5,食材,31,34,白羊肉,exact_match
422,6,食材,35,38,蒲子羹,exact_match
422,7,食材,44,47,白犬乳,exact_match
422,8,食材,54,56,犬肾,exact_match
422,9,食材,128,130,犬肉,exact_match
422,10,食材,185,187,马肉,exact_match
422,11,食味,190,192,辛苦,text_found_at_other_position
422,12,食性,194,195,冷,text_found_at_other_position
422,13,食材,200,202,仓米,text_found_at_other_position
422,14,食材,203,205,稷米,text_found_at_other_position
422,15,食材,206,208,卷耳,text_found_at_other_position
422,16,病症,213,215,恶病,text_found_at_other_position
422,17,食材,223,224,姜,text_found_at_other_position
422,18,病症,228,230,气嗷,text_found_at_other_position
422,19,食材,232,234,猪肉,text_found_at_other_position
422,20,病症,238,241,霍乱,entity_text_not_found_in_current_passage
422,21,病症,243,245,疥疮,text_found_at_other_position
422,22,病症,245,247,下痢,text_found_at_other_position
422,23,禁忌,248,252,食必加剧,text_found_at_other_position
422,24,禁忌,254,265,妊妇食之。令子过月难产,text_found_at_other_position
422,25,禁忌,279,288,乳妇食之。令子疳瘦,text_found_at_other_position
422,26,禁忌,11,14,不可食,exact_match
422,27,病症,315,316,巅,text_found_at_other_position
422,28,禁忌,196,198,有毒,text_found_at_other_position
422,29,禁忌,340,344,食之杀人,text_found_at_other_position
422,30,食材,345,347,马乳,text_found_at_other_position
422,31,食味,350,351,甘,text_found_at_other_position
422,32,食性,353,355,冷利,text_found_at_other_position
422,33,食材,357,359,鱼脍,text_found_at_other_position
422,34,食材,364,366,马肝,text_found_at_other_position
422,35,食材,318,321,鞍下肉,text_found_at_other_position
422,36,禁忌,370,373,有大毒,text_found_at_other_position
422,37,食材,383,385,马尾,text_found_at_other_position
422,38,禁忌,386,390,令齿疏损,text_found_at_other_position
422,39,食材,406,408,马脑,text_found_at_other_position
422,40,禁忌,337,339,有毒,text_found_at_other_position
422,41,病症,418,420,发癞,text_found_at_other_position
422,42,食材,421,423,马血,text_found_at_other_position
422,43,禁忌,425,428,有大毒,text_found_at_other_position
422,44,病症,442,444,肿起,text_found_at_other_position
422,45,病症,445,449,连心即死,text_found_at_other_position
422,46,病症,481,483,疔胂,text_found_at_other_position
422,47,病症,493,494,疮,text_found_at_other_position
422,48,禁忌,495,498,触马汗,text_found_at_other_position
422,49,食材,499,501,马气,text_found_at_other_position
422,50,食材,502,504,马毛,text_found_at_other_position
422,51,食材,505,507,马尿,text_found_at_other_position
422,52,食材,508,510,马屎,text_found_at_other_position
422,53,禁忌,511,515,并令加剧,text_found_at_other_position
422,54,病症,522,525,毒攻心,text_found_at_other_position
422,55,食材,530,533,粟秆灰,text_found_at_other_position
422,56,烹饪方法,533,535,淋汁,text_found_at_other_position
422,57,烹饪方法,535,537,冼浸,text_found_at_other_position
422,58,病症,544,546,毒去,text_found_at_other_position
422,59,病症,548,556,食马肉毒发而心闷,text_found_at_other_position
422,60,食材,559,561,清酒,text_found_at_other_position
422,61,食材,567,569,浊酒,text_found_at_other_position
422,62,食材,575,577,芦根,text_found_at_other_position
422,63,食材,581,583,杏仁,text_found_at_other_position
422,64,食材,586,589,甘草汤,text_found_at_other_position
422,65,病症,592,596,中马肝毒,text_found_at_other_position
422,66,食材,598,599,猪,text_found_at_other_position
422,67,古籍来源,60,64,《内则》,exact_match
423,1,病症,0,1,疽,exact_match
423,2,病症,3,9,阴下湿痒生疮,exact_match
423,3,病症,12,15,宿疾症,exact_match
423,4,病症,21,23,下利,exact_match
423,5,病症,30,34,手足乏力,exact_match
423,6,病症,38,40,气弱,exact_match
423,7,病症,49,50,泻,text_found_at_other_position
423,8,病症,58,60,反胃,text_found_at_other_position
423,9,病症,62,64,脚气,text_found_at_other_position
423,10,病症,85,86,痢,text_found_at_other_position
423,11,病症,112,115,思冷病,text_found_at_other_position
423,12,病症,131,133,寒热,text_found_at_other_position
423,13,食材,93,94,瓜,text_found_at_other_position
423,14,食性,138,139,寒,text_found_at_other_position
423,15,禁忌,140,146,曝而食之尤冷,text_found_at_other_position
423,16,古籍来源,147,154,张华《博物志》,text_found_at_other_position
423,17,病症,201,206,食瓜伤腹胀,text_found_at_other_position
423,18,食材,208,211,食盐花,text_found_at_other_position
423,19,食材,216,217,酒,text_found_at_other_position
423,20,食材,220,222,麝香,text_found_at_other_position
423,21,食材,229,231,西瓜,text_found_at_other_position
423,22,食味,233,234,甘,text_found_at_other_position
423,23,食性,236,237,寒,text_found_at_other_position
423,24,病症,238,240,胃弱,text_found_at_other_position
423,25,禁忌,241,244,不可食,text_found_at_other_position
423,26,病症,248,250,吐利,text_found_at_other_position
423,27,病症,252,255,寒疝,entity_text_not_found_in_current_passage
423,28,病症,257,261,霍乱冷病,text_found_at_other_position
423,29,食材,42,44,油饼,exact_match
423,30,病症,267,270,损脾气,text_found_at_other_position
423,31,食材,303,305,糯米,text_found_at_other_position
423,32,食材,321,323,葡萄,text_found_at_other_position
423,33,食味,326,328,甘酸,text_found_at_other_position
423,34,病症,341,343,烦闷,text_found_at_other_position
423,35,病症,343,345,昏目,text_found_at_other_position
423,36,食材,347,349,甘草,text_found_at_other_position
423,37,食材,360,362,麝香,text_found_at_other_position
423,38,食材,382,384,枣树,text_found_at_other_position
423,39,禁忌,391,399,葡萄架下不可饮酒,text_found_at_other_position
423,40,食材,408,410,甘蔗,text_found_at_other_position
423,41,食味,413,414,甘,text_found_at_other_position
423,42,食性,416,418,微寒,text_found_at_other_position
423,43,病症,423,425,虚热,text_found_at_other_position
423,44,病症,427,429,衄血,text_found_at_other_position
423,45,食材,308,309,酒,text_found_at_other_position
423,46,病症,436,437,痪,text_found_at_other_position
423,47,食材,439,441,榧子,text_found_at_other_position
423,48,食材,447,449,蔗渣,text_found_at_other_position
423,49,食材,459,462,落花生,text_found_at_other_position
423,50,食味,464,465,甘,text_found_at_other_position
423,51,食性,470,471,平,text_found_at_other_position
423,52,食材,474,476,香芋,text_found_at_other_position
423,53,病症,477,481,小儿多食,text_found_at_other_position
423,54,病症,484,487,气难消,text_found_at_other_position
423,55,食材,498,501,长生果,text_found_at_other_position
423,56,食味,503,506,辛苦甘,text_found_at_other_position
423,57,食性,553,554,平,text_found_at_other_position
423,58,食材,522,525,生黄瓜,text_found_at_other_position
423,59,食材,526,528,鸭蛋,text_found_at_other_position
423,60,禁忌,530,534,往往杀人,text_found_at_other_position
423,61,病症,539,543,精寒阳痿,text_found_at_other_position
423,62,食材,545,547,香芋,text_found_at_other_position
423,63,食味,549,551,甘淡,text_found_at_other_position
423,64,病症,557,561,泥腑滞气,text_found_at_other_position
423,65,病症,581,585,忧愁不安,text_found_at_other_position
423,66,烹饪方法,289,290,曝,text_found_at_other_position
424,1,食材,0,2,皤鱼,exact_match
424,2,食味,5,6,甘,exact_match
424,3,食性,8,9,平,exact_match
424,4,食材,87,89,金鱼,exact_match
424,5,食味,91,93,甘咸,exact_match
424,6,食性,95,96,平,exact_match
424,7,食材,136,139,比目鱼,exact_match
424,8,食味,141,142,甘,exact_match
424,9,食性,144,145,平,exact_match
424,10,病症,153,156,风湿病,exact_match
424,11,禁忌,146,151,多食动风气,exact_match
424,12,食材,161,163,鳓量,exact_match
424,13,食味,167,168,甘,text_found_at_other_position
424,14,食性,170,171,平,text_found_at_other_position
424,15,病症,182,184,痈疽,text_found_at_other_position
424,16,食材,191,193,皎惫,text_found_at_other_position
424,17,食味,197,198,甘,text_found_at_other_position
424,18,食性,200,201,平,text_found_at_other_position
424,19,食材,203,205,钞鱼,text_found_at_other_position
424,20,禁忌,262,265,忌甘草,text_found_at_other_position
424,21,食材,267,270,岛贬黛,text_found_at_other_position
424,22,食味,272,273,咸,text_found_at_other_position
424,23,食性,275,276,平,text_found_at_other_position
424,24,食材,344,347,鄙留鱼,text_found_at_other_position
424,25,食味,349,351,甘咸,text_found_at_other_position
424,26,食性,353,354,平,text_found_at_other_position
425,1,食材,0,2,骨灰,exact_match
425,2,食材,3,6,牡鼠屎,exact_match
425,3,食材,8,10,豆豉,exact_match
425,4,食材,11,14,狗屎灰,exact_match
425,5,食材,15,18,人头垢,exact_match
425,6,食材,32,36,洚兰根汁,exact_match
425,7,食材,37,40,猪牙灰,exact_match
425,8,食材,41,44,甘菊汁,exact_match
425,9,食材,49,53,生菖蒲酒,exact_match
425,10,食材,59,61,杜蘅,exact_match
425,11,食材,67,68,稻,exact_match
425,12,食材,72,74,鼠屎,exact_match
425,13,食材,78,80,鸡屎,exact_match
425,14,食材,86,88,僵蚕,exact_match
425,15,食材,91,93,乌梅,exact_match
425,16,食材,101,103,桑叶,exact_match
425,17,食材,120,123,死马骨,exact_match
425,18,食材,187,189,驴肉,exact_match
425,19,食材,198,200,荆芥,text_found_at_other_position
425,20,食材,201,202,茶,text_found_at_other_position
425,21,食材,211,214,凫茈,entity_text_not_found_in_current_passage
425,22,食材,285,287,麻油,text_found_at_other_position
425,23,食材,319,321,猪肉,text_found_at_other_position
425,24,食味,192,193,甘,text_found_at_other_position
425,25,食性,195,196,平,text_found_at_other_position
425,26,食味,333,335,辛苦,text_found_at_other_position
425,27,食性,337,338,温,text_found_at_other_position
425,28,病症,25,27,疔疥,exact_match
425,29,病症,74,76,腹胀,exact_match
425,30,病症,81,84,骨眼,entity_text_not_found_in_current_passage
425,31,病症,160,162,马病,exact_match
425,32,病症,314,316,难产,text_found_at_other_position
425,33,病症,358,360,健忘,text_found_at_other_position
425,34,禁忌,205,209,同食杀人,text_found_at_other_position
425,35,禁忌,222,226,多食动风,text_found_at_other_position
425,36,功效,471,473,镇咳,text_found_at_other_position
425,37,功效,474,476,祛痰,text_found_at_other_position
425,38,功效,477,479,利尿,text_found_at_other_position
425,39,烹饪方法,295,296,煮,text_found_at_other_position
426,1,食材,0,2,海蛇,exact_match
426,2,食味,5,6,咸,exact_match
426,3,食性,9,10,温,exact_match
426,4,食材,51,53,虾肉,exact_match
426,5,食味,55,57,甘咸,exact_match
426,6,食性,59,60,温,exact_match
426,7,禁忌,67,73,多食动风助火,exact_match
426,8,禁忌,76,80,发疮疾,entity_text_not_found_in_current_passage
426,9,禁忌,81,91,有病人及患冷积者勿食,exact_match
426,10,禁忌,93,101,小儿食之。令脚软,exact_match
426,11,禁忌,102,113,"鸡犬食之,亦令脚屈弱",entity_text_not_found_in_current_passage
426,12,禁忌,124,142,切勿以热饭璧密器内作鲱食。毒人至死,entity_text_not_found_in_current_passage
426,13,禁忌,144,148,虾无须者,exact_match
426,14,禁忌,150,170,"腹下通黑及煮#色娈白肴,并有誊。不可食",entity_text_not_found_in_current_passage
426,15,禁忌,171,185,勿与腌。摩肉。猎肉。鸡肉同食,exact_match
426,16,禁忌,186,196,妊妇食之。令子难产,entity_text_not_found_in_current_passage
426,17,食材,198,200,海虾,exact_match
426,18,食味,202,204,甘咸,exact_match
426,19,食性,206,207,平,exact_match
426,20,禁忌,212,221,"同猪肉食,令人多睡",exact_match
426,21,食材,246,247,蛙,exact_match
426,22,食味,250,251,甘,exact_match
426,23,食性,253,254,寒,exact_match
426,24,食材,256,258,田鸡,exact_match
426,25,禁忌,259,269,其骨热食之。令小便滁,exact_match
426,26,禁忌,270,282,妊妇食之。令子声哑寿天,entity_text_not_found_in_current_passage
426,27,禁忌,283,297,"小蛙食多。令人尿闭,脐下酸痛",exact_match
426,28,禁忌,299,303,有至死者,exact_match
426,29,烹饪方法,304,305,擂,exact_match
426,30,食材,305,308,车前水,exact_match
426,31,禁忌,312,323,正月出者名黄蛤。不可食,exact_match
426,32,食材,344,346,海鸯,exact_match
426,33,食味,348,350,甘咸,exact_match
426,34,食性,352,354,寒滑,exact_match
426,35,禁忌,355,363,患泄犸痢下者勿食,exact_match
426,36,食材,365,367,恭窝,exact_match
426,37,食味,370,371,甘,text_found_at_other_position
426,38,食性,373,374,平,text_found_at_other_position
426,39,禁忌,375,387,黄。黑。徽烂者有毒。勿食,text_found_at_other_position
426,40,食材,389,392,牡粝肉,text_found_at_other_position
426,41,食味,394,395,甘,text_found_at_other_position
426,42,食性,397,398,温,text_found_at_other_position
426,43,食材,401,403,鲍鱼,text_found_at_other_position
426,44,食材,405,408,海牡粝,text_found_at_other_position
426,45,禁忌,412,422,丈夫服之。令人无髭,entity_text_not_found_in_current_passage
426,46,食材,427,429,梅蛰,text_found_at_other_position
426,47,食材,226,229,五色虾,exact_match
426,48,食材,437,439,龙虾,text_found_at_other_position
426,49,食材,441,443,蝽蜍,text_found_at_other_position
426,50,食材,458,461,癞始蟆,text_found_at_other_position
426,51,食材,462,465,疥蛤蟆,text_found_at_other_position
426,52,食材,521,524,石诀明,text_found_at_other_position
426,53,食材,529,531,鳆鱼,text_found_at_other_position
426,54,食材,532,534,大鲍,text_found_at_other_position
427,1,食味,6,7,甘,exact_match
427,2,食性,9,10,平,exact_match
427,3,食材,40,43,乌鸦肉,exact_match
427,4,食味,45,46,酸,exact_match
427,5,食性,49,50,平,exact_match
427,6,食材,70,73,喜鹊肉,exact_match
427,7,食味,75,76,甘,exact_match
427,8,食性,16,17,寒,exact_match
427,9,禁忌,80,85,妇人不可食,exact_match
427,10,食材,87,89,蒸肉,exact_match
427,11,食味,92,93,酸,text_found_at_other_position
427,12,食性,95,96,平,text_found_at_other_position
427,13,禁忌,97,103,有毒。不可食,text_found_at_other_position
427,14,禁忌,104,108,损人神气,text_found_at_other_position
427,15,禁忌,109,112,不宜杀,text_found_at_other_position
427,16,食材,420,422,燕肉,text_found_at_other_position
427,17,病症,66,68,昏忘,exact_match
427,18,食材,173,177,刺毛莺肉,text_found_at_other_position
427,19,食味,179,180,甘,text_found_at_other_position
427,20,食性,182,183,平,text_found_at_other_position
427,21,禁忌,184,190,有疮疥者少食,text_found_at_other_position
427,22,食材,192,195,孔答肉,text_found_at_other_position
427,23,食味,197,198,咸,text_found_at_other_position
427,24,食性,202,204,微毒,text_found_at_other_position
427,25,禁忌,205,217,食其肉者自后服药必不效,entity_text_not_found_in_current_passage
427,26,禁忌,224,232,尾有毒。不可人月,text_found_at_other_position
427,27,禁忌,233,237,令人昏翳,text_found_at_other_position
427,28,食材,260,261,鸱,text_found_at_other_position
427,29,禁忌,263,266,脑有毒,text_found_at_other_position
427,30,禁忌,267,277,"同酒食,令人久醉健忘",text_found_at_other_position
427,31,食材,279,281,鹤肉,text_found_at_other_position
427,32,禁忌,283,285,有纛,text_found_at_other_position
427,33,禁忌,286,292,顶血饮之立死,text_found_at_other_position
427,34,食材,317,319,鹳肉,text_found_at_other_position
427,35,禁忌,321,326,有毒不可食,text_found_at_other_position
427,36,禁忌,327,339,"其骨人沐汤裕头,令发尽脱",text_found_at_other_position
427,37,禁忌,340,345,更不生也,entity_text_not_found_in_current_passage
427,38,禁忌,346,351,又能杀树木,text_found_at_other_position
427,39,食材,373,376,簋鸯肉,text_found_at_other_position
427,40,食味,378,379,咸,text_found_at_other_position
427,41,食性,381,382,平,text_found_at_other_position
427,42,禁忌,383,386,有小蠢,text_found_at_other_position
427,43,禁忌,387,395,多食令人患大风病,text_found_at_other_position
427,44,食材,398,400,鹬鹆,text_found_at_other_position
427,45,食材,436,438,燕肉,text_found_at_other_position
427,46,病症,500,503,大风病,text_found_at_other_position
428,1,食材,35,37,魔肉,exact_match
428,2,食味,40,41,甘,text_found_at_other_position
428,3,食性,42,44,性遏,text_found_at_other_position
428,4,禁忌,45,53,二月至八月不可食,text_found_at_other_position
428,5,病症,55,57,衿痛,text_found_at_other_position
428,6,禁忌,58,70,白臆者。豹文者并不可食,entity_text_not_found_in_current_passage
428,7,食材,71,73,鹿肉,text_found_at_other_position
428,8,烹饪方法,74,75,炙,text_found_at_other_position
428,9,禁忌,97,122,"同雉肉,蒲白,飨鱼@。玷鱼,鸡肉生菜。鳟鱼。虾食",entity_text_not_found_in_current_passage
428,10,病症,124,126,恶疮,text_found_at_other_position
428,11,古籍来源,127,131,《礼记》,text_found_at_other_position
428,12,禁忌,134,138,食鹿去冒,text_found_at_other_position
428,13,食材,139,141,鹿茸,text_found_at_other_position
428,14,禁忌,141,148,不可以鼻嗅之,entity_text_not_found_in_current_passage
428,15,禁忌,177,183,不可近丈夫阴,text_found_at_other_position
428,16,病症,185,186,娄,text_found_at_other_position
428,17,禁忌,187,194,鹿脂赤不可近阴,text_found_at_other_position
428,18,禁忌,195,207,久食鹿肉。服药必不得力,entity_text_not_found_in_current_passage
428,19,禁忌,218,223,勿同猪肉食,text_found_at_other_position
428,20,食材,225,227,麋肉,text_found_at_other_position
428,21,食味,230,231,甘,text_found_at_other_position
428,22,食性,233,235,性温,text_found_at_other_position
428,23,禁忌,236,242,多食令人弱房,text_found_at_other_position
428,24,病症,245,247,脚气,text_found_at_other_position
428,25,禁忌,249,259,"妊妇食之,令孑目病",entity_text_not_found_in_current_passage
428,26,禁忌,260,278,"不可合猪肉,雉肉。鳐鱼。鸡肉,菰蒲食",text_found_at_other_position
428,27,病症,281,283,瘌疾,text_found_at_other_position
428,28,禁忌,284,294,同虾及生莱。梅。李食,text_found_at_other_position
428,29,禁忌,295,300,损男子精气,text_found_at_other_position
428,30,禁忌,301,308,糜脂不可近阴,entity_text_not_found_in_current_passage
428,31,病症,310,311,瘘,text_found_at_other_position
428,32,禁忌,312,319,亦不可同桃李食,text_found_at_other_position
428,33,古籍来源,320,325,《淮南子》,text_found_at_other_position
428,34,食材,340,342,虎肉,text_found_at_other_position
428,35,食味,343,345,昧酸,text_found_at_other_position
428,36,食性,350,352,性热,text_found_at_other_position
428,37,禁忌,353,359,正月食虎伤神,text_found_at_other_position
428,38,禁忌,360,368,热食虎肉伤人齿,entity_text_not_found_in_current_passage
428,39,禁忌,369,379,多有药箭伤者食者馍之,text_found_at_other_position
428,40,食材,380,382,虎鼻,text_found_at_other_position
428,41,烹饪方法,390,391,熬,text_found_at_other_position
428,42,禁忌,406,417,勿令人及妇匆。知则不灵,text_found_at_other_position
428,43,禁忌,418,429,虎豹皮上睡。令人神惊,entity_text_not_found_in_current_passage
428,44,禁忌,430,437,其毛人疮有大毒,text_found_at_other_position
428,45,食材,438,440,虎骨,text_found_at_other_position
428,46,禁忌,440,446,勿用中毒药箭,text_found_at_other_position
429,1,食材,3,5,胡桃,exact_match
429,2,食材,6,8,莱菔,exact_match
429,3,食材,23,25,铜器,exact_match
429,4,病症,31,33,损阴,exact_match
429,5,病症,36,38,暴下,exact_match
429,6,食材,39,41,白羊,exact_match
429,7,食材,44,46,黄羊,exact_match
429,8,食材,49,51,独角,exact_match
429,9,病症,59,61,生痈,exact_match
429,10,病症,62,66,中羊肉莓,exact_match
429,11,食材,69,72,甘草汤,exact_match
429,12,病症,75,80,过食羊肉伤,exact_match
429,13,食材,85,87,枣子,exact_match
429,14,食材,88,90,草果,exact_match
429,15,食材,96,98,牛肉,exact_match
429,16,食味,101,102,甘,text_found_at_other_position
429,17,食性,104,105,温,text_found_at_other_position
429,18,病症,111,114,发药幕,text_found_at_other_position
429,19,病症,115,118,能病人,text_found_at_other_position
429,20,病症,121,125,夜鸣则痞,text_found_at_other_position
429,21,病症,159,161,生疔,text_found_at_other_position
429,22,病症,162,164,暴亡,text_found_at_other_position
429,23,病症,165,168,发痼疾,text_found_at_other_position
429,24,病症,169,171,痃瓣,text_found_at_other_position
429,25,病症,172,174,裥下,text_found_at_other_position
429,26,病症,176,178,疰病,text_found_at_other_position
429,27,病症,179,183,瘟牛暴死,text_found_at_other_position
429,28,食材,189,191,独肝,text_found_at_other_position
429,29,病症,198,202,瘌血至死,text_found_at_other_position
429,30,食材,211,212,蛇,text_found_at_other_position
429,31,食材,221,223,水牛,text_found_at_other_position
429,32,食材,242,244,人乳,text_found_at_other_position
429,33,病症,250,254,自死白首,text_found_at_other_position
429,34,病症,261,263,疥牛,text_found_at_other_position
429,35,病症,265,267,发痒,text_found_at_other_position
429,36,食材,268,270,黄牛,text_found_at_other_position
429,37,食材,274,276,猪肉,text_found_at_other_position
429,38,食材,277,280,忝米酒,text_found_at_other_position
429,39,病症,284,288,寸白虫,entity_text_not_found_in_current_passage
429,40,食材,290,292,韭薤,text_found_at_other_position
429,41,食材,295,297,生姜,text_found_at_other_position
429,42,病症,299,301,损齿,text_found_at_other_position
429,43,食材,304,306,栗子,text_found_at_other_position
429,44,食材,308,310,幂牛,text_found_at_other_position
429,45,食材,320,323,水牛肉,text_found_at_other_position
429,46,食味,327,328,甘,text_found_at_other_position
429,47,食性,330,331,平,text_found_at_other_position
429,48,禁忌,332,336,忌同黄牛,text_found_at_other_position
429,49,病症,337,340,患衿人,text_found_at_other_position
429,50,食材,344,348,蹄中巨筋,text_found_at_other_position
429,51,病症,352,355,生肉刺,text_found_at_other_position
429,52,食材,356,358,牛乳,text_found_at_other_position
429,53,食味,360,361,甘,text_found_at_other_position
429,54,禁忌,366,372,生饮令人利,entity_text_not_found_in_current_passage
429,55,禁忌,373,381,热饮令人口千气壅,text_found_at_other_position
429,56,禁忌,387,391,不宜顿服,text_found_at_other_position
429,57,禁忌,392,398,与酸物相反,entity_text_not_found_in_current_passage
429,58,病症,407,411,患冷气人,text_found_at_other_position
429,59,禁忌,414,417,同鱼食,text_found_at_other_position
429,60,病症,418,420,成积,text_found_at_other_position
429,61,禁忌,421,425,同醋食,entity_text_not_found_in_current_passage
429,62,病症,426,428,生疲,text_found_at_other_position
429,63,食材,429,431,牛脂,text_found_at_other_position
429,64,食味,435,436,甘,text_found_at_other_position
429,65,食性,382,383,温,text_found_at_other_position
429,66,病症,445,448,发痼疾,text_found_at_other_position
429,67,病症,450,452,疮疡,text_found_at_other_position
429,68,食材,453,456,牛脑,entity_text_not_found_in_current_passage
429,69,食味,459,460,甘,text_found_at_other_position
429,70,食性,436,437,温,text_found_at_other_position
429,71,病症,467,471,热病死者,text_found_at_other_position
429,72,病症,478,481,生肠痈,text_found_at_other_position
429,73,食材,483,485,竹髓,text_found_at_other_position
429,74,食材,493,495,竹鼠,text_found_at_other_position
429,75,食材,498,500,竹鼬,text_found_at_other_position
429,76,食材,504,506,竹根,text_found_at_other_position
429,77,食材,534,537,草豆蔻,text_found_at_other_position
430,1,食材,0,2,豇互,exact_match
430,2,食味,4,5,甘,exact_match
430,3,食味,5,6,咸,exact_match
430,4,食性,8,9,平,exact_match
430,5,禁忌,10,15,水种者勿食,exact_match
430,6,病症,17,20,中鼠莽,exact_match
430,7,烹饪方法,24,25,煮,exact_match
430,8,食材,57,59,豌豆,exact_match
430,9,食味,62,63,甘,text_found_at_other_position
430,10,食性,65,66,平,text_found_at_other_position
430,11,禁忌,67,72,多食发气病,text_found_at_other_position
430,12,食材,74,75,薇,text_found_at_other_position
430,13,食味,78,79,甘,text_found_at_other_position
430,14,食性,81,82,寒,text_found_at_other_position
430,15,食材,89,91,御米,text_found_at_other_position
430,16,食味,94,95,甘,text_found_at_other_position
430,17,食性,97,98,平,text_found_at_other_position
430,18,禁忌,99,104,多食利二便,text_found_at_other_position
430,19,禁忌,105,109,动膀胱气,text_found_at_other_position
430,20,食材,120,122,苡仁,text_found_at_other_position
430,21,食味,124,125,甘,text_found_at_other_position
430,22,病症,132,134,筋急,text_found_at_other_position
430,23,禁忌,135,139,不可食用,text_found_at_other_position
430,24,禁忌,149,155,妊妇食之坠胎,text_found_at_other_position
430,25,食材,157,159,蕨粉,text_found_at_other_position
430,26,食味,162,163,甘,text_found_at_other_position
430,27,禁忌,167,173,生山中者有毒,text_found_at_other_position
430,28,禁忌,174,179,多食令目暗,text_found_at_other_position
430,29,病症,194,201,邪气壅经络筋骨,text_found_at_other_position
430,30,禁忌,226,233,生食蕨粉成蛇疲,text_found_at_other_position
430,31,禁忌,234,240,能消人阴事,entity_text_not_found_in_current_passage
430,32,禁忌,247,252,勿同苋莱食,text_found_at_other_position
430,33,食材,39,41,鼠莽,exact_match
430,34,食材,272,274,豇豆,text_found_at_other_position
431,1,古籍来源,66,72,《西溪丛话》,exact_match
431,2,古籍来源,80,86,《嘉祜杂志》,exact_match
431,3,食材,10,12,莲子,exact_match
431,4,食材,58,59,盐,exact_match
431,5,食材,175,178,稻草灰,exact_match
431,6,食材,376,377,面,exact_match
431,7,食味,262,263,咸,exact_match
431,8,医家,77,80,江邻几,exact_match
431,9,医家,91,94,吴春卿,exact_match
431,10,医家,463,466,范淳甫,exact_match
431,11,烹饪方法,123,124,煮,exact_match
431,12,烹饪方法,55,56,煎,exact_match
432,1,食材,34,36,汤饼,text_found_at_other_position
432,2,食材,169,172,水引饼,text_found_at_other_position
432,3,食材,204,205,面,text_found_at_other_position
432,4,食材,444,446,菱羹,text_found_at_other_position
432,5,食材,448,450,盐豉,text_found_at_other_position
432,6,食材,581,583,鲈脍,text_found_at_other_position
432,7,古籍来源,75,82,《世说新语》,entity_text_not_found_in_current_passage
432,8,古籍来源,127,134,《荆楚岁时记》,text_found_at_other_position
432,9,古籍来源,405,411,《倦游杂录》,text_found_at_other_position
432,10,古籍来源,283,288,《汤饼赋》,text_found_at_other_position
433,1,食材,375,377,鳊鱼,text_found_at_other_position
433,2,食材,75,78,槎头鳊,text_found_at_other_position
433,3,食材,48,51,缩项鳊,text_found_at_other_position
433,4,古籍来源,232,239,《尔雅.释器》,text_found_at_other_position
433,5,古籍来源,330,337,《襄阳耆旧传》,text_found_at_other_position
433,6,古籍来源,174,182,《杜诗补遗正谬》,text_found_at_other_position
436,1,医家,0,2,张鳖,exact_match
436,2,古籍来源,2,8,《朝野佥载》,exact_match
436,3,医家,34,37,张文仲,exact_match
436,4,古籍来源,52,56,《本草》,exact_match
436,5,病症,18,20,应病,exact_match
436,6,病症,185,188,应声虫,text_found_at_other_position
436,7,医家,109,112,陈正敏,text_found_at_other_position
436,8,古籍来源,112,118,《遐斋闲览》,text_found_at_other_position
436,9,医家,398,402,张文成,entity_text_not_found_in_current_passage
436,10,古籍来源,404,410,《朝野佥载》,text_found_at_other_position
436,11,食材,250,252,雷丸,text_found_at_other_position
436,12,烹饪方法,518,523,调制成丸,entity_text_not_found_in_current_passage
437,1,古籍来源,113,119,《食医心镜》,exact_match
437,2,食材,143,145,鲫鱼,exact_match
437,3,食材,164,166,胡椒,exact_match
437,4,食材,168,170,干姜,exact_match
437,5,病症,121,125,脾胃气冷,exact_match
437,6,病症,127,131,不能下食,exact_match
437,7,病症,132,136,虚弱无力,exact_match
437,8,食疗方,138,141,鹘突羹,exact_match
438,1,食材,7,8,茶,exact_match
438,2,古籍来源,29,34,《满庭芳》,exact_match
438,3,古籍来源,206,210,《辞谱》,exact_match
438,4,古籍来源,249,255,《负随杂录》,exact_match
438,5,古籍来源,479,483,《茶录》,exact_match
438,6,医家,12,16,豫章先生,exact_match
438,7,医家,279,282,杨万里,exact_match
438,8,医家,437,441,司马相如,exact_match
439,1,食材,3,5,荔枝,exact_match
439,2,食材,227,230,椰子花,exact_match
439,3,食材,207,209,酥酪,exact_match
439,4,病症,333,335,头痛,text_found_at_other_position
439,5,病症,337,339,风痒,text_found_at_other_position
439,6,古籍来源,250,269,"蔡君谟任福唐县知事时,将闽中荔枝编成谱",text_found_at_other_position
439,7,古籍来源,270,284,郑熊也曾记录过广中所产荔枝,entity_text_not_found_in_current_passage
440,1,古籍来源,87,91,《本草》,exact_match
440,2,古籍来源,231,237,《陋斋闲览》,exact_match
440,3,食材,354,356,雷丸,text_found_at_other_position
440,4,病症,29,31,岸疾,exact_match
440,5,病症,70,73,应声虫,exact_match
440,6,医家,10,13,陈正敏,exact_match
440,7,医家,24,26,杨劭,exact_match
440,8,烹饪方法,130,131,饵,exact_match
443,1,食材,0,1,盐,exact_match
443,2,食材,3,4,豉,exact_match
443,3,食材,5,7,盐豉,exact_match
443,4,古籍来源,17,24,《礼记。内则》,exact_match
443,5,古籍来源,44,52,《尚书.说命篇》,exact_match
443,6,古籍来源,69,73,《左传》,exact_match
443,7,医家,76,78,晏子,exact_match
443,8,古籍来源,135,142,《楚辞.招魂》,exact_match
443,9,食材,171,173,豆豉,exact_match
443,10,食材,175,177,豆类,exact_match
443,11,烹饪方法,177,178,泡,exact_match
443,12,烹饪方法,179,180,蒸,exact_match
443,13,烹饪方法,181,183,发酵,exact_match
443,14,烹饪方法,183,184,腌,exact_match
443,15,食材,199,201,酱油,exact_match
443,16,食材,25,26,豚,exact_match
443,17,食材,213,215,小猪,exact_match
443,18,食材,208,209,猪,exact_match
443,19,食材,37,38,醯,exact_match
443,20,食材,230,231,醋,exact_match
443,21,食材,38,39,醢,exact_match
443,22,食材,93,94,肉,exact_match
443,23,食材,92,93,鱼,exact_match
443,24,食材,124,125,酱,exact_match
443,25,古籍来源,253,257,《尚书》,exact_match
443,26,医家,278,280,孔子,text_found_at_other_position
443,27,食材,64,65,梅,exact_match
443,28,食材,386,388,酸梅,text_found_at_other_position
443,29,医家,405,407,晏婴,text_found_at_other_position
443,30,医家,534,536,刘向,text_found_at_other_position
443,31,医家,554,556,屈原,text_found_at_other_position
443,32,医家,602,605,刘安,entity_text_not_found_in_current_passage
444,1,食材,1,2,肉,exact_match
444,2,食材,288,290,姜豉,text_found_at_other_position
444,3,食材,297,299,猪肉,text_found_at_other_position
444,4,烹饪方法,294,296,细抹,text_found_at_other_position
444,5,烹饪方法,299,300,冻,text_found_at_other_position
446,1,食材,5,6,粟,exact_match
446,2,古籍来源,36,47,杜甫《茅堂检莜收稻诗》,exact_match
446,3,古籍来源,316,320,《汉书》,text_found_at_other_position
446,4,古籍来源,180,184,《海贼》,text_found_at_other_position
446,5,古籍来源,556,560,《文选》,text_found_at_other_position
446,6,医家,94,97,颜之推,text_found_at_other_position
446,7,医家,98,101,百里奚,text_found_at_other_position
446,8,医家,202,204,李善,text_found_at_other_position
447,1,食味,5,6,酸,exact_match
447,2,食味,11,12,苦,exact_match
447,3,食味,16,17,辛,exact_match
447,4,食味,22,23,咸,exact_match
447,5,食味,28,29,甘,exact_match
447,6,古籍来源,33,37,《内则》,exact_match
447,7,养生原则,110,114,调和五味,text_found_at_other_position
447,8,养生原则,249,252,春多酸,text_found_at_other_position
447,9,养生原则,283,286,夏多苦,text_found_at_other_position
447,10,养生原则,310,313,秋多辛,text_found_at_other_position
449,1,食材,3,4,肉,exact_match
449,2,食材,7,8,酒,exact_match
449,3,食材,19,20,醯,exact_match
449,4,食材,22,23,醢,exact_match
449,5,食材,71,72,桂,text_found_at_other_position
449,6,食材,74,75,姜,text_found_at_other_position
449,7,食材,84,85,盐,text_found_at_other_position
449,8,食材,98,100,羊肉,text_found_at_other_position
449,9,食材,107,108,麋,text_found_at_other_position
449,10,食材,110,111,鹿,text_found_at_other_position
449,11,食材,113,116,魔肉,entity_text_not_found_in_current_passage
449,12,食材,77,78,牛,text_found_at_other_position
449,13,食材,122,123,羊,text_found_at_other_position
449,14,食材,175,177,猪肉,text_found_at_other_position
449,15,食材,187,189,稻米,text_found_at_other_position
449,16,食材,226,228,狗肝,text_found_at_other_position
449,17,食材,232,235,狗网油,text_found_at_other_position
449,18,烹饪方法,9,11,浸泡,exact_match
449,19,烹饪方法,85,86,腌,text_found_at_other_position
449,20,烹饪方法,144,145,煎,text_found_at_other_position
449,21,烹饪方法,43,45,捣捶,text_found_at_other_position
449,22,烹饪方法,53,55,摊放,text_found_at_other_position
449,23,烹饪方法,75,76,洒,text_found_at_other_position
449,24,烹饪方法,138,140,润开,text_found_at_other_position
449,25,烹饪方法,183,185,切细,text_found_at_other_position
449,26,烹饪方法,205,211,合起来做成饼,text_found_at_other_position
449,27,烹饪方法,212,215,煎着吃,text_found_at_other_position
449,28,烹饪方法,235,237,覆盖,text_found_at_other_position
449,29,烹饪方法,238,246,架举在火匕烧烤,entity_text_not_found_in_current_passage
449,30,烹饪方法,251,253,烤干,text_found_at_other_position
449,31,烹饪方法,266,267,溲,text_found_at_other_position
449,32,烹饪方法,270,272,小切,text_found_at_other_position
449,33,烹饪方法,318,319,煮,text_found_at_other_position
449,34,烹饪方法,298,300,调和,text_found_at_other_position
449,35,烹饪方法,307,311,切成小块,text_found_at_other_position
449,36,古籍来源,288,292,《内则》,text_found_at_other_position
449,37,古籍来源,334,338,《少仪》,text_found_at_other_position
450,1,食材,37,38,牛,exact_match
450,2,食材,48,49,羊,text_found_at_other_position
450,3,食材,59,60,犬,text_found_at_other_position
450,4,食材,70,71,鸟,text_found_at_other_position
450,5,食材,83,84,豕,text_found_at_other_position
450,6,食材,94,95,马,text_found_at_other_position
450,7,禁忌,31,34,不可食,exact_match
450,8,古籍来源,534,536,礼记,text_found_at_other_position
451,1,食材,161,162,狼,exact_match
451,2,食材,166,167,麋,exact_match
451,3,食性,298,299,温,exact_match
451,4,功效,315,316,补,exact_match
451,5,病症,318,323,季节胀寒苦,exact_match
451,6,古籍来源,202,207,《官冢宰》,exact_match
453,1,食材,80,81,牛,exact_match
453,2,食材,82,83,羊,exact_match
453,3,食材,84,85,豕,exact_match
453,4,食材,86,87,犬,exact_match
453,5,食材,88,89,鸡,exact_match
453,6,食材,469,470,姜,text_found_at_other_position
453,7,食材,470,471,桂,text_found_at_other_position
453,8,食材,502,504,干肉,text_found_at_other_position
453,9,食材,483,486,夹脊肉,text_found_at_other_position
453,10,食材,511,513,干鱼,text_found_at_other_position
453,11,病症,192,195,病牛肉,text_found_at_other_position
453,12,烹饪方法,536,538,烹煮,text_found_at_other_position
453,13,烹饪方法,538,540,煎熬,text_found_at_other_position
453,14,烹饪方法,471,474,调好味,text_found_at_other_position
453,15,烹饪方法,497,498,切,text_found_at_other_position
453,16,禁忌,247,252,不可以食用,text_found_at_other_position
453,17,养生原则,546,554,辨别牲禽的好丑,entity_text_not_found_in_current_passage
453,18,养生原则,555,559,食物卫生,text_found_at_other_position
454,1,食材,0,1,醢,exact_match
454,2,食材,3,4,蜃,exact_match
454,3,食材,5,7,蚍醢,exact_match
454,4,食材,9,11,豚拍,exact_match
454,5,食材,13,15,鱼巍,exact_match
454,6,食材,23,25,芹菹,exact_match
454,7,食材,27,29,篼醢,exact_match
454,8,食材,227,229,深蒲,text_found_at_other_position
454,9,食材,36,38,醯醢,exact_match
454,10,食材,351,353,箔菹,text_found_at_other_position
454,11,食材,44,46,雁醢,exact_match
454,12,食材,48,50,笋菹,exact_match
454,13,食材,52,54,鱼醢,exact_match
454,14,食材,61,63,酏食,exact_match
454,15,食材,65,67,糁食,exact_match
454,16,食材,137,139,蜃蛤,text_found_at_other_position
454,17,食材,140,141,蚁,text_found_at_other_position
454,18,食材,161,162,豚,text_found_at_other_position
454,19,食材,163,165,小猪,text_found_at_other_position
454,20,食材,183,184,鱼,text_found_at_other_position
454,21,食材,194,195,芹,text_found_at_other_position
454,22,食材,219,221,兔肉,text_found_at_other_position
454,23,食材,232,233,蒲,text_found_at_other_position
454,24,食材,370,372,水苔,text_found_at_other_position
454,25,食材,386,389,雁鸟肉,text_found_at_other_position
454,26,食材,416,418,韬米,text_found_at_other_position
454,27,食材,419,422,狼胸肌,text_found_at_other_position
454,28,食材,442,443,牛,text_found_at_other_position
454,29,食材,446,448,豕肉,text_found_at_other_position
454,30,食材,463,466,猾米,entity_text_not_found_in_current_passage
454,31,食味,329,331,甘甜,text_found_at_other_position
454,32,烹饪方法,335,336,煮,text_found_at_other_position
454,33,烹饪方法,425,426,熬,text_found_at_other_position
454,34,烹饪方法,471,472,煎,text_found_at_other_position
455,1,食材,154,156,黑黍,exact_match
455,2,食材,158,160,香草,exact_match
455,3,烹饪方法,397,398,煮,text_found_at_other_position
455,4,古籍来源,64,72,《僖公二十八年》,exact_match
456,1,食材,397,398,牛,text_found_at_other_position
456,2,食材,400,401,羊,text_found_at_other_position
456,3,食材,403,404,豕,text_found_at_other_position
456,4,食材,406,407,鱼,text_found_at_other_position
456,5,烹饪方法,255,256,烹,text_found_at_other_position
456,6,烹饪方法,231,232,熬,text_found_at_other_position
456,7,烹饪方法,236,237,炮,text_found_at_other_position
456,8,烹饪方法,246,247,渍,text_found_at_other_position
456,9,古籍来源,56,62,《关官冢宰》,exact_match
457,1,食材,36,38,小鳖,exact_match
457,2,食材,41,42,狼,exact_match
457,3,食材,49,51,狗肾,exact_match
457,4,食材,55,56,狸,exact_match
457,5,食材,66,67,兔,exact_match
457,6,食材,4,5,狐,exact_match
457,7,食材,82,83,猪,exact_match
457,8,食材,88,89,鱼,exact_match
457,9,食材,117,118,枣,exact_match
457,10,食材,123,124,栗,exact_match
457,11,食材,130,131,桃,exact_match
457,12,食材,136,138,相梨,exact_match
457,13,古籍来源,24,28,《内则》,exact_match
457,14,古籍来源,144,148,《肉则》,exact_match
459,1,食材,16,18,菽藿,exact_match
459,2,食材,30,31,旄,exact_match
459,3,食材,9,10,象,exact_match
459,4,食材,26,28,豹胎,exact_match
459,5,食材,82,83,肉,exact_match
459,6,食材,96,97,酒,exact_match
459,7,古籍来源,131,135,《喻老》,exact_match
461,1,古籍来源,92,98,《夭官冢宰》,exact_match
461,2,食材,2,3,酒,exact_match
461,3,食材,10,12,事酒,exact_match
461,4,食材,16,18,昔酒,exact_match
461,5,食材,23,25,清酒,exact_match
461,6,食材,43,44,医,exact_match
461,7,食材,49,50,浆,exact_match
461,8,食材,55,56,酏,exact_match
461,9,食味,370,371,酸,text_found_at_other_position
461,10,食味,381,382,甜,text_found_at_other_position
461,11,功效,350,352,治病,text_found_at_other_position
461,12,烹饪方法,171,172,酿,text_found_at_other_position
461,13,烹饪方法,287,288,煮,text_found_at_other_position
461,14,烹饪方法,266,267,滤,text_found_at_other_position
462,1,食材,25,27,草芽,exact_match
462,2,食材,28,30,苹草,exact_match
462,3,食材,31,33,白蒿,exact_match
462,4,食材,34,36,水藻,exact_match
462,5,食材,158,160,肉汁,exact_match
462,6,烹饪方法,323,324,煮,text_found_at_other_position
462,7,古籍来源,129,135,《桓公二年》,exact_match
463,1,食材,65,66,鱼,text_found_at_other_position
463,2,食味,82,83,咸,text_found_at_other_position
463,3,病症,98,100,热中,text_found_at_other_position
463,4,病症,124,126,痈疡,text_found_at_other_position
463,5,医家,0,2,黄帝,exact_match
463,6,医家,33,35,岐伯,text_found_at_other_position
463,7,古籍来源,150,161,《异法方宜论篇第十二》,text_found_at_other_position
467,1,烹饪方法,8,9,蒸,exact_match
467,2,烹饪方法,39,40,拌,exact_match
467,3,烹饪方法,183,184,煮,text_found_at_other_position
467,4,食材,142,144,白面,text_found_at_other_position
467,5,食材,63,64,盐,text_found_at_other_position
467,6,食材,105,109,绿豆粉,entity_text_not_found_in_current_passage
467,7,食材,196,198,麻腻,text_found_at_other_position
467,8,食材,199,202,杏仁腻,text_found_at_other_position
467,9,食材,207,208,酱,text_found_at_other_position
467,10,食材,211,213,煎肉,text_found_at_other_position
467,11,食材,223,225,腌韭,text_found_at_other_position
467,12,食材,227,229,瓜丝,text_found_at_other_position
467,13,食材,244,246,白糖,text_found_at_other_position
467,14,食材,252,254,清油,text_found_at_other_position
467,15,食材,80,81,水,text_found_at_other_position
467,16,食材,271,273,酥油,text_found_at_other_position
467,17,食材,274,276,椒盐,text_found_at_other_position
467,18,烹饪方法,81,82,搜,text_found_at_other_position
467,19,烹饪方法,145,146,揉,text_found_at_other_position
467,20,烹饪方法,102,103,捍,text_found_at_other_position
467,21,烹饪方法,178,179,抽,text_found_at_other_position
467,22,烹饪方法,180,181,拽,text_found_at_other_position
467,23,古籍来源,320,326,古今厨书巢成,text_found_at_other_position
468,1,食材,19,21,酥油,exact_match
468,2,食材,52,56,上白糯米,exact_match
468,3,食材,57,59,粳米,exact_match
468,4,食材,64,66,芡实,exact_match
468,5,食材,71,73,人参,exact_match
468,6,食材,78,80,茯苓,exact_match
468,7,食材,81,83,砂仁,exact_match
468,8,食材,119,121,沙糖,text_found_at_other_position
468,9,食材,122,124,赤豆,text_found_at_other_position
468,10,食材,125,127,绿豆,text_found_at_other_position
468,11,食材,134,138,生糯米粉,text_found_at_other_position
468,12,食材,164,166,糯米,text_found_at_other_position
468,13,食材,170,171,枣,text_found_at_other_position
468,14,食材,172,173,栗,text_found_at_other_position
468,15,食材,174,176,柿干,text_found_at_other_position
468,16,食材,177,179,银杏,text_found_at_other_position
468,17,食材,185,187,茭叶,text_found_at_other_position
468,18,食材,190,192,箬叶,text_found_at_other_position
468,19,食材,201,203,艾叶,text_found_at_other_position
468,20,食材,228,230,真粉,text_found_at_other_position
468,21,食材,231,233,油饼,text_found_at_other_position
468,22,食材,234,236,芝麻,text_found_at_other_position
468,23,食材,237,239,松子,text_found_at_other_position
468,24,食材,240,242,胡桃,text_found_at_other_position
468,25,食材,243,245,茴香,text_found_at_other_position
468,26,烹饪方法,25,26,炸,exact_match
468,27,烹饪方法,110,111,煮,exact_match
468,28,烹饪方法,144,145,蒸,text_found_at_other_position
468,29,烹饪方法,138,139,裹,text_found_at_other_position
468,30,烹饪方法,42,43,拌,exact_match
468,31,食疗方,48,51,畚糕方,exact_match
468,32,食疗方,155,162,粽子法,entity_text_not_found_in_current_passage
471,1,食材,65,66,鹅,exact_match
471,2,食材,72,74,粳肉,exact_match
471,3,食材,97,98,瓠,exact_match
471,4,食材,98,99,匏,exact_match
471,5,食材,219,221,鳝鱼,text_found_at_other_position
471,6,食材,137,139,鳐鲠,text_found_at_other_position
471,7,食材,664,667,石首鱼,text_found_at_other_position
471,8,食材,668,670,鲈鱼,text_found_at_other_position
471,9,食材,671,673,鲻鱼,text_found_at_other_position
471,10,食材,728,729,姜,text_found_at_other_position
471,11,食味,692,693,咸,text_found_at_other_position
471,12,烹饪方法,80,81,熟,exact_match
471,13,烹饪方法,121,123,酿酒,text_found_at_other_position
471,14,烹饪方法,135,137,蜜渍,text_found_at_other_position
471,15,烹饪方法,146,147,炙,text_found_at_other_position
471,16,烹饪方法,150,151,碎,text_found_at_other_position
471,17,烹饪方法,701,703,密封,text_found_at_other_position
471,18,烹饪方法,703,706,置日中,text_found_at_other_position
471,19,食疗方,55,58,浑羊设,exact_match
471,20,食疗方,88,92,蛇罐汤法,exact_match
471,21,食疗方,0,4,花无忧腊,exact_match
471,22,食疗方,6,10,连珠起肉,exact_match
471,23,食疗方,657,660,鳐鲠法,text_found_at_other_position
471,24,古籍来源,247,253,《酉阴杂俎》,text_found_at_other_position
471,25,古籍来源,603,609,《梦溪笔谈》,text_found_at_other_position
471,26,医家,13,15,韦琳,exact_match
471,27,医家,84,86,谢眺,exact_match
471,28,医家,94,96,贾锵,exact_match
471,29,医家,131,134,宋明帝,text_found_at_other_position
471,30,医家,601,603,沈括,text_found_at_other_position
471,31,医家,441,444,谢灵运,text_found_at_other_position
471,32,医家,432,434,李白,text_found_at_other_position
472,1,食材,11,13,竹笄,exact_match
472,2,食材,26,28,鞭笋,exact_match
472,3,食材,48,50,蛋藕,exact_match
472,4,食材,51,53,莲根,exact_match
472,5,食材,150,152,芦菔,exact_match
472,6,食材,174,176,菜根,exact_match
472,7,古籍来源,206,210,《竹谱》,text_found_at_other_position
472,8,古籍来源,369,380,《东莱吕紫薇师友杂志》,text_found_at_other_position
473,1,食材,1,3,佛手,exact_match
473,2,食材,4,6,香橼,exact_match
473,3,食材,7,9,梨子,exact_match
473,4,食材,44,46,石花,exact_match
473,5,食材,48,50,面筋,exact_match
473,6,食材,87,89,茄子,exact_match
473,7,食材,141,143,萝卜,text_found_at_other_position
473,8,食材,212,214,琮枝,text_found_at_other_position
473,9,食材,215,218,草珊瑚,text_found_at_other_position
473,10,食材,219,223,胶蜞麟莱,text_found_at_other_position
473,11,食材,234,236,琼枝,text_found_at_other_position
473,12,烹饪方法,0,1,酱,exact_match
473,13,烹饪方法,61,62,糟,exact_match
473,14,烹饪方法,107,108,拌,exact_match
474,1,食材,56,58,枸杞,text_found_at_other_position
474,2,食材,145,147,荞菜,text_found_at_other_position
474,3,食材,176,177,荠,text_found_at_other_position
474,4,食材,49,50,芋,text_found_at_other_position
474,5,食材,263,265,蹲鸱,text_found_at_other_position
474,6,食材,247,249,大芋,text_found_at_other_position
474,7,食味,141,142,甘,text_found_at_other_position
474,8,食味,171,172,苦,text_found_at_other_position
474,9,功效,300,303,养心目,text_found_at_other_position
474,10,古籍来源,231,237,《华阳囤志》,text_found_at_other_position
474,11,医家,312,315,李肘珍,text_found_at_other_position
474,12,医家,149,151,东坡,text_found_at_other_position
474,13,烹饪方法,61,62,饵,text_found_at_other_position
475,1,食材,28,30,秫粉,exact_match
475,2,食材,35,37,蔗霜,exact_match
475,3,食材,42,44,沉水,exact_match
475,4,食材,108,109,笋,exact_match
475,5,食材,367,369,鞭笋,text_found_at_other_position
475,6,食材,370,373,玉兰片,text_found_at_other_position
475,7,食味,47,48,甘,exact_match
475,8,食味,20,21,香,exact_match
475,9,烹饪方法,87,89,浴煮,exact_match
475,10,古籍来源,431,437,《本草纲目》,text_found_at_other_position
475,11,古籍来源,475,485,《诗经:卫风:淇臾》,text_found_at_other_position
476,1,食材,116,118,绿豆,text_found_at_other_position
476,2,食材,200,201,菌,text_found_at_other_position
476,3,食材,424,426,紫芝,text_found_at_other_position
476,4,古籍来源,3,7,《诗经》,exact_match
476,5,古籍来源,396,400,《本草》,text_found_at_other_position
476,6,烹饪方法,83,84,碾,text_found_at_other_position
476,7,烹饪方法,90,91,撒,text_found_at_other_position
476,8,烹饪方法,133,134,煮,text_found_at_other_position
476,9,功效,96,100,热蠲金石,text_found_at_other_position
476,10,功效,102,107,清澈肺腑,entity_text_not_found_in_current_passage
476,11,养生原则,61,65,山居隐士,text_found_at_other_position
477,1,食材,6,7,鸡,text_found_at_other_position
477,2,食材,102,104,鲋鱼,text_found_at_other_position
477,3,食材,125,127,花椒,text_found_at_other_position
477,4,食材,128,130,砂仁,text_found_at_other_position
477,5,食材,131,132,酱,text_found_at_other_position
477,6,食材,137,138,酒,text_found_at_other_position
477,7,烹饪方法,15,16,煮,text_found_at_other_position
477,8,烹饪方法,42,43,炒,text_found_at_other_position
477,9,烹饪方法,94,95,蒸,text_found_at_other_position
477,10,烹饪方法,3,4,焙,text_found_at_other_position
477,11,烹饪方法,21,25,剁作小块,text_found_at_other_position
477,12,烹饪方法,140,142,拌匀,text_found_at_other_position
477,13,烹饪方法,222,223,烘,text_found_at_other_position
477,14,烹饪方法,34,36,烧热,text_found_at_other_position
477,15,食疗方,159,162,炉焙鸡,text_found_at_other_position
477,16,古籍来源,282,288,《说文解字》,text_found_at_other_position
479,1,食材,1,2,鱼,exact_match
479,2,食材,54,57,羊肥肋,text_found_at_other_position
479,3,食材,79,82,白粳米,text_found_at_other_position
479,4,食材,85,86,葱,text_found_at_other_position
479,5,食材,97,99,山药,text_found_at_other_position
479,6,食材,121,122,酒,text_found_at_other_position
479,7,食材,125,126,盐,text_found_at_other_position
479,8,食材,129,131,干姜,text_found_at_other_position
479,9,食材,136,137,醋,text_found_at_other_position
479,10,食材,145,147,乳饼,text_found_at_other_position
479,11,食材,149,150,笄,text_found_at_other_position
479,12,食材,151,152,蕈,text_found_at_other_position
479,13,食材,155,156,鸡,text_found_at_other_position
479,14,食材,156,157,鹅,text_found_at_other_position
479,15,食材,157,158,鸭,text_found_at_other_position
479,16,食材,158,159,鸽,text_found_at_other_position
479,17,食材,174,176,羊肉,text_found_at_other_position
479,18,食材,183,185,萝卜,text_found_at_other_position
479,19,食材,202,204,川椒,text_found_at_other_position
479,20,食材,243,246,羊精肉,text_found_at_other_position
479,21,食材,250,252,肾肤,text_found_at_other_position
479,22,烹饪方法,70,71,煮,text_found_at_other_position
479,23,烹饪方法,23,25,慢火,exact_match
479,24,烹饪方法,181,182,切,text_found_at_other_position
479,25,烹饪方法,107,109,搅匀,text_found_at_other_position
479,26,烹饪方法,235,236,炒,text_found_at_other_position
479,27,烹饪方法,15,16,浸,exact_match
479,28,烹饪方法,208,211,慢火煮,text_found_at_other_position
479,29,烹饪方法,255,258,骰块切,text_found_at_other_position
479,30,烹饪方法,246,249,切如缕,text_found_at_other_position
479,31,食疗方,35,39,肉羹,entity_text_not_found_in_current_passage
479,32,食疗方,46,53,骨插羹,entity_text_not_found_in_current_passage
479,33,食疗方,168,173,萝卜羹,entity_text_not_found_in_current_passage
480,1,食材,11,12,猪,exact_match
480,2,食材,12,13,羊,exact_match
480,3,食材,14,16,大牢,exact_match
480,4,食材,37,39,马芹,exact_match
480,5,食材,39,41,莳萝,exact_match
480,6,食材,47,49,白盐,exact_match
480,7,食材,90,92,羊肉,text_found_at_other_position
480,8,食材,119,120,糟,text_found_at_other_position
480,9,食材,166,167,鹿,text_found_at_other_position
480,10,食材,169,170,獐,text_found_at_other_position
480,11,食材,175,176,肉,text_found_at_other_position
480,12,食味,72,73,甘,exact_match
480,13,烹饪方法,21,22,切,exact_match
480,14,烹饪方法,108,109,腌,text_found_at_other_position
480,15,烹饪方法,126,127,拌,text_found_at_other_position
480,16,烹饪方法,148,149,熏,text_found_at_other_position
480,17,烹饪方法,156,157,洗,text_found_at_other_position
480,18,烹饪方法,159,160,煮,text_found_at_other_position
480,19,烹饪方法,60,61,熬,exact_match
480,20,古籍来源,274,278,大戴礼记,text_found_at_other_position
480,21,古籍来源,348,350,论语,text_found_at_other_position
481,1,食材,0,1,酱,exact_match
481,2,食材,3,4,醋,text_found_at_other_position
481,3,食材,6,7,蟹,text_found_at_other_position
481,4,食材,14,16,麻皮,text_found_at_other_position
481,5,食材,36,37,盐,text_found_at_other_position
481,6,食材,45,46,酒,text_found_at_other_position
481,7,食材,49,51,香油,text_found_at_other_position
481,8,食材,54,55,葱,text_found_at_other_position
481,9,食材,67,70,榆仁酱,text_found_at_other_position
481,10,食材,73,75,面酱,text_found_at_other_position
481,11,食材,78,80,茴香,text_found_at_other_position
481,12,食材,81,82,椒,text_found_at_other_position
481,13,食材,84,85,姜,text_found_at_other_position
481,14,食材,88,89,桔,text_found_at_other_position
481,15,食材,126,128,皂角,text_found_at_other_position
481,16,食材,161,163,麦黄,text_found_at_other_position
481,17,食材,169,170,曲,text_found_at_other_position
481,18,烹饪方法,60,61,炒,text_found_at_other_position
482,1,食材,1,3,硬肉,exact_match
482,2,食材,6,8,脑砂,exact_match
482,3,食材,10,13,桑白皮,exact_match
482,4,食材,15,17,楷实,exact_match
482,5,食材,25,27,败肉,exact_match
482,6,食材,28,30,阿魏,exact_match
482,7,食材,38,40,胡桃,exact_match
482,8,食材,61,64,驴马肠,exact_match
482,9,食材,77,79,香油,text_found_at_other_position
482,10,食材,80,82,葱椒,text_found_at_other_position
482,11,食材,83,87,麸盘肉,entity_text_not_found_in_current_passage
482,12,食材,106,109,芝族花,text_found_at_other_position
482,13,食材,110,112,茄花,text_found_at_other_position
482,14,食材,102,104,肥肉,text_found_at_other_position
482,15,食材,146,148,獐肺,text_found_at_other_position
482,16,食材,152,154,兔肺,text_found_at_other_position
482,17,食材,160,163,山羊肺,text_found_at_other_position
482,18,食材,203,205,韭汁,text_found_at_other_position
482,19,食材,206,208,蒜泥,text_found_at_other_position
482,20,食材,209,210,酪,text_found_at_other_position
482,21,食材,211,213,生姜,text_found_at_other_position
482,22,食性,248,249,温,text_found_at_other_position
482,23,食性,332,333,寒,text_found_at_other_position
482,24,食味,251,252,咸,text_found_at_other_position
482,25,食味,252,253,苦,text_found_at_other_position
482,26,食味,253,254,辛,text_found_at_other_position
482,27,食味,294,295,甘,text_found_at_other_position
482,28,功效,265,269,消积软坚,text_found_at_other_position
482,29,功效,298,302,泻肺平喘,text_found_at_other_position
482,30,功效,303,308,行水消肿,entity_text_not_found_in_current_passage
482,31,功效,335,337,滋肾,text_found_at_other_position
482,32,功效,342,344,明目,text_found_at_other_position
482,33,烹饪方法,0,1,煮,exact_match
482,34,烹饪方法,123,124,炙,text_found_at_other_position
482,35,烹饪方法,222,223,滤,text_found_at_other_position
482,36,禁忌,255,257,有粪,text_found_at_other_position
482,37,脏腑,144,145,肺,exact_match
483,1,食材,95,97,榆仁,text_found_at_other_position
483,2,食材,49,51,蓼汁,text_found_at_other_position
483,3,食材,77,79,面曲,text_found_at_other_position
483,4,食材,87,88,盐,text_found_at_other_position
483,5,食材,128,130,黑豆,text_found_at_other_position
483,6,食材,165,168,大麦面,text_found_at_other_position
483,7,食材,275,277,羊肉,text_found_at_other_position
483,8,食材,283,285,精肉,text_found_at_other_position
483,9,食材,298,300,酱曲,text_found_at_other_position
483,10,食材,318,320,葱白,text_found_at_other_position
483,11,食材,329,331,良姜,text_found_at_other_position
483,12,食材,332,334,小椒,text_found_at_other_position
483,13,食材,336,338,芜荑,text_found_at_other_position
483,14,食材,339,341,陈皮,text_found_at_other_position
483,15,烹饪方法,15,17,淘挣,text_found_at_other_position
483,16,烹饪方法,18,19,浸,text_found_at_other_position
483,17,烹饪方法,23,25,搓洗,text_found_at_other_position
483,18,烹饪方法,40,42,揉洗,text_found_at_other_position
483,19,烹饪方法,225,226,晒,text_found_at_other_position
483,20,烹饪方法,61,62,拌,text_found_at_other_position
483,21,烹饪方法,136,137,炒,text_found_at_other_position
483,22,烹饪方法,152,153,煮,text_found_at_other_position
483,23,烹饪方法,176,177,筛,text_found_at_other_position
483,24,烹饪方法,187,189,和搜,text_found_at_other_position
483,25,烹饪方法,192,193,切,text_found_at_other_position
483,26,烹饪方法,199,200,蒸,text_found_at_other_position
483,27,烹饪方法,205,206,摊,text_found_at_other_position
483,28,烹饪方法,227,228,捣,text_found_at_other_position
483,29,食疗方,118,127,大麦酱方,entity_text_not_found_in_current_passage
483,30,食疗方,262,270,造肉酱法,entity_text_not_found_in_current_passage
484,1,食材,8,11,精羊肉,text_found_at_other_position
484,2,食材,23,24,盐,text_found_at_other_position
484,3,食材,27,28,酒,text_found_at_other_position
484,4,食材,28,29,醋,text_found_at_other_position
484,5,食材,33,35,砂仁,text_found_at_other_position
484,6,食材,36,38,良姜,text_found_at_other_position
484,7,食材,39,40,椒,text_found_at_other_position
484,8,食材,42,43,葱,text_found_at_other_position
484,9,食材,44,46,桔皮,text_found_at_other_position
484,10,烹饪方法,52,53,煮,text_found_at_other_position
484,11,烹饪方法,56,58,晒干,text_found_at_other_position
484,12,食材,363,365,羊肺,text_found_at_other_position
484,13,食材,194,196,生姜,text_found_at_other_position
484,14,食材,248,250,羊肚,text_found_at_other_position
484,15,食材,251,253,托胎,text_found_at_other_position
484,16,食材,254,256,硬髓,text_found_at_other_position
484,17,烹饪方法,226,227,煨,text_found_at_other_position
484,18,烹饪方法,139,140,蒸,text_found_at_other_position
485,1,食材,6,9,陈仓米,exact_match
485,2,食材,12,14,糯米,exact_match
485,3,食材,33,35,粗曲,exact_match
485,4,食材,110,113,小芨,entity_text_not_found_in_current_passage
485,5,食材,142,144,炒麦,exact_match
485,6,食材,1,3,小麦,exact_match
485,7,食材,383,386,大麦仁,text_found_at_other_position
485,8,食材,410,412,白面,text_found_at_other_position
485,9,烹饪方法,20,21,浸,exact_match
485,10,烹饪方法,24,25,炊,exact_match
485,11,烹饪方法,39,40,捣,exact_match
485,12,烹饪方法,43,44,焙,exact_match
485,13,烹饪方法,56,57,拌,exact_match
485,14,烹饪方法,77,78,擂,exact_match
485,15,烹饪方法,79,81,捺平,exact_match
485,16,烹饪方法,88,90,密封,exact_match
485,17,烹饪方法,115,117,炒焦,exact_match
485,18,烹饪方法,131,133,煎沸,exact_match
485,19,烹饪方法,306,307,蒸,exact_match
485,20,烹饪方法,338,340,晒干,exact_match
485,21,烹饪方法,341,342,簸,exact_match
485,22,食性,255,256,热,exact_match
485,23,食性,273,274,平,exact_match
485,24,食材,253,255,米醋,exact_match
485,25,食材,277,279,麦黄,exact_match
485,26,食材,378,381,大麦醋,text_found_at_other_position
486,1,食疗方,0,7,湿枣汤,entity_text_not_found_in_current_passage
486,2,古籍来源,10,13,夸氏方,text_found_at_other_position
486,3,食材,15,17,大枣,text_found_at_other_position
486,4,烹饪方法,28,29,熬,text_found_at_other_position
486,5,食材,33,34,蜜,text_found_at_other_position
486,6,食材,35,38,生姜汁,text_found_at_other_position
486,7,烹饪方法,43,45,调停,text_found_at_other_position
486,8,烹饪方法,45,46,和,text_found_at_other_position
486,9,烹饪方法,282,283,煎,text_found_at_other_position
486,10,食材,62,64,麝香,text_found_at_other_position
486,11,烹饪方法,77,79,点服,text_found_at_other_position
486,12,食疗方,81,88,香苏汤,entity_text_not_found_in_current_passage
486,13,古籍来源,91,94,李氏方,text_found_at_other_position
486,14,食材,96,98,千枣,text_found_at_other_position
486,15,烹饪方法,105,107,擘碎,text_found_at_other_position
486,16,食材,110,113,紧苏叶,text_found_at_other_position
486,17,食材,118,120,木瓜,text_found_at_other_position
486,18,烹饪方法,128,130,捣碎,text_found_at_other_position
486,19,烹饪方法,139,141,捣匀,text_found_at_other_position
486,20,烹饪方法,162,163,泼,text_found_at_other_position
486,21,烹饪方法,206,207,熬,text_found_at_other_position
486,22,烹饪方法,163,164,淋,text_found_at_other_position
486,23,食疗方,218,225,地黄膏子汤,entity_text_not_found_in_current_passage
486,24,食材,226,229,生地黄,text_found_at_other_position
486,25,烹饪方法,242,243,洗,text_found_at_other_position
486,26,烹饪方法,256,258,捣烂,text_found_at_other_position
486,27,烹饪方法,259,262,榨取汁,text_found_at_other_position
486,28,烹饪方法,268,269,熬,text_found_at_other_position
486,29,烹饪方法,298,299,煎,text_found_at_other_position
486,30,食材,333,335,脑麝,text_found_at_other_position
486,31,烹饪方法,361,363,点服,text_found_at_other_position
487,1,食材,11,13,田螺,text_found_at_other_position
487,2,食材,20,22,鸭子,text_found_at_other_position
487,3,食材,58,59,盐,text_found_at_other_position
487,4,食材,60,61,酱,text_found_at_other_position
487,5,食材,62,64,椒未,text_found_at_other_position
487,6,食材,65,67,梏丝,text_found_at_other_position
487,7,食材,68,70,茴香,text_found_at_other_position
487,8,食材,78,80,粉皮,text_found_at_other_position
487,9,食材,86,89,生粉丝,text_found_at_other_position
487,10,食材,93,95,螺肉,text_found_at_other_position
487,11,食材,98,100,粉丝,text_found_at_other_position
487,12,食材,112,115,五辣醋,text_found_at_other_position
487,13,食材,161,163,虾升,text_found_at_other_position
487,14,食材,164,166,肉升,text_found_at_other_position
487,15,食材,178,180,姜丝,text_found_at_other_position
487,16,食材,181,183,熟笋,text_found_at_other_position
487,17,食材,186,189,蘑菇升,text_found_at_other_position
487,18,食材,196,200,鲥鱼,entity_text_not_found_in_current_passage
487,19,食材,209,211,讧茶,text_found_at_other_position
487,20,食材,233,234,薤,text_found_at_other_position
487,21,食材,236,238,茭什,text_found_at_other_position
487,22,食材,239,241,笄片,text_found_at_other_position
487,23,食材,23,24,酒,text_found_at_other_position
487,24,食材,243,244,醋,text_found_at_other_position
487,25,食材,253,255,花飙,text_found_at_other_position
487,26,食材,276,277,油,text_found_at_other_position
487,27,食材,287,290,鸦子黄,text_found_at_other_position
487,28,食材,300,302,蛋黄,text_found_at_other_position
487,29,食材,350,353,绿豆粉,text_found_at_other_position
487,30,食材,366,368,鲍鱼,text_found_at_other_position
487,31,食材,362,364,鳆鱼,text_found_at_other_position
487,32,烹饪方法,45,46,蒸,text_found_at_other_position
487,33,烹饪方法,149,150,煮,text_found_at_other_position
487,34,烹饪方法,156,157,切,text_found_at_other_position
487,35,烹饪方法,170,171,熬,text_found_at_other_position
487,36,烹饪方法,208,209,糁,text_found_at_other_position
487,37,烹饪方法,216,218,冼净,text_found_at_other_position
487,38,烹饪方法,232,233,镝,text_found_at_other_position
487,39,烹饪方法,248,249,化,text_found_at_other_position
487,40,烹饪方法,262,264,顿熟,text_found_at_other_position
487,41,烹饪方法,267,268,煎,text_found_at_other_position
487,42,食疗方,0,10,假香螺羹,entity_text_not_found_in_current_passage
487,43,病症,214,215,腥,text_found_at_other_position
488,1,食材,106,108,糯米,exact_match
488,2,食材,165,167,白檀,exact_match
488,3,食材,212,215,白木犀,text_found_at_other_position
488,4,食材,311,315,川百药煎,text_found_at_other_position
488,5,食材,68,72,梅花片脑,exact_match
488,6,食材,78,80,米脑,exact_match
488,7,食材,88,91,寒水石,exact_match
488,8,食味,359,360,苦,text_found_at_other_position
488,9,食味,360,361,酸,text_found_at_other_position
488,10,食性,363,364,平,text_found_at_other_position
488,11,功效,366,368,收敛,text_found_at_other_position
488,12,功效,369,371,杀虫,text_found_at_other_position
488,13,烹饪方法,111,112,煮,exact_match
488,14,烹饪方法,117,118,擂,exact_match
488,15,烹饪方法,126,127,绞,exact_match
488,16,烹饪方法,139,140,捶,exact_match
488,17,烹饪方法,5,6,研,exact_match
488,18,烹饪方法,2,3,焙,exact_match
488,19,烹饪方法,38,39,煎,exact_match
488,20,烹饪方法,170,171,抹,exact_match
488,21,食疗方,158,161,千捶膏,exact_match
488,22,食疗方,204,211,天香汤,entity_text_not_found_in_current_passage
488,23,食疗方,270,273,山桂汤,text_found_at_other_position
488,24,食疗方,278,281,木犀汤,text_found_at_other_position
490,1,食材,114,116,白面,text_found_at_other_position
490,2,食材,123,125,桃仁,text_found_at_other_position
490,3,食材,132,135,二桑叶,text_found_at_other_position
490,4,食材,142,144,杏仁,text_found_at_other_position
490,5,食材,160,162,莲花,text_found_at_other_position
490,6,食材,169,172,苍耳心,text_found_at_other_position
490,7,食材,181,183,川乌,text_found_at_other_position
490,8,食材,198,200,绿豆,text_found_at_other_position
490,9,食材,207,210,谈竹叶,text_found_at_other_position
490,10,食材,217,220,熟甜瓜,text_found_at_other_position
490,11,食材,234,239,竦母艨嫩头,text_found_at_other_position
490,12,食疗方,108,113,东阳酒曲方,text_found_at_other_position
490,13,烹饪方法,274,275,浸,text_found_at_other_position
490,14,烹饪方法,278,279,晒,text_found_at_other_position
490,15,烹饪方法,290,292,打下,text_found_at_other_position
490,16,烹饪方法,297,298,漉,text_found_at_other_position
490,17,烹饪方法,305,306,煮,text_found_at_other_position
490,18,烹饪方法,228,229,擂,text_found_at_other_position
490,19,病症,461,466,跌打伤痛,entity_text_not_found_in_current_passage
490,20,古籍来源,323,328,周颂:载芟,text_found_at_other_position
491,1,食材,6,9,蔚木香,exact_match
491,2,食材,70,71,蜜,exact_match
491,3,食材,72,74,果子,exact_match
491,4,食材,84,86,朴硝,exact_match
491,5,食材,272,274,冬瓜,text_found_at_other_position
491,6,食材,246,248,梅肉,text_found_at_other_position
491,7,食味,81,82,酸,exact_match
491,8,食味,136,137,咸,exact_match
491,9,功效,44,48,益精壮阳,exact_match
491,10,烹饪方法,71,72,煎,exact_match
491,11,烹饪方法,106,107,浸,exact_match
491,12,烹饪方法,296,297,焯,text_found_at_other_position
491,13,禁忌,49,54,不可尽述,entity_text_not_found_in_current_passage
491,14,医家,56,59,赵菊山,exact_match
492,1,食材,194,196,牛乳,text_found_at_other_position
492,2,食材,18,19,酪,exact_match
492,3,食材,259,261,浆水,text_found_at_other_position
492,4,烹饪方法,91,92,炙,text_found_at_other_position
492,5,烹饪方法,127,128,炒,text_found_at_other_position
492,6,烹饪方法,135,136,曝,text_found_at_other_position
492,7,烹饪方法,204,205,煎,text_found_at_other_position
492,8,烹饪方法,254,255,烧,text_found_at_other_position
492,9,烹饪方法,200,201,滤,text_found_at_other_position
492,10,烹饪方法,235,236,压,text_found_at_other_position
492,11,烹饪方法,294,296,团搦,text_found_at_other_position
492,12,食疗方,74,81,晒干酪,entity_text_not_found_in_current_passage
492,13,食疗方,239,246,就乳困,entity_text_not_found_in_current_passage
493,1,食材,3,4,瓜,text_found_at_other_position
493,2,食材,44,45,酱,text_found_at_other_position
493,3,食材,72,73,盐,text_found_at_other_position
493,4,食材,104,106,瓜茄,text_found_at_other_position
493,5,食材,101,103,酱黄,text_found_at_other_position
493,6,食材,238,240,枸杞,text_found_at_other_position
493,7,食材,241,243,地潢,text_found_at_other_position
493,8,食材,244,246,甘菊,text_found_at_other_position
493,9,食材,247,249,青襄,text_found_at_other_position
493,10,食材,251,253,牛膝,text_found_at_other_position
493,11,食材,254,256,槐芽,text_found_at_other_position
493,12,食材,257,259,白术,text_found_at_other_position
493,13,食材,260,262,椿芽,text_found_at_other_position
493,14,食材,267,269,车前,text_found_at_other_position
493,15,食材,270,272,黄精,text_found_at_other_position
493,16,食材,273,275,合欢,text_found_at_other_position
493,17,食材,276,278,步陆,text_found_at_other_position
493,18,食材,279,281,决期,text_found_at_other_position
493,19,食材,282,284,穴蓼,text_found_at_other_position
493,20,食味,369,370,苦,text_found_at_other_position
493,21,功效,376,378,燥湿,text_found_at_other_position
493,22,功效,382,384,杀虫,text_found_at_other_position
493,23,功效,385,387,止血,text_found_at_other_position
493,24,烹饪方法,193,194,晒,text_found_at_other_position
493,25,烹饪方法,164,165,腌,text_found_at_other_position
493,26,食疗方,90,100,酱瓜茄法,entity_text_not_found_in_current_passage
493,27,古籍来源,232,237,收干药莱法,text_found_at_other_position
494,1,食材,4,5,豉,exact_match
494,2,食材,46,48,熟油,exact_match
494,3,食材,108,110,巨盐,exact_match
494,4,食材,137,139,川椒,exact_match
494,5,食材,141,144,胡椒末,exact_match
494,6,食材,144,147,干姜末,exact_match
494,7,食材,148,150,桔皮,exact_match
494,8,食材,157,159,葱白,exact_match
494,9,食材,237,239,小麦,text_found_at_other_position
494,10,食材,243,244,面,text_found_at_other_position
494,11,烹饪方法,0,1,造,exact_match
494,12,烹饪方法,133,134,煎,exact_match
494,13,烹饪方法,49,50,拌,exact_match
494,14,烹饪方法,77,78,蒸,exact_match
494,15,烹饪方法,101,103,曝干,exact_match
494,16,烹饪方法,114,115,捣,exact_match
494,17,烹饪方法,122,123,淋,exact_match
494,18,烹饪方法,187,188,贮,exact_match
494,19,烹饪方法,241,242,磨,text_found_at_other_position
494,20,烹饪方法,58,59,摊,exact_match
494,21,烹饪方法,277,280,接令碎,text_found_at_other_position
494,22,烹饪方法,282,284,覆盖,text_found_at_other_position
494,23,烹饪方法,315,316,燠,text_found_at_other_position
494,24,烹饪方法,335,336,抟,text_found_at_other_position
494,25,烹饪方法,354,355,悬,text_found_at_other_position
494,26,烹饪方法,361,362,盛,text_found_at_other_position
494,27,烹饪方法,385,386,煮,text_found_at_other_position
494,28,烹饪方法,390,392,漉出,text_found_at_other_position
494,29,烹饪方法,393,396,削去皮,text_found_at_other_position
494,30,禁忌,197,203,不得湿物近之,exact_match
494,31,禁忌,367,370,防青蝇,text_found_at_other_position
494,32,禁忌,371,375,尘垢之污,text_found_at_other_position
496,1,食材,9,11,牛乳,text_found_at_other_position
496,2,烹饪方法,24,25,煎,text_found_at_other_position
496,3,烹饪方法,49,50,扬,text_found_at_other_position
496,4,烹饪方法,70,71,搅,text_found_at_other_position
496,5,烹饪方法,82,83,吹,exact_match
496,6,烹饪方法,132,133,滤,text_found_at_other_position
496,7,烹饪方法,141,142,卧,text_found_at_other_position
496,8,烹饪方法,152,153,炙,text_found_at_other_position
496,9,食疗方,290,293,造酪法,text_found_at_other_position
496,10,古籍来源,307,311,齐民要术,text_found_at_other_position
497,1,古籍来源,139,147,居家必用事类全集,exact_match
497,2,食材,174,175,荼,exact_match
497,3,食材,182,183,汤,exact_match
497,4,食材,187,189,渴水,exact_match
497,5,食材,192,194,熟水,exact_match
497,6,食材,199,201,浆水,exact_match
497,7,食材,209,211,香药,exact_match
497,8,食材,215,217,果实,exact_match
497,9,食材,223,225,酒曲,exact_match
497,10,食材,231,232,醋,exact_match
497,11,食材,237,238,酱,exact_match
497,12,食材,243,244,豉,exact_match
497,13,食材,257,259,蔬食,exact_match
497,14,食材,263,265,肉食,exact_match
497,15,食材,275,279,腌藏肉品,exact_match
497,16,食材,283,288,腌藏鱼品,entity_text_not_found_in_current_passage
497,17,食材,292,294,鲱品,exact_match
497,18,食材,297,300,烧肉品,exact_match
497,19,食材,301,304,煮肉品,exact_match
497,20,食材,307,310,肉下酒,exact_match
497,21,食材,313,320,肉灌肠红丝品,entity_text_not_found_in_current_passage
497,22,食材,323,327,肉下饭品,exact_match
497,23,食材,332,336,肉羹食品,exact_match
497,24,食材,462,466,回回食品,exact_match
497,25,食材,352,356,女苴食品,exact_match
497,26,食材,358,362,温面食品,exact_match
497,27,食材,364,368,千面食品,exact_match
497,28,食材,439,441,素食,exact_match
497,29,食材,382,387,煎酥乳酪品,exact_match
497,30,食材,389,393,造诸粉品,exact_match
497,31,烹饪方法,229,230,造,exact_match
497,32,烹饪方法,251,253,腌藏,exact_match
498,1,食材,14,15,茶,exact_match
498,2,食味,18,19,甘,exact_match
498,3,食味,19,20,滑,exact_match
498,4,古籍来源,328,334,《北苑别录》,text_found_at_other_position
498,5,古籍来源,561,565,《茶录》,text_found_at_other_position
501,1,食材,96,98,牛奶,exact_match
501,2,食材,81,82,糖,exact_match
501,3,食材,115,117,蛋黄,exact_match
501,4,食材,129,131,蛋白,exact_match
501,5,食材,28,30,水果,exact_match
501,6,食材,366,369,葡萄酒,exact_match
501,7,烹饪方法,108,109,烧,exact_match
501,8,烹饪方法,58,59,煮,exact_match
501,9,烹饪方法,63,65,打碎,exact_match
501,10,烹饪方法,65,66,拌,exact_match
501,11,烹饪方法,120,122,调和,exact_match
501,12,烹饪方法,138,139,滚,exact_match
501,13,烹饪方法,17,18,冻,exact_match
501,14,烹饪方法,258,259,切,exact_match
501,15,烹饪方法,326,327,铺,exact_match
502,1,食材,0,1,盐,exact_match
502,2,食材,6,8,丁香,exact_match
502,3,食材,53,55,羊肉,exact_match
502,4,食材,58,60,牛肉,exact_match
502,5,食材,86,88,小猪,exact_match
502,6,食材,112,115,馒头屑,exact_match
502,7,食材,118,120,猪肉,exact_match
502,8,食材,336,338,胡椒,exact_match
502,9,食材,133,135,牛奶,exact_match
502,10,食材,139,141,鸡蛋,exact_match
502,11,食材,222,224,奶油,exact_match
502,12,食材,230,232,猪肝,exact_match
502,13,食材,283,285,葱花,exact_match
502,14,食材,288,290,肉蔻,exact_match
502,15,食材,356,359,橄榄油,exact_match
502,16,食材,425,427,火腿,exact_match
502,17,食材,412,414,地蛋,exact_match
502,18,烹饪方法,9,10,烘,exact_match
502,19,烹饪方法,266,267,炒,exact_match
502,20,烹饪方法,373,374,熏,exact_match
502,21,烹饪方法,484,485,煎,exact_match
503,1,食材,45,47,萝卜,exact_match
503,2,食材,48,50,茄子,exact_match
503,3,食材,51,53,黄瓜,exact_match
503,4,食材,54,56,葱头,exact_match
503,5,食材,131,134,红萝卜,exact_match
503,6,食材,88,89,瓜,exact_match
503,7,食材,208,210,荫瓜,text_found_at_other_position
503,8,食材,210,212,北瓜,text_found_at_other_position
503,9,食材,212,214,玉瓜,text_found_at_other_position
503,10,食材,214,216,冬瓜,text_found_at_other_position
503,11,食材,225,227,小瓜,text_found_at_other_position
503,12,食材,232,234,大瓜,text_found_at_other_position
503,13,食材,294,296,鲱豆,text_found_at_other_position
503,14,食材,339,341,陈虿,text_found_at_other_position
503,15,食材,364,366,盐肉,text_found_at_other_position
503,16,食材,75,77,奶油,exact_match
503,17,食材,78,80,胡椒,exact_match
503,18,食材,67,68,盐,exact_match
503,19,食材,185,186,醋,text_found_at_other_position
503,20,食材,192,194,冰糖,text_found_at_other_position
503,21,食材,443,445,干面,text_found_at_other_position
503,22,烹饪方法,4,5,煮,exact_match
503,23,烹饪方法,285,286,煎,text_found_at_other_position
503,24,烹饪方法,411,412,烘,text_found_at_other_position
503,25,烹饪方法,165,166,浸,exact_match
503,26,烹饪方法,170,173,剥皮,entity_text_not_found_in_current_passage
503,27,烹饪方法,174,175,切,exact_match
503,28,烹饪方法,16,18,打碎,exact_match
503,29,烹饪方法,121,124,漏去水,exact_match
503,30,烹饪方法,135,137,洗净,exact_match
503,31,烹饪方法,26,29,去老叶,exact_match
503,32,烹饪方法,96,98,去子,exact_match
503,33,烹饪方法,94,96,去皮,exact_match
503,34,烹饪方法,69,71,烧憋,exact_match
503,35,烹饪方法,228,230,整煮,text_found_at_other_position
503,36,烹饪方法,234,236,切开,text_found_at_other_position
503,37,烹饪方法,105,107,煮熟,exact_match
503,38,烹饪方法,346,349,浸一夜,text_found_at_other_position
503,39,烹饪方法,377,382,放深盆内,entity_text_not_found_in_current_passage
503,40,烹饪方法,430,434,凉水内浸,text_found_at_other_position
503,41,烹饪方法,117,119,取出,exact_match
503,42,烹饪方法,146,147,放,exact_match
503,43,烹饪方法,72,73,加,exact_match
503,44,烹饪方法,194,196,调和,text_found_at_other_position
503,45,烹饪方法,196,200,瓷上吃,entity_text_not_found_in_current_passage
503,46,烹饪方法,82,83,吃,exact_match
503,47,烹饪方法,220,222,作祛,text_found_at_other_position
503,48,烹饪方法,253,256,作引子,text_found_at_other_position
503,49,烹饪方法,368,370,同煮,text_found_at_other_position
503,50,烹饪方法,373,374,取,text_found_at_other_position
503,51,烹饪方法,393,398,切成棋子块,text_found_at_other_position
503,52,烹饪方法,399,403,放在盆内,text_found_at_other_position
503,53,烹饪方法,405,410,汤与豆取平,text_found_at_other_position
503,54,烹饪方法,22,24,冼诤,exact_match
503,55,烹饪方法,33,38,看莱上虫子,exact_match
503,56,烹饪方法,7,12,用开水快滚,exact_match
503,57,烹饪方法,19,21,粜叶,exact_match
503,58,烹饪方法,139,143,不用刃割,exact_match
503,59,烹饪方法,153,157,加一些盐,exact_match
503,60,烹饪方法,158,161,煮熟后,exact_match
503,61,烹饪方法,103,104,盐,exact_match
503,62,烹饪方法,111,113,胡椒,exact_match
503,63,烹饪方法,239,245,煮熟后漏去水,text_found_at_other_position
503,64,烹饪方法,261,264,用奶油,text_found_at_other_position
503,65,烹饪方法,265,269,胡椒盐吃,text_found_at_other_position
503,66,烹饪方法,271,276,另有切成片,text_found_at_other_position
503,67,烹饪方法,281,284,等冷时,text_found_at_other_position
503,68,烹饪方法,298,306,用不多开水加盐煮,text_found_at_other_position
503,69,烹饪方法,307,320,煮一点半饰或二三十分时候,entity_text_not_found_in_current_passage
503,70,烹饪方法,320,325,熙豆朐老嫩,text_found_at_other_position
503,71,烹饪方法,331,333,盐吃,text_found_at_other_position
503,72,烹饪方法,350,354,明日去水,text_found_at_other_position
503,73,烹饪方法,355,362,再加开水煮时,entity_text_not_found_in_current_passage
503,74,烹饪方法,383,388,加一些原汤,text_found_at_other_position
503,75,烹饪方法,420,423,煎茄子,text_found_at_other_position
503,76,烹饪方法,424,429,茄子切成片,text_found_at_other_position
503,77,烹饪方法,446,451,加胡椒盐煎,text_found_at_other_position
503,78,烹饪方法,457,460,冼净了,text_found_at_other_position
503,79,烹饪方法,143,144,囫,exact_match
503,80,烹饪方法,468,470,蹩个,text_found_at_other_position
503,81,烹饪方法,472,474,般轮,text_found_at_other_position
503,82,烹饪方法,477,480,即车轮,text_found_at_other_position
504,1,食材,3,5,桃叶,exact_match
504,2,食材,36,37,糖,exact_match
504,3,食材,50,52,奶油,exact_match
504,4,食材,56,59,葡萄酒,exact_match
504,5,食材,79,81,白面,exact_match
504,6,食材,120,122,玉果,exact_match
504,7,食材,192,194,牛奶,exact_match
504,8,食材,166,168,鸡蛋,exact_match
504,9,食材,243,245,桔皮,exact_match
504,10,食材,350,352,奶皮,exact_match
504,11,食材,272,273,冰,exact_match
504,12,食材,400,401,盐,exact_match
504,13,食材,489,492,阿萝萝,exact_match
506,1,食材,84,86,牛肉,text_found_at_other_position
506,2,食材,93,94,盐,text_found_at_other_position
506,3,食材,120,122,猪肉,text_found_at_other_position
506,4,食材,233,235,胡椒,text_found_at_other_position
506,5,食材,128,130,丁香,text_found_at_other_position
506,6,食材,132,134,葱花,text_found_at_other_position
506,7,食材,237,239,鸡蛋,text_found_at_other_position
506,8,食材,240,243,馒头屑,text_found_at_other_position
506,9,食材,405,407,牛心,text_found_at_other_position
506,10,食材,461,463,牛油,text_found_at_other_position
506,11,食材,65,67,奶油,exact_match
506,12,烹饪方法,16,17,熏,exact_match
506,13,烹饪方法,83,84,烘,text_found_at_other_position
506,14,烹饪方法,264,265,烤,text_found_at_other_position
506,15,烹饪方法,94,95,腌,text_found_at_other_position
506,16,烹饪方法,110,111,割,text_found_at_other_position
506,17,烹饪方法,138,139,填,text_found_at_other_position
506,18,烹饪方法,420,421,滚,text_found_at_other_position
506,19,烹饪方法,243,245,调和,text_found_at_other_position
506,20,烹饪方法,63,64,擦,exact_match
506,21,烹饪方法,283,284,挂,text_found_at_other_position
506,22,烹饪方法,197,198,浇,text_found_at_other_position
506,23,烹饪方法,394,395,撒,text_found_at_other_position
506,24,烹饪方法,408,409,洗,text_found_at_other_position
507,1,食材,4,6,花红,exact_match
507,2,食材,14,16,苹果,exact_match
507,3,食材,17,19,生梨,exact_match
507,4,烹饪方法,20,21,煮,exact_match
507,5,食材,22,23,崧,exact_match
507,6,烹饪方法,23,25,打碎,exact_match
507,7,烹饪方法,29,31,过出,exact_match
507,8,食材,34,35,糖,exact_match
507,9,食材,37,39,玉果,exact_match
507,10,食材,41,43,桂皮,exact_match
507,11,食材,53,55,橙汁,exact_match
507,12,食材,80,81,桃,exact_match
507,13,烹饪方法,86,89,去皮核,exact_match
507,14,烹饪方法,90,92,切碎,exact_match
507,15,食材,94,95,糖,exact_match
507,16,烹饪方法,104,105,煮,exact_match
507,17,食材,109,111,桃叶,exact_match
507,18,烹饪方法,114,116,煮熟,exact_match
507,19,烹饪方法,119,122,取出,entity_text_not_found_in_current_passage
507,20,食材,162,164,牛奶,text_found_at_other_position
507,21,食材,209,211,大米,text_found_at_other_position
507,22,食材,98,99,糖,exact_match
507,23,烹饪方法,216,218,煮熟,text_found_at_other_position
507,24,食材,223,225,糯米,text_found_at_other_position
507,25,食材,228,230,樱桃,text_found_at_other_position
507,26,食材,235,236,糟,text_found_at_other_position
507,27,食材,305,308,鸡蛋清,text_found_at_other_position
507,28,食材,313,315,白糖,text_found_at_other_position
507,29,烹饪方法,153,154,烘,text_found_at_other_position
507,30,食材,323,325,饭瓜,text_found_at_other_position
507,31,食材,327,329,方瓜,text_found_at_other_position
507,32,烹饪方法,333,337,去皮去子,text_found_at_other_position
507,33,烹饪方法,338,340,煮熟,text_found_at_other_position
507,34,烹饪方法,341,343,打碎,text_found_at_other_position
507,35,烹饪方法,347,349,过出,text_found_at_other_position
507,36,食材,354,356,牛奶,text_found_at_other_position
507,37,食材,366,368,鸡蛋,text_found_at_other_position
507,38,食材,191,192,糖,text_found_at_other_position
507,39,食材,373,375,桂皮,text_found_at_other_position
507,40,食材,376,378,姜末,text_found_at_other_position
507,41,食材,389,390,盐,text_found_at_other_position
507,42,烹饪方法,316,317,烘,text_found_at_other_position
507,43,食材,437,439,自面,text_found_at_other_position
507,44,食材,442,444,奶油,text_found_at_other_position
507,45,食材,452,454,南瓜,text_found_at_other_position
507,46,食材,457,459,晋瓜,text_found_at_other_position
508,1,食材,10,11,桃,exact_match
508,2,食材,0,1,糖,exact_match
508,3,食材,63,66,鸡蛋白,exact_match
508,4,食材,142,144,丁香,exact_match
508,5,食材,161,162,酒,exact_match
508,6,食材,321,322,梨,text_found_at_other_position
508,7,食材,381,383,洋菜,text_found_at_other_position
508,8,烹饪方法,20,22,去皮,exact_match
508,9,烹饪方法,22,24,去核,exact_match
508,10,烹饪方法,216,217,煮,exact_match
508,11,烹饪方法,69,70,熬,exact_match
508,12,烹饪方法,109,110,晒,exact_match
508,13,烹饪方法,117,118,烧,exact_match
508,14,烹饪方法,225,226,刺,exact_match
508,15,烹饪方法,436,438,装瓶,text_found_at_other_position
508,16,烹饪方法,297,299,封口,exact_match
508,17,食疗方,310,312,糖桃,text_found_at_other_position
508,18,食疗方,184,186,酒桃,exact_match
509,1,食材,5,6,肉,exact_match
509,2,食材,59,61,白糖,exact_match
509,3,食材,140,142,牛肉,exact_match
509,4,食材,145,150,牛前小腿骨,exact_match
509,5,食材,41,42,盐,exact_match
509,6,食材,204,206,葱头,exact_match
509,7,食材,217,220,红萝卜,exact_match
509,8,食材,221,223,地蛋,exact_match
509,9,食材,233,236,茛面,entity_text_not_found_in_current_passage
509,10,食材,246,247,鸡,text_found_at_other_position
509,11,食材,274,276,大米,text_found_at_other_position
509,12,食材,285,287,胡椒,text_found_at_other_position
509,13,食材,328,330,鸡蛋,text_found_at_other_position
509,14,食材,362,364,干豆,text_found_at_other_position
509,15,烹饪方法,18,19,煮,exact_match
509,16,烹饪方法,62,63,烘,exact_match
509,17,烹饪方法,366,367,浸,text_found_at_other_position
509,18,烹饪方法,206,207,切,exact_match
509,19,烹饪方法,334,335,割,text_found_at_other_position
509,20,烹饪方法,161,163,打碎,exact_match
509,21,烹饪方法,164,166,洗净,exact_match
509,22,烹饪方法,352,354,热吃,text_found_at_other_position
509,23,食疗方,345,347,鸡汤,text_found_at_other_position
509,24,食疗方,359,361,豆汤,text_found_at_other_position
510,1,食材,2,4,牛奶,exact_match
510,2,食材,52,54,白面,text_found_at_other_position
510,3,食材,118,119,盐,text_found_at_other_position
510,4,食材,156,158,地蛋,text_found_at_other_position
510,5,食材,304,306,黄糖,text_found_at_other_position
510,6,食材,261,263,奶油,text_found_at_other_position
510,7,食材,494,496,鸡蛋,text_found_at_other_position
510,8,烹饪方法,35,36,烘,text_found_at_other_position
510,9,烹饪方法,127,128,揉,text_found_at_other_position
510,10,烹饪方法,368,370,调和,text_found_at_other_position
510,11,烹饪方法,376,378,打碎,text_found_at_other_position
510,12,烹饪方法,380,382,过罗,text_found_at_other_position
510,13,烹饪方法,408,410,发酵,text_found_at_other_position
510,14,食疗方,43,47,花酵馒头,text_found_at_other_position
510,15,食疗方,184,188,呖啦馒头,text_found_at_other_position
510,16,食疗方,336,340,地蛋馒头,text_found_at_other_position
510,17,食疗方,471,474,甜馒头,text_found_at_other_position
511,1,食材,13,14,杏,exact_match
511,2,食材,45,46,糖,exact_match
511,3,食材,129,130,桃,exact_match
511,4,食材,146,148,樱桃,exact_match
511,5,食材,157,159,李子,exact_match
511,6,食材,160,162,奈子,exact_match
511,7,食材,163,165,葡萄,exact_match
511,8,食材,318,320,番柿,exact_match
511,9,食材,387,389,牛肉,exact_match
511,10,食材,389,391,猪肉,exact_match
511,11,食材,391,393,火腿,exact_match
511,12,食材,401,403,红糖,exact_match
511,13,食材,385,386,盐,exact_match
511,14,烹饪方法,55,56,煮,exact_match
511,15,烹饪方法,33,34,装,exact_match
511,16,烹饪方法,12,13,封,exact_match
511,17,烹饪方法,277,278,压,exact_match
511,18,烹饪方法,338,340,搅和,exact_match
511,19,烹饪方法,483,484,腌,text_found_at_other_position
512,1,食材,19,20,鸡,exact_match
512,2,食材,118,120,茄子,exact_match
512,3,病症,182,184,腹胀,exact_match
512,4,病症,239,241,中蛊,exact_match
512,5,食材,202,203,鱼,exact_match
512,6,食材,206,207,蛇,exact_match
512,7,食材,209,211,虾蟆,exact_match
512,8,烹饪方法,192,193,解,exact_match
512,9,烹饪方法,196,198,吐出,exact_match
512,10,医家,4,7,耿清惠,exact_match
512,11,医家,65,68,杨文贞,exact_match
512,12,古籍来源,362,369,《尸子君治》,entity_text_not_found_in_current_passage
514,1,食材,51,53,猪肉,exact_match
514,2,食材,98,101,馒头,entity_text_not_found_in_current_passage
514,3,食材,142,144,葡匏,exact_match
514,4,食材,170,174,一面一饭,exact_match
514,5,食材,467,469,罗卜,exact_match
514,6,食材,481,483,匏瓜,exact_match
514,7,医家,15,18,韩公亿,exact_match
514,8,医家,19,23,李公若谷,exact_match
514,9,医家,30,33,赵太守,exact_match
514,10,医家,159,163,杜祁公,entity_text_not_found_in_current_passage
514,11,古籍来源,114,123,唐高钱侍郎兄弟三人,exact_match
515,1,食材,221,223,烧饼,exact_match
515,2,食材,232,234,麦子,exact_match
515,3,食材,235,237,豆子,exact_match
515,4,食材,238,241,糙米饭,exact_match
515,5,食材,387,388,梨,exact_match
515,6,食材,389,390,栗,exact_match
515,7,食材,391,392,枣,exact_match
515,8,食材,393,394,柿,exact_match
515,9,食材,400,403,干肉酱,exact_match
515,10,医家,5,8,李德裕,exact_match
515,11,医家,49,51,寇准,exact_match
515,12,医家,310,314,司马邋公,exact_match
515,13,医家,584,587,司马光,exact_match
515,14,医家,595,598,文彦博,exact_match
515,15,医家,600,603,范纯仁,exact_match
516,1,食材,71,72,牛,exact_match
516,2,食材,87,88,羊,exact_match
516,3,食材,101,102,狗,exact_match
516,4,食材,103,104,猪,exact_match
516,5,食材,149,151,蚬蛤,exact_match
516,6,食材,324,326,螃蟹,exact_match
516,7,食材,225,227,蛤蜊,exact_match
516,8,古籍来源,52,56,《礼记》,exact_match
519,1,食材,12,13,酒,exact_match
519,2,禁忌,278,282,不要喝酒,exact_match
519,3,禁忌,330,338,不要叫客人喝到醉,exact_match
519,4,禁忌,594,598,不要贪酒,exact_match
519,5,禁忌,506,513,过分地喜好美酒,exact_match
519,6,禁忌,514,526,以嘴不离酒杯为高尚的情趣,exact_match
519,7,禁忌,545,551,长期逸乐过度,exact_match
519,8,病症,193,203,因喝酒而引起的过失,entity_text_not_found_in_current_passage
519,9,病症,445,452,败坏道德的事例,exact_match
519,10,养生原则,528,532,勤劳俭朴,exact_match
519,11,古籍来源,455,459,《酒训》,exact_match
521,1,食材,23,24,盐,exact_match
521,2,食材,109,112,水晶盐,exact_match
521,3,食材,128,130,盐根,exact_match
521,4,食材,208,210,青盐,exact_match
521,5,食材,210,212,黄盐,exact_match
521,6,食材,54,56,红盐,exact_match
521,7,食味,171,172,咸,exact_match
521,8,烹饪方法,13,14,煮,exact_match
521,9,烹饪方法,300,301,割,exact_match
522,1,食材,75,77,芝麻,exact_match
522,2,食材,79,80,米,exact_match
522,3,食材,155,157,黄鼠,exact_match
522,4,食材,229,232,松居鼠,exact_match
522,5,烹饪方法,80,81,煮,exact_match
522,6,烹饪方法,259,260,啮,exact_match
522,7,医家,19,21,刘邕,exact_match
522,8,医家,90,92,赵辉,exact_match
524,1,食材,0,2,荞麦,exact_match
524,2,古籍来源,13,17,《本草》,exact_match
524,3,古籍来源,29,33,《道藏》,exact_match
524,4,古籍来源,35,41,《药石尔雅》,exact_match
524,5,医家,351,353,梅彪,exact_match
524,6,食材,62,63,粟,exact_match
524,7,食材,63,64,黍,exact_match
524,8,食材,65,66,豆,exact_match
524,9,食材,66,67,麦,exact_match
524,10,医家,267,270,李时珍,exact_match
525,1,食材,116,119,糯米粉,exact_match
525,2,食材,120,122,麦面,exact_match
525,3,食材,136,137,糖,exact_match
525,4,食材,332,333,蜜,exact_match
525,5,食材,374,375,米,exact_match
525,6,食材,383,384,黍,exact_match
525,7,食材,453,456,半粉,entity_text_not_found_in_current_passage
525,8,烹饪方法,122,124,搓揉,exact_match
525,9,烹饪方法,29,30,煎,exact_match
525,10,烹饪方法,376,378,熬煎,exact_match
525,11,烹饪方法,382,383,捣,exact_match
525,12,食疗方,71,73,寒具,exact_match
525,13,食疗方,75,77,馓子,exact_match
525,14,食疗方,348,350,蜜饵,exact_match
525,15,古籍来源,339,343,《楚辞》,exact_match
525,16,医家,400,402,朱子,exact_match
525,17,医家,555,557,朱熹,exact_match
526,1,食材,7,9,水母,exact_match
526,2,食材,10,11,虾,exact_match
526,3,食材,119,121,海蛰,exact_match
526,4,古籍来源,138,143,《松江志》,exact_match
526,5,古籍来源,153,159,《翰墨大全》,exact_match
526,6,古籍来源,212,216,《本草》,exact_match
527,1,食材,89,91,鸡肉,exact_match
527,2,烹饪方法,163,164,炒,exact_match
527,3,病症,54,56,脑痛,exact_match
528,1,食材,27,29,粱米,exact_match
528,2,食材,249,252,南天烛,text_found_at_other_position
528,3,食材,146,149,墨饭草,text_found_at_other_position
528,4,食疗方,117,120,青精饭,text_found_at_other_position
528,5,古籍来源,172,176,《仙经》,text_found_at_other_position
529,1,食材,237,238,粲,text_found_at_other_position
529,2,食材,307,308,粝,text_found_at_other_position
529,3,食材,278,279,稗,text_found_at_other_position
529,4,食材,253,254,檠,text_found_at_other_position
529,5,食材,34,36,侍御,text_found_at_other_position
529,6,食材,448,450,御米,text_found_at_other_position
529,7,食材,387,389,谷子,text_found_at_other_position
529,8,古籍来源,229,233,《左佟》,text_found_at_other_position
529,9,古籍来源,377,383,《九章箅法》,text_found_at_other_position
529,10,医家,281,283,郑玄,text_found_at_other_position
529,11,医家,187,189,皇象,text_found_at_other_position
530,1,食材,212,215,石首鱼,exact_match
530,2,食材,160,162,龟脚,exact_match
530,3,食材,165,168,鹿角莱,exact_match
530,4,古籍来源,209,211,译文,exact_match
531,1,古籍来源,367,374,《本草衍义补》,text_found_at_other_position
531,2,医家,501,504,朱震草,text_found_at_other_position
532,1,食材,12,13,姜,text_found_at_other_position
532,2,食材,39,40,葱,text_found_at_other_position
532,3,食材,131,133,韭子,text_found_at_other_position
532,4,食材,234,236,薤白,text_found_at_other_position
532,5,食材,90,92,独蒜,text_found_at_other_position
532,6,食材,102,104,小蒜,text_found_at_other_position
532,7,食材,118,120,生笺,text_found_at_other_position
532,8,食疗方,75,82,薤白粥,entity_text_not_found_in_current_passage
532,9,功效,17,19,温中,text_found_at_other_position
532,10,功效,30,32,化痪,text_found_at_other_position
532,11,功效,35,37,和中,text_found_at_other_position
532,12,功效,44,46,通气,text_found_at_other_position
532,13,功效,47,49,活血,text_found_at_other_position
532,14,功效,50,52,散謇,text_found_at_other_position
532,15,功效,63,65,樯精,text_found_at_other_position
532,16,功效,70,72,暧下,text_found_at_other_position
532,17,功效,83,85,通滞,text_found_at_other_position
532,18,功效,86,89,治冷痢,text_found_at_other_position
532,19,功效,95,97,辟瘟,text_found_at_other_position
532,20,功效,98,101,解诸毒,text_found_at_other_position
532,21,功效,150,152,固精,text_found_at_other_position
532,22,脏腑,184,185,肾,text_found_at_other_position
532,23,烹饪方法,26,27,调,text_found_at_other_position
532,24,烹饪方法,127,128,煮,text_found_at_other_position
533,1,食疗方,0,7,谷芽粥,entity_text_not_found_in_current_passage
533,2,烹饪方法,11,13,炒研,text_found_at_other_position
533,3,功效,16,18,消食,text_found_at_other_position
533,4,功效,19,22,除闷胀,text_found_at_other_position
533,5,禁忌,23,27,久食伐脾,text_found_at_other_position
533,6,食疗方,30,37,麦芽粥,entity_text_not_found_in_current_passage
533,7,禁忌,38,42,久食消肾,text_found_at_other_position
533,8,食材,46,48,谷芽,text_found_at_other_position
533,9,食疗方,50,57,豆芽粥,entity_text_not_found_in_current_passage
533,10,食材,58,60,黄豆,text_found_at_other_position
533,11,功效,60,65,荣粥补不足,text_found_at_other_position
533,12,食材,66,69,绿豆芽,text_found_at_other_position
533,13,功效,69,71,去火,text_found_at_other_position
533,14,功效,72,75,助生气,text_found_at_other_position
533,15,烹饪方法,76,81,切细取汤,entity_text_not_found_in_current_passage
533,16,食疗方,85,89,饧粥,entity_text_not_found_in_current_passage
533,17,功效,90,92,缓中,text_found_at_other_position
533,18,功效,93,97,温肺止嗽,text_found_at_other_position
533,19,功效,103,105,和胃,text_found_at_other_position
533,20,食材,113,115,饴糖,text_found_at_other_position
533,21,食疗方,117,124,豆豉粥,entity_text_not_found_in_current_passage
533,22,功效,125,127,发汗,text_found_at_other_position
533,23,功效,128,131,止恣汗,text_found_at_other_position
533,24,烹饪方法,132,133,炒,text_found_at_other_position
533,25,功效,133,135,止血,text_found_at_other_position
533,26,食材,141,142,葱,text_found_at_other_position
533,27,病症,98,100,表邪,text_found_at_other_position
533,28,脏腑,149,150,脾,text_found_at_other_position
533,29,脏腑,165,166,肾,text_found_at_other_position
534,1,古籍来源,60,67,《奉亲养老#》,text_found_at_other_position
534,2,病症,73,75,耳聋,text_found_at_other_position
534,3,食材,83,86,猪肾,entity_text_not_found_in_current_passage
534,4,烹饪方法,86,88,煮粥,text_found_at_other_position
534,5,古籍来源,89,94,《养老书》,text_found_at_other_position
534,6,食材,99,102,白石英,text_found_at_other_position
534,7,烹饪方法,103,104,浸,text_found_at_other_position
534,8,烹饪方法,0,2,作粥,exact_match
534,9,功效,115,119,气力强健,text_found_at_other_position
534,10,功效,120,124,颜如童子,text_found_at_other_position
534,11,病症,131,135,周痹风湿,text_found_at_other_position
534,12,功效,137,140,通关芍,text_found_at_other_position
534,13,功效,141,143,明目,text_found_at_other_position
534,14,食疗方,145,152,滑石粥,entity_text_not_found_in_current_passage
534,15,古籍来源,153,158,《圣惠方》,text_found_at_other_position
534,16,病症,161,166,膈_匕烦热,text_found_at_other_position
534,17,食材,167,169,滑石,text_found_at_other_position
534,18,烹饪方法,169,171,煎水,text_found_at_other_position
534,19,食材,173,174,米,text_found_at_other_position
534,20,烹饪方法,174,176,同煮,text_found_at_other_position
534,21,功效,182,185,利小便,text_found_at_other_position
534,22,功效,186,191,荡胸中积聚,text_found_at_other_position
534,23,病症,194,196,黄胆,text_found_at_other_position
534,24,病症,197,199,石淋,text_found_at_other_position
534,25,病症,200,202,水肿,text_found_at_other_position
534,26,古籍来源,204,209,《炮炙论》,text_found_at_other_position
534,27,烹饪方法,214,216,研粉,text_found_at_other_position
534,28,食材,217,220,牡丹皮,text_found_at_other_position
534,29,烹饪方法,220,222,同煮,text_found_at_other_position
534,30,烹饪方法,225,227,水淘,text_found_at_other_position
534,31,烹饪方法,227,229,曝干,text_found_at_other_position
534,32,古籍来源,245,251,《子母秘录》,text_found_at_other_position
534,33,病症,254,258,水痢不止,text_found_at_other_position
534,34,食材,302,305,白石脂,text_found_at_other_position
534,35,烹饪方法,259,261,研粉,text_found_at_other_position
534,36,烹饪方法,261,263,和粥,text_found_at_other_position
535,1,古籍来源,8,14,《多能鄙事》,text_found_at_other_position
535,2,病症,17,22,目不能远视,text_found_at_other_position
535,3,食材,23,25,羊肝,text_found_at_other_position
535,4,食材,29,32,韭子,entity_text_not_found_in_current_passage
535,5,烹饪方法,32,33,炒,text_found_at_other_position
535,6,烹饪方法,33,34,研,text_found_at_other_position
535,7,烹饪方法,35,36,煎,text_found_at_other_position
535,8,烹饪方法,40,41,煮,text_found_at_other_position
535,9,食材,39,40,米,text_found_at_other_position
535,10,病症,46,51,肝风虚热,entity_text_not_found_in_current_passage
535,11,病症,52,54,目赤,text_found_at_other_position
535,12,病症,56,60,病后失明,text_found_at_other_position
535,13,功效,64,66,明目,text_found_at_other_position
535,14,食材,73,76,青羊肝,text_found_at_other_position
535,15,病症,107,109,胃弱,text_found_at_other_position
535,16,食材,88,89,骨,text_found_at_other_position
535,17,烹饪方法,112,114,槌碎,text_found_at_other_position
535,18,烹饪方法,115,116,煎,text_found_at_other_position
535,19,食材,121,124,青粱米,text_found_at_other_position
535,20,烹饪方法,124,125,煮,text_found_at_other_position
535,21,病症,132,136,寒中羸瘦,text_found_at_other_position
535,22,病症,138,139,痢,text_found_at_other_position
535,23,功效,139,141,补肾,text_found_at_other_position
535,24,病症,144,146,腰痛,text_found_at_other_position
535,25,脏腑,158,159,肾,text_found_at_other_position
535,26,古籍来源,173,179,《食医心镜》,text_found_at_other_position
535,27,病症,183,187,水气鼓胀,text_found_at_other_position
535,28,食材,165,169,犬肉,entity_text_not_found_in_current_passage
535,29,食材,189,190,米,text_found_at_other_position
535,30,烹饪方法,191,192,煮,text_found_at_other_position
535,31,功效,201,204,安五脏,text_found_at_other_position
535,32,功效,205,208,补艴伤,text_found_at_other_position
535,33,功效,209,212,益阴事,text_found_at_other_position
535,34,功效,213,216,厚肠胃,text_found_at_other_position
535,35,功效,217,220,填精髓,text_found_at_other_position
535,36,功效,221,224,暖腰膝,text_found_at_other_position
535,37,食材,225,228,黄狗肉,text_found_at_other_position
535,38,功效,229,233,补益虚劳,text_found_at_other_position
535,39,禁忌,234,238,不可去血,text_found_at_other_position
535,40,医家,262,264,刘基,text_found_at_other_position
535,41,医家,322,325,孙思邈,text_found_at_other_position
536,1,病症,10,12,热咳,text_found_at_other_position
536,2,病症,24,26,心热,text_found_at_other_position
536,3,病症,27,29,翻胃,text_found_at_other_position
536,4,病症,30,32,口渴,text_found_at_other_position
536,5,功效,46,49,补卫气,text_found_at_other_position
536,6,食疗方,51,58,鸟苓粥,entity_text_not_found_in_current_passage
536,7,功效,59,61,益人,text_found_at_other_position
536,8,食材,64,67,兔丝根,text_found_at_other_position
536,9,食材,69,71,白苓,text_found_at_other_position
536,10,食材,72,75,鸡肾子,text_found_at_other_position
536,11,功效,76,78,补肾,text_found_at_other_position
536,12,食材,91,93,天冬,text_found_at_other_position
536,13,食材,147,149,麦冬,text_found_at_other_position
536,14,食材,34,41,兔丝子,entity_text_not_found_in_current_passage
536,15,功效,230,234,补肾固精,text_found_at_other_position
536,16,功效,235,239,养肝明目,text_found_at_other_position
536,17,食材,268,271,鸡肾草,text_found_at_other_position
536,18,食材,275,278,腰子草,text_found_at_other_position
536,19,食材,279,281,双草,text_found_at_other_position
536,20,食材,282,285,肾经卓,text_found_at_other_position
536,21,食性,293,294,温,text_found_at_other_position
536,22,功效,296,300,补肾壮阳,text_found_at_other_position
537,1,食疗方,201,204,防风粥,text_found_at_other_position
537,2,病症,10,14,风邪头疼,text_found_at_other_position
537,3,食材,128,130,防风,text_found_at_other_position
537,4,病症,44,48,风寒咳嗽,text_found_at_other_position
537,5,病症,60,62,烦渴,text_found_at_other_position
537,6,食材,274,276,葛根,text_found_at_other_position
537,7,功效,64,68,安胃解热,text_found_at_other_position
537,8,食疗方,70,80,大麻仁粥,entity_text_not_found_in_current_passage
537,9,病症,82,83,秘,text_found_at_other_position
537,10,病症,86,88,通淋,text_found_at_other_position
537,11,食材,101,104,粳米,entity_text_not_found_in_current_passage
537,12,食材,105,106,椒,text_found_at_other_position
537,13,食材,107,108,盐,text_found_at_other_position
537,14,食材,109,110,豉,text_found_at_other_position
537,15,功效,122,126,开胃通襟,text_found_at_other_position
537,16,功效,291,293,发汗,text_found_at_other_position
537,17,功效,161,163,祛风,text_found_at_other_position
537,18,功效,164,166,止痛,text_found_at_other_position
537,19,功效,167,169,解痉,text_found_at_other_position
537,20,食材,33,35,紫菀,text_found_at_other_position
537,21,功效,264,266,祛痰,text_found_at_other_position
537,22,功效,267,269,止咳,text_found_at_other_position
537,23,功效,294,296,解热,text_found_at_other_position
537,24,功效,297,299,解渴,text_found_at_other_position
537,25,病症,308,310,便秘,text_found_at_other_position
537,26,医家,16,19,白乐天,text_found_at_other_position
537,27,古籍来源,184,188,云仙杂记,text_found_at_other_position
538,1,功效,0,6,除湿逐风止痢,exact_match
538,2,古籍来源,9,14,《风土记》,exact_match
538,3,食材,21,23,茱萸,text_found_at_other_position
538,4,功效,28,30,辟恶,text_found_at_other_position
538,5,古籍来源,40,45,《肘后方》,text_found_at_other_position
538,6,病症,48,52,老年久疟,text_found_at_other_position
538,7,食材,53,55,秫米,text_found_at_other_position
538,8,烹饪方法,56,57,煮,text_found_at_other_position
538,9,病症,69,71,水胀,text_found_at_other_position
538,10,病症,73,77,胸中痰结,text_found_at_other_position
538,11,功效,78,80,截疟,text_found_at_other_position
538,12,食性,86,88,暴悍,text_found_at_other_position
538,13,功效,91,93,发吐,text_found_at_other_position
538,14,食材,94,97,甘草末,text_found_at_other_position
538,15,烹饪方法,97,99,拌蒸,text_found_at_other_position
538,16,食材,105,106,米,text_found_at_other_position
538,17,烹饪方法,106,107,煮,text_found_at_other_position
538,18,古籍来源,130,136,《千金翼方》,text_found_at_other_position
538,19,烹饪方法,144,146,槌碎,text_found_at_other_position
538,20,烹饪方法,147,149,水浸,text_found_at_other_position
538,21,烹饪方法,150,152,澄清,text_found_at_other_position
538,22,烹饪方法,158,160,煮粥,text_found_at_other_position
538,23,功效,161,165,轻身延年,text_found_at_other_position
538,24,病症,172,174,肺痿,text_found_at_other_position
538,25,病症,175,177,湿痹,text_found_at_other_position
538,26,病症,178,181,胆黄,entity_text_not_found_in_current_passage
538,27,脏腑,183,185,大肠,text_found_at_other_position
538,28,古籍来源,186,192,《本草衍义》,text_found_at_other_position
538,29,功效,196,198,攻疾,text_found_at_other_position
538,30,禁忌,198,201,可暂用,text_found_at_other_position
538,31,禁忌,202,209,未闻久服之益,entity_text_not_found_in_current_passage
538,32,食疗方,211,221,紫石英粥,entity_text_not_found_in_current_passage
538,33,古籍来源,222,227,《备急方》,text_found_at_other_position
538,34,病症,231,235,虚劳惊悸,text_found_at_other_position
538,35,食材,409,412,紫石英,text_found_at_other_position
538,36,烹饪方法,236,239,打如豆,text_found_at_other_position
538,37,烹饪方法,244,245,煮,text_found_at_other_position
538,38,烹饪方法,245,247,取汁,text_found_at_other_position
539,1,食材,125,127,牛膝,text_found_at_other_position
539,2,食材,9,12,嫩苗叶,text_found_at_other_position
539,3,病症,17,19,血淋,text_found_at_other_position
539,4,病症,31,35,老人热淋,text_found_at_other_position
539,5,食材,37,40,车前子,text_found_at_other_position
539,6,烹饪方法,41,43,煮汁,text_found_at_other_position
539,7,食材,46,49,青秣米,text_found_at_other_position
539,8,烹饪方法,82,84,作粥,text_found_at_other_position
539,9,食材,246,249,决明子,text_found_at_other_position
539,10,烹饪方法,67,69,为末,text_found_at_other_position
539,11,病症,74,77,久失明,text_found_at_other_position
539,12,烹饪方法,80,82,瀹过,text_found_at_other_position
539,13,烹饪方法,121,123,作粥,text_found_at_other_position
539,14,功效,86,88,明目,text_found_at_other_position
539,15,病症,100,102,喘嗽,text_found_at_other_position
539,16,病症,104,107,息有声,text_found_at_other_position
539,17,病症,108,110,唾粘,text_found_at_other_position
539,18,食材,78,79,叶,text_found_at_other_position
539,19,烹饪方法,111,112,浸,text_found_at_other_position
539,20,烹饪方法,113,115,捣汁,text_found_at_other_position
539,21,食材,117,120,杏仁泥,text_found_at_other_position
539,22,食材,177,179,车前,text_found_at_other_position
539,23,食材,192,195,车前草,text_found_at_other_position
539,24,食材,200,203,车前子,text_found_at_other_position
539,25,功效,208,210,利尿,text_found_at_other_position
539,26,功效,212,216,渗利水湿,text_found_at_other_position
539,27,功效,237,241,清泄湿热,text_found_at_other_position
539,28,食材,55,62,决明子,text_found_at_other_position
539,29,功效,269,273,清热明目,text_found_at_other_position
539,30,功效,226,228,利尿,text_found_at_other_position
539,31,食材,90,91,蓝,text_found_at_other_position
539,32,食材,294,296,蓝实,text_found_at_other_position
539,33,食材,299,301,蓝子,text_found_at_other_position
539,34,食性,317,318,寒,text_found_at_other_position
539,35,食味,315,316,甘,text_found_at_other_position
539,36,功效,321,325,清热解毒,text_found_at_other_position
540,1,食疗方,0,7,桂花粥,entity_text_not_found_in_current_passage
540,2,功效,8,10,悦神,text_found_at_other_position
540,3,食疗方,12,25,木樨糖点粥,entity_text_not_found_in_current_passage
540,4,功效,26,30,开胃畅膈,text_found_at_other_position
540,5,食疗方,32,39,桂浆粥,entity_text_not_found_in_current_passage
540,6,食材,40,42,官桂,text_found_at_other_position
540,7,烹饪方法,42,43,熬,text_found_at_other_position
540,8,食材,43,44,水,text_found_at_other_position
540,9,烹饪方法,44,45,煮,text_found_at_other_position
540,10,食材,45,46,粥,text_found_at_other_position
540,11,功效,47,49,祛寒,text_found_at_other_position
540,12,食材,51,52,蜜,text_found_at_other_position
540,13,功效,52,54,和中,text_found_at_other_position
540,14,食疗方,55,58,桂子粥,text_found_at_other_position
540,15,功效,58,60,暖脏,text_found_at_other_position
540,16,食疗方,62,69,椿芽粥,entity_text_not_found_in_current_passage
540,17,功效,70,72,畅气,text_found_at_other_position
540,18,功效,73,76,去头风,text_found_at_other_position
540,19,禁忌,87,91,食之多睡,text_found_at_other_position
540,20,食材,96,98,榆钱,text_found_at_other_position
540,21,食材,99,100,面,text_found_at_other_position
540,22,古籍来源,104,108,《唐书》,text_found_at_other_position
540,23,古籍来源,136,146,《本草纲目.木部二》,text_found_at_other_position
540,24,食材,200,202,榆皮,text_found_at_other_position
540,25,烹饪方法,217,218,捣,text_found_at_other_position
541,1,食材,12,13,粥,exact_match
541,2,食材,84,86,白粲,exact_match
541,3,古籍来源,118,122,《月令》,text_found_at_other_position
541,4,古籍来源,158,162,《檀弓》,text_found_at_other_position
541,5,古籍来源,212,216,《左传》,text_found_at_other_position
542,1,食材,28,31,淡竹叶,exact_match
542,2,功效,8,11,除烦热,exact_match
542,3,功效,13,16,利小便,exact_match
542,4,功效,17,19,清心,exact_match
542,5,古籍来源,21,25,《纲目》,exact_match
542,6,烹饪方法,31,33,煎汤,exact_match
542,7,烹饪方法,33,35,煮饭,exact_match
542,8,功效,39,41,辟暑,exact_match
542,9,烹饪方法,45,47,煮粥,exact_match
542,10,食疗方,51,58,贝母粥,entity_text_not_found_in_current_passage
542,11,古籍来源,245,248,资生录,text_found_at_other_position
542,12,功效,68,72,化痰止嗽,text_found_at_other_position
542,13,功效,73,75,止血,text_found_at_other_position
542,14,烹饪方法,76,77,研,text_found_at_other_position
542,15,病症,85,87,喉痹,text_found_at_other_position
542,16,病症,87,89,目眩,text_found_at_other_position
542,17,功效,90,92,开郁,text_found_at_other_position
542,18,食材,131,133,贝母,text_found_at_other_position
542,19,古籍来源,121,125,《尔雅》,text_found_at_other_position
542,20,食疗方,159,166,竹叶粥,entity_text_not_found_in_current_passage
542,21,古籍来源,167,174,《奉亲养老书》,text_found_at_other_position
542,22,病症,177,179,内热,text_found_at_other_position
542,23,病症,180,182,月赤,text_found_at_other_position
542,24,病症,183,185,头痛,text_found_at_other_position
542,25,食材,187,189,石膏,text_found_at_other_position
542,26,烹饪方法,190,192,同煮,text_found_at_other_position
542,27,食材,196,198,沙糖,text_found_at_other_position
542,28,医家,202,204,仲景,text_found_at_other_position
542,29,古籍来源,206,211,竹叶石膏汤,text_found_at_other_position
542,30,病症,222,226,时邪发热,text_found_at_other_position
542,31,功效,237,239,解渴,text_found_at_other_position
542,32,功效,264,266,解郁,text_found_at_other_position
543,1,食材,14,18,淡莱,entity_text_not_found_in_current_passage
543,2,古籍来源,22,28,《行厨纪要》,text_found_at_other_position
543,3,功效,30,33,止泄泻,text_found_at_other_position
543,4,功效,34,36,补肾,text_found_at_other_position
543,5,病症,42,44,劳伤,text_found_at_other_position
543,6,病症,46,50,精血衰少,text_found_at_other_position
543,7,病症,51,53,吐血,text_found_at_other_position
543,8,病症,56,58,腰痈,text_found_at_other_position
543,9,病症,61,62,瘿,text_found_at_other_position
543,10,古籍来源,72,78,《刊石药验》,text_found_at_other_position
543,11,食材,85,87,萝卜,text_found_at_other_position
543,12,食材,91,93,冬瓜,text_found_at_other_position
543,13,食材,94,95,米,text_found_at_other_position
543,14,食疗方,109,116,鸡汁粥,entity_text_not_found_in_current_passage
543,15,古籍来源,117,123,《食医心镜》,text_found_at_other_position
543,16,病症,127,129,狂疾,text_found_at_other_position
543,17,食材,133,135,雄鸡,text_found_at_other_position
543,18,古籍来源,137,145,《奉亲养老书》,entity_text_not_found_in_current_passage
543,19,病症,148,150,脚气,text_found_at_other_position
543,20,食材,152,156,乌骨雄鸡,text_found_at_other_position
543,21,功效,162,166,补虚养血,text_found_at_other_position
543,22,禁忌,175,179,风病忌食,text_found_at_other_position
543,23,医家,180,183,陶弘景,text_found_at_other_position
543,24,古籍来源,183,187,《真诰》,text_found_at_other_position
543,25,食材,192,195,白雄鸡,text_found_at_other_position
543,26,功效,197,199,辟邪,text_found_at_other_position
543,27,食材,200,202,野鸡,text_found_at_other_position
543,28,食疗方,207,214,鸭汁粥,entity_text_not_found_in_current_passage
543,29,病症,224,228,水病垂死,text_found_at_other_position
543,30,食材,229,232,青头鸭,text_found_at_other_position
543,31,烹饪方法,95,96,煮,text_found_at_other_position
543,32,功效,243,247,补旋除热,text_found_at_other_position
543,33,功效,248,251,利水道,text_found_at_other_position
543,34,功效,253,256,止热痢,text_found_at_other_position
543,35,古籍来源,256,260,《禽经》,text_found_at_other_position
543,36,古籍来源,266,270,《别录》,text_found_at_other_position
543,37,古籍来源,274,280,《名医别录》,text_found_at_other_position
543,38,病症,282,283,瘘,text_found_at_other_position
543,39,古籍来源,294,300,《行盱纪要》,text_found_at_other_position
543,40,医家,302,305,冯耘庐,text_found_at_other_position
543,41,养生原则,98,102,最益老人,text_found_at_other_position
544,1,食性,28,29,平,text_found_at_other_position
544,2,食性,40,41,热,text_found_at_other_position
544,3,病症,34,35,渴,text_found_at_other_position
544,4,古籍来源,56,60,《梵书》,text_found_at_other_position
544,5,食材,79,81,腐浆,text_found_at_other_position
544,6,食材,89,90,豆,text_found_at_other_position
544,7,功效,101,103,润肺,text_found_at_other_position
544,8,功效,104,107,消胀满,text_found_at_other_position
544,9,功效,108,113,下大肠浊气,text_found_at_other_position
544,10,功效,114,117,利小便,text_found_at_other_position
544,11,禁忌,118,126,暑月入人汗有毒,entity_text_not_found_in_current_passage
544,12,食材,131,134,甜浆粥,text_found_at_other_position
544,13,功效,135,138,解煤毒,text_found_at_other_position
544,14,食材,308,311,龙眼肉,text_found_at_other_position
544,15,功效,168,172,开胃悦智,text_found_at_other_position
544,16,功效,173,177,养心益智,text_found_at_other_position
544,17,功效,180,183,通神明,text_found_at_other_position
544,18,古籍来源,197,203,《本草衍义》,text_found_at_other_position
544,19,功效,235,238,治邪气,text_found_at_other_position
544,20,功效,244,248,久服强魂,text_found_at_other_position
544,21,功效,249,253,轻身不老,text_found_at_other_position
544,22,食材,255,259,大枣,entity_text_not_found_in_current_passage
544,23,功效,282,285,皮利肉,text_found_at_other_position
545,1,食材,31,33,松实,text_found_at_other_position
545,2,食材,40,44,菊苗,entity_text_not_found_in_current_passage
545,3,食材,131,135,菊花,entity_text_not_found_in_current_passage
545,4,食味,92,93,甘,text_found_at_other_position
545,5,食味,97,98,苦,exact_match
545,6,功效,57,60,清头目,text_found_at_other_position
545,7,功效,64,69,除胸中烦热,text_found_at_other_position
545,8,功效,70,74,去风眩,entity_text_not_found_in_current_passage
545,9,功效,75,78,安肠胃,text_found_at_other_position
545,10,功效,144,147,养肝血,text_found_at_other_position
545,11,功效,148,151,悦颜色,text_found_at_other_position
545,12,功效,152,155,清风眩,text_found_at_other_position
545,13,功效,157,159,除热,text_found_at_other_position
545,14,功效,160,163,解渴,entity_text_not_found_in_current_passage
545,15,功效,164,166,明目,text_found_at_other_position
545,16,功效,255,259,治诸疮毒,text_found_at_other_position
545,17,古籍来源,16,21,《列仙传》,exact_match
545,18,古籍来源,48,54,《夭宝单方》,text_found_at_other_position
545,19,古籍来源,80,84,《花谱》,text_found_at_other_position
545,20,古籍来源,228,233,《采珍集》,text_found_at_other_position
545,21,医家,306,308,刘向,text_found_at_other_position
545,22,医家,319,321,陈枚,text_found_at_other_position
545,23,烹饪方法,205,207,煮粥,text_found_at_other_position
545,24,烹饪方法,210,213,晒干,entity_text_not_found_in_current_passage
545,25,烹饪方法,214,216,磨粉,text_found_at_other_position
545,26,烹饪方法,200,202,点茶,text_found_at_other_position
545,27,食疗方,220,227,梅花粥,entity_text_not_found_in_current_passage
546,1,古籍来源,285,291,《韩诗外传》,text_found_at_other_position
546,2,古籍来源,195,204,《左传.昭公七年》,text_found_at_other_position
546,3,古籍来源,436,440,《粥谱》,text_found_at_other_position
546,4,食材,42,43,粥,exact_match
546,5,食材,123,125,陈粟,text_found_at_other_position
546,6,食材,619,622,陈仓米,text_found_at_other_position
546,7,烹饪方法,260,261,煮,text_found_at_other_position
546,8,养生原则,129,131,养老,text_found_at_other_position
546,9,医家,296,298,韩婴,text_found_at_other_position
547,1,食材,212,214,粳米,text_found_at_other_position
547,2,食材,110,112,晚稻,text_found_at_other_position
547,3,食材,119,121,早稻,text_found_at_other_position
547,4,食材,125,128,陈藻米,text_found_at_other_position
547,5,食材,135,137,秋谷,text_found_at_other_position
547,6,食材,172,175,炒舟米,text_found_at_other_position
547,7,食材,180,183,焦锅笆,text_found_at_other_position
547,8,古籍来源,204,210,《本草纲目》,text_found_at_other_position
547,9,食材,215,217,籼米,text_found_at_other_position
547,10,食材,218,221,粟米,entity_text_not_found_in_current_passage
547,11,食材,222,224,粱米,text_found_at_other_position
547,12,功效,228,231,利小便,text_found_at_other_position
547,13,功效,233,236,止烦渴,text_found_at_other_position
547,14,功效,237,240,养脾胃,text_found_at_other_position
547,15,食材,241,243,糯米,text_found_at_other_position
547,16,食材,244,247,秫米,entity_text_not_found_in_current_passage
547,17,食材,248,250,黍米,text_found_at_other_position
547,18,功效,254,256,益气,text_found_at_other_position
547,19,病症,258,264,庞寒泄痢吐逆,text_found_at_other_position
547,20,食材,324,327,陈麇米,text_found_at_other_position
547,21,食材,330,333,陈仓米,text_found_at_other_position
548,1,古籍来源,1,5,《食疗》,exact_match
548,2,古籍来源,5,9,《食治》,exact_match
548,3,古籍来源,9,13,《食医》,exact_match
548,4,古籍来源,14,19,《服食经》,exact_match
548,5,古籍来源,19,25,《饮膳正要》,exact_match
548,6,食疗方,60,63,人参粥,exact_match
548,7,功效,76,80,补元气,entity_text_not_found_in_current_passage
548,8,食材,259,261,珍珠,text_found_at_other_position
548,9,养生原则,338,340,颐养,text_found_at_other_position
549,1,古籍来源,0,5,《粥谱》,entity_text_not_found_in_current_passage
549,2,食材,176,177,米,exact_match
549,3,食材,181,182,水,exact_match
549,4,烹饪方法,54,55,煮,exact_match
549,5,功效,9,11,益人,exact_match
549,6,功效,110,112,调养,exact_match
549,7,功效,122,124,治疾,exact_match
549,8,养生原则,208,220,气味轻清香美适口者为上品,exact_match
549,9,养生原则,221,228,少逊者为中品,entity_text_not_found_in_current_passage
549,10,养生原则,229,235,重浊者为下品,exact_match
550,1,食材,45,48,玫瑰片,exact_match
550,2,食材,49,51,梅酱,exact_match
550,3,食材,54,56,梅干,exact_match
550,4,食材,64,66,桂花,exact_match
550,5,食材,89,92,鸟梅肉,text_found_at_other_position
550,6,食材,103,105,洋糖,text_found_at_other_position
550,7,食材,108,110,生姜,text_found_at_other_position
550,8,食材,111,113,甘草,text_found_at_other_position
550,9,食材,133,135,乌梅,text_found_at_other_position
550,10,食材,177,179,沙糖,text_found_at_other_position
550,11,食材,212,214,红梅,text_found_at_other_position
550,12,食材,217,219,白矾,text_found_at_other_position
550,13,烹饪方法,0,2,切碎,exact_match
550,14,烹饪方法,97,98,焯,text_found_at_other_position
550,15,烹饪方法,118,120,捣烂,text_found_at_other_position
550,16,烹饪方法,21,22,煎,exact_match
550,17,烹饪方法,173,175,捶碎,text_found_at_other_position
550,18,烹饪方法,187,188,煮,text_found_at_other_position
550,19,烹饪方法,48,49,拌,exact_match
550,20,烹饪方法,60,61,泡,exact_match
550,21,食疗方,80,87,鸟梅饼,entity_text_not_found_in_current_passage
550,22,食疗方,124,131,鸟梅膏,entity_text_not_found_in_current_passage
550,23,食疗方,156,163,鸟梅酱,entity_text_not_found_in_current_passage
551,1,食材,8,10,猪头,text_found_at_other_position
551,2,食材,32,33,酒,text_found_at_other_position
551,3,食材,36,38,酱油,text_found_at_other_position
551,4,食材,43,44,盐,text_found_at_other_position
551,5,食材,47,49,葱姜,text_found_at_other_position
551,6,食材,50,52,桂皮,text_found_at_other_position
551,7,食材,60,62,瓦片,text_found_at_other_position
551,8,食材,73,75,竹架,text_found_at_other_position
551,9,食材,131,133,松鲞,text_found_at_other_position
551,10,食材,154,156,粟丁,text_found_at_other_position
551,11,食材,157,160,香子仁,text_found_at_other_position
551,12,食材,160,163,香蕈丝,text_found_at_other_position
551,13,食材,164,167,木耳丝,text_found_at_other_position
551,14,食材,168,170,笋丁,text_found_at_other_position
551,15,烹饪方法,0,1,蒸,exact_match
551,16,烹饪方法,100,101,烧,text_found_at_other_position
551,17,烹饪方法,144,145,煨,text_found_at_other_position
551,18,烹饪方法,108,109,煮,text_found_at_other_position
551,19,烹饪方法,183,184,切,text_found_at_other_position
552,1,食材,0,1,醋,exact_match
552,2,食材,69,71,猪肚,text_found_at_other_position
552,3,食材,44,45,盐,exact_match
552,4,食材,45,46,酒,exact_match
552,5,食材,49,50,矾,exact_match
552,6,食材,202,204,糯米,text_found_at_other_position
552,7,食材,205,207,火腿,text_found_at_other_position
552,8,食材,222,224,百合,text_found_at_other_position
552,9,食材,225,227,建莲,text_found_at_other_position
552,10,食材,228,230,芡仁,text_found_at_other_position
552,11,食材,161,162,葱,text_found_at_other_position
552,12,食材,164,165,蜜,text_found_at_other_position
552,13,食材,166,168,蛋清,text_found_at_other_position
552,14,食材,251,255,香蕈粉,entity_text_not_found_in_current_passage
552,15,食材,265,267,肉汁,text_found_at_other_position
552,16,烹饪方法,46,47,煮,exact_match
552,17,烹饪方法,214,215,煨,text_found_at_other_position
552,18,烹饪方法,60,61,炒,exact_match
552,19,烹饪方法,97,99,炮炒,text_found_at_other_position
552,20,烹饪方法,168,169,粘,text_found_at_other_position
552,21,烹饪方法,180,181,压,text_found_at_other_position
552,22,烹饪方法,196,197,灌,text_found_at_other_position
552,23,烹饪方法,89,90,切,text_found_at_other_position
552,24,烹饪方法,207,209,切丁,text_found_at_other_position
552,25,烹饪方法,216,218,切块,text_found_at_other_position
552,26,烹饪方法,256,258,切段,text_found_at_other_position
552,27,烹饪方法,263,264,缝,text_found_at_other_position
553,1,食材,5,7,大茴,exact_match
553,2,食材,9,11,花椒,exact_match
553,3,食材,17,20,大葱头,exact_match
553,4,食材,23,24,醋,exact_match
553,5,食材,62,64,牛肉,text_found_at_other_position
553,6,食材,55,56,盐,text_found_at_other_position
553,7,食材,143,145,稻草,text_found_at_other_position
553,8,食材,313,315,甜酱,text_found_at_other_position
553,9,食材,316,317,酒,text_found_at_other_position
553,10,食材,321,323,莱油,text_found_at_other_position
553,11,食材,358,360,牛舌,text_found_at_other_position
553,12,烹饪方法,196,197,晒,text_found_at_other_position
553,13,烹饪方法,99,100,压,text_found_at_other_position
553,14,烹饪方法,279,280,煮,text_found_at_other_position
553,15,烹饪方法,350,351,煨,text_found_at_other_position
553,16,烹饪方法,381,382,腌,text_found_at_other_position
553,17,烹饪方法,382,384,风干,text_found_at_other_position
553,18,烹饪方法,44,45,切,text_found_at_other_position
553,19,烹饪方法,299,300,拆,text_found_at_other_position
553,20,食疗方,233,236,牛肉脯,text_found_at_other_position
554,1,食材,15,17,曲末,exact_match
554,2,食材,27,28,米,exact_match
554,3,食材,99,101,白面,text_found_at_other_position
554,4,食材,104,107,糯米粉,text_found_at_other_position
554,5,食材,343,345,糯米,text_found_at_other_position
554,6,食材,182,184,黄米,text_found_at_other_position
554,7,食材,188,190,绿豆,text_found_at_other_position
554,8,食材,325,327,莲花,text_found_at_other_position
554,9,烹饪方法,26,27,炊,exact_match
554,10,烹饪方法,43,44,煎,exact_match
554,11,烹饪方法,17,18,投,exact_match
554,12,烹饪方法,126,127,踏,text_found_at_other_position
554,13,烹饪方法,146,147,晒,text_found_at_other_position
554,14,烹饪方法,148,149,露,text_found_at_other_position
554,15,烹饪方法,196,197,磨,text_found_at_other_position
554,16,烹饪方法,203,204,簸,text_found_at_other_position
554,17,烹饪方法,207,208,浸,text_found_at_other_position
554,18,烹饪方法,224,225,和,text_found_at_other_position
554,19,烹饪方法,271,272,跨,text_found_at_other_position
554,20,功效,59,64,去风劳令气,exact_match
554,21,功效,65,71,身中积滞宿疾,exact_match
554,22,功效,72,77,令人肥健,entity_text_not_found_in_current_passage
554,23,功效,78,82,行如奔马,exact_match
554,24,禁忌,305,309,不可多放,text_found_at_other_position
554,25,食疗方,94,98,白曲,entity_text_not_found_in_current_passage
554,26,食疗方,162,175,内府秘传曲,entity_text_not_found_in_current_passage
554,27,食疗方,317,324,莲花曲,entity_text_not_found_in_current_passage
555,1,食材,14,15,蛋,exact_match
555,2,食材,42,44,丁香,text_found_at_other_position
555,3,食材,44,46,桂皮,text_found_at_other_position
555,4,食材,46,48,酱油,text_found_at_other_position
555,5,食材,50,52,老酒,text_found_at_other_position
555,6,食材,74,76,火腿,text_found_at_other_position
555,7,食材,76,78,鲜肉,text_found_at_other_position
555,8,食材,79,80,鸡,text_found_at_other_position
555,9,食材,81,82,鸭,text_found_at_other_position
555,10,食材,143,145,牛乳,text_found_at_other_position
555,11,食材,154,157,胡桃仁,text_found_at_other_position
555,12,食材,169,171,冰糖,text_found_at_other_position
555,13,食材,206,208,姜汁,text_found_at_other_position
555,14,烹饪方法,8,9,煮,exact_match
555,15,烹饪方法,52,53,煨,text_found_at_other_position
555,16,烹饪方法,128,129,蒸,text_found_at_other_position
555,17,烹饪方法,161,162,研,text_found_at_other_position
555,18,功效,188,190,补益,text_found_at_other_position
555,19,病症,194,197,气燥,entity_text_not_found_in_current_passage
555,20,病症,200,202,有痰,text_found_at_other_position
556,1,食材,0,1,盐,exact_match
556,2,食材,3,4,水,text_found_at_other_position
556,3,食材,11,13,榛仁,text_found_at_other_position
556,4,烹饪方法,16,17,炒,text_found_at_other_position
556,5,食材,30,32,脂油,text_found_at_other_position
556,6,烹饪方法,22,23,炸,text_found_at_other_position
556,7,食材,37,39,洋糖,text_found_at_other_position
556,8,食材,41,43,松仁,text_found_at_other_position
556,9,烹饪方法,54,55,摊,text_found_at_other_position
556,10,烹饪方法,59,60,焙,text_found_at_other_position
556,11,食材,66,68,松子,text_found_at_other_position
556,12,食材,69,71,防风,text_found_at_other_position
556,13,食材,90,92,酥油,text_found_at_other_position
556,14,食材,100,102,白面,text_found_at_other_position
556,15,烹饪方法,109,112,化开,entity_text_not_found_in_current_passage
556,16,烹饪方法,121,123,搅匀,text_found_at_other_position
556,17,烹饪方法,128,130,揉擦,text_found_at_other_position
556,18,烹饪方法,137,139,擀平,text_found_at_other_position
556,19,烹饪方法,143,144,印,text_found_at_other_position
556,20,食材,50,52,松仁,text_found_at_other_position
556,21,烹饪方法,154,155,炙,text_found_at_other_position
556,22,食性,182,184,微温,text_found_at_other_position
556,23,食味,186,187,辛,text_found_at_other_position
556,24,食味,187,188,甘,text_found_at_other_position
556,25,功效,192,194,发表,text_found_at_other_position
556,26,功效,196,198,祛风,text_found_at_other_position
556,27,功效,199,201,胜湿,text_found_at_other_position
557,1,食材,70,72,鹌鹑,text_found_at_other_position
557,2,食材,62,64,竹鸡,text_found_at_other_position
557,3,食材,65,68,鸽子,entity_text_not_found_in_current_passage
557,4,食材,68,70,黄雀,text_found_at_other_position
557,5,食材,80,82,野鸡,text_found_at_other_position
557,6,食材,83,85,麻雀,text_found_at_other_position
557,7,食材,88,91,山禽,entity_text_not_found_in_current_passage
557,8,食材,213,214,鱼,text_found_at_other_position
557,9,食材,23,25,椒盐,text_found_at_other_position
557,10,食材,28,29,酒,text_found_at_other_position
557,11,食材,36,37,葱,text_found_at_other_position
557,12,食材,94,96,茶油,text_found_at_other_position
557,13,食材,106,109,芝麻油,text_found_at_other_position
557,14,食材,115,118,脂油,entity_text_not_found_in_current_passage
557,15,食材,123,125,熟饭,text_found_at_other_position
557,16,食材,139,141,姜丝,text_found_at_other_position
557,17,食材,149,152,甜酱瓜,text_found_at_other_position
557,18,食材,166,168,甜酒,text_found_at_other_position
557,19,食材,169,171,莱油,text_found_at_other_position
557,20,烹饪方法,16,18,洗净,text_found_at_other_position
557,21,烹饪方法,50,51,煮,text_found_at_other_position
557,22,烹饪方法,54,56,晒干,text_found_at_other_position
557,23,烹饪方法,76,77,炒,text_found_at_other_position
557,24,烹饪方法,142,143,炙,text_found_at_other_position
557,25,烹饪方法,131,132,滚,text_found_at_other_position
557,26,烹饪方法,133,134,捞,text_found_at_other_position
557,27,烹饪方法,148,149,配,text_found_at_other_position
557,28,烹饪方法,171,173,和匀,text_found_at_other_position
559,1,食材,18,20,松菌,text_found_at_other_position
559,2,食材,11,13,熟肚,text_found_at_other_position
559,3,食材,48,50,鱼翅,text_found_at_other_position
559,4,食材,61,63,生肚,text_found_at_other_position
559,5,食材,87,89,豆粉,text_found_at_other_position
559,6,食材,90,92,鸡汤,text_found_at_other_position
559,7,食材,38,39,肚,text_found_at_other_position
559,8,食材,98,99,肺,text_found_at_other_position
559,9,食材,145,147,火腿,text_found_at_other_position
559,10,食材,148,152,小红萝卜,text_found_at_other_position
559,11,食材,190,192,笋片,text_found_at_other_position
559,12,食材,76,78,香蕈,text_found_at_other_position
559,13,食材,197,199,木耳,text_found_at_other_position
559,14,食材,213,215,鸡片,text_found_at_other_position
559,15,烹饪方法,13,15,切丝,text_found_at_other_position
559,16,烹饪方法,26,27,拌,text_found_at_other_position
559,17,烹饪方法,47,48,煮,text_found_at_other_position
559,18,烹饪方法,78,79,炒,text_found_at_other_position
559,19,烹饪方法,109,110,煨,text_found_at_other_position
559,20,烹饪方法,139,143,切小方块,text_found_at_other_position
560,1,食材,126,128,鲟鱼,text_found_at_other_position
560,2,食材,24,26,冬笋,text_found_at_other_position
560,3,食材,28,30,酒娘,text_found_at_other_position
560,4,食材,40,42,洋糖,text_found_at_other_position
560,5,食材,54,55,鲱,text_found_at_other_position
560,6,食材,59,60,盐,text_found_at_other_position
560,7,食材,65,66,椒,text_found_at_other_position
560,8,食材,70,72,麻油,text_found_at_other_position
560,9,食材,75,79,鹅卵石,entity_text_not_found_in_current_passage
560,10,食材,80,82,鳇鱼,text_found_at_other_position
560,11,食材,99,101,火腿,text_found_at_other_position
560,12,食材,136,138,鸡油,text_found_at_other_position
560,13,食材,145,147,香蕈,text_found_at_other_position
560,14,食材,148,150,青笄,text_found_at_other_position
560,15,食材,189,191,黄酒,text_found_at_other_position
560,16,食材,192,194,酱油,text_found_at_other_position
560,17,食材,195,198,茴香,entity_text_not_found_in_current_passage
560,18,食材,200,201,姜,text_found_at_other_position
560,19,烹饪方法,8,12,切骰子块,text_found_at_other_position
560,20,烹饪方法,12,14,煮熟,text_found_at_other_position
560,21,烹饪方法,35,36,煮,text_found_at_other_position
560,22,烹饪方法,64,65,拌,text_found_at_other_position
560,23,烹饪方法,73,74,压,text_found_at_other_position
560,24,烹饪方法,91,92,煨,text_found_at_other_position
560,25,烹饪方法,105,108,切方块,text_found_at_other_position
560,26,烹饪方法,116,118,下锅,text_found_at_other_position
560,27,烹饪方法,138,140,煮透,text_found_at_other_position
560,28,烹饪方法,177,181,切大方块,text_found_at_other_position
560,29,烹饪方法,183,184,滚,text_found_at_other_position
560,30,烹饪方法,219,221,起锅,text_found_at_other_position
560,31,烹饪方法,221,222,装,text_found_at_other_position
561,1,食材,0,2,肥鸡,exact_match
561,2,食材,70,72,虾油,exact_match
561,3,食材,73,75,糟酒,exact_match
561,4,食材,128,130,酱油,text_found_at_other_position
561,5,食材,94,95,脯,text_found_at_other_position
561,6,食材,146,148,腐皮,text_found_at_other_position
561,7,食材,153,155,海参,text_found_at_other_position
561,8,食材,162,166,青莱心,entity_text_not_found_in_current_passage
561,9,烹饪方法,59,61,片取,exact_match
561,10,烹饪方法,43,45,煮熟,exact_match
561,11,烹饪方法,49,52,沥干,entity_text_not_found_in_current_passage
561,12,烹饪方法,81,82,蘸,exact_match
561,13,烹饪方法,101,103,晒干,text_found_at_other_position
561,14,烹饪方法,107,108,煮,text_found_at_other_position
561,15,烹饪方法,115,117,切块,text_found_at_other_position
561,16,烹饪方法,118,120,划开,text_found_at_other_position
561,17,烹饪方法,124,126,油炸,text_found_at_other_position
561,18,烹饪方法,166,167,煨,text_found_at_other_position
561,19,烹饪方法,148,149,裹,text_found_at_other_position
561,20,烹饪方法,150,152,切段,text_found_at_other_position
561,21,食材,132,133,葱,text_found_at_other_position
561,22,食材,134,136,姜汁,text_found_at_other_position
562,1,食材,0,2,石耳,exact_match
562,2,食材,6,7,鸭,exact_match
562,3,食材,10,12,鱼肚,exact_match
562,4,食材,30,32,黄酒,exact_match
562,5,食材,37,39,糟鸭,exact_match
562,6,食材,75,77,火腿,exact_match
562,7,食材,80,82,鸭舌,exact_match
562,8,食材,46,47,鸡,exact_match
562,9,食材,48,51,鸭肫肝,exact_match
562,10,食材,72,74,瓤肉,exact_match
562,11,食材,119,121,苡仁,exact_match
562,12,食材,122,124,莲肉,exact_match
562,13,食材,126,128,杂果,exact_match
562,14,食材,139,141,山药,text_found_at_other_position
562,15,食材,142,144,百合,text_found_at_other_position
562,16,食材,147,149,糟鱼,text_found_at_other_position
562,17,食材,164,166,洋糖,text_found_at_other_position
562,18,食材,167,169,火酒,text_found_at_other_position
562,19,食材,193,195,鱼酱,text_found_at_other_position
562,20,食材,205,208,芷果叶,text_found_at_other_position
562,21,食材,219,221,鲫鱼,text_found_at_other_position
562,22,食材,229,231,鲞鱼,text_found_at_other_position
562,23,食材,265,267,鲢鱼,text_found_at_other_position
562,24,食材,272,274,酱油,text_found_at_other_position
562,25,烹饪方法,2,3,煨,exact_match
562,26,烹饪方法,19,20,煮,exact_match
562,27,烹饪方法,32,33,浸,exact_match
562,28,烹饪方法,40,41,切,exact_match
562,29,烹饪方法,144,145,烧,text_found_at_other_position
562,30,烹饪方法,152,154,油炸,text_found_at_other_position
562,31,烹饪方法,154,156,红烧,text_found_at_other_position
562,32,烹饪方法,199,200,焖,text_found_at_other_position
562,33,烹饪方法,216,217,炒,text_found_at_other_position
562,34,烹饪方法,279,280,烘,text_found_at_other_position
562,35,烹饪方法,269,271,晒干,text_found_at_other_position
562,36,烹饪方法,276,278,煮干,text_found_at_other_position
562,37,食疗方,106,109,八宝鸭,exact_match
562,38,古籍来源,295,297,抄本,text_found_at_other_position
563,1,食材,42,44,猪头,text_found_at_other_position
563,2,食材,22,24,甜酒,text_found_at_other_position
563,3,食材,53,54,葱,text_found_at_other_position
563,4,食材,58,60,八角,text_found_at_other_position
563,5,食材,71,73,酱油,text_found_at_other_position
563,6,食材,77,78,糖,text_found_at_other_position
563,7,食材,100,102,开水,text_found_at_other_position
563,8,食材,296,299,大蒜,entity_text_not_found_in_current_passage
563,9,食材,305,308,鲜柑花,text_found_at_other_position
563,10,食材,340,342,芥末,text_found_at_other_position
563,11,食材,343,345,花椒,text_found_at_other_position
563,12,食材,347,348,醋,text_found_at_other_position
563,13,烹饪方法,5,6,煨,text_found_at_other_position
563,14,烹饪方法,50,51,煮,text_found_at_other_position
563,15,烹饪方法,120,121,烧,text_found_at_other_position
563,16,烹饪方法,191,192,蒸,text_found_at_other_position
563,17,烹饪方法,233,235,泡洗,text_found_at_other_position
563,18,烹饪方法,239,240,擦,text_found_at_other_position
563,19,烹饪方法,299,300,捣,text_found_at_other_position
563,20,烹饪方法,339,340,拌,text_found_at_other_position
563,21,食疗方,215,222,蒸猪头,entity_text_not_found_in_current_passage
564,1,食材,69,71,鳊鱼,text_found_at_other_position
564,2,食材,16,18,脂油,text_found_at_other_position
564,3,食材,24,26,姜汁,text_found_at_other_position
564,4,食材,27,29,葱条,text_found_at_other_position
564,5,食材,45,47,酱油,text_found_at_other_position
564,6,食材,47,48,酒,text_found_at_other_position
564,7,食材,54,55,姜,text_found_at_other_position
564,8,食材,57,58,醋,text_found_at_other_position
564,9,食材,105,106,盐,text_found_at_other_position
564,10,烹饪方法,0,1,炖,exact_match
564,11,烹饪方法,8,10,剖洗,text_found_at_other_position
564,12,烹饪方法,18,20,切丁,text_found_at_other_position
564,13,烹饪方法,20,22,铺面,text_found_at_other_position
564,14,烹饪方法,49,52,重汤炖,text_found_at_other_position
564,15,烹饪方法,73,74,蒸,text_found_at_other_position
564,16,烹饪方法,77,79,拆碎,text_found_at_other_position
564,17,烹饪方法,60,61,拌,text_found_at_other_position
564,18,烹饪方法,106,107,腌,text_found_at_other_position
564,19,烹饪方法,111,113,油煎,text_found_at_other_position
564,20,烹饪方法,93,94,烹,text_found_at_other_position
564,21,烹饪方法,132,133,煨,text_found_at_other_position
564,22,烹饪方法,164,166,摊饼,text_found_at_other_position
564,23,烹饪方法,173,174,裹,text_found_at_other_position
564,24,烹饪方法,185,186,烧,text_found_at_other_position
564,25,烹饪方法,195,197,去面,text_found_at_other_position
564,26,烹饪方法,199,201,釜烹,text_found_at_other_position
564,27,烹饪方法,216,218,取置,text_found_at_other_position
564,28,烹饪方法,233,235,添入,text_found_at_other_position
566,1,食材,0,4,梅仁,entity_text_not_found_in_current_passage
566,2,食材,10,12,酸浆,text_found_at_other_position
566,3,食材,19,21,杏仁,text_found_at_other_position
566,4,食材,28,30,梅卤,text_found_at_other_position
566,5,食材,55,58,乌梅肉,text_found_at_other_position
566,6,食材,61,63,干葛,text_found_at_other_position
566,7,食材,67,69,檀香,text_found_at_other_position
566,8,食材,72,75,紫苏叶,text_found_at_other_position
566,9,食材,80,81,盐,text_found_at_other_position
566,10,食材,84,86,洋糖,text_found_at_other_position
566,11,食材,134,135,蜜,text_found_at_other_position
566,12,食材,140,142,薄荷,text_found_at_other_position
566,13,食材,156,158,青梅,text_found_at_other_position
566,14,食材,177,178,矾,text_found_at_other_position
566,15,烹饪方法,90,91,捣,text_found_at_other_position
566,16,烹饪方法,97,98,研,text_found_at_other_position
566,17,烹饪方法,168,169,焯,text_found_at_other_position
568,1,食材,6,7,蛋,text_found_at_other_position
568,2,食材,16,18,豆腐,text_found_at_other_position
568,3,食材,23,25,瓜丁,text_found_at_other_position
568,4,食材,26,27,姜,text_found_at_other_position
568,5,食材,30,32,麻油,text_found_at_other_position
568,6,食材,49,51,酱油,text_found_at_other_position
568,7,食材,55,56,醋,text_found_at_other_position
568,8,食材,97,99,蛋黄,text_found_at_other_position
568,9,食材,100,103,木瓜酒,text_found_at_other_position
568,10,食材,127,129,米粉,text_found_at_other_position
568,11,食材,132,135,胡桃仁,text_found_at_other_position
568,12,食材,135,137,洋糖,text_found_at_other_position
568,13,食材,138,140,脂油,text_found_at_other_position
568,14,食材,150,152,鸭蛋,text_found_at_other_position
568,15,食材,167,170,栗柴灰,text_found_at_other_position
568,16,食材,175,177,石灰,text_found_at_other_position
568,17,食材,180,183,豆楷灰,text_found_at_other_position
568,18,食材,187,191,芝麻楷灰,text_found_at_other_position
568,19,食材,21,22,盐,text_found_at_other_position
568,20,烹饪方法,0,1,拌,exact_match
568,21,烹饪方法,11,13,捣碎,text_found_at_other_position
568,22,烹饪方法,3,4,腌,text_found_at_other_position
568,23,烹饪方法,38,40,捺碎,text_found_at_other_position
568,24,烹饪方法,86,87,煮,text_found_at_other_position
568,25,烹饪方法,111,112,炒,text_found_at_other_position
568,26,烹饪方法,125,126,揉,text_found_at_other_position
568,27,烹饪方法,131,132,包,text_found_at_other_position
568,28,烹饪方法,160,162,洗挣,text_found_at_other_position
568,29,食味,9,10,咸,text_found_at_other_position
569,1,食材,0,1,莱,exact_match
569,2,食材,7,9,河豚,exact_match
569,3,食材,11,12,蛑,exact_match
569,4,食材,16,18,鲚鱼,exact_match
569,5,食材,19,21,酱油,exact_match
569,6,食材,24,25,盐,exact_match
569,7,食材,114,118,石灰泥渣,text_found_at_other_position
569,8,食材,180,182,芝麻,text_found_at_other_position
569,9,食味,90,91,苦,exact_match
569,10,食味,2,3,鲜,exact_match
569,11,烹饪方法,32,33,化,exact_match
569,12,烹饪方法,121,122,煮,text_found_at_other_position
569,13,烹饪方法,119,121,下锅,text_found_at_other_position
569,14,烹饪方法,34,35,澄,exact_match
569,15,烹饪方法,109,110,泡,text_found_at_other_position
569,16,烹饪方法,235,236,炙,text_found_at_other_position
569,17,烹饪方法,241,243,取肉,text_found_at_other_position
569,18,古籍来源,201,207,《本草纲目》,text_found_at_other_position
570,1,食材,0,1,椒,exact_match
570,2,食材,103,105,花椒,text_found_at_other_position
570,3,烹饪方法,27,28,研,text_found_at_other_position
570,4,烹饪方法,31,32,焙,text_found_at_other_position
570,5,烹饪方法,37,38,筛,text_found_at_other_position
570,6,烹饪方法,42,46,装袋同煮,text_found_at_other_position
570,7,食材,56,60,椒盐,entity_text_not_found_in_current_passage
570,8,烹饪方法,62,64,炒研,text_found_at_other_position
570,9,食材,89,91,胡椒,text_found_at_other_position
570,10,食材,68,69,盐,text_found_at_other_position
570,11,食材,113,115,葱叶,text_found_at_other_position
571,1,食材,146,149,香稻米,text_found_at_other_position
571,2,食材,159,161,红枣,text_found_at_other_position
571,3,食材,199,201,井水,text_found_at_other_position
571,4,食材,205,207,河水,text_found_at_other_position
571,5,食材,115,117,绿豆,exact_match
571,6,食材,121,123,黍米,exact_match
571,7,食材,79,80,鸭,exact_match
571,8,烹饪方法,168,169,煨,text_found_at_other_position
571,9,烹饪方法,196,197,煮,text_found_at_other_position
571,10,烹饪方法,259,261,搅转,text_found_at_other_position
571,11,食疗方,138,145,香稻粥,entity_text_not_found_in_current_passage
571,12,食疗方,188,195,井水粥,entity_text_not_found_in_current_passage
571,13,养生原则,177,181,五更时用,text_found_at_other_position
571,14,养生原则,183,186,最益人,text_found_at_other_position
571,15,禁忌,46,57,"宁入等粥,毋粥等人",entity_text_not_found_in_current_passage
572,1,食材,16,17,鱼,exact_match
572,2,食材,67,69,河水,exact_match
572,3,食材,149,151,陈酒,exact_match
572,4,食材,152,154,酱油,exact_match
572,5,食材,160,161,瓜,exact_match
572,6,食材,163,164,姜,exact_match
572,7,食材,165,166,蕈,exact_match
572,8,食材,167,168,笋,exact_match
572,9,食材,228,230,木香,exact_match
572,10,食材,231,233,薄荷,exact_match
572,11,食材,244,246,香油,exact_match
572,12,食材,285,287,胡椒,exact_match
572,13,食材,288,290,紫苏,exact_match
572,14,食材,291,292,葱,exact_match
572,15,食材,293,297,香橼皮,entity_text_not_found_in_current_passage
572,16,食材,297,299,桔皮,exact_match
572,17,食材,300,302,菊花,exact_match
572,18,食材,336,338,河鱼,exact_match
572,19,食材,357,360,江梅鱼,exact_match
572,20,食材,378,382,鲤鱼,entity_text_not_found_in_current_passage
572,21,烹饪方法,64,65,煮,exact_match
572,22,烹饪方法,126,127,蒸,exact_match
572,23,烹饪方法,205,206,剖,exact_match
572,24,烹饪方法,240,241,洗,exact_match
572,25,烹饪方法,345,346,烧,exact_match
572,26,烹饪方法,308,309,捶,exact_match
572,27,烹饪方法,321,323,洗擦,exact_match
572,28,禁忌,61,63,大忌,exact_match
572,29,古籍来源,439,448,诗经.陈风.衡门,entity_text_not_found_in_current_passage
573,1,食材,90,93,白糯米,exact_match
573,2,食材,161,163,糯米,text_found_at_other_position
573,3,食材,335,336,麦,text_found_at_other_position
573,4,烹饪方法,6,7,煎,exact_match
573,5,烹饪方法,171,172,炊,text_found_at_other_position
573,6,烹饪方法,399,400,蒸,text_found_at_other_position
573,7,烹饪方法,383,384,压,text_found_at_other_position
573,8,食疗方,135,142,桃源酒,entity_text_not_found_in_current_passage
573,9,古籍来源,275,277,五陵,text_found_at_other_position
574,1,食材,11,13,猪肉,text_found_at_other_position
574,2,食材,29,30,豚,text_found_at_other_position
574,3,古籍来源,181,189,《论语.乡党篇》,text_found_at_other_position
575,1,食材,5,7,盐花,exact_match
575,2,食材,9,11,洋糟,exact_match
575,3,食材,14,16,香霹,exact_match
575,4,烹饪方法,76,78,澄清,text_found_at_other_position
575,5,烹饪方法,87,88,覆,text_found_at_other_position
575,6,烹饪方法,92,93,露,text_found_at_other_position
575,7,烹饪方法,145,147,煮滚,text_found_at_other_position
575,8,烹饪方法,204,206,煅炼,text_found_at_other_position
575,9,烹饪方法,72,73,贮,text_found_at_other_position
575,10,病症,53,55,噎症,text_found_at_other_position
575,11,养生原则,120,132,凡有湖水池浸处皆可取贮,entity_text_not_found_in_current_passage
575,12,养生原则,189,192,去积久,text_found_at_other_position
575,13,养生原则,241,247,雪为珏谷之精,text_found_at_other_position
576,1,食材,17,21,蒌蒿,entity_text_not_found_in_current_passage
576,2,食材,175,177,莴苣,text_found_at_other_position
576,3,烹饪方法,14,15,腌,text_found_at_other_position
576,4,烹饪方法,139,141,晒干,text_found_at_other_position
576,5,烹饪方法,218,219,切,text_found_at_other_position
577,1,食材,2,4,驴腰,exact_match
577,2,食材,5,7,猪腰,exact_match
577,3,食材,12,14,猪脑,exact_match
577,4,食材,20,23,生豆腐,exact_match
577,5,食材,26,28,松仁,exact_match
577,6,食材,29,32,火腿丁,exact_match
577,7,烹饪方法,37,38,烩,exact_match
577,8,食材,49,51,栗肉,exact_match
577,9,烹饪方法,51,52,烧,exact_match
577,10,食材,54,55,羊,exact_match
577,11,食材,68,70,羊腹,exact_match
577,12,食材,62,66,烧红石子,exact_match
577,13,食材,86,89,画眉头,exact_match
577,14,食材,91,93,黑头,exact_match
577,15,食材,96,98,饽饽,exact_match
577,16,食材,101,104,蒲扇尾,exact_match
577,17,食材,113,115,羯羊,exact_match
577,18,食材,145,148,臊羯羊,exact_match
577,19,食材,151,154,柳叶尾,exact_match
577,20,食材,174,176,种羊,exact_match
577,21,食材,180,182,母羊,exact_match
577,22,食材,196,198,水羊,exact_match
577,23,食材,225,227,豆楷,exact_match
577,24,食材,231,234,芝麻油,exact_match
577,25,食材,245,247,羊头,exact_match
577,26,食材,252,256,假画眉头,exact_match
577,27,食材,265,268,五倍子,exact_match
577,28,食材,269,271,皂矾,exact_match
577,29,食材,272,274,桐油,exact_match
577,30,食材,284,288,去皮荸荠,exact_match
577,31,食材,289,291,羊肉,exact_match
577,32,食材,292,295,红萝卜,exact_match
577,33,食材,296,298,荸荠,exact_match
577,34,食材,303,306,白萝卜,exact_match
577,35,烹饪方法,14,16,捣烂,exact_match
577,36,烹饪方法,66,68,填满,exact_match
577,37,烹饪方法,247,249,染色,exact_match
577,38,烹饪方法,276,278,染之,exact_match
577,39,烹饪方法,295,296,削,exact_match
577,40,烹饪方法,299,300,煨,exact_match
577,41,禁忌,162,167,擅臭不可食,exact_match
579,1,食材,54,57,白晚米,text_found_at_other_position
579,2,食材,58,60,糯米,text_found_at_other_position
579,3,食材,75,78,大米,entity_text_not_found_in_current_passage
579,4,食材,81,83,小米,text_found_at_other_position
579,5,食材,89,90,米,text_found_at_other_position
579,6,食材,98,100,冬舂,text_found_at_other_position
579,7,食材,126,128,砻糠,text_found_at_other_position
579,8,食材,134,136,草灰,text_found_at_other_position
579,9,食材,148,151,楝树叶,text_found_at_other_position
579,10,食材,160,163,租稻米,text_found_at_other_position
579,11,食材,183,185,白米,text_found_at_other_position
579,12,食材,188,190,千草,text_found_at_other_position
579,13,食材,215,219,仓底板,entity_text_not_found_in_current_passage
579,14,食材,233,235,芦席,text_found_at_other_position
579,15,食材,292,294,松毛,text_found_at_other_position
579,16,食材,301,303,蟹壳,text_found_at_other_position
579,17,食材,313,316,银条米,text_found_at_other_position
579,18,食材,324,327,湖田白,text_found_at_other_position
579,19,烹饪方法,61,62,煮,text_found_at_other_position
579,20,烹饪方法,143,144,晒,text_found_at_other_position
579,21,烹饪方法,151,152,铺,text_found_at_other_position
579,22,烹饪方法,155,156,贮,text_found_at_other_position
579,23,烹饪方法,128,129,盖,text_found_at_other_position
579,24,烹饪方法,200,201,踏,text_found_at_other_position
579,25,烹饪方法,259,260,架,text_found_at_other_position
579,26,烹饪方法,271,272,垫,text_found_at_other_position
579,27,病症,23,25,体虚,exact_match
579,28,功效,32,34,补益,exact_match
579,29,养生原则,39,42,五更食,exact_match
579,30,养生原则,333,341,居家用之最为合宜,text_found_at_other_position
580,1,食材,8,10,青梅,text_found_at_other_position
580,2,食材,11,14,石灰水,text_found_at_other_position
580,3,食材,94,95,盐,text_found_at_other_position
580,4,食材,109,112,冰糠水,text_found_at_other_position
580,5,食材,128,130,洋糖,text_found_at_other_position
580,6,食材,176,177,姜,text_found_at_other_position
580,7,食材,280,282,杏子,text_found_at_other_position
580,8,食材,301,302,蒜,text_found_at_other_position
580,9,食材,311,313,紫苏,text_found_at_other_position
580,10,食味,39,41,酸涩,text_found_at_other_position
580,11,烹饪方法,0,1,腌,exact_match
580,12,烹饪方法,34,35,泡,text_found_at_other_position
580,13,烹饪方法,61,63,洗净,text_found_at_other_position
580,14,烹饪方法,69,70,晾,text_found_at_other_position
580,15,烹饪方法,72,74,风干,text_found_at_other_position
580,16,烹饪方法,122,123,煎,text_found_at_other_position
580,17,烹饪方法,270,271,晒,text_found_at_other_position
580,18,烹饪方法,260,261,压,text_found_at_other_position
580,19,禁忌,75,84,"不可太干,以致绉缩",text_found_at_other_position
580,20,禁忌,164,167,发徽0,text_found_at_other_position
581,1,食材,32,33,鸡,text_found_at_other_position
581,2,食材,33,34,鱼,text_found_at_other_position
581,3,食材,34,35,虾,text_found_at_other_position
581,4,食材,43,45,笄片,text_found_at_other_position
581,5,食材,47,49,芝麻,text_found_at_other_position
581,6,食材,51,53,花椒,text_found_at_other_position
581,7,食材,54,56,香蕈,text_found_at_other_position
581,8,食材,66,68,干面,text_found_at_other_position
581,9,食材,69,71,鲜汁,text_found_at_other_position
581,10,食材,80,81,酱,text_found_at_other_position
581,11,食材,82,83,醋,text_found_at_other_position
581,12,食材,203,205,真粉,text_found_at_other_position
581,13,食材,211,214,蕃茄粉,text_found_at_other_position
581,14,食材,221,224,鸡蛋清,text_found_at_other_position
581,15,食材,238,239,盐,text_found_at_other_position
581,16,食材,240,241,蜜,text_found_at_other_position
581,17,食材,255,257,鸡脯,text_found_at_other_position
581,18,食材,294,296,虾子,text_found_at_other_position
581,19,食材,315,318,鳗鲡粉,text_found_at_other_position
581,20,烹饪方法,39,41,晒干,text_found_at_other_position
581,21,烹饪方法,60,61,磨,text_found_at_other_position
581,22,烹饪方法,64,65,和,text_found_at_other_position
581,23,烹饪方法,86,87,切,text_found_at_other_position
581,24,烹饪方法,112,113,擀,text_found_at_other_position
581,25,烹饪方法,129,130,煮,text_found_at_other_position
581,26,烹饪方法,214,215,拌,text_found_at_other_position
581,27,烹饪方法,258,260,去皮,text_found_at_other_position
581,28,烹饪方法,266,268,磨粉,text_found_at_other_position
581,29,烹饪方法,268,270,收贮,text_found_at_other_position
581,30,烹饪方法,296,298,做汤,text_found_at_other_position
581,31,烹饪方法,324,325,下,text_found_at_other_position
581,32,禁忌,149,151,忌油,text_found_at_other_position
582,1,食材,1,3,荔枝,exact_match
582,2,食材,17,18,壳,exact_match
582,3,食材,30,32,苦瓜,exact_match
582,4,食材,36,37,蜜,exact_match
582,5,食材,39,40,盐,exact_match
582,6,食材,56,57,肉,exact_match
582,7,食材,70,72,烧酒,text_found_at_other_position
582,8,食材,79,81,梅卤,text_found_at_other_position
582,9,食材,82,84,柴苏,text_found_at_other_position
582,10,食材,94,96,榧子,text_found_at_other_position
582,11,食材,107,108,蔗,text_found_at_other_position
582,12,食材,151,153,洋糖,text_found_at_other_position
582,13,食材,128,129,蕨,text_found_at_other_position
582,14,食性,3,4,热,exact_match
582,15,病症,11,12,醉,exact_match
582,16,病症,207,209,龈肿,text_found_at_other_position
582,17,病症,212,213,痛,text_found_at_other_position
582,18,病症,215,216,衄,text_found_at_other_position
582,19,烹饪方法,18,19,浸,exact_match
582,20,烹饪方法,20,21,饮,exact_match
582,21,烹饪方法,187,188,蒸,text_found_at_other_position
582,22,烹饪方法,47,48,取,exact_match
582,23,烹饪方法,125,127,去壳,text_found_at_other_position
582,24,烹饪方法,141,142,切,text_found_at_other_position
582,25,烹饪方法,153,154,拌,text_found_at_other_position
582,26,烹饪方法,154,155,腌,text_found_at_other_position
582,27,烹饪方法,164,166,烘干,text_found_at_other_position
582,28,禁忌,221,225,食多而醉,text_found_at_other_position
582,29,禁忌,200,204,鲜者食多,text_found_at_other_position
582,30,古籍来源,176,184,时珍《本草纲艮》,text_found_at_other_position
582,31,古籍来源,229,238,赞宁《犍类榀感志》,text_found_at_other_position
583,1,食材,9,11,山泉,text_found_at_other_position
583,2,食材,45,49,雨泉,entity_text_not_found_in_current_passage
583,3,食材,53,55,天泉,text_found_at_other_position
583,4,食材,95,98,暴雨水,text_found_at_other_position
583,5,食材,137,139,霹水,text_found_at_other_position
583,6,食材,172,176,长流湖水,text_found_at_other_position
583,7,食材,180,182,霉水,text_found_at_other_position
583,8,食材,187,189,井水,text_found_at_other_position
583,9,食味,90,91,甘,text_found_at_other_position
583,10,食味,99,100,淡,text_found_at_other_position
583,11,食性,191,192,碱,text_found_at_other_position
583,12,功效,41,43,无毒,text_found_at_other_position
583,13,功效,296,298,精洁,text_found_at_other_position
583,14,病症,106,108,伤人,text_found_at_other_position
583,15,烹饪方法,5,7,烹茶,text_found_at_other_position
583,16,烹饪方法,292,294,煎茶,text_found_at_other_position
583,17,烹饪方法,165,167,研墨,text_found_at_other_position
583,18,烹饪方法,168,170,着色,text_found_at_other_position
583,19,烹饪方法,119,121,炖胶,text_found_at_other_position
583,20,烹饪方法,123,126,制画绢,text_found_at_other_position
583,21,烹饪方法,140,143,洗旧画,text_found_at_other_position
583,22,烹饪方法,147,151,沉漂泥金,text_found_at_other_position
583,23,禁忌,109,115,着衣上即黩烂,text_found_at_other_position
583,24,养生原则,12,20,以泉远流长者为佳,text_found_at_other_position
583,25,养生原则,57,62,贵久宿澄清,text_found_at_other_position
583,26,养生原则,73,85,"用炭火淬两三次,即无毒",entity_text_not_found_in_current_passage
583,27,养生原则,215,244,"用蓝布于天井中四角悬起,中垂一石,任其滴入大缸,另装小坛",entity_text_not_found_in_current_passage
583,28,养生原则,246,260,"用磁罐最净者,布空处盛之",entity_text_not_found_in_current_passage
583,29,养生原则,261,265,贮处热高,text_found_at_other_position
583,30,养生原则,271,285,"用炭火淬三四次,不生孑孓虫",entity_text_not_found_in_current_passage
583,31,养生原则,312,332,"善于品泉者,入口即能辨其年分,历历不爽",entity_text_not_found_in_current_passage
584,1,食材,84,87,黄芽莱,text_found_at_other_position
584,2,食材,94,96,花椒,text_found_at_other_position
584,3,烹饪方法,129,130,炒,text_found_at_other_position
584,4,食材,141,142,鸡,text_found_at_other_position
584,5,食材,153,154,醋,text_found_at_other_position
584,6,烹饪方法,284,287,醋搂之,text_found_at_other_position
584,7,古籍来源,214,220,《闲情偶寄》,text_found_at_other_position
585,1,食材,48,51,黄牛乳,text_found_at_other_position
585,2,食性,7,8,平,text_found_at_other_position
585,3,功效,9,12,补血脉,text_found_at_other_position
585,4,功效,13,16,益心气,text_found_at_other_position
585,5,功效,17,20,长肌肉,text_found_at_other_position
585,6,食材,21,23,乳饼,text_found_at_other_position
585,7,食材,24,26,乳酥,text_found_at_other_position
585,8,食材,92,94,冰糖,text_found_at_other_position
585,9,禁忌,103,106,不啜茶,text_found_at_other_position
585,10,禁忌,107,111,不食他物,text_found_at_other_position
585,11,禁忌,113,117,即不作泻,text_found_at_other_position
585,12,食材,232,238,黄牛骨髓,entity_text_not_found_in_current_passage
585,13,烹饪方法,241,243,熬油,text_found_at_other_position
585,14,烹饪方法,244,246,拌炒,text_found_at_other_position
585,15,食材,246,248,熟面,text_found_at_other_position
585,16,食材,250,252,百果,text_found_at_other_position
585,17,食材,265,269,乳皮,entity_text_not_found_in_current_passage
585,18,烹饪方法,179,180,烫,text_found_at_other_position
585,19,烹饪方法,284,285,扇,text_found_at_other_position
586,1,食材,57,58,盐,text_found_at_other_position
586,2,食材,59,60,梅,text_found_at_other_position
586,3,食材,52,54,酒醴,text_found_at_other_position
586,4,食材,504,506,曲蘖,text_found_at_other_position
586,5,古籍来源,293,302,《孟子.万章下篇》,text_found_at_other_position
586,6,古籍来源,485,494,《尚书.说命下》,entity_text_not_found_in_current_passage
586,7,古籍来源,605,610,《道德经》,text_found_at_other_position
586,8,医家,19,21,伊尹,text_found_at_other_position
586,9,医家,43,45,傅说,text_found_at_other_position
586,10,医家,69,71,老子,text_found_at_other_position
586,11,烹饪方法,22,24,割烹,text_found_at_other_position
587,1,食材,0,4,鲫鱼,entity_text_not_found_in_current_passage
587,2,食性,7,8,土,text_found_at_other_position
587,3,功效,21,23,补胃,text_found_at_other_position
587,4,食味,26,27,鲜,text_found_at_other_position
587,5,烹饪方法,107,108,蒸,text_found_at_other_position
587,6,烹饪方法,115,116,煎,text_found_at_other_position
587,7,烹饪方法,126,128,作羹,text_found_at_other_position
587,8,烹饪方法,135,136,煨,text_found_at_other_position
587,9,病症,149,152,小儿食,text_found_at_other_position
588,1,食材,47,49,绍酒,text_found_at_other_position
588,2,病症,94,96,发渴,text_found_at_other_position
588,3,病症,118,122,停中满闷,text_found_at_other_position
589,1,食材,14,16,虾仁,exact_match
589,2,食材,17,18,鱼,exact_match
589,3,食材,26,27,鸡,exact_match
589,4,食材,28,30,鱼翅,exact_match
589,5,食材,89,92,大鲫鱼,text_found_at_other_position
589,6,食材,100,102,鸡皮,text_found_at_other_position
589,7,食材,107,109,火腿,text_found_at_other_position
589,8,食材,114,116,蘑菇,text_found_at_other_position
589,9,食材,195,197,红肉,text_found_at_other_position
589,10,食材,230,232,白肉,text_found_at_other_position
589,11,食材,236,238,鸡丝,text_found_at_other_position
589,12,食材,283,285,麻酱,text_found_at_other_position
589,13,食材,329,332,香油,entity_text_not_found_in_current_passage
589,14,食材,345,348,胡椒面,text_found_at_other_position
589,15,食材,439,442,鳝鱼丝,text_found_at_other_position
589,16,食材,450,454,韭菜头,entity_text_not_found_in_current_passage
589,17,烹饪方法,95,96,蒸,text_found_at_other_position
589,18,烹饪方法,63,65,红烧,text_found_at_other_position
589,19,烹饪方法,66,68,收干,text_found_at_other_position
589,20,烹饪方法,92,94,去骨,text_found_at_other_position
589,21,烹饪方法,185,186,拌,text_found_at_other_position
589,22,烹饪方法,288,290,下锅,text_found_at_other_position
589,23,烹饪方法,294,296,勾芡,text_found_at_other_position
589,24,烹饪方法,342,343,烩,text_found_at_other_position
589,25,烹饪方法,477,479,切丝,text_found_at_other_position
589,26,烹饪方法,334,336,走油,text_found_at_other_position
589,27,烹饪方法,315,317,挂卤,text_found_at_other_position
589,28,古籍来源,31,35,《通览》,exact_match
589,29,古籍来源,123,127,《摘录》,text_found_at_other_position
589,30,食疗方,77,81,荷花鱼翅,text_found_at_other_position
589,31,食疗方,272,276,麻辣鱼翅,text_found_at_other_position
589,32,食疗方,423,427,鳍丝鱼翅,text_found_at_other_position
589,33,食疗方,393,397,麻腐鱼翅,text_found_at_other_position
591,1,食材,2,4,花肉,exact_match
591,2,食材,6,8,糯米,exact_match
591,3,烹饪方法,8,9,酿,exact_match
591,4,烹饪方法,10,11,蒸,exact_match
591,5,食材,17,22,哈耳巴0肉,exact_match
591,6,食材,23,26,大肪肉,exact_match
591,7,烹饪方法,26,28,出水,exact_match
591,8,烹饪方法,29,31,白炖,exact_match
591,9,烹饪方法,34,35,切,exact_match
591,10,烹饪方法,43,44,蒸,exact_match
591,11,食材,69,73,娆金钱肉,exact_match
591,12,食材,74,76,肥肉,exact_match
591,13,食材,79,81,火腿,exact_match
591,14,烹饪方法,76,77,煮,exact_match
591,15,烹饪方法,86,88,切片,exact_match
591,16,烹饪方法,100,101,烧,exact_match
591,17,食材,104,106,椒盐,exact_match
591,18,食材,128,132,一品烷猪,text_found_at_other_position
591,19,食材,133,135,猪儿,text_found_at_other_position
591,20,烹饪方法,135,137,出水,text_found_at_other_position
591,21,烹饪方法,139,141,晾干,text_found_at_other_position
591,22,食材,142,145,红酱油,text_found_at_other_position
591,23,烹饪方法,145,147,抹面,text_found_at_other_position
591,24,烹饪方法,149,151,上叉,text_found_at_other_position
591,25,食材,158,160,香油,text_found_at_other_position
591,26,烹饪方法,156,158,抹扫,text_found_at_other_position
591,27,烹饪方法,167,168,切,text_found_at_other_position
591,28,食材,179,183,生烧大方,text_found_at_other_position
591,29,食材,185,187,花椒,text_found_at_other_position
591,30,食材,188,189,盐,text_found_at_other_position
591,31,烹饪方法,189,191,生码,text_found_at_other_position
591,32,烹饪方法,192,194,生烧,text_found_at_other_position
591,33,烹饪方法,196,198,刮皮,text_found_at_other_position
591,34,烹饪方法,201,203,治诤,text_found_at_other_position
591,35,烹饪方法,205,207,匕火,text_found_at_other_position
591,36,烹饪方法,208,211,匕叉子,text_found_at_other_position
591,37,食材,215,217,香油,text_found_at_other_position
591,38,烹饪方法,218,219,切,text_found_at_other_position
591,39,食材,243,247,烷喇嘛肉,text_found_at_other_position
591,40,食材,248,250,方肉,text_found_at_other_position
591,41,烹饪方法,250,252,去皮,text_found_at_other_position
591,42,食材,255,257,蛋黄,text_found_at_other_position
591,43,食材,257,259,豆粉,text_found_at_other_position
591,44,食材,261,263,灰面,text_found_at_other_position
591,45,食材,264,268,欠(芡),text_found_at_other_position
591,46,烹饪方法,268,271,调匀,entity_text_not_found_in_current_passage
591,47,烹饪方法,273,275,火烧,text_found_at_other_position
591,48,烹饪方法,277,279,上色,text_found_at_other_position
591,49,烹饪方法,281,282,切,text_found_at_other_position
591,50,食材,293,297,生烧南腿,text_found_at_other_position
591,51,食材,299,301,花椒,text_found_at_other_position
591,52,食材,302,303,盐,text_found_at_other_position
591,53,烹饪方法,303,305,生码,text_found_at_other_position
591,54,食材,308,310,荷叶,text_found_at_other_position
591,55,烹饪方法,310,315,包果(裹),text_found_at_other_position
591,56,烹饪方法,317,320,上叉子,text_found_at_other_position
591,57,古籍来源,323,327,《通览》,text_found_at_other_position
591,58,古籍来源,327,331,《摘录》,text_found_at_other_position
591,59,食材,334,337,离丽肉,text_found_at_other_position
591,60,烹饪方法,343,345,煮熟,text_found_at_other_position
591,61,食材,346,348,长条,text_found_at_other_position
591,62,食材,349,351,灰面,text_found_at_other_position
591,63,食材,352,354,蛋黄,text_found_at_other_position
591,64,烹饪方法,356,359,下红锅,text_found_at_other_position
591,65,烹饪方法,381,383,走油,text_found_at_other_position
591,66,食材,368,369,肉,text_found_at_other_position
591,67,烹饪方法,369,371,去皮,text_found_at_other_position
591,68,烹饪方法,372,374,打片,text_found_at_other_position
591,69,食材,375,377,鸡蛋,text_found_at_other_position
591,70,食材,378,380,灰面,text_found_at_other_position
591,71,烹饪方法,359,362,走油,text_found_at_other_position
591,72,食材,385,387,白糟,text_found_at_other_position
591,73,食材,390,392,羊略,text_found_at_other_position
591,74,食材,405,408,羊遐籀,text_found_at_other_position
591,75,食材,414,415,毛,text_found_at_other_position
591,76,烹饪方法,416,417,烙,text_found_at_other_position
591,77,烹饪方法,423,425,水氽,text_found_at_other_position
592,1,食材,2,4,鲢鱼,exact_match
592,2,食材,13,14,肉,exact_match
592,3,食材,16,18,大蒜,exact_match
592,4,食材,37,40,贲鲎鱼,exact_match
592,5,食材,53,55,鸡蛋,exact_match
592,6,食材,84,86,豆粉,exact_match
592,7,食材,107,109,鲫鱼,exact_match
592,8,食材,123,125,肥肉,text_found_at_other_position
592,9,食材,150,151,蟹,text_found_at_other_position
592,10,食材,273,275,虾料,text_found_at_other_position
592,11,食材,276,278,鸽蛋,text_found_at_other_position
592,12,食材,281,283,荔枝,text_found_at_other_position
592,13,食材,286,288,火腿,text_found_at_other_position
592,14,食材,289,291,松仁,text_found_at_other_position
592,15,食材,308,310,豆腐,text_found_at_other_position
592,16,食材,330,332,盐蛋,text_found_at_other_position
592,17,烹饪方法,9,11,红烧,exact_match
592,18,烹饪方法,56,58,走油,exact_match
592,19,烹饪方法,96,97,酿,exact_match
592,20,烹饪方法,211,213,烹炒,text_found_at_other_position
592,21,烹饪方法,220,221,蒸,text_found_at_other_position
592,22,烹饪方法,296,297,爆,text_found_at_other_position
592,23,烹饪方法,215,216,炒,text_found_at_other_position
592,24,烹饪方法,310,311,烩,text_found_at_other_position
592,25,古籍来源,27,29,通览,exact_match
592,26,古籍来源,31,33,摘录,exact_match
593,1,食材,0,2,豆尖,exact_match
593,2,食材,3,5,肉丝,exact_match
593,3,烹饪方法,6,8,鲜炒,exact_match
593,4,食材,24,28,假晾干肉,text_found_at_other_position
593,5,食材,30,33,老面舢,text_found_at_other_position
593,6,食材,38,42,琵琶郫子,text_found_at_other_position
593,7,烹饪方法,46,47,炸,text_found_at_other_position
593,8,食材,50,53,冬瓜块,text_found_at_other_position
593,9,烹饪方法,54,56,红烧,text_found_at_other_position
593,10,食材,60,62,肉元,text_found_at_other_position
593,11,食材,72,76,麻酱赓衣,text_found_at_other_position
593,12,烹饪方法,77,78,拌,text_found_at_other_position
593,13,食材,80,82,菱角,text_found_at_other_position
593,14,食材,83,84,鸡,text_found_at_other_position
593,15,烹饪方法,85,87,黄焖,text_found_at_other_position
593,16,食材,89,91,育椒,text_found_at_other_position
593,17,食材,91,93,豇豆,text_found_at_other_position
593,18,烹饪方法,94,96,走油,text_found_at_other_position
593,19,食材,98,102,白煮肉丝,text_found_at_other_position
593,20,烹饪方法,103,104,拌,text_found_at_other_position
593,21,食材,108,110,茄子,text_found_at_other_position
593,22,烹饪方法,106,108,锅烧,text_found_at_other_position
593,23,食材,117,119,鲢鱼,text_found_at_other_position
593,24,烹饪方法,115,117,烧焖,text_found_at_other_position
593,25,食材,124,128,玫瑰荷花,text_found_at_other_position
593,26,烹饪方法,129,130,炸,text_found_at_other_position
593,27,食材,177,180,麻花肉,text_found_at_other_position
593,28,食材,182,183,肉,text_found_at_other_position
593,29,食材,195,197,冬瓜,text_found_at_other_position
593,30,烹饪方法,199,201,粉渗,text_found_at_other_position
593,31,食材,219,222,冬瓜燕,text_found_at_other_position
593,32,食材,213,215,冬瓜,text_found_at_other_position
593,33,烹饪方法,231,233,切丝,text_found_at_other_position
593,34,烹饪方法,234,239,扑细干豆粉,text_found_at_other_position
593,35,烹饪方法,202,203,氽,text_found_at_other_position
593,36,食材,281,284,京吊子,text_found_at_other_position
593,37,烹饪方法,111,113,走油,text_found_at_other_position
593,38,烹饪方法,289,290,炖,text_found_at_other_position
593,39,食材,307,311,老脯茄子,text_found_at_other_position
593,40,食材,313,315,韭菜,text_found_at_other_position
594,1,食材,51,53,鸽蛋,text_found_at_other_position
594,2,食材,9,11,鹅蛋,text_found_at_other_position
594,3,食材,173,175,椒盐,text_found_at_other_position
594,4,食材,176,178,豆蔻,text_found_at_other_position
594,5,食材,258,259,荼,text_found_at_other_position
594,6,食材,330,331,蟹,text_found_at_other_position
594,7,食材,338,339,笋,text_found_at_other_position
594,8,烹饪方法,60,61,酿,text_found_at_other_position
594,9,烹饪方法,116,117,蒸,text_found_at_other_position
594,10,烹饪方法,171,172,炸,text_found_at_other_position
594,11,烹饪方法,259,260,熏,text_found_at_other_position
594,12,烹饪方法,280,281,熘,text_found_at_other_position
594,13,烹饪方法,331,332,炒,exact_match
594,14,烹饪方法,343,345,红烧,text_found_at_other_position
594,15,烹饪方法,207,208,煮,text_found_at_other_position
594,16,食疗方,70,74,悛鸽蛋饺,text_found_at_other_position
594,17,食疗方,103,107,刘海鸽蛋,text_found_at_other_position
594,18,食疗方,164,168,兰香鸽蛋,text_found_at_other_position
594,19,食疗方,180,184,全酿鸽蛋,text_found_at_other_position
594,20,食疗方,252,256,茶兼鸽蛋,text_found_at_other_position
594,21,食疗方,262,266,金银鸽蛋,text_found_at_other_position
594,22,食疗方,292,296,荷包鸽蛋,text_found_at_other_position
594,23,古籍来源,118,122,《摘录》,text_found_at_other_position
595,1,食材,8,10,豆腐,text_found_at_other_position
595,2,食材,145,147,盐卤,text_found_at_other_position
595,3,食材,150,152,石膏,text_found_at_other_position
595,4,食性,34,35,平,text_found_at_other_position
595,5,食味,98,100,清香,text_found_at_other_position
595,6,烹饪方法,68,70,法制,text_found_at_other_position
595,7,烹饪方法,70,72,去渣,text_found_at_other_position
595,8,烹饪方法,72,74,留浆,text_found_at_other_position
595,9,烹饪方法,157,158,点,text_found_at_other_position
595,10,烹饪方法,337,339,烹熘,text_found_at_other_position
595,11,食疗方,193,197,杏酪豆瞒,text_found_at_other_position
595,12,食疗方,198,202,桃儿豆腐,text_found_at_other_position
595,13,食疗方,203,207,玻蚺豆瞒,text_found_at_other_position
595,14,食疗方,208,212,箱子豆腐,text_found_at_other_position
595,15,食疗方,213,217,销唣豆膪,text_found_at_other_position
595,16,食疗方,218,222,珍珠豆腐,text_found_at_other_position
595,17,食疗方,223,227,米屋豆腐,text_found_at_other_position
595,18,食疗方,228,232,蟹螯豆腐,text_found_at_other_position
595,19,食疗方,233,237,马蹄豆腐,text_found_at_other_position
595,20,食疗方,238,242,纹丝豆腐,text_found_at_other_position
595,21,食疗方,243,247,菱角豆膪,text_found_at_other_position
595,22,食疗方,248,252,灌香豆腐,text_found_at_other_position
595,23,食疗方,253,257,吉样豆腐,text_found_at_other_position
595,24,食疗方,258,262,糟油瓦腐,text_found_at_other_position
595,25,食疗方,263,267,蜂蛀豆腐,text_found_at_other_position
595,26,食疗方,268,272,雪花豆腐,text_found_at_other_position
595,27,食疗方,273,276,桂花腐,text_found_at_other_position
595,28,食疗方,277,281,卷尖豆腐,text_found_at_other_position
595,29,食疗方,282,286,芙蓉豆腐,text_found_at_other_position
595,30,食疗方,287,291,丹凤豆腐,text_found_at_other_position
595,31,食疗方,292,296,口蘑豆腐,text_found_at_other_position
595,32,食疗方,297,301,金钱豆瞒,text_found_at_other_position
595,33,食疗方,302,306,鲫鳞豆腐,text_found_at_other_position
595,34,食疗方,307,311,祥云豆膪,text_found_at_other_position
595,35,食疗方,312,316,百合瓦腐,text_found_at_other_position
595,36,食疗方,317,321,各髓豆腐,text_found_at_other_position
595,37,食疗方,322,326,芹昏豆腐,text_found_at_other_position
595,38,食疗方,327,331,牡丹豆腐,text_found_at_other_position
595,39,食疗方,332,336,八宝豆膪,text_found_at_other_position
595,40,食疗方,342,346,孩食豆蠃,text_found_at_other_position
595,41,食疗方,347,351,虾泥豆膪,text_found_at_other_position
595,42,食疗方,352,356,虾皮豆腐,text_found_at_other_position
595,43,食疗方,357,361,百页豆腐,text_found_at_other_position
595,44,食疗方,362,366,春秋豆腐,text_found_at_other_position
595,45,食疗方,367,371,银合亘腐,text_found_at_other_position
595,46,食疗方,372,376,虾油瓦膪,text_found_at_other_position
595,47,食疗方,377,381,发丝豆腐,text_found_at_other_position
595,48,食疗方,382,386,青笋裒牖,text_found_at_other_position
595,49,食疗方,387,391,太极瓦雁,text_found_at_other_position
595,50,古籍来源,185,192,景生方,entity_text_not_found_in_current_passage
597,1,食材,24,26,火腿,exact_match
597,2,食材,27,28,鸭,exact_match
597,3,食材,51,52,鸡,text_found_at_other_position
597,4,烹饪方法,10,11,蒸,exact_match
597,5,烹饪方法,92,94,烹煮,text_found_at_other_position
597,6,烹饪方法,105,106,熘,text_found_at_other_position
597,7,烹饪方法,107,108,爆,text_found_at_other_position
597,8,烹饪方法,108,109,炸,text_found_at_other_position
597,9,古籍来源,291,295,韩诗外传,text_found_at_other_position
598,1,食材,5,6,鸡,exact_match
598,2,食材,11,12,虾,exact_match
598,3,食材,14,15,饼,exact_match
598,4,食材,16,18,洋莱,exact_match
598,5,食材,20,22,锅巴,exact_match
598,6,食材,22,24,海参,exact_match
598,7,食材,25,27,抄手,exact_match
598,8,食材,33,34,面,exact_match
598,9,食材,35,37,椒盐,exact_match
598,10,食材,37,39,肘子,exact_match
598,11,食材,49,53,紫盖,entity_text_not_found_in_current_passage
598,12,食材,55,56,姜,text_found_at_other_position
598,13,食材,57,59,鸡片,text_found_at_other_position
598,14,食材,60,67,椒麻鸡,entity_text_not_found_in_current_passage
598,15,食材,419,422,包肉片,text_found_at_other_position
598,16,食材,81,88,油鱼丝,entity_text_not_found_in_current_passage
598,17,食材,94,96,麻酱,text_found_at_other_position
598,18,食材,101,103,鱼肚,text_found_at_other_position
598,19,食材,104,106,金钩,text_found_at_other_position
598,20,食材,106,108,冬笋,text_found_at_other_position
598,21,食材,111,113,豌豆,text_found_at_other_position
598,22,食材,119,126,春笋尖,entity_text_not_found_in_current_passage
598,23,食材,130,134,白莱,entity_text_not_found_in_current_passage
598,24,食材,138,142,鳍鱼,entity_text_not_found_in_current_passage
598,25,食材,143,144,蒜,text_found_at_other_position
598,26,食材,145,147,连鱼,text_found_at_other_position
598,27,食材,148,154,瓦块鱼,entity_text_not_found_in_current_passage
598,28,食材,160,162,香花,text_found_at_other_position
598,29,食材,162,164,鸡丝,text_found_at_other_position
598,30,食材,165,167,橥蒿,text_found_at_other_position
598,31,食材,170,177,肉圆子,entity_text_not_found_in_current_passage
598,32,食材,178,184,玉兰片,entity_text_not_found_in_current_passage
598,33,食材,193,195,冬粜,text_found_at_other_position
598,34,食材,195,197,肉丝,text_found_at_other_position
598,35,食材,203,205,冰糖,text_found_at_other_position
598,36,食材,205,207,肘子,text_found_at_other_position
598,37,食材,167,168,鸡,text_found_at_other_position
598,38,食材,210,212,漪参,text_found_at_other_position
598,39,烹饪方法,30,31,炒,exact_match
598,40,烹饪方法,46,47,炸,text_found_at_other_position
598,41,烹饪方法,109,111,生闷,text_found_at_other_position
598,42,烹饪方法,114,116,凉拌,text_found_at_other_position
598,43,烹饪方法,135,136,闷,text_found_at_other_position
598,44,烹饪方法,144,145,烧,text_found_at_other_position
598,45,烹饪方法,155,157,黄闷,text_found_at_other_position
598,46,烹饪方法,377,379,火炮,text_found_at_other_position
598,47,烹饪方法,385,387,火爆,text_found_at_other_position
598,48,食材,409,411,鱿鱼,text_found_at_other_position
598,49,食材,458,460,饺子,text_found_at_other_position
598,50,食材,467,469,包子,text_found_at_other_position
598,51,食材,471,473,汤元,text_found_at_other_position
598,52,食材,485,487,点心,text_found_at_other_position
598,53,食材,500,503,蛋黄糕,text_found_at_other_position
598,54,食材,509,511,绍酒,text_found_at_other_position
598,55,食材,516,518,席面,text_found_at_other_position
598,56,食材,524,526,米酥,text_found_at_other_position
599,1,食材,81,83,野鸭,text_found_at_other_position
599,2,食材,141,142,鹑,text_found_at_other_position
599,3,食材,262,263,雉,text_found_at_other_position
599,4,食材,317,319,山鸡,text_found_at_other_position
599,5,食材,110,111,鸡,text_found_at_other_position
599,6,食材,463,465,雉脯,text_found_at_other_position
599,7,食材,300,302,野鸡,text_found_at_other_position
599,8,食材,501,503,酸莱,text_found_at_other_position
599,9,食材,230,232,韭菜,text_found_at_other_position
599,10,食材,449,451,油果,text_found_at_other_position
599,11,食材,457,459,椒盐,text_found_at_other_position
599,12,食材,467,469,桁仁,text_found_at_other_position
599,13,食材,480,483,白榆仁,text_found_at_other_position
599,14,食材,354,356,华虫,text_found_at_other_position
599,15,食材,60,62,仓庚,exact_match
599,16,食材,73,74,莺,exact_match
599,17,食材,76,78,水凫,exact_match
599,18,食材,88,90,鹈鹅,text_found_at_other_position
599,19,食材,107,108,鹚,text_found_at_other_position
599,20,食材,123,126,锦鸡,entity_text_not_found_in_current_passage
599,21,食材,127,132,鹩耶实厥鸟,text_found_at_other_position
599,22,食材,137,139,沙鸡,text_found_at_other_position
599,23,食材,180,181,驾,text_found_at_other_position
599,24,食材,192,193,鹌,text_found_at_other_position
599,25,食材,195,196,雕,text_found_at_other_position
599,26,食材,196,199,怀崖莺,text_found_at_other_position
599,27,食材,210,212,疏趾,text_found_at_other_position
599,28,食材,259,261,疏耻,text_found_at_other_position
599,29,食材,10,12,飞奴,exact_match
599,30,食材,16,18,火鸠,exact_match
599,31,食材,25,26,鹰,exact_match
599,32,食材,28,29,鸠,exact_match
599,33,食材,147,149,田鼠,text_found_at_other_position
599,34,食材,495,498,野鸡片,text_found_at_other_position
599,35,烹饪方法,2,3,投,exact_match
599,36,烹饪方法,18,19,化,exact_match
599,37,烹饪方法,234,235,腌,text_found_at_other_position
599,38,烹饪方法,239,240,潸,text_found_at_other_position
599,39,烹饪方法,308,309,搭,text_found_at_other_position
599,40,烹饪方法,314,315,茸,text_found_at_other_position
599,41,烹饪方法,321,323,走油,text_found_at_other_position
599,42,烹饪方法,352,354,签子,text_found_at_other_position
599,43,烹饪方法,379,380,烧,text_found_at_other_position
599,44,烹饪方法,443,444,炸,text_found_at_other_position
599,45,烹饪方法,454,455,裹,text_found_at_other_position
599,46,烹饪方法,462,463,炙,text_found_at_other_position
599,47,烹饪方法,466,467,加,text_found_at_other_position
599,48,烹饪方法,494,495,枥,text_found_at_other_position
599,49,烹饪方法,504,505,求,text_found_at_other_position
599,50,古籍来源,153,155,礼记,text_found_at_other_position
599,51,古籍来源,37,39,月令,exact_match
599,52,古籍来源,397,398,书,text_found_at_other_position
599,53,古籍来源,400,402,益稷,text_found_at_other_position
599,54,古籍来源,272,274,曲礼,text_found_at_other_position
599,55,古籍来源,425,426,传,text_found_at_other_position
599,56,医家,5,7,九龄,exact_match
600,1,食材,2,3,肉,exact_match
600,2,食材,16,18,笋干,exact_match
600,3,食材,21,23,云耳,exact_match
600,4,食材,36,38,冬笋,exact_match
600,5,食材,69,71,山药,exact_match
600,6,食材,95,97,香油,exact_match
600,7,食材,100,102,冬笄,exact_match
600,8,食材,142,144,桃仁,exact_match
600,9,食材,159,160,鱼,exact_match
600,10,食材,193,195,千张,exact_match
600,11,食材,208,210,冰糖,exact_match
600,12,食材,262,264,醪糟,exact_match
600,13,食材,265,267,白糖,exact_match
600,14,食材,272,274,硝盐,exact_match
600,15,食材,324,325,鲞,exact_match
600,16,食材,342,344,盐莱,text_found_at_other_position
600,17,食材,381,383,板栗,text_found_at_other_position
600,18,食材,411,414,大头莱,text_found_at_other_position
600,19,食材,419,422,胭脂水,text_found_at_other_position
600,20,烹饪方法,11,13,红烧,exact_match
600,21,烹饪方法,88,89,煮,exact_match
600,22,烹饪方法,91,93,切片,exact_match
600,23,烹饪方法,357,358,蒸,text_found_at_other_position
600,24,烹饪方法,103,104,烩,exact_match
600,25,烹饪方法,112,114,走油,exact_match
600,26,烹饪方法,115,117,打花,exact_match
600,27,烹饪方法,288,289,摸,exact_match
600,28,烹饪方法,297,298,刮,exact_match
600,29,烹饪方法,290,291,抹,exact_match
600,30,烹饪方法,423,424,收,text_found_at_other_position
601,1,食材,0,2,佟鱼,exact_match
601,2,食材,8,10,冻鱼,text_found_at_other_position
601,3,食材,15,19,异味鼐鱼,text_found_at_other_position
601,4,食材,21,23,丁香,text_found_at_other_position
601,5,食材,24,26,豆蔻,text_found_at_other_position
601,6,食材,29,33,西洋松鱼,text_found_at_other_position
601,7,烹饪方法,34,35,炕,text_found_at_other_position
601,8,烹饪方法,37,38,焙,text_found_at_other_position
601,9,烹饪方法,43,44,氽,text_found_at_other_position
601,10,食材,44,46,鱼卷,text_found_at_other_position
601,11,烹饪方法,50,52,剞刀,text_found_at_other_position
601,12,食材,57,59,肉果,text_found_at_other_position
601,13,食材,64,66,肉馅,text_found_at_other_position
601,14,烹饪方法,74,76,潸焕,text_found_at_other_position
601,15,食材,79,83,红白鱼丝,text_found_at_other_position
601,16,食材,85,86,酱,text_found_at_other_position
601,17,食材,98,102,花嫩鱼脯,text_found_at_other_position
601,18,食材,104,107,火腿丁,text_found_at_other_position
601,19,食材,108,111,生虾仁,text_found_at_other_position
601,20,食材,115,117,日蘑,text_found_at_other_position
601,21,食材,119,121,香菰,text_found_at_other_position
601,22,食材,123,127,鲜灸鳗鱼,text_found_at_other_position
601,23,烹饪方法,129,131,火烧,text_found_at_other_position
601,24,食材,137,139,独蒜,text_found_at_other_position
601,25,食材,148,150,缦鱼,text_found_at_other_position
601,26,食材,155,157,青鳍,text_found_at_other_position
601,27,食材,158,160,白鳝,text_found_at_other_position
601,28,食材,176,178,蒜头,text_found_at_other_position
601,29,食材,180,184,炙东坡鱼,text_found_at_other_position
601,30,食材,186,188,鸡蛋,text_found_at_other_position
601,31,食材,189,190,面,text_found_at_other_position
601,32,烹饪方法,191,192,炸,text_found_at_other_position
601,33,烹饪方法,194,196,红烧,text_found_at_other_position
601,34,食材,198,200,鱼面,text_found_at_other_position
601,35,食材,200,202,鱼元,text_found_at_other_position
601,36,食材,212,216,娆炙墨鱼,text_found_at_other_position
601,37,食材,219,220,瓜,text_found_at_other_position
601,38,烹饪方法,225,227,煎烧,text_found_at_other_position
601,39,食材,243,245,暨鱼,text_found_at_other_position
601,40,食材,248,251,蜃头鱼,text_found_at_other_position
601,41,食材,254,257,东坡鱼,text_found_at_other_position
601,42,食材,259,263,烩墨鱼片,text_found_at_other_position
601,43,食材,266,268,杂件,text_found_at_other_position
601,44,食材,275,279,酱灸绌鱼,text_found_at_other_position
601,45,烹饪方法,281,283,生焖,text_found_at_other_position
601,46,烹饪方法,284,286,酱炙,text_found_at_other_position
601,47,食材,293,295,鳅鱼,text_found_at_other_position
601,48,食材,298,300,拙鱼,text_found_at_other_position
601,49,古籍来源,303,306,益州记,text_found_at_other_position
601,50,食材,310,312,幕鱼,text_found_at_other_position
601,51,食材,352,354,萧鱼,text_found_at_other_position
601,52,食材,357,360,丙穴鱼,text_found_at_other_position
601,53,食材,363,366,卷日鱼,text_found_at_other_position
601,54,食材,368,372,滴蒸鳜鱼,text_found_at_other_position
601,55,烹饪方法,373,375,清蒸,text_found_at_other_position
601,56,烹饪方法,376,378,去骨,text_found_at_other_position
601,57,食材,380,384,鲜酿鳟鱼,text_found_at_other_position
601,58,烹饪方法,385,387,抽骨,text_found_at_other_position
601,59,烹饪方法,388,390,全酿,text_found_at_other_position
602,1,食材,5,7,萝卜,exact_match
602,2,食材,24,27,五桷鱼,exact_match
602,3,食材,29,31,肉丝,exact_match
602,4,食材,36,37,鱼,exact_match
602,5,食材,94,95,姜,exact_match
602,6,食材,120,121,盐,text_found_at_other_position
602,7,食材,95,96,醋,exact_match
602,8,食材,66,68,糟鱼,exact_match
602,9,食材,147,149,蒜片,text_found_at_other_position
602,10,食材,175,177,豆豉,text_found_at_other_position
602,11,食材,187,189,香油,text_found_at_other_position
602,12,食材,194,196,鲫鱼,text_found_at_other_position
602,13,食材,208,210,椒盐,text_found_at_other_position
602,14,食材,222,224,豆粉,text_found_at_other_position
602,15,食材,301,303,鸡蛋,text_found_at_other_position
602,16,食材,307,309,灰面,text_found_at_other_position
602,17,食材,331,333,肉块,text_found_at_other_position
602,18,食材,334,336,大蒜,text_found_at_other_position
602,19,食材,348,350,鸡块,text_found_at_other_position
602,20,食材,371,373,火腿,text_found_at_other_position
602,21,食材,374,376,笋片,text_found_at_other_position
602,22,食材,273,274,葱,text_found_at_other_position
602,23,食材,461,464,老盐莱,text_found_at_other_position
602,24,烹饪方法,7,8,炖,exact_match
602,25,烹饪方法,9,11,捞起,exact_match
602,26,烹饪方法,35,36,糅,exact_match
602,27,烹饪方法,72,73,蒸,exact_match
602,28,烹饪方法,150,151,煎,text_found_at_other_position
602,29,烹饪方法,155,156,焖,text_found_at_other_position
602,30,烹饪方法,159,161,走油,text_found_at_other_position
602,31,烹饪方法,189,190,收,text_found_at_other_position
602,32,烹饪方法,201,202,炸,text_found_at_other_position
602,33,烹饪方法,256,257,炒,text_found_at_other_position
602,34,烹饪方法,265,266,砍,text_found_at_other_position
602,35,烹饪方法,328,329,烧,text_found_at_other_position
602,36,烹饪方法,420,421,包,text_found_at_other_position
602,37,烹饪方法,427,428,裹,text_found_at_other_position
602,38,食疗方,129,132,煤糟鱼,text_found_at_other_position
602,39,食疗方,139,142,裾醋鱼,text_found_at_other_position
602,40,食疗方,213,216,脆皮鱼,text_found_at_other_position
602,41,食疗方,260,263,瓦块鱼,text_found_at_other_position
602,42,食疗方,287,290,锅贴鱼,text_found_at_other_position
602,43,食疗方,318,322,红烷鲫鱼,text_found_at_other_position
602,44,食疗方,359,362,红鱼元,text_found_at_other_position
602,45,食疗方,390,393,软木鱼,text_found_at_other_position
602,46,食疗方,409,413,生烧大鱼,text_found_at_other_position
602,47,古籍来源,20,22,摘录,exact_match
603,1,食材,0,1,醋,exact_match
603,2,食味,8,9,酸,text_found_at_other_position
603,3,食性,10,11,温,text_found_at_other_position
603,4,功效,15,18,消痈肿,text_found_at_other_position
603,5,功效,20,23,散水气,text_found_at_other_position
603,6,功效,24,27,杀邪毒,text_found_at_other_position
603,7,功效,30,33,破血晕,text_found_at_other_position
603,8,功效,36,41,除症块坚积,text_found_at_other_position
603,9,食材,49,51,酒醋,text_found_at_other_position
603,10,食材,52,54,桃醋,text_found_at_other_position
603,11,食材,55,57,麦醋,text_found_at_other_position
603,12,食材,58,62,葡萄醋,entity_text_not_found_in_current_passage
603,13,食材,63,65,枣醋,text_found_at_other_position
603,14,食材,68,70,米醋,text_found_at_other_position
603,15,食味,89,90,苦,text_found_at_other_position
603,16,食材,175,177,苦酒,text_found_at_other_position
603,17,食材,178,180,淳酢,text_found_at_other_position
603,18,食材,187,188,醯,text_found_at_other_position
603,19,食材,197,199,食醋,text_found_at_other_position
603,20,食材,203,206,香醋,entity_text_not_found_in_current_passage
603,21,食材,207,208,卤,text_found_at_other_position
603,22,功效,374,377,醒酒,entity_text_not_found_in_current_passage
603,23,功效,378,380,消食,text_found_at_other_position
603,24,功效,381,383,下气,text_found_at_other_position
603,25,功效,383,385,辟邪,text_found_at_other_position
603,26,功效,357,359,调味,text_found_at_other_position
603,27,功效,405,408,助消化,text_found_at_other_position
603,28,功效,442,446,增加风味,text_found_at_other_position
603,29,功效,450,452,防腐,text_found_at_other_position
603,30,功效,502,505,治体癣,text_found_at_other_position
603,31,功效,528,532,预防流感,text_found_at_other_position
603,32,病症,506,508,足癣,text_found_at_other_position
603,33,病症,482,484,流感,text_found_at_other_position
603,34,病症,533,535,流脑,text_found_at_other_position
603,35,病症,536,543,上呼吸道传染病,text_found_at_other_position
604,1,食材,0,2,甲香,exact_match
604,2,食材,4,6,甘松,exact_match
604,3,食材,8,11,哈昔泥,exact_match
604,4,食材,12,14,酥油,exact_match
604,5,食材,52,57,羊摩裆肉,entity_text_not_found_in_current_passage
604,6,食材,58,62,羊胸脯肉,exact_match
604,7,食材,82,84,羊头,exact_match
604,8,食材,88,91,芊蹄子,exact_match
604,9,食材,96,98,草果,text_found_at_other_position
604,10,食材,103,105,肉桂,text_found_at_other_position
604,11,食材,110,112,生姜,text_found_at_other_position
604,12,食材,128,130,阿魏,text_found_at_other_position
604,13,食材,159,162,石榴子,text_found_at_other_position
604,14,食材,165,167,胡椒,text_found_at_other_position
604,15,食材,177,179,食盐,text_found_at_other_position
604,16,食材,287,289,素油,text_found_at_other_position
604,17,食材,359,362,水云母,text_found_at_other_position
604,18,食材,363,365,海月,text_found_at_other_position
604,19,食材,366,369,催生子,text_found_at_other_position
604,20,食材,450,453,生茅香,text_found_at_other_position
604,21,食材,454,456,皂角,text_found_at_other_position
604,22,食味,488,489,咸,text_found_at_other_position
604,23,食性,491,492,平,text_found_at_other_position
604,24,食味,600,601,辛,text_found_at_other_position
604,25,食味,212,213,甘,text_found_at_other_position
604,26,归经,608,609,脾,text_found_at_other_position
604,27,归经,610,612,胃经,text_found_at_other_position
604,28,功效,497,502,和气清神,entity_text_not_found_in_current_passage
604,29,功效,614,619,理气止痛,entity_text_not_found_in_current_passage
604,30,功效,620,624,醒脾开胃,text_found_at_other_position
604,31,病症,504,507,脘腹痛,text_found_at_other_position
604,32,病症,508,510,痢疾,text_found_at_other_position
604,33,病症,511,513,淋病,text_found_at_other_position
604,34,病症,514,516,痔瘘,text_found_at_other_position
604,35,病症,517,519,疥癣,text_found_at_other_position
604,36,病症,626,628,骨痛,text_found_at_other_position
604,37,病症,630,634,心腹胀满,text_found_at_other_position
604,38,病症,635,637,头痛,text_found_at_other_position
604,39,病症,638,640,港病,text_found_at_other_position
604,40,病症,641,643,脚气,text_found_at_other_position
604,41,烹饪方法,14,15,烧,exact_match
604,42,烹饪方法,135,136,熬,text_found_at_other_position
604,43,烹饪方法,323,324,炒,text_found_at_other_position
604,44,烹饪方法,345,346,捣,text_found_at_other_position
604,45,烹饪方法,477,478,筛,text_found_at_other_position
604,46,烹饪方法,458,459,煮,text_found_at_other_position
604,47,烹饪方法,16,17,薰,exact_match
604,48,医家,426,428,雷毂,text_found_at_other_position
605,1,食材,22,24,豹肉,exact_match
605,2,食味,25,26,酸,exact_match
605,3,食性,28,29,平,exact_match
605,4,功效,35,41,安定人的五脏,exact_match
605,5,功效,42,48,补人的绝伤,entity_text_not_found_in_current_passage
605,6,功效,49,53,强壮筋骨,exact_match
605,7,功效,54,60,增强人的心志,exact_match
605,8,功效,67,71,使人勇猛,exact_match
605,9,功效,129,138,使人耐严寒和暑热,entity_text_not_found_in_current_passage
605,10,病症,15,17,腰疼,exact_match
605,11,禁忌,147,152,不要吃豹肉,text_found_at_other_position
605,12,古籍来源,232,238,《新修本草》,text_found_at_other_position
605,13,医家,226,228,苏恭,text_found_at_other_position
606,1,食材,4,6,胡椒,text_found_at_other_position
606,2,食材,10,12,白面,text_found_at_other_position
606,3,食材,21,23,葵菜,text_found_at_other_position
606,4,食材,25,26,葱,text_found_at_other_position
606,5,食材,27,28,盐,text_found_at_other_position
606,6,食材,29,30,醋,text_found_at_other_position
606,7,食材,37,43,羊(摩裆)肉,text_found_at_other_position
606,8,食材,56,58,草果,text_found_at_other_position
606,9,食材,63,65,良姜,text_found_at_other_position
606,10,食材,96,99,羊肚子,text_found_at_other_position
606,11,食材,102,104,羊肺,text_found_at_other_position
606,12,食材,107,109,蘑菇,text_found_at_other_position
606,13,食材,218,220,瓠子,text_found_at_other_position
606,14,食材,236,238,羊肉,text_found_at_other_position
606,15,食材,288,291,生姜汁,text_found_at_other_position
606,16,食性,224,225,寒,text_found_at_other_position
606,17,功效,226,229,去消渴,text_found_at_other_position
606,18,功效,231,233,利水,text_found_at_other_position
606,19,病症,470,472,消渴,text_found_at_other_position
606,20,烹饪方法,23,24,炒,text_found_at_other_position
606,21,烹饪方法,79,80,熬,text_found_at_other_position
606,22,烹饪方法,175,176,煮,text_found_at_other_position
606,23,烹饪方法,0,1,切,exact_match
606,24,烹饪方法,14,15,拌,text_found_at_other_position
606,25,烹饪方法,48,50,卸割,text_found_at_other_position
606,26,烹饪方法,338,339,搅,text_found_at_other_position
606,27,烹饪方法,86,87,滤,text_found_at_other_position
606,28,食疗方,15,18,鸡爪面,text_found_at_other_position
607,1,食材,6,8,羊头,exact_match
607,2,食材,42,44,姜末,exact_match
607,3,食材,47,50,胡椒粉,exact_match
607,4,食材,57,59,葱花,exact_match
607,5,食材,60,62,食盐,exact_match
607,6,食材,108,109,醋,exact_match
607,7,食材,112,114,牛蹄,exact_match
607,8,食材,117,119,马蹄,exact_match
607,9,食材,120,122,熊掌,exact_match
607,10,食材,236,238,羊肉,exact_match
607,11,食材,250,252,萝卜,text_found_at_other_position
607,12,食材,261,263,羊尾,text_found_at_other_position
607,13,烹饪方法,17,18,煮,exact_match
607,14,烹饪方法,63,64,炒,exact_match
607,15,烹饪方法,25,26,切,exact_match
607,16,烹饪方法,111,112,攒,exact_match
607,17,食性,373,374,凉,text_found_at_other_position
607,18,病症,379,381,崩中,text_found_at_other_position
607,19,病症,382,386,漏下赤白,text_found_at_other_position
607,20,食疗方,264,267,攒牛蹄,text_found_at_other_position
607,21,食疗方,304,307,攒马蹄,text_found_at_other_position
607,22,食疗方,313,316,攒熊掌,text_found_at_other_position
607,23,食疗方,230,234,细乞思哥,exact_match
608,1,食材,0,2,羊肉,exact_match
608,2,食材,147,149,草果,text_found_at_other_position
608,3,食材,19,23,回回豆子,text_found_at_other_position
608,4,食材,52,55,香粳米,text_found_at_other_position
608,5,食材,61,64,胡萝卜,text_found_at_other_position
608,6,食材,72,76,羊后脚肉,text_found_at_other_position
608,7,食材,84,86,肋枝,text_found_at_other_position
608,8,食材,225,227,姜黄,text_found_at_other_position
608,9,食材,102,104,姜末,text_found_at_other_position
608,10,食材,107,110,咱夫兰,text_found_at_other_position
608,11,食材,113,116,芫荽叶,text_found_at_other_position
608,12,食材,118,119,盐,text_found_at_other_position
608,13,食材,120,121,醋,text_found_at_other_position
608,14,食材,209,214,羊的肋骨,entity_text_not_found_in_current_passage
608,15,食材,222,224,食盐,text_found_at_other_position
608,16,食材,230,232,姜米,text_found_at_other_position
608,17,食材,252,255,香焱米,text_found_at_other_position
608,18,食材,266,270,羊后腿肉,text_found_at_other_position
608,19,食材,304,306,昏莱,text_found_at_other_position
608,20,食材,310,311,醭,text_found_at_other_position
608,21,食材,327,329,苯肉,text_found_at_other_position
608,22,食材,339,341,挲果,text_found_at_other_position
608,23,食材,346,348,良娑,text_found_at_other_position
608,24,食材,449,450,姜,text_found_at_other_position
608,25,食材,462,464,郁金,text_found_at_other_position
608,26,烹饪方法,36,37,熬,text_found_at_other_position
608,27,烹饪方法,292,293,煮,text_found_at_other_position
608,28,烹饪方法,67,68,切,text_found_at_other_position
608,29,烹饪方法,26,27,捣,text_found_at_other_position
608,30,烹饪方法,28,29,碎,text_found_at_other_position
608,31,烹饪方法,29,31,去皮,text_found_at_other_position
608,32,烹饪方法,40,41,滤,text_found_at_other_position
608,33,烹饪方法,76,77,丸,text_found_at_other_position
608,34,烹饪方法,399,400,剁,text_found_at_other_position
608,35,烹饪方法,43,44,下,text_found_at_other_position
608,36,烹饪方法,301,302,撒,text_found_at_other_position
608,37,烹饪方法,174,175,加,text_found_at_other_position
608,38,烹饪方法,121,123,调和,text_found_at_other_position
608,39,食疗方,316,319,三下锅,text_found_at_other_position
608,40,功效,321,325,补中益气,text_found_at_other_position
609,1,食材,95,97,羊肉,text_found_at_other_position
609,2,食材,25,27,草果,exact_match
609,3,食材,31,35,回回豆子,exact_match
609,4,食材,45,47,芜菁,text_found_at_other_position
609,5,食材,136,139,香粳米,text_found_at_other_position
609,6,食材,198,200,苦豆,text_found_at_other_position
609,7,食性,216,217,温,text_found_at_other_position
609,8,食味,242,243,苦,text_found_at_other_position
609,9,功效,204,207,补下元,text_found_at_other_position
609,10,功效,210,213,理腰膝,text_found_at_other_position
609,11,脏腑,313,314,肾,text_found_at_other_position
609,12,食疗方,258,262,苦豆子汤,text_found_at_other_position
609,13,烹饪方法,18,20,拆割,exact_match
609,14,烹饪方法,38,40,捣碎,exact_match
609,15,烹饪方法,53,55,洗挣,text_found_at_other_position
609,16,烹饪方法,73,74,熬,text_found_at_other_position
609,17,烹饪方法,79,81,过滤,text_found_at_other_position
609,18,烹饪方法,97,99,切碎,text_found_at_other_position
609,19,烹饪方法,107,109,切成,text_found_at_other_position
609,20,烹饪方法,187,189,调和,text_found_at_other_position
609,21,古籍来源,496,500,料物性味,text_found_at_other_position
611,1,病症,1,5,风痹不仁,exact_match
611,2,病症,8,10,脚气,exact_match
611,3,食材,13,15,熊肉,exact_match
611,4,烹饪方法,19,21,煮熟,exact_match
611,5,烹饪方法,22,24,切块,exact_match
611,6,食材,26,28,草果,exact_match
611,7,食材,36,38,胡椒,exact_match
611,8,食材,41,44,哈昔泥,exact_match
611,9,食材,47,49,姜黄,exact_match
611,10,食材,52,54,缩砂,exact_match
611,11,食材,59,62,咱夫兰,exact_match
611,12,食材,65,66,葱,exact_match
611,13,食材,67,68,盐,exact_match
611,14,食材,69,70,酱,exact_match
611,15,烹饪方法,72,74,调和,exact_match
611,16,食疗方,193,196,鲤鱼汤,exact_match
611,17,病症,199,201,黄疸,exact_match
611,18,功效,204,206,止渴,exact_match
611,19,功效,207,209,安胎,exact_match
611,20,病症,275,277,缓风,text_found_at_other_position
611,21,病症,282,284,脚弱,text_found_at_other_position
611,22,功效,433,437,行气调中,text_found_at_other_position
611,23,功效,438,440,和骨,text_found_at_other_position
611,24,功效,441,443,醒脾,text_found_at_other_position
611,25,古籍来源,506,517,本书卷三《鱼品`鲤鱼》,text_found_at_other_position
611,26,病症,540,542,黄瘅,text_found_at_other_position
611,27,病症,546,548,身黄,text_found_at_other_position
611,28,病症,549,551,目黄,text_found_at_other_position
611,29,病症,552,555,小便黄,text_found_at_other_position
611,30,病症,210,214,有宿癜者,exact_match
612,1,食味,9,10,辛,exact_match
612,2,食性,12,13,温,exact_match
612,3,病症,22,29,产后忽然井鲥,entity_text_not_found_in_current_passage
612,4,病症,30,34,不省人事,exact_match
612,5,病症,40,43,心绞痛,text_found_at_other_position
612,6,病症,44,48,肚子绞痛,text_found_at_other_position
612,7,病症,57,66,皮肤出现游觯舸病,entity_text_not_found_in_current_passage
612,8,食味,79,80,苦,text_found_at_other_position
612,9,食性,81,82,寒,text_found_at_other_position
612,10,功效,99,102,利小便,text_found_at_other_position
612,11,功效,143,147,通利小便,text_found_at_other_position
612,12,食材,172,174,木丹,text_found_at_other_position
612,13,食材,175,177,鲜支,text_found_at_other_position
612,14,食材,178,180,趱枢,text_found_at_other_position
612,15,食材,182,185,小厄子,text_found_at_other_position
612,16,食材,188,190,椐子,text_found_at_other_position
612,17,食材,192,195,山栀子,text_found_at_other_position
612,18,食材,196,199,黄鸡子,text_found_at_other_position
612,19,食材,201,203,筻子,text_found_at_other_position
612,20,食材,204,207,山枝干,text_found_at_other_position
612,21,食材,208,211,水棋枝,text_found_at_other_position
612,22,食材,239,241,林兰,text_found_at_other_position
612,23,脏腑,125,127,五脏,text_found_at_other_position
613,1,食材,13,15,蘑菰,text_found_at_other_position
613,2,食材,19,21,杏泥,text_found_at_other_position
613,3,食材,25,28,胡桃仁,text_found_at_other_position
613,4,食材,34,38,必思答仁,text_found_at_other_position
613,5,食材,43,45,胭脂,text_found_at_other_position
613,6,食材,50,52,栀子,text_found_at_other_position
613,7,食材,57,59,小油,text_found_at_other_position
613,8,食材,194,196,生姜,text_found_at_other_position
613,9,食材,71,73,豆粉,text_found_at_other_position
613,10,食材,77,79,山药,text_found_at_other_position
613,11,食材,92,94,羊肚,text_found_at_other_position
613,12,食材,95,96,肺,text_found_at_other_position
613,13,食材,103,105,苦肠,text_found_at_other_position
613,14,食材,110,111,葱,text_found_at_other_position
613,15,食材,115,116,醋,text_found_at_other_position
613,16,食材,120,123,芫荽叶,text_found_at_other_position
613,17,食材,160,162,羊肉,text_found_at_other_position
613,18,食材,166,169,羊尾巴,text_found_at_other_position
613,19,食材,183,187,羊苦肠,entity_text_not_found_in_current_passage
613,20,食材,227,232,甜八旦杏仁,text_found_at_other_position
613,21,食材,257,260,鸡头仁,text_found_at_other_position
613,22,食材,273,275,鸡蛋,text_found_at_other_position
613,23,食材,308,310,蒹油,text_found_at_other_position
613,24,食材,322,325,食盐,entity_text_not_found_in_current_passage
613,25,食材,131,132,酱,text_found_at_other_position
613,26,食材,328,331,香莱叶,text_found_at_other_position
613,27,食材,150,152,松黄,text_found_at_other_position
613,28,食材,455,457,白面,text_found_at_other_position
613,29,食材,461,464,牛奶子,text_found_at_other_position
613,30,食材,469,471,酥油,text_found_at_other_position
613,31,食材,448,451,黑子儿,text_found_at_other_position
613,32,食材,129,130,盐,text_found_at_other_position
613,33,食材,492,493,碱,text_found_at_other_position
613,34,食材,4,7,八旦仁,exact_match
613,35,烹饪方法,146,147,蒸,text_found_at_other_position
613,36,烹饪方法,483,484,炒,text_found_at_other_position
613,37,烹饪方法,451,452,烧,text_found_at_other_position
613,38,烹饪方法,220,221,切,text_found_at_other_position
613,39,烹饪方法,339,340,拌,text_found_at_other_position
613,40,烹饪方法,135,136,和,text_found_at_other_position
613,41,烹饪方法,140,141,作,text_found_at_other_position
613,42,食疗方,596,601,黑子儿烧饼,text_found_at_other_position
613,43,古籍来源,524,536,本书卷三《果品:八澹仁》,text_found_at_other_position
613,44,古籍来源,553,564,本书卷三《果品'胡桃》,text_found_at_other_position
613,45,古籍来源,581,593,本书卷三《果品'必思答》,text_found_at_other_position
613,46,古籍来源,630,642,卷三《料物性味'黑子儿》,text_found_at_other_position
614,1,食材,390,393,青羊肉,text_found_at_other_position
614,2,食味,161,162,甘,text_found_at_other_position
614,3,食性,12,13,温,exact_match
614,4,功效,19,24,补脾胃之气,exact_match
614,5,病症,27,35,久病而成的劳伤,entity_text_not_found_in_current_passage
614,6,禁忌,115,120,不可以食用,text_found_at_other_position
614,7,功效,132,135,补养人,text_found_at_other_position
614,8,烹饪方法,136,138,煮汤,text_found_at_other_position
614,9,食性,163,164,平,text_found_at_other_position
614,10,功效,168,171,补益人,text_found_at_other_position
614,11,功效,199,203,补养人体,text_found_at_other_position
614,12,功效,467,471,补虚助阳,text_found_at_other_position
615,1,食材,11,13,胡椒,exact_match
615,2,食味,17,18,辛,exact_match
615,3,食性,19,20,温,exact_match
615,4,功效,24,27,主下气,exact_match
615,5,功效,29,34,除脏腑风冷,exact_match
615,6,功效,40,43,杀肉毒,exact_match
615,7,脏腑,617,619,脏腑,text_found_at_other_position
615,8,病症,38,39,痰,exact_match
616,1,食疗方,45,48,茯苓酒,text_found_at_other_position
616,2,古籍来源,14,18,《仙方》,text_found_at_other_position
616,3,食材,8,10,茯苓,text_found_at_other_position
616,4,烹饪方法,23,25,酿酒,text_found_at_other_position
616,5,病症,27,29,腿劳,text_found_at_other_position
616,6,功效,101,105,强壮筋骨,text_found_at_other_position
616,7,功效,36,40,延年益寿,text_found_at_other_position
616,8,食疗方,120,123,松根酒,text_found_at_other_position
616,9,食材,114,116,松根,text_found_at_other_position
616,10,烹饪方法,142,144,酿酒,text_found_at_other_position
616,11,病症,147,148,风,text_found_at_other_position
616,12,功效,150,153,壮筋骨,text_found_at_other_position
616,13,食材,74,75,曲,text_found_at_other_position
616,14,食材,76,77,米,text_found_at_other_position
616,15,食材,188,190,云苓,text_found_at_other_position
616,16,食材,191,194,白茯苓,text_found_at_other_position
616,17,食材,195,198,赤茯苓,text_found_at_other_position
616,18,食味,240,241,甘,text_found_at_other_position
616,19,食味,242,243,淡,text_found_at_other_position
616,20,食性,245,246,平,text_found_at_other_position
616,21,功效,248,252,利水渗湿,text_found_at_other_position
616,22,功效,253,257,健脾和胃,text_found_at_other_position
616,23,功效,258,262,宁心安神,text_found_at_other_position
616,24,古籍来源,302,308,《本草纲目》,text_found_at_other_position
616,25,古籍来源,425,431,《张氏医通》,text_found_at_other_position
616,26,病症,366,368,风痹,text_found_at_other_position
616,27,病症,409,411,行痹,text_found_at_other_position
616,28,病症,412,414,走注,text_found_at_other_position
616,29,病症,421,423,痛风,text_found_at_other_position
616,30,病症,439,443,肢节疼痈,text_found_at_other_position
616,31,病症,446,451,游走不定,entity_text_not_found_in_current_passage
617,1,食材,6,7,雁,exact_match
617,2,食材,24,26,葱末,text_found_at_other_position
617,3,食材,29,31,芫萎,text_found_at_other_position
617,4,食材,38,40,食盐,text_found_at_other_position
617,5,食材,69,72,羊肚子,text_found_at_other_position
617,6,食材,99,101,水札,text_found_at_other_position
617,7,食材,112,115,芜荽末,text_found_at_other_position
617,8,食材,118,119,葱,text_found_at_other_position
617,9,食材,145,147,肥面,text_found_at_other_position
617,10,食材,164,166,酥油,text_found_at_other_position
617,11,烹饪方法,85,86,烧,text_found_at_other_position
617,12,烹饪方法,154,155,蒸,text_found_at_other_position
617,13,烹饪方法,178,180,炉熟,text_found_at_other_position
617,14,烹饪方法,79,80,包,text_found_at_other_position
617,15,烹饪方法,333,334,烤,text_found_at_other_position
617,16,烹饪方法,298,300,蒸熟,text_found_at_other_position
617,17,古籍来源,398,405,《禽品〈水札》,text_found_at_other_position
618,1,古籍来源,17,22,《神仙传》,exact_match
618,2,食材,14,16,槐实,exact_match
618,3,食材,28,30,牛胆,exact_match
618,4,烹饪方法,31,33,渍浸,exact_match
618,5,烹饪方法,36,38,阴干,exact_match
618,6,烹饪方法,41,42,吞,exact_match
618,7,功效,48,50,身轻,exact_match
618,8,功效,54,58,白发再黑,exact_match
618,9,功效,61,63,通神,exact_match
618,10,古籍来源,69,73,《食疗》,exact_match
618,11,食材,78,81,枸杞叶,exact_match
618,12,功效,86,89,筋骨壮,exact_match
618,13,功效,90,92,除风,exact_match
618,14,功效,95,96,益,exact_match
618,15,功效,97,100,去盛劳,exact_match
618,16,功效,101,104,益阴事,exact_match
618,17,食材,129,131,松节,exact_match
618,18,病症,152,157,百节疼痛,entity_text_not_found_in_current_passage
618,19,病症,159,165,周身关节痛疼,exact_match
618,20,食材,199,203,黄松太节,exact_match
618,21,食材,204,207,油松节,exact_match
618,22,食材,208,211,松郎头,exact_match
618,23,食味,236,237,苦,exact_match
618,24,食性,239,240,温,exact_match
618,25,食材,288,290,槐角,exact_match
618,26,食材,296,298,槐子,exact_match
618,27,食材,299,301,槐豆,exact_match
618,28,食材,302,305,槐连灯,exact_match
618,29,食材,306,309,九连灯,exact_match
618,30,食材,310,312,夭豆,exact_match
618,31,食材,313,316,槐连豆,exact_match
618,32,食材,319,323,槐树豆子,exact_match
618,33,食味,379,380,苦,exact_match
618,34,食性,382,383,寒,exact_match
618,35,功效,385,387,清热,exact_match
618,36,功效,388,390,润肝,exact_match
618,37,功效,395,397,止血,exact_match
618,38,食味,412,413,苦,exact_match
618,39,食性,481,483,大寒,exact_match
618,40,功效,485,489,潸肝明目,exact_match
618,41,功效,490,494,利胆通肠,exact_match
618,42,功效,495,499,解毒消肿,exact_match
618,43,古籍来源,575,581,《证类本草》,exact_match
618,44,古籍来源,581,586,《医心方》,exact_match
618,45,食材,616,619,地仙苗,text_found_at_other_position
618,46,食材,621,623,甜莱,text_found_at_other_position
618,47,食材,624,627,枸杞尖,text_found_at_other_position
618,48,食材,628,631,天精草,text_found_at_other_position
618,49,食材,632,635,枸杞苗,text_found_at_other_position
618,50,食材,636,639,枸杞莱,text_found_at_other_position
618,51,食材,640,643,枸杞头,text_found_at_other_position
618,52,食味,648,649,甘,text_found_at_other_position
618,53,食性,392,393,谅,exact_match
618,54,功效,654,658,补虚益精,text_found_at_other_position
618,55,功效,659,661,潸热,text_found_at_other_position
618,56,功效,662,664,止渴,text_found_at_other_position
618,57,功效,665,669,祛风明目,text_found_at_other_position
618,58,脏腑,399,400,胆,exact_match
618,59,烹饪方法,110,111,采,exact_match
618,60,禁忌,500,515,凡医书均无服此百日可通神之说,entity_text_not_found_in_current_passage
618,61,医家,530,532,孟诜,exact_match
618,62,医家,554,556,张鼎,exact_match
619,1,食材,0,2,羊肉,exact_match
619,2,食材,18,20,良姜,exact_match
619,3,食材,144,146,羊肝,text_found_at_other_position
619,4,食材,45,47,胡椒,exact_match
619,5,食材,53,56,鸡头粉,exact_match
619,6,食材,59,61,豆粉,exact_match
619,7,食材,304,306,陈皮,text_found_at_other_position
619,8,食材,312,314,生姜,text_found_at_other_position
619,9,食性,459,460,温,text_found_at_other_position
619,10,食味,456,457,辛,text_found_at_other_position
619,11,归经,464,465,肺,text_found_at_other_position
619,12,归经,466,467,胃,text_found_at_other_position
619,13,归经,468,469,脾,text_found_at_other_position
619,14,功效,247,251,补中益气,text_found_at_other_position
619,15,功效,484,486,去湿,text_found_at_other_position
619,16,功效,513,515,消焱,text_found_at_other_position
619,17,病症,506,507,湿,text_found_at_other_position
619,18,烹饪方法,27,28,熬,exact_match
619,19,烹饪方法,32,33,滤,exact_match
619,20,烹饪方法,70,71,切,exact_match
619,21,烹饪方法,277,278,捣,text_found_at_other_position
619,22,烹饪方法,151,152,煮,text_found_at_other_position
619,23,古籍来源,472,478,《药性类阴》,text_found_at_other_position
620,1,病症,0,2,脾病,exact_match
620,2,禁忌,2,5,禁食酸,exact_match
620,3,食材,9,11,大豆,exact_match
620,4,食材,12,14,豕肉,exact_match
620,5,食材,15,16,栗,exact_match
620,6,食材,17,18,藿,exact_match
620,7,病症,23,25,肺病,exact_match
620,8,禁忌,25,28,禁食苦,exact_match
620,9,食材,32,34,小麦,exact_match
620,10,食材,35,37,羊肉,exact_match
620,11,食材,38,39,杏,exact_match
620,12,食材,40,41,薤,exact_match
620,13,病症,46,48,肾病,exact_match
620,14,禁忌,48,51,禁食甘,exact_match
620,15,食材,55,57,黄黍,exact_match
620,16,食材,58,60,鸡肉,exact_match
620,17,食材,61,62,桃,exact_match
620,18,食材,63,64,葱,exact_match
620,19,食味,70,71,酸,exact_match
620,20,脏腑,72,74,肝气,exact_match
620,21,病症,77,81,脾气乃绝,exact_match
620,22,病症,83,89,肉胝髑而唇揭,exact_match
620,23,食味,94,95,咸,exact_match
620,24,病症,96,100,骨气劳短,exact_match
620,25,病症,102,105,肥气折,exact_match
620,26,病症,108,114,脉凝沌而变色,exact_match
620,27,古籍来源,210,220,《内经.生气通夭论》,exact_match
620,28,食味,228,229,酸,exact_match
620,29,脏腑,230,232,肝气,exact_match
620,30,脏腑,236,238,脾气,exact_match
620,31,食味,250,251,酸,exact_match
620,32,脏腑,258,259,肝,exact_match
620,33,病症,324,328,木郁克士,exact_match
620,34,病症,330,334,脾气不运,exact_match
620,35,病症,377,384,肉胝脂阿唇揭,entity_text_not_found_in_current_passage
620,36,古籍来源,359,369,《内经'五脏生成论》,text_found_at_other_position
620,37,食味,306,307,酸,exact_match
620,38,古籍来源,397,401,《千金》,text_found_at_other_position
620,39,病症,405,410,肉胝而唇褰,text_found_at_other_position
620,40,病症,448,454,肉厚而唇缩,entity_text_not_found_in_current_passage
620,41,病症,471,477,皮肉坚厚皱缩,text_found_at_other_position
620,42,病症,479,483,口蓐掀起,text_found_at_other_position
620,43,食味,487,488,咸,text_found_at_other_position
620,44,病症,489,493,骨气劳短,text_found_at_other_position
620,45,古籍来源,499,509,《内经`生气通天论》,text_found_at_other_position
620,46,食味,516,517,咸,text_found_at_other_position
620,47,病症,518,522,大骨气劳,text_found_at_other_position
620,48,病症,523,525,短肌,text_found_at_other_position
620,49,病症,526,529,心气抑,text_found_at_other_position
620,50,古籍来源,537,541,《太素》,text_found_at_other_position
620,51,古籍来源,553,559,《云笈七签》,text_found_at_other_position
620,52,食味,589,590,咸,text_found_at_other_position
620,53,病症,581,585,则骨气劳,text_found_at_other_position
620,54,食味,709,710,咸,text_found_at_other_position
620,55,病症,600,602,饬骨,text_found_at_other_position
620,56,病症,639,641,伤骨,text_found_at_other_position
620,57,病症,652,655,肥气折,text_found_at_other_position
620,58,病症,663,665,变色,text_found_at_other_position
620,59,病症,678,684,脉凝泣而娈色,text_found_at_other_position
620,60,古籍来源,691,701,《内经`五脏生成论》,text_found_at_other_position
620,61,食味,745,746,咸,text_found_at_other_position
620,62,病症,713,719,脉焱拉而娈色,text_found_at_other_position
620,63,病症,722,724,凝迹,text_found_at_other_position
620,64,病症,753,757,血脉疑滞,text_found_at_other_position
620,65,病症,759,765,面色失去光泽,text_found_at_other_position
621,1,食材,44,47,鲣鱼肉,exact_match
621,2,食性,54,55,寒,exact_match
621,3,食味,51,52,甜,exact_match
621,4,功效,60,65,治咳嗽喘息,exact_match
621,5,功效,75,77,安胎,exact_match
621,6,病症,66,69,黄疸病,exact_match
621,7,病症,79,84,脚部浮肿病,exact_match
621,8,病症,12,16,水肿脚气,exact_match
621,9,病症,18,21,天行病,exact_match
621,10,禁忌,24,27,不可食,exact_match
622,1,食材,54,56,羊肉,exact_match
622,2,食材,57,59,羊脂,exact_match
622,3,食材,60,63,羊尾子,exact_match
622,4,食材,65,68,新韭莱,exact_match
622,5,食材,8,9,盐,exact_match
622,6,食材,10,11,酱,exact_match
622,7,食材,15,17,白面,exact_match
622,8,食材,29,31,酥油,exact_match
622,9,食材,32,33,蜜,exact_match
622,10,食材,37,39,葫芦,exact_match
622,11,食材,40,42,瓠子,exact_match
622,12,食材,173,174,葱,exact_match
622,13,食材,175,177,陈皮,exact_match
622,14,食材,178,180,生姜,exact_match
622,15,食材,203,205,小油,exact_match
622,16,烹饪方法,11,13,拌匀,exact_match
622,17,烹饪方法,17,19,作皮,exact_match
622,18,烹饪方法,22,24,炮熟,exact_match
622,19,烹饪方法,115,117,烙熟,exact_match
622,20,烹饪方法,333,334,蒸,text_found_at_other_position
622,21,烹饪方法,69,71,切细,exact_match
622,22,烹饪方法,213,215,搅熟,exact_match
622,23,烹饪方法,527,529,烫熟,text_found_at_other_position
622,24,烹饪方法,130,131,和,exact_match
622,25,食疗方,103,108,撇列角儿,entity_text_not_found_in_current_passage
622,26,食疗方,156,160,莳萝角儿,exact_match
622,27,古籍来源,419,432,本书卷三《莱品'瓠'葫芦》,text_found_at_other_position
623,1,食材,3,5,木瓜,exact_match
623,2,食味,9,10,酸,exact_match
623,3,食性,13,14,温,exact_match
623,4,病症,22,26,湿痹邪气,exact_match
623,5,食材,46,48,梅实,exact_match
623,6,食味,53,54,酸,text_found_at_other_position
623,7,食性,57,58,平,text_found_at_other_position
623,8,功效,63,65,下气,text_found_at_other_position
623,9,功效,66,69,除烦热,text_found_at_other_position
623,10,功效,70,72,安心,text_found_at_other_position
623,11,食材,113,115,黧梅,text_found_at_other_position
623,12,食材,117,120,桔梅肉,text_found_at_other_position
623,13,食材,122,124,酸梅,text_found_at_other_position
623,14,食味,240,241,酸,text_found_at_other_position
623,15,功效,474,478,去暑解渴,text_found_at_other_position
623,16,功效,479,482,助消化,text_found_at_other_position
624,1,食材,5,7,海红,text_found_at_other_position
624,2,食材,31,33,海棠,text_found_at_other_position
624,3,食材,74,77,海棠果,text_found_at_other_position
624,4,食材,78,81,海棠梨,text_found_at_other_position
624,5,食材,82,85,棠蒸梨,text_found_at_other_position
624,6,食味,12,13,酸,text_found_at_other_position
624,7,食味,14,15,甘,text_found_at_other_position
624,8,食性,16,17,平,text_found_at_other_position
624,9,病症,23,25,泄痢,text_found_at_other_position
625,1,食材,11,13,天鹅,text_found_at_other_position
625,2,食味,17,18,甘,text_found_at_other_position
625,3,食性,20,21,热,text_found_at_other_position
625,4,功效,530,534,补中益气,text_found_at_other_position
625,5,烹饪方法,474,476,清蒸,text_found_at_other_position
625,6,烹饪方法,477,478,炖,text_found_at_other_position
625,7,烹饪方法,478,479,烤,text_found_at_other_position
625,8,烹饪方法,481,482,烧,text_found_at_other_position
625,9,医家,491,494,李时珍,text_found_at_other_position
625,10,医家,501,503,汪颖,text_found_at_other_position
625,11,食性,497,498,平,text_found_at_other_position
625,12,食性,506,507,冷,text_found_at_other_position
625,13,功效,544,548,益人气力,text_found_at_other_position
625,14,功效,549,552,利脏腑,text_found_at_other_position
626,1,食材,0,1,桂,exact_match
626,2,食味,8,9,甘,text_found_at_other_position
626,3,食味,10,11,辛,text_found_at_other_position
626,4,食性,12,14,大热,text_found_at_other_position
626,5,病症,21,25,心腹寒热,text_found_at_other_position
626,6,病症,545,547,冷痰,text_found_at_other_position
626,7,脏腑,30,31,肝,text_found_at_other_position
626,8,脏腑,32,33,肺,text_found_at_other_position
626,9,功效,356,359,补元阳,text_found_at_other_position
626,10,功效,368,371,通血脉,text_found_at_other_position
626,11,禁忌,536,543,用量不宜过大,entity_text_not_found_in_current_passage
626,12,古籍来源,521,525,《本草》,text_found_at_other_position
627,1,食材,0,3,山丹根,exact_match
627,2,食味,12,13,甘,text_found_at_other_position
627,3,食性,14,15,平,text_found_at_other_position
627,4,功效,20,25,主邪气腹胀,text_found_at_other_position
627,5,病症,29,31,疮肿,text_found_at_other_position
627,6,烹饪方法,511,512,蒸,text_found_at_other_position
627,7,烹饪方法,513,514,煮,text_found_at_other_position
627,8,烹饪方法,529,530,捣,text_found_at_other_position
628,1,食材,55,58,苦苴莱,text_found_at_other_position
628,2,食味,12,13,苦,text_found_at_other_position
628,3,食性,14,15,平,text_found_at_other_position
628,4,病症,75,84,面目发蚩的费疸病,entity_text_not_found_in_current_passage
628,5,功效,94,98,清爽精神,text_found_at_other_position
628,6,功效,99,103,通利五脏,text_found_at_other_position
628,7,食材,330,332,嫩叶,text_found_at_other_position
628,8,食材,341,342,根,text_found_at_other_position
628,9,食材,280,281,花,text_found_at_other_position
628,10,食材,345,347,种孓,text_found_at_other_position
629,1,食材,25,26,麦,exact_match
629,2,食性,21,22,温,exact_match
629,3,病症,239,241,寒变,text_found_at_other_position
629,4,脏腑,3,4,肝,exact_match
629,5,脏腑,133,134,心,text_found_at_other_position
629,6,脏腑,135,136,脾,text_found_at_other_position
629,7,脏腑,137,138,肺,text_found_at_other_position
629,8,脏腑,139,140,肾,text_found_at_other_position
629,9,病症,278,280,饱闷,text_found_at_other_position
629,10,病症,284,286,狐疑,text_found_at_other_position
629,11,病症,287,291,下利奔迫,text_found_at_other_position
629,12,病症,292,296,惨然不乐,text_found_at_other_position
629,13,养生原则,39,48,禁温饮食及热衣服,entity_text_not_found_in_current_passage
629,14,医家,234,236,喻昌,text_found_at_other_position
629,15,医家,305,310,蕃多村直宽,text_found_at_other_position
629,16,古籍来源,310,316,《素问札记》,text_found_at_other_position
629,17,医家,653,657,张景岳,entity_text_not_found_in_current_passage
629,18,古籍来源,707,714,《脉要精徵论》,text_found_at_other_position
630,1,食材,0,3,咱夫兰,exact_match
630,2,食材,19,21,羊心,exact_match
630,3,食材,40,42,羊腰,exact_match
630,4,食材,254,257,肥鸡儿,text_found_at_other_position
630,5,食材,282,283,葱,text_found_at_other_position
630,6,烹饪方法,9,10,烤,exact_match
630,7,烹饪方法,39,40,炙,exact_match
630,8,烹饪方法,269,270,切,text_found_at_other_position
630,9,功效,24,29,心气安宁,entity_text_not_found_in_current_passage
630,10,功效,30,34,心情愉快,exact_match
630,11,功效,35,37,欢喜,exact_match
630,12,病症,48,52,腰眼疼痛,exact_match
630,13,食疗方,285,288,炙羊腰,text_found_at_other_position
630,14,食疗方,249,252,攒鸡儿,text_found_at_other_position
630,15,古籍来源,312,320,《曾品.羊肉》,entity_text_not_found_in_current_passage
631,1,食材,5,7,黄瓜,text_found_at_other_position
631,2,食味,12,13,甘,text_found_at_other_position
631,3,食性,14,15,平,text_found_at_other_position
631,4,食性,16,17,寒,text_found_at_other_position
631,5,禁忌,21,25,动气发瓣,text_found_at_other_position
631,6,禁忌,26,30,令人虚热,text_found_at_other_position
631,7,禁忌,32,36,不可盗食,text_found_at_other_position
631,8,禁忌,71,76,不可以多吃,text_found_at_other_position
631,9,功效,428,432,除热利水,text_found_at_other_position
631,10,功效,433,436,解莓,entity_text_not_found_in_current_passage
631,11,病症,438,440,烦渴,text_found_at_other_position
632,1,食材,19,21,鲂鱼,exact_match
632,2,食味,32,33,甜,exact_match
632,3,食性,36,37,温,exact_match
632,4,食性,38,39,平,exact_match
632,5,功效,48,50,补益,exact_match
632,6,功效,4,6,助脾,exact_match
632,7,病症,79,81,疳痢,exact_match
632,8,食材,86,87,鲟,exact_match
632,9,食材,97,99,耶鱼,exact_match
632,10,烹饪方法,111,113,薄切,exact_match
632,11,食材,122,124,蒜齑,exact_match
632,12,食材,125,126,姜,exact_match
632,13,食材,127,128,醋,exact_match
632,14,禁忌,136,143,不可与疳痢人食,exact_match
632,15,古籍来源,146,152,《本草纲目》,exact_match
632,16,医家,153,155,孟诜,exact_match
632,17,古籍来源,169,174,《食品巢》,exact_match
633,1,食材,16,18,犀角,exact_match
633,2,食味,22,23,苦,exact_match
633,3,食味,24,25,咸,exact_match
633,4,食性,26,28,微寒,exact_match
633,5,病症,124,127,蛊毒病,text_found_at_other_position
633,6,病症,132,136,山岚瘴气,text_found_at_other_position
633,7,病症,56,57,蛇,exact_match
633,8,病症,60,62,份蹇,exact_match
633,9,病症,63,65,瘟疫,exact_match
633,10,古籍来源,320,326,《医学正传》,text_found_at_other_position
634,1,病症,7,9,漏风,exact_match
634,2,食材,16,18,黍穰,exact_match
634,3,病症,21,23,癞疾,exact_match
634,4,病症,37,39,痈疽,exact_match
634,5,病症,70,72,咳嗽,exact_match
634,6,病症,79,81,痔疾,exact_match
634,7,病症,93,94,疮,exact_match
634,8,病症,121,123,气疾,exact_match
634,9,古籍来源,143,145,内经,exact_match
634,10,病症,237,239,酒风,text_found_at_other_position
634,11,病症,289,291,麻风,text_found_at_other_position
634,12,病症,294,296,黄癣,text_found_at_other_position
634,13,古籍来源,535,540,内经:素问,text_found_at_other_position
635,1,食疗方,0,3,鹿角酒,exact_match
635,2,病症,5,9,卒思腰痛,exact_match
635,3,食材,17,19,鹿角,exact_match
635,4,烹饪方法,31,32,烧,text_found_at_other_position
635,5,烹饪方法,42,43,浸,text_found_at_other_position
635,6,烹饪方法,48,49,饮,text_found_at_other_position
635,7,食疗方,95,99,黑牛髓煎,text_found_at_other_position
635,8,病症,101,104,肾旋弱,text_found_at_other_position
635,9,病症,105,108,骨伤败,text_found_at_other_position
635,10,病症,109,113,瘦弱无力,text_found_at_other_position
635,11,食材,115,118,黑牛髓,text_found_at_other_position
635,12,食材,124,128,生地黄汁,text_found_at_other_position
635,13,食材,133,136,白汹蜜,text_found_at_other_position
635,14,烹饪方法,139,140,炼,text_found_at_other_position
635,15,烹饪方法,153,154,煎,text_found_at_other_position
635,16,烹饪方法,161,163,调服,text_found_at_other_position
635,17,食味,320,321,咸,text_found_at_other_position
635,18,食性,323,324,温,text_found_at_other_position
635,19,归经,329,331,入肝,text_found_at_other_position
635,20,归经,332,334,肾经,text_found_at_other_position
635,21,功效,336,338,行血,text_found_at_other_position
635,22,功效,339,341,消肿,text_found_at_other_position
635,23,功效,343,345,益肾,text_found_at_other_position
635,24,古籍来源,348,362,本书卷三《兽品:鹿:鹿角》,entity_text_not_found_in_current_passage
636,1,食味,10,11,甜,exact_match
636,2,食性,14,15,平,exact_match
636,3,病症,26,29,惊邪症,exact_match
636,4,食材,36,38,鹁鸽,text_found_at_other_position
636,5,食味,43,44,咸,text_found_at_other_position
636,6,食性,45,46,平,text_found_at_other_position
636,7,功效,51,53,调精,text_found_at_other_position
636,8,功效,54,56,益气,text_found_at_other_position
636,9,功效,57,61,解诸药毒,text_found_at_other_position
636,10,食材,34,35,鸽,text_found_at_other_position
636,11,食材,109,111,鸽子,text_found_at_other_position
636,12,食材,136,138,原鸽,text_found_at_other_position
636,13,食材,143,145,家鸽,text_found_at_other_position
636,14,食材,178,180,野鸽,text_found_at_other_position
636,15,食材,404,406,鸽肉,text_found_at_other_position
636,16,功效,469,473,滋肾益气,text_found_at_other_position
637,1,食材,0,2,薇莱,exact_match
637,2,食材,34,37,大巢莱,text_found_at_other_position
637,3,食味,10,11,甘,text_found_at_other_position
637,4,食性,12,13,平,text_found_at_other_position
637,5,功效,18,20,益气,text_found_at_other_position
637,6,功效,21,23,润肌,text_found_at_other_position
637,7,功效,25,29,清神强志,text_found_at_other_position
637,8,功效,510,514,和血祛痰,text_found_at_other_position
637,9,医家,435,438,苏东坡,text_found_at_other_position
638,1,食材,5,7,小椒,text_found_at_other_position
638,2,食味,11,12,辛,text_found_at_other_position
638,3,食性,13,14,热,text_found_at_other_position
638,4,功效,19,24,主邪气咳逆,text_found_at_other_position
638,5,功效,25,27,温中,text_found_at_other_position
638,6,功效,29,33,下冷气,entity_text_not_found_in_current_passage
638,7,功效,34,37,除湿痹,text_found_at_other_position
638,8,食材,45,47,花椒,text_found_at_other_position
638,9,病症,529,531,咳逆,text_found_at_other_position
638,10,病症,538,540,呃逆,text_found_at_other_position
638,11,病症,543,545,吃逆,text_found_at_other_position
638,12,病症,615,616,痹,text_found_at_other_position
638,13,脏腑,557,558,胃,text_found_at_other_position
638,14,古籍来源,156,158,唐易,text_found_at_other_position
639,1,食材,0,3,醍醐油,exact_match
639,2,食材,8,10,酥油,exact_match
639,3,食材,139,143,马思哥油,text_found_at_other_position
639,4,食材,187,190,白酥油,text_found_at_other_position
639,5,食材,146,149,牛奶子,text_found_at_other_position
639,6,食材,566,570,净牛奶子,text_found_at_other_position
639,7,食味,417,418,甘,text_found_at_other_position
639,8,食性,420,421,平,text_found_at_other_position
639,9,功效,426,428,养营,text_found_at_other_position
639,10,功效,429,431,滋阴,text_found_at_other_position
639,11,功效,432,434,润燥,text_found_at_other_position
639,12,功效,436,438,止渴,text_found_at_other_position
639,13,禁忌,442,449,中虚湿盛者忌之,text_found_at_other_position
639,14,烹饪方法,19,21,煎熬,exact_match
639,15,烹饪方法,22,24,过滤,exact_match
639,16,烹饪方法,167,169,打取,text_found_at_other_position
640,1,食材,8,11,青鱼肉,text_found_at_other_position
640,2,食味,13,14,甜,text_found_at_other_position
640,3,食性,16,17,平,text_found_at_other_position
640,4,食材,31,33,青鱼,text_found_at_other_position
640,5,食材,62,64,鲇鱼,text_found_at_other_position
640,6,食味,69,70,甘,text_found_at_other_position
640,7,食性,71,72,寒,text_found_at_other_position
640,8,禁忌,78,81,勿多食,text_found_at_other_position
640,9,病症,82,84,目赤,text_found_at_other_position
640,10,烹饪方法,399,400,炖,text_found_at_other_position
640,11,烹饪方法,403,404,烧,text_found_at_other_position
640,12,食疗方,410,414,红烧鲇鱼,text_found_at_other_position
641,1,食材,5,7,蒲黄,text_found_at_other_position
641,2,食味,12,13,甘,text_found_at_other_position
641,3,食性,14,15,平,text_found_at_other_position
641,4,功效,19,24,治心腹蹇热,text_found_at_other_position
641,5,功效,25,28,利小便,text_found_at_other_position
641,6,功效,29,32,止血疾,text_found_at_other_position
641,7,病症,70,72,出血,text_found_at_other_position
641,8,食材,324,327,回回青,text_found_at_other_position
641,9,食味,93,94,甘,text_found_at_other_position
641,10,食性,57,58,寒,text_found_at_other_position
641,11,功效,101,105,解诸药毒,text_found_at_other_position
641,12,功效,107,112,欺热毒疮肿,text_found_at_other_position
641,13,古籍来源,228,239,本书卷三《菜品'蒲笄》,text_found_at_other_position
642,1,食材,1,3,黄精,exact_match
642,2,食材,363,364,枣,text_found_at_other_position
642,3,食性,83,84,平,exact_match
642,4,食味,580,581,甘,text_found_at_other_position
642,5,功效,235,239,宽中益气,text_found_at_other_position
642,6,功效,239,242,补五脏,text_found_at_other_position
642,7,功效,244,248,调良饥肉,text_found_at_other_position
642,8,功效,249,254,充实骨体,entity_text_not_found_in_current_passage
642,9,功效,256,260,坚强筋骨,text_found_at_other_position
642,10,功效,261,265,延年不老,text_found_at_other_position
642,11,功效,266,270,颜色鲜朋,text_found_at_other_position
642,12,功效,271,275,发白再黑,text_found_at_other_position
642,13,功效,277,281,齿落更生,text_found_at_other_position
642,14,病症,622,626,痞满气塞,text_found_at_other_position
642,15,古籍来源,283,286,神枕法,text_found_at_other_position
643,1,食材,0,2,羊肾,exact_match
643,2,功效,6,9,补肾虚,text_found_at_other_position
643,3,功效,11,14,益精髓,text_found_at_other_position
643,4,食材,16,18,羊骨,text_found_at_other_position
643,5,食性,22,23,热,text_found_at_other_position
643,6,病症,385,387,寒中,text_found_at_other_position
643,7,病症,32,34,羸瘦,text_found_at_other_position
643,8,食材,36,38,羊髓,text_found_at_other_position
643,9,食味,42,43,甘,text_found_at_other_position
643,10,食性,44,45,温,text_found_at_other_position
643,11,病症,53,57,阴气不足,text_found_at_other_position
643,12,功效,58,62,利血脉,entity_text_not_found_in_current_passage
643,13,功效,63,66,益经气,text_found_at_other_position
643,14,食材,68,70,羊脑,text_found_at_other_position
643,15,禁忌,74,78,不可多食,text_found_at_other_position
643,16,食材,80,82,羊酪,text_found_at_other_position
643,17,病症,87,89,消渴,text_found_at_other_position
643,18,功效,90,93,补盛乏,text_found_at_other_position
643,19,食味,151,152,甘,text_found_at_other_position
643,20,食味,153,154,咸,text_found_at_other_position
643,21,食性,157,158,温,text_found_at_other_position
643,22,禁忌,503,509,多食发风生热,text_found_at_other_position
643,23,禁忌,511,515,余病筲忌,text_found_at_other_position
644,1,古籍来源,9,12,《礼》,exact_match
644,2,古籍来源,21,24,《诗》,exact_match
644,3,古籍来源,262,269,《小雅:楚莰》,text_found_at_other_position
644,4,古籍来源,284,291,《鲁颂.困宫》,text_found_at_other_position
644,5,古籍来源,306,313,《小雅.瓠叶》,text_found_at_other_position
644,6,古籍来源,378,383,《神仙传》,text_found_at_other_position
644,7,古籍来源,438,444,《遵生八膪》,text_found_at_other_position
644,8,古籍来源,480,486,《山家清供》,text_found_at_other_position
644,9,医家,337,339,苏轼,text_found_at_other_position
644,10,医家,376,378,葛洪,text_found_at_other_position
644,11,医家,435,437,高濂,text_found_at_other_position
644,12,医家,497,500,苏易简,text_found_at_other_position
644,13,食材,341,343,猪肉,text_found_at_other_position
644,14,烹饪方法,38,39,煮,exact_match
644,15,烹饪方法,17,18,燔,exact_match
644,16,烹饪方法,18,19,炮,exact_match
644,17,烹饪方法,72,73,炙,exact_match
644,18,病症,132,135,翕翕热,exact_match
644,19,病症,144,147,肝肺热,text_found_at_other_position
644,20,养生原则,59,61,尊生,exact_match
644,21,养生原则,528,532,适口者珍,text_found_at_other_position
645,1,养生原则,159,160,早,text_found_at_other_position
645,2,养生原则,81,82,少,exact_match
645,3,养生原则,44,45,烂,exact_match
645,4,养生原则,51,52,热,exact_match
645,5,食材,364,366,粗茶,text_found_at_other_position
645,6,食材,512,514,熊掌,text_found_at_other_position
645,7,食材,532,534,羊胃,text_found_at_other_position
645,8,烹饪方法,544,545,煮,text_found_at_other_position
645,9,烹饪方法,163,164,烂,text_found_at_other_position
645,10,医家,584,587,苏东坡,text_found_at_other_position
645,11,医家,394,397,司马光,text_found_at_other_position
645,12,医家,412,414,何曾,text_found_at_other_position
645,13,医家,121,124,韩桂令,text_found_at_other_position
645,14,医家,127,130,石琢堂,text_found_at_other_position
645,15,医家,133,136,朱兰坡,text_found_at_other_position
645,16,医家,3,6,郎仁宝,exact_match
645,17,古籍来源,560,564,《周礼》,text_found_at_other_position
645,18,古籍来源,569,573,《诗经》,text_found_at_other_position
646,1,食材,54,55,鲟,text_found_at_other_position
646,2,食材,61,62,蟹,text_found_at_other_position
646,3,食材,101,103,蝤蛑,text_found_at_other_position
646,4,食材,108,111,蝤蠓,entity_text_not_found_in_current_passage
646,5,食材,122,123,蜉,text_found_at_other_position
646,6,食材,153,155,蛸蛑,text_found_at_other_position
646,7,医家,156,159,苏东坡,text_found_at_other_position
646,8,古籍来源,218,223,《蟹图记》,text_found_at_other_position
646,9,食材,370,371,蛾,text_found_at_other_position
646,10,烹饪方法,356,358,炝拌,text_found_at_other_position
646,11,食材,443,445,蛇血,text_found_at_other_position
646,12,食材,452,456,梅蜇蛇血,text_found_at_other_position
646,13,食材,540,542,水母,text_found_at_other_position
646,14,古籍来源,546,550,《食单》,text_found_at_other_position
646,15,食材,578,580,鸟贼,text_found_at_other_position
646,16,食材,584,586,墨鱼,text_found_at_other_position
646,17,食性,76,78,甘平,text_found_at_other_position
646,18,食性,340,341,寒,text_found_at_other_position
647,1,食材,131,133,熊蹯,exact_match
647,2,食材,141,143,羊胃,exact_match
647,3,烹饪方法,21,22,食,exact_match
647,4,烹饪方法,0,1,饮,exact_match
647,5,古籍来源,192,196,杜甫诗句,text_found_at_other_position
647,6,古籍来源,221,226,孟子.尽心,text_found_at_other_position
647,7,古籍来源,265,269,宋司马光,text_found_at_other_position
647,8,古籍来源,364,370,宋书.陶潜传,text_found_at_other_position
647,9,古籍来源,442,446,庚溪诗话,text_found_at_other_position
647,10,古籍来源,583,588,左传文元年,text_found_at_other_position
647,11,古籍来源,647,654,后汊书:刘玄传,text_found_at_other_position
648,1,古籍来源,4,8,随园食单,exact_match
648,2,食材,10,12,海参,exact_match
648,3,食材,13,15,鱼翅,exact_match
648,4,食材,181,183,鸡汤,text_found_at_other_position
648,5,食材,185,188,萝卜丝,text_found_at_other_position
648,6,食材,289,291,肉刺,text_found_at_other_position
648,7,烹饪方法,37,38,煨,exact_match
648,8,烹饪方法,183,185,搀和,text_found_at_other_position
649,1,古籍来源,5,11,《随园食单》,exact_match
649,2,食材,112,114,牛肉,exact_match
649,3,食材,115,117,犬肉,exact_match
649,4,食材,158,160,水鸡,exact_match
649,5,食材,163,165,石鳞,exact_match
649,6,食材,168,170,骨拣,exact_match
649,7,食材,174,176,鸟皮,exact_match
649,8,食材,197,199,脚鱼,exact_match
649,9,食材,211,213,山莱,exact_match
649,10,食材,215,217,白鳝,exact_match
649,11,食材,218,220,黄鳝,exact_match
649,12,食材,231,233,鳇鱼,exact_match
650,1,食材,5,7,鲥鱼,exact_match
650,2,食材,212,214,带鱼,text_found_at_other_position
650,3,食材,330,334,白糟猪油,text_found_at_other_position
650,4,食材,361,363,`鱼,text_found_at_other_position
650,5,食材,469,472,河豚白,text_found_at_other_position
650,6,食材,522,525,稣残鱼,text_found_at_other_position
650,7,食材,652,655,龙头鲥,text_found_at_other_position
650,8,食材,657,658,鲎,text_found_at_other_position
650,9,烹饪方法,96,98,清蒸,text_found_at_other_position
650,10,烹饪方法,270,272,烹调,text_found_at_other_position
650,11,烹饪方法,645,647,晒干,text_found_at_other_position
650,12,古籍来源,628,633,《正字通》,text_found_at_other_position
650,13,古籍来源,593,597,《方言》,text_found_at_other_position
651,1,古籍来源,5,11,《随园食单》,exact_match
651,2,食材,21,23,鹿尾,exact_match
652,1,食材,5,8,瓢儿莱,exact_match
652,2,食材,22,24,白莱,exact_match
652,3,古籍来源,45,52,《随园食单》,entity_text_not_found_in_current_passage
652,4,烹饪方法,54,56,干炒,exact_match
652,5,食材,56,58,莱心,exact_match
652,6,烹饪方法,93,94,煨,exact_match
652,7,烹饪方法,99,100,煨,exact_match
652,8,烹饪方法,228,229,煅,exact_match
653,1,食材,0,2,冬瓜,exact_match
653,2,食材,74,76,燕窝,exact_match
653,3,食材,33,35,鸽蛋,exact_match
653,4,食材,336,338,肉丝,text_found_at_other_position
653,5,食材,451,454,火腿汤,text_found_at_other_position
653,6,食材,455,458,蘑菇汤,text_found_at_other_position
653,7,食材,448,450,鸡汤,text_found_at_other_position
653,8,烹饪方法,461,462,煮,text_found_at_other_position
653,9,医家,225,227,袁枚,text_found_at_other_position
653,10,古籍来源,240,244,随园食单,text_found_at_other_position
654,1,食材,8,10,核桃,text_found_at_other_position
654,2,功效,10,15,补下焦之火,text_found_at_other_position
654,3,功效,19,24,扶上焦之脾,text_found_at_other_position
654,4,食材,58,62,高粱烧酒,text_found_at_other_position
654,5,烹饪方法,86,87,嚼,text_found_at_other_position
654,6,烹饪方法,73,74,呷,text_found_at_other_position
654,7,功效,100,105,滋润之功,entity_text_not_found_in_current_passage
654,8,病症,107,109,性急,text_found_at_other_position
654,9,功效,200,204,益气健脾,text_found_at_other_position
654,10,医家,39,42,曾宾谷,text_found_at_other_position
654,11,脏腑,260,262,下焦,text_found_at_other_position
654,12,脏腑,263,265,上焦,text_found_at_other_position
654,13,古籍来源,224,226,西域,text_found_at_other_position
654,14,古籍来源,230,232,中土,text_found_at_other_position
656,1,食材,10,12,火腿,exact_match
656,2,食材,48,50,风蹄,exact_match
656,3,食材,59,61,谈腿,exact_match
656,4,食材,134,136,狗腿,text_found_at_other_position
656,5,食材,268,272,花猪肉,entity_text_not_found_in_current_passage
656,6,食材,315,317,兰薰,text_found_at_other_position
656,7,食味,94,95,淡,text_found_at_other_position
656,8,功效,110,113,止血痢,text_found_at_other_position
656,9,功效,114,116,开胃,text_found_at_other_position
656,10,古籍来源,356,364,《本草纲目拾遗》,text_found_at_other_position
656,11,医家,69,72,陈达夫,text_found_at_other_position
656,12,医家,353,356,赵学敏,text_found_at_other_position
656,13,医家,254,257,吴巢松,text_found_at_other_position
657,1,食材,14,16,燕窝,exact_match
657,2,食材,213,215,鸡汤,text_found_at_other_position
657,3,食材,216,219,火腿汤,text_found_at_other_position
657,4,食材,220,224,蘑菇汤,entity_text_not_found_in_current_passage
657,5,食材,303,305,冬瓜,text_found_at_other_position
657,6,烹饪方法,226,227,瀹,text_found_at_other_position
657,7,古籍来源,55,59,《食单》,text_found_at_other_position
659,1,食材,181,184,新粳米,exact_match
659,2,食材,196,199,枯松枝,exact_match
659,3,食材,212,215,鲜白莱,exact_match
659,4,食材,216,219,寒露蕈,exact_match
660,1,食材,223,226,桃花饭,text_found_at_other_position
660,2,食材,237,240,竹叶醅,text_found_at_other_position
660,3,食材,309,311,浊酒,text_found_at_other_position
660,4,食材,327,329,连展,text_found_at_other_position
660,5,食材,338,340,黎祁,text_found_at_other_position
660,6,食材,354,356,麦饵,text_found_at_other_position
660,7,烹饪方法,222,223,煮,text_found_at_other_position
660,8,烹饪方法,335,336,洗,text_found_at_other_position
660,9,烹饪方法,386,387,磨,text_found_at_other_position
660,10,烹饪方法,408,410,烧烤,text_found_at_other_position
660,11,医家,6,8,陆游,exact_match
660,12,医家,104,106,张翰,text_found_at_other_position
661,1,食材,266,268,茶叶,exact_match
661,2,古籍来源,87,89,日铸,exact_match
661,3,古籍来源,105,107,顾诸,exact_match
664,1,食材,135,136,梨,text_found_at_other_position
664,2,食材,249,251,莼莱,text_found_at_other_position
664,3,食材,253,255,豆豉,text_found_at_other_position
664,4,食材,262,264,海簋,text_found_at_other_position
664,5,食材,274,276,海蛤,text_found_at_other_position
664,6,食材,289,291,桑叶,text_found_at_other_position
664,7,烹饪方法,242,243,煮,text_found_at_other_position
664,8,烹饪方法,166,168,煎熬,text_found_at_other_position
664,9,食味,280,281,甜,text_found_at_other_position
664,10,食味,259,260,鲜,text_found_at_other_position
665,1,食材,12,14,香蔬,exact_match
665,2,食材,258,260,山药,exact_match
665,3,食材,261,263,芋头,exact_match
665,4,食材,265,268,胡萝卜,exact_match
665,5,烹饪方法,6,7,炊,exact_match
665,6,烹饪方法,132,133,煮,exact_match
665,7,烹饪方法,362,363,煨,exact_match
665,8,食味,35,36,甜,exact_match
665,9,食味,157,158,酸,exact_match
665,10,医家,69,71,陆游,exact_match
665,11,古籍来源,0,4,山厨薪桂,exact_match
669,1,食材,228,230,芋魁,text_found_at_other_position
669,2,食材,238,240,菰首,text_found_at_other_position
669,3,食材,253,255,茭白,text_found_at_other_position
669,4,烹饪方法,317,319,煮粥,text_found_at_other_position
669,5,烹饪方法,240,242,笔羹,text_found_at_other_position
670,1,病症,292,294,消渴,text_found_at_other_position
670,2,食材,10,12,长鱼,exact_match
670,3,食材,12,14,大肉,exact_match
670,4,食材,20,22,冻齑,exact_match
670,5,食材,31,33,狐泉,exact_match
670,6,食材,33,35,槐叶,exact_match
670,7,食材,129,131,咸齑,text_found_at_other_position
670,8,食味,157,158,咸,text_found_at_other_position
670,9,病症,256,258,宿醉,text_found_at_other_position
670,10,医家,0,2,刘伶,exact_match
670,11,医家,287,291,司马相如,text_found_at_other_position
670,12,医家,431,433,鲍照,text_found_at_other_position
670,13,医家,460,462,姚崇,text_found_at_other_position
670,14,医家,548,552,苏易简,entity_text_not_found_in_current_passage
670,15,古籍来源,463,466,冰壶诫,text_found_at_other_position
671,1,食材,39,41,大米,exact_match
671,2,食材,51,54,豆腐干,exact_match
671,3,食材,62,64,药苗,exact_match
671,4,食材,65,67,野莱,exact_match
671,5,食材,88,89,荠,exact_match
671,6,食材,89,90,椿,exact_match
671,7,食材,106,108,荞糁,exact_match
671,8,食材,124,126,莼羹,exact_match
671,9,食材,133,135,牛乳,exact_match
671,10,食材,57,58,酥,exact_match
672,1,食材,105,107,蚕蛹,exact_match
672,2,食材,381,383,麦仁,text_found_at_other_position
672,3,烹饪方法,379,380,煮,text_found_at_other_position
672,4,烹饪方法,489,491,烹调,text_found_at_other_position
673,1,食材,140,142,山药,exact_match
673,2,烹饪方法,277,278,煮,exact_match
674,1,食材,266,268,茶叶,exact_match
674,2,古籍来源,87,89,日铸,exact_match
674,3,古籍来源,105,107,顾诸,exact_match
677,1,食材,41,43,晚崧,exact_match
677,2,食材,52,54,芜菁,exact_match
677,3,食材,97,99,麦饭,exact_match
677,4,食材,107,109,青蔬,exact_match
677,5,食材,128,131,大官葱,exact_match
677,6,食材,145,146,葱,text_found_at_other_position
677,7,医家,242,244,陆游,text_found_at_other_position
677,8,古籍来源,0,4,蔬园杂咏,exact_match
678,1,古籍来源,0,6,《雨航杂录》,exact_match
678,2,食材,36,38,竹蛎,exact_match
678,3,古籍来源,39,43,《文选》,exact_match
678,4,食材,76,79,梅花蛎,exact_match
678,5,食材,88,91,蛎黄酱,exact_match
678,6,古籍来源,121,127,《齐民要术》,exact_match
678,7,食材,132,133,蚶,exact_match
678,8,烹饪方法,131,132,炙,exact_match
678,9,食材,50,51,蛎,exact_match
678,10,烹饪方法,140,141,炙,text_found_at_other_position
678,11,古籍来源,213,216,《谱》,text_found_at_other_position
678,12,食味,219,220,甘,text_found_at_other_position
678,13,食性,221,222,平,text_found_at_other_position
678,14,功效,223,226,补五脏,text_found_at_other_position
678,15,功效,227,229,调中,text_found_at_other_position
678,16,功效,230,233,解丹毒,text_found_at_other_position
678,17,功效,234,238,折酲止渴,text_found_at_other_position
678,18,功效,240,242,活血,text_found_at_other_position
678,19,功效,245,247,充饥,text_found_at_other_position
678,20,食材,272,274,鱼皮,text_found_at_other_position
678,21,烹饪方法,294,295,煨,text_found_at_other_position
678,22,古籍来源,314,318,《本草》,text_found_at_other_position
678,23,医家,318,321,李时珍,text_found_at_other_position
678,24,食材,325,327,鲨鱼,text_found_at_other_position
678,25,食材,334,336,白沙,text_found_at_other_position
678,26,烹饪方法,346,347,煎,text_found_at_other_position
678,27,食材,362,364,鱼唇,text_found_at_other_position
678,28,烹饪方法,379,380,煨,text_found_at_other_position
678,29,古籍来源,401,405,《文选》,text_found_at_other_position
679,1,食材,5,6,醋,text_found_at_other_position
679,2,食材,7,9,芡粉,text_found_at_other_position
679,3,食材,61,63,童鸡,text_found_at_other_position
679,4,食材,55,57,黄芪,text_found_at_other_position
679,5,食材,124,125,葱,text_found_at_other_position
679,6,食材,129,131,茴香,text_found_at_other_position
679,7,食材,140,142,秋油,text_found_at_other_position
679,8,食材,157,159,脂油,text_found_at_other_position
679,9,食材,73,74,水,text_found_at_other_position
679,10,食材,180,182,熟术,text_found_at_other_position
679,11,食材,231,232,盐,text_found_at_other_position
679,12,食材,235,237,料皮,text_found_at_other_position
679,13,食材,244,246,小茴,text_found_at_other_position
679,14,食材,247,249,花椒,text_found_at_other_position
679,15,食材,21,22,鸡,text_found_at_other_position
679,16,食材,285,286,鸭,text_found_at_other_position
679,17,食材,289,291,肚肺,text_found_at_other_position
679,18,食材,294,296,猪头,text_found_at_other_position
679,19,食材,309,311,猪蹄,text_found_at_other_position
679,20,食材,387,389,井水,text_found_at_other_position
679,21,烹饪方法,48,49,炒,text_found_at_other_position
679,22,烹饪方法,57,58,蒸,text_found_at_other_position
679,23,烹饪方法,166,167,煨,text_found_at_other_position
679,24,烹饪方法,327,328,煮,text_found_at_other_position
679,25,烹饪方法,260,261,烧,text_found_at_other_position
679,26,烹饪方法,357,358,撇,text_found_at_other_position
679,27,食疗方,430,434,黄芪蒸鸡,text_found_at_other_position
679,28,食疗方,112,114,卤鸡,text_found_at_other_position
679,29,病症,108,110,弱症,text_found_at_other_position
679,30,古籍来源,212,218,《古今秘苑》,text_found_at_other_position
681,1,古籍来源,0,6,《事物绀珠》,exact_match
681,2,食材,8,9,蟹,exact_match
681,3,食材,11,13,鲟鲱,exact_match
681,4,烹饪方法,26,27,炒,text_found_at_other_position
681,5,食材,32,34,班鱼,text_found_at_other_position
681,6,食材,51,52,芡,text_found_at_other_position
681,7,食材,57,59,蟹腐,text_found_at_other_position
681,8,食材,62,64,白莱,text_found_at_other_position
681,9,烹饪方法,64,65,炒,text_found_at_other_position
681,10,食材,87,88,螯,text_found_at_other_position
681,11,烹饪方法,106,107,蒸,text_found_at_other_position
681,12,食材,27,28,蟹,text_found_at_other_position
681,13,食材,111,112,鳘,text_found_at_other_position
681,14,烹饪方法,104,106,剥壳,text_found_at_other_position
681,15,烹饪方法,137,138,蒸,text_found_at_other_position
681,16,食材,131,134,生鸡蛋,text_found_at_other_position
681,17,烹饪方法,186,187,蒸,text_found_at_other_position
681,18,食材,155,157,蟹粉,text_found_at_other_position
681,19,食材,169,172,南瓜肉,text_found_at_other_position
681,20,食材,224,226,蛤蜊,text_found_at_other_position
681,21,烹饪方法,112,113,剥,text_found_at_other_position
681,22,食材,228,231,蛤蜊肉,text_found_at_other_position
681,23,食材,233,235,韭莱,text_found_at_other_position
681,24,烹饪方法,154,155,炒,text_found_at_other_position
681,25,食材,241,243,蛤蜊,text_found_at_other_position
681,26,烹饪方法,270,271,剖,text_found_at_other_position
681,27,古籍来源,299,303,《本草》,text_found_at_other_position
681,28,医家,303,305,汪机,text_found_at_other_position
681,29,食材,309,311,蛤蜊,text_found_at_other_position
681,30,食材,328,330,萁肉,text_found_at_other_position
681,31,古籍来源,338,343,《正字通》,text_found_at_other_position
681,32,古籍来源,487,492,《淮南子》,text_found_at_other_position
681,33,食材,362,364,蛤梨,text_found_at_other_position
681,34,古籍来源,367,376,《三围志〈欲正传》,text_found_at_other_position
681,35,食材,394,396,蛤蜊,text_found_at_other_position
681,36,古籍来源,389,393,《本草》,text_found_at_other_position
681,37,古籍来源,400,405,《穴书略》,text_found_at_other_position
681,38,食材,408,410,蛤蜊,text_found_at_other_position
681,39,食材,411,413,海蚌,text_found_at_other_position
681,40,古籍来源,417,424,《续见阐近录》,text_found_at_other_position
681,41,食材,432,434,蚬蛤,text_found_at_other_position
681,42,食材,448,450,蛤蜊,text_found_at_other_position
681,43,食材,331,333,海错,text_found_at_other_position
681,44,古籍来源,467,472,《清异录》,text_found_at_other_position
681,45,古籍来源,477,481,《淮甫》,text_found_at_other_position
681,46,食材,493,494,蚬,text_found_at_other_position
681,47,食材,500,501,蛤,text_found_at_other_position
681,48,食材,504,505,蚬,text_found_at_other_position
682,1,病症,0,1,胀,exact_match
682,2,病症,2,4,溺赤,exact_match
682,3,病症,5,7,便秘,exact_match
682,4,病症,8,12,食不运化,exact_match
682,5,禁忌,13,20,"新产后,皆忌之",exact_match
682,6,食材,22,24,山楂,exact_match
682,7,烹饪方法,29,31,捣烂,exact_match
682,8,食材,32,33,粉,exact_match
682,9,食材,36,39,松仁屑,exact_match
682,10,食材,40,42,白糖,exact_match
682,11,烹饪方法,42,43,蒸,exact_match
682,12,食味,45,46,酸,exact_match
682,13,食味,47,48,甘,exact_match
682,14,功效,52,54,醒酒,exact_match
682,15,古籍来源,58,62,《本草》,exact_match
682,16,医家,62,65,李时珍,exact_match
682,17,古籍来源,69,74,《唐本草》,exact_match
682,18,食材,76,79,赤爪木,exact_match
682,19,古籍来源,82,87,《宋图经》,exact_match
682,20,食材,90,94,棠球子,entity_text_not_found_in_current_passage
682,21,古籍来源,97,103,《丹溪补遗》,exact_match
682,22,食材,106,108,山榱,exact_match
682,23,食材,142,144,茅楂,text_found_at_other_position
682,24,食材,146,148,猴揸,text_found_at_other_position
682,25,食材,150,152,鼠楂,text_found_at_other_position
682,26,食材,168,170,赤枣,text_found_at_other_position
682,27,食材,183,186,赤枣子,text_found_at_other_position
682,28,食材,201,205,山里纸米,text_found_at_other_position
682,29,食材,208,210,酸枣,text_found_at_other_position
682,30,食材,213,216,鼻涕罚,text_found_at_other_position
682,31,食性,324,325,温,text_found_at_other_position
682,32,功效,330,333,消肉食,text_found_at_other_position
682,33,功效,334,337,破瘀血,text_found_at_other_position
682,34,功效,339,344,散结消胀,entity_text_not_found_in_current_passage
682,35,功效,345,349,解酒化痰,text_found_at_other_position
682,36,功效,350,353,除疳积,text_found_at_other_position
682,37,功效,354,357,己泻痢,text_found_at_other_position
682,38,禁忌,358,362,多食耗气,text_found_at_other_position
682,39,禁忌,363,365,损齿,text_found_at_other_position
682,40,禁忌,367,369,易饥,text_found_at_other_position
682,41,禁忌,371,385,"空腹及羸弱人,或虚病后。忌之",text_found_at_other_position
682,42,食疗方,387,392,楂糕拌梨丝,text_found_at_other_position
682,43,食材,305,307,楂糕,text_found_at_other_position
682,44,食材,399,401,鸦梨,text_found_at_other_position
682,45,烹饪方法,401,403,切丝,text_found_at_other_position
682,46,食材,455,456,梨,text_found_at_other_position
682,47,食材,460,462,快果,text_found_at_other_position
682,48,食材,464,466,果宗,text_found_at_other_position
682,49,食材,469,471,玉乳,text_found_at_other_position
682,50,食材,474,476,蜜父,text_found_at_other_position
682,51,食材,522,524,林桷,text_found_at_other_position
682,52,食材,528,530,花红,text_found_at_other_position
683,1,食材,28,29,梨,exact_match
683,2,食材,84,86,棠梨,exact_match
683,3,食材,72,73,杜,exact_match
683,4,食材,125,127,乳梨,exact_match
683,5,食材,128,130,雪梨,exact_match
683,6,食材,131,133,鹅梨,exact_match
683,7,食材,134,136,绵梨,exact_match
683,8,食材,137,139,消梨,exact_match
683,9,食材,141,144,香水梨,exact_match
683,10,食材,156,159,御儿梨,exact_match
683,11,食材,161,164,玉乳梨,exact_match
683,12,食材,200,202,青皮,exact_match
683,13,食材,203,205,早毅,exact_match
683,14,食材,206,208,半斤,exact_match
683,15,食材,209,211,沙糜,exact_match
683,16,食材,236,238,醋梨,exact_match
683,17,食味,382,383,甘,exact_match
683,18,食味,487,488,酸,text_found_at_other_position
683,19,功效,153,155,治病,exact_match
683,20,功效,393,395,解烦,exact_match
683,21,病症,397,398,惕,exact_match
683,22,烹饪方法,224,225,蒸,exact_match
683,23,烹饪方法,225,226,煮,exact_match
683,24,烹饪方法,228,229,切,exact_match
683,25,烹饪方法,229,230,烘,exact_match
683,26,烹饪方法,230,232,为脯,exact_match
683,27,烹饪方法,240,243,水煮熟,exact_match
683,28,古籍来源,191,195,《汉书》,exact_match
683,29,古籍来源,327,331,《史记》,exact_match
683,30,古籍来源,403,408,《三秦记》,exact_match
683,31,医家,42,45,贯思勰,exact_match
683,32,医家,324,327,司马迂,exact_match
683,33,医家,364,367,魏文弟,exact_match
683,34,医家,401,403,辛氏,exact_match
684,1,食材,5,6,鳗,exact_match
684,2,食材,8,10,鳙鱼,exact_match
684,3,古籍来源,16,21,《野莱谱》,exact_match
684,4,食材,27,30,雪里获,exact_match
684,5,食材,45,48,砹硪衲,exact_match
684,6,食材,50,53,抓抓儿,exact_match
684,7,食材,54,57,丝荞荞,exact_match
684,8,食材,58,61,板荞苯,exact_match
684,9,食材,62,65,猪殃硖,exact_match
684,10,食材,66,70,油灼灼,entity_text_not_found_in_current_passage
684,11,食材,71,74,看麦娘,exact_match
684,12,食材,75,80,燕子不来香,exact_match
684,13,食材,81,84,灯嫩儿,exact_match
684,14,食材,85,88,天藕儿,exact_match
684,15,食材,89,92,狗脚迹,exact_match
684,16,食材,93,97,猫耳朵,entity_text_not_found_in_current_passage
684,17,食材,98,101,雁肠子,exact_match
684,18,食材,102,107,老鹳筋,entity_text_not_found_in_current_passage
684,19,古籍来源,112,115,《谱》,text_found_at_other_position
684,20,烹饪方法,159,160,腌,text_found_at_other_position
684,21,烹饪方法,185,186,泡,text_found_at_other_position
684,22,烹饪方法,157,159,压实,text_found_at_other_position
684,23,烹饪方法,206,207,装,text_found_at_other_position
684,24,烹饪方法,216,217,灌,text_found_at_other_position
684,25,烹饪方法,191,192,加,text_found_at_other_position
684,26,烹饪方法,238,239,封,text_found_at_other_position
684,27,烹饪方法,274,275,炒,text_found_at_other_position
684,28,烹饪方法,285,288,作汤,entity_text_not_found_in_current_passage
684,29,烹饪方法,390,392,风干,text_found_at_other_position
684,30,烹饪方法,392,394,斩碎,text_found_at_other_position
684,31,烹饪方法,395,397,腌熟,text_found_at_other_position
684,32,烹饪方法,415,417,切片,text_found_at_other_position
684,33,食材,387,389,芥心,text_found_at_other_position
684,34,食材,410,412,芥头,text_found_at_other_position
684,35,食材,413,415,芥根,text_found_at_other_position
684,36,古籍来源,446,451,《群芳谱》,text_found_at_other_position
684,37,食疗方,454,459,造黑肫莓法,text_found_at_other_position
684,38,食材,461,463,白莱,text_found_at_other_position
684,39,烹饪方法,465,467,腌透,text_found_at_other_position
684,40,烹饪方法,468,470,取出,text_found_at_other_position
684,41,烹饪方法,470,474,拊于桁,entity_text_not_found_in_current_passage
684,42,烹饪方法,476,479,眄极干,text_found_at_other_position
684,43,烹饪方法,480,484,上甑蒸熬,text_found_at_other_position
684,44,烹饪方法,485,488,再陋干,text_found_at_other_position
684,45,烹饪方法,488,490,收之,text_found_at_other_position
685,1,食材,6,8,核桃,exact_match
685,2,食材,9,11,杏仁,exact_match
685,3,食材,15,17,榛子,exact_match
685,4,烹饪方法,1,2,炒,exact_match
685,5,烹饪方法,25,26,炮,exact_match
685,6,烹饪方法,0,1,酱,exact_match
685,7,古籍来源,50,56,陆玑《诗疏》,exact_match
685,8,古籍来源,162,166,《本草》,text_found_at_other_position
685,9,医家,166,169,李时珍,text_found_at_other_position
685,10,古籍来源,327,330,《志》,text_found_at_other_position
685,11,医家,334,336,郑玄,text_found_at_other_position
685,12,古籍来源,359,362,《谮》,text_found_at_other_position
685,13,食味,366,367,甘,text_found_at_other_position
685,14,食性,368,369,平,text_found_at_other_position
685,15,功效,370,374,补气开胃,text_found_at_other_position
685,16,功效,375,379,耐饥长力,text_found_at_other_position
685,17,功效,380,382,厚肠,text_found_at_other_position
685,18,病症,383,385,虚人,text_found_at_other_position
685,19,食材,420,423,蠡石花,text_found_at_other_position
685,20,食材,425,427,衣花,text_found_at_other_position
685,21,食材,443,446,麒麟莱,text_found_at_other_position
685,22,古籍来源,448,452,《汇苑》,text_found_at_other_position
685,23,食材,454,457,石花莱,text_found_at_other_position
685,24,食材,461,463,璃枝,text_found_at_other_position
685,25,食材,467,470,鹿角莱,text_found_at_other_position
685,26,食材,479,482,舌耳茗,text_found_at_other_position
685,27,食材,530,532,琼枝,text_found_at_other_position
685,28,食材,583,585,猴葵,text_found_at_other_position
685,29,禁忌,32,36,不可太焦,exact_match
685,30,禁忌,152,158,久留亦易油坏,text_found_at_other_position
686,1,食材,0,4,麝香珠子,exact_match
686,2,古籍来源,8,14,《本草别录》,exact_match
686,3,食材,139,141,百合,exact_match
686,4,食材,93,95,大蒜,exact_match
686,5,烹饪方法,106,107,蒸,exact_match
686,6,烹饪方法,107,108,煮,exact_match
686,7,医家,33,37,陶弘景,entity_text_not_found_in_current_passage
686,8,医家,51,53,吴普,exact_match
686,9,医家,131,135,李时珍,entity_text_not_found_in_current_passage
686,10,食材,199,201,山丹,exact_match
686,11,古籍来源,204,207,《谮》,exact_match
686,12,食味,210,211,甘,exact_match
686,13,食性,212,213,平,exact_match
686,14,功效,214,216,润肺,exact_match
686,15,功效,217,219,补胃,exact_match
686,16,功效,220,222,清心,exact_match
686,17,功效,223,227,定魄息惊,exact_match
686,18,功效,228,233,泽肤通乳,entity_text_not_found_in_current_passage
686,19,功效,234,238,祛风涤热,exact_match
686,20,功效,240,244,化湿散痈,exact_match
686,21,病症,246,248,急黄,exact_match
686,22,病症,250,252,虚嗷,exact_match
686,23,病症,254,256,盅毒,exact_match
686,24,病症,259,261,悲哀,exact_match
686,25,病症,273,275,脚气,exact_match
686,26,病症,278,280,咽喉,exact_match
686,27,烹饪方法,301,302,蒸,exact_match
686,28,烹饪方法,304,305,煮,exact_match
686,29,病症,313,318,虚火劳嗷,entity_text_not_found_in_current_passage
686,30,烹饪方法,322,324,煮粥,exact_match
686,31,烹饪方法,325,327,煨肉,exact_match
686,32,烹饪方法,328,330,澄粉,exact_match
686,33,功效,333,336,补虚嬴,exact_match
686,34,食材,352,354,藕粉,text_found_at_other_position
686,35,食材,355,357,白莲,text_found_at_other_position
686,36,食材,378,380,糯粉,text_found_at_other_position
686,37,烹饪方法,380,382,作饺,text_found_at_other_position
686,38,食材,387,389,肉圆,text_found_at_other_position
686,39,食材,404,406,麻团,text_found_at_other_position
686,40,食材,416,419,芝麻屑,text_found_at_other_position
686,41,食材,419,420,糖,text_found_at_other_position
686,42,古籍来源,437,443,《辜物绀珠》,text_found_at_other_position
686,43,医家,448,450,公刘,text_found_at_other_position
687,1,食材,78,80,松子,exact_match
687,2,食味,80,81,甘,exact_match
687,3,食性,82,83,平,exact_match
687,4,功效,84,88,润燥补气,exact_match
687,5,功效,89,93,充饥养液,exact_match
687,6,功效,94,98,息风耐饥,exact_match
687,7,功效,100,104,温胃通肠,exact_match
687,8,功效,105,109,辟浊下气,exact_match
687,9,功效,110,112,香身,exact_match
687,10,食材,141,143,榧子,exact_match
687,11,食味,143,144,甘,exact_match
687,12,食性,145,146,温,exact_match
687,13,功效,147,149,润肺,exact_match
687,14,功效,151,153,止嗽,exact_match
687,15,功效,155,157,化痰,exact_match
687,16,功效,158,160,开胃,exact_match
687,17,功效,161,163,杀虫,exact_match
687,18,功效,165,169,滑肠消谷,exact_match
687,19,禁忌,183,187,多食助火,exact_match
687,20,禁忌,188,192,热嗽非宜,exact_match
687,21,食材,201,203,榛子,exact_match
687,22,食味,203,204,甘,exact_match
687,23,食性,205,206,平,exact_match
687,24,功效,207,209,补气,exact_match
687,25,功效,210,212,开胃,exact_match
687,26,功效,214,216,耐饥,exact_match
687,27,功效,217,219,长力,exact_match
687,28,功效,220,222,厚肠,exact_match
687,29,食材,258,260,桔饼,exact_match
687,30,食材,261,262,桔,exact_match
687,31,食材,276,278,冰糖,exact_match
687,32,古籍来源,293,297,《说文》,exact_match
687,33,古籍来源,306,310,《玉篇》,exact_match
687,34,古籍来源,333,340,《南方革木状》,exact_match
687,35,古籍来源,384,390,《异物志》,entity_text_not_found_in_current_passage
687,36,古籍来源,424,429,《元和志》,exact_match
687,37,古籍来源,452,458,《事类合璧》,exact_match
687,38,古籍来源,530,534,《桔谱》,exact_match
688,1,古籍来源,0,5,《同寿录》,exact_match
688,2,食疗方,5,9,制桔饼法,exact_match
688,3,食材,11,12,柽,exact_match
688,4,食材,17,19,橙子,exact_match
688,5,食材,38,39,水,exact_match
688,6,食材,42,45,酸涩水,exact_match
688,7,食材,114,118,洁白洋糖,exact_match
688,8,烹饪方法,94,95,煮,exact_match
688,9,烹饪方法,143,144,晒,exact_match
688,10,烹饪方法,160,162,压扁,exact_match
688,11,食材,175,177,金桔,exact_match
688,12,烹饪方法,182,184,打扁,exact_match
688,13,食材,188,190,冰糖,exact_match
688,14,烹饪方法,190,191,熬,exact_match
688,15,食材,194,195,卤,exact_match
688,16,功效,222,224,淞脾,exact_match
688,17,烹饪方法,228,230,生腌,exact_match
688,18,古籍来源,234,241,魏王《花木志》,exact_match
688,19,食材,259,263,给客橙,entity_text_not_found_in_current_passage
688,20,食材,266,268,卢桔,exact_match
688,21,食材,181,182,桔,exact_match
688,22,食材,276,277,柚,exact_match
688,23,食材,297,299,樱桃,exact_match
688,24,古籍来源,306,312,《岭表录昃》,exact_match
688,25,食材,314,317,山桔子,exact_match
688,26,食材,321,323,土瓜,exact_match
688,27,食材,380,382,金柑,exact_match
688,28,古籍来源,374,378,《桔谱》,exact_match
688,29,食材,416,418,绿豆,exact_match
688,30,食性,434,435,凉,exact_match
688,31,食材,446,449,山金桔,exact_match
688,32,食材,452,454,金豆,exact_match
688,33,食材,464,466,樱桃,exact_match
688,34,烹饪方法,474,476,蜜渍,exact_match
688,35,古籍来源,486,490,《本草》,text_found_at_other_position
688,36,医家,490,493,李时珍,text_found_at_other_position
689,1,食材,6,7,桃,exact_match
689,2,食材,22,23,梅,exact_match
689,3,食材,418,420,桃脯,text_found_at_other_position
689,4,食材,420,422,杏脯,text_found_at_other_position
689,5,食材,478,480,金杏,text_found_at_other_position
689,6,食材,536,538,木杏,text_found_at_other_position
689,7,食材,548,550,杏仁,text_found_at_other_position
689,8,食味,278,279,甘,text_found_at_other_position
689,9,食味,280,281,酸,text_found_at_other_position
689,10,食性,282,283,温,text_found_at_other_position
689,11,功效,289,293,补心活血,text_found_at_other_position
689,12,功效,294,298,解渴充饥,text_found_at_other_position
689,13,功效,384,388,生津涤热,text_found_at_other_position
689,14,病症,315,317,痈疮,text_found_at_other_position
689,15,病症,318,319,疟,text_found_at_other_position
689,16,病症,320,321,痢,text_found_at_other_position
689,17,病症,322,323,虫,text_found_at_other_position
689,18,病症,324,325,疳,text_found_at_other_position
689,19,禁忌,339,344,凡食桃不消,text_found_at_other_position
689,20,烹饪方法,210,212,曝干,text_found_at_other_position
689,21,烹饪方法,208,209,瀹,text_found_at_other_position
689,22,烹饪方法,229,232,纳瓮中,text_found_at_other_position
689,23,烹饪方法,234,236,盖口,text_found_at_other_position
689,24,烹饪方法,239,242,漉去皮,text_found_at_other_position
689,25,烹饪方法,245,247,密封,text_found_at_other_position
689,26,烹饪方法,574,576,晒脯,text_found_at_other_position
689,27,烹饪方法,333,335,制酱,text_found_at_other_position
689,28,烹饪方法,336,338,造醋,text_found_at_other_position
689,29,烹饪方法,349,351,烧灰,text_found_at_other_position
689,30,烹饪方法,432,434,糖腌,text_found_at_other_position
689,31,烹饪方法,429,431,劈开,text_found_at_other_position
689,32,烹饪方法,524,525,熬,text_found_at_other_position
689,33,古籍来源,70,74,《周礼》,exact_match
689,34,古籍来源,94,98,《本草》,exact_match
689,35,古籍来源,258,263,《玉篇》,entity_text_not_found_in_current_passage
689,36,古籍来源,272,275,《谮》,text_found_at_other_position
689,37,医家,98,101,李时珍,exact_match
689,38,医家,467,469,苏颂,text_found_at_other_position
689,39,医家,564,567,寇宗免,text_found_at_other_position
689,40,医家,29,31,王肃,exact_match
689,41,医家,81,83,郑云,exact_match
690,1,食材,10,13,钉头螺,exact_match
690,2,古籍来源,15,21,《食物本草》,exact_match
690,3,烹饪方法,48,49,治,exact_match
690,4,食材,50,51,盐,exact_match
690,5,食材,52,53,酒,exact_match
690,6,烹饪方法,55,56,掰,exact_match
690,7,烹饪方法,76,77,吸,exact_match
690,8,古籍来源,82,85,《谱》,exact_match
690,9,食味,88,89,咸,exact_match
690,10,食性,90,91,凉,exact_match
690,11,功效,92,94,舒郁,exact_match
690,12,功效,95,98,散结热,exact_match
690,13,功效,99,102,消瘰疬,exact_match
690,14,食材,375,377,蟛蜞,text_found_at_other_position
690,15,食材,169,170,蟹,exact_match
690,16,食材,178,179,酱,exact_match
690,17,食材,180,181,葱,exact_match
690,18,烹饪方法,181,182,炒,exact_match
690,19,烹饪方法,228,229,腌,exact_match
690,20,烹饪方法,237,238,醉,text_found_at_other_position
690,21,古籍来源,264,268,《尔雅》,text_found_at_other_position
690,22,古籍来源,300,305,《古今注》,text_found_at_other_position
690,23,古籍来源,325,331,《容斋四笔》,text_found_at_other_position
690,24,古籍来源,390,395,《北户录》,text_found_at_other_position
691,1,食味,30,31,甘,exact_match
691,2,食味,32,33,辛,exact_match
691,3,食性,1,2,温,exact_match
691,4,功效,36,40,醒脾消食,exact_match
691,5,功效,42,45,调脏腑,exact_match
691,6,功效,46,49,除冷气,exact_match
691,7,功效,50,55,杀鱼腥毒,entity_text_not_found_in_current_passage
691,8,食材,57,58,杭,exact_match
691,9,食材,59,63,绍白糯米,exact_match
691,10,食材,76,77,盐,exact_match
691,11,禁忌,91,95,发风动疾,exact_match
691,12,禁忌,96,98,痧痘,exact_match
691,13,禁忌,99,101,产后,exact_match
691,14,禁忌,102,104,咽喉,exact_match
691,15,禁忌,105,108,目疾,entity_text_not_found_in_current_passage
691,16,禁忌,110,112,血症,exact_match
691,17,禁忌,113,115,疮疟,exact_match
691,18,食材,121,122,糖,exact_match
691,19,食材,184,186,冰糖,exact_match
691,20,食材,192,194,鲥鱼,exact_match
691,21,食材,221,222,燕,exact_match
691,22,食材,223,224,蕉,exact_match
691,23,食材,237,239,芋蔗,exact_match
691,24,食材,241,243,干蔗,exact_match
691,25,食材,250,252,甘蔗,exact_match
691,26,食材,254,256,都蔗,exact_match
691,27,食材,362,363,橙,text_found_at_other_position
691,28,食材,367,369,饴饧,text_found_at_other_position
691,29,食材,419,421,石蜜,text_found_at_other_position
691,30,食材,519,521,沙饴,text_found_at_other_position
691,31,食材,527,529,沙糖,text_found_at_other_position
691,32,古籍来源,206,212,《齐民要术》,exact_match
691,33,古籍来源,213,217,《说穴》,exact_match
691,34,古籍来源,228,232,《书浅》,exact_match
691,35,古籍来源,427,431,《集韵》,text_found_at_other_position
691,36,古籍来源,441,446,《屏物志》,text_found_at_other_position
691,37,古籍来源,504,509,《演綮客》,text_found_at_other_position
691,38,古籍来源,513,517,《七辨》,text_found_at_other_position
691,39,古籍来源,534,539,《西域志》,text_found_at_other_position
691,40,古籍来源,582,587,《糖霜谮》,text_found_at_other_position
692,1,古籍来源,0,6,《事物绀珠》,exact_match
692,2,食疗方,8,11,水晶脍,exact_match
692,3,食材,12,14,猪皮,exact_match
692,4,烹饪方法,18,19,熬,exact_match
692,5,烹饪方法,21,22,滤,exact_match
692,6,烹饪方法,24,25,凝,exact_match
692,7,烹饪方法,29,30,切,exact_match
692,8,食材,33,35,肉鲱,exact_match
692,9,食材,47,50,干肉皮,exact_match
692,10,烹饪方法,50,51,煮,exact_match
692,11,烹饪方法,52,53,刮,exact_match
692,12,烹饪方法,56,57,铯,exact_match
692,13,烹饪方法,61,63,暴燥,exact_match
692,14,食材,73,76,凉开水,exact_match
692,15,食材,79,81,盐花,exact_match
692,16,食材,82,84,麻油,exact_match
692,17,食材,85,87,芝麻,exact_match
692,18,古籍来源,97,100,《谱》,exact_match
692,19,食材,103,105,猪肤,exact_match
692,20,食味,106,107,甘,exact_match
692,21,食性,109,110,凉,exact_match
692,22,功效,111,114,清虚热,exact_match
692,23,病症,116,118,下痢,exact_match
692,24,病症,120,122,心烦,exact_match
692,25,病症,123,125,咽痛,exact_match
692,26,食材,132,134,猪肉,exact_match
692,27,烹饪方法,134,135,切,exact_match
692,28,食材,141,143,干莱,exact_match
692,29,烹饪方法,143,144,煨,exact_match
692,30,食材,177,179,冬笋,exact_match
692,31,烹饪方法,179,180,煨,exact_match
692,32,食材,196,198,芊艿,text_found_at_other_position
692,33,食材,200,202,面筋,text_found_at_other_position
692,34,食材,203,205,鸡旦,text_found_at_other_position
692,35,食材,206,208,千层,text_found_at_other_position
692,36,烹饪方法,211,212,煨,text_found_at_other_position
692,37,食疗方,231,235,大蒜烤肉,text_found_at_other_position
692,38,食疗方,236,239,樱桃肉,text_found_at_other_position
692,39,食材,38,39,肉,exact_match
692,40,烹饪方法,241,242,切,text_found_at_other_position
692,41,食材,247,249,笋干,text_found_at_other_position
692,42,食材,250,253,新蒜头,text_found_at_other_position
692,43,食材,254,256,酱水,text_found_at_other_position
692,44,烹饪方法,256,257,煨,text_found_at_other_position
692,45,食材,268,270,萝卜,text_found_at_other_position
692,46,烹饪方法,274,275,煨,text_found_at_other_position
692,47,食疗方,287,290,梅子肉,text_found_at_other_position
692,48,食材,130,131,肉,exact_match
692,49,烹饪方法,293,295,斩碎,text_found_at_other_position
692,50,食材,298,300,网油,text_found_at_other_position
692,51,烹饪方法,300,301,灼,text_found_at_other_position
692,52,食材,304,306,作料,text_found_at_other_position
692,53,食材,307,309,芡粉,text_found_at_other_position
692,54,食材,311,312,醋,text_found_at_other_position
692,55,烹饪方法,312,314,起锅,text_found_at_other_position
692,56,食疗方,320,322,肉松,text_found_at_other_position
692,57,食材,325,327,鱼松,text_found_at_other_position
692,58,食材,335,337,精肉,text_found_at_other_position
692,59,烹饪方法,339,340,炒,text_found_at_other_position
692,60,食材,167,168,肉,exact_match
693,1,食材,82,84,辣茄,exact_match
693,2,食味,53,54,辛,exact_match
693,3,食味,56,57,甘,exact_match
693,4,功效,0,4,安胎止痛,exact_match
693,5,功效,5,9,通乳和营,exact_match
693,6,病症,11,13,霍乱,exact_match
693,7,病症,14,16,转筋,exact_match
693,8,病症,20,22,脚气,exact_match
693,9,功效,28,31,杀诸虫,exact_match
693,10,功效,32,35,理跌朴,exact_match
693,11,功效,40,42,制鱼,exact_match
693,12,功效,43,46,肉诸毒,exact_match
693,13,禁忌,64,74,"气虚易汗者,不可单食",exact_match
693,14,禁忌,76,80,忌同蜜食,exact_match
693,15,烹饪方法,97,99,油炸,exact_match
693,16,古籍来源,233,237,《内则》,exact_match
693,17,古籍来源,259,263,《尔雅》,exact_match
693,18,古籍来源,301,305,《博雅》,exact_match
693,19,古籍来源,321,325,《通志》,text_found_at_other_position
693,20,古籍来源,345,349,《礼记》,text_found_at_other_position
693,21,古籍来源,366,370,《本草》,text_found_at_other_position
693,22,古籍来源,421,428,《吴越春秋》,entity_text_not_found_in_current_passage
693,23,医家,276,278,李巡,exact_match
693,24,医家,299,301,曹宪,exact_match
693,25,医家,456,459,李时珍,text_found_at_other_position
693,26,食材,328,330,榄子,text_found_at_other_position
693,27,食材,334,337,食茱萸,text_found_at_other_position
693,28,食材,342,345,吴茱萸,text_found_at_other_position
693,29,食材,466,468,艾子,text_found_at_other_position
693,30,食材,473,475,辣子,text_found_at_other_position
693,31,食材,517,519,艾油,text_found_at_other_position
693,32,食材,523,526,辣米油,text_found_at_other_position
693,33,食材,547,549,辣椒,text_found_at_other_position
693,34,食材,552,554,番椒,text_found_at_other_position
693,35,食材,555,557,大敬,text_found_at_other_position
693,36,食材,562,563,薮,text_found_at_other_position
693,37,食材,253,255,茱萸,exact_match
693,38,食材,592,595,山茱萸,text_found_at_other_position
693,39,食材,360,363,食茱萸,text_found_at_other_position
693,40,食材,601,604,吴茱萸,text_found_at_other_position
693,41,食材,267,268,榇,exact_match
693,42,食材,271,272,莱,exact_match
693,43,食材,307,308,榄,exact_match
693,44,食材,390,391,樗,text_found_at_other_position
693,45,食味,87,88,辣,exact_match
693,46,食味,495,496,苦,text_found_at_other_position
693,47,烹饪方法,502,506,捣滤取汁,text_found_at_other_position
693,48,烹饪方法,512,514,搅成,text_found_at_other_position
694,1,古籍来源,0,6,《武夷杂记》,exact_match
694,2,食材,8,11,武夷茶,exact_match
694,3,医家,15,18,蔡君谟,exact_match
694,4,古籍来源,36,40,《茶疏》,exact_match
694,5,古籍来源,51,55,《茶考》,exact_match
694,6,古籍来源,266,272,《武夷山志》,exact_match
694,7,食材,83,84,茶,exact_match
694,8,食性,302,303,寒,exact_match
694,9,食性,308,309,温,exact_match
694,10,食材,314,316,岩茶,exact_match
694,11,食材,318,320,洲茶,exact_match
694,12,食材,521,523,小种,exact_match
694,13,烹饪方法,99,100,焙,exact_match
696,1,古籍来源,0,4,《药鉴》,exact_match
696,2,食材,24,26,辽参,exact_match
696,3,食材,34,36,广参,exact_match
696,4,食材,60,63,肥皂参,text_found_at_other_position
696,5,食材,64,66,光参,text_found_at_other_position
696,6,食材,83,86,瓜皮参,text_found_at_other_position
696,7,古籍来源,94,102,《本草纲目拾遗》,text_found_at_other_position
696,8,食材,113,115,海参,text_found_at_other_position
696,9,古籍来源,460,465,《闽小纪》,text_found_at_other_position
696,10,医家,284,287,陈良翰,text_found_at_other_position
697,1,食材,1,3,牛乳,exact_match
697,2,食材,44,45,酪,exact_match
697,3,食材,105,106,酥,exact_match
697,4,食材,289,291,醍醐,exact_match
697,5,食材,399,401,乳饼,exact_match
697,6,食材,475,477,乳团,exact_match
697,7,食材,538,540,乳线,text_found_at_other_position
697,8,古籍来源,47,53,《饮菩正要》,exact_match
697,9,古籍来源,171,178,《臃仙神隐书》,exact_match
697,10,古籍来源,263,267,《本草》,exact_match
697,11,医家,267,270,李时珍,exact_match
697,12,医家,297,299,苏恭,exact_match
697,13,医家,343,346,雷教,entity_text_not_found_in_current_passage
697,14,医家,366,369,陈藏器,exact_match
697,15,烹饪方法,67,68,炒,exact_match
697,16,烹饪方法,74,75,熬,exact_match
697,17,烹饪方法,188,189,煎,exact_match
697,18,烹饪方法,133,134,晒,exact_match
697,19,烹饪方法,354,355,滤,exact_match
697,20,烹饪方法,241,242,捣,exact_match
697,21,烹饪方法,462,463,压,exact_match
697,22,烹饪方法,527,528,搦,text_found_at_other_position
697,23,食性,377,378,滑,exact_match
697,24,食材,385,388,鸡子壳,exact_match
697,25,食材,389,391,壶卢,exact_match
697,26,食材,466,467,盐,exact_match
697,27,食材,436,437,醋,exact_match
697,28,食材,498,500,浆水,exact_match
698,1,食材,24,26,鸽子,text_found_at_other_position
698,2,食材,31,33,火腿,text_found_at_other_position
698,3,食味,409,410,甘,text_found_at_other_position
698,4,食性,411,412,平,text_found_at_other_position
698,5,功效,413,417,清热解毒,text_found_at_other_position
698,6,功效,419,421,愈疮,text_found_at_other_position
698,7,功效,423,425,止渴,text_found_at_other_position
698,8,功效,426,428,息风,text_found_at_other_position
698,9,病症,73,74,瘿,text_found_at_other_position
698,10,古籍来源,57,63,《山堂肆考》,text_found_at_other_position
698,11,古籍来源,148,152,《本草》,text_found_at_other_position
698,12,古籍来源,185,190,《清异录》,text_found_at_other_position
698,13,古籍来源,287,293,《南唐近事》,text_found_at_other_position
698,14,古籍来源,370,374,《集韵》,text_found_at_other_position
698,15,医家,388,391,段成式,text_found_at_other_position
699,1,古籍来源,0,3,《谮》,exact_match
699,2,食性,16,17,热,exact_match
699,3,食味,19,20,甘,exact_match
699,4,食味,21,22,苦,exact_match
699,5,食味,23,24,辛,exact_match
699,6,食味,24,25,酸,exact_match
699,7,功效,50,52,壮胆,exact_match
699,8,功效,53,55,辟謇,exact_match
699,9,功效,56,60,和血养气,exact_match
699,10,功效,66,69,行药势,exact_match
699,11,禁忌,89,93,多饮必病,exact_match
699,12,食材,188,189,酒,text_found_at_other_position
699,13,食材,413,416,绍兴酒,text_found_at_other_position
699,14,食材,312,315,郫筒酒,text_found_at_other_position
699,15,食材,406,409,郫箭酒,text_found_at_other_position
699,16,食味,247,248,甜,text_found_at_other_position
699,17,食味,249,250,涩,text_found_at_other_position
700,1,古籍来源,15,23,《宋虫〈食货志》,text_found_at_other_position
700,2,古籍来源,40,44,《周官》,text_found_at_other_position
700,3,古籍来源,82,86,《周礼》,text_found_at_other_position
700,4,古籍来源,189,195,《群书考索》,text_found_at_other_position
700,5,食材,2,3,盐,exact_match
700,6,食材,37,39,颗盐,text_found_at_other_position
700,7,食材,116,118,末盐,text_found_at_other_position
700,8,食材,91,93,苦盐,text_found_at_other_position
700,9,食材,138,140,形盐,text_found_at_other_position
700,10,食材,143,145,印盐,text_found_at_other_position
700,11,食材,472,474,池盐,text_found_at_other_position
700,12,食材,197,200,青州盐,text_found_at_other_position
700,13,食材,224,227,岭南盐,text_found_at_other_position
700,14,食材,254,257,并州盐,text_found_at_other_position
700,15,食材,266,270,胡中盐,entity_text_not_found_in_current_passage
700,16,食材,390,393,陕西盐,text_found_at_other_position
700,17,食材,480,481,碱,text_found_at_other_position
700,18,食味,108,109,咸,text_found_at_other_position
700,19,食味,109,110,苦,text_found_at_other_position
700,20,烹饪方法,53,54,煮,text_found_at_other_position
700,21,烹饪方法,496,497,煎,text_found_at_other_position
700,22,烹饪方法,104,105,炼,text_found_at_other_position
701,1,食材,23,25,甲鱼,exact_match
701,2,食材,40,42,脂油,exact_match
701,3,食材,75,76,蒜,exact_match
701,4,食材,81,82,葱,exact_match
701,5,食材,83,84,姜,exact_match
701,6,食材,85,86,糖,exact_match
701,7,食材,9,10,酒,exact_match
701,8,食材,6,7,盐,exact_match
701,9,食材,225,227,笋尖,text_found_at_other_position
701,10,食材,234,235,椒,text_found_at_other_position
701,11,食材,294,296,鸡汤,text_found_at_other_position
701,12,食材,57,59,秋油,exact_match
701,13,烹饪方法,3,4,煮,exact_match
701,14,烹饪方法,48,49,煎,exact_match
701,15,烹饪方法,61,62,煨,exact_match
701,16,烹饪方法,169,170,炮,text_found_at_other_position
701,17,烹饪方法,284,286,白煮,text_found_at_other_position
701,18,烹饪方法,208,209,切,text_found_at_other_position
701,19,烹饪方法,289,290,拆,text_found_at_other_position
701,20,烹饪方法,380,381,覆,text_found_at_other_position
702,1,古籍来源,1,7,《齐民要术》,exact_match
702,2,食材,11,13,单螯,exact_match
702,3,烹饪方法,10,11,炙,exact_match
702,4,食材,17,18,蛎,exact_match
702,5,食材,37,38,姜,exact_match
702,6,食材,39,41,桔屑,exact_match
702,7,古籍来源,75,80,《饮食谱》,text_found_at_other_position
702,8,食材,81,84,西施舌,text_found_at_other_position
702,9,食材,113,115,蛏干,text_found_at_other_position
702,10,烹饪方法,130,131,泡,text_found_at_other_position
702,11,烹饪方法,136,137,煮,text_found_at_other_position
702,12,烹饪方法,169,170,煨,text_found_at_other_position
702,13,古籍来源,184,189,《正字通》,text_found_at_other_position
702,14,食材,193,195,小蚌,text_found_at_other_position
702,15,食材,212,213,蚬,text_found_at_other_position
702,16,古籍来源,238,244,《山堂肆考》,text_found_at_other_position
702,17,食材,124,125,蛏,text_found_at_other_position
702,18,食性,261,262,寒,text_found_at_other_position
702,19,功效,265,267,消渴,text_found_at_other_position
702,20,古籍来源,269,275,《艺苑卮言》,text_found_at_other_position
702,21,食材,283,284,蛭,text_found_at_other_position
702,22,古籍来源,289,293,《本草》,text_found_at_other_position
702,23,医家,293,296,陈藏器,text_found_at_other_position
702,24,医家,322,325,李时珍,text_found_at_other_position
702,25,食材,434,436,蛤蜊,text_found_at_other_position
702,26,食材,472,473,蜮,text_found_at_other_position
702,27,食材,483,484,蛤,text_found_at_other_position
702,28,食材,352,354,马刀,text_found_at_other_position
702,29,食材,521,523,蛤鼠,text_found_at_other_position
702,30,食材,526,528,生蛙,text_found_at_other_position
702,31,食材,532,534,蛟始,text_found_at_other_position
703,1,食材,0,2,鲜蛏,exact_match
703,2,食材,4,5,蛏,exact_match
703,3,食材,8,9,蛑,exact_match
703,4,食材,24,26,豆腐,exact_match
703,5,食材,49,51,蛤蜊,text_found_at_other_position
703,6,食材,101,103,水鸡,text_found_at_other_position
703,7,食材,152,153,蛙,text_found_at_other_position
703,8,食材,155,157,虾蟆,text_found_at_other_position
703,9,食材,183,185,田鸡,text_found_at_other_position
703,10,食材,194,196,土鸭,text_found_at_other_position
703,11,食材,217,219,蛤子,text_found_at_other_position
703,12,食材,257,259,坐鱼,text_found_at_other_position
703,13,食材,389,390,蛤,text_found_at_other_position
703,14,烹饪方法,14,15,炒,exact_match
703,15,烹饪方法,94,95,炝,text_found_at_other_position
703,16,烹饪方法,116,118,油灼,text_found_at_other_position
703,17,医家,198,201,陶弘景,text_found_at_other_position
703,18,医家,227,230,李时珍,text_found_at_other_position
703,19,古籍来源,146,150,《本草》,text_found_at_other_position
703,20,古籍来源,270,275,《尔雅》,entity_text_not_found_in_current_passage
703,21,古籍来源,369,375,《岭表录异》,text_found_at_other_position
703,22,古籍来源,412,417,《清异录》,text_found_at_other_position
703,23,古籍来源,439,445,《南楚新闻》,text_found_at_other_position
705,1,食材,0,3,黄芽莱,exact_match
705,2,食材,4,6,火腿,exact_match
705,3,食材,26,28,鸡汤,exact_match
705,4,食材,293,295,豆渣,text_found_at_other_position
705,5,食材,296,298,糠屑,text_found_at_other_position
705,6,食材,314,316,瓜皮,text_found_at_other_position
705,7,食材,316,318,莱叶,text_found_at_other_position
705,8,食味,92,93,甘,exact_match
705,9,食味,386,387,咸,text_found_at_other_position
705,10,食性,388,389,温,text_found_at_other_position
705,11,功效,390,394,补脾开胃,text_found_at_other_position
705,12,功效,396,401,滋肾生津,entity_text_not_found_in_current_passage
705,13,功效,403,406,益气血,text_found_at_other_position
705,14,功效,409,412,充精髓,text_found_at_other_position
705,15,功效,413,418,治虚劳怔忡,text_found_at_other_position
705,16,功效,419,424,止虚痢泄泻,text_found_at_other_position
705,17,功效,425,429,健腰脚,entity_text_not_found_in_current_passage
705,18,功效,431,434,愈疮漏,text_found_at_other_position
705,19,烹饪方法,3,4,煨,exact_match
705,20,烹饪方法,525,526,蒸,text_found_at_other_position
705,21,烹饪方法,152,153,腌,exact_match
705,22,烹饪方法,154,155,晒,exact_match
705,23,烹饪方法,265,266,煮,exact_match
705,24,禁忌,563,569,否则非咸则鞭,text_found_at_other_position
705,25,养生原则,326,330,调其饥饱,text_found_at_other_position
705,26,养生原则,331,335,察其冷暖,text_found_at_other_position
705,27,养生原则,320,325,冬食必热食,text_found_at_other_position
705,28,古籍来源,128,134,《东阳县志》,exact_match
705,29,古籍来源,236,244,《本草纲目拾遗》,exact_match
705,30,古籍来源,371,374,《谱》,text_found_at_other_position
706,1,食材,13,15,表螵,exact_match
706,2,食材,19,21,梅螺,exact_match
706,3,食材,80,82,泥酆,exact_match
706,4,食材,160,162,吐铁,exact_match
706,5,食材,226,228,麦嫘,exact_match
706,6,食材,216,220,桄花吐铁,exact_match
706,7,食材,328,330,海蜇,text_found_at_other_position
706,8,食材,391,395,鲱鱼,entity_text_not_found_in_current_passage
706,9,食味,237,238,咸,exact_match
706,10,食性,239,240,寒,exact_match
706,11,功效,241,243,补肾,exact_match
706,12,功效,244,246,明目,exact_match
706,13,功效,247,249,析酲,exact_match
706,14,烹饪方法,51,53,盐渍,exact_match
706,15,烹饪方法,189,191,腌蔽,exact_match
706,16,烹饪方法,192,194,糟浸,exact_match
706,17,烹饪方法,420,421,煮,text_found_at_other_position
706,18,烹饪方法,286,287,醉,exact_match
706,19,烹饪方法,309,310,浸,text_found_at_other_position
706,20,烹饪方法,359,360,拌,text_found_at_other_position
706,21,禁忌,43,47,令人头重,exact_match
706,22,古籍来源,67,73,《海味索隐》,exact_match
706,23,古籍来源,101,106,《见咫编》,exact_match
706,24,古籍来源,153,158,《海州志》,exact_match
706,25,古籍来源,362,367,《博物志》,text_found_at_other_position
706,26,古籍来源,427,433,《岭表录异》,text_found_at_other_position
707,1,古籍来源,38,41,《谱》,exact_match
707,2,食味,44,46,微苦,exact_match
707,3,食味,48,49,甘,exact_match
707,4,食性,50,51,凉,exact_match
707,5,功效,52,55,清心神,exact_match
707,6,功效,56,60,醒睡除烦,exact_match
707,7,功效,61,64,凉肝胆,exact_match
707,8,功效,66,70,涤热消痰,exact_match
707,9,功效,71,74,肃肺胃,exact_match
707,10,功效,75,79,明目解渴,exact_match
707,11,病症,80,82,不渴,exact_match
707,12,食材,150,151,茶,text_found_at_other_position
707,13,烹饪方法,95,96,炒,exact_match
707,14,烹饪方法,96,97,焙,exact_match
707,15,烹饪方法,154,155,切,text_found_at_other_position
707,16,烹饪方法,160,161,熬,text_found_at_other_position
707,17,食材,250,253,武夷茶,text_found_at_other_position
707,18,食味,264,266,浓苦,text_found_at_other_position
707,19,功效,120,121,清,exact_match
707,20,功效,374,377,情悦性,text_found_at_other_position
708,1,古籍来源,0,5,《尔雅翼》,exact_match
708,2,食材,35,37,鲇鱼,exact_match
708,3,食材,47,49,缇鱼,exact_match
708,4,古籍来源,111,115,《本草》,text_found_at_other_position
708,5,医家,115,118,陶弘景,text_found_at_other_position
708,6,食材,124,125,鳐,text_found_at_other_position
708,7,烹饪方法,142,143,臃,text_found_at_other_position
708,8,功效,145,146,补,text_found_at_other_position
708,9,食材,149,150,镬,text_found_at_other_position
708,10,食材,152,153,鲲,text_found_at_other_position
708,11,食材,163,165,人鱼,text_found_at_other_position
708,12,食材,216,217,鲩,text_found_at_other_position
708,13,食材,220,222,河兆,text_found_at_other_position
708,14,医家,223,225,时珍,text_found_at_other_position
708,15,食材,321,323,鲴鱼,text_found_at_other_position
708,16,古籍来源,387,391,《说文》,text_found_at_other_position
708,17,古籍来源,400,405,《山海经》,text_found_at_other_position
708,18,食材,409,410,绋,text_found_at_other_position
708,19,古籍来源,413,417,《玉篇》,text_found_at_other_position
708,20,食材,419,420,鳆,text_found_at_other_position
708,21,古籍来源,448,453,《广韵》,entity_text_not_found_in_current_passage
708,22,食材,455,456,鳏,text_found_at_other_position
708,23,食材,433,434,鲢,text_found_at_other_position
708,24,食材,316,317,鹱,text_found_at_other_position
708,25,食材,443,444,鱿,text_found_at_other_position
708,26,古籍来源,463,467,《广雅》,text_found_at_other_position
708,27,食材,481,482,鲅,text_found_at_other_position
708,28,食材,259,260,鳢,text_found_at_other_position
708,29,食材,533,535,儒艮,text_found_at_other_position
708,30,食材,556,557,鲴,text_found_at_other_position
708,31,食材,573,574,啼,text_found_at_other_position
708,32,食材,587,588,鲱,text_found_at_other_position
708,33,食材,613,614,鲔,text_found_at_other_position
708,34,食材,639,640,鲤,text_found_at_other_position
709,1,食材,14,16,豆腐,exact_match
709,2,食材,18,20,瓜茄,exact_match
709,3,食材,64,65,鱼,exact_match
709,4,食材,66,67,鹅,exact_match
709,5,食材,68,69,鸭,exact_match
709,6,食材,90,92,甲鱼,exact_match
709,7,食材,110,112,鲥鱼,exact_match
709,8,食材,132,134,腌蛋,exact_match
709,9,食材,294,296,羊头,text_found_at_other_position
709,10,食材,518,521,羊头肉,text_found_at_other_position
709,11,食材,382,384,跑羊,text_found_at_other_position
709,12,食材,447,449,鹅掌,text_found_at_other_position
709,13,食材,365,366,鳖,text_found_at_other_position
709,14,烹饪方法,109,110,蒸,exact_match
709,15,烹饪方法,220,221,炙,exact_match
709,16,烹饪方法,364,365,煨,text_found_at_other_position
709,17,烹饪方法,398,399,烧,text_found_at_other_position
709,18,烹饪方法,427,428,跑,text_found_at_other_position
709,19,烹饪方法,445,447,生炙,text_found_at_other_position
709,20,食疗方,512,515,羊头签,text_found_at_other_position
709,21,古籍来源,492,498,《肠谷漫录》,text_found_at_other_position
709,22,古籍来源,569,573,《善书》,text_found_at_other_position
710,1,食材,368,371,石首鱼,text_found_at_other_position
710,2,食材,109,112,石头鱼,text_found_at_other_position
710,3,食材,133,135,梅鱼,text_found_at_other_position
710,4,食材,168,170,梅黛,text_found_at_other_position
710,5,食材,192,194,纨鱼,text_found_at_other_position
710,6,食材,222,225,鲞鱼,entity_text_not_found_in_current_passage
710,7,食材,261,264,黄炙鱼,text_found_at_other_position
710,8,食材,266,269,小首鱼,text_found_at_other_position
710,9,食材,285,286,鳐,text_found_at_other_position
710,10,食材,338,339,鲤,text_found_at_other_position
710,11,食材,354,356,螋鱼,text_found_at_other_position
710,12,食材,380,382,兜鲇,text_found_at_other_position
710,13,食材,412,414,姝鱼,text_found_at_other_position
710,14,食材,418,420,蝤鱼,text_found_at_other_position
710,15,食材,426,428,梅骨,text_found_at_other_position
710,16,食材,432,434,梅童,text_found_at_other_position
710,17,食材,438,440,春来,text_found_at_other_position
710,18,古籍来源,9,14,《游览志》,exact_match
710,19,古籍来源,96,103,《临海异物志》,text_found_at_other_position
710,20,古籍来源,181,186,《正字通》,text_found_at_other_position
710,21,古籍来源,196,201,《岭表录》,text_found_at_other_position
710,22,古籍来源,209,213,《浙志》,text_found_at_other_position
710,23,古籍来源,253,258,《温海志》,text_found_at_other_position
710,24,古籍来源,276,283,《函史物性志》,text_found_at_other_position
710,25,古籍来源,316,321,《广舆记》,text_found_at_other_position
710,26,古籍来源,332,336,《博雅》,text_found_at_other_position
710,27,古籍来源,346,350,《江赋》,text_found_at_other_position
710,28,古籍来源,373,378,《博物志》,text_found_at_other_position
710,29,古籍来源,395,401,《雨航杂录》,text_found_at_other_position
711,1,食材,10,12,秦椒,exact_match
711,2,食材,13,15,蜀椒,exact_match
711,3,食材,73,75,花椒,exact_match
711,4,食材,198,200,胡椒,exact_match
711,5,食材,223,224,虾,exact_match
711,6,食材,211,212,蚶,exact_match
711,7,食材,192,193,鱼,exact_match
711,8,食味,170,171,辛,exact_match
711,9,食性,172,173,温,exact_match
711,10,功效,174,178,调中下气,exact_match
711,11,功效,179,183,除湿杀虫,exact_match
711,12,功效,185,189,止痛行瘀,exact_match
711,13,功效,217,221,振味助鲜,exact_match
711,14,医家,63,66,李时珍,exact_match
711,15,古籍来源,28,34,《六书故》,entity_text_not_found_in_current_passage
711,16,古籍来源,59,63,《本革》,exact_match
711,17,古籍来源,140,146,《范子计然》,exact_match
711,18,古籍来源,248,254,《酉阳杂俎》,exact_match
711,19,古籍来源,354,358,《本蕈》,text_found_at_other_position
711,20,古籍来源,484,489,《清异录》,text_found_at_other_position
712,1,食材,0,2,芋粉,exact_match
712,2,食材,11,13,米粉,exact_match
712,3,食材,26,28,野鸡,exact_match
712,4,食材,36,37,藕,exact_match
712,5,食材,41,42,米,exact_match
712,6,食材,133,134,蜜,exact_match
712,7,食材,142,144,苏面,exact_match
712,8,食材,177,178,栗,exact_match
712,9,食材,191,194,松子仁,exact_match
712,10,食材,179,180,菱,exact_match
712,11,食材,43,44,糖,exact_match
712,12,食材,256,258,桂花,text_found_at_other_position
712,13,食材,286,289,水红菱,text_found_at_other_position
712,14,食材,298,303,馄饨菱角团,text_found_at_other_position
712,15,食材,337,339,建莲,text_found_at_other_position
712,16,食材,344,346,湖莲,text_found_at_other_position
712,17,烹饪方法,4,5,磨,exact_match
712,18,烹饪方法,45,46,煮,exact_match
712,19,烹饪方法,111,112,蒸,exact_match
712,20,烹饪方法,200,201,煨,exact_match
712,21,烹饪方法,134,135,灌,exact_match
712,22,烹饪方法,146,147,封,exact_match
712,23,烹饪方法,162,163,削,exact_match
712,24,烹饪方法,169,170,截,exact_match
712,25,烹饪方法,355,356,抽,text_found_at_other_position
712,26,烹饪方法,369,370,闷,text_found_at_other_position
712,27,烹饪方法,309,311,煮熟,text_found_at_other_position
712,28,古籍来源,105,111,《齐民卖术》,exact_match
713,1,古籍来源,161,166,《清嘉录》,text_found_at_other_position
713,2,古籍来源,76,83,《吴门风土纪》,text_found_at_other_position
713,3,古籍来源,259,267,《桐桥倚棹录》,entity_text_not_found_in_current_passage
713,4,古籍来源,360,365,《清史稿》,text_found_at_other_position
713,5,古籍来源,365,371,《潸史列传》,text_found_at_other_position
713,6,古籍来源,403,411,《阐见阐幽录》,entity_text_not_found_in_current_passage
713,7,古籍来源,524,530,《适园丛稿》,text_found_at_other_position
718,1,古籍来源,0,6,《酉阳杂俎》,exact_match
718,2,古籍来源,67,71,《月令》,exact_match
718,3,古籍来源,79,85,《孔氏正义》,exact_match
718,4,古籍来源,112,117,《白虎通》,exact_match
718,5,古籍来源,129,134,《搜神记》,exact_match
718,6,古籍来源,270,276,《五行书》,entity_text_not_found_in_current_passage
718,7,古籍来源,295,299,《图经》,exact_match
718,8,古籍来源,400,406,《篦新合志》,exact_match
719,1,食材,3,4,菊,exact_match
719,2,食材,213,215,甘菊,exact_match
719,3,食材,365,367,黄雀,text_found_at_other_position
719,4,烹饪方法,69,70,掇,exact_match
719,5,古籍来源,43,48,《菊谱略》,exact_match
719,6,古籍来源,309,314,《艺菊说》,exact_match
719,7,古籍来源,397,403,《艺菊须知》,text_found_at_other_position
719,8,古籍来源,431,438,《网见阐幽爽》,text_found_at_other_position
719,9,医家,40,43,范成大,exact_match
719,10,医家,383,386,顾铁卿,text_found_at_other_position
719,11,医家,337,340,韦涟怀,exact_match
719,12,医家,300,303,贝三泉,exact_match
722,1,食材,254,255,茶,exact_match
722,2,病症,219,221,注夏,exact_match
722,3,病症,374,376,苦夏,exact_match
722,4,古籍来源,39,43,《吴骶》,exact_match
723,1,古籍来源,126,133,《老学庵笔记》,exact_match
723,2,古籍来源,329,336,《释氏要览》,entity_text_not_found_in_current_passage
723,3,古籍来源,368,379,《颜之推家训.终制篇》,exact_match
723,4,古籍来源,569,574,《广异记》,exact_match
723,5,医家,123,126,陆放翁,exact_match
723,6,医家,390,392,晏殊,exact_match
723,7,食材,153,155,素馔,exact_match
723,8,食材,82,83,酒,exact_match
723,9,烹饪方法,174,175,焚,exact_match
723,10,禁忌,63,66,不可量,exact_match
723,11,病症,324,328,饿鬼之苦,exact_match
726,1,食材,23,25,馒首,exact_match
726,2,食材,144,147,胶牙饧,exact_match
726,3,食材,158,160,米粉,exact_match
726,4,食材,162,165,豆沙馅,exact_match
726,5,食材,358,360,白米,exact_match
726,6,食材,271,273,青豆,exact_match
726,7,烹饪方法,26,27,造,exact_match
726,8,烹饪方法,161,162,裹,exact_match
726,9,烹饪方法,95,96,作,exact_match
726,10,烹饪方法,380,381,缚,exact_match
726,11,烹饪方法,386,387,翦,exact_match
726,12,烹饪方法,388,389,糊,exact_match
726,13,烹饪方法,329,330,撒,exact_match
726,14,烹饪方法,360,362,出磨,exact_match
726,15,烹饪方法,370,372,作饼,exact_match
726,16,古籍来源,301,307,蔡云《吴觖》,exact_match
726,17,古籍来源,348,355,郭廪《送灶词》,exact_match
729,1,食材,9,10,糖,text_found_at_other_position
729,2,食材,10,11,茶,text_found_at_other_position
729,3,食材,11,12,果,text_found_at_other_position
729,4,食材,83,84,饭,text_found_at_other_position
732,1,食材,43,45,熊胆,exact_match
732,2,食性,5,6,寒,exact_match
732,3,病症,8,12,时气盛热,exact_match
732,4,病症,13,14,疳,exact_match
732,5,病症,18,22,小儿惊痈,exact_match
732,6,禁忌,23,28,十月勿食,entity_text_not_found_in_current_passage
732,7,禁忌,29,31,伤神,exact_match
732,8,病症,35,39,小儿惊痼,exact_match
732,9,病症,40,42,瘼疯,exact_match
732,10,食材,52,54,乳汁,exact_match
732,11,食材,55,57,竹沥,exact_match
732,12,功效,61,65,去心中涎,exact_match
732,13,医家,88,90,张鼎,exact_match
732,14,食味,146,147,苦,text_found_at_other_position
732,15,功效,194,198,清热镇痛,text_found_at_other_position
732,16,功效,199,203,明目平肝,text_found_at_other_position
732,17,功效,204,206,杀虫,text_found_at_other_position
732,18,病症,230,238,时气热盛娈为黄疸,text_found_at_other_position
732,19,病症,239,244,暑月久利,entity_text_not_found_in_current_passage
732,20,病症,245,249,疳暨心痛,text_found_at_other_position
732,21,古籍来源,221,226,《唐本草》,text_found_at_other_position
733,1,食材,0,1,酒,exact_match
733,2,食疗方,2,4,紫酒,exact_match
733,3,病症,7,10,角弓风,exact_match
733,4,病症,19,23,偏风中恶,text_found_at_other_position
733,5,食材,25,27,桑椹,text_found_at_other_position
733,6,功效,33,36,补五脏,text_found_at_other_position
733,7,功效,38,41,明耳目,text_found_at_other_position
733,8,功效,49,52,解烦热,text_found_at_other_position
733,9,功效,53,56,补虚劳,text_found_at_other_position
733,10,食疗方,61,63,蜜酒,text_found_at_other_position
733,11,病症,67,69,风疹,text_found_at_other_position
733,12,食材,71,73,地黄,text_found_at_other_position
733,13,食材,75,77,牛膝,text_found_at_other_position
733,14,食材,82,84,虎骨,text_found_at_other_position
733,15,食材,85,88,仙灵脾,text_found_at_other_position
733,16,食材,91,93,通草,text_found_at_other_position
733,17,食材,12,13,姜,exact_match
733,18,食材,43,45,葱豉,text_found_at_other_position
733,19,烹饪方法,148,150,煎汁,text_found_at_other_position
733,20,食材,152,154,麸米,text_found_at_other_position
733,21,烹饪方法,154,156,酿酒,text_found_at_other_position
733,22,烹饪方法,163,165,切碎,text_found_at_other_position
733,23,烹饪方法,169,170,浸,text_found_at_other_position
733,24,烹饪方法,174,176,煮饮,text_found_at_other_position
733,25,食疗方,178,181,牛膝酒,text_found_at_other_position
733,26,功效,182,185,壮筋骨,text_found_at_other_position
733,27,病症,187,189,痿痹,text_found_at_other_position
733,28,功效,190,193,补虚损,text_found_at_other_position
733,29,功效,194,197,除久疟,text_found_at_other_position
733,30,食材,210,213,怀牛膝,text_found_at_other_position
733,31,食材,217,220,川牛膝,text_found_at_other_position
733,32,食味,258,259,苦,text_found_at_other_position
733,33,食味,259,260,酸,text_found_at_other_position
733,34,食性,262,263,平,text_found_at_other_position
733,35,归经,264,266,入肝,text_found_at_other_position
733,36,归经,267,270,肾二经,text_found_at_other_position
733,37,古籍来源,271,275,《本经》,text_found_at_other_position
733,38,病症,279,283,寒湿痿痹,text_found_at_other_position
733,39,病症,284,289,四肢拘挛,entity_text_not_found_in_current_passage
733,40,病症,290,295,膝痛不可厢,text_found_at_other_position
733,41,功效,296,299,逐血气,text_found_at_other_position
733,42,病症,300,304,伤热火烂,text_found_at_other_position
733,43,功效,305,307,堕胎,text_found_at_other_position
733,44,古籍来源,308,312,《别录》,text_found_at_other_position
733,45,病症,317,321,伤中少气,text_found_at_other_position
733,46,病症,322,326,男肾阴消,text_found_at_other_position
733,47,病症,327,331,老人失溺,text_found_at_other_position
733,48,功效,332,336,补中续绝,text_found_at_other_position
733,49,功效,337,339,填骨,text_found_at_other_position
733,50,病症,342,346,脑中痛,entity_text_not_found_in_current_passage
733,51,病症,347,350,腰脊痛,text_found_at_other_position
733,52,病症,351,357,妇人月水不通,text_found_at_other_position
733,53,病症,358,360,血结,text_found_at_other_position
733,54,功效,361,363,益精,text_found_at_other_position
733,55,功效,364,367,利阴气,text_found_at_other_position
733,56,功效,368,371,止发臼,text_found_at_other_position
733,57,食材,393,396,甜牛膝,text_found_at_other_position
733,58,食味,432,433,甘,text_found_at_other_position
733,59,食味,434,436,微苦,text_found_at_other_position
733,60,食性,438,439,平,text_found_at_other_position
733,61,食材,444,447,麻牛膝,text_found_at_other_position
733,62,食材,451,455,头花蒽草,text_found_at_other_position
734,1,古籍来源,8,14,《食疗本草》,text_found_at_other_position
734,2,医家,34,36,孟诜,text_found_at_other_position
734,3,医家,37,39,张鼎,text_found_at_other_position
734,4,食材,68,70,瓜果,text_found_at_other_position
734,5,食材,71,73,莱蔬,text_found_at_other_position
734,6,食材,74,76,草木,text_found_at_other_position
734,7,食材,77,79,动物,text_found_at_other_position
734,8,食材,80,82,米谷,text_found_at_other_position
735,1,食材,18,20,苦笋,exact_match
735,2,食材,28,31,淡竹沥,exact_match
735,3,食材,365,368,淡竹茹,text_found_at_other_position
735,4,食材,71,73,竹实,exact_match
735,5,食材,87,88,筻,exact_match
735,6,食性,34,36,大寒,exact_match
735,7,食性,134,135,寒,text_found_at_other_position
735,8,食性,407,408,凉,text_found_at_other_position
735,9,食性,524,525,平,text_found_at_other_position
735,10,食味,97,98,甘,exact_match
735,11,食味,95,96,苦,exact_match
735,12,归经,314,316,入心,text_found_at_other_position
735,13,归经,317,319,胃经,text_found_at_other_position
735,14,功效,23,26,不发痰,exact_match
735,15,功效,76,79,通神明,exact_match
735,16,功效,80,82,轻身,exact_match
735,17,功效,83,85,益气,exact_match
735,18,功效,197,202,提神助兴,entity_text_not_found_in_current_passage
735,19,功效,203,207,清热利湿,text_found_at_other_position
735,20,功效,208,211,除热气,text_found_at_other_position
735,21,功效,212,215,止消渴,text_found_at_other_position
735,22,功效,216,218,明目,text_found_at_other_position
735,23,功效,219,222,解酒毒,text_found_at_other_position
735,24,功效,224,232,去面目及口腔热,entity_text_not_found_in_current_passage
735,25,功效,322,326,清热滑痰,text_found_at_other_position
735,26,功效,327,331,镇惊利窍,text_found_at_other_position
735,27,功效,336,340,化痰止渴,text_found_at_other_position
735,28,功效,590,594,补虚下气,text_found_at_other_position
735,29,病症,38,40,中风,exact_match
735,30,病症,44,46,烦闷,exact_match
735,31,病症,48,50,劳复,exact_match
735,32,病症,61,63,噎膈,exact_match
735,33,病症,64,66,鼻衄,exact_match
735,34,病症,561,563,风痉,text_found_at_other_position
735,35,病症,411,415,胃热噎膈,text_found_at_other_position
735,36,病症,417,421,胃虚干呕,text_found_at_other_position
735,37,病症,422,427,热呃咳逆,entity_text_not_found_in_current_passage
735,38,病症,428,432,痰热恶心,text_found_at_other_position
735,39,病症,433,437,滔伤呕吐,text_found_at_other_position
735,40,病症,438,442,痰涎酸水,text_found_at_other_position
735,41,病症,443,447,惊悸怔忡,text_found_at_other_position
735,42,病症,448,453,心烦躁乱,entity_text_not_found_in_current_passage
735,43,病症,454,458,睡卧不宁,text_found_at_other_position
735,44,病症,534,538,咳逆上气,text_found_at_other_position
735,45,病症,540,544,筋急恶疡,text_found_at_other_position
735,46,病症,564,566,喉痹,text_found_at_other_position
735,47,病症,567,569,呕吐,text_found_at_other_position
735,48,脏腑,6,7,心,exact_match
735,49,烹饪方法,255,257,劈开,text_found_at_other_position
735,50,烹饪方法,258,260,火烤,text_found_at_other_position
735,51,禁忌,105,108,不宜人,exact_match
735,52,古籍来源,135,141,《本草图经》,text_found_at_other_position
735,53,古籍来源,501,505,《本经》,text_found_at_other_position
735,54,古籍来源,551,555,《别录》,text_found_at_other_position
735,55,医家,483,486,陶弘景,text_found_at_other_position
737,1,食材,69,71,甘菊,exact_match
737,2,食性,7,8,平,exact_match
737,3,食材,10,11,叶,exact_match
737,4,烹饪方法,15,16,揉,exact_match
737,5,烹饪方法,18,20,作羹,exact_match
737,6,食材,21,22,茎,exact_match
737,7,食材,32,33,花,exact_match
737,8,病症,44,48,头风目眩,exact_match
737,9,病症,49,51,泪出,exact_match
737,10,功效,52,55,去烦热,exact_match
737,11,功效,57,60,利五藏,exact_match
737,12,食材,61,65,野生苦菊,exact_match
737,13,禁忌,65,68,不堪用,exact_match
737,14,食材,76,78,菊花,text_found_at_other_position
737,15,食材,108,110,白菊,text_found_at_other_position
737,16,食材,111,113,滁菊,text_found_at_other_position
737,17,食材,114,116,贡菊,text_found_at_other_position
737,18,食材,117,120,杭白菊,text_found_at_other_position
737,19,食材,122,125,杭黄菊,text_found_at_other_position
737,20,古籍来源,127,131,《别录》,text_found_at_other_position
737,21,食材,138,139,根,text_found_at_other_position
737,22,食材,160,161,实,text_found_at_other_position
737,23,烹饪方法,164,166,阴干,text_found_at_other_position
737,24,食材,143,144,叶,text_found_at_other_position
737,25,食味,0,1,甘,exact_match
737,26,食味,180,181,辛,text_found_at_other_position
737,27,食性,183,184,平,text_found_at_other_position
737,28,病症,202,204,痈疽,text_found_at_other_position
737,29,食材,149,150,茎,text_found_at_other_position
737,30,食味,178,179,甘,text_found_at_other_position
737,31,食味,220,222,微苦,text_found_at_other_position
737,32,食性,224,225,凉,text_found_at_other_position
737,33,功效,227,231,清肝利胆,text_found_at_other_position
737,34,功效,232,236,明目宁心,text_found_at_other_position
737,35,病症,244,248,头风眩晕,text_found_at_other_position
737,36,病症,249,251,目翳,text_found_at_other_position
737,37,功效,252,257,去胸中痰饮,text_found_at_other_position
737,38,烹饪方法,260,262,煎汤,text_found_at_other_position
737,39,烹饪方法,263,265,煮粥,text_found_at_other_position
737,40,烹饪方法,266,268,作羹,text_found_at_other_position
737,41,食材,154,155,花,text_found_at_other_position
737,42,食味,218,219,甘,text_found_at_other_position
737,43,食味,294,295,苦,text_found_at_other_position
737,44,食性,297,298,凉,text_found_at_other_position
737,45,功效,300,305,疏风清热,entity_text_not_found_in_current_passage
737,46,功效,306,310,明目宁心,text_found_at_other_position
737,47,功效,311,315,解毒消肿,text_found_at_other_position
737,48,古籍来源,328,334,《本草纲目》,text_found_at_other_position
737,49,古籍来源,379,385,《牧竖闲谈》,text_found_at_other_position
737,50,食材,357,359,诸菊,text_found_at_other_position
737,51,食材,365,368,田野菊,text_found_at_other_position
737,52,食材,370,372,苦薏,text_found_at_other_position
737,53,功效,391,393,延龄,text_found_at_other_position
737,54,功效,396,398,泄人,text_found_at_other_position
738,1,食材,62,65,青小豆,text_found_at_other_position
738,2,食性,11,12,寒,text_found_at_other_position
738,3,功效,13,16,疗热中,text_found_at_other_position
738,4,病症,17,19,消渴,text_found_at_other_position
738,5,功效,22,24,止痢,text_found_at_other_position
738,6,功效,25,28,下胀满,text_found_at_other_position
738,7,食材,70,72,豌豆,exact_match
738,8,食材,78,80,睥豆,text_found_at_other_position
738,9,食材,81,83,蹇豆,text_found_at_other_position
738,10,食材,84,86,毕豆,text_found_at_other_position
738,11,食材,87,89,麻累,text_found_at_other_position
738,12,食味,92,93,甘,text_found_at_other_position
738,13,食性,95,96,平,text_found_at_other_position
738,14,古籍来源,97,105,《千金方.食治》,text_found_at_other_position
738,15,食味,111,112,咸,text_found_at_other_position
738,16,食性,114,115,温,text_found_at_other_position
738,17,功效,126,129,主寒热,text_found_at_other_position
738,18,功效,130,132,热中,text_found_at_other_position
738,19,病症,133,135,消渴,text_found_at_other_position
738,20,功效,136,139,止泄利,text_found_at_other_position
738,21,功效,140,143,利小便,text_found_at_other_position
738,22,功效,144,147,除吐逆,text_found_at_other_position
738,23,功效,148,150,卒溉,text_found_at_other_position
738,24,功效,152,156,下腹胀满,text_found_at_other_position
738,25,食材,166,168,胡豆,text_found_at_other_position
738,26,食材,178,181,鲤鱼鲱,text_found_at_other_position
738,27,禁忌,185,195,令人肝至五年成干疳病,text_found_at_other_position
738,28,食材,200,202,绿豆,text_found_at_other_position
738,29,古籍来源,205,212,《太平圣惠方》,text_found_at_other_position
739,1,古籍来源,4,14,《政和经史证类本草》,exact_match
739,2,古籍来源,24,29,《食疗》,entity_text_not_found_in_current_passage
739,3,医家,34,36,孟诜,exact_match
739,4,医家,45,47,张鼎,exact_match
739,5,古籍来源,237,243,《嘉祜本草》,text_found_at_other_position
739,6,古籍来源,90,95,《医心方》,exact_match
739,7,医家,101,105,晤玄子张,exact_match
739,8,病症,118,123,头面热风,entity_text_not_found_in_current_passage
739,9,禁忌,141,147,患冷人勿食之,exact_match
739,10,禁忌,148,153,令人益瘦,entity_text_not_found_in_current_passage
739,11,古籍来源,124,128,《敦煌》,exact_match
739,12,烹饪方法,295,296,投,text_found_at_other_position
739,13,烹饪方法,303,305,曝干,text_found_at_other_position
739,14,烹饪方法,307,308,纳,text_found_at_other_position
739,15,烹饪方法,332,333,渍,text_found_at_other_position
739,16,烹饪方法,354,355,浸,text_found_at_other_position
739,17,烹饪方法,136,137,服,exact_match
740,1,食材,25,27,牛髓,exact_match
740,2,食味,31,32,甘,text_found_at_other_position
740,3,食性,14,15,温,exact_match
740,4,归经,38,39,心,text_found_at_other_position
740,5,归经,40,41,脾,text_found_at_other_position
740,6,功效,5,8,安五脏,exact_match
740,7,功效,9,12,平三焦,exact_match
740,8,功效,176,178,温中,text_found_at_other_position
740,9,功效,17,21,久服增年,exact_match
740,10,功效,45,49,补气养血,text_found_at_other_position
740,11,功效,50,54,润肺生精,text_found_at_other_position
740,12,功效,56,60,填补骨髓,text_found_at_other_position
740,13,脏腑,71,72,心,text_found_at_other_position
740,14,脏腑,73,74,肝,text_found_at_other_position
740,15,脏腑,75,76,脾,text_found_at_other_position
740,16,脏腑,77,78,肺,text_found_at_other_position
740,17,脏腑,79,80,肾,text_found_at_other_position
740,18,脏腑,99,100,胃,text_found_at_other_position
740,19,脏腑,140,141,胆,text_found_at_other_position
740,20,脏腑,157,159,膀胱,text_found_at_other_position
740,21,脏腑,160,162,肛门,text_found_at_other_position
741,1,食材,75,77,驴皮,exact_match
741,2,病症,10,11,疟,exact_match
741,3,烹饪方法,17,18,煎,exact_match
741,4,食味,185,186,甘,text_found_at_other_position
741,5,食性,139,140,平,text_found_at_other_position
741,6,归经,191,192,肺,text_found_at_other_position
741,7,归经,195,196,肝,text_found_at_other_position
741,8,归经,197,199,肾经,text_found_at_other_position
741,9,功效,201,205,滋阴补血,text_found_at_other_position
741,10,功效,206,210,益气安神,text_found_at_other_position
741,11,功效,211,215,添精固肾,text_found_at_other_position
741,12,功效,216,220,强坚筋骨,text_found_at_other_position
741,13,病症,28,30,风毒,exact_match
741,14,病症,31,34,骨节痛,exact_match
741,15,病症,35,39,呻吟不止,exact_match
741,16,古籍来源,59,65,《嘉裕本草》,exact_match
741,17,医家,67,69,孟诜,exact_match
741,18,食疗方,94,97,驴皮胶,text_found_at_other_position
741,19,食疗方,101,104,傅致胶,text_found_at_other_position
741,20,食疗方,106,109,盆覆胶,text_found_at_other_position
741,21,食疗方,117,119,阿胶,text_found_at_other_position
741,22,病症,245,247,下血,text_found_at_other_position
741,23,病症,248,251,腹内崩,text_found_at_other_position
741,24,病症,252,260,劳极洒洒如疟状,entity_text_not_found_in_current_passage
741,25,病症,261,264,腰腹痛,text_found_at_other_position
741,26,病症,265,269,四肢酸疼,text_found_at_other_position
741,27,病症,271,274,胎不安,text_found_at_other_position
741,28,病症,277,280,少腹痛,text_found_at_other_position
741,29,病症,281,285,虚劳羸瘦,text_found_at_other_position
741,30,病症,287,291,阴气不足,text_found_at_other_position
741,31,病症,292,298,脚酸不能久立,text_found_at_other_position
741,32,病症,304,307,精血虚,text_found_at_other_position
741,33,病症,308,312,肝肾不足,text_found_at_other_position
741,34,烹饪方法,21,23,作胶,exact_match
741,35,烹饪方法,41,45,消和酒服,exact_match
741,36,古籍来源,229,235,《本草经疏》,text_found_at_other_position
742,1,食材,181,183,罗勒,text_found_at_other_position
742,2,食味,7,8,辛,exact_match
742,3,食性,9,10,温,exact_match
742,4,功效,14,18,调中消食,exact_match
742,5,功效,20,23,去恶气,exact_match
742,6,功效,24,27,消水气,exact_match
742,7,病症,36,40,齿根烂疮,exact_match
742,8,禁忌,54,57,壅关节,exact_match
742,9,禁忌,58,61,涩荣卫,exact_match
742,10,禁忌,62,67,令血脉不行,exact_match
742,11,禁忌,71,77,动风发脚气,entity_text_not_found_in_current_passage
742,12,病症,78,80,患畹,exact_match
742,13,烹饪方法,94,95,煮,exact_match
742,14,食材,98,99,子,exact_match
742,15,病症,104,110,目臀及物入目,text_found_at_other_position
742,16,病症,134,138,风赤眵泪,text_found_at_other_position
742,17,食材,140,141,根,text_found_at_other_position
742,18,病症,145,150,小儿黄烂疮,text_found_at_other_position
742,19,烹饪方法,152,154,烧灰,text_found_at_other_position
742,20,食材,187,189,香莱,text_found_at_other_position
742,21,食材,190,193,翳子草,text_found_at_other_position
742,22,食材,194,197,九层塔,text_found_at_other_position
742,23,食材,198,201,苏薄荷,text_found_at_other_position
742,24,食材,202,205,省头草,text_found_at_other_position
742,25,食性,249,250,温,text_found_at_other_position
742,26,功效,252,256,疏风行气,text_found_at_other_position
742,27,功效,257,261,消食除哕,text_found_at_other_position
742,28,功效,262,265,活血化,text_found_at_other_position
742,29,功效,268,270,解毒,text_found_at_other_position
742,30,医家,283,286,罗天益,text_found_at_other_position
742,31,食材,289,291,兰香,text_found_at_other_position
742,32,食味,246,247,辛,text_found_at_other_position
742,33,食性,294,295,温,text_found_at_other_position
742,34,功效,297,301,和血润燥,text_found_at_other_position
742,35,医家,304,308,掌禹锡,entity_text_not_found_in_current_passage
742,36,医家,326,330,东垣李氏,text_found_at_other_position
742,37,病症,331,335,牙疼口臭,text_found_at_other_position
742,38,食疗方,337,340,神功丸,text_found_at_other_position
742,39,功效,374,377,辟腥气,text_found_at_other_position
742,40,食材,384,385,子,text_found_at_other_position
742,41,食材,387,390,罗勒子,text_found_at_other_position
742,42,食材,392,395,兰香子,text_found_at_other_position
742,43,食材,396,399,光明子,text_found_at_other_position
742,44,食味,410,412,甘辛,text_found_at_other_position
742,45,食性,242,243,凉,text_found_at_other_position
742,46,病症,419,423,目昏浮翳,text_found_at_other_position
742,47,病症,424,428,拳毛倒睫,text_found_at_other_position
742,48,病症,429,431,多眵,text_found_at_other_position
742,49,病症,433,436,口腔臭,text_found_at_other_position
742,50,病症,437,439,齿黑,text_found_at_other_position
742,51,病症,440,445,走马牙疳,entity_text_not_found_in_current_passage
742,52,古籍来源,356,362,《饮膳正要》,text_found_at_other_position
742,53,古籍来源,455,460,《邺中记》,text_found_at_other_position
742,54,食材,475,477,香菜,text_found_at_other_position
743,1,食材,129,131,婿脂,text_found_at_other_position
743,2,食味,135,136,甘,text_found_at_other_position
743,3,食性,138,139,平,text_found_at_other_position
743,4,病症,153,155,耳聋,text_found_at_other_position
743,5,病症,175,179,肠风鸨血,text_found_at_other_position
743,6,食材,29,31,桔梗,exact_match
743,7,食味,239,241,苦辛,text_found_at_other_position
743,8,食性,243,244,平,text_found_at_other_position
743,9,归经,246,247,肺,text_found_at_other_position
743,10,归经,248,250,胃经,text_found_at_other_position
743,11,功效,252,256,宣通肺气,text_found_at_other_position
743,12,功效,257,262,祛痰排脓,entity_text_not_found_in_current_passage
743,13,食材,32,35,麦门冬,exact_match
743,14,食味,313,314,甘,text_found_at_other_position
743,15,食味,315,317,徵苦,text_found_at_other_position
743,16,食性,319,320,褰,text_found_at_other_position
743,17,功效,322,327,养阴润肺,entity_text_not_found_in_current_passage
743,18,功效,328,332,除烦清心,text_found_at_other_position
743,19,功效,333,337,益胃生津,text_found_at_other_position
743,20,古籍来源,143,149,《本草拾遗》,text_found_at_other_position
743,21,古籍来源,164,171,《日华子本草》,text_found_at_other_position
744,1,食材,37,40,天门冬,text_found_at_other_position
744,2,食味,288,289,甘,text_found_at_other_position
744,3,食味,290,291,苦,text_found_at_other_position
744,4,食性,293,294,寒,text_found_at_other_position
744,5,归经,295,297,入肺,text_found_at_other_position
744,6,归经,298,300,肾经,text_found_at_other_position
744,7,功效,13,16,补虚劳,text_found_at_other_position
744,8,功效,18,21,治肺劳,text_found_at_other_position
744,9,功效,23,25,止渴,text_found_at_other_position
744,10,功效,27,30,去热风,text_found_at_other_position
744,11,功效,302,304,滋阴,text_found_at_other_position
744,12,功效,305,307,润燥,text_found_at_other_position
744,13,功效,309,311,清肺,text_found_at_other_position
744,14,功效,312,314,降火,text_found_at_other_position
744,15,病症,332,336,虚劳绝伤,text_found_at_other_position
744,16,病症,337,343,老年衰损羸瘦,text_found_at_other_position
744,17,病症,344,348,偏枯不随,text_found_at_other_position
744,18,病症,349,353,风湿不仁,text_found_at_other_position
744,19,病症,354,356,冷痹,text_found_at_other_position
744,20,病症,357,361,心腹积聚,text_found_at_other_position
744,21,病症,362,364,恶疮,text_found_at_other_position
744,22,病症,365,369,痈疽肿癞,text_found_at_other_position
744,23,病症,372,374,阴痿,text_found_at_other_position
744,24,病症,375,378,耳聋,entity_text_not_found_in_current_passage
744,25,病症,379,381,目暗,text_found_at_other_position
744,26,病症,397,401,肺气咳逆,text_found_at_other_position
744,27,病症,403,407,喘息促急,text_found_at_other_position
744,28,病症,417,423,肺痿生痈吐脓,text_found_at_other_position
744,29,病症,425,427,湿疥,text_found_at_other_position
744,30,病症,429,431,消渴,text_found_at_other_position
744,31,病症,434,437,热中风,text_found_at_other_position
744,32,病症,456,460,心病嗌干,text_found_at_other_position
744,33,病症,461,463,心痛,text_found_at_other_position
744,34,病症,464,468,渴而欲饮,text_found_at_other_position
744,35,病症,469,473,痿飚嗜卧,text_found_at_other_position
744,36,病症,475,479,足下热痛,text_found_at_other_position
744,37,病症,516,520,五劳七伤,text_found_at_other_position
744,38,病症,522,526,肺气并嗽,text_found_at_other_position
744,39,病症,527,529,消痰,text_found_at_other_position
744,40,病症,530,534,风痹热毒,text_found_at_other_position
744,41,病症,535,537,游风,text_found_at_other_position
744,42,病症,538,543,烦闷吐血,entity_text_not_found_in_current_passage
744,43,古籍来源,323,328,《千金方》,text_found_at_other_position
744,44,古籍来源,387,392,《药性论》,text_found_at_other_position
744,45,古籍来源,485,492,《日华子本草》,text_found_at_other_position
745,1,食性,9,10,平,text_found_at_other_position
745,2,食材,217,220,决明子,text_found_at_other_position
745,3,脏腑,12,13,肝,text_found_at_other_position
745,4,病症,14,17,热毒气,text_found_at_other_position
745,5,病症,21,25,风眼赤泪,text_found_at_other_position
745,6,功效,231,233,明目,text_found_at_other_position
745,7,功效,234,238,通便利水,text_found_at_other_position
745,8,病症,242,245,高血压,text_found_at_other_position
745,9,病症,246,248,肝炎,text_found_at_other_position
745,10,病症,249,254,肝硬化腹水,text_found_at_other_position
745,11,功效,255,262,降低血清胆甾醇,text_found_at_other_position
746,1,食材,0,7,鳜鲼鱼,entity_text_not_found_in_current_passage
746,2,食材,57,59,芦根,text_found_at_other_position
746,3,烹饪方法,59,60,煮,text_found_at_other_position
746,4,食材,49,51,鲈鱼,text_found_at_other_position
746,5,古籍来源,111,117,《幕祜本草》,text_found_at_other_position
746,6,食材,142,144,河豚,text_found_at_other_position
746,7,食材,152,154,赤鲑,text_found_at_other_position
746,8,食材,155,157,鲧鲐,text_found_at_other_position
746,9,食材,158,160,嫩鱼,text_found_at_other_position
746,10,食材,161,163,鲂鱼,text_found_at_other_position
746,11,食材,164,167,吹肚鱼,text_found_at_other_position
746,12,食材,168,171,气泡鱼,text_found_at_other_position
746,13,食材,172,175,胡夷鱼,text_found_at_other_position
746,14,禁忌,16,20,不可食之,text_found_at_other_position
746,15,禁忌,231,239,食用时应除去内脏,text_found_at_other_position
746,16,禁忌,273,279,以不吃为宜,entity_text_not_found_in_current_passage
747,1,食材,113,115,野鸭,text_found_at_other_position
747,2,功效,11,13,补中,exact_match
747,3,功效,14,16,益气,exact_match
747,4,功效,17,19,消食,exact_match
747,5,食性,35,36,寒,exact_match
747,6,功效,37,40,不动气,exact_match
747,7,功效,41,46,消十二种虫,exact_match
747,8,功效,47,50,平胃气,exact_match
747,9,功效,51,53,调中,exact_match
747,10,功效,54,56,轻身,exact_match
747,11,病症,58,64,身上诸小热疮,exact_match
747,12,病症,65,70,多年不可者,exact_match
747,13,功效,180,182,补虚,text_found_at_other_position
747,14,功效,183,185,助力,text_found_at_other_position
747,15,功效,186,189,和胃气,text_found_at_other_position
747,16,功效,193,201,治热毒风及恶疮疬,text_found_at_other_position
747,17,功效,202,209,杀腹藏一切虫,entity_text_not_found_in_current_passage
747,18,古籍来源,93,99,《嘉祜本草》,text_found_at_other_position
747,19,医家,101,103,盂诜,text_found_at_other_position
747,20,古籍来源,128,132,《尸子》,text_found_at_other_position
747,21,古籍来源,162,169,《日华子本草》,text_found_at_other_position
748,1,食材,3,4,艾,exact_match
748,2,食材,5,10,干者并煎者,exact_match
748,3,病症,18,20,金疮,exact_match
748,4,病症,21,23,崩中,exact_match
748,5,病症,25,27,霍乱,exact_match
748,6,病症,454,456,胎漏,text_found_at_other_position
748,7,食材,44,46,生姜,exact_match
748,8,病症,51,53,泻痢,exact_match
748,9,食材,56,58,艾叶,exact_match
748,10,食材,73,75,冰台,text_found_at_other_position
748,11,食材,76,78,艾蒿,text_found_at_other_position
748,12,食材,79,81,医草,text_found_at_other_position
748,13,食材,82,84,灸草,text_found_at_other_position
748,14,食材,86,89,野莲头,text_found_at_other_position
748,15,食材,90,94,狼尾蒿子,text_found_at_other_position
748,16,食材,141,143,野艾,text_found_at_other_position
748,17,食材,147,149,火艾,text_found_at_other_position
748,18,食材,150,153,五月艾,text_found_at_other_position
748,19,食味,166,168,苦辛,text_found_at_other_position
748,20,食性,170,171,温,text_found_at_other_position
748,21,功效,209,212,理气血,text_found_at_other_position
748,22,功效,213,218,温经逐寒湿,text_found_at_other_position
748,23,功效,220,224,止血止痢,text_found_at_other_position
748,24,功效,225,227,安胎,text_found_at_other_position
748,25,功效,228,231,治带下,text_found_at_other_position
748,26,功效,233,238,疗皮肤疥癣,text_found_at_other_position
748,27,病症,255,259,慢性胃炎,text_found_at_other_position
748,28,病症,260,264,胃寒作痛,text_found_at_other_position
748,29,病症,266,270,慢性肠炎,text_found_at_other_position
748,30,病症,271,276,腹胀不思食,text_found_at_other_position
748,31,病症,277,280,寒腿痛,text_found_at_other_position
748,32,病症,283,287,钩蚴皮炎,text_found_at_other_position
748,33,病症,302,306,慢性皮炎,text_found_at_other_position
748,34,病症,307,310,寻常疣,text_found_at_other_position
748,35,病症,321,325,急性菡痢,text_found_at_other_position
748,36,病症,326,329,间日疟,text_found_at_other_position
748,37,病症,330,335,慢性气管炎,text_found_at_other_position
748,38,病症,345,350,慢性肝炎,entity_text_not_found_in_current_passage
748,39,病症,351,353,黄疸,text_found_at_other_position
748,40,古籍来源,366,373,《养生必用方》,text_found_at_other_position
748,41,食材,390,393,熟艾,entity_text_not_found_in_current_passage
748,42,食材,398,400,阿胶,text_found_at_other_position
748,43,食材,408,410,干姜,text_found_at_other_position
748,44,烹饪方法,418,419,煮,text_found_at_other_position
748,45,烹饪方法,431,433,烊化,text_found_at_other_position
748,46,古籍来源,457,462,《肘后方》,text_found_at_other_position
748,47,病症,463,470,妊娠率胎动不安,text_found_at_other_position
748,48,病症,473,475,腰痛,text_found_at_other_position
748,49,病症,477,481,胎转抢心,text_found_at_other_position
748,50,病症,484,488,下血不止,text_found_at_other_position
748,51,食疗方,494,517,"艾叶-鸡子大,以酒四升。煮取二升。分为二服",entity_text_not_found_in_current_passage
748,52,烹饪方法,47,48,煎,exact_match
749,1,食材,112,114,胡椒,exact_match
749,2,食性,220,221,热,text_found_at_other_position
749,3,食味,217,218,辛,text_found_at_other_position
749,4,功效,306,310,温中下气,text_found_at_other_position
749,5,功效,311,315,驱寒止痛,text_found_at_other_position
749,6,功效,316,318,解毒,text_found_at_other_position
749,7,功效,420,422,和气,text_found_at_other_position
749,8,禁忌,337,341,不可过服,text_found_at_other_position
749,9,病症,8,12,五脏风冷,exact_match
749,10,病症,14,19,冷气心腹痛,exact_match
749,11,病症,392,397,胃口气虚冷,text_found_at_other_position
749,12,病症,398,402,宿食不消,text_found_at_other_position
749,13,病症,404,409,霍乱气逆,entity_text_not_found_in_current_passage
749,14,病症,410,414,心腹卒痛,text_found_at_other_position
749,15,病症,415,419,冷气上冲,text_found_at_other_position
749,16,古籍来源,349,354,《唐本草》,text_found_at_other_position
749,17,古籍来源,382,388,《海药本草》,text_found_at_other_position
750,1,食材,2,3,盐,exact_match
750,2,食材,80,83,槐白皮,exact_match
750,3,食材,103,105,皂荚,exact_match
750,4,食味,141,142,咸,exact_match
750,5,食味,299,300,苦,text_found_at_other_position
750,6,食味,448,449,辛,text_found_at_other_position
750,7,食性,183,184,寒,exact_match
750,8,食性,302,303,平,text_found_at_other_position
750,9,食性,313,314,湿,text_found_at_other_position
750,10,归经,186,187,胃,exact_match
750,11,归经,188,189,肾,exact_match
750,12,归经,190,194,大小肠经,exact_match
750,13,功效,305,309,消肿止痛,text_found_at_other_position
750,14,功效,480,483,祛风邪,text_found_at_other_position
750,15,功效,484,487,除湿毒,text_found_at_other_position
750,16,功效,489,491,杀虫,text_found_at_other_position
750,17,功效,220,225,止心腹卒痛,exact_match
750,18,功效,226,229,坚肌骨,exact_match
750,19,功效,238,244,主肠胃结热,entity_text_not_found_in_current_passage
750,20,病症,6,11,蠼螋尿疮,entity_text_not_found_in_current_passage
750,21,病症,44,47,一切气,exact_match
750,22,病症,48,50,脚气,exact_match
750,23,病症,203,207,下部鳘疮,exact_match
750,24,病症,209,214,伤寒寒热,entity_text_not_found_in_current_passage
750,25,病症,215,220,吐胸中痰癖,exact_match
750,26,病症,245,247,喘逆,exact_match
750,27,病症,248,251,胸中满,exact_match
750,28,病症,325,331,中风皮肤不仁,text_found_at_other_position
750,29,病症,332,336,口齿风疳,text_found_at_other_position
750,30,病症,337,339,喉痹,text_found_at_other_position
750,31,病症,340,345,肠风下血,entity_text_not_found_in_current_passage
750,32,病症,346,350,阴部搔痒,text_found_at_other_position
750,33,病症,351,355,阴囊坠肿,text_found_at_other_position
750,34,病症,356,358,痔疮,text_found_at_other_position
750,35,病症,359,361,恶疮,text_found_at_other_position
750,36,病症,362,366,汤火烫伤,text_found_at_other_position
750,37,烹饪方法,23,24,煮,exact_match
750,38,古籍来源,195,199,《别录》,exact_match
751,1,食材,46,49,薏苡仁,text_found_at_other_position
751,2,食性,10,11,平,text_found_at_other_position
751,3,食性,96,97,凉,text_found_at_other_position
751,4,食味,91,92,甘,text_found_at_other_position
751,5,功效,12,17,去千湿脚气,text_found_at_other_position
751,6,功效,109,113,健脾利湿,text_found_at_other_position
751,7,功效,119,123,去风胜湿,text_found_at_other_position
751,8,功效,124,127,利筋脉,text_found_at_other_position
751,9,功效,150,158,治疗风湿性关节炎,text_found_at_other_position
751,10,功效,159,163,消水肿,entity_text_not_found_in_current_passage
751,11,功效,164,169,除胸中邪气,text_found_at_other_position
751,12,功效,172,175,通筋络,text_found_at_other_position
751,13,功效,176,179,活血脉,text_found_at_other_position
751,14,功效,180,183,健脾胃,text_found_at_other_position
751,15,食材,135,137,粳米,text_found_at_other_position
751,16,烹饪方法,137,139,煮粥,text_found_at_other_position
751,17,烹饪方法,142,144,酿滔,text_found_at_other_position
751,18,养生原则,188,193,食疗上品,entity_text_not_found_in_current_passage
751,19,古籍来源,37,41,嘉祜本草,text_found_at_other_position
752,1,食材,150,152,狗胆,text_found_at_other_position
752,2,食味,156,157,苦,text_found_at_other_position
752,3,食性,159,160,寒,text_found_at_other_position
752,4,归经,163,167,足少阳胆,text_found_at_other_position
752,5,归经,168,173,足厥阴肝经,text_found_at_other_position
752,6,功效,175,179,止血消肿,text_found_at_other_position
752,7,功效,180,184,清肝明目,text_found_at_other_position
752,8,功效,184,190,去诸疥癣疮疾,text_found_at_other_position
752,9,病症,191,195,痞块疳积,text_found_at_other_position
752,10,病症,196,200,跌扑损伤,text_found_at_other_position
752,11,病症,201,204,刀箭伤,text_found_at_other_position
752,12,病症,219,224,眼痒急赤涩,text_found_at_other_position
752,13,病症,249,255,醇耳脓水不止,text_found_at_other_position
752,14,食材,266,268,白矾,text_found_at_other_position
752,15,食材,285,287,猪脂,text_found_at_other_position
752,16,烹饪方法,271,272,烧,text_found_at_other_position
752,17,烹饪方法,277,278,研,text_found_at_other_position
752,18,烹饪方法,287,289,调和,text_found_at_other_position
752,19,古籍来源,133,139,《嘉祜本草》,text_found_at_other_position
752,20,医家,141,143,孟诜,text_found_at_other_position
752,21,古籍来源,213,218,《圣惠方》,text_found_at_other_position
753,1,食材,0,1,鹅,exact_match
753,2,食性,10,11,冷,exact_match
753,3,禁忌,12,16,不可多食,exact_match
753,4,禁忌,17,22,令人易霍乱,exact_match
753,5,病症,36,38,痼疾,exact_match
753,6,古籍来源,50,56,《嘉祜本草》,exact_match
753,7,医家,58,60,孟诜,exact_match
753,8,食材,71,76,鹅又名舒雁,text_found_at_other_position
753,9,食材,77,79,家雁,text_found_at_other_position
753,10,食材,81,83,苍鹅,text_found_at_other_position
753,11,食材,85,87,白鹅,text_found_at_other_position
753,12,古籍来源,90,97,《日华子本草》,text_found_at_other_position
753,13,食性,181,182,凉,text_found_at_other_position
753,14,归经,117,118,脾,text_found_at_other_position
753,15,归经,119,121,肺经,text_found_at_other_position
753,16,功效,123,127,益气补虚,text_found_at_other_position
753,17,功效,129,133,和胃止渴,text_found_at_other_position
753,18,病症,135,137,虚羸,text_found_at_other_position
753,19,古籍来源,150,156,《本草求真》,text_found_at_other_position
753,20,食味,163,164,甘,text_found_at_other_position
753,21,食味,169,170,辛,text_found_at_other_position
753,22,食性,179,180,平,text_found_at_other_position
753,23,脏腑,190,192,五脏,text_found_at_other_position
753,24,病症,209,213,体实气燥,text_found_at_other_position
754,1,食材,45,47,猪肚,exact_match
754,2,食味,51,52,甘,text_found_at_other_position
754,3,食性,54,55,温,text_found_at_other_position
754,4,食性,67,69,微寒,text_found_at_other_position
754,5,功效,73,78,补中益气,entity_text_not_found_in_current_passage
754,6,功效,79,81,止渴,text_found_at_other_position
754,7,病症,83,87,暴利虚弱,text_found_at_other_position
754,8,病症,100,104,骨蒸热劳,text_found_at_other_position
754,9,病症,106,111,血脉不行,entity_text_not_found_in_current_passage
754,10,功效,112,116,补羸助气,text_found_at_other_position
754,11,病症,131,132,带,text_found_at_other_position
754,12,病症,133,134,浊,text_found_at_other_position
754,13,病症,135,137,遗精,text_found_at_other_position
754,14,功效,148,151,补脾胃,text_found_at_other_position
754,15,脏腑,164,166,脾胃,text_found_at_other_position
754,16,功效,185,188,补虚损,text_found_at_other_position
754,17,病症,194,198,骨蒸劳热,text_found_at_other_position
754,18,功效,209,213,补益脾胃,text_found_at_other_position
754,19,病症,222,224,虚劳,text_found_at_other_position
754,20,脏腑,233,235,五脏,text_found_at_other_position
754,21,古籍来源,26,32,《嘉祜本草》,exact_match
754,22,医家,34,36,孟诜,exact_match
754,23,古籍来源,90,96,《本草图经》,text_found_at_other_position
754,24,古籍来源,118,126,《随息居饮食谱》,text_found_at_other_position
754,25,古籍来源,155,161,《本草经疏》,text_found_at_other_position
754,26,古籍来源,179,184,《日华子》,text_found_at_other_position
754,27,医家,191,193,苏颂,text_found_at_other_position
756,1,食材,4,7,白鸭肉,exact_match
756,2,功效,15,17,补虚,text_found_at_other_position
756,3,功效,19,22,消毒热,text_found_at_other_position
756,4,功效,323,326,利水道,text_found_at_other_position
756,5,病症,31,36,小儿热惊痈,text_found_at_other_position
756,6,病症,38,42,头生疮肿,text_found_at_other_position
756,7,食材,45,46,葱,text_found_at_other_position
756,8,食材,48,49,豉,text_found_at_other_position
756,9,烹饪方法,49,51,作汁,text_found_at_other_position
756,10,烹饪方法,53,55,饮汁,text_found_at_other_position
756,11,病症,57,60,卒烦热,text_found_at_other_position
756,12,食材,62,65,黑鸭肉,text_found_at_other_position
756,13,功效,71,73,滑中,text_found_at_other_position
756,14,病症,75,77,冷痢,text_found_at_other_position
756,15,病症,80,82,脚气,text_found_at_other_position
756,16,禁忌,83,88,不可食之,entity_text_not_found_in_current_passage
756,17,古籍来源,100,106,《嘉祜本草》,text_found_at_other_position
756,18,医家,108,110,孟诜,text_found_at_other_position
756,19,食味,164,165,甘,text_found_at_other_position
756,20,食味,166,167,咸,text_found_at_other_position
756,21,食性,170,171,平,text_found_at_other_position
756,22,病症,175,179,痨热骨蒸,text_found_at_other_position
756,23,病症,180,182,咳嗽,text_found_at_other_position
756,24,病症,183,185,水肿,text_found_at_other_position
756,25,功效,199,203,温中补虚,text_found_at_other_position
756,26,功效,204,208,扶阳利水,text_found_at_other_position
756,27,病症,214,221,男子阳气不振,entity_text_not_found_in_current_passage
756,28,病症,228,232,患水肿人,text_found_at_other_position
756,29,功效,253,261,泻肾中之积水妄热,text_found_at_other_position
756,30,功效,262,271,行脉中之邪湿痪沫,entity_text_not_found_in_current_passage
756,31,病症,274,283,劳热骨蒸之真阴有亏,text_found_at_other_position
756,32,病症,286,291,邪遢之生热,text_found_at_other_position
756,33,功效,299,303,滋阴行水,text_found_at_other_position
756,34,功效,305,308,去劳热,text_found_at_other_position
756,35,病症,318,320,热痢,text_found_at_other_position
756,36,古籍来源,190,196,《本经逢原》,text_found_at_other_position
756,37,古籍来源,242,248,《医林纂要》,text_found_at_other_position
756,38,古籍来源,327,333,《本草纲目》,text_found_at_other_position
757,1,食材,56,58,紫苏,text_found_at_other_position
757,2,食味,240,241,辛,text_found_at_other_position
757,3,食性,243,244,温,text_found_at_other_position
757,4,归经,246,247,肺,text_found_at_other_position
757,5,归经,248,250,脾经,text_found_at_other_position
757,6,功效,262,266,补中益气,text_found_at_other_position
757,7,功效,267,272,治心腹胀满,text_found_at_other_position
757,8,功效,273,278,止霍乱转筋,text_found_at_other_position
757,9,功效,279,283,开胃下食,text_found_at_other_position
757,10,病症,9,11,寒热,exact_match
757,11,病症,13,15,冷气,exact_match
757,12,病症,293,298,慢性气管炎,text_found_at_other_position
757,13,功效,301,303,止咳,text_found_at_other_position
757,14,功效,304,306,平喘,text_found_at_other_position
757,15,功效,307,309,祛痰,text_found_at_other_position
757,16,古籍来源,251,258,《日华子本草》,text_found_at_other_position
757,17,古籍来源,27,33,《嘉祜本草》,exact_match
759,1,食材,531,533,乳酪,text_found_at_other_position
759,2,食材,67,69,油饼,exact_match
759,3,食材,198,199,葵,exact_match
759,4,食材,29,30,酒,exact_match
767,1,食材,125,127,环饼,exact_match
767,2,食材,128,130,油饼,exact_match
767,3,食材,131,133,枣塔,exact_match
767,4,食材,180,181,猪,exact_match
767,5,食材,182,183,羊,exact_match
767,6,食材,184,185,鸡,exact_match
767,7,食材,186,187,鹅,exact_match
767,8,食材,194,195,葱,exact_match
767,9,食材,195,196,韭,exact_match
767,10,食材,198,199,蒜,exact_match
767,11,食材,200,201,醋,exact_match
767,12,食材,209,212,浆水饭,exact_match
771,1,食材,75,77,果食,text_found_at_other_position
771,2,食材,77,81,种生花果,text_found_at_other_position
771,3,食材,180,182,练叶,text_found_at_other_position
771,4,食材,193,198,麻谷窠儿,entity_text_not_found_in_current_passage
771,5,食材,219,222,鸡冠花,text_found_at_other_position
771,6,食材,247,250,襟米饭,text_found_at_other_position
771,7,食材,265,268,转明菜,text_found_at_other_position
771,8,食材,269,273,花花油饼,text_found_at_other_position
771,9,食材,274,276,竣赚,text_found_at_other_position
771,10,食材,277,280,沙搛,entity_text_not_found_in_current_passage
771,11,食材,353,355,楸叶,text_found_at_other_position
771,12,食材,391,393,灵枣,text_found_at_other_position
771,13,食材,394,396,牙枣,text_found_at_other_position
771,14,食材,397,400,青州枣,text_found_at_other_position
771,15,食材,402,405,亳州枣,text_found_at_other_position
771,16,食材,406,408,鸡头,text_found_at_other_position
771,17,食材,457,459,荷叶,text_found_at_other_position
771,18,古籍来源,88,95,《尊胜目连经》,text_found_at_other_position
773,1,食材,8,9,茶,text_found_at_other_position
773,2,食材,11,14,宝云茶,text_found_at_other_position
773,3,食材,15,18,香林茶,text_found_at_other_position
773,4,食材,19,22,白云茶,text_found_at_other_position
773,5,食材,98,99,盐,text_found_at_other_position
773,6,食材,158,159,蜜,text_found_at_other_position
773,7,食材,160,161,蜡,text_found_at_other_position
773,8,食材,162,163,纸,text_found_at_other_position
773,9,食材,170,172,藤纸,text_found_at_other_position
773,10,食材,177,180,小井纸,text_found_at_other_position
773,11,食材,186,189,赤亭纸,text_found_at_other_position
773,12,食材,229,232,大白头,text_found_at_other_position
773,13,食材,233,236,小白头,text_found_at_other_position
773,14,食材,237,239,夏菘,text_found_at_other_position
773,15,食材,240,242,黄芽,text_found_at_other_position
773,16,食材,272,274,芥菜,text_found_at_other_position
773,17,食材,275,277,生莱,text_found_at_other_position
773,18,食材,278,281,菠裱莱,text_found_at_other_position
773,19,食材,283,285,莴苣,text_found_at_other_position
773,20,食材,286,288,苦荬,text_found_at_other_position
773,21,食材,289,290,葱,text_found_at_other_position
773,22,食材,291,292,薤,text_found_at_other_position
773,23,食材,293,294,韭,text_found_at_other_position
773,24,食材,295,297,大蒜,text_found_at_other_position
773,25,食材,298,300,小蒜,text_found_at_other_position
773,26,食材,301,303,紫痂,text_found_at_other_position
773,27,食材,304,306,水茆,text_found_at_other_position
773,28,食材,307,309,梢瓜,text_found_at_other_position
773,29,食材,311,313,赘瓜,text_found_at_other_position
773,30,食材,314,316,葫芦,text_found_at_other_position
773,31,食材,318,320,冬瓜,text_found_at_other_position
773,32,食材,321,323,瓠子,text_found_at_other_position
773,33,食材,324,325,芋,text_found_at_other_position
773,34,食材,326,328,山药,text_found_at_other_position
773,35,食材,329,331,牛蒡,text_found_at_other_position
773,36,食材,332,334,茭白,text_found_at_other_position
773,37,食材,335,337,蕨莱,text_found_at_other_position
773,38,食材,338,340,萝卜,text_found_at_other_position
773,39,食材,341,344,甘髂子,text_found_at_other_position
773,40,食材,345,347,水芹,text_found_at_other_position
773,41,食材,348,350,芦笋,text_found_at_other_position
773,42,食材,351,354,鸡头莱,text_found_at_other_position
773,43,食材,355,358,藕条菜,text_found_at_other_position
773,44,食材,359,360,葚,text_found_at_other_position
773,45,食材,361,363,葚芽,text_found_at_other_position
773,46,食材,364,367,新簋,entity_text_not_found_in_current_passage
773,47,食材,371,372,菌,text_found_at_other_position
773,48,食材,381,384,黄耳蕈,text_found_at_other_position
773,49,食材,420,422,玉蕈,text_found_at_other_position
773,50,食材,429,432,茅蕈,entity_text_not_found_in_current_passage
773,51,食材,440,442,竹菇,text_found_at_other_position
773,52,食材,461,462,桔,text_found_at_other_position
773,53,食材,470,471,橙,text_found_at_other_position
773,54,食材,477,478,梅,text_found_at_other_position
773,55,食材,497,499,蒲芦,text_found_at_other_position
773,56,烹饪方法,149,150,煮,text_found_at_other_position
773,57,古籍来源,387,390,东坡诗,text_found_at_other_position
776,1,食材,48,50,环饼,exact_match
776,2,食材,51,53,油饼,exact_match
776,3,食材,54,57,枣塔,entity_text_not_found_in_current_passage
776,4,食材,71,76,猪羊鸡鹅兔,exact_match
776,5,食材,76,80,迮骨熟肉,exact_match
776,6,食材,93,95,生葱,exact_match
776,7,食材,95,97,韭崧,exact_match
776,8,食材,97,98,醋,exact_match
776,9,食材,107,109,浆水,exact_match
779,1,食材,74,76,菊花,exact_match
779,2,食材,77,79,茱萸,exact_match
779,3,食材,82,83,酒,exact_match
779,4,食材,297,300,猪羊肉,exact_match
779,5,食材,300,302,鸭子,exact_match
779,6,食材,289,291,糖面,exact_match
779,7,食材,358,362,熟栗子肉,exact_match
779,8,食材,368,370,麝香,exact_match
779,9,食材,370,372,糖蜜,exact_match
779,10,食材,393,395,韵果,exact_match
779,11,食材,395,397,糖霜,exact_match
779,12,食材,341,343,米粉,exact_match
779,13,食疗方,317,321,虿阳糕,entity_text_not_found_in_current_passage
779,14,食疗方,402,407,狮蛮粟糕,entity_text_not_found_in_current_passage
779,15,烹饪方法,291,292,蒸,exact_match
779,16,烹饪方法,362,363,杵,exact_match
779,17,烹饪方法,376,377,捏,exact_match
779,18,病症,120,124,阳九之厄,exact_match
779,19,古籍来源,434,437,开宝,entity_text_not_found_in_current_passage
779,20,古籍来源,438,440,仁壬,exact_match
783,1,食材,0,2,菊花,exact_match
783,2,食材,36,39,薄荷叶,exact_match
783,3,食味,41,42,辛,text_found_at_other_position
783,4,食味,21,22,甘,exact_match
783,5,食味,43,44,苦,text_found_at_other_position
783,6,食性,44,45,温,text_found_at_other_position
783,7,功效,46,49,散风热,text_found_at_other_position
783,8,功效,72,74,下气,text_found_at_other_position
783,9,功效,75,79,消食化痰,text_found_at_other_position
783,10,功效,80,83,开音声,text_found_at_other_position
783,11,功效,84,87,舒郁懑,text_found_at_other_position
783,12,功效,89,94,辟秽恶邪气,text_found_at_other_position
783,13,病症,96,98,霍乱,text_found_at_other_position
783,14,病症,98,99,疬,text_found_at_other_position
783,15,烹饪方法,102,103,酿,text_found_at_other_position
783,16,烹饪方法,105,106,蒸,text_found_at_other_position
783,17,烹饪方法,108,109,熬,text_found_at_other_position
783,18,病症,125,127,鼻衄,text_found_at_other_position
783,19,烹饪方法,131,132,塞,text_found_at_other_position
783,20,病症,133,134,血,text_found_at_other_position
783,21,烹饪方法,139,141,煎服,text_found_at_other_position
783,22,病症,372,374,蛇伤,text_found_at_other_position
783,23,病症,146,148,猫伤,text_found_at_other_position
783,24,烹饪方法,152,155,绞汁涂,text_found_at_other_position
783,25,医家,157,160,汪谢城,text_found_at_other_position
783,26,禁忌,164,178,"薄荷多服。耗散真气,致生百病",text_found_at_other_position
783,27,食材,216,219,紫苏叶,text_found_at_other_position
783,28,食味,220,221,辛,text_found_at_other_position
783,29,食味,42,43,甘,text_found_at_other_position
783,30,食性,222,223,温,text_found_at_other_position
783,31,功效,224,226,下气,text_found_at_other_position
783,32,功效,227,229,安胎,text_found_at_other_position
783,33,功效,230,234,活血定痛,text_found_at_other_position
783,34,功效,235,239,和中开胃,text_found_at_other_position
783,35,功效,240,242,止嗽,text_found_at_other_position
783,36,功效,243,245,消焱,text_found_at_other_position
783,37,功效,246,248,化食,text_found_at_other_position
783,38,功效,249,252,散风寒,text_found_at_other_position
783,39,病症,254,256,藿乱,text_found_at_other_position
783,40,病症,256,258,脚气,text_found_at_other_position
783,41,功效,259,271,"制一切鱼,肉。 虾。蟹毒",text_found_at_other_position
783,42,禁忌,273,285,气弱多汗;脾虚易泻者忌食,text_found_at_other_position
783,43,病症,287,290,干霍乱,text_found_at_other_position
783,44,烹饪方法,293,295,煎服,text_found_at_other_position
783,45,病症,303,306,中鳘毒,text_found_at_other_position
783,46,病症,307,311,乳痈肿痛,text_found_at_other_position
783,47,烹饪方法,316,318,频饮,text_found_at_other_position
783,48,烹饪方法,337,340,杵烂敷,text_found_at_other_position
783,49,病症,326,328,金疮,text_found_at_other_position
783,50,病症,329,333,跌打出血,text_found_at_other_position
783,51,病症,345,348,猁犬咬,text_found_at_other_position
783,52,食材,350,352,茴香,text_found_at_other_position
783,53,食味,354,355,辛,text_found_at_other_position
783,54,食味,221,222,甘,text_found_at_other_position
783,55,食性,356,357,温,text_found_at_other_position
783,56,功效,358,362,调中开胃,text_found_at_other_position
783,57,功效,363,367,止痛散赛,text_found_at_other_position
783,58,病症,369,371,霍乱,text_found_at_other_position
783,59,病症,375,377,癞疝,text_found_at_other_position
783,60,病症,378,380,脚气,text_found_at_other_position
783,61,功效,381,383,杀虫,text_found_at_other_position
783,62,功效,384,386,辟秽,text_found_at_other_position
783,63,功效,392,397,制鱼肉腥臊,text_found_at_other_position
783,64,功效,398,402,拎滞诸毒,text_found_at_other_position
783,65,病症,403,408,小便频数,entity_text_not_found_in_current_passage
783,66,病症,409,415,雨色请不渴者,text_found_at_other_position
783,67,烹饪方法,418,419,淘,text_found_at_other_position
783,68,烹饪方法,422,423,炒,text_found_at_other_position
783,69,烹饪方法,423,425,研末,text_found_at_other_position
783,70,烹饪方法,426,427,炙,text_found_at_other_position
783,71,食材,427,430,糯米糕,text_found_at_other_position
783,72,食材,434,436,莳萝,text_found_at_other_position
783,73,食味,442,443,辛,text_found_at_other_position
783,74,食味,355,356,甘,text_found_at_other_position
783,75,食性,444,445,温,text_found_at_other_position
783,76,功效,446,450,开厝腱脾,text_found_at_other_position
783,77,功效,451,455,散褰止痛,text_found_at_other_position
783,78,功效,456,458,杀虫,text_found_at_other_position
783,79,功效,460,462,消食,text_found_at_other_position
783,80,功效,463,467,调气止呕,text_found_at_other_position
783,81,功效,468,470,定腰,text_found_at_other_position
783,82,病症,471,474,齿之疼,text_found_at_other_position
783,83,功效,475,482,解鱼。 肉之毒,text_found_at_other_position
785,1,食材,11,12,葱,exact_match
785,2,食味,14,15,辛,text_found_at_other_position
785,3,食味,15,16,甘,text_found_at_other_position
785,4,食性,16,17,平,text_found_at_other_position
785,5,功效,18,22,利肺通阳,text_found_at_other_position
785,6,功效,23,26,散痈肿,text_found_at_other_position
785,7,功效,27,31,祛风达表,text_found_at_other_position
785,8,功效,33,37,安胎止痈,text_found_at_other_position
785,9,功效,38,42,通乳和营,text_found_at_other_position
785,10,病症,45,49,霍乱转筋,text_found_at_other_position
785,11,病症,50,54,夼豚脚气,text_found_at_other_position
785,12,功效,59,62,杀诸虫,text_found_at_other_position
785,13,功效,63,68,理跌扑金疮,text_found_at_other_position
785,14,功效,69,75,"制鱼,肉诸毒",text_found_at_other_position
785,15,禁忌,93,102,气虚易汗者不可单食,text_found_at_other_position
785,16,禁忌,104,108,忌同蜜食,text_found_at_other_position
785,17,病症,109,113,胎动下血,text_found_at_other_position
785,18,烹饪方法,116,117,煎,text_found_at_other_position
785,19,病症,136,140,中恶卒死,text_found_at_other_position
785,20,烹饪方法,148,149,刺,text_found_at_other_position
785,21,病症,181,185,自缢垂死,text_found_at_other_position
785,22,病症,186,192,小儿无故卒死,text_found_at_other_position
785,23,病症,215,223,小儿盘肠内钓腹痛,text_found_at_other_position
785,24,烹饪方法,228,229,洗,text_found_at_other_position
785,25,烹饪方法,233,234,捣,text_found_at_other_position
785,26,病症,246,250,小便闭胀,text_found_at_other_position
785,27,烹饪方法,258,259,炒,text_found_at_other_position
785,28,烹饪方法,268,269,熨,text_found_at_other_position
785,29,病症,272,276,阴襄胂痛,text_found_at_other_position
785,30,烹饪方法,278,279,煨,text_found_at_other_position
785,31,食材,281,282,盐,text_found_at_other_position
785,32,烹饪方法,282,284,杵烂,text_found_at_other_position
785,33,病症,287,290,赤白瘌,text_found_at_other_position
785,34,烹饪方法,301,303,煮粥,text_found_at_other_position
785,35,病症,309,313,一切肿毒,text_found_at_other_position
785,36,烹饪方法,318,320,杵烂,text_found_at_other_position
785,37,病症,329,333,跌打杖伤,text_found_at_other_position
785,38,病症,335,339,金疮挫肭,text_found_at_other_position
785,39,病症,340,344,流注走痛,text_found_at_other_position
785,40,病症,345,350,筋骨痹疼,entity_text_not_found_in_current_passage
785,41,病症,351,355,脑破血流,text_found_at_other_position
785,42,病症,356,360,痈毒初起,text_found_at_other_position
785,43,病症,372,376,乳痈初起,text_found_at_other_position
785,44,功效,387,391,解金银毒,text_found_at_other_position
785,45,食材,393,394,韭,text_found_at_other_position
785,46,食味,83,84,辛,text_found_at_other_position
785,47,食味,85,86,甘,text_found_at_other_position
785,48,功效,399,403,暖胃补肾,text_found_at_other_position
785,49,功效,405,409,下气调菅,text_found_at_other_position
785,50,功效,410,417,芏胸腹腰膝诸疼,text_found_at_other_position
785,51,功效,418,422,治噎膈,entity_text_not_found_in_current_passage
785,52,功效,423,428,经.产诸证,text_found_at_other_position
785,53,功效,429,434,理打扑伤损,text_found_at_other_position
785,54,功效,436,443,"疗蛇,狗,虫伤",text_found_at_other_position
785,55,食材,446,448,韭花,text_found_at_other_position
785,56,禁忌,470,474,多食昏神,text_found_at_other_position
785,57,禁忌,475,477,耳证,text_found_at_other_position
785,58,禁忌,478,480,疟疾,text_found_at_other_position
785,59,禁忌,481,483,疮家,text_found_at_other_position
785,60,禁忌,484,489,痧痘后均忌,text_found_at_other_position
785,61,病症,490,494,产后血运,text_found_at_other_position
785,62,食材,503,505,热醋,text_found_at_other_position
785,63,病症,512,519,产后怒哭份肝,entity_text_not_found_in_current_passage
785,64,病症,522,526,呕青绿水,text_found_at_other_position
785,65,食材,527,529,韭汁,text_found_at_other_position
785,66,病症,537,541,卒然中恶,text_found_at_other_position
785,67,病症,552,553,漏,text_found_at_other_position
785,68,病症,560,564,诸食物毒,text_found_at_other_position
785,69,食材,571,572,薤,text_found_at_other_position
785,70,食味,396,397,辛,text_found_at_other_position
785,71,功效,577,581,散结定痛,text_found_at_other_position
785,72,功效,582,586,宽胸止带,text_found_at_other_position
785,73,功效,587,591,安胎活血,text_found_at_other_position
785,74,功效,594,596,治痢,text_found_at_other_position
785,75,禁忌,597,601,多食发热,text_found_at_other_position
785,76,禁忌,602,606,忌与韭同,text_found_at_other_position
786,1,古籍来源,9,12,饮食谱,exact_match
786,2,医家,91,93,士雄,text_found_at_other_position
786,3,医家,135,137,孟英,text_found_at_other_position
786,4,医家,122,125,金膻思,text_found_at_other_position
786,5,医家,152,157,俞公桂庭,entity_text_not_found_in_current_passage
786,6,医家,241,246,周君光远,entity_text_not_found_in_current_passage
786,7,医家,255,257,季述,text_found_at_other_position
786,8,医家,289,291,毕痴,text_found_at_other_position
786,9,医家,438,440,孟隐,text_found_at_other_position
787,1,食材,6,7,薤,exact_match
787,2,食材,36,38,薤白,exact_match
787,3,食材,27,28,米,exact_match
787,4,食材,39,40,蜜,exact_match
787,5,食材,44,45,蒜,exact_match
787,6,食材,91,92,葫,exact_match
787,7,食材,385,387,芸苔,exact_match
787,8,食材,188,189,子,exact_match
787,9,食材,243,244,苗,exact_match
787,10,食材,249,250,叶,exact_match
787,11,食材,418,420,油菜,text_found_at_other_position
787,12,食材,513,515,芫荽,text_found_at_other_position
787,13,食材,517,519,胡荽,text_found_at_other_position
787,14,食性,66,68,辛温,exact_match
787,15,食性,105,108,生辛热,exact_match
787,16,食性,109,112,熟甘温,exact_match
787,17,食性,389,393,辛滑甘温,text_found_at_other_position
787,18,食性,521,523,辛温,text_found_at_other_position
787,19,食味,236,237,咸,exact_match
787,20,功效,70,72,下气,exact_match
787,21,功效,73,75,止痛,exact_match
787,22,功效,77,79,杀虫,exact_match
787,23,功效,117,120,辟阴邪,exact_match
787,24,功效,123,125,暖中,exact_match
787,25,功效,132,135,破恶血,exact_match
787,26,功效,140,145,治暴泻腹痛,exact_match
787,27,功效,153,157,辟秽解毒,exact_match
787,28,功效,158,160,消痞,exact_match
787,29,功效,163,167,外灸痈疽,exact_match
787,30,功效,399,403,散血消肿,text_found_at_other_position
787,31,功效,404,408,破结通肠,text_found_at_other_position
787,32,功效,524,526,散寒,text_found_at_other_position
787,33,功效,527,531,辟邪解秽,text_found_at_other_position
787,34,功效,543,546,杀鱼腥,text_found_at_other_position
787,35,功效,547,550,发痘疹,text_found_at_other_position
787,36,病症,2,4,气痛,exact_match
787,37,病症,10,13,赤门痢,exact_match
787,38,病症,18,22,小儿疳痢,exact_match
787,39,病症,32,35,汤火伤,exact_match
787,40,病症,262,264,霍乱,exact_match
787,41,病症,264,266,转筋,exact_match
787,42,病症,267,270,噤口痢,exact_match
787,43,病症,271,273,鼻渊,exact_match
787,44,病症,274,278,鼻衄不止,exact_match
787,45,病症,289,291,水肿,exact_match
787,46,病症,312,317,喉痹肿痛,entity_text_not_found_in_current_passage
787,47,病症,318,322,诸物鲠喉,exact_match
787,48,病症,331,333,阴疽,exact_match
787,49,病症,333,335,阴毒,exact_match
787,50,病症,353,356,蜈蚣咬,exact_match
787,51,病症,488,492,游风丹毒,text_found_at_other_position
787,52,病症,493,497,妇人乳吹,text_found_at_other_position
787,53,病症,456,458,腰脚,text_found_at_other_position
787,54,病症,458,460,口齿,text_found_at_other_position
787,55,病症,210,212,痧痘,exact_match
787,56,病症,470,472,疮家,text_found_at_other_position
787,57,病症,473,475,魍疾,text_found_at_other_position
787,58,病症,477,479,目证,text_found_at_other_position
787,59,病症,480,482,时感,text_found_at_other_position
787,60,病症,591,595,瘟证不达,text_found_at_other_position
787,61,病症,657,661,痘症不快,text_found_at_other_position
787,62,脏腑,362,363,心,exact_match
787,63,食疗方,372,379,陈年醋浸大蒜,entity_text_not_found_in_current_passage
787,64,烹饪方法,28,29,煮,exact_match
787,65,烹饪方法,507,508,煎,text_found_at_other_position
787,66,烹饪方法,5,6,捣,exact_match
787,67,烹饪方法,40,41,杵,exact_match
787,68,烹饪方法,41,42,涂,exact_match
787,69,烹饪方法,283,284,贴,exact_match
787,70,烹饪方法,346,347,灸,exact_match
787,71,烹饪方法,359,360,封,exact_match
787,72,烹饪方法,252,253,茹,exact_match
787,73,烹饪方法,308,309,拥,exact_match
787,74,烹饪方法,508,509,洗,text_found_at_other_position
787,75,烹饪方法,631,633,含喷,text_found_at_other_position
787,76,禁忌,85,89,病后忌之,exact_match
787,77,禁忌,198,202,不宜多食,exact_match
787,78,禁忌,203,207,阴虚内热,exact_match
787,79,禁忌,208,210,胎产,exact_match
787,80,禁忌,467,469,痧痘,text_found_at_other_position
787,81,禁忌,216,218,疮疟,exact_match
787,82,禁忌,220,222,血证,exact_match
787,83,禁忌,223,225,目疾,exact_match
787,84,禁忌,230,231,喉,exact_match
787,85,禁忌,232,233,舌,exact_match
787,86,禁忌,558,562,凡病忌之,text_found_at_other_position
787,87,禁忌,552,556,多食损目,text_found_at_other_position
787,88,禁忌,449,453,发风动气,text_found_at_other_position
787,89,禁忌,14,16,产后,exact_match
787,90,养生原则,585,588,损性灵,text_found_at_other_position
787,91,古籍来源,649,652,直指方,text_found_at_other_position
789,1,食材,44,46,冬瓜,exact_match
789,2,病症,39,40,渴,exact_match
789,3,病症,41,42,痢,exact_match
789,4,烹饪方法,43,44,煮,exact_match
789,5,病症,56,58,水肿,exact_match
789,6,功效,59,62,消暑湿,exact_match
789,7,禁忌,65,69,孕妇常食,exact_match
789,8,功效,70,74,泽胎化毒,exact_match
789,9,功效,75,79,令儿无病,exact_match
789,10,食材,81,83,芦菔,exact_match
789,11,病症,86,88,发背,exact_match
789,12,病症,97,98,疮,exact_match
789,13,食材,14,15,瓜,exact_match
789,14,食材,127,130,练瓜瓤,exact_match
789,15,食性,133,135,甘平,exact_match
789,16,烹饪方法,136,138,绞汁,exact_match
789,17,病症,142,144,消渴,exact_match
789,18,病症,146,147,淋,exact_match
789,19,功效,148,151,解热毒,exact_match
789,20,食材,169,171,瓜干,exact_match
789,21,食性,178,180,甘平,exact_match
789,22,功效,181,183,润肺,exact_match
789,23,功效,184,187,化痰浊,exact_match
789,24,病症,189,191,肠痈,exact_match
789,25,食材,19,20,皮,exact_match
789,26,食性,196,198,甘平,text_found_at_other_position
789,27,功效,199,202,祛风热,text_found_at_other_position
789,28,病症,204,208,皮肤浮肿,text_found_at_other_position
789,29,病症,209,213,跌扑诸伤,text_found_at_other_position
789,30,食材,215,216,叶,text_found_at_other_position
789,31,病症,222,223,痄,text_found_at_other_position
789,32,病症,226,228,泄漪,text_found_at_other_position
789,33,功效,229,231,止渴,text_found_at_other_position
789,34,病症,233,235,蜂螫,text_found_at_other_position
789,35,病症,236,238,恶疮,text_found_at_other_position
789,36,食材,240,241,藤,text_found_at_other_position
789,37,烹饪方法,254,257,取少服,text_found_at_other_position
789,38,病症,259,265,肺热焱火内痈,text_found_at_other_position
789,39,食材,269,271,丝瓜,text_found_at_other_position
789,40,食性,277,279,甘凉,text_found_at_other_position
789,41,功效,280,284,清热解毒,text_found_at_other_position
789,42,功效,285,287,安笳,text_found_at_other_position
789,43,功效,288,290,行乳,text_found_at_other_position
789,44,功效,291,293,调营,text_found_at_other_position
789,45,功效,294,296,补阳,text_found_at_other_position
789,46,功效,298,300,通络,text_found_at_other_position
789,47,功效,301,303,杀虫,text_found_at_other_position
789,48,功效,304,306,理籼,text_found_at_other_position
789,49,功效,307,309,消肿,text_found_at_other_position
789,50,功效,310,312,化痰,text_found_at_other_position
789,51,功效,334,338,化阉除黄,text_found_at_other_position
789,52,功效,339,343,息风止血,text_found_at_other_position
789,53,病症,345,349,痘疮不快,text_found_at_other_position
789,54,食材,367,370,老丝瓜,text_found_at_other_position
789,55,烹饪方法,378,381,烧存性,text_found_at_other_position
789,56,烹饪方法,381,382,研,text_found_at_other_position
789,57,食材,383,385,沙糖,text_found_at_other_position
789,58,烹饪方法,385,387,汤调,text_found_at_other_position
789,59,病症,389,391,喉痹,text_found_at_other_position
789,60,食材,392,394,丝瓜,text_found_at_other_position
789,61,烹饪方法,394,396,捣汁,text_found_at_other_position
789,62,病症,399,404,痈疽不敛,entity_text_not_found_in_current_passage
789,63,食材,405,407,丝瓜,text_found_at_other_position
789,64,烹饪方法,407,409,捣汁,text_found_at_other_position
789,65,病症,412,414,酒瘌,text_found_at_other_position
789,66,病症,416,420,便血腹痛,text_found_at_other_position
789,67,病症,422,426,肛门患瘃,text_found_at_other_position
789,68,食材,427,430,干丝低,text_found_at_other_position
789,69,烹饪方法,431,434,煅存怄,text_found_at_other_position
789,70,烹饪方法,435,436,研,text_found_at_other_position
789,71,烹饪方法,437,439,酒服,text_found_at_other_position
789,72,病症,449,453,经阻气痛,text_found_at_other_position
789,73,病症,454,456,腰痛,text_found_at_other_position
789,74,病症,457,459,疝痛,text_found_at_other_position
789,75,病症,461,463,滔积,text_found_at_other_position
789,76,病症,464,466,黄痕,text_found_at_other_position
789,77,功效,469,473,化焱止嗽,text_found_at_other_position
789,78,食材,474,476,丝瓜,text_found_at_other_position
789,79,烹饪方法,510,513,煅存性,text_found_at_other_position
789,80,烹饪方法,479,481,研末,text_found_at_other_position
789,81,食材,482,484,枣肉,text_found_at_other_position
789,82,病症,495,499,风热牙痛,text_found_at_other_position
789,83,食材,500,502,丝瓜,text_found_at_other_position
789,84,食材,506,507,盐,text_found_at_other_position
789,85,烹饪方法,514,515,砑,text_found_at_other_position
789,86,病症,522,524,腮腴,text_found_at_other_position
789,87,烹饪方法,525,528,水调敷,text_found_at_other_position
789,88,病症,529,533,小儿浮肿,text_found_at_other_position
789,89,食材,534,536,丝瓜,text_found_at_other_position
789,90,食材,536,538,灯芯,text_found_at_other_position
789,91,食材,538,540,葱白,text_found_at_other_position
789,92,烹饪方法,543,546,煎浓汁,text_found_at_other_position
789,93,食材,552,553,叶,text_found_at_other_position
789,94,烹饪方法,560,563,绞汁服,text_found_at_other_position
789,95,病症,565,569,痧秽腹痛,text_found_at_other_position
789,96,功效,572,576,消暑解毒,text_found_at_other_position
789,97,病症,583,585,疔肌,text_found_at_other_position
789,98,病症,588,590,虫癣,text_found_at_other_position
789,99,食材,596,598,丝瓜,text_found_at_other_position
789,100,禁忌,611,614,鱼发物,text_found_at_other_position
789,101,病症,615,619,睾丸偏坠,text_found_at_other_position
789,102,食材,620,623,丝瓜叶,text_found_at_other_position
789,103,烹饪方法,623,625,煅性,text_found_at_other_position
789,104,食材,628,631,鸡子壳,text_found_at_other_position
789,105,烹饪方法,631,633,烧灰,text_found_at_other_position
789,106,烹饪方法,637,638,研,text_found_at_other_position
789,107,烹饪方法,640,643,温滔下,text_found_at_other_position
789,108,病症,644,647,汤火伤,text_found_at_other_position
789,109,烹饪方法,648,649,捣,text_found_at_other_position
789,110,食材,649,652,丝瓜叶,text_found_at_other_position
789,111,食材,655,657,苦瓜,text_found_at_other_position
789,112,食性,667,669,苦寒,text_found_at_other_position
789,113,功效,670,672,涤热,text_found_at_other_position
789,114,功效,673,675,明耳,text_found_at_other_position
789,115,功效,676,678,潸心,text_found_at_other_position
789,116,烹饪方法,680,681,酱,text_found_at_other_position
789,117,烹饪方法,682,683,腌,text_found_at_other_position
789,118,烹饪方法,687,689,烧肉,text_found_at_other_position
789,119,烹饪方法,691,692,瀹,text_found_at_other_position
789,120,禁忌,705,710,中蹇者刎食,text_found_at_other_position
789,121,食性,29,30,甘,exact_match
789,122,功效,722,726,养血滋肝,text_found_at_other_position
789,123,功效,727,731,涸脾补肾,text_found_at_other_position
790,1,食材,12,14,鲫鱼,text_found_at_other_position
790,2,食材,49,51,鲂鱼,text_found_at_other_position
790,3,食材,54,56,鳊鱼,text_found_at_other_position
790,4,食性,59,60,平,text_found_at_other_position
790,5,食味,58,59,甘,text_found_at_other_position
790,6,功效,61,63,补胥,text_found_at_other_position
790,7,功效,64,66,养脾,text_found_at_other_position
790,8,功效,67,69,去风,text_found_at_other_position
790,9,功效,71,73,运食,text_found_at_other_position
790,10,食材,95,97,鳜鱼,text_found_at_other_position
790,11,食材,100,102,鲦笆,text_found_at_other_position
790,12,食性,105,106,平,text_found_at_other_position
790,13,食味,104,105,甘,text_found_at_other_position
790,14,功效,107,110,益脾胃,text_found_at_other_position
790,15,功效,111,113,养血,text_found_at_other_position
790,16,功效,115,118,补虚劳,text_found_at_other_position
790,17,功效,119,122,杀劳虫,text_found_at_other_position
790,18,功效,123,127,消恶血,entity_text_not_found_in_current_passage
790,19,功效,128,131,运饮食,text_found_at_other_position
790,20,功效,132,135,肥键人,text_found_at_other_position
790,21,食材,152,154,鳓鱼,text_found_at_other_position
790,22,食材,157,160,渡父鱼,text_found_at_other_position
790,23,食材,165,166,鳅,text_found_at_other_position
790,24,食材,169,172,菜花鱼,text_found_at_other_position
790,25,食性,175,176,温,text_found_at_other_position
790,26,食味,174,175,甘,text_found_at_other_position
790,27,功效,177,179,暖冒,text_found_at_other_position
790,28,功效,180,182,运食,text_found_at_other_position
790,29,功效,531,533,补虚,text_found_at_other_position
790,30,食材,198,200,鲦鱼,text_found_at_other_position
790,31,食材,202,204,白条,text_found_at_other_position
790,32,食材,209,210,条,text_found_at_other_position
790,33,食性,213,214,温,text_found_at_other_position
790,34,食味,212,213,甘,text_found_at_other_position
790,35,功效,215,217,暧胃,text_found_at_other_position
790,36,禁忌,219,223,助火发疮,text_found_at_other_position
790,37,禁忌,224,229,诸病人勿食,text_found_at_other_position
790,38,食材,231,233,银鱼,text_found_at_other_position
790,39,食材,235,238,磐残鱼,text_found_at_other_position
790,40,食性,241,242,平,text_found_at_other_position
790,41,食味,240,241,甘,text_found_at_other_position
790,42,功效,243,246,养胃阴,text_found_at_other_position
790,43,功效,247,250,和经脉,text_found_at_other_position
790,44,食材,261,263,蠡鱼,text_found_at_other_position
790,45,食材,265,267,黑鳢,text_found_at_other_position
790,46,食材,272,274,鸟鳢,text_found_at_other_position
790,47,食材,278,280,黑鱼,text_found_at_other_position
790,48,食材,282,285,七星鱼,text_found_at_other_position
790,49,食性,288,289,寒,text_found_at_other_position
790,50,食味,287,288,甘,text_found_at_other_position
790,51,功效,290,292,行水,text_found_at_other_position
790,52,功效,294,297,化湿,entity_text_not_found_in_current_passage
790,53,功效,298,300,祛风,text_found_at_other_position
790,54,功效,302,304,稀瘟,text_found_at_other_position
790,55,功效,305,307,愈疮,text_found_at_other_position
790,56,功效,308,313,下大腹水肿,text_found_at_other_position
790,57,病症,314,316,脚气,text_found_at_other_position
790,58,功效,317,319,逋肠,text_found_at_other_position
790,59,功效,320,322,疔痔,text_found_at_other_position
790,60,病症,324,331,妊娠有水肤殍,entity_text_not_found_in_current_passage
790,61,功效,346,348,稀痘,text_found_at_other_position
790,62,烹饪方法,25,26,煮,text_found_at_other_position
790,63,食材,356,358,黑鱼,text_found_at_other_position
790,64,烹饪方法,361,363,煮汤,text_found_at_other_position
790,65,病症,390,394,水气垂死,text_found_at_other_position
790,66,病症,395,399,肠痔下血,text_found_at_other_position
790,67,食材,401,403,黑鱼,text_found_at_other_position
790,68,食材,412,414,冬瓜,text_found_at_other_position
790,69,食材,415,417,葱白,text_found_at_other_position
790,70,烹饪方法,15,17,作羹,text_found_at_other_position
790,71,病症,421,425,偏正头风,text_found_at_other_position
790,72,食材,426,430,陈黑鱼头,text_found_at_other_position
790,73,烹饪方法,431,433,煎汤,text_found_at_other_position
790,74,食材,442,444,鲟鱼,text_found_at_other_position
790,75,食性,447,448,温,text_found_at_other_position
790,76,食味,446,447,甘,text_found_at_other_position
790,77,功效,449,451,补冒,text_found_at_other_position
790,78,功效,452,454,活血,text_found_at_other_position
790,79,功效,455,457,通淋,text_found_at_other_position
790,80,禁忌,458,462,多食发疥,text_found_at_other_position
790,81,禁忌,463,465,思癞,text_found_at_other_position
790,82,食材,500,502,鳇鱼,text_found_at_other_position
790,83,食材,351,352,黄,text_found_at_other_position
790,84,食材,508,509,鳆,text_found_at_other_position
790,85,食材,517,519,蜡鱼,text_found_at_other_position
790,86,食材,523,526,玉版鱼,text_found_at_other_position
790,87,食性,529,530,温,text_found_at_other_position
790,88,食味,528,529,甘,text_found_at_other_position
790,89,功效,535,539,令人肥腱,text_found_at_other_position
790,90,禁忌,541,545,多食难化,text_found_at_other_position
790,91,禁忌,546,548,发疥,text_found_at_other_position
790,92,禁忌,549,551,生痰,text_found_at_other_position
790,93,禁忌,562,565,反荆芥,text_found_at_other_position
791,1,食材,0,2,丁香,exact_match
791,2,食性,3,5,辛温,exact_match
791,3,功效,6,8,暖胃,exact_match
791,4,功效,9,11,去湿,exact_match
791,5,功效,12,14,散寒,exact_match
791,6,功效,15,17,辟恶,exact_match
791,7,功效,18,20,杀虫,exact_match
791,8,功效,22,24,消痞,text_found_at_other_position
791,9,功效,25,27,解秽,text_found_at_other_position
791,10,病症,30,32,冷痢,text_found_at_other_position
791,11,病症,34,36,冷痛,text_found_at_other_position
791,12,病症,37,40,痄箧哕,text_found_at_other_position
791,13,功效,42,45,补虚阳,text_found_at_other_position
791,14,功效,46,49,制酒肉,text_found_at_other_position
791,15,病症,66,68,口臭,text_found_at_other_position
791,16,食材,92,94,川椒,text_found_at_other_position
791,17,病症,107,111,过食蟹,entity_text_not_found_in_current_passage
791,18,病症,112,113,蚌,text_found_at_other_position
791,19,病症,114,118,瓜果致病,text_found_at_other_position
791,20,病症,130,134,乳头裂破,text_found_at_other_position
791,21,病症,145,149,痈疽恶肉,text_found_at_other_position
791,22,病症,157,159,阴冷,text_found_at_other_position
791,23,食材,160,163,母丁香,text_found_at_other_position
791,24,病症,179,181,反胃,text_found_at_other_position
791,25,食材,190,193,盐梅肉,text_found_at_other_position
791,26,病症,204,208,胃寒吐泻,text_found_at_other_position
791,27,食材,213,215,橘红,text_found_at_other_position
791,28,食材,232,234,桂皮,text_found_at_other_position
791,29,食性,411,413,辛温,text_found_at_other_position
791,30,功效,243,245,下气,text_found_at_other_position
791,31,功效,252,254,去风,text_found_at_other_position
791,32,功效,255,260,杀虫止痛,entity_text_not_found_in_current_passage
791,33,病症,273,277,血虚内热,text_found_at_other_position
791,34,食材,288,290,桂花,text_found_at_other_position
791,35,食性,460,462,辛温,text_found_at_other_position
791,36,功效,295,297,辟臭,text_found_at_other_position
791,37,功效,301,303,化痰,text_found_at_other_position
791,38,烹饪方法,304,306,蒸露,text_found_at_other_position
791,39,烹饪方法,307,309,浸酒,text_found_at_other_position
791,40,烹饪方法,311,313,盐渍,text_found_at_other_position
791,41,烹饪方法,314,316,糟收,text_found_at_other_position
791,42,烹饪方法,318,320,造点,text_found_at_other_position
791,43,烹饪方法,321,323,作馅,text_found_at_other_position
791,44,食材,340,342,松花,text_found_at_other_position
791,45,食材,355,358,白沙糖,text_found_at_other_position
791,46,烹饪方法,358,361,作糕饵,text_found_at_other_position
791,47,功效,374,378,养血息风,text_found_at_other_position
791,48,禁忌,379,385,多食亦能助热,text_found_at_other_position
791,49,病症,389,391,泻痢,text_found_at_other_position
791,50,食材,400,402,椿芽,text_found_at_other_position
791,51,功效,414,416,祛风,text_found_at_other_position
791,52,功效,417,419,解毒,text_found_at_other_position
791,53,烹饪方法,428,434,瀹熟腌焙为脯,text_found_at_other_position
791,54,禁忌,440,446,多食壅气动风,text_found_at_other_position
791,55,食材,455,458,玫瑰花,text_found_at_other_position
791,56,功效,463,465,调中,text_found_at_other_position
791,57,功效,466,468,活血,text_found_at_other_position
791,58,功效,470,473,舒郁结,text_found_at_other_position
791,59,功效,80,82,辟秽,text_found_at_other_position
791,60,功效,477,479,和肝,text_found_at_other_position
791,61,烹饪方法,480,482,蒸露,text_found_at_other_position
791,62,烹饪方法,483,485,熏茶,text_found_at_other_position
791,63,烹饪方法,486,487,糖,text_found_at_other_position
791,64,烹饪方法,488,490,作馅,text_found_at_other_position
791,65,烹饪方法,496,500,烘粉悦颜,text_found_at_other_position
791,66,烹饪方法,501,503,酿酒,text_found_at_other_position
791,67,食材,513,516,茉莉花,text_found_at_other_position
791,68,功效,522,526,和中下气,text_found_at_other_position
791,69,功效,527,530,辟秽浊,text_found_at_other_position
791,70,病症,532,536,下痢腹痛,text_found_at_other_position
791,71,烹饪方法,541,543,蒸露,text_found_at_other_position
791,72,食材,550,553,珍珠兰,text_found_at_other_position
791,73,食材,557,560,甜菊花,text_found_at_other_position
791,74,功效,574,577,消疔肿,text_found_at_other_position
791,75,烹饪方法,578,580,点茶,text_found_at_other_position
791,76,烹饪方法,581,583,蒸露,text_found_at_other_position
791,77,烹饪方法,585,587,酿酒,text_found_at_other_position
791,78,禁忌,591,595,苦者勿用,text_found_at_other_position
791,79,食材,599,602,野蔷薇,text_found_at_other_position
791,80,病症,621,623,头风,text_found_at_other_position
791,81,食材,630,633,甘菊花,text_found_at_other_position
791,82,病症,639,643,疔肿垂死,text_found_at_other_position
792,1,医家,8,11,王士雄,text_found_at_other_position
792,2,古籍来源,59,68,《随息居饮食谱》,entity_text_not_found_in_current_passage
792,3,古籍来源,740,745,《医砭》,entity_text_not_found_in_current_passage
792,4,古籍来源,749,755,《愿体医话》,text_found_at_other_position
792,5,古籍来源,761,767,《女科辑要》,text_found_at_other_position
792,6,古籍来源,772,779,《音医述评》,entity_text_not_found_in_current_passage
792,7,古籍来源,784,790,《柳州医话》,text_found_at_other_position
793,1,病症,0,2,水胀,exact_match
793,2,病症,3,5,久猁,exact_match
793,3,食材,21,23,獾肉,exact_match
793,4,功效,40,43,杀蛸虫,exact_match
793,5,病症,44,46,蓣搜,exact_match
793,6,病症,47,49,疳臌,exact_match
793,7,食材,57,59,狼肉,exact_match
793,8,食性,61,63,咸温,text_found_at_other_position
793,9,功效,64,67,补丘肫,text_found_at_other_position
793,10,功效,68,71,御风寒,text_found_at_other_position
793,11,功效,73,77,暖胃摩肠,text_found_at_other_position
793,12,功效,78,82,壮阳填髓,text_found_at_other_position
793,13,食材,85,87,其脂,text_found_at_other_position
793,14,功效,88,90,润燥,text_found_at_other_position
793,15,病症,92,95,诸恶疮,text_found_at_other_position
793,16,禁忌,99,103,食狼去肠,text_found_at_other_position
793,17,病症,106,110,腹有冷积,text_found_at_other_position
793,18,禁忌,114,121,阴箧内热人忌食,text_found_at_other_position
793,19,古籍来源,150,152,食疗,text_found_at_other_position
793,20,禁忌,156,161,食貅令人瘦,text_found_at_other_position
793,21,食材,163,165,兔肉,text_found_at_other_position
793,22,食性,167,169,甘冷,text_found_at_other_position
793,23,功效,170,172,凉血,text_found_at_other_position
793,24,功效,173,175,祛遢,text_found_at_other_position
793,25,功效,176,178,疗疮,text_found_at_other_position
793,26,功效,179,182,解热毒,text_found_at_other_position
793,27,功效,184,187,利长肠,text_found_at_other_position
793,28,禁忌,189,193,多食元附,text_found_at_other_position
793,29,病症,194,198,令人痿黄,text_found_at_other_position
793,30,禁忌,199,205,冬坌后癸耿分,text_found_at_other_position
793,31,禁忌,206,212,食之伤人忡气,text_found_at_other_position
793,32,禁忌,213,222,孕妇及阳虚者尤忌,entity_text_not_found_in_current_passage
793,33,禁忌,223,229,兔死而眼合者,text_found_at_other_position
793,34,禁忌,231,235,误食杀人,text_found_at_other_position
793,35,食材,237,240,水獭肉,text_found_at_other_position
793,36,食性,241,244,甘咸凉,text_found_at_other_position
793,37,功效,251,254,理肾蒸,text_found_at_other_position
793,38,功效,256,260,下水通经,text_found_at_other_position
793,39,功效,261,264,祛毒风,text_found_at_other_position
793,40,功效,265,270,利大小便,entity_text_not_found_in_current_passage
793,41,禁忌,272,279,多食消男子阴气,text_found_at_other_position
793,42,食材,281,283,其肝,text_found_at_other_position
793,43,食性,283,285,性热,text_found_at_other_position
793,44,功效,286,288,辟蛊,text_found_at_other_position
793,45,功效,288,290,杀虫,text_found_at_other_position
793,46,功效,291,294,朴产虚,text_found_at_other_position
793,47,功效,295,298,已劳嗽,text_found_at_other_position
793,48,功效,299,304,治传尸鬼疰,text_found_at_other_position
793,49,病症,305,310,鱼骨鲠喉,entity_text_not_found_in_current_passage
793,50,病症,311,315,疟久不瘳,text_found_at_other_position
793,51,病症,316,320,心腹积聚,text_found_at_other_position
793,52,病症,321,325,肠痔下血,text_found_at_other_position
793,53,病症,326,330,寒疝攻疼,text_found_at_other_position
793,54,食材,332,334,其爪,text_found_at_other_position
793,55,功效,334,336,搔喉,text_found_at_other_position
793,56,功效,338,341,洽骨鲠,text_found_at_other_position
793,57,食材,342,344,猬肉,text_found_at_other_position
793,58,食性,350,352,甘平,text_found_at_other_position
793,59,功效,353,355,下气,text_found_at_other_position
793,60,功效,356,358,杀虫,text_found_at_other_position
793,61,功效,359,362,治反胃,text_found_at_other_position
793,62,功效,363,365,痔漏,text_found_at_other_position
793,63,禁忌,376,382,误食令人瘦劣,text_found_at_other_position
793,64,食材,385,387,其皮,text_found_at_other_position
793,65,烹饪方法,387,390,煅研服,text_found_at_other_position
793,66,功效,391,396,治遗精甚效,text_found_at_other_position
793,67,食材,429,430,鸡,text_found_at_other_position
793,68,食性,432,434,甘温,text_found_at_other_position
793,69,功效,435,437,补虚,text_found_at_other_position
793,70,功效,438,440,暖胄,text_found_at_other_position
793,71,功效,441,444,强筋骨,text_found_at_other_position
793,72,功效,445,448,续绝伤,text_found_at_other_position
793,73,功效,449,453,活血调经,text_found_at_other_position
793,74,功效,459,462,止崩带,text_found_at_other_position
793,75,功效,464,469,节小便频数,text_found_at_other_position
793,76,功效,471,476,主娩后箧羸,text_found_at_other_position
793,77,食材,489,493,肥大雌鸡,text_found_at_other_position
793,78,食材,497,500,老雌鸡,text_found_at_other_position
793,79,烹饪方法,501,503,熬汁,text_found_at_other_position
793,80,食材,506,509,乌骨鸦,text_found_at_other_position
793,81,功效,509,513,滋补功优,text_found_at_other_position
793,82,禁忌,515,519,多食生热,text_found_at_other_position
793,83,禁忌,520,522,动风,text_found_at_other_position
793,84,病症,524,528,时感前后,text_found_at_other_position
793,85,病症,529,532,痘疹后,text_found_at_other_position
793,86,病症,533,536,疮疡后,text_found_at_other_position
793,87,病症,537,541,狯痢疳疸,text_found_at_other_position
793,88,病症,543,547,肝气月疾,text_found_at_other_position
793,89,病症,548,550,喉证,text_found_at_other_position
793,90,病症,551,553,脚气,text_found_at_other_position
793,91,病症,554,557,诸风病,text_found_at_other_position
793,92,禁忌,558,561,皆忌之,text_found_at_other_position
793,93,禁忌,563,566,末骟者,text_found_at_other_position
793,94,禁忌,567,571,愈老愈毒,text_found_at_other_position
793,95,禁忌,572,578,诸病均不可食,text_found_at_other_position
793,96,食材,584,587,丹雄鸡,text_found_at_other_position
793,97,功效,580,582,辟邪,text_found_at_other_position
794,1,食材,10,12,牛肉,exact_match
794,2,食材,99,101,马肉,text_found_at_other_position
794,3,食味,102,103,辛,text_found_at_other_position
794,4,食味,103,104,苦,text_found_at_other_position
794,5,食性,104,105,冷,text_found_at_other_position
794,6,食材,110,112,杏仁,text_found_at_other_position
794,7,食材,114,117,芦根汁,text_found_at_other_position
794,8,食材,121,122,肝,text_found_at_other_position
794,9,食材,130,132,驯肉,text_found_at_other_position
794,10,食味,133,134,酸,text_found_at_other_position
794,11,食性,134,135,平,text_found_at_other_position
794,12,食材,143,144,芥,text_found_at_other_position
794,13,食材,151,153,骡肉,text_found_at_other_position
794,14,食味,154,155,辛,text_found_at_other_position
794,15,食味,155,156,苦,text_found_at_other_position
794,16,食性,156,157,温,text_found_at_other_position
794,17,病症,165,167,难产,text_found_at_other_position
794,18,食材,169,172,野猪肉,text_found_at_other_position
794,19,食味,173,174,甘,text_found_at_other_position
794,20,食性,174,175,平,text_found_at_other_position
794,21,功效,176,179,补五脏,text_found_at_other_position
794,22,功效,180,183,润肌肤,text_found_at_other_position
794,23,病症,185,187,颠痫,text_found_at_other_position
794,24,病症,188,190,肠风,text_found_at_other_position
794,25,病症,191,193,痔血,text_found_at_other_position
794,26,禁忌,194,201,禁忌与猎肉同,entity_text_not_found_in_current_passage
794,27,食材,203,205,蹄爪,text_found_at_other_position
794,28,病症,212,216,痈疽不敛,text_found_at_other_position
794,29,病症,217,221,多年潺疮,text_found_at_other_position
794,30,烹饪方法,222,223,煨,text_found_at_other_position
794,31,食材,228,229,脂,text_found_at_other_position
794,32,烹饪方法,232,233,炼,text_found_at_other_position
794,33,烹饪方法,234,236,收藏,text_found_at_other_position
794,34,功效,237,240,和酒服,text_found_at_other_position
794,35,功效,241,246,令妇人多乳,text_found_at_other_position
794,36,病症,258,261,素无乳,text_found_at_other_position
794,37,功效,267,270,狳肿毒,text_found_at_other_position
794,38,病症,271,273,疥癣,text_found_at_other_position
794,39,食材,275,278,熹猜肉,text_found_at_other_position
794,40,食材,281,283,箭猪,text_found_at_other_position
794,41,食味,285,286,甘,text_found_at_other_position
794,42,食性,287,288,寒,text_found_at_other_position
794,43,功效,292,296,多膏潸肠,text_found_at_other_position
794,44,功效,298,301,发风虚,text_found_at_other_position
794,45,禁忌,302,307,阿可多食,entity_text_not_found_in_current_passage
794,46,食材,309,311,虎肉,text_found_at_other_position
794,47,食味,312,313,酸,text_found_at_other_position
794,48,食味,313,314,咸,text_found_at_other_position
794,49,食性,314,315,邋,text_found_at_other_position
794,50,烹饪方法,325,326,腌,text_found_at_other_position
794,51,功效,328,331,补脾胃,text_found_at_other_position
794,52,功效,332,335,益气力,text_found_at_other_position
794,53,功效,336,342,止多唾菁呕区,text_found_at_other_position
794,54,功效,343,348,辟精魅鬼疟,text_found_at_other_position
794,55,食材,358,359,脂,text_found_at_other_position
794,56,病症,360,362,反胄,text_found_at_other_position
794,57,病症,364,367,白秃,entity_text_not_found_in_current_passage
794,58,病症,368,370,拣疮,text_found_at_other_position
794,59,病症,371,373,痔疮,text_found_at_other_position
794,60,病症,374,377,狗皎疮,text_found_at_other_position
794,61,食材,379,381,豹肉,text_found_at_other_position
794,62,食味,382,383,酸,text_found_at_other_position
794,63,食性,383,384,温,text_found_at_other_position
794,64,功效,385,388,安五脏,text_found_at_other_position
794,65,功效,389,392,补绝份,text_found_at_other_position
794,66,功效,394,397,御风寒,text_found_at_other_position
794,67,功效,399,402,辟鬼魅,text_found_at_other_position
794,68,功效,403,406,壮觞骨,text_found_at_other_position
794,69,功效,408,411,强健人,text_found_at_other_position
794,70,食材,413,415,熊肉,text_found_at_other_position
794,71,食味,417,418,甘,text_found_at_other_position
794,72,食性,418,419,湿,text_found_at_other_position
794,73,功效,420,423,补盥损,text_found_at_other_position
794,74,功效,424,427,杀劳虫,text_found_at_other_position
794,75,功效,428,431,治风痹,text_found_at_other_position
794,76,病症,432,436,筋骨不仁,text_found_at_other_position
794,77,禁忌,438,444,有锢疾者忌食,text_found_at_other_position
794,78,食材,447,448,蹯,text_found_at_other_position
794,79,食材,451,453,熊掌,text_found_at_other_position
794,80,功效,455,458,益气力,text_found_at_other_position
794,81,功效,459,462,御风褰,text_found_at_other_position
794,82,烹饪方法,496,497,煮,text_found_at_other_position
794,83,食材,522,525,背上脂,text_found_at_other_position
794,84,食材,533,535,熊臼,text_found_at_other_position
794,85,食材,547,548,胆,text_found_at_other_position
794,86,病症,552,554,疔疽,text_found_at_other_position
794,87,病症,555,557,去翳,text_found_at_other_position
794,88,病症,558,560,息惊,text_found_at_other_position
794,89,食材,566,568,象肉,text_found_at_other_position
794,90,食味,570,571,甘,text_found_at_other_position
794,91,食性,571,572,平,text_found_at_other_position
794,92,功效,573,576,不益人,text_found_at_other_position
794,93,禁忌,577,582,多食则体重,text_found_at_other_position
794,94,烹饪方法,583,586,潦汁饮,text_found_at_other_position
794,95,功效,587,590,通小便,text_found_at_other_position
794,96,烹饪方法,593,595,煅灰,text_found_at_other_position
796,1,食材,0,2,槟榔,exact_match
796,2,食性,6,7,温,text_found_at_other_position
796,3,食味,7,8,涩,text_found_at_other_position
796,4,功效,12,14,消痰,text_found_at_other_position
796,5,功效,15,17,辟獐,text_found_at_other_position
796,6,功效,17,19,杀虫,text_found_at_other_position
796,7,功效,20,24,析醒化食,text_found_at_other_position
796,8,功效,25,30,除胀泻满,entity_text_not_found_in_current_passage
796,9,功效,31,35,宣滞破坚,text_found_at_other_position
796,10,功效,41,45,通肠遂水,text_found_at_other_position
796,11,功效,46,51,制肥甘之毒,text_found_at_other_position
796,12,功效,79,81,坚齿,text_found_at_other_position
796,13,功效,83,87,解口气,entity_text_not_found_in_current_passage
796,14,食材,140,143,无花果,text_found_at_other_position
796,15,食性,164,165,寒,text_found_at_other_position
796,16,食味,108,109,甘,text_found_at_other_position
796,17,功效,153,155,润肠,text_found_at_other_position
796,18,功效,157,161,上利咽喉,text_found_at_other_position
796,19,食材,169,171,蒲桃,text_found_at_other_position
796,20,食性,109,110,平,text_found_at_other_position
796,21,食味,144,145,甘,text_found_at_other_position
796,22,功效,175,177,补气,text_found_at_other_position
796,23,功效,178,181,滋肾液,text_found_at_other_position
796,24,功效,182,185,益肝阴,text_found_at_other_position
796,25,功效,186,190,养胃耐饥,text_found_at_other_position
796,26,功效,193,196,御风褰,text_found_at_other_position
796,27,功效,201,205,通淋逶水,text_found_at_other_position
796,28,病症,249,253,胎匕冲心,text_found_at_other_position
796,29,食疗方,254,258,蒲桃煎汤,text_found_at_other_position
796,30,食材,263,265,藤叶,text_found_at_other_position
796,31,病症,268,270,呕哕,text_found_at_other_position
796,32,病症,271,273,罨乱,text_found_at_other_position
796,33,病症,274,277,溺闭,entity_text_not_found_in_current_passage
796,34,病症,278,282,小肠气痈,text_found_at_other_position
796,35,烹饪方法,289,290,煎,text_found_at_other_position
796,36,烹饪方法,296,298,淋冼,text_found_at_other_position
796,37,病症,298,302,腰脚腿痛,text_found_at_other_position
796,38,食材,412,415,落花生,text_found_at_other_position
796,39,食材,418,421,长生果,text_found_at_other_position
796,40,烹饪方法,423,424,煮,text_found_at_other_position
796,41,食性,173,174,平,text_found_at_other_position
796,42,食味,172,173,甘,text_found_at_other_position
796,43,功效,428,430,润肺,text_found_at_other_position
796,44,功效,431,433,解毒,text_found_at_other_position
796,45,功效,434,436,化痰,text_found_at_other_position
796,46,烹饪方法,437,438,炒,text_found_at_other_position
796,47,食性,441,442,温,text_found_at_other_position
796,48,食味,227,228,甘,text_found_at_other_position
796,49,功效,443,447,养胃调气,text_found_at_other_position
796,50,功效,448,450,耐饥,text_found_at_other_position
796,51,食材,479,481,西瓜,text_found_at_other_position
796,52,食性,484,485,寒,text_found_at_other_position
796,53,食味,425,426,甘,text_found_at_other_position
796,54,功效,486,489,清肺胃,text_found_at_other_position
796,55,功效,490,493,解暑热,text_found_at_other_position
796,56,功效,495,499,除烦止渴,text_found_at_other_position
796,57,功效,500,504,醒酒凉菅,text_found_at_other_position
796,58,功效,505,509,疗喉痹,entity_text_not_found_in_current_passage
796,59,病症,510,512,口疮,text_found_at_other_position
796,60,功效,513,516,治火毒,text_found_at_other_position
796,61,病症,517,519,时证,text_found_at_other_position
796,62,病症,521,525,霍乱泻痢,text_found_at_other_position
796,63,禁忌,564,570,多食积寒助湿,text_found_at_other_position
796,64,病症,573,575,秋病,text_found_at_other_position
796,65,病症,596,600,食瓜腹胀,text_found_at_other_position
796,66,食材,603,607,冬腌干莱,text_found_at_other_position
796,67,烹饪方法,607,609,瀹汤,text_found_at_other_position
796,68,食材,631,633,瓜肉,text_found_at_other_position
796,69,烹饪方法,634,637,曝乾腌,text_found_at_other_position
796,70,烹饪方法,641,643,酱渍,text_found_at_other_position
796,71,功效,652,655,已目赤,text_found_at_other_position
796,72,病症,656,658,口疮,text_found_at_other_position
796,73,食材,672,676,西瓜翠衣,text_found_at_other_position
796,74,功效,681,683,涤暑,text_found_at_other_position
798,1,食材,10,13,籁猪肉,exact_match
798,2,食味,19,20,甘,exact_match
798,3,食味,20,21,咸,exact_match
798,4,功效,23,26,补肾液,exact_match
798,5,功效,28,31,充胃汁,exact_match
798,6,功效,32,35,滋肝阴,exact_match
798,7,功效,36,40,润肌肤,entity_text_not_found_in_current_passage
798,8,功效,41,44,利二便,exact_match
798,9,功效,45,48,止消渴,exact_match
798,10,功效,49,52,起挺羸,exact_match
798,11,食材,57,59,花猪,exact_match
798,12,烹饪方法,97,98,蒸,exact_match
798,13,食材,93,95,糠霜,exact_match
798,14,功效,109,111,补益,exact_match
798,15,食材,119,120,豚,exact_match
798,16,食材,125,127,蹄肘,exact_match
798,17,烹饪方法,140,142,煨化,exact_match
798,18,禁忌,181,186,多食助湿热,exact_match
798,19,禁忌,187,190,酿痰饮,exact_match
798,20,禁忌,191,194,招外感,exact_match
798,21,禁忌,195,198,昏神智,exact_match
798,22,禁忌,201,205,令人鄙俗,text_found_at_other_position
798,23,养生原则,227,232,勿使胜食气,text_found_at_other_position
798,24,食材,239,240,肉,text_found_at_other_position
798,25,病症,335,337,外感,text_found_at_other_position
798,26,病症,338,340,哮嗽,text_found_at_other_position
798,27,病症,341,343,疟痢,text_found_at_other_position
798,28,病症,343,345,痧疝,text_found_at_other_position
798,29,病症,349,351,胀满,text_found_at_other_position
798,30,病症,352,354,脚气,text_found_at_other_position
798,31,病症,355,357,时毒,text_found_at_other_position
798,32,病症,358,360,喉痹,text_found_at_other_position
798,33,病症,365,367,疔痈,text_found_at_other_position
798,34,禁忌,370,373,切总之,text_found_at_other_position
798,35,禁忌,374,379,其头肉尤总,text_found_at_other_position
798,36,病症,392,394,痧痘,text_found_at_other_position
798,37,病症,395,397,时病,text_found_at_other_position
798,38,禁忌,399,406,须过弥月始可食,text_found_at_other_position
798,39,食材,408,412,新鲜之肉,text_found_at_other_position
798,40,古籍来源,415,419,《论语》,text_found_at_other_position
798,41,食材,436,437,鲜,text_found_at_other_position
798,42,食材,73,74,腥,exact_match
798,43,食材,479,482,猥猪肉,text_found_at_other_position
798,44,食材,483,487,娄猪肉,entity_text_not_found_in_current_passage
798,45,食材,499,502,瘟猪肉,text_found_at_other_position
798,46,禁忌,504,506,有毒,text_found_at_other_position
798,47,禁忌,509,515,虽平人亦忌之,text_found_at_other_position
798,48,食材,522,525,芭蕉根,text_found_at_other_position
798,49,病症,530,534,小儿火丹,text_found_at_other_position
798,50,病症,535,539,打饬青肿,text_found_at_other_position
798,51,病症,540,543,破伤风,text_found_at_other_position
798,52,食材,546,550,新宰猪肉,text_found_at_other_position
798,53,烹饪方法,553,555,片贴,text_found_at_other_position
798,54,病症,560,564,液干难产,text_found_at_other_position
798,55,病症,565,569,津枯血夺,text_found_at_other_position
798,56,病症,570,574,火灼燥渴,text_found_at_other_position
798,57,病症,575,577,乾嗽,text_found_at_other_position
798,58,病症,578,580,便秘,text_found_at_other_position
798,59,食材,583,585,猜肉,text_found_at_other_position
798,60,烹饪方法,585,588,煮汤,entity_text_not_found_in_current_passage
798,61,食材,595,597,猪皮,text_found_at_other_position
798,62,食材,602,605,干肉皮,text_found_at_other_position
798,63,烹饪方法,605,607,煮熟,text_found_at_other_position
798,64,烹饪方法,608,611,刮去油,text_found_at_other_position
798,65,烹饪方法,612,616,刨为簿片,text_found_at_other_position
798,66,烹饪方法,617,619,暴燥,text_found_at_other_position
798,67,食材,628,630,肉酢,text_found_at_other_position
798,68,烹饪方法,642,643,浸,text_found_at_other_position
798,69,食材,645,647,麻油,text_found_at_other_position
798,70,食材,647,649,盐料,text_found_at_other_position
798,71,烹饪方法,649,651,拌食,text_found_at_other_position
798,72,食材,662,664,猪肤,text_found_at_other_position
798,73,食味,251,252,甘,text_found_at_other_position
798,74,功效,667,670,清虑热,text_found_at_other_position
798,75,功效,670,673,治下痢,text_found_at_other_position
798,76,病症,674,676,心烦,text_found_at_other_position
798,77,病症,677,679,咽痛,text_found_at_other_position
